"CTY","JJJ","Val"
"AFG","jbeef",-0.55
"AFG","jpork",-0.69
"AFG","jlamb",-0.55
"AFG","jpoul",-0.19
"AFG","jeggs",-0.1
"AFG","jmilk",-0.41
"AFG","jmaiz",-0.07
"AFG","jrice",0.1
"AFG","jwhea",-0.01
"AFG","jbean",0.1305
"AFG","jchkp",0.1305
"AFG","jcowp",0.1305
"AFG","jlent",0.1305
"AFG","jpigp",0.1305
"AFG","jopul",0.1305
"AFG","jbana",0.15
"AFG","jplnt",0.15
"AFG","jsubf",0.15
"AFG","jtemf",0.15
"AFG","jvege",0.2
"AFG","jsugr",0.3
"AFG","jgrnd",0.1305
"AFG","jgdnt",0.1305
"AFG","jgdol",-0.06
"AFG","jrpol",-0.06
"AFG","jsbol",-0.06
"AFG","jsfol",-0.06
"AFG","jplol",-0.06
"AFG","jpkol",-0.06
"AFG","jtool",-0.06
"AFG","jcoco",0.15
"AFG","jcafe",0.15
"AFG","jcott",0.3619
"AFG","jteas",0.15
"AFG","jothr",0.1305
"AFG","Shrimp",-0.00434420446528135
"AFG","Crust",-0.00434420446528135
"AFG","Salmon",-0.00527913698536595
"AFG","Tuna",-0.00621406950545064
"AFG","Cobswf",-0.00668153576549294
"AFG","Eelstg",-0.00714900202553535
"AFG","Tilapia",-0.00761646828557765
"AFG","Pangas",-0.00808393454561995
"AFG","Carp",-0.00855140080566225
"AFG","Mullet",-0.00901886706570464
"AFG","OFrshD",-0.00948633332574694
"AFG","OCarp",-0.00995379958578924
"AFG","OPelag",-0.0104212658458316
"AFG","OMarn",-0.0108887321058739
"AGO","jbeef",0.24
"AGO","jeggs",0.09
"AGO","jmilk",-0.29
"AGO","jbarl",-0.2
"AGO","jmaiz",-0.2
"AGO","jmill",-0.2
"AGO","jrice",0.12
"AGO","jsorg",-0.2
"AGO","jwhea",-0.25
"AGO","jocer",-0.2
"AGO","jbean",-0.0522
"AGO","jchkp",-0.0522
"AGO","jcowp",-0.0522
"AGO","jlent",-0.0522
"AGO","jpigp",-0.0522
"AGO","jopul",-0.0522
"AGO","jbana",-0.07
"AGO","jplnt",-0.07
"AGO","jsubf",-0.07
"AGO","jtemf",-0.07
"AGO","jvege",-0.07
"AGO","jsugr",0.3
"AGO","jgrnd",-0.0522
"AGO","jgdnt",-0.0522
"AGO","jgdol",-0.07
"AGO","jgdml",-0.07
"AGO","jrpol",-0.07
"AGO","jrpml",-0.07
"AGO","jsbol",-0.07
"AGO","jsbml",-0.07
"AGO","jsfol",-0.07
"AGO","jsfml",-0.07
"AGO","jplol",-0.07
"AGO","jpkol",-0.07
"AGO","jpkml",-0.07
"AGO","jtool",-0.07
"AGO","jtoml",-0.07
"AGO","jcoco",-0.07
"AGO","jcafe",-0.07
"AGO","jcott",-0.1447
"AGO","jteas",-0.07
"AGO","jothr",-0.0522
"AGO","Shrimp",-0.162815266619631
"AGO","Crust",-0.162815266619631
"AGO","Salmon",-0.163750199139716
"AGO","Tuna",-0.1646851316598
"AGO","Cobswf",-0.165152597919843
"AGO","Eelstg",-0.165620064179885
"AGO","Tilapia",-0.166087530439927
"AGO","Pangas",-0.16655499669997
"AGO","Carp",-0.167022462960012
"AGO","Mullet",-0.167489929220054
"AGO","OFrshD",-0.167957395480097
"AGO","OCarp",-0.168424861740139
"AGO","OPelag",-0.168892328000181
"AGO","OMarn",-0.169359794260224
"ALB","jbeef",0.14
"ALB","jpork",0.1
"ALB","jlamb",0.06
"ALB","jpoul",0.21
"ALB","jeggs",0.44
"ALB","jmilk",0.29
"ALB","jwhea",0.02
"ALB","jgdol",-0.09
"ALB","jgdml",-0.09
"ALB","jrpol",-0.09
"ALB","jrpml",-0.09
"ALB","jsbol",-0.09
"ALB","jsbml",-0.09
"ALB","jsfol",-0.09
"ALB","jsfml",-0.09
"ALB","jplol",-0.09
"ALB","jpkol",-0.09
"ALB","jpkml",-0.09
"ALB","jtool",-0.09
"ALB","jtoml",-0.09
"ALB","Shrimp",-0.125885432076287
"ALB","Crust",-0.125885432076287
"ALB","Salmon",-0.126820364596372
"ALB","Tuna",-0.127755297116456
"ALB","Cobswf",-0.128222763376499
"ALB","Eelstg",-0.128690229636541
"ALB","Tilapia",-0.129157695896583
"ALB","Pangas",-0.129625162156626
"ALB","Carp",-0.130092628416668
"ALB","Mullet",-0.13056009467671
"ALB","OFrshD",-0.131027560936753
"ALB","OCarp",-0.131495027196795
"ALB","OPelag",-0.131962493456837
"ALB","OMarn",-0.13242995971688
"ARG","jbeef",0.07
"ARG","jpork",-0.01
"ARG","jpoul",-0.01
"ARG","jeggs",-0.01
"ARG","jmilk",-0.01
"ARG","jmaiz",0.05
"ARG","jwhea",0.04
"ARG","jbean",0.0895
"ARG","jchkp",0.0895
"ARG","jcowp",0.0895
"ARG","jlent",0.0895
"ARG","jpigp",0.0895
"ARG","jopul",0.0895
"ARG","jbana",0.12
"ARG","jplnt",0.12
"ARG","jsubf",0.12
"ARG","jtemf",0.12
"ARG","jvege",0.12
"ARG","jsugr",0.2
"ARG","jgrnd",0.0895
"ARG","jgdnt",0.0895
"ARG","jrpsd",0.01
"ARG","jrpnt",0.01
"ARG","jsoyb",0.01
"ARG","jsbnt",0.01
"ARG","jsnfl",0.01
"ARG","jsfnt",0.01
"ARG","jpalm",0.01
"ARG","jpkrl",0.01
"ARG","jtols",0.01
"ARG","jtont",0.01
"ARG","jcoco",0.12
"ARG","jcafe",0.12
"ARG","jcott",0.2481
"ARG","jteas",0.12
"ARG","jothr",0.0895
"ARG","Shrimp",-0.0884881312729009
"ARG","Crust",-0.0884881312729009
"ARG","Salmon",-0.089423063792985
"ARG","Tuna",-0.09035799631307
"ARG","Cobswf",-0.0908254625731119
"ARG","Eelstg",-0.091292928833155
"ARG","Tilapia",-0.0917603950931969
"ARG","Pangas",-0.092227861353239
"ARG","Carp",-0.0926953276132819
"ARG","Mullet",-0.093162793873324
"ARG","OFrshD",-0.093630260133366
"ARG","OCarp",-0.094097726393409
"ARG","OPelag",-0.094565192653451
"ARG","OMarn",-0.0950326589134929
"ARM","jbeef",0.39
"ARM","jpork",0.38
"ARM","jlamb",0.38
"ARM","jpoul",0.38
"ARM","jeggs",0.23
"ARM","jmilk",0.45
"ARM","jrice",-0.03
"ARM","jwhea",-0.15
"ARM","jgdol",-0.04
"ARM","jgdml",-0.04
"ARM","jrpol",-0.04
"ARM","jrpml",-0.04
"ARM","jsbol",-0.04
"ARM","jsbml",-0.04
"ARM","jsfol",-0.04
"ARM","jsfml",-0.04
"ARM","jplol",-0.04
"ARM","jpkol",-0.04
"ARM","jpkml",-0.04
"ARM","jtool",-0.04
"ARM","jtoml",-0.04
"ARM","Shrimp",-0.125885432076287
"ARM","Crust",-0.125885432076287
"ARM","Salmon",-0.126820364596372
"ARM","Tuna",-0.127755297116456
"ARM","Cobswf",-0.128222763376499
"ARM","Eelstg",-0.128690229636541
"ARM","Tilapia",-0.129157695896583
"ARM","Pangas",-0.129625162156626
"ARM","Carp",-0.130092628416668
"ARM","Mullet",-0.13056009467671
"ARM","OFrshD",-0.131027560936753
"ARM","OCarp",-0.131495027196795
"ARM","OPelag",-0.131962493456837
"ARM","OMarn",-0.13242995971688
"AUS","jmilk",0.000287194226509913
"AUS","jgdol",0.03
"AUS","jrpol",0.03
"AUS","jsbol",0.03
"AUS","jsfol",0.03
"AUS","jpkol",0.03
"AUS","jtool",0.03
"AUS","Shrimp",-0.181513917021324
"AUS","Crust",-0.181513917021324
"AUS","Salmon",-0.182448849541409
"AUS","Tuna",-0.183383782061494
"AUS","Cobswf",-0.183851248321536
"AUS","Eelstg",-0.184318714581578
"AUS","Tilapia",-0.184786180841621
"AUS","Pangas",-0.185253647101663
"AUS","Carp",-0.185721113361705
"AUS","Mullet",-0.186188579621748
"AUS","OFrshD",-0.18665604588179
"AUS","OCarp",-0.187123512141832
"AUS","OPelag",-0.187590978401875
"AUS","OMarn",-0.188058444661917
"AUT","jbeef",0.13197405604212
"AUT","jpork",0.01713498502693
"AUT","jlamb",0.14140443815786
"AUT","jpoul",0.40014588781909
"AUT","jeggs",0.00805424075428007
"AUT","jmilk",0.00859085347854993
"AUT","jbarl",7.15169784992753E-6
"AUT","jmaiz",7.69392840993532E-6
"AUT","jmill",0.58
"AUT","jrice",0.01071406139431
"AUT","jwhea",6.79887847621075E-6
"AUT","jocer",1.04671390899203E-5
"AUT","jpota",0.10451378489025
"AUT","jtemf",0.0698634573396599
"AUT","jsugc",0.00257735710249007
"AUT","jsugb",0.00257735710249007
"AUT","jsugr",0.00257735710249007
"AUT","jsugrc",0.00257735710249007
"AUT","jsugrb",0.00257735710249007
"AUT","jgdol",0.48
"AUT","jgdml",0.48
"AUT","jrpsd",0.000331113845019937
"AUT","jrpnt",0.000331113845019937
"AUT","jrpol",0.48
"AUT","jrpml",0.48
"AUT","jsoyb",0.000278732293869988
"AUT","jsbnt",0.000278732293869988
"AUT","jsbol",0.48
"AUT","jsbml",0.48
"AUT","jsnfl",0.000346721511260029
"AUT","jsfnt",0.000346721511260029
"AUT","jsfol",0.48
"AUT","jsfml",0.48
"AUT","jpalm",0.5
"AUT","jpkrl",0.5
"AUT","jpkol",0.48
"AUT","jpkml",0.48
"AUT","jtool",0.48
"AUT","jtoml",0.48
"AUT","Shrimp",-0.116536106875441
"AUT","Crust",-0.116536106875441
"AUT","Salmon",-0.117471039395525
"AUT","Tuna",-0.11840597191561
"AUT","Cobswf",-0.118873438175652
"AUT","Eelstg",-0.119340904435694
"AUT","Tilapia",-0.119808370695737
"AUT","Pangas",-0.120275836955779
"AUT","Carp",-0.120743303215821
"AUT","Mullet",-0.121210769475864
"AUT","OFrshD",-0.121678235735906
"AUT","OCarp",-0.122145701995948
"AUT","OPelag",-0.122613168255991
"AUT","OMarn",-0.123080634516033
"AZE","jbeef",0.39
"AZE","jpork",0.38
"AZE","jlamb",0.38
"AZE","jpoul",0.38
"AZE","jeggs",0.23
"AZE","jmilk",0.45
"AZE","jrice",-0.03
"AZE","jwhea",-0.15
"AZE","jgdol",-0.04
"AZE","jgdml",-0.04
"AZE","jrpol",-0.04
"AZE","jrpml",-0.04
"AZE","jsbol",-0.04
"AZE","jsbml",-0.04
"AZE","jsfol",-0.04
"AZE","jsfml",-0.04
"AZE","jplol",-0.04
"AZE","jpkol",-0.04
"AZE","jpkml",-0.04
"AZE","jtool",-0.04
"AZE","jtoml",-0.04
"AZE","Shrimp",-0.125885432076287
"AZE","Crust",-0.125885432076287
"AZE","Salmon",-0.126820364596372
"AZE","Tuna",-0.127755297116456
"AZE","Cobswf",-0.128222763376499
"AZE","Eelstg",-0.128690229636541
"AZE","Tilapia",-0.129157695896583
"AZE","Pangas",-0.129625162156626
"AZE","Carp",-0.130092628416668
"AZE","Mullet",-0.13056009467671
"AZE","OFrshD",-0.131027560936753
"AZE","OCarp",-0.131495027196795
"AZE","OPelag",-0.131962493456837
"AZE","OMarn",-0.13242995971688
"BDI","jbeef",0.5
"BDI","jpork",0.3
"BDI","jlamb",-0.5
"BDI","jpoul",0.3
"BDI","jeggs",0.1
"BDI","jmilk",-0.1
"BDI","jbarl",-0.06
"BDI","jmaiz",-0.06
"BDI","jmill",-0.06
"BDI","jrice",0.3
"BDI","jsorg",-0.06
"BDI","jwhea",-0.23
"BDI","jocer",-0.06
"BDI","jbean",-0.0969
"BDI","jchkp",-0.0969
"BDI","jcowp",-0.0969
"BDI","jlent",-0.0969
"BDI","jpigp",-0.0969
"BDI","jopul",-0.0969
"BDI","jbana",-0.13
"BDI","jplnt",-0.13
"BDI","jsubf",-0.13
"BDI","jtemf",-0.13
"BDI","jvege",-0.13
"BDI","jsugr",0.3
"BDI","jgrnd",-0.0969
"BDI","jgdnt",-0.0969
"BDI","jgdol",-0.07
"BDI","jgdml",-0.02
"BDI","jrpol",-0.07
"BDI","jrpml",-0.02
"BDI","jsbol",-0.07
"BDI","jsbml",-0.02
"BDI","jsfol",-0.07
"BDI","jsfml",-0.02
"BDI","jplol",-0.07
"BDI","jpkol",-0.07
"BDI","jpkml",-0.02
"BDI","jtool",-0.07
"BDI","jtoml",-0.02
"BDI","jcoco",-0.13
"BDI","jcafe",-0.13
"BDI","jcott",-0.2688
"BDI","jteas",-0.13
"BDI","jothr",-0.0969
"BDI","Shrimp",-0.172164591820478
"BDI","Crust",-0.172164591820478
"BDI","Salmon",-0.173099524340562
"BDI","Tuna",-0.174034456860647
"BDI","Cobswf",-0.174501923120689
"BDI","Eelstg",-0.174969389380732
"BDI","Tilapia",-0.175436855640774
"BDI","Pangas",-0.175904321900816
"BDI","Carp",-0.176371788160859
"BDI","Mullet",-0.176839254420901
"BDI","OFrshD",-0.177306720680943
"BDI","OCarp",-0.177774186940986
"BDI","OPelag",-0.178241653201028
"BDI","OMarn",-0.17870911946107
"BEN","jbeef",0.43
"BEN","jpork",0.28
"BEN","jlamb",0.28
"BEN","jpoul",0.1
"BEN","jeggs",0.1
"BEN","jbarl",-0.23
"BEN","jmaiz",-0.23
"BEN","jmill",-0.23
"BEN","jrice",0.41
"BEN","jsorg",-0.23
"BEN","jwhea",-0.2
"BEN","jocer",-0.23
"BEN","jbean",-0.0969
"BEN","jchkp",-0.0969
"BEN","jcowp",-0.0969
"BEN","jlent",-0.0969
"BEN","jpigp",-0.0969
"BEN","jopul",-0.0969
"BEN","jbana",-0.13
"BEN","jplnt",-0.13
"BEN","jsubf",-0.13
"BEN","jtemf",-0.13
"BEN","jvege",-0.13
"BEN","jsugr",0.3
"BEN","jgrnd",-0.0969
"BEN","jgdnt",-0.0969
"BEN","jgdol",-0.07
"BEN","jgdml",-0.07
"BEN","jrpol",-0.07
"BEN","jrpml",-0.07
"BEN","jsbol",-0.07
"BEN","jsbml",-0.07
"BEN","jsfol",-0.07
"BEN","jsfml",-0.07
"BEN","jplol",-0.07
"BEN","jpkol",-0.07
"BEN","jpkml",-0.07
"BEN","jtool",-0.07
"BEN","jtoml",-0.07
"BEN","jcoco",-0.13
"BEN","jcafe",-0.13
"BEN","jcott",-0.2688
"BEN","jteas",-0.13
"BEN","jothr",-0.0969
"BEN","Shrimp",-0.153465941418785
"BEN","Crust",-0.153465941418785
"BEN","Salmon",-0.154400873938869
"BEN","Tuna",-0.155335806458954
"BEN","Cobswf",-0.155803272718996
"BEN","Eelstg",-0.156270738979039
"BEN","Tilapia",-0.156738205239081
"BEN","Pangas",-0.157205671499123
"BEN","Carp",-0.157673137759166
"BEN","Mullet",-0.158140604019208
"BEN","OFrshD",-0.15860807027925
"BEN","OCarp",-0.159075536539293
"BEN","OPelag",-0.159543002799335
"BEN","OMarn",-0.160010469059377
"BFA","jbeef",0.28
"BFA","jpork",0.08
"BFA","jlamb",0.16
"BFA","jpoul",0.08
"BFA","jbarl",-0.17
"BFA","jmaiz",-0.17
"BFA","jmill",-0.17
"BFA","jrice",-0.34
"BFA","jsorg",-0.17
"BFA","jwhea",-0.29
"BFA","jocer",-0.17
"BFA","jbean",-0.1044
"BFA","jchkp",-0.1044
"BFA","jcowp",-0.1044
"BFA","jlent",-0.1044
"BFA","jpigp",-0.1044
"BFA","jopul",-0.1044
"BFA","jbana",-0.14
"BFA","jplnt",-0.14
"BFA","jsubf",-0.14
"BFA","jtemf",-0.14
"BFA","jvege",-0.14
"BFA","jsugr",0.3
"BFA","jgrnd",-0.1044
"BFA","jgdnt",-0.1044
"BFA","jgdol",-0.03
"BFA","jgdml",-0.03
"BFA","jrpol",-0.03
"BFA","jrpml",-0.03
"BFA","jsbol",-0.03
"BFA","jsbml",-0.03
"BFA","jsfol",-0.03
"BFA","jsfml",-0.03
"BFA","jplol",-0.03
"BFA","jpkol",-0.03
"BFA","jpkml",-0.03
"BFA","jtool",-0.03
"BFA","jtoml",-0.03
"BFA","jcoco",-0.14
"BFA","jcafe",-0.14
"BFA","jcott",-0.2895
"BFA","jteas",-0.14
"BFA","jothr",-0.1044
"BFA","Shrimp",-0.153465941418785
"BFA","Crust",-0.153465941418785
"BFA","Salmon",-0.154400873938869
"BFA","Tuna",-0.155335806458954
"BFA","Cobswf",-0.155803272718996
"BFA","Eelstg",-0.156270738979039
"BFA","Tilapia",-0.156738205239081
"BFA","Pangas",-0.157205671499123
"BFA","Carp",-0.157673137759166
"BFA","Mullet",-0.158140604019208
"BFA","OFrshD",-0.15860807027925
"BFA","OCarp",-0.159075536539293
"BFA","OPelag",-0.159543002799335
"BFA","OMarn",-0.160010469059377
"BGD","jmaiz",0.2
"BGD","jrice",0.2
"BGD","jwhea",-0.01
"BGD","jbean",0.0746
"BGD","jchkp",0.0746
"BGD","jcowp",0.0746
"BGD","jlent",0.0746
"BGD","jpigp",0.0746
"BGD","jopul",0.0746
"BGD","jbana",0.1
"BGD","jplnt",0.1
"BGD","jsubf",0.1
"BGD","jtemf",0.1
"BGD","jvege",0.1
"BGD","jsugr",0.3
"BGD","jgrnd",0.0746
"BGD","jgdnt",0.0746
"BGD","jgdol",-0.06
"BGD","jrpol",-0.06
"BGD","jsbol",-0.06
"BGD","jsfol",-0.06
"BGD","jplol",-0.06
"BGD","jpkol",-0.06
"BGD","jtool",-0.06
"BGD","jcoco",0.1
"BGD","jcafe",0.1
"BGD","jcott",0.2068
"BGD","jteas",0.1
"BGD","jothr",0.0746
"BGD","Shrimp",0.00500512073556526
"BGD","Crust",0.00500512073556526
"BGD","Salmon",0.00407018821548066
"BGD","Tuna",0.00313525569539596
"BGD","Cobswf",0.00266778943535366
"BGD","Eelstg",0.00220032317531126
"BGD","Tilapia",0.00173285691526896
"BGD","Pangas",0.00126539065522666
"BGD","Carp",0.000797924395184356
"BGD","Mullet",0.000330458135141952
"BGD","OFrshD",-0.000137008124900348
"BGD","OCarp",-0.000604474384942648
"BGD","OPelag",-0.00107194064498504
"BGD","OMarn",-0.00153940690502734
"BGR","jbeef",0.13197405604212
"BGR","jpork",0.01713498502693
"BGR","jlamb",0.14140443815786
"BGR","jpoul",0.40014588781909
"BGR","jeggs",0.00805424075428007
"BGR","jmilk",0.00859085347854993
"BGR","jbarl",7.15169784992753E-6
"BGR","jmaiz",7.69392840993532E-6
"BGR","jrice",0.01071406139431
"BGR","jwhea",6.79887847621075E-6
"BGR","jocer",1.04671390899203E-5
"BGR","jpota",0.10451378489025
"BGR","jtemf",0.0698634573396599
"BGR","jsugc",0.00257735710249007
"BGR","jsugb",0.00257735710249007
"BGR","jsugr",0.00257735710249007
"BGR","jsugrc",0.00257735710249007
"BGR","jsugrb",0.00257735710249007
"BGR","jgdol",-0.09
"BGR","jgdml",-0.09
"BGR","jrpsd",0.000331113845019937
"BGR","jrpnt",0.000331113845019937
"BGR","jrpol",-0.09
"BGR","jrpml",-0.09
"BGR","jsoyb",0.000278732293869988
"BGR","jsbnt",0.000278732293869988
"BGR","jsbol",-0.09
"BGR","jsbml",-0.09
"BGR","jsnfl",0.000346721511260029
"BGR","jsfnt",0.000346721511260029
"BGR","jsfol",-0.09
"BGR","jsfml",-0.09
"BGR","jpkol",-0.09
"BGR","jpkml",-0.09
"BGR","jtool",-0.09
"BGR","jtoml",-0.09
"BGR","Shrimp",-0.125885432076287
"BGR","Crust",-0.125885432076287
"BGR","Salmon",-0.126820364596372
"BGR","Tuna",-0.127755297116456
"BGR","Cobswf",-0.128222763376499
"BGR","Eelstg",-0.128690229636541
"BGR","Tilapia",-0.129157695896583
"BGR","Pangas",-0.129625162156626
"BGR","Carp",-0.130092628416668
"BGR","Mullet",-0.13056009467671
"BGR","OFrshD",-0.131027560936753
"BGR","OCarp",-0.131495027196795
"BGR","OPelag",-0.131962493456837
"BGR","OMarn",-0.13242995971688
"BLR","jbeef",0.39
"BLR","jpork",0.38
"BLR","jlamb",0.38
"BLR","jpoul",0.38
"BLR","jeggs",0.23
"BLR","jmilk",0.45
"BLR","jrice",-0.03
"BLR","jwhea",-0.15
"BLR","jgdol",-0.04
"BLR","jgdml",-0.04
"BLR","jrpol",-0.04
"BLR","jrpml",-0.04
"BLR","jsbol",-0.04
"BLR","jsbml",-0.04
"BLR","jsfol",-0.04
"BLR","jsfml",-0.04
"BLR","jplol",-0.04
"BLR","jpkol",-0.04
"BLR","jpkml",-0.04
"BLR","jtool",-0.04
"BLR","jtoml",-0.04
"BLR","Shrimp",-0.125885432076287
"BLR","Crust",-0.125885432076287
"BLR","Salmon",-0.126820364596372
"BLR","Tuna",-0.127755297116456
"BLR","Cobswf",-0.128222763376499
"BLR","Eelstg",-0.128690229636541
"BLR","Tilapia",-0.129157695896583
"BLR","Pangas",-0.129625162156626
"BLR","Carp",-0.130092628416668
"BLR","Mullet",-0.13056009467671
"BLR","OFrshD",-0.131027560936753
"BLR","OCarp",-0.131495027196795
"BLR","OPelag",-0.131962493456837
"BLR","OMarn",-0.13242995971688
"BLT","jbeef",0.39
"BLT","jpork",0.38
"BLT","jlamb",0.38
"BLT","jpoul",0.38
"BLT","jeggs",0.23
"BLT","jmilk",0.45
"BLT","jrice",-0.03
"BLT","jwhea",-0.15
"BLT","jgdol",-0.04
"BLT","jgdml",-0.04
"BLT","jrpol",-0.04
"BLT","jrpml",-0.04
"BLT","jsbol",-0.04
"BLT","jsbml",-0.04
"BLT","jsfol",-0.04
"BLT","jsfml",-0.04
"BLT","jplol",-0.04
"BLT","jpkol",-0.04
"BLT","jpkml",-0.04
"BLT","jtool",-0.04
"BLT","jtoml",-0.04
"BLT","Shrimp",-0.125885432076287
"BLT","Crust",-0.125885432076287
"BLT","Salmon",-0.126820364596372
"BLT","Tuna",-0.127755297116456
"BLT","Cobswf",-0.128222763376499
"BLT","Eelstg",-0.128690229636541
"BLT","Tilapia",-0.129157695896583
"BLT","Pangas",-0.129625162156626
"BLT","Carp",-0.130092628416668
"BLT","Mullet",-0.13056009467671
"BLT","OFrshD",-0.131027560936753
"BLT","OCarp",-0.131495027196795
"BLT","OPelag",-0.131962493456837
"BLT","OMarn",-0.13242995971688
"BLX","jbeef",0.13197405604212
"BLX","jpork",0.01713498502693
"BLX","jlamb",0.14140443815786
"BLX","jpoul",0.40014588781909
"BLX","jeggs",0.00805424075428007
"BLX","jmilk",0.00859085347854993
"BLX","jbarl",7.15169784992753E-6
"BLX","jmaiz",7.69392840993532E-6
"BLX","jmill",0.58
"BLX","jrice",0.01071406139431
"BLX","jwhea",6.79887847621075E-6
"BLX","jocer",1.04671390899203E-5
"BLX","jpota",0.10451378489025
"BLX","jtemf",0.0698634573396599
"BLX","jsugc",0.00257735710249007
"BLX","jsugb",0.00257735710249007
"BLX","jsugr",0.00257735710249007
"BLX","jsugrc",0.00257735710249007
"BLX","jsugrb",0.00257735710249007
"BLX","jgdol",0.48
"BLX","jgdml",0.48
"BLX","jrpsd",0.000331113845019937
"BLX","jrpnt",0.000331113845019937
"BLX","jrpol",0.48
"BLX","jrpml",0.48
"BLX","jsoyb",0.000278732293869988
"BLX","jsbnt",0.000278732293869988
"BLX","jsbol",0.48
"BLX","jsbml",0.48
"BLX","jsnfl",0.000346721511260029
"BLX","jsfnt",0.000346721511260029
"BLX","jsfol",0.48
"BLX","jsfml",0.48
"BLX","jpalm",0.5
"BLX","jpkrl",0.5
"BLX","jpkol",0.48
"BLX","jpkml",0.48
"BLX","jtool",0.48
"BLX","jtoml",0.48
"BLX","Shrimp",-0.116536106875441
"BLX","Crust",-0.116536106875441
"BLX","Salmon",-0.117471039395525
"BLX","Tuna",-0.11840597191561
"BLX","Cobswf",-0.118873438175652
"BLX","Eelstg",-0.119340904435694
"BLX","Tilapia",-0.119808370695737
"BLX","Pangas",-0.120275836955779
"BLX","Carp",-0.120743303215821
"BLX","Mullet",-0.121210769475864
"BLX","OFrshD",-0.121678235735906
"BLX","OCarp",-0.122145701995948
"BLX","OPelag",-0.122613168255991
"BLX","OMarn",-0.123080634516033
"BLZ","jbeef",-0.22
"BLZ","jpork",-0.07
"BLZ","jlamb",-0.09
"BLZ","jpoul",-0.07
"BLZ","jmilk",-0.42
"BLZ","jmaiz",-0.04
"BLZ","jrice",-0.01
"BLZ","jwhea",-0.45
"BLZ","jbean",0.1864
"BLZ","jchkp",0.1864
"BLZ","jcowp",0.1864
"BLZ","jlent",0.1864
"BLZ","jpigp",0.1864
"BLZ","jopul",0.1864
"BLZ","jbana",0.25
"BLZ","jplnt",0.25
"BLZ","jsubf",0.25
"BLZ","jtemf",0.25
"BLZ","jvege",0.25
"BLZ","jsugr",0.2
"BLZ","jgrnd",0.1864
"BLZ","jgdnt",0.1864
"BLZ","jgdol",0.28
"BLZ","jgdml",0.28
"BLZ","jrpsd",0.16
"BLZ","jrpnt",0.16
"BLZ","jrpol",0.28
"BLZ","jrpml",0.28
"BLZ","jsoyb",0.16
"BLZ","jsbnt",0.16
"BLZ","jsbol",0.28
"BLZ","jsbml",0.28
"BLZ","jsnfl",0.16
"BLZ","jsfnt",0.16
"BLZ","jsfol",0.28
"BLZ","jsfml",0.28
"BLZ","jpalm",0.16
"BLZ","jplol",0.28
"BLZ","jpkrl",0.16
"BLZ","jpkol",0.28
"BLZ","jpkml",0.28
"BLZ","jtols",0.16
"BLZ","jtont",0.16
"BLZ","jtool",0.28
"BLZ","jtoml",0.28
"BLZ","jcoco",0.25
"BLZ","jcafe",0.25
"BLZ","jcott",0.5169
"BLZ","jteas",0.25
"BLZ","jothr",0.1864
"BLZ","Shrimp",-0.0978374564737469
"BLZ","Crust",-0.0978374564737469
"BLZ","Salmon",-0.0987723889938319
"BLZ","Tuna",-0.099707321513917
"BLZ","Cobswf",-0.100174787773959
"BLZ","Eelstg",-0.100642254034001
"BLZ","Tilapia",-0.101109720294044
"BLZ","Pangas",-0.101577186554086
"BLZ","Carp",-0.102044652814128
"BLZ","Mullet",-0.102512119074171
"BLZ","OFrshD",-0.102979585334213
"BLZ","OCarp",-0.103447051594255
"BLZ","OPelag",-0.103914517854298
"BLZ","OMarn",-0.10438198411434
"BOL","jbeef",-0.22
"BOL","jpork",-0.07
"BOL","jlamb",-0.09
"BOL","jpoul",-0.07
"BOL","jmilk",-0.42
"BOL","jmaiz",-0.04
"BOL","jrice",-0.01
"BOL","jwhea",-0.45
"BOL","jbean",0.1864
"BOL","jchkp",0.1864
"BOL","jcowp",0.1864
"BOL","jlent",0.1864
"BOL","jpigp",0.1864
"BOL","jopul",0.1864
"BOL","jbana",0.25
"BOL","jplnt",0.25
"BOL","jsubf",0.25
"BOL","jtemf",0.25
"BOL","jvege",0.25
"BOL","jsugr",0.2
"BOL","jgrnd",0.1864
"BOL","jgdnt",0.1864
"BOL","jgdol",0.28
"BOL","jgdml",0.28
"BOL","jrpsd",0.16
"BOL","jrpnt",0.16
"BOL","jrpol",0.28
"BOL","jrpml",0.28
"BOL","jsoyb",0.16
"BOL","jsbnt",0.16
"BOL","jsbol",0.28
"BOL","jsbml",0.28
"BOL","jsnfl",0.16
"BOL","jsfnt",0.16
"BOL","jsfol",0.28
"BOL","jsfml",0.28
"BOL","jpalm",0.16
"BOL","jplol",0.28
"BOL","jpkrl",0.16
"BOL","jpkol",0.28
"BOL","jpkml",0.28
"BOL","jtols",0.16
"BOL","jtont",0.16
"BOL","jtool",0.28
"BOL","jtoml",0.28
"BOL","jcoco",0.25
"BOL","jcafe",0.25
"BOL","jcott",0.5169
"BOL","jteas",0.25
"BOL","jothr",0.1864
"BOL","Shrimp",-0.0978374564737469
"BOL","Crust",-0.0978374564737469
"BOL","Salmon",-0.0987723889938319
"BOL","Tuna",-0.099707321513917
"BOL","Cobswf",-0.100174787773959
"BOL","Eelstg",-0.100642254034001
"BOL","Tilapia",-0.101109720294044
"BOL","Pangas",-0.101577186554086
"BOL","Carp",-0.102044652814128
"BOL","Mullet",-0.102512119074171
"BOL","OFrshD",-0.102979585334213
"BOL","OCarp",-0.103447051594255
"BOL","OPelag",-0.103914517854298
"BOL","OMarn",-0.10438198411434
"BRA","jbeef",0.000264569769000023
"BRA","jpork",0.10555634674099
"BRA","jpoul",2.5997074390105E-5
"BRA","jmilk",0.18648602811136
"BRA","jmaiz",0.00833083933990997
"BRA","jrice",0.14857754658374
"BRA","jwhea",0.0241772804320199
"BRA","jchkp",0.1119
"BRA","jpigp",0.1119
"BRA","jopul",0.1119
"BRA","jsugc",0.00242156449104991
"BRA","jsugb",0.00242156449104991
"BRA","jsugr",0.00242156449104991
"BRA","jsugrc",0.00242156449104991
"BRA","jsugrb",0.00242156449104991
"BRA","jgdol",-0.24
"BRA","jgdml",-0.24
"BRA","jrpol",-0.24
"BRA","jrpml",-0.24
"BRA","jsoyb",0.000893646247460023
"BRA","jsbnt",0.000893646247460023
"BRA","jsbol",-0.24
"BRA","jsbml",-0.24
"BRA","jsfol",-0.24
"BRA","jsfml",-0.24
"BRA","jpalm",0.09
"BRA","jpkrl",0.09
"BRA","jpkol",-0.24
"BRA","jpkml",-0.24
"BRA","jtool",-0.24
"BRA","jtoml",-0.24
"BRA","jcafe",0.00444241487611996
"BRA","jcott",0.25375377440534
"BRA","jteas",0.15
"BRA","jothr",0.1119
"BRA","Shrimp",-0.079138806072054
"BRA","Crust",-0.079138806072054
"BRA","Salmon",-0.080073738592139
"BRA","Tuna",-0.081008671112223
"BRA","Cobswf",-0.0814761373722659
"BRA","Eelstg",-0.0819436036323079
"BRA","Tilapia",-0.0824110698923499
"BRA","Pangas",-0.0828785361523929
"BRA","Carp",-0.0833460024124349
"BRA","Mullet",-0.0838134686724769
"BRA","OFrshD",-0.08428093493252
"BRA","OCarp",-0.0847484011925619
"BRA","OPelag",-0.085215867452604
"BRA","OMarn",-0.0856833337126469
"BTN","jbeef",-0.55
"BTN","jpork",-0.69
"BTN","jlamb",-0.55
"BTN","jpoul",-0.19
"BTN","jeggs",-0.1
"BTN","jmilk",-0.41
"BTN","jmaiz",-0.07
"BTN","jrice",0.1
"BTN","jwhea",-0.01
"BTN","jbean",0.1305
"BTN","jchkp",0.1305
"BTN","jcowp",0.1305
"BTN","jlent",0.1305
"BTN","jpigp",0.1305
"BTN","jopul",0.1305
"BTN","jbana",0.15
"BTN","jplnt",0.15
"BTN","jsubf",0.15
"BTN","jtemf",0.15
"BTN","jvege",0.2
"BTN","jsugr",0.3
"BTN","jgrnd",0.1305
"BTN","jgdnt",0.1305
"BTN","jgdol",-0.06
"BTN","jrpol",-0.06
"BTN","jsbol",-0.06
"BTN","jsfol",-0.06
"BTN","jplol",-0.06
"BTN","jpkol",-0.06
"BTN","jtool",-0.06
"BTN","jcoco",0.15
"BTN","jcafe",0.15
"BTN","jcott",0.3619
"BTN","jteas",0.15
"BTN","jothr",0.1305
"BTN","Shrimp",-0.00434420446528135
"BTN","Crust",-0.00434420446528135
"BTN","Salmon",-0.00527913698536595
"BTN","Tuna",-0.00621406950545064
"BTN","Cobswf",-0.00668153576549294
"BTN","Eelstg",-0.00714900202553535
"BTN","Tilapia",-0.00761646828557765
"BTN","Pangas",-0.00808393454561995
"BTN","Carp",-0.00855140080566225
"BTN","Mullet",-0.00901886706570464
"BTN","OFrshD",-0.00948633332574694
"BTN","OCarp",-0.00995379958578924
"BTN","OPelag",-0.0104212658458316
"BTN","OMarn",-0.0108887321058739
"BWA","jbeef",0.24
"BWA","jeggs",0.09
"BWA","jmilk",-0.29
"BWA","jbarl",-0.2
"BWA","jmaiz",-0.2
"BWA","jmill",-0.2
"BWA","jrice",0.12
"BWA","jsorg",-0.2
"BWA","jwhea",-0.25
"BWA","jocer",-0.2
"BWA","jbean",-0.0522
"BWA","jchkp",-0.0522
"BWA","jcowp",-0.0522
"BWA","jlent",-0.0522
"BWA","jpigp",-0.0522
"BWA","jopul",-0.0522
"BWA","jbana",-0.07
"BWA","jplnt",-0.07
"BWA","jsubf",-0.07
"BWA","jtemf",-0.07
"BWA","jvege",-0.07
"BWA","jsugr",0.3
"BWA","jgrnd",-0.0522
"BWA","jgdnt",-0.0522
"BWA","jgdol",-0.07
"BWA","jgdml",-0.07
"BWA","jrpol",-0.07
"BWA","jrpml",-0.07
"BWA","jsbol",-0.07
"BWA","jsbml",-0.07
"BWA","jsfol",-0.07
"BWA","jsfml",-0.07
"BWA","jplol",-0.07
"BWA","jpkol",-0.07
"BWA","jpkml",-0.07
"BWA","jtool",-0.07
"BWA","jtoml",-0.07
"BWA","jcoco",-0.07
"BWA","jcafe",-0.07
"BWA","jcott",-0.1447
"BWA","jteas",-0.07
"BWA","jothr",-0.0522
"BWA","Shrimp",-0.172164591820478
"BWA","Crust",-0.172164591820478
"BWA","Salmon",-0.173099524340562
"BWA","Tuna",-0.174034456860647
"BWA","Cobswf",-0.174501923120689
"BWA","Eelstg",-0.174969389380732
"BWA","Tilapia",-0.175436855640774
"BWA","Pangas",-0.175904321900816
"BWA","Carp",-0.176371788160859
"BWA","Mullet",-0.176839254420901
"BWA","OFrshD",-0.177306720680943
"BWA","OCarp",-0.177774186940986
"BWA","OPelag",-0.178241653201028
"BWA","OMarn",-0.17870911946107
"CAF","jbeef",0.43
"CAF","jpork",0.28
"CAF","jlamb",0.28
"CAF","jpoul",0.1
"CAF","jeggs",0.1
"CAF","jbarl",-0.23
"CAF","jmaiz",-0.23
"CAF","jmill",-0.23
"CAF","jrice",0.41
"CAF","jsorg",-0.23
"CAF","jwhea",-0.2
"CAF","jocer",-0.23
"CAF","jbean",-0.0969
"CAF","jchkp",-0.0969
"CAF","jcowp",-0.0969
"CAF","jlent",-0.0969
"CAF","jpigp",-0.0969
"CAF","jopul",-0.0969
"CAF","jbana",-0.13
"CAF","jplnt",-0.13
"CAF","jsubf",-0.13
"CAF","jtemf",-0.13
"CAF","jvege",-0.13
"CAF","jsugr",0.3
"CAF","jgrnd",-0.0969
"CAF","jgdnt",-0.0969
"CAF","jgdol",-0.07
"CAF","jgdml",-0.07
"CAF","jrpol",-0.07
"CAF","jrpml",-0.07
"CAF","jsbol",-0.07
"CAF","jsbml",-0.07
"CAF","jsfol",-0.07
"CAF","jsfml",-0.07
"CAF","jplol",-0.07
"CAF","jpkol",-0.07
"CAF","jpkml",-0.07
"CAF","jtool",-0.07
"CAF","jtoml",-0.07
"CAF","jcoco",-0.13
"CAF","jcafe",-0.13
"CAF","jcott",-0.2688
"CAF","jteas",-0.13
"CAF","jothr",-0.0969
"CAF","Shrimp",-0.172164591820478
"CAF","Crust",-0.172164591820478
"CAF","Salmon",-0.173099524340562
"CAF","Tuna",-0.174034456860647
"CAF","Cobswf",-0.174501923120689
"CAF","Eelstg",-0.174969389380732
"CAF","Tilapia",-0.175436855640774
"CAF","Pangas",-0.175904321900816
"CAF","Carp",-0.176371788160859
"CAF","Mullet",-0.176839254420901
"CAF","OFrshD",-0.177306720680943
"CAF","OCarp",-0.177774186940986
"CAF","OPelag",-0.178241653201028
"CAF","OMarn",-0.17870911946107
"CAN","jpoul",0.18534467439451
"CAN","jeggs",0.2817658588308
"CAN","jmilk",0.9999
"CAN","jgdol",0.3
"CAN","jgdml",0.3
"CAN","jrpol",0.3
"CAN","jrpml",0.3
"CAN","jsbol",0.3
"CAN","jsbml",0.3
"CAN","jsfol",0.3
"CAN","jsfml",0.3
"CAN","jpkol",0.3
"CAN","jpkml",0.3
"CAN","jtool",0.3
"CAN","jtoml",0.3
"CAN","Shrimp",-0.069789480871208
"CAN","Crust",-0.069789480871208
"CAN","Salmon",-0.070724413391292
"CAN","Tuna",-0.0716593459113769
"CAN","Cobswf",-0.0721268121714189
"CAN","Eelstg",-0.0725942784314619
"CAN","Tilapia",-0.0730617446915039
"CAN","Pangas",-0.0735292109515459
"CAN","Carp",-0.073996677211588
"CAN","Mullet",-0.0744641434716309
"CAN","OFrshD",-0.074931609731673
"CAN","OCarp",-0.0753990759917149
"CAN","OPelag",-0.075866542251758
"CAN","OMarn",-0.0763340085117999
"CHL","jchkp",0.1864
"CHL","jpigp",0.1864
"CHL","jopul",0.1864
"CHL","jsugc",0.0271566587851499
"CHL","jsugb",0.0271566587851499
"CHL","jsugr",0.0271566587851499
"CHL","jsugrc",0.0271566587851499
"CHL","jsugrb",0.0271566587851499
"CHL","jgdol",0.28
"CHL","jgdml",0.28
"CHL","jrpol",0.28
"CHL","jrpml",0.28
"CHL","jsbol",0.28
"CHL","jsbml",0.28
"CHL","jsfol",0.28
"CHL","jsfml",0.28
"CHL","jpalm",0.16
"CHL","jpkrl",0.16
"CHL","jpkol",0.28
"CHL","jpkml",0.28
"CHL","jtool",0.28
"CHL","jtoml",0.28
"CHL","jteas",0.25
"CHL","jothr",0.1864
"CHL","Shrimp",-0.293705819431483
"CHL","Crust",-0.293705819431483
"CHL","Salmon",-0.294640751951568
"CHL","Tuna",-0.295575684471653
"CHL","Cobswf",-0.296043150731695
"CHL","Eelstg",-0.296510616991737
"CHL","Tilapia",-0.29697808325178
"CHL","Pangas",-0.297445549511822
"CHL","Carp",-0.297913015771864
"CHL","Mullet",-0.298380482031907
"CHL","OFrshD",-0.298847948291949
"CHL","OCarp",-0.299315414551991
"CHL","OPelag",-0.299782880812034
"CHL","OMarn",-0.300250347072076
"CHM","jbeef",0.155
"CHM","jpork",0.16
"CHM","jlamb",0.17
"CHM","jpoul",0.0369474092961499
"CHM","jmilk",0.20578751216904
"CHM","jmaiz",0.18907265690432
"CHM","jmill",0.03
"CHM","jrice",-0.02246139109292
"CHM","jwhea",0.39348450400773
"CHM","jchkp",0.1119
"CHM","jpigp",0.1119
"CHM","jopul",0.1119
"CHM","jsugc",0.36143204046883
"CHM","jsugb",0.36143204046883
"CHM","jsugr",0.36143204046883
"CHM","jsugrc",0.36143204046883
"CHM","jsugrb",0.36143204046883
"CHM","jgdol",-0.23
"CHM","jgdml",-0.23
"CHM","jrpsd",0.24064945907194
"CHM","jrpnt",0.24064945907194
"CHM","jrpol",-0.2
"CHM","jrpml",-0.2
"CHM","jsoyb",0.21957857965029
"CHM","jsbnt",0.21957857965029
"CHM","jsbol",-0.23
"CHM","jsbml",-0.23
"CHM","jsfol",-0.23
"CHM","jsfml",-0.23
"CHM","jpalm",0.02
"CHM","jpkrl",0.02
"CHM","jtool",-0.23
"CHM","jtoml",-0.23
"CHM","jcott",0.9999
"CHM","jteas",0.2
"CHM","jothr",0.1119
"CHM","Shrimp",0.3
"CHM","Crust",0.3
"CHM","Salmon",0.2
"CHM","Tuna",0.05
"CHM","Cobswf",-0.23
"CHM","Eelstg",0.04
"CHM","Tilapia",0.19
"CHM","Pangas",-0.1
"CHM","Carp",0.05
"CHM","Mullet",-0.06
"CHM","OFrshD",0.05
"CHM","OCarp",0.01
"CHM","OPelag",0.02
"CHM","OMarn",0.3
"CHP","jbeef",0.61180683759956
"CHP","jpork",0.9999
"CHP","jlamb",0.41063743942804
"CHP","jpoul",0.9999
"CHP","jeggs",0.9999
"CHP","jmilk",0.14971718903741
"CHP","jbarl",0.71612585773896
"CHP","jmaiz",0.46389861695602
"CHP","jmill",0.58
"CHP","jwhea",0.52834819582525
"CHP","jsugc",0.25667609173735
"CHP","jsugb",0.25667609173735
"CHP","jsugr",0.25667609173735
"CHP","jsugrc",0.25667609173735
"CHP","jsugrb",0.25667609173735
"CHP","jgdol",0.48
"CHP","jgdml",0.48
"CHP","jrpsd",0.64863383600819
"CHP","jrpnt",0.64863383600819
"CHP","jrpol",0.48
"CHP","jrpml",0.48
"CHP","jsbol",0.48
"CHP","jsbml",0.48
"CHP","jsfol",0.48
"CHP","jsfml",0.48
"CHP","jpalm",0.5
"CHP","jpkrl",0.5
"CHP","jpkol",0.48
"CHP","jpkml",0.48
"CHP","jtool",0.48
"CHP","jtoml",0.48
"CHP","Shrimp",-0.116536106875441
"CHP","Crust",-0.116536106875441
"CHP","Salmon",-0.117471039395525
"CHP","Tuna",-0.11840597191561
"CHP","Cobswf",-0.118873438175652
"CHP","Eelstg",-0.119340904435694
"CHP","Tilapia",-0.119808370695737
"CHP","Pangas",-0.120275836955779
"CHP","Carp",-0.120743303215821
"CHP","Mullet",-0.121210769475864
"CHP","OFrshD",-0.121678235735906
"CHP","OCarp",-0.122145701995948
"CHP","OPelag",-0.122613168255991
"CHP","OMarn",-0.123080634516033
"CIV","jbeef",0.43
"CIV","jpork",0.28
"CIV","jlamb",0.28
"CIV","jpoul",0.1
"CIV","jeggs",0.1
"CIV","jbarl",-0.23
"CIV","jmaiz",-0.23
"CIV","jmill",-0.23
"CIV","jrice",0.41
"CIV","jsorg",-0.23
"CIV","jwhea",-0.2
"CIV","jocer",-0.23
"CIV","jbean",-0.0969
"CIV","jchkp",-0.0969
"CIV","jcowp",-0.0969
"CIV","jlent",-0.0969
"CIV","jpigp",-0.0969
"CIV","jopul",-0.0969
"CIV","jbana",-0.13
"CIV","jplnt",-0.13
"CIV","jsubf",-0.13
"CIV","jtemf",-0.13
"CIV","jvege",-0.13
"CIV","jsugr",0.3
"CIV","jgrnd",-0.0969
"CIV","jgdnt",-0.0969
"CIV","jgdol",-0.07
"CIV","jgdml",-0.07
"CIV","jrpol",-0.07
"CIV","jrpml",-0.07
"CIV","jsbol",-0.07
"CIV","jsbml",-0.07
"CIV","jsfol",-0.07
"CIV","jsfml",-0.07
"CIV","jplol",-0.07
"CIV","jtool",-0.07
"CIV","jtoml",-0.07
"CIV","jcoco",-0.13
"CIV","jcafe",-0.13
"CIV","jcott",-0.2688
"CIV","jteas",-0.13
"CIV","jothr",-0.0969
"CIV","Shrimp",-0.153465941418785
"CIV","Crust",-0.153465941418785
"CIV","Salmon",-0.154400873938869
"CIV","Tuna",-0.155335806458954
"CIV","Cobswf",-0.155803272718996
"CIV","Eelstg",-0.156270738979039
"CIV","Tilapia",-0.156738205239081
"CIV","Pangas",-0.157205671499123
"CIV","Carp",-0.157673137759166
"CIV","Mullet",-0.158140604019208
"CIV","OFrshD",-0.15860807027925
"CIV","OCarp",-0.159075536539293
"CIV","OPelag",-0.159543002799335
"CIV","OMarn",-0.160010469059377
"CMR","jbeef",0.43
"CMR","jpork",0.28
"CMR","jlamb",0.28
"CMR","jpoul",0.1
"CMR","jeggs",0.1
"CMR","jbarl",-0.23
"CMR","jmaiz",-0.23
"CMR","jmill",-0.23
"CMR","jrice",0.41
"CMR","jsorg",-0.23
"CMR","jwhea",-0.2
"CMR","jocer",-0.23
"CMR","jbean",-0.0969
"CMR","jchkp",-0.0969
"CMR","jcowp",-0.0969
"CMR","jlent",-0.0969
"CMR","jpigp",-0.0969
"CMR","jopul",-0.0969
"CMR","jbana",-0.13
"CMR","jplnt",-0.13
"CMR","jsubf",-0.13
"CMR","jtemf",-0.13
"CMR","jvege",-0.13
"CMR","jsugr",0.3
"CMR","jgrnd",-0.0969
"CMR","jgdnt",-0.0969
"CMR","jgdol",-0.07
"CMR","jgdml",-0.07
"CMR","jrpol",-0.07
"CMR","jrpml",-0.07
"CMR","jsbol",-0.07
"CMR","jsbml",-0.07
"CMR","jsfol",-0.07
"CMR","jsfml",-0.07
"CMR","jplol",-0.07
"CMR","jpkol",-0.07
"CMR","jpkml",-0.07
"CMR","jtool",-0.07
"CMR","jtoml",-0.07
"CMR","jcoco",-0.13
"CMR","jcafe",-0.13
"CMR","jcott",-0.2688
"CMR","jteas",-0.13
"CMR","jothr",-0.0969
"CMR","Shrimp",-0.153465941418785
"CMR","Crust",-0.153465941418785
"CMR","Salmon",-0.154400873938869
"CMR","Tuna",-0.155335806458954
"CMR","Cobswf",-0.155803272718996
"CMR","Eelstg",-0.156270738979039
"CMR","Tilapia",-0.156738205239081
"CMR","Pangas",-0.157205671499123
"CMR","Carp",-0.157673137759166
"CMR","Mullet",-0.158140604019208
"CMR","OFrshD",-0.15860807027925
"CMR","OCarp",-0.159075536539293
"CMR","OPelag",-0.159543002799335
"CMR","OMarn",-0.160010469059377
"COD","jbeef",0.43
"COD","jpork",0.28
"COD","jlamb",0.28
"COD","jpoul",0.1
"COD","jeggs",0.1
"COD","jbarl",-0.23
"COD","jmaiz",-0.23
"COD","jmill",-0.23
"COD","jrice",0.41
"COD","jsorg",-0.23
"COD","jwhea",-0.2
"COD","jocer",-0.23
"COD","jbean",-0.0969
"COD","jchkp",-0.0969
"COD","jcowp",-0.0969
"COD","jlent",-0.0969
"COD","jpigp",-0.0969
"COD","jopul",-0.0969
"COD","jbana",-0.13
"COD","jplnt",-0.13
"COD","jsubf",-0.13
"COD","jtemf",-0.13
"COD","jvege",-0.13
"COD","jsugr",0.3
"COD","jgrnd",-0.0969
"COD","jgdnt",-0.0969
"COD","jgdol",-0.07
"COD","jgdml",-0.07
"COD","jrpol",-0.07
"COD","jrpml",-0.07
"COD","jsbol",-0.07
"COD","jsbml",-0.07
"COD","jsfol",-0.07
"COD","jsfml",-0.07
"COD","jplol",-0.07
"COD","jpkol",-0.07
"COD","jpkml",-0.07
"COD","jtool",-0.07
"COD","jtoml",-0.07
"COD","jcoco",-0.13
"COD","jcafe",-0.13
"COD","jcott",-0.2688
"COD","jteas",-0.13
"COD","jothr",-0.0969
"COD","Shrimp",-0.172164591820478
"COD","Crust",-0.172164591820478
"COD","Salmon",-0.173099524340562
"COD","Tuna",-0.174034456860647
"COD","Cobswf",-0.174501923120689
"COD","Eelstg",-0.174969389380732
"COD","Tilapia",-0.175436855640774
"COD","Pangas",-0.175904321900816
"COD","Carp",-0.176371788160859
"COD","Mullet",-0.176839254420901
"COD","OFrshD",-0.177306720680943
"COD","OCarp",-0.177774186940986
"COD","OPelag",-0.178241653201028
"COD","OMarn",-0.17870911946107
"COG","jbeef",0.43
"COG","jpork",0.28
"COG","jlamb",0.28
"COG","jpoul",0.1
"COG","jeggs",0.1
"COG","jbarl",-0.23
"COG","jmaiz",-0.23
"COG","jmill",-0.23
"COG","jrice",0.41
"COG","jsorg",-0.23
"COG","jwhea",-0.2
"COG","jocer",-0.23
"COG","jbean",-0.0969
"COG","jchkp",-0.0969
"COG","jcowp",-0.0969
"COG","jlent",-0.0969
"COG","jpigp",-0.0969
"COG","jopul",-0.0969
"COG","jbana",-0.13
"COG","jplnt",-0.13
"COG","jsubf",-0.13
"COG","jtemf",-0.13
"COG","jvege",-0.13
"COG","jsugr",0.3
"COG","jgrnd",-0.0969
"COG","jgdnt",-0.0969
"COG","jgdol",-0.07
"COG","jgdml",-0.07
"COG","jrpol",-0.07
"COG","jrpml",-0.07
"COG","jsbol",-0.07
"COG","jsbml",-0.07
"COG","jsfol",-0.07
"COG","jsfml",-0.07
"COG","jplol",-0.07
"COG","jpkol",-0.07
"COG","jpkml",-0.07
"COG","jtool",-0.07
"COG","jtoml",-0.07
"COG","jcoco",-0.13
"COG","jcafe",-0.13
"COG","jcott",-0.2688
"COG","jteas",-0.13
"COG","jothr",-0.0969
"COG","Shrimp",-0.172164591820478
"COG","Crust",-0.172164591820478
"COG","Salmon",-0.173099524340562
"COG","Tuna",-0.174034456860647
"COG","Cobswf",-0.174501923120689
"COG","Eelstg",-0.174969389380732
"COG","Tilapia",-0.175436855640774
"COG","Pangas",-0.175904321900816
"COG","Carp",-0.176371788160859
"COG","Mullet",-0.176839254420901
"COG","OFrshD",-0.177306720680943
"COG","OCarp",-0.177774186940986
"COG","OPelag",-0.178241653201028
"COG","OMarn",-0.17870911946107
"COL","jbeef",0.41
"COL","jpork",-0.02
"COL","jlamb",-0.02
"COL","jpoul",-0.02
"COL","jeggs",-0.01
"COL","jmilk",-0.42
"COL","jmaiz",-0.19
"COL","jrice",0.28
"COL","jwhea",0.21
"COL","jbean",0.082
"COL","jchkp",0.082
"COL","jcowp",0.082
"COL","jlent",0.082
"COL","jpigp",0.082
"COL","jopul",0.082
"COL","jbana",0.11
"COL","jplnt",0.11
"COL","jsubf",0.11
"COL","jtemf",0.11
"COL","jvege",0.11
"COL","jsugr",0.2
"COL","jgrnd",0.082
"COL","jgdnt",0.082
"COL","jgdol",-0.01
"COL","jgdml",-0.01
"COL","jrpsd",0.11
"COL","jrpnt",0.11
"COL","jrpol",-0.01
"COL","jrpml",-0.01
"COL","jsoyb",0.11
"COL","jsbnt",0.11
"COL","jsbol",-0.01
"COL","jsbml",-0.01
"COL","jsnfl",0.11
"COL","jsfnt",0.11
"COL","jsfol",-0.01
"COL","jsfml",-0.01
"COL","jplol",-0.01
"COL","jtols",0.11
"COL","jtont",0.11
"COL","jtool",-0.01
"COL","jtoml",-0.01
"COL","jcoco",0.11
"COL","jcafe",0.11
"COL","jcott",0.2275
"COL","jteas",0.11
"COL","jothr",0.082
"COL","Shrimp",-0.0884881312729009
"COL","Crust",-0.0884881312729009
"COL","Salmon",-0.089423063792985
"COL","Tuna",-0.09035799631307
"COL","Cobswf",-0.0908254625731119
"COL","Eelstg",-0.091292928833155
"COL","Tilapia",-0.0917603950931969
"COL","Pangas",-0.092227861353239
"COL","Carp",-0.0926953276132819
"COL","Mullet",-0.093162793873324
"COL","OFrshD",-0.093630260133366
"COL","OCarp",-0.094097726393409
"COL","OPelag",-0.094565192653451
"COL","OMarn",-0.0950326589134929
"CRB","jmaiz",-0.01
"CRB","jrice",-0.02
"CRB","jwhea",-0.01
"CRB","jbean",0.1119
"CRB","jchkp",0.1119
"CRB","jcowp",0.1119
"CRB","jlent",0.1119
"CRB","jpigp",0.1119
"CRB","jopul",0.1119
"CRB","jbana",0.15
"CRB","jplnt",0.15
"CRB","jsubf",0.15
"CRB","jtemf",0.15
"CRB","jvege",0.15
"CRB","jsugr",0.2
"CRB","jgrnd",0.1119
"CRB","jgdnt",0.1119
"CRB","jcoco",0.15
"CRB","jcafe",0.15
"CRB","jcott",0.3102
"CRB","jteas",0.15
"CRB","jothr",0.1119
"CRB","Shrimp",-0.181513917021324
"CRB","Crust",-0.181513917021324
"CRB","Salmon",-0.182448849541409
"CRB","Tuna",-0.183383782061494
"CRB","Cobswf",-0.183851248321536
"CRB","Eelstg",-0.184318714581578
"CRB","Tilapia",-0.184786180841621
"CRB","Pangas",-0.185253647101663
"CRB","Carp",-0.185721113361705
"CRB","Mullet",-0.186188579621748
"CRB","OFrshD",-0.18665604588179
"CRB","OCarp",-0.187123512141832
"CRB","OPelag",-0.187590978401875
"CRB","OMarn",-0.188058444661917
"CRI","jbeef",-0.22
"CRI","jpork",-0.07
"CRI","jlamb",-0.09
"CRI","jpoul",-0.07
"CRI","jmilk",-0.42
"CRI","jmaiz",-0.04
"CRI","jrice",-0.01
"CRI","jwhea",-0.45
"CRI","jbean",0.1864
"CRI","jchkp",0.1864
"CRI","jcowp",0.1864
"CRI","jlent",0.1864
"CRI","jpigp",0.1864
"CRI","jopul",0.1864
"CRI","jbana",0.25
"CRI","jplnt",0.25
"CRI","jsubf",0.25
"CRI","jtemf",0.25
"CRI","jvege",0.25
"CRI","jsugr",0.2
"CRI","jgrnd",0.1864
"CRI","jgdnt",0.1864
"CRI","jgdol",0.28
"CRI","jgdml",0.28
"CRI","jrpsd",0.16
"CRI","jrpnt",0.16
"CRI","jrpol",0.28
"CRI","jrpml",0.28
"CRI","jsoyb",0.16
"CRI","jsbnt",0.16
"CRI","jsbol",0.28
"CRI","jsbml",0.28
"CRI","jsnfl",0.16
"CRI","jsfnt",0.16
"CRI","jsfol",0.28
"CRI","jsfml",0.28
"CRI","jpalm",0.16
"CRI","jplol",0.28
"CRI","jpkrl",0.16
"CRI","jpkol",0.28
"CRI","jpkml",0.28
"CRI","jtols",0.16
"CRI","jtont",0.16
"CRI","jtool",0.28
"CRI","jtoml",0.28
"CRI","jcoco",0.25
"CRI","jcafe",0.25
"CRI","jcott",0.5169
"CRI","jteas",0.25
"CRI","jothr",0.1864
"CRI","Shrimp",-0.0978374564737469
"CRI","Crust",-0.0978374564737469
"CRI","Salmon",-0.0987723889938319
"CRI","Tuna",-0.099707321513917
"CRI","Cobswf",-0.100174787773959
"CRI","Eelstg",-0.100642254034001
"CRI","Tilapia",-0.101109720294044
"CRI","Pangas",-0.101577186554086
"CRI","Carp",-0.102044652814128
"CRI","Mullet",-0.102512119074171
"CRI","OFrshD",-0.102979585334213
"CRI","OCarp",-0.103447051594255
"CRI","OPelag",-0.103914517854298
"CRI","OMarn",-0.10438198411434
"CUB","jbeef",-0.22
"CUB","jpork",-0.07
"CUB","jlamb",-0.09
"CUB","jpoul",-0.07
"CUB","jmilk",-0.42
"CUB","jmaiz",-0.04
"CUB","jrice",-0.01
"CUB","jwhea",-0.45
"CUB","jbean",0.1864
"CUB","jchkp",0.1864
"CUB","jcowp",0.1864
"CUB","jlent",0.1864
"CUB","jpigp",0.1864
"CUB","jopul",0.1864
"CUB","jbana",0.25
"CUB","jplnt",0.25
"CUB","jsubf",0.25
"CUB","jtemf",0.25
"CUB","jvege",0.25
"CUB","jsugr",0.2
"CUB","jgrnd",0.1864
"CUB","jgdnt",0.1864
"CUB","jgdol",0.28
"CUB","jgdml",0.28
"CUB","jrpsd",0.16
"CUB","jrpnt",0.16
"CUB","jrpol",0.28
"CUB","jrpml",0.28
"CUB","jsoyb",0.16
"CUB","jsbnt",0.16
"CUB","jsbol",0.28
"CUB","jsbml",0.28
"CUB","jsnfl",0.16
"CUB","jsfnt",0.16
"CUB","jsfol",0.28
"CUB","jsfml",0.28
"CUB","jpalm",0.16
"CUB","jplol",0.28
"CUB","jpkrl",0.16
"CUB","jpkol",0.28
"CUB","jpkml",0.28
"CUB","jtols",0.16
"CUB","jtont",0.16
"CUB","jtool",0.28
"CUB","jtoml",0.28
"CUB","jcoco",0.25
"CUB","jcafe",0.25
"CUB","jcott",0.5169
"CUB","jteas",0.25
"CUB","jothr",0.1864
"CUB","Shrimp",-0.0978374564737469
"CUB","Crust",-0.0978374564737469
"CUB","Salmon",-0.0987723889938319
"CUB","Tuna",-0.099707321513917
"CUB","Cobswf",-0.100174787773959
"CUB","Eelstg",-0.100642254034001
"CUB","Tilapia",-0.101109720294044
"CUB","Pangas",-0.101577186554086
"CUB","Carp",-0.102044652814128
"CUB","Mullet",-0.102512119074171
"CUB","OFrshD",-0.102979585334213
"CUB","OCarp",-0.103447051594255
"CUB","OPelag",-0.103914517854298
"CUB","OMarn",-0.10438198411434
"CYP","jbeef",0.13197405604212
"CYP","jpork",0.01713498502693
"CYP","jlamb",0.14140443815786
"CYP","jpoul",0.40014588781909
"CYP","jeggs",0.00805424075428007
"CYP","jmilk",0.00859085347854993
"CYP","jbarl",7.15169784992753E-6
"CYP","jmaiz",7.69392840993532E-6
"CYP","jmill",0.07
"CYP","jrice",0.01071406139431
"CYP","jwhea",6.79887847621075E-6
"CYP","jocer",1.04671390899203E-5
"CYP","jpota",0.10451378489025
"CYP","jchkp",0.0746
"CYP","jpigp",0.0746
"CYP","jopul",0.0746
"CYP","jtemf",0.0698634573396599
"CYP","jsugc",0.00257735710249007
"CYP","jsugb",0.00257735710249007
"CYP","jsugr",0.00257735710249007
"CYP","jsugrc",0.00257735710249007
"CYP","jsugrb",0.00257735710249007
"CYP","jgdol",0.18
"CYP","jgdml",0.18
"CYP","jrpsd",0.000331113845019937
"CYP","jrpnt",0.000331113845019937
"CYP","jrpol",0.18
"CYP","jrpml",0.18
"CYP","jsoyb",0.000278732293869988
"CYP","jsbnt",0.000278732293869988
"CYP","jsbol",0.18
"CYP","jsbml",0.18
"CYP","jsnfl",0.000346721511260029
"CYP","jsfnt",0.000346721511260029
"CYP","jsfol",0.18
"CYP","jsfml",0.18
"CYP","jpkol",0.18
"CYP","jpkml",0.18
"CYP","jtool",0.18
"CYP","jtoml",0.18
"CYP","jteas",0.1
"CYP","jothr",0.0746
"CYP","Salmon",-0.135702223537176
"CYP","Tuna",-0.136637156057261
"CYP","Cobswf",-0.137104622317303
"CYP","Eelstg",-0.137572088577345
"CYP","Tilapia",-0.138039554837388
"CYP","Pangas",-0.13850702109743
"CYP","Carp",-0.138974487357472
"CYP","Mullet",-0.139441953617515
"CYP","OFrshD",-0.139909419877557
"CYP","OCarp",-0.140376886137599
"CYP","OPelag",-0.140844352397642
"CYP","OMarn",-0.141311818657684
"CZE","jbeef",0.13197405604212
"CZE","jpork",0.01713498502693
"CZE","jlamb",0.14140443815786
"CZE","jpoul",0.40014588781909
"CZE","jeggs",0.00805424075428007
"CZE","jmilk",0.00859085347854993
"CZE","jbarl",7.15169784992753E-6
"CZE","jmaiz",7.69392840993532E-6
"CZE","jrice",0.01071406139431
"CZE","jwhea",6.79887847621075E-6
"CZE","jocer",1.04671390899203E-5
"CZE","jpota",0.10451378489025
"CZE","jtemf",0.0698634573396599
"CZE","jsugc",0.00257735710249007
"CZE","jsugb",0.00257735710249007
"CZE","jsugr",0.00257735710249007
"CZE","jsugrc",0.00257735710249007
"CZE","jsugrb",0.00257735710249007
"CZE","jgdol",-0.09
"CZE","jgdml",-0.09
"CZE","jrpsd",0.000331113845019937
"CZE","jrpnt",0.000331113845019937
"CZE","jrpol",-0.09
"CZE","jrpml",-0.09
"CZE","jsoyb",0.000278732293869988
"CZE","jsbnt",0.000278732293869988
"CZE","jsbol",-0.09
"CZE","jsbml",-0.09
"CZE","jsnfl",0.000346721511260029
"CZE","jsfnt",0.000346721511260029
"CZE","jsfol",-0.09
"CZE","jsfml",-0.09
"CZE","jpkol",-0.09
"CZE","jpkml",-0.09
"CZE","jtool",-0.09
"CZE","jtoml",-0.09
"CZE","Shrimp",-0.125885432076287
"CZE","Crust",-0.125885432076287
"CZE","Salmon",-0.126820364596372
"CZE","Tuna",-0.127755297116456
"CZE","Cobswf",-0.128222763376499
"CZE","Eelstg",-0.128690229636541
"CZE","Tilapia",-0.129157695896583
"CZE","Pangas",-0.129625162156626
"CZE","Carp",-0.130092628416668
"CZE","Mullet",-0.13056009467671
"CZE","OFrshD",-0.131027560936753
"CZE","OCarp",-0.131495027196795
"CZE","OPelag",-0.131962493456837
"CZE","OMarn",-0.13242995971688
"DEU","jbeef",0.13197405604212
"DEU","jpork",0.01713498502693
"DEU","jlamb",0.14140443815786
"DEU","jpoul",0.40014588781909
"DEU","jeggs",0.00805424075428007
"DEU","jmilk",0.00859085347854993
"DEU","jbarl",7.15169784992753E-6
"DEU","jmaiz",7.69392840993532E-6
"DEU","jmill",0.58
"DEU","jrice",0.01071406139431
"DEU","jwhea",6.79887847621075E-6
"DEU","jocer",1.04671390899203E-5
"DEU","jpota",0.10451378489025
"DEU","jtemf",0.0698634573396599
"DEU","jsugc",0.00257735710249007
"DEU","jsugb",0.00257735710249007
"DEU","jsugr",0.00257735710249007
"DEU","jsugrc",0.00257735710249007
"DEU","jsugrb",0.00257735710249007
"DEU","jgdol",0.48
"DEU","jgdml",0.48
"DEU","jrpsd",0.000331113845019937
"DEU","jrpnt",0.000331113845019937
"DEU","jrpol",0.48
"DEU","jrpml",0.48
"DEU","jsoyb",0.000278732293869988
"DEU","jsbnt",0.000278732293869988
"DEU","jsbol",0.48
"DEU","jsbml",0.48
"DEU","jsnfl",0.000346721511260029
"DEU","jsfnt",0.000346721511260029
"DEU","jsfol",0.48
"DEU","jsfml",0.48
"DEU","jpalm",0.5
"DEU","jpkrl",0.5
"DEU","jpkol",0.48
"DEU","jpkml",0.48
"DEU","jtool",0.48
"DEU","jtoml",0.48
"DEU","Shrimp",-0.116536106875441
"DEU","Crust",-0.116536106875441
"DEU","Salmon",-0.117471039395525
"DEU","Tuna",-0.11840597191561
"DEU","Cobswf",-0.118873438175652
"DEU","Eelstg",-0.119340904435694
"DEU","Tilapia",-0.119808370695737
"DEU","Pangas",-0.120275836955779
"DEU","Carp",-0.120743303215821
"DEU","Mullet",-0.121210769475864
"DEU","OFrshD",-0.121678235735906
"DEU","OCarp",-0.122145701995948
"DEU","OPelag",-0.122613168255991
"DEU","OMarn",-0.123080634516033
"DJI","jbeef",0.28
"DJI","jpork",0.08
"DJI","jlamb",0.16
"DJI","jpoul",0.08
"DJI","jbarl",-0.17
"DJI","jmaiz",-0.17
"DJI","jmill",-0.17
"DJI","jrice",-0.34
"DJI","jsorg",-0.17
"DJI","jwhea",-0.29
"DJI","jocer",-0.17
"DJI","jbean",-0.0969
"DJI","jchkp",-0.0969
"DJI","jcowp",-0.0969
"DJI","jlent",-0.0969
"DJI","jpigp",-0.0969
"DJI","jopul",-0.0969
"DJI","jbana",-0.13
"DJI","jplnt",-0.13
"DJI","jsubf",-0.13
"DJI","jtemf",-0.13
"DJI","jvege",-0.13
"DJI","jsugr",0.3
"DJI","jgrnd",-0.0969
"DJI","jgdnt",-0.0969
"DJI","jgdol",-0.03
"DJI","jgdml",-0.03
"DJI","jrpol",-0.03
"DJI","jrpml",-0.03
"DJI","jsbol",-0.03
"DJI","jsbml",-0.03
"DJI","jsfol",-0.03
"DJI","jsfml",-0.03
"DJI","jplol",-0.03
"DJI","jpkol",-0.03
"DJI","jpkml",-0.03
"DJI","jtool",-0.03
"DJI","jtoml",-0.03
"DJI","jcoco",-0.13
"DJI","jcafe",-0.13
"DJI","jcott",-0.2688
"DJI","jteas",-0.13
"DJI","jothr",-0.0969
"DJI","Shrimp",-0.172164591820478
"DJI","Crust",-0.172164591820478
"DJI","Salmon",-0.173099524340562
"DJI","Tuna",-0.174034456860647
"DJI","Cobswf",-0.174501923120689
"DJI","Eelstg",-0.174969389380732
"DJI","Tilapia",-0.175436855640774
"DJI","Pangas",-0.175904321900816
"DJI","Carp",-0.176371788160859
"DJI","Mullet",-0.176839254420901
"DJI","OFrshD",-0.177306720680943
"DJI","OCarp",-0.177774186940986
"DJI","OPelag",-0.178241653201028
"DJI","OMarn",-0.17870911946107
"DNK","jbeef",0.13197405604212
"DNK","jpork",0.01713498502693
"DNK","jlamb",0.14140443815786
"DNK","jpoul",0.40014588781909
"DNK","jeggs",0.00805424075428007
"DNK","jmilk",0.00859085347854993
"DNK","jbarl",7.15169784992753E-6
"DNK","jmaiz",7.69392840993532E-6
"DNK","jmill",0.58
"DNK","jrice",0.01071406139431
"DNK","jwhea",6.79887847621075E-6
"DNK","jocer",1.04671390899203E-5
"DNK","jpota",0.10451378489025
"DNK","jtemf",0.0698634573396599
"DNK","jsugc",0.00257735710249007
"DNK","jsugb",0.00257735710249007
"DNK","jsugr",0.00257735710249007
"DNK","jsugrc",0.00257735710249007
"DNK","jsugrb",0.00257735710249007
"DNK","jgdol",0.48
"DNK","jgdml",0.48
"DNK","jrpsd",0.000331113845019937
"DNK","jrpnt",0.000331113845019937
"DNK","jrpol",0.48
"DNK","jrpml",0.48
"DNK","jsoyb",0.000278732293869988
"DNK","jsbnt",0.000278732293869988
"DNK","jsbol",0.48
"DNK","jsbml",0.48
"DNK","jsnfl",0.000346721511260029
"DNK","jsfnt",0.000346721511260029
"DNK","jsfol",0.48
"DNK","jsfml",0.48
"DNK","jpalm",0.5
"DNK","jpkrl",0.5
"DNK","jpkol",0.48
"DNK","jpkml",0.48
"DNK","jtool",0.48
"DNK","jtoml",0.48
"DNK","Shrimp",-0.428940576708617
"DNK","Crust",-0.428940576708617
"DNK","Salmon",-0.430810441748787
"DNK","Tuna",-0.432680306788956
"DNK","Cobswf",-0.433615239309041
"DNK","Eelstg",-0.434550171829125
"DNK","Tilapia",-0.43548510434921
"DNK","Pangas",-0.436420036869295
"DNK","Carp",-0.437354969389379
"DNK","Mullet",-0.438289901909464
"DNK","OFrshD",-0.439224834429549
"DNK","OCarp",-0.440159766949633
"DNK","OPelag",-0.441094699469718
"DNK","OMarn",-0.442029631989803
"DOM","jbeef",-0.22
"DOM","jpork",-0.07
"DOM","jlamb",-0.09
"DOM","jpoul",-0.07
"DOM","jmilk",-0.42
"DOM","jmaiz",-0.04
"DOM","jrice",-0.01
"DOM","jwhea",-0.45
"DOM","jbean",0.1864
"DOM","jchkp",0.1864
"DOM","jcowp",0.1864
"DOM","jlent",0.1864
"DOM","jpigp",0.1864
"DOM","jopul",0.1864
"DOM","jbana",0.25
"DOM","jplnt",0.25
"DOM","jsubf",0.25
"DOM","jtemf",0.25
"DOM","jvege",0.25
"DOM","jsugr",0.2
"DOM","jgrnd",0.1864
"DOM","jgdnt",0.1864
"DOM","jgdol",0.28
"DOM","jgdml",0.28
"DOM","jrpsd",0.16
"DOM","jrpnt",0.16
"DOM","jrpol",0.28
"DOM","jrpml",0.28
"DOM","jsoyb",0.16
"DOM","jsbnt",0.16
"DOM","jsbol",0.28
"DOM","jsbml",0.28
"DOM","jsnfl",0.16
"DOM","jsfnt",0.16
"DOM","jsfol",0.28
"DOM","jsfml",0.28
"DOM","jpalm",0.16
"DOM","jplol",0.28
"DOM","jpkrl",0.16
"DOM","jpkol",0.28
"DOM","jpkml",0.28
"DOM","jtols",0.16
"DOM","jtont",0.16
"DOM","jtool",0.28
"DOM","jtoml",0.28
"DOM","jcoco",0.25
"DOM","jcafe",0.25
"DOM","jcott",0.5169
"DOM","jteas",0.25
"DOM","jothr",0.1864
"DOM","Shrimp",-0.0978374564737469
"DOM","Crust",-0.0978374564737469
"DOM","Salmon",-0.0987723889938319
"DOM","Tuna",-0.099707321513917
"DOM","Cobswf",-0.100174787773959
"DOM","Eelstg",-0.100642254034001
"DOM","Tilapia",-0.101109720294044
"DOM","Pangas",-0.101577186554086
"DOM","Carp",-0.102044652814128
"DOM","Mullet",-0.102512119074171
"DOM","OFrshD",-0.102979585334213
"DOM","OCarp",-0.103447051594255
"DOM","OPelag",-0.103914517854298
"DOM","OMarn",-0.10438198411434
"DZA","jbeef",0.07
"DZA","jpork",0.02
"DZA","jlamb",0.07
"DZA","jpoul",0.02
"DZA","jeggs",0.1
"DZA","jmilk",-0.11
"DZA","jbarl",0.07
"DZA","jmaiz",0.13
"DZA","jmill",0.07
"DZA","jrice",0.07
"DZA","jsorg",0.07
"DZA","jwhea",0.07
"DZA","jocer",0.07
"DZA","jbean",0.0746
"DZA","jchkp",0.0746
"DZA","jcowp",0.0746
"DZA","jlent",0.0746
"DZA","jpigp",0.0746
"DZA","jopul",0.0746
"DZA","jbana",0.1
"DZA","jplnt",0.1
"DZA","jsubf",0.1
"DZA","jtemf",0.1
"DZA","jvege",0.1
"DZA","jsugr",0.2
"DZA","jgrnd",0.0746
"DZA","jgdnt",0.0746
"DZA","jgdol",0.18
"DZA","jgdml",0.18
"DZA","jrpol",0.18
"DZA","jrpml",0.18
"DZA","jsbol",0.18
"DZA","jsbml",0.18
"DZA","jsfol",0.18
"DZA","jsfml",0.18
"DZA","jplol",0.18
"DZA","jpkol",0.18
"DZA","jpkml",0.18
"DZA","jtool",0.18
"DZA","jtoml",0.18
"DZA","jcoco",0.1
"DZA","jcafe",0.1
"DZA","jcott",0.2068
"DZA","jteas",0.1
"DZA","jothr",0.0746
"DZA","Shrimp",-0.144116616217938
"DZA","Crust",-0.144116616217938
"DZA","Salmon",-0.145051548738023
"DZA","Tuna",-0.145986481258107
"DZA","Cobswf",-0.14645394751815
"DZA","Eelstg",-0.146921413778192
"DZA","Tilapia",-0.147388880038234
"DZA","Pangas",-0.147856346298277
"DZA","Carp",-0.148323812558319
"DZA","Mullet",-0.148791278818361
"DZA","OFrshD",-0.149258745078404
"DZA","OCarp",-0.149726211338446
"DZA","OPelag",-0.150193677598488
"DZA","OMarn",-0.150661143858531
"ECU","jbeef",-0.22
"ECU","jpork",-0.07
"ECU","jlamb",-0.09
"ECU","jpoul",-0.07
"ECU","jmilk",-0.42
"ECU","jmaiz",-0.04
"ECU","jrice",-0.01
"ECU","jwhea",-0.45
"ECU","jbean",0.1864
"ECU","jchkp",0.1864
"ECU","jcowp",0.1864
"ECU","jlent",0.1864
"ECU","jpigp",0.1864
"ECU","jopul",0.1864
"ECU","jbana",0.25
"ECU","jplnt",0.25
"ECU","jsubf",0.25
"ECU","jtemf",0.25
"ECU","jvege",0.25
"ECU","jsugr",0.2
"ECU","jgrnd",0.1864
"ECU","jgdnt",0.1864
"ECU","jgdol",0.28
"ECU","jgdml",0.28
"ECU","jrpsd",0.16
"ECU","jrpnt",0.16
"ECU","jrpol",0.28
"ECU","jrpml",0.28
"ECU","jsoyb",0.16
"ECU","jsbnt",0.16
"ECU","jsbol",0.28
"ECU","jsbml",0.28
"ECU","jsnfl",0.16
"ECU","jsfnt",0.16
"ECU","jsfol",0.28
"ECU","jsfml",0.28
"ECU","jpalm",0.16
"ECU","jplol",0.28
"ECU","jpkrl",0.16
"ECU","jpkol",0.28
"ECU","jpkml",0.28
"ECU","jtols",0.16
"ECU","jtont",0.16
"ECU","jtool",0.28
"ECU","jtoml",0.28
"ECU","jcoco",0.25
"ECU","jcafe",0.25
"ECU","jcott",0.5169
"ECU","jteas",0.25
"ECU","jothr",0.1864
"ECU","Shrimp",-0.0884881312729009
"ECU","Crust",-0.0884881312729009
"ECU","Salmon",-0.089423063792985
"ECU","Tuna",-0.09035799631307
"ECU","Cobswf",-0.0908254625731119
"ECU","Eelstg",-0.091292928833155
"ECU","Tilapia",-0.0917603950931969
"ECU","Pangas",-0.092227861353239
"ECU","Carp",-0.0926953276132819
"ECU","Mullet",-0.093162793873324
"ECU","OFrshD",-0.093630260133366
"ECU","OCarp",-0.094097726393409
"ECU","OPelag",-0.094565192653451
"ECU","OMarn",-0.0950326589134929
"EGY","jbarl",-0.23
"EGY","jmaiz",0.03
"EGY","jmill",-0.23
"EGY","jrice",-0.23
"EGY","jsorg",-0.23
"EGY","jwhea",0.74
"EGY","jocer",-0.23
"EGY","jbean",0.0895
"EGY","jchkp",0.0895
"EGY","jcowp",0.0895
"EGY","jlent",0.0895
"EGY","jpigp",0.0895
"EGY","jopul",0.0895
"EGY","jbana",0.12
"EGY","jplnt",0.12
"EGY","jsubf",0.12
"EGY","jtemf",0.12
"EGY","jvege",0.12
"EGY","jsugr",0.2
"EGY","jgrnd",0.0895
"EGY","jgdnt",0.0895
"EGY","jgdol",0.04
"EGY","jgdml",0.04
"EGY","jrpol",0.04
"EGY","jrpml",0.04
"EGY","jsbol",0.04
"EGY","jsbml",0.04
"EGY","jsfol",0.04
"EGY","jsfml",0.04
"EGY","jplol",0.04
"EGY","jpkol",0.04
"EGY","jpkml",0.04
"EGY","jtool",0.04
"EGY","jtoml",0.04
"EGY","jcoco",0.12
"EGY","jcafe",0.12
"EGY","jcott",0.2481
"EGY","jteas",0.12
"EGY","jothr",0.0895
"EGY","Shrimp",-0.144116616217938
"EGY","Crust",-0.144116616217938
"EGY","Salmon",-0.145051548738023
"EGY","Tuna",-0.145986481258107
"EGY","Cobswf",-0.14645394751815
"EGY","Eelstg",-0.146921413778192
"EGY","Tilapia",-0.147388880038234
"EGY","Pangas",-0.147856346298277
"EGY","Carp",-0.148323812558319
"EGY","Mullet",-0.148791278818361
"EGY","OFrshD",-0.149258745078404
"EGY","OCarp",-0.149726211338446
"EGY","OPelag",-0.150193677598488
"EGY","OMarn",-0.150661143858531
"ERI","jbeef",0.28
"ERI","jpork",0.08
"ERI","jlamb",0.16
"ERI","jpoul",0.08
"ERI","jbarl",-0.17
"ERI","jmaiz",-0.17
"ERI","jmill",-0.17
"ERI","jrice",-0.34
"ERI","jsorg",-0.17
"ERI","jwhea",-0.29
"ERI","jocer",-0.17
"ERI","jbean",-0.1044
"ERI","jchkp",-0.1044
"ERI","jcowp",-0.1044
"ERI","jlent",-0.1044
"ERI","jpigp",-0.1044
"ERI","jopul",-0.1044
"ERI","jbana",-0.14
"ERI","jplnt",-0.14
"ERI","jsubf",-0.14
"ERI","jtemf",-0.14
"ERI","jvege",-0.14
"ERI","jsugr",0.3
"ERI","jgrnd",-0.1044
"ERI","jgdnt",-0.1044
"ERI","jgdol",-0.03
"ERI","jgdml",-0.03
"ERI","jrpol",-0.03
"ERI","jrpml",-0.03
"ERI","jsbol",-0.03
"ERI","jsbml",-0.03
"ERI","jsfol",-0.03
"ERI","jsfml",-0.03
"ERI","jplol",-0.03
"ERI","jpkol",-0.03
"ERI","jpkml",-0.03
"ERI","jtool",-0.03
"ERI","jtoml",-0.03
"ERI","jcoco",-0.14
"ERI","jcafe",-0.14
"ERI","jcott",-0.2895
"ERI","jteas",-0.14
"ERI","jothr",-0.1044
"ERI","Shrimp",-0.172164591820478
"ERI","Crust",-0.172164591820478
"ERI","Salmon",-0.173099524340562
"ERI","Tuna",-0.174034456860647
"ERI","Cobswf",-0.174501923120689
"ERI","Eelstg",-0.174969389380732
"ERI","Tilapia",-0.175436855640774
"ERI","Pangas",-0.175904321900816
"ERI","Carp",-0.176371788160859
"ERI","Mullet",-0.176839254420901
"ERI","OFrshD",-0.177306720680943
"ERI","OCarp",-0.177774186940986
"ERI","OPelag",-0.178241653201028
"ERI","OMarn",-0.17870911946107
"ETH","jbeef",0.28
"ETH","jpork",0.08
"ETH","jlamb",0.16
"ETH","jpoul",0.08
"ETH","jbarl",-0.17
"ETH","jmaiz",-0.17
"ETH","jmill",-0.17
"ETH","jrice",-0.34
"ETH","jsorg",-0.17
"ETH","jwhea",-0.29
"ETH","jocer",-0.17
"ETH","jbean",-0.1044
"ETH","jchkp",-0.1044
"ETH","jcowp",-0.1044
"ETH","jlent",-0.1044
"ETH","jpigp",-0.1044
"ETH","jopul",-0.1044
"ETH","jbana",-0.14
"ETH","jplnt",-0.14
"ETH","jsubf",-0.14
"ETH","jtemf",-0.14
"ETH","jvege",-0.14
"ETH","jsugr",0.3
"ETH","jgrnd",-0.1044
"ETH","jgdnt",-0.1044
"ETH","jgdol",-0.03
"ETH","jgdml",-0.03
"ETH","jrpol",-0.03
"ETH","jrpml",-0.03
"ETH","jsbol",-0.03
"ETH","jsbml",-0.03
"ETH","jsfol",-0.03
"ETH","jsfml",-0.03
"ETH","jplol",-0.03
"ETH","jpkol",-0.03
"ETH","jpkml",-0.03
"ETH","jtool",-0.03
"ETH","jtoml",-0.03
"ETH","jcoco",-0.14
"ETH","jcafe",-0.14
"ETH","jcott",-0.2895
"ETH","jteas",-0.14
"ETH","jothr",-0.1044
"ETH","Shrimp",-0.172164591820478
"ETH","Crust",-0.172164591820478
"ETH","Salmon",-0.173099524340562
"ETH","Tuna",-0.174034456860647
"ETH","Cobswf",-0.174501923120689
"ETH","Eelstg",-0.174969389380732
"ETH","Tilapia",-0.175436855640774
"ETH","Pangas",-0.175904321900816
"ETH","Carp",-0.176371788160859
"ETH","Mullet",-0.176839254420901
"ETH","OFrshD",-0.177306720680943
"ETH","OCarp",-0.177774186940986
"ETH","OPelag",-0.178241653201028
"ETH","OMarn",-0.17870911946107
"FJI","jmaiz",-0.01
"FJI","jrice",-0.02
"FJI","jwhea",-0.01
"FJI","jbean",0.1119
"FJI","jchkp",0.1119
"FJI","jcowp",0.1119
"FJI","jlent",0.1119
"FJI","jpigp",0.1119
"FJI","jopul",0.1119
"FJI","jbana",0.15
"FJI","jplnt",0.15
"FJI","jsubf",0.15
"FJI","jtemf",0.15
"FJI","jvege",0.15
"FJI","jsugr",0.2
"FJI","jgrnd",0.1119
"FJI","jgdnt",0.1119
"FJI","jcoco",0.15
"FJI","jcafe",0.15
"FJI","jcott",0.3102
"FJI","jteas",0.15
"FJI","jothr",0.1119
"FJI","Shrimp",-0.181513917021324
"FJI","Crust",-0.181513917021324
"FJI","Salmon",-0.182448849541409
"FJI","Tuna",-0.183383782061494
"FJI","Cobswf",-0.183851248321536
"FJI","Eelstg",-0.184318714581578
"FJI","Tilapia",-0.184786180841621
"FJI","Pangas",-0.185253647101663
"FJI","Carp",-0.185721113361705
"FJI","Mullet",-0.186188579621748
"FJI","OFrshD",-0.18665604588179
"FJI","OCarp",-0.187123512141832
"FJI","OPelag",-0.187590978401875
"FJI","OMarn",-0.188058444661917
"FNP","jbeef",0.13197405604212
"FNP","jpork",0.01713498502693
"FNP","jlamb",0.14140443815786
"FNP","jpoul",0.40014588781909
"FNP","jeggs",0.00805424075428007
"FNP","jmilk",0.00859085347854993
"FNP","jbarl",7.15169784992753E-6
"FNP","jmaiz",7.69392840993532E-6
"FNP","jmill",0.58
"FNP","jrice",0.01071406139431
"FNP","jwhea",6.79887847621075E-6
"FNP","jocer",1.04671390899203E-5
"FNP","jpota",0.10451378489025
"FNP","jtemf",0.0698634573396599
"FNP","jsugc",0.00257735710249007
"FNP","jsugb",0.00257735710249007
"FNP","jsugr",0.00257735710249007
"FNP","jsugrc",0.00257735710249007
"FNP","jsugrb",0.00257735710249007
"FNP","jgdol",0.48
"FNP","jgdml",0.48
"FNP","jrpsd",0.000331113845019937
"FNP","jrpnt",0.000331113845019937
"FNP","jrpol",0.48
"FNP","jrpml",0.48
"FNP","jsoyb",0.000278732293869988
"FNP","jsbnt",0.000278732293869988
"FNP","jsbol",0.48
"FNP","jsbml",0.48
"FNP","jsnfl",0.000346721511260029
"FNP","jsfnt",0.000346721511260029
"FNP","jsfol",0.48
"FNP","jsfml",0.48
"FNP","jpalm",0.5
"FNP","jpkrl",0.5
"FNP","jpkol",0.48
"FNP","jpkml",0.48
"FNP","jtool",0.48
"FNP","jtoml",0.48
"FNP","Shrimp",-0.428940576708617
"FNP","Crust",-0.428940576708617
"FNP","Salmon",-0.430810441748787
"FNP","Tuna",-0.432680306788956
"FNP","Cobswf",-0.433615239309041
"FNP","Eelstg",-0.434550171829125
"FNP","Tilapia",-0.43548510434921
"FNP","Pangas",-0.436420036869295
"FNP","Carp",-0.437354969389379
"FNP","Mullet",-0.438289901909464
"FNP","OFrshD",-0.439224834429549
"FNP","OCarp",-0.440159766949633
"FNP","OPelag",-0.441094699469718
"FNP","OMarn",-0.442029631989803
"FRP","jbeef",0.13197405604212
"FRP","jpork",0.01713498502693
"FRP","jlamb",0.14140443815786
"FRP","jpoul",0.40014588781909
"FRP","jeggs",0.00805424075428007
"FRP","jmilk",0.00859085347854993
"FRP","jbarl",7.15169784992753E-6
"FRP","jmaiz",7.69392840993532E-6
"FRP","jmill",0.58
"FRP","jrice",0.01071406139431
"FRP","jwhea",6.79887847621075E-6
"FRP","jocer",1.04671390899203E-5
"FRP","jpota",0.10451378489025
"FRP","jtemf",0.0698634573396599
"FRP","jsugc",0.00257735710249007
"FRP","jsugb",0.00257735710249007
"FRP","jsugr",0.00257735710249007
"FRP","jsugrc",0.00257735710249007
"FRP","jsugrb",0.00257735710249007
"FRP","jgdol",0.48
"FRP","jgdml",0.48
"FRP","jrpsd",0.000331113845019937
"FRP","jrpnt",0.000331113845019937
"FRP","jrpol",0.48
"FRP","jrpml",0.48
"FRP","jsoyb",0.000278732293869988
"FRP","jsbnt",0.000278732293869988
"FRP","jsbol",0.48
"FRP","jsbml",0.48
"FRP","jsnfl",0.000346721511260029
"FRP","jsfnt",0.000346721511260029
"FRP","jsfol",0.48
"FRP","jsfml",0.48
"FRP","jpalm",0.5
"FRP","jpkrl",0.5
"FRP","jpkol",0.48
"FRP","jpkml",0.48
"FRP","jtool",0.48
"FRP","jtoml",0.48
"FRP","Shrimp",-0.116536106875441
"FRP","Crust",-0.116536106875441
"FRP","Salmon",-0.117471039395525
"FRP","Tuna",-0.11840597191561
"FRP","Cobswf",-0.118873438175652
"FRP","Eelstg",-0.119340904435694
"FRP","Tilapia",-0.119808370695737
"FRP","Pangas",-0.120275836955779
"FRP","Carp",-0.120743303215821
"FRP","Mullet",-0.121210769475864
"FRP","OFrshD",-0.121678235735906
"FRP","OCarp",-0.122145701995948
"FRP","OPelag",-0.122613168255991
"FRP","OMarn",-0.123080634516033
"GAB","jbeef",0.43
"GAB","jpork",0.28
"GAB","jlamb",0.28
"GAB","jpoul",0.1
"GAB","jeggs",0.1
"GAB","jbarl",-0.23
"GAB","jmaiz",-0.23
"GAB","jmill",-0.23
"GAB","jrice",0.41
"GAB","jsorg",-0.23
"GAB","jwhea",-0.2
"GAB","jocer",-0.23
"GAB","jbean",-0.0969
"GAB","jchkp",-0.0969
"GAB","jcowp",-0.0969
"GAB","jlent",-0.0969
"GAB","jpigp",-0.0969
"GAB","jopul",-0.0969
"GAB","jbana",-0.13
"GAB","jplnt",-0.13
"GAB","jsubf",-0.13
"GAB","jtemf",-0.13
"GAB","jvege",-0.13
"GAB","jsugr",0.3
"GAB","jgrnd",-0.0969
"GAB","jgdnt",-0.0969
"GAB","jgdol",-0.07
"GAB","jgdml",-0.07
"GAB","jrpol",-0.07
"GAB","jrpml",-0.07
"GAB","jsbol",-0.07
"GAB","jsbml",-0.07
"GAB","jsfol",-0.07
"GAB","jsfml",-0.07
"GAB","jplol",-0.07
"GAB","jpkol",-0.07
"GAB","jpkml",-0.07
"GAB","jtool",-0.07
"GAB","jtoml",-0.07
"GAB","jcoco",-0.13
"GAB","jcafe",-0.13
"GAB","jcott",-0.2688
"GAB","jteas",-0.13
"GAB","jothr",-0.0969
"GAB","Shrimp",-0.153465941418785
"GAB","Crust",-0.153465941418785
"GAB","Salmon",-0.154400873938869
"GAB","Tuna",-0.155335806458954
"GAB","Cobswf",-0.155803272718996
"GAB","Eelstg",-0.156270738979039
"GAB","Tilapia",-0.156738205239081
"GAB","Pangas",-0.157205671499123
"GAB","Carp",-0.157673137759166
"GAB","Mullet",-0.158140604019208
"GAB","OFrshD",-0.15860807027925
"GAB","OCarp",-0.159075536539293
"GAB","OPelag",-0.159543002799335
"GAB","OMarn",-0.160010469059377
"GEO","jbeef",0.39
"GEO","jpork",0.38
"GEO","jlamb",0.38
"GEO","jpoul",0.38
"GEO","jeggs",0.23
"GEO","jmilk",0.45
"GEO","jrice",-0.03
"GEO","jwhea",-0.15
"GEO","jgdol",-0.04
"GEO","jgdml",-0.04
"GEO","jrpol",-0.04
"GEO","jrpml",-0.04
"GEO","jsbol",-0.04
"GEO","jsbml",-0.04
"GEO","jsfol",-0.04
"GEO","jsfml",-0.04
"GEO","jplol",-0.04
"GEO","jpkol",-0.04
"GEO","jpkml",-0.04
"GEO","jtool",-0.04
"GEO","jtoml",-0.04
"GEO","Shrimp",-0.125885432076287
"GEO","Crust",-0.125885432076287
"GEO","Salmon",-0.126820364596372
"GEO","Tuna",-0.127755297116456
"GEO","Cobswf",-0.128222763376499
"GEO","Eelstg",-0.128690229636541
"GEO","Tilapia",-0.129157695896583
"GEO","Pangas",-0.129625162156626
"GEO","Carp",-0.130092628416668
"GEO","Mullet",-0.13056009467671
"GEO","OFrshD",-0.131027560936753
"GEO","OCarp",-0.131495027196795
"GEO","OPelag",-0.131962493456837
"GEO","OMarn",-0.13242995971688
"GHA","jbeef",0.43
"GHA","jpork",0.28
"GHA","jlamb",0.28
"GHA","jpoul",0.1
"GHA","jeggs",0.1
"GHA","jbarl",-0.23
"GHA","jmaiz",-0.23
"GHA","jmill",-0.23
"GHA","jrice",0.41
"GHA","jsorg",-0.23
"GHA","jwhea",-0.2
"GHA","jocer",-0.23
"GHA","jbean",-0.0969
"GHA","jchkp",-0.0969
"GHA","jcowp",-0.0969
"GHA","jlent",-0.0969
"GHA","jpigp",-0.0969
"GHA","jopul",-0.0969
"GHA","jbana",-0.13
"GHA","jplnt",-0.13
"GHA","jsubf",-0.13
"GHA","jtemf",-0.13
"GHA","jvege",-0.13
"GHA","jsugr",0.3
"GHA","jgrnd",-0.0969
"GHA","jgdnt",-0.0969
"GHA","jgdol",-0.07
"GHA","jgdml",-0.07
"GHA","jrpol",-0.07
"GHA","jrpml",-0.07
"GHA","jsbol",-0.07
"GHA","jsbml",-0.07
"GHA","jsfol",-0.07
"GHA","jsfml",-0.07
"GHA","jplol",-0.07
"GHA","jpkol",-0.07
"GHA","jpkml",-0.07
"GHA","jtool",-0.07
"GHA","jtoml",-0.07
"GHA","jcoco",-0.13
"GHA","jcafe",-0.13
"GHA","jcott",-0.2688
"GHA","jteas",-0.13
"GHA","jothr",-0.0969
"GHA","Shrimp",-0.153465941418785
"GHA","Crust",-0.153465941418785
"GHA","Salmon",-0.154400873938869
"GHA","Tuna",-0.155335806458954
"GHA","Cobswf",-0.155803272718996
"GHA","Eelstg",-0.156270738979039
"GHA","Tilapia",-0.156738205239081
"GHA","Pangas",-0.157205671499123
"GHA","Carp",-0.157673137759166
"GHA","Mullet",-0.158140604019208
"GHA","OFrshD",-0.15860807027925
"GHA","OCarp",-0.159075536539293
"GHA","OPelag",-0.159543002799335
"GHA","OMarn",-0.160010469059377
"GIN","jbeef",0.43
"GIN","jpork",0.28
"GIN","jlamb",0.28
"GIN","jpoul",0.1
"GIN","jeggs",0.1
"GIN","jbarl",-0.23
"GIN","jmaiz",-0.23
"GIN","jmill",-0.23
"GIN","jrice",0.41
"GIN","jsorg",-0.23
"GIN","jwhea",-0.2
"GIN","jocer",-0.23
"GIN","jbean",-0.0969
"GIN","jchkp",-0.0969
"GIN","jcowp",-0.0969
"GIN","jlent",-0.0969
"GIN","jpigp",-0.0969
"GIN","jopul",-0.0969
"GIN","jbana",-0.13
"GIN","jplnt",-0.13
"GIN","jsubf",-0.13
"GIN","jtemf",-0.13
"GIN","jvege",-0.13
"GIN","jsugr",0.3
"GIN","jgrnd",-0.0969
"GIN","jgdnt",-0.0969
"GIN","jgdol",-0.07
"GIN","jgdml",-0.07
"GIN","jrpol",-0.07
"GIN","jrpml",-0.07
"GIN","jsbol",-0.07
"GIN","jsbml",-0.07
"GIN","jsfol",-0.07
"GIN","jsfml",-0.07
"GIN","jplol",-0.07
"GIN","jpkol",-0.07
"GIN","jpkml",-0.07
"GIN","jtool",-0.07
"GIN","jtoml",-0.07
"GIN","jcoco",-0.13
"GIN","jcafe",-0.13
"GIN","jcott",-0.2688
"GIN","jteas",-0.13
"GIN","jothr",-0.0969
"GIN","Shrimp",-0.153465941418785
"GIN","Crust",-0.153465941418785
"GIN","Salmon",-0.154400873938869
"GIN","Tuna",-0.155335806458954
"GIN","Cobswf",-0.155803272718996
"GIN","Eelstg",-0.156270738979039
"GIN","Tilapia",-0.156738205239081
"GIN","Pangas",-0.157205671499123
"GIN","Carp",-0.157673137759166
"GIN","Mullet",-0.158140604019208
"GIN","OFrshD",-0.15860807027925
"GIN","OCarp",-0.159075536539293
"GIN","OPelag",-0.159543002799335
"GIN","OMarn",-0.160010469059377
"GMB","jbeef",0.43
"GMB","jpork",0.28
"GMB","jlamb",0.28
"GMB","jpoul",0.1
"GMB","jeggs",0.1
"GMB","jbarl",-0.23
"GMB","jmaiz",-0.23
"GMB","jmill",-0.23
"GMB","jrice",0.41
"GMB","jsorg",-0.23
"GMB","jwhea",-0.2
"GMB","jocer",-0.23
"GMB","jbean",-0.0969
"GMB","jchkp",-0.0969
"GMB","jcowp",-0.0969
"GMB","jlent",-0.0969
"GMB","jpigp",-0.0969
"GMB","jopul",-0.0969
"GMB","jbana",-0.13
"GMB","jplnt",-0.13
"GMB","jsubf",-0.13
"GMB","jtemf",-0.13
"GMB","jvege",-0.13
"GMB","jsugr",0.3
"GMB","jgrnd",-0.0969
"GMB","jgdnt",-0.0969
"GMB","jgdol",-0.07
"GMB","jgdml",-0.07
"GMB","jrpol",-0.07
"GMB","jrpml",-0.07
"GMB","jsbol",-0.07
"GMB","jsbml",-0.07
"GMB","jsfol",-0.07
"GMB","jsfml",-0.07
"GMB","jplol",-0.07
"GMB","jpkol",-0.07
"GMB","jpkml",-0.07
"GMB","jtool",-0.07
"GMB","jtoml",-0.07
"GMB","jcoco",-0.13
"GMB","jcafe",-0.13
"GMB","jcott",-0.2688
"GMB","jteas",-0.13
"GMB","jothr",-0.0969
"GMB","Shrimp",-0.153465941418785
"GMB","Crust",-0.153465941418785
"GMB","Salmon",-0.154400873938869
"GMB","Tuna",-0.155335806458954
"GMB","Cobswf",-0.155803272718996
"GMB","Eelstg",-0.156270738979039
"GMB","Tilapia",-0.156738205239081
"GMB","Pangas",-0.157205671499123
"GMB","Carp",-0.157673137759166
"GMB","Mullet",-0.158140604019208
"GMB","OFrshD",-0.15860807027925
"GMB","OCarp",-0.159075536539293
"GMB","OPelag",-0.159543002799335
"GMB","OMarn",-0.160010469059377
"GNB","jbeef",0.43
"GNB","jpork",0.28
"GNB","jlamb",0.28
"GNB","jpoul",0.1
"GNB","jeggs",0.1
"GNB","jbarl",-0.23
"GNB","jmaiz",-0.23
"GNB","jmill",-0.23
"GNB","jrice",0.41
"GNB","jsorg",-0.23
"GNB","jwhea",-0.2
"GNB","jocer",-0.23
"GNB","jbean",-0.0969
"GNB","jchkp",-0.0969
"GNB","jcowp",-0.0969
"GNB","jlent",-0.0969
"GNB","jpigp",-0.0969
"GNB","jopul",-0.0969
"GNB","jbana",-0.13
"GNB","jplnt",-0.13
"GNB","jsubf",-0.13
"GNB","jtemf",-0.13
"GNB","jvege",-0.13
"GNB","jsugr",0.3
"GNB","jgrnd",-0.0969
"GNB","jgdnt",-0.0969
"GNB","jgdol",-0.07
"GNB","jgdml",-0.07
"GNB","jrpol",-0.07
"GNB","jrpml",-0.07
"GNB","jsbol",-0.07
"GNB","jsbml",-0.07
"GNB","jsfol",-0.07
"GNB","jsfml",-0.07
"GNB","jplol",-0.07
"GNB","jpkol",-0.07
"GNB","jpkml",-0.07
"GNB","jtool",-0.07
"GNB","jtoml",-0.07
"GNB","jcoco",-0.13
"GNB","jcafe",-0.13
"GNB","jcott",-0.2688
"GNB","jteas",-0.13
"GNB","jothr",-0.0969
"GNB","Shrimp",-0.153465941418785
"GNB","Crust",-0.153465941418785
"GNB","Salmon",-0.154400873938869
"GNB","Tuna",-0.155335806458954
"GNB","Cobswf",-0.155803272718996
"GNB","Eelstg",-0.156270738979039
"GNB","Tilapia",-0.156738205239081
"GNB","Pangas",-0.157205671499123
"GNB","Carp",-0.157673137759166
"GNB","Mullet",-0.158140604019208
"GNB","OFrshD",-0.15860807027925
"GNB","OCarp",-0.159075536539293
"GNB","OPelag",-0.159543002799335
"GNB","OMarn",-0.160010469059377
"GNQ","jbeef",0.43
"GNQ","jpork",0.28
"GNQ","jlamb",0.28
"GNQ","jpoul",0.1
"GNQ","jeggs",0.1
"GNQ","jbarl",-0.23
"GNQ","jmaiz",-0.23
"GNQ","jmill",-0.23
"GNQ","jrice",0.41
"GNQ","jsorg",-0.23
"GNQ","jwhea",-0.2
"GNQ","jocer",-0.23
"GNQ","jbean",-0.0969
"GNQ","jchkp",-0.0969
"GNQ","jcowp",-0.0969
"GNQ","jlent",-0.0969
"GNQ","jpigp",-0.0969
"GNQ","jopul",-0.0969
"GNQ","jbana",-0.13
"GNQ","jplnt",-0.13
"GNQ","jsubf",-0.13
"GNQ","jtemf",-0.13
"GNQ","jvege",-0.13
"GNQ","jsugr",0.3
"GNQ","jgrnd",-0.0969
"GNQ","jgdnt",-0.0969
"GNQ","jgdol",-0.07
"GNQ","jgdml",-0.07
"GNQ","jrpol",-0.07
"GNQ","jrpml",-0.07
"GNQ","jsbol",-0.07
"GNQ","jsbml",-0.07
"GNQ","jsfol",-0.07
"GNQ","jsfml",-0.07
"GNQ","jplol",-0.07
"GNQ","jpkol",-0.07
"GNQ","jpkml",-0.07
"GNQ","jtool",-0.07
"GNQ","jtoml",-0.07
"GNQ","jcoco",-0.13
"GNQ","jcafe",-0.13
"GNQ","jcott",-0.2688
"GNQ","jteas",-0.13
"GNQ","jothr",-0.0969
"GNQ","Shrimp",-0.153465941418785
"GNQ","Crust",-0.153465941418785
"GNQ","Salmon",-0.154400873938869
"GNQ","Tuna",-0.155335806458954
"GNQ","Cobswf",-0.155803272718996
"GNQ","Eelstg",-0.156270738979039
"GNQ","Tilapia",-0.156738205239081
"GNQ","Pangas",-0.157205671499123
"GNQ","Carp",-0.157673137759166
"GNQ","Mullet",-0.158140604019208
"GNQ","OFrshD",-0.15860807027925
"GNQ","OCarp",-0.159075536539293
"GNQ","OPelag",-0.159543002799335
"GNQ","OMarn",-0.160010469059377
"GRC","jbeef",0.13197405604212
"GRC","jpork",0.01713498502693
"GRC","jlamb",0.14140443815786
"GRC","jpoul",0.40014588781909
"GRC","jeggs",0.00805424075428007
"GRC","jmilk",0.00859085347854993
"GRC","jbarl",7.15169784992753E-6
"GRC","jmaiz",7.69392840993532E-6
"GRC","jrice",0.01071406139431
"GRC","jwhea",6.79887847621075E-6
"GRC","jocer",1.04671390899203E-5
"GRC","jpota",0.10451378489025
"GRC","jtemf",0.0698634573396599
"GRC","jsugc",0.00257735710249007
"GRC","jsugb",0.00257735710249007
"GRC","jsugr",0.00257735710249007
"GRC","jsugrc",0.00257735710249007
"GRC","jsugrb",0.00257735710249007
"GRC","jgdol",-0.09
"GRC","jgdml",-0.09
"GRC","jrpsd",0.000331113845019937
"GRC","jrpnt",0.000331113845019937
"GRC","jrpol",-0.09
"GRC","jrpml",-0.09
"GRC","jsoyb",0.000278732293869988
"GRC","jsbnt",0.000278732293869988
"GRC","jsbol",-0.09
"GRC","jsbml",-0.09
"GRC","jsnfl",0.000346721511260029
"GRC","jsfnt",0.000346721511260029
"GRC","jsfol",-0.09
"GRC","jsfml",-0.09
"GRC","jpkol",-0.09
"GRC","jpkml",-0.09
"GRC","jtool",-0.09
"GRC","jtoml",-0.09
"GRC","Shrimp",-0.125885432076287
"GRC","Crust",-0.125885432076287
"GRC","Salmon",-0.126820364596372
"GRC","Tuna",-0.127755297116456
"GRC","Cobswf",-0.128222763376499
"GRC","Eelstg",-0.128690229636541
"GRC","Tilapia",-0.129157695896583
"GRC","Pangas",-0.129625162156626
"GRC","Carp",-0.130092628416668
"GRC","Mullet",-0.13056009467671
"GRC","OFrshD",-0.131027560936753
"GRC","OCarp",-0.131495027196795
"GRC","OPelag",-0.131962493456837
"GRC","OMarn",-0.13242995971688
"GSA","jbeef",-0.22
"GSA","jpork",-0.07
"GSA","jlamb",-0.09
"GSA","jpoul",-0.07
"GSA","jmilk",-0.42
"GSA","jmaiz",-0.04
"GSA","jrice",-0.01
"GSA","jwhea",-0.45
"GSA","jbean",0.1864
"GSA","jchkp",0.1864
"GSA","jcowp",0.1864
"GSA","jlent",0.1864
"GSA","jpigp",0.1864
"GSA","jopul",0.1864
"GSA","jbana",0.25
"GSA","jplnt",0.25
"GSA","jsubf",0.25
"GSA","jtemf",0.25
"GSA","jvege",0.25
"GSA","jsugr",0.2
"GSA","jgrnd",0.1864
"GSA","jgdnt",0.1864
"GSA","jgdol",0.28
"GSA","jgdml",0.28
"GSA","jrpsd",0.16
"GSA","jrpnt",0.16
"GSA","jrpol",0.28
"GSA","jrpml",0.28
"GSA","jsoyb",0.16
"GSA","jsbnt",0.16
"GSA","jsbol",0.28
"GSA","jsbml",0.28
"GSA","jsnfl",0.16
"GSA","jsfnt",0.16
"GSA","jsfol",0.28
"GSA","jsfml",0.28
"GSA","jpalm",0.16
"GSA","jplol",0.28
"GSA","jpkrl",0.16
"GSA","jpkol",0.28
"GSA","jpkml",0.28
"GSA","jtols",0.16
"GSA","jtont",0.16
"GSA","jtool",0.28
"GSA","jtoml",0.28
"GSA","jcoco",0.25
"GSA","jcafe",0.25
"GSA","jcott",0.5169
"GSA","jteas",0.25
"GSA","jothr",0.1864
"GSA","Shrimp",-0.0884881312729009
"GSA","Crust",-0.0884881312729009
"GSA","Salmon",-0.089423063792985
"GSA","Tuna",-0.09035799631307
"GSA","Cobswf",-0.0908254625731119
"GSA","Eelstg",-0.091292928833155
"GSA","Tilapia",-0.0917603950931969
"GSA","Pangas",-0.092227861353239
"GSA","Carp",-0.0926953276132819
"GSA","Mullet",-0.093162793873324
"GSA","OFrshD",-0.093630260133366
"GSA","OCarp",-0.094097726393409
"GSA","OPelag",-0.094565192653451
"GSA","OMarn",-0.0950326589134929
"GTM","jbeef",-0.22
"GTM","jpork",-0.07
"GTM","jlamb",-0.09
"GTM","jpoul",-0.07
"GTM","jmilk",-0.42
"GTM","jmaiz",-0.04
"GTM","jrice",-0.01
"GTM","jwhea",-0.45
"GTM","jbean",0.1864
"GTM","jchkp",0.1864
"GTM","jcowp",0.1864
"GTM","jlent",0.1864
"GTM","jpigp",0.1864
"GTM","jopul",0.1864
"GTM","jbana",0.25
"GTM","jplnt",0.25
"GTM","jsubf",0.25
"GTM","jtemf",0.25
"GTM","jvege",0.25
"GTM","jsugr",0.2
"GTM","jgrnd",0.1864
"GTM","jgdnt",0.1864
"GTM","jgdol",0.28
"GTM","jgdml",0.28
"GTM","jrpsd",0.16
"GTM","jrpnt",0.16
"GTM","jrpol",0.28
"GTM","jrpml",0.28
"GTM","jsoyb",0.16
"GTM","jsbnt",0.16
"GTM","jsbol",0.28
"GTM","jsbml",0.28
"GTM","jsnfl",0.16
"GTM","jsfnt",0.16
"GTM","jsfol",0.28
"GTM","jsfml",0.28
"GTM","jpalm",0.16
"GTM","jplol",0.28
"GTM","jpkrl",0.16
"GTM","jpkol",0.28
"GTM","jpkml",0.28
"GTM","jtols",0.16
"GTM","jtont",0.16
"GTM","jtool",0.28
"GTM","jtoml",0.28
"GTM","jcoco",0.25
"GTM","jcafe",0.25
"GTM","jcott",0.5169
"GTM","jteas",0.25
"GTM","jothr",0.1864
"GTM","Shrimp",-0.0978374564737469
"GTM","Crust",-0.0978374564737469
"GTM","Salmon",-0.0987723889938319
"GTM","Tuna",-0.099707321513917
"GTM","Cobswf",-0.100174787773959
"GTM","Eelstg",-0.100642254034001
"GTM","Tilapia",-0.101109720294044
"GTM","Pangas",-0.101577186554086
"GTM","Carp",-0.102044652814128
"GTM","Mullet",-0.102512119074171
"GTM","OFrshD",-0.102979585334213
"GTM","OCarp",-0.103447051594255
"GTM","OPelag",-0.103914517854298
"GTM","OMarn",-0.10438198411434
"HND","jbeef",-0.22
"HND","jpork",-0.07
"HND","jlamb",-0.09
"HND","jpoul",-0.07
"HND","jmilk",-0.42
"HND","jmaiz",-0.04
"HND","jrice",-0.01
"HND","jwhea",-0.45
"HND","jbean",0.1864
"HND","jchkp",0.1864
"HND","jcowp",0.1864
"HND","jlent",0.1864
"HND","jpigp",0.1864
"HND","jopul",0.1864
"HND","jbana",0.25
"HND","jplnt",0.25
"HND","jsubf",0.25
"HND","jtemf",0.25
"HND","jvege",0.25
"HND","jsugr",0.2
"HND","jgrnd",0.1864
"HND","jgdnt",0.1864
"HND","jgdol",0.28
"HND","jgdml",0.28
"HND","jrpsd",0.16
"HND","jrpnt",0.16
"HND","jrpol",0.28
"HND","jrpml",0.28
"HND","jsoyb",0.16
"HND","jsbnt",0.16
"HND","jsbol",0.28
"HND","jsbml",0.28
"HND","jsnfl",0.16
"HND","jsfnt",0.16
"HND","jsfol",0.28
"HND","jsfml",0.28
"HND","jpalm",0.16
"HND","jplol",0.28
"HND","jpkrl",0.16
"HND","jpkol",0.28
"HND","jpkml",0.28
"HND","jtols",0.16
"HND","jtont",0.16
"HND","jtool",0.28
"HND","jtoml",0.28
"HND","jcoco",0.25
"HND","jcafe",0.25
"HND","jcott",0.5169
"HND","jteas",0.25
"HND","jothr",0.1864
"HND","Shrimp",-0.0978374564737469
"HND","Crust",-0.0978374564737469
"HND","Salmon",-0.0987723889938319
"HND","Tuna",-0.099707321513917
"HND","Cobswf",-0.100174787773959
"HND","Eelstg",-0.100642254034001
"HND","Tilapia",-0.101109720294044
"HND","Pangas",-0.101577186554086
"HND","Carp",-0.102044652814128
"HND","Mullet",-0.102512119074171
"HND","OFrshD",-0.102979585334213
"HND","OCarp",-0.103447051594255
"HND","OPelag",-0.103914517854298
"HND","OMarn",-0.10438198411434
"HRV","jbeef",0.13197405604212
"HRV","jpork",0.01713498502693
"HRV","jlamb",0.14140443815786
"HRV","jpoul",0.40014588781909
"HRV","jeggs",0.00805424075428007
"HRV","jmilk",0.00859085347854993
"HRV","jbarl",7.15169784992753E-6
"HRV","jmaiz",7.69392840993532E-6
"HRV","jrice",0.01071406139431
"HRV","jwhea",6.79887847621075E-6
"HRV","jocer",1.04671390899203E-5
"HRV","jpota",0.10451378489025
"HRV","jtemf",0.0698634573396599
"HRV","jsugc",0.00257735710249007
"HRV","jsugb",0.00257735710249007
"HRV","jsugr",0.00257735710249007
"HRV","jsugrc",0.00257735710249007
"HRV","jsugrb",0.00257735710249007
"HRV","jgdol",-0.09
"HRV","jgdml",-0.09
"HRV","jrpsd",0.000331113845019937
"HRV","jrpnt",0.000331113845019937
"HRV","jrpol",-0.09
"HRV","jrpml",-0.09
"HRV","jsoyb",0.000278732293869988
"HRV","jsbnt",0.000278732293869988
"HRV","jsbol",-0.09
"HRV","jsbml",-0.09
"HRV","jsnfl",0.000346721511260029
"HRV","jsfnt",0.000346721511260029
"HRV","jsfol",-0.09
"HRV","jsfml",-0.09
"HRV","jpkol",-0.09
"HRV","jpkml",-0.09
"HRV","jtool",-0.09
"HRV","jtoml",-0.09
"HRV","Shrimp",-0.125885432076287
"HRV","Crust",-0.125885432076287
"HRV","Salmon",-0.126820364596372
"HRV","Tuna",-0.127755297116456
"HRV","Cobswf",-0.128222763376499
"HRV","Eelstg",-0.128690229636541
"HRV","Tilapia",-0.129157695896583
"HRV","Pangas",-0.129625162156626
"HRV","Carp",-0.130092628416668
"HRV","Mullet",-0.13056009467671
"HRV","OFrshD",-0.131027560936753
"HRV","OCarp",-0.131495027196795
"HRV","OPelag",-0.131962493456837
"HRV","OMarn",-0.13242995971688
"HTI","jbeef",-0.22
"HTI","jpork",-0.07
"HTI","jlamb",-0.09
"HTI","jpoul",-0.07
"HTI","jmilk",-0.42
"HTI","jmaiz",-0.04
"HTI","jrice",-0.01
"HTI","jwhea",-0.45
"HTI","jbean",0.1864
"HTI","jchkp",0.1864
"HTI","jcowp",0.1864
"HTI","jlent",0.1864
"HTI","jpigp",0.1864
"HTI","jopul",0.1864
"HTI","jbana",0.25
"HTI","jplnt",0.25
"HTI","jsubf",0.25
"HTI","jtemf",0.25
"HTI","jvege",0.25
"HTI","jsugr",0.2
"HTI","jgrnd",0.1864
"HTI","jgdnt",0.1864
"HTI","jgdol",0.28
"HTI","jgdml",0.28
"HTI","jrpsd",0.16
"HTI","jrpnt",0.16
"HTI","jrpol",0.28
"HTI","jrpml",0.28
"HTI","jsoyb",0.16
"HTI","jsbnt",0.16
"HTI","jsbol",0.28
"HTI","jsbml",0.28
"HTI","jsnfl",0.16
"HTI","jsfnt",0.16
"HTI","jsfol",0.28
"HTI","jsfml",0.28
"HTI","jpalm",0.16
"HTI","jplol",0.28
"HTI","jpkrl",0.16
"HTI","jpkol",0.28
"HTI","jpkml",0.28
"HTI","jtols",0.16
"HTI","jtont",0.16
"HTI","jtool",0.28
"HTI","jtoml",0.28
"HTI","jcoco",0.25
"HTI","jcafe",0.25
"HTI","jcott",0.5169
"HTI","jteas",0.25
"HTI","jothr",0.1864
"HTI","Shrimp",-0.0978374564737469
"HTI","Crust",-0.0978374564737469
"HTI","Salmon",-0.0987723889938319
"HTI","Tuna",-0.099707321513917
"HTI","Cobswf",-0.100174787773959
"HTI","Eelstg",-0.100642254034001
"HTI","Tilapia",-0.101109720294044
"HTI","Pangas",-0.101577186554086
"HTI","Carp",-0.102044652814128
"HTI","Mullet",-0.102512119074171
"HTI","OFrshD",-0.102979585334213
"HTI","OCarp",-0.103447051594255
"HTI","OPelag",-0.103914517854298
"HTI","OMarn",-0.10438198411434
"HUN","jbeef",0.13197405604212
"HUN","jpork",0.01713498502693
"HUN","jlamb",0.14140443815786
"HUN","jpoul",0.40014588781909
"HUN","jeggs",0.00805424075428007
"HUN","jmilk",0.00859085347854993
"HUN","jbarl",7.15169784992753E-6
"HUN","jmaiz",7.69392840993532E-6
"HUN","jrice",0.01071406139431
"HUN","jwhea",6.79887847621075E-6
"HUN","jocer",1.04671390899203E-5
"HUN","jpota",0.10451378489025
"HUN","jtemf",0.0698634573396599
"HUN","jsugc",0.00257735710249007
"HUN","jsugb",0.00257735710249007
"HUN","jsugr",0.00257735710249007
"HUN","jsugrc",0.00257735710249007
"HUN","jsugrb",0.00257735710249007
"HUN","jgdol",-0.09
"HUN","jgdml",-0.09
"HUN","jrpsd",0.000331113845019937
"HUN","jrpnt",0.000331113845019937
"HUN","jrpol",-0.09
"HUN","jrpml",-0.09
"HUN","jsoyb",0.000278732293869988
"HUN","jsbnt",0.000278732293869988
"HUN","jsbol",-0.09
"HUN","jsbml",-0.09
"HUN","jsnfl",0.000346721511260029
"HUN","jsfnt",0.000346721511260029
"HUN","jsfol",-0.09
"HUN","jsfml",-0.09
"HUN","jpkol",-0.09
"HUN","jpkml",-0.09
"HUN","jtool",-0.09
"HUN","jtoml",-0.09
"HUN","Shrimp",-0.125885432076287
"HUN","Crust",-0.125885432076287
"HUN","Salmon",-0.126820364596372
"HUN","Tuna",-0.127755297116456
"HUN","Cobswf",-0.128222763376499
"HUN","Eelstg",-0.128690229636541
"HUN","Tilapia",-0.129157695896583
"HUN","Pangas",-0.129625162156626
"HUN","Carp",-0.130092628416668
"HUN","Mullet",-0.13056009467671
"HUN","OFrshD",-0.131027560936753
"HUN","OCarp",-0.131495027196795
"HUN","OPelag",-0.131962493456837
"HUN","OMarn",-0.13242995971688
"IDN","jbeef",0.67309195423142
"IDN","jpoul",0.9999
"IDN","jeggs",0.41681404640962
"IDN","jmilk",-0.1323363600799
"IDN","jmaiz",0.57482023865792
"IDN","jrice",0.43239253836442
"IDN","jchkp",0.0298
"IDN","jpigp",0.0298
"IDN","jopul",0.0298
"IDN","jsugc",0.26898892546556
"IDN","jsugb",0.26898892546556
"IDN","jsugr",0.26898892546556
"IDN","jsugrc",0.26898892546556
"IDN","jsugrb",0.26898892546556
"IDN","jgdml",-0.19
"IDN","jrpml",-0.19
"IDN","jsoyb",0.0249999999999999
"IDN","jsbnt",0.0249999999999999
"IDN","jsbml",-0.19
"IDN","jsfml",-0.19
"IDN","jpalm",-0.38
"IDN","jplol",-0.07419226838479
"IDN","jpkrl",-0.38
"IDN","jpkml",-0.19
"IDN","jtoml",-0.19
"IDN","jteas",0.04
"IDN","jothr",0.0298
"IDN","Shrimp",-0.0230428548669745
"IDN","Crust",-0.0230428548669745
"IDN","Salmon",-0.0239777873870591
"IDN","Tuna",-0.0249127199071438
"IDN","Cobswf",-0.0253801861671861
"IDN","Eelstg",-0.0258476524272284
"IDN","Tilapia",-0.0263151186872708
"IDN","Pangas",-0.0267825849473131
"IDN","Carp",-0.0272500512073554
"IDN","Mullet",-0.0277175174673978
"IDN","OFrshD",-0.0281849837274401
"IDN","OCarp",-0.0286524499874824
"IDN","OPelag",-0.0291199162475247
"IDN","OMarn",-0.0295873825075671
"IND","jbeef",-0.41
"IND","jpork",-0.6
"IND","jlamb",-0.41
"IND","jpoul",-0.41
"IND","jeggs",-0.11
"IND","jbarl",-0.02
"IND","jmaiz",-0.02
"IND","jmill",-0.02
"IND","jrice",0.18
"IND","jsorg",-0.02
"IND","jwhea",-0.19
"IND","jocer",-0.02
"IND","jbean",0.1193
"IND","jchkp",0.1193
"IND","jcowp",0.1193
"IND","jlent",0.1193
"IND","jpigp",0.1193
"IND","jopul",0.1193
"IND","jbana",0.12
"IND","jplnt",0.12
"IND","jsubf",0.12
"IND","jtemf",0.12
"IND","jvege",0.2
"IND","jsugr",0.54
"IND","jgrnd",0.1193
"IND","jgdnt",0.1193
"IND","jcoco",0.12
"IND","jcafe",0.12
"IND","jcott",0.3308
"IND","jteas",0.12
"IND","jothr",0.1193
"IND","Shrimp",0.01
"IND","Crust",0.01
"IND","Salmon",0.3
"IND","Tuna",0.2
"IND","Cobswf",-0.26
"IND","Eelstg",0.05
"IND","Tilapia",-0.23
"IND","Pangas",0.04
"IND","Carp",0.19
"IND","Mullet",-0.1
"IND","OFrshD",0.05
"IND","OCarp",-0.06
"IND","OPelag",0.05
"IND","OMarn",0.01
"IRL","jbeef",0.13197405604212
"IRL","jpork",0.01713498502693
"IRL","jlamb",0.14140443815786
"IRL","jpoul",0.40014588781909
"IRL","jeggs",0.00805424075428007
"IRL","jmilk",0.00859085347854993
"IRL","jbarl",7.15169784992753E-6
"IRL","jmaiz",7.69392840993532E-6
"IRL","jmill",0.58
"IRL","jrice",0.01071406139431
"IRL","jwhea",6.79887847621075E-6
"IRL","jocer",1.04671390899203E-5
"IRL","jpota",0.10451378489025
"IRL","jtemf",0.0698634573396599
"IRL","jsugc",0.00257735710249007
"IRL","jsugb",0.00257735710249007
"IRL","jsugr",0.00257735710249007
"IRL","jsugrc",0.00257735710249007
"IRL","jsugrb",0.00257735710249007
"IRL","jgdol",0.48
"IRL","jgdml",0.48
"IRL","jrpsd",0.000331113845019937
"IRL","jrpnt",0.000331113845019937
"IRL","jrpol",0.48
"IRL","jrpml",0.48
"IRL","jsoyb",0.000278732293869988
"IRL","jsbnt",0.000278732293869988
"IRL","jsbol",0.48
"IRL","jsbml",0.48
"IRL","jsnfl",0.000346721511260029
"IRL","jsfnt",0.000346721511260029
"IRL","jsfol",0.48
"IRL","jsfml",0.48
"IRL","jpalm",0.5
"IRL","jpkrl",0.5
"IRL","jpkol",0.48
"IRL","jpkml",0.48
"IRL","jtool",0.48
"IRL","jtoml",0.48
"IRL","Shrimp",-0.116536106875441
"IRL","Crust",-0.116536106875441
"IRL","Salmon",-0.117471039395525
"IRL","Tuna",-0.11840597191561
"IRL","Cobswf",-0.118873438175652
"IRL","Eelstg",-0.119340904435694
"IRL","Tilapia",-0.119808370695737
"IRL","Pangas",-0.120275836955779
"IRL","Carp",-0.120743303215821
"IRL","Mullet",-0.121210769475864
"IRL","OFrshD",-0.121678235735906
"IRL","OCarp",-0.122145701995948
"IRL","OPelag",-0.122613168255991
"IRL","OMarn",-0.123080634516033
"IRN","jbeef",0.07
"IRN","jpork",0.02
"IRN","jlamb",0.07
"IRN","jpoul",0.02
"IRN","jeggs",0.1
"IRN","jmilk",-0.11
"IRN","jbarl",0.07
"IRN","jmaiz",0.13
"IRN","jmill",0.07
"IRN","jrice",0.07
"IRN","jsorg",0.07
"IRN","jwhea",0.07
"IRN","jocer",0.07
"IRN","jbean",0.0746
"IRN","jchkp",0.0746
"IRN","jcowp",0.0746
"IRN","jlent",0.0746
"IRN","jpigp",0.0746
"IRN","jopul",0.0746
"IRN","jbana",0.1
"IRN","jplnt",0.1
"IRN","jsubf",0.1
"IRN","jtemf",0.1
"IRN","jvege",0.1
"IRN","jsugr",0.2
"IRN","jgrnd",0.0746
"IRN","jgdnt",0.0746
"IRN","jgdol",0.18
"IRN","jgdml",0.18
"IRN","jrpol",0.18
"IRN","jrpml",0.18
"IRN","jsbol",0.18
"IRN","jsbml",0.18
"IRN","jsfol",0.18
"IRN","jsfml",0.18
"IRN","jplol",0.18
"IRN","jpkol",0.18
"IRN","jpkml",0.18
"IRN","jtool",0.18
"IRN","jtoml",0.18
"IRN","jcoco",0.1
"IRN","jcafe",0.1
"IRN","jcott",0.2068
"IRN","jteas",0.1
"IRN","jothr",0.0746
"IRN","Shrimp",-0.144116616217938
"IRN","Crust",-0.144116616217938
"IRN","Salmon",-0.145051548738023
"IRN","Tuna",-0.145986481258107
"IRN","Cobswf",-0.14645394751815
"IRN","Eelstg",-0.146921413778192
"IRN","Tilapia",-0.147388880038234
"IRN","Pangas",-0.147856346298277
"IRN","Carp",-0.148323812558319
"IRN","Mullet",-0.148791278818361
"IRN","OFrshD",-0.149258745078404
"IRN","OCarp",-0.149726211338446
"IRN","OPelag",-0.150193677598488
"IRN","OMarn",-0.150661143858531
"IRQ","jbeef",0.07
"IRQ","jpork",0.02
"IRQ","jlamb",0.07
"IRQ","jpoul",0.02
"IRQ","jeggs",0.1
"IRQ","jmilk",-0.11
"IRQ","jbarl",0.07
"IRQ","jmaiz",0.13
"IRQ","jmill",0.07
"IRQ","jrice",0.07
"IRQ","jsorg",0.07
"IRQ","jwhea",0.07
"IRQ","jocer",0.07
"IRQ","jbean",0.0746
"IRQ","jchkp",0.0746
"IRQ","jcowp",0.0746
"IRQ","jlent",0.0746
"IRQ","jpigp",0.0746
"IRQ","jopul",0.0746
"IRQ","jbana",0.1
"IRQ","jplnt",0.1
"IRQ","jsubf",0.1
"IRQ","jtemf",0.1
"IRQ","jvege",0.1
"IRQ","jsugr",0.2
"IRQ","jgrnd",0.0746
"IRQ","jgdnt",0.0746
"IRQ","jgdol",0.18
"IRQ","jgdml",0.18
"IRQ","jrpol",0.18
"IRQ","jrpml",0.18
"IRQ","jsbol",0.18
"IRQ","jsbml",0.18
"IRQ","jsfol",0.18
"IRQ","jsfml",0.18
"IRQ","jplol",0.18
"IRQ","jpkol",0.18
"IRQ","jpkml",0.18
"IRQ","jtool",0.18
"IRQ","jtoml",0.18
"IRQ","jcoco",0.1
"IRQ","jcafe",0.1
"IRQ","jcott",0.2068
"IRQ","jteas",0.1
"IRQ","jothr",0.0746
"IRQ","Shrimp",-0.144116616217938
"IRQ","Crust",-0.144116616217938
"IRQ","Salmon",-0.145051548738023
"IRQ","Tuna",-0.145986481258107
"IRQ","Cobswf",-0.14645394751815
"IRQ","Eelstg",-0.146921413778192
"IRQ","Tilapia",-0.147388880038234
"IRQ","Pangas",-0.147856346298277
"IRQ","Carp",-0.148323812558319
"IRQ","Mullet",-0.148791278818361
"IRQ","OFrshD",-0.149258745078404
"IRQ","OCarp",-0.149726211338446
"IRQ","OPelag",-0.150193677598488
"IRQ","OMarn",-0.150661143858531
"ISL","jbeef",0.0780442751675701
"ISL","jpork",0.2722609361566
"ISL","jpoul",0.9999
"ISL","jeggs",0.9999
"ISL","jmilk",0.88782448500118
"ISL","jmill",0.58
"ISL","jgdol",0.48
"ISL","jgdml",0.48
"ISL","jrpol",0.48
"ISL","jrpml",0.48
"ISL","jsbol",0.48
"ISL","jsbml",0.48
"ISL","jsfol",0.48
"ISL","jsfml",0.48
"ISL","jpalm",0.5
"ISL","jpkrl",0.5
"ISL","jpkol",0.48
"ISL","jpkml",0.48
"ISL","jtool",0.48
"ISL","jtoml",0.48
"ISL","Shrimp",-0.428940576708617
"ISL","Crust",-0.428940576708617
"ISL","Salmon",-0.430810441748787
"ISL","Tuna",-0.432680306788956
"ISL","Cobswf",-0.433615239309041
"ISL","Eelstg",-0.434550171829125
"ISL","Tilapia",-0.43548510434921
"ISL","Pangas",-0.436420036869295
"ISL","Carp",-0.437354969389379
"ISL","Mullet",-0.438289901909464
"ISL","OFrshD",-0.439224834429549
"ISL","OCarp",-0.440159766949633
"ISL","OPelag",-0.441094699469718
"ISL","OMarn",-0.442029631989803
"ISR","jbeef",0.68561068566773
"ISR","jlamb",0.5
"ISR","jpoul",0.30796724530761
"ISR","jeggs",0.09687352690672
"ISR","jmilk",0.19451494667915
"ISR","jwhea",0.153015482852
"ISR","jbana",0.10470093909368
"ISR","jplnt",0.10470093909368
"ISR","jtemf",0.065358604204635
"ISR","jgdol",0.3
"ISR","jgdml",0.3
"ISR","jrpol",0.3
"ISR","jrpml",0.3
"ISR","jsbol",0.3
"ISR","jsbml",0.3
"ISR","jsfol",0.3
"ISR","jsfml",0.3
"ISR","jpkol",0.3
"ISR","jpkml",0.3
"ISR","jtool",0.3
"ISR","jtoml",0.3
"ISR","jcott",0.23447956498975
"ISR","Shrimp",-0.144116616217938
"ISR","Crust",-0.144116616217938
"ISR","Salmon",-0.145051548738023
"ISR","Tuna",-0.145986481258107
"ISR","Cobswf",-0.14645394751815
"ISR","Eelstg",-0.146921413778192
"ISR","Tilapia",-0.147388880038234
"ISR","Pangas",-0.147856346298277
"ISR","Carp",-0.148323812558319
"ISR","Mullet",-0.148791278818361
"ISR","OFrshD",-0.149258745078404
"ISR","OCarp",-0.149726211338446
"ISR","OPelag",-0.150193677598488
"ISR","OMarn",-0.150661143858531
"ITP","jbeef",0.13197405604212
"ITP","jpork",0.01713498502693
"ITP","jlamb",0.14140443815786
"ITP","jpoul",0.40014588781909
"ITP","jeggs",0.00805424075428007
"ITP","jmilk",0.00859085347854993
"ITP","jbarl",7.15169784992753E-6
"ITP","jmaiz",7.69392840993532E-6
"ITP","jmill",0.58
"ITP","jrice",0.01071406139431
"ITP","jwhea",6.79887847621075E-6
"ITP","jocer",1.04671390899203E-5
"ITP","jpota",0.10451378489025
"ITP","jtemf",0.0698634573396599
"ITP","jsugc",0.00257735710249007
"ITP","jsugb",0.00257735710249007
"ITP","jsugr",0.00257735710249007
"ITP","jsugrc",0.00257735710249007
"ITP","jsugrb",0.00257735710249007
"ITP","jgdol",0.48
"ITP","jgdml",0.48
"ITP","jrpsd",0.000331113845019937
"ITP","jrpnt",0.000331113845019937
"ITP","jrpol",0.48
"ITP","jrpml",0.48
"ITP","jsoyb",0.000278732293869988
"ITP","jsbnt",0.000278732293869988
"ITP","jsbol",0.48
"ITP","jsbml",0.48
"ITP","jsnfl",0.000346721511260029
"ITP","jsfnt",0.000346721511260029
"ITP","jsfol",0.48
"ITP","jsfml",0.48
"ITP","jpalm",0.5
"ITP","jpkrl",0.5
"ITP","jpkol",0.48
"ITP","jpkml",0.48
"ITP","jtool",0.48
"ITP","jtoml",0.48
"ITP","Salmon",-0.135702223537176
"ITP","Tuna",-0.136637156057261
"ITP","Cobswf",-0.137104622317303
"ITP","Eelstg",-0.137572088577345
"ITP","Tilapia",-0.138039554837388
"ITP","Pangas",-0.13850702109743
"ITP","Carp",-0.138974487357472
"ITP","Mullet",-0.139441953617515
"ITP","OFrshD",-0.139909419877557
"ITP","OCarp",-0.140376886137599
"ITP","OPelag",-0.140844352397642
"ITP","OMarn",-0.141311818657684
"JAM","jmaiz",-0.01
"JAM","jrice",-0.02
"JAM","jwhea",-0.01
"JAM","jbean",0.1119
"JAM","jchkp",0.1119
"JAM","jcowp",0.1119
"JAM","jlent",0.1119
"JAM","jpigp",0.1119
"JAM","jopul",0.1119
"JAM","jbana",0.15
"JAM","jplnt",0.15
"JAM","jsubf",0.15
"JAM","jtemf",0.15
"JAM","jvege",0.15
"JAM","jsugr",0.2
"JAM","jgrnd",0.1119
"JAM","jgdnt",0.1119
"JAM","jcoco",0.15
"JAM","jcafe",0.15
"JAM","jcott",0.3102
"JAM","jteas",0.15
"JAM","jothr",0.1119
"JAM","Shrimp",-0.181513917021324
"JAM","Crust",-0.181513917021324
"JAM","Salmon",-0.182448849541409
"JAM","Tuna",-0.183383782061494
"JAM","Cobswf",-0.183851248321536
"JAM","Eelstg",-0.184318714581578
"JAM","Tilapia",-0.184786180841621
"JAM","Pangas",-0.185253647101663
"JAM","Carp",-0.185721113361705
"JAM","Mullet",-0.186188579621748
"JAM","OFrshD",-0.18665604588179
"JAM","OCarp",-0.187123512141832
"JAM","OPelag",-0.187590978401875
"JAM","OMarn",-0.188058444661917
"JOR","jbeef",0.07
"JOR","jpork",0.02
"JOR","jlamb",0.07
"JOR","jpoul",0.02
"JOR","jeggs",0.1
"JOR","jmilk",-0.11
"JOR","jbarl",0.07
"JOR","jmaiz",0.13
"JOR","jmill",0.07
"JOR","jrice",0.07
"JOR","jsorg",0.07
"JOR","jwhea",0.07
"JOR","jocer",0.07
"JOR","jbean",0.0746
"JOR","jchkp",0.0746
"JOR","jcowp",0.0746
"JOR","jlent",0.0746
"JOR","jpigp",0.0746
"JOR","jopul",0.0746
"JOR","jbana",0.1
"JOR","jplnt",0.1
"JOR","jsubf",0.1
"JOR","jtemf",0.1
"JOR","jvege",0.1
"JOR","jsugr",0.2
"JOR","jgrnd",0.0746
"JOR","jgdnt",0.0746
"JOR","jgdol",0.18
"JOR","jgdml",0.18
"JOR","jrpol",0.18
"JOR","jrpml",0.18
"JOR","jsbol",0.18
"JOR","jsbml",0.18
"JOR","jsfol",0.18
"JOR","jsfml",0.18
"JOR","jplol",0.18
"JOR","jpkol",0.18
"JOR","jpkml",0.18
"JOR","jtool",0.18
"JOR","jtoml",0.18
"JOR","jcoco",0.1
"JOR","jcafe",0.1
"JOR","jcott",0.2068
"JOR","jteas",0.1
"JOR","jothr",0.0746
"JOR","Shrimp",-0.144116616217938
"JOR","Crust",-0.144116616217938
"JOR","Salmon",-0.145051548738023
"JOR","Tuna",-0.145986481258107
"JOR","Cobswf",-0.14645394751815
"JOR","Eelstg",-0.146921413778192
"JOR","Tilapia",-0.147388880038234
"JOR","Pangas",-0.147856346298277
"JOR","Carp",-0.148323812558319
"JOR","Mullet",-0.148791278818361
"JOR","OFrshD",-0.149258745078404
"JOR","OCarp",-0.149726211338446
"JOR","OPelag",-0.150193677598488
"JOR","OMarn",-0.150661143858531
"JPN","jbeef",0.47139791760978
"JPN","jpork",0.9999
"JPN","jpoul",0.11758333333333
"JPN","jeggs",0.17115717646705
"JPN","jmilk",0.9999
"JPN","jbarl",0.9999
"JPN","jrice",0.9999
"JPN","jwhea",0.92826436223763
"JPN","jsubf",0.9999
"JPN","jtemf",0.863822961472251
"JPN","jvege",0.9999
"JPN","jsugc",0.9999
"JPN","jsugb",0.9999
"JPN","jsugr",0.9999
"JPN","jsugrc",0.9999
"JPN","jsugrb",0.9999
"JPN","jgdol",0.36
"JPN","jgdml",0.36
"JPN","jrpol",0.36
"JPN","jrpml",0.36
"JPN","jsoyb",0.2300239317828
"JPN","jsbnt",0.2300239317828
"JPN","jsbol",0.36
"JPN","jsbml",0.36
"JPN","jsfol",0.36
"JPN","jsfml",0.36
"JPN","jpalm",0.36
"JPN","jpkrl",0.36
"JPN","jpkol",0.36
"JPN","jpkml",0.36
"JPN","jtool",0.36
"JPN","jtoml",0.36
"JPN","Shrimp",-0.200212567423018
"JPN","Crust",-0.200212567423018
"JPN","Salmon",-0.201147499943102
"JPN","Tuna",-0.202082432463187
"JPN","Cobswf",-0.202549898723229
"JPN","Eelstg",-0.203017364983272
"JPN","Tilapia",-0.203484831243314
"JPN","Pangas",-0.203952297503356
"JPN","Carp",-0.204419763763399
"JPN","Mullet",-0.204887230023441
"JPN","OFrshD",-0.205354696283483
"JPN","OCarp",-0.205822162543525
"JPN","OPelag",-0.206289628803568
"JPN","OMarn",-0.20675709506361
"KAZ","jbeef",0.0237651035592401
"KAZ","jpork",0.43592945263442
"KAZ","jlamb",0.00270391137824011
"KAZ","jpoul",0.22015291056646
"KAZ","jeggs",0.4271973756853
"KAZ","jmilk",0.00989664965956005
"KAZ","jbarl",-0.02521512291743
"KAZ","jmaiz",-0.1762403179284
"KAZ","jrice",-0.23431137601061
"KAZ","jwhea",0.07962101789564
"KAZ","jgdol",-0.04
"KAZ","jgdml",-0.04
"KAZ","jrpol",-0.04
"KAZ","jrpml",-0.04
"KAZ","jsbol",-0.04
"KAZ","jsbml",-0.04
"KAZ","jsnfl",-0.23264572935909
"KAZ","jsfnt",-0.23264572935909
"KAZ","jsfol",-0.04
"KAZ","jsfml",-0.04
"KAZ","jpkol",-0.04
"KAZ","jpkml",-0.04
"KAZ","jtool",-0.04
"KAZ","jtoml",-0.04
"KAZ","jcott",0.54731418603227
"KAZ","Shrimp",-0.125885432076287
"KAZ","Crust",-0.125885432076287
"KAZ","Salmon",-0.126820364596372
"KAZ","Tuna",-0.127755297116456
"KAZ","Cobswf",-0.128222763376499
"KAZ","Eelstg",-0.128690229636541
"KAZ","Tilapia",-0.129157695896583
"KAZ","Pangas",-0.129625162156626
"KAZ","Carp",-0.130092628416668
"KAZ","Mullet",-0.13056009467671
"KAZ","OFrshD",-0.131027560936753
"KAZ","OCarp",-0.131495027196795
"KAZ","OPelag",-0.131962493456837
"KAZ","OMarn",-0.13242995971688
"KEN","jbeef",0.5
"KEN","jpork",0.3
"KEN","jlamb",-0.5
"KEN","jpoul",0.3
"KEN","jeggs",0.1
"KEN","jmilk",-0.1
"KEN","jbarl",-0.06
"KEN","jmaiz",-0.06
"KEN","jmill",-0.06
"KEN","jrice",0.3
"KEN","jsorg",-0.06
"KEN","jwhea",-0.23
"KEN","jocer",-0.06
"KEN","jbean",-0.0969
"KEN","jchkp",-0.0969
"KEN","jcowp",-0.0969
"KEN","jlent",-0.0969
"KEN","jpigp",-0.0969
"KEN","jopul",-0.0969
"KEN","jbana",-0.13
"KEN","jplnt",-0.13
"KEN","jsubf",-0.13
"KEN","jtemf",-0.13
"KEN","jvege",-0.13
"KEN","jsugr",0.3
"KEN","jgrnd",-0.0969
"KEN","jgdnt",-0.0969
"KEN","jgdol",-0.07
"KEN","jgdml",-0.02
"KEN","jrpol",-0.07
"KEN","jrpml",-0.02
"KEN","jsbol",-0.07
"KEN","jsbml",-0.02
"KEN","jsfol",-0.07
"KEN","jsfml",-0.02
"KEN","jplol",-0.07
"KEN","jpkol",-0.07
"KEN","jpkml",-0.02
"KEN","jtool",-0.07
"KEN","jtoml",-0.02
"KEN","jcoco",-0.13
"KEN","jcafe",-0.13
"KEN","jcott",-0.2688
"KEN","jteas",-0.13
"KEN","jothr",-0.0969
"KEN","Shrimp",-0.172164591820478
"KEN","Crust",-0.172164591820478
"KEN","Salmon",-0.173099524340562
"KEN","Tuna",-0.174034456860647
"KEN","Cobswf",-0.174501923120689
"KEN","Eelstg",-0.174969389380732
"KEN","Tilapia",-0.175436855640774
"KEN","Pangas",-0.175904321900816
"KEN","Carp",-0.176371788160859
"KEN","Mullet",-0.176839254420901
"KEN","OFrshD",-0.177306720680943
"KEN","OCarp",-0.177774186940986
"KEN","OPelag",-0.178241653201028
"KEN","OMarn",-0.17870911946107
"KGZ","jbeef",0.23
"KGZ","jpork",0.22
"KGZ","jlamb",0.21
"KGZ","jpoul",0.24
"KGZ","jeggs",0.22
"KGZ","jmilk",0.37
"KGZ","jrice",0.2
"KGZ","jwhea",-0.15
"KGZ","jgdol",-0.04
"KGZ","jgdml",-0.04
"KGZ","jrpol",-0.04
"KGZ","jrpml",-0.04
"KGZ","jsbol",-0.04
"KGZ","jsbml",-0.04
"KGZ","jsfol",-0.04
"KGZ","jsfml",-0.04
"KGZ","jplol",-0.04
"KGZ","jpkol",-0.04
"KGZ","jpkml",-0.04
"KGZ","jtool",-0.04
"KGZ","jtoml",-0.04
"KGZ","Shrimp",-0.125885432076287
"KGZ","Crust",-0.125885432076287
"KGZ","Salmon",-0.126820364596372
"KGZ","Tuna",-0.127755297116456
"KGZ","Cobswf",-0.128222763376499
"KGZ","Eelstg",-0.128690229636541
"KGZ","Tilapia",-0.129157695896583
"KGZ","Pangas",-0.129625162156626
"KGZ","Carp",-0.130092628416668
"KGZ","Mullet",-0.13056009467671
"KGZ","OFrshD",-0.131027560936753
"KGZ","OCarp",-0.131495027196795
"KGZ","OPelag",-0.131962493456837
"KGZ","OMarn",-0.13242995971688
"KHM","jbeef",0.15
"KHM","jpork",0.16
"KHM","jpoul",0.16
"KHM","jmilk",0.08
"KHM","jmaiz",-0.01
"KHM","jrice",-0.02
"KHM","jwhea",-0.01
"KHM","jbean",0.0895
"KHM","jchkp",0.0895
"KHM","jcowp",0.0895
"KHM","jlent",0.0895
"KHM","jpigp",0.0895
"KHM","jopul",0.0895
"KHM","jbana",0.12
"KHM","jplnt",0.12
"KHM","jsubf",0.12
"KHM","jtemf",0.12
"KHM","jvege",0.12
"KHM","jsugr",0.2
"KHM","jgrnd",0.0895
"KHM","jgdnt",0.0895
"KHM","jgdol",-0.01
"KHM","jgdml",-0.01
"KHM","jrpol",-0.01
"KHM","jrpml",-0.01
"KHM","jsbol",-0.01
"KHM","jsbml",-0.01
"KHM","jsfol",-0.01
"KHM","jsfml",-0.01
"KHM","jplol",-0.01
"KHM","jpkol",-0.01
"KHM","jpkml",-0.01
"KHM","jtool",-0.01
"KHM","jtoml",-0.01
"KHM","jcoco",0.12
"KHM","jcafe",0.12
"KHM","jcott",0.2481
"KHM","jteas",0.12
"KHM","jothr",0.0895
"KHM","Shrimp",-0.0510908304695143
"KHM","Crust",-0.0510908304695143
"KHM","Salmon",-0.0520257629895989
"KHM","Tuna",-0.0529606955096837
"KHM","Cobswf",-0.0534281617697259
"KHM","Eelstg",-0.0538956280297683
"KHM","Tilapia",-0.0543630942898106
"KHM","Pangas",-0.0548305605498529
"KHM","Carp",-0.0552980268098952
"KHM","Mullet",-0.0557654930699375
"KHM","OFrshD",-0.0562329593299799
"KHM","OCarp",-0.0567004255900222
"KHM","OPelag",-0.0571678918500646
"KHM","OMarn",-0.0576353581101069
"KOR","jbeef",0.44598873505839
"KOR","jpork",0.9999
"KOR","jpoul",0.87408957786078
"KOR","jeggs",0.06679265178053
"KOR","jmilk",0.77211651020992
"KOR","jbarl",0.9999
"KOR","jrice",0.7404780823244
"KOR","jchkp",0.0447
"KOR","jpigp",0.0447
"KOR","jopul",0.0447
"KOR","jvege",0.9999
"KOR","jgdol",0.82
"KOR","jgdml",0.82
"KOR","jrpol",0.82
"KOR","jrpml",0.82
"KOR","jsoyb",0.9999
"KOR","jsbnt",0.9999
"KOR","jsbol",0.82
"KOR","jsbml",0.82
"KOR","jsfol",0.82
"KOR","jsfml",0.82
"KOR","jpalm",0.82
"KOR","jpkrl",0.82
"KOR","jpkol",0.82
"KOR","jpkml",0.82
"KOR","jtool",0.82
"KOR","jtoml",0.82
"KOR","jteas",0.06
"KOR","jothr",0.0447
"KOR","Shrimp",-0.190863242222171
"KOR","Crust",-0.190863242222171
"KOR","Salmon",-0.191798174742256
"KOR","Tuna",-0.19273310726234
"KOR","Cobswf",-0.193200573522383
"KOR","Eelstg",-0.193668039782425
"KOR","Tilapia",-0.194135506042467
"KOR","Pangas",-0.19460297230251
"KOR","Carp",-0.195070438562552
"KOR","Mullet",-0.195537904822594
"KOR","OFrshD",-0.196005371082637
"KOR","OCarp",-0.196472837342679
"KOR","OPelag",-0.196940303602721
"KOR","OMarn",-0.197407769862764
"LAO","jbeef",0.15
"LAO","jpork",0.16
"LAO","jpoul",0.16
"LAO","jmilk",0.08
"LAO","jmaiz",-0.01
"LAO","jrice",-0.02
"LAO","jwhea",-0.01
"LAO","jbean",0.0895
"LAO","jchkp",0.0895
"LAO","jcowp",0.0895
"LAO","jlent",0.0895
"LAO","jpigp",0.0895
"LAO","jopul",0.0895
"LAO","jbana",0.12
"LAO","jplnt",0.12
"LAO","jsubf",0.12
"LAO","jtemf",0.12
"LAO","jvege",0.12
"LAO","jsugr",0.2
"LAO","jgrnd",0.0895
"LAO","jgdnt",0.0895
"LAO","jgdol",-0.01
"LAO","jgdml",-0.01
"LAO","jrpol",-0.01
"LAO","jrpml",-0.01
"LAO","jsbol",-0.01
"LAO","jsbml",-0.01
"LAO","jsfol",-0.01
"LAO","jsfml",-0.01
"LAO","jplol",-0.01
"LAO","jpkol",-0.01
"LAO","jpkml",-0.01
"LAO","jtool",-0.01
"LAO","jtoml",-0.01
"LAO","jcoco",0.12
"LAO","jcafe",0.12
"LAO","jcott",0.2481
"LAO","jteas",0.12
"LAO","jothr",0.0895
"LAO","Shrimp",-0.0510908304695143
"LAO","Crust",-0.0510908304695143
"LAO","Salmon",-0.0520257629895989
"LAO","Tuna",-0.0529606955096837
"LAO","Cobswf",-0.0534281617697259
"LAO","Eelstg",-0.0538956280297683
"LAO","Tilapia",-0.0543630942898106
"LAO","Pangas",-0.0548305605498529
"LAO","Carp",-0.0552980268098952
"LAO","Mullet",-0.0557654930699375
"LAO","OFrshD",-0.0562329593299799
"LAO","OCarp",-0.0567004255900222
"LAO","OPelag",-0.0571678918500646
"LAO","OMarn",-0.0576353581101069
"LBN","jbeef",0.07
"LBN","jpork",0.02
"LBN","jlamb",0.07
"LBN","jpoul",0.02
"LBN","jeggs",0.1
"LBN","jmilk",-0.11
"LBN","jbarl",0.07
"LBN","jmaiz",0.13
"LBN","jmill",0.07
"LBN","jrice",0.07
"LBN","jsorg",0.07
"LBN","jwhea",0.07
"LBN","jocer",0.07
"LBN","jbean",0.0746
"LBN","jchkp",0.0746
"LBN","jcowp",0.0746
"LBN","jlent",0.0746
"LBN","jpigp",0.0746
"LBN","jopul",0.0746
"LBN","jbana",0.1
"LBN","jplnt",0.1
"LBN","jsubf",0.1
"LBN","jtemf",0.1
"LBN","jvege",0.1
"LBN","jsugr",0.2
"LBN","jgrnd",0.0746
"LBN","jgdnt",0.0746
"LBN","jgdol",0.18
"LBN","jgdml",0.18
"LBN","jrpol",0.18
"LBN","jrpml",0.18
"LBN","jsbol",0.18
"LBN","jsbml",0.18
"LBN","jsfol",0.18
"LBN","jsfml",0.18
"LBN","jplol",0.18
"LBN","jpkol",0.18
"LBN","jpkml",0.18
"LBN","jtool",0.18
"LBN","jtoml",0.18
"LBN","jcoco",0.1
"LBN","jcafe",0.1
"LBN","jcott",0.2068
"LBN","jteas",0.1
"LBN","jothr",0.0746
"LBN","Shrimp",-0.144116616217938
"LBN","Crust",-0.144116616217938
"LBN","Salmon",-0.145051548738023
"LBN","Tuna",-0.145986481258107
"LBN","Cobswf",-0.14645394751815
"LBN","Eelstg",-0.146921413778192
"LBN","Tilapia",-0.147388880038234
"LBN","Pangas",-0.147856346298277
"LBN","Carp",-0.148323812558319
"LBN","Mullet",-0.148791278818361
"LBN","OFrshD",-0.149258745078404
"LBN","OCarp",-0.149726211338446
"LBN","OPelag",-0.150193677598488
"LBN","OMarn",-0.150661143858531
"LBR","jbeef",0.43
"LBR","jpork",0.28
"LBR","jlamb",0.28
"LBR","jpoul",0.1
"LBR","jeggs",0.1
"LBR","jbarl",-0.23
"LBR","jmaiz",-0.23
"LBR","jmill",-0.23
"LBR","jrice",0.41
"LBR","jsorg",-0.23
"LBR","jwhea",-0.2
"LBR","jocer",-0.23
"LBR","jbean",-0.0969
"LBR","jchkp",-0.0969
"LBR","jcowp",-0.0969
"LBR","jlent",-0.0969
"LBR","jpigp",-0.0969
"LBR","jopul",-0.0969
"LBR","jbana",-0.13
"LBR","jplnt",-0.13
"LBR","jsubf",-0.13
"LBR","jtemf",-0.13
"LBR","jvege",-0.13
"LBR","jsugr",0.3
"LBR","jgrnd",-0.0969
"LBR","jgdnt",-0.0969
"LBR","jgdol",-0.07
"LBR","jgdml",-0.07
"LBR","jrpol",-0.07
"LBR","jrpml",-0.07
"LBR","jsbol",-0.07
"LBR","jsbml",-0.07
"LBR","jsfol",-0.07
"LBR","jsfml",-0.07
"LBR","jplol",-0.07
"LBR","jpkol",-0.07
"LBR","jpkml",-0.07
"LBR","jtool",-0.07
"LBR","jtoml",-0.07
"LBR","jcoco",-0.13
"LBR","jcafe",-0.13
"LBR","jcott",-0.2688
"LBR","jteas",-0.13
"LBR","jothr",-0.0969
"LBR","Shrimp",-0.153465941418785
"LBR","Crust",-0.153465941418785
"LBR","Salmon",-0.154400873938869
"LBR","Tuna",-0.155335806458954
"LBR","Cobswf",-0.155803272718996
"LBR","Eelstg",-0.156270738979039
"LBR","Tilapia",-0.156738205239081
"LBR","Pangas",-0.157205671499123
"LBR","Carp",-0.157673137759166
"LBR","Mullet",-0.158140604019208
"LBR","OFrshD",-0.15860807027925
"LBR","OCarp",-0.159075536539293
"LBR","OPelag",-0.159543002799335
"LBR","OMarn",-0.160010469059377
"LBY","jbeef",0.07
"LBY","jpork",0.02
"LBY","jlamb",0.07
"LBY","jpoul",0.02
"LBY","jeggs",0.1
"LBY","jmilk",-0.11
"LBY","jbarl",0.07
"LBY","jmaiz",0.13
"LBY","jmill",0.07
"LBY","jrice",0.07
"LBY","jsorg",0.07
"LBY","jwhea",0.07
"LBY","jocer",0.07
"LBY","jbean",0.0746
"LBY","jchkp",0.0746
"LBY","jcowp",0.0746
"LBY","jlent",0.0746
"LBY","jpigp",0.0746
"LBY","jopul",0.0746
"LBY","jbana",0.1
"LBY","jplnt",0.1
"LBY","jsubf",0.1
"LBY","jtemf",0.1
"LBY","jvege",0.1
"LBY","jsugr",0.2
"LBY","jgrnd",0.0746
"LBY","jgdnt",0.0746
"LBY","jgdol",0.18
"LBY","jgdml",0.18
"LBY","jrpol",0.18
"LBY","jrpml",0.18
"LBY","jsbol",0.18
"LBY","jsbml",0.18
"LBY","jsfol",0.18
"LBY","jsfml",0.18
"LBY","jplol",0.18
"LBY","jpkol",0.18
"LBY","jpkml",0.18
"LBY","jtool",0.18
"LBY","jtoml",0.18
"LBY","jcoco",0.1
"LBY","jcafe",0.1
"LBY","jcott",0.2068
"LBY","jteas",0.1
"LBY","jothr",0.0746
"LBY","Shrimp",-0.144116616217938
"LBY","Crust",-0.144116616217938
"LBY","Salmon",-0.145051548738023
"LBY","Tuna",-0.145986481258107
"LBY","Cobswf",-0.14645394751815
"LBY","Eelstg",-0.146921413778192
"LBY","Tilapia",-0.147388880038234
"LBY","Pangas",-0.147856346298277
"LBY","Carp",-0.148323812558319
"LBY","Mullet",-0.148791278818361
"LBY","OFrshD",-0.149258745078404
"LBY","OCarp",-0.149726211338446
"LBY","OPelag",-0.150193677598488
"LBY","OMarn",-0.150661143858531
"LKA","jbeef",-0.55
"LKA","jpork",-0.69
"LKA","jlamb",-0.55
"LKA","jpoul",-0.19
"LKA","jeggs",-0.1
"LKA","jmilk",-0.41
"LKA","jmaiz",-0.07
"LKA","jrice",0.1
"LKA","jwhea",-0.01
"LKA","jbean",0.1305
"LKA","jchkp",0.1305
"LKA","jcowp",0.1305
"LKA","jlent",0.1305
"LKA","jpigp",0.1305
"LKA","jopul",0.1305
"LKA","jbana",0.15
"LKA","jplnt",0.15
"LKA","jsubf",0.15
"LKA","jtemf",0.15
"LKA","jvege",0.2
"LKA","jsugr",0.3
"LKA","jgrnd",0.1305
"LKA","jgdnt",0.1305
"LKA","jgdol",-0.06
"LKA","jrpol",-0.06
"LKA","jsbol",-0.06
"LKA","jsfol",-0.06
"LKA","jplol",-0.06
"LKA","jpkol",-0.06
"LKA","jtool",-0.06
"LKA","jcoco",0.15
"LKA","jcafe",0.15
"LKA","jcott",0.3619
"LKA","jteas",0.15
"LKA","jothr",0.1305
"LKA","Shrimp",-0.00434420446528135
"LKA","Crust",-0.00434420446528135
"LKA","Salmon",-0.00527913698536595
"LKA","Tuna",-0.00621406950545064
"LKA","Cobswf",-0.00668153576549294
"LKA","Eelstg",-0.00714900202553535
"LKA","Tilapia",-0.00761646828557765
"LKA","Pangas",-0.00808393454561995
"LKA","Carp",-0.00855140080566225
"LKA","Mullet",-0.00901886706570464
"LKA","OFrshD",-0.00948633332574694
"LKA","OCarp",-0.00995379958578924
"LKA","OPelag",-0.0104212658458316
"LKA","OMarn",-0.0108887321058739
"LSO","jbeef",0.24
"LSO","jeggs",0.09
"LSO","jmilk",-0.29
"LSO","jbarl",-0.2
"LSO","jmaiz",-0.2
"LSO","jmill",-0.2
"LSO","jrice",0.12
"LSO","jsorg",-0.2
"LSO","jwhea",-0.25
"LSO","jocer",-0.2
"LSO","jbean",-0.0522
"LSO","jchkp",-0.0522
"LSO","jcowp",-0.0522
"LSO","jlent",-0.0522
"LSO","jpigp",-0.0522
"LSO","jopul",-0.0522
"LSO","jbana",-0.07
"LSO","jplnt",-0.07
"LSO","jsubf",-0.07
"LSO","jtemf",-0.07
"LSO","jvege",-0.07
"LSO","jsugr",0.3
"LSO","jgrnd",-0.0522
"LSO","jgdnt",-0.0522
"LSO","jgdol",-0.07
"LSO","jgdml",-0.07
"LSO","jrpol",-0.07
"LSO","jrpml",-0.07
"LSO","jsbol",-0.07
"LSO","jsbml",-0.07
"LSO","jsfol",-0.07
"LSO","jsfml",-0.07
"LSO","jplol",-0.07
"LSO","jpkol",-0.07
"LSO","jpkml",-0.07
"LSO","jtool",-0.07
"LSO","jtoml",-0.07
"LSO","jcoco",-0.07
"LSO","jcafe",-0.07
"LSO","jcott",-0.1447
"LSO","jteas",-0.07
"LSO","jothr",-0.0522
"LSO","Shrimp",-0.162815266619631
"LSO","Crust",-0.162815266619631
"LSO","Salmon",-0.163750199139716
"LSO","Tuna",-0.1646851316598
"LSO","Cobswf",-0.165152597919843
"LSO","Eelstg",-0.165620064179885
"LSO","Tilapia",-0.166087530439927
"LSO","Pangas",-0.16655499669997
"LSO","Carp",-0.167022462960012
"LSO","Mullet",-0.167489929220054
"LSO","OFrshD",-0.167957395480097
"LSO","OCarp",-0.168424861740139
"LSO","OPelag",-0.168892328000181
"LSO","OMarn",-0.169359794260224
"MDA","jbeef",0.14
"MDA","jpork",0.1
"MDA","jlamb",0.06
"MDA","jpoul",0.21
"MDA","jeggs",0.44
"MDA","jmilk",0.29
"MDA","jwhea",0.02
"MDA","jgdol",-0.09
"MDA","jgdml",-0.09
"MDA","jrpol",-0.09
"MDA","jrpml",-0.09
"MDA","jsbol",-0.09
"MDA","jsbml",-0.09
"MDA","jsfol",-0.09
"MDA","jsfml",-0.09
"MDA","jplol",-0.09
"MDA","jpkol",-0.09
"MDA","jpkml",-0.09
"MDA","jtool",-0.09
"MDA","jtoml",-0.09
"MDA","Shrimp",-0.125885432076287
"MDA","Crust",-0.125885432076287
"MDA","Salmon",-0.126820364596372
"MDA","Tuna",-0.127755297116456
"MDA","Cobswf",-0.128222763376499
"MDA","Eelstg",-0.128690229636541
"MDA","Tilapia",-0.129157695896583
"MDA","Pangas",-0.129625162156626
"MDA","Carp",-0.130092628416668
"MDA","Mullet",-0.13056009467671
"MDA","OFrshD",-0.131027560936753
"MDA","OCarp",-0.131495027196795
"MDA","OPelag",-0.131962493456837
"MDA","OMarn",-0.13242995971688
"MDG","jbeef",0.24
"MDG","jeggs",0.09
"MDG","jmilk",-0.29
"MDG","jbarl",-0.2
"MDG","jmaiz",-0.2
"MDG","jmill",-0.2
"MDG","jrice",0.12
"MDG","jsorg",-0.2
"MDG","jwhea",-0.25
"MDG","jocer",-0.2
"MDG","jbean",-0.0522
"MDG","jchkp",-0.0522
"MDG","jcowp",-0.0522
"MDG","jlent",-0.0522
"MDG","jpigp",-0.0522
"MDG","jopul",-0.0522
"MDG","jbana",-0.07
"MDG","jplnt",-0.07
"MDG","jsubf",-0.07
"MDG","jtemf",-0.07
"MDG","jvege",-0.07
"MDG","jsugr",0.3
"MDG","jgrnd",-0.0522
"MDG","jgdnt",-0.0522
"MDG","jgdol",-0.07
"MDG","jgdml",-0.07
"MDG","jrpol",-0.07
"MDG","jrpml",-0.07
"MDG","jsbol",-0.07
"MDG","jsbml",-0.07
"MDG","jsfol",-0.07
"MDG","jsfml",-0.07
"MDG","jplol",-0.07
"MDG","jpkol",-0.07
"MDG","jpkml",-0.07
"MDG","jtool",-0.07
"MDG","jtoml",-0.07
"MDG","jcoco",-0.07
"MDG","jcafe",-0.07
"MDG","jcott",-0.1447
"MDG","jteas",-0.07
"MDG","jothr",-0.0522
"MDG","Shrimp",-0.172164591820478
"MDG","Crust",-0.172164591820478
"MDG","Salmon",-0.173099524340562
"MDG","Tuna",-0.174034456860647
"MDG","Cobswf",-0.174501923120689
"MDG","Eelstg",-0.174969389380732
"MDG","Tilapia",-0.175436855640774
"MDG","Pangas",-0.175904321900816
"MDG","Carp",-0.176371788160859
"MDG","Mullet",-0.176839254420901
"MDG","OFrshD",-0.177306720680943
"MDG","OCarp",-0.177774186940986
"MDG","OPelag",-0.178241653201028
"MDG","OMarn",-0.17870911946107
"MEX","jpoul",0.13666762300077
"MEX","jmilk",8.55174503699985E-5
"MEX","jmaiz",0.00377441750887009
"MEX","jrice",0.08224873592932
"MEX","jwhea",0.02625070555538
"MEX","jbean",0.5797070698096
"MEX","jsugc",0.13127771784896
"MEX","jsugb",0.13127771784896
"MEX","jsugr",0.13127771784896
"MEX","jsugrc",0.13127771784896
"MEX","jsugrb",0.13127771784896
"MEX","jgdol",0.12
"MEX","jgdml",0.12
"MEX","jrpol",0.12
"MEX","jrpml",0.12
"MEX","jsbol",0.12
"MEX","jsbml",0.12
"MEX","jsfol",0.12
"MEX","jsfml",0.12
"MEX","jpalm",0.12
"MEX","jpkrl",0.12
"MEX","jpkol",0.12
"MEX","jpkml",0.12
"MEX","jtool",0.12
"MEX","jtoml",0.12
"MEX","Shrimp",-0.069789480871208
"MEX","Crust",-0.069789480871208
"MEX","Salmon",-0.070724413391292
"MEX","Tuna",-0.0716593459113769
"MEX","Cobswf",-0.0721268121714189
"MEX","Eelstg",-0.0725942784314619
"MEX","Tilapia",-0.0730617446915039
"MEX","Pangas",-0.0735292109515459
"MEX","Carp",-0.073996677211588
"MEX","Mullet",-0.0744641434716309
"MEX","OFrshD",-0.074931609731673
"MEX","OCarp",-0.0753990759917149
"MEX","OPelag",-0.075866542251758
"MEX","OMarn",-0.0763340085117999
"MLI","jbeef",0.28
"MLI","jpork",0.08
"MLI","jlamb",0.16
"MLI","jpoul",0.08
"MLI","jbarl",-0.17
"MLI","jmaiz",-0.17
"MLI","jmill",-0.17
"MLI","jrice",-0.34
"MLI","jsorg",-0.17
"MLI","jwhea",-0.29
"MLI","jocer",-0.17
"MLI","jbean",-0.1044
"MLI","jchkp",-0.1044
"MLI","jcowp",-0.1044
"MLI","jlent",-0.1044
"MLI","jpigp",-0.1044
"MLI","jopul",-0.1044
"MLI","jbana",-0.14
"MLI","jplnt",-0.14
"MLI","jsubf",-0.14
"MLI","jtemf",-0.14
"MLI","jvege",-0.14
"MLI","jsugr",0.3
"MLI","jgrnd",-0.1044
"MLI","jgdnt",-0.1044
"MLI","jgdol",-0.03
"MLI","jgdml",-0.03
"MLI","jrpol",-0.03
"MLI","jrpml",-0.03
"MLI","jsbol",-0.03
"MLI","jsbml",-0.03
"MLI","jsfol",-0.03
"MLI","jsfml",-0.03
"MLI","jplol",-0.03
"MLI","jpkol",-0.03
"MLI","jpkml",-0.03
"MLI","jtool",-0.03
"MLI","jtoml",-0.03
"MLI","jcoco",-0.14
"MLI","jcafe",-0.14
"MLI","jcott",-0.2895
"MLI","jteas",-0.14
"MLI","jothr",-0.1044
"MLI","Shrimp",-0.153465941418785
"MLI","Crust",-0.153465941418785
"MLI","Salmon",-0.154400873938869
"MLI","Tuna",-0.155335806458954
"MLI","Cobswf",-0.155803272718996
"MLI","Eelstg",-0.156270738979039
"MLI","Tilapia",-0.156738205239081
"MLI","Pangas",-0.157205671499123
"MLI","Carp",-0.157673137759166
"MLI","Mullet",-0.158140604019208
"MLI","OFrshD",-0.15860807027925
"MLI","OCarp",-0.159075536539293
"MLI","OPelag",-0.159543002799335
"MLI","OMarn",-0.160010469059377
"MMR","jbeef",0.15
"MMR","jpork",0.16
"MMR","jpoul",0.16
"MMR","jmilk",0.08
"MMR","jmaiz",-0.01
"MMR","jrice",-0.02
"MMR","jwhea",-0.01
"MMR","jbean",0.1715
"MMR","jchkp",0.1715
"MMR","jcowp",0.1715
"MMR","jlent",0.1715
"MMR","jpigp",0.1715
"MMR","jopul",0.1715
"MMR","jbana",0.23
"MMR","jplnt",0.23
"MMR","jsubf",0.23
"MMR","jtemf",0.23
"MMR","jvege",0.23
"MMR","jsugr",0.2
"MMR","jgrnd",0.1715
"MMR","jgdnt",0.1715
"MMR","jgdol",-0.01
"MMR","jgdml",-0.01
"MMR","jrpol",-0.01
"MMR","jrpml",-0.01
"MMR","jsbol",-0.01
"MMR","jsbml",-0.01
"MMR","jsfol",-0.01
"MMR","jsfml",-0.01
"MMR","jplol",-0.01
"MMR","jpkol",-0.01
"MMR","jpkml",-0.01
"MMR","jtool",-0.01
"MMR","jtoml",-0.01
"MMR","jcoco",0.23
"MMR","jcafe",0.23
"MMR","jcott",0.4756
"MMR","jteas",0.23
"MMR","jothr",0.1715
"MMR","Shrimp",-0.0323921800678212
"MMR","Crust",-0.0323921800678212
"MMR","Salmon",-0.0333271125879058
"MMR","Tuna",-0.0342620451079904
"MMR","Cobswf",-0.0347295113680327
"MMR","Eelstg",-0.035196977628075
"MMR","Tilapia",-0.0356644438881175
"MMR","Pangas",-0.0361319101481597
"MMR","Carp",-0.0365993764082021
"MMR","Mullet",-0.0370668426682444
"MMR","OFrshD",-0.0375343089282867
"MMR","OCarp",-0.038001775188329
"MMR","OPelag",-0.0384692414483713
"MMR","OMarn",-0.0389367077084137
"MNG","jmilk",0.66
"MNG","jbarl",0.38
"MNG","jmaiz",-0.01
"MNG","jmill",0.38
"MNG","jrice",-0.02
"MNG","jsorg",0.38
"MNG","jwhea",-0.01
"MNG","jocer",0.38
"MNG","jbean",0.1119
"MNG","jchkp",0.1119
"MNG","jcowp",0.1119
"MNG","jlent",0.1119
"MNG","jpigp",0.1119
"MNG","jopul",0.1119
"MNG","jbana",0.15
"MNG","jplnt",0.15
"MNG","jsubf",0.15
"MNG","jtemf",0.15
"MNG","jvege",0.15
"MNG","jsugr",0.2
"MNG","jgrnd",0.1119
"MNG","jgdnt",0.1119
"MNG","jgdol",-0.01
"MNG","jgdml",-0.01
"MNG","jrpol",-0.01
"MNG","jrpml",-0.01
"MNG","jsbol",-0.01
"MNG","jsbml",-0.01
"MNG","jsfol",-0.01
"MNG","jsfml",-0.01
"MNG","jplol",-0.01
"MNG","jpkol",-0.01
"MNG","jpkml",-0.01
"MNG","jtool",-0.01
"MNG","jtoml",-0.01
"MNG","jcoco",0.15
"MNG","jcafe",0.15
"MNG","jcott",0.3102
"MNG","jteas",0.15
"MNG","jothr",0.1119
"MNG","Shrimp",0.04
"MNG","Crust",0.04
"MNG","Salmon",-0.1
"MNG","Tuna",-0.06
"MNG","Cobswf",0.05
"MNG","Eelstg",0.01
"MNG","Tilapia",0.02
"MNG","Pangas",0.3
"MNG","Mullet",0.2
"MNG","OFrshD",-0.26
"MNG","OCarp",0.05
"MNG","OPelag",-0.23
"MNG","OMarn",0.04
"MOR","jbeef",0.07
"MOR","jpork",0.02
"MOR","jlamb",0.07
"MOR","jpoul",0.02
"MOR","jeggs",0.1
"MOR","jmilk",-0.11
"MOR","jbarl",0.07
"MOR","jmaiz",0.13
"MOR","jmill",0.07
"MOR","jrice",0.07
"MOR","jsorg",0.07
"MOR","jwhea",0.07
"MOR","jocer",0.07
"MOR","jbean",0.0746
"MOR","jchkp",0.0746
"MOR","jcowp",0.0746
"MOR","jlent",0.0746
"MOR","jpigp",0.0746
"MOR","jopul",0.0746
"MOR","jbana",0.1
"MOR","jplnt",0.1
"MOR","jsubf",0.1
"MOR","jtemf",0.1
"MOR","jvege",0.1
"MOR","jsugr",0.2
"MOR","jgrnd",0.0746
"MOR","jgdnt",0.0746
"MOR","jgdol",0.18
"MOR","jgdml",0.18
"MOR","jrpol",0.18
"MOR","jrpml",0.18
"MOR","jsbol",0.18
"MOR","jsbml",0.18
"MOR","jsfol",0.18
"MOR","jsfml",0.18
"MOR","jplol",0.18
"MOR","jpkol",0.18
"MOR","jpkml",0.18
"MOR","jtool",0.18
"MOR","jtoml",0.18
"MOR","jcoco",0.1
"MOR","jcafe",0.1
"MOR","jcott",0.2068
"MOR","jteas",0.1
"MOR","jothr",0.0746
"MOR","Shrimp",-0.144116616217938
"MOR","Crust",-0.144116616217938
"MOR","Salmon",-0.145051548738023
"MOR","Tuna",-0.145986481258107
"MOR","Cobswf",-0.14645394751815
"MOR","Eelstg",-0.146921413778192
"MOR","Tilapia",-0.147388880038234
"MOR","Pangas",-0.147856346298277
"MOR","Carp",-0.148323812558319
"MOR","Mullet",-0.148791278818361
"MOR","OFrshD",-0.149258745078404
"MOR","OCarp",-0.149726211338446
"MOR","OPelag",-0.150193677598488
"MOR","OMarn",-0.150661143858531
"MOZ","jbeef",0.24
"MOZ","jeggs",0.09
"MOZ","jmilk",-0.29
"MOZ","jbarl",-0.2
"MOZ","jmaiz",-0.2
"MOZ","jmill",-0.2
"MOZ","jrice",0.12
"MOZ","jsorg",-0.2
"MOZ","jwhea",-0.25
"MOZ","jocer",-0.2
"MOZ","jbean",-0.0522
"MOZ","jchkp",-0.0522
"MOZ","jcowp",-0.0522
"MOZ","jlent",-0.0522
"MOZ","jpigp",-0.0522
"MOZ","jopul",-0.0522
"MOZ","jbana",-0.07
"MOZ","jplnt",-0.07
"MOZ","jsubf",-0.07
"MOZ","jtemf",-0.07
"MOZ","jvege",-0.07
"MOZ","jsugr",0.3
"MOZ","jgrnd",-0.0522
"MOZ","jgdnt",-0.0522
"MOZ","jgdol",-0.07
"MOZ","jgdml",-0.07
"MOZ","jrpol",-0.07
"MOZ","jrpml",-0.07
"MOZ","jsbol",-0.07
"MOZ","jsbml",-0.07
"MOZ","jsfol",-0.07
"MOZ","jsfml",-0.07
"MOZ","jplol",-0.07
"MOZ","jpkol",-0.07
"MOZ","jpkml",-0.07
"MOZ","jtool",-0.07
"MOZ","jtoml",-0.07
"MOZ","jcoco",-0.07
"MOZ","jcafe",-0.07
"MOZ","jcott",-0.1447
"MOZ","jteas",-0.07
"MOZ","jothr",-0.0522
"MOZ","Shrimp",-0.172164591820478
"MOZ","Crust",-0.172164591820478
"MOZ","Salmon",-0.173099524340562
"MOZ","Tuna",-0.174034456860647
"MOZ","Cobswf",-0.174501923120689
"MOZ","Eelstg",-0.174969389380732
"MOZ","Tilapia",-0.175436855640774
"MOZ","Pangas",-0.175904321900816
"MOZ","Carp",-0.176371788160859
"MOZ","Mullet",-0.176839254420901
"MOZ","OFrshD",-0.177306720680943
"MOZ","OCarp",-0.177774186940986
"MOZ","OPelag",-0.178241653201028
"MOZ","OMarn",-0.17870911946107
"MRT","jbeef",0.28
"MRT","jpork",0.08
"MRT","jlamb",0.16
"MRT","jpoul",0.08
"MRT","jbarl",-0.17
"MRT","jmaiz",-0.17
"MRT","jmill",-0.17
"MRT","jrice",-0.34
"MRT","jsorg",-0.17
"MRT","jwhea",-0.29
"MRT","jocer",-0.17
"MRT","jbean",-0.1044
"MRT","jchkp",-0.1044
"MRT","jcowp",-0.1044
"MRT","jlent",-0.1044
"MRT","jpigp",-0.1044
"MRT","jopul",-0.1044
"MRT","jbana",-0.14
"MRT","jplnt",-0.14
"MRT","jsubf",-0.14
"MRT","jtemf",-0.14
"MRT","jvege",-0.14
"MRT","jsugr",0.3
"MRT","jgrnd",-0.1044
"MRT","jgdnt",-0.1044
"MRT","jgdol",-0.03
"MRT","jgdml",-0.03
"MRT","jrpol",-0.03
"MRT","jrpml",-0.03
"MRT","jsbol",-0.03
"MRT","jsbml",-0.03
"MRT","jsfol",-0.03
"MRT","jsfml",-0.03
"MRT","jplol",-0.03
"MRT","jpkol",-0.03
"MRT","jpkml",-0.03
"MRT","jtool",-0.03
"MRT","jtoml",-0.03
"MRT","jcoco",-0.14
"MRT","jcafe",-0.14
"MRT","jcott",-0.2895
"MRT","jteas",-0.14
"MRT","jothr",-0.1044
"MRT","Shrimp",-0.144116616217938
"MRT","Crust",-0.144116616217938
"MRT","Salmon",-0.145051548738023
"MRT","Tuna",-0.145986481258107
"MRT","Cobswf",-0.14645394751815
"MRT","Eelstg",-0.146921413778192
"MRT","Tilapia",-0.147388880038234
"MRT","Pangas",-0.147856346298277
"MRT","Carp",-0.148323812558319
"MRT","Mullet",-0.148791278818361
"MRT","OFrshD",-0.149258745078404
"MRT","OCarp",-0.149726211338446
"MRT","OPelag",-0.150193677598488
"MRT","OMarn",-0.150661143858531
"MWI","jbeef",0.24
"MWI","jeggs",0.09
"MWI","jmilk",-0.29
"MWI","jbarl",-0.2
"MWI","jmaiz",-0.2
"MWI","jmill",-0.2
"MWI","jrice",0.12
"MWI","jsorg",-0.2
"MWI","jwhea",-0.25
"MWI","jocer",-0.2
"MWI","jbean",-0.0522
"MWI","jchkp",-0.0522
"MWI","jcowp",-0.0522
"MWI","jlent",-0.0522
"MWI","jpigp",-0.0522
"MWI","jopul",-0.0522
"MWI","jbana",-0.07
"MWI","jplnt",-0.07
"MWI","jsubf",-0.07
"MWI","jtemf",-0.07
"MWI","jvege",-0.07
"MWI","jsugr",0.3
"MWI","jgrnd",-0.0522
"MWI","jgdnt",-0.0522
"MWI","jgdol",-0.07
"MWI","jgdml",-0.07
"MWI","jrpol",-0.07
"MWI","jrpml",-0.07
"MWI","jsbol",-0.07
"MWI","jsbml",-0.07
"MWI","jsfol",-0.07
"MWI","jsfml",-0.07
"MWI","jplol",-0.07
"MWI","jpkol",-0.07
"MWI","jpkml",-0.07
"MWI","jtool",-0.07
"MWI","jtoml",-0.07
"MWI","jcoco",-0.07
"MWI","jcafe",-0.07
"MWI","jcott",-0.1447
"MWI","jteas",-0.07
"MWI","jothr",-0.0522
"MWI","Shrimp",-0.172164591820478
"MWI","Crust",-0.172164591820478
"MWI","Salmon",-0.173099524340562
"MWI","Tuna",-0.174034456860647
"MWI","Cobswf",-0.174501923120689
"MWI","Eelstg",-0.174969389380732
"MWI","Tilapia",-0.175436855640774
"MWI","Pangas",-0.175904321900816
"MWI","Carp",-0.176371788160859
"MWI","Mullet",-0.176839254420901
"MWI","OFrshD",-0.177306720680943
"MWI","OCarp",-0.177774186940986
"MWI","OPelag",-0.178241653201028
"MWI","OMarn",-0.17870911946107
"MYS","jbeef",0.13
"MYS","jpork",0.13
"MYS","jbarl",0.45
"MYS","jmaiz",0.13
"MYS","jmill",0.45
"MYS","jrice",0.49
"MYS","jsorg",0.45
"MYS","jwhea",0.13
"MYS","jocer",0.45
"MYS","jbean",0.1268
"MYS","jchkp",0.1268
"MYS","jcowp",0.1268
"MYS","jlent",0.1268
"MYS","jpigp",0.1268
"MYS","jopul",0.1268
"MYS","jbana",0.17
"MYS","jplnt",0.17
"MYS","jsubf",0.17
"MYS","jtemf",0.17
"MYS","jvege",0.17
"MYS","jgrnd",0.1268
"MYS","jgdnt",0.1268
"MYS","jgdol",-0.17
"MYS","jgdml",-0.17
"MYS","jrpsd",0.48
"MYS","jrpnt",0.48
"MYS","jrpol",-0.17
"MYS","jrpml",-0.17
"MYS","jsoyb",0.48
"MYS","jsbnt",0.48
"MYS","jsbol",-0.17
"MYS","jsbml",-0.17
"MYS","jsnfl",0.48
"MYS","jsfnt",0.48
"MYS","jsfol",-0.17
"MYS","jsfml",-0.17
"MYS","jpalm",0.48
"MYS","jplol",-0.17
"MYS","jpkrl",0.48
"MYS","jpkol",-0.17
"MYS","jpkml",-0.17
"MYS","jtols",0.48
"MYS","jtont",0.48
"MYS","jtool",-0.17
"MYS","jtoml",-0.17
"MYS","jcoco",0.17
"MYS","jcafe",0.17
"MYS","jcott",0.3515
"MYS","jteas",0.17
"MYS","jothr",0.1268
"MYS","Shrimp",-0.0510908304695143
"MYS","Crust",-0.0510908304695143
"MYS","Salmon",-0.0520257629895989
"MYS","Tuna",-0.0529606955096837
"MYS","Cobswf",-0.0534281617697259
"MYS","Eelstg",-0.0538956280297683
"MYS","Tilapia",-0.0543630942898106
"MYS","Pangas",-0.0548305605498529
"MYS","Carp",-0.0552980268098952
"MYS","Mullet",-0.0557654930699375
"MYS","OFrshD",-0.0562329593299799
"MYS","OCarp",-0.0567004255900222
"MYS","OPelag",-0.0571678918500646
"MYS","OMarn",-0.0576353581101069
"NAM","jbeef",0.24
"NAM","jeggs",0.09
"NAM","jmilk",-0.29
"NAM","jbarl",-0.2
"NAM","jmaiz",-0.2
"NAM","jmill",-0.2
"NAM","jrice",0.12
"NAM","jsorg",-0.2
"NAM","jwhea",-0.25
"NAM","jocer",-0.2
"NAM","jbean",-0.0522
"NAM","jchkp",-0.0522
"NAM","jcowp",-0.0522
"NAM","jlent",-0.0522
"NAM","jpigp",-0.0522
"NAM","jopul",-0.0522
"NAM","jbana",-0.07
"NAM","jplnt",-0.07
"NAM","jsubf",-0.07
"NAM","jtemf",-0.07
"NAM","jvege",-0.07
"NAM","jsugr",0.3
"NAM","jgrnd",-0.0522
"NAM","jgdnt",-0.0522
"NAM","jgdol",-0.07
"NAM","jgdml",-0.07
"NAM","jrpol",-0.07
"NAM","jrpml",-0.07
"NAM","jsbol",-0.07
"NAM","jsbml",-0.07
"NAM","jsfol",-0.07
"NAM","jsfml",-0.07
"NAM","jplol",-0.07
"NAM","jpkol",-0.07
"NAM","jpkml",-0.07
"NAM","jtool",-0.07
"NAM","jtoml",-0.07
"NAM","jcoco",-0.07
"NAM","jcafe",-0.07
"NAM","jcott",-0.1447
"NAM","jteas",-0.07
"NAM","jothr",-0.0522
"NAM","Shrimp",-0.162815266619631
"NAM","Crust",-0.162815266619631
"NAM","Salmon",-0.163750199139716
"NAM","Tuna",-0.1646851316598
"NAM","Cobswf",-0.165152597919843
"NAM","Eelstg",-0.165620064179885
"NAM","Tilapia",-0.166087530439927
"NAM","Pangas",-0.16655499669997
"NAM","Carp",-0.167022462960012
"NAM","Mullet",-0.167489929220054
"NAM","OFrshD",-0.167957395480097
"NAM","OCarp",-0.168424861740139
"NAM","OPelag",-0.168892328000181
"NAM","OMarn",-0.169359794260224
"NER","jbeef",0.28
"NER","jpork",0.08
"NER","jlamb",0.16
"NER","jpoul",0.08
"NER","jbarl",-0.17
"NER","jmaiz",-0.17
"NER","jmill",-0.17
"NER","jrice",-0.34
"NER","jsorg",-0.17
"NER","jwhea",-0.29
"NER","jocer",-0.17
"NER","jbean",-0.1044
"NER","jchkp",-0.1044
"NER","jcowp",-0.1044
"NER","jlent",-0.1044
"NER","jpigp",-0.1044
"NER","jopul",-0.1044
"NER","jbana",-0.14
"NER","jplnt",-0.14
"NER","jsubf",-0.14
"NER","jtemf",-0.14
"NER","jvege",-0.14
"NER","jsugr",0.3
"NER","jgrnd",-0.1044
"NER","jgdnt",-0.1044
"NER","jgdol",-0.03
"NER","jgdml",-0.03
"NER","jrpol",-0.03
"NER","jrpml",-0.03
"NER","jsbol",-0.03
"NER","jsbml",-0.03
"NER","jsfol",-0.03
"NER","jsfml",-0.03
"NER","jplol",-0.03
"NER","jpkol",-0.03
"NER","jpkml",-0.03
"NER","jtool",-0.03
"NER","jtoml",-0.03
"NER","jcoco",-0.14
"NER","jcafe",-0.14
"NER","jcott",-0.2895
"NER","jteas",-0.14
"NER","jothr",-0.1044
"NER","Shrimp",-0.153465941418785
"NER","Crust",-0.153465941418785
"NER","Salmon",-0.154400873938869
"NER","Tuna",-0.155335806458954
"NER","Cobswf",-0.155803272718996
"NER","Eelstg",-0.156270738979039
"NER","Tilapia",-0.156738205239081
"NER","Pangas",-0.157205671499123
"NER","Carp",-0.157673137759166
"NER","Mullet",-0.158140604019208
"NER","OFrshD",-0.15860807027925
"NER","OCarp",-0.159075536539293
"NER","OPelag",-0.159543002799335
"NER","OMarn",-0.160010469059377
"NGA","jbeef",0.25
"NGA","jpork",0.25
"NGA","jlamb",0.25
"NGA","jpoul",0.25
"NGA","jbarl",-0.1
"NGA","jmaiz",-0.1
"NGA","jmill",-0.1
"NGA","jrice",0.3
"NGA","jsorg",-0.1
"NGA","jwhea",-0.3
"NGA","jocer",-0.1
"NGA","jbean",-0.0671
"NGA","jchkp",-0.0671
"NGA","jcowp",-0.0671
"NGA","jlent",-0.0671
"NGA","jpigp",-0.0671
"NGA","jopul",-0.0671
"NGA","jbana",-0.09
"NGA","jplnt",-0.09
"NGA","jsubf",-0.09
"NGA","jtemf",-0.09
"NGA","jvege",-0.09
"NGA","jsugr",0.3
"NGA","jgrnd",-0.0671
"NGA","jgdnt",-0.0671
"NGA","jgdol",-0.1
"NGA","jgdml",-0.1
"NGA","jrpol",-0.1
"NGA","jrpml",-0.1
"NGA","jsbol",-0.1
"NGA","jsbml",-0.1
"NGA","jsfol",-0.1
"NGA","jsfml",-0.1
"NGA","jplol",-0.1
"NGA","jpkol",-0.1
"NGA","jpkml",-0.1
"NGA","jtool",-0.1
"NGA","jtoml",-0.1
"NGA","jcoco",-0.09
"NGA","jcafe",-0.09
"NGA","jcott",-0.1861
"NGA","jteas",-0.09
"NGA","jothr",-0.0671
"NGA","Shrimp",-0.153465941418785
"NGA","Crust",-0.153465941418785
"NGA","Salmon",-0.154400873938869
"NGA","Tuna",-0.155335806458954
"NGA","Cobswf",-0.155803272718996
"NGA","Eelstg",-0.156270738979039
"NGA","Tilapia",-0.156738205239081
"NGA","Pangas",-0.157205671499123
"NGA","Carp",-0.157673137759166
"NGA","Mullet",-0.158140604019208
"NGA","OFrshD",-0.15860807027925
"NGA","OCarp",-0.159075536539293
"NGA","OPelag",-0.159543002799335
"NGA","OMarn",-0.160010469059377
"NIC","jbeef",-0.22
"NIC","jpork",-0.07
"NIC","jlamb",-0.09
"NIC","jpoul",-0.07
"NIC","jmilk",-0.42
"NIC","jmaiz",-0.04
"NIC","jrice",-0.01
"NIC","jwhea",-0.45
"NIC","jbean",0.1864
"NIC","jchkp",0.1864
"NIC","jcowp",0.1864
"NIC","jlent",0.1864
"NIC","jpigp",0.1864
"NIC","jopul",0.1864
"NIC","jbana",0.25
"NIC","jplnt",0.25
"NIC","jsubf",0.25
"NIC","jtemf",0.25
"NIC","jvege",0.25
"NIC","jsugr",0.2
"NIC","jgrnd",0.1864
"NIC","jgdnt",0.1864
"NIC","jgdol",0.28
"NIC","jgdml",0.28
"NIC","jrpsd",0.16
"NIC","jrpnt",0.16
"NIC","jrpol",0.28
"NIC","jrpml",0.28
"NIC","jsoyb",0.16
"NIC","jsbnt",0.16
"NIC","jsbol",0.28
"NIC","jsbml",0.28
"NIC","jsnfl",0.16
"NIC","jsfnt",0.16
"NIC","jsfol",0.28
"NIC","jsfml",0.28
"NIC","jpalm",0.16
"NIC","jplol",0.28
"NIC","jpkrl",0.16
"NIC","jpkol",0.28
"NIC","jpkml",0.28
"NIC","jtols",0.16
"NIC","jtont",0.16
"NIC","jtool",0.28
"NIC","jtoml",0.28
"NIC","jcoco",0.25
"NIC","jcafe",0.25
"NIC","jcott",0.5169
"NIC","jteas",0.25
"NIC","jothr",0.1864
"NIC","Shrimp",-0.0978374564737469
"NIC","Crust",-0.0978374564737469
"NIC","Salmon",-0.0987723889938319
"NIC","Tuna",-0.099707321513917
"NIC","Cobswf",-0.100174787773959
"NIC","Eelstg",-0.100642254034001
"NIC","Tilapia",-0.101109720294044
"NIC","Pangas",-0.101577186554086
"NIC","Carp",-0.102044652814128
"NIC","Mullet",-0.102512119074171
"NIC","OFrshD",-0.102979585334213
"NIC","OCarp",-0.103447051594255
"NIC","OPelag",-0.103914517854298
"NIC","OMarn",-0.10438198411434
"NLD","jbeef",0.13197405604212
"NLD","jpork",0.01713498502693
"NLD","jlamb",0.14140443815786
"NLD","jpoul",0.40014588781909
"NLD","jeggs",0.00805424075428007
"NLD","jmilk",0.00859085347854993
"NLD","jbarl",7.15169784992753E-6
"NLD","jmaiz",7.69392840993532E-6
"NLD","jmill",0.58
"NLD","jrice",0.01071406139431
"NLD","jwhea",6.79887847621075E-6
"NLD","jocer",1.04671390899203E-5
"NLD","jpota",0.10451378489025
"NLD","jtemf",0.0698634573396599
"NLD","jsugc",0.00257735710249007
"NLD","jsugb",0.00257735710249007
"NLD","jsugr",0.00257735710249007
"NLD","jsugrc",0.00257735710249007
"NLD","jsugrb",0.00257735710249007
"NLD","jgdol",0.48
"NLD","jgdml",0.48
"NLD","jrpsd",0.000331113845019937
"NLD","jrpnt",0.000331113845019937
"NLD","jrpol",0.48
"NLD","jrpml",0.48
"NLD","jsoyb",0.000278732293869988
"NLD","jsbnt",0.000278732293869988
"NLD","jsbol",0.48
"NLD","jsbml",0.48
"NLD","jsnfl",0.000346721511260029
"NLD","jsfnt",0.000346721511260029
"NLD","jsfol",0.48
"NLD","jsfml",0.48
"NLD","jpalm",0.5
"NLD","jpkrl",0.5
"NLD","jpkol",0.48
"NLD","jpkml",0.48
"NLD","jtool",0.48
"NLD","jtoml",0.48
"NLD","Shrimp",-0.116536106875441
"NLD","Crust",-0.116536106875441
"NLD","Salmon",-0.117471039395525
"NLD","Tuna",-0.11840597191561
"NLD","Cobswf",-0.118873438175652
"NLD","Eelstg",-0.119340904435694
"NLD","Tilapia",-0.119808370695737
"NLD","Pangas",-0.120275836955779
"NLD","Carp",-0.120743303215821
"NLD","Mullet",-0.121210769475864
"NLD","OFrshD",-0.121678235735906
"NLD","OCarp",-0.122145701995948
"NLD","OPelag",-0.122613168255991
"NLD","OMarn",-0.123080634516033
"NOR","jbeef",0.9999
"NOR","jpork",0.9999
"NOR","jlamb",0.55897651711533
"NOR","jpoul",0.9999
"NOR","jeggs",0.9999
"NOR","jmilk",0.58434705500177
"NOR","jbarl",0.90959726719314
"NOR","jmill",0.58
"NOR","jwhea",0.79101100885031
"NOR","jocer",0.97651265483135
"NOR","jgdol",0.48
"NOR","jgdml",0.48
"NOR","jrpol",0.48
"NOR","jrpml",0.48
"NOR","jsbol",0.48
"NOR","jsbml",0.48
"NOR","jsfol",0.48
"NOR","jsfml",0.48
"NOR","jpalm",0.5
"NOR","jpkrl",0.5
"NOR","jpkol",0.48
"NOR","jpkml",0.48
"NOR","jtool",0.48
"NOR","jtoml",0.48
"NOR","Shrimp",-0.428940576708617
"NOR","Crust",-0.428940576708617
"NOR","Salmon",-0.430810441748787
"NOR","Tuna",-0.432680306788956
"NOR","Cobswf",-0.433615239309041
"NOR","Eelstg",-0.434550171829125
"NOR","Tilapia",-0.43548510434921
"NOR","Pangas",-0.436420036869295
"NOR","Carp",-0.437354969389379
"NOR","Mullet",-0.438289901909464
"NOR","OFrshD",-0.439224834429549
"NOR","OCarp",-0.440159766949633
"NOR","OPelag",-0.441094699469718
"NOR","OMarn",-0.442029631989803
"NPL","jbeef",-0.55
"NPL","jpork",-0.69
"NPL","jlamb",-0.55
"NPL","jpoul",-0.19
"NPL","jeggs",-0.1
"NPL","jmilk",-0.41
"NPL","jmaiz",-0.07
"NPL","jrice",0.1
"NPL","jwhea",-0.01
"NPL","jbean",0.1305
"NPL","jchkp",0.1305
"NPL","jcowp",0.1305
"NPL","jlent",0.1305
"NPL","jpigp",0.1305
"NPL","jopul",0.1305
"NPL","jbana",0.15
"NPL","jplnt",0.15
"NPL","jsubf",0.15
"NPL","jtemf",0.15
"NPL","jvege",0.2
"NPL","jsugr",0.3
"NPL","jgrnd",0.1305
"NPL","jgdnt",0.1305
"NPL","jgdol",-0.06
"NPL","jrpol",-0.06
"NPL","jsbol",-0.06
"NPL","jsfol",-0.06
"NPL","jplol",-0.06
"NPL","jpkol",-0.06
"NPL","jtool",-0.06
"NPL","jcoco",0.15
"NPL","jcafe",0.15
"NPL","jcott",0.3619
"NPL","jteas",0.15
"NPL","jothr",0.1305
"NPL","Shrimp",-0.00434420446528135
"NPL","Crust",-0.00434420446528135
"NPL","Salmon",-0.00527913698536595
"NPL","Tuna",-0.00621406950545064
"NPL","Cobswf",-0.00668153576549294
"NPL","Eelstg",-0.00714900202553535
"NPL","Tilapia",-0.00761646828557765
"NPL","Pangas",-0.00808393454561995
"NPL","Carp",-0.00855140080566225
"NPL","Mullet",-0.00901886706570464
"NPL","OFrshD",-0.00948633332574694
"NPL","OCarp",-0.00995379958578924
"NPL","OPelag",-0.0104212658458316
"NPL","OMarn",-0.0108887321058739
"NZL","jpoul",0.20990098727006
"NZL","jeggs",0.15194620253291
"NZL","jgdol",0.3
"NZL","jgdml",0.3
"NZL","jrpol",0.3
"NZL","jrpml",0.3
"NZL","jsbol",0.3
"NZL","jsbml",0.3
"NZL","jsfol",0.3
"NZL","jsfml",0.3
"NZL","jpkol",0.3
"NZL","jpkml",0.3
"NZL","jtool",0.3
"NZL","jtoml",0.3
"NZL","Shrimp",-0.181513917021324
"NZL","Crust",-0.181513917021324
"NZL","Salmon",-0.182448849541409
"NZL","Tuna",-0.183383782061494
"NZL","Cobswf",-0.183851248321536
"NZL","Eelstg",-0.184318714581578
"NZL","Tilapia",-0.184786180841621
"NZL","Pangas",-0.185253647101663
"NZL","Carp",-0.185721113361705
"NZL","Mullet",-0.186188579621748
"NZL","OFrshD",-0.18665604588179
"NZL","OCarp",-0.187123512141832
"NZL","OPelag",-0.187590978401875
"NZL","OMarn",-0.188058444661917
"OAO","jmaiz",-0.01
"OAO","jrice",-0.02
"OAO","jwhea",-0.01
"OAO","jbean",0.1119
"OAO","jchkp",0.1119
"OAO","jcowp",0.1119
"OAO","jlent",0.1119
"OAO","jpigp",0.1119
"OAO","jopul",0.1119
"OAO","jbana",0.15
"OAO","jplnt",0.15
"OAO","jsubf",0.15
"OAO","jtemf",0.15
"OAO","jvege",0.15
"OAO","jsugr",0.2
"OAO","jgrnd",0.1119
"OAO","jgdnt",0.1119
"OAO","jcoco",0.15
"OAO","jcafe",0.15
"OAO","jcott",0.3102
"OAO","jteas",0.15
"OAO","jothr",0.1119
"OAO","Shrimp",-0.181513917021324
"OAO","Crust",-0.181513917021324
"OAO","Salmon",-0.182448849541409
"OAO","Tuna",-0.183383782061494
"OAO","Cobswf",-0.183851248321536
"OAO","Eelstg",-0.184318714581578
"OAO","Tilapia",-0.184786180841621
"OAO","Pangas",-0.185253647101663
"OAO","Carp",-0.185721113361705
"OAO","Mullet",-0.186188579621748
"OAO","OFrshD",-0.18665604588179
"OAO","OCarp",-0.187123512141832
"OAO","OPelag",-0.187590978401875
"OAO","OMarn",-0.188058444661917
"OBN","jbeef",0.14
"OBN","jpork",0.1
"OBN","jlamb",0.06
"OBN","jpoul",0.21
"OBN","jeggs",0.44
"OBN","jmilk",0.29
"OBN","jwhea",0.02
"OBN","jgdol",-0.09
"OBN","jgdml",-0.09
"OBN","jrpol",-0.09
"OBN","jrpml",-0.09
"OBN","jsbol",-0.09
"OBN","jsbml",-0.09
"OBN","jsfol",-0.09
"OBN","jsfml",-0.09
"OBN","jplol",-0.09
"OBN","jpkol",-0.09
"OBN","jpkml",-0.09
"OBN","jtool",-0.09
"OBN","jtoml",-0.09
"OBN","Shrimp",-0.125885432076287
"OBN","Crust",-0.125885432076287
"OBN","Salmon",-0.126820364596372
"OBN","Tuna",-0.127755297116456
"OBN","Cobswf",-0.128222763376499
"OBN","Eelstg",-0.128690229636541
"OBN","Tilapia",-0.129157695896583
"OBN","Pangas",-0.129625162156626
"OBN","Carp",-0.130092628416668
"OBN","Mullet",-0.13056009467671
"OBN","OFrshD",-0.131027560936753
"OBN","OCarp",-0.131495027196795
"OBN","OPelag",-0.131962493456837
"OBN","OMarn",-0.13242995971688
"OIO","jmaiz",-0.01
"OIO","jrice",-0.02
"OIO","jwhea",-0.01
"OIO","jbean",0.1119
"OIO","jchkp",0.1119
"OIO","jcowp",0.1119
"OIO","jlent",0.1119
"OIO","jpigp",0.1119
"OIO","jopul",0.1119
"OIO","jbana",0.15
"OIO","jplnt",0.15
"OIO","jsubf",0.15
"OIO","jtemf",0.15
"OIO","jvege",0.15
"OIO","jsugr",0.2
"OIO","jgrnd",0.1119
"OIO","jgdnt",0.1119
"OIO","jcoco",0.15
"OIO","jcafe",0.15
"OIO","jcott",0.3102
"OIO","jteas",0.15
"OIO","jothr",0.1119
"OIO","Shrimp",-0.181513917021324
"OIO","Crust",-0.181513917021324
"OIO","Salmon",-0.182448849541409
"OIO","Tuna",-0.183383782061494
"OIO","Cobswf",-0.183851248321536
"OIO","Eelstg",-0.184318714581578
"OIO","Tilapia",-0.184786180841621
"OIO","Pangas",-0.185253647101663
"OIO","Carp",-0.185721113361705
"OIO","Mullet",-0.186188579621748
"OIO","OFrshD",-0.18665604588179
"OIO","OCarp",-0.187123512141832
"OIO","OPelag",-0.187590978401875
"OIO","OMarn",-0.188058444661917
"OPO","jmaiz",-0.01
"OPO","jrice",-0.02
"OPO","jwhea",-0.01
"OPO","jbean",0.1119
"OPO","jchkp",0.1119
"OPO","jcowp",0.1119
"OPO","jlent",0.1119
"OPO","jpigp",0.1119
"OPO","jopul",0.1119
"OPO","jbana",0.15
"OPO","jplnt",0.15
"OPO","jsubf",0.15
"OPO","jtemf",0.15
"OPO","jvege",0.15
"OPO","jsugr",0.2
"OPO","jgrnd",0.1119
"OPO","jgdnt",0.1119
"OPO","jcoco",0.15
"OPO","jcafe",0.15
"OPO","jcott",0.3102
"OPO","jteas",0.15
"OPO","jothr",0.1119
"OPO","Shrimp",-0.181513917021324
"OPO","Crust",-0.181513917021324
"OPO","Salmon",-0.182448849541409
"OPO","Tuna",-0.183383782061494
"OPO","Cobswf",-0.183851248321536
"OPO","Eelstg",-0.184318714581578
"OPO","Tilapia",-0.184786180841621
"OPO","Pangas",-0.185253647101663
"OPO","Carp",-0.185721113361705
"OPO","Mullet",-0.186188579621748
"OPO","OFrshD",-0.18665604588179
"OPO","OCarp",-0.187123512141832
"OPO","OPelag",-0.187590978401875
"OPO","OMarn",-0.188058444661917
"OSA","jbeef",0.15
"OSA","jpork",0.16
"OSA","jpoul",0.16
"OSA","jmilk",0.08
"OSA","jmaiz",-0.01
"OSA","jrice",-0.02
"OSA","jwhea",-0.01
"OSA","jbean",0.0895
"OSA","jchkp",0.0895
"OSA","jcowp",0.0895
"OSA","jlent",0.0895
"OSA","jpigp",0.0895
"OSA","jopul",0.0895
"OSA","jbana",0.12
"OSA","jplnt",0.12
"OSA","jsubf",0.12
"OSA","jtemf",0.12
"OSA","jvege",0.12
"OSA","jsugr",0.2
"OSA","jgrnd",0.0895
"OSA","jgdnt",0.0895
"OSA","jgdol",-0.01
"OSA","jgdml",-0.01
"OSA","jrpol",-0.01
"OSA","jrpml",-0.01
"OSA","jsbol",-0.01
"OSA","jsbml",-0.01
"OSA","jsfol",-0.01
"OSA","jsfml",-0.01
"OSA","jplol",-0.01
"OSA","jpkol",-0.01
"OSA","jpkml",-0.01
"OSA","jtool",-0.01
"OSA","jtoml",-0.01
"OSA","jcoco",0.12
"OSA","jcafe",0.12
"OSA","jcott",0.2481
"OSA","jteas",0.12
"OSA","jothr",0.0895
"OSA","Shrimp",-0.0510908304695143
"OSA","Crust",-0.0510908304695143
"OSA","Salmon",-0.0520257629895989
"OSA","Tuna",-0.0529606955096837
"OSA","Cobswf",-0.0534281617697259
"OSA","Eelstg",-0.0538956280297683
"OSA","Tilapia",-0.0543630942898106
"OSA","Pangas",-0.0548305605498529
"OSA","Carp",-0.0552980268098952
"OSA","Mullet",-0.0557654930699375
"OSA","OFrshD",-0.0562329593299799
"OSA","OCarp",-0.0567004255900222
"OSA","OPelag",-0.0571678918500646
"OSA","OMarn",-0.0576353581101069
"PAK","jbarl",0.26
"PAK","jmaiz",0.28
"PAK","jmill",0.26
"PAK","jrice",0.1
"PAK","jsorg",0.26
"PAK","jwhea",-0.26
"PAK","jocer",0.26
"PAK","jbean",0.0746
"PAK","jchkp",0.0746
"PAK","jcowp",0.0746
"PAK","jlent",0.0746
"PAK","jpigp",0.0746
"PAK","jopul",0.0746
"PAK","jbana",0.1
"PAK","jplnt",0.1
"PAK","jsubf",0.1
"PAK","jtemf",0.1
"PAK","jvege",0.1
"PAK","jsugr",0.3
"PAK","jgrnd",0.0746
"PAK","jgdnt",0.0746
"PAK","jgdol",0.33
"PAK","jrpol",0.33
"PAK","jsbol",0.33
"PAK","jsfol",0.33
"PAK","jplol",0.33
"PAK","jpkol",0.33
"PAK","jtool",0.33
"PAK","jcoco",0.1
"PAK","jcafe",0.1
"PAK","jcott",0.2068
"PAK","jteas",0.1
"PAK","jothr",0.0746
"PAK","Shrimp",-0.00434420446528135
"PAK","Crust",-0.00434420446528135
"PAK","Salmon",-0.00527913698536595
"PAK","Tuna",-0.00621406950545064
"PAK","Cobswf",-0.00668153576549294
"PAK","Eelstg",-0.00714900202553535
"PAK","Tilapia",-0.00761646828557765
"PAK","Pangas",-0.00808393454561995
"PAK","Carp",-0.00855140080566225
"PAK","Mullet",-0.00901886706570464
"PAK","OFrshD",-0.00948633332574694
"PAK","OCarp",-0.00995379958578924
"PAK","OPelag",-0.0104212658458316
"PAK","OMarn",-0.0108887321058739
"PAN","jbeef",-0.22
"PAN","jpork",-0.07
"PAN","jlamb",-0.09
"PAN","jpoul",-0.07
"PAN","jmilk",-0.42
"PAN","jmaiz",-0.04
"PAN","jrice",-0.01
"PAN","jwhea",-0.45
"PAN","jbean",0.1864
"PAN","jchkp",0.1864
"PAN","jcowp",0.1864
"PAN","jlent",0.1864
"PAN","jpigp",0.1864
"PAN","jopul",0.1864
"PAN","jbana",0.25
"PAN","jplnt",0.25
"PAN","jsubf",0.25
"PAN","jtemf",0.25
"PAN","jvege",0.25
"PAN","jsugr",0.2
"PAN","jgrnd",0.1864
"PAN","jgdnt",0.1864
"PAN","jgdol",0.28
"PAN","jgdml",0.28
"PAN","jrpsd",0.16
"PAN","jrpnt",0.16
"PAN","jrpol",0.28
"PAN","jrpml",0.28
"PAN","jsoyb",0.16
"PAN","jsbnt",0.16
"PAN","jsbol",0.28
"PAN","jsbml",0.28
"PAN","jsnfl",0.16
"PAN","jsfnt",0.16
"PAN","jsfol",0.28
"PAN","jsfml",0.28
"PAN","jpalm",0.16
"PAN","jplol",0.28
"PAN","jpkrl",0.16
"PAN","jpkol",0.28
"PAN","jpkml",0.28
"PAN","jtols",0.16
"PAN","jtont",0.16
"PAN","jtool",0.28
"PAN","jtoml",0.28
"PAN","jcoco",0.25
"PAN","jcafe",0.25
"PAN","jcott",0.5169
"PAN","jteas",0.25
"PAN","jothr",0.1864
"PAN","Shrimp",-0.0978374564737469
"PAN","Crust",-0.0978374564737469
"PAN","Salmon",-0.0987723889938319
"PAN","Tuna",-0.099707321513917
"PAN","Cobswf",-0.100174787773959
"PAN","Eelstg",-0.100642254034001
"PAN","Tilapia",-0.101109720294044
"PAN","Pangas",-0.101577186554086
"PAN","Carp",-0.102044652814128
"PAN","Mullet",-0.102512119074171
"PAN","OFrshD",-0.102979585334213
"PAN","OCarp",-0.103447051594255
"PAN","OPelag",-0.103914517854298
"PAN","OMarn",-0.10438198411434
"PER","jbeef",-0.22
"PER","jpork",-0.07
"PER","jlamb",-0.09
"PER","jpoul",-0.07
"PER","jmilk",-0.42
"PER","jmaiz",-0.04
"PER","jrice",-0.01
"PER","jwhea",-0.45
"PER","jbean",0.1864
"PER","jchkp",0.1864
"PER","jcowp",0.1864
"PER","jlent",0.1864
"PER","jpigp",0.1864
"PER","jopul",0.1864
"PER","jbana",0.25
"PER","jplnt",0.25
"PER","jsubf",0.25
"PER","jtemf",0.25
"PER","jvege",0.25
"PER","jsugr",0.2
"PER","jgrnd",0.1864
"PER","jgdnt",0.1864
"PER","jgdol",0.28
"PER","jgdml",0.28
"PER","jrpsd",0.16
"PER","jrpnt",0.16
"PER","jrpol",0.28
"PER","jrpml",0.28
"PER","jsoyb",0.16
"PER","jsbnt",0.16
"PER","jsbol",0.28
"PER","jsbml",0.28
"PER","jsnfl",0.16
"PER","jsfnt",0.16
"PER","jsfol",0.28
"PER","jsfml",0.28
"PER","jpalm",0.16
"PER","jplol",0.28
"PER","jpkrl",0.16
"PER","jpkol",0.28
"PER","jpkml",0.28
"PER","jtols",0.16
"PER","jtont",0.16
"PER","jtool",0.28
"PER","jtoml",0.28
"PER","jcoco",0.25
"PER","jcafe",0.25
"PER","jcott",0.5169
"PER","jteas",0.25
"PER","jothr",0.1864
"PER","Shrimp",-0.0884881312729009
"PER","Crust",-0.0884881312729009
"PER","Salmon",-0.089423063792985
"PER","Tuna",-0.09035799631307
"PER","Cobswf",-0.0908254625731119
"PER","Eelstg",-0.091292928833155
"PER","Tilapia",-0.0917603950931969
"PER","Pangas",-0.092227861353239
"PER","Carp",-0.0926953276132819
"PER","Mullet",-0.093162793873324
"PER","OFrshD",-0.093630260133366
"PER","OCarp",-0.094097726393409
"PER","OPelag",-0.094565192653451
"PER","OMarn",-0.0950326589134929
"PHL","jbeef",0.25
"PHL","jpork",0.3
"PHL","jpoul",0.25
"PHL","jbarl",0.32
"PHL","jmaiz",0.6
"PHL","jmill",0.32
"PHL","jrice",0.27
"PHL","jsorg",0.32
"PHL","jwhea",-0.17
"PHL","jocer",0.32
"PHL","jbean",0.1268
"PHL","jchkp",0.1268
"PHL","jcowp",0.1268
"PHL","jlent",0.1268
"PHL","jpigp",0.1268
"PHL","jopul",0.1268
"PHL","jbana",0.17
"PHL","jplnt",0.17
"PHL","jsubf",0.17
"PHL","jtemf",0.17
"PHL","jvege",0.17
"PHL","jsugr",0.55
"PHL","jgrnd",0.1268
"PHL","jgdnt",0.1268
"PHL","jgdol",-0.1
"PHL","jgdml",-0.1
"PHL","jrpsd",0.48
"PHL","jrpnt",0.48
"PHL","jrpol",-0.1
"PHL","jrpml",-0.1
"PHL","jsoyb",0.48
"PHL","jsbnt",0.48
"PHL","jsbol",-0.1
"PHL","jsbml",-0.1
"PHL","jsnfl",0.48
"PHL","jsfnt",0.48
"PHL","jsfol",-0.1
"PHL","jsfml",-0.1
"PHL","jpalm",0.48
"PHL","jplol",-0.1
"PHL","jpkrl",0.48
"PHL","jpkol",-0.1
"PHL","jpkml",-0.1
"PHL","jtols",0.48
"PHL","jtont",0.48
"PHL","jtool",-0.1
"PHL","jtoml",-0.1
"PHL","jcoco",0.17
"PHL","jcafe",0.17
"PHL","jcott",0.3515
"PHL","jteas",0.17
"PHL","jothr",0.1268
"PHL","Shrimp",-0.0417415052686677
"PHL","Crust",-0.0417415052686677
"PHL","Salmon",-0.0426764377887523
"PHL","Tuna",-0.043611370308837
"PHL","Cobswf",-0.0440788365688793
"PHL","Eelstg",-0.0445463028289216
"PHL","Tilapia",-0.045013769088964
"PHL","Pangas",-0.0454812353490063
"PHL","Carp",-0.0459487016090486
"PHL","Mullet",-0.0464161678690909
"PHL","OFrshD",-0.0468836341291333
"PHL","OCarp",-0.0473511003891757
"PHL","OPelag",-0.0478185666492179
"PHL","OMarn",-0.0482860329092603
"PNG","jmaiz",-0.01
"PNG","jrice",-0.02
"PNG","jwhea",-0.01
"PNG","jbean",0.1119
"PNG","jchkp",0.1119
"PNG","jcowp",0.1119
"PNG","jlent",0.1119
"PNG","jpigp",0.1119
"PNG","jopul",0.1119
"PNG","jbana",0.15
"PNG","jplnt",0.15
"PNG","jsubf",0.15
"PNG","jtemf",0.15
"PNG","jvege",0.15
"PNG","jsugr",0.2
"PNG","jgrnd",0.1119
"PNG","jgdnt",0.1119
"PNG","jcoco",0.15
"PNG","jcafe",0.15
"PNG","jcott",0.3102
"PNG","jteas",0.15
"PNG","jothr",0.1119
"PNG","Shrimp",-0.181513917021324
"PNG","Crust",-0.181513917021324
"PNG","Salmon",-0.182448849541409
"PNG","Tuna",-0.183383782061494
"PNG","Cobswf",-0.183851248321536
"PNG","Eelstg",-0.184318714581578
"PNG","Tilapia",-0.184786180841621
"PNG","Pangas",-0.185253647101663
"PNG","Carp",-0.185721113361705
"PNG","Mullet",-0.186188579621748
"PNG","OFrshD",-0.18665604588179
"PNG","OCarp",-0.187123512141832
"PNG","OPelag",-0.187590978401875
"PNG","OMarn",-0.188058444661917
"POL","jbeef",0.13197405604212
"POL","jpork",0.01713498502693
"POL","jlamb",0.14140443815786
"POL","jpoul",0.40014588781909
"POL","jeggs",0.00805424075428007
"POL","jmilk",0.00859085347854993
"POL","jbarl",7.15169784992753E-6
"POL","jmaiz",7.69392840993532E-6
"POL","jrice",0.01071406139431
"POL","jwhea",6.79887847621075E-6
"POL","jocer",1.04671390899203E-5
"POL","jpota",0.10451378489025
"POL","jtemf",0.0698634573396599
"POL","jsugc",0.00257735710249007
"POL","jsugb",0.00257735710249007
"POL","jsugr",0.00257735710249007
"POL","jsugrc",0.00257735710249007
"POL","jsugrb",0.00257735710249007
"POL","jgdol",-0.09
"POL","jgdml",-0.09
"POL","jrpsd",0.000331113845019937
"POL","jrpnt",0.000331113845019937
"POL","jrpol",-0.09
"POL","jrpml",-0.09
"POL","jsoyb",0.000278732293869988
"POL","jsbnt",0.000278732293869988
"POL","jsbol",-0.09
"POL","jsbml",-0.09
"POL","jsnfl",0.000346721511260029
"POL","jsfnt",0.000346721511260029
"POL","jsfol",-0.09
"POL","jsfml",-0.09
"POL","jpkol",-0.09
"POL","jpkml",-0.09
"POL","jtool",-0.09
"POL","jtoml",-0.09
"POL","Shrimp",-0.125885432076287
"POL","Crust",-0.125885432076287
"POL","Salmon",-0.126820364596372
"POL","Tuna",-0.127755297116456
"POL","Cobswf",-0.128222763376499
"POL","Eelstg",-0.128690229636541
"POL","Tilapia",-0.129157695896583
"POL","Pangas",-0.129625162156626
"POL","Carp",-0.130092628416668
"POL","Mullet",-0.13056009467671
"POL","OFrshD",-0.131027560936753
"POL","OCarp",-0.131495027196795
"POL","OPelag",-0.131962493456837
"POL","OMarn",-0.13242995971688
"PRK","jmilk",0.66
"PRK","jbarl",0.38
"PRK","jmaiz",-0.01
"PRK","jmill",0.38
"PRK","jrice",-0.02
"PRK","jsorg",0.38
"PRK","jwhea",-0.01
"PRK","jocer",0.38
"PRK","jbean",0.1119
"PRK","jchkp",0.1119
"PRK","jcowp",0.1119
"PRK","jlent",0.1119
"PRK","jpigp",0.1119
"PRK","jopul",0.1119
"PRK","jbana",0.15
"PRK","jplnt",0.15
"PRK","jsubf",0.15
"PRK","jtemf",0.15
"PRK","jvege",0.15
"PRK","jsugr",0.2
"PRK","jgrnd",0.1119
"PRK","jgdnt",0.1119
"PRK","jgdol",-0.01
"PRK","jgdml",-0.01
"PRK","jrpol",-0.01
"PRK","jrpml",-0.01
"PRK","jsbol",-0.01
"PRK","jsbml",-0.01
"PRK","jsfol",-0.01
"PRK","jsfml",-0.01
"PRK","jplol",-0.01
"PRK","jpkol",-0.01
"PRK","jpkml",-0.01
"PRK","jtool",-0.01
"PRK","jtoml",-0.01
"PRK","jcoco",0.15
"PRK","jcafe",0.15
"PRK","jcott",0.3102
"PRK","jteas",0.15
"PRK","jothr",0.1119
"PRK","Shrimp",-0.218911217824711
"PRK","Crust",-0.218911217824711
"PRK","Salmon",-0.219846150344795
"PRK","Tuna",-0.22078108286488
"PRK","Cobswf",-0.221248549124922
"PRK","Eelstg",-0.221716015384965
"PRK","Tilapia",-0.222183481645007
"PRK","Pangas",-0.222650947905049
"PRK","Carp",-0.223118414165092
"PRK","Mullet",-0.223585880425134
"PRK","OFrshD",-0.224053346685176
"PRK","OCarp",-0.224520812945219
"PRK","OPelag",-0.224988279205261
"PRK","OMarn",-0.225455745465303
"PRT","jbeef",0.13197405604212
"PRT","jpork",0.01713498502693
"PRT","jlamb",0.14140443815786
"PRT","jpoul",0.40014588781909
"PRT","jeggs",0.00805424075428007
"PRT","jmilk",0.00859085347854993
"PRT","jbarl",7.15169784992753E-6
"PRT","jmaiz",7.69392840993532E-6
"PRT","jmill",0.58
"PRT","jrice",0.01071406139431
"PRT","jwhea",6.79887847621075E-6
"PRT","jocer",1.04671390899203E-5
"PRT","jpota",0.10451378489025
"PRT","jtemf",0.0698634573396599
"PRT","jsugc",0.00257735710249007
"PRT","jsugb",0.00257735710249007
"PRT","jsugr",0.00257735710249007
"PRT","jsugrc",0.00257735710249007
"PRT","jsugrb",0.00257735710249007
"PRT","jgdol",0.48
"PRT","jgdml",0.48
"PRT","jrpsd",0.000331113845019937
"PRT","jrpnt",0.000331113845019937
"PRT","jrpol",0.48
"PRT","jrpml",0.48
"PRT","jsoyb",0.000278732293869988
"PRT","jsbnt",0.000278732293869988
"PRT","jsbol",0.48
"PRT","jsbml",0.48
"PRT","jsnfl",0.000346721511260029
"PRT","jsfnt",0.000346721511260029
"PRT","jsfol",0.48
"PRT","jsfml",0.48
"PRT","jpalm",0.5
"PRT","jpkrl",0.5
"PRT","jpkol",0.48
"PRT","jpkml",0.48
"PRT","jtool",0.48
"PRT","jtoml",0.48
"PRT","Shrimp",-0.35915109583741
"PRT","Crust",-0.35915109583741
"PRT","Salmon",-0.360086028357494
"PRT","Tuna",-0.361020960877579
"PRT","Cobswf",-0.361488427137621
"PRT","Eelstg",-0.361955893397664
"PRT","Tilapia",-0.362423359657706
"PRT","Pangas",-0.362890825917748
"PRT","Carp",-0.363358292177791
"PRT","Mullet",-0.363825758437833
"PRT","OFrshD",-0.364293224697875
"PRT","OCarp",-0.364760690957918
"PRT","OPelag",-0.36522815721796
"PRT","OMarn",-0.365695623478002
"PRY","jbeef",-0.22
"PRY","jpork",-0.07
"PRY","jlamb",-0.09
"PRY","jpoul",-0.07
"PRY","jmilk",-0.42
"PRY","jmaiz",-0.04
"PRY","jrice",-0.01
"PRY","jwhea",-0.45
"PRY","jbean",0.1864
"PRY","jchkp",0.1864
"PRY","jcowp",0.1864
"PRY","jlent",0.1864
"PRY","jpigp",0.1864
"PRY","jopul",0.1864
"PRY","jbana",0.25
"PRY","jplnt",0.25
"PRY","jsubf",0.25
"PRY","jtemf",0.25
"PRY","jvege",0.25
"PRY","jsugr",0.2
"PRY","jgrnd",0.1864
"PRY","jgdnt",0.1864
"PRY","jgdol",0.28
"PRY","jgdml",0.28
"PRY","jrpsd",0.16
"PRY","jrpnt",0.16
"PRY","jrpol",0.28
"PRY","jrpml",0.28
"PRY","jsoyb",0.16
"PRY","jsbnt",0.16
"PRY","jsbol",0.28
"PRY","jsbml",0.28
"PRY","jsnfl",0.16
"PRY","jsfnt",0.16
"PRY","jsfol",0.28
"PRY","jsfml",0.28
"PRY","jpalm",0.16
"PRY","jplol",0.28
"PRY","jpkrl",0.16
"PRY","jpkol",0.28
"PRY","jpkml",0.28
"PRY","jtols",0.16
"PRY","jtont",0.16
"PRY","jtool",0.28
"PRY","jtoml",0.28
"PRY","jcoco",0.25
"PRY","jcafe",0.25
"PRY","jcott",0.5169
"PRY","jteas",0.25
"PRY","jothr",0.1864
"PRY","Shrimp",-0.0978374564737469
"PRY","Crust",-0.0978374564737469
"PRY","Salmon",-0.0987723889938319
"PRY","Tuna",-0.099707321513917
"PRY","Cobswf",-0.100174787773959
"PRY","Eelstg",-0.100642254034001
"PRY","Tilapia",-0.101109720294044
"PRY","Pangas",-0.101577186554086
"PRY","Carp",-0.102044652814128
"PRY","Mullet",-0.102512119074171
"PRY","OFrshD",-0.102979585334213
"PRY","OCarp",-0.103447051594255
"PRY","OPelag",-0.103914517854298
"PRY","OMarn",-0.10438198411434
"PSE","jbeef",0.43
"PSE","jpork",0.28
"PSE","jlamb",0.28
"PSE","jpoul",0.1
"PSE","jeggs",0.1
"PSE","jbarl",-0.23
"PSE","jmaiz",-0.23
"PSE","jmill",-0.23
"PSE","jrice",0.41
"PSE","jsorg",-0.23
"PSE","jwhea",-0.2
"PSE","jocer",-0.23
"PSE","jbean",-0.0969
"PSE","jchkp",-0.0969
"PSE","jcowp",-0.0969
"PSE","jlent",-0.0969
"PSE","jpigp",-0.0969
"PSE","jopul",-0.0969
"PSE","jbana",-0.13
"PSE","jplnt",-0.13
"PSE","jsubf",-0.13
"PSE","jtemf",-0.13
"PSE","jvege",-0.13
"PSE","jsugr",0.3
"PSE","jgrnd",-0.0969
"PSE","jgdnt",-0.0969
"PSE","jgdol",-0.07
"PSE","jgdml",-0.07
"PSE","jrpol",-0.07
"PSE","jrpml",-0.07
"PSE","jsbol",-0.07
"PSE","jsbml",-0.07
"PSE","jsfol",-0.07
"PSE","jsfml",-0.07
"PSE","jplol",-0.07
"PSE","jpkol",-0.07
"PSE","jpkml",-0.07
"PSE","jtool",-0.07
"PSE","jtoml",-0.07
"PSE","jcoco",-0.13
"PSE","jcafe",-0.13
"PSE","jcott",-0.2688
"PSE","jteas",-0.13
"PSE","jothr",-0.0969
"PSE","Shrimp",-0.153465941418785
"PSE","Crust",-0.153465941418785
"PSE","Salmon",-0.154400873938869
"PSE","Tuna",-0.155335806458954
"PSE","Cobswf",-0.155803272718996
"PSE","Eelstg",-0.156270738979039
"PSE","Tilapia",-0.156738205239081
"PSE","Pangas",-0.157205671499123
"PSE","Carp",-0.157673137759166
"PSE","Mullet",-0.158140604019208
"PSE","OFrshD",-0.15860807027925
"PSE","OCarp",-0.159075536539293
"PSE","OPelag",-0.159543002799335
"PSE","OMarn",-0.160010469059377
"RAP","jbeef",0.07
"RAP","jpork",0.02
"RAP","jlamb",0.07
"RAP","jpoul",0.02
"RAP","jeggs",0.1
"RAP","jmilk",-0.11
"RAP","jbarl",0.07
"RAP","jmaiz",0.13
"RAP","jmill",0.07
"RAP","jrice",0.07
"RAP","jsorg",0.07
"RAP","jwhea",0.07
"RAP","jocer",0.07
"RAP","jbean",0.0746
"RAP","jchkp",0.0746
"RAP","jcowp",0.0746
"RAP","jlent",0.0746
"RAP","jpigp",0.0746
"RAP","jopul",0.0746
"RAP","jbana",0.1
"RAP","jplnt",0.1
"RAP","jsubf",0.1
"RAP","jtemf",0.1
"RAP","jvege",0.1
"RAP","jsugr",0.2
"RAP","jgrnd",0.0746
"RAP","jgdnt",0.0746
"RAP","jgdol",0.18
"RAP","jgdml",0.18
"RAP","jrpol",0.18
"RAP","jrpml",0.18
"RAP","jsbol",0.18
"RAP","jsbml",0.18
"RAP","jsfol",0.18
"RAP","jsfml",0.18
"RAP","jplol",0.18
"RAP","jpkol",0.18
"RAP","jpkml",0.18
"RAP","jtool",0.18
"RAP","jtoml",0.18
"RAP","jcoco",0.1
"RAP","jcafe",0.1
"RAP","jcott",0.2068
"RAP","jteas",0.1
"RAP","jothr",0.0746
"RAP","Shrimp",-0.144116616217938
"RAP","Crust",-0.144116616217938
"RAP","Salmon",-0.145051548738023
"RAP","Tuna",-0.145986481258107
"RAP","Cobswf",-0.14645394751815
"RAP","Eelstg",-0.146921413778192
"RAP","Tilapia",-0.147388880038234
"RAP","Pangas",-0.147856346298277
"RAP","Carp",-0.148323812558319
"RAP","Mullet",-0.148791278818361
"RAP","OFrshD",-0.149258745078404
"RAP","OCarp",-0.149726211338446
"RAP","OPelag",-0.150193677598488
"RAP","OMarn",-0.150661143858531
"ROU","jbeef",0.13197405604212
"ROU","jpork",0.01713498502693
"ROU","jlamb",0.14140443815786
"ROU","jpoul",0.40014588781909
"ROU","jeggs",0.00805424075428007
"ROU","jmilk",0.00859085347854993
"ROU","jbarl",7.15169784992753E-6
"ROU","jmaiz",7.69392840993532E-6
"ROU","jrice",0.01071406139431
"ROU","jwhea",6.79887847621075E-6
"ROU","jocer",1.04671390899203E-5
"ROU","jpota",0.10451378489025
"ROU","jtemf",0.0698634573396599
"ROU","jsugc",0.00257735710249007
"ROU","jsugb",0.00257735710249007
"ROU","jsugr",0.00257735710249007
"ROU","jsugrc",0.00257735710249007
"ROU","jsugrb",0.00257735710249007
"ROU","jgdol",-0.09
"ROU","jgdml",-0.09
"ROU","jrpsd",0.000331113845019937
"ROU","jrpnt",0.000331113845019937
"ROU","jrpol",-0.09
"ROU","jrpml",-0.09
"ROU","jsoyb",0.000278732293869988
"ROU","jsbnt",0.000278732293869988
"ROU","jsbol",-0.09
"ROU","jsbml",-0.09
"ROU","jsnfl",0.000346721511260029
"ROU","jsfnt",0.000346721511260029
"ROU","jsfol",-0.09
"ROU","jsfml",-0.09
"ROU","jpkol",-0.09
"ROU","jpkml",-0.09
"ROU","jtool",-0.09
"ROU","jtoml",-0.09
"ROU","Shrimp",-0.125885432076287
"ROU","Crust",-0.125885432076287
"ROU","Salmon",-0.126820364596372
"ROU","Tuna",-0.127755297116456
"ROU","Cobswf",-0.128222763376499
"ROU","Eelstg",-0.128690229636541
"ROU","Tilapia",-0.129157695896583
"ROU","Pangas",-0.129625162156626
"ROU","Carp",-0.130092628416668
"ROU","Mullet",-0.13056009467671
"ROU","OFrshD",-0.131027560936753
"ROU","OCarp",-0.131495027196795
"ROU","OPelag",-0.131962493456837
"ROU","OMarn",-0.13242995971688
"RUS","jbeef",0.36503512805966
"RUS","jpork",0.9999
"RUS","jpoul",0.2632452148488
"RUS","jeggs",0.00488694941404999
"RUS","jmilk",0.23689587300988
"RUS","jbarl",-0.12440377080611
"RUS","jmaiz",-0.32003601363896
"RUS","jwhea",-0.10804464205506
"RUS","jocer",-0.151218202589048
"RUS","jpota",0.00041246907441006
"RUS","jsugc",0.0629993875015999
"RUS","jsugb",0.0629993875015999
"RUS","jsugr",0.0629993875015999
"RUS","jsugrc",0.0629993875015999
"RUS","jsugrb",0.0629993875015999
"RUS","jgdol",-0.04
"RUS","jgdml",-0.04
"RUS","jrpol",-0.04
"RUS","jrpml",-0.04
"RUS","jsbol",-0.04
"RUS","jsbml",-0.04
"RUS","jsnfl",-0.0802211400737201
"RUS","jsfnt",-0.0802211400737201
"RUS","jsfol",-0.04
"RUS","jsfml",-0.04
"RUS","jpkol",-0.04
"RUS","jpkml",-0.04
"RUS","jtool",-0.04
"RUS","jtoml",-0.04
"RUS","Shrimp",-0.125885432076287
"RUS","Crust",-0.125885432076287
"RUS","Salmon",-0.126820364596372
"RUS","Tuna",-0.127755297116456
"RUS","Cobswf",-0.128222763376499
"RUS","Eelstg",-0.128690229636541
"RUS","Tilapia",-0.129157695896583
"RUS","Pangas",-0.129625162156626
"RUS","Carp",-0.130092628416668
"RUS","Mullet",-0.13056009467671
"RUS","OFrshD",-0.131027560936753
"RUS","OCarp",-0.131495027196795
"RUS","OPelag",-0.131962493456837
"RUS","OMarn",-0.13242995971688
"RWA","jbeef",0.5
"RWA","jpork",0.3
"RWA","jlamb",-0.5
"RWA","jpoul",0.3
"RWA","jeggs",0.1
"RWA","jmilk",-0.1
"RWA","jbarl",-0.06
"RWA","jmaiz",-0.06
"RWA","jmill",-0.06
"RWA","jrice",0.3
"RWA","jsorg",-0.06
"RWA","jwhea",-0.23
"RWA","jocer",-0.06
"RWA","jbean",-0.0969
"RWA","jchkp",-0.0969
"RWA","jcowp",-0.0969
"RWA","jlent",-0.0969
"RWA","jpigp",-0.0969
"RWA","jopul",-0.0969
"RWA","jbana",-0.13
"RWA","jplnt",-0.13
"RWA","jsubf",-0.13
"RWA","jtemf",-0.13
"RWA","jvege",-0.13
"RWA","jsugr",0.3
"RWA","jgrnd",-0.0969
"RWA","jgdnt",-0.0969
"RWA","jgdol",-0.07
"RWA","jgdml",-0.02
"RWA","jrpol",-0.07
"RWA","jrpml",-0.02
"RWA","jsbol",-0.07
"RWA","jsbml",-0.02
"RWA","jsfol",-0.07
"RWA","jsfml",-0.02
"RWA","jplol",-0.07
"RWA","jpkol",-0.07
"RWA","jpkml",-0.02
"RWA","jtool",-0.07
"RWA","jtoml",-0.02
"RWA","jcoco",-0.13
"RWA","jcafe",-0.13
"RWA","jcott",-0.2688
"RWA","jteas",-0.13
"RWA","jothr",-0.0969
"RWA","Shrimp",-0.172164591820478
"RWA","Crust",-0.172164591820478
"RWA","Salmon",-0.173099524340562
"RWA","Tuna",-0.174034456860647
"RWA","Cobswf",-0.174501923120689
"RWA","Eelstg",-0.174969389380732
"RWA","Tilapia",-0.175436855640774
"RWA","Pangas",-0.175904321900816
"RWA","Carp",-0.176371788160859
"RWA","Mullet",-0.176839254420901
"RWA","OFrshD",-0.177306720680943
"RWA","OCarp",-0.177774186940986
"RWA","OPelag",-0.178241653201028
"RWA","OMarn",-0.17870911946107
"SAU","jbeef",0.07
"SAU","jpork",0.02
"SAU","jlamb",0.07
"SAU","jpoul",0.02
"SAU","jeggs",0.1
"SAU","jmilk",-0.11
"SAU","jbarl",0.07
"SAU","jmaiz",0.13
"SAU","jmill",0.07
"SAU","jrice",0.07
"SAU","jsorg",0.07
"SAU","jwhea",0.07
"SAU","jocer",0.07
"SAU","jbean",0.0746
"SAU","jchkp",0.0746
"SAU","jcowp",0.0746
"SAU","jlent",0.0746
"SAU","jpigp",0.0746
"SAU","jopul",0.0746
"SAU","jbana",0.1
"SAU","jplnt",0.1
"SAU","jsubf",0.1
"SAU","jtemf",0.1
"SAU","jvege",0.1
"SAU","jsugr",0.2
"SAU","jgrnd",0.0746
"SAU","jgdnt",0.0746
"SAU","jgdol",0.18
"SAU","jgdml",0.18
"SAU","jrpol",0.18
"SAU","jrpml",0.18
"SAU","jsbol",0.18
"SAU","jsbml",0.18
"SAU","jsfol",0.18
"SAU","jsfml",0.18
"SAU","jplol",0.18
"SAU","jpkol",0.18
"SAU","jpkml",0.18
"SAU","jtool",0.18
"SAU","jtoml",0.18
"SAU","jcoco",0.1
"SAU","jcafe",0.1
"SAU","jcott",0.2068
"SAU","jteas",0.1
"SAU","jothr",0.0746
"SAU","Shrimp",-0.144116616217938
"SAU","Crust",-0.144116616217938
"SAU","Salmon",-0.145051548738023
"SAU","Tuna",-0.145986481258107
"SAU","Cobswf",-0.14645394751815
"SAU","Eelstg",-0.146921413778192
"SAU","Tilapia",-0.147388880038234
"SAU","Pangas",-0.147856346298277
"SAU","Carp",-0.148323812558319
"SAU","Mullet",-0.148791278818361
"SAU","OFrshD",-0.149258745078404
"SAU","OCarp",-0.149726211338446
"SAU","OPelag",-0.150193677598488
"SAU","OMarn",-0.150661143858531
"SDN","jbeef",0.28
"SDN","jpork",0.08
"SDN","jlamb",0.16
"SDN","jpoul",0.08
"SDN","jbarl",-0.17
"SDN","jmaiz",-0.17
"SDN","jmill",-0.17
"SDN","jrice",-0.34
"SDN","jsorg",-0.17
"SDN","jwhea",-0.29
"SDN","jocer",-0.17
"SDN","jbean",-0.1044
"SDN","jchkp",-0.1044
"SDN","jcowp",-0.1044
"SDN","jlent",-0.1044
"SDN","jpigp",-0.1044
"SDN","jopul",-0.1044
"SDN","jbana",-0.14
"SDN","jplnt",-0.14
"SDN","jsubf",-0.14
"SDN","jtemf",-0.14
"SDN","jvege",-0.14
"SDN","jsugr",0.3
"SDN","jgrnd",-0.1044
"SDN","jgdnt",-0.1044
"SDN","jgdol",-0.03
"SDN","jgdml",-0.03
"SDN","jrpol",-0.03
"SDN","jrpml",-0.03
"SDN","jsbol",-0.03
"SDN","jsbml",-0.03
"SDN","jsfol",-0.03
"SDN","jsfml",-0.03
"SDN","jplol",-0.03
"SDN","jpkol",-0.03
"SDN","jpkml",-0.03
"SDN","jtool",-0.03
"SDN","jtoml",-0.03
"SDN","jcoco",-0.14
"SDN","jcafe",-0.14
"SDN","jcott",-0.2895
"SDN","jteas",-0.14
"SDN","jothr",-0.1044
"SDN","Shrimp",-0.172164591820478
"SDN","Crust",-0.172164591820478
"SDN","Salmon",-0.173099524340562
"SDN","Tuna",-0.174034456860647
"SDN","Cobswf",-0.174501923120689
"SDN","Eelstg",-0.174969389380732
"SDN","Tilapia",-0.175436855640774
"SDN","Pangas",-0.175904321900816
"SDN","Carp",-0.176371788160859
"SDN","Mullet",-0.176839254420901
"SDN","OFrshD",-0.177306720680943
"SDN","OCarp",-0.177774186940986
"SDN","OPelag",-0.178241653201028
"SDN","OMarn",-0.17870911946107
"SEN","jbeef",0.43
"SEN","jpork",0.28
"SEN","jlamb",0.28
"SEN","jpoul",0.1
"SEN","jeggs",0.1
"SEN","jbarl",-0.23
"SEN","jmaiz",-0.23
"SEN","jmill",-0.23
"SEN","jrice",0.41
"SEN","jsorg",-0.23
"SEN","jwhea",-0.2
"SEN","jocer",-0.23
"SEN","jbean",-0.0969
"SEN","jchkp",-0.0969
"SEN","jcowp",-0.0969
"SEN","jlent",-0.0969
"SEN","jpigp",-0.0969
"SEN","jopul",-0.0969
"SEN","jbana",-0.13
"SEN","jplnt",-0.13
"SEN","jsubf",-0.13
"SEN","jtemf",-0.13
"SEN","jvege",-0.13
"SEN","jsugr",0.3
"SEN","jgrnd",-0.0969
"SEN","jgdnt",-0.0969
"SEN","jgdol",-0.07
"SEN","jgdml",-0.07
"SEN","jrpol",-0.07
"SEN","jrpml",-0.07
"SEN","jsbol",-0.07
"SEN","jsbml",-0.07
"SEN","jsfol",-0.07
"SEN","jsfml",-0.07
"SEN","jplol",-0.07
"SEN","jpkol",-0.07
"SEN","jpkml",-0.07
"SEN","jtool",-0.07
"SEN","jtoml",-0.07
"SEN","jcoco",-0.13
"SEN","jcafe",-0.13
"SEN","jcott",-0.2688
"SEN","jteas",-0.13
"SEN","jothr",-0.0969
"SEN","Shrimp",-0.153465941418785
"SEN","Crust",-0.153465941418785
"SEN","Salmon",-0.154400873938869
"SEN","Tuna",-0.155335806458954
"SEN","Cobswf",-0.155803272718996
"SEN","Eelstg",-0.156270738979039
"SEN","Tilapia",-0.156738205239081
"SEN","Pangas",-0.157205671499123
"SEN","Carp",-0.157673137759166
"SEN","Mullet",-0.158140604019208
"SEN","OFrshD",-0.15860807027925
"SEN","OCarp",-0.159075536539293
"SEN","OPelag",-0.159543002799335
"SEN","OMarn",-0.160010469059377
"SLB","jmaiz",-0.01
"SLB","jrice",-0.02
"SLB","jwhea",-0.01
"SLB","jbean",0.1119
"SLB","jchkp",0.1119
"SLB","jcowp",0.1119
"SLB","jlent",0.1119
"SLB","jpigp",0.1119
"SLB","jopul",0.1119
"SLB","jbana",0.15
"SLB","jplnt",0.15
"SLB","jsubf",0.15
"SLB","jtemf",0.15
"SLB","jvege",0.15
"SLB","jsugr",0.2
"SLB","jgrnd",0.1119
"SLB","jgdnt",0.1119
"SLB","jcoco",0.15
"SLB","jcafe",0.15
"SLB","jcott",0.3102
"SLB","jteas",0.15
"SLB","jothr",0.1119
"SLB","Shrimp",-0.181513917021324
"SLB","Crust",-0.181513917021324
"SLB","Salmon",-0.182448849541409
"SLB","Tuna",-0.183383782061494
"SLB","Cobswf",-0.183851248321536
"SLB","Eelstg",-0.184318714581578
"SLB","Tilapia",-0.184786180841621
"SLB","Pangas",-0.185253647101663
"SLB","Carp",-0.185721113361705
"SLB","Mullet",-0.186188579621748
"SLB","OFrshD",-0.18665604588179
"SLB","OCarp",-0.187123512141832
"SLB","OPelag",-0.187590978401875
"SLB","OMarn",-0.188058444661917
"SLE","jbeef",0.43
"SLE","jpork",0.28
"SLE","jlamb",0.28
"SLE","jpoul",0.1
"SLE","jeggs",0.1
"SLE","jbarl",-0.23
"SLE","jmaiz",-0.23
"SLE","jmill",-0.23
"SLE","jrice",0.41
"SLE","jsorg",-0.23
"SLE","jwhea",-0.2
"SLE","jocer",-0.23
"SLE","jbean",-0.0969
"SLE","jchkp",-0.0969
"SLE","jcowp",-0.0969
"SLE","jlent",-0.0969
"SLE","jpigp",-0.0969
"SLE","jopul",-0.0969
"SLE","jbana",-0.13
"SLE","jplnt",-0.13
"SLE","jsubf",-0.13
"SLE","jtemf",-0.13
"SLE","jvege",-0.13
"SLE","jsugr",0.3
"SLE","jgrnd",-0.0969
"SLE","jgdnt",-0.0969
"SLE","jgdol",-0.07
"SLE","jgdml",-0.07
"SLE","jrpol",-0.07
"SLE","jrpml",-0.07
"SLE","jsbol",-0.07
"SLE","jsbml",-0.07
"SLE","jsfol",-0.07
"SLE","jsfml",-0.07
"SLE","jplol",-0.07
"SLE","jpkol",-0.07
"SLE","jpkml",-0.07
"SLE","jtool",-0.07
"SLE","jtoml",-0.07
"SLE","jcoco",-0.13
"SLE","jcafe",-0.13
"SLE","jcott",-0.2688
"SLE","jteas",-0.13
"SLE","jothr",-0.0969
"SLE","Shrimp",-0.153465941418785
"SLE","Crust",-0.153465941418785
"SLE","Salmon",-0.154400873938869
"SLE","Tuna",-0.155335806458954
"SLE","Cobswf",-0.155803272718996
"SLE","Eelstg",-0.156270738979039
"SLE","Tilapia",-0.156738205239081
"SLE","Pangas",-0.157205671499123
"SLE","Carp",-0.157673137759166
"SLE","Mullet",-0.158140604019208
"SLE","OFrshD",-0.15860807027925
"SLE","OCarp",-0.159075536539293
"SLE","OPelag",-0.159543002799335
"SLE","OMarn",-0.160010469059377
"SLV","jbeef",-0.22
"SLV","jpork",-0.07
"SLV","jlamb",-0.09
"SLV","jpoul",-0.07
"SLV","jmilk",-0.42
"SLV","jmaiz",-0.04
"SLV","jrice",-0.01
"SLV","jwhea",-0.45
"SLV","jbean",0.1864
"SLV","jchkp",0.1864
"SLV","jcowp",0.1864
"SLV","jlent",0.1864
"SLV","jpigp",0.1864
"SLV","jopul",0.1864
"SLV","jbana",0.25
"SLV","jplnt",0.25
"SLV","jsubf",0.25
"SLV","jtemf",0.25
"SLV","jvege",0.25
"SLV","jsugr",0.2
"SLV","jgrnd",0.1864
"SLV","jgdnt",0.1864
"SLV","jgdol",0.28
"SLV","jgdml",0.28
"SLV","jrpsd",0.16
"SLV","jrpnt",0.16
"SLV","jrpol",0.28
"SLV","jrpml",0.28
"SLV","jsoyb",0.16
"SLV","jsbnt",0.16
"SLV","jsbol",0.28
"SLV","jsbml",0.28
"SLV","jsnfl",0.16
"SLV","jsfnt",0.16
"SLV","jsfol",0.28
"SLV","jsfml",0.28
"SLV","jpalm",0.16
"SLV","jplol",0.28
"SLV","jpkrl",0.16
"SLV","jpkol",0.28
"SLV","jpkml",0.28
"SLV","jtols",0.16
"SLV","jtont",0.16
"SLV","jtool",0.28
"SLV","jtoml",0.28
"SLV","jcoco",0.25
"SLV","jcafe",0.25
"SLV","jcott",0.5169
"SLV","jteas",0.25
"SLV","jothr",0.1864
"SLV","Shrimp",-0.0978374564737469
"SLV","Crust",-0.0978374564737469
"SLV","Salmon",-0.0987723889938319
"SLV","Tuna",-0.099707321513917
"SLV","Cobswf",-0.100174787773959
"SLV","Eelstg",-0.100642254034001
"SLV","Tilapia",-0.101109720294044
"SLV","Pangas",-0.101577186554086
"SLV","Carp",-0.102044652814128
"SLV","Mullet",-0.102512119074171
"SLV","OFrshD",-0.102979585334213
"SLV","OCarp",-0.103447051594255
"SLV","OPelag",-0.103914517854298
"SLV","OMarn",-0.10438198411434
"SOM","jbeef",0.28
"SOM","jpork",0.08
"SOM","jlamb",0.16
"SOM","jpoul",0.08
"SOM","jbarl",-0.17
"SOM","jmaiz",-0.17
"SOM","jmill",-0.17
"SOM","jrice",-0.34
"SOM","jsorg",-0.17
"SOM","jwhea",-0.29
"SOM","jocer",-0.17
"SOM","jbean",-0.1044
"SOM","jchkp",-0.1044
"SOM","jcowp",-0.1044
"SOM","jlent",-0.1044
"SOM","jpigp",-0.1044
"SOM","jopul",-0.1044
"SOM","jbana",-0.14
"SOM","jplnt",-0.14
"SOM","jsubf",-0.14
"SOM","jtemf",-0.14
"SOM","jvege",-0.14
"SOM","jsugr",0.3
"SOM","jgrnd",-0.1044
"SOM","jgdnt",-0.1044
"SOM","jgdol",-0.03
"SOM","jgdml",-0.03
"SOM","jrpol",-0.03
"SOM","jrpml",-0.03
"SOM","jsbol",-0.03
"SOM","jsbml",-0.03
"SOM","jsfol",-0.03
"SOM","jsfml",-0.03
"SOM","jplol",-0.03
"SOM","jpkol",-0.03
"SOM","jpkml",-0.03
"SOM","jtool",-0.03
"SOM","jtoml",-0.03
"SOM","jcoco",-0.14
"SOM","jcafe",-0.14
"SOM","jcott",-0.2895
"SOM","jteas",-0.14
"SOM","jothr",-0.1044
"SOM","Shrimp",-0.172164591820478
"SOM","Crust",-0.172164591820478
"SOM","Salmon",-0.173099524340562
"SOM","Tuna",-0.174034456860647
"SOM","Cobswf",-0.174501923120689
"SOM","Eelstg",-0.174969389380732
"SOM","Tilapia",-0.175436855640774
"SOM","Pangas",-0.175904321900816
"SOM","Carp",-0.176371788160859
"SOM","Mullet",-0.176839254420901
"SOM","OFrshD",-0.177306720680943
"SOM","OCarp",-0.177774186940986
"SOM","OPelag",-0.178241653201028
"SOM","OMarn",-0.17870911946107
"SPP","jbeef",0.13197405604212
"SPP","jpork",0.01713498502693
"SPP","jlamb",0.14140443815786
"SPP","jpoul",0.40014588781909
"SPP","jeggs",0.00805424075428007
"SPP","jmilk",0.00859085347854993
"SPP","jbarl",7.15169784992753E-6
"SPP","jmaiz",7.69392840993532E-6
"SPP","jmill",0.58
"SPP","jrice",0.01071406139431
"SPP","jwhea",6.79887847621075E-6
"SPP","jocer",1.04671390899203E-5
"SPP","jpota",0.10451378489025
"SPP","jtemf",0.0698634573396599
"SPP","jsugc",0.00257735710249007
"SPP","jsugb",0.00257735710249007
"SPP","jsugr",0.00257735710249007
"SPP","jsugrc",0.00257735710249007
"SPP","jsugrb",0.00257735710249007
"SPP","jgdol",0.48
"SPP","jgdml",0.48
"SPP","jrpsd",0.000331113845019937
"SPP","jrpnt",0.000331113845019937
"SPP","jrpol",0.48
"SPP","jrpml",0.48
"SPP","jsoyb",0.000278732293869988
"SPP","jsbnt",0.000278732293869988
"SPP","jsbol",0.48
"SPP","jsbml",0.48
"SPP","jsnfl",0.000346721511260029
"SPP","jsfnt",0.000346721511260029
"SPP","jsfol",0.48
"SPP","jsfml",0.48
"SPP","jpalm",0.5
"SPP","jpkrl",0.5
"SPP","jpkol",0.48
"SPP","jpkml",0.48
"SPP","jtool",0.48
"SPP","jtoml",0.48
"SPP","Shrimp",-0.35915109583741
"SPP","Crust",-0.35915109583741
"SPP","Salmon",-0.360086028357494
"SPP","Tuna",-0.361020960877579
"SPP","Cobswf",-0.361488427137621
"SPP","Eelstg",-0.361955893397664
"SPP","Tilapia",-0.362423359657706
"SPP","Pangas",-0.362890825917748
"SPP","Carp",-0.363358292177791
"SPP","Mullet",-0.363825758437833
"SPP","OFrshD",-0.364293224697875
"SPP","OCarp",-0.364760690957918
"SPP","OPelag",-0.36522815721796
"SPP","OMarn",-0.365695623478002
"SVK","jbeef",0.13197405604212
"SVK","jpork",0.01713498502693
"SVK","jlamb",0.14140443815786
"SVK","jpoul",0.40014588781909
"SVK","jeggs",0.00805424075428007
"SVK","jmilk",0.00859085347854993
"SVK","jbarl",7.15169784992753E-6
"SVK","jmaiz",7.69392840993532E-6
"SVK","jrice",0.01071406139431
"SVK","jwhea",6.79887847621075E-6
"SVK","jocer",1.04671390899203E-5
"SVK","jpota",0.10451378489025
"SVK","jtemf",0.0698634573396599
"SVK","jsugc",0.00257735710249007
"SVK","jsugb",0.00257735710249007
"SVK","jsugr",0.00257735710249007
"SVK","jsugrc",0.00257735710249007
"SVK","jsugrb",0.00257735710249007
"SVK","jgdol",-0.09
"SVK","jgdml",-0.09
"SVK","jrpsd",0.000331113845019937
"SVK","jrpnt",0.000331113845019937
"SVK","jrpol",-0.09
"SVK","jrpml",-0.09
"SVK","jsoyb",0.000278732293869988
"SVK","jsbnt",0.000278732293869988
"SVK","jsbol",-0.09
"SVK","jsbml",-0.09
"SVK","jsnfl",0.000346721511260029
"SVK","jsfnt",0.000346721511260029
"SVK","jsfol",-0.09
"SVK","jsfml",-0.09
"SVK","jpkol",-0.09
"SVK","jpkml",-0.09
"SVK","jtool",-0.09
"SVK","jtoml",-0.09
"SVK","Shrimp",-0.125885432076287
"SVK","Crust",-0.125885432076287
"SVK","Salmon",-0.126820364596372
"SVK","Tuna",-0.127755297116456
"SVK","Cobswf",-0.128222763376499
"SVK","Eelstg",-0.128690229636541
"SVK","Tilapia",-0.129157695896583
"SVK","Pangas",-0.129625162156626
"SVK","Carp",-0.130092628416668
"SVK","Mullet",-0.13056009467671
"SVK","OFrshD",-0.131027560936753
"SVK","OCarp",-0.131495027196795
"SVK","OPelag",-0.131962493456837
"SVK","OMarn",-0.13242995971688
"SVN","jbeef",0.13197405604212
"SVN","jpork",0.01713498502693
"SVN","jlamb",0.14140443815786
"SVN","jpoul",0.40014588781909
"SVN","jeggs",0.00805424075428007
"SVN","jmilk",0.00859085347854993
"SVN","jbarl",7.15169784992753E-6
"SVN","jmaiz",7.69392840993532E-6
"SVN","jrice",0.01071406139431
"SVN","jwhea",6.79887847621075E-6
"SVN","jocer",1.04671390899203E-5
"SVN","jpota",0.10451378489025
"SVN","jtemf",0.0698634573396599
"SVN","jsugc",0.00257735710249007
"SVN","jsugb",0.00257735710249007
"SVN","jsugr",0.00257735710249007
"SVN","jsugrc",0.00257735710249007
"SVN","jsugrb",0.00257735710249007
"SVN","jgdol",-0.09
"SVN","jgdml",-0.09
"SVN","jrpsd",0.000331113845019937
"SVN","jrpnt",0.000331113845019937
"SVN","jrpol",-0.09
"SVN","jrpml",-0.09
"SVN","jsoyb",0.000278732293869988
"SVN","jsbnt",0.000278732293869988
"SVN","jsbol",-0.09
"SVN","jsbml",-0.09
"SVN","jsnfl",0.000346721511260029
"SVN","jsfnt",0.000346721511260029
"SVN","jsfol",-0.09
"SVN","jsfml",-0.09
"SVN","jpkol",-0.09
"SVN","jpkml",-0.09
"SVN","jtool",-0.09
"SVN","jtoml",-0.09
"SVN","Shrimp",-0.125885432076287
"SVN","Crust",-0.125885432076287
"SVN","Salmon",-0.126820364596372
"SVN","Tuna",-0.127755297116456
"SVN","Cobswf",-0.128222763376499
"SVN","Eelstg",-0.128690229636541
"SVN","Tilapia",-0.129157695896583
"SVN","Pangas",-0.129625162156626
"SVN","Carp",-0.130092628416668
"SVN","Mullet",-0.13056009467671
"SVN","OFrshD",-0.131027560936753
"SVN","OCarp",-0.131495027196795
"SVN","OPelag",-0.131962493456837
"SVN","OMarn",-0.13242995971688
"SWE","jbeef",0.13197405604212
"SWE","jpork",0.01713498502693
"SWE","jlamb",0.14140443815786
"SWE","jpoul",0.40014588781909
"SWE","jeggs",0.00805424075428007
"SWE","jmilk",0.00859085347854993
"SWE","jbarl",7.15169784992753E-6
"SWE","jmaiz",7.69392840993532E-6
"SWE","jmill",0.58
"SWE","jrice",0.01071406139431
"SWE","jwhea",6.79887847621075E-6
"SWE","jocer",1.04671390899203E-5
"SWE","jpota",0.10451378489025
"SWE","jtemf",0.0698634573396599
"SWE","jsugc",0.00257735710249007
"SWE","jsugb",0.00257735710249007
"SWE","jsugr",0.00257735710249007
"SWE","jsugrc",0.00257735710249007
"SWE","jsugrb",0.00257735710249007
"SWE","jgdol",0.48
"SWE","jgdml",0.48
"SWE","jrpsd",0.000331113845019937
"SWE","jrpnt",0.000331113845019937
"SWE","jrpol",0.48
"SWE","jrpml",0.48
"SWE","jsoyb",0.000278732293869988
"SWE","jsbnt",0.000278732293869988
"SWE","jsbol",0.48
"SWE","jsbml",0.48
"SWE","jsnfl",0.000346721511260029
"SWE","jsfnt",0.000346721511260029
"SWE","jsfol",0.48
"SWE","jsfml",0.48
"SWE","jpalm",0.5
"SWE","jpkrl",0.5
"SWE","jpkol",0.48
"SWE","jpkml",0.48
"SWE","jtool",0.48
"SWE","jtoml",0.48
"SWE","Shrimp",-0.428940576708617
"SWE","Crust",-0.428940576708617
"SWE","Salmon",-0.430810441748787
"SWE","Tuna",-0.432680306788956
"SWE","Cobswf",-0.433615239309041
"SWE","Eelstg",-0.434550171829125
"SWE","Tilapia",-0.43548510434921
"SWE","Pangas",-0.436420036869295
"SWE","Carp",-0.437354969389379
"SWE","Mullet",-0.438289901909464
"SWE","OFrshD",-0.439224834429549
"SWE","OCarp",-0.440159766949633
"SWE","OPelag",-0.441094699469718
"SWE","OMarn",-0.442029631989803
"SWZ","jbeef",0.24
"SWZ","jeggs",0.09
"SWZ","jmilk",-0.29
"SWZ","jbarl",-0.2
"SWZ","jmaiz",-0.2
"SWZ","jmill",-0.2
"SWZ","jrice",0.12
"SWZ","jsorg",-0.2
"SWZ","jwhea",-0.25
"SWZ","jocer",-0.2
"SWZ","jbean",-0.0522
"SWZ","jchkp",-0.0522
"SWZ","jcowp",-0.0522
"SWZ","jlent",-0.0522
"SWZ","jpigp",-0.0522
"SWZ","jopul",-0.0522
"SWZ","jbana",-0.07
"SWZ","jplnt",-0.07
"SWZ","jsubf",-0.07
"SWZ","jtemf",-0.07
"SWZ","jvege",-0.07
"SWZ","jsugr",0.3
"SWZ","jgrnd",-0.0522
"SWZ","jgdnt",-0.0522
"SWZ","jgdol",-0.07
"SWZ","jgdml",-0.07
"SWZ","jrpol",-0.07
"SWZ","jrpml",-0.07
"SWZ","jsbol",-0.07
"SWZ","jsbml",-0.07
"SWZ","jsfol",-0.07
"SWZ","jsfml",-0.07
"SWZ","jplol",-0.07
"SWZ","jpkol",-0.07
"SWZ","jpkml",-0.07
"SWZ","jtool",-0.07
"SWZ","jtoml",-0.07
"SWZ","jcoco",-0.07
"SWZ","jcafe",-0.07
"SWZ","jcott",-0.1447
"SWZ","jteas",-0.07
"SWZ","jothr",-0.0522
"SWZ","Shrimp",-0.162815266619631
"SWZ","Crust",-0.162815266619631
"SWZ","Salmon",-0.163750199139716
"SWZ","Tuna",-0.1646851316598
"SWZ","Cobswf",-0.165152597919843
"SWZ","Eelstg",-0.165620064179885
"SWZ","Tilapia",-0.166087530439927
"SWZ","Pangas",-0.16655499669997
"SWZ","Carp",-0.167022462960012
"SWZ","Mullet",-0.167489929220054
"SWZ","OFrshD",-0.167957395480097
"SWZ","OCarp",-0.168424861740139
"SWZ","OPelag",-0.168892328000181
"SWZ","OMarn",-0.169359794260224
"SYR","jbeef",0.07
"SYR","jpork",0.02
"SYR","jlamb",0.07
"SYR","jpoul",0.02
"SYR","jeggs",0.1
"SYR","jmilk",-0.11
"SYR","jbarl",0.07
"SYR","jmaiz",0.13
"SYR","jmill",0.07
"SYR","jrice",0.07
"SYR","jsorg",0.07
"SYR","jwhea",0.07
"SYR","jocer",0.07
"SYR","jbean",0.0746
"SYR","jchkp",0.0746
"SYR","jcowp",0.0746
"SYR","jlent",0.0746
"SYR","jpigp",0.0746
"SYR","jopul",0.0746
"SYR","jbana",0.1
"SYR","jplnt",0.1
"SYR","jsubf",0.1
"SYR","jtemf",0.1
"SYR","jvege",0.1
"SYR","jsugr",0.2
"SYR","jgrnd",0.0746
"SYR","jgdnt",0.0746
"SYR","jgdol",0.18
"SYR","jgdml",0.18
"SYR","jrpol",0.18
"SYR","jrpml",0.18
"SYR","jsbol",0.18
"SYR","jsbml",0.18
"SYR","jsfol",0.18
"SYR","jsfml",0.18
"SYR","jplol",0.18
"SYR","jpkol",0.18
"SYR","jpkml",0.18
"SYR","jtool",0.18
"SYR","jtoml",0.18
"SYR","jcoco",0.1
"SYR","jcafe",0.1
"SYR","jcott",0.2068
"SYR","jteas",0.1
"SYR","jothr",0.0746
"SYR","Shrimp",-0.144116616217938
"SYR","Crust",-0.144116616217938
"SYR","Salmon",-0.145051548738023
"SYR","Tuna",-0.145986481258107
"SYR","Cobswf",-0.14645394751815
"SYR","Eelstg",-0.146921413778192
"SYR","Tilapia",-0.147388880038234
"SYR","Pangas",-0.147856346298277
"SYR","Carp",-0.148323812558319
"SYR","Mullet",-0.148791278818361
"SYR","OFrshD",-0.149258745078404
"SYR","OCarp",-0.149726211338446
"SYR","OPelag",-0.150193677598488
"SYR","OMarn",-0.150661143858531
"TCD","jbeef",0.28
"TCD","jpork",0.08
"TCD","jlamb",0.16
"TCD","jpoul",0.08
"TCD","jbarl",-0.17
"TCD","jmaiz",-0.17
"TCD","jmill",-0.17
"TCD","jrice",-0.34
"TCD","jsorg",-0.17
"TCD","jwhea",-0.29
"TCD","jocer",-0.17
"TCD","jbean",-0.1044
"TCD","jchkp",-0.1044
"TCD","jcowp",-0.1044
"TCD","jlent",-0.1044
"TCD","jpigp",-0.1044
"TCD","jopul",-0.1044
"TCD","jbana",-0.14
"TCD","jplnt",-0.14
"TCD","jsubf",-0.14
"TCD","jtemf",-0.14
"TCD","jvege",-0.14
"TCD","jsugr",0.3
"TCD","jgrnd",-0.1044
"TCD","jgdnt",-0.1044
"TCD","jgdol",-0.03
"TCD","jgdml",-0.03
"TCD","jrpol",-0.03
"TCD","jrpml",-0.03
"TCD","jsbol",-0.03
"TCD","jsbml",-0.03
"TCD","jsfol",-0.03
"TCD","jsfml",-0.03
"TCD","jplol",-0.03
"TCD","jpkol",-0.03
"TCD","jpkml",-0.03
"TCD","jtool",-0.03
"TCD","jtoml",-0.03
"TCD","jcoco",-0.14
"TCD","jcafe",-0.14
"TCD","jcott",-0.2895
"TCD","jteas",-0.14
"TCD","jothr",-0.1044
"TCD","Shrimp",-0.172164591820478
"TCD","Crust",-0.172164591820478
"TCD","Salmon",-0.173099524340562
"TCD","Tuna",-0.174034456860647
"TCD","Cobswf",-0.174501923120689
"TCD","Eelstg",-0.174969389380732
"TCD","Tilapia",-0.175436855640774
"TCD","Pangas",-0.175904321900816
"TCD","Carp",-0.176371788160859
"TCD","Mullet",-0.176839254420901
"TCD","OFrshD",-0.177306720680943
"TCD","OCarp",-0.177774186940986
"TCD","OPelag",-0.178241653201028
"TCD","OMarn",-0.17870911946107
"TGO","jbeef",0.43
"TGO","jpork",0.28
"TGO","jlamb",0.28
"TGO","jpoul",0.1
"TGO","jeggs",0.1
"TGO","jbarl",-0.23
"TGO","jmaiz",-0.23
"TGO","jmill",-0.23
"TGO","jrice",0.41
"TGO","jsorg",-0.23
"TGO","jwhea",-0.2
"TGO","jocer",-0.23
"TGO","jbean",-0.0969
"TGO","jchkp",-0.0969
"TGO","jcowp",-0.0969
"TGO","jlent",-0.0969
"TGO","jpigp",-0.0969
"TGO","jopul",-0.0969
"TGO","jbana",-0.13
"TGO","jplnt",-0.13
"TGO","jsubf",-0.13
"TGO","jtemf",-0.13
"TGO","jvege",-0.13
"TGO","jsugr",0.3
"TGO","jgrnd",-0.0969
"TGO","jgdnt",-0.0969
"TGO","jgdol",-0.07
"TGO","jgdml",-0.07
"TGO","jrpol",-0.07
"TGO","jrpml",-0.07
"TGO","jsbol",-0.07
"TGO","jsbml",-0.07
"TGO","jsfol",-0.07
"TGO","jsfml",-0.07
"TGO","jplol",-0.07
"TGO","jpkol",-0.07
"TGO","jpkml",-0.07
"TGO","jtool",-0.07
"TGO","jtoml",-0.07
"TGO","jcoco",-0.13
"TGO","jcafe",-0.13
"TGO","jcott",-0.2688
"TGO","jteas",-0.13
"TGO","jothr",-0.0969
"TGO","Shrimp",-0.153465941418785
"TGO","Crust",-0.153465941418785
"TGO","Salmon",-0.154400873938869
"TGO","Tuna",-0.155335806458954
"TGO","Cobswf",-0.155803272718996
"TGO","Eelstg",-0.156270738979039
"TGO","Tilapia",-0.156738205239081
"TGO","Pangas",-0.157205671499123
"TGO","Carp",-0.157673137759166
"TGO","Mullet",-0.158140604019208
"TGO","OFrshD",-0.15860807027925
"TGO","OCarp",-0.159075536539293
"TGO","OPelag",-0.159543002799335
"TGO","OMarn",-0.160010469059377
"THA","jbeef",0.13
"THA","jpork",0.13
"THA","jpoul",0.13
"THA","jmaiz",-0.02
"THA","jrice",-0.23
"THA","jwhea",0.6
"THA","jbean",0.0671
"THA","jchkp",0.0671
"THA","jcowp",0.0671
"THA","jlent",0.0671
"THA","jpigp",0.0671
"THA","jopul",0.0671
"THA","jbana",0.09
"THA","jplnt",0.09
"THA","jsubf",0.09
"THA","jtemf",0.09
"THA","jvege",0.09
"THA","jsugr",0.19
"THA","jgrnd",0.0671
"THA","jgdnt",0.0671
"THA","jgdol",-0.02
"THA","jgdml",0.1
"THA","jrpsd",0.48
"THA","jrpnt",0.48
"THA","jrpol",-0.02
"THA","jrpml",0.1
"THA","jsoyb",0.48
"THA","jsbnt",0.48
"THA","jsbol",-0.02
"THA","jsbml",0.1
"THA","jsnfl",0.48
"THA","jsfnt",0.48
"THA","jsfol",-0.02
"THA","jsfml",0.1
"THA","jpalm",0.48
"THA","jplol",-0.02
"THA","jpkrl",0.48
"THA","jpkol",-0.02
"THA","jpkml",0.1
"THA","jtols",0.48
"THA","jtont",0.48
"THA","jtool",-0.02
"THA","jtoml",0.1
"THA","jcoco",0.09
"THA","jcafe",0.09
"THA","jcott",0.1861
"THA","jteas",0.09
"THA","jothr",0.0671
"THA","Shrimp",-0.256308518628097
"THA","Crust",-0.256308518628097
"THA","Salmon",-0.257243451148182
"THA","Tuna",-0.258178383668266
"THA","Cobswf",-0.258645849928309
"THA","Eelstg",-0.259113316188351
"THA","Tilapia",-0.259580782448393
"THA","Pangas",-0.260048248708436
"THA","Carp",-0.260515714968478
"THA","Mullet",-0.26098318122852
"THA","OFrshD",-0.261450647488563
"THA","OCarp",-0.261918113748605
"THA","OPelag",-0.262385580008647
"THA","OMarn",-0.26285304626869
"TJK","jbeef",0.23
"TJK","jpork",0.22
"TJK","jlamb",0.21
"TJK","jpoul",0.24
"TJK","jeggs",0.22
"TJK","jmilk",0.37
"TJK","jrice",0.2
"TJK","jwhea",-0.15
"TJK","jgdol",-0.04
"TJK","jgdml",-0.04
"TJK","jrpol",-0.04
"TJK","jrpml",-0.04
"TJK","jsbol",-0.04
"TJK","jsbml",-0.04
"TJK","jsfol",-0.04
"TJK","jsfml",-0.04
"TJK","jplol",-0.04
"TJK","jpkol",-0.04
"TJK","jpkml",-0.04
"TJK","jtool",-0.04
"TJK","jtoml",-0.04
"TJK","Shrimp",-0.125885432076287
"TJK","Crust",-0.125885432076287
"TJK","Salmon",-0.126820364596372
"TJK","Tuna",-0.127755297116456
"TJK","Cobswf",-0.128222763376499
"TJK","Eelstg",-0.128690229636541
"TJK","Tilapia",-0.129157695896583
"TJK","Pangas",-0.129625162156626
"TJK","Carp",-0.130092628416668
"TJK","Mullet",-0.13056009467671
"TJK","OFrshD",-0.131027560936753
"TJK","OCarp",-0.131495027196795
"TJK","OPelag",-0.131962493456837
"TJK","OMarn",-0.13242995971688
"TKM","jbeef",0.23
"TKM","jpork",0.22
"TKM","jlamb",0.21
"TKM","jpoul",0.24
"TKM","jeggs",0.22
"TKM","jmilk",0.37
"TKM","jrice",0.2
"TKM","jwhea",-0.15
"TKM","jgdol",-0.04
"TKM","jgdml",-0.04
"TKM","jrpol",-0.04
"TKM","jrpml",-0.04
"TKM","jsbol",-0.04
"TKM","jsbml",-0.04
"TKM","jsfol",-0.04
"TKM","jsfml",-0.04
"TKM","jplol",-0.04
"TKM","jpkol",-0.04
"TKM","jpkml",-0.04
"TKM","jtool",-0.04
"TKM","jtoml",-0.04
"TKM","Shrimp",-0.125885432076287
"TKM","Crust",-0.125885432076287
"TKM","Salmon",-0.126820364596372
"TKM","Tuna",-0.127755297116456
"TKM","Cobswf",-0.128222763376499
"TKM","Eelstg",-0.128690229636541
"TKM","Tilapia",-0.129157695896583
"TKM","Pangas",-0.129625162156626
"TKM","Carp",-0.130092628416668
"TKM","Mullet",-0.13056009467671
"TKM","OFrshD",-0.131027560936753
"TKM","OCarp",-0.131495027196795
"TKM","OPelag",-0.131962493456837
"TKM","OMarn",-0.13242995971688
"TLS","jmaiz",-0.01
"TLS","jrice",-0.02
"TLS","jwhea",-0.01
"TLS","jbean",0.1119
"TLS","jchkp",0.1119
"TLS","jcowp",0.1119
"TLS","jlent",0.1119
"TLS","jpigp",0.1119
"TLS","jopul",0.1119
"TLS","jbana",0.15
"TLS","jplnt",0.15
"TLS","jsubf",0.15
"TLS","jtemf",0.15
"TLS","jvege",0.15
"TLS","jsugr",0.2
"TLS","jgrnd",0.1119
"TLS","jgdnt",0.1119
"TLS","jcoco",0.15
"TLS","jcafe",0.15
"TLS","jcott",0.3102
"TLS","jteas",0.15
"TLS","jothr",0.1119
"TLS","Shrimp",-0.181513917021324
"TLS","Crust",-0.181513917021324
"TLS","Salmon",-0.182448849541409
"TLS","Tuna",-0.183383782061494
"TLS","Cobswf",-0.183851248321536
"TLS","Eelstg",-0.184318714581578
"TLS","Tilapia",-0.184786180841621
"TLS","Pangas",-0.185253647101663
"TLS","Carp",-0.185721113361705
"TLS","Mullet",-0.186188579621748
"TLS","OFrshD",-0.18665604588179
"TLS","OCarp",-0.187123512141832
"TLS","OPelag",-0.187590978401875
"TLS","OMarn",-0.188058444661917
"TUN","jbeef",0.07
"TUN","jpork",0.02
"TUN","jlamb",0.07
"TUN","jpoul",0.02
"TUN","jeggs",0.1
"TUN","jmilk",-0.11
"TUN","jbarl",0.07
"TUN","jmaiz",0.13
"TUN","jmill",0.07
"TUN","jrice",0.07
"TUN","jsorg",0.07
"TUN","jwhea",0.07
"TUN","jocer",0.07
"TUN","jbean",0.0746
"TUN","jchkp",0.0746
"TUN","jcowp",0.0746
"TUN","jlent",0.0746
"TUN","jpigp",0.0746
"TUN","jopul",0.0746
"TUN","jbana",0.1
"TUN","jplnt",0.1
"TUN","jsubf",0.1
"TUN","jtemf",0.1
"TUN","jvege",0.1
"TUN","jsugr",0.2
"TUN","jgrnd",0.0746
"TUN","jgdnt",0.0746
"TUN","jgdol",0.18
"TUN","jgdml",0.18
"TUN","jrpol",0.18
"TUN","jrpml",0.18
"TUN","jsbol",0.18
"TUN","jsbml",0.18
"TUN","jsfol",0.18
"TUN","jsfml",0.18
"TUN","jplol",0.18
"TUN","jpkol",0.18
"TUN","jpkml",0.18
"TUN","jtool",0.18
"TUN","jtoml",0.18
"TUN","jcoco",0.1
"TUN","jcafe",0.1
"TUN","jcott",0.2068
"TUN","jteas",0.1
"TUN","jothr",0.0746
"TUN","Shrimp",-0.144116616217938
"TUN","Crust",-0.144116616217938
"TUN","Salmon",-0.145051548738023
"TUN","Tuna",-0.145986481258107
"TUN","Cobswf",-0.14645394751815
"TUN","Eelstg",-0.146921413778192
"TUN","Tilapia",-0.147388880038234
"TUN","Pangas",-0.147856346298277
"TUN","Carp",-0.148323812558319
"TUN","Mullet",-0.148791278818361
"TUN","OFrshD",-0.149258745078404
"TUN","OCarp",-0.149726211338446
"TUN","OPelag",-0.150193677598488
"TUN","OMarn",-0.150661143858531
"TUR","jbeef",0.9999
"TUR","jlamb",0.52615431918987
"TUR","jeggs",0.5895195981896
"TUR","jmilk",0.46125920561781
"TUR","jbarl",0.56437315705153
"TUR","jmaiz",0.47755954175681
"TUR","jmill",0.34
"TUR","jwhea",0.53451823451851
"TUR","jpota",0.9999
"TUR","jchkp",0.1193
"TUR","jpigp",0.1193
"TUR","jopul",0.1193
"TUR","jtemf",0.142552045203946
"TUR","jsugc",0.10075598191261
"TUR","jsugb",0.10075598191261
"TUR","jsugr",0.10075598191261
"TUR","jsugrc",0.10075598191261
"TUR","jsugrb",0.10075598191261
"TUR","jgdol",0.47
"TUR","jgdml",0.23
"TUR","jrpol",0.47
"TUR","jrpml",0.23
"TUR","jsbol",0.47
"TUR","jsbml",0.23
"TUR","jsnfl",0.22665455704191
"TUR","jsfnt",0.22665455704191
"TUR","jsfol",0.47
"TUR","jsfml",0.23
"TUR","jpkol",0.47
"TUR","jpkml",0.23
"TUR","jtool",0.47
"TUR","jtoml",0.23
"TUR","jcott",0.12634539325569
"TUR","jteas",0.16
"TUR","jothr",0.1193
"TUR","Shrimp",-0.144116616217938
"TUR","Crust",-0.144116616217938
"TUR","Salmon",-0.145051548738023
"TUR","Tuna",-0.145986481258107
"TUR","Cobswf",-0.14645394751815
"TUR","Eelstg",-0.146921413778192
"TUR","Tilapia",-0.147388880038234
"TUR","Pangas",-0.147856346298277
"TUR","Carp",-0.148323812558319
"TUR","Mullet",-0.148791278818361
"TUR","OFrshD",-0.149258745078404
"TUR","OCarp",-0.149726211338446
"TUR","OPelag",-0.150193677598488
"TUR","OMarn",-0.150661143858531
"TZA","jbeef",0.5
"TZA","jpork",0.3
"TZA","jlamb",-0.5
"TZA","jpoul",0.3
"TZA","jeggs",0.1
"TZA","jmilk",-0.1
"TZA","jbarl",-0.06
"TZA","jmaiz",-0.06
"TZA","jmill",-0.06
"TZA","jrice",0.3
"TZA","jsorg",-0.06
"TZA","jwhea",-0.23
"TZA","jocer",-0.06
"TZA","jbean",-0.0969
"TZA","jchkp",-0.0969
"TZA","jcowp",-0.0969
"TZA","jlent",-0.0969
"TZA","jpigp",-0.0969
"TZA","jopul",-0.0969
"TZA","jbana",-0.13
"TZA","jplnt",-0.13
"TZA","jsubf",-0.13
"TZA","jtemf",-0.13
"TZA","jvege",-0.13
"TZA","jsugr",0.3
"TZA","jgrnd",-0.0969
"TZA","jgdnt",-0.0969
"TZA","jgdol",-0.07
"TZA","jgdml",-0.02
"TZA","jrpol",-0.07
"TZA","jrpml",-0.02
"TZA","jsbol",-0.07
"TZA","jsbml",-0.02
"TZA","jsfol",-0.07
"TZA","jsfml",-0.02
"TZA","jplol",-0.07
"TZA","jpkol",-0.07
"TZA","jpkml",-0.02
"TZA","jtool",-0.07
"TZA","jtoml",-0.02
"TZA","jcoco",-0.13
"TZA","jcafe",-0.13
"TZA","jcott",-0.2688
"TZA","jteas",-0.13
"TZA","jothr",-0.0969
"TZA","Shrimp",-0.172164591820478
"TZA","Crust",-0.172164591820478
"TZA","Salmon",-0.173099524340562
"TZA","Tuna",-0.174034456860647
"TZA","Cobswf",-0.174501923120689
"TZA","Eelstg",-0.174969389380732
"TZA","Tilapia",-0.175436855640774
"TZA","Pangas",-0.175904321900816
"TZA","Carp",-0.176371788160859
"TZA","Mullet",-0.176839254420901
"TZA","OFrshD",-0.177306720680943
"TZA","OCarp",-0.177774186940986
"TZA","OPelag",-0.178241653201028
"TZA","OMarn",-0.17870911946107
"UGA","jbeef",0.5
"UGA","jpork",0.3
"UGA","jlamb",-0.5
"UGA","jpoul",0.3
"UGA","jeggs",0.1
"UGA","jmilk",-0.1
"UGA","jbarl",-0.06
"UGA","jmaiz",-0.06
"UGA","jmill",-0.06
"UGA","jrice",0.3
"UGA","jsorg",-0.06
"UGA","jwhea",-0.23
"UGA","jocer",-0.06
"UGA","jbean",-0.0969
"UGA","jchkp",-0.0969
"UGA","jcowp",-0.0969
"UGA","jlent",-0.0969
"UGA","jpigp",-0.0969
"UGA","jopul",-0.0969
"UGA","jbana",-0.13
"UGA","jplnt",-0.13
"UGA","jsubf",-0.13
"UGA","jtemf",-0.13
"UGA","jvege",-0.13
"UGA","jsugr",0.3
"UGA","jgrnd",-0.0969
"UGA","jgdnt",-0.0969
"UGA","jgdol",-0.07
"UGA","jgdml",-0.02
"UGA","jrpol",-0.07
"UGA","jrpml",-0.02
"UGA","jsbol",-0.07
"UGA","jsbml",-0.02
"UGA","jsfol",-0.07
"UGA","jsfml",-0.02
"UGA","jplol",-0.07
"UGA","jpkol",-0.07
"UGA","jpkml",-0.02
"UGA","jtool",-0.07
"UGA","jtoml",-0.02
"UGA","jcoco",-0.13
"UGA","jcafe",-0.13
"UGA","jcott",-0.2688
"UGA","jteas",-0.13
"UGA","jothr",-0.0969
"UGA","Shrimp",-0.172164591820478
"UGA","Crust",-0.172164591820478
"UGA","Salmon",-0.173099524340562
"UGA","Tuna",-0.174034456860647
"UGA","Cobswf",-0.174501923120689
"UGA","Eelstg",-0.174969389380732
"UGA","Tilapia",-0.175436855640774
"UGA","Pangas",-0.175904321900816
"UGA","Carp",-0.176371788160859
"UGA","Mullet",-0.176839254420901
"UGA","OFrshD",-0.177306720680943
"UGA","OCarp",-0.177774186940986
"UGA","OPelag",-0.178241653201028
"UGA","OMarn",-0.17870911946107
"UKP","jbeef",0.13197405604212
"UKP","jpork",0.01713498502693
"UKP","jlamb",0.14140443815786
"UKP","jpoul",0.40014588781909
"UKP","jeggs",0.00805424075428007
"UKP","jmilk",0.00859085347854993
"UKP","jbarl",7.15169784992753E-6
"UKP","jmaiz",7.69392840993532E-6
"UKP","jmill",0.58
"UKP","jrice",0.01071406139431
"UKP","jwhea",6.79887847621075E-6
"UKP","jocer",1.04671390899203E-5
"UKP","jpota",0.10451378489025
"UKP","jtemf",0.0698634573396599
"UKP","jsugc",0.00257735710249007
"UKP","jsugb",0.00257735710249007
"UKP","jsugr",0.00257735710249007
"UKP","jsugrc",0.00257735710249007
"UKP","jsugrb",0.00257735710249007
"UKP","jgdol",0.48
"UKP","jgdml",0.48
"UKP","jrpsd",0.000331113845019937
"UKP","jrpnt",0.000331113845019937
"UKP","jrpol",0.48
"UKP","jrpml",0.48
"UKP","jsoyb",0.000278732293869988
"UKP","jsbnt",0.000278732293869988
"UKP","jsbol",0.48
"UKP","jsbml",0.48
"UKP","jsnfl",0.000346721511260029
"UKP","jsfnt",0.000346721511260029
"UKP","jsfol",0.48
"UKP","jsfml",0.48
"UKP","jpalm",0.5
"UKP","jpkrl",0.5
"UKP","jpkol",0.48
"UKP","jpkml",0.48
"UKP","jtool",0.48
"UKP","jtoml",0.48
"UKP","Shrimp",-0.116536106875441
"UKP","Crust",-0.116536106875441
"UKP","Salmon",-0.117471039395525
"UKP","Tuna",-0.11840597191561
"UKP","Cobswf",-0.118873438175652
"UKP","Eelstg",-0.119340904435694
"UKP","Tilapia",-0.119808370695737
"UKP","Pangas",-0.120275836955779
"UKP","Carp",-0.120743303215821
"UKP","Mullet",-0.121210769475864
"UKP","OFrshD",-0.121678235735906
"UKP","OCarp",-0.122145701995948
"UKP","OPelag",-0.122613168255991
"UKP","OMarn",-0.123080634516033
"UKR","jbeef",0.0361327256954
"UKR","jpork",0.12230244694386
"UKR","jpoul",0.52892637908013
"UKR","jeggs",0.05495246586145
"UKR","jmilk",-0.02402128625495
"UKR","jbarl",-0.04952682834641
"UKR","jmaiz",-0.0673009005215
"UKR","jwhea",-0.0769333636948099
"UKR","jocer",0.003435418728021
"UKR","jsugc",0.4789424886573
"UKR","jsugb",0.4789424886573
"UKR","jsugr",0.4789424886573
"UKR","jsugrc",0.4789424886573
"UKR","jsugrb",0.4789424886573
"UKR","jgdol",-0.04
"UKR","jgdml",-0.04
"UKR","jrpol",-0.04
"UKR","jrpml",-0.04
"UKR","jsbol",-0.04
"UKR","jsbml",-0.04
"UKR","jsnfl",-0.0916014776534601
"UKR","jsfnt",-0.0916014776534601
"UKR","jsfol",-0.04
"UKR","jsfml",-0.04
"UKR","jpkol",-0.04
"UKR","jpkml",-0.04
"UKR","jtool",-0.04
"UKR","jtoml",-0.04
"UKR","Shrimp",-0.125885432076287
"UKR","Crust",-0.125885432076287
"UKR","Salmon",-0.126820364596372
"UKR","Tuna",-0.127755297116456
"UKR","Cobswf",-0.128222763376499
"UKR","Eelstg",-0.128690229636541
"UKR","Tilapia",-0.129157695896583
"UKR","Pangas",-0.129625162156626
"UKR","Carp",-0.130092628416668
"UKR","Mullet",-0.13056009467671
"UKR","OFrshD",-0.131027560936753
"UKR","OCarp",-0.131495027196795
"UKR","OPelag",-0.131962493456837
"UKR","OMarn",-0.13242995971688
"URY","jbeef",-0.22
"URY","jpork",-0.07
"URY","jlamb",-0.09
"URY","jpoul",-0.07
"URY","jmilk",-0.42
"URY","jmaiz",-0.04
"URY","jrice",-0.01
"URY","jwhea",-0.45
"URY","jbean",0.1864
"URY","jchkp",0.1864
"URY","jcowp",0.1864
"URY","jlent",0.1864
"URY","jpigp",0.1864
"URY","jopul",0.1864
"URY","jbana",0.25
"URY","jplnt",0.25
"URY","jsubf",0.25
"URY","jtemf",0.25
"URY","jvege",0.25
"URY","jsugr",0.2
"URY","jgrnd",0.1864
"URY","jgdnt",0.1864
"URY","jgdol",0.28
"URY","jgdml",0.28
"URY","jrpsd",0.16
"URY","jrpnt",0.16
"URY","jrpol",0.28
"URY","jrpml",0.28
"URY","jsoyb",0.16
"URY","jsbnt",0.16
"URY","jsbol",0.28
"URY","jsbml",0.28
"URY","jsnfl",0.16
"URY","jsfnt",0.16
"URY","jsfol",0.28
"URY","jsfml",0.28
"URY","jpalm",0.16
"URY","jplol",0.28
"URY","jpkrl",0.16
"URY","jpkol",0.28
"URY","jpkml",0.28
"URY","jtols",0.16
"URY","jtont",0.16
"URY","jtool",0.28
"URY","jtoml",0.28
"URY","jcoco",0.25
"URY","jcafe",0.25
"URY","jcott",0.5169
"URY","jteas",0.25
"URY","jothr",0.1864
"URY","Shrimp",-0.0884881312729009
"URY","Crust",-0.0884881312729009
"URY","Salmon",-0.089423063792985
"URY","Tuna",-0.09035799631307
"URY","Cobswf",-0.0908254625731119
"URY","Eelstg",-0.091292928833155
"URY","Tilapia",-0.0917603950931969
"URY","Pangas",-0.092227861353239
"URY","Carp",-0.0926953276132819
"URY","Mullet",-0.093162793873324
"URY","OFrshD",-0.093630260133366
"URY","OCarp",-0.094097726393409
"URY","OPelag",-0.094565192653451
"URY","OMarn",-0.0950326589134929
"USA","jlamb",0.0989010989011001
"USA","jmilk",0.05347395430279
"USA","jbarl",0.000233160621760042
"USA","jmaiz",0.000342397410900031
"USA","jmill",0.27
"USA","jrice",0.0028509233338101
"USA","jsorg",1.84431385898964E-5
"USA","jwhea",0.00853616381014
"USA","jsugc",0.52442294144801
"USA","jsugb",0.52442294144801
"USA","jsugr",0.52442294144801
"USA","jsugrc",0.52442294144801
"USA","jsugrb",0.52442294144801
"USA","jgdol",0.07
"USA","jgdml",0.07
"USA","jrpol",0.07
"USA","jrpml",0.07
"USA","jsoyb",0.000189804267670013
"USA","jsbnt",0.000189804267670013
"USA","jsbol",0.07
"USA","jsbml",0.07
"USA","jsfol",0.07
"USA","jsfml",0.07
"USA","jpalm",0.07
"USA","jpkrl",0.07
"USA","jpkol",0.07
"USA","jpkml",0.07
"USA","jtool",0.07
"USA","jtoml",0.07
"USA","jcott",0.0026742570235101
"USA","Shrimp",-0.0604401556703608
"USA","Crust",-0.0604401556703608
"USA","Salmon",-0.0613750881904455
"USA","Tuna",-0.0623100207105302
"USA","Cobswf",-0.0627774869705725
"USA","Eelstg",-0.0632449532306149
"USA","Tilapia",-0.0637124194906571
"USA","Pangas",-0.0641798857506996
"USA","Carp",-0.0646473520107418
"USA","Mullet",-0.0651148182707841
"USA","OFrshD",-0.0655822845308265
"USA","OCarp",-0.0660497507908688
"USA","OPelag",-0.0665172170509112
"USA","OMarn",-0.0669846833109539
"UZB","jbeef",0.23
"UZB","jpork",0.22
"UZB","jlamb",0.21
"UZB","jpoul",0.24
"UZB","jeggs",0.22
"UZB","jmilk",0.37
"UZB","jrice",0.2
"UZB","jwhea",-0.15
"UZB","jgdol",-0.04
"UZB","jgdml",-0.04
"UZB","jrpol",-0.04
"UZB","jrpml",-0.04
"UZB","jsbol",-0.04
"UZB","jsbml",-0.04
"UZB","jsfol",-0.04
"UZB","jsfml",-0.04
"UZB","jplol",-0.04
"UZB","jpkol",-0.04
"UZB","jpkml",-0.04
"UZB","jtool",-0.04
"UZB","jtoml",-0.04
"UZB","Shrimp",-0.125885432076287
"UZB","Crust",-0.125885432076287
"UZB","Salmon",-0.126820364596372
"UZB","Tuna",-0.127755297116456
"UZB","Cobswf",-0.128222763376499
"UZB","Eelstg",-0.128690229636541
"UZB","Tilapia",-0.129157695896583
"UZB","Pangas",-0.129625162156626
"UZB","Carp",-0.130092628416668
"UZB","Mullet",-0.13056009467671
"UZB","OFrshD",-0.131027560936753
"UZB","OCarp",-0.131495027196795
"UZB","OPelag",-0.131962493456837
"UZB","OMarn",-0.13242995971688
"VEN","jbeef",-0.22
"VEN","jpork",-0.07
"VEN","jlamb",-0.09
"VEN","jpoul",-0.07
"VEN","jmilk",-0.42
"VEN","jmaiz",-0.04
"VEN","jrice",-0.01
"VEN","jwhea",-0.45
"VEN","jbean",0.1864
"VEN","jchkp",0.1864
"VEN","jcowp",0.1864
"VEN","jlent",0.1864
"VEN","jpigp",0.1864
"VEN","jopul",0.1864
"VEN","jbana",0.25
"VEN","jplnt",0.25
"VEN","jsubf",0.25
"VEN","jtemf",0.25
"VEN","jvege",0.25
"VEN","jsugr",0.2
"VEN","jgrnd",0.1864
"VEN","jgdnt",0.1864
"VEN","jgdol",0.28
"VEN","jgdml",0.28
"VEN","jrpsd",0.16
"VEN","jrpnt",0.16
"VEN","jrpol",0.28
"VEN","jrpml",0.28
"VEN","jsoyb",0.16
"VEN","jsbnt",0.16
"VEN","jsbol",0.28
"VEN","jsbml",0.28
"VEN","jsnfl",0.16
"VEN","jsfnt",0.16
"VEN","jsfol",0.28
"VEN","jsfml",0.28
"VEN","jpalm",0.16
"VEN","jplol",0.28
"VEN","jpkrl",0.16
"VEN","jpkol",0.28
"VEN","jpkml",0.28
"VEN","jtols",0.16
"VEN","jtont",0.16
"VEN","jtool",0.28
"VEN","jtoml",0.28
"VEN","jcoco",0.25
"VEN","jcafe",0.25
"VEN","jcott",0.5169
"VEN","jteas",0.25
"VEN","jothr",0.1864
"VEN","Shrimp",-0.0884881312729009
"VEN","Crust",-0.0884881312729009
"VEN","Salmon",-0.089423063792985
"VEN","Tuna",-0.09035799631307
"VEN","Cobswf",-0.0908254625731119
"VEN","Eelstg",-0.091292928833155
"VEN","Tilapia",-0.0917603950931969
"VEN","Pangas",-0.092227861353239
"VEN","Carp",-0.0926953276132819
"VEN","Mullet",-0.093162793873324
"VEN","OFrshD",-0.093630260133366
"VEN","OCarp",-0.094097726393409
"VEN","OPelag",-0.094565192653451
"VEN","OMarn",-0.0950326589134929
"VNM","jbeef",0.27
"VNM","jpork",0.22
"VNM","jpoul",0.15
"VNM","jmilk",-0.27
"VNM","jbarl",-0.23
"VNM","jmaiz",-0.23
"VNM","jmill",-0.23
"VNM","jrice",-0.23
"VNM","jsorg",-0.23
"VNM","jwhea",-0.04
"VNM","jocer",-0.23
"VNM","jbean",0.1715
"VNM","jchkp",0.1715
"VNM","jcowp",0.1715
"VNM","jlent",0.1715
"VNM","jpigp",0.1715
"VNM","jopul",0.1715
"VNM","jbana",0.23
"VNM","jplnt",0.23
"VNM","jsubf",0.23
"VNM","jtemf",0.23
"VNM","jvege",0.23
"VNM","jsugr",0.2
"VNM","jgrnd",0.1715
"VNM","jgdnt",0.1715
"VNM","jgdol",-0.17
"VNM","jgdml",-0.17
"VNM","jrpol",-0.17
"VNM","jrpml",-0.17
"VNM","jsbol",-0.17
"VNM","jsbml",-0.17
"VNM","jsfol",-0.17
"VNM","jsfml",-0.17
"VNM","jplol",-0.17
"VNM","jpkol",-0.17
"VNM","jpkml",-0.17
"VNM","jtool",-0.17
"VNM","jtoml",-0.17
"VNM","jcoco",0.23
"VNM","jcafe",0.23
"VNM","jcott",0.4756
"VNM","jteas",0.23
"VNM","jothr",0.1715
"VNM","Shrimp",-0.0136935296661279
"VNM","Crust",-0.0136935296661279
"VNM","Salmon",-0.0146284621862125
"VNM","Tuna",-0.0155633947062972
"VNM","Cobswf",-0.0160308609663395
"VNM","Eelstg",-0.0164983272263818
"VNM","Tilapia",-0.0169657934864242
"VNM","Pangas",-0.0174332597464665
"VNM","Carp",-0.0179007260065088
"VNM","Mullet",-0.0183681922665512
"VNM","OFrshD",-0.0188356585265935
"VNM","OCarp",-0.0193031247866358
"VNM","OPelag",-0.0197705910466782
"VNM","OMarn",-0.0202380573067205
"VUT","jmaiz",-0.01
"VUT","jrice",-0.02
"VUT","jwhea",-0.01
"VUT","jbean",0.1119
"VUT","jchkp",0.1119
"VUT","jcowp",0.1119
"VUT","jlent",0.1119
"VUT","jpigp",0.1119
"VUT","jopul",0.1119
"VUT","jbana",0.15
"VUT","jplnt",0.15
"VUT","jsubf",0.15
"VUT","jtemf",0.15
"VUT","jvege",0.15
"VUT","jsugr",0.2
"VUT","jgrnd",0.1119
"VUT","jgdnt",0.1119
"VUT","jcoco",0.15
"VUT","jcafe",0.15
"VUT","jcott",0.3102
"VUT","jteas",0.15
"VUT","jothr",0.1119
"VUT","Shrimp",-0.181513917021324
"VUT","Crust",-0.181513917021324
"VUT","Salmon",-0.182448849541409
"VUT","Tuna",-0.183383782061494
"VUT","Cobswf",-0.183851248321536
"VUT","Eelstg",-0.184318714581578
"VUT","Tilapia",-0.184786180841621
"VUT","Pangas",-0.185253647101663
"VUT","Carp",-0.185721113361705
"VUT","Mullet",-0.186188579621748
"VUT","OFrshD",-0.18665604588179
"VUT","OCarp",-0.187123512141832
"VUT","OPelag",-0.187590978401875
"VUT","OMarn",-0.188058444661917
"YEM","jbeef",0.07
"YEM","jpork",0.02
"YEM","jlamb",0.07
"YEM","jpoul",0.02
"YEM","jeggs",0.1
"YEM","jmilk",-0.11
"YEM","jbarl",0.07
"YEM","jmaiz",0.13
"YEM","jmill",0.07
"YEM","jrice",0.07
"YEM","jsorg",0.07
"YEM","jwhea",0.07
"YEM","jocer",0.07
"YEM","jbean",0.0746
"YEM","jchkp",0.0746
"YEM","jcowp",0.0746
"YEM","jlent",0.0746
"YEM","jpigp",0.0746
"YEM","jopul",0.0746
"YEM","jbana",0.1
"YEM","jplnt",0.1
"YEM","jsubf",0.1
"YEM","jtemf",0.1
"YEM","jvege",0.1
"YEM","jsugr",0.2
"YEM","jgrnd",0.0746
"YEM","jgdnt",0.0746
"YEM","jgdol",0.18
"YEM","jgdml",0.18
"YEM","jrpol",0.18
"YEM","jrpml",0.18
"YEM","jsbol",0.18
"YEM","jsbml",0.18
"YEM","jsfol",0.18
"YEM","jsfml",0.18
"YEM","jplol",0.18
"YEM","jpkol",0.18
"YEM","jpkml",0.18
"YEM","jtool",0.18
"YEM","jtoml",0.18
"YEM","jcoco",0.1
"YEM","jcafe",0.1
"YEM","jcott",0.2068
"YEM","jteas",0.1
"YEM","jothr",0.0746
"YEM","Shrimp",-0.144116616217938
"YEM","Crust",-0.144116616217938
"YEM","Salmon",-0.145051548738023
"YEM","Tuna",-0.145986481258107
"YEM","Cobswf",-0.14645394751815
"YEM","Eelstg",-0.146921413778192
"YEM","Tilapia",-0.147388880038234
"YEM","Pangas",-0.147856346298277
"YEM","Carp",-0.148323812558319
"YEM","Mullet",-0.148791278818361
"YEM","OFrshD",-0.149258745078404
"YEM","OCarp",-0.149726211338446
"YEM","OPelag",-0.150193677598488
"YEM","OMarn",-0.150661143858531
"ZAF","jsugc",0.12319529867984
"ZAF","jsugb",0.12319529867984
"ZAF","jsugr",0.12319529867984
"ZAF","jsugrc",0.12319529867984
"ZAF","jsugrb",0.12319529867984
"ZAF","jgdol",0.3
"ZAF","jgdml",0.3
"ZAF","jrpol",0.3
"ZAF","jrpml",0.3
"ZAF","jsbol",0.3
"ZAF","jsbml",0.3
"ZAF","jsfol",0.3
"ZAF","jsfml",0.3
"ZAF","jpkol",0.3
"ZAF","jpkml",0.3
"ZAF","jtool",0.3
"ZAF","jtoml",0.3
"ZAF","Shrimp",-0.162815266619631
"ZAF","Crust",-0.162815266619631
"ZAF","Salmon",-0.163750199139716
"ZAF","Tuna",-0.1646851316598
"ZAF","Cobswf",-0.165152597919843
"ZAF","Eelstg",-0.165620064179885
"ZAF","Tilapia",-0.166087530439927
"ZAF","Pangas",-0.16655499669997
"ZAF","Carp",-0.167022462960012
"ZAF","Mullet",-0.167489929220054
"ZAF","OFrshD",-0.167957395480097
"ZAF","OCarp",-0.168424861740139
"ZAF","OPelag",-0.168892328000181
"ZAF","OMarn",-0.169359794260224
"ZMB","jbeef",0.24
"ZMB","jeggs",0.09
"ZMB","jmilk",-0.29
"ZMB","jbarl",-0.2
"ZMB","jmaiz",-0.2
"ZMB","jmill",-0.2
"ZMB","jrice",0.12
"ZMB","jsorg",-0.2
"ZMB","jwhea",-0.25
"ZMB","jocer",-0.2
"ZMB","jbean",-0.0522
"ZMB","jchkp",-0.0522
"ZMB","jcowp",-0.0522
"ZMB","jlent",-0.0522
"ZMB","jpigp",-0.0522
"ZMB","jopul",-0.0522
"ZMB","jbana",-0.07
"ZMB","jplnt",-0.07
"ZMB","jsubf",-0.07
"ZMB","jtemf",-0.07
"ZMB","jvege",-0.07
"ZMB","jsugr",0.3
"ZMB","jgrnd",-0.0522
"ZMB","jgdnt",-0.0522
"ZMB","jgdol",-0.07
"ZMB","jgdml",-0.07
"ZMB","jrpol",-0.07
"ZMB","jrpml",-0.07
"ZMB","jsbol",-0.07
"ZMB","jsbml",-0.07
"ZMB","jsfol",-0.07
"ZMB","jsfml",-0.07
"ZMB","jplol",-0.07
"ZMB","jpkol",-0.07
"ZMB","jpkml",-0.07
"ZMB","jtool",-0.07
"ZMB","jtoml",-0.07
"ZMB","jcoco",-0.07
"ZMB","jcafe",-0.07
"ZMB","jcott",-0.1447
"ZMB","jteas",-0.07
"ZMB","jothr",-0.0522
"ZMB","Shrimp",-0.162815266619631
"ZMB","Crust",-0.162815266619631
"ZMB","Salmon",-0.163750199139716
"ZMB","Tuna",-0.1646851316598
"ZMB","Cobswf",-0.165152597919843
"ZMB","Eelstg",-0.165620064179885
"ZMB","Tilapia",-0.166087530439927
"ZMB","Pangas",-0.16655499669997
"ZMB","Carp",-0.167022462960012
"ZMB","Mullet",-0.167489929220054
"ZMB","OFrshD",-0.167957395480097
"ZMB","OCarp",-0.168424861740139
"ZMB","OPelag",-0.168892328000181
"ZMB","OMarn",-0.169359794260224
"ZWE","jbeef",0.24
"ZWE","jeggs",0.09
"ZWE","jmilk",-0.29
"ZWE","jbarl",-0.2
"ZWE","jmaiz",-0.2
"ZWE","jmill",-0.2
"ZWE","jrice",0.12
"ZWE","jsorg",-0.2
"ZWE","jwhea",-0.25
"ZWE","jocer",-0.2
"ZWE","jbean",-0.0522
"ZWE","jchkp",-0.0522
"ZWE","jcowp",-0.0522
"ZWE","jlent",-0.0522
"ZWE","jpigp",-0.0522
"ZWE","jopul",-0.0522
"ZWE","jbana",-0.07
"ZWE","jplnt",-0.07
"ZWE","jsubf",-0.07
"ZWE","jtemf",-0.07
"ZWE","jvege",-0.07
"ZWE","jsugr",0.3
"ZWE","jgrnd",-0.0522
"ZWE","jgdnt",-0.0522
"ZWE","jgdol",-0.07
"ZWE","jgdml",-0.07
"ZWE","jrpol",-0.07
"ZWE","jrpml",-0.07
"ZWE","jsbol",-0.07
"ZWE","jsbml",-0.07
"ZWE","jsfol",-0.07
"ZWE","jsfml",-0.07
"ZWE","jplol",-0.07
"ZWE","jpkol",-0.07
"ZWE","jpkml",-0.07
"ZWE","jtool",-0.07
"ZWE","jtoml",-0.07
"ZWE","jcoco",-0.07
"ZWE","jcafe",-0.07
"ZWE","jcott",-0.1447
"ZWE","jteas",-0.07
"ZWE","jothr",-0.0522
"ZWE","Shrimp",-0.162815266619631
"ZWE","Crust",-0.162815266619631
"ZWE","Salmon",-0.163750199139716
"ZWE","Tuna",-0.1646851316598
"ZWE","Cobswf",-0.165152597919843
"ZWE","Eelstg",-0.165620064179885
"ZWE","Tilapia",-0.166087530439927
"ZWE","Pangas",-0.16655499669997
"ZWE","Carp",-0.167022462960012
"ZWE","Mullet",-0.167489929220054
"ZWE","OFrshD",-0.167957395480097
"ZWE","OCarp",-0.168424861740139
"ZWE","OPelag",-0.168892328000181
"ZWE","OMarn",-0.169359794260224
