"C","CTY","Val"
"cbeef","AFG",0.0675951161219115
"cbeef","AGO",0.0496327028971367
"cbeef","ALB",0.0738893661287267
"cbeef","ARG",0.00989699790549336
"cbeef","ARM",0.000822163038355209
"cbeef","AUT",0.0004236262747644
"cbeef","AZE",0.00601754988398341
"cbeef","BDI",0.0955019311332047
"cbeef","BEN",0.00747857593412637
"cbeef","BFA",0.00747857593412637
"cbeef","BGD",0.00716912014511892
"cbeef","BGR",0.00308007344038964
"cbeef","BLR",0.015572405284562
"cbeef","BLT",0.000856029384511889
"cbeef","BLX",0.00177463361247565
"cbeef","BLZ",0.00149271236985934
"cbeef","BOL",0.0302073195413288
"cbeef","BRA",0.0101310147739549
"cbeef","BTN",0.0675951161219115
"cbeef","CAF",0.0643245026514938
"cbeef","CHL",0.00643578339748501
"cbeef","CHM",0.0118727195132921
"cbeef","CHP",0.122727929818439
"cbeef","CIV",0.00747857593412637
"cbeef","CMR",0.0643245026514938
"cbeef","COD",0.0496327028971367
"cbeef","COG",0.0496327028971367
"cbeef","COL",0.0417513778367399
"cbeef","CRB",0.0558413636539683
"cbeef","CRI",0.018058975101185
"cbeef","CUB",0.0558413636539683
"cbeef","CYP",0.00142748369524635
"cbeef","CZE",0.00021954127182241
"cbeef","DEU",0.0170476064090315
"cbeef","DJI",0.0955019311332047
"cbeef","DNK",0.00358997479665778
"cbeef","DOM",0.0558413636539683
"cbeef","DZA",0.0935688408190987
"cbeef","ECU",0.0333337060364497
"cbeef","EGY",0.0249074404463242
"cbeef","ERI",0.0955019311332047
"cbeef","ETH",0.0733473856367948
"cbeef","FJI",0.00525881066030622
"cbeef","FNP",0.00259408140631188
"cbeef","FRP",0.00189895089632379
"cbeef","GAB",0.0643245026514938
"cbeef","GEO",0.0881892994435404
"cbeef","GHA",0.00747857593412637
"cbeef","GIN",0.00747857593412637
"cbeef","GMB",0.00747857593412637
"cbeef","GNB",0.00747857593412637
"cbeef","GNQ",0.0643245026514938
"cbeef","GRC",0.0693196221026429
"cbeef","GRL",0.15634798700046
"cbeef","GSA",0.0307440022896281
"cbeef","GTM",0.0101105350582021
"cbeef","HND",0.00149271236985934
"cbeef","HRV",0.181909464328691
"cbeef","HTI",0.0558413636539683
"cbeef","HUN",0.00327483614649955
"cbeef","IDN",0.0164399518280419
"cbeef","IND",0.0716924193957828
"cbeef","IRL",0.000626348083347945
"cbeef","IRN",0.0953689899024015
"cbeef","IRQ",0.0160319945325143
"cbeef","ISR",0.0160319945325143
"cbeef","ITP",0.00383897166176923
"cbeef","JAM",0.0558413636539683
"cbeef","JOR",0.0160319945325143
"cbeef","JPN",0.315194477078572
"cbeef","KAZ",0.0011419746450236
"cbeef","KEN",0.0955019311332047
"cbeef","KGZ",0.00425008180363055
"cbeef","KHM",0.0976162881339274
"cbeef","KOR",0.0812954226052433
"cbeef","LAO",0.0794696766763991
"cbeef","LBN",0.0160319945325143
"cbeef","LBR",0.00747857593412637
"cbeef","LBY",0.0935688408190987
"cbeef","LKA",0.0172180223802063
"cbeef","MDA",0.00260097053873833
"cbeef","MEX",0.0292664565874737
"cbeef","MLI",0.0955019311332047
"cbeef","MNG",0.0148547925805646
"cbeef","MOR",0.151459747909285
"cbeef","MOZ",0.0495896546610138
"cbeef","MRT",0.00747857593412637
"cbeef","MWI",0.0338444952828071
"cbeef","NER",0.00747857593412637
"cbeef","NGA",0.1869727128078
"cbeef","NIC",0.00305354210626519
"cbeef","NLD",0.002305446593033
"cbeef","NOR",0.0307217725299889
"cbeef","NPL",0.0675951161219115
"cbeef","OPO",0.00525881066030622
"cbeef","PAK",0.0759561960885777
"cbeef","PER",0.0391749837913029
"cbeef","PHL",0.0306367917390141
"cbeef","PNG",0.00525881066030622
"cbeef","POL",0.000468312452570906
"cbeef","PRK",0.0148547925805646
"cbeef","PRT",0.000180701600902377
"cbeef","PRY",0.00319828028604126
"cbeef","PSE",0.0160319945325143
"cbeef","RAP",0.0160319945325143
"cbeef","ROU",0.0539792453243286
"cbeef","RUS",0.0166091169642191
"cbeef","RWA",0.0955019311332047
"cbeef","SAU",0.0160319945325143
"cbeef","SDN",0.0955019311332047
"cbeef","SEN",0.00134565328301196
"cbeef","SLB",0.00525881066030622
"cbeef","SLE",0.00747857593412637
"cbeef","SLV",0.00149271236985934
"cbeef","SOM",0.0955019311332047
"cbeef","SPP",0.00298686542631005
"cbeef","SSD",0.0955019311332047
"cbeef","SVK",0.000554589752409277
"cbeef","SVN",0.0010888534119022
"cbeef","SWE",0.0083955847911097
"cbeef","SYR",0.0160319945325143
"cbeef","TCD",0.0643245026514938
"cbeef","TGO",0.00747857593412637
"cbeef","THA",0.060952147200105
"cbeef","TJK",0.0240931943129956
"cbeef","TKM",0.0240931943129956
"cbeef","TUN",0.990056298992841
"cbeef","TUR",0.0945665108483593
"cbeef","TZA",0.134690458847705
"cbeef","UGA",0.0383425590065899
"cbeef","UKP",0.000581319911580875
"cbeef","UKR",0.00999504869102547
"cbeef","URY",0.00613584896361257
"cbeef","USA",1.97871306898449E-5
"cbeef","UZB",0.0240931943129956
"cbeef","VEN",0.0787730381234744
"cbeef","VNM",0.0228137016343212
"cbeef","VUT",0.00525881066030622
"cbeef","YEM",0.0160319945325143
"cbeef","ZMB",0.0365663456864741
"cbeef","ZWE",0.0524614700874121
"cpork","AFG",0.0675951161219115
"cpork","AGO",0.0496327028971367
"cpork","ALB",0.0738893661287267
"cpork","ARG",0.00989699790549336
"cpork","ARM",0.000822163038355209
"cpork","AUT",0.0004236262747644
"cpork","AZE",0.00601754988398341
"cpork","BDI",0.0955019311332047
"cpork","BEN",0.00747857593412637
"cpork","BFA",0.00747857593412637
"cpork","BGD",0.00716912014511892
"cpork","BGR",0.00308007344038964
"cpork","BLR",0.015572405284562
"cpork","BLT",0.000856029384511889
"cpork","BLX",0.00177463361247565
"cpork","BLZ",0.00149271236985934
"cpork","BOL",0.0302073195413288
"cpork","BRA",0.0101310147739549
"cpork","BTN",0.0675951161219115
"cpork","CAF",0.0643245026514938
"cpork","CHL",0.00643578339748501
"cpork","CHM",0.0118727195132921
"cpork","CHP",0.122727929818439
"cpork","CIV",0.00747857593412637
"cpork","CMR",0.0643245026514938
"cpork","COD",0.0496327028971367
"cpork","COG",0.0496327028971367
"cpork","COL",0.0417513778367399
"cpork","CRB",0.0558413636539683
"cpork","CRI",0.018058975101185
"cpork","CUB",0.0558413636539683
"cpork","CYP",0.00142748369524635
"cpork","CZE",0.00021954127182241
"cpork","DEU",0.0170476064090315
"cpork","DJI",0.0955019311332047
"cpork","DNK",0.00358997479665778
"cpork","DOM",0.0558413636539683
"cpork","DZA",0.0935688408190987
"cpork","ECU",0.0333337060364497
"cpork","EGY",0.0249074404463242
"cpork","ERI",0.0955019311332047
"cpork","ETH",0.0733473856367948
"cpork","FJI",0.00525881066030622
"cpork","FNP",0.00259408140631188
"cpork","FRP",0.00189895089632379
"cpork","GAB",0.0643245026514938
"cpork","GEO",0.0881892994435404
"cpork","GHA",0.00747857593412637
"cpork","GIN",0.00747857593412637
"cpork","GMB",0.00747857593412637
"cpork","GNB",0.00747857593412637
"cpork","GNQ",0.0643245026514938
"cpork","GRC",0.0693196221026429
"cpork","GRL",0.15634798700046
"cpork","GSA",0.0307440022896281
"cpork","GTM",0.0101105350582021
"cpork","HND",0.00149271236985934
"cpork","HRV",0.181909464328691
"cpork","HTI",0.0558413636539683
"cpork","HUN",0.00327483614649955
"cpork","IDN",0.0164399518280419
"cpork","IND",0.0716924193957828
"cpork","IRL",0.000626348083347945
"cpork","IRN",0.0953689899024015
"cpork","IRQ",0.0160319945325143
"cpork","ISR",0.0160319945325143
"cpork","ITP",0.00383897166176923
"cpork","JAM",0.0558413636539683
"cpork","JOR",0.0160319945325143
"cpork","JPN",0.315194477078572
"cpork","KAZ",0.0011419746450236
"cpork","KEN",0.0955019311332047
"cpork","KGZ",0.00425008180363055
"cpork","KHM",0.0976162881339274
"cpork","KOR",0.0812954226052433
"cpork","LAO",0.0794696766763991
"cpork","LBN",0.0160319945325143
"cpork","LBR",0.00747857593412637
"cpork","LBY",0.0935688408190987
"cpork","LKA",0.0172180223802063
"cpork","MDA",0.00260097053873833
"cpork","MEX",0.0292664565874737
"cpork","MLI",0.0955019311332047
"cpork","MNG",0.0148547925805646
"cpork","MOR",0.151459747909285
"cpork","MOZ",0.0495896546610138
"cpork","MRT",0.00747857593412637
"cpork","MWI",0.0338444952828071
"cpork","NER",0.00747857593412637
"cpork","NGA",0.1869727128078
"cpork","NIC",0.00305354210626519
"cpork","NLD",0.002305446593033
"cpork","NOR",0.0307217725299889
"cpork","NPL",0.0675951161219115
"cpork","OPO",0.00525881066030622
"cpork","PAK",0.0759561960885777
"cpork","PER",0.0391749837913029
"cpork","PHL",0.0306367917390141
"cpork","PNG",0.00525881066030622
"cpork","POL",0.000468312452570906
"cpork","PRK",0.0148547925805646
"cpork","PRT",0.000180701600902377
"cpork","PRY",0.00319828028604126
"cpork","PSE",0.0160319945325143
"cpork","RAP",0.0160319945325143
"cpork","ROU",0.0539792453243286
"cpork","RUS",0.0166091169642191
"cpork","RWA",0.0955019311332047
"cpork","SAU",0.0160319945325143
"cpork","SDN",0.0955019311332047
"cpork","SEN",0.00134565328301196
"cpork","SLB",0.00525881066030622
"cpork","SLE",0.00747857593412637
"cpork","SLV",0.00149271236985934
"cpork","SOM",0.0955019311332047
"cpork","SPP",0.00298686542631005
"cpork","SSD",0.0955019311332047
"cpork","SVK",0.000554589752409277
"cpork","SVN",0.0010888534119022
"cpork","SWE",0.0083955847911097
"cpork","SYR",0.0160319945325143
"cpork","TCD",0.0643245026514938
"cpork","TGO",0.00747857593412637
"cpork","THA",0.060952147200105
"cpork","TJK",0.0240931943129956
"cpork","TKM",0.0240931943129956
"cpork","TUN",0.990056298992841
"cpork","TUR",0.0945665108483593
"cpork","TZA",0.134690458847705
"cpork","UGA",0.0383425590065899
"cpork","UKP",0.000581319911580875
"cpork","UKR",0.00999504869102547
"cpork","URY",0.00613584896361257
"cpork","USA",1.97871306898449E-5
"cpork","UZB",0.0240931943129956
"cpork","VEN",0.0787730381234744
"cpork","VNM",0.0228137016343212
"cpork","VUT",0.00525881066030622
"cpork","YEM",0.0160319945325143
"cpork","ZMB",0.0365663456864741
"cpork","ZWE",0.0524614700874121
"clamb","AFG",0.0675951161219115
"clamb","AGO",0.0496327028971367
"clamb","ALB",0.0738893661287267
"clamb","ARG",0.00989699790549336
"clamb","ARM",0.000822163038355209
"clamb","AUT",0.0004236262747644
"clamb","AZE",0.00601754988398341
"clamb","BDI",0.0955019311332047
"clamb","BEN",0.00747857593412637
"clamb","BFA",0.00747857593412637
"clamb","BGD",0.00716912014511892
"clamb","BGR",0.00308007344038964
"clamb","BLR",0.015572405284562
"clamb","BLT",0.000856029384511889
"clamb","BLX",0.00177463361247565
"clamb","BLZ",0.00149271236985934
"clamb","BOL",0.0302073195413288
"clamb","BRA",0.0101310147739549
"clamb","BTN",0.0675951161219115
"clamb","CAF",0.0643245026514938
"clamb","CHL",0.00643578339748501
"clamb","CHM",0.0118727195132921
"clamb","CHP",0.122727929818439
"clamb","CIV",0.00747857593412637
"clamb","CMR",0.0643245026514938
"clamb","COD",0.0496327028971367
"clamb","COG",0.0496327028971367
"clamb","COL",0.0417513778367399
"clamb","CRB",0.0558413636539683
"clamb","CRI",0.018058975101185
"clamb","CUB",0.0558413636539683
"clamb","CYP",0.00142748369524635
"clamb","CZE",0.00021954127182241
"clamb","DEU",0.0170476064090315
"clamb","DJI",0.0955019311332047
"clamb","DNK",0.00358997479665778
"clamb","DOM",0.0558413636539683
"clamb","DZA",0.0935688408190987
"clamb","ECU",0.0333337060364497
"clamb","EGY",0.0249074404463242
"clamb","ERI",0.0955019311332047
"clamb","ETH",0.0733473856367948
"clamb","FJI",0.00525881066030622
"clamb","FNP",0.00259408140631188
"clamb","FRP",0.00189895089632379
"clamb","GAB",0.0643245026514938
"clamb","GEO",0.0881892994435404
"clamb","GHA",0.00747857593412637
"clamb","GIN",0.00747857593412637
"clamb","GMB",0.00747857593412637
"clamb","GNB",0.00747857593412637
"clamb","GNQ",0.0643245026514938
"clamb","GRC",0.0693196221026429
"clamb","GRL",0.15634798700046
"clamb","GSA",0.0307440022896281
"clamb","GTM",0.0101105350582021
"clamb","HND",0.00149271236985934
"clamb","HRV",0.181909464328691
"clamb","HTI",0.0558413636539683
"clamb","HUN",0.00327483614649955
"clamb","IDN",0.0164399518280419
"clamb","IND",0.0716924193957828
"clamb","IRL",0.000626348083347945
"clamb","IRN",0.0953689899024015
"clamb","IRQ",0.0160319945325143
"clamb","ISR",0.0160319945325143
"clamb","ITP",0.00383897166176923
"clamb","JAM",0.0558413636539683
"clamb","JOR",0.0160319945325143
"clamb","JPN",0.315194477078572
"clamb","KAZ",0.0011419746450236
"clamb","KEN",0.0955019311332047
"clamb","KGZ",0.00425008180363055
"clamb","KHM",0.0976162881339274
"clamb","KOR",0.0812954226052433
"clamb","LAO",0.0794696766763991
"clamb","LBN",0.0160319945325143
"clamb","LBR",0.00747857593412637
"clamb","LBY",0.0935688408190987
"clamb","LKA",0.0172180223802063
"clamb","MDA",0.00260097053873833
"clamb","MEX",0.0292664565874737
"clamb","MLI",0.0955019311332047
"clamb","MNG",0.0148547925805646
"clamb","MOR",0.151459747909285
"clamb","MOZ",0.0495896546610138
"clamb","MRT",0.00747857593412637
"clamb","MWI",0.0338444952828071
"clamb","NER",0.00747857593412637
"clamb","NGA",0.1869727128078
"clamb","NIC",0.00305354210626519
"clamb","NLD",0.002305446593033
"clamb","NOR",0.0307217725299889
"clamb","NPL",0.0675951161219115
"clamb","OPO",0.00525881066030622
"clamb","PAK",0.0759561960885777
"clamb","PER",0.0391749837913029
"clamb","PHL",0.0306367917390141
"clamb","PNG",0.00525881066030622
"clamb","POL",0.000468312452570906
"clamb","PRK",0.0148547925805646
"clamb","PRT",0.000180701600902377
"clamb","PRY",0.00319828028604126
"clamb","PSE",0.0160319945325143
"clamb","RAP",0.0160319945325143
"clamb","ROU",0.0539792453243286
"clamb","RUS",0.0166091169642191
"clamb","RWA",0.0955019311332047
"clamb","SAU",0.0160319945325143
"clamb","SDN",0.0955019311332047
"clamb","SEN",0.00134565328301196
"clamb","SLB",0.00525881066030622
"clamb","SLE",0.00747857593412637
"clamb","SLV",0.00149271236985934
"clamb","SOM",0.0955019311332047
"clamb","SPP",0.00298686542631005
"clamb","SSD",0.0955019311332047
"clamb","SVK",0.000554589752409277
"clamb","SVN",0.0010888534119022
"clamb","SWE",0.0083955847911097
"clamb","SYR",0.0160319945325143
"clamb","TCD",0.0643245026514938
"clamb","TGO",0.00747857593412637
"clamb","THA",0.060952147200105
"clamb","TJK",0.0240931943129956
"clamb","TKM",0.0240931943129956
"clamb","TUN",0.990056298992841
"clamb","TUR",0.0945665108483593
"clamb","TZA",0.134690458847705
"clamb","UGA",0.0383425590065899
"clamb","UKP",0.000581319911580875
"clamb","UKR",0.00999504869102547
"clamb","URY",0.00613584896361257
"clamb","USA",1.97871306898449E-5
"clamb","UZB",0.0240931943129956
"clamb","VEN",0.0787730381234744
"clamb","VNM",0.0228137016343212
"clamb","VUT",0.00525881066030622
"clamb","YEM",0.0160319945325143
"clamb","ZMB",0.0365663456864741
"clamb","ZWE",0.0524614700874121
"cpoul","AFG",0.140180828186616
"cpoul","AGO",0.100731368259252
"cpoul","ALB",0.0571683159352503
"cpoul","ARG",0.0224725280232579
"cpoul","ARM",0.0208058697266281
"cpoul","AUS",7.57438707089973E-5
"cpoul","AUT",0.00331254775483303
"cpoul","AZE",0.162291496669309
"cpoul","BDI",0.0847329956753774
"cpoul","BEN",0.10245378089491
"cpoul","BFA",0.10245378089491
"cpoul","BGD",0.148063899995484
"cpoul","BGR",0.0669258569353745
"cpoul","BLR",0.0206328229363444
"cpoul","BLT",0.000766984472357231
"cpoul","BLX",0.0037462797828073
"cpoul","BLZ",0.0273228127387649
"cpoul","BOL",0.0869450983867548
"cpoul","BRA",0.0487663808505501
"cpoul","BTN",0.140180828186616
"cpoul","BWA",4.27915597385955E-6
"cpoul","CAF",0.195473180839452
"cpoul","CAN",0.170502468793728
"cpoul","CHL",0.00524308565494426
"cpoul","CHM",0.0964213906573988
"cpoul","CHP",0.194647484739898
"cpoul","CIV",0.10245378089491
"cpoul","CMR",0.195473180839452
"cpoul","COD",0.100731368259252
"cpoul","COG",0.100731368259252
"cpoul","COL",0.0876812026661538
"cpoul","CRB",0.160654540103506
"cpoul","CRI",0.0271715217156344
"cpoul","CUB",0.160654540103506
"cpoul","CYP",0.00479414676880324
"cpoul","CZE",0.00354715157339349
"cpoul","DEU",0.0167959592931808
"cpoul","DJI",0.0847329956753774
"cpoul","DNK",0.00292577303384398
"cpoul","DOM",0.160654540103506
"cpoul","DZA",0.122247587617233
"cpoul","ECU",0.0612657672593203
"cpoul","EGY",0.0204751940527716
"cpoul","ERI",0.0847329956753774
"cpoul","ETH",0.095582148031987
"cpoul","FJI",0.160550125110701
"cpoul","FNP",0.00161206310039352
"cpoul","FRP",0.00455803117756911
"cpoul","GAB",0.195473180839452
"cpoul","GEO",0.0856930687167766
"cpoul","GHA",0.10245378089491
"cpoul","GIN",0.10245378089491
"cpoul","GMB",0.10245378089491
"cpoul","GNB",0.10245378089491
"cpoul","GNQ",0.195473180839452
"cpoul","GRC",0.00168825462791882
"cpoul","GRL",0.039616482293706
"cpoul","GSA",0.230086321665562
"cpoul","GTM",0.0166437364722808
"cpoul","HND",0.0273228127387649
"cpoul","HRV",0.0313346265224637
"cpoul","HTI",0.160654540103506
"cpoul","HUN",0.00491997999291708
"cpoul","IDN",0.0338299089529688
"cpoul","IND",0.0667384768916968
"cpoul","IRL",0.00924423145579262
"cpoul","IRN",0.217375531191
"cpoul","IRQ",0.173401178213033
"cpoul","ISL",0.25531044016986
"cpoul","ISR",0.173401178213033
"cpoul","ITP",0.00300721576672579
"cpoul","JAM",0.160654540103506
"cpoul","JOR",0.173401178213033
"cpoul","JPN",0.0316653115461104
"cpoul","KAZ",0.0134392217957191
"cpoul","KEN",0.0847329956753774
"cpoul","KGZ",0.00855514746747623
"cpoul","KHM",0.141050313139821
"cpoul","KOR",0.0568742405284043
"cpoul","LAO",0.0952396126254663
"cpoul","LBN",0.173401178213033
"cpoul","LBR",0.10245378089491
"cpoul","LBY",0.122247587617233
"cpoul","LKA",0.102609804162295
"cpoul","LSO",0.00116796850433817
"cpoul","MDA",0.00129490004552973
"cpoul","MDG",0.00581982983106279
"cpoul","MEX",0.00788230830372881
"cpoul","MLI",0.0847329956753774
"cpoul","MNG",0.115721520527911
"cpoul","MOR",0.295809590881323
"cpoul","MOZ",0.0547789651176995
"cpoul","MRT",0.10245378089491
"cpoul","MWI",0.0106948630596668
"cpoul","MYS",0.00932587836487086
"cpoul","NAM",0.00116796850433817
"cpoul","NER",0.10245378089491
"cpoul","NGA",0.27262549267669
"cpoul","NIC",0.0407664146818048
"cpoul","NLD",0.00225918369048161
"cpoul","NOR",0.0912642724804092
"cpoul","NPL",0.140180828186616
"cpoul","NZL",2.89506841665537E-5
"cpoul","OPO",0.160550125110701
"cpoul","OSA",0.0303407577286123
"cpoul","PAK",0.0629989060704202
"cpoul","PAN",0.0731838869036708
"cpoul","PER",0.102749719341551
"cpoul","PHL",0.127623512772964
"cpoul","PNG",0.160550125110701
"cpoul","POL",0.00558389606669879
"cpoul","PRK",0.115721520527911
"cpoul","PRT",0.000853706208143761
"cpoul","PRY",0.0166057878122495
"cpoul","PSE",0.173401178213033
"cpoul","RAP",0.173401178213033
"cpoul","ROU",0.117158820178407
"cpoul","RUS",0.0608389646700486
"cpoul","RWA",0.0847329956753774
"cpoul","SAU",0.173401178213033
"cpoul","SDN",0.0847329956753774
"cpoul","SEN",0.0756594458072941
"cpoul","SLB",0.160550125110701
"cpoul","SLE",0.10245378089491
"cpoul","SLV",0.0273228127387649
"cpoul","SOM",0.0847329956753774
"cpoul","SPP",0.00829504951660579
"cpoul","SSD",0.0847329956753774
"cpoul","SVK",0.00112091674884939
"cpoul","SVN",0.000492456548327649
"cpoul","SWE",0.00120620233766305
"cpoul","SWZ",0.00116796850433817
"cpoul","SYR",0.173401178213033
"cpoul","TCD",0.195473180839452
"cpoul","TGO",0.10245378089491
"cpoul","THA",0.0388843600081118
"cpoul","TJK",0.0784319326689377
"cpoul","TKM",0.0784319326689377
"cpoul","TLS",0.0303407577286123
"cpoul","TUN",0.343574422588679
"cpoul","TUR",0.015034295065392
"cpoul","TZA",0.109604776651731
"cpoul","UGA",0.0469529314433074
"cpoul","UKP",0.0199683842471737
"cpoul","UKR",0.0533565109828952
"cpoul","URY",0.0282187760077785
"cpoul","USA",0.00198177978732446
"cpoul","UZB",0.0784319326689377
"cpoul","VEN",0.0700732450348423
"cpoul","VNM",0.0348272019134856
"cpoul","VUT",0.160550125110701
"cpoul","YEM",0.173401178213033
"cpoul","ZAF",0.00665852880513396
"cpoul","ZMB",0.0884991827102515
"cpoul","ZWE",0.11085239930558
"ceggs","AFG",0.140180828186616
"ceggs","AGO",0.100731368259252
"ceggs","ALB",0.0571683159352503
"ceggs","ARG",0.0224725280232579
"ceggs","ARM",0.0208058697266281
"ceggs","AUS",7.57438707089973E-5
"ceggs","AUT",0.00331254775483303
"ceggs","AZE",0.162291496669309
"ceggs","BDI",0.0847329956753774
"ceggs","BEN",0.10245378089491
"ceggs","BFA",0.10245378089491
"ceggs","BGD",0.148063899995484
"ceggs","BGR",0.0669258569353745
"ceggs","BLR",0.0206328229363444
"ceggs","BLT",0.000766984472357231
"ceggs","BLX",0.0037462797828073
"ceggs","BLZ",0.0273228127387649
"ceggs","BOL",0.0869450983867548
"ceggs","BRA",0.0487663808505501
"ceggs","BTN",0.140180828186616
"ceggs","BWA",4.27915597385955E-6
"ceggs","CAF",0.195473180839452
"ceggs","CAN",0.170502468793728
"ceggs","CHL",0.00524308565494426
"ceggs","CHM",0.0964213906573988
"ceggs","CHP",0.194647484739898
"ceggs","CIV",0.10245378089491
"ceggs","CMR",0.195473180839452
"ceggs","COD",0.100731368259252
"ceggs","COG",0.100731368259252
"ceggs","COL",0.0876812026661538
"ceggs","CRB",0.160654540103506
"ceggs","CRI",0.0271715217156344
"ceggs","CUB",0.160654540103506
"ceggs","CYP",0.00479414676880324
"ceggs","CZE",0.00354715157339349
"ceggs","DEU",0.0167959592931808
"ceggs","DJI",0.0847329956753774
"ceggs","DNK",0.00292577303384398
"ceggs","DOM",0.160654540103506
"ceggs","DZA",0.122247587617233
"ceggs","ECU",0.0612657672593203
"ceggs","EGY",0.0204751940527716
"ceggs","ERI",0.0847329956753774
"ceggs","ETH",0.095582148031987
"ceggs","FJI",0.160550125110701
"ceggs","FNP",0.00161206310039352
"ceggs","FRP",0.00455803117756911
"ceggs","GAB",0.195473180839452
"ceggs","GEO",0.0856930687167766
"ceggs","GHA",0.10245378089491
"ceggs","GIN",0.10245378089491
"ceggs","GMB",0.10245378089491
"ceggs","GNB",0.10245378089491
"ceggs","GNQ",0.195473180839452
"ceggs","GRC",0.00168825462791882
"ceggs","GRL",0.039616482293706
"ceggs","GSA",0.230086321665562
"ceggs","GTM",0.0166437364722808
"ceggs","HND",0.0273228127387649
"ceggs","HRV",0.0313346265224637
"ceggs","HTI",0.160654540103506
"ceggs","HUN",0.00491997999291708
"ceggs","IDN",0.0338299089529688
"ceggs","IND",0.0667384768916968
"ceggs","IRL",0.00924423145579262
"ceggs","IRN",0.217375531191
"ceggs","IRQ",0.173401178213033
"ceggs","ISL",0.25531044016986
"ceggs","ISR",0.173401178213033
"ceggs","ITP",0.00300721576672579
"ceggs","JAM",0.160654540103506
"ceggs","JOR",0.173401178213033
"ceggs","JPN",0.0316653115461104
"ceggs","KAZ",0.0134392217957191
"ceggs","KEN",0.0847329956753774
"ceggs","KGZ",0.00855514746747623
"ceggs","KHM",0.141050313139821
"ceggs","KOR",0.0568742405284043
"ceggs","LAO",0.0952396126254663
"ceggs","LBN",0.173401178213033
"ceggs","LBR",0.10245378089491
"ceggs","LBY",0.122247587617233
"ceggs","LKA",0.102609804162295
"ceggs","LSO",0.00116796850433817
"ceggs","MDA",0.00129490004552973
"ceggs","MDG",0.00581982983106279
"ceggs","MEX",0.00788230830372881
"ceggs","MLI",0.0847329956753774
"ceggs","MNG",0.115721520527911
"ceggs","MOR",0.295809590881323
"ceggs","MOZ",0.0547789651176995
"ceggs","MRT",0.10245378089491
"ceggs","MWI",0.0106948630596668
"ceggs","MYS",0.00932587836487086
"ceggs","NAM",0.00116796850433817
"ceggs","NER",0.10245378089491
"ceggs","NGA",0.27262549267669
"ceggs","NIC",0.0407664146818048
"ceggs","NLD",0.00225918369048161
"ceggs","NOR",0.0912642724804092
"ceggs","NPL",0.140180828186616
"ceggs","NZL",2.89506841665537E-5
"ceggs","OPO",0.160550125110701
"ceggs","OSA",0.0303407577286123
"ceggs","PAK",0.0629989060704202
"ceggs","PAN",0.0731838869036708
"ceggs","PER",0.102749719341551
"ceggs","PHL",0.127623512772964
"ceggs","PNG",0.160550125110701
"ceggs","POL",0.00558389606669879
"ceggs","PRK",0.115721520527911
"ceggs","PRT",0.000853706208143761
"ceggs","PRY",0.0166057878122495
"ceggs","PSE",0.173401178213033
"ceggs","RAP",0.173401178213033
"ceggs","ROU",0.117158820178407
"ceggs","RUS",0.0608389646700486
"ceggs","RWA",0.0847329956753774
"ceggs","SAU",0.173401178213033
"ceggs","SDN",0.0847329956753774
"ceggs","SEN",0.0756594458072941
"ceggs","SLB",0.160550125110701
"ceggs","SLE",0.10245378089491
"ceggs","SLV",0.0273228127387649
"ceggs","SOM",0.0847329956753774
"ceggs","SPP",0.00829504951660579
"ceggs","SSD",0.0847329956753774
"ceggs","SVK",0.00112091674884939
"ceggs","SVN",0.000492456548327649
"ceggs","SWE",0.00120620233766305
"ceggs","SWZ",0.00116796850433817
"ceggs","SYR",0.173401178213033
"ceggs","TCD",0.195473180839452
"ceggs","TGO",0.10245378089491
"ceggs","THA",0.0388843600081118
"ceggs","TJK",0.0784319326689377
"ceggs","TKM",0.0784319326689377
"ceggs","TLS",0.0303407577286123
"ceggs","TUN",0.343574422588679
"ceggs","TUR",0.015034295065392
"ceggs","TZA",0.109604776651731
"ceggs","UGA",0.0469529314433074
"ceggs","UKP",0.0199683842471737
"ceggs","UKR",0.0533565109828952
"ceggs","URY",0.0282187760077785
"ceggs","USA",0.00198177978732446
"ceggs","UZB",0.0784319326689377
"ceggs","VEN",0.0700732450348423
"ceggs","VNM",0.0348272019134856
"ceggs","VUT",0.160550125110701
"ceggs","YEM",0.173401178213033
"ceggs","ZAF",0.00665852880513396
"ceggs","ZMB",0.0884991827102515
"ceggs","ZWE",0.11085239930558
"cbarl","AFG",0.085363591658037
"cbarl","AGO",0.0214141779070594
"cbarl","ALB",0.0493741480445961
"cbarl","ARG",0.00657179866736586
"cbarl","AUT",0.00718657885124755
"cbarl","AZE",0.000688817132421873
"cbarl","BDI",0.263277795197814
"cbarl","BEN",0.0215149983652471
"cbarl","BFA",0.0215149983652471
"cbarl","BGD",0.00223112851362996
"cbarl","BGR",0.0967963908515419
"cbarl","BLR",0.0100792610288923
"cbarl","BLT",0.0727645905957255
"cbarl","BLX",0.0235183268520641
"cbarl","BLZ",0.133562791148282
"cbarl","BOL",0.02343039386896
"cbarl","BRA",0.0113599263766122
"cbarl","BTN",0.085363591658037
"cbarl","BWA",4.37641139233262E-7
"cbarl","CAF",0.121292512977477
"cbarl","CAN",2.86479308065086E-6
"cbarl","CHL",0.0130538554538754
"cbarl","CHM",0.0151648592452415
"cbarl","CHP",0.685800567129752
"cbarl","CIV",0.0215149983652471
"cbarl","CMR",0.121292512977477
"cbarl","COD",0.0214141779070594
"cbarl","COG",0.0214141779070594
"cbarl","COL",0.140901902064245
"cbarl","CRB",0.0325176960398443
"cbarl","CRI",0.0986766691255173
"cbarl","CUB",0.0325176960398443
"cbarl","CYP",0.549834061850673
"cbarl","CZE",0.00548919968722441
"cbarl","DEU",0.029818604856769
"cbarl","DJI",0.263277795197814
"cbarl","DNK",0.00943892902187756
"cbarl","DOM",0.0325176960398443
"cbarl","DZA",0.0391423607417231
"cbarl","ECU",0.136277806304878
"cbarl","EGY",0.0201071307141204
"cbarl","ERI",0.263277795197814
"cbarl","ETH",0.0495343958883837
"cbarl","FJI",0.00279400661330721
"cbarl","FNP",0.00304776469691864
"cbarl","FRP",0.0216856570742521
"cbarl","GAB",0.121292512977477
"cbarl","GEO",0.0123310959234081
"cbarl","GHA",0.0215149983652471
"cbarl","GIN",0.0215149983652471
"cbarl","GMB",0.0215149983652471
"cbarl","GNB",0.0215149983652471
"cbarl","GNQ",0.121292512977477
"cbarl","GRC",0.108434280367958
"cbarl","GSA",0.0440580609362763
"cbarl","GTM",0.218082065302627
"cbarl","HND",0.133562791148282
"cbarl","HRV",0.106265114267649
"cbarl","HTI",0.0325176960398443
"cbarl","HUN",0.223150817737395
"cbarl","IDN",0.00159726861766102
"cbarl","IND",0.212304958850104
"cbarl","IRL",0.0259419223551735
"cbarl","IRN",0.0441484444146967
"cbarl","IRQ",0.417632809710286
"cbarl","ISL",0.248165448807484
"cbarl","ISR",0.417632809710286
"cbarl","ITP",0.0865713962702542
"cbarl","JAM",0.0325176960398443
"cbarl","JOR",0.417632809710286
"cbarl","JPN",0.379065365613296
"cbarl","KAZ",0.0261992993965811
"cbarl","KEN",0.263277795197814
"cbarl","KHM",0.0982378097472349
"cbarl","KOR",0.0519189803942852
"cbarl","LAO",0.0488971609743748
"cbarl","LBN",0.417632809710286
"cbarl","LBR",0.0215149983652471
"cbarl","LBY",0.0391423607417231
"cbarl","LKA",0.0572603152304034
"cbarl","LSO",0.00116470617362646
"cbarl","MDA",2.18969063192621E-6
"cbarl","MDG",0.00905610549237941
"cbarl","MEX",0.0849632908298445
"cbarl","MLI",0.263277795197814
"cbarl","MNG",0.0752712420610365
"cbarl","MOR",0.91158416620693
"cbarl","MOZ",0.0302839688054543
"cbarl","MRT",0.0215149983652471
"cbarl","MWI",0.00048908570942385
"cbarl","NAM",0.00116470617362646
"cbarl","NER",0.0215149983652471
"cbarl","NGA",0.164631303927346
"cbarl","NIC",0.124219249628315
"cbarl","NLD",0.0219535351529737
"cbarl","NOR",1.35245660771986
"cbarl","NPL",0.085363591658037
"cbarl","OPO",0.00279400661330721
"cbarl","PAK",0.0557220736099655
"cbarl","PER",0.105476935851152
"cbarl","PHL",0.11162581509969
"cbarl","PNG",0.00279400661330721
"cbarl","POL",0.106306098800077
"cbarl","PRK",0.0752712420610365
"cbarl","PRT",0.0996305434145562
"cbarl","PRY",5.33444115518884E-5
"cbarl","PSE",0.417632809710286
"cbarl","RAP",0.417632809710286
"cbarl","ROU",0.199103800794232
"cbarl","RUS",0.0231914376053483
"cbarl","RWA",0.263277795197814
"cbarl","SAU",0.417632809710286
"cbarl","SDN",0.263277795197814
"cbarl","SEN",0.0456212072806889
"cbarl","SLB",0.00279400661330721
"cbarl","SLE",0.0215149983652471
"cbarl","SLV",0.133562791148282
"cbarl","SOM",0.263277795197814
"cbarl","SPP",0.0952712381302992
"cbarl","SSD",0.263277795197814
"cbarl","SVK",0.00556995828329723
"cbarl","SVN",0.0544184233528155
"cbarl","SWE",0.0339865023373172
"cbarl","SWZ",0.00116470617362646
"cbarl","SYR",0.417632809710286
"cbarl","TCD",0.121292512977477
"cbarl","TGO",0.0215149983652471
"cbarl","THA",0.31361680603828
"cbarl","TJK",0.000266888781093114
"cbarl","TKM",0.000266888781093114
"cbarl","TUN",0.132055655766371
"cbarl","TUR",0.241258752973965
"cbarl","TZA",0.140188787101419
"cbarl","UGA",0.0680734739548848
"cbarl","UKP",0.0475220679390339
"cbarl","UKR",0.0850025858470536
"cbarl","URY",0.00289415561888411
"cbarl","USA",0.000397907178148464
"cbarl","UZB",0.000266888781093114
"cbarl","VEN",0.115209043217533
"cbarl","VNM",0.029134616506193
"cbarl","VUT",0.00279400661330721
"cbarl","YEM",0.417632809710286
"cbarl","ZAF",0.0233136691177125
"cbarl","ZMB",0.048640318094641
"cbarl","ZWE",0.177745152786447
"cmaiz","AFG",0.085363591658037
"cmaiz","AGO",0.0214141779070594
"cmaiz","ALB",0.0493741480445961
"cmaiz","ARG",0.00657179866736586
"cmaiz","AUT",0.00718657885124755
"cmaiz","AZE",0.000688817132421873
"cmaiz","BDI",0.263277795197814
"cmaiz","BEN",0.0215149983652471
"cmaiz","BFA",0.0215149983652471
"cmaiz","BGD",0.00223112851362996
"cmaiz","BGR",0.0967963908515419
"cmaiz","BLR",0.0100792610288923
"cmaiz","BLT",0.0727645905957255
"cmaiz","BLX",0.0235183268520641
"cmaiz","BLZ",0.133562791148282
"cmaiz","BOL",0.02343039386896
"cmaiz","BRA",0.0113599263766122
"cmaiz","BTN",0.085363591658037
"cmaiz","BWA",4.37641139233262E-7
"cmaiz","CAF",0.121292512977477
"cmaiz","CAN",2.86479308065086E-6
"cmaiz","CHL",0.0130538554538754
"cmaiz","CHM",0.0151648592452415
"cmaiz","CHP",0.685800567129752
"cmaiz","CIV",0.0215149983652471
"cmaiz","CMR",0.121292512977477
"cmaiz","COD",0.0214141779070594
"cmaiz","COG",0.0214141779070594
"cmaiz","COL",0.140901902064245
"cmaiz","CRB",0.0325176960398443
"cmaiz","CRI",0.0986766691255173
"cmaiz","CUB",0.0325176960398443
"cmaiz","CYP",0.549834061850673
"cmaiz","CZE",0.00548919968722441
"cmaiz","DEU",0.029818604856769
"cmaiz","DJI",0.263277795197814
"cmaiz","DNK",0.00943892902187756
"cmaiz","DOM",0.0325176960398443
"cmaiz","DZA",0.0391423607417231
"cmaiz","ECU",0.136277806304878
"cmaiz","EGY",0.0201071307141204
"cmaiz","ERI",0.263277795197814
"cmaiz","ETH",0.0495343958883837
"cmaiz","FJI",0.00279400661330721
"cmaiz","FNP",0.00304776469691864
"cmaiz","FRP",0.0216856570742521
"cmaiz","GAB",0.121292512977477
"cmaiz","GEO",0.0123310959234081
"cmaiz","GHA",0.0215149983652471
"cmaiz","GIN",0.0215149983652471
"cmaiz","GMB",0.0215149983652471
"cmaiz","GNB",0.0215149983652471
"cmaiz","GNQ",0.121292512977477
"cmaiz","GRC",0.108434280367958
"cmaiz","GSA",0.0440580609362763
"cmaiz","GTM",0.218082065302627
"cmaiz","HND",0.133562791148282
"cmaiz","HRV",0.106265114267649
"cmaiz","HTI",0.0325176960398443
"cmaiz","HUN",0.223150817737395
"cmaiz","IDN",0.00159726861766102
"cmaiz","IND",0.212304958850104
"cmaiz","IRL",0.0259419223551735
"cmaiz","IRN",0.0441484444146967
"cmaiz","IRQ",0.417632809710286
"cmaiz","ISL",0.248165448807484
"cmaiz","ISR",0.417632809710286
"cmaiz","ITP",0.0865713962702542
"cmaiz","JAM",0.0325176960398443
"cmaiz","JOR",0.417632809710286
"cmaiz","JPN",0.379065365613296
"cmaiz","KAZ",0.0261992993965811
"cmaiz","KEN",0.263277795197814
"cmaiz","KHM",0.0982378097472349
"cmaiz","KOR",0.0519189803942852
"cmaiz","LAO",0.0488971609743748
"cmaiz","LBN",0.417632809710286
"cmaiz","LBR",0.0215149983652471
"cmaiz","LBY",0.0391423607417231
"cmaiz","LKA",0.0572603152304034
"cmaiz","LSO",0.00116470617362646
"cmaiz","MDA",2.18969063192621E-6
"cmaiz","MDG",0.00905610549237941
"cmaiz","MEX",0.0849632908298445
"cmaiz","MLI",0.263277795197814
"cmaiz","MNG",0.0752712420610365
"cmaiz","MOR",0.91158416620693
"cmaiz","MOZ",0.0302839688054543
"cmaiz","MRT",0.0215149983652471
"cmaiz","MWI",0.00048908570942385
"cmaiz","NAM",0.00116470617362646
"cmaiz","NER",0.0215149983652471
"cmaiz","NGA",0.164631303927346
"cmaiz","NIC",0.124219249628315
"cmaiz","NLD",0.0219535351529737
"cmaiz","NOR",1.35245660771986
"cmaiz","NPL",0.085363591658037
"cmaiz","OPO",0.00279400661330721
"cmaiz","PAK",0.0557220736099655
"cmaiz","PER",0.105476935851152
"cmaiz","PHL",0.11162581509969
"cmaiz","PNG",0.00279400661330721
"cmaiz","POL",0.106306098800077
"cmaiz","PRK",0.0752712420610365
"cmaiz","PRT",0.0996305434145562
"cmaiz","PRY",5.33444115518884E-5
"cmaiz","PSE",0.417632809710286
"cmaiz","RAP",0.417632809710286
"cmaiz","ROU",0.199103800794232
"cmaiz","RUS",0.0231914376053483
"cmaiz","RWA",0.263277795197814
"cmaiz","SAU",0.417632809710286
"cmaiz","SDN",0.263277795197814
"cmaiz","SEN",0.0456212072806889
"cmaiz","SLB",0.00279400661330721
"cmaiz","SLE",0.0215149983652471
"cmaiz","SLV",0.133562791148282
"cmaiz","SOM",0.263277795197814
"cmaiz","SPP",0.0952712381302992
"cmaiz","SSD",0.263277795197814
"cmaiz","SVK",0.00556995828329723
"cmaiz","SVN",0.0544184233528155
"cmaiz","SWE",0.0339865023373172
"cmaiz","SWZ",0.00116470617362646
"cmaiz","SYR",0.417632809710286
"cmaiz","TCD",0.121292512977477
"cmaiz","TGO",0.0215149983652471
"cmaiz","THA",0.31361680603828
"cmaiz","TJK",0.000266888781093114
"cmaiz","TKM",0.000266888781093114
"cmaiz","TUN",0.132055655766371
"cmaiz","TUR",0.241258752973965
"cmaiz","TZA",0.140188787101419
"cmaiz","UGA",0.0680734739548848
"cmaiz","UKP",0.0475220679390339
"cmaiz","UKR",0.0850025858470536
"cmaiz","URY",0.00289415561888411
"cmaiz","USA",0.000397907178148464
"cmaiz","UZB",0.000266888781093114
"cmaiz","VEN",0.115209043217533
"cmaiz","VNM",0.029134616506193
"cmaiz","VUT",0.00279400661330721
"cmaiz","YEM",0.417632809710286
"cmaiz","ZAF",0.0233136691177125
"cmaiz","ZMB",0.048640318094641
"cmaiz","ZWE",0.177745152786447
"cmill","AFG",0.085363591658037
"cmill","AGO",0.0214141779070594
"cmill","ALB",0.0493741480445961
"cmill","ARG",0.00657179866736586
"cmill","AUT",0.00718657885124755
"cmill","AZE",0.000688817132421873
"cmill","BDI",0.263277795197814
"cmill","BEN",0.0215149983652471
"cmill","BFA",0.0215149983652471
"cmill","BGD",0.00223112851362996
"cmill","BGR",0.0967963908515419
"cmill","BLR",0.0100792610288923
"cmill","BLT",0.0727645905957255
"cmill","BLX",0.0235183268520641
"cmill","BLZ",0.133562791148282
"cmill","BOL",0.02343039386896
"cmill","BRA",0.0113599263766122
"cmill","BTN",0.085363591658037
"cmill","BWA",4.37641139233262E-7
"cmill","CAF",0.121292512977477
"cmill","CAN",2.86479308065086E-6
"cmill","CHL",0.0130538554538754
"cmill","CHM",0.0151648592452415
"cmill","CHP",0.685800567129752
"cmill","CIV",0.0215149983652471
"cmill","CMR",0.121292512977477
"cmill","COD",0.0214141779070594
"cmill","COG",0.0214141779070594
"cmill","COL",0.140901902064245
"cmill","CRB",0.0325176960398443
"cmill","CRI",0.0986766691255173
"cmill","CUB",0.0325176960398443
"cmill","CYP",0.549834061850673
"cmill","CZE",0.00548919968722441
"cmill","DEU",0.029818604856769
"cmill","DJI",0.263277795197814
"cmill","DNK",0.00943892902187756
"cmill","DOM",0.0325176960398443
"cmill","DZA",0.0391423607417231
"cmill","ECU",0.136277806304878
"cmill","EGY",0.0201071307141204
"cmill","ERI",0.263277795197814
"cmill","ETH",0.0495343958883837
"cmill","FJI",0.00279400661330721
"cmill","FNP",0.00304776469691864
"cmill","FRP",0.0216856570742521
"cmill","GAB",0.121292512977477
"cmill","GEO",0.0123310959234081
"cmill","GHA",0.0215149983652471
"cmill","GIN",0.0215149983652471
"cmill","GMB",0.0215149983652471
"cmill","GNB",0.0215149983652471
"cmill","GNQ",0.121292512977477
"cmill","GRC",0.108434280367958
"cmill","GSA",0.0440580609362763
"cmill","GTM",0.218082065302627
"cmill","HND",0.133562791148282
"cmill","HRV",0.106265114267649
"cmill","HTI",0.0325176960398443
"cmill","HUN",0.223150817737395
"cmill","IDN",0.00159726861766102
"cmill","IND",0.212304958850104
"cmill","IRL",0.0259419223551735
"cmill","IRN",0.0441484444146967
"cmill","IRQ",0.417632809710286
"cmill","ISL",0.248165448807484
"cmill","ISR",0.417632809710286
"cmill","ITP",0.0865713962702542
"cmill","JAM",0.0325176960398443
"cmill","JOR",0.417632809710286
"cmill","JPN",0.379065365613296
"cmill","KAZ",0.0261992993965811
"cmill","KEN",0.263277795197814
"cmill","KHM",0.0982378097472349
"cmill","KOR",0.0519189803942852
"cmill","LAO",0.0488971609743748
"cmill","LBN",0.417632809710286
"cmill","LBR",0.0215149983652471
"cmill","LBY",0.0391423607417231
"cmill","LKA",0.0572603152304034
"cmill","LSO",0.00116470617362646
"cmill","MDA",2.18969063192621E-6
"cmill","MDG",0.00905610549237941
"cmill","MEX",0.0849632908298445
"cmill","MLI",0.263277795197814
"cmill","MNG",0.0752712420610365
"cmill","MOR",0.91158416620693
"cmill","MOZ",0.0302839688054543
"cmill","MRT",0.0215149983652471
"cmill","MWI",0.00048908570942385
"cmill","NAM",0.00116470617362646
"cmill","NER",0.0215149983652471
"cmill","NGA",0.164631303927346
"cmill","NIC",0.124219249628315
"cmill","NLD",0.0219535351529737
"cmill","NOR",1.35245660771986
"cmill","NPL",0.085363591658037
"cmill","OPO",0.00279400661330721
"cmill","PAK",0.0557220736099655
"cmill","PER",0.105476935851152
"cmill","PHL",0.11162581509969
"cmill","PNG",0.00279400661330721
"cmill","POL",0.106306098800077
"cmill","PRK",0.0752712420610365
"cmill","PRT",0.0996305434145562
"cmill","PRY",5.33444115518884E-5
"cmill","PSE",0.417632809710286
"cmill","RAP",0.417632809710286
"cmill","ROU",0.199103800794232
"cmill","RUS",0.0231914376053483
"cmill","RWA",0.263277795197814
"cmill","SAU",0.417632809710286
"cmill","SDN",0.263277795197814
"cmill","SEN",0.0456212072806889
"cmill","SLB",0.00279400661330721
"cmill","SLE",0.0215149983652471
"cmill","SLV",0.133562791148282
"cmill","SOM",0.263277795197814
"cmill","SPP",0.0952712381302992
"cmill","SSD",0.263277795197814
"cmill","SVK",0.00556995828329723
"cmill","SVN",0.0544184233528155
"cmill","SWE",0.0339865023373172
"cmill","SWZ",0.00116470617362646
"cmill","SYR",0.417632809710286
"cmill","TCD",0.121292512977477
"cmill","TGO",0.0215149983652471
"cmill","THA",0.31361680603828
"cmill","TJK",0.000266888781093114
"cmill","TKM",0.000266888781093114
"cmill","TUN",0.132055655766371
"cmill","TUR",0.241258752973965
"cmill","TZA",0.140188787101419
"cmill","UGA",0.0680734739548848
"cmill","UKP",0.0475220679390339
"cmill","UKR",0.0850025858470536
"cmill","URY",0.00289415561888411
"cmill","USA",0.000397907178148464
"cmill","UZB",0.000266888781093114
"cmill","VEN",0.115209043217533
"cmill","VNM",0.029134616506193
"cmill","VUT",0.00279400661330721
"cmill","YEM",0.417632809710286
"cmill","ZAF",0.0233136691177125
"cmill","ZMB",0.048640318094641
"cmill","ZWE",0.177745152786447
"crice","AFG",0.0216953262532172
"crice","AGO",0.0205331395068877
"crice","ALB",0.0486600303907669
"crice","ARG",0.0290975850305141
"crice","AUT",0.237399334511607
"crice","AZE",0.121297453413199
"crice","BDI",0.051567883040865
"crice","BEN",0.0986944558844999
"crice","BFA",0.0986944558844999
"crice","BGD",0.13619311486646
"crice","BGR",0.115001727785555
"crice","BLT",0.147626838602327
"crice","BLX",0.0913646457542178
"crice","BLZ",0.0633721982216833
"crice","BOL",0.0149992248477635
"crice","BRA",0.00876041207479864
"crice","BTN",0.0216953262532172
"crice","CAF",0.0954606618778436
"crice","CHL",0.0459998110124432
"crice","CHM",0.0380804712016307
"crice","CHP",0.0769726819720744
"crice","CIV",0.0986944558844999
"crice","CMR",0.0954606618778436
"crice","COD",0.0205331395068877
"crice","COG",0.0205331395068877
"crice","COL",0.428330795141861
"crice","CRB",0.0925111728613425
"crice","CRI",0.173665508590612
"crice","CUB",0.0925111728613425
"crice","CYP",0.434561841116384
"crice","CZE",0.739659925970475
"crice","DEU",0.286113691237234
"crice","DJI",0.051567883040865
"crice","DNK",0.0718290903131421
"crice","DOM",0.0925111728613425
"crice","DZA",0.0508027392550705
"crice","ECU",0.0229135100418536
"crice","EGY",0.0164664387061238
"crice","ERI",0.051567883040865
"crice","ETH",0.0493596069795009
"crice","FJI",3.32660346888304E-5
"crice","FNP",0.0735452175122111
"crice","FRP",0.50153883411279
"crice","GAB",0.0954606618778436
"crice","GEO",0.105033096830991
"crice","GHA",0.0986944558844999
"crice","GIN",0.0986944558844999
"crice","GMB",0.0986944558844999
"crice","GNB",0.0986944558844999
"crice","GNQ",0.0954606618778436
"crice","GRC",0.179924697223936
"crice","GSA",0.0270214804150694
"crice","GTM",0.234326257537595
"crice","HND",0.0633721982216833
"crice","HRV",0.00512422118196305
"crice","HTI",0.0925111728613425
"crice","HUN",0.0637880235367548
"crice","IDN",0.147555175984204
"crice","IND",0.506988798996769
"crice","IRL",0.673771622239351
"crice","IRN",0.498491892660014
"crice","IRQ",0.0418745987333739
"crice","ISR",0.0418745987333739
"crice","ITP",0.382940435607323
"crice","JAM",0.0925111728613425
"crice","JOR",0.0418745987333739
"crice","JPN",3.8736864363771
"crice","KAZ",0.162203494755631
"crice","KEN",0.051567883040865
"crice","KGZ",0.0971130632276712
"crice","KHM",0.0365858728900901
"crice","KOR",4.44473548650241
"crice","LAO",0.0486224085295125
"crice","LBN",0.0418745987333739
"crice","LBR",0.0986944558844999
"crice","LBY",0.0508027392550705
"crice","LKA",0.347062130101205
"crice","MDA",0.0332972436757832
"crice","MLI",0.051567883040865
"crice","MNG",0.142830470582979
"crice","MOR",0.2512293430869
"crice","MOZ",0.0248189703204754
"crice","MRT",0.0986944558844999
"crice","NER",0.0986944558844999
"crice","NGA",0.736564551297753
"crice","NIC",0.239413613575915
"crice","NLD",0.47453541376156
"crice","NOR",0.107817719727187
"crice","NPL",0.0216953262532172
"crice","OPO",3.32660346888304E-5
"crice","PAK",0.0326500864594304
"crice","PER",0.15012797205659
"crice","PHL",0.178167147073997
"crice","PNG",3.32660346888304E-5
"crice","POL",0.347640569906612
"crice","PRK",0.142830470582979
"crice","PRT",0.32836703522678
"crice","PSE",0.0418745987333739
"crice","RAP",0.0418745987333739
"crice","ROU",0.0651542848035898
"crice","RUS",0.0477299633305337
"crice","RWA",0.051567883040865
"crice","SAU",0.0418745987333739
"crice","SDN",0.051567883040865
"crice","SEN",0.099332237874098
"crice","SLB",3.32660346888304E-5
"crice","SLE",0.0986944558844999
"crice","SLV",0.0633721982216833
"crice","SOM",0.051567883040865
"crice","SPP",0.436735514407897
"crice","SSD",0.051567883040865
"crice","SVK",0.394621281657972
"crice","SWE",0.29049225457601
"crice","SYR",0.0418745987333739
"crice","TCD",0.0954606618778436
"crice","TGO",0.0986944558844999
"crice","THA",0.195560933648777
"crice","TUN",0.11413558011441
"crice","TUR",0.330909841469391
"crice","TZA",0.246772187859384
"crice","UGA",0.0172284105813938
"crice","UKP",0.492889605537157
"crice","UKR",0.0816893858140447
"crice","URY",0.0561445771089684
"crice","USA",0.0387329516570389
"crice","VEN",0.0573855700260442
"crice","VNM",0.199229056415684
"crice","VUT",3.32660346888304E-5
"crice","YEM",0.0418745987333739
"crice","ZMB",0.0492436533141403
"crice","ZWE",0.141761712183096
"csorg","AFG",0.085363591658037
"csorg","AGO",0.0214141779070594
"csorg","ALB",0.0493741480445961
"csorg","ARG",0.00657179866736586
"csorg","AUT",0.00718657885124755
"csorg","AZE",0.000688817132421873
"csorg","BDI",0.263277795197814
"csorg","BEN",0.0215149983652471
"csorg","BFA",0.0215149983652471
"csorg","BGD",0.00223112851362996
"csorg","BGR",0.0967963908515419
"csorg","BLR",0.0100792610288923
"csorg","BLT",0.0727645905957255
"csorg","BLX",0.0235183268520641
"csorg","BLZ",0.133562791148282
"csorg","BOL",0.02343039386896
"csorg","BRA",0.0113599263766122
"csorg","BTN",0.085363591658037
"csorg","BWA",4.37641139233262E-7
"csorg","CAF",0.121292512977477
"csorg","CAN",2.86479308065086E-6
"csorg","CHL",0.0130538554538754
"csorg","CHM",0.0151648592452415
"csorg","CHP",0.685800567129752
"csorg","CIV",0.0215149983652471
"csorg","CMR",0.121292512977477
"csorg","COD",0.0214141779070594
"csorg","COG",0.0214141779070594
"csorg","COL",0.140901902064245
"csorg","CRB",0.0325176960398443
"csorg","CRI",0.0986766691255173
"csorg","CUB",0.0325176960398443
"csorg","CYP",0.549834061850673
"csorg","CZE",0.00548919968722441
"csorg","DEU",0.029818604856769
"csorg","DJI",0.263277795197814
"csorg","DNK",0.00943892902187756
"csorg","DOM",0.0325176960398443
"csorg","DZA",0.0391423607417231
"csorg","ECU",0.136277806304878
"csorg","EGY",0.0201071307141204
"csorg","ERI",0.263277795197814
"csorg","ETH",0.0495343958883837
"csorg","FJI",0.00279400661330721
"csorg","FNP",0.00304776469691864
"csorg","FRP",0.0216856570742521
"csorg","GAB",0.121292512977477
"csorg","GEO",0.0123310959234081
"csorg","GHA",0.0215149983652471
"csorg","GIN",0.0215149983652471
"csorg","GMB",0.0215149983652471
"csorg","GNB",0.0215149983652471
"csorg","GNQ",0.121292512977477
"csorg","GRC",0.108434280367958
"csorg","GSA",0.0440580609362763
"csorg","GTM",0.218082065302627
"csorg","HND",0.133562791148282
"csorg","HRV",0.106265114267649
"csorg","HTI",0.0325176960398443
"csorg","HUN",0.223150817737395
"csorg","IDN",0.00159726861766102
"csorg","IND",0.212304958850104
"csorg","IRL",0.0259419223551735
"csorg","IRN",0.0441484444146967
"csorg","IRQ",0.417632809710286
"csorg","ISL",0.248165448807484
"csorg","ISR",0.417632809710286
"csorg","ITP",0.0865713962702542
"csorg","JAM",0.0325176960398443
"csorg","JOR",0.417632809710286
"csorg","JPN",0.379065365613296
"csorg","KAZ",0.0261992993965811
"csorg","KEN",0.263277795197814
"csorg","KHM",0.0982378097472349
"csorg","KOR",0.0519189803942852
"csorg","LAO",0.0488971609743748
"csorg","LBN",0.417632809710286
"csorg","LBR",0.0215149983652471
"csorg","LBY",0.0391423607417231
"csorg","LKA",0.0572603152304034
"csorg","LSO",0.00116470617362646
"csorg","MDA",2.18969063192621E-6
"csorg","MDG",0.00905610549237941
"csorg","MEX",0.0849632908298445
"csorg","MLI",0.263277795197814
"csorg","MNG",0.0752712420610365
"csorg","MOR",0.91158416620693
"csorg","MOZ",0.0302839688054543
"csorg","MRT",0.0215149983652471
"csorg","MWI",0.00048908570942385
"csorg","NAM",0.00116470617362646
"csorg","NER",0.0215149983652471
"csorg","NGA",0.164631303927346
"csorg","NIC",0.124219249628315
"csorg","NLD",0.0219535351529737
"csorg","NOR",1.35245660771986
"csorg","NPL",0.085363591658037
"csorg","OPO",0.00279400661330721
"csorg","PAK",0.0557220736099655
"csorg","PER",0.105476935851152
"csorg","PHL",0.11162581509969
"csorg","PNG",0.00279400661330721
"csorg","POL",0.106306098800077
"csorg","PRK",0.0752712420610365
"csorg","PRT",0.0996305434145562
"csorg","PRY",5.33444115518884E-5
"csorg","PSE",0.417632809710286
"csorg","RAP",0.417632809710286
"csorg","ROU",0.199103800794232
"csorg","RUS",0.0231914376053483
"csorg","RWA",0.263277795197814
"csorg","SAU",0.417632809710286
"csorg","SDN",0.263277795197814
"csorg","SEN",0.0456212072806889
"csorg","SLB",0.00279400661330721
"csorg","SLE",0.0215149983652471
"csorg","SLV",0.133562791148282
"csorg","SOM",0.263277795197814
"csorg","SPP",0.0952712381302992
"csorg","SSD",0.263277795197814
"csorg","SVK",0.00556995828329723
"csorg","SVN",0.0544184233528155
"csorg","SWE",0.0339865023373172
"csorg","SWZ",0.00116470617362646
"csorg","SYR",0.417632809710286
"csorg","TCD",0.121292512977477
"csorg","TGO",0.0215149983652471
"csorg","THA",0.31361680603828
"csorg","TJK",0.000266888781093114
"csorg","TKM",0.000266888781093114
"csorg","TUN",0.132055655766371
"csorg","TUR",0.241258752973965
"csorg","TZA",0.140188787101419
"csorg","UGA",0.0680734739548848
"csorg","UKP",0.0475220679390339
"csorg","UKR",0.0850025858470536
"csorg","URY",0.00289415561888411
"csorg","USA",0.000397907178148464
"csorg","UZB",0.000266888781093114
"csorg","VEN",0.115209043217533
"csorg","VNM",0.029134616506193
"csorg","VUT",0.00279400661330721
"csorg","YEM",0.417632809710286
"csorg","ZAF",0.0233136691177125
"csorg","ZMB",0.048640318094641
"csorg","ZWE",0.177745152786447
"cwhea","AFG",0.000785883228023717
"cwhea","AGO",0.0364492260461629
"cwhea","ALB",0.0498419434427236
"cwhea","ARG",0.0100680703653377
"cwhea","AUT",0.00239066929764877
"cwhea","AZE",0.00308016575311444
"cwhea","BDI",0.173767073390126
"cwhea","BEN",0.0948225067000374
"cwhea","BFA",0.0948225067000374
"cwhea","BGD",0.074915196711982
"cwhea","BGR",0.154606673547063
"cwhea","BLR",0.0370360685544449
"cwhea","BLT",0.00484435257824133
"cwhea","BLX",0.0322105682250912
"cwhea","BOL",0.0653392793836209
"cwhea","BRA",2.49909896449443E-6
"cwhea","BTN",0.000785883228023717
"cwhea","CAF",0.0980876309478604
"cwhea","CAN",0.00391496583429594
"cwhea","CHL",0.0435450360827503
"cwhea","CHM",3.9560031703705E-6
"cwhea","CHP",1.08079269018018
"cwhea","CIV",0.0948225067000374
"cwhea","CMR",0.0980876309478604
"cwhea","COD",0.0364492260461629
"cwhea","COG",0.0364492260461629
"cwhea","COL",0.123411587085083
"cwhea","CRB",0.00268481870763276
"cwhea","CUB",0.00268481870763276
"cwhea","CYP",0.160299249514913
"cwhea","CZE",0.000808791436295907
"cwhea","DEU",0.00810402175438023
"cwhea","DJI",0.173767073390126
"cwhea","DNK",0.000408760895162879
"cwhea","DOM",0.00268481870763276
"cwhea","DZA",0.0340106509150846
"cwhea","ECU",0.0777107840618125
"cwhea","EGY",0.0197822383051961
"cwhea","ERI",0.173767073390126
"cwhea","ETH",0.0494293528809157
"cwhea","FJI",0.00542939602781052
"cwhea","FNP",0.0264780119357998
"cwhea","FRP",0.0043295944727252
"cwhea","GAB",0.0980876309478604
"cwhea","GEO",0.0205672890679355
"cwhea","GHA",0.0948225067000374
"cwhea","GIN",0.0948225067000374
"cwhea","GMB",0.0948225067000374
"cwhea","GNB",0.0948225067000374
"cwhea","GNQ",0.0980876309478604
"cwhea","GRC",0.132355029790839
"cwhea","HRV",0.119210679960393
"cwhea","HTI",0.00268481870763276
"cwhea","HUN",0.185269655157472
"cwhea","IDN",0.0164433425034036
"cwhea","IND",0.00279344493586678
"cwhea","IRL",0.0271339874359698
"cwhea","IRN",0.0461622973932538
"cwhea","IRQ",0.0361206629316351
"cwhea","ISL",0.244715378037257
"cwhea","ISR",0.0361206629316351
"cwhea","ITP",0.074618546835383
"cwhea","JAM",0.00268481870763276
"cwhea","JOR",0.0361206629316351
"cwhea","JPN",0.869465313258708
"cwhea","KAZ",0.00342819716314484
"cwhea","KEN",0.173767073390126
"cwhea","KGZ",5.6086671451778E-6
"cwhea","KHM",0.149055110790817
"cwhea","KOR",0.0221862763604452
"cwhea","LBN",0.0361206629316351
"cwhea","LBR",0.0948225067000374
"cwhea","LBY",0.0340106509150846
"cwhea","LSO",0.00886219735622506
"cwhea","MEX",5.30761982774264E-6
"cwhea","MLI",0.173767073390126
"cwhea","MNG",0.162345365187807
"cwhea","MOR",0.572578056791185
"cwhea","MOZ",0.0249145507986844
"cwhea","MRT",0.0948225067000374
"cwhea","NAM",0.00886219735622506
"cwhea","NER",0.0948225067000374
"cwhea","NGA",0.0496266817277852
"cwhea","NLD",0.00414430405112344
"cwhea","NOR",1.85454258526024
"cwhea","NPL",0.000785883228023717
"cwhea","OPO",0.00542939602781052
"cwhea","PAK",0.24874431270444
"cwhea","PER",0.121810351992809
"cwhea","PHL",0.0496451076525395
"cwhea","PNG",0.00542939602781052
"cwhea","POL",0.00299005208061857
"cwhea","PRK",0.162345365187807
"cwhea","PRT",0.0237054981020574
"cwhea","PSE",0.0361206629316351
"cwhea","RAP",0.0361206629316351
"cwhea","ROU",0.230896771500683
"cwhea","RUS",0.00199257121242752
"cwhea","RWA",0.173767073390126
"cwhea","SAU",0.0361206629316351
"cwhea","SDN",0.173767073390126
"cwhea","SEN",0.0496109421395469
"cwhea","SLB",0.00542939602781052
"cwhea","SLE",0.0948225067000374
"cwhea","SOM",0.173767073390126
"cwhea","SPP",0.100828805613412
"cwhea","SSD",0.173767073390126
"cwhea","SVN",0.0247335689642109
"cwhea","SWE",0.00526122580199123
"cwhea","SWZ",0.00886219735622506
"cwhea","SYR",0.0361206629316351
"cwhea","TCD",0.0980876309478604
"cwhea","TGO",0.0948225067000374
"cwhea","THA",0.267534745594867
"cwhea","TJK",0.0410349666679684
"cwhea","TKM",0.0410349666679684
"cwhea","TUN",0.578962764496901
"cwhea","TUR",0.133340824957288
"cwhea","TZA",0.0499515038856469
"cwhea","UKP",0.0965651209969133
"cwhea","UKR",0.201951773133952
"cwhea","USA",0.00207335611864964
"cwhea","UZB",0.0410349666679684
"cwhea","VEN",0.109612876311984
"cwhea","VNM",0.0264269296523507
"cwhea","VUT",0.00542939602781052
"cwhea","YEM",0.0361206629316351
"cwhea","ZAF",0.0188120107796905
"cwhea","ZMB",0.0495795907476208
"cwhea","ZWE",0.0499452504556147
"cocer","AFG",0.085363591658037
"cocer","AGO",0.0214141779070594
"cocer","ALB",0.0493741480445961
"cocer","ARG",0.00657179866736586
"cocer","AUT",0.00718657885124755
"cocer","AZE",0.000688817132421873
"cocer","BDI",0.263277795197814
"cocer","BEN",0.0215149983652471
"cocer","BFA",0.0215149983652471
"cocer","BGD",0.00223112851362996
"cocer","BGR",0.0967963908515419
"cocer","BLR",0.0100792610288923
"cocer","BLT",0.0727645905957255
"cocer","BLX",0.0235183268520641
"cocer","BLZ",0.133562791148282
"cocer","BOL",0.02343039386896
"cocer","BRA",0.0113599263766122
"cocer","BTN",0.085363591658037
"cocer","BWA",4.37641139233262E-7
"cocer","CAF",0.121292512977477
"cocer","CAN",2.86479308065086E-6
"cocer","CHL",0.0130538554538754
"cocer","CHM",0.0151648592452415
"cocer","CHP",0.685800567129752
"cocer","CIV",0.0215149983652471
"cocer","CMR",0.121292512977477
"cocer","COD",0.0214141779070594
"cocer","COG",0.0214141779070594
"cocer","COL",0.140901902064245
"cocer","CRB",0.0325176960398443
"cocer","CRI",0.0986766691255173
"cocer","CUB",0.0325176960398443
"cocer","CYP",0.549834061850673
"cocer","CZE",0.00548919968722441
"cocer","DEU",0.029818604856769
"cocer","DJI",0.263277795197814
"cocer","DNK",0.00943892902187756
"cocer","DOM",0.0325176960398443
"cocer","DZA",0.0391423607417231
"cocer","ECU",0.136277806304878
"cocer","EGY",0.0201071307141204
"cocer","ERI",0.263277795197814
"cocer","ETH",0.0495343958883837
"cocer","FJI",0.00279400661330721
"cocer","FNP",0.00304776469691864
"cocer","FRP",0.0216856570742521
"cocer","GAB",0.121292512977477
"cocer","GEO",0.0123310959234081
"cocer","GHA",0.0215149983652471
"cocer","GIN",0.0215149983652471
"cocer","GMB",0.0215149983652471
"cocer","GNB",0.0215149983652471
"cocer","GNQ",0.121292512977477
"cocer","GRC",0.108434280367958
"cocer","GSA",0.0440580609362763
"cocer","GTM",0.218082065302627
"cocer","HND",0.133562791148282
"cocer","HRV",0.106265114267649
"cocer","HTI",0.0325176960398443
"cocer","HUN",0.223150817737395
"cocer","IDN",0.00159726861766102
"cocer","IND",0.212304958850104
"cocer","IRL",0.0259419223551735
"cocer","IRN",0.0441484444146967
"cocer","IRQ",0.417632809710286
"cocer","ISL",0.248165448807484
"cocer","ISR",0.417632809710286
"cocer","ITP",0.0865713962702542
"cocer","JAM",0.0325176960398443
"cocer","JOR",0.417632809710286
"cocer","JPN",0.379065365613296
"cocer","KAZ",0.0261992993965811
"cocer","KEN",0.263277795197814
"cocer","KHM",0.0982378097472349
"cocer","KOR",0.0519189803942852
"cocer","LAO",0.0488971609743748
"cocer","LBN",0.417632809710286
"cocer","LBR",0.0215149983652471
"cocer","LBY",0.0391423607417231
"cocer","LKA",0.0572603152304034
"cocer","LSO",0.00116470617362646
"cocer","MDA",2.18969063192621E-6
"cocer","MDG",0.00905610549237941
"cocer","MEX",0.0849632908298445
"cocer","MLI",0.263277795197814
"cocer","MNG",0.0752712420610365
"cocer","MOR",0.91158416620693
"cocer","MOZ",0.0302839688054543
"cocer","MRT",0.0215149983652471
"cocer","MWI",0.00048908570942385
"cocer","NAM",0.00116470617362646
"cocer","NER",0.0215149983652471
"cocer","NGA",0.164631303927346
"cocer","NIC",0.124219249628315
"cocer","NLD",0.0219535351529737
"cocer","NOR",1.35245660771986
"cocer","NPL",0.085363591658037
"cocer","OPO",0.00279400661330721
"cocer","PAK",0.0557220736099655
"cocer","PER",0.105476935851152
"cocer","PHL",0.11162581509969
"cocer","PNG",0.00279400661330721
"cocer","POL",0.106306098800077
"cocer","PRK",0.0752712420610365
"cocer","PRT",0.0996305434145562
"cocer","PRY",5.33444115518884E-5
"cocer","PSE",0.417632809710286
"cocer","RAP",0.417632809710286
"cocer","ROU",0.199103800794232
"cocer","RUS",0.0231914376053483
"cocer","RWA",0.263277795197814
"cocer","SAU",0.417632809710286
"cocer","SDN",0.263277795197814
"cocer","SEN",0.0456212072806889
"cocer","SLB",0.00279400661330721
"cocer","SLE",0.0215149983652471
"cocer","SLV",0.133562791148282
"cocer","SOM",0.263277795197814
"cocer","SPP",0.0952712381302992
"cocer","SSD",0.263277795197814
"cocer","SVK",0.00556995828329723
"cocer","SVN",0.0544184233528155
"cocer","SWE",0.0339865023373172
"cocer","SWZ",0.00116470617362646
"cocer","SYR",0.417632809710286
"cocer","TCD",0.121292512977477
"cocer","TGO",0.0215149983652471
"cocer","THA",0.31361680603828
"cocer","TJK",0.000266888781093114
"cocer","TKM",0.000266888781093114
"cocer","TUN",0.132055655766371
"cocer","TUR",0.241258752973965
"cocer","TZA",0.140188787101419
"cocer","UGA",0.0680734739548848
"cocer","UKP",0.0475220679390339
"cocer","UKR",0.0850025858470536
"cocer","URY",0.00289415561888411
"cocer","USA",0.000397907178148464
"cocer","UZB",0.000266888781093114
"cocer","VEN",0.115209043217533
"cocer","VNM",0.029134616506193
"cocer","VUT",0.00279400661330721
"cocer","YEM",0.417632809710286
"cocer","ZAF",0.0233136691177125
"cocer","ZMB",0.048640318094641
"cocer","ZWE",0.177745152786447
"ccass","AFG",0.113232373766485
"ccass","AGO",0.056848462450683
"ccass","ALB",0.106042338270991
"ccass","ARG",0.0357229352595416
"ccass","ARM",0.0841480492769577
"ccass","AUS",0.0102974667191142
"ccass","AUT",0.0870709013765605
"ccass","AZE",0.126280904899755
"ccass","BDI",0.176078744983075
"ccass","BEN",0.176159885662077
"ccass","BFA",0.176159885662077
"ccass","BGD",0.163603723429316
"ccass","BGR",0.265600270072843
"ccass","BLR",0.075779150312423
"ccass","BLT",0.0423186426940494
"ccass","BLX",0.144657525049757
"ccass","BLZ",0.0723753098853557
"ccass","BOL",0.0404329741167693
"ccass","BRA",0.038330523505516
"ccass","BTN",0.113232373766485
"ccass","BWA",0.000607406917045534
"ccass","CAF",0.264825449107597
"ccass","CAN",0.00183761579817802
"ccass","CHL",0.0109834844631262
"ccass","CHM",0.138757889100073
"ccass","CHP",0.145554421605727
"ccass","CIV",0.176159885662077
"ccass","CMR",0.264825449107597
"ccass","COD",0.056848462450683
"ccass","COG",0.056848462450683
"ccass","COL",0.0660155146676541
"ccass","CRB",0.161384465536059
"ccass","CRI",0.0881579756456127
"ccass","CUB",0.161384465536059
"ccass","CYP",0.0260215074206343
"ccass","CZE",0.0485505784027363
"ccass","DEU",0.0824214396501838
"ccass","DJI",0.176078744983075
"ccass","DNK",0.023372988652398
"ccass","DOM",0.161384465536059
"ccass","DZA",0.159136892693696
"ccass","ECU",0.0455390038643894
"ccass","EGY",0.0612737197740205
"ccass","ERI",0.176078744983075
"ccass","ETH",0.197871177470402
"ccass","FJI",0.297854104932266
"ccass","FNP",0.131847479000666
"ccass","FRP",0.0248155481056885
"ccass","GAB",0.264825449107597
"ccass","GEO",0.102081824387551
"ccass","GHA",0.176159885662077
"ccass","GIN",0.176159885662077
"ccass","GMB",0.176159885662077
"ccass","GNB",0.176159885662077
"ccass","GNQ",0.264825449107597
"ccass","GRC",0.0730962951284729
"ccass","GRL",0.0324109103470819
"ccass","GSA",0.133469242244915
"ccass","GTM",0.141483471147284
"ccass","HND",0.0723753098853557
"ccass","HRV",0.0688464863630814
"ccass","HTI",0.161384465536059
"ccass","HUN",0.0553792644164134
"ccass","IDN",0.0483720616038567
"ccass","IND",0.358590527358977
"ccass","IRL",0.0768965583856833
"ccass","IRN",0.634406472753469
"ccass","IRQ",0.0529761140265733
"ccass","ISL",0.65731520839075
"ccass","ISR",0.0529761140265733
"ccass","ITP",0.132343011132849
"ccass","JAM",0.161384465536059
"ccass","JOR",0.0529761140265733
"ccass","JPN",0.0666387109684766
"ccass","KAZ",0.0502093913931672
"ccass","KEN",0.176078744983075
"ccass","KGZ",0.0615692197564811
"ccass","KHM",0.0694966821979875
"ccass","KOR",0.826411010119921
"ccass","LAO",0.288729890724306
"ccass","LBN",0.0529761140265733
"ccass","LBR",0.176159885662077
"ccass","LBY",0.159136892693696
"ccass","LKA",0.223988934097592
"ccass","LSO",0.00391971994823352
"ccass","MDA",0.105127039422176
"ccass","MDG",0.0868206558569168
"ccass","MEX",0.0152804510138771
"ccass","MLI",0.176078744983075
"ccass","MNG",0.156455743749232
"ccass","MOR",0.386655510115211
"ccass","MOZ",0.22790135248395
"ccass","MRT",0.176159885662077
"ccass","MWI",0.170038947402234
"ccass","MYS",0.0453108236436831
"ccass","NAM",0.00391971994823352
"ccass","NER",0.176159885662077
"ccass","NGA",0.755712964178831
"ccass","NIC",0.0511647791751618
"ccass","NLD",0.0335858025497143
"ccass","NOR",0.248117298198343
"ccass","NPL",0.113232373766485
"ccass","NZL",2.43885969365243E-5
"ccass","OPO",0.297854104932266
"ccass","OSA",0.0546888084441876
"ccass","PAK",0.123789200454678
"ccass","PAN",0.142962869474736
"ccass","PER",0.0928981883705076
"ccass","PHL",0.155047464125929
"ccass","PNG",0.297854104932266
"ccass","POL",0.0992798366828175
"ccass","PRK",0.156455743749232
"ccass","PRT",0.100971944632882
"ccass","PRY",0.00882168222101037
"ccass","PSE",0.0529761140265733
"ccass","RAP",0.0529761140265733
"ccass","ROU",0.212197794474584
"ccass","RUS",0.0679300092708308
"ccass","RWA",0.176078744983075
"ccass","SAU",0.0529761140265733
"ccass","SDN",0.176078744983075
"ccass","SEN",0.158814401807261
"ccass","SLB",0.297854104932266
"ccass","SLE",0.176159885662077
"ccass","SLV",0.0723753098853557
"ccass","SOM",0.176078744983075
"ccass","SPP",0.0284764257036294
"ccass","SSD",0.176078744983075
"ccass","SVK",0.125221424294462
"ccass","SVN",0.0997762478990814
"ccass","SWE",0.0765067813389072
"ccass","SWZ",0.00391971994823352
"ccass","SYR",0.0529761140265733
"ccass","TCD",0.264825449107597
"ccass","TGO",0.176159885662077
"ccass","THA",0.336169901045886
"ccass","TJK",0.297573193611502
"ccass","TKM",0.297573193611502
"ccass","TLS",0.0546888084441876
"ccass","TUN",0.845646133931391
"ccass","TUR",0.404428662744706
"ccass","TZA",0.174060314089445
"ccass","UGA",0.139529477655299
"ccass","UKP",0.0380922768133264
"ccass","UKR",0.228800255929479
"ccass","URY",0.0296918559866719
"ccass","USA",0.00427960259423972
"ccass","UZB",0.297573193611502
"ccass","VEN",0.0893934008249199
"ccass","VNM",0.267166145193926
"ccass","VUT",0.297854104932266
"ccass","YEM",0.0529761140265733
"ccass","ZAF",0.0443974399263336
"ccass","ZMB",0.0636866532786529
"ccass","ZWE",0.118350055493321
"cpota","AFG",0.113232373766485
"cpota","AGO",0.056848462450683
"cpota","ALB",0.106042338270991
"cpota","ARG",0.0357229352595416
"cpota","ARM",0.0841480492769577
"cpota","AUS",0.0102974667191142
"cpota","AUT",0.0870709013765605
"cpota","AZE",0.126280904899755
"cpota","BDI",0.176078744983075
"cpota","BEN",0.176159885662077
"cpota","BFA",0.176159885662077
"cpota","BGD",0.163603723429316
"cpota","BGR",0.265600270072843
"cpota","BLR",0.075779150312423
"cpota","BLT",0.0423186426940494
"cpota","BLX",0.144657525049757
"cpota","BLZ",0.0723753098853557
"cpota","BOL",0.0404329741167693
"cpota","BRA",0.038330523505516
"cpota","BTN",0.113232373766485
"cpota","BWA",0.000607406917045534
"cpota","CAF",0.264825449107597
"cpota","CAN",0.00183761579817802
"cpota","CHL",0.0109834844631262
"cpota","CHM",0.138757889100073
"cpota","CHP",0.145554421605727
"cpota","CIV",0.176159885662077
"cpota","CMR",0.264825449107597
"cpota","COD",0.056848462450683
"cpota","COG",0.056848462450683
"cpota","COL",0.0660155146676541
"cpota","CRB",0.161384465536059
"cpota","CRI",0.0881579756456127
"cpota","CUB",0.161384465536059
"cpota","CYP",0.0260215074206343
"cpota","CZE",0.0485505784027363
"cpota","DEU",0.0824214396501838
"cpota","DJI",0.176078744983075
"cpota","DNK",0.023372988652398
"cpota","DOM",0.161384465536059
"cpota","DZA",0.159136892693696
"cpota","ECU",0.0455390038643894
"cpota","EGY",0.0612737197740205
"cpota","ERI",0.176078744983075
"cpota","ETH",0.197871177470402
"cpota","FJI",0.297854104932266
"cpota","FNP",0.131847479000666
"cpota","FRP",0.0248155481056885
"cpota","GAB",0.264825449107597
"cpota","GEO",0.102081824387551
"cpota","GHA",0.176159885662077
"cpota","GIN",0.176159885662077
"cpota","GMB",0.176159885662077
"cpota","GNB",0.176159885662077
"cpota","GNQ",0.264825449107597
"cpota","GRC",0.0730962951284729
"cpota","GRL",0.0324109103470819
"cpota","GSA",0.133469242244915
"cpota","GTM",0.141483471147284
"cpota","HND",0.0723753098853557
"cpota","HRV",0.0688464863630814
"cpota","HTI",0.161384465536059
"cpota","HUN",0.0553792644164134
"cpota","IDN",0.0483720616038567
"cpota","IND",0.358590527358977
"cpota","IRL",0.0768965583856833
"cpota","IRN",0.634406472753469
"cpota","IRQ",0.0529761140265733
"cpota","ISL",0.65731520839075
"cpota","ISR",0.0529761140265733
"cpota","ITP",0.132343011132849
"cpota","JAM",0.161384465536059
"cpota","JOR",0.0529761140265733
"cpota","JPN",0.0666387109684766
"cpota","KAZ",0.0502093913931672
"cpota","KEN",0.176078744983075
"cpota","KGZ",0.0615692197564811
"cpota","KHM",0.0694966821979875
"cpota","KOR",0.826411010119921
"cpota","LAO",0.288729890724306
"cpota","LBN",0.0529761140265733
"cpota","LBR",0.176159885662077
"cpota","LBY",0.159136892693696
"cpota","LKA",0.223988934097592
"cpota","LSO",0.00391971994823352
"cpota","MDA",0.105127039422176
"cpota","MDG",0.0868206558569168
"cpota","MEX",0.0152804510138771
"cpota","MLI",0.176078744983075
"cpota","MNG",0.156455743749232
"cpota","MOR",0.386655510115211
"cpota","MOZ",0.22790135248395
"cpota","MRT",0.176159885662077
"cpota","MWI",0.170038947402234
"cpota","MYS",0.0453108236436831
"cpota","NAM",0.00391971994823352
"cpota","NER",0.176159885662077
"cpota","NGA",0.755712964178831
"cpota","NIC",0.0511647791751618
"cpota","NLD",0.0335858025497143
"cpota","NOR",0.248117298198343
"cpota","NPL",0.113232373766485
"cpota","NZL",2.43885969365243E-5
"cpota","OPO",0.297854104932266
"cpota","OSA",0.0546888084441876
"cpota","PAK",0.123789200454678
"cpota","PAN",0.142962869474736
"cpota","PER",0.0928981883705076
"cpota","PHL",0.155047464125929
"cpota","PNG",0.297854104932266
"cpota","POL",0.0992798366828175
"cpota","PRK",0.156455743749232
"cpota","PRT",0.100971944632882
"cpota","PRY",0.00882168222101037
"cpota","PSE",0.0529761140265733
"cpota","RAP",0.0529761140265733
"cpota","ROU",0.212197794474584
"cpota","RUS",0.0679300092708308
"cpota","RWA",0.176078744983075
"cpota","SAU",0.0529761140265733
"cpota","SDN",0.176078744983075
"cpota","SEN",0.158814401807261
"cpota","SLB",0.297854104932266
"cpota","SLE",0.176159885662077
"cpota","SLV",0.0723753098853557
"cpota","SOM",0.176078744983075
"cpota","SPP",0.0284764257036294
"cpota","SSD",0.176078744983075
"cpota","SVK",0.125221424294462
"cpota","SVN",0.0997762478990814
"cpota","SWE",0.0765067813389072
"cpota","SWZ",0.00391971994823352
"cpota","SYR",0.0529761140265733
"cpota","TCD",0.264825449107597
"cpota","TGO",0.176159885662077
"cpota","THA",0.336169901045886
"cpota","TJK",0.297573193611502
"cpota","TKM",0.297573193611502
"cpota","TLS",0.0546888084441876
"cpota","TUN",0.845646133931391
"cpota","TUR",0.404428662744706
"cpota","TZA",0.174060314089445
"cpota","UGA",0.139529477655299
"cpota","UKP",0.0380922768133264
"cpota","UKR",0.228800255929479
"cpota","URY",0.0296918559866719
"cpota","USA",0.00427960259423972
"cpota","UZB",0.297573193611502
"cpota","VEN",0.0893934008249199
"cpota","VNM",0.267166145193926
"cpota","VUT",0.297854104932266
"cpota","YEM",0.0529761140265733
"cpota","ZAF",0.0443974399263336
"cpota","ZMB",0.0636866532786529
"cpota","ZWE",0.118350055493321
"cswpt","AFG",0.113232373766485
"cswpt","AGO",0.056848462450683
"cswpt","ALB",0.106042338270991
"cswpt","ARG",0.0357229352595416
"cswpt","ARM",0.0841480492769577
"cswpt","AUS",0.0102974667191142
"cswpt","AUT",0.0870709013765605
"cswpt","AZE",0.126280904899755
"cswpt","BDI",0.176078744983075
"cswpt","BEN",0.176159885662077
"cswpt","BFA",0.176159885662077
"cswpt","BGD",0.163603723429316
"cswpt","BGR",0.265600270072843
"cswpt","BLR",0.075779150312423
"cswpt","BLT",0.0423186426940494
"cswpt","BLX",0.144657525049757
"cswpt","BLZ",0.0723753098853557
"cswpt","BOL",0.0404329741167693
"cswpt","BRA",0.038330523505516
"cswpt","BTN",0.113232373766485
"cswpt","BWA",0.000607406917045534
"cswpt","CAF",0.264825449107597
"cswpt","CAN",0.00183761579817802
"cswpt","CHL",0.0109834844631262
"cswpt","CHM",0.138757889100073
"cswpt","CHP",0.145554421605727
"cswpt","CIV",0.176159885662077
"cswpt","CMR",0.264825449107597
"cswpt","COD",0.056848462450683
"cswpt","COG",0.056848462450683
"cswpt","COL",0.0660155146676541
"cswpt","CRB",0.161384465536059
"cswpt","CRI",0.0881579756456127
"cswpt","CUB",0.161384465536059
"cswpt","CYP",0.0260215074206343
"cswpt","CZE",0.0485505784027363
"cswpt","DEU",0.0824214396501838
"cswpt","DJI",0.176078744983075
"cswpt","DNK",0.023372988652398
"cswpt","DOM",0.161384465536059
"cswpt","DZA",0.159136892693696
"cswpt","ECU",0.0455390038643894
"cswpt","EGY",0.0612737197740205
"cswpt","ERI",0.176078744983075
"cswpt","ETH",0.197871177470402
"cswpt","FJI",0.297854104932266
"cswpt","FNP",0.131847479000666
"cswpt","FRP",0.0248155481056885
"cswpt","GAB",0.264825449107597
"cswpt","GEO",0.102081824387551
"cswpt","GHA",0.176159885662077
"cswpt","GIN",0.176159885662077
"cswpt","GMB",0.176159885662077
"cswpt","GNB",0.176159885662077
"cswpt","GNQ",0.264825449107597
"cswpt","GRC",0.0730962951284729
"cswpt","GRL",0.0324109103470819
"cswpt","GSA",0.133469242244915
"cswpt","GTM",0.141483471147284
"cswpt","HND",0.0723753098853557
"cswpt","HRV",0.0688464863630814
"cswpt","HTI",0.161384465536059
"cswpt","HUN",0.0553792644164134
"cswpt","IDN",0.0483720616038567
"cswpt","IND",0.358590527358977
"cswpt","IRL",0.0768965583856833
"cswpt","IRN",0.634406472753469
"cswpt","IRQ",0.0529761140265733
"cswpt","ISL",0.65731520839075
"cswpt","ISR",0.0529761140265733
"cswpt","ITP",0.132343011132849
"cswpt","JAM",0.161384465536059
"cswpt","JOR",0.0529761140265733
"cswpt","JPN",0.0666387109684766
"cswpt","KAZ",0.0502093913931672
"cswpt","KEN",0.176078744983075
"cswpt","KGZ",0.0615692197564811
"cswpt","KHM",0.0694966821979875
"cswpt","KOR",0.826411010119921
"cswpt","LAO",0.288729890724306
"cswpt","LBN",0.0529761140265733
"cswpt","LBR",0.176159885662077
"cswpt","LBY",0.159136892693696
"cswpt","LKA",0.223988934097592
"cswpt","LSO",0.00391971994823352
"cswpt","MDA",0.105127039422176
"cswpt","MDG",0.0868206558569168
"cswpt","MEX",0.0152804510138771
"cswpt","MLI",0.176078744983075
"cswpt","MNG",0.156455743749232
"cswpt","MOR",0.386655510115211
"cswpt","MOZ",0.22790135248395
"cswpt","MRT",0.176159885662077
"cswpt","MWI",0.170038947402234
"cswpt","MYS",0.0453108236436831
"cswpt","NAM",0.00391971994823352
"cswpt","NER",0.176159885662077
"cswpt","NGA",0.755712964178831
"cswpt","NIC",0.0511647791751618
"cswpt","NLD",0.0335858025497143
"cswpt","NOR",0.248117298198343
"cswpt","NPL",0.113232373766485
"cswpt","NZL",2.43885969365243E-5
"cswpt","OPO",0.297854104932266
"cswpt","OSA",0.0546888084441876
"cswpt","PAK",0.123789200454678
"cswpt","PAN",0.142962869474736
"cswpt","PER",0.0928981883705076
"cswpt","PHL",0.155047464125929
"cswpt","PNG",0.297854104932266
"cswpt","POL",0.0992798366828175
"cswpt","PRK",0.156455743749232
"cswpt","PRT",0.100971944632882
"cswpt","PRY",0.00882168222101037
"cswpt","PSE",0.0529761140265733
"cswpt","RAP",0.0529761140265733
"cswpt","ROU",0.212197794474584
"cswpt","RUS",0.0679300092708308
"cswpt","RWA",0.176078744983075
"cswpt","SAU",0.0529761140265733
"cswpt","SDN",0.176078744983075
"cswpt","SEN",0.158814401807261
"cswpt","SLB",0.297854104932266
"cswpt","SLE",0.176159885662077
"cswpt","SLV",0.0723753098853557
"cswpt","SOM",0.176078744983075
"cswpt","SPP",0.0284764257036294
"cswpt","SSD",0.176078744983075
"cswpt","SVK",0.125221424294462
"cswpt","SVN",0.0997762478990814
"cswpt","SWE",0.0765067813389072
"cswpt","SWZ",0.00391971994823352
"cswpt","SYR",0.0529761140265733
"cswpt","TCD",0.264825449107597
"cswpt","TGO",0.176159885662077
"cswpt","THA",0.336169901045886
"cswpt","TJK",0.297573193611502
"cswpt","TKM",0.297573193611502
"cswpt","TLS",0.0546888084441876
"cswpt","TUN",0.845646133931391
"cswpt","TUR",0.404428662744706
"cswpt","TZA",0.174060314089445
"cswpt","UGA",0.139529477655299
"cswpt","UKP",0.0380922768133264
"cswpt","UKR",0.228800255929479
"cswpt","URY",0.0296918559866719
"cswpt","USA",0.00427960259423972
"cswpt","UZB",0.297573193611502
"cswpt","VEN",0.0893934008249199
"cswpt","VNM",0.267166145193926
"cswpt","VUT",0.297854104932266
"cswpt","YEM",0.0529761140265733
"cswpt","ZAF",0.0443974399263336
"cswpt","ZMB",0.0636866532786529
"cswpt","ZWE",0.118350055493321
"cyams","AFG",0.113232373766485
"cyams","AGO",0.056848462450683
"cyams","ALB",0.106042338270991
"cyams","ARG",0.0357229352595416
"cyams","ARM",0.0841480492769577
"cyams","AUS",0.0102974667191142
"cyams","AUT",0.0870709013765605
"cyams","AZE",0.126280904899755
"cyams","BDI",0.176078744983075
"cyams","BEN",0.176159885662077
"cyams","BFA",0.176159885662077
"cyams","BGD",0.163603723429316
"cyams","BGR",0.265600270072843
"cyams","BLR",0.075779150312423
"cyams","BLT",0.0423186426940494
"cyams","BLX",0.144657525049757
"cyams","BLZ",0.0723753098853557
"cyams","BOL",0.0404329741167693
"cyams","BRA",0.038330523505516
"cyams","BTN",0.113232373766485
"cyams","BWA",0.000607406917045534
"cyams","CAF",0.264825449107597
"cyams","CAN",0.00183761579817802
"cyams","CHL",0.0109834844631262
"cyams","CHM",0.138757889100073
"cyams","CHP",0.145554421605727
"cyams","CIV",0.176159885662077
"cyams","CMR",0.264825449107597
"cyams","COD",0.056848462450683
"cyams","COG",0.056848462450683
"cyams","COL",0.0660155146676541
"cyams","CRB",0.161384465536059
"cyams","CRI",0.0881579756456127
"cyams","CUB",0.161384465536059
"cyams","CYP",0.0260215074206343
"cyams","CZE",0.0485505784027363
"cyams","DEU",0.0824214396501838
"cyams","DJI",0.176078744983075
"cyams","DNK",0.023372988652398
"cyams","DOM",0.161384465536059
"cyams","DZA",0.159136892693696
"cyams","ECU",0.0455390038643894
"cyams","EGY",0.0612737197740205
"cyams","ERI",0.176078744983075
"cyams","ETH",0.197871177470402
"cyams","FJI",0.297854104932266
"cyams","FNP",0.131847479000666
"cyams","FRP",0.0248155481056885
"cyams","GAB",0.264825449107597
"cyams","GEO",0.102081824387551
"cyams","GHA",0.176159885662077
"cyams","GIN",0.176159885662077
"cyams","GMB",0.176159885662077
"cyams","GNB",0.176159885662077
"cyams","GNQ",0.264825449107597
"cyams","GRC",0.0730962951284729
"cyams","GRL",0.0324109103470819
"cyams","GSA",0.133469242244915
"cyams","GTM",0.141483471147284
"cyams","HND",0.0723753098853557
"cyams","HRV",0.0688464863630814
"cyams","HTI",0.161384465536059
"cyams","HUN",0.0553792644164134
"cyams","IDN",0.0483720616038567
"cyams","IND",0.358590527358977
"cyams","IRL",0.0768965583856833
"cyams","IRN",0.634406472753469
"cyams","IRQ",0.0529761140265733
"cyams","ISL",0.65731520839075
"cyams","ISR",0.0529761140265733
"cyams","ITP",0.132343011132849
"cyams","JAM",0.161384465536059
"cyams","JOR",0.0529761140265733
"cyams","JPN",0.0666387109684766
"cyams","KAZ",0.0502093913931672
"cyams","KEN",0.176078744983075
"cyams","KGZ",0.0615692197564811
"cyams","KHM",0.0694966821979875
"cyams","KOR",0.826411010119921
"cyams","LAO",0.288729890724306
"cyams","LBN",0.0529761140265733
"cyams","LBR",0.176159885662077
"cyams","LBY",0.159136892693696
"cyams","LKA",0.223988934097592
"cyams","LSO",0.00391971994823352
"cyams","MDA",0.105127039422176
"cyams","MDG",0.0868206558569168
"cyams","MEX",0.0152804510138771
"cyams","MLI",0.176078744983075
"cyams","MNG",0.156455743749232
"cyams","MOR",0.386655510115211
"cyams","MOZ",0.22790135248395
"cyams","MRT",0.176159885662077
"cyams","MWI",0.170038947402234
"cyams","MYS",0.0453108236436831
"cyams","NAM",0.00391971994823352
"cyams","NER",0.176159885662077
"cyams","NGA",0.755712964178831
"cyams","NIC",0.0511647791751618
"cyams","NLD",0.0335858025497143
"cyams","NOR",0.248117298198343
"cyams","NPL",0.113232373766485
"cyams","NZL",2.43885969365243E-5
"cyams","OPO",0.297854104932266
"cyams","OSA",0.0546888084441876
"cyams","PAK",0.123789200454678
"cyams","PAN",0.142962869474736
"cyams","PER",0.0928981883705076
"cyams","PHL",0.155047464125929
"cyams","PNG",0.297854104932266
"cyams","POL",0.0992798366828175
"cyams","PRK",0.156455743749232
"cyams","PRT",0.100971944632882
"cyams","PRY",0.00882168222101037
"cyams","PSE",0.0529761140265733
"cyams","RAP",0.0529761140265733
"cyams","ROU",0.212197794474584
"cyams","RUS",0.0679300092708308
"cyams","RWA",0.176078744983075
"cyams","SAU",0.0529761140265733
"cyams","SDN",0.176078744983075
"cyams","SEN",0.158814401807261
"cyams","SLB",0.297854104932266
"cyams","SLE",0.176159885662077
"cyams","SLV",0.0723753098853557
"cyams","SOM",0.176078744983075
"cyams","SPP",0.0284764257036294
"cyams","SSD",0.176078744983075
"cyams","SVK",0.125221424294462
"cyams","SVN",0.0997762478990814
"cyams","SWE",0.0765067813389072
"cyams","SWZ",0.00391971994823352
"cyams","SYR",0.0529761140265733
"cyams","TCD",0.264825449107597
"cyams","TGO",0.176159885662077
"cyams","THA",0.336169901045886
"cyams","TJK",0.297573193611502
"cyams","TKM",0.297573193611502
"cyams","TLS",0.0546888084441876
"cyams","TUN",0.845646133931391
"cyams","TUR",0.404428662744706
"cyams","TZA",0.174060314089445
"cyams","UGA",0.139529477655299
"cyams","UKP",0.0380922768133264
"cyams","UKR",0.228800255929479
"cyams","URY",0.0296918559866719
"cyams","USA",0.00427960259423972
"cyams","UZB",0.297573193611502
"cyams","VEN",0.0893934008249199
"cyams","VNM",0.267166145193926
"cyams","VUT",0.297854104932266
"cyams","YEM",0.0529761140265733
"cyams","ZAF",0.0443974399263336
"cyams","ZMB",0.0636866532786529
"cyams","ZWE",0.118350055493321
"corat","AFG",0.113232373766485
"corat","AGO",0.056848462450683
"corat","ALB",0.106042338270991
"corat","ARG",0.0357229352595416
"corat","ARM",0.0841480492769577
"corat","AUS",0.0102974667191142
"corat","AUT",0.0870709013765605
"corat","AZE",0.126280904899755
"corat","BDI",0.176078744983075
"corat","BEN",0.176159885662077
"corat","BFA",0.176159885662077
"corat","BGD",0.163603723429316
"corat","BGR",0.265600270072843
"corat","BLR",0.075779150312423
"corat","BLT",0.0423186426940494
"corat","BLX",0.144657525049757
"corat","BLZ",0.0723753098853557
"corat","BOL",0.0404329741167693
"corat","BRA",0.038330523505516
"corat","BTN",0.113232373766485
"corat","BWA",0.000607406917045534
"corat","CAF",0.264825449107597
"corat","CAN",0.00183761579817802
"corat","CHL",0.0109834844631262
"corat","CHM",0.138757889100073
"corat","CHP",0.145554421605727
"corat","CIV",0.176159885662077
"corat","CMR",0.264825449107597
"corat","COD",0.056848462450683
"corat","COG",0.056848462450683
"corat","COL",0.0660155146676541
"corat","CRB",0.161384465536059
"corat","CRI",0.0881579756456127
"corat","CUB",0.161384465536059
"corat","CYP",0.0260215074206343
"corat","CZE",0.0485505784027363
"corat","DEU",0.0824214396501838
"corat","DJI",0.176078744983075
"corat","DNK",0.023372988652398
"corat","DOM",0.161384465536059
"corat","DZA",0.159136892693696
"corat","ECU",0.0455390038643894
"corat","EGY",0.0612737197740205
"corat","ERI",0.176078744983075
"corat","ETH",0.197871177470402
"corat","FJI",0.297854104932266
"corat","FNP",0.131847479000666
"corat","FRP",0.0248155481056885
"corat","GAB",0.264825449107597
"corat","GEO",0.102081824387551
"corat","GHA",0.176159885662077
"corat","GIN",0.176159885662077
"corat","GMB",0.176159885662077
"corat","GNB",0.176159885662077
"corat","GNQ",0.264825449107597
"corat","GRC",0.0730962951284729
"corat","GRL",0.0324109103470819
"corat","GSA",0.133469242244915
"corat","GTM",0.141483471147284
"corat","HND",0.0723753098853557
"corat","HRV",0.0688464863630814
"corat","HTI",0.161384465536059
"corat","HUN",0.0553792644164134
"corat","IDN",0.0483720616038567
"corat","IND",0.358590527358977
"corat","IRL",0.0768965583856833
"corat","IRN",0.634406472753469
"corat","IRQ",0.0529761140265733
"corat","ISL",0.65731520839075
"corat","ISR",0.0529761140265733
"corat","ITP",0.132343011132849
"corat","JAM",0.161384465536059
"corat","JOR",0.0529761140265733
"corat","JPN",0.0666387109684766
"corat","KAZ",0.0502093913931672
"corat","KEN",0.176078744983075
"corat","KGZ",0.0615692197564811
"corat","KHM",0.0694966821979875
"corat","KOR",0.826411010119921
"corat","LAO",0.288729890724306
"corat","LBN",0.0529761140265733
"corat","LBR",0.176159885662077
"corat","LBY",0.159136892693696
"corat","LKA",0.223988934097592
"corat","LSO",0.00391971994823352
"corat","MDA",0.105127039422176
"corat","MDG",0.0868206558569168
"corat","MEX",0.0152804510138771
"corat","MLI",0.176078744983075
"corat","MNG",0.156455743749232
"corat","MOR",0.386655510115211
"corat","MOZ",0.22790135248395
"corat","MRT",0.176159885662077
"corat","MWI",0.170038947402234
"corat","MYS",0.0453108236436831
"corat","NAM",0.00391971994823352
"corat","NER",0.176159885662077
"corat","NGA",0.755712964178831
"corat","NIC",0.0511647791751618
"corat","NLD",0.0335858025497143
"corat","NOR",0.248117298198343
"corat","NPL",0.113232373766485
"corat","NZL",2.43885969365243E-5
"corat","OPO",0.297854104932266
"corat","OSA",0.0546888084441876
"corat","PAK",0.123789200454678
"corat","PAN",0.142962869474736
"corat","PER",0.0928981883705076
"corat","PHL",0.155047464125929
"corat","PNG",0.297854104932266
"corat","POL",0.0992798366828175
"corat","PRK",0.156455743749232
"corat","PRT",0.100971944632882
"corat","PRY",0.00882168222101037
"corat","PSE",0.0529761140265733
"corat","RAP",0.0529761140265733
"corat","ROU",0.212197794474584
"corat","RUS",0.0679300092708308
"corat","RWA",0.176078744983075
"corat","SAU",0.0529761140265733
"corat","SDN",0.176078744983075
"corat","SEN",0.158814401807261
"corat","SLB",0.297854104932266
"corat","SLE",0.176159885662077
"corat","SLV",0.0723753098853557
"corat","SOM",0.176078744983075
"corat","SPP",0.0284764257036294
"corat","SSD",0.176078744983075
"corat","SVK",0.125221424294462
"corat","SVN",0.0997762478990814
"corat","SWE",0.0765067813389072
"corat","SWZ",0.00391971994823352
"corat","SYR",0.0529761140265733
"corat","TCD",0.264825449107597
"corat","TGO",0.176159885662077
"corat","THA",0.336169901045886
"corat","TJK",0.297573193611502
"corat","TKM",0.297573193611502
"corat","TLS",0.0546888084441876
"corat","TUN",0.845646133931391
"corat","TUR",0.404428662744706
"corat","TZA",0.174060314089445
"corat","UGA",0.139529477655299
"corat","UKP",0.0380922768133264
"corat","UKR",0.228800255929479
"corat","URY",0.0296918559866719
"corat","USA",0.00427960259423972
"corat","UZB",0.297573193611502
"corat","VEN",0.0893934008249199
"corat","VNM",0.267166145193926
"corat","VUT",0.297854104932266
"corat","YEM",0.0529761140265733
"corat","ZAF",0.0443974399263336
"corat","ZMB",0.0636866532786529
"corat","ZWE",0.118350055493321
"cbean","AFG",0.113232373766485
"cbean","AGO",0.056848462450683
"cbean","ALB",0.106042338270991
"cbean","ARG",0.0357229352595416
"cbean","ARM",0.0841480492769577
"cbean","AUS",0.0102974667191142
"cbean","AUT",0.0870709013765605
"cbean","AZE",0.126280904899755
"cbean","BDI",0.176078744983075
"cbean","BEN",0.176159885662077
"cbean","BFA",0.176159885662077
"cbean","BGD",0.163603723429316
"cbean","BGR",0.265600270072843
"cbean","BLR",0.075779150312423
"cbean","BLT",0.0423186426940494
"cbean","BLX",0.144657525049757
"cbean","BLZ",0.0723753098853557
"cbean","BOL",0.0404329741167693
"cbean","BRA",0.038330523505516
"cbean","BTN",0.113232373766485
"cbean","BWA",0.000607406917045534
"cbean","CAF",0.264825449107597
"cbean","CAN",0.00183761579817802
"cbean","CHL",0.0109834844631262
"cbean","CHM",0.138757889100073
"cbean","CHP",0.145554421605727
"cbean","CIV",0.176159885662077
"cbean","CMR",0.264825449107597
"cbean","COD",0.056848462450683
"cbean","COG",0.056848462450683
"cbean","COL",0.0660155146676541
"cbean","CRB",0.161384465536059
"cbean","CRI",0.0881579756456127
"cbean","CUB",0.161384465536059
"cbean","CYP",0.0260215074206343
"cbean","CZE",0.0485505784027363
"cbean","DEU",0.0824214396501838
"cbean","DJI",0.176078744983075
"cbean","DNK",0.023372988652398
"cbean","DOM",0.161384465536059
"cbean","DZA",0.159136892693696
"cbean","ECU",0.0455390038643894
"cbean","EGY",0.0612737197740205
"cbean","ERI",0.176078744983075
"cbean","ETH",0.197871177470402
"cbean","FJI",0.297854104932266
"cbean","FNP",0.131847479000666
"cbean","FRP",0.0248155481056885
"cbean","GAB",0.264825449107597
"cbean","GEO",0.102081824387551
"cbean","GHA",0.176159885662077
"cbean","GIN",0.176159885662077
"cbean","GMB",0.176159885662077
"cbean","GNB",0.176159885662077
"cbean","GNQ",0.264825449107597
"cbean","GRC",0.0730962951284729
"cbean","GRL",0.0324109103470819
"cbean","GSA",0.133469242244915
"cbean","GTM",0.141483471147284
"cbean","HND",0.0723753098853557
"cbean","HRV",0.0688464863630814
"cbean","HTI",0.161384465536059
"cbean","HUN",0.0553792644164134
"cbean","IDN",0.0483720616038567
"cbean","IND",0.358590527358977
"cbean","IRL",0.0768965583856833
"cbean","IRN",0.634406472753469
"cbean","IRQ",0.0529761140265733
"cbean","ISL",0.65731520839075
"cbean","ISR",0.0529761140265733
"cbean","ITP",0.132343011132849
"cbean","JAM",0.161384465536059
"cbean","JOR",0.0529761140265733
"cbean","JPN",0.0666387109684766
"cbean","KAZ",0.0502093913931672
"cbean","KEN",0.176078744983075
"cbean","KGZ",0.0615692197564811
"cbean","KHM",0.0694966821979875
"cbean","KOR",0.826411010119921
"cbean","LAO",0.288729890724306
"cbean","LBN",0.0529761140265733
"cbean","LBR",0.176159885662077
"cbean","LBY",0.159136892693696
"cbean","LKA",0.223988934097592
"cbean","LSO",0.00391971994823352
"cbean","MDA",0.105127039422176
"cbean","MDG",0.0868206558569168
"cbean","MEX",0.0152804510138771
"cbean","MLI",0.176078744983075
"cbean","MNG",0.156455743749232
"cbean","MOR",0.386655510115211
"cbean","MOZ",0.22790135248395
"cbean","MRT",0.176159885662077
"cbean","MWI",0.170038947402234
"cbean","MYS",0.0453108236436831
"cbean","NAM",0.00391971994823352
"cbean","NER",0.176159885662077
"cbean","NGA",0.755712964178831
"cbean","NIC",0.0511647791751618
"cbean","NLD",0.0335858025497143
"cbean","NOR",0.248117298198343
"cbean","NPL",0.113232373766485
"cbean","NZL",2.43885969365243E-5
"cbean","OPO",0.297854104932266
"cbean","OSA",0.0546888084441876
"cbean","PAK",0.123789200454678
"cbean","PAN",0.142962869474736
"cbean","PER",0.0928981883705076
"cbean","PHL",0.155047464125929
"cbean","PNG",0.297854104932266
"cbean","POL",0.0992798366828175
"cbean","PRK",0.156455743749232
"cbean","PRT",0.100971944632882
"cbean","PRY",0.00882168222101037
"cbean","PSE",0.0529761140265733
"cbean","RAP",0.0529761140265733
"cbean","ROU",0.212197794474584
"cbean","RUS",0.0679300092708308
"cbean","RWA",0.176078744983075
"cbean","SAU",0.0529761140265733
"cbean","SDN",0.176078744983075
"cbean","SEN",0.158814401807261
"cbean","SLB",0.297854104932266
"cbean","SLE",0.176159885662077
"cbean","SLV",0.0723753098853557
"cbean","SOM",0.176078744983075
"cbean","SPP",0.0284764257036294
"cbean","SSD",0.176078744983075
"cbean","SVK",0.125221424294462
"cbean","SVN",0.0997762478990814
"cbean","SWE",0.0765067813389072
"cbean","SWZ",0.00391971994823352
"cbean","SYR",0.0529761140265733
"cbean","TCD",0.264825449107597
"cbean","TGO",0.176159885662077
"cbean","THA",0.336169901045886
"cbean","TJK",0.297573193611502
"cbean","TKM",0.297573193611502
"cbean","TLS",0.0546888084441876
"cbean","TUN",0.845646133931391
"cbean","TUR",0.404428662744706
"cbean","TZA",0.174060314089445
"cbean","UGA",0.139529477655299
"cbean","UKP",0.0380922768133264
"cbean","UKR",0.228800255929479
"cbean","URY",0.0296918559866719
"cbean","USA",0.00427960259423972
"cbean","UZB",0.297573193611502
"cbean","VEN",0.0893934008249199
"cbean","VNM",0.267166145193926
"cbean","VUT",0.297854104932266
"cbean","YEM",0.0529761140265733
"cbean","ZAF",0.0443974399263336
"cbean","ZMB",0.0636866532786529
"cbean","ZWE",0.118350055493321
"cchkp","AFG",0.113232373766485
"cchkp","AGO",0.056848462450683
"cchkp","ALB",0.106042338270991
"cchkp","ARG",0.0357229352595416
"cchkp","ARM",0.0841480492769577
"cchkp","AUS",0.0102974667191142
"cchkp","AUT",0.0870709013765605
"cchkp","AZE",0.126280904899755
"cchkp","BDI",0.176078744983075
"cchkp","BEN",0.176159885662077
"cchkp","BFA",0.176159885662077
"cchkp","BGD",0.163603723429316
"cchkp","BGR",0.265600270072843
"cchkp","BLR",0.075779150312423
"cchkp","BLT",0.0423186426940494
"cchkp","BLX",0.144657525049757
"cchkp","BLZ",0.0723753098853557
"cchkp","BOL",0.0404329741167693
"cchkp","BRA",0.038330523505516
"cchkp","BTN",0.113232373766485
"cchkp","BWA",0.000607406917045534
"cchkp","CAF",0.264825449107597
"cchkp","CAN",0.00183761579817802
"cchkp","CHL",0.0109834844631262
"cchkp","CHM",0.138757889100073
"cchkp","CHP",0.145554421605727
"cchkp","CIV",0.176159885662077
"cchkp","CMR",0.264825449107597
"cchkp","COD",0.056848462450683
"cchkp","COG",0.056848462450683
"cchkp","COL",0.0660155146676541
"cchkp","CRB",0.161384465536059
"cchkp","CRI",0.0881579756456127
"cchkp","CUB",0.161384465536059
"cchkp","CYP",0.0260215074206343
"cchkp","CZE",0.0485505784027363
"cchkp","DEU",0.0824214396501838
"cchkp","DJI",0.176078744983075
"cchkp","DNK",0.023372988652398
"cchkp","DOM",0.161384465536059
"cchkp","DZA",0.159136892693696
"cchkp","ECU",0.0455390038643894
"cchkp","EGY",0.0612737197740205
"cchkp","ERI",0.176078744983075
"cchkp","ETH",0.197871177470402
"cchkp","FJI",0.297854104932266
"cchkp","FNP",0.131847479000666
"cchkp","FRP",0.0248155481056885
"cchkp","GAB",0.264825449107597
"cchkp","GEO",0.102081824387551
"cchkp","GHA",0.176159885662077
"cchkp","GIN",0.176159885662077
"cchkp","GMB",0.176159885662077
"cchkp","GNB",0.176159885662077
"cchkp","GNQ",0.264825449107597
"cchkp","GRC",0.0730962951284729
"cchkp","GRL",0.0324109103470819
"cchkp","GSA",0.133469242244915
"cchkp","GTM",0.141483471147284
"cchkp","HND",0.0723753098853557
"cchkp","HRV",0.0688464863630814
"cchkp","HTI",0.161384465536059
"cchkp","HUN",0.0553792644164134
"cchkp","IDN",0.0483720616038567
"cchkp","IND",0.358590527358977
"cchkp","IRL",0.0768965583856833
"cchkp","IRN",0.634406472753469
"cchkp","IRQ",0.0529761140265733
"cchkp","ISL",0.65731520839075
"cchkp","ISR",0.0529761140265733
"cchkp","ITP",0.132343011132849
"cchkp","JAM",0.161384465536059
"cchkp","JOR",0.0529761140265733
"cchkp","JPN",0.0666387109684766
"cchkp","KAZ",0.0502093913931672
"cchkp","KEN",0.176078744983075
"cchkp","KGZ",0.0615692197564811
"cchkp","KHM",0.0694966821979875
"cchkp","KOR",0.826411010119921
"cchkp","LAO",0.288729890724306
"cchkp","LBN",0.0529761140265733
"cchkp","LBR",0.176159885662077
"cchkp","LBY",0.159136892693696
"cchkp","LKA",0.223988934097592
"cchkp","LSO",0.00391971994823352
"cchkp","MDA",0.105127039422176
"cchkp","MDG",0.0868206558569168
"cchkp","MEX",0.0152804510138771
"cchkp","MLI",0.176078744983075
"cchkp","MNG",0.156455743749232
"cchkp","MOR",0.386655510115211
"cchkp","MOZ",0.22790135248395
"cchkp","MRT",0.176159885662077
"cchkp","MWI",0.170038947402234
"cchkp","MYS",0.0453108236436831
"cchkp","NAM",0.00391971994823352
"cchkp","NER",0.176159885662077
"cchkp","NGA",0.755712964178831
"cchkp","NIC",0.0511647791751618
"cchkp","NLD",0.0335858025497143
"cchkp","NOR",0.248117298198343
"cchkp","NPL",0.113232373766485
"cchkp","NZL",2.43885969365243E-5
"cchkp","OPO",0.297854104932266
"cchkp","OSA",0.0546888084441876
"cchkp","PAK",0.123789200454678
"cchkp","PAN",0.142962869474736
"cchkp","PER",0.0928981883705076
"cchkp","PHL",0.155047464125929
"cchkp","PNG",0.297854104932266
"cchkp","POL",0.0992798366828175
"cchkp","PRK",0.156455743749232
"cchkp","PRT",0.100971944632882
"cchkp","PRY",0.00882168222101037
"cchkp","PSE",0.0529761140265733
"cchkp","RAP",0.0529761140265733
"cchkp","ROU",0.212197794474584
"cchkp","RUS",0.0679300092708308
"cchkp","RWA",0.176078744983075
"cchkp","SAU",0.0529761140265733
"cchkp","SDN",0.176078744983075
"cchkp","SEN",0.158814401807261
"cchkp","SLB",0.297854104932266
"cchkp","SLE",0.176159885662077
"cchkp","SLV",0.0723753098853557
"cchkp","SOM",0.176078744983075
"cchkp","SPP",0.0284764257036294
"cchkp","SSD",0.176078744983075
"cchkp","SVK",0.125221424294462
"cchkp","SVN",0.0997762478990814
"cchkp","SWE",0.0765067813389072
"cchkp","SWZ",0.00391971994823352
"cchkp","SYR",0.0529761140265733
"cchkp","TCD",0.264825449107597
"cchkp","TGO",0.176159885662077
"cchkp","THA",0.336169901045886
"cchkp","TJK",0.297573193611502
"cchkp","TKM",0.297573193611502
"cchkp","TLS",0.0546888084441876
"cchkp","TUN",0.845646133931391
"cchkp","TUR",0.404428662744706
"cchkp","TZA",0.174060314089445
"cchkp","UGA",0.139529477655299
"cchkp","UKP",0.0380922768133264
"cchkp","UKR",0.228800255929479
"cchkp","URY",0.0296918559866719
"cchkp","USA",0.00427960259423972
"cchkp","UZB",0.297573193611502
"cchkp","VEN",0.0893934008249199
"cchkp","VNM",0.267166145193926
"cchkp","VUT",0.297854104932266
"cchkp","YEM",0.0529761140265733
"cchkp","ZAF",0.0443974399263336
"cchkp","ZMB",0.0636866532786529
"cchkp","ZWE",0.118350055493321
"ccowp","AFG",0.113232373766485
"ccowp","AGO",0.056848462450683
"ccowp","ALB",0.106042338270991
"ccowp","ARG",0.0357229352595416
"ccowp","ARM",0.0841480492769577
"ccowp","AUS",0.0102974667191142
"ccowp","AUT",0.0870709013765605
"ccowp","AZE",0.126280904899755
"ccowp","BDI",0.176078744983075
"ccowp","BEN",0.176159885662077
"ccowp","BFA",0.176159885662077
"ccowp","BGD",0.163603723429316
"ccowp","BGR",0.265600270072843
"ccowp","BLR",0.075779150312423
"ccowp","BLT",0.0423186426940494
"ccowp","BLX",0.144657525049757
"ccowp","BLZ",0.0723753098853557
"ccowp","BOL",0.0404329741167693
"ccowp","BRA",0.038330523505516
"ccowp","BTN",0.113232373766485
"ccowp","BWA",0.000607406917045534
"ccowp","CAF",0.264825449107597
"ccowp","CAN",0.00183761579817802
"ccowp","CHL",0.0109834844631262
"ccowp","CHM",0.138757889100073
"ccowp","CHP",0.145554421605727
"ccowp","CIV",0.176159885662077
"ccowp","CMR",0.264825449107597
"ccowp","COD",0.056848462450683
"ccowp","COG",0.056848462450683
"ccowp","COL",0.0660155146676541
"ccowp","CRB",0.161384465536059
"ccowp","CRI",0.0881579756456127
"ccowp","CUB",0.161384465536059
"ccowp","CYP",0.0260215074206343
"ccowp","CZE",0.0485505784027363
"ccowp","DEU",0.0824214396501838
"ccowp","DJI",0.176078744983075
"ccowp","DNK",0.023372988652398
"ccowp","DOM",0.161384465536059
"ccowp","DZA",0.159136892693696
"ccowp","ECU",0.0455390038643894
"ccowp","EGY",0.0612737197740205
"ccowp","ERI",0.176078744983075
"ccowp","ETH",0.197871177470402
"ccowp","FJI",0.297854104932266
"ccowp","FNP",0.131847479000666
"ccowp","FRP",0.0248155481056885
"ccowp","GAB",0.264825449107597
"ccowp","GEO",0.102081824387551
"ccowp","GHA",0.176159885662077
"ccowp","GIN",0.176159885662077
"ccowp","GMB",0.176159885662077
"ccowp","GNB",0.176159885662077
"ccowp","GNQ",0.264825449107597
"ccowp","GRC",0.0730962951284729
"ccowp","GRL",0.0324109103470819
"ccowp","GSA",0.133469242244915
"ccowp","GTM",0.141483471147284
"ccowp","HND",0.0723753098853557
"ccowp","HRV",0.0688464863630814
"ccowp","HTI",0.161384465536059
"ccowp","HUN",0.0553792644164134
"ccowp","IDN",0.0483720616038567
"ccowp","IND",0.358590527358977
"ccowp","IRL",0.0768965583856833
"ccowp","IRN",0.634406472753469
"ccowp","IRQ",0.0529761140265733
"ccowp","ISL",0.65731520839075
"ccowp","ISR",0.0529761140265733
"ccowp","ITP",0.132343011132849
"ccowp","JAM",0.161384465536059
"ccowp","JOR",0.0529761140265733
"ccowp","JPN",0.0666387109684766
"ccowp","KAZ",0.0502093913931672
"ccowp","KEN",0.176078744983075
"ccowp","KGZ",0.0615692197564811
"ccowp","KHM",0.0694966821979875
"ccowp","KOR",0.826411010119921
"ccowp","LAO",0.288729890724306
"ccowp","LBN",0.0529761140265733
"ccowp","LBR",0.176159885662077
"ccowp","LBY",0.159136892693696
"ccowp","LKA",0.223988934097592
"ccowp","LSO",0.00391971994823352
"ccowp","MDA",0.105127039422176
"ccowp","MDG",0.0868206558569168
"ccowp","MEX",0.0152804510138771
"ccowp","MLI",0.176078744983075
"ccowp","MNG",0.156455743749232
"ccowp","MOR",0.386655510115211
"ccowp","MOZ",0.22790135248395
"ccowp","MRT",0.176159885662077
"ccowp","MWI",0.170038947402234
"ccowp","MYS",0.0453108236436831
"ccowp","NAM",0.00391971994823352
"ccowp","NER",0.176159885662077
"ccowp","NGA",0.755712964178831
"ccowp","NIC",0.0511647791751618
"ccowp","NLD",0.0335858025497143
"ccowp","NOR",0.248117298198343
"ccowp","NPL",0.113232373766485
"ccowp","NZL",2.43885969365243E-5
"ccowp","OPO",0.297854104932266
"ccowp","OSA",0.0546888084441876
"ccowp","PAK",0.123789200454678
"ccowp","PAN",0.142962869474736
"ccowp","PER",0.0928981883705076
"ccowp","PHL",0.155047464125929
"ccowp","PNG",0.297854104932266
"ccowp","POL",0.0992798366828175
"ccowp","PRK",0.156455743749232
"ccowp","PRT",0.100971944632882
"ccowp","PRY",0.00882168222101037
"ccowp","PSE",0.0529761140265733
"ccowp","RAP",0.0529761140265733
"ccowp","ROU",0.212197794474584
"ccowp","RUS",0.0679300092708308
"ccowp","RWA",0.176078744983075
"ccowp","SAU",0.0529761140265733
"ccowp","SDN",0.176078744983075
"ccowp","SEN",0.158814401807261
"ccowp","SLB",0.297854104932266
"ccowp","SLE",0.176159885662077
"ccowp","SLV",0.0723753098853557
"ccowp","SOM",0.176078744983075
"ccowp","SPP",0.0284764257036294
"ccowp","SSD",0.176078744983075
"ccowp","SVK",0.125221424294462
"ccowp","SVN",0.0997762478990814
"ccowp","SWE",0.0765067813389072
"ccowp","SWZ",0.00391971994823352
"ccowp","SYR",0.0529761140265733
"ccowp","TCD",0.264825449107597
"ccowp","TGO",0.176159885662077
"ccowp","THA",0.336169901045886
"ccowp","TJK",0.297573193611502
"ccowp","TKM",0.297573193611502
"ccowp","TLS",0.0546888084441876
"ccowp","TUN",0.845646133931391
"ccowp","TUR",0.404428662744706
"ccowp","TZA",0.174060314089445
"ccowp","UGA",0.139529477655299
"ccowp","UKP",0.0380922768133264
"ccowp","UKR",0.228800255929479
"ccowp","URY",0.0296918559866719
"ccowp","USA",0.00427960259423972
"ccowp","UZB",0.297573193611502
"ccowp","VEN",0.0893934008249199
"ccowp","VNM",0.267166145193926
"ccowp","VUT",0.297854104932266
"ccowp","YEM",0.0529761140265733
"ccowp","ZAF",0.0443974399263336
"ccowp","ZMB",0.0636866532786529
"ccowp","ZWE",0.118350055493321
"clent","AFG",0.113232373766485
"clent","AGO",0.056848462450683
"clent","ALB",0.106042338270991
"clent","ARG",0.0357229352595416
"clent","ARM",0.0841480492769577
"clent","AUS",0.0102974667191142
"clent","AUT",0.0870709013765605
"clent","AZE",0.126280904899755
"clent","BDI",0.176078744983075
"clent","BEN",0.176159885662077
"clent","BFA",0.176159885662077
"clent","BGD",0.163603723429316
"clent","BGR",0.265600270072843
"clent","BLR",0.075779150312423
"clent","BLT",0.0423186426940494
"clent","BLX",0.144657525049757
"clent","BLZ",0.0723753098853557
"clent","BOL",0.0404329741167693
"clent","BRA",0.038330523505516
"clent","BTN",0.113232373766485
"clent","BWA",0.000607406917045534
"clent","CAF",0.264825449107597
"clent","CAN",0.00183761579817802
"clent","CHL",0.0109834844631262
"clent","CHM",0.138757889100073
"clent","CHP",0.145554421605727
"clent","CIV",0.176159885662077
"clent","CMR",0.264825449107597
"clent","COD",0.056848462450683
"clent","COG",0.056848462450683
"clent","COL",0.0660155146676541
"clent","CRB",0.161384465536059
"clent","CRI",0.0881579756456127
"clent","CUB",0.161384465536059
"clent","CYP",0.0260215074206343
"clent","CZE",0.0485505784027363
"clent","DEU",0.0824214396501838
"clent","DJI",0.176078744983075
"clent","DNK",0.023372988652398
"clent","DOM",0.161384465536059
"clent","DZA",0.159136892693696
"clent","ECU",0.0455390038643894
"clent","EGY",0.0612737197740205
"clent","ERI",0.176078744983075
"clent","ETH",0.197871177470402
"clent","FJI",0.297854104932266
"clent","FNP",0.131847479000666
"clent","FRP",0.0248155481056885
"clent","GAB",0.264825449107597
"clent","GEO",0.102081824387551
"clent","GHA",0.176159885662077
"clent","GIN",0.176159885662077
"clent","GMB",0.176159885662077
"clent","GNB",0.176159885662077
"clent","GNQ",0.264825449107597
"clent","GRC",0.0730962951284729
"clent","GRL",0.0324109103470819
"clent","GSA",0.133469242244915
"clent","GTM",0.141483471147284
"clent","HND",0.0723753098853557
"clent","HRV",0.0688464863630814
"clent","HTI",0.161384465536059
"clent","HUN",0.0553792644164134
"clent","IDN",0.0483720616038567
"clent","IND",0.358590527358977
"clent","IRL",0.0768965583856833
"clent","IRN",0.634406472753469
"clent","IRQ",0.0529761140265733
"clent","ISL",0.65731520839075
"clent","ISR",0.0529761140265733
"clent","ITP",0.132343011132849
"clent","JAM",0.161384465536059
"clent","JOR",0.0529761140265733
"clent","JPN",0.0666387109684766
"clent","KAZ",0.0502093913931672
"clent","KEN",0.176078744983075
"clent","KGZ",0.0615692197564811
"clent","KHM",0.0694966821979875
"clent","KOR",0.826411010119921
"clent","LAO",0.288729890724306
"clent","LBN",0.0529761140265733
"clent","LBR",0.176159885662077
"clent","LBY",0.159136892693696
"clent","LKA",0.223988934097592
"clent","LSO",0.00391971994823352
"clent","MDA",0.105127039422176
"clent","MDG",0.0868206558569168
"clent","MEX",0.0152804510138771
"clent","MLI",0.176078744983075
"clent","MNG",0.156455743749232
"clent","MOR",0.386655510115211
"clent","MOZ",0.22790135248395
"clent","MRT",0.176159885662077
"clent","MWI",0.170038947402234
"clent","MYS",0.0453108236436831
"clent","NAM",0.00391971994823352
"clent","NER",0.176159885662077
"clent","NGA",0.755712964178831
"clent","NIC",0.0511647791751618
"clent","NLD",0.0335858025497143
"clent","NOR",0.248117298198343
"clent","NPL",0.113232373766485
"clent","NZL",2.43885969365243E-5
"clent","OPO",0.297854104932266
"clent","OSA",0.0546888084441876
"clent","PAK",0.123789200454678
"clent","PAN",0.142962869474736
"clent","PER",0.0928981883705076
"clent","PHL",0.155047464125929
"clent","PNG",0.297854104932266
"clent","POL",0.0992798366828175
"clent","PRK",0.156455743749232
"clent","PRT",0.100971944632882
"clent","PRY",0.00882168222101037
"clent","PSE",0.0529761140265733
"clent","RAP",0.0529761140265733
"clent","ROU",0.212197794474584
"clent","RUS",0.0679300092708308
"clent","RWA",0.176078744983075
"clent","SAU",0.0529761140265733
"clent","SDN",0.176078744983075
"clent","SEN",0.158814401807261
"clent","SLB",0.297854104932266
"clent","SLE",0.176159885662077
"clent","SLV",0.0723753098853557
"clent","SOM",0.176078744983075
"clent","SPP",0.0284764257036294
"clent","SSD",0.176078744983075
"clent","SVK",0.125221424294462
"clent","SVN",0.0997762478990814
"clent","SWE",0.0765067813389072
"clent","SWZ",0.00391971994823352
"clent","SYR",0.0529761140265733
"clent","TCD",0.264825449107597
"clent","TGO",0.176159885662077
"clent","THA",0.336169901045886
"clent","TJK",0.297573193611502
"clent","TKM",0.297573193611502
"clent","TLS",0.0546888084441876
"clent","TUN",0.845646133931391
"clent","TUR",0.404428662744706
"clent","TZA",0.174060314089445
"clent","UGA",0.139529477655299
"clent","UKP",0.0380922768133264
"clent","UKR",0.228800255929479
"clent","URY",0.0296918559866719
"clent","USA",0.00427960259423972
"clent","UZB",0.297573193611502
"clent","VEN",0.0893934008249199
"clent","VNM",0.267166145193926
"clent","VUT",0.297854104932266
"clent","YEM",0.0529761140265733
"clent","ZAF",0.0443974399263336
"clent","ZMB",0.0636866532786529
"clent","ZWE",0.118350055493321
"cpigp","AFG",0.113232373766485
"cpigp","AGO",0.056848462450683
"cpigp","ALB",0.106042338270991
"cpigp","ARG",0.0357229352595416
"cpigp","ARM",0.0841480492769577
"cpigp","AUS",0.0102974667191142
"cpigp","AUT",0.0870709013765605
"cpigp","AZE",0.126280904899755
"cpigp","BDI",0.176078744983075
"cpigp","BEN",0.176159885662077
"cpigp","BFA",0.176159885662077
"cpigp","BGD",0.163603723429316
"cpigp","BGR",0.265600270072843
"cpigp","BLR",0.075779150312423
"cpigp","BLT",0.0423186426940494
"cpigp","BLX",0.144657525049757
"cpigp","BLZ",0.0723753098853557
"cpigp","BOL",0.0404329741167693
"cpigp","BRA",0.038330523505516
"cpigp","BTN",0.113232373766485
"cpigp","BWA",0.000607406917045534
"cpigp","CAF",0.264825449107597
"cpigp","CAN",0.00183761579817802
"cpigp","CHL",0.0109834844631262
"cpigp","CHM",0.138757889100073
"cpigp","CHP",0.145554421605727
"cpigp","CIV",0.176159885662077
"cpigp","CMR",0.264825449107597
"cpigp","COD",0.056848462450683
"cpigp","COG",0.056848462450683
"cpigp","COL",0.0660155146676541
"cpigp","CRB",0.161384465536059
"cpigp","CRI",0.0881579756456127
"cpigp","CUB",0.161384465536059
"cpigp","CYP",0.0260215074206343
"cpigp","CZE",0.0485505784027363
"cpigp","DEU",0.0824214396501838
"cpigp","DJI",0.176078744983075
"cpigp","DNK",0.023372988652398
"cpigp","DOM",0.161384465536059
"cpigp","DZA",0.159136892693696
"cpigp","ECU",0.0455390038643894
"cpigp","EGY",0.0612737197740205
"cpigp","ERI",0.176078744983075
"cpigp","ETH",0.197871177470402
"cpigp","FJI",0.297854104932266
"cpigp","FNP",0.131847479000666
"cpigp","FRP",0.0248155481056885
"cpigp","GAB",0.264825449107597
"cpigp","GEO",0.102081824387551
"cpigp","GHA",0.176159885662077
"cpigp","GIN",0.176159885662077
"cpigp","GMB",0.176159885662077
"cpigp","GNB",0.176159885662077
"cpigp","GNQ",0.264825449107597
"cpigp","GRC",0.0730962951284729
"cpigp","GRL",0.0324109103470819
"cpigp","GSA",0.133469242244915
"cpigp","GTM",0.141483471147284
"cpigp","HND",0.0723753098853557
"cpigp","HRV",0.0688464863630814
"cpigp","HTI",0.161384465536059
"cpigp","HUN",0.0553792644164134
"cpigp","IDN",0.0483720616038567
"cpigp","IND",0.358590527358977
"cpigp","IRL",0.0768965583856833
"cpigp","IRN",0.634406472753469
"cpigp","IRQ",0.0529761140265733
"cpigp","ISL",0.65731520839075
"cpigp","ISR",0.0529761140265733
"cpigp","ITP",0.132343011132849
"cpigp","JAM",0.161384465536059
"cpigp","JOR",0.0529761140265733
"cpigp","JPN",0.0666387109684766
"cpigp","KAZ",0.0502093913931672
"cpigp","KEN",0.176078744983075
"cpigp","KGZ",0.0615692197564811
"cpigp","KHM",0.0694966821979875
"cpigp","KOR",0.826411010119921
"cpigp","LAO",0.288729890724306
"cpigp","LBN",0.0529761140265733
"cpigp","LBR",0.176159885662077
"cpigp","LBY",0.159136892693696
"cpigp","LKA",0.223988934097592
"cpigp","LSO",0.00391971994823352
"cpigp","MDA",0.105127039422176
"cpigp","MDG",0.0868206558569168
"cpigp","MEX",0.0152804510138771
"cpigp","MLI",0.176078744983075
"cpigp","MNG",0.156455743749232
"cpigp","MOR",0.386655510115211
"cpigp","MOZ",0.22790135248395
"cpigp","MRT",0.176159885662077
"cpigp","MWI",0.170038947402234
"cpigp","MYS",0.0453108236436831
"cpigp","NAM",0.00391971994823352
"cpigp","NER",0.176159885662077
"cpigp","NGA",0.755712964178831
"cpigp","NIC",0.0511647791751618
"cpigp","NLD",0.0335858025497143
"cpigp","NOR",0.248117298198343
"cpigp","NPL",0.113232373766485
"cpigp","NZL",2.43885969365243E-5
"cpigp","OPO",0.297854104932266
"cpigp","OSA",0.0546888084441876
"cpigp","PAK",0.123789200454678
"cpigp","PAN",0.142962869474736
"cpigp","PER",0.0928981883705076
"cpigp","PHL",0.155047464125929
"cpigp","PNG",0.297854104932266
"cpigp","POL",0.0992798366828175
"cpigp","PRK",0.156455743749232
"cpigp","PRT",0.100971944632882
"cpigp","PRY",0.00882168222101037
"cpigp","PSE",0.0529761140265733
"cpigp","RAP",0.0529761140265733
"cpigp","ROU",0.212197794474584
"cpigp","RUS",0.0679300092708308
"cpigp","RWA",0.176078744983075
"cpigp","SAU",0.0529761140265733
"cpigp","SDN",0.176078744983075
"cpigp","SEN",0.158814401807261
"cpigp","SLB",0.297854104932266
"cpigp","SLE",0.176159885662077
"cpigp","SLV",0.0723753098853557
"cpigp","SOM",0.176078744983075
"cpigp","SPP",0.0284764257036294
"cpigp","SSD",0.176078744983075
"cpigp","SVK",0.125221424294462
"cpigp","SVN",0.0997762478990814
"cpigp","SWE",0.0765067813389072
"cpigp","SWZ",0.00391971994823352
"cpigp","SYR",0.0529761140265733
"cpigp","TCD",0.264825449107597
"cpigp","TGO",0.176159885662077
"cpigp","THA",0.336169901045886
"cpigp","TJK",0.297573193611502
"cpigp","TKM",0.297573193611502
"cpigp","TLS",0.0546888084441876
"cpigp","TUN",0.845646133931391
"cpigp","TUR",0.404428662744706
"cpigp","TZA",0.174060314089445
"cpigp","UGA",0.139529477655299
"cpigp","UKP",0.0380922768133264
"cpigp","UKR",0.228800255929479
"cpigp","URY",0.0296918559866719
"cpigp","USA",0.00427960259423972
"cpigp","UZB",0.297573193611502
"cpigp","VEN",0.0893934008249199
"cpigp","VNM",0.267166145193926
"cpigp","VUT",0.297854104932266
"cpigp","YEM",0.0529761140265733
"cpigp","ZAF",0.0443974399263336
"cpigp","ZMB",0.0636866532786529
"cpigp","ZWE",0.118350055493321
"copul","AFG",0.113232373766485
"copul","AGO",0.056848462450683
"copul","ALB",0.106042338270991
"copul","ARG",0.0357229352595416
"copul","ARM",0.0841480492769577
"copul","AUS",0.0102974667191142
"copul","AUT",0.0870709013765605
"copul","AZE",0.126280904899755
"copul","BDI",0.176078744983075
"copul","BEN",0.176159885662077
"copul","BFA",0.176159885662077
"copul","BGD",0.163603723429316
"copul","BGR",0.265600270072843
"copul","BLR",0.075779150312423
"copul","BLT",0.0423186426940494
"copul","BLX",0.144657525049757
"copul","BLZ",0.0723753098853557
"copul","BOL",0.0404329741167693
"copul","BRA",0.038330523505516
"copul","BTN",0.113232373766485
"copul","BWA",0.000607406917045534
"copul","CAF",0.264825449107597
"copul","CAN",0.00183761579817802
"copul","CHL",0.0109834844631262
"copul","CHM",0.138757889100073
"copul","CHP",0.145554421605727
"copul","CIV",0.176159885662077
"copul","CMR",0.264825449107597
"copul","COD",0.056848462450683
"copul","COG",0.056848462450683
"copul","COL",0.0660155146676541
"copul","CRB",0.161384465536059
"copul","CRI",0.0881579756456127
"copul","CUB",0.161384465536059
"copul","CYP",0.0260215074206343
"copul","CZE",0.0485505784027363
"copul","DEU",0.0824214396501838
"copul","DJI",0.176078744983075
"copul","DNK",0.023372988652398
"copul","DOM",0.161384465536059
"copul","DZA",0.159136892693696
"copul","ECU",0.0455390038643894
"copul","EGY",0.0612737197740205
"copul","ERI",0.176078744983075
"copul","ETH",0.197871177470402
"copul","FJI",0.297854104932266
"copul","FNP",0.131847479000666
"copul","FRP",0.0248155481056885
"copul","GAB",0.264825449107597
"copul","GEO",0.102081824387551
"copul","GHA",0.176159885662077
"copul","GIN",0.176159885662077
"copul","GMB",0.176159885662077
"copul","GNB",0.176159885662077
"copul","GNQ",0.264825449107597
"copul","GRC",0.0730962951284729
"copul","GRL",0.0324109103470819
"copul","GSA",0.133469242244915
"copul","GTM",0.141483471147284
"copul","HND",0.0723753098853557
"copul","HRV",0.0688464863630814
"copul","HTI",0.161384465536059
"copul","HUN",0.0553792644164134
"copul","IDN",0.0483720616038567
"copul","IND",0.358590527358977
"copul","IRL",0.0768965583856833
"copul","IRN",0.634406472753469
"copul","IRQ",0.0529761140265733
"copul","ISL",0.65731520839075
"copul","ISR",0.0529761140265733
"copul","ITP",0.132343011132849
"copul","JAM",0.161384465536059
"copul","JOR",0.0529761140265733
"copul","JPN",0.0666387109684766
"copul","KAZ",0.0502093913931672
"copul","KEN",0.176078744983075
"copul","KGZ",0.0615692197564811
"copul","KHM",0.0694966821979875
"copul","KOR",0.826411010119921
"copul","LAO",0.288729890724306
"copul","LBN",0.0529761140265733
"copul","LBR",0.176159885662077
"copul","LBY",0.159136892693696
"copul","LKA",0.223988934097592
"copul","LSO",0.00391971994823352
"copul","MDA",0.105127039422176
"copul","MDG",0.0868206558569168
"copul","MEX",0.0152804510138771
"copul","MLI",0.176078744983075
"copul","MNG",0.156455743749232
"copul","MOR",0.386655510115211
"copul","MOZ",0.22790135248395
"copul","MRT",0.176159885662077
"copul","MWI",0.170038947402234
"copul","MYS",0.0453108236436831
"copul","NAM",0.00391971994823352
"copul","NER",0.176159885662077
"copul","NGA",0.755712964178831
"copul","NIC",0.0511647791751618
"copul","NLD",0.0335858025497143
"copul","NOR",0.248117298198343
"copul","NPL",0.113232373766485
"copul","NZL",2.43885969365243E-5
"copul","OPO",0.297854104932266
"copul","OSA",0.0546888084441876
"copul","PAK",0.123789200454678
"copul","PAN",0.142962869474736
"copul","PER",0.0928981883705076
"copul","PHL",0.155047464125929
"copul","PNG",0.297854104932266
"copul","POL",0.0992798366828175
"copul","PRK",0.156455743749232
"copul","PRT",0.100971944632882
"copul","PRY",0.00882168222101037
"copul","PSE",0.0529761140265733
"copul","RAP",0.0529761140265733
"copul","ROU",0.212197794474584
"copul","RUS",0.0679300092708308
"copul","RWA",0.176078744983075
"copul","SAU",0.0529761140265733
"copul","SDN",0.176078744983075
"copul","SEN",0.158814401807261
"copul","SLB",0.297854104932266
"copul","SLE",0.176159885662077
"copul","SLV",0.0723753098853557
"copul","SOM",0.176078744983075
"copul","SPP",0.0284764257036294
"copul","SSD",0.176078744983075
"copul","SVK",0.125221424294462
"copul","SVN",0.0997762478990814
"copul","SWE",0.0765067813389072
"copul","SWZ",0.00391971994823352
"copul","SYR",0.0529761140265733
"copul","TCD",0.264825449107597
"copul","TGO",0.176159885662077
"copul","THA",0.336169901045886
"copul","TJK",0.297573193611502
"copul","TKM",0.297573193611502
"copul","TLS",0.0546888084441876
"copul","TUN",0.845646133931391
"copul","TUR",0.404428662744706
"copul","TZA",0.174060314089445
"copul","UGA",0.139529477655299
"copul","UKP",0.0380922768133264
"copul","UKR",0.228800255929479
"copul","URY",0.0296918559866719
"copul","USA",0.00427960259423972
"copul","UZB",0.297573193611502
"copul","VEN",0.0893934008249199
"copul","VNM",0.267166145193926
"copul","VUT",0.297854104932266
"copul","YEM",0.0529761140265733
"copul","ZAF",0.0443974399263336
"copul","ZMB",0.0636866532786529
"copul","ZWE",0.118350055493321
"cbana","AFG",0.113232373766485
"cbana","AGO",0.056848462450683
"cbana","ALB",0.106042338270991
"cbana","ARG",0.0357229352595416
"cbana","ARM",0.0841480492769577
"cbana","AUS",0.0102974667191142
"cbana","AUT",0.0870709013765605
"cbana","AZE",0.126280904899755
"cbana","BDI",0.176078744983075
"cbana","BEN",0.176159885662077
"cbana","BFA",0.176159885662077
"cbana","BGD",0.163603723429316
"cbana","BGR",0.265600270072843
"cbana","BLR",0.075779150312423
"cbana","BLT",0.0423186426940494
"cbana","BLX",0.144657525049757
"cbana","BLZ",0.0723753098853557
"cbana","BOL",0.0404329741167693
"cbana","BRA",0.038330523505516
"cbana","BTN",0.113232373766485
"cbana","BWA",0.000607406917045534
"cbana","CAF",0.264825449107597
"cbana","CAN",0.00183761579817802
"cbana","CHL",0.0109834844631262
"cbana","CHM",0.138757889100073
"cbana","CHP",0.145554421605727
"cbana","CIV",0.176159885662077
"cbana","CMR",0.264825449107597
"cbana","COD",0.056848462450683
"cbana","COG",0.056848462450683
"cbana","COL",0.0660155146676541
"cbana","CRB",0.161384465536059
"cbana","CRI",0.0881579756456127
"cbana","CUB",0.161384465536059
"cbana","CYP",0.0260215074206343
"cbana","CZE",0.0485505784027363
"cbana","DEU",0.0824214396501838
"cbana","DJI",0.176078744983075
"cbana","DNK",0.023372988652398
"cbana","DOM",0.161384465536059
"cbana","DZA",0.159136892693696
"cbana","ECU",0.0455390038643894
"cbana","EGY",0.0612737197740205
"cbana","ERI",0.176078744983075
"cbana","ETH",0.197871177470402
"cbana","FJI",0.297854104932266
"cbana","FNP",0.131847479000666
"cbana","FRP",0.0248155481056885
"cbana","GAB",0.264825449107597
"cbana","GEO",0.102081824387551
"cbana","GHA",0.176159885662077
"cbana","GIN",0.176159885662077
"cbana","GMB",0.176159885662077
"cbana","GNB",0.176159885662077
"cbana","GNQ",0.264825449107597
"cbana","GRC",0.0730962951284729
"cbana","GRL",0.0324109103470819
"cbana","GSA",0.133469242244915
"cbana","GTM",0.141483471147284
"cbana","HND",0.0723753098853557
"cbana","HRV",0.0688464863630814
"cbana","HTI",0.161384465536059
"cbana","HUN",0.0553792644164134
"cbana","IDN",0.0483720616038567
"cbana","IND",0.358590527358977
"cbana","IRL",0.0768965583856833
"cbana","IRN",0.634406472753469
"cbana","IRQ",0.0529761140265733
"cbana","ISL",0.65731520839075
"cbana","ISR",0.0529761140265733
"cbana","ITP",0.132343011132849
"cbana","JAM",0.161384465536059
"cbana","JOR",0.0529761140265733
"cbana","JPN",0.0666387109684766
"cbana","KAZ",0.0502093913931672
"cbana","KEN",0.176078744983075
"cbana","KGZ",0.0615692197564811
"cbana","KHM",0.0694966821979875
"cbana","KOR",0.826411010119921
"cbana","LAO",0.288729890724306
"cbana","LBN",0.0529761140265733
"cbana","LBR",0.176159885662077
"cbana","LBY",0.159136892693696
"cbana","LKA",0.223988934097592
"cbana","LSO",0.00391971994823352
"cbana","MDA",0.105127039422176
"cbana","MDG",0.0868206558569168
"cbana","MEX",0.0152804510138771
"cbana","MLI",0.176078744983075
"cbana","MNG",0.156455743749232
"cbana","MOR",0.386655510115211
"cbana","MOZ",0.22790135248395
"cbana","MRT",0.176159885662077
"cbana","MWI",0.170038947402234
"cbana","MYS",0.0453108236436831
"cbana","NAM",0.00391971994823352
"cbana","NER",0.176159885662077
"cbana","NGA",0.755712964178831
"cbana","NIC",0.0511647791751618
"cbana","NLD",0.0335858025497143
"cbana","NOR",0.248117298198343
"cbana","NPL",0.113232373766485
"cbana","NZL",2.43885969365243E-5
"cbana","OPO",0.297854104932266
"cbana","OSA",0.0546888084441876
"cbana","PAK",0.123789200454678
"cbana","PAN",0.142962869474736
"cbana","PER",0.0928981883705076
"cbana","PHL",0.155047464125929
"cbana","PNG",0.297854104932266
"cbana","POL",0.0992798366828175
"cbana","PRK",0.156455743749232
"cbana","PRT",0.100971944632882
"cbana","PRY",0.00882168222101037
"cbana","PSE",0.0529761140265733
"cbana","RAP",0.0529761140265733
"cbana","ROU",0.212197794474584
"cbana","RUS",0.0679300092708308
"cbana","RWA",0.176078744983075
"cbana","SAU",0.0529761140265733
"cbana","SDN",0.176078744983075
"cbana","SEN",0.158814401807261
"cbana","SLB",0.297854104932266
"cbana","SLE",0.176159885662077
"cbana","SLV",0.0723753098853557
"cbana","SOM",0.176078744983075
"cbana","SPP",0.0284764257036294
"cbana","SSD",0.176078744983075
"cbana","SVK",0.125221424294462
"cbana","SVN",0.0997762478990814
"cbana","SWE",0.0765067813389072
"cbana","SWZ",0.00391971994823352
"cbana","SYR",0.0529761140265733
"cbana","TCD",0.264825449107597
"cbana","TGO",0.176159885662077
"cbana","THA",0.336169901045886
"cbana","TJK",0.297573193611502
"cbana","TKM",0.297573193611502
"cbana","TLS",0.0546888084441876
"cbana","TUN",0.845646133931391
"cbana","TUR",0.404428662744706
"cbana","TZA",0.174060314089445
"cbana","UGA",0.139529477655299
"cbana","UKP",0.0380922768133264
"cbana","UKR",0.228800255929479
"cbana","URY",0.0296918559866719
"cbana","USA",0.00427960259423972
"cbana","UZB",0.297573193611502
"cbana","VEN",0.0893934008249199
"cbana","VNM",0.267166145193926
"cbana","VUT",0.297854104932266
"cbana","YEM",0.0529761140265733
"cbana","ZAF",0.0443974399263336
"cbana","ZMB",0.0636866532786529
"cbana","ZWE",0.118350055493321
"cplnt","AFG",0.113232373766485
"cplnt","AGO",0.056848462450683
"cplnt","ALB",0.106042338270991
"cplnt","ARG",0.0357229352595416
"cplnt","ARM",0.0841480492769577
"cplnt","AUS",0.0102974667191142
"cplnt","AUT",0.0870709013765605
"cplnt","AZE",0.126280904899755
"cplnt","BDI",0.176078744983075
"cplnt","BEN",0.176159885662077
"cplnt","BFA",0.176159885662077
"cplnt","BGD",0.163603723429316
"cplnt","BGR",0.265600270072843
"cplnt","BLR",0.075779150312423
"cplnt","BLT",0.0423186426940494
"cplnt","BLX",0.144657525049757
"cplnt","BLZ",0.0723753098853557
"cplnt","BOL",0.0404329741167693
"cplnt","BRA",0.038330523505516
"cplnt","BTN",0.113232373766485
"cplnt","BWA",0.000607406917045534
"cplnt","CAF",0.264825449107597
"cplnt","CAN",0.00183761579817802
"cplnt","CHL",0.0109834844631262
"cplnt","CHM",0.138757889100073
"cplnt","CHP",0.145554421605727
"cplnt","CIV",0.176159885662077
"cplnt","CMR",0.264825449107597
"cplnt","COD",0.056848462450683
"cplnt","COG",0.056848462450683
"cplnt","COL",0.0660155146676541
"cplnt","CRB",0.161384465536059
"cplnt","CRI",0.0881579756456127
"cplnt","CUB",0.161384465536059
"cplnt","CYP",0.0260215074206343
"cplnt","CZE",0.0485505784027363
"cplnt","DEU",0.0824214396501838
"cplnt","DJI",0.176078744983075
"cplnt","DNK",0.023372988652398
"cplnt","DOM",0.161384465536059
"cplnt","DZA",0.159136892693696
"cplnt","ECU",0.0455390038643894
"cplnt","EGY",0.0612737197740205
"cplnt","ERI",0.176078744983075
"cplnt","ETH",0.197871177470402
"cplnt","FJI",0.297854104932266
"cplnt","FNP",0.131847479000666
"cplnt","FRP",0.0248155481056885
"cplnt","GAB",0.264825449107597
"cplnt","GEO",0.102081824387551
"cplnt","GHA",0.176159885662077
"cplnt","GIN",0.176159885662077
"cplnt","GMB",0.176159885662077
"cplnt","GNB",0.176159885662077
"cplnt","GNQ",0.264825449107597
"cplnt","GRC",0.0730962951284729
"cplnt","GRL",0.0324109103470819
"cplnt","GSA",0.133469242244915
"cplnt","GTM",0.141483471147284
"cplnt","HND",0.0723753098853557
"cplnt","HRV",0.0688464863630814
"cplnt","HTI",0.161384465536059
"cplnt","HUN",0.0553792644164134
"cplnt","IDN",0.0483720616038567
"cplnt","IND",0.358590527358977
"cplnt","IRL",0.0768965583856833
"cplnt","IRN",0.634406472753469
"cplnt","IRQ",0.0529761140265733
"cplnt","ISL",0.65731520839075
"cplnt","ISR",0.0529761140265733
"cplnt","ITP",0.132343011132849
"cplnt","JAM",0.161384465536059
"cplnt","JOR",0.0529761140265733
"cplnt","JPN",0.0666387109684766
"cplnt","KAZ",0.0502093913931672
"cplnt","KEN",0.176078744983075
"cplnt","KGZ",0.0615692197564811
"cplnt","KHM",0.0694966821979875
"cplnt","KOR",0.826411010119921
"cplnt","LAO",0.288729890724306
"cplnt","LBN",0.0529761140265733
"cplnt","LBR",0.176159885662077
"cplnt","LBY",0.159136892693696
"cplnt","LKA",0.223988934097592
"cplnt","LSO",0.00391971994823352
"cplnt","MDA",0.105127039422176
"cplnt","MDG",0.0868206558569168
"cplnt","MEX",0.0152804510138771
"cplnt","MLI",0.176078744983075
"cplnt","MNG",0.156455743749232
"cplnt","MOR",0.386655510115211
"cplnt","MOZ",0.22790135248395
"cplnt","MRT",0.176159885662077
"cplnt","MWI",0.170038947402234
"cplnt","MYS",0.0453108236436831
"cplnt","NAM",0.00391971994823352
"cplnt","NER",0.176159885662077
"cplnt","NGA",0.755712964178831
"cplnt","NIC",0.0511647791751618
"cplnt","NLD",0.0335858025497143
"cplnt","NOR",0.248117298198343
"cplnt","NPL",0.113232373766485
"cplnt","NZL",2.43885969365243E-5
"cplnt","OPO",0.297854104932266
"cplnt","OSA",0.0546888084441876
"cplnt","PAK",0.123789200454678
"cplnt","PAN",0.142962869474736
"cplnt","PER",0.0928981883705076
"cplnt","PHL",0.155047464125929
"cplnt","PNG",0.297854104932266
"cplnt","POL",0.0992798366828175
"cplnt","PRK",0.156455743749232
"cplnt","PRT",0.100971944632882
"cplnt","PRY",0.00882168222101037
"cplnt","PSE",0.0529761140265733
"cplnt","RAP",0.0529761140265733
"cplnt","ROU",0.212197794474584
"cplnt","RUS",0.0679300092708308
"cplnt","RWA",0.176078744983075
"cplnt","SAU",0.0529761140265733
"cplnt","SDN",0.176078744983075
"cplnt","SEN",0.158814401807261
"cplnt","SLB",0.297854104932266
"cplnt","SLE",0.176159885662077
"cplnt","SLV",0.0723753098853557
"cplnt","SOM",0.176078744983075
"cplnt","SPP",0.0284764257036294
"cplnt","SSD",0.176078744983075
"cplnt","SVK",0.125221424294462
"cplnt","SVN",0.0997762478990814
"cplnt","SWE",0.0765067813389072
"cplnt","SWZ",0.00391971994823352
"cplnt","SYR",0.0529761140265733
"cplnt","TCD",0.264825449107597
"cplnt","TGO",0.176159885662077
"cplnt","THA",0.336169901045886
"cplnt","TJK",0.297573193611502
"cplnt","TKM",0.297573193611502
"cplnt","TLS",0.0546888084441876
"cplnt","TUN",0.845646133931391
"cplnt","TUR",0.404428662744706
"cplnt","TZA",0.174060314089445
"cplnt","UGA",0.139529477655299
"cplnt","UKP",0.0380922768133264
"cplnt","UKR",0.228800255929479
"cplnt","URY",0.0296918559866719
"cplnt","USA",0.00427960259423972
"cplnt","UZB",0.297573193611502
"cplnt","VEN",0.0893934008249199
"cplnt","VNM",0.267166145193926
"cplnt","VUT",0.297854104932266
"cplnt","YEM",0.0529761140265733
"cplnt","ZAF",0.0443974399263336
"cplnt","ZMB",0.0636866532786529
"cplnt","ZWE",0.118350055493321
"csubf","AFG",0.113232373766485
"csubf","AGO",0.056848462450683
"csubf","ALB",0.106042338270991
"csubf","ARG",0.0357229352595416
"csubf","ARM",0.0841480492769577
"csubf","AUS",0.0102974667191142
"csubf","AUT",0.0870709013765605
"csubf","AZE",0.126280904899755
"csubf","BDI",0.176078744983075
"csubf","BEN",0.176159885662077
"csubf","BFA",0.176159885662077
"csubf","BGD",0.163603723429316
"csubf","BGR",0.265600270072843
"csubf","BLR",0.075779150312423
"csubf","BLT",0.0423186426940494
"csubf","BLX",0.144657525049757
"csubf","BLZ",0.0723753098853557
"csubf","BOL",0.0404329741167693
"csubf","BRA",0.038330523505516
"csubf","BTN",0.113232373766485
"csubf","BWA",0.000607406917045534
"csubf","CAF",0.264825449107597
"csubf","CAN",0.00183761579817802
"csubf","CHL",0.0109834844631262
"csubf","CHM",0.138757889100073
"csubf","CHP",0.145554421605727
"csubf","CIV",0.176159885662077
"csubf","CMR",0.264825449107597
"csubf","COD",0.056848462450683
"csubf","COG",0.056848462450683
"csubf","COL",0.0660155146676541
"csubf","CRB",0.161384465536059
"csubf","CRI",0.0881579756456127
"csubf","CUB",0.161384465536059
"csubf","CYP",0.0260215074206343
"csubf","CZE",0.0485505784027363
"csubf","DEU",0.0824214396501838
"csubf","DJI",0.176078744983075
"csubf","DNK",0.023372988652398
"csubf","DOM",0.161384465536059
"csubf","DZA",0.159136892693696
"csubf","ECU",0.0455390038643894
"csubf","EGY",0.0612737197740205
"csubf","ERI",0.176078744983075
"csubf","ETH",0.197871177470402
"csubf","FJI",0.297854104932266
"csubf","FNP",0.131847479000666
"csubf","FRP",0.0248155481056885
"csubf","GAB",0.264825449107597
"csubf","GEO",0.102081824387551
"csubf","GHA",0.176159885662077
"csubf","GIN",0.176159885662077
"csubf","GMB",0.176159885662077
"csubf","GNB",0.176159885662077
"csubf","GNQ",0.264825449107597
"csubf","GRC",0.0730962951284729
"csubf","GRL",0.0324109103470819
"csubf","GSA",0.133469242244915
"csubf","GTM",0.141483471147284
"csubf","HND",0.0723753098853557
"csubf","HRV",0.0688464863630814
"csubf","HTI",0.161384465536059
"csubf","HUN",0.0553792644164134
"csubf","IDN",0.0483720616038567
"csubf","IND",0.358590527358977
"csubf","IRL",0.0768965583856833
"csubf","IRN",0.634406472753469
"csubf","IRQ",0.0529761140265733
"csubf","ISL",0.65731520839075
"csubf","ISR",0.0529761140265733
"csubf","ITP",0.132343011132849
"csubf","JAM",0.161384465536059
"csubf","JOR",0.0529761140265733
"csubf","JPN",0.0666387109684766
"csubf","KAZ",0.0502093913931672
"csubf","KEN",0.176078744983075
"csubf","KGZ",0.0615692197564811
"csubf","KHM",0.0694966821979875
"csubf","KOR",0.826411010119921
"csubf","LAO",0.288729890724306
"csubf","LBN",0.0529761140265733
"csubf","LBR",0.176159885662077
"csubf","LBY",0.159136892693696
"csubf","LKA",0.223988934097592
"csubf","LSO",0.00391971994823352
"csubf","MDA",0.105127039422176
"csubf","MDG",0.0868206558569168
"csubf","MEX",0.0152804510138771
"csubf","MLI",0.176078744983075
"csubf","MNG",0.156455743749232
"csubf","MOR",0.386655510115211
"csubf","MOZ",0.22790135248395
"csubf","MRT",0.176159885662077
"csubf","MWI",0.170038947402234
"csubf","MYS",0.0453108236436831
"csubf","NAM",0.00391971994823352
"csubf","NER",0.176159885662077
"csubf","NGA",0.755712964178831
"csubf","NIC",0.0511647791751618
"csubf","NLD",0.0335858025497143
"csubf","NOR",0.248117298198343
"csubf","NPL",0.113232373766485
"csubf","NZL",2.43885969365243E-5
"csubf","OPO",0.297854104932266
"csubf","OSA",0.0546888084441876
"csubf","PAK",0.123789200454678
"csubf","PAN",0.142962869474736
"csubf","PER",0.0928981883705076
"csubf","PHL",0.155047464125929
"csubf","PNG",0.297854104932266
"csubf","POL",0.0992798366828175
"csubf","PRK",0.156455743749232
"csubf","PRT",0.100971944632882
"csubf","PRY",0.00882168222101037
"csubf","PSE",0.0529761140265733
"csubf","RAP",0.0529761140265733
"csubf","ROU",0.212197794474584
"csubf","RUS",0.0679300092708308
"csubf","RWA",0.176078744983075
"csubf","SAU",0.0529761140265733
"csubf","SDN",0.176078744983075
"csubf","SEN",0.158814401807261
"csubf","SLB",0.297854104932266
"csubf","SLE",0.176159885662077
"csubf","SLV",0.0723753098853557
"csubf","SOM",0.176078744983075
"csubf","SPP",0.0284764257036294
"csubf","SSD",0.176078744983075
"csubf","SVK",0.125221424294462
"csubf","SVN",0.0997762478990814
"csubf","SWE",0.0765067813389072
"csubf","SWZ",0.00391971994823352
"csubf","SYR",0.0529761140265733
"csubf","TCD",0.264825449107597
"csubf","TGO",0.176159885662077
"csubf","THA",0.336169901045886
"csubf","TJK",0.297573193611502
"csubf","TKM",0.297573193611502
"csubf","TLS",0.0546888084441876
"csubf","TUN",0.845646133931391
"csubf","TUR",0.404428662744706
"csubf","TZA",0.174060314089445
"csubf","UGA",0.139529477655299
"csubf","UKP",0.0380922768133264
"csubf","UKR",0.228800255929479
"csubf","URY",0.0296918559866719
"csubf","USA",0.00427960259423972
"csubf","UZB",0.297573193611502
"csubf","VEN",0.0893934008249199
"csubf","VNM",0.267166145193926
"csubf","VUT",0.297854104932266
"csubf","YEM",0.0529761140265733
"csubf","ZAF",0.0443974399263336
"csubf","ZMB",0.0636866532786529
"csubf","ZWE",0.118350055493321
"ctemf","AFG",0.113232373766485
"ctemf","AGO",0.056848462450683
"ctemf","ALB",0.106042338270991
"ctemf","ARG",0.0357229352595416
"ctemf","ARM",0.0841480492769577
"ctemf","AUS",0.0102974667191142
"ctemf","AUT",0.0870709013765605
"ctemf","AZE",0.126280904899755
"ctemf","BDI",0.176078744983075
"ctemf","BEN",0.176159885662077
"ctemf","BFA",0.176159885662077
"ctemf","BGD",0.163603723429316
"ctemf","BGR",0.265600270072843
"ctemf","BLR",0.075779150312423
"ctemf","BLT",0.0423186426940494
"ctemf","BLX",0.144657525049757
"ctemf","BLZ",0.0723753098853557
"ctemf","BOL",0.0404329741167693
"ctemf","BRA",0.038330523505516
"ctemf","BTN",0.113232373766485
"ctemf","BWA",0.000607406917045534
"ctemf","CAF",0.264825449107597
"ctemf","CAN",0.00183761579817802
"ctemf","CHL",0.0109834844631262
"ctemf","CHM",0.138757889100073
"ctemf","CHP",0.145554421605727
"ctemf","CIV",0.176159885662077
"ctemf","CMR",0.264825449107597
"ctemf","COD",0.056848462450683
"ctemf","COG",0.056848462450683
"ctemf","COL",0.0660155146676541
"ctemf","CRB",0.161384465536059
"ctemf","CRI",0.0881579756456127
"ctemf","CUB",0.161384465536059
"ctemf","CYP",0.0260215074206343
"ctemf","CZE",0.0485505784027363
"ctemf","DEU",0.0824214396501838
"ctemf","DJI",0.176078744983075
"ctemf","DNK",0.023372988652398
"ctemf","DOM",0.161384465536059
"ctemf","DZA",0.159136892693696
"ctemf","ECU",0.0455390038643894
"ctemf","EGY",0.0612737197740205
"ctemf","ERI",0.176078744983075
"ctemf","ETH",0.197871177470402
"ctemf","FJI",0.297854104932266
"ctemf","FNP",0.131847479000666
"ctemf","FRP",0.0248155481056885
"ctemf","GAB",0.264825449107597
"ctemf","GEO",0.102081824387551
"ctemf","GHA",0.176159885662077
"ctemf","GIN",0.176159885662077
"ctemf","GMB",0.176159885662077
"ctemf","GNB",0.176159885662077
"ctemf","GNQ",0.264825449107597
"ctemf","GRC",0.0730962951284729
"ctemf","GRL",0.0324109103470819
"ctemf","GSA",0.133469242244915
"ctemf","GTM",0.141483471147284
"ctemf","HND",0.0723753098853557
"ctemf","HRV",0.0688464863630814
"ctemf","HTI",0.161384465536059
"ctemf","HUN",0.0553792644164134
"ctemf","IDN",0.0483720616038567
"ctemf","IND",0.358590527358977
"ctemf","IRL",0.0768965583856833
"ctemf","IRN",0.634406472753469
"ctemf","IRQ",0.0529761140265733
"ctemf","ISL",0.65731520839075
"ctemf","ISR",0.0529761140265733
"ctemf","ITP",0.132343011132849
"ctemf","JAM",0.161384465536059
"ctemf","JOR",0.0529761140265733
"ctemf","JPN",0.0666387109684766
"ctemf","KAZ",0.0502093913931672
"ctemf","KEN",0.176078744983075
"ctemf","KGZ",0.0615692197564811
"ctemf","KHM",0.0694966821979875
"ctemf","KOR",0.826411010119921
"ctemf","LAO",0.288729890724306
"ctemf","LBN",0.0529761140265733
"ctemf","LBR",0.176159885662077
"ctemf","LBY",0.159136892693696
"ctemf","LKA",0.223988934097592
"ctemf","LSO",0.00391971994823352
"ctemf","MDA",0.105127039422176
"ctemf","MDG",0.0868206558569168
"ctemf","MEX",0.0152804510138771
"ctemf","MLI",0.176078744983075
"ctemf","MNG",0.156455743749232
"ctemf","MOR",0.386655510115211
"ctemf","MOZ",0.22790135248395
"ctemf","MRT",0.176159885662077
"ctemf","MWI",0.170038947402234
"ctemf","MYS",0.0453108236436831
"ctemf","NAM",0.00391971994823352
"ctemf","NER",0.176159885662077
"ctemf","NGA",0.755712964178831
"ctemf","NIC",0.0511647791751618
"ctemf","NLD",0.0335858025497143
"ctemf","NOR",0.248117298198343
"ctemf","NPL",0.113232373766485
"ctemf","NZL",2.43885969365243E-5
"ctemf","OPO",0.297854104932266
"ctemf","OSA",0.0546888084441876
"ctemf","PAK",0.123789200454678
"ctemf","PAN",0.142962869474736
"ctemf","PER",0.0928981883705076
"ctemf","PHL",0.155047464125929
"ctemf","PNG",0.297854104932266
"ctemf","POL",0.0992798366828175
"ctemf","PRK",0.156455743749232
"ctemf","PRT",0.100971944632882
"ctemf","PRY",0.00882168222101037
"ctemf","PSE",0.0529761140265733
"ctemf","RAP",0.0529761140265733
"ctemf","ROU",0.212197794474584
"ctemf","RUS",0.0679300092708308
"ctemf","RWA",0.176078744983075
"ctemf","SAU",0.0529761140265733
"ctemf","SDN",0.176078744983075
"ctemf","SEN",0.158814401807261
"ctemf","SLB",0.297854104932266
"ctemf","SLE",0.176159885662077
"ctemf","SLV",0.0723753098853557
"ctemf","SOM",0.176078744983075
"ctemf","SPP",0.0284764257036294
"ctemf","SSD",0.176078744983075
"ctemf","SVK",0.125221424294462
"ctemf","SVN",0.0997762478990814
"ctemf","SWE",0.0765067813389072
"ctemf","SWZ",0.00391971994823352
"ctemf","SYR",0.0529761140265733
"ctemf","TCD",0.264825449107597
"ctemf","TGO",0.176159885662077
"ctemf","THA",0.336169901045886
"ctemf","TJK",0.297573193611502
"ctemf","TKM",0.297573193611502
"ctemf","TLS",0.0546888084441876
"ctemf","TUN",0.845646133931391
"ctemf","TUR",0.404428662744706
"ctemf","TZA",0.174060314089445
"ctemf","UGA",0.139529477655299
"ctemf","UKP",0.0380922768133264
"ctemf","UKR",0.228800255929479
"ctemf","URY",0.0296918559866719
"ctemf","USA",0.00427960259423972
"ctemf","UZB",0.297573193611502
"ctemf","VEN",0.0893934008249199
"ctemf","VNM",0.267166145193926
"ctemf","VUT",0.297854104932266
"ctemf","YEM",0.0529761140265733
"ctemf","ZAF",0.0443974399263336
"ctemf","ZMB",0.0636866532786529
"ctemf","ZWE",0.118350055493321
"cvege","AFG",0.113232373766485
"cvege","AGO",0.056848462450683
"cvege","ALB",0.106042338270991
"cvege","ARG",0.0357229352595416
"cvege","ARM",0.0841480492769577
"cvege","AUS",0.0102974667191142
"cvege","AUT",0.0870709013765605
"cvege","AZE",0.126280904899755
"cvege","BDI",0.176078744983075
"cvege","BEN",0.176159885662077
"cvege","BFA",0.176159885662077
"cvege","BGD",0.163603723429316
"cvege","BGR",0.265600270072843
"cvege","BLR",0.075779150312423
"cvege","BLT",0.0423186426940494
"cvege","BLX",0.144657525049757
"cvege","BLZ",0.0723753098853557
"cvege","BOL",0.0404329741167693
"cvege","BRA",0.038330523505516
"cvege","BTN",0.113232373766485
"cvege","BWA",0.000607406917045534
"cvege","CAF",0.264825449107597
"cvege","CAN",0.00183761579817802
"cvege","CHL",0.0109834844631262
"cvege","CHM",0.138757889100073
"cvege","CHP",0.145554421605727
"cvege","CIV",0.176159885662077
"cvege","CMR",0.264825449107597
"cvege","COD",0.056848462450683
"cvege","COG",0.056848462450683
"cvege","COL",0.0660155146676541
"cvege","CRB",0.161384465536059
"cvege","CRI",0.0881579756456127
"cvege","CUB",0.161384465536059
"cvege","CYP",0.0260215074206343
"cvege","CZE",0.0485505784027363
"cvege","DEU",0.0824214396501838
"cvege","DJI",0.176078744983075
"cvege","DNK",0.023372988652398
"cvege","DOM",0.161384465536059
"cvege","DZA",0.159136892693696
"cvege","ECU",0.0455390038643894
"cvege","EGY",0.0612737197740205
"cvege","ERI",0.176078744983075
"cvege","ETH",0.197871177470402
"cvege","FJI",0.297854104932266
"cvege","FNP",0.131847479000666
"cvege","FRP",0.0248155481056885
"cvege","GAB",0.264825449107597
"cvege","GEO",0.102081824387551
"cvege","GHA",0.176159885662077
"cvege","GIN",0.176159885662077
"cvege","GMB",0.176159885662077
"cvege","GNB",0.176159885662077
"cvege","GNQ",0.264825449107597
"cvege","GRC",0.0730962951284729
"cvege","GRL",0.0324109103470819
"cvege","GSA",0.133469242244915
"cvege","GTM",0.141483471147284
"cvege","HND",0.0723753098853557
"cvege","HRV",0.0688464863630814
"cvege","HTI",0.161384465536059
"cvege","HUN",0.0553792644164134
"cvege","IDN",0.0483720616038567
"cvege","IND",0.358590527358977
"cvege","IRL",0.0768965583856833
"cvege","IRN",0.634406472753469
"cvege","IRQ",0.0529761140265733
"cvege","ISL",0.65731520839075
"cvege","ISR",0.0529761140265733
"cvege","ITP",0.132343011132849
"cvege","JAM",0.161384465536059
"cvege","JOR",0.0529761140265733
"cvege","JPN",0.0666387109684766
"cvege","KAZ",0.0502093913931672
"cvege","KEN",0.176078744983075
"cvege","KGZ",0.0615692197564811
"cvege","KHM",0.0694966821979875
"cvege","KOR",0.826411010119921
"cvege","LAO",0.288729890724306
"cvege","LBN",0.0529761140265733
"cvege","LBR",0.176159885662077
"cvege","LBY",0.159136892693696
"cvege","LKA",0.223988934097592
"cvege","LSO",0.00391971994823352
"cvege","MDA",0.105127039422176
"cvege","MDG",0.0868206558569168
"cvege","MEX",0.0152804510138771
"cvege","MLI",0.176078744983075
"cvege","MNG",0.156455743749232
"cvege","MOR",0.386655510115211
"cvege","MOZ",0.22790135248395
"cvege","MRT",0.176159885662077
"cvege","MWI",0.170038947402234
"cvege","MYS",0.0453108236436831
"cvege","NAM",0.00391971994823352
"cvege","NER",0.176159885662077
"cvege","NGA",0.755712964178831
"cvege","NIC",0.0511647791751618
"cvege","NLD",0.0335858025497143
"cvege","NOR",0.248117298198343
"cvege","NPL",0.113232373766485
"cvege","NZL",2.43885969365243E-5
"cvege","OPO",0.297854104932266
"cvege","OSA",0.0546888084441876
"cvege","PAK",0.123789200454678
"cvege","PAN",0.142962869474736
"cvege","PER",0.0928981883705076
"cvege","PHL",0.155047464125929
"cvege","PNG",0.297854104932266
"cvege","POL",0.0992798366828175
"cvege","PRK",0.156455743749232
"cvege","PRT",0.100971944632882
"cvege","PRY",0.00882168222101037
"cvege","PSE",0.0529761140265733
"cvege","RAP",0.0529761140265733
"cvege","ROU",0.212197794474584
"cvege","RUS",0.0679300092708308
"cvege","RWA",0.176078744983075
"cvege","SAU",0.0529761140265733
"cvege","SDN",0.176078744983075
"cvege","SEN",0.158814401807261
"cvege","SLB",0.297854104932266
"cvege","SLE",0.176159885662077
"cvege","SLV",0.0723753098853557
"cvege","SOM",0.176078744983075
"cvege","SPP",0.0284764257036294
"cvege","SSD",0.176078744983075
"cvege","SVK",0.125221424294462
"cvege","SVN",0.0997762478990814
"cvege","SWE",0.0765067813389072
"cvege","SWZ",0.00391971994823352
"cvege","SYR",0.0529761140265733
"cvege","TCD",0.264825449107597
"cvege","TGO",0.176159885662077
"cvege","THA",0.336169901045886
"cvege","TJK",0.297573193611502
"cvege","TKM",0.297573193611502
"cvege","TLS",0.0546888084441876
"cvege","TUN",0.845646133931391
"cvege","TUR",0.404428662744706
"cvege","TZA",0.174060314089445
"cvege","UGA",0.139529477655299
"cvege","UKP",0.0380922768133264
"cvege","UKR",0.228800255929479
"cvege","URY",0.0296918559866719
"cvege","USA",0.00427960259423972
"cvege","UZB",0.297573193611502
"cvege","VEN",0.0893934008249199
"cvege","VNM",0.267166145193926
"cvege","VUT",0.297854104932266
"cvege","YEM",0.0529761140265733
"cvege","ZAF",0.0443974399263336
"cvege","ZMB",0.0636866532786529
"cvege","ZWE",0.118350055493321
"csugc","AFG",0.0580985597061141
"csugc","BDI",0.00577098539388032
"csugc","BLZ",0.0269652545581232
"csugc","BTN",0.0580985597061141
"csugc","CAF",0.0299650329809937
"csugc","CHM",0.0653235601238895
"csugc","CHP",0.190446413291772
"csugc","CMR",0.0299650329809937
"csugc","CRB",0.029298572089079
"csugc","CUB",0.029298572089079
"csugc","CYP",0.59973449075528
"csugc","DJI",0.00577098539388032
"csugc","DOM",0.029298572089079
"csugc","DZA",0.019819176097276
"csugc","ERI",0.00577098539388032
"csugc","ETH",0.0432189257921759
"csugc","GAB",0.0299650329809937
"csugc","GNQ",0.0299650329809937
"csugc","HND",0.0269652545581232
"csugc","HRV",0.11812604861685
"csugc","HTI",0.029298572089079
"csugc","IRN",0.199736131970254
"csugc","IRQ",0.00868762388226363
"csugc","ISR",0.00868762388226363
"csugc","JAM",0.029298572089079
"csugc","JOR",0.00868762388226363
"csugc","KEN",0.00577098539388032
"csugc","KOR",0.00023326995702947
"csugc","LBN",0.00868762388226363
"csugc","LBY",0.019819176097276
"csugc","MLI",0.00577098539388032
"csugc","MOR",0.113329819553563
"csugc","MYS",0.00323295839366982
"csugc","NOR",0.325452572445205
"csugc","NPL",0.0580985597061141
"csugc","PAK",0.00424026528069088
"csugc","PSE",0.00868762388226363
"csugc","RAP",0.00868762388226363
"csugc","RUS",0.000401971305281856
"csugc","RWA",0.00577098539388032
"csugc","SAU",0.00868762388226363
"csugc","SDN",0.00577098539388032
"csugc","SLV",0.0269652545581232
"csugc","SOM",0.00577098539388032
"csugc","SSD",0.00577098539388032
"csugc","SWE",0.129171366335968
"csugc","SYR",0.00868762388226363
"csugc","TCD",0.0299650329809937
"csugc","TUR",0.183835530103852
"csugc","TZA",0.0817668902568887
"csugc","USA",1.80788643171654E-5
"csugc","VEN",0.0950598593584173
"csugc","VNM",0.00268382293059697
"csugc","YEM",0.00868762388226363
"csugb","AFG",0.0580985597061141
"csugb","BDI",0.00577098539388032
"csugb","BLZ",0.0269652545581232
"csugb","BTN",0.0580985597061141
"csugb","CAF",0.0299650329809937
"csugb","CHM",0.0653235601238895
"csugb","CHP",0.190446413291772
"csugb","CMR",0.0299650329809937
"csugb","CRB",0.029298572089079
"csugb","CUB",0.029298572089079
"csugb","CYP",0.59973449075528
"csugb","DJI",0.00577098539388032
"csugb","DOM",0.029298572089079
"csugb","DZA",0.019819176097276
"csugb","ERI",0.00577098539388032
"csugb","ETH",0.0432189257921759
"csugb","GAB",0.0299650329809937
"csugb","GNQ",0.0299650329809937
"csugb","HND",0.0269652545581232
"csugb","HRV",0.11812604861685
"csugb","HTI",0.029298572089079
"csugb","IRN",0.199736131970254
"csugb","IRQ",0.00868762388226363
"csugb","ISR",0.00868762388226363
"csugb","JAM",0.029298572089079
"csugb","JOR",0.00868762388226363
"csugb","KEN",0.00577098539388032
"csugb","KOR",0.00023326995702947
"csugb","LBN",0.00868762388226363
"csugb","LBY",0.019819176097276
"csugb","MLI",0.00577098539388032
"csugb","MOR",0.113329819553563
"csugb","MYS",0.00323295839366982
"csugb","NOR",0.325452572445205
"csugb","NPL",0.0580985597061141
"csugb","PAK",0.00424026528069088
"csugb","PSE",0.00868762388226363
"csugb","RAP",0.00868762388226363
"csugb","RUS",0.000401971305281856
"csugb","RWA",0.00577098539388032
"csugb","SAU",0.00868762388226363
"csugb","SDN",0.00577098539388032
"csugb","SLV",0.0269652545581232
"csugb","SOM",0.00577098539388032
"csugb","SSD",0.00577098539388032
"csugb","SWE",0.129171366335968
"csugb","SYR",0.00868762388226363
"csugb","TCD",0.0299650329809937
"csugb","TUR",0.183835530103852
"csugb","TZA",0.0817668902568887
"csugb","USA",1.80788643171654E-5
"csugb","VEN",0.0950598593584173
"csugb","VNM",0.00268382293059697
"csugb","YEM",0.00868762388226363
"csugr","AFG",0.033627186737193
"csugr","AGO",0.0656199632184671
"csugr","ALB",0.0984576535222768
"csugr","ARG",0.0664638674499871
"csugr","ARM",0.0735544400254753
"csugr","AUS",0.000328161140517592
"csugr","AUT",0.320327841903755
"csugr","AZE",0.0332521046568176
"csugr","BDI",0.213855739172135
"csugr","BEN",0.111476107719334
"csugr","BFA",0.111476107719334
"csugr","BGD",0.2838153727011
"csugr","BGR",0.0685472182492597
"csugr","BLR",0.0626074061853801
"csugr","BLT",0.240520428597987
"csugr","BLX",0.0525745657322832
"csugr","BLZ",0.272709964249112
"csugr","BOL",0.0890306501109667
"csugr","BRA",0.108642009904181
"csugr","BTN",0.033627186737193
"csugr","BWA",0.0452729903215123
"csugr","CAF",0.273077538889246
"csugr","CAN",0.0057626915730705
"csugr","CHL",0.059624011056557
"csugr","CHM",0.00270001851684329
"csugr","CHP",0.376459387959443
"csugr","CIV",0.111476107719334
"csugr","CMR",0.273077538889246
"csugr","COD",0.0656199632184671
"csugr","COG",0.0656199632184671
"csugr","COL",0.090992623954773
"csugr","CRB",0.182802792354387
"csugr","CRI",0.252416640419122
"csugr","CUB",0.182802792354387
"csugr","CYP",0.00403987570032655
"csugr","CZE",0.184145519897656
"csugr","DEU",0.189368426952858
"csugr","DJI",0.213855739172135
"csugr","DNK",0.0996006934620162
"csugr","DOM",0.182802792354387
"csugr","DZA",0.173531209377983
"csugr","ECU",0.127331923489113
"csugr","EGY",0.0352647241116631
"csugr","ERI",0.213855739172135
"csugr","ETH",0.0497559527269063
"csugr","FJI",0.13751625142314
"csugr","FNP",1.30827497176922
"csugr","FRP",0.228991204240541
"csugr","GAB",0.273077538889246
"csugr","GEO",0.106577867218384
"csugr","GHA",0.111476107719334
"csugr","GIN",0.111476107719334
"csugr","GMB",0.111476107719334
"csugr","GNB",0.111476107719334
"csugr","GNQ",0.273077538889246
"csugr","GRC",1.29460643161662
"csugr","GRL",0.000579285216228599
"csugr","GSA",0.131115412524469
"csugr","GTM",0.179979016550527
"csugr","HND",0.272709964249112
"csugr","HRV",0.245776763338508
"csugr","HTI",0.182802792354387
"csugr","HUN",0.533104534101339
"csugr","IDN",0.345518110885252
"csugr","IND",0.844263565030526
"csugr","IRL",0.0453389107465135
"csugr","IRN",0.810378721575097
"csugr","IRQ",0.0523109143093329
"csugr","ISL",0.00727576120926282
"csugr","ISR",0.0523109143093329
"csugr","ITP",0.327604546562139
"csugr","JAM",0.182802792354387
"csugr","JOR",0.0523109143093329
"csugr","JPN",2.14509950539322
"csugr","KAZ",0.0230652814983802
"csugr","KEN",0.213855739172135
"csugr","KGZ",0.0350372354459081
"csugr","KHM",0.0709961383164898
"csugr","KOR",0.0424194182909307
"csugr","LAO",0.0998613143196334
"csugr","LBN",0.0523109143093329
"csugr","LBR",0.111476107719334
"csugr","LBY",0.173531209377983
"csugr","LKA",0.241990505811736
"csugr","LSO",0.0985596456921645
"csugr","MDA",0.00793812858942151
"csugr","MDG",0.120894876359335
"csugr","MEX",8.21016879399194E-5
"csugr","MLI",0.213855739172135
"csugr","MNG",0.195130331052355
"csugr","MOR",0.345742451727829
"csugr","MOZ",0.0749315395474681
"csugr","MRT",0.111476107719334
"csugr","MWI",0.00659971416350683
"csugr","NAM",0.0985596456921645
"csugr","NER",0.111476107719334
"csugr","NGA",0.14970251449086
"csugr","NIC",0.0711709337716549
"csugr","NLD",0.148255063994787
"csugr","NOR",0.250989145175437
"csugr","NPL",0.033627186737193
"csugr","OPO",0.13751625142314
"csugr","OSA",0.00173439599879263
"csugr","PAK",0.244551432924016
"csugr","PAN",0.0550141013540164
"csugr","PER",0.0941070969284876
"csugr","PHL",0.266504542921073
"csugr","PNG",0.13751625142314
"csugr","POL",0.135104700171683
"csugr","PRK",0.195130331052355
"csugr","PRT",1.67289624081617
"csugr","PRY",0.28592041503163
"csugr","PSE",0.0523109143093329
"csugr","RAP",0.0523109143093329
"csugr","ROU",0.268253611831271
"csugr","RUS",0.258584078606896
"csugr","RWA",0.213855739172135
"csugr","SAU",0.0523109143093329
"csugr","SDN",0.213855739172135
"csugr","SEN",0.198431146573036
"csugr","SLB",0.13751625142314
"csugr","SLE",0.111476107719334
"csugr","SLV",0.272709964249112
"csugr","SOM",0.213855739172135
"csugr","SPP",0.0611900752019254
"csugr","SSD",0.213855739172135
"csugr","SVK",0.562329485643762
"csugr","SVN",0.610874282811459
"csugr","SWE",0.065878728138048
"csugr","SWZ",0.0985596456921645
"csugr","SYR",0.0523109143093329
"csugr","TCD",0.273077538889246
"csugr","TGO",0.111476107719334
"csugr","THA",0.228830121235888
"csugr","TJK",0.0141582388141163
"csugr","TKM",0.0141582388141163
"csugr","TLS",0.00173439599879263
"csugr","TUN",0.168959907062978
"csugr","TUR",0.406179913452573
"csugr","TZA",0.248966353664614
"csugr","UGA",0.141542508369575
"csugr","UKP",1.18537715099195
"csugr","UKR",0.496237473573767
"csugr","URY",0.155641687337827
"csugr","USA",0.394116650643776
"csugr","UZB",0.0141582388141163
"csugr","VEN",0.192623480191021
"csugr","VNM",0.0914646298315586
"csugr","VUT",0.13751625142314
"csugr","YEM",0.0523109143093329
"csugr","ZAF",0.0231884760310551
"csugr","ZMB",0.138794857931978
"csugr","ZWE",0.222148937048979
"cgrnd","AFG",0.0964607931223865
"cgrnd","AGO",0.0561030604176979
"cgrnd","ALB",0.0694191907332606
"cgrnd","ARG",0.00916542333023534
"cgrnd","ARM",0.000226677510054917
"cgrnd","AUS",0.00734304961129488
"cgrnd","AZE",0.0167083618083251
"cgrnd","BDI",0.141472983605022
"cgrnd","BEN",0.0489701646330379
"cgrnd","BFA",0.0489701646330379
"cgrnd","BGD",0.0807889586801868
"cgrnd","BGR",0.133603721399923
"cgrnd","BLR",0.00898591549438162
"cgrnd","BLZ",0.00277559601010542
"cgrnd","BOL",0.0498573874667276
"cgrnd","BRA",0.00292278685429033
"cgrnd","BTN",0.0964607931223865
"cgrnd","CAF",0.0980228973385849
"cgrnd","CHL",0.00157763893199936
"cgrnd","CHM",0.0245781246636293
"cgrnd","CHP",0.293767018296218
"cgrnd","CIV",0.0489701646330379
"cgrnd","CMR",0.0980228973385849
"cgrnd","COD",0.0561030604176979
"cgrnd","COG",0.0561030604176979
"cgrnd","COL",0.0696301660852079
"cgrnd","CRB",0.0128229236478914
"cgrnd","CRI",0.000428110600452358
"cgrnd","CUB",0.0128229236478914
"cgrnd","DJI",0.141472983605022
"cgrnd","DOM",0.0128229236478914
"cgrnd","DZA",0.187236597759769
"cgrnd","ECU",0.0573526366251333
"cgrnd","EGY",0.011468069786181
"cgrnd","ERI",0.141472983605022
"cgrnd","ETH",0.0496852079704306
"cgrnd","FJI",0.0449136946907775
"cgrnd","GAB",0.0980228973385849
"cgrnd","GEO",0.00269018076567687
"cgrnd","GHA",0.0489701646330379
"cgrnd","GIN",0.0489701646330379
"cgrnd","GMB",0.0489701646330379
"cgrnd","GNB",0.0489701646330379
"cgrnd","GNQ",0.0980228973385849
"cgrnd","GRL",0.0482780227381829
"cgrnd","GSA",0.137782501597155
"cgrnd","GTM",0.00340540478697622
"cgrnd","HND",0.00277559601010542
"cgrnd","HRV",0.00563605928568135
"cgrnd","HTI",0.0128229236478914
"cgrnd","IDN",0.00386662627487805
"cgrnd","IND",0.472899690099665
"cgrnd","IRN",0.0452984288007841
"cgrnd","IRQ",0.0188636956124104
"cgrnd","ISR",0.0188636956124104
"cgrnd","JAM",0.0128229236478914
"cgrnd","JOR",0.0188636956124104
"cgrnd","JPN",0.00214148985391538
"cgrnd","KAZ",0.00390684784676495
"cgrnd","KEN",0.141472983605022
"cgrnd","KGZ",0.00704177656098337
"cgrnd","KHM",0.140716832983344
"cgrnd","KOR",1.33886406725453
"cgrnd","LAO",0.164277192310709
"cgrnd","LBN",0.0188636956124104
"cgrnd","LBR",0.0489701646330379
"cgrnd","LBY",0.187236597759769
"cgrnd","LKA",0.246428613856448
"cgrnd","LSO",0.00320789280763255
"cgrnd","MDA",0.0568131731051145
"cgrnd","MDG",0.0116107945243599
"cgrnd","MEX",0.00252716208007317
"cgrnd","MLI",0.141472983605022
"cgrnd","MNG",0.0283686748025196
"cgrnd","MOR",0.105608771075301
"cgrnd","MOZ",0.066773429373486
"cgrnd","MRT",0.0489701646330379
"cgrnd","MWI",0.00423461514868709
"cgrnd","MYS",0.00391431506578355
"cgrnd","NAM",0.00320789280763255
"cgrnd","NER",0.0489701646330379
"cgrnd","NGA",0.197068301569364
"cgrnd","NIC",0.011608464580201
"cgrnd","NOR",0.733936916651156
"cgrnd","NPL",0.0964607931223865
"cgrnd","OPO",0.0449136946907775
"cgrnd","OSA",0.00736472358257301
"cgrnd","PAK",0.0994164655962612
"cgrnd","PAN",0.0377970083968104
"cgrnd","PER",0.038767165296731
"cgrnd","PHL",0.0429774821679287
"cgrnd","PNG",0.0449136946907775
"cgrnd","PRK",0.0283686748025196
"cgrnd","PRY",0.00861577188916962
"cgrnd","PSE",0.0188636956124104
"cgrnd","RAP",0.0188636956124104
"cgrnd","ROU",0.081640627311256
"cgrnd","RUS",0.0420517059597984
"cgrnd","RWA",0.141472983605022
"cgrnd","SAU",0.0188636956124104
"cgrnd","SDN",0.141472983605022
"cgrnd","SEN",0.0286046571150755
"cgrnd","SLB",0.0449136946907775
"cgrnd","SLE",0.0489701646330379
"cgrnd","SLV",0.00277559601010542
"cgrnd","SOM",0.141472983605022
"cgrnd","SSD",0.141472983605022
"cgrnd","SWZ",0.00320789280763255
"cgrnd","SYR",0.0188636956124104
"cgrnd","TCD",0.0980228973385849
"cgrnd","TGO",0.0489701646330379
"cgrnd","THA",0.339472518089083
"cgrnd","TLS",0.00736472358257301
"cgrnd","TUN",0.226738452596576
"cgrnd","TUR",0.0483754612366517
"cgrnd","TZA",0.24123837473926
"cgrnd","UGA",0.0567961122034577
"cgrnd","UKR",0.321660720735282
"cgrnd","URY",8.8506169036654E-5
"cgrnd","USA",0.0349597087567786
"cgrnd","VEN",0.0813369863367139
"cgrnd","VNM",0.0721057468233311
"cgrnd","VUT",0.0449136946907775
"cgrnd","YEM",0.0188636956124104
"cgrnd","ZAF",0.0333720538991193
"cgrnd","ZMB",0.0433484118522895
"cgrnd","ZWE",0.0639007178049894
"cgdnt","AFG",0.0964607931223865
"cgdnt","AGO",0.0561030604176979
"cgdnt","ALB",0.0694191907332606
"cgdnt","ARG",0.00916542333023534
"cgdnt","ARM",0.000226677510054917
"cgdnt","AUS",0.00734304961129488
"cgdnt","AZE",0.0167083618083251
"cgdnt","BDI",0.141472983605022
"cgdnt","BEN",0.0489701646330379
"cgdnt","BFA",0.0489701646330379
"cgdnt","BGD",0.0807889586801868
"cgdnt","BGR",0.133603721399923
"cgdnt","BLR",0.00898591549438162
"cgdnt","BLZ",0.00277559601010542
"cgdnt","BOL",0.0498573874667276
"cgdnt","BRA",0.00292278685429033
"cgdnt","BTN",0.0964607931223865
"cgdnt","CAF",0.0980228973385849
"cgdnt","CHL",0.00157763893199936
"cgdnt","CHM",0.0245781246636293
"cgdnt","CHP",0.293767018296218
"cgdnt","CIV",0.0489701646330379
"cgdnt","CMR",0.0980228973385849
"cgdnt","COD",0.0561030604176979
"cgdnt","COG",0.0561030604176979
"cgdnt","COL",0.0696301660852079
"cgdnt","CRB",0.0128229236478914
"cgdnt","CRI",0.000428110600452358
"cgdnt","CUB",0.0128229236478914
"cgdnt","DJI",0.141472983605022
"cgdnt","DOM",0.0128229236478914
"cgdnt","DZA",0.187236597759769
"cgdnt","ECU",0.0573526366251333
"cgdnt","EGY",0.011468069786181
"cgdnt","ERI",0.141472983605022
"cgdnt","ETH",0.0496852079704306
"cgdnt","FJI",0.0449136946907775
"cgdnt","GAB",0.0980228973385849
"cgdnt","GEO",0.00269018076567687
"cgdnt","GHA",0.0489701646330379
"cgdnt","GIN",0.0489701646330379
"cgdnt","GMB",0.0489701646330379
"cgdnt","GNB",0.0489701646330379
"cgdnt","GNQ",0.0980228973385849
"cgdnt","GRL",0.0482780227381829
"cgdnt","GSA",0.137782501597155
"cgdnt","GTM",0.00340540478697622
"cgdnt","HND",0.00277559601010542
"cgdnt","HRV",0.00563605928568135
"cgdnt","HTI",0.0128229236478914
"cgdnt","IDN",0.00386662627487805
"cgdnt","IND",0.472899690099665
"cgdnt","IRN",0.0452984288007841
"cgdnt","IRQ",0.0188636956124104
"cgdnt","ISR",0.0188636956124104
"cgdnt","JAM",0.0128229236478914
"cgdnt","JOR",0.0188636956124104
"cgdnt","JPN",0.00214148985391538
"cgdnt","KAZ",0.00390684784676495
"cgdnt","KEN",0.141472983605022
"cgdnt","KGZ",0.00704177656098337
"cgdnt","KHM",0.140716832983344
"cgdnt","KOR",1.33886406725453
"cgdnt","LAO",0.164277192310709
"cgdnt","LBN",0.0188636956124104
"cgdnt","LBR",0.0489701646330379
"cgdnt","LBY",0.187236597759769
"cgdnt","LKA",0.246428613856448
"cgdnt","LSO",0.00320789280763255
"cgdnt","MDA",0.0568131731051145
"cgdnt","MDG",0.0116107945243599
"cgdnt","MEX",0.00252716208007317
"cgdnt","MLI",0.141472983605022
"cgdnt","MNG",0.0283686748025196
"cgdnt","MOR",0.105608771075301
"cgdnt","MOZ",0.066773429373486
"cgdnt","MRT",0.0489701646330379
"cgdnt","MWI",0.00423461514868709
"cgdnt","MYS",0.00391431506578355
"cgdnt","NAM",0.00320789280763255
"cgdnt","NER",0.0489701646330379
"cgdnt","NGA",0.197068301569364
"cgdnt","NIC",0.011608464580201
"cgdnt","NOR",0.733936916651156
"cgdnt","NPL",0.0964607931223865
"cgdnt","OPO",0.0449136946907775
"cgdnt","OSA",0.00736472358257301
"cgdnt","PAK",0.0994164655962612
"cgdnt","PAN",0.0377970083968104
"cgdnt","PER",0.038767165296731
"cgdnt","PHL",0.0429774821679287
"cgdnt","PNG",0.0449136946907775
"cgdnt","PRK",0.0283686748025196
"cgdnt","PRY",0.00861577188916962
"cgdnt","PSE",0.0188636956124104
"cgdnt","RAP",0.0188636956124104
"cgdnt","ROU",0.081640627311256
"cgdnt","RUS",0.0420517059597984
"cgdnt","RWA",0.141472983605022
"cgdnt","SAU",0.0188636956124104
"cgdnt","SDN",0.141472983605022
"cgdnt","SEN",0.0286046571150755
"cgdnt","SLB",0.0449136946907775
"cgdnt","SLE",0.0489701646330379
"cgdnt","SLV",0.00277559601010542
"cgdnt","SOM",0.141472983605022
"cgdnt","SSD",0.141472983605022
"cgdnt","SWZ",0.00320789280763255
"cgdnt","SYR",0.0188636956124104
"cgdnt","TCD",0.0980228973385849
"cgdnt","TGO",0.0489701646330379
"cgdnt","THA",0.339472518089083
"cgdnt","TLS",0.00736472358257301
"cgdnt","TUN",0.226738452596576
"cgdnt","TUR",0.0483754612366517
"cgdnt","TZA",0.24123837473926
"cgdnt","UGA",0.0567961122034577
"cgdnt","UKR",0.321660720735282
"cgdnt","URY",8.8506169036654E-5
"cgdnt","USA",0.0349597087567786
"cgdnt","VEN",0.0813369863367139
"cgdnt","VNM",0.0721057468233311
"cgdnt","VUT",0.0449136946907775
"cgdnt","YEM",0.0188636956124104
"cgdnt","ZAF",0.0333720538991193
"cgdnt","ZMB",0.0433484118522895
"cgdnt","ZWE",0.0639007178049894
"cgdol","AFG",0.0607206378060896
"cgdol","AGO",0.0627983876807377
"cgdol","ALB",0.0779366010350988
"cgdol","ARG",0.0684831352110205
"cgdol","ARM",0.0659631612191444
"cgdol","AUS",0.0073181880234935
"cgdol","AUT",0.00178752259277706
"cgdol","AZE",0.0215103570686268
"cgdol","BDI",0.139819177012839
"cgdol","BEN",0.159487176004326
"cgdol","BFA",0.159487176004326
"cgdol","BGD",0.211951570429444
"cgdol","BGR",0.0945565222822461
"cgdol","BLR",0.0180303175639692
"cgdol","BLT",0.005712556284139
"cgdol","BLX",0.0122807358904978
"cgdol","BLZ",0.0227681094594571
"cgdol","BOL",0.0819150797269784
"cgdol","BRA",0.0729148024323099
"cgdol","BTN",0.0607206378060896
"cgdol","BWA",0.000145920822150108
"cgdol","CAF",0.213561058343369
"cgdol","CAN",0.0299708364269169
"cgdol","CHL",0.00485073834721421
"cgdol","CHM",0.0152237805221292
"cgdol","CHP",0.674412161583154
"cgdol","CIV",0.159487176004326
"cgdol","CMR",0.213561058343369
"cgdol","COD",0.0627983876807377
"cgdol","COG",0.0627983876807377
"cgdol","COL",0.118304115733626
"cgdol","CRB",0.116146489525326
"cgdol","CRI",0.0842835404634869
"cgdol","CUB",0.116146489525326
"cgdol","CYP",0.00585474836886109
"cgdol","CZE",0.00425344974536239
"cgdol","DEU",0.019640030990563
"cgdol","DJI",0.139819177012839
"cgdol","DNK",0.0101239781094216
"cgdol","DOM",0.116146489525326
"cgdol","DZA",0.121242172411163
"cgdol","ECU",0.103393684877353
"cgdol","EGY",0.0653430536435232
"cgdol","ERI",0.139819177012839
"cgdol","ETH",0.297552178026881
"cgdol","FJI",0.0731598213988517
"cgdol","FNP",0.00889379826302877
"cgdol","FRP",0.00332610933248036
"cgdol","GAB",0.213561058343369
"cgdol","GEO",0.0701409431475211
"cgdol","GHA",0.159487176004326
"cgdol","GIN",0.159487176004326
"cgdol","GMB",0.159487176004326
"cgdol","GNB",0.159487176004326
"cgdol","GNQ",0.213561058343369
"cgdol","GRC",0.0142891231599449
"cgdol","GRL",0.0263617960022337
"cgdol","GSA",0.223102628900602
"cgdol","GTM",0.0250684887878581
"cgdol","HND",0.0227681094594571
"cgdol","HRV",0.0789350383311756
"cgdol","HTI",0.116146489525326
"cgdol","HUN",0.00986975335663621
"cgdol","IDN",0.00392547352220088
"cgdol","IND",0.834103938952923
"cgdol","IRL",0.00888243708272903
"cgdol","IRN",0.101474475724323
"cgdol","IRQ",0.0596396797920493
"cgdol","ISL",0.196680543237642
"cgdol","ISR",0.0596396797920493
"cgdol","ITP",0.123605555066611
"cgdol","JAM",0.116146489525326
"cgdol","JOR",0.0596396797920493
"cgdol","JPN",0.0179769772746675
"cgdol","KAZ",0.0229246179702437
"cgdol","KEN",0.139819177012839
"cgdol","KGZ",0.0378366550068243
"cgdol","KHM",0.0729241241894406
"cgdol","KOR",0.0488291903739094
"cgdol","LAO",0.0749166161358013
"cgdol","LBN",0.0596396797920493
"cgdol","LBR",0.159487176004326
"cgdol","LBY",0.121242172411163
"cgdol","LKA",0.196833661458341
"cgdol","LSO",0.00452855927347842
"cgdol","MDA",0.0624338569455085
"cgdol","MDG",0.059153704061336
"cgdol","MEX",0.0478211121626331
"cgdol","MLI",0.139819177012839
"cgdol","MNG",0.07810565494012
"cgdol","MOR",0.0876209968260008
"cgdol","MOZ",0.139786678191185
"cgdol","MRT",0.159487176004326
"cgdol","MWI",0.12051795226941
"cgdol","MYS",0.00572008088355823
"cgdol","NAM",0.00452855927347842
"cgdol","NER",0.159487176004326
"cgdol","NGA",0.63511008793242
"cgdol","NIC",0.0401523285253785
"cgdol","NLD",0.0145053833442153
"cgdol","NOR",0.363727418466086
"cgdol","NPL",0.0607206378060896
"cgdol","NZL",0.00268471346513014
"cgdol","OPO",0.0731598213988517
"cgdol","OSA",0.0123018952280187
"cgdol","PAK",0.359056246466169
"cgdol","PAN",0.106636515345618
"cgdol","PER",0.0302803794049955
"cgdol","PHL",0.0299017382426864
"cgdol","PNG",0.0731598213988517
"cgdol","POL",0.00548082485818803
"cgdol","PRK",0.07810565494012
"cgdol","PRT",0.0118427290113764
"cgdol","PRY",0.010276396510582
"cgdol","PSE",0.0596396797920493
"cgdol","RAP",0.0596396797920493
"cgdol","ROU",0.0911456744849269
"cgdol","RUS",0.0756462933888801
"cgdol","RWA",0.139819177012839
"cgdol","SAU",0.0596396797920493
"cgdol","SDN",0.139819177012839
"cgdol","SEN",0.115395338622786
"cgdol","SLB",0.0731598213988517
"cgdol","SLE",0.159487176004326
"cgdol","SLV",0.0227681094594571
"cgdol","SOM",0.139819177012839
"cgdol","SPP",0.0745128838583192
"cgdol","SSD",0.139819177012839
"cgdol","SVK",0.00356194708560388
"cgdol","SVN",0.00150841657908371
"cgdol","SWE",0.0220393392044259
"cgdol","SWZ",0.00452855927347842
"cgdol","SYR",0.0596396797920493
"cgdol","TCD",0.213561058343369
"cgdol","TGO",0.159487176004326
"cgdol","THA",0.182278991345802
"cgdol","TJK",0.026409079178031
"cgdol","TKM",0.026409079178031
"cgdol","TLS",0.0123018952280187
"cgdol","TUN",0.224132231621512
"cgdol","TUR",0.139129146081348
"cgdol","TZA",0.16302885532671
"cgdol","UGA",0.0729868010162513
"cgdol","UKP",0.00709747176750429
"cgdol","UKR",0.259677044399531
"cgdol","URY",0.00189211794713803
"cgdol","USA",0.0154948339200604
"cgdol","UZB",0.026409079178031
"cgdol","VEN",0.102693418381746
"cgdol","VNM",0.0595258357583743
"cgdol","VUT",0.0731598213988517
"cgdol","YEM",0.0596396797920493
"cgdol","ZAF",0.0783162082460358
"cgdol","ZMB",0.0959977640325008
"cgdol","ZWE",0.173562292517522
"cgdml","AFG",0.0607206378060896
"cgdml","AGO",0.0627983876807377
"cgdml","ALB",0.0779366010350988
"cgdml","ARG",0.0684831352110205
"cgdml","ARM",0.0659631612191444
"cgdml","AUS",0.0073181880234935
"cgdml","AUT",0.00178752259277706
"cgdml","AZE",0.0215103570686268
"cgdml","BDI",0.139819177012839
"cgdml","BEN",0.159487176004326
"cgdml","BFA",0.159487176004326
"cgdml","BGD",0.211951570429444
"cgdml","BGR",0.0945565222822461
"cgdml","BLR",0.0180303175639692
"cgdml","BLT",0.005712556284139
"cgdml","BLX",0.0122807358904978
"cgdml","BLZ",0.0227681094594571
"cgdml","BOL",0.0819150797269784
"cgdml","BRA",0.0729148024323099
"cgdml","BTN",0.0607206378060896
"cgdml","BWA",0.000145920822150108
"cgdml","CAF",0.213561058343369
"cgdml","CAN",0.0299708364269169
"cgdml","CHL",0.00485073834721421
"cgdml","CHM",0.0152237805221292
"cgdml","CHP",0.674412161583154
"cgdml","CIV",0.159487176004326
"cgdml","CMR",0.213561058343369
"cgdml","COD",0.0627983876807377
"cgdml","COG",0.0627983876807377
"cgdml","COL",0.118304115733626
"cgdml","CRB",0.116146489525326
"cgdml","CRI",0.0842835404634869
"cgdml","CUB",0.116146489525326
"cgdml","CYP",0.00585474836886109
"cgdml","CZE",0.00425344974536239
"cgdml","DEU",0.019640030990563
"cgdml","DJI",0.139819177012839
"cgdml","DNK",0.0101239781094216
"cgdml","DOM",0.116146489525326
"cgdml","DZA",0.121242172411163
"cgdml","ECU",0.103393684877353
"cgdml","EGY",0.0653430536435232
"cgdml","ERI",0.139819177012839
"cgdml","ETH",0.297552178026881
"cgdml","FJI",0.0731598213988517
"cgdml","FNP",0.00889379826302877
"cgdml","FRP",0.00332610933248036
"cgdml","GAB",0.213561058343369
"cgdml","GEO",0.0701409431475211
"cgdml","GHA",0.159487176004326
"cgdml","GIN",0.159487176004326
"cgdml","GMB",0.159487176004326
"cgdml","GNB",0.159487176004326
"cgdml","GNQ",0.213561058343369
"cgdml","GRC",0.0142891231599449
"cgdml","GRL",0.0263617960022337
"cgdml","GSA",0.223102628900602
"cgdml","GTM",0.0250684887878581
"cgdml","HND",0.0227681094594571
"cgdml","HRV",0.0789350383311756
"cgdml","HTI",0.116146489525326
"cgdml","HUN",0.00986975335663621
"cgdml","IDN",0.00392547352220088
"cgdml","IND",0.834103938952923
"cgdml","IRL",0.00888243708272903
"cgdml","IRN",0.101474475724323
"cgdml","IRQ",0.0596396797920493
"cgdml","ISL",0.196680543237642
"cgdml","ISR",0.0596396797920493
"cgdml","ITP",0.123605555066611
"cgdml","JAM",0.116146489525326
"cgdml","JOR",0.0596396797920493
"cgdml","JPN",0.0179769772746675
"cgdml","KAZ",0.0229246179702437
"cgdml","KEN",0.139819177012839
"cgdml","KGZ",0.0378366550068243
"cgdml","KHM",0.0729241241894406
"cgdml","KOR",0.0488291903739094
"cgdml","LAO",0.0749166161358013
"cgdml","LBN",0.0596396797920493
"cgdml","LBR",0.159487176004326
"cgdml","LBY",0.121242172411163
"cgdml","LKA",0.196833661458341
"cgdml","LSO",0.00452855927347842
"cgdml","MDA",0.0624338569455085
"cgdml","MDG",0.059153704061336
"cgdml","MEX",0.0478211121626331
"cgdml","MLI",0.139819177012839
"cgdml","MNG",0.07810565494012
"cgdml","MOR",0.0876209968260008
"cgdml","MOZ",0.139786678191185
"cgdml","MRT",0.159487176004326
"cgdml","MWI",0.12051795226941
"cgdml","MYS",0.00572008088355823
"cgdml","NAM",0.00452855927347842
"cgdml","NER",0.159487176004326
"cgdml","NGA",0.63511008793242
"cgdml","NIC",0.0401523285253785
"cgdml","NLD",0.0145053833442153
"cgdml","NOR",0.363727418466086
"cgdml","NPL",0.0607206378060896
"cgdml","NZL",0.00268471346513014
"cgdml","OPO",0.0731598213988517
"cgdml","OSA",0.0123018952280187
"cgdml","PAK",0.359056246466169
"cgdml","PAN",0.106636515345618
"cgdml","PER",0.0302803794049955
"cgdml","PHL",0.0299017382426864
"cgdml","PNG",0.0731598213988517
"cgdml","POL",0.00548082485818803
"cgdml","PRK",0.07810565494012
"cgdml","PRT",0.0118427290113764
"cgdml","PRY",0.010276396510582
"cgdml","PSE",0.0596396797920493
"cgdml","RAP",0.0596396797920493
"cgdml","ROU",0.0911456744849269
"cgdml","RUS",0.0756462933888801
"cgdml","RWA",0.139819177012839
"cgdml","SAU",0.0596396797920493
"cgdml","SDN",0.139819177012839
"cgdml","SEN",0.115395338622786
"cgdml","SLB",0.0731598213988517
"cgdml","SLE",0.159487176004326
"cgdml","SLV",0.0227681094594571
"cgdml","SOM",0.139819177012839
"cgdml","SPP",0.0745128838583192
"cgdml","SSD",0.139819177012839
"cgdml","SVK",0.00356194708560388
"cgdml","SVN",0.00150841657908371
"cgdml","SWE",0.0220393392044259
"cgdml","SWZ",0.00452855927347842
"cgdml","SYR",0.0596396797920493
"cgdml","TCD",0.213561058343369
"cgdml","TGO",0.159487176004326
"cgdml","THA",0.182278991345802
"cgdml","TJK",0.026409079178031
"cgdml","TKM",0.026409079178031
"cgdml","TLS",0.0123018952280187
"cgdml","TUN",0.224132231621512
"cgdml","TUR",0.139129146081348
"cgdml","TZA",0.16302885532671
"cgdml","UGA",0.0729868010162513
"cgdml","UKP",0.00709747176750429
"cgdml","UKR",0.259677044399531
"cgdml","URY",0.00189211794713803
"cgdml","USA",0.0154948339200604
"cgdml","UZB",0.026409079178031
"cgdml","VEN",0.102693418381746
"cgdml","VNM",0.0595258357583743
"cgdml","VUT",0.0731598213988517
"cgdml","YEM",0.0596396797920493
"cgdml","ZAF",0.0783162082460358
"cgdml","ZMB",0.0959977640325008
"cgdml","ZWE",0.173562292517522
"crpsd","AFG",0.0964607931223865
"crpsd","AGO",0.0561030604176979
"crpsd","ALB",0.0694191907332606
"crpsd","ARG",0.00916542333023534
"crpsd","ARM",0.000226677510054917
"crpsd","AUS",0.00734304961129488
"crpsd","AZE",0.0167083618083251
"crpsd","BDI",0.141472983605022
"crpsd","BEN",0.0489701646330379
"crpsd","BFA",0.0489701646330379
"crpsd","BGD",0.0807889586801868
"crpsd","BGR",0.133603721399923
"crpsd","BLR",0.00898591549438162
"crpsd","BLZ",0.00277559601010542
"crpsd","BOL",0.0498573874667276
"crpsd","BRA",0.00292278685429033
"crpsd","BTN",0.0964607931223865
"crpsd","CAF",0.0980228973385849
"crpsd","CHL",0.00157763893199936
"crpsd","CHM",0.0245781246636293
"crpsd","CHP",0.293767018296218
"crpsd","CIV",0.0489701646330379
"crpsd","CMR",0.0980228973385849
"crpsd","COD",0.0561030604176979
"crpsd","COG",0.0561030604176979
"crpsd","COL",0.0696301660852079
"crpsd","CRB",0.0128229236478914
"crpsd","CRI",0.000428110600452358
"crpsd","CUB",0.0128229236478914
"crpsd","DJI",0.141472983605022
"crpsd","DOM",0.0128229236478914
"crpsd","DZA",0.187236597759769
"crpsd","ECU",0.0573526366251333
"crpsd","EGY",0.011468069786181
"crpsd","ERI",0.141472983605022
"crpsd","ETH",0.0496852079704306
"crpsd","FJI",0.0449136946907775
"crpsd","GAB",0.0980228973385849
"crpsd","GEO",0.00269018076567687
"crpsd","GHA",0.0489701646330379
"crpsd","GIN",0.0489701646330379
"crpsd","GMB",0.0489701646330379
"crpsd","GNB",0.0489701646330379
"crpsd","GNQ",0.0980228973385849
"crpsd","GRL",0.0482780227381829
"crpsd","GSA",0.137782501597155
"crpsd","GTM",0.00340540478697622
"crpsd","HND",0.00277559601010542
"crpsd","HRV",0.00563605928568135
"crpsd","HTI",0.0128229236478914
"crpsd","IDN",0.00386662627487805
"crpsd","IND",0.472899690099665
"crpsd","IRN",0.0452984288007841
"crpsd","IRQ",0.0188636956124104
"crpsd","ISR",0.0188636956124104
"crpsd","JAM",0.0128229236478914
"crpsd","JOR",0.0188636956124104
"crpsd","JPN",0.00214148985391538
"crpsd","KAZ",0.00390684784676495
"crpsd","KEN",0.141472983605022
"crpsd","KGZ",0.00704177656098337
"crpsd","KHM",0.140716832983344
"crpsd","KOR",1.33886406725453
"crpsd","LAO",0.164277192310709
"crpsd","LBN",0.0188636956124104
"crpsd","LBR",0.0489701646330379
"crpsd","LBY",0.187236597759769
"crpsd","LKA",0.246428613856448
"crpsd","LSO",0.00320789280763255
"crpsd","MDA",0.0568131731051145
"crpsd","MDG",0.0116107945243599
"crpsd","MEX",0.00252716208007317
"crpsd","MLI",0.141472983605022
"crpsd","MNG",0.0283686748025196
"crpsd","MOR",0.105608771075301
"crpsd","MOZ",0.066773429373486
"crpsd","MRT",0.0489701646330379
"crpsd","MWI",0.00423461514868709
"crpsd","MYS",0.00391431506578355
"crpsd","NAM",0.00320789280763255
"crpsd","NER",0.0489701646330379
"crpsd","NGA",0.197068301569364
"crpsd","NIC",0.011608464580201
"crpsd","NOR",0.733936916651156
"crpsd","NPL",0.0964607931223865
"crpsd","OPO",0.0449136946907775
"crpsd","OSA",0.00736472358257301
"crpsd","PAK",0.0994164655962612
"crpsd","PAN",0.0377970083968104
"crpsd","PER",0.038767165296731
"crpsd","PHL",0.0429774821679287
"crpsd","PNG",0.0449136946907775
"crpsd","PRK",0.0283686748025196
"crpsd","PRY",0.00861577188916962
"crpsd","PSE",0.0188636956124104
"crpsd","RAP",0.0188636956124104
"crpsd","ROU",0.081640627311256
"crpsd","RUS",0.0420517059597984
"crpsd","RWA",0.141472983605022
"crpsd","SAU",0.0188636956124104
"crpsd","SDN",0.141472983605022
"crpsd","SEN",0.0286046571150755
"crpsd","SLB",0.0449136946907775
"crpsd","SLE",0.0489701646330379
"crpsd","SLV",0.00277559601010542
"crpsd","SOM",0.141472983605022
"crpsd","SSD",0.141472983605022
"crpsd","SWZ",0.00320789280763255
"crpsd","SYR",0.0188636956124104
"crpsd","TCD",0.0980228973385849
"crpsd","TGO",0.0489701646330379
"crpsd","THA",0.339472518089083
"crpsd","TLS",0.00736472358257301
"crpsd","TUN",0.226738452596576
"crpsd","TUR",0.0483754612366517
"crpsd","TZA",0.24123837473926
"crpsd","UGA",0.0567961122034577
"crpsd","UKR",0.321660720735282
"crpsd","URY",8.8506169036654E-5
"crpsd","USA",0.0349597087567786
"crpsd","VEN",0.0813369863367139
"crpsd","VNM",0.0721057468233311
"crpsd","VUT",0.0449136946907775
"crpsd","YEM",0.0188636956124104
"crpsd","ZAF",0.0333720538991193
"crpsd","ZMB",0.0433484118522895
"crpsd","ZWE",0.0639007178049894
"crpnt","AFG",0.0964607931223865
"crpnt","AGO",0.0561030604176979
"crpnt","ALB",0.0694191907332606
"crpnt","ARG",0.00916542333023534
"crpnt","ARM",0.000226677510054917
"crpnt","AUS",0.00734304961129488
"crpnt","AZE",0.0167083618083251
"crpnt","BDI",0.141472983605022
"crpnt","BEN",0.0489701646330379
"crpnt","BFA",0.0489701646330379
"crpnt","BGD",0.0807889586801868
"crpnt","BGR",0.133603721399923
"crpnt","BLR",0.00898591549438162
"crpnt","BLZ",0.00277559601010542
"crpnt","BOL",0.0498573874667276
"crpnt","BRA",0.00292278685429033
"crpnt","BTN",0.0964607931223865
"crpnt","CAF",0.0980228973385849
"crpnt","CHL",0.00157763893199936
"crpnt","CHM",0.0245781246636293
"crpnt","CHP",0.293767018296218
"crpnt","CIV",0.0489701646330379
"crpnt","CMR",0.0980228973385849
"crpnt","COD",0.0561030604176979
"crpnt","COG",0.0561030604176979
"crpnt","COL",0.0696301660852079
"crpnt","CRB",0.0128229236478914
"crpnt","CRI",0.000428110600452358
"crpnt","CUB",0.0128229236478914
"crpnt","DJI",0.141472983605022
"crpnt","DOM",0.0128229236478914
"crpnt","DZA",0.187236597759769
"crpnt","ECU",0.0573526366251333
"crpnt","EGY",0.011468069786181
"crpnt","ERI",0.141472983605022
"crpnt","ETH",0.0496852079704306
"crpnt","FJI",0.0449136946907775
"crpnt","GAB",0.0980228973385849
"crpnt","GEO",0.00269018076567687
"crpnt","GHA",0.0489701646330379
"crpnt","GIN",0.0489701646330379
"crpnt","GMB",0.0489701646330379
"crpnt","GNB",0.0489701646330379
"crpnt","GNQ",0.0980228973385849
"crpnt","GRL",0.0482780227381829
"crpnt","GSA",0.137782501597155
"crpnt","GTM",0.00340540478697622
"crpnt","HND",0.00277559601010542
"crpnt","HRV",0.00563605928568135
"crpnt","HTI",0.0128229236478914
"crpnt","IDN",0.00386662627487805
"crpnt","IND",0.472899690099665
"crpnt","IRN",0.0452984288007841
"crpnt","IRQ",0.0188636956124104
"crpnt","ISR",0.0188636956124104
"crpnt","JAM",0.0128229236478914
"crpnt","JOR",0.0188636956124104
"crpnt","JPN",0.00214148985391538
"crpnt","KAZ",0.00390684784676495
"crpnt","KEN",0.141472983605022
"crpnt","KGZ",0.00704177656098337
"crpnt","KHM",0.140716832983344
"crpnt","KOR",1.33886406725453
"crpnt","LAO",0.164277192310709
"crpnt","LBN",0.0188636956124104
"crpnt","LBR",0.0489701646330379
"crpnt","LBY",0.187236597759769
"crpnt","LKA",0.246428613856448
"crpnt","LSO",0.00320789280763255
"crpnt","MDA",0.0568131731051145
"crpnt","MDG",0.0116107945243599
"crpnt","MEX",0.00252716208007317
"crpnt","MLI",0.141472983605022
"crpnt","MNG",0.0283686748025196
"crpnt","MOR",0.105608771075301
"crpnt","MOZ",0.066773429373486
"crpnt","MRT",0.0489701646330379
"crpnt","MWI",0.00423461514868709
"crpnt","MYS",0.00391431506578355
"crpnt","NAM",0.00320789280763255
"crpnt","NER",0.0489701646330379
"crpnt","NGA",0.197068301569364
"crpnt","NIC",0.011608464580201
"crpnt","NOR",0.733936916651156
"crpnt","NPL",0.0964607931223865
"crpnt","OPO",0.0449136946907775
"crpnt","OSA",0.00736472358257301
"crpnt","PAK",0.0994164655962612
"crpnt","PAN",0.0377970083968104
"crpnt","PER",0.038767165296731
"crpnt","PHL",0.0429774821679287
"crpnt","PNG",0.0449136946907775
"crpnt","PRK",0.0283686748025196
"crpnt","PRY",0.00861577188916962
"crpnt","PSE",0.0188636956124104
"crpnt","RAP",0.0188636956124104
"crpnt","ROU",0.081640627311256
"crpnt","RUS",0.0420517059597984
"crpnt","RWA",0.141472983605022
"crpnt","SAU",0.0188636956124104
"crpnt","SDN",0.141472983605022
"crpnt","SEN",0.0286046571150755
"crpnt","SLB",0.0449136946907775
"crpnt","SLE",0.0489701646330379
"crpnt","SLV",0.00277559601010542
"crpnt","SOM",0.141472983605022
"crpnt","SSD",0.141472983605022
"crpnt","SWZ",0.00320789280763255
"crpnt","SYR",0.0188636956124104
"crpnt","TCD",0.0980228973385849
"crpnt","TGO",0.0489701646330379
"crpnt","THA",0.339472518089083
"crpnt","TLS",0.00736472358257301
"crpnt","TUN",0.226738452596576
"crpnt","TUR",0.0483754612366517
"crpnt","TZA",0.24123837473926
"crpnt","UGA",0.0567961122034577
"crpnt","UKR",0.321660720735282
"crpnt","URY",8.8506169036654E-5
"crpnt","USA",0.0349597087567786
"crpnt","VEN",0.0813369863367139
"crpnt","VNM",0.0721057468233311
"crpnt","VUT",0.0449136946907775
"crpnt","YEM",0.0188636956124104
"crpnt","ZAF",0.0333720538991193
"crpnt","ZMB",0.0433484118522895
"crpnt","ZWE",0.0639007178049894
"crpol","AFG",0.0607206378060896
"crpol","AGO",0.0627983876807377
"crpol","ALB",0.0779366010350988
"crpol","ARG",0.0684831352110205
"crpol","ARM",0.0659631612191444
"crpol","AUS",0.0073181880234935
"crpol","AUT",0.00178752259277706
"crpol","AZE",0.0215103570686268
"crpol","BDI",0.139819177012839
"crpol","BEN",0.159487176004326
"crpol","BFA",0.159487176004326
"crpol","BGD",0.211951570429444
"crpol","BGR",0.0945565222822461
"crpol","BLR",0.0180303175639692
"crpol","BLT",0.005712556284139
"crpol","BLX",0.0122807358904978
"crpol","BLZ",0.0227681094594571
"crpol","BOL",0.0819150797269784
"crpol","BRA",0.0729148024323099
"crpol","BTN",0.0607206378060896
"crpol","BWA",0.000145920822150108
"crpol","CAF",0.213561058343369
"crpol","CAN",0.0299708364269169
"crpol","CHL",0.00485073834721421
"crpol","CHM",0.0152237805221292
"crpol","CHP",0.674412161583154
"crpol","CIV",0.159487176004326
"crpol","CMR",0.213561058343369
"crpol","COD",0.0627983876807377
"crpol","COG",0.0627983876807377
"crpol","COL",0.118304115733626
"crpol","CRB",0.116146489525326
"crpol","CRI",0.0842835404634869
"crpol","CUB",0.116146489525326
"crpol","CYP",0.00585474836886109
"crpol","CZE",0.00425344974536239
"crpol","DEU",0.019640030990563
"crpol","DJI",0.139819177012839
"crpol","DNK",0.0101239781094216
"crpol","DOM",0.116146489525326
"crpol","DZA",0.121242172411163
"crpol","ECU",0.103393684877353
"crpol","EGY",0.0653430536435232
"crpol","ERI",0.139819177012839
"crpol","ETH",0.297552178026881
"crpol","FJI",0.0731598213988517
"crpol","FNP",0.00889379826302877
"crpol","FRP",0.00332610933248036
"crpol","GAB",0.213561058343369
"crpol","GEO",0.0701409431475211
"crpol","GHA",0.159487176004326
"crpol","GIN",0.159487176004326
"crpol","GMB",0.159487176004326
"crpol","GNB",0.159487176004326
"crpol","GNQ",0.213561058343369
"crpol","GRC",0.0142891231599449
"crpol","GRL",0.0263617960022337
"crpol","GSA",0.223102628900602
"crpol","GTM",0.0250684887878581
"crpol","HND",0.0227681094594571
"crpol","HRV",0.0789350383311756
"crpol","HTI",0.116146489525326
"crpol","HUN",0.00986975335663621
"crpol","IDN",0.00392547352220088
"crpol","IND",0.834103938952923
"crpol","IRL",0.00888243708272903
"crpol","IRN",0.101474475724323
"crpol","IRQ",0.0596396797920493
"crpol","ISL",0.196680543237642
"crpol","ISR",0.0596396797920493
"crpol","ITP",0.123605555066611
"crpol","JAM",0.116146489525326
"crpol","JOR",0.0596396797920493
"crpol","JPN",0.0179769772746675
"crpol","KAZ",0.0229246179702437
"crpol","KEN",0.139819177012839
"crpol","KGZ",0.0378366550068243
"crpol","KHM",0.0729241241894406
"crpol","KOR",0.0488291903739094
"crpol","LAO",0.0749166161358013
"crpol","LBN",0.0596396797920493
"crpol","LBR",0.159487176004326
"crpol","LBY",0.121242172411163
"crpol","LKA",0.196833661458341
"crpol","LSO",0.00452855927347842
"crpol","MDA",0.0624338569455085
"crpol","MDG",0.059153704061336
"crpol","MEX",0.0478211121626331
"crpol","MLI",0.139819177012839
"crpol","MNG",0.07810565494012
"crpol","MOR",0.0876209968260008
"crpol","MOZ",0.139786678191185
"crpol","MRT",0.159487176004326
"crpol","MWI",0.12051795226941
"crpol","MYS",0.00572008088355823
"crpol","NAM",0.00452855927347842
"crpol","NER",0.159487176004326
"crpol","NGA",0.63511008793242
"crpol","NIC",0.0401523285253785
"crpol","NLD",0.0145053833442153
"crpol","NOR",0.363727418466086
"crpol","NPL",0.0607206378060896
"crpol","NZL",0.00268471346513014
"crpol","OPO",0.0731598213988517
"crpol","OSA",0.0123018952280187
"crpol","PAK",0.359056246466169
"crpol","PAN",0.106636515345618
"crpol","PER",0.0302803794049955
"crpol","PHL",0.0299017382426864
"crpol","PNG",0.0731598213988517
"crpol","POL",0.00548082485818803
"crpol","PRK",0.07810565494012
"crpol","PRT",0.0118427290113764
"crpol","PRY",0.010276396510582
"crpol","PSE",0.0596396797920493
"crpol","RAP",0.0596396797920493
"crpol","ROU",0.0911456744849269
"crpol","RUS",0.0756462933888801
"crpol","RWA",0.139819177012839
"crpol","SAU",0.0596396797920493
"crpol","SDN",0.139819177012839
"crpol","SEN",0.115395338622786
"crpol","SLB",0.0731598213988517
"crpol","SLE",0.159487176004326
"crpol","SLV",0.0227681094594571
"crpol","SOM",0.139819177012839
"crpol","SPP",0.0745128838583192
"crpol","SSD",0.139819177012839
"crpol","SVK",0.00356194708560388
"crpol","SVN",0.00150841657908371
"crpol","SWE",0.0220393392044259
"crpol","SWZ",0.00452855927347842
"crpol","SYR",0.0596396797920493
"crpol","TCD",0.213561058343369
"crpol","TGO",0.159487176004326
"crpol","THA",0.182278991345802
"crpol","TJK",0.026409079178031
"crpol","TKM",0.026409079178031
"crpol","TLS",0.0123018952280187
"crpol","TUN",0.224132231621512
"crpol","TUR",0.139129146081348
"crpol","TZA",0.16302885532671
"crpol","UGA",0.0729868010162513
"crpol","UKP",0.00709747176750429
"crpol","UKR",0.259677044399531
"crpol","URY",0.00189211794713803
"crpol","USA",0.0154948339200604
"crpol","UZB",0.026409079178031
"crpol","VEN",0.102693418381746
"crpol","VNM",0.0595258357583743
"crpol","VUT",0.0731598213988517
"crpol","YEM",0.0596396797920493
"crpol","ZAF",0.0783162082460358
"crpol","ZMB",0.0959977640325008
"crpol","ZWE",0.173562292517522
"crpml","AFG",0.0607206378060896
"crpml","AGO",0.0627983876807377
"crpml","ALB",0.0779366010350988
"crpml","ARG",0.0684831352110205
"crpml","ARM",0.0659631612191444
"crpml","AUS",0.0073181880234935
"crpml","AUT",0.00178752259277706
"crpml","AZE",0.0215103570686268
"crpml","BDI",0.139819177012839
"crpml","BEN",0.159487176004326
"crpml","BFA",0.159487176004326
"crpml","BGD",0.211951570429444
"crpml","BGR",0.0945565222822461
"crpml","BLR",0.0180303175639692
"crpml","BLT",0.005712556284139
"crpml","BLX",0.0122807358904978
"crpml","BLZ",0.0227681094594571
"crpml","BOL",0.0819150797269784
"crpml","BRA",0.0729148024323099
"crpml","BTN",0.0607206378060896
"crpml","BWA",0.000145920822150108
"crpml","CAF",0.213561058343369
"crpml","CAN",0.0299708364269169
"crpml","CHL",0.00485073834721421
"crpml","CHM",0.0152237805221292
"crpml","CHP",0.674412161583154
"crpml","CIV",0.159487176004326
"crpml","CMR",0.213561058343369
"crpml","COD",0.0627983876807377
"crpml","COG",0.0627983876807377
"crpml","COL",0.118304115733626
"crpml","CRB",0.116146489525326
"crpml","CRI",0.0842835404634869
"crpml","CUB",0.116146489525326
"crpml","CYP",0.00585474836886109
"crpml","CZE",0.00425344974536239
"crpml","DEU",0.019640030990563
"crpml","DJI",0.139819177012839
"crpml","DNK",0.0101239781094216
"crpml","DOM",0.116146489525326
"crpml","DZA",0.121242172411163
"crpml","ECU",0.103393684877353
"crpml","EGY",0.0653430536435232
"crpml","ERI",0.139819177012839
"crpml","ETH",0.297552178026881
"crpml","FJI",0.0731598213988517
"crpml","FNP",0.00889379826302877
"crpml","FRP",0.00332610933248036
"crpml","GAB",0.213561058343369
"crpml","GEO",0.0701409431475211
"crpml","GHA",0.159487176004326
"crpml","GIN",0.159487176004326
"crpml","GMB",0.159487176004326
"crpml","GNB",0.159487176004326
"crpml","GNQ",0.213561058343369
"crpml","GRC",0.0142891231599449
"crpml","GRL",0.0263617960022337
"crpml","GSA",0.223102628900602
"crpml","GTM",0.0250684887878581
"crpml","HND",0.0227681094594571
"crpml","HRV",0.0789350383311756
"crpml","HTI",0.116146489525326
"crpml","HUN",0.00986975335663621
"crpml","IDN",0.00392547352220088
"crpml","IND",0.834103938952923
"crpml","IRL",0.00888243708272903
"crpml","IRN",0.101474475724323
"crpml","IRQ",0.0596396797920493
"crpml","ISL",0.196680543237642
"crpml","ISR",0.0596396797920493
"crpml","ITP",0.123605555066611
"crpml","JAM",0.116146489525326
"crpml","JOR",0.0596396797920493
"crpml","JPN",0.0179769772746675
"crpml","KAZ",0.0229246179702437
"crpml","KEN",0.139819177012839
"crpml","KGZ",0.0378366550068243
"crpml","KHM",0.0729241241894406
"crpml","KOR",0.0488291903739094
"crpml","LAO",0.0749166161358013
"crpml","LBN",0.0596396797920493
"crpml","LBR",0.159487176004326
"crpml","LBY",0.121242172411163
"crpml","LKA",0.196833661458341
"crpml","LSO",0.00452855927347842
"crpml","MDA",0.0624338569455085
"crpml","MDG",0.059153704061336
"crpml","MEX",0.0478211121626331
"crpml","MLI",0.139819177012839
"crpml","MNG",0.07810565494012
"crpml","MOR",0.0876209968260008
"crpml","MOZ",0.139786678191185
"crpml","MRT",0.159487176004326
"crpml","MWI",0.12051795226941
"crpml","MYS",0.00572008088355823
"crpml","NAM",0.00452855927347842
"crpml","NER",0.159487176004326
"crpml","NGA",0.63511008793242
"crpml","NIC",0.0401523285253785
"crpml","NLD",0.0145053833442153
"crpml","NOR",0.363727418466086
"crpml","NPL",0.0607206378060896
"crpml","NZL",0.00268471346513014
"crpml","OPO",0.0731598213988517
"crpml","OSA",0.0123018952280187
"crpml","PAK",0.359056246466169
"crpml","PAN",0.106636515345618
"crpml","PER",0.0302803794049955
"crpml","PHL",0.0299017382426864
"crpml","PNG",0.0731598213988517
"crpml","POL",0.00548082485818803
"crpml","PRK",0.07810565494012
"crpml","PRT",0.0118427290113764
"crpml","PRY",0.010276396510582
"crpml","PSE",0.0596396797920493
"crpml","RAP",0.0596396797920493
"crpml","ROU",0.0911456744849269
"crpml","RUS",0.0756462933888801
"crpml","RWA",0.139819177012839
"crpml","SAU",0.0596396797920493
"crpml","SDN",0.139819177012839
"crpml","SEN",0.115395338622786
"crpml","SLB",0.0731598213988517
"crpml","SLE",0.159487176004326
"crpml","SLV",0.0227681094594571
"crpml","SOM",0.139819177012839
"crpml","SPP",0.0745128838583192
"crpml","SSD",0.139819177012839
"crpml","SVK",0.00356194708560388
"crpml","SVN",0.00150841657908371
"crpml","SWE",0.0220393392044259
"crpml","SWZ",0.00452855927347842
"crpml","SYR",0.0596396797920493
"crpml","TCD",0.213561058343369
"crpml","TGO",0.159487176004326
"crpml","THA",0.182278991345802
"crpml","TJK",0.026409079178031
"crpml","TKM",0.026409079178031
"crpml","TLS",0.0123018952280187
"crpml","TUN",0.224132231621512
"crpml","TUR",0.139129146081348
"crpml","TZA",0.16302885532671
"crpml","UGA",0.0729868010162513
"crpml","UKP",0.00709747176750429
"crpml","UKR",0.259677044399531
"crpml","URY",0.00189211794713803
"crpml","USA",0.0154948339200604
"crpml","UZB",0.026409079178031
"crpml","VEN",0.102693418381746
"crpml","VNM",0.0595258357583743
"crpml","VUT",0.0731598213988517
"crpml","YEM",0.0596396797920493
"crpml","ZAF",0.0783162082460358
"crpml","ZMB",0.0959977640325008
"crpml","ZWE",0.173562292517522
"csoyb","AFG",0.0964607931223865
"csoyb","AGO",0.0561030604176979
"csoyb","ALB",0.0694191907332606
"csoyb","ARG",0.00916542333023534
"csoyb","ARM",0.000226677510054917
"csoyb","AUS",0.00734304961129488
"csoyb","AZE",0.0167083618083251
"csoyb","BDI",0.141472983605022
"csoyb","BEN",0.0489701646330379
"csoyb","BFA",0.0489701646330379
"csoyb","BGD",0.0807889586801868
"csoyb","BGR",0.133603721399923
"csoyb","BLR",0.00898591549438162
"csoyb","BLZ",0.00277559601010542
"csoyb","BOL",0.0498573874667276
"csoyb","BRA",0.00292278685429033
"csoyb","BTN",0.0964607931223865
"csoyb","CAF",0.0980228973385849
"csoyb","CHL",0.00157763893199936
"csoyb","CHM",0.0245781246636293
"csoyb","CHP",0.293767018296218
"csoyb","CIV",0.0489701646330379
"csoyb","CMR",0.0980228973385849
"csoyb","COD",0.0561030604176979
"csoyb","COG",0.0561030604176979
"csoyb","COL",0.0696301660852079
"csoyb","CRB",0.0128229236478914
"csoyb","CRI",0.000428110600452358
"csoyb","CUB",0.0128229236478914
"csoyb","DJI",0.141472983605022
"csoyb","DOM",0.0128229236478914
"csoyb","DZA",0.187236597759769
"csoyb","ECU",0.0573526366251333
"csoyb","EGY",0.011468069786181
"csoyb","ERI",0.141472983605022
"csoyb","ETH",0.0496852079704306
"csoyb","FJI",0.0449136946907775
"csoyb","GAB",0.0980228973385849
"csoyb","GEO",0.00269018076567687
"csoyb","GHA",0.0489701646330379
"csoyb","GIN",0.0489701646330379
"csoyb","GMB",0.0489701646330379
"csoyb","GNB",0.0489701646330379
"csoyb","GNQ",0.0980228973385849
"csoyb","GRL",0.0482780227381829
"csoyb","GSA",0.137782501597155
"csoyb","GTM",0.00340540478697622
"csoyb","HND",0.00277559601010542
"csoyb","HRV",0.00563605928568135
"csoyb","HTI",0.0128229236478914
"csoyb","IDN",0.00386662627487805
"csoyb","IND",0.472899690099665
"csoyb","IRN",0.0452984288007841
"csoyb","IRQ",0.0188636956124104
"csoyb","ISR",0.0188636956124104
"csoyb","JAM",0.0128229236478914
"csoyb","JOR",0.0188636956124104
"csoyb","JPN",0.00214148985391538
"csoyb","KAZ",0.00390684784676495
"csoyb","KEN",0.141472983605022
"csoyb","KGZ",0.00704177656098337
"csoyb","KHM",0.140716832983344
"csoyb","KOR",1.33886406725453
"csoyb","LAO",0.164277192310709
"csoyb","LBN",0.0188636956124104
"csoyb","LBR",0.0489701646330379
"csoyb","LBY",0.187236597759769
"csoyb","LKA",0.246428613856448
"csoyb","LSO",0.00320789280763255
"csoyb","MDA",0.0568131731051145
"csoyb","MDG",0.0116107945243599
"csoyb","MEX",0.00252716208007317
"csoyb","MLI",0.141472983605022
"csoyb","MNG",0.0283686748025196
"csoyb","MOR",0.105608771075301
"csoyb","MOZ",0.066773429373486
"csoyb","MRT",0.0489701646330379
"csoyb","MWI",0.00423461514868709
"csoyb","MYS",0.00391431506578355
"csoyb","NAM",0.00320789280763255
"csoyb","NER",0.0489701646330379
"csoyb","NGA",0.197068301569364
"csoyb","NIC",0.011608464580201
"csoyb","NOR",0.733936916651156
"csoyb","NPL",0.0964607931223865
"csoyb","OPO",0.0449136946907775
"csoyb","OSA",0.00736472358257301
"csoyb","PAK",0.0994164655962612
"csoyb","PAN",0.0377970083968104
"csoyb","PER",0.038767165296731
"csoyb","PHL",0.0429774821679287
"csoyb","PNG",0.0449136946907775
"csoyb","PRK",0.0283686748025196
"csoyb","PRY",0.00861577188916962
"csoyb","PSE",0.0188636956124104
"csoyb","RAP",0.0188636956124104
"csoyb","ROU",0.081640627311256
"csoyb","RUS",0.0420517059597984
"csoyb","RWA",0.141472983605022
"csoyb","SAU",0.0188636956124104
"csoyb","SDN",0.141472983605022
"csoyb","SEN",0.0286046571150755
"csoyb","SLB",0.0449136946907775
"csoyb","SLE",0.0489701646330379
"csoyb","SLV",0.00277559601010542
"csoyb","SOM",0.141472983605022
"csoyb","SSD",0.141472983605022
"csoyb","SWZ",0.00320789280763255
"csoyb","SYR",0.0188636956124104
"csoyb","TCD",0.0980228973385849
"csoyb","TGO",0.0489701646330379
"csoyb","THA",0.339472518089083
"csoyb","TLS",0.00736472358257301
"csoyb","TUN",0.226738452596576
"csoyb","TUR",0.0483754612366517
"csoyb","TZA",0.24123837473926
"csoyb","UGA",0.0567961122034577
"csoyb","UKR",0.321660720735282
"csoyb","URY",8.8506169036654E-5
"csoyb","USA",0.0349597087567786
"csoyb","VEN",0.0813369863367139
"csoyb","VNM",0.0721057468233311
"csoyb","VUT",0.0449136946907775
"csoyb","YEM",0.0188636956124104
"csoyb","ZAF",0.0333720538991193
"csoyb","ZMB",0.0433484118522895
"csoyb","ZWE",0.0639007178049894
"csbnt","AFG",0.0964607931223865
"csbnt","AGO",0.0561030604176979
"csbnt","ALB",0.0694191907332606
"csbnt","ARG",0.00916542333023534
"csbnt","ARM",0.000226677510054917
"csbnt","AUS",0.00734304961129488
"csbnt","AZE",0.0167083618083251
"csbnt","BDI",0.141472983605022
"csbnt","BEN",0.0489701646330379
"csbnt","BFA",0.0489701646330379
"csbnt","BGD",0.0807889586801868
"csbnt","BGR",0.133603721399923
"csbnt","BLR",0.00898591549438162
"csbnt","BLZ",0.00277559601010542
"csbnt","BOL",0.0498573874667276
"csbnt","BRA",0.00292278685429033
"csbnt","BTN",0.0964607931223865
"csbnt","CAF",0.0980228973385849
"csbnt","CHL",0.00157763893199936
"csbnt","CHM",0.0245781246636293
"csbnt","CHP",0.293767018296218
"csbnt","CIV",0.0489701646330379
"csbnt","CMR",0.0980228973385849
"csbnt","COD",0.0561030604176979
"csbnt","COG",0.0561030604176979
"csbnt","COL",0.0696301660852079
"csbnt","CRB",0.0128229236478914
"csbnt","CRI",0.000428110600452358
"csbnt","CUB",0.0128229236478914
"csbnt","DJI",0.141472983605022
"csbnt","DOM",0.0128229236478914
"csbnt","DZA",0.187236597759769
"csbnt","ECU",0.0573526366251333
"csbnt","EGY",0.011468069786181
"csbnt","ERI",0.141472983605022
"csbnt","ETH",0.0496852079704306
"csbnt","FJI",0.0449136946907775
"csbnt","GAB",0.0980228973385849
"csbnt","GEO",0.00269018076567687
"csbnt","GHA",0.0489701646330379
"csbnt","GIN",0.0489701646330379
"csbnt","GMB",0.0489701646330379
"csbnt","GNB",0.0489701646330379
"csbnt","GNQ",0.0980228973385849
"csbnt","GRL",0.0482780227381829
"csbnt","GSA",0.137782501597155
"csbnt","GTM",0.00340540478697622
"csbnt","HND",0.00277559601010542
"csbnt","HRV",0.00563605928568135
"csbnt","HTI",0.0128229236478914
"csbnt","IDN",0.00386662627487805
"csbnt","IND",0.472899690099665
"csbnt","IRN",0.0452984288007841
"csbnt","IRQ",0.0188636956124104
"csbnt","ISR",0.0188636956124104
"csbnt","JAM",0.0128229236478914
"csbnt","JOR",0.0188636956124104
"csbnt","JPN",0.00214148985391538
"csbnt","KAZ",0.00390684784676495
"csbnt","KEN",0.141472983605022
"csbnt","KGZ",0.00704177656098337
"csbnt","KHM",0.140716832983344
"csbnt","KOR",1.33886406725453
"csbnt","LAO",0.164277192310709
"csbnt","LBN",0.0188636956124104
"csbnt","LBR",0.0489701646330379
"csbnt","LBY",0.187236597759769
"csbnt","LKA",0.246428613856448
"csbnt","LSO",0.00320789280763255
"csbnt","MDA",0.0568131731051145
"csbnt","MDG",0.0116107945243599
"csbnt","MEX",0.00252716208007317
"csbnt","MLI",0.141472983605022
"csbnt","MNG",0.0283686748025196
"csbnt","MOR",0.105608771075301
"csbnt","MOZ",0.066773429373486
"csbnt","MRT",0.0489701646330379
"csbnt","MWI",0.00423461514868709
"csbnt","MYS",0.00391431506578355
"csbnt","NAM",0.00320789280763255
"csbnt","NER",0.0489701646330379
"csbnt","NGA",0.197068301569364
"csbnt","NIC",0.011608464580201
"csbnt","NOR",0.733936916651156
"csbnt","NPL",0.0964607931223865
"csbnt","OPO",0.0449136946907775
"csbnt","OSA",0.00736472358257301
"csbnt","PAK",0.0994164655962612
"csbnt","PAN",0.0377970083968104
"csbnt","PER",0.038767165296731
"csbnt","PHL",0.0429774821679287
"csbnt","PNG",0.0449136946907775
"csbnt","PRK",0.0283686748025196
"csbnt","PRY",0.00861577188916962
"csbnt","PSE",0.0188636956124104
"csbnt","RAP",0.0188636956124104
"csbnt","ROU",0.081640627311256
"csbnt","RUS",0.0420517059597984
"csbnt","RWA",0.141472983605022
"csbnt","SAU",0.0188636956124104
"csbnt","SDN",0.141472983605022
"csbnt","SEN",0.0286046571150755
"csbnt","SLB",0.0449136946907775
"csbnt","SLE",0.0489701646330379
"csbnt","SLV",0.00277559601010542
"csbnt","SOM",0.141472983605022
"csbnt","SSD",0.141472983605022
"csbnt","SWZ",0.00320789280763255
"csbnt","SYR",0.0188636956124104
"csbnt","TCD",0.0980228973385849
"csbnt","TGO",0.0489701646330379
"csbnt","THA",0.339472518089083
"csbnt","TLS",0.00736472358257301
"csbnt","TUN",0.226738452596576
"csbnt","TUR",0.0483754612366517
"csbnt","TZA",0.24123837473926
"csbnt","UGA",0.0567961122034577
"csbnt","UKR",0.321660720735282
"csbnt","URY",8.8506169036654E-5
"csbnt","USA",0.0349597087567786
"csbnt","VEN",0.0813369863367139
"csbnt","VNM",0.0721057468233311
"csbnt","VUT",0.0449136946907775
"csbnt","YEM",0.0188636956124104
"csbnt","ZAF",0.0333720538991193
"csbnt","ZMB",0.0433484118522895
"csbnt","ZWE",0.0639007178049894
"csbol","AFG",0.0607206378060896
"csbol","AGO",0.0627983876807377
"csbol","ALB",0.0779366010350988
"csbol","ARG",0.0684831352110205
"csbol","ARM",0.0659631612191444
"csbol","AUS",0.0073181880234935
"csbol","AUT",0.00178752259277706
"csbol","AZE",0.0215103570686268
"csbol","BDI",0.139819177012839
"csbol","BEN",0.159487176004326
"csbol","BFA",0.159487176004326
"csbol","BGD",0.211951570429444
"csbol","BGR",0.0945565222822461
"csbol","BLR",0.0180303175639692
"csbol","BLT",0.005712556284139
"csbol","BLX",0.0122807358904978
"csbol","BLZ",0.0227681094594571
"csbol","BOL",0.0819150797269784
"csbol","BRA",0.0729148024323099
"csbol","BTN",0.0607206378060896
"csbol","BWA",0.000145920822150108
"csbol","CAF",0.213561058343369
"csbol","CAN",0.0299708364269169
"csbol","CHL",0.00485073834721421
"csbol","CHM",0.0152237805221292
"csbol","CHP",0.674412161583154
"csbol","CIV",0.159487176004326
"csbol","CMR",0.213561058343369
"csbol","COD",0.0627983876807377
"csbol","COG",0.0627983876807377
"csbol","COL",0.118304115733626
"csbol","CRB",0.116146489525326
"csbol","CRI",0.0842835404634869
"csbol","CUB",0.116146489525326
"csbol","CYP",0.00585474836886109
"csbol","CZE",0.00425344974536239
"csbol","DEU",0.019640030990563
"csbol","DJI",0.139819177012839
"csbol","DNK",0.0101239781094216
"csbol","DOM",0.116146489525326
"csbol","DZA",0.121242172411163
"csbol","ECU",0.103393684877353
"csbol","EGY",0.0653430536435232
"csbol","ERI",0.139819177012839
"csbol","ETH",0.297552178026881
"csbol","FJI",0.0731598213988517
"csbol","FNP",0.00889379826302877
"csbol","FRP",0.00332610933248036
"csbol","GAB",0.213561058343369
"csbol","GEO",0.0701409431475211
"csbol","GHA",0.159487176004326
"csbol","GIN",0.159487176004326
"csbol","GMB",0.159487176004326
"csbol","GNB",0.159487176004326
"csbol","GNQ",0.213561058343369
"csbol","GRC",0.0142891231599449
"csbol","GRL",0.0263617960022337
"csbol","GSA",0.223102628900602
"csbol","GTM",0.0250684887878581
"csbol","HND",0.0227681094594571
"csbol","HRV",0.0789350383311756
"csbol","HTI",0.116146489525326
"csbol","HUN",0.00986975335663621
"csbol","IDN",0.00392547352220088
"csbol","IND",0.834103938952923
"csbol","IRL",0.00888243708272903
"csbol","IRN",0.101474475724323
"csbol","IRQ",0.0596396797920493
"csbol","ISL",0.196680543237642
"csbol","ISR",0.0596396797920493
"csbol","ITP",0.123605555066611
"csbol","JAM",0.116146489525326
"csbol","JOR",0.0596396797920493
"csbol","JPN",0.0179769772746675
"csbol","KAZ",0.0229246179702437
"csbol","KEN",0.139819177012839
"csbol","KGZ",0.0378366550068243
"csbol","KHM",0.0729241241894406
"csbol","KOR",0.0488291903739094
"csbol","LAO",0.0749166161358013
"csbol","LBN",0.0596396797920493
"csbol","LBR",0.159487176004326
"csbol","LBY",0.121242172411163
"csbol","LKA",0.196833661458341
"csbol","LSO",0.00452855927347842
"csbol","MDA",0.0624338569455085
"csbol","MDG",0.059153704061336
"csbol","MEX",0.0478211121626331
"csbol","MLI",0.139819177012839
"csbol","MNG",0.07810565494012
"csbol","MOR",0.0876209968260008
"csbol","MOZ",0.139786678191185
"csbol","MRT",0.159487176004326
"csbol","MWI",0.12051795226941
"csbol","MYS",0.00572008088355823
"csbol","NAM",0.00452855927347842
"csbol","NER",0.159487176004326
"csbol","NGA",0.63511008793242
"csbol","NIC",0.0401523285253785
"csbol","NLD",0.0145053833442153
"csbol","NOR",0.363727418466086
"csbol","NPL",0.0607206378060896
"csbol","NZL",0.00268471346513014
"csbol","OPO",0.0731598213988517
"csbol","OSA",0.0123018952280187
"csbol","PAK",0.359056246466169
"csbol","PAN",0.106636515345618
"csbol","PER",0.0302803794049955
"csbol","PHL",0.0299017382426864
"csbol","PNG",0.0731598213988517
"csbol","POL",0.00548082485818803
"csbol","PRK",0.07810565494012
"csbol","PRT",0.0118427290113764
"csbol","PRY",0.010276396510582
"csbol","PSE",0.0596396797920493
"csbol","RAP",0.0596396797920493
"csbol","ROU",0.0911456744849269
"csbol","RUS",0.0756462933888801
"csbol","RWA",0.139819177012839
"csbol","SAU",0.0596396797920493
"csbol","SDN",0.139819177012839
"csbol","SEN",0.115395338622786
"csbol","SLB",0.0731598213988517
"csbol","SLE",0.159487176004326
"csbol","SLV",0.0227681094594571
"csbol","SOM",0.139819177012839
"csbol","SPP",0.0745128838583192
"csbol","SSD",0.139819177012839
"csbol","SVK",0.00356194708560388
"csbol","SVN",0.00150841657908371
"csbol","SWE",0.0220393392044259
"csbol","SWZ",0.00452855927347842
"csbol","SYR",0.0596396797920493
"csbol","TCD",0.213561058343369
"csbol","TGO",0.159487176004326
"csbol","THA",0.182278991345802
"csbol","TJK",0.026409079178031
"csbol","TKM",0.026409079178031
"csbol","TLS",0.0123018952280187
"csbol","TUN",0.224132231621512
"csbol","TUR",0.139129146081348
"csbol","TZA",0.16302885532671
"csbol","UGA",0.0729868010162513
"csbol","UKP",0.00709747176750429
"csbol","UKR",0.259677044399531
"csbol","URY",0.00189211794713803
"csbol","USA",0.0154948339200604
"csbol","UZB",0.026409079178031
"csbol","VEN",0.102693418381746
"csbol","VNM",0.0595258357583743
"csbol","VUT",0.0731598213988517
"csbol","YEM",0.0596396797920493
"csbol","ZAF",0.0783162082460358
"csbol","ZMB",0.0959977640325008
"csbol","ZWE",0.173562292517522
"csbml","AFG",0.0607206378060896
"csbml","AGO",0.0627983876807377
"csbml","ALB",0.0779366010350988
"csbml","ARG",0.0684831352110205
"csbml","ARM",0.0659631612191444
"csbml","AUS",0.0073181880234935
"csbml","AUT",0.00178752259277706
"csbml","AZE",0.0215103570686268
"csbml","BDI",0.139819177012839
"csbml","BEN",0.159487176004326
"csbml","BFA",0.159487176004326
"csbml","BGD",0.211951570429444
"csbml","BGR",0.0945565222822461
"csbml","BLR",0.0180303175639692
"csbml","BLT",0.005712556284139
"csbml","BLX",0.0122807358904978
"csbml","BLZ",0.0227681094594571
"csbml","BOL",0.0819150797269784
"csbml","BRA",0.0729148024323099
"csbml","BTN",0.0607206378060896
"csbml","BWA",0.000145920822150108
"csbml","CAF",0.213561058343369
"csbml","CAN",0.0299708364269169
"csbml","CHL",0.00485073834721421
"csbml","CHM",0.0152237805221292
"csbml","CHP",0.674412161583154
"csbml","CIV",0.159487176004326
"csbml","CMR",0.213561058343369
"csbml","COD",0.0627983876807377
"csbml","COG",0.0627983876807377
"csbml","COL",0.118304115733626
"csbml","CRB",0.116146489525326
"csbml","CRI",0.0842835404634869
"csbml","CUB",0.116146489525326
"csbml","CYP",0.00585474836886109
"csbml","CZE",0.00425344974536239
"csbml","DEU",0.019640030990563
"csbml","DJI",0.139819177012839
"csbml","DNK",0.0101239781094216
"csbml","DOM",0.116146489525326
"csbml","DZA",0.121242172411163
"csbml","ECU",0.103393684877353
"csbml","EGY",0.0653430536435232
"csbml","ERI",0.139819177012839
"csbml","ETH",0.297552178026881
"csbml","FJI",0.0731598213988517
"csbml","FNP",0.00889379826302877
"csbml","FRP",0.00332610933248036
"csbml","GAB",0.213561058343369
"csbml","GEO",0.0701409431475211
"csbml","GHA",0.159487176004326
"csbml","GIN",0.159487176004326
"csbml","GMB",0.159487176004326
"csbml","GNB",0.159487176004326
"csbml","GNQ",0.213561058343369
"csbml","GRC",0.0142891231599449
"csbml","GRL",0.0263617960022337
"csbml","GSA",0.223102628900602
"csbml","GTM",0.0250684887878581
"csbml","HND",0.0227681094594571
"csbml","HRV",0.0789350383311756
"csbml","HTI",0.116146489525326
"csbml","HUN",0.00986975335663621
"csbml","IDN",0.00392547352220088
"csbml","IND",0.834103938952923
"csbml","IRL",0.00888243708272903
"csbml","IRN",0.101474475724323
"csbml","IRQ",0.0596396797920493
"csbml","ISL",0.196680543237642
"csbml","ISR",0.0596396797920493
"csbml","ITP",0.123605555066611
"csbml","JAM",0.116146489525326
"csbml","JOR",0.0596396797920493
"csbml","JPN",0.0179769772746675
"csbml","KAZ",0.0229246179702437
"csbml","KEN",0.139819177012839
"csbml","KGZ",0.0378366550068243
"csbml","KHM",0.0729241241894406
"csbml","KOR",0.0488291903739094
"csbml","LAO",0.0749166161358013
"csbml","LBN",0.0596396797920493
"csbml","LBR",0.159487176004326
"csbml","LBY",0.121242172411163
"csbml","LKA",0.196833661458341
"csbml","LSO",0.00452855927347842
"csbml","MDA",0.0624338569455085
"csbml","MDG",0.059153704061336
"csbml","MEX",0.0478211121626331
"csbml","MLI",0.139819177012839
"csbml","MNG",0.07810565494012
"csbml","MOR",0.0876209968260008
"csbml","MOZ",0.139786678191185
"csbml","MRT",0.159487176004326
"csbml","MWI",0.12051795226941
"csbml","MYS",0.00572008088355823
"csbml","NAM",0.00452855927347842
"csbml","NER",0.159487176004326
"csbml","NGA",0.63511008793242
"csbml","NIC",0.0401523285253785
"csbml","NLD",0.0145053833442153
"csbml","NOR",0.363727418466086
"csbml","NPL",0.0607206378060896
"csbml","NZL",0.00268471346513014
"csbml","OPO",0.0731598213988517
"csbml","OSA",0.0123018952280187
"csbml","PAK",0.359056246466169
"csbml","PAN",0.106636515345618
"csbml","PER",0.0302803794049955
"csbml","PHL",0.0299017382426864
"csbml","PNG",0.0731598213988517
"csbml","POL",0.00548082485818803
"csbml","PRK",0.07810565494012
"csbml","PRT",0.0118427290113764
"csbml","PRY",0.010276396510582
"csbml","PSE",0.0596396797920493
"csbml","RAP",0.0596396797920493
"csbml","ROU",0.0911456744849269
"csbml","RUS",0.0756462933888801
"csbml","RWA",0.139819177012839
"csbml","SAU",0.0596396797920493
"csbml","SDN",0.139819177012839
"csbml","SEN",0.115395338622786
"csbml","SLB",0.0731598213988517
"csbml","SLE",0.159487176004326
"csbml","SLV",0.0227681094594571
"csbml","SOM",0.139819177012839
"csbml","SPP",0.0745128838583192
"csbml","SSD",0.139819177012839
"csbml","SVK",0.00356194708560388
"csbml","SVN",0.00150841657908371
"csbml","SWE",0.0220393392044259
"csbml","SWZ",0.00452855927347842
"csbml","SYR",0.0596396797920493
"csbml","TCD",0.213561058343369
"csbml","TGO",0.159487176004326
"csbml","THA",0.182278991345802
"csbml","TJK",0.026409079178031
"csbml","TKM",0.026409079178031
"csbml","TLS",0.0123018952280187
"csbml","TUN",0.224132231621512
"csbml","TUR",0.139129146081348
"csbml","TZA",0.16302885532671
"csbml","UGA",0.0729868010162513
"csbml","UKP",0.00709747176750429
"csbml","UKR",0.259677044399531
"csbml","URY",0.00189211794713803
"csbml","USA",0.0154948339200604
"csbml","UZB",0.026409079178031
"csbml","VEN",0.102693418381746
"csbml","VNM",0.0595258357583743
"csbml","VUT",0.0731598213988517
"csbml","YEM",0.0596396797920493
"csbml","ZAF",0.0783162082460358
"csbml","ZMB",0.0959977640325008
"csbml","ZWE",0.173562292517522
"csnfl","AFG",0.0964607931223865
"csnfl","AGO",0.0561030604176979
"csnfl","ALB",0.0694191907332606
"csnfl","ARG",0.00916542333023534
"csnfl","ARM",0.000226677510054917
"csnfl","AUS",0.00734304961129488
"csnfl","AZE",0.0167083618083251
"csnfl","BDI",0.141472983605022
"csnfl","BEN",0.0489701646330379
"csnfl","BFA",0.0489701646330379
"csnfl","BGD",0.0807889586801868
"csnfl","BGR",0.133603721399923
"csnfl","BLR",0.00898591549438162
"csnfl","BLZ",0.00277559601010542
"csnfl","BOL",0.0498573874667276
"csnfl","BRA",0.00292278685429033
"csnfl","BTN",0.0964607931223865
"csnfl","CAF",0.0980228973385849
"csnfl","CHL",0.00157763893199936
"csnfl","CHM",0.0245781246636293
"csnfl","CHP",0.293767018296218
"csnfl","CIV",0.0489701646330379
"csnfl","CMR",0.0980228973385849
"csnfl","COD",0.0561030604176979
"csnfl","COG",0.0561030604176979
"csnfl","COL",0.0696301660852079
"csnfl","CRB",0.0128229236478914
"csnfl","CRI",0.000428110600452358
"csnfl","CUB",0.0128229236478914
"csnfl","DJI",0.141472983605022
"csnfl","DOM",0.0128229236478914
"csnfl","DZA",0.187236597759769
"csnfl","ECU",0.0573526366251333
"csnfl","EGY",0.011468069786181
"csnfl","ERI",0.141472983605022
"csnfl","ETH",0.0496852079704306
"csnfl","FJI",0.0449136946907775
"csnfl","GAB",0.0980228973385849
"csnfl","GEO",0.00269018076567687
"csnfl","GHA",0.0489701646330379
"csnfl","GIN",0.0489701646330379
"csnfl","GMB",0.0489701646330379
"csnfl","GNB",0.0489701646330379
"csnfl","GNQ",0.0980228973385849
"csnfl","GRL",0.0482780227381829
"csnfl","GSA",0.137782501597155
"csnfl","GTM",0.00340540478697622
"csnfl","HND",0.00277559601010542
"csnfl","HRV",0.00563605928568135
"csnfl","HTI",0.0128229236478914
"csnfl","IDN",0.00386662627487805
"csnfl","IND",0.472899690099665
"csnfl","IRN",0.0452984288007841
"csnfl","IRQ",0.0188636956124104
"csnfl","ISR",0.0188636956124104
"csnfl","JAM",0.0128229236478914
"csnfl","JOR",0.0188636956124104
"csnfl","JPN",0.00214148985391538
"csnfl","KAZ",0.00390684784676495
"csnfl","KEN",0.141472983605022
"csnfl","KGZ",0.00704177656098337
"csnfl","KHM",0.140716832983344
"csnfl","KOR",1.33886406725453
"csnfl","LAO",0.164277192310709
"csnfl","LBN",0.0188636956124104
"csnfl","LBR",0.0489701646330379
"csnfl","LBY",0.187236597759769
"csnfl","LKA",0.246428613856448
"csnfl","LSO",0.00320789280763255
"csnfl","MDA",0.0568131731051145
"csnfl","MDG",0.0116107945243599
"csnfl","MEX",0.00252716208007317
"csnfl","MLI",0.141472983605022
"csnfl","MNG",0.0283686748025196
"csnfl","MOR",0.105608771075301
"csnfl","MOZ",0.066773429373486
"csnfl","MRT",0.0489701646330379
"csnfl","MWI",0.00423461514868709
"csnfl","MYS",0.00391431506578355
"csnfl","NAM",0.00320789280763255
"csnfl","NER",0.0489701646330379
"csnfl","NGA",0.197068301569364
"csnfl","NIC",0.011608464580201
"csnfl","NOR",0.733936916651156
"csnfl","NPL",0.0964607931223865
"csnfl","OPO",0.0449136946907775
"csnfl","OSA",0.00736472358257301
"csnfl","PAK",0.0994164655962612
"csnfl","PAN",0.0377970083968104
"csnfl","PER",0.038767165296731
"csnfl","PHL",0.0429774821679287
"csnfl","PNG",0.0449136946907775
"csnfl","PRK",0.0283686748025196
"csnfl","PRY",0.00861577188916962
"csnfl","PSE",0.0188636956124104
"csnfl","RAP",0.0188636956124104
"csnfl","ROU",0.081640627311256
"csnfl","RUS",0.0420517059597984
"csnfl","RWA",0.141472983605022
"csnfl","SAU",0.0188636956124104
"csnfl","SDN",0.141472983605022
"csnfl","SEN",0.0286046571150755
"csnfl","SLB",0.0449136946907775
"csnfl","SLE",0.0489701646330379
"csnfl","SLV",0.00277559601010542
"csnfl","SOM",0.141472983605022
"csnfl","SSD",0.141472983605022
"csnfl","SWZ",0.00320789280763255
"csnfl","SYR",0.0188636956124104
"csnfl","TCD",0.0980228973385849
"csnfl","TGO",0.0489701646330379
"csnfl","THA",0.339472518089083
"csnfl","TLS",0.00736472358257301
"csnfl","TUN",0.226738452596576
"csnfl","TUR",0.0483754612366517
"csnfl","TZA",0.24123837473926
"csnfl","UGA",0.0567961122034577
"csnfl","UKR",0.321660720735282
"csnfl","URY",8.8506169036654E-5
"csnfl","USA",0.0349597087567786
"csnfl","VEN",0.0813369863367139
"csnfl","VNM",0.0721057468233311
"csnfl","VUT",0.0449136946907775
"csnfl","YEM",0.0188636956124104
"csnfl","ZAF",0.0333720538991193
"csnfl","ZMB",0.0433484118522895
"csnfl","ZWE",0.0639007178049894
"csfnt","AFG",0.0964607931223865
"csfnt","AGO",0.0561030604176979
"csfnt","ALB",0.0694191907332606
"csfnt","ARG",0.00916542333023534
"csfnt","ARM",0.000226677510054917
"csfnt","AUS",0.00734304961129488
"csfnt","AZE",0.0167083618083251
"csfnt","BDI",0.141472983605022
"csfnt","BEN",0.0489701646330379
"csfnt","BFA",0.0489701646330379
"csfnt","BGD",0.0807889586801868
"csfnt","BGR",0.133603721399923
"csfnt","BLR",0.00898591549438162
"csfnt","BLZ",0.00277559601010542
"csfnt","BOL",0.0498573874667276
"csfnt","BRA",0.00292278685429033
"csfnt","BTN",0.0964607931223865
"csfnt","CAF",0.0980228973385849
"csfnt","CHL",0.00157763893199936
"csfnt","CHM",0.0245781246636293
"csfnt","CHP",0.293767018296218
"csfnt","CIV",0.0489701646330379
"csfnt","CMR",0.0980228973385849
"csfnt","COD",0.0561030604176979
"csfnt","COG",0.0561030604176979
"csfnt","COL",0.0696301660852079
"csfnt","CRB",0.0128229236478914
"csfnt","CRI",0.000428110600452358
"csfnt","CUB",0.0128229236478914
"csfnt","DJI",0.141472983605022
"csfnt","DOM",0.0128229236478914
"csfnt","DZA",0.187236597759769
"csfnt","ECU",0.0573526366251333
"csfnt","EGY",0.011468069786181
"csfnt","ERI",0.141472983605022
"csfnt","ETH",0.0496852079704306
"csfnt","FJI",0.0449136946907775
"csfnt","GAB",0.0980228973385849
"csfnt","GEO",0.00269018076567687
"csfnt","GHA",0.0489701646330379
"csfnt","GIN",0.0489701646330379
"csfnt","GMB",0.0489701646330379
"csfnt","GNB",0.0489701646330379
"csfnt","GNQ",0.0980228973385849
"csfnt","GRL",0.0482780227381829
"csfnt","GSA",0.137782501597155
"csfnt","GTM",0.00340540478697622
"csfnt","HND",0.00277559601010542
"csfnt","HRV",0.00563605928568135
"csfnt","HTI",0.0128229236478914
"csfnt","IDN",0.00386662627487805
"csfnt","IND",0.472899690099665
"csfnt","IRN",0.0452984288007841
"csfnt","IRQ",0.0188636956124104
"csfnt","ISR",0.0188636956124104
"csfnt","JAM",0.0128229236478914
"csfnt","JOR",0.0188636956124104
"csfnt","JPN",0.00214148985391538
"csfnt","KAZ",0.00390684784676495
"csfnt","KEN",0.141472983605022
"csfnt","KGZ",0.00704177656098337
"csfnt","KHM",0.140716832983344
"csfnt","KOR",1.33886406725453
"csfnt","LAO",0.164277192310709
"csfnt","LBN",0.0188636956124104
"csfnt","LBR",0.0489701646330379
"csfnt","LBY",0.187236597759769
"csfnt","LKA",0.246428613856448
"csfnt","LSO",0.00320789280763255
"csfnt","MDA",0.0568131731051145
"csfnt","MDG",0.0116107945243599
"csfnt","MEX",0.00252716208007317
"csfnt","MLI",0.141472983605022
"csfnt","MNG",0.0283686748025196
"csfnt","MOR",0.105608771075301
"csfnt","MOZ",0.066773429373486
"csfnt","MRT",0.0489701646330379
"csfnt","MWI",0.00423461514868709
"csfnt","MYS",0.00391431506578355
"csfnt","NAM",0.00320789280763255
"csfnt","NER",0.0489701646330379
"csfnt","NGA",0.197068301569364
"csfnt","NIC",0.011608464580201
"csfnt","NOR",0.733936916651156
"csfnt","NPL",0.0964607931223865
"csfnt","OPO",0.0449136946907775
"csfnt","OSA",0.00736472358257301
"csfnt","PAK",0.0994164655962612
"csfnt","PAN",0.0377970083968104
"csfnt","PER",0.038767165296731
"csfnt","PHL",0.0429774821679287
"csfnt","PNG",0.0449136946907775
"csfnt","PRK",0.0283686748025196
"csfnt","PRY",0.00861577188916962
"csfnt","PSE",0.0188636956124104
"csfnt","RAP",0.0188636956124104
"csfnt","ROU",0.081640627311256
"csfnt","RUS",0.0420517059597984
"csfnt","RWA",0.141472983605022
"csfnt","SAU",0.0188636956124104
"csfnt","SDN",0.141472983605022
"csfnt","SEN",0.0286046571150755
"csfnt","SLB",0.0449136946907775
"csfnt","SLE",0.0489701646330379
"csfnt","SLV",0.00277559601010542
"csfnt","SOM",0.141472983605022
"csfnt","SSD",0.141472983605022
"csfnt","SWZ",0.00320789280763255
"csfnt","SYR",0.0188636956124104
"csfnt","TCD",0.0980228973385849
"csfnt","TGO",0.0489701646330379
"csfnt","THA",0.339472518089083
"csfnt","TLS",0.00736472358257301
"csfnt","TUN",0.226738452596576
"csfnt","TUR",0.0483754612366517
"csfnt","TZA",0.24123837473926
"csfnt","UGA",0.0567961122034577
"csfnt","UKR",0.321660720735282
"csfnt","URY",8.8506169036654E-5
"csfnt","USA",0.0349597087567786
"csfnt","VEN",0.0813369863367139
"csfnt","VNM",0.0721057468233311
"csfnt","VUT",0.0449136946907775
"csfnt","YEM",0.0188636956124104
"csfnt","ZAF",0.0333720538991193
"csfnt","ZMB",0.0433484118522895
"csfnt","ZWE",0.0639007178049894
"csfol","AFG",0.0607206378060896
"csfol","AGO",0.0627983876807377
"csfol","ALB",0.0779366010350988
"csfol","ARG",0.0684831352110205
"csfol","ARM",0.0659631612191444
"csfol","AUS",0.0073181880234935
"csfol","AUT",0.00178752259277706
"csfol","AZE",0.0215103570686268
"csfol","BDI",0.139819177012839
"csfol","BEN",0.159487176004326
"csfol","BFA",0.159487176004326
"csfol","BGD",0.211951570429444
"csfol","BGR",0.0945565222822461
"csfol","BLR",0.0180303175639692
"csfol","BLT",0.005712556284139
"csfol","BLX",0.0122807358904978
"csfol","BLZ",0.0227681094594571
"csfol","BOL",0.0819150797269784
"csfol","BRA",0.0729148024323099
"csfol","BTN",0.0607206378060896
"csfol","BWA",0.000145920822150108
"csfol","CAF",0.213561058343369
"csfol","CAN",0.0299708364269169
"csfol","CHL",0.00485073834721421
"csfol","CHM",0.0152237805221292
"csfol","CHP",0.674412161583154
"csfol","CIV",0.159487176004326
"csfol","CMR",0.213561058343369
"csfol","COD",0.0627983876807377
"csfol","COG",0.0627983876807377
"csfol","COL",0.118304115733626
"csfol","CRB",0.116146489525326
"csfol","CRI",0.0842835404634869
"csfol","CUB",0.116146489525326
"csfol","CYP",0.00585474836886109
"csfol","CZE",0.00425344974536239
"csfol","DEU",0.019640030990563
"csfol","DJI",0.139819177012839
"csfol","DNK",0.0101239781094216
"csfol","DOM",0.116146489525326
"csfol","DZA",0.121242172411163
"csfol","ECU",0.103393684877353
"csfol","EGY",0.0653430536435232
"csfol","ERI",0.139819177012839
"csfol","ETH",0.297552178026881
"csfol","FJI",0.0731598213988517
"csfol","FNP",0.00889379826302877
"csfol","FRP",0.00332610933248036
"csfol","GAB",0.213561058343369
"csfol","GEO",0.0701409431475211
"csfol","GHA",0.159487176004326
"csfol","GIN",0.159487176004326
"csfol","GMB",0.159487176004326
"csfol","GNB",0.159487176004326
"csfol","GNQ",0.213561058343369
"csfol","GRC",0.0142891231599449
"csfol","GRL",0.0263617960022337
"csfol","GSA",0.223102628900602
"csfol","GTM",0.0250684887878581
"csfol","HND",0.0227681094594571
"csfol","HRV",0.0789350383311756
"csfol","HTI",0.116146489525326
"csfol","HUN",0.00986975335663621
"csfol","IDN",0.00392547352220088
"csfol","IND",0.834103938952923
"csfol","IRL",0.00888243708272903
"csfol","IRN",0.101474475724323
"csfol","IRQ",0.0596396797920493
"csfol","ISL",0.196680543237642
"csfol","ISR",0.0596396797920493
"csfol","ITP",0.123605555066611
"csfol","JAM",0.116146489525326
"csfol","JOR",0.0596396797920493
"csfol","JPN",0.0179769772746675
"csfol","KAZ",0.0229246179702437
"csfol","KEN",0.139819177012839
"csfol","KGZ",0.0378366550068243
"csfol","KHM",0.0729241241894406
"csfol","KOR",0.0488291903739094
"csfol","LAO",0.0749166161358013
"csfol","LBN",0.0596396797920493
"csfol","LBR",0.159487176004326
"csfol","LBY",0.121242172411163
"csfol","LKA",0.196833661458341
"csfol","LSO",0.00452855927347842
"csfol","MDA",0.0624338569455085
"csfol","MDG",0.059153704061336
"csfol","MEX",0.0478211121626331
"csfol","MLI",0.139819177012839
"csfol","MNG",0.07810565494012
"csfol","MOR",0.0876209968260008
"csfol","MOZ",0.139786678191185
"csfol","MRT",0.159487176004326
"csfol","MWI",0.12051795226941
"csfol","MYS",0.00572008088355823
"csfol","NAM",0.00452855927347842
"csfol","NER",0.159487176004326
"csfol","NGA",0.63511008793242
"csfol","NIC",0.0401523285253785
"csfol","NLD",0.0145053833442153
"csfol","NOR",0.363727418466086
"csfol","NPL",0.0607206378060896
"csfol","NZL",0.00268471346513014
"csfol","OPO",0.0731598213988517
"csfol","OSA",0.0123018952280187
"csfol","PAK",0.359056246466169
"csfol","PAN",0.106636515345618
"csfol","PER",0.0302803794049955
"csfol","PHL",0.0299017382426864
"csfol","PNG",0.0731598213988517
"csfol","POL",0.00548082485818803
"csfol","PRK",0.07810565494012
"csfol","PRT",0.0118427290113764
"csfol","PRY",0.010276396510582
"csfol","PSE",0.0596396797920493
"csfol","RAP",0.0596396797920493
"csfol","ROU",0.0911456744849269
"csfol","RUS",0.0756462933888801
"csfol","RWA",0.139819177012839
"csfol","SAU",0.0596396797920493
"csfol","SDN",0.139819177012839
"csfol","SEN",0.115395338622786
"csfol","SLB",0.0731598213988517
"csfol","SLE",0.159487176004326
"csfol","SLV",0.0227681094594571
"csfol","SOM",0.139819177012839
"csfol","SPP",0.0745128838583192
"csfol","SSD",0.139819177012839
"csfol","SVK",0.00356194708560388
"csfol","SVN",0.00150841657908371
"csfol","SWE",0.0220393392044259
"csfol","SWZ",0.00452855927347842
"csfol","SYR",0.0596396797920493
"csfol","TCD",0.213561058343369
"csfol","TGO",0.159487176004326
"csfol","THA",0.182278991345802
"csfol","TJK",0.026409079178031
"csfol","TKM",0.026409079178031
"csfol","TLS",0.0123018952280187
"csfol","TUN",0.224132231621512
"csfol","TUR",0.139129146081348
"csfol","TZA",0.16302885532671
"csfol","UGA",0.0729868010162513
"csfol","UKP",0.00709747176750429
"csfol","UKR",0.259677044399531
"csfol","URY",0.00189211794713803
"csfol","USA",0.0154948339200604
"csfol","UZB",0.026409079178031
"csfol","VEN",0.102693418381746
"csfol","VNM",0.0595258357583743
"csfol","VUT",0.0731598213988517
"csfol","YEM",0.0596396797920493
"csfol","ZAF",0.0783162082460358
"csfol","ZMB",0.0959977640325008
"csfol","ZWE",0.173562292517522
"csfml","AFG",0.0607206378060896
"csfml","AGO",0.0627983876807377
"csfml","ALB",0.0779366010350988
"csfml","ARG",0.0684831352110205
"csfml","ARM",0.0659631612191444
"csfml","AUS",0.0073181880234935
"csfml","AUT",0.00178752259277706
"csfml","AZE",0.0215103570686268
"csfml","BDI",0.139819177012839
"csfml","BEN",0.159487176004326
"csfml","BFA",0.159487176004326
"csfml","BGD",0.211951570429444
"csfml","BGR",0.0945565222822461
"csfml","BLR",0.0180303175639692
"csfml","BLT",0.005712556284139
"csfml","BLX",0.0122807358904978
"csfml","BLZ",0.0227681094594571
"csfml","BOL",0.0819150797269784
"csfml","BRA",0.0729148024323099
"csfml","BTN",0.0607206378060896
"csfml","BWA",0.000145920822150108
"csfml","CAF",0.213561058343369
"csfml","CAN",0.0299708364269169
"csfml","CHL",0.00485073834721421
"csfml","CHM",0.0152237805221292
"csfml","CHP",0.674412161583154
"csfml","CIV",0.159487176004326
"csfml","CMR",0.213561058343369
"csfml","COD",0.0627983876807377
"csfml","COG",0.0627983876807377
"csfml","COL",0.118304115733626
"csfml","CRB",0.116146489525326
"csfml","CRI",0.0842835404634869
"csfml","CUB",0.116146489525326
"csfml","CYP",0.00585474836886109
"csfml","CZE",0.00425344974536239
"csfml","DEU",0.019640030990563
"csfml","DJI",0.139819177012839
"csfml","DNK",0.0101239781094216
"csfml","DOM",0.116146489525326
"csfml","DZA",0.121242172411163
"csfml","ECU",0.103393684877353
"csfml","EGY",0.0653430536435232
"csfml","ERI",0.139819177012839
"csfml","ETH",0.297552178026881
"csfml","FJI",0.0731598213988517
"csfml","FNP",0.00889379826302877
"csfml","FRP",0.00332610933248036
"csfml","GAB",0.213561058343369
"csfml","GEO",0.0701409431475211
"csfml","GHA",0.159487176004326
"csfml","GIN",0.159487176004326
"csfml","GMB",0.159487176004326
"csfml","GNB",0.159487176004326
"csfml","GNQ",0.213561058343369
"csfml","GRC",0.0142891231599449
"csfml","GRL",0.0263617960022337
"csfml","GSA",0.223102628900602
"csfml","GTM",0.0250684887878581
"csfml","HND",0.0227681094594571
"csfml","HRV",0.0789350383311756
"csfml","HTI",0.116146489525326
"csfml","HUN",0.00986975335663621
"csfml","IDN",0.00392547352220088
"csfml","IND",0.834103938952923
"csfml","IRL",0.00888243708272903
"csfml","IRN",0.101474475724323
"csfml","IRQ",0.0596396797920493
"csfml","ISL",0.196680543237642
"csfml","ISR",0.0596396797920493
"csfml","ITP",0.123605555066611
"csfml","JAM",0.116146489525326
"csfml","JOR",0.0596396797920493
"csfml","JPN",0.0179769772746675
"csfml","KAZ",0.0229246179702437
"csfml","KEN",0.139819177012839
"csfml","KGZ",0.0378366550068243
"csfml","KHM",0.0729241241894406
"csfml","KOR",0.0488291903739094
"csfml","LAO",0.0749166161358013
"csfml","LBN",0.0596396797920493
"csfml","LBR",0.159487176004326
"csfml","LBY",0.121242172411163
"csfml","LKA",0.196833661458341
"csfml","LSO",0.00452855927347842
"csfml","MDA",0.0624338569455085
"csfml","MDG",0.059153704061336
"csfml","MEX",0.0478211121626331
"csfml","MLI",0.139819177012839
"csfml","MNG",0.07810565494012
"csfml","MOR",0.0876209968260008
"csfml","MOZ",0.139786678191185
"csfml","MRT",0.159487176004326
"csfml","MWI",0.12051795226941
"csfml","MYS",0.00572008088355823
"csfml","NAM",0.00452855927347842
"csfml","NER",0.159487176004326
"csfml","NGA",0.63511008793242
"csfml","NIC",0.0401523285253785
"csfml","NLD",0.0145053833442153
"csfml","NOR",0.363727418466086
"csfml","NPL",0.0607206378060896
"csfml","NZL",0.00268471346513014
"csfml","OPO",0.0731598213988517
"csfml","OSA",0.0123018952280187
"csfml","PAK",0.359056246466169
"csfml","PAN",0.106636515345618
"csfml","PER",0.0302803794049955
"csfml","PHL",0.0299017382426864
"csfml","PNG",0.0731598213988517
"csfml","POL",0.00548082485818803
"csfml","PRK",0.07810565494012
"csfml","PRT",0.0118427290113764
"csfml","PRY",0.010276396510582
"csfml","PSE",0.0596396797920493
"csfml","RAP",0.0596396797920493
"csfml","ROU",0.0911456744849269
"csfml","RUS",0.0756462933888801
"csfml","RWA",0.139819177012839
"csfml","SAU",0.0596396797920493
"csfml","SDN",0.139819177012839
"csfml","SEN",0.115395338622786
"csfml","SLB",0.0731598213988517
"csfml","SLE",0.159487176004326
"csfml","SLV",0.0227681094594571
"csfml","SOM",0.139819177012839
"csfml","SPP",0.0745128838583192
"csfml","SSD",0.139819177012839
"csfml","SVK",0.00356194708560388
"csfml","SVN",0.00150841657908371
"csfml","SWE",0.0220393392044259
"csfml","SWZ",0.00452855927347842
"csfml","SYR",0.0596396797920493
"csfml","TCD",0.213561058343369
"csfml","TGO",0.159487176004326
"csfml","THA",0.182278991345802
"csfml","TJK",0.026409079178031
"csfml","TKM",0.026409079178031
"csfml","TLS",0.0123018952280187
"csfml","TUN",0.224132231621512
"csfml","TUR",0.139129146081348
"csfml","TZA",0.16302885532671
"csfml","UGA",0.0729868010162513
"csfml","UKP",0.00709747176750429
"csfml","UKR",0.259677044399531
"csfml","URY",0.00189211794713803
"csfml","USA",0.0154948339200604
"csfml","UZB",0.026409079178031
"csfml","VEN",0.102693418381746
"csfml","VNM",0.0595258357583743
"csfml","VUT",0.0731598213988517
"csfml","YEM",0.0596396797920493
"csfml","ZAF",0.0783162082460358
"csfml","ZMB",0.0959977640325008
"csfml","ZWE",0.173562292517522
"cpalm","AFG",0.0964607931223865
"cpalm","AGO",0.0561030604176979
"cpalm","ALB",0.0694191907332606
"cpalm","ARG",0.00916542333023534
"cpalm","ARM",0.000226677510054917
"cpalm","AUS",0.00734304961129488
"cpalm","AZE",0.0167083618083251
"cpalm","BDI",0.141472983605022
"cpalm","BEN",0.0489701646330379
"cpalm","BFA",0.0489701646330379
"cpalm","BGD",0.0807889586801868
"cpalm","BGR",0.133603721399923
"cpalm","BLR",0.00898591549438162
"cpalm","BLZ",0.00277559601010542
"cpalm","BOL",0.0498573874667276
"cpalm","BRA",0.00292278685429033
"cpalm","BTN",0.0964607931223865
"cpalm","CAF",0.0980228973385849
"cpalm","CHL",0.00157763893199936
"cpalm","CHM",0.0245781246636293
"cpalm","CHP",0.293767018296218
"cpalm","CIV",0.0489701646330379
"cpalm","CMR",0.0980228973385849
"cpalm","COD",0.0561030604176979
"cpalm","COG",0.0561030604176979
"cpalm","COL",0.0696301660852079
"cpalm","CRB",0.0128229236478914
"cpalm","CRI",0.000428110600452358
"cpalm","CUB",0.0128229236478914
"cpalm","DJI",0.141472983605022
"cpalm","DOM",0.0128229236478914
"cpalm","DZA",0.187236597759769
"cpalm","ECU",0.0573526366251333
"cpalm","EGY",0.011468069786181
"cpalm","ERI",0.141472983605022
"cpalm","ETH",0.0496852079704306
"cpalm","FJI",0.0449136946907775
"cpalm","GAB",0.0980228973385849
"cpalm","GEO",0.00269018076567687
"cpalm","GHA",0.0489701646330379
"cpalm","GIN",0.0489701646330379
"cpalm","GMB",0.0489701646330379
"cpalm","GNB",0.0489701646330379
"cpalm","GNQ",0.0980228973385849
"cpalm","GRL",0.0482780227381829
"cpalm","GSA",0.137782501597155
"cpalm","GTM",0.00340540478697622
"cpalm","HND",0.00277559601010542
"cpalm","HRV",0.00563605928568135
"cpalm","HTI",0.0128229236478914
"cpalm","IDN",0.00386662627487805
"cpalm","IND",0.472899690099665
"cpalm","IRN",0.0452984288007841
"cpalm","IRQ",0.0188636956124104
"cpalm","ISR",0.0188636956124104
"cpalm","JAM",0.0128229236478914
"cpalm","JOR",0.0188636956124104
"cpalm","JPN",0.00214148985391538
"cpalm","KAZ",0.00390684784676495
"cpalm","KEN",0.141472983605022
"cpalm","KGZ",0.00704177656098337
"cpalm","KHM",0.140716832983344
"cpalm","KOR",1.33886406725453
"cpalm","LAO",0.164277192310709
"cpalm","LBN",0.0188636956124104
"cpalm","LBR",0.0489701646330379
"cpalm","LBY",0.187236597759769
"cpalm","LKA",0.246428613856448
"cpalm","LSO",0.00320789280763255
"cpalm","MDA",0.0568131731051145
"cpalm","MDG",0.0116107945243599
"cpalm","MEX",0.00252716208007317
"cpalm","MLI",0.141472983605022
"cpalm","MNG",0.0283686748025196
"cpalm","MOR",0.105608771075301
"cpalm","MOZ",0.066773429373486
"cpalm","MRT",0.0489701646330379
"cpalm","MWI",0.00423461514868709
"cpalm","MYS",0.00391431506578355
"cpalm","NAM",0.00320789280763255
"cpalm","NER",0.0489701646330379
"cpalm","NGA",0.197068301569364
"cpalm","NIC",0.011608464580201
"cpalm","NOR",0.733936916651156
"cpalm","NPL",0.0964607931223865
"cpalm","OPO",0.0449136946907775
"cpalm","OSA",0.00736472358257301
"cpalm","PAK",0.0994164655962612
"cpalm","PAN",0.0377970083968104
"cpalm","PER",0.038767165296731
"cpalm","PHL",0.0429774821679287
"cpalm","PNG",0.0449136946907775
"cpalm","PRK",0.0283686748025196
"cpalm","PRY",0.00861577188916962
"cpalm","PSE",0.0188636956124104
"cpalm","RAP",0.0188636956124104
"cpalm","ROU",0.081640627311256
"cpalm","RUS",0.0420517059597984
"cpalm","RWA",0.141472983605022
"cpalm","SAU",0.0188636956124104
"cpalm","SDN",0.141472983605022
"cpalm","SEN",0.0286046571150755
"cpalm","SLB",0.0449136946907775
"cpalm","SLE",0.0489701646330379
"cpalm","SLV",0.00277559601010542
"cpalm","SOM",0.141472983605022
"cpalm","SSD",0.141472983605022
"cpalm","SWZ",0.00320789280763255
"cpalm","SYR",0.0188636956124104
"cpalm","TCD",0.0980228973385849
"cpalm","TGO",0.0489701646330379
"cpalm","THA",0.339472518089083
"cpalm","TLS",0.00736472358257301
"cpalm","TUN",0.226738452596576
"cpalm","TUR",0.0483754612366517
"cpalm","TZA",0.24123837473926
"cpalm","UGA",0.0567961122034577
"cpalm","UKR",0.321660720735282
"cpalm","URY",8.8506169036654E-5
"cpalm","USA",0.0349597087567786
"cpalm","VEN",0.0813369863367139
"cpalm","VNM",0.0721057468233311
"cpalm","VUT",0.0449136946907775
"cpalm","YEM",0.0188636956124104
"cpalm","ZAF",0.0333720538991193
"cpalm","ZMB",0.0433484118522895
"cpalm","ZWE",0.0639007178049894
"cplol","AFG",0.0607206378060896
"cplol","AGO",0.0627983876807377
"cplol","ALB",0.0779366010350988
"cplol","ARG",0.0684831352110205
"cplol","ARM",0.0659631612191444
"cplol","AUS",0.0073181880234935
"cplol","AUT",0.00178752259277706
"cplol","AZE",0.0215103570686268
"cplol","BDI",0.139819177012839
"cplol","BEN",0.159487176004326
"cplol","BFA",0.159487176004326
"cplol","BGD",0.211951570429444
"cplol","BGR",0.0945565222822461
"cplol","BLR",0.0180303175639692
"cplol","BLT",0.005712556284139
"cplol","BLX",0.0122807358904978
"cplol","BLZ",0.0227681094594571
"cplol","BOL",0.0819150797269784
"cplol","BRA",0.0729148024323099
"cplol","BTN",0.0607206378060896
"cplol","BWA",0.000145920822150108
"cplol","CAF",0.213561058343369
"cplol","CAN",0.0299708364269169
"cplol","CHL",0.00485073834721421
"cplol","CHM",0.0152237805221292
"cplol","CHP",0.674412161583154
"cplol","CIV",0.159487176004326
"cplol","CMR",0.213561058343369
"cplol","COD",0.0627983876807377
"cplol","COG",0.0627983876807377
"cplol","COL",0.118304115733626
"cplol","CRB",0.116146489525326
"cplol","CRI",0.0842835404634869
"cplol","CUB",0.116146489525326
"cplol","CYP",0.00585474836886109
"cplol","CZE",0.00425344974536239
"cplol","DEU",0.019640030990563
"cplol","DJI",0.139819177012839
"cplol","DNK",0.0101239781094216
"cplol","DOM",0.116146489525326
"cplol","DZA",0.121242172411163
"cplol","ECU",0.103393684877353
"cplol","EGY",0.0653430536435232
"cplol","ERI",0.139819177012839
"cplol","ETH",0.297552178026881
"cplol","FJI",0.0731598213988517
"cplol","FNP",0.00889379826302877
"cplol","FRP",0.00332610933248036
"cplol","GAB",0.213561058343369
"cplol","GEO",0.0701409431475211
"cplol","GHA",0.159487176004326
"cplol","GIN",0.159487176004326
"cplol","GMB",0.159487176004326
"cplol","GNB",0.159487176004326
"cplol","GNQ",0.213561058343369
"cplol","GRC",0.0142891231599449
"cplol","GRL",0.0263617960022337
"cplol","GSA",0.223102628900602
"cplol","GTM",0.0250684887878581
"cplol","HND",0.0227681094594571
"cplol","HRV",0.0789350383311756
"cplol","HTI",0.116146489525326
"cplol","HUN",0.00986975335663621
"cplol","IDN",0.00392547352220088
"cplol","IND",0.834103938952923
"cplol","IRL",0.00888243708272903
"cplol","IRN",0.101474475724323
"cplol","IRQ",0.0596396797920493
"cplol","ISL",0.196680543237642
"cplol","ISR",0.0596396797920493
"cplol","ITP",0.123605555066611
"cplol","JAM",0.116146489525326
"cplol","JOR",0.0596396797920493
"cplol","JPN",0.0179769772746675
"cplol","KAZ",0.0229246179702437
"cplol","KEN",0.139819177012839
"cplol","KGZ",0.0378366550068243
"cplol","KHM",0.0729241241894406
"cplol","KOR",0.0488291903739094
"cplol","LAO",0.0749166161358013
"cplol","LBN",0.0596396797920493
"cplol","LBR",0.159487176004326
"cplol","LBY",0.121242172411163
"cplol","LKA",0.196833661458341
"cplol","LSO",0.00452855927347842
"cplol","MDA",0.0624338569455085
"cplol","MDG",0.059153704061336
"cplol","MEX",0.0478211121626331
"cplol","MLI",0.139819177012839
"cplol","MNG",0.07810565494012
"cplol","MOR",0.0876209968260008
"cplol","MOZ",0.139786678191185
"cplol","MRT",0.159487176004326
"cplol","MWI",0.12051795226941
"cplol","MYS",0.00572008088355823
"cplol","NAM",0.00452855927347842
"cplol","NER",0.159487176004326
"cplol","NGA",0.63511008793242
"cplol","NIC",0.0401523285253785
"cplol","NLD",0.0145053833442153
"cplol","NOR",0.363727418466086
"cplol","NPL",0.0607206378060896
"cplol","NZL",0.00268471346513014
"cplol","OPO",0.0731598213988517
"cplol","OSA",0.0123018952280187
"cplol","PAK",0.359056246466169
"cplol","PAN",0.106636515345618
"cplol","PER",0.0302803794049955
"cplol","PHL",0.0299017382426864
"cplol","PNG",0.0731598213988517
"cplol","POL",0.00548082485818803
"cplol","PRK",0.07810565494012
"cplol","PRT",0.0118427290113764
"cplol","PRY",0.010276396510582
"cplol","PSE",0.0596396797920493
"cplol","RAP",0.0596396797920493
"cplol","ROU",0.0911456744849269
"cplol","RUS",0.0756462933888801
"cplol","RWA",0.139819177012839
"cplol","SAU",0.0596396797920493
"cplol","SDN",0.139819177012839
"cplol","SEN",0.115395338622786
"cplol","SLB",0.0731598213988517
"cplol","SLE",0.159487176004326
"cplol","SLV",0.0227681094594571
"cplol","SOM",0.139819177012839
"cplol","SPP",0.0745128838583192
"cplol","SSD",0.139819177012839
"cplol","SVK",0.00356194708560388
"cplol","SVN",0.00150841657908371
"cplol","SWE",0.0220393392044259
"cplol","SWZ",0.00452855927347842
"cplol","SYR",0.0596396797920493
"cplol","TCD",0.213561058343369
"cplol","TGO",0.159487176004326
"cplol","THA",0.182278991345802
"cplol","TJK",0.026409079178031
"cplol","TKM",0.026409079178031
"cplol","TLS",0.0123018952280187
"cplol","TUN",0.224132231621512
"cplol","TUR",0.139129146081348
"cplol","TZA",0.16302885532671
"cplol","UGA",0.0729868010162513
"cplol","UKP",0.00709747176750429
"cplol","UKR",0.259677044399531
"cplol","URY",0.00189211794713803
"cplol","USA",0.0154948339200604
"cplol","UZB",0.026409079178031
"cplol","VEN",0.102693418381746
"cplol","VNM",0.0595258357583743
"cplol","VUT",0.0731598213988517
"cplol","YEM",0.0596396797920493
"cplol","ZAF",0.0783162082460358
"cplol","ZMB",0.0959977640325008
"cplol","ZWE",0.173562292517522
"cpkrl","AFG",0.0607206378060896
"cpkrl","AGO",0.0627983876807377
"cpkrl","ALB",0.0779366010350988
"cpkrl","ARG",0.0684831352110205
"cpkrl","ARM",0.0659631612191444
"cpkrl","AUS",0.0073181880234935
"cpkrl","AUT",0.00178752259277706
"cpkrl","AZE",0.0215103570686268
"cpkrl","BDI",0.139819177012839
"cpkrl","BEN",0.159487176004326
"cpkrl","BFA",0.159487176004326
"cpkrl","BGD",0.211951570429444
"cpkrl","BGR",0.0945565222822461
"cpkrl","BLR",0.0180303175639692
"cpkrl","BLT",0.005712556284139
"cpkrl","BLX",0.0122807358904978
"cpkrl","BLZ",0.0227681094594571
"cpkrl","BOL",0.0819150797269784
"cpkrl","BRA",0.0729148024323099
"cpkrl","BTN",0.0607206378060896
"cpkrl","BWA",0.000145920822150108
"cpkrl","CAF",0.213561058343369
"cpkrl","CAN",0.0299708364269169
"cpkrl","CHL",0.00485073834721421
"cpkrl","CHM",0.0152237805221292
"cpkrl","CHP",0.674412161583154
"cpkrl","CIV",0.159487176004326
"cpkrl","CMR",0.213561058343369
"cpkrl","COD",0.0627983876807377
"cpkrl","COG",0.0627983876807377
"cpkrl","COL",0.118304115733626
"cpkrl","CRB",0.116146489525326
"cpkrl","CRI",0.0842835404634869
"cpkrl","CUB",0.116146489525326
"cpkrl","CYP",0.00585474836886109
"cpkrl","CZE",0.00425344974536239
"cpkrl","DEU",0.019640030990563
"cpkrl","DJI",0.139819177012839
"cpkrl","DNK",0.0101239781094216
"cpkrl","DOM",0.116146489525326
"cpkrl","DZA",0.121242172411163
"cpkrl","ECU",0.103393684877353
"cpkrl","EGY",0.0653430536435232
"cpkrl","ERI",0.139819177012839
"cpkrl","ETH",0.297552178026881
"cpkrl","FJI",0.0731598213988517
"cpkrl","FNP",0.00889379826302877
"cpkrl","FRP",0.00332610933248036
"cpkrl","GAB",0.213561058343369
"cpkrl","GEO",0.0701409431475211
"cpkrl","GHA",0.159487176004326
"cpkrl","GIN",0.159487176004326
"cpkrl","GMB",0.159487176004326
"cpkrl","GNB",0.159487176004326
"cpkrl","GNQ",0.213561058343369
"cpkrl","GRC",0.0142891231599449
"cpkrl","GRL",0.0263617960022337
"cpkrl","GSA",0.223102628900602
"cpkrl","GTM",0.0250684887878581
"cpkrl","HND",0.0227681094594571
"cpkrl","HRV",0.0789350383311756
"cpkrl","HTI",0.116146489525326
"cpkrl","HUN",0.00986975335663621
"cpkrl","IDN",0.00392547352220088
"cpkrl","IND",0.834103938952923
"cpkrl","IRL",0.00888243708272903
"cpkrl","IRN",0.101474475724323
"cpkrl","IRQ",0.0596396797920493
"cpkrl","ISL",0.196680543237642
"cpkrl","ISR",0.0596396797920493
"cpkrl","ITP",0.123605555066611
"cpkrl","JAM",0.116146489525326
"cpkrl","JOR",0.0596396797920493
"cpkrl","JPN",0.0179769772746675
"cpkrl","KAZ",0.0229246179702437
"cpkrl","KEN",0.139819177012839
"cpkrl","KGZ",0.0378366550068243
"cpkrl","KHM",0.0729241241894406
"cpkrl","KOR",0.0488291903739094
"cpkrl","LAO",0.0749166161358013
"cpkrl","LBN",0.0596396797920493
"cpkrl","LBR",0.159487176004326
"cpkrl","LBY",0.121242172411163
"cpkrl","LKA",0.196833661458341
"cpkrl","LSO",0.00452855927347842
"cpkrl","MDA",0.0624338569455085
"cpkrl","MDG",0.059153704061336
"cpkrl","MEX",0.0478211121626331
"cpkrl","MLI",0.139819177012839
"cpkrl","MNG",0.07810565494012
"cpkrl","MOR",0.0876209968260008
"cpkrl","MOZ",0.139786678191185
"cpkrl","MRT",0.159487176004326
"cpkrl","MWI",0.12051795226941
"cpkrl","MYS",0.00572008088355823
"cpkrl","NAM",0.00452855927347842
"cpkrl","NER",0.159487176004326
"cpkrl","NGA",0.63511008793242
"cpkrl","NIC",0.0401523285253785
"cpkrl","NLD",0.0145053833442153
"cpkrl","NOR",0.363727418466086
"cpkrl","NPL",0.0607206378060896
"cpkrl","NZL",0.00268471346513014
"cpkrl","OPO",0.0731598213988517
"cpkrl","OSA",0.0123018952280187
"cpkrl","PAK",0.359056246466169
"cpkrl","PAN",0.106636515345618
"cpkrl","PER",0.0302803794049955
"cpkrl","PHL",0.0299017382426864
"cpkrl","PNG",0.0731598213988517
"cpkrl","POL",0.00548082485818803
"cpkrl","PRK",0.07810565494012
"cpkrl","PRT",0.0118427290113764
"cpkrl","PRY",0.010276396510582
"cpkrl","PSE",0.0596396797920493
"cpkrl","RAP",0.0596396797920493
"cpkrl","ROU",0.0911456744849269
"cpkrl","RUS",0.0756462933888801
"cpkrl","RWA",0.139819177012839
"cpkrl","SAU",0.0596396797920493
"cpkrl","SDN",0.139819177012839
"cpkrl","SEN",0.115395338622786
"cpkrl","SLB",0.0731598213988517
"cpkrl","SLE",0.159487176004326
"cpkrl","SLV",0.0227681094594571
"cpkrl","SOM",0.139819177012839
"cpkrl","SPP",0.0745128838583192
"cpkrl","SSD",0.139819177012839
"cpkrl","SVK",0.00356194708560388
"cpkrl","SVN",0.00150841657908371
"cpkrl","SWE",0.0220393392044259
"cpkrl","SWZ",0.00452855927347842
"cpkrl","SYR",0.0596396797920493
"cpkrl","TCD",0.213561058343369
"cpkrl","TGO",0.159487176004326
"cpkrl","THA",0.182278991345802
"cpkrl","TJK",0.026409079178031
"cpkrl","TKM",0.026409079178031
"cpkrl","TLS",0.0123018952280187
"cpkrl","TUN",0.224132231621512
"cpkrl","TUR",0.139129146081348
"cpkrl","TZA",0.16302885532671
"cpkrl","UGA",0.0729868010162513
"cpkrl","UKP",0.00709747176750429
"cpkrl","UKR",0.259677044399531
"cpkrl","URY",0.00189211794713803
"cpkrl","USA",0.0154948339200604
"cpkrl","UZB",0.026409079178031
"cpkrl","VEN",0.102693418381746
"cpkrl","VNM",0.0595258357583743
"cpkrl","VUT",0.0731598213988517
"cpkrl","YEM",0.0596396797920493
"cpkrl","ZAF",0.0783162082460358
"cpkrl","ZMB",0.0959977640325008
"cpkrl","ZWE",0.173562292517522
"cpkol","AFG",0.0607206378060896
"cpkol","AGO",0.0627983876807377
"cpkol","ALB",0.0779366010350988
"cpkol","ARG",0.0684831352110205
"cpkol","ARM",0.0659631612191444
"cpkol","AUS",0.0073181880234935
"cpkol","AUT",0.00178752259277706
"cpkol","AZE",0.0215103570686268
"cpkol","BDI",0.139819177012839
"cpkol","BEN",0.159487176004326
"cpkol","BFA",0.159487176004326
"cpkol","BGD",0.211951570429444
"cpkol","BGR",0.0945565222822461
"cpkol","BLR",0.0180303175639692
"cpkol","BLT",0.005712556284139
"cpkol","BLX",0.0122807358904978
"cpkol","BLZ",0.0227681094594571
"cpkol","BOL",0.0819150797269784
"cpkol","BRA",0.0729148024323099
"cpkol","BTN",0.0607206378060896
"cpkol","BWA",0.000145920822150108
"cpkol","CAF",0.213561058343369
"cpkol","CAN",0.0299708364269169
"cpkol","CHL",0.00485073834721421
"cpkol","CHM",0.0152237805221292
"cpkol","CHP",0.674412161583154
"cpkol","CIV",0.159487176004326
"cpkol","CMR",0.213561058343369
"cpkol","COD",0.0627983876807377
"cpkol","COG",0.0627983876807377
"cpkol","COL",0.118304115733626
"cpkol","CRB",0.116146489525326
"cpkol","CRI",0.0842835404634869
"cpkol","CUB",0.116146489525326
"cpkol","CYP",0.00585474836886109
"cpkol","CZE",0.00425344974536239
"cpkol","DEU",0.019640030990563
"cpkol","DJI",0.139819177012839
"cpkol","DNK",0.0101239781094216
"cpkol","DOM",0.116146489525326
"cpkol","DZA",0.121242172411163
"cpkol","ECU",0.103393684877353
"cpkol","EGY",0.0653430536435232
"cpkol","ERI",0.139819177012839
"cpkol","ETH",0.297552178026881
"cpkol","FJI",0.0731598213988517
"cpkol","FNP",0.00889379826302877
"cpkol","FRP",0.00332610933248036
"cpkol","GAB",0.213561058343369
"cpkol","GEO",0.0701409431475211
"cpkol","GHA",0.159487176004326
"cpkol","GIN",0.159487176004326
"cpkol","GMB",0.159487176004326
"cpkol","GNB",0.159487176004326
"cpkol","GNQ",0.213561058343369
"cpkol","GRC",0.0142891231599449
"cpkol","GRL",0.0263617960022337
"cpkol","GSA",0.223102628900602
"cpkol","GTM",0.0250684887878581
"cpkol","HND",0.0227681094594571
"cpkol","HRV",0.0789350383311756
"cpkol","HTI",0.116146489525326
"cpkol","HUN",0.00986975335663621
"cpkol","IDN",0.00392547352220088
"cpkol","IND",0.834103938952923
"cpkol","IRL",0.00888243708272903
"cpkol","IRN",0.101474475724323
"cpkol","IRQ",0.0596396797920493
"cpkol","ISL",0.196680543237642
"cpkol","ISR",0.0596396797920493
"cpkol","ITP",0.123605555066611
"cpkol","JAM",0.116146489525326
"cpkol","JOR",0.0596396797920493
"cpkol","JPN",0.0179769772746675
"cpkol","KAZ",0.0229246179702437
"cpkol","KEN",0.139819177012839
"cpkol","KGZ",0.0378366550068243
"cpkol","KHM",0.0729241241894406
"cpkol","KOR",0.0488291903739094
"cpkol","LAO",0.0749166161358013
"cpkol","LBN",0.0596396797920493
"cpkol","LBR",0.159487176004326
"cpkol","LBY",0.121242172411163
"cpkol","LKA",0.196833661458341
"cpkol","LSO",0.00452855927347842
"cpkol","MDA",0.0624338569455085
"cpkol","MDG",0.059153704061336
"cpkol","MEX",0.0478211121626331
"cpkol","MLI",0.139819177012839
"cpkol","MNG",0.07810565494012
"cpkol","MOR",0.0876209968260008
"cpkol","MOZ",0.139786678191185
"cpkol","MRT",0.159487176004326
"cpkol","MWI",0.12051795226941
"cpkol","MYS",0.00572008088355823
"cpkol","NAM",0.00452855927347842
"cpkol","NER",0.159487176004326
"cpkol","NGA",0.63511008793242
"cpkol","NIC",0.0401523285253785
"cpkol","NLD",0.0145053833442153
"cpkol","NOR",0.363727418466086
"cpkol","NPL",0.0607206378060896
"cpkol","NZL",0.00268471346513014
"cpkol","OPO",0.0731598213988517
"cpkol","OSA",0.0123018952280187
"cpkol","PAK",0.359056246466169
"cpkol","PAN",0.106636515345618
"cpkol","PER",0.0302803794049955
"cpkol","PHL",0.0299017382426864
"cpkol","PNG",0.0731598213988517
"cpkol","POL",0.00548082485818803
"cpkol","PRK",0.07810565494012
"cpkol","PRT",0.0118427290113764
"cpkol","PRY",0.010276396510582
"cpkol","PSE",0.0596396797920493
"cpkol","RAP",0.0596396797920493
"cpkol","ROU",0.0911456744849269
"cpkol","RUS",0.0756462933888801
"cpkol","RWA",0.139819177012839
"cpkol","SAU",0.0596396797920493
"cpkol","SDN",0.139819177012839
"cpkol","SEN",0.115395338622786
"cpkol","SLB",0.0731598213988517
"cpkol","SLE",0.159487176004326
"cpkol","SLV",0.0227681094594571
"cpkol","SOM",0.139819177012839
"cpkol","SPP",0.0745128838583192
"cpkol","SSD",0.139819177012839
"cpkol","SVK",0.00356194708560388
"cpkol","SVN",0.00150841657908371
"cpkol","SWE",0.0220393392044259
"cpkol","SWZ",0.00452855927347842
"cpkol","SYR",0.0596396797920493
"cpkol","TCD",0.213561058343369
"cpkol","TGO",0.159487176004326
"cpkol","THA",0.182278991345802
"cpkol","TJK",0.026409079178031
"cpkol","TKM",0.026409079178031
"cpkol","TLS",0.0123018952280187
"cpkol","TUN",0.224132231621512
"cpkol","TUR",0.139129146081348
"cpkol","TZA",0.16302885532671
"cpkol","UGA",0.0729868010162513
"cpkol","UKP",0.00709747176750429
"cpkol","UKR",0.259677044399531
"cpkol","URY",0.00189211794713803
"cpkol","USA",0.0154948339200604
"cpkol","UZB",0.026409079178031
"cpkol","VEN",0.102693418381746
"cpkol","VNM",0.0595258357583743
"cpkol","VUT",0.0731598213988517
"cpkol","YEM",0.0596396797920493
"cpkol","ZAF",0.0783162082460358
"cpkol","ZMB",0.0959977640325008
"cpkol","ZWE",0.173562292517522
"cpkml","AFG",0.0607206378060896
"cpkml","AGO",0.0627983876807377
"cpkml","ALB",0.0779366010350988
"cpkml","ARG",0.0684831352110205
"cpkml","ARM",0.0659631612191444
"cpkml","AUS",0.0073181880234935
"cpkml","AUT",0.00178752259277706
"cpkml","AZE",0.0215103570686268
"cpkml","BDI",0.139819177012839
"cpkml","BEN",0.159487176004326
"cpkml","BFA",0.159487176004326
"cpkml","BGD",0.211951570429444
"cpkml","BGR",0.0945565222822461
"cpkml","BLR",0.0180303175639692
"cpkml","BLT",0.005712556284139
"cpkml","BLX",0.0122807358904978
"cpkml","BLZ",0.0227681094594571
"cpkml","BOL",0.0819150797269784
"cpkml","BRA",0.0729148024323099
"cpkml","BTN",0.0607206378060896
"cpkml","BWA",0.000145920822150108
"cpkml","CAF",0.213561058343369
"cpkml","CAN",0.0299708364269169
"cpkml","CHL",0.00485073834721421
"cpkml","CHM",0.0152237805221292
"cpkml","CHP",0.674412161583154
"cpkml","CIV",0.159487176004326
"cpkml","CMR",0.213561058343369
"cpkml","COD",0.0627983876807377
"cpkml","COG",0.0627983876807377
"cpkml","COL",0.118304115733626
"cpkml","CRB",0.116146489525326
"cpkml","CRI",0.0842835404634869
"cpkml","CUB",0.116146489525326
"cpkml","CYP",0.00585474836886109
"cpkml","CZE",0.00425344974536239
"cpkml","DEU",0.019640030990563
"cpkml","DJI",0.139819177012839
"cpkml","DNK",0.0101239781094216
"cpkml","DOM",0.116146489525326
"cpkml","DZA",0.121242172411163
"cpkml","ECU",0.103393684877353
"cpkml","EGY",0.0653430536435232
"cpkml","ERI",0.139819177012839
"cpkml","ETH",0.297552178026881
"cpkml","FJI",0.0731598213988517
"cpkml","FNP",0.00889379826302877
"cpkml","FRP",0.00332610933248036
"cpkml","GAB",0.213561058343369
"cpkml","GEO",0.0701409431475211
"cpkml","GHA",0.159487176004326
"cpkml","GIN",0.159487176004326
"cpkml","GMB",0.159487176004326
"cpkml","GNB",0.159487176004326
"cpkml","GNQ",0.213561058343369
"cpkml","GRC",0.0142891231599449
"cpkml","GRL",0.0263617960022337
"cpkml","GSA",0.223102628900602
"cpkml","GTM",0.0250684887878581
"cpkml","HND",0.0227681094594571
"cpkml","HRV",0.0789350383311756
"cpkml","HTI",0.116146489525326
"cpkml","HUN",0.00986975335663621
"cpkml","IDN",0.00392547352220088
"cpkml","IND",0.834103938952923
"cpkml","IRL",0.00888243708272903
"cpkml","IRN",0.101474475724323
"cpkml","IRQ",0.0596396797920493
"cpkml","ISL",0.196680543237642
"cpkml","ISR",0.0596396797920493
"cpkml","ITP",0.123605555066611
"cpkml","JAM",0.116146489525326
"cpkml","JOR",0.0596396797920493
"cpkml","JPN",0.0179769772746675
"cpkml","KAZ",0.0229246179702437
"cpkml","KEN",0.139819177012839
"cpkml","KGZ",0.0378366550068243
"cpkml","KHM",0.0729241241894406
"cpkml","KOR",0.0488291903739094
"cpkml","LAO",0.0749166161358013
"cpkml","LBN",0.0596396797920493
"cpkml","LBR",0.159487176004326
"cpkml","LBY",0.121242172411163
"cpkml","LKA",0.196833661458341
"cpkml","LSO",0.00452855927347842
"cpkml","MDA",0.0624338569455085
"cpkml","MDG",0.059153704061336
"cpkml","MEX",0.0478211121626331
"cpkml","MLI",0.139819177012839
"cpkml","MNG",0.07810565494012
"cpkml","MOR",0.0876209968260008
"cpkml","MOZ",0.139786678191185
"cpkml","MRT",0.159487176004326
"cpkml","MWI",0.12051795226941
"cpkml","MYS",0.00572008088355823
"cpkml","NAM",0.00452855927347842
"cpkml","NER",0.159487176004326
"cpkml","NGA",0.63511008793242
"cpkml","NIC",0.0401523285253785
"cpkml","NLD",0.0145053833442153
"cpkml","NOR",0.363727418466086
"cpkml","NPL",0.0607206378060896
"cpkml","NZL",0.00268471346513014
"cpkml","OPO",0.0731598213988517
"cpkml","OSA",0.0123018952280187
"cpkml","PAK",0.359056246466169
"cpkml","PAN",0.106636515345618
"cpkml","PER",0.0302803794049955
"cpkml","PHL",0.0299017382426864
"cpkml","PNG",0.0731598213988517
"cpkml","POL",0.00548082485818803
"cpkml","PRK",0.07810565494012
"cpkml","PRT",0.0118427290113764
"cpkml","PRY",0.010276396510582
"cpkml","PSE",0.0596396797920493
"cpkml","RAP",0.0596396797920493
"cpkml","ROU",0.0911456744849269
"cpkml","RUS",0.0756462933888801
"cpkml","RWA",0.139819177012839
"cpkml","SAU",0.0596396797920493
"cpkml","SDN",0.139819177012839
"cpkml","SEN",0.115395338622786
"cpkml","SLB",0.0731598213988517
"cpkml","SLE",0.159487176004326
"cpkml","SLV",0.0227681094594571
"cpkml","SOM",0.139819177012839
"cpkml","SPP",0.0745128838583192
"cpkml","SSD",0.139819177012839
"cpkml","SVK",0.00356194708560388
"cpkml","SVN",0.00150841657908371
"cpkml","SWE",0.0220393392044259
"cpkml","SWZ",0.00452855927347842
"cpkml","SYR",0.0596396797920493
"cpkml","TCD",0.213561058343369
"cpkml","TGO",0.159487176004326
"cpkml","THA",0.182278991345802
"cpkml","TJK",0.026409079178031
"cpkml","TKM",0.026409079178031
"cpkml","TLS",0.0123018952280187
"cpkml","TUN",0.224132231621512
"cpkml","TUR",0.139129146081348
"cpkml","TZA",0.16302885532671
"cpkml","UGA",0.0729868010162513
"cpkml","UKP",0.00709747176750429
"cpkml","UKR",0.259677044399531
"cpkml","URY",0.00189211794713803
"cpkml","USA",0.0154948339200604
"cpkml","UZB",0.026409079178031
"cpkml","VEN",0.102693418381746
"cpkml","VNM",0.0595258357583743
"cpkml","VUT",0.0731598213988517
"cpkml","YEM",0.0596396797920493
"cpkml","ZAF",0.0783162082460358
"cpkml","ZMB",0.0959977640325008
"cpkml","ZWE",0.173562292517522
"ctols","AFG",0.0964607931223865
"ctols","AGO",0.0561030604176979
"ctols","ALB",0.0694191907332606
"ctols","ARG",0.00916542333023534
"ctols","ARM",0.000226677510054917
"ctols","AUS",0.00734304961129488
"ctols","AZE",0.0167083618083251
"ctols","BDI",0.141472983605022
"ctols","BEN",0.0489701646330379
"ctols","BFA",0.0489701646330379
"ctols","BGD",0.0807889586801868
"ctols","BGR",0.133603721399923
"ctols","BLR",0.00898591549438162
"ctols","BLZ",0.00277559601010542
"ctols","BOL",0.0498573874667276
"ctols","BRA",0.00292278685429033
"ctols","BTN",0.0964607931223865
"ctols","CAF",0.0980228973385849
"ctols","CHL",0.00157763893199936
"ctols","CHM",0.0245781246636293
"ctols","CHP",0.293767018296218
"ctols","CIV",0.0489701646330379
"ctols","CMR",0.0980228973385849
"ctols","COD",0.0561030604176979
"ctols","COG",0.0561030604176979
"ctols","COL",0.0696301660852079
"ctols","CRB",0.0128229236478914
"ctols","CRI",0.000428110600452358
"ctols","CUB",0.0128229236478914
"ctols","DJI",0.141472983605022
"ctols","DOM",0.0128229236478914
"ctols","DZA",0.187236597759769
"ctols","ECU",0.0573526366251333
"ctols","EGY",0.011468069786181
"ctols","ERI",0.141472983605022
"ctols","ETH",0.0496852079704306
"ctols","FJI",0.0449136946907775
"ctols","GAB",0.0980228973385849
"ctols","GEO",0.00269018076567687
"ctols","GHA",0.0489701646330379
"ctols","GIN",0.0489701646330379
"ctols","GMB",0.0489701646330379
"ctols","GNB",0.0489701646330379
"ctols","GNQ",0.0980228973385849
"ctols","GRL",0.0482780227381829
"ctols","GSA",0.137782501597155
"ctols","GTM",0.00340540478697622
"ctols","HND",0.00277559601010542
"ctols","HRV",0.00563605928568135
"ctols","HTI",0.0128229236478914
"ctols","IDN",0.00386662627487805
"ctols","IND",0.472899690099665
"ctols","IRN",0.0452984288007841
"ctols","IRQ",0.0188636956124104
"ctols","ISR",0.0188636956124104
"ctols","JAM",0.0128229236478914
"ctols","JOR",0.0188636956124104
"ctols","JPN",0.00214148985391538
"ctols","KAZ",0.00390684784676495
"ctols","KEN",0.141472983605022
"ctols","KGZ",0.00704177656098337
"ctols","KHM",0.140716832983344
"ctols","KOR",1.33886406725453
"ctols","LAO",0.164277192310709
"ctols","LBN",0.0188636956124104
"ctols","LBR",0.0489701646330379
"ctols","LBY",0.187236597759769
"ctols","LKA",0.246428613856448
"ctols","LSO",0.00320789280763255
"ctols","MDA",0.0568131731051145
"ctols","MDG",0.0116107945243599
"ctols","MEX",0.00252716208007317
"ctols","MLI",0.141472983605022
"ctols","MNG",0.0283686748025196
"ctols","MOR",0.105608771075301
"ctols","MOZ",0.066773429373486
"ctols","MRT",0.0489701646330379
"ctols","MWI",0.00423461514868709
"ctols","MYS",0.00391431506578355
"ctols","NAM",0.00320789280763255
"ctols","NER",0.0489701646330379
"ctols","NGA",0.197068301569364
"ctols","NIC",0.011608464580201
"ctols","NOR",0.733936916651156
"ctols","NPL",0.0964607931223865
"ctols","OPO",0.0449136946907775
"ctols","OSA",0.00736472358257301
"ctols","PAK",0.0994164655962612
"ctols","PAN",0.0377970083968104
"ctols","PER",0.038767165296731
"ctols","PHL",0.0429774821679287
"ctols","PNG",0.0449136946907775
"ctols","PRK",0.0283686748025196
"ctols","PRY",0.00861577188916962
"ctols","PSE",0.0188636956124104
"ctols","RAP",0.0188636956124104
"ctols","ROU",0.081640627311256
"ctols","RUS",0.0420517059597984
"ctols","RWA",0.141472983605022
"ctols","SAU",0.0188636956124104
"ctols","SDN",0.141472983605022
"ctols","SEN",0.0286046571150755
"ctols","SLB",0.0449136946907775
"ctols","SLE",0.0489701646330379
"ctols","SLV",0.00277559601010542
"ctols","SOM",0.141472983605022
"ctols","SSD",0.141472983605022
"ctols","SWZ",0.00320789280763255
"ctols","SYR",0.0188636956124104
"ctols","TCD",0.0980228973385849
"ctols","TGO",0.0489701646330379
"ctols","THA",0.339472518089083
"ctols","TLS",0.00736472358257301
"ctols","TUN",0.226738452596576
"ctols","TUR",0.0483754612366517
"ctols","TZA",0.24123837473926
"ctols","UGA",0.0567961122034577
"ctols","UKR",0.321660720735282
"ctols","URY",8.8506169036654E-5
"ctols","USA",0.0349597087567786
"ctols","VEN",0.0813369863367139
"ctols","VNM",0.0721057468233311
"ctols","VUT",0.0449136946907775
"ctols","YEM",0.0188636956124104
"ctols","ZAF",0.0333720538991193
"ctols","ZMB",0.0433484118522895
"ctols","ZWE",0.0639007178049894
"ctont","AFG",0.0964607931223865
"ctont","AGO",0.0561030604176979
"ctont","ALB",0.0694191907332606
"ctont","ARG",0.00916542333023534
"ctont","ARM",0.000226677510054917
"ctont","AUS",0.00734304961129488
"ctont","AZE",0.0167083618083251
"ctont","BDI",0.141472983605022
"ctont","BEN",0.0489701646330379
"ctont","BFA",0.0489701646330379
"ctont","BGD",0.0807889586801868
"ctont","BGR",0.133603721399923
"ctont","BLR",0.00898591549438162
"ctont","BLZ",0.00277559601010542
"ctont","BOL",0.0498573874667276
"ctont","BRA",0.00292278685429033
"ctont","BTN",0.0964607931223865
"ctont","CAF",0.0980228973385849
"ctont","CHL",0.00157763893199936
"ctont","CHM",0.0245781246636293
"ctont","CHP",0.293767018296218
"ctont","CIV",0.0489701646330379
"ctont","CMR",0.0980228973385849
"ctont","COD",0.0561030604176979
"ctont","COG",0.0561030604176979
"ctont","COL",0.0696301660852079
"ctont","CRB",0.0128229236478914
"ctont","CRI",0.000428110600452358
"ctont","CUB",0.0128229236478914
"ctont","DJI",0.141472983605022
"ctont","DOM",0.0128229236478914
"ctont","DZA",0.187236597759769
"ctont","ECU",0.0573526366251333
"ctont","EGY",0.011468069786181
"ctont","ERI",0.141472983605022
"ctont","ETH",0.0496852079704306
"ctont","FJI",0.0449136946907775
"ctont","GAB",0.0980228973385849
"ctont","GEO",0.00269018076567687
"ctont","GHA",0.0489701646330379
"ctont","GIN",0.0489701646330379
"ctont","GMB",0.0489701646330379
"ctont","GNB",0.0489701646330379
"ctont","GNQ",0.0980228973385849
"ctont","GRL",0.0482780227381829
"ctont","GSA",0.137782501597155
"ctont","GTM",0.00340540478697622
"ctont","HND",0.00277559601010542
"ctont","HRV",0.00563605928568135
"ctont","HTI",0.0128229236478914
"ctont","IDN",0.00386662627487805
"ctont","IND",0.472899690099665
"ctont","IRN",0.0452984288007841
"ctont","IRQ",0.0188636956124104
"ctont","ISR",0.0188636956124104
"ctont","JAM",0.0128229236478914
"ctont","JOR",0.0188636956124104
"ctont","JPN",0.00214148985391538
"ctont","KAZ",0.00390684784676495
"ctont","KEN",0.141472983605022
"ctont","KGZ",0.00704177656098337
"ctont","KHM",0.140716832983344
"ctont","KOR",1.33886406725453
"ctont","LAO",0.164277192310709
"ctont","LBN",0.0188636956124104
"ctont","LBR",0.0489701646330379
"ctont","LBY",0.187236597759769
"ctont","LKA",0.246428613856448
"ctont","LSO",0.00320789280763255
"ctont","MDA",0.0568131731051145
"ctont","MDG",0.0116107945243599
"ctont","MEX",0.00252716208007317
"ctont","MLI",0.141472983605022
"ctont","MNG",0.0283686748025196
"ctont","MOR",0.105608771075301
"ctont","MOZ",0.066773429373486
"ctont","MRT",0.0489701646330379
"ctont","MWI",0.00423461514868709
"ctont","MYS",0.00391431506578355
"ctont","NAM",0.00320789280763255
"ctont","NER",0.0489701646330379
"ctont","NGA",0.197068301569364
"ctont","NIC",0.011608464580201
"ctont","NOR",0.733936916651156
"ctont","NPL",0.0964607931223865
"ctont","OPO",0.0449136946907775
"ctont","OSA",0.00736472358257301
"ctont","PAK",0.0994164655962612
"ctont","PAN",0.0377970083968104
"ctont","PER",0.038767165296731
"ctont","PHL",0.0429774821679287
"ctont","PNG",0.0449136946907775
"ctont","PRK",0.0283686748025196
"ctont","PRY",0.00861577188916962
"ctont","PSE",0.0188636956124104
"ctont","RAP",0.0188636956124104
"ctont","ROU",0.081640627311256
"ctont","RUS",0.0420517059597984
"ctont","RWA",0.141472983605022
"ctont","SAU",0.0188636956124104
"ctont","SDN",0.141472983605022
"ctont","SEN",0.0286046571150755
"ctont","SLB",0.0449136946907775
"ctont","SLE",0.0489701646330379
"ctont","SLV",0.00277559601010542
"ctont","SOM",0.141472983605022
"ctont","SSD",0.141472983605022
"ctont","SWZ",0.00320789280763255
"ctont","SYR",0.0188636956124104
"ctont","TCD",0.0980228973385849
"ctont","TGO",0.0489701646330379
"ctont","THA",0.339472518089083
"ctont","TLS",0.00736472358257301
"ctont","TUN",0.226738452596576
"ctont","TUR",0.0483754612366517
"ctont","TZA",0.24123837473926
"ctont","UGA",0.0567961122034577
"ctont","UKR",0.321660720735282
"ctont","URY",8.8506169036654E-5
"ctont","USA",0.0349597087567786
"ctont","VEN",0.0813369863367139
"ctont","VNM",0.0721057468233311
"ctont","VUT",0.0449136946907775
"ctont","YEM",0.0188636956124104
"ctont","ZAF",0.0333720538991193
"ctont","ZMB",0.0433484118522895
"ctont","ZWE",0.0639007178049894
"ctool","AFG",0.0607206378060896
"ctool","AGO",0.0627983876807377
"ctool","ALB",0.0779366010350988
"ctool","ARG",0.0684831352110205
"ctool","ARM",0.0659631612191444
"ctool","AUS",0.0073181880234935
"ctool","AUT",0.00178752259277706
"ctool","AZE",0.0215103570686268
"ctool","BDI",0.139819177012839
"ctool","BEN",0.159487176004326
"ctool","BFA",0.159487176004326
"ctool","BGD",0.211951570429444
"ctool","BGR",0.0945565222822461
"ctool","BLR",0.0180303175639692
"ctool","BLT",0.005712556284139
"ctool","BLX",0.0122807358904978
"ctool","BLZ",0.0227681094594571
"ctool","BOL",0.0819150797269784
"ctool","BRA",0.0729148024323099
"ctool","BTN",0.0607206378060896
"ctool","BWA",0.000145920822150108
"ctool","CAF",0.213561058343369
"ctool","CAN",0.0299708364269169
"ctool","CHL",0.00485073834721421
"ctool","CHM",0.0152237805221292
"ctool","CHP",0.674412161583154
"ctool","CIV",0.159487176004326
"ctool","CMR",0.213561058343369
"ctool","COD",0.0627983876807377
"ctool","COG",0.0627983876807377
"ctool","COL",0.118304115733626
"ctool","CRB",0.116146489525326
"ctool","CRI",0.0842835404634869
"ctool","CUB",0.116146489525326
"ctool","CYP",0.00585474836886109
"ctool","CZE",0.00425344974536239
"ctool","DEU",0.019640030990563
"ctool","DJI",0.139819177012839
"ctool","DNK",0.0101239781094216
"ctool","DOM",0.116146489525326
"ctool","DZA",0.121242172411163
"ctool","ECU",0.103393684877353
"ctool","EGY",0.0653430536435232
"ctool","ERI",0.139819177012839
"ctool","ETH",0.297552178026881
"ctool","FJI",0.0731598213988517
"ctool","FNP",0.00889379826302877
"ctool","FRP",0.00332610933248036
"ctool","GAB",0.213561058343369
"ctool","GEO",0.0701409431475211
"ctool","GHA",0.159487176004326
"ctool","GIN",0.159487176004326
"ctool","GMB",0.159487176004326
"ctool","GNB",0.159487176004326
"ctool","GNQ",0.213561058343369
"ctool","GRC",0.0142891231599449
"ctool","GRL",0.0263617960022337
"ctool","GSA",0.223102628900602
"ctool","GTM",0.0250684887878581
"ctool","HND",0.0227681094594571
"ctool","HRV",0.0789350383311756
"ctool","HTI",0.116146489525326
"ctool","HUN",0.00986975335663621
"ctool","IDN",0.00392547352220088
"ctool","IND",0.834103938952923
"ctool","IRL",0.00888243708272903
"ctool","IRN",0.101474475724323
"ctool","IRQ",0.0596396797920493
"ctool","ISL",0.196680543237642
"ctool","ISR",0.0596396797920493
"ctool","ITP",0.123605555066611
"ctool","JAM",0.116146489525326
"ctool","JOR",0.0596396797920493
"ctool","JPN",0.0179769772746675
"ctool","KAZ",0.0229246179702437
"ctool","KEN",0.139819177012839
"ctool","KGZ",0.0378366550068243
"ctool","KHM",0.0729241241894406
"ctool","KOR",0.0488291903739094
"ctool","LAO",0.0749166161358013
"ctool","LBN",0.0596396797920493
"ctool","LBR",0.159487176004326
"ctool","LBY",0.121242172411163
"ctool","LKA",0.196833661458341
"ctool","LSO",0.00452855927347842
"ctool","MDA",0.0624338569455085
"ctool","MDG",0.059153704061336
"ctool","MEX",0.0478211121626331
"ctool","MLI",0.139819177012839
"ctool","MNG",0.07810565494012
"ctool","MOR",0.0876209968260008
"ctool","MOZ",0.139786678191185
"ctool","MRT",0.159487176004326
"ctool","MWI",0.12051795226941
"ctool","MYS",0.00572008088355823
"ctool","NAM",0.00452855927347842
"ctool","NER",0.159487176004326
"ctool","NGA",0.63511008793242
"ctool","NIC",0.0401523285253785
"ctool","NLD",0.0145053833442153
"ctool","NOR",0.363727418466086
"ctool","NPL",0.0607206378060896
"ctool","NZL",0.00268471346513014
"ctool","OPO",0.0731598213988517
"ctool","OSA",0.0123018952280187
"ctool","PAK",0.359056246466169
"ctool","PAN",0.106636515345618
"ctool","PER",0.0302803794049955
"ctool","PHL",0.0299017382426864
"ctool","PNG",0.0731598213988517
"ctool","POL",0.00548082485818803
"ctool","PRK",0.07810565494012
"ctool","PRT",0.0118427290113764
"ctool","PRY",0.010276396510582
"ctool","PSE",0.0596396797920493
"ctool","RAP",0.0596396797920493
"ctool","ROU",0.0911456744849269
"ctool","RUS",0.0756462933888801
"ctool","RWA",0.139819177012839
"ctool","SAU",0.0596396797920493
"ctool","SDN",0.139819177012839
"ctool","SEN",0.115395338622786
"ctool","SLB",0.0731598213988517
"ctool","SLE",0.159487176004326
"ctool","SLV",0.0227681094594571
"ctool","SOM",0.139819177012839
"ctool","SPP",0.0745128838583192
"ctool","SSD",0.139819177012839
"ctool","SVK",0.00356194708560388
"ctool","SVN",0.00150841657908371
"ctool","SWE",0.0220393392044259
"ctool","SWZ",0.00452855927347842
"ctool","SYR",0.0596396797920493
"ctool","TCD",0.213561058343369
"ctool","TGO",0.159487176004326
"ctool","THA",0.182278991345802
"ctool","TJK",0.026409079178031
"ctool","TKM",0.026409079178031
"ctool","TLS",0.0123018952280187
"ctool","TUN",0.224132231621512
"ctool","TUR",0.139129146081348
"ctool","TZA",0.16302885532671
"ctool","UGA",0.0729868010162513
"ctool","UKP",0.00709747176750429
"ctool","UKR",0.259677044399531
"ctool","URY",0.00189211794713803
"ctool","USA",0.0154948339200604
"ctool","UZB",0.026409079178031
"ctool","VEN",0.102693418381746
"ctool","VNM",0.0595258357583743
"ctool","VUT",0.0731598213988517
"ctool","YEM",0.0596396797920493
"ctool","ZAF",0.0783162082460358
"ctool","ZMB",0.0959977640325008
"ctool","ZWE",0.173562292517522
"ctoml","AFG",0.0607206378060896
"ctoml","AGO",0.0627983876807377
"ctoml","ALB",0.0779366010350988
"ctoml","ARG",0.0684831352110205
"ctoml","ARM",0.0659631612191444
"ctoml","AUS",0.0073181880234935
"ctoml","AUT",0.00178752259277706
"ctoml","AZE",0.0215103570686268
"ctoml","BDI",0.139819177012839
"ctoml","BEN",0.159487176004326
"ctoml","BFA",0.159487176004326
"ctoml","BGD",0.211951570429444
"ctoml","BGR",0.0945565222822461
"ctoml","BLR",0.0180303175639692
"ctoml","BLT",0.005712556284139
"ctoml","BLX",0.0122807358904978
"ctoml","BLZ",0.0227681094594571
"ctoml","BOL",0.0819150797269784
"ctoml","BRA",0.0729148024323099
"ctoml","BTN",0.0607206378060896
"ctoml","BWA",0.000145920822150108
"ctoml","CAF",0.213561058343369
"ctoml","CAN",0.0299708364269169
"ctoml","CHL",0.00485073834721421
"ctoml","CHM",0.0152237805221292
"ctoml","CHP",0.674412161583154
"ctoml","CIV",0.159487176004326
"ctoml","CMR",0.213561058343369
"ctoml","COD",0.0627983876807377
"ctoml","COG",0.0627983876807377
"ctoml","COL",0.118304115733626
"ctoml","CRB",0.116146489525326
"ctoml","CRI",0.0842835404634869
"ctoml","CUB",0.116146489525326
"ctoml","CYP",0.00585474836886109
"ctoml","CZE",0.00425344974536239
"ctoml","DEU",0.019640030990563
"ctoml","DJI",0.139819177012839
"ctoml","DNK",0.0101239781094216
"ctoml","DOM",0.116146489525326
"ctoml","DZA",0.121242172411163
"ctoml","ECU",0.103393684877353
"ctoml","EGY",0.0653430536435232
"ctoml","ERI",0.139819177012839
"ctoml","ETH",0.297552178026881
"ctoml","FJI",0.0731598213988517
"ctoml","FNP",0.00889379826302877
"ctoml","FRP",0.00332610933248036
"ctoml","GAB",0.213561058343369
"ctoml","GEO",0.0701409431475211
"ctoml","GHA",0.159487176004326
"ctoml","GIN",0.159487176004326
"ctoml","GMB",0.159487176004326
"ctoml","GNB",0.159487176004326
"ctoml","GNQ",0.213561058343369
"ctoml","GRC",0.0142891231599449
"ctoml","GRL",0.0263617960022337
"ctoml","GSA",0.223102628900602
"ctoml","GTM",0.0250684887878581
"ctoml","HND",0.0227681094594571
"ctoml","HRV",0.0789350383311756
"ctoml","HTI",0.116146489525326
"ctoml","HUN",0.00986975335663621
"ctoml","IDN",0.00392547352220088
"ctoml","IND",0.834103938952923
"ctoml","IRL",0.00888243708272903
"ctoml","IRN",0.101474475724323
"ctoml","IRQ",0.0596396797920493
"ctoml","ISL",0.196680543237642
"ctoml","ISR",0.0596396797920493
"ctoml","ITP",0.123605555066611
"ctoml","JAM",0.116146489525326
"ctoml","JOR",0.0596396797920493
"ctoml","JPN",0.0179769772746675
"ctoml","KAZ",0.0229246179702437
"ctoml","KEN",0.139819177012839
"ctoml","KGZ",0.0378366550068243
"ctoml","KHM",0.0729241241894406
"ctoml","KOR",0.0488291903739094
"ctoml","LAO",0.0749166161358013
"ctoml","LBN",0.0596396797920493
"ctoml","LBR",0.159487176004326
"ctoml","LBY",0.121242172411163
"ctoml","LKA",0.196833661458341
"ctoml","LSO",0.00452855927347842
"ctoml","MDA",0.0624338569455085
"ctoml","MDG",0.059153704061336
"ctoml","MEX",0.0478211121626331
"ctoml","MLI",0.139819177012839
"ctoml","MNG",0.07810565494012
"ctoml","MOR",0.0876209968260008
"ctoml","MOZ",0.139786678191185
"ctoml","MRT",0.159487176004326
"ctoml","MWI",0.12051795226941
"ctoml","MYS",0.00572008088355823
"ctoml","NAM",0.00452855927347842
"ctoml","NER",0.159487176004326
"ctoml","NGA",0.63511008793242
"ctoml","NIC",0.0401523285253785
"ctoml","NLD",0.0145053833442153
"ctoml","NOR",0.363727418466086
"ctoml","NPL",0.0607206378060896
"ctoml","NZL",0.00268471346513014
"ctoml","OPO",0.0731598213988517
"ctoml","OSA",0.0123018952280187
"ctoml","PAK",0.359056246466169
"ctoml","PAN",0.106636515345618
"ctoml","PER",0.0302803794049955
"ctoml","PHL",0.0299017382426864
"ctoml","PNG",0.0731598213988517
"ctoml","POL",0.00548082485818803
"ctoml","PRK",0.07810565494012
"ctoml","PRT",0.0118427290113764
"ctoml","PRY",0.010276396510582
"ctoml","PSE",0.0596396797920493
"ctoml","RAP",0.0596396797920493
"ctoml","ROU",0.0911456744849269
"ctoml","RUS",0.0756462933888801
"ctoml","RWA",0.139819177012839
"ctoml","SAU",0.0596396797920493
"ctoml","SDN",0.139819177012839
"ctoml","SEN",0.115395338622786
"ctoml","SLB",0.0731598213988517
"ctoml","SLE",0.159487176004326
"ctoml","SLV",0.0227681094594571
"ctoml","SOM",0.139819177012839
"ctoml","SPP",0.0745128838583192
"ctoml","SSD",0.139819177012839
"ctoml","SVK",0.00356194708560388
"ctoml","SVN",0.00150841657908371
"ctoml","SWE",0.0220393392044259
"ctoml","SWZ",0.00452855927347842
"ctoml","SYR",0.0596396797920493
"ctoml","TCD",0.213561058343369
"ctoml","TGO",0.159487176004326
"ctoml","THA",0.182278991345802
"ctoml","TJK",0.026409079178031
"ctoml","TKM",0.026409079178031
"ctoml","TLS",0.0123018952280187
"ctoml","TUN",0.224132231621512
"ctoml","TUR",0.139129146081348
"ctoml","TZA",0.16302885532671
"ctoml","UGA",0.0729868010162513
"ctoml","UKP",0.00709747176750429
"ctoml","UKR",0.259677044399531
"ctoml","URY",0.00189211794713803
"ctoml","USA",0.0154948339200604
"ctoml","UZB",0.026409079178031
"ctoml","VEN",0.102693418381746
"ctoml","VNM",0.0595258357583743
"ctoml","VUT",0.0731598213988517
"ctoml","YEM",0.0596396797920493
"ctoml","ZAF",0.0783162082460358
"ctoml","ZMB",0.0959977640325008
"ctoml","ZWE",0.173562292517522
"ccoco","AFG",0.0964607931223865
"ccoco","AGO",0.0561030604176979
"ccoco","ALB",0.0694191907332606
"ccoco","ARG",0.00916542333023534
"ccoco","ARM",0.000226677510054917
"ccoco","AUS",0.00734304961129488
"ccoco","AZE",0.0167083618083251
"ccoco","BDI",0.141472983605022
"ccoco","BEN",0.0489701646330379
"ccoco","BFA",0.0489701646330379
"ccoco","BGD",0.0807889586801868
"ccoco","BGR",0.133603721399923
"ccoco","BLR",0.00898591549438162
"ccoco","BLZ",0.00277559601010542
"ccoco","BOL",0.0498573874667276
"ccoco","BRA",0.00292278685429033
"ccoco","BTN",0.0964607931223865
"ccoco","CAF",0.0980228973385849
"ccoco","CHL",0.00157763893199936
"ccoco","CHM",0.0245781246636293
"ccoco","CHP",0.293767018296218
"ccoco","CIV",0.0489701646330379
"ccoco","CMR",0.0980228973385849
"ccoco","COD",0.0561030604176979
"ccoco","COG",0.0561030604176979
"ccoco","COL",0.0696301660852079
"ccoco","CRB",0.0128229236478914
"ccoco","CRI",0.000428110600452358
"ccoco","CUB",0.0128229236478914
"ccoco","DJI",0.141472983605022
"ccoco","DOM",0.0128229236478914
"ccoco","DZA",0.187236597759769
"ccoco","ECU",0.0573526366251333
"ccoco","EGY",0.011468069786181
"ccoco","ERI",0.141472983605022
"ccoco","ETH",0.0496852079704306
"ccoco","FJI",0.0449136946907775
"ccoco","GAB",0.0980228973385849
"ccoco","GEO",0.00269018076567687
"ccoco","GHA",0.0489701646330379
"ccoco","GIN",0.0489701646330379
"ccoco","GMB",0.0489701646330379
"ccoco","GNB",0.0489701646330379
"ccoco","GNQ",0.0980228973385849
"ccoco","GRL",0.0482780227381829
"ccoco","GSA",0.137782501597155
"ccoco","GTM",0.00340540478697622
"ccoco","HND",0.00277559601010542
"ccoco","HRV",0.00563605928568135
"ccoco","HTI",0.0128229236478914
"ccoco","IDN",0.00386662627487805
"ccoco","IND",0.472899690099665
"ccoco","IRN",0.0452984288007841
"ccoco","IRQ",0.0188636956124104
"ccoco","ISR",0.0188636956124104
"ccoco","JAM",0.0128229236478914
"ccoco","JOR",0.0188636956124104
"ccoco","JPN",0.00214148985391538
"ccoco","KAZ",0.00390684784676495
"ccoco","KEN",0.141472983605022
"ccoco","KGZ",0.00704177656098337
"ccoco","KHM",0.140716832983344
"ccoco","KOR",1.33886406725453
"ccoco","LAO",0.164277192310709
"ccoco","LBN",0.0188636956124104
"ccoco","LBR",0.0489701646330379
"ccoco","LBY",0.187236597759769
"ccoco","LKA",0.246428613856448
"ccoco","LSO",0.00320789280763255
"ccoco","MDA",0.0568131731051145
"ccoco","MDG",0.0116107945243599
"ccoco","MEX",0.00252716208007317
"ccoco","MLI",0.141472983605022
"ccoco","MNG",0.0283686748025196
"ccoco","MOR",0.105608771075301
"ccoco","MOZ",0.066773429373486
"ccoco","MRT",0.0489701646330379
"ccoco","MWI",0.00423461514868709
"ccoco","MYS",0.00391431506578355
"ccoco","NAM",0.00320789280763255
"ccoco","NER",0.0489701646330379
"ccoco","NGA",0.197068301569364
"ccoco","NIC",0.011608464580201
"ccoco","NOR",0.733936916651156
"ccoco","NPL",0.0964607931223865
"ccoco","OPO",0.0449136946907775
"ccoco","OSA",0.00736472358257301
"ccoco","PAK",0.0994164655962612
"ccoco","PAN",0.0377970083968104
"ccoco","PER",0.038767165296731
"ccoco","PHL",0.0429774821679287
"ccoco","PNG",0.0449136946907775
"ccoco","PRK",0.0283686748025196
"ccoco","PRY",0.00861577188916962
"ccoco","PSE",0.0188636956124104
"ccoco","RAP",0.0188636956124104
"ccoco","ROU",0.081640627311256
"ccoco","RUS",0.0420517059597984
"ccoco","RWA",0.141472983605022
"ccoco","SAU",0.0188636956124104
"ccoco","SDN",0.141472983605022
"ccoco","SEN",0.0286046571150755
"ccoco","SLB",0.0449136946907775
"ccoco","SLE",0.0489701646330379
"ccoco","SLV",0.00277559601010542
"ccoco","SOM",0.141472983605022
"ccoco","SSD",0.141472983605022
"ccoco","SWZ",0.00320789280763255
"ccoco","SYR",0.0188636956124104
"ccoco","TCD",0.0980228973385849
"ccoco","TGO",0.0489701646330379
"ccoco","THA",0.339472518089083
"ccoco","TLS",0.00736472358257301
"ccoco","TUN",0.226738452596576
"ccoco","TUR",0.0483754612366517
"ccoco","TZA",0.24123837473926
"ccoco","UGA",0.0567961122034577
"ccoco","UKR",0.321660720735282
"ccoco","URY",8.8506169036654E-5
"ccoco","USA",0.0349597087567786
"ccoco","VEN",0.0813369863367139
"ccoco","VNM",0.0721057468233311
"ccoco","VUT",0.0449136946907775
"ccoco","YEM",0.0188636956124104
"ccoco","ZAF",0.0333720538991193
"ccoco","ZMB",0.0433484118522895
"ccoco","ZWE",0.0639007178049894
"ccafe","AFG",0.118767468095127
"ccafe","AGO",0.101703799298581
"ccafe","ALB",0.0816841065429409
"ccafe","ARG",0.0204523690690455
"ccafe","ARM",0.0436487388895884
"ccafe","AUS",0.000118068990392157
"ccafe","AUT",0.00942318049481417
"ccafe","AZE",0.118120765458251
"ccafe","BDI",0.113124484197846
"ccafe","BEN",0.076662791014242
"ccafe","BFA",0.076662791014242
"ccafe","BGD",0.2469572461357
"ccafe","BGR",0.15575641284499
"ccafe","BLR",0.0546140483337157
"ccafe","BLT",0.0167069217590907
"ccafe","BLX",0.033005263819688
"ccafe","BLZ",0.0308051461027081
"ccafe","BOL",0.0620647838541042
"ccafe","BRA",0.0824235546366713
"ccafe","BTN",0.118767468095127
"ccafe","BWA",0.00295752987989747
"ccafe","CAF",0.123936132483992
"ccafe","CAN",0.00480897581215151
"ccafe","CHL",0.0132165970688307
"ccafe","CHM",0.102432614650706
"ccafe","CHP",0.345963303912286
"ccafe","CIV",0.076662791014242
"ccafe","CMR",0.123936132483992
"ccafe","COD",0.101703799298581
"ccafe","COG",0.101703799298581
"ccafe","COL",0.0784359705949817
"ccafe","CRB",0.136228341251516
"ccafe","CRI",0.0182998650054609
"ccafe","CUB",0.136228341251516
"ccafe","CYP",0.0337282959834015
"ccafe","CZE",0.0228954512137715
"ccafe","DEU",0.0211190271278374
"ccafe","DJI",0.113124484197846
"ccafe","DNK",0.0925295452587157
"ccafe","DOM",0.136228341251516
"ccafe","DZA",0.209200912744913
"ccafe","ECU",0.0496760156514946
"ccafe","EGY",0.141810710027364
"ccafe","ERI",0.113124484197846
"ccafe","ETH",0.161124529919592
"ccafe","FJI",0.136490530416691
"ccafe","FNP",0.00385749023595357
"ccafe","FRP",0.0163965076244051
"ccafe","GAB",0.123936132483992
"ccafe","GEO",0.10430253105755
"ccafe","GHA",0.076662791014242
"ccafe","GIN",0.076662791014242
"ccafe","GMB",0.076662791014242
"ccafe","GNB",0.076662791014242
"ccafe","GNQ",0.123936132483992
"ccafe","GRC",0.028797671988709
"ccafe","GRL",0.0624656301758195
"ccafe","GSA",0.0917285998719546
"ccafe","GTM",0.0209477359968258
"ccafe","HND",0.0308051461027081
"ccafe","HRV",0.0168005669047667
"ccafe","HTI",0.136228341251516
"ccafe","HUN",0.006628693508983
"ccafe","IDN",0.0476986856014974
"ccafe","IND",0.43770869158346
"ccafe","IRL",0.590461363970363
"ccafe","IRN",0.182328972783238
"ccafe","IRQ",0.0649634268213134
"ccafe","ISL",0.827186163924624
"ccafe","ISR",0.0649634268213134
"ccafe","ITP",0.00848847147868986
"ccafe","JAM",0.136228341251516
"ccafe","JOR",0.0649634268213134
"ccafe","JPN",0.0335930017507554
"ccafe","KAZ",0.0229769602424212
"ccafe","KEN",0.113124484197846
"ccafe","KGZ",0.0574920554470676
"ccafe","KHM",0.145799254997612
"ccafe","KOR",0.414189048809725
"ccafe","LAO",0.0803672532032612
"ccafe","LBN",0.0649634268213134
"ccafe","LBR",0.076662791014242
"ccafe","LBY",0.209200912744913
"ccafe","LKA",0.44404139640736
"ccafe","LSO",0.0132367883923657
"ccafe","MDA",0.0439175362243217
"ccafe","MDG",0.109799238869496
"ccafe","MEX",0.0942516519112314
"ccafe","MLI",0.113124484197846
"ccafe","MNG",0.150402557178031
"ccafe","MOR",0.155953829457023
"ccafe","MOZ",0.115090383698141
"ccafe","MRT",0.076662791014242
"ccafe","MWI",0.169800646818561
"ccafe","MYS",0.453406189208111
"ccafe","NAM",0.0132367883923657
"ccafe","NER",0.076662791014242
"ccafe","NGA",0.19443398656223
"ccafe","NIC",0.0354362052578695
"ccafe","NLD",0.103367404880499
"ccafe","NOR",0.240241990735152
"ccafe","NPL",0.118767468095127
"ccafe","NZL",0.0016164596427527
"ccafe","OPO",0.136490530416691
"ccafe","OSA",0.101765839646857
"ccafe","PAK",0.191408192721121
"ccafe","PAN",0.0579159854909675
"ccafe","PER",0.101603940647209
"ccafe","PHL",0.0631053787905473
"ccafe","PNG",0.136490530416691
"ccafe","POL",0.0210578758494204
"ccafe","PRK",0.150402557178031
"ccafe","PRT",0.178733661294784
"ccafe","PRY",0.0643171344065487
"ccafe","PSE",0.0649634268213134
"ccafe","RAP",0.0649634268213134
"ccafe","ROU",0.193017026420794
"ccafe","RUS",0.0676060777041083
"ccafe","RWA",0.113124484197846
"ccafe","SAU",0.0649634268213134
"ccafe","SDN",0.113124484197846
"ccafe","SEN",0.0671972936945293
"ccafe","SLB",0.136490530416691
"ccafe","SLE",0.076662791014242
"ccafe","SLV",0.0308051461027081
"ccafe","SOM",0.113124484197846
"ccafe","SPP",0.0329124743759316
"ccafe","SSD",0.113124484197846
"ccafe","SVK",0.00228660854066336
"ccafe","SVN",0.00353411201388467
"ccafe","SWE",0.00735956597580855
"ccafe","SWZ",0.0132367883923657
"ccafe","SYR",0.0649634268213134
"ccafe","TCD",0.123936132483992
"ccafe","TGO",0.076662791014242
"ccafe","THA",0.403269148385088
"ccafe","TJK",0.0489160315816015
"ccafe","TKM",0.0489160315816015
"ccafe","TLS",0.101765839646857
"ccafe","TUN",0.405664937543758
"ccafe","TUR",0.299752412043424
"ccafe","TZA",0.0895806064393199
"ccafe","UGA",0.0385700112514238
"ccafe","UKP",0.0338205859764709
"ccafe","UKR",0.129968305127598
"ccafe","URY",0.0196405943373858
"ccafe","USA",0.0766505632210551
"ccafe","UZB",0.0489160315816015
"ccafe","VEN",0.0717421787838079
"ccafe","VNM",0.131656654120424
"ccafe","VUT",0.136490530416691
"ccafe","YEM",0.0649634268213134
"ccafe","ZAF",0.0799497702818773
"ccafe","ZMB",0.0644866465986612
"ccafe","ZWE",0.196202416921227
"ccott","AFG",0.0435140336651723
"ccott","AGO",0.0365054143222305
"ccott","ALB",0.0286699266086875
"ccott","ARG",0.000257738229895413
"ccott","AZE",0.0251017951769791
"ccott","BDI",0.208260798265873
"ccott","BEN",0.0990033692363474
"ccott","BFA",0.0990033692363474
"ccott","BGD",0.00365324932680851
"ccott","BLZ",0.000696710942912392
"ccott","BOL",0.0989470755870535
"ccott","BRA",0.0619860407617684
"ccott","BTN",0.0435140336651723
"ccott","BWA",0.000784877073420916
"ccott","CAF",0.0809953497851146
"ccott","CHM",0.00608646363937946
"ccott","CIV",0.0990033692363474
"ccott","CMR",0.0809953497851146
"ccott","COD",0.0365054143222305
"ccott","COG",0.0365054143222305
"ccott","COL",0.0974471954717965
"ccott","CRB",0.0204985737263817
"ccott","CUB",0.0204985737263817
"ccott","DJI",0.208260798265873
"ccott","DOM",0.0204985737263817
"ccott","DZA",0.0478449898021055
"ccott","ECU",0.0491472974585522
"ccott","EGY",0.041723303425334
"ccott","ERI",0.208260798265873
"ccott","ETH",0.0483894508862212
"ccott","GAB",0.0809953497851146
"ccott","GEO",0.0973601409407732
"ccott","GHA",0.0990033692363474
"ccott","GIN",0.0990033692363474
"ccott","GMB",0.0990033692363474
"ccott","GNB",0.0990033692363474
"ccott","GNQ",0.0809953497851146
"ccott","GRL",0.05947463194287
"ccott","GSA",0.00441807831569404
"ccott","HND",0.000696710942912392
"ccott","HTI",0.0204985737263817
"ccott","IDN",5.1266751193555E-5
"ccott","IND",0.104424220192614
"ccott","IRN",0.195423766849168
"ccott","IRQ",0.0531112994440963
"ccott","ISR",0.0531112994440963
"ccott","JAM",0.0204985737263817
"ccott","JOR",0.0531112994440963
"ccott","KAZ",0.00393022854773101
"ccott","KEN",0.208260798265873
"ccott","KGZ",0.0417070134465597
"ccott","KHM",0.0695246852543191
"ccott","KOR",0.00984044430744929
"ccott","LBN",0.0531112994440963
"ccott","LBR",0.0990033692363474
"ccott","LBY",0.0478449898021055
"ccott","LKA",0.000756374714024644
"ccott","LSO",0.0483745452028408
"ccott","MDA",0.0251922801388805
"ccott","MEX",0.00090081804570464
"ccott","MLI",0.208260798265873
"ccott","MNG",0.00412832870007527
"ccott","MOR",0.0194612902824327
"ccott","MRT",0.0990033692363474
"ccott","MWI",0.0032361925377334
"ccott","NAM",0.0483745452028408
"ccott","NER",0.0990033692363474
"ccott","NGA",0.0527111389577055
"ccott","NPL",0.0435140336651723
"ccott","OSA",2.97411197475216E-5
"ccott","PAK",0.049144370655048
"ccott","PER",0.109896040929825
"ccott","PHL",0.0294691446621296
"ccott","PRK",0.00412832870007527
"ccott","PRY",0.0606697282018025
"ccott","PSE",0.0531112994440963
"ccott","RAP",0.0531112994440963
"ccott","ROU",0.00162090094506555
"ccott","RUS",0.000348144064328131
"ccott","RWA",0.208260798265873
"ccott","SAU",0.0531112994440963
"ccott","SDN",0.208260798265873
"ccott","SEN",0.000145239039328358
"ccott","SLE",0.0990033692363474
"ccott","SLV",0.000696710942912392
"ccott","SOM",0.208260798265873
"ccott","SSD",0.208260798265873
"ccott","SWZ",0.0483745452028408
"ccott","SYR",0.0531112994440963
"ccott","TCD",0.0809953497851146
"ccott","TGO",0.0990033692363474
"ccott","THA",0.0499104085576469
"ccott","TJK",0.11432344316653
"ccott","TKM",0.11432344316653
"ccott","TLS",2.97411197475216E-5
"ccott","UGA",0.0541823629769838
"ccott","UKR",7.98317086946538E-6
"ccott","URY",0.001464904018839
"ccott","USA",0.048445054272595
"ccott","UZB",0.11432344316653
"ccott","VEN",0.0711579165860628
"ccott","VNM",0.0153404935017098
"ccott","YEM",0.0531112994440963
"ccott","ZAF",0.0110456946288195
"ccott","ZMB",0.0129742087585989
"ccott","ZWE",0.0237141051669193
"cteas","AFG",0.118767468095127
"cteas","AGO",0.101703799298581
"cteas","ALB",0.0816841065429409
"cteas","ARG",0.0204523690690455
"cteas","ARM",0.0436487388895884
"cteas","AUS",0.000118068990392157
"cteas","AUT",0.00942318049481417
"cteas","AZE",0.118120765458251
"cteas","BDI",0.113124484197846
"cteas","BEN",0.076662791014242
"cteas","BFA",0.076662791014242
"cteas","BGD",0.2469572461357
"cteas","BGR",0.15575641284499
"cteas","BLR",0.0546140483337157
"cteas","BLT",0.0167069217590907
"cteas","BLX",0.033005263819688
"cteas","BLZ",0.0308051461027081
"cteas","BOL",0.0620647838541042
"cteas","BRA",0.0824235546366713
"cteas","BTN",0.118767468095127
"cteas","BWA",0.00295752987989747
"cteas","CAF",0.123936132483992
"cteas","CAN",0.00480897581215151
"cteas","CHL",0.0132165970688307
"cteas","CHM",0.102432614650706
"cteas","CHP",0.345963303912286
"cteas","CIV",0.076662791014242
"cteas","CMR",0.123936132483992
"cteas","COD",0.101703799298581
"cteas","COG",0.101703799298581
"cteas","COL",0.0784359705949817
"cteas","CRB",0.136228341251516
"cteas","CRI",0.0182998650054609
"cteas","CUB",0.136228341251516
"cteas","CYP",0.0337282959834015
"cteas","CZE",0.0228954512137715
"cteas","DEU",0.0211190271278374
"cteas","DJI",0.113124484197846
"cteas","DNK",0.0925295452587157
"cteas","DOM",0.136228341251516
"cteas","DZA",0.209200912744913
"cteas","ECU",0.0496760156514946
"cteas","EGY",0.141810710027364
"cteas","ERI",0.113124484197846
"cteas","ETH",0.161124529919592
"cteas","FJI",0.136490530416691
"cteas","FNP",0.00385749023595357
"cteas","FRP",0.0163965076244051
"cteas","GAB",0.123936132483992
"cteas","GEO",0.10430253105755
"cteas","GHA",0.076662791014242
"cteas","GIN",0.076662791014242
"cteas","GMB",0.076662791014242
"cteas","GNB",0.076662791014242
"cteas","GNQ",0.123936132483992
"cteas","GRC",0.028797671988709
"cteas","GRL",0.0624656301758195
"cteas","GSA",0.0917285998719546
"cteas","GTM",0.0209477359968258
"cteas","HND",0.0308051461027081
"cteas","HRV",0.0168005669047667
"cteas","HTI",0.136228341251516
"cteas","HUN",0.006628693508983
"cteas","IDN",0.0476986856014974
"cteas","IND",0.43770869158346
"cteas","IRL",0.590461363970363
"cteas","IRN",0.182328972783238
"cteas","IRQ",0.0649634268213134
"cteas","ISL",0.827186163924624
"cteas","ISR",0.0649634268213134
"cteas","ITP",0.00848847147868986
"cteas","JAM",0.136228341251516
"cteas","JOR",0.0649634268213134
"cteas","JPN",0.0335930017507554
"cteas","KAZ",0.0229769602424212
"cteas","KEN",0.113124484197846
"cteas","KGZ",0.0574920554470676
"cteas","KHM",0.145799254997612
"cteas","KOR",0.414189048809725
"cteas","LAO",0.0803672532032612
"cteas","LBN",0.0649634268213134
"cteas","LBR",0.076662791014242
"cteas","LBY",0.209200912744913
"cteas","LKA",0.44404139640736
"cteas","LSO",0.0132367883923657
"cteas","MDA",0.0439175362243217
"cteas","MDG",0.109799238869496
"cteas","MEX",0.0942516519112314
"cteas","MLI",0.113124484197846
"cteas","MNG",0.150402557178031
"cteas","MOR",0.155953829457023
"cteas","MOZ",0.115090383698141
"cteas","MRT",0.076662791014242
"cteas","MWI",0.169800646818561
"cteas","MYS",0.453406189208111
"cteas","NAM",0.0132367883923657
"cteas","NER",0.076662791014242
"cteas","NGA",0.19443398656223
"cteas","NIC",0.0354362052578695
"cteas","NLD",0.103367404880499
"cteas","NOR",0.240241990735152
"cteas","NPL",0.118767468095127
"cteas","NZL",0.0016164596427527
"cteas","OPO",0.136490530416691
"cteas","OSA",0.101765839646857
"cteas","PAK",0.191408192721121
"cteas","PAN",0.0579159854909675
"cteas","PER",0.101603940647209
"cteas","PHL",0.0631053787905473
"cteas","PNG",0.136490530416691
"cteas","POL",0.0210578758494204
"cteas","PRK",0.150402557178031
"cteas","PRT",0.178733661294784
"cteas","PRY",0.0643171344065487
"cteas","PSE",0.0649634268213134
"cteas","RAP",0.0649634268213134
"cteas","ROU",0.193017026420794
"cteas","RUS",0.0676060777041083
"cteas","RWA",0.113124484197846
"cteas","SAU",0.0649634268213134
"cteas","SDN",0.113124484197846
"cteas","SEN",0.0671972936945293
"cteas","SLB",0.136490530416691
"cteas","SLE",0.076662791014242
"cteas","SLV",0.0308051461027081
"cteas","SOM",0.113124484197846
"cteas","SPP",0.0329124743759316
"cteas","SSD",0.113124484197846
"cteas","SVK",0.00228660854066336
"cteas","SVN",0.00353411201388467
"cteas","SWE",0.00735956597580855
"cteas","SWZ",0.0132367883923657
"cteas","SYR",0.0649634268213134
"cteas","TCD",0.123936132483992
"cteas","TGO",0.076662791014242
"cteas","THA",0.403269148385088
"cteas","TJK",0.0489160315816015
"cteas","TKM",0.0489160315816015
"cteas","TLS",0.101765839646857
"cteas","TUN",0.405664937543758
"cteas","TUR",0.299752412043424
"cteas","TZA",0.0895806064393199
"cteas","UGA",0.0385700112514238
"cteas","UKP",0.0338205859764709
"cteas","UKR",0.129968305127598
"cteas","URY",0.0196405943373858
"cteas","USA",0.0766505632210551
"cteas","UZB",0.0489160315816015
"cteas","VEN",0.0717421787838079
"cteas","VNM",0.131656654120424
"cteas","VUT",0.136490530416691
"cteas","YEM",0.0649634268213134
"cteas","ZAF",0.0799497702818773
"cteas","ZMB",0.0644866465986612
"cteas","ZWE",0.196202416921227
"cothr","AFG",0.118767468095127
"cothr","AGO",0.101703799298581
"cothr","ALB",0.0816841065429409
"cothr","ARG",0.0204523690690455
"cothr","ARM",0.0436487388895884
"cothr","AUS",0.000118068990392157
"cothr","AUT",0.00942318049481417
"cothr","AZE",0.118120765458251
"cothr","BDI",0.113124484197846
"cothr","BEN",0.076662791014242
"cothr","BFA",0.076662791014242
"cothr","BGD",0.2469572461357
"cothr","BGR",0.15575641284499
"cothr","BLR",0.0546140483337157
"cothr","BLT",0.0167069217590907
"cothr","BLX",0.033005263819688
"cothr","BLZ",0.0308051461027081
"cothr","BOL",0.0620647838541042
"cothr","BRA",0.0824235546366713
"cothr","BTN",0.118767468095127
"cothr","BWA",0.00295752987989747
"cothr","CAF",0.123936132483992
"cothr","CAN",0.00480897581215151
"cothr","CHL",0.0132165970688307
"cothr","CHM",0.102432614650706
"cothr","CHP",0.345963303912286
"cothr","CIV",0.076662791014242
"cothr","CMR",0.123936132483992
"cothr","COD",0.101703799298581
"cothr","COG",0.101703799298581
"cothr","COL",0.0784359705949817
"cothr","CRB",0.136228341251516
"cothr","CRI",0.0182998650054609
"cothr","CUB",0.136228341251516
"cothr","CYP",0.0337282959834015
"cothr","CZE",0.0228954512137715
"cothr","DEU",0.0211190271278374
"cothr","DJI",0.113124484197846
"cothr","DNK",0.0925295452587157
"cothr","DOM",0.136228341251516
"cothr","DZA",0.209200912744913
"cothr","ECU",0.0496760156514946
"cothr","EGY",0.141810710027364
"cothr","ERI",0.113124484197846
"cothr","ETH",0.161124529919592
"cothr","FJI",0.136490530416691
"cothr","FNP",0.00385749023595357
"cothr","FRP",0.0163965076244051
"cothr","GAB",0.123936132483992
"cothr","GEO",0.10430253105755
"cothr","GHA",0.076662791014242
"cothr","GIN",0.076662791014242
"cothr","GMB",0.076662791014242
"cothr","GNB",0.076662791014242
"cothr","GNQ",0.123936132483992
"cothr","GRC",0.028797671988709
"cothr","GRL",0.0624656301758195
"cothr","GSA",0.0917285998719546
"cothr","GTM",0.0209477359968258
"cothr","HND",0.0308051461027081
"cothr","HRV",0.0168005669047667
"cothr","HTI",0.136228341251516
"cothr","HUN",0.006628693508983
"cothr","IDN",0.0476986856014974
"cothr","IND",0.43770869158346
"cothr","IRL",0.590461363970363
"cothr","IRN",0.182328972783238
"cothr","IRQ",0.0649634268213134
"cothr","ISL",0.827186163924624
"cothr","ISR",0.0649634268213134
"cothr","ITP",0.00848847147868986
"cothr","JAM",0.136228341251516
"cothr","JOR",0.0649634268213134
"cothr","JPN",0.0335930017507554
"cothr","KAZ",0.0229769602424212
"cothr","KEN",0.113124484197846
"cothr","KGZ",0.0574920554470676
"cothr","KHM",0.145799254997612
"cothr","KOR",0.414189048809725
"cothr","LAO",0.0803672532032612
"cothr","LBN",0.0649634268213134
"cothr","LBR",0.076662791014242
"cothr","LBY",0.209200912744913
"cothr","LKA",0.44404139640736
"cothr","LSO",0.0132367883923657
"cothr","MDA",0.0439175362243217
"cothr","MDG",0.109799238869496
"cothr","MEX",0.0942516519112314
"cothr","MLI",0.113124484197846
"cothr","MNG",0.150402557178031
"cothr","MOR",0.155953829457023
"cothr","MOZ",0.115090383698141
"cothr","MRT",0.076662791014242
"cothr","MWI",0.169800646818561
"cothr","MYS",0.453406189208111
"cothr","NAM",0.0132367883923657
"cothr","NER",0.076662791014242
"cothr","NGA",0.19443398656223
"cothr","NIC",0.0354362052578695
"cothr","NLD",0.103367404880499
"cothr","NOR",0.240241990735152
"cothr","NPL",0.118767468095127
"cothr","NZL",0.0016164596427527
"cothr","OPO",0.136490530416691
"cothr","OSA",0.101765839646857
"cothr","PAK",0.191408192721121
"cothr","PAN",0.0579159854909675
"cothr","PER",0.101603940647209
"cothr","PHL",0.0631053787905473
"cothr","PNG",0.136490530416691
"cothr","POL",0.0210578758494204
"cothr","PRK",0.150402557178031
"cothr","PRT",0.178733661294784
"cothr","PRY",0.0643171344065487
"cothr","PSE",0.0649634268213134
"cothr","RAP",0.0649634268213134
"cothr","ROU",0.193017026420794
"cothr","RUS",0.0676060777041083
"cothr","RWA",0.113124484197846
"cothr","SAU",0.0649634268213134
"cothr","SDN",0.113124484197846
"cothr","SEN",0.0671972936945293
"cothr","SLB",0.136490530416691
"cothr","SLE",0.076662791014242
"cothr","SLV",0.0308051461027081
"cothr","SOM",0.113124484197846
"cothr","SPP",0.0329124743759316
"cothr","SSD",0.113124484197846
"cothr","SVK",0.00228660854066336
"cothr","SVN",0.00353411201388467
"cothr","SWE",0.00735956597580855
"cothr","SWZ",0.0132367883923657
"cothr","SYR",0.0649634268213134
"cothr","TCD",0.123936132483992
"cothr","TGO",0.076662791014242
"cothr","THA",0.403269148385088
"cothr","TJK",0.0489160315816015
"cothr","TKM",0.0489160315816015
"cothr","TLS",0.101765839646857
"cothr","TUN",0.405664937543758
"cothr","TUR",0.299752412043424
"cothr","TZA",0.0895806064393199
"cothr","UGA",0.0385700112514238
"cothr","UKP",0.0338205859764709
"cothr","UKR",0.129968305127598
"cothr","URY",0.0196405943373858
"cothr","USA",0.0766505632210551
"cothr","UZB",0.0489160315816015
"cothr","VEN",0.0717421787838079
"cothr","VNM",0.131656654120424
"cothr","VUT",0.136490530416691
"cothr","YEM",0.0649634268213134
"cothr","ZAF",0.0799497702818773
"cothr","ZMB",0.0644866465986612
"cothr","ZWE",0.196202416921227
"c-shrimp","AFG",0.140180828186616
"c-shrimp","AGO",0.100731368259252
"c-shrimp","ALB",0.0571683159352503
"c-shrimp","ARG",0.0224725280232579
"c-shrimp","ARM",0.0208058697266281
"c-shrimp","AUS",7.57438707089973E-5
"c-shrimp","AUT",0.00331254775483303
"c-shrimp","AZE",0.162291496669309
"c-shrimp","BDI",0.0847329956753774
"c-shrimp","BEN",0.10245378089491
"c-shrimp","BFA",0.10245378089491
"c-shrimp","BGD",0.148063899995484
"c-shrimp","BGR",0.0669258569353745
"c-shrimp","BLR",0.0206328229363444
"c-shrimp","BLT",0.000766984472357231
"c-shrimp","BLX",0.0037462797828073
"c-shrimp","BLZ",0.0273228127387649
"c-shrimp","BOL",0.0869450983867548
"c-shrimp","BRA",0.0487663808505501
"c-shrimp","BTN",0.140180828186616
"c-shrimp","BWA",4.27915597385955E-6
"c-shrimp","CAF",0.195473180839452
"c-shrimp","CAN",0.170502468793728
"c-shrimp","CHL",0.00524308565494426
"c-shrimp","CHM",0.0964213906573988
"c-shrimp","CHP",0.194647484739898
"c-shrimp","CIV",0.10245378089491
"c-shrimp","CMR",0.195473180839452
"c-shrimp","COD",0.100731368259252
"c-shrimp","COG",0.100731368259252
"c-shrimp","COL",0.0876812026661538
"c-shrimp","CRB",0.160654540103506
"c-shrimp","CRI",0.0271715217156344
"c-shrimp","CUB",0.160654540103506
"c-shrimp","CYP",0.00479414676880324
"c-shrimp","CZE",0.00354715157339349
"c-shrimp","DEU",0.0167959592931808
"c-shrimp","DJI",0.0847329956753774
"c-shrimp","DNK",0.00292577303384398
"c-shrimp","DOM",0.160654540103506
"c-shrimp","DZA",0.122247587617233
"c-shrimp","ECU",0.0612657672593203
"c-shrimp","EGY",0.0204751940527716
"c-shrimp","ERI",0.0847329956753774
"c-shrimp","ETH",0.095582148031987
"c-shrimp","FJI",0.160550125110701
"c-shrimp","FNP",0.00161206310039352
"c-shrimp","FRP",0.00455803117756911
"c-shrimp","GAB",0.195473180839452
"c-shrimp","GEO",0.0856930687167766
"c-shrimp","GHA",0.10245378089491
"c-shrimp","GIN",0.10245378089491
"c-shrimp","GMB",0.10245378089491
"c-shrimp","GNB",0.10245378089491
"c-shrimp","GNQ",0.195473180839452
"c-shrimp","GRC",0.00168825462791882
"c-shrimp","GRL",0.039616482293706
"c-shrimp","GSA",0.230086321665562
"c-shrimp","GTM",0.0166437364722808
"c-shrimp","HND",0.0273228127387649
"c-shrimp","HRV",0.0313346265224637
"c-shrimp","HTI",0.160654540103506
"c-shrimp","HUN",0.00491997999291708
"c-shrimp","IDN",0.0338299089529688
"c-shrimp","IND",0.0667384768916968
"c-shrimp","IRL",0.00924423145579262
"c-shrimp","IRN",0.217375531191
"c-shrimp","IRQ",0.173401178213033
"c-shrimp","ISL",0.25531044016986
"c-shrimp","ISR",0.173401178213033
"c-shrimp","ITP",0.00300721576672579
"c-shrimp","JAM",0.160654540103506
"c-shrimp","JOR",0.173401178213033
"c-shrimp","JPN",0.0316653115461104
"c-shrimp","KAZ",0.0134392217957191
"c-shrimp","KEN",0.0847329956753774
"c-shrimp","KGZ",0.00855514746747623
"c-shrimp","KHM",0.141050313139821
"c-shrimp","KOR",0.0568742405284043
"c-shrimp","LAO",0.0952396126254663
"c-shrimp","LBN",0.173401178213033
"c-shrimp","LBR",0.10245378089491
"c-shrimp","LBY",0.122247587617233
"c-shrimp","LKA",0.102609804162295
"c-shrimp","LSO",0.00116796850433817
"c-shrimp","MDA",0.00129490004552973
"c-shrimp","MDG",0.00581982983106279
"c-shrimp","MEX",0.00788230830372881
"c-shrimp","MLI",0.0847329956753774
"c-shrimp","MNG",0.115721520527911
"c-shrimp","MOR",0.295809590881323
"c-shrimp","MOZ",0.0547789651176995
"c-shrimp","MRT",0.10245378089491
"c-shrimp","MWI",0.0106948630596668
"c-shrimp","MYS",0.00932587836487086
"c-shrimp","NAM",0.00116796850433817
"c-shrimp","NER",0.10245378089491
"c-shrimp","NGA",0.27262549267669
"c-shrimp","NIC",0.0407664146818048
"c-shrimp","NLD",0.00225918369048161
"c-shrimp","NOR",0.0912642724804092
"c-shrimp","NPL",0.140180828186616
"c-shrimp","NZL",2.89506841665537E-5
"c-shrimp","OPO",0.160550125110701
"c-shrimp","OSA",0.0303407577286123
"c-shrimp","PAK",0.0629989060704202
"c-shrimp","PAN",0.0731838869036708
"c-shrimp","PER",0.102749719341551
"c-shrimp","PHL",0.127623512772964
"c-shrimp","PNG",0.160550125110701
"c-shrimp","POL",0.00558389606669879
"c-shrimp","PRK",0.115721520527911
"c-shrimp","PRT",0.000853706208143761
"c-shrimp","PRY",0.0166057878122495
"c-shrimp","PSE",0.173401178213033
"c-shrimp","RAP",0.173401178213033
"c-shrimp","ROU",0.117158820178407
"c-shrimp","RUS",0.0608389646700486
"c-shrimp","RWA",0.0847329956753774
"c-shrimp","SAU",0.173401178213033
"c-shrimp","SDN",0.0847329956753774
"c-shrimp","SEN",0.0756594458072941
"c-shrimp","SLB",0.160550125110701
"c-shrimp","SLE",0.10245378089491
"c-shrimp","SLV",0.0273228127387649
"c-shrimp","SOM",0.0847329956753774
"c-shrimp","SPP",0.00829504951660579
"c-shrimp","SSD",0.0847329956753774
"c-shrimp","SVK",0.00112091674884939
"c-shrimp","SVN",0.000492456548327649
"c-shrimp","SWE",0.00120620233766305
"c-shrimp","SWZ",0.00116796850433817
"c-shrimp","SYR",0.173401178213033
"c-shrimp","TCD",0.195473180839452
"c-shrimp","TGO",0.10245378089491
"c-shrimp","THA",0.0388843600081118
"c-shrimp","TJK",0.0784319326689377
"c-shrimp","TKM",0.0784319326689377
"c-shrimp","TLS",0.0303407577286123
"c-shrimp","TUN",0.343574422588679
"c-shrimp","TUR",0.015034295065392
"c-shrimp","TZA",0.109604776651731
"c-shrimp","UGA",0.0469529314433074
"c-shrimp","UKP",0.0199683842471737
"c-shrimp","UKR",0.0533565109828952
"c-shrimp","URY",0.0282187760077785
"c-shrimp","USA",0.00198177978732446
"c-shrimp","UZB",0.0784319326689377
"c-shrimp","VEN",0.0700732450348423
"c-shrimp","VNM",0.0348272019134856
"c-shrimp","VUT",0.160550125110701
"c-shrimp","YEM",0.173401178213033
"c-shrimp","ZAF",0.00665852880513396
"c-shrimp","ZMB",0.0884991827102515
"c-shrimp","ZWE",0.11085239930558
"c-Crust","AFG",0.140180828186616
"c-Crust","AGO",0.100731368259252
"c-Crust","ALB",0.0571683159352503
"c-Crust","ARG",0.0224725280232579
"c-Crust","ARM",0.0208058697266281
"c-Crust","AUS",7.57438707089973E-5
"c-Crust","AUT",0.00331254775483303
"c-Crust","AZE",0.162291496669309
"c-Crust","BDI",0.0847329956753774
"c-Crust","BEN",0.10245378089491
"c-Crust","BFA",0.10245378089491
"c-Crust","BGD",0.148063899995484
"c-Crust","BGR",0.0669258569353745
"c-Crust","BLR",0.0206328229363444
"c-Crust","BLT",0.000766984472357231
"c-Crust","BLX",0.0037462797828073
"c-Crust","BLZ",0.0273228127387649
"c-Crust","BOL",0.0869450983867548
"c-Crust","BRA",0.0487663808505501
"c-Crust","BTN",0.140180828186616
"c-Crust","BWA",4.27915597385955E-6
"c-Crust","CAF",0.195473180839452
"c-Crust","CAN",0.170502468793728
"c-Crust","CHL",0.00524308565494426
"c-Crust","CHM",0.0964213906573988
"c-Crust","CHP",0.194647484739898
"c-Crust","CIV",0.10245378089491
"c-Crust","CMR",0.195473180839452
"c-Crust","COD",0.100731368259252
"c-Crust","COG",0.100731368259252
"c-Crust","COL",0.0876812026661538
"c-Crust","CRB",0.160654540103506
"c-Crust","CRI",0.0271715217156344
"c-Crust","CUB",0.160654540103506
"c-Crust","CYP",0.00479414676880324
"c-Crust","CZE",0.00354715157339349
"c-Crust","DEU",0.0167959592931808
"c-Crust","DJI",0.0847329956753774
"c-Crust","DNK",0.00292577303384398
"c-Crust","DOM",0.160654540103506
"c-Crust","DZA",0.122247587617233
"c-Crust","ECU",0.0612657672593203
"c-Crust","EGY",0.0204751940527716
"c-Crust","ERI",0.0847329956753774
"c-Crust","ETH",0.095582148031987
"c-Crust","FJI",0.160550125110701
"c-Crust","FNP",0.00161206310039352
"c-Crust","FRP",0.00455803117756911
"c-Crust","GAB",0.195473180839452
"c-Crust","GEO",0.0856930687167766
"c-Crust","GHA",0.10245378089491
"c-Crust","GIN",0.10245378089491
"c-Crust","GMB",0.10245378089491
"c-Crust","GNB",0.10245378089491
"c-Crust","GNQ",0.195473180839452
"c-Crust","GRC",0.00168825462791882
"c-Crust","GRL",0.039616482293706
"c-Crust","GSA",0.230086321665562
"c-Crust","GTM",0.0166437364722808
"c-Crust","HND",0.0273228127387649
"c-Crust","HRV",0.0313346265224637
"c-Crust","HTI",0.160654540103506
"c-Crust","HUN",0.00491997999291708
"c-Crust","IDN",0.0338299089529688
"c-Crust","IND",0.0667384768916968
"c-Crust","IRL",0.00924423145579262
"c-Crust","IRN",0.217375531191
"c-Crust","IRQ",0.173401178213033
"c-Crust","ISL",0.25531044016986
"c-Crust","ISR",0.173401178213033
"c-Crust","ITP",0.00300721576672579
"c-Crust","JAM",0.160654540103506
"c-Crust","JOR",0.173401178213033
"c-Crust","JPN",0.0316653115461104
"c-Crust","KAZ",0.0134392217957191
"c-Crust","KEN",0.0847329956753774
"c-Crust","KGZ",0.00855514746747623
"c-Crust","KHM",0.141050313139821
"c-Crust","KOR",0.0568742405284043
"c-Crust","LAO",0.0952396126254663
"c-Crust","LBN",0.173401178213033
"c-Crust","LBR",0.10245378089491
"c-Crust","LBY",0.122247587617233
"c-Crust","LKA",0.102609804162295
"c-Crust","LSO",0.00116796850433817
"c-Crust","MDA",0.00129490004552973
"c-Crust","MDG",0.00581982983106279
"c-Crust","MEX",0.00788230830372881
"c-Crust","MLI",0.0847329956753774
"c-Crust","MNG",0.115721520527911
"c-Crust","MOR",0.295809590881323
"c-Crust","MOZ",0.0547789651176995
"c-Crust","MRT",0.10245378089491
"c-Crust","MWI",0.0106948630596668
"c-Crust","MYS",0.00932587836487086
"c-Crust","NAM",0.00116796850433817
"c-Crust","NER",0.10245378089491
"c-Crust","NGA",0.27262549267669
"c-Crust","NIC",0.0407664146818048
"c-Crust","NLD",0.00225918369048161
"c-Crust","NOR",0.0912642724804092
"c-Crust","NPL",0.140180828186616
"c-Crust","NZL",2.89506841665537E-5
"c-Crust","OPO",0.160550125110701
"c-Crust","OSA",0.0303407577286123
"c-Crust","PAK",0.0629989060704202
"c-Crust","PAN",0.0731838869036708
"c-Crust","PER",0.102749719341551
"c-Crust","PHL",0.127623512772964
"c-Crust","PNG",0.160550125110701
"c-Crust","POL",0.00558389606669879
"c-Crust","PRK",0.115721520527911
"c-Crust","PRT",0.000853706208143761
"c-Crust","PRY",0.0166057878122495
"c-Crust","PSE",0.173401178213033
"c-Crust","RAP",0.173401178213033
"c-Crust","ROU",0.117158820178407
"c-Crust","RUS",0.0608389646700486
"c-Crust","RWA",0.0847329956753774
"c-Crust","SAU",0.173401178213033
"c-Crust","SDN",0.0847329956753774
"c-Crust","SEN",0.0756594458072941
"c-Crust","SLB",0.160550125110701
"c-Crust","SLE",0.10245378089491
"c-Crust","SLV",0.0273228127387649
"c-Crust","SOM",0.0847329956753774
"c-Crust","SPP",0.00829504951660579
"c-Crust","SSD",0.0847329956753774
"c-Crust","SVK",0.00112091674884939
"c-Crust","SVN",0.000492456548327649
"c-Crust","SWE",0.00120620233766305
"c-Crust","SWZ",0.00116796850433817
"c-Crust","SYR",0.173401178213033
"c-Crust","TCD",0.195473180839452
"c-Crust","TGO",0.10245378089491
"c-Crust","THA",0.0388843600081118
"c-Crust","TJK",0.0784319326689377
"c-Crust","TKM",0.0784319326689377
"c-Crust","TLS",0.0303407577286123
"c-Crust","TUN",0.343574422588679
"c-Crust","TUR",0.015034295065392
"c-Crust","TZA",0.109604776651731
"c-Crust","UGA",0.0469529314433074
"c-Crust","UKP",0.0199683842471737
"c-Crust","UKR",0.0533565109828952
"c-Crust","URY",0.0282187760077785
"c-Crust","USA",0.00198177978732446
"c-Crust","UZB",0.0784319326689377
"c-Crust","VEN",0.0700732450348423
"c-Crust","VNM",0.0348272019134856
"c-Crust","VUT",0.160550125110701
"c-Crust","YEM",0.173401178213033
"c-Crust","ZAF",0.00665852880513396
"c-Crust","ZMB",0.0884991827102515
"c-Crust","ZWE",0.11085239930558
"c-Mllsc","AFG",0.140180828186616
"c-Mllsc","AGO",0.100731368259252
"c-Mllsc","ALB",0.0571683159352503
"c-Mllsc","ARG",0.0224725280232579
"c-Mllsc","ARM",0.0208058697266281
"c-Mllsc","AUS",7.57438707089973E-5
"c-Mllsc","AUT",0.00331254775483303
"c-Mllsc","AZE",0.162291496669309
"c-Mllsc","BDI",0.0847329956753774
"c-Mllsc","BEN",0.10245378089491
"c-Mllsc","BFA",0.10245378089491
"c-Mllsc","BGD",0.148063899995484
"c-Mllsc","BGR",0.0669258569353745
"c-Mllsc","BLR",0.0206328229363444
"c-Mllsc","BLT",0.000766984472357231
"c-Mllsc","BLX",0.0037462797828073
"c-Mllsc","BLZ",0.0273228127387649
"c-Mllsc","BOL",0.0869450983867548
"c-Mllsc","BRA",0.0487663808505501
"c-Mllsc","BTN",0.140180828186616
"c-Mllsc","BWA",4.27915597385955E-6
"c-Mllsc","CAF",0.195473180839452
"c-Mllsc","CAN",0.170502468793728
"c-Mllsc","CHL",0.00524308565494426
"c-Mllsc","CHM",0.0964213906573988
"c-Mllsc","CHP",0.194647484739898
"c-Mllsc","CIV",0.10245378089491
"c-Mllsc","CMR",0.195473180839452
"c-Mllsc","COD",0.100731368259252
"c-Mllsc","COG",0.100731368259252
"c-Mllsc","COL",0.0876812026661538
"c-Mllsc","CRB",0.160654540103506
"c-Mllsc","CRI",0.0271715217156344
"c-Mllsc","CUB",0.160654540103506
"c-Mllsc","CYP",0.00479414676880324
"c-Mllsc","CZE",0.00354715157339349
"c-Mllsc","DEU",0.0167959592931808
"c-Mllsc","DJI",0.0847329956753774
"c-Mllsc","DNK",0.00292577303384398
"c-Mllsc","DOM",0.160654540103506
"c-Mllsc","DZA",0.122247587617233
"c-Mllsc","ECU",0.0612657672593203
"c-Mllsc","EGY",0.0204751940527716
"c-Mllsc","ERI",0.0847329956753774
"c-Mllsc","ETH",0.095582148031987
"c-Mllsc","FJI",0.160550125110701
"c-Mllsc","FNP",0.00161206310039352
"c-Mllsc","FRP",0.00455803117756911
"c-Mllsc","GAB",0.195473180839452
"c-Mllsc","GEO",0.0856930687167766
"c-Mllsc","GHA",0.10245378089491
"c-Mllsc","GIN",0.10245378089491
"c-Mllsc","GMB",0.10245378089491
"c-Mllsc","GNB",0.10245378089491
"c-Mllsc","GNQ",0.195473180839452
"c-Mllsc","GRC",0.00168825462791882
"c-Mllsc","GRL",0.039616482293706
"c-Mllsc","GSA",0.230086321665562
"c-Mllsc","GTM",0.0166437364722808
"c-Mllsc","HND",0.0273228127387649
"c-Mllsc","HRV",0.0313346265224637
"c-Mllsc","HTI",0.160654540103506
"c-Mllsc","HUN",0.00491997999291708
"c-Mllsc","IDN",0.0338299089529688
"c-Mllsc","IND",0.0667384768916968
"c-Mllsc","IRL",0.00924423145579262
"c-Mllsc","IRN",0.217375531191
"c-Mllsc","IRQ",0.173401178213033
"c-Mllsc","ISL",0.25531044016986
"c-Mllsc","ISR",0.173401178213033
"c-Mllsc","ITP",0.00300721576672579
"c-Mllsc","JAM",0.160654540103506
"c-Mllsc","JOR",0.173401178213033
"c-Mllsc","JPN",0.0316653115461104
"c-Mllsc","KAZ",0.0134392217957191
"c-Mllsc","KEN",0.0847329956753774
"c-Mllsc","KGZ",0.00855514746747623
"c-Mllsc","KHM",0.141050313139821
"c-Mllsc","KOR",0.0568742405284043
"c-Mllsc","LAO",0.0952396126254663
"c-Mllsc","LBN",0.173401178213033
"c-Mllsc","LBR",0.10245378089491
"c-Mllsc","LBY",0.122247587617233
"c-Mllsc","LKA",0.102609804162295
"c-Mllsc","LSO",0.00116796850433817
"c-Mllsc","MDA",0.00129490004552973
"c-Mllsc","MDG",0.00581982983106279
"c-Mllsc","MEX",0.00788230830372881
"c-Mllsc","MLI",0.0847329956753774
"c-Mllsc","MNG",0.115721520527911
"c-Mllsc","MOR",0.295809590881323
"c-Mllsc","MOZ",0.0547789651176995
"c-Mllsc","MRT",0.10245378089491
"c-Mllsc","MWI",0.0106948630596668
"c-Mllsc","MYS",0.00932587836487086
"c-Mllsc","NAM",0.00116796850433817
"c-Mllsc","NER",0.10245378089491
"c-Mllsc","NGA",0.27262549267669
"c-Mllsc","NIC",0.0407664146818048
"c-Mllsc","NLD",0.00225918369048161
"c-Mllsc","NOR",0.0912642724804092
"c-Mllsc","NPL",0.140180828186616
"c-Mllsc","NZL",2.89506841665537E-5
"c-Mllsc","OPO",0.160550125110701
"c-Mllsc","OSA",0.0303407577286123
"c-Mllsc","PAK",0.0629989060704202
"c-Mllsc","PAN",0.0731838869036708
"c-Mllsc","PER",0.102749719341551
"c-Mllsc","PHL",0.127623512772964
"c-Mllsc","PNG",0.160550125110701
"c-Mllsc","POL",0.00558389606669879
"c-Mllsc","PRK",0.115721520527911
"c-Mllsc","PRT",0.000853706208143761
"c-Mllsc","PRY",0.0166057878122495
"c-Mllsc","PSE",0.173401178213033
"c-Mllsc","RAP",0.173401178213033
"c-Mllsc","ROU",0.117158820178407
"c-Mllsc","RUS",0.0608389646700486
"c-Mllsc","RWA",0.0847329956753774
"c-Mllsc","SAU",0.173401178213033
"c-Mllsc","SDN",0.0847329956753774
"c-Mllsc","SEN",0.0756594458072941
"c-Mllsc","SLB",0.160550125110701
"c-Mllsc","SLE",0.10245378089491
"c-Mllsc","SLV",0.0273228127387649
"c-Mllsc","SOM",0.0847329956753774
"c-Mllsc","SPP",0.00829504951660579
"c-Mllsc","SSD",0.0847329956753774
"c-Mllsc","SVK",0.00112091674884939
"c-Mllsc","SVN",0.000492456548327649
"c-Mllsc","SWE",0.00120620233766305
"c-Mllsc","SWZ",0.00116796850433817
"c-Mllsc","SYR",0.173401178213033
"c-Mllsc","TCD",0.195473180839452
"c-Mllsc","TGO",0.10245378089491
"c-Mllsc","THA",0.0388843600081118
"c-Mllsc","TJK",0.0784319326689377
"c-Mllsc","TKM",0.0784319326689377
"c-Mllsc","TLS",0.0303407577286123
"c-Mllsc","TUN",0.343574422588679
"c-Mllsc","TUR",0.015034295065392
"c-Mllsc","TZA",0.109604776651731
"c-Mllsc","UGA",0.0469529314433074
"c-Mllsc","UKP",0.0199683842471737
"c-Mllsc","UKR",0.0533565109828952
"c-Mllsc","URY",0.0282187760077785
"c-Mllsc","USA",0.00198177978732446
"c-Mllsc","UZB",0.0784319326689377
"c-Mllsc","VEN",0.0700732450348423
"c-Mllsc","VNM",0.0348272019134856
"c-Mllsc","VUT",0.160550125110701
"c-Mllsc","YEM",0.173401178213033
"c-Mllsc","ZAF",0.00665852880513396
"c-Mllsc","ZMB",0.0884991827102515
"c-Mllsc","ZWE",0.11085239930558
"c-Salmon","AFG",0.140180828186616
"c-Salmon","AGO",0.100731368259252
"c-Salmon","ALB",0.0571683159352503
"c-Salmon","ARG",0.0224725280232579
"c-Salmon","ARM",0.0208058697266281
"c-Salmon","AUS",7.57438707089973E-5
"c-Salmon","AUT",0.00331254775483303
"c-Salmon","AZE",0.162291496669309
"c-Salmon","BDI",0.0847329956753774
"c-Salmon","BEN",0.10245378089491
"c-Salmon","BFA",0.10245378089491
"c-Salmon","BGD",0.148063899995484
"c-Salmon","BGR",0.0669258569353745
"c-Salmon","BLR",0.0206328229363444
"c-Salmon","BLT",0.000766984472357231
"c-Salmon","BLX",0.0037462797828073
"c-Salmon","BLZ",0.0273228127387649
"c-Salmon","BOL",0.0869450983867548
"c-Salmon","BRA",0.0487663808505501
"c-Salmon","BTN",0.140180828186616
"c-Salmon","BWA",4.27915597385955E-6
"c-Salmon","CAF",0.195473180839452
"c-Salmon","CAN",0.170502468793728
"c-Salmon","CHL",0.00524308565494426
"c-Salmon","CHM",0.0964213906573988
"c-Salmon","CHP",0.194647484739898
"c-Salmon","CIV",0.10245378089491
"c-Salmon","CMR",0.195473180839452
"c-Salmon","COD",0.100731368259252
"c-Salmon","COG",0.100731368259252
"c-Salmon","COL",0.0876812026661538
"c-Salmon","CRB",0.160654540103506
"c-Salmon","CRI",0.0271715217156344
"c-Salmon","CUB",0.160654540103506
"c-Salmon","CYP",0.00479414676880324
"c-Salmon","CZE",0.00354715157339349
"c-Salmon","DEU",0.0167959592931808
"c-Salmon","DJI",0.0847329956753774
"c-Salmon","DNK",0.00292577303384398
"c-Salmon","DOM",0.160654540103506
"c-Salmon","DZA",0.122247587617233
"c-Salmon","ECU",0.0612657672593203
"c-Salmon","EGY",0.0204751940527716
"c-Salmon","ERI",0.0847329956753774
"c-Salmon","ETH",0.095582148031987
"c-Salmon","FJI",0.160550125110701
"c-Salmon","FNP",0.00161206310039352
"c-Salmon","FRP",0.00455803117756911
"c-Salmon","GAB",0.195473180839452
"c-Salmon","GEO",0.0856930687167766
"c-Salmon","GHA",0.10245378089491
"c-Salmon","GIN",0.10245378089491
"c-Salmon","GMB",0.10245378089491
"c-Salmon","GNB",0.10245378089491
"c-Salmon","GNQ",0.195473180839452
"c-Salmon","GRC",0.00168825462791882
"c-Salmon","GRL",0.039616482293706
"c-Salmon","GSA",0.230086321665562
"c-Salmon","GTM",0.0166437364722808
"c-Salmon","HND",0.0273228127387649
"c-Salmon","HRV",0.0313346265224637
"c-Salmon","HTI",0.160654540103506
"c-Salmon","HUN",0.00491997999291708
"c-Salmon","IDN",0.0338299089529688
"c-Salmon","IND",0.0667384768916968
"c-Salmon","IRL",0.00924423145579262
"c-Salmon","IRN",0.217375531191
"c-Salmon","IRQ",0.173401178213033
"c-Salmon","ISL",0.25531044016986
"c-Salmon","ISR",0.173401178213033
"c-Salmon","ITP",0.00300721576672579
"c-Salmon","JAM",0.160654540103506
"c-Salmon","JOR",0.173401178213033
"c-Salmon","JPN",0.0316653115461104
"c-Salmon","KAZ",0.0134392217957191
"c-Salmon","KEN",0.0847329956753774
"c-Salmon","KGZ",0.00855514746747623
"c-Salmon","KHM",0.141050313139821
"c-Salmon","KOR",0.0568742405284043
"c-Salmon","LAO",0.0952396126254663
"c-Salmon","LBN",0.173401178213033
"c-Salmon","LBR",0.10245378089491
"c-Salmon","LBY",0.122247587617233
"c-Salmon","LKA",0.102609804162295
"c-Salmon","LSO",0.00116796850433817
"c-Salmon","MDA",0.00129490004552973
"c-Salmon","MDG",0.00581982983106279
"c-Salmon","MEX",0.00788230830372881
"c-Salmon","MLI",0.0847329956753774
"c-Salmon","MNG",0.115721520527911
"c-Salmon","MOR",0.295809590881323
"c-Salmon","MOZ",0.0547789651176995
"c-Salmon","MRT",0.10245378089491
"c-Salmon","MWI",0.0106948630596668
"c-Salmon","MYS",0.00932587836487086
"c-Salmon","NAM",0.00116796850433817
"c-Salmon","NER",0.10245378089491
"c-Salmon","NGA",0.27262549267669
"c-Salmon","NIC",0.0407664146818048
"c-Salmon","NLD",0.00225918369048161
"c-Salmon","NOR",0.0912642724804092
"c-Salmon","NPL",0.140180828186616
"c-Salmon","NZL",2.89506841665537E-5
"c-Salmon","OPO",0.160550125110701
"c-Salmon","OSA",0.0303407577286123
"c-Salmon","PAK",0.0629989060704202
"c-Salmon","PAN",0.0731838869036708
"c-Salmon","PER",0.102749719341551
"c-Salmon","PHL",0.127623512772964
"c-Salmon","PNG",0.160550125110701
"c-Salmon","POL",0.00558389606669879
"c-Salmon","PRK",0.115721520527911
"c-Salmon","PRT",0.000853706208143761
"c-Salmon","PRY",0.0166057878122495
"c-Salmon","PSE",0.173401178213033
"c-Salmon","RAP",0.173401178213033
"c-Salmon","ROU",0.117158820178407
"c-Salmon","RUS",0.0608389646700486
"c-Salmon","RWA",0.0847329956753774
"c-Salmon","SAU",0.173401178213033
"c-Salmon","SDN",0.0847329956753774
"c-Salmon","SEN",0.0756594458072941
"c-Salmon","SLB",0.160550125110701
"c-Salmon","SLE",0.10245378089491
"c-Salmon","SLV",0.0273228127387649
"c-Salmon","SOM",0.0847329956753774
"c-Salmon","SPP",0.00829504951660579
"c-Salmon","SSD",0.0847329956753774
"c-Salmon","SVK",0.00112091674884939
"c-Salmon","SVN",0.000492456548327649
"c-Salmon","SWE",0.00120620233766305
"c-Salmon","SWZ",0.00116796850433817
"c-Salmon","SYR",0.173401178213033
"c-Salmon","TCD",0.195473180839452
"c-Salmon","TGO",0.10245378089491
"c-Salmon","THA",0.0388843600081118
"c-Salmon","TJK",0.0784319326689377
"c-Salmon","TKM",0.0784319326689377
"c-Salmon","TLS",0.0303407577286123
"c-Salmon","TUN",0.343574422588679
"c-Salmon","TUR",0.015034295065392
"c-Salmon","TZA",0.109604776651731
"c-Salmon","UGA",0.0469529314433074
"c-Salmon","UKP",0.0199683842471737
"c-Salmon","UKR",0.0533565109828952
"c-Salmon","URY",0.0282187760077785
"c-Salmon","USA",0.00198177978732446
"c-Salmon","UZB",0.0784319326689377
"c-Salmon","VEN",0.0700732450348423
"c-Salmon","VNM",0.0348272019134856
"c-Salmon","VUT",0.160550125110701
"c-Salmon","YEM",0.173401178213033
"c-Salmon","ZAF",0.00665852880513396
"c-Salmon","ZMB",0.0884991827102515
"c-Salmon","ZWE",0.11085239930558
"c-FrshD","AFG",0.140180828186616
"c-FrshD","AGO",0.100731368259252
"c-FrshD","ALB",0.0571683159352503
"c-FrshD","ARG",0.0224725280232579
"c-FrshD","ARM",0.0208058697266281
"c-FrshD","AUS",7.57438707089973E-5
"c-FrshD","AUT",0.00331254775483303
"c-FrshD","AZE",0.162291496669309
"c-FrshD","BDI",0.0847329956753774
"c-FrshD","BEN",0.10245378089491
"c-FrshD","BFA",0.10245378089491
"c-FrshD","BGD",0.148063899995484
"c-FrshD","BGR",0.0669258569353745
"c-FrshD","BLR",0.0206328229363444
"c-FrshD","BLT",0.000766984472357231
"c-FrshD","BLX",0.0037462797828073
"c-FrshD","BLZ",0.0273228127387649
"c-FrshD","BOL",0.0869450983867548
"c-FrshD","BRA",0.0487663808505501
"c-FrshD","BTN",0.140180828186616
"c-FrshD","BWA",4.27915597385955E-6
"c-FrshD","CAF",0.195473180839452
"c-FrshD","CAN",0.170502468793728
"c-FrshD","CHL",0.00524308565494426
"c-FrshD","CHM",0.0964213906573988
"c-FrshD","CHP",0.194647484739898
"c-FrshD","CIV",0.10245378089491
"c-FrshD","CMR",0.195473180839452
"c-FrshD","COD",0.100731368259252
"c-FrshD","COG",0.100731368259252
"c-FrshD","COL",0.0876812026661538
"c-FrshD","CRB",0.160654540103506
"c-FrshD","CRI",0.0271715217156344
"c-FrshD","CUB",0.160654540103506
"c-FrshD","CYP",0.00479414676880324
"c-FrshD","CZE",0.00354715157339349
"c-FrshD","DEU",0.0167959592931808
"c-FrshD","DJI",0.0847329956753774
"c-FrshD","DNK",0.00292577303384398
"c-FrshD","DOM",0.160654540103506
"c-FrshD","DZA",0.122247587617233
"c-FrshD","ECU",0.0612657672593203
"c-FrshD","EGY",0.0204751940527716
"c-FrshD","ERI",0.0847329956753774
"c-FrshD","ETH",0.095582148031987
"c-FrshD","FJI",0.160550125110701
"c-FrshD","FNP",0.00161206310039352
"c-FrshD","FRP",0.00455803117756911
"c-FrshD","GAB",0.195473180839452
"c-FrshD","GEO",0.0856930687167766
"c-FrshD","GHA",0.10245378089491
"c-FrshD","GIN",0.10245378089491
"c-FrshD","GMB",0.10245378089491
"c-FrshD","GNB",0.10245378089491
"c-FrshD","GNQ",0.195473180839452
"c-FrshD","GRC",0.00168825462791882
"c-FrshD","GRL",0.039616482293706
"c-FrshD","GSA",0.230086321665562
"c-FrshD","GTM",0.0166437364722808
"c-FrshD","HND",0.0273228127387649
"c-FrshD","HRV",0.0313346265224637
"c-FrshD","HTI",0.160654540103506
"c-FrshD","HUN",0.00491997999291708
"c-FrshD","IDN",0.0338299089529688
"c-FrshD","IND",0.0667384768916968
"c-FrshD","IRL",0.00924423145579262
"c-FrshD","IRN",0.217375531191
"c-FrshD","IRQ",0.173401178213033
"c-FrshD","ISL",0.25531044016986
"c-FrshD","ISR",0.173401178213033
"c-FrshD","ITP",0.00300721576672579
"c-FrshD","JAM",0.160654540103506
"c-FrshD","JOR",0.173401178213033
"c-FrshD","JPN",0.0316653115461104
"c-FrshD","KAZ",0.0134392217957191
"c-FrshD","KEN",0.0847329956753774
"c-FrshD","KGZ",0.00855514746747623
"c-FrshD","KHM",0.141050313139821
"c-FrshD","KOR",0.0568742405284043
"c-FrshD","LAO",0.0952396126254663
"c-FrshD","LBN",0.173401178213033
"c-FrshD","LBR",0.10245378089491
"c-FrshD","LBY",0.122247587617233
"c-FrshD","LKA",0.102609804162295
"c-FrshD","LSO",0.00116796850433817
"c-FrshD","MDA",0.00129490004552973
"c-FrshD","MDG",0.00581982983106279
"c-FrshD","MEX",0.00788230830372881
"c-FrshD","MLI",0.0847329956753774
"c-FrshD","MNG",0.115721520527911
"c-FrshD","MOR",0.295809590881323
"c-FrshD","MOZ",0.0547789651176995
"c-FrshD","MRT",0.10245378089491
"c-FrshD","MWI",0.0106948630596668
"c-FrshD","MYS",0.00932587836487086
"c-FrshD","NAM",0.00116796850433817
"c-FrshD","NER",0.10245378089491
"c-FrshD","NGA",0.27262549267669
"c-FrshD","NIC",0.0407664146818048
"c-FrshD","NLD",0.00225918369048161
"c-FrshD","NOR",0.0912642724804092
"c-FrshD","NPL",0.140180828186616
"c-FrshD","NZL",2.89506841665537E-5
"c-FrshD","OPO",0.160550125110701
"c-FrshD","OSA",0.0303407577286123
"c-FrshD","PAK",0.0629989060704202
"c-FrshD","PAN",0.0731838869036708
"c-FrshD","PER",0.102749719341551
"c-FrshD","PHL",0.127623512772964
"c-FrshD","PNG",0.160550125110701
"c-FrshD","POL",0.00558389606669879
"c-FrshD","PRK",0.115721520527911
"c-FrshD","PRT",0.000853706208143761
"c-FrshD","PRY",0.0166057878122495
"c-FrshD","PSE",0.173401178213033
"c-FrshD","RAP",0.173401178213033
"c-FrshD","ROU",0.117158820178407
"c-FrshD","RUS",0.0608389646700486
"c-FrshD","RWA",0.0847329956753774
"c-FrshD","SAU",0.173401178213033
"c-FrshD","SDN",0.0847329956753774
"c-FrshD","SEN",0.0756594458072941
"c-FrshD","SLB",0.160550125110701
"c-FrshD","SLE",0.10245378089491
"c-FrshD","SLV",0.0273228127387649
"c-FrshD","SOM",0.0847329956753774
"c-FrshD","SPP",0.00829504951660579
"c-FrshD","SSD",0.0847329956753774
"c-FrshD","SVK",0.00112091674884939
"c-FrshD","SVN",0.000492456548327649
"c-FrshD","SWE",0.00120620233766305
"c-FrshD","SWZ",0.00116796850433817
"c-FrshD","SYR",0.173401178213033
"c-FrshD","TCD",0.195473180839452
"c-FrshD","TGO",0.10245378089491
"c-FrshD","THA",0.0388843600081118
"c-FrshD","TJK",0.0784319326689377
"c-FrshD","TKM",0.0784319326689377
"c-FrshD","TLS",0.0303407577286123
"c-FrshD","TUN",0.343574422588679
"c-FrshD","TUR",0.015034295065392
"c-FrshD","TZA",0.109604776651731
"c-FrshD","UGA",0.0469529314433074
"c-FrshD","UKP",0.0199683842471737
"c-FrshD","UKR",0.0533565109828952
"c-FrshD","URY",0.0282187760077785
"c-FrshD","USA",0.00198177978732446
"c-FrshD","UZB",0.0784319326689377
"c-FrshD","VEN",0.0700732450348423
"c-FrshD","VNM",0.0348272019134856
"c-FrshD","VUT",0.160550125110701
"c-FrshD","YEM",0.173401178213033
"c-FrshD","ZAF",0.00665852880513396
"c-FrshD","ZMB",0.0884991827102515
"c-FrshD","ZWE",0.11085239930558
"c-Tuna","AFG",0.140180828186616
"c-Tuna","AGO",0.100731368259252
"c-Tuna","ALB",0.0571683159352503
"c-Tuna","ARG",0.0224725280232579
"c-Tuna","ARM",0.0208058697266281
"c-Tuna","AUS",7.57438707089973E-5
"c-Tuna","AUT",0.00331254775483303
"c-Tuna","AZE",0.162291496669309
"c-Tuna","BDI",0.0847329956753774
"c-Tuna","BEN",0.10245378089491
"c-Tuna","BFA",0.10245378089491
"c-Tuna","BGD",0.148063899995484
"c-Tuna","BGR",0.0669258569353745
"c-Tuna","BLR",0.0206328229363444
"c-Tuna","BLT",0.000766984472357231
"c-Tuna","BLX",0.0037462797828073
"c-Tuna","BLZ",0.0273228127387649
"c-Tuna","BOL",0.0869450983867548
"c-Tuna","BRA",0.0487663808505501
"c-Tuna","BTN",0.140180828186616
"c-Tuna","BWA",4.27915597385955E-6
"c-Tuna","CAF",0.195473180839452
"c-Tuna","CAN",0.170502468793728
"c-Tuna","CHL",0.00524308565494426
"c-Tuna","CHM",0.0964213906573988
"c-Tuna","CHP",0.194647484739898
"c-Tuna","CIV",0.10245378089491
"c-Tuna","CMR",0.195473180839452
"c-Tuna","COD",0.100731368259252
"c-Tuna","COG",0.100731368259252
"c-Tuna","COL",0.0876812026661538
"c-Tuna","CRB",0.160654540103506
"c-Tuna","CRI",0.0271715217156344
"c-Tuna","CUB",0.160654540103506
"c-Tuna","CYP",0.00479414676880324
"c-Tuna","CZE",0.00354715157339349
"c-Tuna","DEU",0.0167959592931808
"c-Tuna","DJI",0.0847329956753774
"c-Tuna","DNK",0.00292577303384398
"c-Tuna","DOM",0.160654540103506
"c-Tuna","DZA",0.122247587617233
"c-Tuna","ECU",0.0612657672593203
"c-Tuna","EGY",0.0204751940527716
"c-Tuna","ERI",0.0847329956753774
"c-Tuna","ETH",0.095582148031987
"c-Tuna","FJI",0.160550125110701
"c-Tuna","FNP",0.00161206310039352
"c-Tuna","FRP",0.00455803117756911
"c-Tuna","GAB",0.195473180839452
"c-Tuna","GEO",0.0856930687167766
"c-Tuna","GHA",0.10245378089491
"c-Tuna","GIN",0.10245378089491
"c-Tuna","GMB",0.10245378089491
"c-Tuna","GNB",0.10245378089491
"c-Tuna","GNQ",0.195473180839452
"c-Tuna","GRC",0.00168825462791882
"c-Tuna","GRL",0.039616482293706
"c-Tuna","GSA",0.230086321665562
"c-Tuna","GTM",0.0166437364722808
"c-Tuna","HND",0.0273228127387649
"c-Tuna","HRV",0.0313346265224637
"c-Tuna","HTI",0.160654540103506
"c-Tuna","HUN",0.00491997999291708
"c-Tuna","IDN",0.0338299089529688
"c-Tuna","IND",0.0667384768916968
"c-Tuna","IRL",0.00924423145579262
"c-Tuna","IRN",0.217375531191
"c-Tuna","IRQ",0.173401178213033
"c-Tuna","ISL",0.25531044016986
"c-Tuna","ISR",0.173401178213033
"c-Tuna","ITP",0.00300721576672579
"c-Tuna","JAM",0.160654540103506
"c-Tuna","JOR",0.173401178213033
"c-Tuna","JPN",0.0316653115461104
"c-Tuna","KAZ",0.0134392217957191
"c-Tuna","KEN",0.0847329956753774
"c-Tuna","KGZ",0.00855514746747623
"c-Tuna","KHM",0.141050313139821
"c-Tuna","KOR",0.0568742405284043
"c-Tuna","LAO",0.0952396126254663
"c-Tuna","LBN",0.173401178213033
"c-Tuna","LBR",0.10245378089491
"c-Tuna","LBY",0.122247587617233
"c-Tuna","LKA",0.102609804162295
"c-Tuna","LSO",0.00116796850433817
"c-Tuna","MDA",0.00129490004552973
"c-Tuna","MDG",0.00581982983106279
"c-Tuna","MEX",0.00788230830372881
"c-Tuna","MLI",0.0847329956753774
"c-Tuna","MNG",0.115721520527911
"c-Tuna","MOR",0.295809590881323
"c-Tuna","MOZ",0.0547789651176995
"c-Tuna","MRT",0.10245378089491
"c-Tuna","MWI",0.0106948630596668
"c-Tuna","MYS",0.00932587836487086
"c-Tuna","NAM",0.00116796850433817
"c-Tuna","NER",0.10245378089491
"c-Tuna","NGA",0.27262549267669
"c-Tuna","NIC",0.0407664146818048
"c-Tuna","NLD",0.00225918369048161
"c-Tuna","NOR",0.0912642724804092
"c-Tuna","NPL",0.140180828186616
"c-Tuna","NZL",2.89506841665537E-5
"c-Tuna","OPO",0.160550125110701
"c-Tuna","OSA",0.0303407577286123
"c-Tuna","PAK",0.0629989060704202
"c-Tuna","PAN",0.0731838869036708
"c-Tuna","PER",0.102749719341551
"c-Tuna","PHL",0.127623512772964
"c-Tuna","PNG",0.160550125110701
"c-Tuna","POL",0.00558389606669879
"c-Tuna","PRK",0.115721520527911
"c-Tuna","PRT",0.000853706208143761
"c-Tuna","PRY",0.0166057878122495
"c-Tuna","PSE",0.173401178213033
"c-Tuna","RAP",0.173401178213033
"c-Tuna","ROU",0.117158820178407
"c-Tuna","RUS",0.0608389646700486
"c-Tuna","RWA",0.0847329956753774
"c-Tuna","SAU",0.173401178213033
"c-Tuna","SDN",0.0847329956753774
"c-Tuna","SEN",0.0756594458072941
"c-Tuna","SLB",0.160550125110701
"c-Tuna","SLE",0.10245378089491
"c-Tuna","SLV",0.0273228127387649
"c-Tuna","SOM",0.0847329956753774
"c-Tuna","SPP",0.00829504951660579
"c-Tuna","SSD",0.0847329956753774
"c-Tuna","SVK",0.00112091674884939
"c-Tuna","SVN",0.000492456548327649
"c-Tuna","SWE",0.00120620233766305
"c-Tuna","SWZ",0.00116796850433817
"c-Tuna","SYR",0.173401178213033
"c-Tuna","TCD",0.195473180839452
"c-Tuna","TGO",0.10245378089491
"c-Tuna","THA",0.0388843600081118
"c-Tuna","TJK",0.0784319326689377
"c-Tuna","TKM",0.0784319326689377
"c-Tuna","TLS",0.0303407577286123
"c-Tuna","TUN",0.343574422588679
"c-Tuna","TUR",0.015034295065392
"c-Tuna","TZA",0.109604776651731
"c-Tuna","UGA",0.0469529314433074
"c-Tuna","UKP",0.0199683842471737
"c-Tuna","UKR",0.0533565109828952
"c-Tuna","URY",0.0282187760077785
"c-Tuna","USA",0.00198177978732446
"c-Tuna","UZB",0.0784319326689377
"c-Tuna","VEN",0.0700732450348423
"c-Tuna","VNM",0.0348272019134856
"c-Tuna","VUT",0.160550125110701
"c-Tuna","YEM",0.173401178213033
"c-Tuna","ZAF",0.00665852880513396
"c-Tuna","ZMB",0.0884991827102515
"c-Tuna","ZWE",0.11085239930558
"c-OPelag","AFG",0.140180828186616
"c-OPelag","AGO",0.100731368259252
"c-OPelag","ALB",0.0571683159352503
"c-OPelag","ARG",0.0224725280232579
"c-OPelag","ARM",0.0208058697266281
"c-OPelag","AUS",7.57438707089973E-5
"c-OPelag","AUT",0.00331254775483303
"c-OPelag","AZE",0.162291496669309
"c-OPelag","BDI",0.0847329956753774
"c-OPelag","BEN",0.10245378089491
"c-OPelag","BFA",0.10245378089491
"c-OPelag","BGD",0.148063899995484
"c-OPelag","BGR",0.0669258569353745
"c-OPelag","BLR",0.0206328229363444
"c-OPelag","BLT",0.000766984472357231
"c-OPelag","BLX",0.0037462797828073
"c-OPelag","BLZ",0.0273228127387649
"c-OPelag","BOL",0.0869450983867548
"c-OPelag","BRA",0.0487663808505501
"c-OPelag","BTN",0.140180828186616
"c-OPelag","BWA",4.27915597385955E-6
"c-OPelag","CAF",0.195473180839452
"c-OPelag","CAN",0.170502468793728
"c-OPelag","CHL",0.00524308565494426
"c-OPelag","CHM",0.0964213906573988
"c-OPelag","CHP",0.194647484739898
"c-OPelag","CIV",0.10245378089491
"c-OPelag","CMR",0.195473180839452
"c-OPelag","COD",0.100731368259252
"c-OPelag","COG",0.100731368259252
"c-OPelag","COL",0.0876812026661538
"c-OPelag","CRB",0.160654540103506
"c-OPelag","CRI",0.0271715217156344
"c-OPelag","CUB",0.160654540103506
"c-OPelag","CYP",0.00479414676880324
"c-OPelag","CZE",0.00354715157339349
"c-OPelag","DEU",0.0167959592931808
"c-OPelag","DJI",0.0847329956753774
"c-OPelag","DNK",0.00292577303384398
"c-OPelag","DOM",0.160654540103506
"c-OPelag","DZA",0.122247587617233
"c-OPelag","ECU",0.0612657672593203
"c-OPelag","EGY",0.0204751940527716
"c-OPelag","ERI",0.0847329956753774
"c-OPelag","ETH",0.095582148031987
"c-OPelag","FJI",0.160550125110701
"c-OPelag","FNP",0.00161206310039352
"c-OPelag","FRP",0.00455803117756911
"c-OPelag","GAB",0.195473180839452
"c-OPelag","GEO",0.0856930687167766
"c-OPelag","GHA",0.10245378089491
"c-OPelag","GIN",0.10245378089491
"c-OPelag","GMB",0.10245378089491
"c-OPelag","GNB",0.10245378089491
"c-OPelag","GNQ",0.195473180839452
"c-OPelag","GRC",0.00168825462791882
"c-OPelag","GRL",0.039616482293706
"c-OPelag","GSA",0.230086321665562
"c-OPelag","GTM",0.0166437364722808
"c-OPelag","HND",0.0273228127387649
"c-OPelag","HRV",0.0313346265224637
"c-OPelag","HTI",0.160654540103506
"c-OPelag","HUN",0.00491997999291708
"c-OPelag","IDN",0.0338299089529688
"c-OPelag","IND",0.0667384768916968
"c-OPelag","IRL",0.00924423145579262
"c-OPelag","IRN",0.217375531191
"c-OPelag","IRQ",0.173401178213033
"c-OPelag","ISL",0.25531044016986
"c-OPelag","ISR",0.173401178213033
"c-OPelag","ITP",0.00300721576672579
"c-OPelag","JAM",0.160654540103506
"c-OPelag","JOR",0.173401178213033
"c-OPelag","JPN",0.0316653115461104
"c-OPelag","KAZ",0.0134392217957191
"c-OPelag","KEN",0.0847329956753774
"c-OPelag","KGZ",0.00855514746747623
"c-OPelag","KHM",0.141050313139821
"c-OPelag","KOR",0.0568742405284043
"c-OPelag","LAO",0.0952396126254663
"c-OPelag","LBN",0.173401178213033
"c-OPelag","LBR",0.10245378089491
"c-OPelag","LBY",0.122247587617233
"c-OPelag","LKA",0.102609804162295
"c-OPelag","LSO",0.00116796850433817
"c-OPelag","MDA",0.00129490004552973
"c-OPelag","MDG",0.00581982983106279
"c-OPelag","MEX",0.00788230830372881
"c-OPelag","MLI",0.0847329956753774
"c-OPelag","MNG",0.115721520527911
"c-OPelag","MOR",0.295809590881323
"c-OPelag","MOZ",0.0547789651176995
"c-OPelag","MRT",0.10245378089491
"c-OPelag","MWI",0.0106948630596668
"c-OPelag","MYS",0.00932587836487086
"c-OPelag","NAM",0.00116796850433817
"c-OPelag","NER",0.10245378089491
"c-OPelag","NGA",0.27262549267669
"c-OPelag","NIC",0.0407664146818048
"c-OPelag","NLD",0.00225918369048161
"c-OPelag","NOR",0.0912642724804092
"c-OPelag","NPL",0.140180828186616
"c-OPelag","NZL",2.89506841665537E-5
"c-OPelag","OPO",0.160550125110701
"c-OPelag","OSA",0.0303407577286123
"c-OPelag","PAK",0.0629989060704202
"c-OPelag","PAN",0.0731838869036708
"c-OPelag","PER",0.102749719341551
"c-OPelag","PHL",0.127623512772964
"c-OPelag","PNG",0.160550125110701
"c-OPelag","POL",0.00558389606669879
"c-OPelag","PRK",0.115721520527911
"c-OPelag","PRT",0.000853706208143761
"c-OPelag","PRY",0.0166057878122495
"c-OPelag","PSE",0.173401178213033
"c-OPelag","RAP",0.173401178213033
"c-OPelag","ROU",0.117158820178407
"c-OPelag","RUS",0.0608389646700486
"c-OPelag","RWA",0.0847329956753774
"c-OPelag","SAU",0.173401178213033
"c-OPelag","SDN",0.0847329956753774
"c-OPelag","SEN",0.0756594458072941
"c-OPelag","SLB",0.160550125110701
"c-OPelag","SLE",0.10245378089491
"c-OPelag","SLV",0.0273228127387649
"c-OPelag","SOM",0.0847329956753774
"c-OPelag","SPP",0.00829504951660579
"c-OPelag","SSD",0.0847329956753774
"c-OPelag","SVK",0.00112091674884939
"c-OPelag","SVN",0.000492456548327649
"c-OPelag","SWE",0.00120620233766305
"c-OPelag","SWZ",0.00116796850433817
"c-OPelag","SYR",0.173401178213033
"c-OPelag","TCD",0.195473180839452
"c-OPelag","TGO",0.10245378089491
"c-OPelag","THA",0.0388843600081118
"c-OPelag","TJK",0.0784319326689377
"c-OPelag","TKM",0.0784319326689377
"c-OPelag","TLS",0.0303407577286123
"c-OPelag","TUN",0.343574422588679
"c-OPelag","TUR",0.015034295065392
"c-OPelag","TZA",0.109604776651731
"c-OPelag","UGA",0.0469529314433074
"c-OPelag","UKP",0.0199683842471737
"c-OPelag","UKR",0.0533565109828952
"c-OPelag","URY",0.0282187760077785
"c-OPelag","USA",0.00198177978732446
"c-OPelag","UZB",0.0784319326689377
"c-OPelag","VEN",0.0700732450348423
"c-OPelag","VNM",0.0348272019134856
"c-OPelag","VUT",0.160550125110701
"c-OPelag","YEM",0.173401178213033
"c-OPelag","ZAF",0.00665852880513396
"c-OPelag","ZMB",0.0884991827102515
"c-OPelag","ZWE",0.11085239930558
"c-ODmrsl","AFG",0.140180828186616
"c-ODmrsl","AGO",0.100731368259252
"c-ODmrsl","ALB",0.0571683159352503
"c-ODmrsl","ARG",0.0224725280232579
"c-ODmrsl","ARM",0.0208058697266281
"c-ODmrsl","AUS",7.57438707089973E-5
"c-ODmrsl","AUT",0.00331254775483303
"c-ODmrsl","AZE",0.162291496669309
"c-ODmrsl","BDI",0.0847329956753774
"c-ODmrsl","BEN",0.10245378089491
"c-ODmrsl","BFA",0.10245378089491
"c-ODmrsl","BGD",0.148063899995484
"c-ODmrsl","BGR",0.0669258569353745
"c-ODmrsl","BLR",0.0206328229363444
"c-ODmrsl","BLT",0.000766984472357231
"c-ODmrsl","BLX",0.0037462797828073
"c-ODmrsl","BLZ",0.0273228127387649
"c-ODmrsl","BOL",0.0869450983867548
"c-ODmrsl","BRA",0.0487663808505501
"c-ODmrsl","BTN",0.140180828186616
"c-ODmrsl","BWA",4.27915597385955E-6
"c-ODmrsl","CAF",0.195473180839452
"c-ODmrsl","CAN",0.170502468793728
"c-ODmrsl","CHL",0.00524308565494426
"c-ODmrsl","CHM",0.0964213906573988
"c-ODmrsl","CHP",0.194647484739898
"c-ODmrsl","CIV",0.10245378089491
"c-ODmrsl","CMR",0.195473180839452
"c-ODmrsl","COD",0.100731368259252
"c-ODmrsl","COG",0.100731368259252
"c-ODmrsl","COL",0.0876812026661538
"c-ODmrsl","CRB",0.160654540103506
"c-ODmrsl","CRI",0.0271715217156344
"c-ODmrsl","CUB",0.160654540103506
"c-ODmrsl","CYP",0.00479414676880324
"c-ODmrsl","CZE",0.00354715157339349
"c-ODmrsl","DEU",0.0167959592931808
"c-ODmrsl","DJI",0.0847329956753774
"c-ODmrsl","DNK",0.00292577303384398
"c-ODmrsl","DOM",0.160654540103506
"c-ODmrsl","DZA",0.122247587617233
"c-ODmrsl","ECU",0.0612657672593203
"c-ODmrsl","EGY",0.0204751940527716
"c-ODmrsl","ERI",0.0847329956753774
"c-ODmrsl","ETH",0.095582148031987
"c-ODmrsl","FJI",0.160550125110701
"c-ODmrsl","FNP",0.00161206310039352
"c-ODmrsl","FRP",0.00455803117756911
"c-ODmrsl","GAB",0.195473180839452
"c-ODmrsl","GEO",0.0856930687167766
"c-ODmrsl","GHA",0.10245378089491
"c-ODmrsl","GIN",0.10245378089491
"c-ODmrsl","GMB",0.10245378089491
"c-ODmrsl","GNB",0.10245378089491
"c-ODmrsl","GNQ",0.195473180839452
"c-ODmrsl","GRC",0.00168825462791882
"c-ODmrsl","GRL",0.039616482293706
"c-ODmrsl","GSA",0.230086321665562
"c-ODmrsl","GTM",0.0166437364722808
"c-ODmrsl","HND",0.0273228127387649
"c-ODmrsl","HRV",0.0313346265224637
"c-ODmrsl","HTI",0.160654540103506
"c-ODmrsl","HUN",0.00491997999291708
"c-ODmrsl","IDN",0.0338299089529688
"c-ODmrsl","IND",0.0667384768916968
"c-ODmrsl","IRL",0.00924423145579262
"c-ODmrsl","IRN",0.217375531191
"c-ODmrsl","IRQ",0.173401178213033
"c-ODmrsl","ISL",0.25531044016986
"c-ODmrsl","ISR",0.173401178213033
"c-ODmrsl","ITP",0.00300721576672579
"c-ODmrsl","JAM",0.160654540103506
"c-ODmrsl","JOR",0.173401178213033
"c-ODmrsl","JPN",0.0316653115461104
"c-ODmrsl","KAZ",0.0134392217957191
"c-ODmrsl","KEN",0.0847329956753774
"c-ODmrsl","KGZ",0.00855514746747623
"c-ODmrsl","KHM",0.141050313139821
"c-ODmrsl","KOR",0.0568742405284043
"c-ODmrsl","LAO",0.0952396126254663
"c-ODmrsl","LBN",0.173401178213033
"c-ODmrsl","LBR",0.10245378089491
"c-ODmrsl","LBY",0.122247587617233
"c-ODmrsl","LKA",0.102609804162295
"c-ODmrsl","LSO",0.00116796850433817
"c-ODmrsl","MDA",0.00129490004552973
"c-ODmrsl","MDG",0.00581982983106279
"c-ODmrsl","MEX",0.00788230830372881
"c-ODmrsl","MLI",0.0847329956753774
"c-ODmrsl","MNG",0.115721520527911
"c-ODmrsl","MOR",0.295809590881323
"c-ODmrsl","MOZ",0.0547789651176995
"c-ODmrsl","MRT",0.10245378089491
"c-ODmrsl","MWI",0.0106948630596668
"c-ODmrsl","MYS",0.00932587836487086
"c-ODmrsl","NAM",0.00116796850433817
"c-ODmrsl","NER",0.10245378089491
"c-ODmrsl","NGA",0.27262549267669
"c-ODmrsl","NIC",0.0407664146818048
"c-ODmrsl","NLD",0.00225918369048161
"c-ODmrsl","NOR",0.0912642724804092
"c-ODmrsl","NPL",0.140180828186616
"c-ODmrsl","NZL",2.89506841665537E-5
"c-ODmrsl","OPO",0.160550125110701
"c-ODmrsl","OSA",0.0303407577286123
"c-ODmrsl","PAK",0.0629989060704202
"c-ODmrsl","PAN",0.0731838869036708
"c-ODmrsl","PER",0.102749719341551
"c-ODmrsl","PHL",0.127623512772964
"c-ODmrsl","PNG",0.160550125110701
"c-ODmrsl","POL",0.00558389606669879
"c-ODmrsl","PRK",0.115721520527911
"c-ODmrsl","PRT",0.000853706208143761
"c-ODmrsl","PRY",0.0166057878122495
"c-ODmrsl","PSE",0.173401178213033
"c-ODmrsl","RAP",0.173401178213033
"c-ODmrsl","ROU",0.117158820178407
"c-ODmrsl","RUS",0.0608389646700486
"c-ODmrsl","RWA",0.0847329956753774
"c-ODmrsl","SAU",0.173401178213033
"c-ODmrsl","SDN",0.0847329956753774
"c-ODmrsl","SEN",0.0756594458072941
"c-ODmrsl","SLB",0.160550125110701
"c-ODmrsl","SLE",0.10245378089491
"c-ODmrsl","SLV",0.0273228127387649
"c-ODmrsl","SOM",0.0847329956753774
"c-ODmrsl","SPP",0.00829504951660579
"c-ODmrsl","SSD",0.0847329956753774
"c-ODmrsl","SVK",0.00112091674884939
"c-ODmrsl","SVN",0.000492456548327649
"c-ODmrsl","SWE",0.00120620233766305
"c-ODmrsl","SWZ",0.00116796850433817
"c-ODmrsl","SYR",0.173401178213033
"c-ODmrsl","TCD",0.195473180839452
"c-ODmrsl","TGO",0.10245378089491
"c-ODmrsl","THA",0.0388843600081118
"c-ODmrsl","TJK",0.0784319326689377
"c-ODmrsl","TKM",0.0784319326689377
"c-ODmrsl","TLS",0.0303407577286123
"c-ODmrsl","TUN",0.343574422588679
"c-ODmrsl","TUR",0.015034295065392
"c-ODmrsl","TZA",0.109604776651731
"c-ODmrsl","UGA",0.0469529314433074
"c-ODmrsl","UKP",0.0199683842471737
"c-ODmrsl","UKR",0.0533565109828952
"c-ODmrsl","URY",0.0282187760077785
"c-ODmrsl","USA",0.00198177978732446
"c-ODmrsl","UZB",0.0784319326689377
"c-ODmrsl","VEN",0.0700732450348423
"c-ODmrsl","VNM",0.0348272019134856
"c-ODmrsl","VUT",0.160550125110701
"c-ODmrsl","YEM",0.173401178213033
"c-ODmrsl","ZAF",0.00665852880513396
"c-ODmrsl","ZMB",0.0884991827102515
"c-ODmrsl","ZWE",0.11085239930558
"c-OMarn","AFG",0.140180828186616
"c-OMarn","AGO",0.100731368259252
"c-OMarn","ALB",0.0571683159352503
"c-OMarn","ARG",0.0224725280232579
"c-OMarn","ARM",0.0208058697266281
"c-OMarn","AUS",7.57438707089973E-5
"c-OMarn","AUT",0.00331254775483303
"c-OMarn","AZE",0.162291496669309
"c-OMarn","BDI",0.0847329956753774
"c-OMarn","BEN",0.10245378089491
"c-OMarn","BFA",0.10245378089491
"c-OMarn","BGD",0.148063899995484
"c-OMarn","BGR",0.0669258569353745
"c-OMarn","BLR",0.0206328229363444
"c-OMarn","BLT",0.000766984472357231
"c-OMarn","BLX",0.0037462797828073
"c-OMarn","BLZ",0.0273228127387649
"c-OMarn","BOL",0.0869450983867548
"c-OMarn","BRA",0.0487663808505501
"c-OMarn","BTN",0.140180828186616
"c-OMarn","BWA",4.27915597385955E-6
"c-OMarn","CAF",0.195473180839452
"c-OMarn","CAN",0.170502468793728
"c-OMarn","CHL",0.00524308565494426
"c-OMarn","CHM",0.0964213906573988
"c-OMarn","CHP",0.194647484739898
"c-OMarn","CIV",0.10245378089491
"c-OMarn","CMR",0.195473180839452
"c-OMarn","COD",0.100731368259252
"c-OMarn","COG",0.100731368259252
"c-OMarn","COL",0.0876812026661538
"c-OMarn","CRB",0.160654540103506
"c-OMarn","CRI",0.0271715217156344
"c-OMarn","CUB",0.160654540103506
"c-OMarn","CYP",0.00479414676880324
"c-OMarn","CZE",0.00354715157339349
"c-OMarn","DEU",0.0167959592931808
"c-OMarn","DJI",0.0847329956753774
"c-OMarn","DNK",0.00292577303384398
"c-OMarn","DOM",0.160654540103506
"c-OMarn","DZA",0.122247587617233
"c-OMarn","ECU",0.0612657672593203
"c-OMarn","EGY",0.0204751940527716
"c-OMarn","ERI",0.0847329956753774
"c-OMarn","ETH",0.095582148031987
"c-OMarn","FJI",0.160550125110701
"c-OMarn","FNP",0.00161206310039352
"c-OMarn","FRP",0.00455803117756911
"c-OMarn","GAB",0.195473180839452
"c-OMarn","GEO",0.0856930687167766
"c-OMarn","GHA",0.10245378089491
"c-OMarn","GIN",0.10245378089491
"c-OMarn","GMB",0.10245378089491
"c-OMarn","GNB",0.10245378089491
"c-OMarn","GNQ",0.195473180839452
"c-OMarn","GRC",0.00168825462791882
"c-OMarn","GRL",0.039616482293706
"c-OMarn","GSA",0.230086321665562
"c-OMarn","GTM",0.0166437364722808
"c-OMarn","HND",0.0273228127387649
"c-OMarn","HRV",0.0313346265224637
"c-OMarn","HTI",0.160654540103506
"c-OMarn","HUN",0.00491997999291708
"c-OMarn","IDN",0.0338299089529688
"c-OMarn","IND",0.0667384768916968
"c-OMarn","IRL",0.00924423145579262
"c-OMarn","IRN",0.217375531191
"c-OMarn","IRQ",0.173401178213033
"c-OMarn","ISL",0.25531044016986
"c-OMarn","ISR",0.173401178213033
"c-OMarn","ITP",0.00300721576672579
"c-OMarn","JAM",0.160654540103506
"c-OMarn","JOR",0.173401178213033
"c-OMarn","JPN",0.0316653115461104
"c-OMarn","KAZ",0.0134392217957191
"c-OMarn","KEN",0.0847329956753774
"c-OMarn","KGZ",0.00855514746747623
"c-OMarn","KHM",0.141050313139821
"c-OMarn","KOR",0.0568742405284043
"c-OMarn","LAO",0.0952396126254663
"c-OMarn","LBN",0.173401178213033
"c-OMarn","LBR",0.10245378089491
"c-OMarn","LBY",0.122247587617233
"c-OMarn","LKA",0.102609804162295
"c-OMarn","LSO",0.00116796850433817
"c-OMarn","MDA",0.00129490004552973
"c-OMarn","MDG",0.00581982983106279
"c-OMarn","MEX",0.00788230830372881
"c-OMarn","MLI",0.0847329956753774
"c-OMarn","MNG",0.115721520527911
"c-OMarn","MOR",0.295809590881323
"c-OMarn","MOZ",0.0547789651176995
"c-OMarn","MRT",0.10245378089491
"c-OMarn","MWI",0.0106948630596668
"c-OMarn","MYS",0.00932587836487086
"c-OMarn","NAM",0.00116796850433817
"c-OMarn","NER",0.10245378089491
"c-OMarn","NGA",0.27262549267669
"c-OMarn","NIC",0.0407664146818048
"c-OMarn","NLD",0.00225918369048161
"c-OMarn","NOR",0.0912642724804092
"c-OMarn","NPL",0.140180828186616
"c-OMarn","NZL",2.89506841665537E-5
"c-OMarn","OPO",0.160550125110701
"c-OMarn","OSA",0.0303407577286123
"c-OMarn","PAK",0.0629989060704202
"c-OMarn","PAN",0.0731838869036708
"c-OMarn","PER",0.102749719341551
"c-OMarn","PHL",0.127623512772964
"c-OMarn","PNG",0.160550125110701
"c-OMarn","POL",0.00558389606669879
"c-OMarn","PRK",0.115721520527911
"c-OMarn","PRT",0.000853706208143761
"c-OMarn","PRY",0.0166057878122495
"c-OMarn","PSE",0.173401178213033
"c-OMarn","RAP",0.173401178213033
"c-OMarn","ROU",0.117158820178407
"c-OMarn","RUS",0.0608389646700486
"c-OMarn","RWA",0.0847329956753774
"c-OMarn","SAU",0.173401178213033
"c-OMarn","SDN",0.0847329956753774
"c-OMarn","SEN",0.0756594458072941
"c-OMarn","SLB",0.160550125110701
"c-OMarn","SLE",0.10245378089491
"c-OMarn","SLV",0.0273228127387649
"c-OMarn","SOM",0.0847329956753774
"c-OMarn","SPP",0.00829504951660579
"c-OMarn","SSD",0.0847329956753774
"c-OMarn","SVK",0.00112091674884939
"c-OMarn","SVN",0.000492456548327649
"c-OMarn","SWE",0.00120620233766305
"c-OMarn","SWZ",0.00116796850433817
"c-OMarn","SYR",0.173401178213033
"c-OMarn","TCD",0.195473180839452
"c-OMarn","TGO",0.10245378089491
"c-OMarn","THA",0.0388843600081118
"c-OMarn","TJK",0.0784319326689377
"c-OMarn","TKM",0.0784319326689377
"c-OMarn","TLS",0.0303407577286123
"c-OMarn","TUN",0.343574422588679
"c-OMarn","TUR",0.015034295065392
"c-OMarn","TZA",0.109604776651731
"c-OMarn","UGA",0.0469529314433074
"c-OMarn","UKP",0.0199683842471737
"c-OMarn","UKR",0.0533565109828952
"c-OMarn","URY",0.0282187760077785
"c-OMarn","USA",0.00198177978732446
"c-OMarn","UZB",0.0784319326689377
"c-OMarn","VEN",0.0700732450348423
"c-OMarn","VNM",0.0348272019134856
"c-OMarn","VUT",0.160550125110701
"c-OMarn","YEM",0.173401178213033
"c-OMarn","ZAF",0.00665852880513396
"c-OMarn","ZMB",0.0884991827102515
"c-OMarn","ZWE",0.11085239930558
