"CTY","AC","RIQ","Val"
"AFG","Salmon","QS",0.04
"AFG","OFrshD","QS",11.5533333333333
"AFG","c-FrshD","QD",10.9114348401529
"AFG","c-FrshD","QE",0.00222595457793519
"AFG","c-FrshD","QN",0.00216439133842567
"AFG","c-OPelag","QD",0.0621646441109765
"AFG","c-OPelag","QM",0.0621646441109765
"AFG","c-OPelag","QN",-0.0599727205918435
"AFG","c-ODmrsl","QD",4.36370300431851
"AFG","c-ODmrsl","QM",4.36370300431851
"AFG","c-ODmrsl","QN",-4.17395110647675
"AGO","Shrimp","QS",1.52733333333333
"AGO","Crust","QS",1.454
"AGO","Mllscs","QS",1.53133333333333
"AGO","ODmrsl","QS",96.2783333333334
"AGO","Tuna","QS",2.262
"AGO","Eelstg","QS",0.004
"AGO","Tilapia","QS",2.23566666666667
"AGO","Pangas","QS",0.0283333333333333
"AGO","Mullet","QS",0.0133333333333333
"AGO","OFrshD","QS",16.317
"AGO","OPelag","QS",288.239333333333
"AGO","OMarn","QS",27.0676666666667
"AGO","c-Crust","QD",2.23976825136422
"AGO","c-Crust","QM",0.468965278884198
"AGO","c-Crust","QE",1.08570596400429
"AGO","c-Crust","QN",0.698399137329568
"AGO","c-Mllsc","QD",0.60840826250863
"AGO","c-Mllsc","QM",0.420798219715075
"AGO","c-Mllsc","QE",2.77986370186244
"AGO","c-Mllsc","QN",2.17631783753459
"AGO","c-FrshD","QD",46.435753620275
"AGO","c-FrshD","QM",18.7790941211347
"AGO","c-FrshD","QE",0.00019580105353302
"AGO","c-FrshD","QN",-19.2982664268988
"AGO","c-OPelag","QD",321.504873032094
"AGO","c-OPelag","QM",58.8270885601301
"AGO","c-OPelag","QE",25.8622624997096
"AGO","c-OPelag","QN",-31.8024872651244
"AGO","c-ODmrsl","QD",92.9580077948664
"AGO","c-ODmrsl","QM",9.02175109826004
"AGO","c-ODmrsl","QE",0.147242392256831
"AGO","c-ODmrsl","QN",-8.48860827517397
"AGO","c-OMarn","QD",34.8250883586925
"AGO","c-OMarn","QM",0.173914846882551
"AGO","c-OMarn","QE",0.00017404538091824
"AGO","c-OMarn","QN",-0.204057042742861
"ALB","Shrimp","QS",1.258
"ALB","Crust","QS",0.325666666666667
"ALB","Mllscs","QS",1.06766666666667
"ALB","Salmon","QS",1.82266666666667
"ALB","ODmrsl","QS",7.174
"ALB","Tuna","QS",0.16222
"ALB","Eelstg","QS",0.044
"ALB","Carp","QS",1.314
"ALB","Mullet","QS",0.332666666666667
"ALB","OFrshD","QS",1.01133333333333
"ALB","OCarp","QS",0.311333333333333
"ALB","OPelag","QS",1.82866666666667
"ALB","OMarn","QS",0.0146666666666667
"ALB","c-Crust","QD",4.83374135284477
"ALB","c-Crust","QM",16.274332073511
"ALB","c-Crust","QE",13.1272663267066
"ALB","c-Crust","QN",-2.73038411044455
"ALB","c-Mllsc","QD",4.26827752639574
"ALB","c-Mllsc","QM",4.42406461495891
"ALB","c-Mllsc","QE",1.81026151450144
"ALB","c-Mllsc","QN",-2.81628427942643
"ALB","c-FrshD","QD",4.88470804824783
"ALB","c-FrshD","QM",0.286734853026871
"ALB","c-FrshD","QE",0.145593749482567
"ALB","c-FrshD","QN",-0.145044643916721
"ALB","c-OPelag","QD",8.51310371059294
"ALB","c-OPelag","QM",19.8971980159627
"ALB","c-OPelag","QE",13.7558888815767
"ALB","c-OPelag","QN",-5.92476675531442
"ALB","c-ODmrsl","QD",3.34163860160782
"ALB","c-ODmrsl","QM",0.678023606688874
"ALB","c-ODmrsl","QE",3.22031787960915
"ALB","c-ODmrsl","QN",2.65284376785187
"ALB","c-OMarn","QD",1.0184789112103
"ALB","c-OMarn","QM",1.1519028353853
"ALB","c-OMarn","QE",0.182203160102154
"ALB","c-OMarn","QN",-1.13890373692751
"ARG","Shrimp","QS",207.8071
"ARG","Crust","QS",2.27358
"ARG","Mllscs","QS",167.279133333333
"ARG","Salmon","QS",1.44408
"ARG","ODmrsl","QS",421.77928
"ARG","Cobswf","QS",3.33333333333333E-6
"ARG","Tilapia","QS",0.0371
"ARG","Pangas","QS",0.415333333333333
"ARG","Carp","QS",2.67583333333333
"ARG","Mullet","QS",0.0909133333333333
"ARG","OFrshD","QS",18.8629666666667
"ARG","OCarp","QS",0.031
"ARG","OPelag","QS",18.56667
"ARG","OMarn","QS",0.275
"ARG","c-Crust","QD",53.644423376391
"ARG","c-Crust","QM",1.8383426238211
"ARG","c-Crust","QE",169.672026317031
"ARG","c-Crust","QN",190.055403728323
"ARG","c-Mllsc","QD",42.4766546717424
"ARG","c-Mllsc","QM",7.50330001131291
"ARG","c-Mllsc","QE",85.7273189467209
"ARG","c-Mllsc","QN",72.1643078672869
"ARG","c-FrshD","QD",10.116078751488
"ARG","c-FrshD","QM",8.48517382909708
"ARG","c-FrshD","QE",26.8472134809659
"ARG","c-FrshD","QN",17.8542006078125
"ARG","c-OPelag","QD",47.777308926072
"ARG","c-OPelag","QM",35.791813023599
"ARG","c-OPelag","QE",4.4037784079054
"ARG","c-OPelag","QN",-30.2812934402647
"ARG","c-ODmrsl","QD",156.735974845719
"ARG","c-ODmrsl","QM",1.446184122028
"ARG","c-ODmrsl","QE",298.618742065156
"ARG","c-ODmrsl","QN",310.094852792341
"ARG","c-OMarn","QD",0.567668649823504
"ARM","Crust","QS",0.67283
"ARM","Salmon","QS",11.8561866666667
"ARM","Eelstg","QS",4.16666666666667
"ARM","Carp","QS",1.55486666666667
"ARM","OFrshD","QS",0.556113333333333
"ARM","OCarp","QS",0.216666666666667
"ARM","c-Crust","QD",0.742461723579639
"ARM","c-Crust","QM",0.0942107771428572
"ARM","c-Crust","QE",0.0209079620361248
"ARM","c-Crust","QN",-0.0635972863997236
"ARM","c-Mllsc","QD",0.129716828210181
"ARM","c-Mllsc","QM",0.129716828210181
"ARM","c-Mllsc","QN",-0.139765487309068
"ARM","c-FrshD","QD",13.1928928077997
"ARM","c-FrshD","QM",0.194200398374384
"ARM","c-FrshD","QE",5.35283394985222
"ARM","c-FrshD","QN",5.01596119148472
"ARM","c-OPelag","QD",1.81736837339901
"ARM","c-OPelag","QM",1.89201437929392
"ARM","c-OPelag","QE",0.0746355935632184
"ARM","c-OPelag","QN",-1.75329806331066
"ARM","c-ODmrsl","QD",0.142576057848933
"ARM","c-ODmrsl","QM",0.664921089474548
"ARM","c-ODmrsl","QE",0.522345031625616
"ARM","c-ODmrsl","QN",-0.136376259756153
"ARM","c-OMarn","QD",0.582143052528736
"ARM","c-OMarn","QM",0.616514159441708
"ARM","c-OMarn","QE",0.0342669835960591
"ARM","c-OMarn","QN",-0.68384418525506
"AUS","Shrimp","QS",23.6154133333333
"AUS","Crust","QS",14.09506
"AUS","Mllscs","QS",28.66279
"AUS","Salmon","QS",69.5708933333333
"AUS","ODmrsl","QS",38.6782766666667
"AUS","Tuna","QS",17.1135533333333
"AUS","Cobswf","QS",0.852516666666667
"AUS","Pangas","QS",0.00703666666666667
"AUS","Mullet","QS",4.52983666666667
"AUS","OFrshD","QS",6.47462
"AUS","OPelag","QS",57.50447
"AUS","OMarn","QS",14.7138
"AUS","c-Crust","QD",99.0064281390869
"AUS","c-Crust","QM",74.4019461489302
"AUS","c-Crust","QE",17.586692472688
"AUS","c-Crust","QN",-49.2927311817396
"AUS","c-Mllsc","QD",98.1989614546626
"AUS","c-Mllsc","QM",84.1969066338065
"AUS","c-Mllsc","QE",13.1562006417778
"AUS","c-Mllsc","QN",-76.5439536932559
"AUS","c-FrshD","QD",116.2624499547
"AUS","c-FrshD","QM",60.7042138117347
"AUS","c-FrshD","QE",12.8875314083603
"AUS","c-FrshD","QN",-49.1391486839218
"AUS","c-OPelag","QD",159.720714345252
"AUS","c-OPelag","QM",113.606385480844
"AUS","c-OPelag","QE",16.2161119343934
"AUS","c-OPelag","QN",-93.9562953716508
"AUS","c-ODmrsl","QD",152.248045984882
"AUS","c-ODmrsl","QM",113.69710187446
"AUS","c-ODmrsl","QE",4.47142984604236
"AUS","c-ODmrsl","QN",-104.476086976474
"AUS","c-OMarn","QD",52.9277525249214
"AUS","c-OMarn","QM",39.9807377915116
"AUS","c-OMarn","QE",4.73541952281986
"AUS","c-OMarn","QN",-41.3953162082802
"AUT","Shrimp","QS",0.02164
"AUT","Crust","QS",0.000156666666666667
"AUT","Salmon","QS",3.31016666666667
"AUT","Eelstg","QS",0.0134766666666667
"AUT","Pangas","QS",0.505486666666667
"AUT","Carp","QS",0.61863
"AUT","OFrshD","QS",0.402103333333333
"AUT","OCarp","QS",0.0507866666666667
"AUT","c-Crust","QD",19.6560405284812
"AUT","c-Crust","QM",21.1024318652398
"AUT","c-Crust","QE",1.44639133675858
"AUT","c-Crust","QN",-17.0535174829812
"AUT","c-Mllsc","QD",7.50439501889966
"AUT","c-Mllsc","QM",8.24986720041752
"AUT","c-Mllsc","QE",0.745461492212122
"AUT","c-Mllsc","QN",-8.08574288505428
"AUT","c-FrshD","QD",41.0430965373585
"AUT","c-FrshD","QM",50.5313304957488
"AUT","c-FrshD","QE",14.3676347908876
"AUT","c-FrshD","QN",-37.1638752603187
"AUT","c-OPelag","QD",35.1613274387661
"AUT","c-OPelag","QM",38.6807385927097
"AUT","c-OPelag","QE",3.51940046463787
"AUT","c-OPelag","QN",-33.9215503820096
"AUT","c-ODmrsl","QD",26.5520002653047
"AUT","c-ODmrsl","QM",28.4907624025375
"AUT","c-ODmrsl","QE",1.93876213723285
"AUT","c-ODmrsl","QN",-25.3974092134273
"AUT","c-OMarn","QD",7.49843038630306
"AUT","c-OMarn","QM",8.49633052260359
"AUT","c-OMarn","QE",0.995142295422532
"AUT","c-OMarn","QN",-8.81007957524439
"AZE","Crust","QS",0.000333333333333333
"AZE","Salmon","QS",0.104333333333333
"AZE","Pangas","QS",0.005
"AZE","Carp","QS",0.3798
"AZE","Mullet","QS",0.0766666666666667
"AZE","OFrshD","QS",1.419
"AZE","OCarp","QS",0.115333333333333
"AZE","c-Crust","QD",0.526727303129634
"AZE","c-Crust","QM",0.526727303129634
"AZE","c-Crust","QN",-0.456986912479611
"AZE","c-Mllsc","QD",0.152887514633575
"AZE","c-Mllsc","QM",0.152887514633575
"AZE","c-Mllsc","QN",-0.164731116857179
"AZE","c-FrshD","QD",9.52254997658628
"AZE","c-FrshD","QM",7.57086431631936
"AZE","c-FrshD","QE",0.0214915460860064
"AZE","c-FrshD","QN",-7.75816581956487
"AZE","c-OPelag","QD",11.7532445929915
"AZE","c-OPelag","QM",12.1838746854757
"AZE","c-OPelag","QE",0.430630092484196
"AZE","c-OPelag","QN",-11.3388255350538
"AZE","c-ODmrsl","QD",3.17501938109732
"AZE","c-ODmrsl","QM",3.09023351049715
"AZE","c-ODmrsl","QE",0.00127867322250839
"AZE","c-ODmrsl","QN",-2.95463427463775
"AZE","c-OMarn","QD",0.354893293920237
"AZE","c-OMarn","QM",0.618496696714275
"AZE","c-OMarn","QE",0.262312434636697
"AZE","c-OMarn","QN",-0.418335282000039
"BDI","Tilapia","QS",1.751
"BDI","Pangas","QS",0.0866666666666667
"BDI","Carp","QS",0.015
"BDI","OFrshD","QS",19.4826666666667
"BDI","c-Crust","QD",0.000204333470150955
"BDI","c-Crust","QM",0.000204333470150955
"BDI","c-Crust","QN",-0.000177279060883518
"BDI","c-Mllsc","QD",0.00311365287849075
"BDI","c-Mllsc","QM",0.00311365287849075
"BDI","c-Mllsc","QN",-0.00335485547926299
"BDI","c-FrshD","QD",21.4346977808182
"BDI","c-FrshD","QM",0.0996466222769493
"BDI","c-FrshD","QE",0.000282174792113224
"BDI","c-FrshD","QN",-0.102112570622602
"BDI","c-OPelag","QD",0.267024924826318
"BDI","c-OPelag","QM",0.267024924826318
"BDI","c-OPelag","QN",-0.257609633847145
"BDI","c-ODmrsl","QD",0.0050986065885286
"BDI","c-ODmrsl","QM",0.0050986065885286
"BDI","c-ODmrsl","QN",-0.00487689803605279
"BDI","c-OMarn","QD",8.35448529240966
"BDI","c-OMarn","QM",8.3560615791794
"BDI","c-OMarn","QE",0.00157628676973594
"BDI","c-OMarn","QN",-9.81226947080599
"BEN","Shrimp","QS",0.675
"BEN","Crust","QS",2.67533333333333
"BEN","ODmrsl","QS",11.5119666666667
"BEN","Tuna","QS",0.3979
"BEN","Cobswf","QS",0.1253
"BEN","Tilapia","QS",16.2569466666667
"BEN","Pangas","QS",8.22110333333333
"BEN","Mullet","QS",1.13333333333333
"BEN","OFrshD","QS",5.26957
"BEN","OPelag","QS",31.9433
"BEN","OMarn","QS",0.205
"BEN","c-Crust","QD",3.21662366501527
"BEN","c-Crust","QM",0.0161418473842559
"BEN","c-Crust","QE",0.00121508398302538
"BEN","c-Crust","QN",-0.0129504118725419
"BEN","c-Mllsc","QD",0.0330542358309182
"BEN","c-Mllsc","QM",0.0330542358309182
"BEN","c-Mllsc","QN",-0.0356148191586336
"BEN","c-FrshD","QD",33.064470196824
"BEN","c-FrshD","QM",2.4345343654044
"BEN","c-FrshD","QN",-2.50186629738416
"BEN","c-OPelag","QD",129.475842281478
"BEN","c-OPelag","QM",97.8298196357651
"BEN","c-OPelag","QN",-94.3803430788116
"BEN","c-ODmrsl","QD",20.9717667018555
"BEN","c-ODmrsl","QM",8.43970662034195
"BEN","c-ODmrsl","QN",-8.07271318681709
"BEN","c-OMarn","QD",14.6009035616852
"BEN","c-OMarn","QM",14.391859722947
"BEN","c-OMarn","QE",0.0477241522113466
"BEN","c-OMarn","QN",-16.8470610240593
"BFA","Shrimp","QS",0.0866666666666667
"BFA","Tilapia","QS",20.297
"BFA","Pangas","QS",4.632
"BFA","OFrshD","QS",4.53333333333333
"BFA","c-Crust","QD",0.543675337001375
"BFA","c-Crust","QM",0.543675337001375
"BFA","c-Crust","QN",-0.471690972105206
"BFA","c-Mllsc","QD",0.0015424300779459
"BFA","c-Mllsc","QM",0.0015424300779459
"BFA","c-Mllsc","QN",-0.00166191614811124
"BFA","c-FrshD","QD",26.5690667767079
"BFA","c-FrshD","QM",0.300857239798258
"BFA","c-FrshD","QN",-0.309178050337462
"BFA","c-OPelag","QD",123.056749532325
"BFA","c-OPelag","QM",123.056749532325
"BFA","c-OPelag","QN",-118.717772170749
"BFA","c-ODmrsl","QD",0.00723274644658414
"BFA","c-ODmrsl","QM",0.00723274644658414
"BFA","c-ODmrsl","QN",-0.0069182366452779
"BFA","c-OMarn","QD",44.1077473819349
"BFA","c-OMarn","QM",44.1078411783585
"BFA","c-OMarn","QE",9.37964236588721E-5
"BFA","c-OMarn","QN",-51.8041612276215
"BGD","Shrimp","QS",136.124
"BGD","Crust","QS",120.57
"BGD","ODmrsl","QS",98.5610733333333
"BGD","Tuna","QS",0.811116666666667
"BGD","Tilapia","QS",342.123666666667
"BGD","Pangas","QS",36.173
"BGD","Carp","QS",858.758
"BGD","OFrshD","QS",2237.60966666667
"BGD","OCarp","QS",306.825333333333
"BGD","OPelag","QS",15.94574
"BGD","OMarn","QS",349.437736666667
"BGD","c-Crust","QD",212.352057938167
"BGD","c-Crust","QM",0.0830187968058469
"BGD","c-Crust","QE",46.4911938126342
"BGD","c-Crust","QN",52.5527667917401
"BGD","c-Mllsc","QD",0.390361921341064
"BGD","c-Mllsc","QM",0.341781083917873
"BGD","c-Mllsc","QE",2.21098272542346
"BGD","c-Mllsc","QN",1.72440184689347
"BGD","c-FrshD","QD",3790.24735588175
"BGD","c-FrshD","QM",29.1146910127315
"BGD","c-FrshD","QE",10.0550111225724
"BGD","c-FrshD","QN",-19.5868135745944
"BGD","c-OPelag","QD",89.6180978735764
"BGD","c-OPelag","QM",8.14120343943281
"BGD","c-OPelag","QE",0.826028298046547
"BGD","c-OPelag","QN",-7.05724228150602
"BGD","c-ODmrsl","QD",96.5669036594188
"BGD","c-ODmrsl","QM",4.97683461806691
"BGD","c-ODmrsl","QE",2.62183487311955
"BGD","c-ODmrsl","QN",-2.25259459258515
"BGD","c-OMarn","QD",329.136857951707
"BGD","c-OMarn","QM",90.9887759026408
"BGD","c-OMarn","QE",20.256339921663
"BGD","c-OMarn","QN",-83.0746237356421
"BGR","Shrimp","QS",0.00861666666666667
"BGR","Crust","QS",0.00800333333333333
"BGR","Mllscs","QS",6.22789333333333
"BGR","Salmon","QS",5.14331333333333
"BGR","ODmrsl","QS",0.593673333333333
"BGR","Eelstg","QS",0.452353333333333
"BGR","Tilapia","QS",0.00120333333333333
"BGR","Pangas","QS",0.41694
"BGR","Carp","QS",4.20318666666667
"BGR","Mullet","QS",0.0076
"BGR","OFrshD","QS",0.40693
"BGR","OCarp","QS",2.47848
"BGR","OPelag","QS",4.17069
"BGR","c-Crust","QD",1.03470713191069
"BGR","c-Crust","QM",7.96105448310725
"BGR","c-Crust","QE",6.93304189654532
"BGR","c-Crust","QN",-0.891900410576389
"BGR","c-Mllsc","QD",2.74806144284724
"BGR","c-Mllsc","QM",12.4875286373273
"BGR","c-Mllsc","QE",4.36245330019201
"BGR","c-Mllsc","QN",-8.75449338059342
"BGR","c-FrshD","QD",13.5952826942582
"BGR","c-FrshD","QM",6.14879163438039
"BGR","c-FrshD","QE",4.8173049732973
"BGR","c-FrshD","QN",-1.36831159589197
"BGR","c-OPelag","QD",17.40797453883
"BGR","c-OPelag","QM",18.5679190915805
"BGR","c-OPelag","QE",5.4723100733801
"BGR","c-OPelag","QN",-12.6338582301943
"BGR","c-ODmrsl","QD",8.28319241090273
"BGR","c-ODmrsl","QM",8.71210159753572
"BGR","c-ODmrsl","QE",1.04804230680674
"BGR","c-ODmrsl","QN",-7.33079421880534
"BGR","c-OMarn","QD",1.18676766398007
"BGR","c-OMarn","QM",2.21109600410845
"BGR","c-OMarn","QE",0.941163216366295
"BGR","c-OMarn","QN",-1.49152488597461
"BLR","Crust","QS",0.00473333333333333
"BLR","Salmon","QS",0.252533333333333
"BLR","Eelstg","QS",0.162226666666667
"BLR","Pangas","QS",0.0166833333333333
"BLR","Carp","QS",7.71183333333333
"BLR","OFrshD","QS",0.605026666666667
"BLR","OCarp","QS",1.10466666666667
"BLR","c-Crust","QD",2.26061740588658
"BLR","c-Crust","QM",4.96407045519067
"BLR","c-Crust","QE",2.70826041874498
"BLR","c-Crust","QN",-1.95713352539487
"BLR","c-Mllsc","QD",6.30543229132814
"BLR","c-Mllsc","QM",11.5433978130444
"BLR","c-Mllsc","QE",5.23796552171623
"BLR","c-Mllsc","QN",-6.79388965218811
"BLR","c-FrshD","QD",21.5770989416089
"BLR","c-FrshD","QM",28.6658920833309
"BLR","c-FrshD","QE",16.9425448173749
"BLR","c-FrshD","QN",-12.0475799536943
"BLR","c-OPelag","QD",56.1003091812043
"BLR","c-OPelag","QM",110.01972637133
"BLR","c-OPelag","QE",61.3975495681268
"BLR","c-OPelag","QN",-46.907760282196
"BLR","c-ODmrsl","QD",20.3475180597111
"BLR","c-ODmrsl","QM",40.6926997378739
"BLR","c-ODmrsl","QE",20.3451816781628
"BLR","c-ODmrsl","QN",-19.4627236169228
"BLR","c-OMarn","QD",2.54216580456205
"BLR","c-OMarn","QM",30.2406613205627
"BLR","c-OMarn","QE",27.6984955160007
"BLR","c-OMarn","QN",-2.98575137076297
"BLT","Shrimp","QS",14.1881666666667
"BLT","Crust","QS",0.00195333333333333
"BLT","Mllscs","QS",0.00291666666666667
"BLT","Salmon","QS",4.86901
"BLT","ODmrsl","QS",21.5408266666667
"BLT","Tuna","QS",0.224303333333333
"BLT","Eelstg","QS",0.25939
"BLT","Tilapia","QS",0.00031
"BLT","Pangas","QS",0.57288
"BLT","Carp","QS",5.63513
"BLT","Mullet","QS",0.0714066666666667
"BLT","OFrshD","QS",5.45743666666667
"BLT","OCarp","QS",0.164713333333333
"BLT","OPelag","QS",191.83713
"BLT","OMarn","QS",1.55766666666667
"BLT","c-Crust","QD",12.1452785868424
"BLT","c-Crust","QM",10.606954383618
"BLT","c-Crust","QE",13.0135826084812
"BLT","c-Crust","QN",2.72527354959588
"BLT","c-Mllsc","QD",3.26014102362803
"BLT","c-Mllsc","QM",6.04184430061675
"BLT","c-Mllsc","QE",2.78168476481992
"BLT","c-Mllsc","QN",-3.51271143854708
"BLT","c-FrshD","QD",12.9732908730806
"BLT","c-FrshD","QM",88.9429460751296
"BLT","c-FrshD","QE",92.5325759352048
"BLT","c-FrshD","QN",3.49035144486548
"BLT","c-OPelag","QD",82.5790918542622
"BLT","c-OPelag","QM",116.165395751305
"BLT","c-OPelag","QE",209.462283599896
"BLT","c-OPelag","QN",96.5865333643304
"BLT","c-ODmrsl","QD",12.9434492569695
"BLT","c-ODmrsl","QM",100.192985434724
"BLT","c-ODmrsl","QE",100.605529116508
"BLT","c-ODmrsl","QN",0.430482791407623
"BLT","c-OMarn","QD",10.1031179413804
"BLT","c-OMarn","QM",6.94151719229287
"BLT","c-OMarn","QE",0.0908484684026537
"BLT","c-OMarn","QN",-8.04605014208424
"BLX","Shrimp","QS",0.607533333333333
"BLX","Crust","QS",0.900466666666667
"BLX","Mllscs","QS",2.22373333333333
"BLX","Salmon","QS",0.0764
"BLX","ODmrsl","QS",15.5148666666667
"BLX","Eelstg","QS",0.0309
"BLX","Carp","QS",0.026
"BLX","Mullet","QS",3.33333333333333E-5
"BLX","OFrshD","QS",0.323666666666667
"BLX","OPelag","QS",0.2115
"BLX","OMarn","QS",0.0045
"BLX","c-Crust","QD",20.1265181438701
"BLX","c-Crust","QM",105.407217364247
"BLX","c-Crust","QE",86.8595105844374
"BLX","c-Crust","QN",-16.0919306907398
"BLX","c-Mllsc","QD",37.526190242396
"BLX","c-Mllsc","QM",59.8423311086024
"BLX","c-Mllsc","QE",24.41905441351
"BLX","c-Mllsc","QN",-38.1673804215401
"BLX","c-FrshD","QD",81.0902420727748
"BLX","c-FrshD","QM",133.94987801922
"BLX","c-FrshD","QE",52.9032739580146
"BLX","c-FrshD","QN",-83.2881104902727
"BLX","c-OPelag","QD",48.2746432244822
"BLX","c-OPelag","QM",67.1328712552715
"BLX","c-OPelag","QE",18.9957583909311
"BLX","c-OPelag","QN",-46.439799683521
"BLX","c-ODmrsl","QD",84.7426023937302
"BLX","c-ODmrsl","QM",124.905537710394
"BLX","c-ODmrsl","QE",55.803361794178
"BLX","c-ODmrsl","QN",-66.097326820821
"BLX","c-OMarn","QD",7.23350221757791
"BLX","c-OMarn","QM",14.2807530156746
"BLX","c-OMarn","QE",7.05607876040306
"BLX","c-OMarn","QN",-8.48531634808491
"BLZ","Shrimp","QS",0.51
"BLZ","Crust","QS",0.833333333333333
"BLZ","Mllscs","QS",4.03009666666667
"BLZ","ODmrsl","QS",2.23314333333333
"BLZ","Tuna","QS",29.0181566666667
"BLZ","Cobswf","QS",0.136126666666667
"BLZ","Tilapia","QS",0.0633333333333333
"BLZ","Mullet","QS",0.58594
"BLZ","OPelag","QS",152.74818
"BLZ","OMarn","QS",7.91726333333333
"BLZ","c-Crust","QD",0.404134219203487
"BLZ","c-Crust","QM",0.00954575070030165
"BLZ","c-Crust","QE",0.89786370972847
"BLZ","c-Crust","QN",1.00593411660337
"BLZ","c-Mllsc","QD",2.96234001568104
"BLZ","c-Mllsc","QM",0.0298373948388539
"BLZ","c-Mllsc","QE",1.02823613853859
"BLZ","c-Mllsc","QN",0.921056668977246
"BLZ","c-FrshD","QD",0.0497966917576665
"BLZ","c-FrshD","QM",0.0139124238929928
"BLZ","c-FrshD","QE",0.0195069354252779
"BLZ","c-FrshD","QN",0.00543978409228481
"BLZ","c-OPelag","QD",2.25352648278117
"BLZ","c-OPelag","QM",0.338837222391849
"BLZ","c-OPelag","QE",0.0569790844509302
"BLZ","c-OPelag","QN",-0.271919828304515
"BLZ","c-ODmrsl","QD",0.471342212528628
"BLZ","c-ODmrsl","QM",0.000803172447704298
"BLZ","c-ODmrsl","QE",0.000101550539364911
"BLZ","c-ODmrsl","QN",-0.000671112478952693
"BLZ","c-OMarn","QD",0.285477029889195
"BLZ","c-OMarn","QM",0.0100350396626962
"BLZ","c-OMarn","QE",0.00779169592945319
"BLZ","c-OMarn","QN",-0.00263478747712005
"BOL","Salmon","QS",1.53333333333333
"BOL","Tilapia","QS",0.0633333333333333
"BOL","Carp","QS",0.15
"BOL","OFrshD","QS",9.71933333333333
"BOL","c-Crust","QD",0.120341659701493
"BOL","c-Crust","QM",0.120341659701493
"BOL","c-Crust","QN",-0.10440803653598
"BOL","c-Mllsc","QD",0.0983973492537313
"BOL","c-Mllsc","QM",0.0983973492537313
"BOL","c-Mllsc","QN",-0.10601980990535
"BOL","c-FrshD","QD",11.3391943522388
"BOL","c-FrshD","QM",0.16666527761194
"BOL","c-FrshD","QN",-0.171274740224184
"BOL","c-OPelag","QD",5.60416029850746
"BOL","c-OPelag","QM",5.60416029850746
"BOL","c-OPelag","QN",-5.40655777155725
"BOL","c-ODmrsl","QD",0.00714852537313433
"BOL","c-ODmrsl","QM",0.00714852537313433
"BOL","c-ODmrsl","QN",-0.00683767785326878
"BOL","c-OMarn","QD",14.7227840597015
"BOL","c-OMarn","QM",14.7233023522388
"BOL","c-OMarn","QN",-17.292389072918
"BRA","Shrimp","QS",104.03101
"BRA","Crust","QS",17.96
"BRA","Mllscs","QS",25.24186
"BRA","Salmon","QS",2.04503333333333
"BRA","ODmrsl","QS",218.4463
"BRA","Tuna","QS",39.66511
"BRA","Cobswf","QS",3.48569
"BRA","Tilapia","QS",365.736036666667
"BRA","Pangas","QS",42.141
"BRA","Mullet","QS",16.9
"BRA","OFrshD","QS",356.650593333333
"BRA","OPelag","QS",141.96532
"BRA","OMarn","QS",29.41
"BRA","c-Crust","QD",110.88855779169
"BRA","c-Crust","QM",0.241646573693631
"BRA","c-Crust","QE",3.35425008647703
"BRA","c-Crust","QN",3.52472223841309
"BRA","c-Mllsc","QD",37.5104389202603
"BRA","c-Mllsc","QM",10.2985090291222
"BRA","c-Mllsc","QE",0.111159273471008
"BRA","c-Mllsc","QN",-10.9765241922155
"BRA","c-FrshD","QD",933.029079537447
"BRA","c-FrshD","QM",168.068598298906
"BRA","c-FrshD","QE",4.2671987950509
"BRA","c-FrshD","QN",-168.331655821576
"BRA","c-OPelag","QD",160.952020904041
"BRA","c-OPelag","QM",106.845229128929
"BRA","c-OPelag","QE",17.3816194473095
"BRA","c-OPelag","QN",-86.309125441066
"BRA","c-ODmrsl","QD",485.53427370448
"BRA","c-ODmrsl","QM",263.243388138336
"BRA","c-ODmrsl","QE",18.6990900895131
"BRA","c-ODmrsl","QN",-233.910498128153
"BRA","c-OMarn","QD",40.0032097750369
"BRA","c-OMarn","QM",23.5677285771879
"BRA","c-OMarn","QE",13.7758584034697
"BRA","c-OMarn","QN",-11.5004653673833
"BTN","Salmon","QS",0.0135133333333333
"BTN","Carp","QS",0.113076666666667
"BTN","OFrshD","QS",0.015
"BTN","OCarp","QS",0.0678333333333333
"BTN","c-Crust","QD",0.00194230406801326
"BTN","c-Crust","QM",0.00194230406801326
"BTN","c-Crust","QN",-0.00168513675646602
"BTN","c-Mllsc","QD",0.000252126008828644
"BTN","c-Mllsc","QM",0.000252126008828644
"BTN","c-Mllsc","QN",-0.000271657231937005
"BTN","c-FrshD","QD",1.81541931957016
"BTN","c-FrshD","QM",1.61659461660796
"BTN","c-FrshD","QE",0.010589292370803
"BTN","c-FrshD","QN",-1.65042262340832
"BTN","c-OPelag","QD",0.0304979090679389
"BTN","c-OPelag","QM",0.0304979090679389
"BTN","c-OPelag","QN",-0.0294225536930886
"BTN","c-ODmrsl","QD",0.0351388952304514
"BTN","c-ODmrsl","QM",0.0351388952304514
"BTN","c-ODmrsl","QN",-0.0336109103855977
"BTN","c-OMarn","QD",2.6896896001843
"BTN","c-OMarn","QM",2.6896896001843
"BTN","c-OMarn","QN",-3.15901677076514
"BWA","Tilapia","QS",0.147333333333333
"BWA","Pangas","QS",0.00266666666666667
"BWA","OFrshD","QS",0.001
"BWA","c-Crust","QD",0.190715068493151
"BWA","c-Crust","QM",0.235394520547945
"BWA","c-Crust","QE",0.0446794520547945
"BWA","c-Crust","QN",-0.165463779447508
"BWA","c-Mllsc","QD",0.106361917808219
"BWA","c-Mllsc","QM",0.110602328767123
"BWA","c-Mllsc","QE",0.00424041095890411
"BWA","c-Mllsc","QN",-0.114601362665959
"BWA","c-FrshD","QD",0.704466712328767
"BWA","c-FrshD","QM",0.565877671232877
"BWA","c-FrshD","QE",0.00953575342465753
"BWA","c-FrshD","QN",-0.571728669665027
"BWA","c-OPelag","QD",9.96370397260274
"BWA","c-OPelag","QM",15.6153443835616
"BWA","c-OPelag","QE",5.6516404109589
"BWA","c-OPelag","QN",-9.61238406419566
"BWA","c-ODmrsl","QD",1.36137876712329
"BWA","c-ODmrsl","QM",1.36528821917808
"BWA","c-ODmrsl","QE",0.00390945205479452
"BWA","c-ODmrsl","QN",-1.30218037427036
"BWA","c-OMarn","QD",0.231795342465753
"BWA","c-OMarn","QM",0.245447397260274
"BWA","c-OMarn","QE",0.0114387671232877
"BWA","c-OMarn","QN",-0.274841077221647
"CAF","Tilapia","QS",0.101666666666667
"CAF","Pangas","QS",0.015
"CAF","Carp","QS",0.015
"CAF","OFrshD","QS",28.206
"CAF","c-Crust","QD",0.00342939296284869
"CAF","c-Crust","QM",0.00342939296284869
"CAF","c-Crust","QN",-0.00297533029417657
"CAF","c-Mllsc","QD",0.00184584890351629
"CAF","c-Mllsc","QM",0.00184584890351629
"CAF","c-Mllsc","QN",-0.00198883965217564
"CAF","c-FrshD","QD",29.6658423876947
"CAF","c-FrshD","QM",1.47724259247832
"CAF","c-FrshD","QE",0.120893388186088
"CAF","c-FrshD","QN",-1.3938617626122
"CAF","c-OPelag","QD",2.25351920634921
"CAF","c-OPelag","QM",2.25351920634921
"CAF","c-OPelag","QN",-2.17406018555281
"CAF","c-ODmrsl","QD",0.0177687244449015
"CAF","c-ODmrsl","QM",0.0177687244449015
"CAF","c-ODmrsl","QN",-0.0169960666397506
"CAF","c-OMarn","QD",2.2076741485824
"CAF","c-OMarn","QM",2.2076741485824
"CAF","c-OMarn","QN",-2.59289386376724
"CAN","Shrimp","QS",65.84559
"CAN","Crust","QS",179.703243333333
"CAN","Mllscs","QS",170.14465
"CAN","Salmon","QS",154.748813333333
"CAN","ODmrsl","QS",213.634883333333
"CAN","Tuna","QS",3.34571
"CAN","Cobswf","QS",1.23534333333333
"CAN","Eelstg","QS",0.282303333333333
"CAN","Pangas","QS",0.147826666666667
"CAN","Carp","QS",0.525706666666667
"CAN","OFrshD","QS",20.0424733333333
"CAN","OPelag","QS",120.31025
"CAN","OMarn","QS",3.94392666666667
"CAN","c-Crust","QD",130.220745398413
"CAN","c-Crust","QM",154.563245222335
"CAN","c-Crust","QE",267.439111744044
"CAN","c-Crust","QN",127.820994635271
"CAN","c-Mllsc","QD",120.404784100016
"CAN","c-Mllsc","QM",71.4084255718382
"CAN","c-Mllsc","QE",89.7909936336124
"CAN","c-Mllsc","QN",16.9585418782512
"CAN","c-FrshD","QD",190.371504925762
"CAN","c-FrshD","QM",141.572072008871
"CAN","c-FrshD","QE",121.105997967295
"CAN","c-FrshD","QN",-21.0321043777425
"CAN","c-OPelag","QD",123.720887452874
"CAN","c-OPelag","QM",119.115911234886
"CAN","c-OPelag","QE",107.680306524719
"CAN","c-OPelag","QN",-11.032385625135
"CAN","c-ODmrsl","QD",167.682249712221
"CAN","c-ODmrsl","QM",143.971270950642
"CAN","c-ODmrsl","QE",179.002571711951
"CAN","c-ODmrsl","QN",36.5546069525753
"CAN","c-OMarn","QD",12.8125105920578
"CAN","c-OMarn","QM",6.53878745832363
"CAN","c-OMarn","QE",2.01314713559393
"CAN","c-OMarn","QN",-5.31532474117996
"CHL","Shrimp","QS",4.345
"CHL","Crust","QS",45.1900566666667
"CHL","Mllscs","QS",538.799
"CHL","Salmon","QS",1021.433
"CHL","ODmrsl","QS",90.2081133333333
"CHL","Tuna","QS",0.0513333333333333
"CHL","Cobswf","QS",5.92066666666667
"CHL","Eelstg","QS",0.00433333333333333
"CHL","Mullet","QS",0.102333333333333
"CHL","OPelag","QS",1640.86633333333
"CHL","OMarn","QS",0.307333333333333
"CHL","c-Crust","QD",57.4165778870431
"CHL","c-Crust","QM",32.5092530787964
"CHL","c-Crust","QE",25.7338907596674
"CHL","c-Crust","QN",-5.87828253586358
"CHL","c-Mllsc","QD",21.2033482365825
"CHL","c-Mllsc","QM",3.23173998035727
"CHL","c-Mllsc","QE",282.238571821887
"CHL","c-Mllsc","QN",257.393255730238
"CHL","c-FrshD","QD",20.9359749613862
"CHL","c-FrshD","QM",10.67922133367
"CHL","c-FrshD","QE",939.633297977702
"CHL","c-FrshD","QN",903.261988009037
"CHL","c-OPelag","QD",133.252146064181
"CHL","c-OPelag","QM",103.251629330601
"CHL","c-OPelag","QE",243.921471126156
"CHL","c-OPelag","QN",145.62985627121
"CHL","c-ODmrsl","QD",32.2517618560962
"CHL","c-ODmrsl","QM",6.26390633197827
"CHL","c-ODmrsl","QE",50.388794874166
"CHL","c-ODmrsl","QN",46.0436216307253
"CHL","c-OMarn","QD",0.405443081240204
"CHM","Shrimp","QS",3783.46143
"CHM","Crust","QS",4401.98524666667
"CHM","Mllscs","QS",17929.2232233333
"CHM","Salmon","QS",63.44502
"CHM","ODmrsl","QS",3894.62320666667
"CHM","Tuna","QS",392.039823333333
"CHM","Cobswf","QS",47.82315
"CHM","Eelstg","QS",359.58221
"CHM","Tilapia","QS",1715.17441333333
"CHM","Pangas","QS",1250.56158666667
"CHM","Carp","QS",3695.92575666667
"CHM","Mullet","QS",191.71135
"CHM","OFrshD","QS",7586.72071333333
"CHM","OCarp","QS",12578.94708
"CHM","OPelag","QS",2961.56192666667
"CHM","OMarn","QS",3328.42570666667
"CHM","c-Crust","QD",8853.79859017038
"CHM","c-Crust","QM",1564.1638807873
"CHM","c-Crust","QE",712.419464924221
"CHM","c-Crust","QN",-738.9707131457
"CHM","c-Mllsc","QD",15736.2394728051
"CHM","c-Mllsc","QM",1152.42361581865
"CHM","c-Mllsc","QE",1937.78504220558
"CHM","c-Mllsc","QN",724.522525589952
"CHM","c-FrshD","QD",25127.586605149
"CHM","c-FrshD","QM",1024.37630674996
"CHM","c-FrshD","QE",1173.74350323312
"CHM","c-FrshD","QN",145.236147007524
"CHM","c-OPelag","QD",498.051959777556
"CHM","c-OPelag","QM",724.449327419919
"CHM","c-OPelag","QE",1944.93420467728
"CHM","c-OPelag","QN",1263.51913805729
"CHM","c-ODmrsl","QD",4882.19948593426
"CHM","c-ODmrsl","QM",1973.03403635097
"CHM","c-ODmrsl","QE",1244.08846868052
"CHM","c-ODmrsl","QN",-697.247992296528
"CHM","c-OMarn","QD",2490.19022004861
"CHM","c-OMarn","QM",767.443099141468
"CHM","c-OMarn","QE",1822.73089062464
"CHM","c-OMarn","QN",871.149356590401
"CHP","Shrimp","QS",0.03
"CHP","Crust","QS",0.0036
"CHP","Salmon","QS",2.08380333333333
"CHP","Eelstg","QS",0.0524433333333333
"CHP","Pangas","QS",0.0227466666666667
"CHP","Carp","QS",0.0221366666666667
"CHP","OFrshD","QS",1.59672
"CHP","c-Crust","QD",19.2626890921049
"CHP","c-Crust","QM",19.3385836587433
"CHP","c-Crust","QE",0.117469463508011
"CHP","c-Crust","QN",-16.6761767964339
"CHP","c-Mllsc","QD",13.0937692108619
"CHP","c-Mllsc","QM",13.1593210029114
"CHP","c-Mllsc","QE",0.0655517920495347
"CHP","c-Mllsc","QN",-14.1080926794119
"CHP","c-FrshD","QD",50.5135710260373
"CHP","c-FrshD","QM",47.5274948180814
"CHP","c-FrshD","QE",0.444912536058881
"CHP","c-FrshD","QN",-48.38474555098
"CHP","c-OPelag","QD",22.1221249034197
"CHP","c-OPelag","QM",22.1606835822811
"CHP","c-OPelag","QE",0.0385484889357049
"CHP","c-OPelag","QN",-21.3421092619745
"CHP","c-ODmrsl","QD",22.0683730453346
"CHP","c-ODmrsl","QM",22.1114051015798
"CHP","c-ODmrsl","QE",0.043032056245171
"CHP","c-ODmrsl","QN",-21.1087486933821
"CHP","c-OMarn","QD",13.4327574692347
"CHP","c-OMarn","QM",13.5629643398718
"CHP","c-OMarn","QE",0.12266632561671
"CHP","c-OMarn","QN",-15.7855117661919
"CIV","Shrimp","QS",0.235
"CIV","Crust","QS",1.405
"CIV","Mllscs","QS",0.555
"CIV","ODmrsl","QS",24.6463933333333
"CIV","Tuna","QS",7.23834333333333
"CIV","Cobswf","QS",0.0991433333333333
"CIV","Tilapia","QS",4.73666666666667
"CIV","Pangas","QS",9.815
"CIV","Mullet","QS",0.765
"CIV","OFrshD","QS",19.99
"CIV","OPelag","QS",39.89051
"CIV","OMarn","QS",1.825
"CIV","c-Crust","QD",2.73504345152065
"CIV","c-Crust","QM",1.39100479138244
"CIV","c-Crust","QE",0.0570477130807526
"CIV","c-Crust","QN",-1.15733686666966
"CIV","c-Mllsc","QD",0.123241000400053
"CIV","c-Mllsc","QM",0.0665637903268326
"CIV","c-Mllsc","QE",0.678478757503047
"CIV","c-Mllsc","QN",0.564512290225948
"CIV","c-FrshD","QD",72.5647105388756
"CIV","c-FrshD","QM",59.8992114775879
"CIV","c-FrshD","QE",0.652845799429333
"CIV","c-FrshD","QN",-60.8849427796269
"CIV","c-OPelag","QD",377.305433000011
"CIV","c-OPelag","QM",427.423852582716
"CIV","c-OPelag","QE",54.8048926248171
"CIV","c-OPelag","QN",-359.480426412231
"CIV","c-ODmrsl","QD",38.7328036607783
"CIV","c-ODmrsl","QM",15.3143518131614
"CIV","c-ODmrsl","QE",2.13845560876127
"CIV","c-ODmrsl","QN",-12.6029536122767
"CIV","c-OMarn","QD",83.7881436442954
"CIV","c-OMarn","QM",85.8764350958526
"CIV","c-OMarn","QE",3.86512637488838
"CIV","c-OMarn","QN",-96.3215605340374
"CMR","Shrimp","QS",31.73274
"CMR","Crust","QS",10.93388
"CMR","Mllscs","QS",5.66666666666667E-5
"CMR","ODmrsl","QS",82.8699533333333
"CMR","Tilapia","QS",6.82766666666667
"CMR","Pangas","QS",1.52
"CMR","Carp","QS",0.025
"CMR","OFrshD","QS",31.599
"CMR","OPelag","QS",120.01581
"CMR","OMarn","QS",12.5138333333333
"CMR","c-Crust","QD",43.1085445425514
"CMR","c-Crust","QM",0.323203050761053
"CMR","c-Crust","QE",0.254650772476054
"CMR","c-Crust","QN",-0.0594757359467935
"CMR","c-Mllsc","QD",0.0410882091480699
"CMR","c-Mllsc","QM",0.040911654417904
"CMR","c-Mllsc","QN",-0.044080921459732
"CMR","c-FrshD","QD",45.384433100352
"CMR","c-FrshD","QM",12.3976731522546
"CMR","c-FrshD","QE",0.377179755211239
"CMR","c-FrshD","QN",-12.3529442571643
"CMR","c-OPelag","QD",210.708379560121
"CMR","c-OPelag","QM",93.4480842309726
"CMR","c-OPelag","QE",3.81448456242808
"CMR","c-OPelag","QN",-86.4731215860626
"CMR","c-ODmrsl","QD",112.349964982369
"CMR","c-ODmrsl","QM",28.7318988456548
"CMR","c-ODmrsl","QE",7.84687689626545E-5
"CMR","c-ODmrsl","QN",-27.4824417093717
"CMR","c-OMarn","QD",76.1426211583333
"CMR","c-OMarn","QM",63.5175945566055
"CMR","c-OMarn","QE",0.00010789455732365
"CMR","c-OMarn","QN",-74.6007292397279
"COD","ODmrsl","QS",6.08666666666667
"COD","Tilapia","QS",4.63333333333333
"COD","Pangas","QS",0.0216666666666667
"COD","OFrshD","QS",220.236666666667
"COD","OPelag","QS",0.48
"COD","OMarn","QS",1.405
"COD","c-Crust","QD",0.0409137484006769
"COD","c-Crust","QM",0.0422688901729333
"COD","c-Crust","QE",0.00135514177225639
"COD","c-Crust","QN",-0.035496636397053
"COD","c-Mllsc","QD",0.0255939187199912
"COD","c-Mllsc","QM",0.0256227515236562
"COD","c-Mllsc","QE",2.88328036650295E-5
"COD","c-Mllsc","QN",-0.0275765802433295
"COD","c-FrshD","QD",231.242583773715
"COD","c-FrshD","QM",7.04638161115468
"COD","c-FrshD","QE",0.0265165684372721
"COD","c-FrshD","QN",-7.21401349355875
"COD","c-OPelag","QD",97.0182804637693
"COD","c-OPelag","QM",96.5786955390923
"COD","c-OPelag","QE",0.0121289994084224
"COD","c-OPelag","QN",-93.1616322496655
"COD","c-ODmrsl","QD",27.513366514645
"COD","c-ODmrsl","QM",21.7757346946497
"COD","c-ODmrsl","QE",0.00969743296600493
"COD","c-ODmrsl","QN",-20.8195597230401
"COD","c-OMarn","QD",3.17407841333388
"COD","c-OMarn","QM",1.68919863551942
"COD","c-OMarn","QE",0.00460363765184971
"COD","c-OMarn","QN",-1.97854200345128
"COG","Shrimp","QS",0.613726666666667
"COG","Crust","QS",0.0935533333333333
"COG","Mllscs","QS",0.0661166666666667
"COG","ODmrsl","QS",11.6853866666667
"COG","Cobswf","QS",0.00267666666666667
"COG","Tilapia","QS",0.686333333333333
"COG","Pangas","QS",0.161
"COG","Mullet","QS",0.146
"COG","OFrshD","QS",39.241
"COG","OPelag","QS",16.1211233333333
"COG","OMarn","QS",2.16581333333333
"COG","c-Crust","QD",0.378626674635528
"COG","c-Crust","QM",0.018344644634194
"COG","c-Crust","QE",0.327756985051105
"COG","c-Crust","QN",0.350379530392447
"COG","c-Mllsc","QD",0.0908044930096493
"COG","c-Mllsc","QM",0.0298487440455121
"COG","c-Mllsc","QE",0.0139407315782987
"COG","c-Mllsc","QN",-0.017140344435467
"COG","c-FrshD","QD",40.3518170426897
"COG","c-FrshD","QM",0.634323259207404
"COG","c-FrshD","QE",0.000609158041745145
"COG","c-FrshD","QN",-0.651240735975436
"COG","c-OPelag","QD",45.4240463737612
"COG","c-OPelag","QM",29.1258731739087
"COG","c-OPelag","QE",0.993756462429257
"COG","c-OPelag","QN",-27.1401791053894
"COG","c-ODmrsl","QD",46.3791362798358
"COG","c-ODmrsl","QM",41.441361110634
"COG","c-ODmrsl","QE",6.09898018972905
"COG","c-ODmrsl","QN",-33.8055476746113
"COG","c-OMarn","QD",2.18826545130446
"COG","c-OMarn","QM",0.0155285369657984
"COG","c-OMarn","QE",0.000259641132547111
"COG","c-OMarn","QN",-0.0179331838160811
"COL","Shrimp","QS",7.32774
"COL","Crust","QS",0.363213333333333
"COL","Mllscs","QS",0.598226666666667
"COL","Salmon","QS",28.1691066666667
"COL","ODmrsl","QS",12.2854366666667
"COL","Tuna","QS",53.8957
"COL","Cobswf","QS",0.00119333333333333
"COL","Tilapia","QS",103.950436666667
"COL","Pangas","QS",2.73678333333333
"COL","Carp","QS",0.0781166666666667
"COL","Mullet","QS",1.10584
"COL","OFrshD","QS",61.27074
"COL","OPelag","QS",18.20702
"COL","OMarn","QS",1.93163666666667
"COL","c-Crust","QD",13.4680870264495
"COL","c-Crust","QM",9.86875891200644
"COL","c-Crust","QE",6.56938683737681
"COL","c-Crust","QN",-2.86252459013951
"COL","c-Mllsc","QD",8.54243123951988
"COL","c-Mllsc","QM",7.53046500365032
"COL","c-Mllsc","QE",0.0225928592674622
"COL","c-Mllsc","QN",-8.08947785258513
"COL","c-FrshD","QD",241.859012634588
"COL","c-FrshD","QM",69.6971869219768
"COL","c-FrshD","QE",21.6341734076013
"COL","c-FrshD","QN",-49.3922925759814
"COL","c-OPelag","QD",174.81908006043
"COL","c-OPelag","QM",147.927576142787
"COL","c-OPelag","QE",28.8737875721379
"COL","c-OPelag","QN",-114.8559554946
"COL","c-ODmrsl","QD",19.0585874511106
"COL","c-ODmrsl","QM",2.27979582956821
"COL","c-ODmrsl","QE",1.89328366894644
"COL","c-ODmrsl","QN",-0.369705009460394
"COL","c-OMarn","QD",8.86051518740825
"COL","c-OMarn","QM",7.64830671780302
"COL","c-OMarn","QE",0.275991729024931
"COL","c-OMarn","QN",-8.65871909060338
"CRB","Shrimp","QS",0.799
"CRB","Crust","QS",7.68467333333333
"CRB","Mllscs","QS",7.09600333333333
"CRB","ODmrsl","QS",7.30071333333333
"CRB","Tuna","QS",28.0073
"CRB","Cobswf","QS",0.0509833333333333
"CRB","Tilapia","QS",0.08594
"CRB","Pangas","QS",0.00113333333333333
"CRB","Mullet","QS",0.00403
"CRB","OFrshD","QS",0.0171966666666667
"CRB","OPelag","QS",7.40002333333333
"CRB","OMarn","QS",9.70575
"CRB","c-Crust","QD",11.3948646996779
"CRB","c-Crust","QM",7.57661955169972
"CRB","c-Crust","QE",4.00468653210236
"CRB","c-Crust","QN",-3.09899758852644
"CRB","c-Mllsc","QD",5.28662373223422
"CRB","c-Mllsc","QM",2.96532300893251
"CRB","c-Mllsc","QE",0.8397265159684
"CRB","c-Mllsc","QN",-2.29025820135077
"CRB","c-FrshD","QD",5.85199973418073
"CRB","c-FrshD","QM",6.0846813206311
"CRB","c-FrshD","QE",0.336127498358453
"CRB","c-FrshD","QN",-5.9075416108385
"CRB","c-OPelag","QD",32.8055774587169
"CRB","c-OPelag","QM",25.2836744001841
"CRB","c-OPelag","QE",19.5841461116165
"CRB","c-OPelag","QN",-5.49856308909869
"CRB","c-ODmrsl","QD",12.4537070353146
"CRB","c-ODmrsl","QM",7.39905236289892
"CRB","c-ODmrsl","QE",0.0572242167671147
"CRB","c-ODmrsl","QN",-7.02257502029398
"CRB","c-OMarn","QD",19.5372489042142
"CRB","c-OMarn","QM",13.815308414319
"CRB","c-OMarn","QE",5.29807967989879
"CRB","c-OMarn","QN",-10.0034102115845
"CRI","Shrimp","QS",2.61096333333333
"CRI","Crust","QS",0.0401366666666667
"CRI","Mllscs","QS",0.0308433333333333
"CRI","Salmon","QS",0.821666666666667
"CRI","ODmrsl","QS",4.92481666666667
"CRI","Cobswf","QS",0.960783333333333
"CRI","Tilapia","QS",14.4943333333333
"CRI","OFrshD","QS",0.0683333333333333
"CRI","OPelag","QS",17.76505
"CRI","OMarn","QS",1.34821666666667
"CRI","c-Crust","QD",5.25752215133792
"CRI","c-Crust","QM",3.11591200035112
"CRI","c-Crust","QE",1.09354098463074
"CRI","c-Crust","QN",-1.75460258253379
"CRI","c-Mllsc","QD",4.43066840537995
"CRI","c-Mllsc","QM",4.37766842689615
"CRI","c-Mllsc","QN",-4.7167894050823
"CRI","c-FrshD","QD",39.4308699107664
"CRI","c-FrshD","QM",33.2302618157589
"CRI","c-FrshD","QE",15.3291296952586
"CRI","c-FrshD","QN",-18.3962238421149
"CRI","c-OPelag","QD",40.6188698366418
"CRI","c-OPelag","QM",50.7235428773431
"CRI","c-OPelag","QE",14.6799773057313
"CRI","c-OPelag","QN",-34.7726705118928
"CRI","c-ODmrsl","QD",6.01699021036649
"CRI","c-ODmrsl","QM",1.15975850876907
"CRI","c-ODmrsl","QE",3.76337704362464
"CRI","c-ODmrsl","QN",2.71683466293668
"CRI","c-OMarn","QD",2.6984127820866
"CRI","c-OMarn","QM",1.41283881419028
"CRI","c-OMarn","QE",0.537300802282191
"CRI","c-OMarn","QN",-1.0283116917545
"CUB","Shrimp","QS",5.78626666666667
"CUB","Crust","QS",4.01453333333333
"CUB","Mllscs","QS",1.70656666666667
"CUB","ODmrsl","QS",5.1972
"CUB","Tuna","QS",0.765366666666667
"CUB","Tilapia","QS",2.0809
"CUB","Pangas","QS",4.344
"CUB","Carp","QS",1.15193333333333
"CUB","Mullet","QS",0.103333333333333
"CUB","OFrshD","QS",0.316333333333333
"CUB","OCarp","QS",12.4333333333333
"CUB","OPelag","QS",1.98566666666667
"CUB","OMarn","QS",4.19733333333333
"CUB","c-Crust","QD",2.6930633825766
"CUB","c-Crust","QM",0.0504725619630984
"CUB","c-Crust","QE",8.01787015703261
"CUB","c-Crust","QN",9.02230668643942
"CUB","c-Mllsc","QD",3.37021266592273
"CUB","c-Mllsc","QM",1.66885459492058
"CUB","c-Mllsc","QE",0.0860323350493643
"CUB","c-Mllsc","QN",-1.70543735556107
"CUB","c-FrshD","QD",21.2402551194289
"CUB","c-FrshD","QM",0.915530747181461
"CUB","c-FrshD","QE",0.0744572165522524
"CUB","c-FrshD","QN",-0.864335106460318
"CUB","c-OPelag","QD",28.3224520766396
"CUB","c-OPelag","QM",25.8105640399947
"CUB","c-OPelag","QN",-24.9004843126765
"CUB","c-ODmrsl","QD",6.70536038779806
"CUB","c-ODmrsl","QM",1.70129985582112
"CUB","c-ODmrsl","QE",0.000116430362083272
"CUB","c-ODmrsl","QN",-1.62720891728596
"CUB","c-OMarn","QD",4.30046215137756
"CUB","c-OMarn","QM",0.45714441165962
"CUB","c-OMarn","QE",0.0085867392036413
"CUB","c-OMarn","QN",-0.526827039762029
"CYP","Shrimp","QS",0.0212466666666667
"CYP","Crust","QS",0.00111666666666667
"CYP","Mllscs","QS",0.02904
"CYP","Salmon","QS",0.0449333333333333
"CYP","ODmrsl","QS",8.21551333333333
"CYP","Tuna","QS",0.779716666666667
"CYP","Cobswf","QS",0.0365666666666667
"CYP","Eelstg","QS",0.00361
"CYP","Mullet","QS",0.00105666666666667
"CYP","OFrshD","QS",0.02
"CYP","OPelag","QS",0.0378366666666667
"CYP","OMarn","QS",1.33333333333333E-5
"CYP","c-Crust","QD",2.96481654723097
"CYP","c-Crust","QM",2.96604662308396
"CYP","c-Crust","QE",0.0271093461245562
"CYP","c-Crust","QN",-2.54981252004393
"CYP","c-Mllsc","QD",7.88069550033304
"CYP","c-Mllsc","QM",7.85706660138945
"CYP","c-Mllsc","QE",0.00879170493381668
"CYP","c-Mllsc","QN",-8.45625028436021
"CYP","c-FrshD","QD",6.21969260897578
"CYP","c-FrshD","QM",6.1593616793486
"CYP","c-FrshD","QE",9.5354717286515E-6
"CYP","c-FrshD","QN",-6.32970138416044
"CYP","c-OPelag","QD",4.86689523483199
"CYP","c-OPelag","QM",4.79657113083319
"CYP","c-OPelag","QE",0.289163180171357
"CYP","c-OPelag","QN",-4.34847687917134
"CYP","c-ODmrsl","QD",6.31432263041092
"CYP","c-ODmrsl","QM",3.46935742733737
"CYP","c-ODmrsl","QE",5.32121278534359
"CYP","c-ODmrsl","QN",1.93238170646815
"CYP","c-OMarn","QD",1.02605489988982
"CYP","c-OMarn","QM",1.36049249982881
"CYP","c-OMarn","QE",0.097843475407693
"CYP","c-OMarn","QN",-1.48297017003867
"CZE","Salmon","QS",1.07466666666667
"CZE","Eelstg","QS",0.013
"CZE","Pangas","QS",0.289333333333333
"CZE","Carp","QS",20.5546666666667
"CZE","OFrshD","QS",1.27766666666667
"CZE","OCarp","QS",1.17133333333333
"CZE","c-Crust","QD",2.35352820739062
"CZE","c-Crust","QM",5.39782058984633
"CZE","c-Crust","QE",3.04428251453704
"CZE","c-Crust","QN",-2.04192205729289
"CZE","c-Mllsc","QD",2.48956733422377
"CZE","c-Mllsc","QM",4.01076620525897
"CZE","c-Mllsc","QE",1.52120873895387
"CZE","c-Mllsc","QN",-2.68241381833873
"CZE","c-FrshD","QD",36.0716043717705
"CZE","c-FrshD","QM",35.8050126808867
"CZE","c-FrshD","QE",24.0913787628337
"CZE","c-FrshD","QN",-12.0375979636683
"CZE","c-OPelag","QD",30.9013083827795
"CZE","c-OPelag","QM",40.199295545392
"CZE","c-OPelag","QE",9.29798716261248
"CZE","c-OPelag","QN",-29.8117291599776
"CZE","c-ODmrsl","QD",31.2737433693555
"CZE","c-ODmrsl","QM",39.8475733201117
"CZE","c-ODmrsl","QE",8.5738299507562
"CZE","c-ODmrsl","QN",-29.9138313517231
"CZE","c-OMarn","QD",7.41579022274389
"CZE","c-OMarn","QM",10.2622407037142
"CZE","c-OMarn","QE",2.8444768972356
"CZE","c-OMarn","QN",-8.71209832712104
"DEU","Shrimp","QS",8.88615666666667
"DEU","Crust","QS",0.81602
"DEU","Mllscs","QS",17.1350966666667
"DEU","Salmon","QS",10.7657633333333
"DEU","ODmrsl","QS",80.1038533333333
"DEU","Eelstg","QS",1.51532666666667
"DEU","Tilapia","QS",0.0166666666666667
"DEU","Pangas","QS",1.17363333333333
"DEU","Carp","QS",5.46082333333333
"DEU","OFrshD","QS",17.7598433333333
"DEU","OCarp","QS",0.00503333333333333
"DEU","OPelag","QS",99.6281433333333
"DEU","OMarn","QS",0.00537666666666667
"DEU","c-Crust","QD",72.9168933951397
"DEU","c-Crust","QM",101.242849650894
"DEU","c-Crust","QE",35.62482032369
"DEU","c-Crust","QN",-56.9299909973635
"DEU","c-Mllsc","QD",44.1425257878882
"DEU","c-Mllsc","QM",65.4310184711753
"DEU","c-Mllsc","QE",41.6181131900326
"DEU","c-Mllsc","QN",-25.6575986075673
"DEU","c-FrshD","QD",361.043105435434
"DEU","c-FrshD","QM",440.33937832953
"DEU","c-FrshD","QE",113.230435441633
"DEU","c-FrshD","QN",-336.155796941583
"DEU","c-OPelag","QD",189.478815808442
"DEU","c-OPelag","QM",327.455109771966
"DEU","c-OPelag","QE",238.350928076665
"DEU","c-OPelag","QN",-85.9623708749517
"DEU","c-ODmrsl","QD",309.340544455256
"DEU","c-ODmrsl","QM",722.32555504009
"DEU","c-ODmrsl","QE",493.019931862248
"DEU","c-ODmrsl","QN",-219.334464017669
"DEU","c-OMarn","QD",28.626652610339
"DEU","c-OMarn","QM",37.840150759062
"DEU","c-OMarn","QE",9.19334101529344
"DEU","c-OMarn","QN",-33.6454260013059
"DJI","Crust","QS",6.66666666666667E-5
"DJI","ODmrsl","QS",0.668443333333333
"DJI","Tuna","QS",0.303066666666667
"DJI","Cobswf","QS",0.0594666666666667
"DJI","Mullet","QS",0.0358
"DJI","OPelag","QS",1.46702666666667
"DJI","OMarn","QS",0.02664
"DJI","c-Crust","QD",0.0762695027157035
"DJI","c-Crust","QM",0.0865560727359226
"DJI","c-Crust","QE",0.0103993613581601
"DJI","c-Crust","QN",-0.0660733176167995
"DJI","c-Mllsc","QD",0.0176631235215604
"DJI","c-Mllsc","QM",0.0177871939932955
"DJI","c-Mllsc","QE",0.000112791337940999
"DJI","c-Mllsc","QN",-0.0190435700140595
"DJI","c-FrshD","QD",0.0272729455141336
"DJI","c-FrshD","QM",0.0272729455141336
"DJI","c-FrshD","QN",-0.0280272335366565
"DJI","c-OPelag","QD",3.84510182694383
"DJI","c-OPelag","QM",2.05681772215688
"DJI","c-OPelag","QN",-1.98429438989559
"DJI","c-ODmrsl","QD",0.706581336531388
"DJI","c-ODmrsl","QM",0.00995947514019021
"DJI","c-ODmrsl","QE",0.00689155074819504
"DJI","c-ODmrsl","QN",-0.00293451832030789
"DJI","c-OMarn","QD",0.125728504402832
"DJI","c-OMarn","QM",0.0573769536105862
"DJI","c-OMarn","QE",0.000259420077264298
"DJI","c-OMarn","QN",-0.0670840405986401
"DNK","Shrimp","QS",8.08333333333333
"DNK","Crust","QS",5.69403
"DNK","Mllscs","QS",45.9418433333333
"DNK","Salmon","QS",32.88936
"DNK","ODmrsl","QS",263.717333333333
"DNK","Tuna","QS",0.001
"DNK","Eelstg","QS",1.24756333333333
"DNK","Carp","QS",0.00330333333333333
"DNK","OFrshD","QS",0.40994
"DNK","OPelag","QS",296.179243333333
"DNK","OMarn","QS",0.0236666666666667
"DNK","c-Crust","QD",37.9914588670897
"DNK","c-Crust","QM",177.216320722543
"DNK","c-Crust","QE",151.560606223996
"DNK","c-Crust","QN",-22.258815304404
"DNK","c-Mllsc","QD",8.28864791180258
"DNK","c-Mllsc","QM",14.5443563300382
"DNK","c-Mllsc","QE",58.7587792757481
"DNK","c-Mllsc","QN",40.7893032479359
"DNK","c-FrshD","QD",8.51900333066697
"DNK","c-FrshD","QM",237.328673827969
"DNK","c-FrshD","QE",262.080180763186
"DNK","c-FrshD","QN",24.0669543550441
"DNK","c-OPelag","QD",50.3972143478989
"DNK","c-OPelag","QM",185.157280133708
"DNK","c-OPelag","QE",206.673496208625
"DNK","c-OPelag","QN",22.274877219556
"DNK","c-ODmrsl","QD",23.5364542671925
"DNK","c-ODmrsl","QM",373.396636869799
"DNK","c-ODmrsl","QE",336.263391459849
"DNK","c-ODmrsl","QN",-35.5185379510348
"DNK","c-OMarn","QD",0.0384887917902069
"DOM","Shrimp","QS",0.400623333333333
"DOM","Crust","QS",1.54048333333333
"DOM","Mllscs","QS",1.37377333333333
"DOM","ODmrsl","QS",5.91864666666667
"DOM","Tuna","QS",0.71201
"DOM","Cobswf","QS",0.05
"DOM","Eelstg","QS",0.00268666666666667
"DOM","Tilapia","QS",2.50801333333333
"DOM","Carp","QS",0.27882
"DOM","Mullet","QS",0.10545
"DOM","OFrshD","QS",0.919786666666667
"DOM","OPelag","QS",2.87922666666667
"DOM","OMarn","QS",1.93448333333333
"DOM","c-Crust","QD",5.32309119408887
"DOM","c-Crust","QM",3.0677073771559
"DOM","c-Crust","QE",0.189580941293902
"DOM","c-Crust","QN",-2.49705323007875
"DOM","c-Mllsc","QD",4.12430767549749
"DOM","c-Mllsc","QM",2.22521711132193
"DOM","c-Mllsc","QN",-2.39759604226876
"DOM","c-FrshD","QD",11.866969505819
"DOM","c-FrshD","QM",8.44648865632302
"DOM","c-FrshD","QE",0.0893566853416006
"DOM","c-FrshD","QN",-8.58826522151677
"DOM","c-OPelag","QD",40.1294838539429
"DOM","c-OPelag","QM",41.8292792805879
"DOM","c-OPelag","QE",4.6975745109326
"DOM","c-OPelag","QN",-35.8224419538848
"DOM","c-ODmrsl","QD",25.8798815205087
"DOM","c-ODmrsl","QM",24.3216627982789
"DOM","c-ODmrsl","QE",1.73287539683879
"DOM","c-ODmrsl","QN",-21.6065332757295
"DOM","c-OMarn","QD",4.18716657888344
"DOM","c-OMarn","QM",1.40813091036477
"DOM","c-OMarn","QE",0.0198857650699011
"DOM","c-OMarn","QN",-1.63048170897462
"DZA","Shrimp","QS",1.77516333333333
"DZA","Crust","QS",0.238036666666667
"DZA","Mllscs","QS",1.05799333333333
"DZA","Salmon","QS",0.0344633333333333
"DZA","ODmrsl","QS",8.37734
"DZA","Tuna","QS",1.59016
"DZA","Cobswf","QS",3.241
"DZA","Eelstg","QS",0.0276133333333333
"DZA","Tilapia","QS",0.3011
"DZA","Pangas","QS",0.0996933333333333
"DZA","Carp","QS",0.758586666666667
"DZA","Mullet","QS",0.175613333333333
"DZA","OFrshD","QS",0.970866666666667
"DZA","OCarp","QS",0.0006
"DZA","OPelag","QS",65.7774266666667
"DZA","OMarn","QS",4.34853333333333
"DZA","c-Crust","QD",3.11246276469002
"DZA","c-Crust","QM",1.44010062105223
"DZA","c-Crust","QE",0.131937483344492
"DZA","c-Crust","QN",-1.13495812684988
"DZA","c-Mllsc","QD",1.5359096573518
"DZA","c-Mllsc","QM",1.00890941662643
"DZA","c-Mllsc","QE",0.698283953061888
"DZA","c-Mllsc","QN",-0.334688412326571
"DZA","c-FrshD","QD",6.79917325424505
"DZA","c-FrshD","QM",4.80837705053755
"DZA","c-FrshD","QE",0.0338372515223664
"DZA","c-FrshD","QN",-4.90658927572426
"DZA","c-OPelag","QD",103.954295346832
"DZA","c-OPelag","QM",41.5250716988428
"DZA","c-OPelag","QE",1.27594320067188
"DZA","c-OPelag","QN",-38.8299454136149
"DZA","c-ODmrsl","QD",11.399152594386
"DZA","c-ODmrsl","QM",4.71815280332419
"DZA","c-ODmrsl","QE",0.0313017741242503
"DZA","c-ODmrsl","QN",-4.48304731551636
"DZA","c-OMarn","QD",13.0297593843279
"DZA","c-OMarn","QM",0.253615127915212
"DZA","c-OMarn","QN",-0.29786873635865
"ECU","Shrimp","QS",786.445806666667
"ECU","Crust","QS",0.39738
"ECU","Mllscs","QS",5.37121333333333
"ECU","Salmon","QS",4.09533333333333
"ECU","ODmrsl","QS",53.4263266666667
"ECU","Tuna","QS",301.924723333333
"ECU","Cobswf","QS",6.73162666666667
"ECU","Tilapia","QS",7.16279666666667
"ECU","Pangas","QS",0.0978666666666667
"ECU","Carp","QS",0.000373333333333333
"ECU","Mullet","QS",3.56100666666667
"ECU","OFrshD","QS",0.38415
"ECU","OPelag","QS",320.50877
"ECU","OMarn","QS",1.33535666666667
"ECU","c-Crust","QD",38.1609445595189
"ECU","c-Crust","QM",0.154460554724265
"ECU","c-Crust","QE",749.460975165862
"ECU","c-Crust","QN",848.517109420055
"ECU","c-Mllsc","QD",0.827279289580591
"ECU","c-Mllsc","QM",7.84595545472861
"ECU","c-Mllsc","QE",21.4042283518829
"ECU","c-Mllsc","QN",12.5079661313087
"ECU","c-FrshD","QD",14.2075564200796
"ECU","c-FrshD","QM",1.61078331380007
"ECU","c-FrshD","QE",5.24124707508433
"ECU","c-FrshD","QN",3.53005600261657
"ECU","c-OPelag","QD",28.9233452728149
"ECU","c-OPelag","QM",116.561872745145
"ECU","c-OPelag","QE",564.9856568891
"ECU","c-OPelag","QN",464.235193556177
"ECU","c-ODmrsl","QD",47.0019806738715
"ECU","c-ODmrsl","QM",13.0065626787243
"ECU","c-ODmrsl","QE",27.6973289215943
"ECU","c-ODmrsl","QN",15.3295816646747
"ECU","c-OMarn","QD",3.46654106739282
"ECU","c-OMarn","QM",0.162938722950241
"ECU","c-OMarn","QN",-0.191370096523999
"EGY","Shrimp","QS",13.7263333333333
"EGY","Crust","QS",15.01
"EGY","Mllscs","QS",8.15833333333333
"EGY","ODmrsl","QS",138.222333333333
"EGY","Tuna","QS",0.649113333333333
"EGY","Cobswf","QS",0.007
"EGY","Eelstg","QS",1.16866666666667
"EGY","Tilapia","QS",1156.63733333333
"EGY","Pangas","QS",57.2746666666667
"EGY","Carp","QS",0.699333333333333
"EGY","Mullet","QS",346.131666666667
"EGY","OFrshD","QS",210.4428
"EGY","OCarp","QS",15.7363333333333
"EGY","OPelag","QS",50.4896666666667
"EGY","OMarn","QS",2.82266666666667
"EGY","c-Crust","QD",44.6709583732521
"EGY","c-Crust","QM",30.8092283941318
"EGY","c-Crust","QE",11.1715434557995
"EGY","c-Crust","QN",-17.0375922320609
"EGY","c-Mllsc","QD",15.2927638218465
"EGY","c-Mllsc","QM",8.41829888439376
"EGY","c-Mllsc","QE",1.03498695866836
"EGY","c-Mllsc","QN",-7.95526843735199
"EGY","c-FrshD","QD",1516.64726193931
"EGY","c-FrshD","QM",4.27496764017448
"EGY","c-FrshD","QE",8.46833773083457
"EGY","c-FrshD","QN",4.07739402816431
"EGY","c-OPelag","QD",545.611383508801
"EGY","c-OPelag","QM",495.016965391752
"EGY","c-OPelag","QE",0.468345003826483
"EGY","c-OPelag","QN",-477.110850609208
"EGY","c-ODmrsl","QD",581.067032403391
"EGY","c-ODmrsl","QM",187.160629747707
"EGY","c-ODmrsl","QE",14.0971638398554
"EGY","c-ODmrsl","QN",-165.537948916758
"EGY","c-OMarn","QD",33.4719914927128
"EGY","c-OMarn","QM",29.766485315335
"EGY","c-OMarn","QE",0.613782149244897
"EGY","c-OMarn","QN",-34.2395933748289
"ERI","Shrimp","QS",0.413943333333333
"ERI","Crust","QS",0.0176933333333333
"ERI","Mllscs","QS",0.0628166666666667
"ERI","ODmrsl","QS",3.12568666666667
"ERI","Cobswf","QS",0.01244
"ERI","Carp","QS",0.0216266666666667
"ERI","Mullet","QS",0.0435033333333333
"ERI","OPelag","QS",1.39825333333333
"ERI","OMarn","QS",0.0125533333333333
"ERI","c-Crust","QD",0.322482247594514
"ERI","c-Crust","QM",0.0504118918666735
"ERI","c-Crust","QE",0.112499069282361
"ERI","c-Crust","QN",0.0703077195854216
"ERI","c-Mllsc","QD",0.0574261138050347
"ERI","c-FrshD","QD",0.0314146636749055
"ERI","c-FrshD","QM",0.0105258582120182
"ERI","c-FrshD","QN",-0.010816971937596
"ERI","c-OPelag","QD",1.59714286066933
"ERI","c-OPelag","QM",0.00712282924579391
"ERI","c-OPelag","QN",-0.00687167849652311
"ERI","c-ODmrsl","QD",3.07781343472604
"ERI","c-ODmrsl","QM",0.0404652726276297
"ERI","c-ODmrsl","QE",0.0044981526495039
"ERI","c-ODmrsl","QN",-0.034403120487556
"ERI","c-OMarn","QD",0.0286180255085138
"ERI","c-OMarn","QM",0.0184813434814627
"ERI","c-OMarn","QN",-0.0217061753148806
"ETH","Salmon","QS",0.105666666666667
"ETH","Tilapia","QS",21.3816666666667
"ETH","Pangas","QS",18.4323333333333
"ETH","Carp","QS",6.32066666666667
"ETH","OFrshD","QS",14.2123333333333
"ETH","c-Crust","QD",0.0312679191905595
"ETH","c-Crust","QM",0.0312679191905595
"ETH","c-Crust","QN",-0.0271279460275843
"ETH","c-Mllsc","QD",0.00728296361107372
"ETH","c-Mllsc","QM",0.00728296361107372
"ETH","c-Mllsc","QN",-0.0078471465283333
"ETH","c-FrshD","QD",60.0041846155831
"ETH","c-FrshD","QM",0.0436367512451205
"ETH","c-FrshD","QE",0.492118802328712
"ETH","c-FrshD","QN",0.436078380226933
"ETH","c-OPelag","QD",3.02223663559474
"ETH","c-OPelag","QM",3.02223663559474
"ETH","c-OPelag","QN",-2.91567266090007
"ETH","c-ODmrsl","QD",0.00843236987930183
"ETH","c-ODmrsl","QM",0.00843236987930183
"ETH","c-ODmrsl","QN",-0.00806569547769435
"ETH","c-OMarn","QD",0.125773526607439
"ETH","c-OMarn","QM",0.125773526607439
"ETH","c-OMarn","QN",-0.147719900409308
"FJI","Shrimp","QS",0.0487333333333333
"FJI","Crust","QS",0.605
"FJI","Mllscs","QS",3.131
"FJI","ODmrsl","QS",3.99149333333333
"FJI","Tuna","QS",12.2483333333333
"FJI","Cobswf","QS",0.0953333333333333
"FJI","Tilapia","QS",0.1016
"FJI","Carp","QS",0.033
"FJI","Mullet","QS",0.56
"FJI","OFrshD","QS",0.03
"FJI","OPelag","QS",2.15466666666667
"FJI","OMarn","QS",14.3333333333333
"FJI","c-Crust","QD",0.968686150163045
"FJI","c-Crust","QM",0.44439993739554
"FJI","c-Crust","QE",0.0338946823275571
"FJI","c-Crust","QN",-0.356153037739916
"FJI","c-Mllsc","QD",2.99649811384554
"FJI","c-Mllsc","QM",0.39918010571734
"FJI","c-Mllsc","QE",0.00602153345030204
"FJI","c-Mllsc","QN",-0.423615040552828
"FJI","c-FrshD","QD",0.737498751136695
"FJI","c-FrshD","QM",0.526188694274903
"FJI","c-FrshD","QE",0.0606101891554992
"FJI","c-FrshD","QN",-0.47845501271092
"FJI","c-OPelag","QD",10.936073934441
"FJI","c-OPelag","QM",27.3709386291489
"FJI","c-OPelag","QE",30.0851784842577
"FJI","c-OPelag","QN",2.80994387240133
"FJI","c-ODmrsl","QD",5.57976288593323
"FJI","c-ODmrsl","QM",0.00979060058759989
"FJI","c-ODmrsl","QE",0.28284156674608
"FJI","c-ODmrsl","QN",0.284924354192639
"FJI","c-OMarn","QD",2.78327660150697
"FJI","c-OMarn","QM",0.0812503187168922
"FJI","c-OMarn","QE",15.4612787572664
"FJI","c-OMarn","QN",12.6963487938713
"FNP","Crust","QS",0.135666666666667
"FNP","Salmon","QS",24.12481
"FNP","ODmrsl","QS",0.07507
"FNP","Eelstg","QS",0.004
"FNP","Carp","QS",1.90115666666667
"FNP","OFrshD","QS",22.8258633333333
"FNP","OPelag","QS",108.830563333333
"FNP","c-Crust","QD",9.05651872231097
"FNP","c-Crust","QM",8.98071249038226
"FNP","c-Crust","QE",0.0431366005954141
"FNP","c-Crust","QN",-7.75421206886002
"FNP","c-Mllsc","QD",1.1763093713428
"FNP","c-Mllsc","QM",1.18279395836041
"FNP","c-Mllsc","QE",0.00648458701761127
"FNP","c-Mllsc","QN",-1.2674334917098
"FNP","c-FrshD","QD",79.9131341029994
"FNP","c-FrshD","QM",58.5028251292051
"FNP","c-FrshD","QE",21.735771805901
"FNP","c-FrshD","QN",-37.7839199441413
"FNP","c-OPelag","QD",46.7792909208167
"FNP","c-OPelag","QM",26.3725510832194
"FNP","c-OPelag","QE",48.4961293866302
"FNP","c-OPelag","QN",22.903655022326
"FNP","c-ODmrsl","QD",12.5034115242185
"FNP","c-ODmrsl","QM",12.6028124898879
"FNP","c-ODmrsl","QE",0.228220458583131
"FNP","c-ODmrsl","QN",-11.8364934667063
"FNP","c-OMarn","QD",5.97164384970596
"FNP","c-OMarn","QM",5.63331757052624
"FNP","c-OMarn","QE",0.326881335516842
"FNP","c-OMarn","QN",-6.23236267048876
"FRP","Shrimp","QS",0.715776666666667
"FRP","Crust","QS",14.48729
"FRP","Mllscs","QS",223.37112
"FRP","Salmon","QS",38.9119
"FRP","ODmrsl","QS",168.99215
"FRP","Tuna","QS",118.877163333333
"FRP","Cobswf","QS",0.18371
"FRP","Eelstg","QS",0.96441
"FRP","Pangas","QS",0.01174
"FRP","Carp","QS",1.44112333333333
"FRP","Mullet","QS",1.70252
"FRP","OFrshD","QS",1.82868333333333
"FRP","OCarp","QS",0.02833
"FRP","OPelag","QS",79.2436466666667
"FRP","OMarn","QS",1.34730333333333
"FRP","c-Crust","QD",215.552385602009
"FRP","c-Crust","QM",238.120776663964
"FRP","c-Crust","QE",36.2642558968707
"FRP","c-Crust","QN",-175.130067572228
"FRP","c-Mllsc","QD",390.91000665243
"FRP","c-Mllsc","QM",253.157943289433
"FRP","c-Mllsc","QE",73.5520762011135
"FRP","c-Mllsc","QN",-193.519236351452
"FRP","c-FrshD","QD",266.356190645016
"FRP","c-FrshD","QM",268.440333431901
"FRP","c-FrshD","QE",42.2842875531015
"FRP","c-FrshD","QN",-232.410845036417
"FRP","c-OPelag","QD",448.718279791063
"FRP","c-OPelag","QM",376.620270870108
"FRP","c-OPelag","QE",127.018706584904
"FRP","c-OPelag","QN",-240.80062048518
"FRP","c-ODmrsl","QD",735.399645285727
"FRP","c-ODmrsl","QM",648.906676915828
"FRP","c-ODmrsl","QE",88.1942303253354
"FRP","c-ODmrsl","QN",-536.330344788708
"FRP","c-OMarn","QD",7.30913108113571
"FRP","c-OMarn","QM",13.5733292564469
"FRP","c-OMarn","QE",7.54653662254177
"FRP","c-OMarn","QN",-7.07841492309212
"GAB","Shrimp","QS",0.193333333333333
"GAB","Crust","QS",0.056
"GAB","Mllscs","QS",0.363
"GAB","ODmrsl","QS",6.96166666666667
"GAB","Tuna","QS",0.034
"GAB","Tilapia","QS",0.541
"GAB","Pangas","QS",8.555
"GAB","Mullet","QS",2.08333333333333
"GAB","OFrshD","QS",1.87
"GAB","OPelag","QS",7.65433333333333
"GAB","OMarn","QS",0.996666666666667
"GAB","c-Crust","QD",0.259240807663626
"GAB","c-Crust","QM",0.0525038289451041
"GAB","c-Crust","QE",0.0232610623530087
"GAB","c-Crust","QN",-0.025370930152817
"GAB","c-Mllsc","QD",0.388972170595996
"GAB","c-Mllsc","QM",0.0369292061033672
"GAB","c-Mllsc","QN",-0.0397899683348025
"GAB","c-FrshD","QD",16.6844055039293
"GAB","c-FrshD","QM",5.69209089944358
"GAB","c-FrshD","QN",-5.84951709260403
"GAB","c-OPelag","QD",33.5790381546492
"GAB","c-OPelag","QM",26.8841190787587
"GAB","c-OPelag","QE",1.01673841278036
"GAB","c-OPelag","QN",-24.9552975861025
"GAB","c-ODmrsl","QD",20.4224057706648
"GAB","c-ODmrsl","QM",11.4098335254976
"GAB","c-ODmrsl","QE",0.000332877301669248
"GAB","c-ODmrsl","QN",-10.9133682580494
"GAB","c-OMarn","QD",2.13712271267137
"GAB","c-OMarn","QM",1.16709808122526
"GAB","c-OMarn","QE",0.028607273561636
"GAB","c-OMarn","QN",-1.33714743683617
"GEO","Mllscs","QS",0.0172866666666667
"GEO","Salmon","QS",1.2948
"GEO","ODmrsl","QS",2.11158666666667
"GEO","Eelstg","QS",0.0927333333333333
"GEO","Pangas","QS",0.0048
"GEO","Carp","QS",0.480833333333333
"GEO","Mullet","QS",1.35
"GEO","OFrshD","QS",0.0032
"GEO","OCarp","QS",0.5643
"GEO","OPelag","QS",209.375133333333
"GEO","OMarn","QS",12.6194966666667
"GEO","c-Crust","QD",0.446198640638936
"GEO","c-Crust","QM",0.446198640638936
"GEO","c-Crust","QN",-0.387120504152037
"GEO","c-Mllsc","QD",0.277208728273814
"GEO","c-Mllsc","QM",0.248750855722514
"GEO","c-Mllsc","QE",0.000107591200572022
"GEO","c-Mllsc","QN",-0.267904692949463
"GEO","c-FrshD","QD",5.79501448367656
"GEO","c-FrshD","QM",3.80728498497523
"GEO","c-FrshD","QE",0.219226037098875
"GEO","c-FrshD","QN",-3.68729391635774
"GEO","c-OPelag","QD",19.744679866375
"GEO","c-OPelag","QM",9.4293286818655
"GEO","c-OPelag","QE",1.2831954195556
"GEO","c-OPelag","QN",-7.85890084357728
"GEO","c-ODmrsl","QD",3.99706689685089
"GEO","c-ODmrsl","QM",3.70150490294617
"GEO","c-ODmrsl","QE",0.0710101923775343
"GEO","c-ODmrsl","QN",-3.47262574910331
"GEO","c-OMarn","QD",5.57438976097025
"GEO","c-OMarn","QM",4.07175312191464
"GEO","c-OMarn","QE",0.160346752585836
"GEO","c-OMarn","QN",-4.593912367115
"GHA","Shrimp","QS",0.981753333333333
"GHA","Crust","QS",0.361106666666667
"GHA","Mllscs","QS",3.44765666666667
"GHA","ODmrsl","QS",37.48057
"GHA","Tuna","QS",84.1129666666667
"GHA","Cobswf","QS",0.0274666666666667
"GHA","Tilapia","QS",62.71
"GHA","Pangas","QS",4.57666666666667
"GHA","Mullet","QS",0.0496566666666667
"GHA","OFrshD","QS",86.14305
"GHA","OPelag","QS",139.77825
"GHA","OMarn","QS",9.49299666666667
"GHA","c-Crust","QD",0.343790227984923
"GHA","c-Crust","QM",0.228019282964957
"GHA","c-Crust","QE",0.595065670158674
"GHA","c-Crust","QN",0.415644510506246
"GHA","c-Mllsc","QD",0.670998710166265
"GHA","c-Mllsc","QM",0.263245353714701
"GHA","c-Mllsc","QE",11.015018510596
"GHA","c-Mllsc","QN",9.91887503061035
"GHA","c-FrshD","QD",168.235507629831
"GHA","c-FrshD","QM",1.60607707572288
"GHA","c-FrshD","QE",1.68947248071825
"GHA","c-FrshD","QN",0.0810889377643558
"GHA","c-OPelag","QD",634.511905296901
"GHA","c-OPelag","QM",478.640875962986
"GHA","c-OPelag","QE",105.084444381681
"GHA","c-OPelag","QN",-360.384842813827
"GHA","c-ODmrsl","QD",80.5635765327839
"GHA","c-ODmrsl","QM",14.5810903853672
"GHA","c-ODmrsl","QE",2.36419078585513
"GHA","c-ODmrsl","QN",-11.6856581556156
"GHA","c-OMarn","QD",13.518074175354
"GHA","c-OMarn","QM",7.3604758956358
"GHA","c-OMarn","QE",0.136837062330175
"GHA","c-OMarn","QN",-8.48410025409592
"GIN","Shrimp","QS",0.644
"GIN","Mllscs","QS",2.24166666666667
"GIN","ODmrsl","QS",124.575666666667
"GIN","Tilapia","QS",0.497333333333333
"GIN","Pangas","QS",0.0597333333333333
"GIN","Mullet","QS",7.68733333333333
"GIN","OFrshD","QS",46.9263333333333
"GIN","OPelag","QS",149.907333333333
"GIN","c-Crust","QD",0.511805905016371
"GIN","c-Crust","QM",0.0046749107095323
"GIN","c-Crust","QE",0.0756192164277602
"GIN","c-Crust","QN",0.0803375601893488
"GIN","c-Mllsc","QD",2.11563222470852
"GIN","c-Mllsc","QM",0.00310738640850569
"GIN","c-Mllsc","QE",0.0497366239984561
"GIN","c-Mllsc","QN",0.043017051576404
"GIN","c-FrshD","QD",45.4928562375556
"GIN","c-FrshD","QM",0.110888513200859
"GIN","c-FrshD","QE",4.88503273171933
"GIN","c-FrshD","QN",4.64210568238163
"GIN","c-OPelag","QD",53.2163066491868
"GIN","c-OPelag","QM",3.54757489442751
"GIN","c-OPelag","QE",2.26519248448882
"GIN","c-OPelag","QN",-1.23716564396076
"GIN","c-ODmrsl","QD",34.9899639426558
"GIN","c-ODmrsl","QM",1.05367139368772
"GIN","c-ODmrsl","QE",2.14812608139568
"GIN","c-ODmrsl","QN",1.14204611496341
"GIN","c-OMarn","QD",0.064213171954996
"GIN","c-OMarn","QM",0.064213171954996
"GIN","c-OMarn","QN",-0.0754178054954587
"GMB","Shrimp","QS",1.41098
"GMB","Crust","QS",0.136573333333333
"GMB","Mllscs","QS",1.32496333333333
"GMB","ODmrsl","QS",16.2379633333333
"GMB","Tilapia","QS",1.67997333333333
"GMB","Pangas","QS",0.00233333333333333
"GMB","Mullet","QS",1.15533666666667
"GMB","OFrshD","QS",0.503636666666667
"GMB","OPelag","QS",29.59745
"GMB","OMarn","QS",1.26458666666667
"GMB","c-Crust","QD",1.47711738644742
"GMB","c-Mllsc","QD",0.654338085866574
"GMB","c-Mllsc","QM",9.4810995561338E-5
"GMB","c-Mllsc","QE",0.191831087319255
"GMB","c-Mllsc","QN",0.176883211349387
"GMB","c-FrshD","QD",2.52765166056571
"GMB","c-FrshD","QM",0.0444568758187114
"GMB","c-FrshD","QN",-0.0456864199077966
"GMB","c-OPelag","QD",35.7614180961971
"GMB","c-OPelag","QM",5.23454350824014
"GMB","c-OPelag","QE",0.0950385419506852
"GMB","c-OPelag","QN",-4.95828617265815
"GMB","c-ODmrsl","QD",15.9248056151659
"GMB","c-ODmrsl","QM",0.0674485422423358
"GMB","c-ODmrsl","QE",0.670617133804456
"GMB","c-ODmrsl","QN",0.62939686256365
"GMB","c-OMarn","QD",1.35942849765713
"GNB","Shrimp","QS",0.00316666666666667
"GNB","Crust","QS",0.0190166666666667
"GNB","Mllscs","QS",0.07389
"GNB","ODmrsl","QS",6.10686666666667
"GNB","Tuna","QS",0.37439
"GNB","Tilapia","QS",0.0133333333333333
"GNB","OFrshD","QS",0.15
"GNB","OPelag","QS",52.6404
"GNB","OMarn","QS",2.55342333333333
"GNB","c-Crust","QD",0.0633549551991579
"GNB","c-Crust","QM",0.000566128762949421
"GNB","c-Crust","QE",1.0293250235444E-5
"GNB","c-Crust","QN",-0.000482241101405687
"GNB","c-Mllsc","QD",0.00438492460029915
"GNB","c-Mllsc","QM",0.0044672706021827
"GNB","c-Mllsc","QE",8.23460018835522E-5
"GNB","c-Mllsc","QN",-0.00472460768606914
"GNB","c-FrshD","QD",0.0850222469447676
"GNB","c-FrshD","QM",0.0109726047509833
"GNB","c-FrshD","QE",0.0854854432053626
"GNB","c-FrshD","QN",0.0724520364210528
"GNB","c-OPelag","QD",1.41996416322974
"GNB","c-OPelag","QM",1.1065449868107
"GNB","c-OPelag","QE",0.000535249012243089
"GNB","c-OPelag","QN",-1.06701186704185
"GNB","c-ODmrsl","QD",0.191011844619135
"GNB","c-ODmrsl","QM",0.391380253702288
"GNB","c-ODmrsl","QE",3.76697961566451
"GNB","c-ODmrsl","QN",3.52238441691483
"GNB","c-OMarn","QD",0.62417240102709
"GNB","c-OMarn","QM",0.000380850258711429
"GNB","c-OMarn","QE",2.18626576350784
"GNB","c-OMarn","QN",1.80446722792207
"GNQ","Crust","QS",0.02
"GNQ","Mllscs","QS",0.02
"GNQ","ODmrsl","QS",0.68
"GNQ","Tuna","QS",0.0161233333333333
"GNQ","Tilapia","QS",0.006
"GNQ","Pangas","QS",0.002
"GNQ","OFrshD","QS",0.998666666666666
"GNQ","OPelag","QS",4.06658
"GNQ","OMarn","QS",0.433333333333333
"GNQ","c-Crust","QD",0.0583635193925224
"GNQ","c-Crust","QM",0.038954301104354
"GNQ","c-Crust","QN",-0.0337966262308955
"GNQ","c-Mllsc","QD",0.178458057550564
"GNQ","c-Mllsc","QM",0.159048839262396
"GNQ","c-Mllsc","QN",-0.171369735385695
"GNQ","c-FrshD","QD",1.97401454599817
"GNQ","c-FrshD","QM",0.964735195013411
"GNQ","c-FrshD","QN",-0.991416882260132
"GNQ","c-OPelag","QD",7.28243574781223
"GNQ","c-OPelag","QM",3.18906072466494
"GNQ","c-OPelag","QE",0.00294049657065751
"GNQ","c-OPelag","QN",-3.07377772275833
"GNQ","c-ODmrsl","QD",2.14523296512725
"GNQ","c-ODmrsl","QM",1.48918197776886
"GNQ","c-ODmrsl","QE",0.00386243443934551
"GNQ","c-ODmrsl","QN",-1.42073169168854
"GNQ","c-OMarn","QD",4.36137750927031
"GNQ","c-OMarn","QM",3.94870841463642
"GNQ","c-OMarn","QE",0.0269594042022659
"GNQ","c-OMarn","QN",-4.60605970809575
"GRC","Shrimp","QS",3.85906666666667
"GRC","Crust","QS",2.66138
"GRC","Mllscs","QS",26.3780933333333
"GRC","Salmon","QS",1.93694333333333
"GRC","ODmrsl","QS",132.108816666667
"GRC","Tuna","QS",0.5434
"GRC","Cobswf","QS",0.69596
"GRC","Eelstg","QS",0.40502
"GRC","Pangas","QS",0.018
"GRC","Carp","QS",0.202566666666667
"GRC","Mullet","QS",2.10872
"GRC","OFrshD","QS",0.573
"GRC","OPelag","QS",29.74329
"GRC","OMarn","QS",4.92210333333333
"GRC","c-Crust","QD",17.3166170105963
"GRC","c-Crust","QM",16.0892189460977
"GRC","c-Crust","QE",5.03636951326273
"GRC","c-Crust","QN",-9.58941658501831
"GRC","c-Mllsc","QD",44.2516067901955
"GRC","c-Mllsc","QM",36.5304359893903
"GRC","c-Mllsc","QE",22.9344608953144
"GRC","c-Mllsc","QN",-14.6492025027508
"GRC","c-FrshD","QD",26.1480521775834
"GRC","c-FrshD","QM",37.9588988104409
"GRC","c-FrshD","QE",14.7243004508764
"GRC","c-FrshD","QN",-23.8771977898926
"GRC","c-OPelag","QD",51.8304889030564
"GRC","c-OPelag","QM",22.2745438269968
"GRC","c-OPelag","QE",7.32759495728816
"GRC","c-OPelag","QN",-14.4199198931041
"GRC","c-ODmrsl","QD",70.7328141805035
"GRC","c-ODmrsl","QM",54.0446826651117
"GRC","c-ODmrsl","QE",106.106071991335
"GRC","c-ODmrsl","QN",54.3252343723119
"GRC","c-OMarn","QD",9.92156581032973
"GRC","c-OMarn","QM",10.6974001848156
"GRC","c-OMarn","QE",4.41148453881733
"GRC","c-OMarn","QN",-7.38275262095773
"GRL","Shrimp","QS",106.105333333333
"GRL","Crust","QS",2.91333333333333
"GRL","Mllscs","QS",0.446
"GRL","Salmon","QS",0.0236666666666667
"GRL","ODmrsl","QS",117.832333333333
"GRL","OPelag","QS",37.1166666666667
"GRL","OMarn","QS",0.701
"GRL","c-Crust","QD",0.251191472489652
"GRL","c-Crust","QM",0.155086213023404
"GRL","c-Crust","QE",106.188592894108
"GRL","c-Crust","QN",120.072684323848
"GRL","c-Mllsc","QD",0.752254619898257
"GRL","c-Mllsc","QM",0.549305748004178
"GRL","c-Mllsc","QE",0.0460129425784093
"GRL","c-Mllsc","QN",-0.54228094519474
"GRL","c-FrshD","QD",0.155266185419409
"GRL","c-FrshD","QM",0.151986688425554
"GRL","c-FrshD","QE",0.00671896945082378
"GRL","c-FrshD","QN",-0.149285389175593
"GRL","c-OPelag","QD",0.450480905664979
"GRL","c-OPelag","QM",0.323800335810905
"GRL","c-OPelag","QE",34.5619989133126
"GRL","c-OPelag","QN",35.4454364502192
"GRL","c-ODmrsl","QD",3.0043791911627
"GRL","c-ODmrsl","QM",0.225215456666378
"GRL","c-ODmrsl","QE",121.679036984452
"GRL","c-ODmrsl","QN",126.735137215912
"GRL","c-OMarn","QD",0.257960434272699
"GSA","Shrimp","QS",20.9248133333333
"GSA","ODmrsl","QS",4.68875333333333
"GSA","Tuna","QS",0.115833333333333
"GSA","Cobswf","QS",0.00306666666666667
"GSA","Tilapia","QS",0.01031
"GSA","Pangas","QS",0.01603
"GSA","Mullet","QS",0.01281
"GSA","OFrshD","QS",1.15856333333333
"GSA","OPelag","QS",0.858133333333333
"GSA","OMarn","QS",43.6277
"GSA","c-Crust","QD",11.6273544913927
"GSA","c-Crust","QM",0.155627328778169
"GSA","c-Crust","QE",8.76344662487225
"GSA","c-Crust","QN",9.74752228241653
"GSA","c-Mllsc","QD",0.0150472434412177
"GSA","c-Mllsc","QM",0.0157365042698155
"GSA","c-Mllsc","QE",0.000689260828597716
"GSA","c-Mllsc","QN",-0.0162128949746777
"GSA","c-FrshD","QD",1.29972264105842
"GSA","c-FrshD","QM",0.399363548828913
"GSA","c-FrshD","QE",0.782660524822203
"GSA","c-FrshD","QN",0.372696129160989
"GSA","c-OPelag","QD",7.57252040784333
"GSA","c-OPelag","QM",6.61935034508464
"GSA","c-OPelag","QE",4.15221401836158
"GSA","c-OPelag","QN",-2.38014517255837
"GSA","c-ODmrsl","QD",3.2932591153429
"GSA","c-ODmrsl","QM",0.264491708100631
"GSA","c-ODmrsl","QE",1.21164287348283
"GSA","c-ODmrsl","QN",0.988337224790103
"GSA","c-OMarn","QD",7.92485889394369
"GSA","c-OMarn","QM",2.3111692214801
"GSA","c-OMarn","QE",25.4769538494775
"GSA","c-OMarn","QN",19.1235590295499
"GTM","Shrimp","QS",19.41986
"GTM","Crust","QS",0.00641333333333333
"GTM","Mllscs","QS",0.00742
"GTM","Salmon","QS",0.0946766666666667
"GTM","ODmrsl","QS",0.420246666666667
"GTM","Tuna","QS",8.7465
"GTM","Cobswf","QS",0.00166666666666667
"GTM","Tilapia","QS",13.575
"GTM","Carp","QS",0.005
"GTM","OFrshD","QS",2.25
"GTM","OPelag","QS",0.367283333333333
"GTM","OMarn","QS",0.279396666666667
"GTM","c-Crust","QD",17.2109125079473
"GTM","c-Crust","QM",7.54851198136786
"GTM","c-Crust","QE",10.1324285991166
"GTM","c-Crust","QN",2.92603549645154
"GTM","c-Mllsc","QD",0.820735970876987
"GTM","c-Mllsc","QM",0.84383799666169
"GTM","c-Mllsc","QE",0.0298808119191014
"GTM","c-Mllsc","QN",-0.877011287925835
"GTM","c-FrshD","QD",16.564394241774
"GTM","c-FrshD","QM",3.57152096742051
"GTM","c-FrshD","QE",0.0220189672297067
"GTM","c-FrshD","QN",-3.64767059893192
"GTM","c-OPelag","QD",22.1547556960394
"GTM","c-OPelag","QM",24.8098930839448
"GTM","c-OPelag","QE",14.8327770156479
"GTM","c-OPelag","QN",-9.62532324979097
"GTM","c-ODmrsl","QD",0.567503342486855
"GTM","c-ODmrsl","QM",0.093607203681845
"GTM","c-ODmrsl","QE",0.00381004527382716
"GTM","c-ODmrsl","QN",-0.0858924056757956
"GTM","c-OMarn","QD",1.06950098272776
"GTM","c-OMarn","QM",1.14166942912007
"GTM","c-OMarn","QE",0.362756924764158
"GTM","c-OMarn","QN",-0.914825883273074
"HND","Shrimp","QS",33.3934266666667
"HND","Crust","QS",2.90864333333333
"HND","Mllscs","QS",1.1313
"HND","Tilapia","QS",34.8
"HND","OFrshD","QS",0.6
"HND","OMarn","QS",9.33333333333333
"HND","c-Crust","QD",1.09989311109792
"HND","c-Crust","QM",0.479956158287507
"HND","c-Crust","QE",37.8825656685101
"HND","c-Crust","QN",42.3548354211913
"HND","c-Mllsc","QD",0.60662794322185
"HND","c-Mllsc","QM",0.501562760273876
"HND","c-Mllsc","QE",0.665132131204903
"HND","c-Mllsc","QN",0.150898286768823
"HND","c-FrshD","QD",34.2388443296331
"HND","c-FrshD","QM",3.07809870066073
"HND","c-FrshD","QE",6.42372287106809
"HND","c-FrshD","QN",3.25309422206372
"HND","c-OPelag","QD",9.30087195781758
"HND","c-OPelag","QM",9.30883066339716
"HND","c-OPelag","QE",0.00795870557957973
"HND","c-OPelag","QN",-8.97292348671574
"HND","c-ODmrsl","QD",0.00885213446399707
"HND","c-ODmrsl","QM",0.00885213446399707
"HND","c-ODmrsl","QN",-0.00846720695797027
"HND","c-OMarn","QD",2.748546673881
"HND","c-OMarn","QM",0.106543961791148
"HND","c-OMarn","QE",0.644172494962422
"HND","c-OMarn","QN",0.443817084341079
"HRV","Shrimp","QS",0.71092
"HRV","Crust","QS",0.283866666666667
"HRV","Mllscs","QS",2.04101
"HRV","Salmon","QS",0.36029
"HRV","ODmrsl","QS",19.0477633333333
"HRV","Tuna","QS",4.35893333333333
"HRV","Cobswf","QS",0.0273
"HRV","Eelstg","QS",0.00116333333333333
"HRV","Pangas","QS",0.07371
"HRV","Carp","QS",2.38992
"HRV","Mullet","QS",0.100406666666667
"HRV","OFrshD","QS",0.168333333333333
"HRV","OCarp","QS",0.751876666666667
"HRV","OPelag","QS",58.7906866666667
"HRV","OMarn","QS",0.0793433333333333
"HRV","c-Crust","QD",4.52508773606946
"HRV","c-Crust","QM",4.21865994450848
"HRV","c-Crust","QE",0.765922581591066
"HRV","c-Crust","QN",-2.99558382052257
"HRV","c-Mllsc","QD",16.5958286810144
"HRV","c-Mllsc","QM",17.7177149261004
"HRV","c-Mllsc","QE",3.27811843033428
"HRV","c-Mllsc","QN",-15.5581759793496
"HRV","c-FrshD","QD",7.47267672310958
"HRV","c-FrshD","QM",5.4334272610538
"HRV","c-FrshD","QE",2.24370953418142
"HRV","c-FrshD","QN",-3.27793576974429
"HRV","c-OPelag","QD",34.6080727164531
"HRV","c-OPelag","QM",39.3948685054302
"HRV","c-OPelag","QE",55.8991067127925
"HRV","c-OPelag","QN",17.0861771601134
"HRV","c-ODmrsl","QD",22.4175475067342
"HRV","c-ODmrsl","QM",17.2459437179041
"HRV","c-ODmrsl","QE",12.8915296723404
"HRV","c-ODmrsl","QN",-4.16506607015911
"HRV","c-OMarn","QD",0.303909551937142
"HRV","c-OMarn","QM",0.236147920725636
"HRV","c-OMarn","QN",-0.277353655195932
"HTI","Shrimp","QS",0.1
"HTI","Crust","QS",0.45
"HTI","Mllscs","QS",0.07
"HTI","Tilapia","QS",1.44166666666667
"HTI","Carp","QS",0.0633333333333333
"HTI","OFrshD","QS",0.673333333333333
"HTI","OMarn","QS",15.0833333333333
"HTI","c-Crust","QD",0.514958044307921
"HTI","c-Crust","QM",0.0918801079772875
"HTI","c-Crust","QE",0.12621530484967
"HTI","c-Crust","QN",0.0388812874750483
"HTI","c-Mllsc","QD",0.00883846690868473
"HTI","c-Mllsc","QM",0.00137820161965931
"HTI","c-Mllsc","QE",0.0424845629712371
"HTI","c-Mllsc","QN",0.0379220111194831
"HTI","c-FrshD","QD",2.17126676905892
"HTI","c-FrshD","QM",0.0362127469049614
"HTI","c-FrshD","QE",0.0221211346923578
"HTI","c-FrshD","QN",-0.0144813440185978
"HTI","c-OPelag","QD",32.9696687154426
"HTI","c-OPelag","QM",32.969838493903
"HTI","c-OPelag","QE",0.000169778460392814
"HTI","c-OPelag","QN",-31.8071591682732
"HTI","c-ODmrsl","QD",6.14572060504515
"HTI","c-ODmrsl","QM",6.14771799869683
"HTI","c-ODmrsl","QE",0.00200738061993856
"HTI","c-ODmrsl","QN",-5.87846964127065
"HTI","c-OMarn","QD",15.0048106031835
"HTI","c-OMarn","QM",0.104473674951131
"HTI","c-OMarn","QE",0.000219713301684818
"HTI","c-OMarn","QN",-0.122445360701376
"HUN","Salmon","QS",0.0818533333333333
"HUN","Eelstg","QS",0.0810666666666667
"HUN","Pangas","QS",0.632653333333333
"HUN","Carp","QS",14.9133666666667
"HUN","OFrshD","QS",5.39196333333333
"HUN","OCarp","QS",1.70677666666667
"HUN","c-Crust","QD",1.66063031427291
"HUN","c-Crust","QM",1.75334869407771
"HUN","c-Crust","QE",0.092718379804795
"HUN","c-Crust","QN",-1.44075751452522
"HUN","c-Mllsc","QD",1.73631457892674
"HUN","c-Mllsc","QM",2.00461220376223
"HUN","c-Mllsc","QE",0.268307936043213
"HUN","c-Mllsc","QN",-1.87080901871386
"HUN","c-FrshD","QD",30.1070561223836
"HUN","c-FrshD","QM",11.621824086773
"HUN","c-FrshD","QE",4.28388404752228
"HUN","c-FrshD","QN",-7.54088549223568
"HUN","c-OPelag","QD",13.9232547159202
"HUN","c-OPelag","QM",14.264761915557
"HUN","c-OPelag","QE",0.341517510844597
"HUN","c-OPelag","QN",-13.4323112173714
"HUN","c-ODmrsl","QD",14.0095492133163
"HUN","c-ODmrsl","QM",14.4562925989283
"HUN","c-ODmrsl","QE",0.446743385611938
"HUN","c-ODmrsl","QN",-13.4003559321733
"HUN","c-OMarn","QD",1.89824178493814
"HUN","c-OMarn","QM",1.96052147955791
"HUN","c-OMarn","QE",0.0599493616753868
"HUN","c-OMarn","QN",-2.23220523068093
"IDN","Shrimp","QS",1089.72908666667
"IDN","Crust","QS",261.471946666667
"IDN","Mllscs","QS",456.006373333333
"IDN","ODmrsl","QS",1285.72331333333
"IDN","Tuna","QS",888.737286666667
"IDN","Cobswf","QS",3.03918333333333
"IDN","Eelstg","QS",4.32913
"IDN","Tilapia","QS",1419.77813333333
"IDN","Pangas","QS",1468.3764
"IDN","Carp","QS",1432.41045333333
"IDN","Mullet","QS",95.0398533333333
"IDN","OFrshD","QS",719.62571
"IDN","OCarp","QS",0.850856666666667
"IDN","OPelag","QS",2419.34698666667
"IDN","OMarn","QS",969.261746666667
"IDN","c-Crust","QD",1061.94980061564
"IDN","c-Crust","QM",11.7820830922203
"IDN","c-Crust","QE",372.915707741313
"IDN","c-Crust","QN",408.948879165504
"IDN","c-Mllsc","QD",198.203489632955
"IDN","c-Mllsc","QM",7.73776667300295
"IDN","c-Mllsc","QE",185.988515514817
"IDN","c-Mllsc","QN",164.442355328441
"IDN","c-FrshD","QD",5285.19277985665
"IDN","c-FrshD","QM",9.10071362029445
"IDN","c-FrshD","QE",81.3061510758701
"IDN","c-FrshD","QN",70.2084512259236
"IDN","c-OPelag","QD",2966.75613070203
"IDN","c-OPelag","QM",101.14009149879
"IDN","c-OPelag","QE",310.572101726477
"IDN","c-OPelag","QN",216.816576735585
"IDN","c-ODmrsl","QD",1554.01314748163
"IDN","c-ODmrsl","QM",2.9947645885868
"IDN","c-ODmrsl","QE",52.1400092202488
"IDN","c-ODmrsl","QN",51.2822836165625
"IDN","c-OMarn","QD",731.988297355425
"IDN","c-OMarn","QM",14.0596077237464
"IDN","c-OMarn","QE",226.315700688324
"IDN","c-OMarn","QN",175.219272231516
"IND","Shrimp","QS",1301.75948666667
"IND","Crust","QS",61.69347
"IND","Mllscs","QS",308.476686666667
"IND","Salmon","QS",0.948666666666667
"IND","ODmrsl","QS",1038.89058666667
"IND","Tuna","QS",54.6399066666667
"IND","Cobswf","QS",1.45331
"IND","Pangas","QS",238.743243333333
"IND","Carp","QS",4967.43766666667
"IND","Mullet","QS",17.31126
"IND","OFrshD","QS",3552.6603
"IND","OCarp","QS",576.410666666667
"IND","OPelag","QS",1203.50265333333
"IND","OMarn","QS",358.271446666667
"IND","c-Crust","QD",568.321196371777
"IND","c-Crust","QM",4.75238311201565
"IND","c-Crust","QE",745.79101651006
"IND","c-Crust","QN",839.154534117207
"IND","c-Mllsc","QD",125.384584731242
"IND","c-Mllsc","QM",1.34062331385746
"IND","c-Mllsc","QE",211.969038478116
"IND","c-Mllsc","QN",194.311849536435
"IND","c-FrshD","QD",8816.73682217354
"IND","c-FrshD","QM",42.502380971932
"IND","c-FrshD","QE",32.2645258930083
"IND","c-FrshD","QN",-10.5210035000709
"IND","c-OPelag","QD",906.608750497242
"IND","c-OPelag","QM",7.37507380239191
"IND","c-OPelag","QE",122.799302791199
"IND","c-OPelag","QN",119.494083900977
"IND","c-ODmrsl","QD",870.737775768822
"IND","c-ODmrsl","QM",3.06983768752971
"IND","c-ODmrsl","QE",261.667616055832
"IND","c-ODmrsl","QN",269.842681876742
"IND","c-OMarn","QD",165.97493905943
"IND","c-OMarn","QM",7.78172531626106
"IND","c-OMarn","QE",13.3684768752601
"IND","c-OMarn","QN",4.61191256577712
"IRL","Shrimp","QS",0.22508
"IRL","Crust","QS",15.54498
"IRL","Mllscs","QS",37.76909
"IRL","Salmon","QS",13.0195333333333
"IRL","ODmrsl","QS",67.2371866666667
"IRL","Tuna","QS",3.02308
"IRL","Cobswf","QS",0.0118633333333333
"IRL","Mullet","QS",0.022
"IRL","OPelag","QS",100.30268
"IRL","OMarn","QS",0.03452
"IRL","c-Crust","QD",3.46407539710152
"IRL","c-Crust","QM",12.5755263437951
"IRL","c-Crust","QE",20.2843277884988
"IRL","c-Crust","QN",8.72947157325564
"IRL","c-Mllsc","QD",5.87473898243579
"IRL","c-Mllsc","QM",3.67741781263604
"IRL","c-Mllsc","QE",33.5063297014571
"IRL","c-Mllsc","QN",27.5181818856496
"IRL","c-FrshD","QD",12.5469653681658
"IRL","c-FrshD","QM",13.2802578464254
"IRL","c-FrshD","QE",12.2642770575639
"IRL","c-FrshD","QN",-1.0440797758138
"IRL","c-OPelag","QD",26.3005935165912
"IRL","c-OPelag","QM",22.1708801730033
"IRL","c-OPelag","QE",97.8346417959737
"IRL","c-OPelag","QN",78.3316636277078
"IRL","c-ODmrsl","QD",47.9271622294199
"IRL","c-ODmrsl","QM",40.5651959702593
"IRL","c-ODmrsl","QE",52.018022267332
"IRL","c-ODmrsl","QN",11.9508426660536
"IRL","c-OMarn","QD",0.0787156633172666
"IRN","Shrimp","QS",61.0263333333333
"IRN","Crust","QS",3.279
"IRN","Mllscs","QS",4.848
"IRN","Salmon","QS",193.040666666667
"IRN","ODmrsl","QS",176.444213333333
"IRN","Tuna","QS",154.8567
"IRN","Cobswf","QS",7.11282
"IRN","Eelstg","QS",2.78066666666667
"IRN","Tilapia","QS",0.621666666666667
"IRN","Pangas","QS",0.000333333333333333
"IRN","Carp","QS",75.286
"IRN","Mullet","QS",5.28333333333333
"IRN","OFrshD","QS",50.3753333333333
"IRN","OCarp","QS",198.297
"IRN","OPelag","QS",305.543046666667
"IRN","OMarn","QS",31.96615
"IRN","c-Crust","QD",44.2248609429845
"IRN","c-Crust","QE",22.7964790975244
"IRN","c-Crust","QN",25.8148063197135
"IRN","c-Mllsc","QD",0.973449050953485
"IRN","c-Mllsc","QE",2.95470487751093
"IRN","c-Mllsc","QN",2.72581536131171
"IRN","c-FrshD","QD",518.396829365547
"IRN","c-FrshD","QM",18.5680715470928
"IRN","c-FrshD","QE",20.1885712648202
"IRN","c-FrshD","QN",1.57568154702598
"IRN","c-OPelag","QD",370.115963423276
"IRN","c-OPelag","QM",30.1238384893973
"IRN","c-OPelag","QE",7.29432921483011
"IRN","c-OPelag","QN",-22.0245414504154
"IRN","c-ODmrsl","QD",78.4788387386358
"IRN","c-ODmrsl","QM",0.0247676792463078
"IRN","c-ODmrsl","QE",78.7553054814548
"IRN","c-ODmrsl","QN",82.1540679900529
"IRN","c-OMarn","QD",36.0566388406994
"IRN","c-OMarn","QM",0.154371991206387
"IRN","c-OMarn","QE",7.04573106469907
"IRN","c-OMarn","QN",5.68887754729826
"IRQ","Shrimp","QS",1.71656333333333
"IRQ","ODmrsl","QS",2.55148
"IRQ","Tilapia","QS",3.02669666666667
"IRQ","Pangas","QS",2.46073333333333
"IRQ","Carp","QS",34.9053333333333
"IRQ","Mullet","QS",6.58124333333333
"IRQ","OFrshD","QS",4.82032666666667
"IRQ","OCarp","QS",3.48333333333333
"IRQ","OPelag","QS",1.70457333333333
"IRQ","OMarn","QS",0.811666666666667
"IRQ","c-Crust","QD",2.38717191906221
"IRQ","c-Crust","QM",0.769367870969553
"IRQ","c-Crust","QN",-0.667501087994401
"IRQ","c-Mllsc","QD",0.201553495099297
"IRQ","c-Mllsc","QM",0.201553495099297
"IRQ","c-Mllsc","QN",-0.217167061900055
"IRQ","c-FrshD","QD",81.1058930181831
"IRQ","c-FrshD","QM",31.3750943656758
"IRQ","c-FrshD","QN",-32.2428355443209
"IRQ","c-OPelag","QD",13.7186099662886
"IRQ","c-OPelag","QM",12.0460494734913
"IRQ","c-OPelag","QN",-11.6213061240972
"IRQ","c-ODmrsl","QD",20.2988810850765
"IRQ","c-ODmrsl","QM",12.3134003036912
"IRQ","c-ODmrsl","QN",-11.7779626091005
"IRQ","c-OMarn","QD",5.76187134051461
"IRQ","c-OMarn","QM",4.87959568056402
"IRQ","c-OMarn","QE",0.169247192723539
"IRQ","c-OMarn","QN",-5.5322628559878
"ISL","Shrimp","QS",3.34926
"ISL","Crust","QS",0.22068
"ISL","Mllscs","QS",3.51260666666667
"ISL","Salmon","QS",42.3120033333333
"ISL","ODmrsl","QS",727.242363333333
"ISL","Tuna","QS",0.00043
"ISL","OPelag","QS",300.278976666667
"ISL","c-Crust","QD",4.91775759607948
"ISL","c-Crust","QM",30.8625813341803
"ISL","c-Crust","QE",22.4684208030442
"ISL","c-Crust","QN",-7.28274665313485
"ISL","c-Mllsc","QD",0.837664691442657
"ISL","c-Mllsc","QM",5.8746488323249
"ISL","c-Mllsc","QE",1.57682528525084
"ISL","c-Mllsc","QN",-4.63075925239164
"ISL","c-FrshD","QD",3.73562845361325
"ISL","c-FrshD","QM",0.366486424545875
"ISL","c-FrshD","QE",30.3108324333345
"ISL","c-FrshD","QN",29.1161750462863
"ISL","c-OPelag","QD",18.5795581995792
"ISL","c-OPelag","QM",6.94510867555481
"ISL","c-OPelag","QE",175.29775819913
"ISL","c-OPelag","QN",174.288758983807
"ISL","c-ODmrsl","QD",4.36708830174315
"ISL","c-ODmrsl","QM",6.34062899380561
"ISL","c-ODmrsl","QE",560.91761906938
"ISL","c-ODmrsl","QN",578.692296791469
"ISR","Shrimp","QS",0.0366666666666667
"ISR","Mllscs","QS",0.146666666666667
"ISR","Salmon","QS",0.416666666666667
"ISR","ODmrsl","QS",3.95
"ISR","Tuna","QS",0.01
"ISR","Eelstg","QS",0.0233333333333333
"ISR","Tilapia","QS",5.964
"ISR","Carp","QS",3.07333333333333
"ISR","Mullet","QS",2.45333333333333
"ISR","OFrshD","QS",0.771666666666667
"ISR","OCarp","QS",0.416666666666667
"ISR","OPelag","QS",0.263333333333333
"ISR","OMarn","QS",0.205
"ISR","c-Crust","QD",4.10817099898171
"ISR","c-Crust","QM",4.17665250043892
"ISR","c-Crust","QE",0.077820312510973
"ISR","c-Crust","QN",-3.5561336107011
"ISR","c-Mllsc","QD",4.07297302012009
"ISR","c-Mllsc","QM",3.93756025984058
"ISR","c-Mllsc","QN",-4.2425877668989
"ISR","c-FrshD","QD",101.369693503283
"ISR","c-FrshD","QM",90.4479166206679
"ISR","c-FrshD","QE",0.0830687243231855
"ISR","c-FrshD","QN",-92.8640690527101
"ISR","c-OPelag","QD",48.7928129709611
"ISR","c-OPelag","QM",48.7799721057621
"ISR","c-OPelag","QE",0.243976438779451
"ISR","c-OPelag","QN",-46.8246178902987
"ISR","c-ODmrsl","QD",27.5983719456442
"ISR","c-ODmrsl","QM",21.7354663660943
"ISR","c-ODmrsl","QN",-20.790318176733
"ISR","c-OMarn","QD",1.38961508479933
"ISR","c-OMarn","QM",1.97889406229151
"ISR","c-OMarn","QE",0.692005899083535
"ISR","c-OMarn","QN",-1.51143882528102
"ITP","Shrimp","QS",12.18209
"ITP","Crust","QS",5.53985333333333
"ITP","Mllscs","QS",115.477143333333
"ITP","Salmon","QS",39.2321666666667
"ITP","ODmrsl","QS",47.1921266666667
"ITP","Tuna","QS",26.7958233333333
"ITP","Cobswf","QS",2.63267333333333
"ITP","Eelstg","QS",1.6808
"ITP","Tilapia","QS",0.00666666666666667
"ITP","Pangas","QS",0.1105
"ITP","Carp","QS",0.1826
"ITP","Mullet","QS",4.05674666666667
"ITP","OFrshD","QS",3.39087666666667
"ITP","OCarp","QS",0.006
"ITP","OPelag","QS",52.87225
"ITP","OMarn","QS",1.10156666666667
"ITP","c-Crust","QD",123.769214279001
"ITP","c-Crust","QM",109.828255177444
"ITP","c-Crust","QE",5.42671781103364
"ITP","c-Crust","QN",-90.5784377147784
"ITP","c-Mllsc","QD",491.133216885164
"ITP","c-Mllsc","QM",419.712372962101
"ITP","c-Mllsc","QE",53.4432129571985
"ITP","c-Mllsc","QN",-394.642609911968
"ITP","c-FrshD","QD",220.268444718773
"ITP","c-FrshD","QM",199.159964432487
"ITP","c-FrshD","QE",16.9144829194992
"ITP","c-FrshD","QN",-187.285845920746
"ITP","c-OPelag","QD",293.525185007633
"ITP","c-OPelag","QM",329.733742210917
"ITP","c-OPelag","QE",72.4227668198301
"ITP","c-OPelag","QN",-248.238197982695
"ITP","c-ODmrsl","QD",432.662238295269
"ITP","c-ODmrsl","QM",401.247515165888
"ITP","c-ODmrsl","QE",20.4990456695219
"ITP","c-ODmrsl","QN",-364.19194752047
"ITP","c-OMarn","QD",84.0758790073519
"ITP","c-OMarn","QM",91.7956857394392
"ITP","c-OMarn","QE",7.14615207782423
"ITP","c-OMarn","QN",-99.420132514981
"JAM","Shrimp","QS",0.003
"JAM","Crust","QS",0.253893333333333
"JAM","Mllscs","QS",0.1186
"JAM","Tilapia","QS",0.9758
"JAM","OFrshD","QS",0.982666666666667
"JAM","OMarn","QS",11.08908
"JAM","c-Crust","QD",3.90176350127978
"JAM","c-Crust","QM",4.00356850001879
"JAM","c-Crust","QE",0.313726731718319
"JAM","c-Crust","QN",-3.2012948393126
"JAM","c-Mllsc","QD",4.28390150411613
"JAM","c-Mllsc","QM",2.08060353870601
"JAM","c-Mllsc","QE",0.548923158921365
"JAM","c-Mllsc","QN",-1.65033371256557
"JAM","c-FrshD","QD",4.4758603933308
"JAM","c-FrshD","QM",2.38231219812117
"JAM","c-FrshD","QE",0.0106603053559285
"JAM","c-FrshD","QN",-2.43724468381085
"JAM","c-OPelag","QD",23.0653962836493
"JAM","c-OPelag","QM",23.1968886732074
"JAM","c-OPelag","QE",0.131492389558109
"JAM","c-OPelag","QN",-22.2521110905096
"JAM","c-ODmrsl","QD",0.0267058079957899
"JAM","c-ODmrsl","QM",0.0404486112859628
"JAM","c-ODmrsl","QE",0.0137428032901729
"JAM","c-ODmrsl","QN",-0.0255445287461288
"JAM","c-OMarn","QD",35.67420729806
"JAM","c-OMarn","QM",27.7071519452686
"JAM","c-OMarn","QE",0.38137655245379
"JAM","c-OMarn","QN",-32.0938827789453
"JOR","ODmrsl","QS",0.0299266666666667
"JOR","Tuna","QS",0.0383333333333333
"JOR","Tilapia","QS",1.00333333333333
"JOR","Carp","QS",1.04333333333333
"JOR","OFrshD","QS",0.413333333333333
"JOR","OPelag","QS",0.15168
"JOR","OMarn","QS",0.00928333333333333
"JOR","c-Crust","QD",1.44914687618298
"JOR","c-Crust","QM",1.47908156214399
"JOR","c-Crust","QE",0.0299346859610065
"JOR","c-Crust","QN",-1.25727516447605
"JOR","c-Mllsc","QD",0.360191804487926
"JOR","c-Mllsc","QM",0.360191804487926
"JOR","c-Mllsc","QN",-0.388094465256408
"JOR","c-FrshD","QD",8.34900470208842
"JOR","c-FrshD","QM",6.48573224074265
"JOR","c-FrshD","QE",0.135111719790382
"JOR","c-FrshD","QN",-6.52625967192188
"JOR","c-OPelag","QD",26.6005370195349
"JOR","c-OPelag","QM",27.070239455614
"JOR","c-OPelag","QE",0.650440162636087
"JOR","c-OPelag","QN",-25.4882379485959
"JOR","c-ODmrsl","QD",8.35924308353031
"JOR","c-ODmrsl","QM",8.8681019373004
"JOR","c-ODmrsl","QE",0.561231717715585
"JOR","c-ODmrsl","QN",-7.94565306348332
"JOR","c-OMarn","QD",9.10057583808436
"JOR","c-OMarn","QM",9.62361644187577
"JOR","c-OMarn","QE",0.561457639873781
"JOR","c-OMarn","QN",-10.6434257815101
"JPN","Shrimp","QS",13.331
"JPN","Crust","QS",32.04925
"JPN","Mllscs","QS",842.492666666667
"JPN","Salmon","QS",127.529
"JPN","ODmrsl","QS",466.11818
"JPN","Tuna","QS",318.363343333333
"JPN","Cobswf","QS",8.11766666666667
"JPN","Eelstg","QS",18.215
"JPN","Carp","QS",2.88333333333333
"JPN","OFrshD","QS",5.21866666666667
"JPN","OPelag","QS",1748.65596333333
"JPN","OMarn","QS",175.83028
"JPN","c-Crust","QD",785.701791796924
"JPN","c-Crust","QM",886.453479605919
"JPN","c-Crust","QE",9.43617461410927
"JPN","c-Crust","QN",-760.897390391699
"JPN","c-Mllsc","QD",1026.34980676472
"JPN","c-Mllsc","QM",508.705227110076
"JPN","c-Mllsc","QE",286.988369569589
"JPN","c-Mllsc","QN",-238.892401751998
"JPN","c-FrshD","QD",679.51584519082
"JPN","c-FrshD","QM",533.564358218635
"JPN","c-FrshD","QE",12.2442760478561
"JPN","c-FrshD","QN",-535.738234903065
"JPN","c-OPelag","QD",1599.51948179553
"JPN","c-OPelag","QM",654.651909361067
"JPN","c-OPelag","QE",355.655955825146
"JPN","c-OPelag","QN",-288.453365026752
"JPN","c-ODmrsl","QD",816.177671764021
"JPN","c-ODmrsl","QM",404.081489935891
"JPN","c-ODmrsl","QE",42.3917175836641
"JPN","c-ODmrsl","QN",-345.962001542465
"JPN","c-OMarn","QD",655.502176251752
"JPN","c-OMarn","QM",548.97484626304
"JPN","c-OMarn","QE",67.1880398678377
"JPN","c-OMarn","QN",-565.85436521431
"KAZ","Salmon","QS",1.24829333333333
"KAZ","ODmrsl","QS",0.00434
"KAZ","Eelstg","QS",0.117943333333333
"KAZ","Pangas","QS",1.10831333333333
"KAZ","Carp","QS",21.1145766666667
"KAZ","Mullet","QS",0.999316666666667
"KAZ","OFrshD","QS",21.17025
"KAZ","OCarp","QS",1.38107
"KAZ","OPelag","QS",2.48102
"KAZ","c-Crust","QD",1.83264250433723
"KAZ","c-Crust","QM",1.94560172260135
"KAZ","c-Crust","QE",0.112949779826767
"KAZ","c-Crust","QN",-1.59000292561671
"KAZ","c-Mllsc","QD",0.94614671421028
"KAZ","c-Mllsc","QM",0.948600707922568
"KAZ","c-Mllsc","QE",0.00245399371228874
"KAZ","c-Mllsc","QN",-1.01944102705939
"KAZ","c-FrshD","QD",24.7733213633634
"KAZ","c-FrshD","QM",12.2560374279078
"KAZ","c-FrshD","QE",33.6556837431155
"KAZ","c-FrshD","QN",20.8077961649031
"KAZ","c-OPelag","QD",27.1962059861302
"KAZ","c-OPelag","QM",27.7486471629532
"KAZ","c-OPelag","QE",3.02404701321606
"KAZ","c-OPelag","QN",-23.8528114771821
"KAZ","c-ODmrsl","QD",4.83240441823899
"KAZ","c-ODmrsl","QM",3.95548864202732
"KAZ","c-ODmrsl","QE",0.0392167072098451
"KAZ","c-ODmrsl","QN",-3.74597619485519
"KAZ","c-OMarn","QD",7.0224239145843
"KAZ","c-OMarn","QM",9.59589880534944
"KAZ","c-OMarn","QE",2.57136068079763
"KAZ","c-OMarn","QN",-8.25025822340903
"KEN","Shrimp","QS",0.0633333333333333
"KEN","Crust","QS",1.25866666666667
"KEN","Mllscs","QS",1.923
"KEN","Salmon","QS",0.631333333333333
"KEN","ODmrsl","QS",13.8260433333333
"KEN","Tuna","QS",3.69681666666667
"KEN","Cobswf","QS",0.71271
"KEN","Tilapia","QS",32.4483333333333
"KEN","Pangas","QS",5.49333333333333
"KEN","Carp","QS",0.989333333333333
"KEN","Mullet","QS",0.642
"KEN","OFrshD","QS",79.9873333333333
"KEN","OPelag","QS",4.62402666666667
"KEN","OMarn","QS",0.562
"KEN","c-Crust","QD",0.17659433999913
"KEN","c-Crust","QM",0.108519724897566
"KEN","c-Crust","QE",0.691481896066104
"KEN","c-Crust","QN",0.66014823938622
"KEN","c-Mllsc","QD",0.726350127853935
"KEN","c-Mllsc","QM",0.0196567107856545
"KEN","c-Mllsc","QE",1.41904527526002
"KEN","c-Mllsc","QN",1.29098336504644
"KEN","c-FrshD","QD",116.837511004385
"KEN","c-FrshD","QM",6.06024142017683
"KEN","c-FrshD","QE",8.0497391237973
"KEN","c-FrshD","QN",1.93447415334424
"KEN","c-OPelag","QD",13.1552638886887
"KEN","c-OPelag","QM",10.3655912424846
"KEN","c-OPelag","QE",6.8551657372135
"KEN","c-OPelag","QN",-3.38664800542034
"KEN","c-ODmrsl","QD",14.4354683509409
"KEN","c-ODmrsl","QM",0.122946200915046
"KEN","c-ODmrsl","QE",0.106827290255233
"KEN","c-ODmrsl","QN",-0.0154179935979017
"KEN","c-OMarn","QD",10.8981066268443
"KEN","c-OMarn","QM",10.8202240471287
"KEN","c-OMarn","QE",1.07441052697814
"KEN","c-OMarn","QN",-11.4463722329877
"KGZ","Salmon","QS",1.77166666666667
"KGZ","Eelstg","QS",0.03
"KGZ","Carp","QS",0.923333333333333
"KGZ","OFrshD","QS",0.251666666666667
"KGZ","OCarp","QS",3.61
"KGZ","c-Crust","QD",0.00590055555555556
"KGZ","c-Crust","QM",0.00590055555555556
"KGZ","c-Crust","QN",-0.00511930300408998
"KGZ","c-Mllsc","QD",0.0390625925925926
"KGZ","c-Mllsc","QM",0.0390625925925926
"KGZ","c-Mllsc","QN",-0.0420886199931829
"KGZ","c-FrshD","QD",2.91982969135803
"KGZ","c-FrshD","QM",1.73875802469136
"KGZ","c-FrshD","QE",4.55748543209877
"KGZ","c-FrshD","QN",2.74076984609219
"KGZ","c-OPelag","QD",3.19773518518519
"KGZ","c-OPelag","QM",5.33231833333333
"KGZ","c-OPelag","QE",2.13458314814815
"KGZ","c-OPelag","QN",-3.08498313680454
"KGZ","c-ODmrsl","QD",1.85861401234568
"KGZ","c-ODmrsl","QM",1.86372172839506
"KGZ","c-ODmrsl","QE",0.00510771604938272
"KGZ","c-ODmrsl","QN",-1.77779376957277
"KGZ","c-OMarn","QD",0.539908456790123
"KGZ","c-OMarn","QM",0.539908456790123
"KGZ","c-OMarn","QN",-0.634117732232394
"KHM","Shrimp","QS",10.7105666666667
"KHM","Crust","QS",5.6443
"KHM","Mllscs","QS",25.9280433333333
"KHM","ODmrsl","QS",0.966666666666667
"KHM","Tilapia","QS",12.29
"KHM","Pangas","QS",111.876666666667
"KHM","Carp","QS",4.51333333333333
"KHM","OFrshD","QS",628.581666666667
"KHM","OCarp","QS",1.08333333333333
"KHM","OMarn","QS",97.47476
"KHM","c-Crust","QD",19.8703675813843
"KHM","c-Crust","QM",0.525224425340231
"KHM","c-Crust","QE",0.0642682605926449
"KHM","c-Crust","QN",-0.399924084559175
"KHM","c-Mllsc","QD",71.4650858722229
"KHM","c-Mllsc","QM",44.7720771062667
"KHM","c-Mllsc","QE",0.0160075574994643
"KHM","c-Mllsc","QN",-48.2231485061167
"KHM","c-FrshD","QD",508.72354943307
"KHM","c-FrshD","QM",2.15863003853836
"KHM","c-FrshD","QE",33.5714086173571
"KHM","c-FrshD","QN",30.543995167658
"KHM","c-OPelag","QD",6.78332646466613
"KHM","c-OPelag","QM",6.78332646466613
"KHM","c-OPelag","QN",-6.54414657345152
"KHM","c-ODmrsl","QD",0.601632246267043
"KHM","c-ODmrsl","QM",0.00102154796929667
"KHM","c-ODmrsl","QE",0.232496383458763
"KHM","c-ODmrsl","QN",0.241540320994155
"KHM","c-OMarn","QD",114.141978011404
"KHM","c-OMarn","QM",6.00562100384643
"KHM","c-OMarn","QE",3.44794259108815
"KHM","c-OMarn","QN",-3.00397079260511
"KOR","Shrimp","QS",38.8930433333333
"KOR","Crust","QS",82.68832
"KOR","Mllscs","QS",655.57448
"KOR","Salmon","QS",3.22649666666667
"KOR","ODmrsl","QS",335.253433333333
"KOR","Tuna","QS",315.069133333333
"KOR","Cobswf","QS",1.01303
"KOR","Eelstg","QS",12.1403366666667
"KOR","Tilapia","QS",0.173656666666667
"KOR","Pangas","QS",4.20544666666667
"KOR","Carp","QS",1.10987333333333
"KOR","Mullet","QS",13.14571
"KOR","OFrshD","QS",18.9849733333333
"KOR","OPelag","QS",438.472753333333
"KOR","OMarn","QS",25.0281866666667
"KOR","c-Crust","QD",170.647067841041
"KOR","c-Crust","QM",187.387376118848
"KOR","c-Crust","QE",18.4696747973792
"KOR","c-Crust","QN",-146.55245386255
"KOR","c-Mllsc","QD",829.674380961097
"KOR","c-Mllsc","QM",420.341798279884
"KOR","c-Mllsc","QE",77.4398475083969
"KOR","c-Mllsc","QN",-369.465233694679
"KOR","c-FrshD","QD",100.139009411964
"KOR","c-FrshD","QM",59.6303699008555
"KOR","c-FrshD","QE",2.20117160776198
"KOR","c-FrshD","QN",-59.0175179849702
"KOR","c-OPelag","QD",767.203127259375
"KOR","c-OPelag","QM",389.84751773548
"KOR","c-OPelag","QE",408.533250539617
"KOR","c-OPelag","QN",19.3445911920735
"KOR","c-ODmrsl","QD",866.567976524781
"KOR","c-ODmrsl","QM",651.823183238596
"KOR","c-ODmrsl","QE",106.559915676024
"KOR","c-ODmrsl","QN",-521.552960114744
"KOR","c-OMarn","QD",13.877377147439
"KOR","c-OMarn","QM",26.2499173131616
"KOR","c-OMarn","QE",5.56340876461564
"KOR","c-OMarn","QN",-24.2961222845027
"LAO","Mllscs","QS",0.113333333333333
"LAO","Tilapia","QS",38.4666666666667
"LAO","Pangas","QS",1.44266666666667
"LAO","Carp","QS",29.4333333333333
"LAO","OFrshD","QS",101.420666666667
"LAO","OCarp","QS",27.0333333333333
"LAO","c-Crust","QD",0.218448456854252
"LAO","c-Crust","QM",0.218448456854252
"LAO","c-Crust","QN",-0.18952517790632
"LAO","c-Mllsc","QD",0.121465692777343
"LAO","c-Mllsc","QM",0.121465692777343
"LAO","c-Mllsc","QN",-0.130875168446544
"LAO","c-FrshD","QD",193.893355179248
"LAO","c-FrshD","QM",0.0775081864241533
"LAO","c-FrshD","QE",0.00206660380072562
"LAO","c-FrshD","QN",-0.0775280709399735
"LAO","c-OPelag","QD",1.43933682772068
"LAO","c-OPelag","QM",1.43933682772068
"LAO","c-OPelag","QN",-1.38858585359779
"LAO","c-ODmrsl","QD",0.00251999136925216
"LAO","c-ODmrsl","QM",0.00251999136925216
"LAO","c-ODmrsl","QN",-0.00241041169703633
"LAO","c-OMarn","QD",4.37051908993559
"LAO","c-OMarn","QM",4.37051908993559
"LAO","c-OMarn","QN",-5.13313621806385
"LBN","Shrimp","QS",0.0263333333333333
"LBN","Crust","QS",0.0183333333333333
"LBN","Mllscs","QS",0.00333333333333333
"LBN","Salmon","QS",0.816666666666667
"LBN","ODmrsl","QS",1.15596666666667
"LBN","Eelstg","QS",1E-4
"LBN","Tilapia","QS",0.0116666666666667
"LBN","OFrshD","QS",0.0153333333333333
"LBN","OPelag","QS",1.3512
"LBN","c-Crust","QD",6.50386533775803
"LBN","c-Crust","QM",6.50835799388792
"LBN","c-Crust","QE",0.0465515645799351
"LBN","c-Crust","QN",-5.60624245529872
"LBN","c-Mllsc","QD",1.81792940585335
"LBN","c-Mllsc","QM",1.82544265631738
"LBN","c-Mllsc","QE",0.0075132504640306
"LBN","c-Mllsc","QN",-1.95875733941693
"LBN","c-FrshD","QD",8.95130189699458
"LBN","c-FrshD","QM",8.21467835086338
"LBN","c-FrshD","QE",0.23998430807882
"LBN","c-FrshD","QN",-8.19525020517782
"LBN","c-OPelag","QD",16.6910013476573
"LBN","c-OPelag","QM",15.7035442068358
"LBN","c-OPelag","QE",0.440242065358007
"LBN","c-OPelag","QN",-14.7251185578348
"LBN","c-ODmrsl","QD",5.12451475861034
"LBN","c-ODmrsl","QM",4.08373839248552
"LBN","c-ODmrsl","QE",0.00199779815137709
"LBN","c-ODmrsl","QN",-3.9042495910495
"LBN","c-OMarn","QD",9.46572058270994
"LBN","c-OMarn","QM",9.49076475092337
"LBN","c-OMarn","QE",0.0199493049852823
"LBN","c-OMarn","QN",-11.1233894143361
"LBR","Shrimp","QS",0.000333333333333333
"LBR","Crust","QS",0.0583833333333333
"LBR","Mllscs","QS",0.139366666666667
"LBR","ODmrsl","QS",9.21236
"LBR","Tuna","QS",3.10962
"LBR","Cobswf","QS",0.04096
"LBR","Tilapia","QS",0.241666666666667
"LBR","Pangas","QS",0.0183333333333333
"LBR","Mullet","QS",0.00666666666666667
"LBR","OFrshD","QS",1.01366666666667
"LBR","OPelag","QS",9.98736666666667
"LBR","OMarn","QS",0.752886666666667
"LBR","c-Crust","QD",0.174909811077996
"LBR","c-Crust","QM",0.0876799567627217
"LBR","c-Crust","QN",-0.076070848215515
"LBR","c-Mllsc","QD",0.547249559021265
"LBR","c-Mllsc","QM",0.231607716041433
"LBR","c-Mllsc","QN",-0.249549466663035
"LBR","c-FrshD","QD",1.65124583870493
"LBR","c-FrshD","QM",0.0896304007016598
"LBR","c-FrshD","QN",-0.0921093092474258
"LBR","c-OPelag","QD",12.4035181545482
"LBR","c-OPelag","QM",3.71973664619345
"LBR","c-OPelag","QE",0.0155585412667595
"LBR","c-OPelag","QN",-3.57356889412269
"LBR","c-ODmrsl","QD",13.9714350268158
"LBR","c-ODmrsl","QM",0.338146965352194
"LBR","c-ODmrsl","QE",0.293976911842705
"LBR","c-ODmrsl","QN",-0.0422493564609264
"LBR","c-OMarn","QD",3.85217178964735
"LBR","c-OMarn","QM",3.21409155673123
"LBR","c-OMarn","QE",0.00556626693343083
"LBR","c-OMarn","QN",-3.76838472335276
"LBY","Shrimp","QS",0.515
"LBY","Mllscs","QS",1.74666666666667
"LBY","ODmrsl","QS",18.4647833333333
"LBY","Tuna","QS",2.18473333333333
"LBY","Cobswf","QS",0.016
"LBY","Tilapia","QS",0.01
"LBY","Mullet","QS",0.46
"LBY","OPelag","QS",8.64277666666667
"LBY","c-Crust","QD",0.643305340015458
"LBY","c-Crust","QM",0.148020751980213
"LBY","c-Crust","QE",0.0148585376410574
"LBY","c-Crust","QN",-0.115531108465859
"LBY","c-Mllsc","QD",2.74128132647395
"LBY","c-Mllsc","QM",0.968162501307776
"LBY","c-Mllsc","QN",-1.04316229171434
"LBY","c-FrshD","QD",0.197261945722677
"LBY","c-FrshD","QM",0.187356253961973
"LBY","c-FrshD","QN",-0.192537967034917
"LBY","c-OPelag","QD",105.042956855118
"LBY","c-OPelag","QM",95.6750351944103
"LBY","c-OPelag","QE",1.75617018656361
"LBY","c-OPelag","QN",-90.6072885958034
"LBY","c-ODmrsl","QD",21.9481402911115
"LBY","c-ODmrsl","QM",3.21152432573814
"LBY","c-ODmrsl","QN",-3.07187393358937
"LBY","c-OMarn","QD",4.14451171560365
"LBY","c-OMarn","QM",4.18411467126295
"LBY","c-OMarn","QE",0.0271614068078528
"LBY","c-OMarn","QN",-4.88230503504966
"LKA","Shrimp","QS",9.42318666666667
"LKA","Crust","QS",24.0147266666667
"LKA","Mllscs","QS",12.9117433333333
"LKA","ODmrsl","QS",29.7133166666667
"LKA","Tuna","QS",81.2643666666667
"LKA","Cobswf","QS",9.20164333333333
"LKA","Tilapia","QS",54.40548
"LKA","Carp","QS",6.00119333333333
"LKA","OFrshD","QS",31.2744433333333
"LKA","OCarp","QS",0.146333333333333
"LKA","OPelag","QS",175.347403333333
"LKA","OMarn","QS",21.2313166666667
"LKA","c-Crust","QD",30.1458711256731
"LKA","c-Crust","QM",2.90923451378676
"LKA","c-Crust","QE",6.14672459864479
"LKA","c-Crust","QN",3.66614419468307
"LKA","c-Mllsc","QD",9.51783678380539
"LKA","c-Mllsc","QM",1.050988346733
"LKA","c-Mllsc","QE",2.48911093665523
"LKA","c-Mllsc","QN",1.32671681591485
"LKA","c-FrshD","QD",84.4672368354578
"LKA","c-FrshD","QM",1.70245120291218
"LKA","c-FrshD","QE",0.715614782440684
"LKA","c-FrshD","QN",-1.01412936144721
"LKA","c-OPelag","QD",371.082205611961
"LKA","c-OPelag","QM",146.460179466634
"LKA","c-OPelag","QE",22.0779992567949
"LKA","c-OPelag","QN",-119.99646820164
"LKA","c-ODmrsl","QD",42.0948850403725
"LKA","c-ODmrsl","QM",12.575109358881
"LKA","c-ODmrsl","QE",2.06116746558047
"LKA","c-ODmrsl","QN",-10.0567521106601
"LKA","c-OMarn","QD",34.378242493126
"LKA","c-OMarn","QM",0.153338311613969
"LKA","c-OMarn","QE",0.219568943860378
"LKA","c-OMarn","QN",0.0546739696352821
"LSO","Salmon","QS",2.21633333333333
"LSO","Pangas","QS",0.01
"LSO","Carp","QS",0.0164333333333333
"LSO","OFrshD","QS",0.0293333333333333
"LSO","c-Crust","QD",0.0119979454265949
"LSO","c-Crust","QM",0.0119979454265949
"LSO","c-Crust","QN",-0.0104093788266166
"LSO","c-Mllsc","QD",0.0145477271329746
"LSO","c-Mllsc","QM",0.0145477271329746
"LSO","c-Mllsc","QN",-0.0156746830772414
"LSO","c-FrshD","QD",2.26021557225211
"LSO","c-FrshD","QM",0.904901809761722
"LSO","c-FrshD","QE",0.960848561106841
"LSO","c-FrshD","QN",0.0543994316976383
"LSO","c-OPelag","QD",2.88338396771714
"LSO","c-OPelag","QM",2.88338396771714
"LSO","c-OPelag","QN",-2.78171593399933
"LSO","c-ODmrsl","QD",0.237164627209839
"LSO","c-ODmrsl","QM",0.237164627209839
"LSO","c-ODmrsl","QN",-0.226851725972182
"LSO","c-OMarn","QD",0.210164883935434
"LSO","c-OMarn","QM",0.226039894696387
"LSO","c-OMarn","QN",-0.265481867557857
"MDA","Crust","QS",0.005
"MDA","Eelstg","QS",0.0666666666666667
"MDA","Pangas","QS",0.00256666666666667
"MDA","Carp","QS",5.52066666666667
"MDA","OFrshD","QS",0.1001
"MDA","OCarp","QS",7.06666666666667
"MDA","c-Crust","QD",0.704077089552239
"MDA","c-Crust","QM",0.704077089552239
"MDA","c-Crust","QN",-0.610855016230135
"MDA","c-Mllsc","QD",0.752196492537313
"MDA","c-Mllsc","QM",0.752196492537313
"MDA","c-Mllsc","QN",-0.810466234660817
"MDA","c-FrshD","QD",14.3527547761194
"MDA","c-FrshD","QM",5.02963047263682
"MDA","c-FrshD","QE",1.00248756218905E-5
"MDA","c-FrshD","QN",-5.16872469154802
"MDA","c-OPelag","QD",17.2255633333333
"MDA","c-OPelag","QM",17.2315682338308
"MDA","c-OPelag","QE",0.00600490049751244
"MDA","c-OPelag","QN",-16.6181904779005
"MDA","c-ODmrsl","QD",9.51366711442786
"MDA","c-ODmrsl","QM",9.51366711442786
"MDA","c-ODmrsl","QN",-9.09997342615188
"MDA","c-OMarn","QD",2.41335848258706
"MDA","c-OMarn","QM",2.41398002487562
"MDA","c-OMarn","QE",0.000621542288557214
"MDA","c-OMarn","QN",-2.83446830438666
"MDG","Shrimp","QS",18.1153333333333
"MDG","Crust","QS",6.15165666666667
"MDG","Mllscs","QS",17.1395633333333
"MDG","ODmrsl","QS",1.00682333333333
"MDG","Tuna","QS",2.34932
"MDG","Cobswf","QS",0.01932
"MDG","Eelstg","QS",0.000133333333333333
"MDG","Tilapia","QS",2.62528333333333
"MDG","Carp","QS",0.0164566666666667
"MDG","OFrshD","QS",11.1832466666667
"MDG","OPelag","QS",6.149
"MDG","OMarn","QS",52.5478666666667
"MDG","c-Crust","QD",14.6352144401255
"MDG","c-Crust","QM",0.0762756188454503
"MDG","c-Crust","QE",13.4652415062829
"MDG","c-Crust","QN",15.1617080746028
"MDG","c-Mllsc","QD",20.5412017709998
"MDG","c-Mllsc","QM",0.0821200756556455
"MDG","c-Mllsc","QE",1.86097824420795
"MDG","c-Mllsc","QN",1.64105693206131
"MDG","c-FrshD","QD",15.2557389750701
"MDG","c-FrshD","QM",0.0405440586187733
"MDG","c-FrshD","QE",0.0818620860511208
"MDG","c-FrshD","QN",0.0401752944924696
"MDG","c-OPelag","QD",31.0541491605809
"MDG","c-OPelag","QM",24.3223767963312
"MDG","c-OPelag","QE",1.7113343509065
"MDG","c-OPelag","QN",-21.8137777552294
"MDG","c-ODmrsl","QD",0.0547632548989255
"MDG","c-ODmrsl","QM",0.00333401950462746
"MDG","c-ODmrsl","QE",0.256173754615974
"MDG","c-ODmrsl","QN",0.263834255027048
"MDG","c-OMarn","QD",26.7145159455473
"MDG","c-OMarn","QM",0.0471724069196398
"MDG","c-OMarn","QE",16.1341241197372
"MDG","c-OMarn","QN",13.2799201764909
"MEX","Shrimp","QS",269.524803333333
"MEX","Crust","QS",44.6336766666667
"MEX","Mllscs","QS",188.094126666667
"MEX","Salmon","QS",3.69579666666667
"MEX","ODmrsl","QS",169.27337
"MEX","Tuna","QS",138.494966666667
"MEX","Cobswf","QS",1.09015333333333
"MEX","Eelstg","QS",0.0417766666666667
"MEX","Tilapia","QS",145.729903333333
"MEX","Pangas","QS",5.94264
"MEX","Carp","QS",45.85578
"MEX","Mullet","QS",18.3953666666667
"MEX","OFrshD","QS",22.7081666666667
"MEX","OPelag","QS",719.115546666667
"MEX","OMarn","QS",51.3211766666667
"MEX","c-Crust","QD",290.281531753132
"MEX","c-Crust","QM",37.5944706643233
"MEX","c-Crust","QE",51.8541296530029
"MEX","c-Crust","QN",16.1476837455088
"MEX","c-Mllsc","QD",149.61078728614
"MEX","c-Mllsc","QM",24.3585518193867
"MEX","c-Mllsc","QE",21.8639974176488
"MEX","c-Mllsc","QN",-2.68779784696051
"MEX","c-FrshD","QD",556.730596484411
"MEX","c-FrshD","QM",340.426585554517
"MEX","c-FrshD","QE",12.2322312607408
"MEX","c-FrshD","QN",-337.271227577419
"MEX","c-OPelag","QD",540.593923956978
"MEX","c-OPelag","QM",66.8152283741987
"MEX","c-OPelag","QE",88.5027012908285
"MEX","c-OPelag","QN",22.4521725724608
"MEX","c-ODmrsl","QD",186.239026468273
"MEX","c-ODmrsl","QM",8.03168986127358
"MEX","c-ODmrsl","QE",8.0785424767261
"MEX","c-ODmrsl","QN",0.0488899614158364
"MEX","c-OMarn","QD",21.0952226696242
"MEX","c-OMarn","QM",16.4720980686123
"MEX","c-OMarn","QE",46.9575565143969
"MEX","c-OMarn","QN",25.1660141666978
"MLI","Tilapia","QS",38.9652033333333
"MLI","Pangas","QS",38.6931266666667
"MLI","OFrshD","QS",41.4440033333333
"MLI","c-Crust","QD",0.63533801610699
"MLI","c-Crust","QM",0.63533801610699
"MLI","c-Crust","QN",-0.551217217403667
"MLI","c-Mllsc","QD",0.475152251798499
"MLI","c-Mllsc","QM",0.488613670514352
"MLI","c-Mllsc","QE",0.0134614187158529
"MLI","c-Mllsc","QN",-0.51196045212433
"MLI","c-FrshD","QD",134.949627286651
"MLI","c-FrshD","QM",21.9965416804616
"MLI","c-FrshD","QE",0.00711459011978535
"MLI","c-FrshD","QN",-22.5975888111868
"MLI","c-OPelag","QD",6.99400037646007
"MLI","c-OPelag","QM",7.01966408499288
"MLI","c-OPelag","QE",0.0256637085328085
"MLI","c-OPelag","QN",-6.74739212932493
"MLI","c-ODmrsl","QD",20.518058195828
"MLI","c-ODmrsl","QM",20.518058195828
"MLI","c-ODmrsl","QN",-19.6258479608892
"MLI","c-OMarn","QD",25.4186288176174
"MLI","c-OMarn","QM",29.6517587547881
"MLI","c-OMarn","QE",4.2331299371707
"MLI","c-OMarn","QN",-29.853955905992
"MMR","Shrimp","QS",76.2131666666667
"MMR","Crust","QS",2.34164666666667
"MMR","Mllscs","QS",1.89419666666667
"MMR","ODmrsl","QS",0.00494333333333333
"MMR","Tilapia","QS",47.1909333333333
"MMR","Pangas","QS",5.72591
"MMR","Carp","QS",763.3302
"MMR","OFrshD","QS",1014.96717333333
"MMR","OCarp","QS",21.2015766666667
"MMR","OPelag","QS",10.2183333333333
"MMR","OMarn","QS",973.767333333333
"MMR","c-Crust","QD",3.27313560245139
"MMR","c-Crust","QM",0.569021473323195
"MMR","c-Crust","QE",149.164277373575
"MMR","c-Crust","QN",168.269746160487
"MMR","c-Mllsc","QD",0.223096651869909
"MMR","c-Mllsc","QM",0.0932774794456085
"MMR","c-Mllsc","QE",36.9407667309593
"MMR","c-Mllsc","QN",33.9930573073528
"MMR","c-FrshD","QD",1741.23465323631
"MMR","c-FrshD","QM",0.484677476187377
"MMR","c-FrshD","QE",93.3704395892993
"MMR","c-FrshD","QN",90.3168200166841
"MMR","c-OPelag","QD",9.17425360158036
"MMR","c-OPelag","QM",3.26928910845363
"MMR","c-OPelag","QE",4.44306598433918
"MMR","c-OPelag","QN",1.21516421393377
"MMR","c-ODmrsl","QD",0.0440808212142958
"MMR","c-ODmrsl","QM",0.0298199447176116
"MMR","c-ODmrsl","QN",-0.0285232498925734
"MMR","c-OMarn","QD",344.712012279558
"MMR","c-OMarn","QM",8.56512281209555
"MMR","c-OMarn","QE",422.096470895354
"MMR","c-OMarn","QN",341.37376620872
"MNG","OFrshD","QS",0.0183333333333333
"MNG","c-Crust","QD",0.0331222222222222
"MNG","c-Crust","QM",0.0331222222222222
"MNG","c-Crust","QN",-0.0287367333682181
"MNG","c-Mllsc","QD",0.030525
"MNG","c-Mllsc","QM",0.030525
"MNG","c-Mllsc","QN",-0.0328896532468133
"MNG","c-FrshD","QD",0.0957061111111111
"MNG","c-FrshD","QM",0.0958894444444444
"MNG","c-FrshD","QE",0.0185166666666667
"MNG","c-FrshD","QN",-0.0795126771706346
"MNG","c-OPelag","QD",1.55307166666667
"MNG","c-OPelag","QM",1.55307166666667
"MNG","c-OPelag","QN",-1.49831040547472
"MNG","c-ODmrsl","QD",0.0128027777777778
"MNG","c-ODmrsl","QM",0.0128027777777778
"MNG","c-ODmrsl","QN",-0.0122460599217331
"MNG","c-OMarn","QD",0.439529444444444
"MNG","c-OMarn","QM",0.439529444444444
"MNG","c-OMarn","QN",-0.516223465395391
"MOR","Shrimp","QS",7.51895
"MOR","Crust","QS",1.03604666666667
"MOR","Mllscs","QS",111.487546666667
"MOR","Salmon","QS",0.216666666666667
"MOR","ODmrsl","QS",66.75027
"MOR","Tuna","QS",7.74583
"MOR","Cobswf","QS",2.13391666666667
"MOR","Eelstg","QS",0.27757
"MOR","Tilapia","QS",0.3
"MOR","Mullet","QS",10.17286
"MOR","OFrshD","QS",15.5000333333333
"MOR","OPelag","QS",1167.14943
"MOR","OMarn","QS",26.4957866666667
"MOR","c-Crust","QD",2.91450663817596
"MOR","c-Crust","QM",37.2476207576085
"MOR","c-Crust","QE",41.9311876243588
"MOR","c-Crust","QN",5.30368619791455
"MOR","c-Mllsc","QD",14.749000568474
"MOR","c-Mllsc","QM",16.4333498567151
"MOR","c-Mllsc","QE",89.989647895009
"MOR","c-Mllsc","QN",67.8581771871942
"MOR","c-FrshD","QD",20.0033885499455
"MOR","c-FrshD","QM",7.09968708589165
"MOR","c-FrshD","QE",2.80845541169394
"MOR","c-FrshD","QN",-4.40991429511378
"MOR","c-OPelag","QD",532.701181866639
"MOR","c-OPelag","QM",42.6257998669171
"MOR","c-OPelag","QE",578.058247224364
"MOR","c-OPelag","QN",554.311779670113
"MOR","c-ODmrsl","QD",60.8516949419657
"MOR","c-ODmrsl","QM",5.62938115885909
"MOR","c-ODmrsl","QE",8.4694539658567
"MOR","c-ODmrsl","QN",2.963570947133
"MOR","c-OMarn","QD",28.2804790996852
"MOR","c-OMarn","QM",0.95207372119741
"MOR","c-OMarn","QE",1.90466178307963
"MOR","c-OMarn","QN",0.786369826223488
"MOZ","Shrimp","QS",14.1313333333333
"MOZ","Crust","QS",10.749
"MOZ","Mllscs","QS",3.58066666666667
"MOZ","ODmrsl","QS",8.80923333333333
"MOZ","Tuna","QS",0.514233333333333
"MOZ","Cobswf","QS",0.10256
"MOZ","Tilapia","QS",2.94
"MOZ","OFrshD","QS",103.215
"MOZ","OPelag","QS",10.0856333333333
"MOZ","OMarn","QS",238.691666666667
"MOZ","c-Crust","QD",19.2461052979661
"MOZ","c-Crust","QM",0.0952506690553524
"MOZ","c-Crust","QE",5.70814892385546
"MOZ","c-Crust","QN",6.35606405357826
"MOZ","c-Mllsc","QD",3.51413259306606
"MOZ","c-Mllsc","QM",0.376184662611927
"MOZ","c-Mllsc","QE",0.814779634848105
"MOZ","c-Mllsc","QN",0.404618722436529
"MOZ","c-FrshD","QD",116.277268849363
"MOZ","c-FrshD","QM",0.395339916719932
"MOZ","c-FrshD","QE",0.809387352949815
"MOZ","c-FrshD","QN",0.402596123728903
"MOZ","c-OPelag","QD",43.1285218254922
"MOZ","c-OPelag","QM",39.6259427317281
"MOZ","c-OPelag","QE",1.78554611031353
"MOZ","c-OPelag","QN",-36.5061453518387
"MOZ","c-ODmrsl","QD",8.35119438968784
"MOZ","c-ODmrsl","QM",0.766171230876877
"MOZ","c-ODmrsl","QE",0.0313414218637068
"MOZ","c-ODmrsl","QN",-0.702876362430541
"MOZ","c-OMarn","QD",218.271979221331
"MOZ","c-OMarn","QM",1.37525575136296
"MOZ","c-OMarn","QE",8.22763910734688
"MOZ","c-OMarn","QN",5.65670274957537
"MRT","Shrimp","QS",0.613576666666667
"MRT","Crust","QS",1.24515
"MRT","Mllscs","QS",48.36882
"MRT","ODmrsl","QS",44.7674733333333
"MRT","Mullet","QS",50.4513466666667
"MRT","OFrshD","QS",15
"MRT","OPelag","QS",551.5628
"MRT","OMarn","QS",41.1547133333333
"MRT","c-Crust","QD",0.383451941251926
"MRT","c-Crust","QM",0.243988276079427
"MRT","c-Crust","QE",2.74572486499935
"MRT","c-Crust","QN",2.83297456724017
"MRT","c-Mllsc","QD",7.83922043863829
"MRT","c-Mllsc","QM",2.08965635559633E-5
"MRT","c-Mllsc","QE",51.2188668971425
"MRT","c-Mllsc","QN",47.2511208410933
"MRT","c-FrshD","QD",15.682703776242
"MRT","c-FrshD","QM",0.0102811092695339
"MRT","c-FrshD","QN",-0.0105654539720979
"MRT","c-OPelag","QD",8.93174502275294
"MRT","c-OPelag","QM",3.84020327780649
"MRT","c-OPelag","QE",763.251884125713
"MRT","c-OPelag","QN",786.188514331957
"MRT","c-ODmrsl","QD",0.914538104026733
"MRT","c-ODmrsl","QM",0.0260162216271743
"MRT","c-ODmrsl","QE",3.69216157329426
"MRT","c-ODmrsl","QN",3.82556455080923
"MRT","c-OMarn","QD",6.12150201777456
"MRT","c-OMarn","QM",0.00532862370677064
"MRT","c-OMarn","QE",10.9166155603979
"MRT","c-OMarn","QN",9.00736336683311
"MWI","Salmon","QS",0.0413333333333333
"MWI","Tilapia","QS",54.8553366666667
"MWI","Pangas","QS",6.33065
"MWI","Carp","QS",0.0272
"MWI","OFrshD","QS",113.478886666667
"MWI","c-Crust","QD",0.0327978493369448
"MWI","c-Crust","QM",0.0327978493369448
"MWI","c-Crust","QN",-0.0284553084972189
"MWI","c-Mllsc","QD",0.0211049823843024
"MWI","c-Mllsc","QM",0.0211049823843024
"MWI","c-Mllsc","QN",-0.0227399034365212
"MWI","c-FrshD","QD",198.238296454231
"MWI","c-FrshD","QM",1.34489385462627
"MWI","c-FrshD","QE",0.326308083804785
"MWI","c-FrshD","QN",-1.04675680377591
"MWI","c-OPelag","QD",1.18689024221492
"MWI","c-OPelag","QM",1.18849640525787
"MWI","c-OPelag","QE",0.00160616304294539
"MWI","c-OPelag","QN",-1.14504052725643
"MWI","c-ODmrsl","QD",0.049673269041491
"MWI","c-ODmrsl","QM",0.049673269041491
"MWI","c-ODmrsl","QN",-0.0475132693661466
"MWI","c-OMarn","QD",4.31018135675842
"MWI","c-OMarn","QM",4.31107010030885
"MWI","c-OMarn","QE",0.000267693840490898
"MWI","c-OMarn","QN",-5.06299949873589
"MYS","Shrimp","QS",163.1655
"MYS","Crust","QS",16.0363533333333
"MYS","Mllscs","QS",106.030293333333
"MYS","ODmrsl","QS",323.426
"MYS","Tuna","QS",54.2553633333333
"MYS","Cobswf","QS",1.66156333333333
"MYS","Tilapia","QS",35.7501833333333
"MYS","Pangas","QS",50.4096733333333
"MYS","Carp","QS",10.1463633333333
"MYS","Mullet","QS",9.26152
"MYS","OFrshD","QS",71.6933966666667
"MYS","OCarp","QS",2.76956666666667
"MYS","OPelag","QS",474.39707
"MYS","OMarn","QS",301.44356
"MYS","c-Crust","QD",122.131343547822
"MYS","c-Crust","QM",52.3968036209102
"MYS","c-Crust","QE",100.025165068035
"MYS","c-Crust","QN",53.934509834738
"MYS","c-Mllsc","QD",128.934476184486
"MYS","c-Mllsc","QM",88.4810242214725
"MYS","c-Mllsc","QE",47.4905954462092
"MYS","c-Mllsc","QN",-44.1657981607406
"MYS","c-FrshD","QD",197.993955975832
"MYS","c-FrshD","QM",64.3183754231448
"MYS","c-FrshD","QE",25.303490138495
"MYS","c-FrshD","QN",-40.0939202079246
"MYS","c-OPelag","QD",580.031077069834
"MYS","c-OPelag","QM",251.64687551072
"MYS","c-OPelag","QE",75.5036150190503
"MYS","c-OPelag","QN",-169.932454318321
"MYS","c-ODmrsl","QD",370.043901740094
"MYS","c-ODmrsl","QM",36.1204049700356
"MYS","c-ODmrsl","QE",8.09977927541587
"MYS","c-ODmrsl","QN",-26.8021727203898
"MYS","c-OMarn","QD",286.747175506016
"MYS","c-OMarn","QM",78.5961622064816
"MYS","c-OMarn","QE",70.1408953001707
"MYS","c-OMarn","QN",-9.93063658962779
"NAM","Crust","QS",3.35633333333333
"NAM","Mllscs","QS",0.761043333333333
"NAM","ODmrsl","QS",147.396073333333
"NAM","Tuna","QS",4.36379666666667
"NAM","Cobswf","QS",0.741023333333333
"NAM","Tilapia","QS",0.03116
"NAM","Pangas","QS",0.00602
"NAM","OFrshD","QS",2.8
"NAM","OPelag","QS",243.408023333333
"NAM","c-Crust","QD",0.99536587861264
"NAM","c-Crust","QM",1.23509522005304
"NAM","c-Crust","QE",3.78719785361768
"NAM","c-Crust","QN",2.89000923834139
"NAM","c-Mllsc","QD",1.44334904271076
"NAM","c-Mllsc","QM",4.41801827276943
"NAM","c-Mllsc","QE",3.76722830897927
"NAM","c-Mllsc","QN",-0.701204135808831
"NAM","c-FrshD","QD",3.30475709803731
"NAM","c-FrshD","QM",5.1868586694091
"NAM","c-FrshD","QE",4.32809930029962
"NAM","c-FrshD","QN",-0.882510082284667
"NAM","c-OPelag","QD",14.6528623820845
"NAM","c-OPelag","QM",15.7706569968165
"NAM","c-OPelag","QE",228.424881289738
"NAM","c-OPelag","QN",220.15240597379
"NAM","c-ODmrsl","QD",3.87186803338796
"NAM","c-ODmrsl","QM",2.71709916466422
"NAM","c-ODmrsl","QE",138.234721197121
"NAM","c-ODmrsl","QN",141.410490072792
"NAM","c-OMarn","QD",0.421790912843855
"NAM","c-OMarn","QM",0.427289648052878
"NAM","c-OMarn","QE",0.00150827376423046
"NAM","c-OMarn","QN",-0.500076477956825
"NER","Tilapia","QS",13.8706033333333
"NER","Pangas","QS",8.20835666666667
"NER","OFrshD","QS",22.8312566666667
"NER","c-Crust","QD",0.0021782921818592
"NER","c-Crust","QM",0.0021782921818592
"NER","c-Crust","QN",-0.00188987928431217
"NER","c-Mllsc","QD",0.00072239281541249
"NER","c-Mllsc","QM",0.00072239281541249
"NER","c-Mllsc","QN",-0.000778353782372023
"NER","c-FrshD","QD",46.7604869416505
"NER","c-FrshD","QM",2.66529607680344
"NER","c-FrshD","QE",0.815014688083993
"NER","c-FrshD","QN",-1.90145463251466
"NER","c-OPelag","QD",0.916194137184229
"NER","c-OPelag","QM",1.20515126334922
"NER","c-OPelag","QE",0.288957126164996
"NER","c-OPelag","QN",-0.883889158910714
"NER","c-ODmrsl","QD",1.64065410742236
"NER","c-ODmrsl","QM",1.64065410742236
"NER","c-ODmrsl","QN",-1.56931166494239
"NER","c-OMarn","QD",0.771615550481135
"NER","c-OMarn","QM",0.814447887567285
"NER","c-OMarn","QE",0.0428323370861498
"NER","c-OMarn","QN",-0.906255675147814
"NGA","Shrimp","QS",44.2658966666667
"NGA","Crust","QS",10.4290333333333
"NGA","Mllscs","QS",4.76819333333333
"NGA","ODmrsl","QS",168.786336666667
"NGA","Cobswf","QS",0.312396666666667
"NGA","Tilapia","QS",84.70471
"NGA","Pangas","QS",286.545203333333
"NGA","Mullet","QS",11.4999433333333
"NGA","OFrshD","QS",267.79468
"NGA","OPelag","QS",146.97991
"NGA","OMarn","QS",53.98825
"NGA","c-Crust","QD",52.1564892765621
"NGA","c-Crust","QM",1.33441831650511
"NGA","c-Crust","QE",3.39180564219574
"NGA","c-Crust","QN",2.32979203104678
"NGA","c-Mllsc","QD",4.75124515006493
"NGA","c-Mllsc","QM",0.0316689594801724
"NGA","c-Mllsc","QE",0.0116868926355838
"NGA","c-Mllsc","QN",-0.0215299999892928
"NGA","c-FrshD","QD",644.241419820794
"NGA","c-FrshD","QM",1.97092757768509
"NGA","c-FrshD","QN",-2.02543753387364
"NGA","c-OPelag","QD",575.366278263457
"NGA","c-OPelag","QM",429.391494661164
"NGA","c-OPelag","QE",0.0572812789128823
"NGA","c-OPelag","QN",-414.195901672446
"NGA","c-ODmrsl","QD",386.58644792726
"NGA","c-ODmrsl","QM",207.648066540121
"NGA","c-ODmrsl","QE",0.208435633249397
"NGA","c-ODmrsl","QN",-198.419295743544
"NGA","c-OMarn","QD",72.0480069297851
"NGA","c-OMarn","QM",18.4015163671787
"NGA","c-OMarn","QE",0.0207379355225119
"NGA","c-OMarn","QN",-21.5880625486827
"NIC","Shrimp","QS",31.4775266666667
"NIC","Crust","QS",5.88220666666667
"NIC","Mllscs","QS",18.0932766666667
"NIC","ODmrsl","QS",5.16786
"NIC","Tuna","QS",16.8393333333333
"NIC","Tilapia","QS",0.4171
"NIC","OFrshD","QS",0.12
"NIC","OPelag","QS",0.47686
"NIC","OMarn","QS",1.54892333333333
"NIC","c-Crust","QD",2.75842168430173
"NIC","c-Crust","QM",1.28425722331267
"NIC","c-Crust","QE",34.2188924454855
"NIC","c-Crust","QN",37.2952869534636
"NIC","c-Mllsc","QD",9.1180718491488
"NIC","c-Mllsc","QM",0.101769608680251
"NIC","c-Mllsc","QE",2.56288147898535
"NIC","c-Mllsc","QN",2.270459088163
"NIC","c-FrshD","QD",1.65500351174413
"NIC","c-FrshD","QM",1.36736577047908
"NIC","c-FrshD","QE",0.0526172636318613
"NIC","c-FrshD","QN",-1.35111051442102
"NIC","c-OPelag","QD",21.3532339548255
"NIC","c-OPelag","QM",7.22350386654345
"NIC","c-OPelag","QE",3.81994404130146
"NIC","c-OPelag","QN",-3.28355040611935
"NIC","c-ODmrsl","QD",1.80600466361182
"NIC","c-ODmrsl","QM",0.000267293719296379
"NIC","c-ODmrsl","QE",3.25504351498702
"NIC","c-ODmrsl","QN",3.39630738514954
"NIC","c-OMarn","QD",0.545922672244401
"NIC","c-OMarn","QM",0.0929291164087078
"NIC","c-OMarn","QE",0.0374112209341117
"NIC","c-OMarn","QN",-0.0652052797727356
"NLD","Shrimp","QS",15.9633333333333
"NLD","Crust","QS",2.02733333333333
"NLD","Mllscs","QS",53.6036666666667
"NLD","Salmon","QS",0.0796666666666667
"NLD","ODmrsl","QS",114.91624
"NLD","Eelstg","QS",2.719
"NLD","Pangas","QS",2.55
"NLD","Carp","QS",0.26
"NLD","Mullet","QS",0.072
"NLD","OFrshD","QS",0.747
"NLD","OPelag","QS",158.37973
"NLD","OMarn","QS",0.00166666666666667
"NLD","c-Crust","QD",25.887639860143
"NLD","c-Crust","QM",161.927552141701
"NLD","c-Crust","QE",170.342062100697
"NLD","c-Crust","QN",9.52861816675835
"NLD","c-Mllsc","QD",26.3421372306422
"NLD","c-Mllsc","QM",81.6193775823423
"NLD","c-Mllsc","QE",107.163957719035
"NLD","c-Mllsc","QN",23.5657406818618
"NLD","c-FrshD","QD",32.0031735328325
"NLD","c-FrshD","QM",160.568275346976
"NLD","c-FrshD","QE",134.502701217693
"NLD","c-FrshD","QN",-26.7864698739587
"NLD","c-OPelag","QD",76.2295585934219
"NLD","c-OPelag","QM",405.673540620075
"NLD","c-OPelag","QE",532.927860942912
"NLD","c-OPelag","QN",131.741303906769
"NLD","c-ODmrsl","QD",170.13455355229
"NLD","c-ODmrsl","QM",674.327711365631
"NLD","c-ODmrsl","QE",655.107236859494
"NLD","c-ODmrsl","QN",-18.3846885896001
"NLD","c-OMarn","QD",0.00479013269639355
"NOR","Shrimp","QS",28.78625
"NOR","Crust","QS",252.307833333333
"NOR","Mllscs","QS",2.89974
"NOR","Salmon","QS",1531.63235
"NOR","ODmrsl","QS",1310.15934
"NOR","Tuna","QS",0.131076666666667
"NOR","Eelstg","QS",0.00463
"NOR","OPelag","QS",804.187256666667
"NOR","OMarn","QS",0.2831
"NOR","c-Crust","QD",57.4465549701866
"NOR","c-Crust","QM",41.1661289730368
"NOR","c-Crust","QE",72.9798869685884
"NOR","c-Crust","QN",36.02600197355
"NOR","c-Mllsc","QD",4.62740981174183
"NOR","c-Mllsc","QM",1.99209419729817
"NOR","c-Mllsc","QE",0.818578112196619
"NOR","c-Mllsc","QN",-1.26442382042745
"NOR","c-FrshD","QD",78.390816070799
"NOR","c-FrshD","QM",3.15499145451547
"NOR","c-FrshD","QE",1414.71858806472
"NOR","c-FrshD","QN",1372.5239735009
"NOR","c-OPelag","QD",23.481065702739
"NOR","c-OPelag","QM",137.686027613297
"NOR","c-OPelag","QE",723.280265403882
"NOR","c-OPelag","QN",606.242273355471
"NOR","c-ODmrsl","QD",118.341965460856
"NOR","c-ODmrsl","QM",77.5285735052395
"NOR","c-ODmrsl","QE",825.49562140588
"NOR","c-ODmrsl","QN",780.491756094986
"NOR","c-OMarn","QD",0.3828932368831
"NPL","Salmon","QS",0.546333333333333
"NPL","Tilapia","QS",7.11566666666667
"NPL","Pangas","QS",0.724333333333333
"NPL","Carp","QS",47.308
"NPL","OFrshD","QS",23.2816666666667
"NPL","OCarp","QS",25
"NPL","c-Crust","QD",0.124881203659541
"NPL","c-Crust","QM",0.124881203659541
"NPL","c-Crust","QN",-0.108346530259636
"NPL","c-Mllsc","QD",0.234580549798378
"NPL","c-Mllsc","QM",0.234580549798378
"NPL","c-Mllsc","QN",-0.25275259431009
"NPL","c-FrshD","QD",106.819312827473
"NPL","c-FrshD","QM",3.41745078003729
"NPL","c-FrshD","QN",-3.51196723736707
"NPL","c-OPelag","QD",0.22713050687248
"NPL","c-OPelag","QM",0.22713050687248
"NPL","c-OPelag","QN",-0.219121891894525
"NPL","c-ODmrsl","QD",0.0132770810388935
"NPL","c-ODmrsl","QM",0.0132770810388935
"NPL","c-ODmrsl","QN",-0.0126997385106701
"NPL","c-OMarn","QD",8.02020226249837
"NPL","c-OMarn","QM",8.77649996357802
"NPL","c-OMarn","QN",-10.3079219890886
"NZL","Crust","QS",4.09157666666667
"NZL","Mllscs","QS",144.551623333333
"NZL","Salmon","QS",15.5606666666667
"NZL","ODmrsl","QS",261.688933333333
"NZL","Tuna","QS",9.87422666666667
"NZL","Cobswf","QS",0.2623
"NZL","Eelstg","QS",0.338636666666667
"NZL","Pangas","QS",0.01115
"NZL","Carp","QS",0.00758
"NZL","Mullet","QS",0.861923333333333
"NZL","OFrshD","QS",0.00163333333333333
"NZL","OPelag","QS",52.2559966666667
"NZL","OMarn","QS",0.04535
"NZL","c-Crust","QD",14.4390745954699
"NZL","c-Crust","QM",14.9324286660328
"NZL","c-Crust","QE",4.21645208426652
"NZL","c-Crust","QN",-9.2971467839402
"NZL","c-Mllsc","QD",17.4645444214575
"NZL","c-Mllsc","QM",6.38362659716679
"NZL","c-Mllsc","QE",126.813901907071
"NZL","c-Mllsc","QN",111.10100941224
"NZL","c-FrshD","QD",12.0909450134738
"NZL","c-FrshD","QM",4.47135308207057
"NZL","c-FrshD","QE",6.00085204755537
"NZL","c-FrshD","QN",1.48719760315016
"NZL","c-OPelag","QD",26.718989438576
"NZL","c-OPelag","QM",13.7925846710376
"NZL","c-OPelag","QE",49.273529757712
"NZL","c-OPelag","QN",36.732002164677
"NZL","c-ODmrsl","QD",46.4703905047498
"NZL","c-ODmrsl","QM",13.9341353838068
"NZL","c-ODmrsl","QE",182.15254126462
"NZL","c-ODmrsl","QN",175.533239575089
"NZL","c-OMarn","QD",0.106376885496119
"NZL","c-OMarn","QM",0.00688971874422031
"NZL","c-OMarn","QN",-0.00809191404738878
"OAO","Shrimp","QS",4.28463333333333
"OAO","Crust","QS",0.734796666666667
"OAO","Mllscs","QS",83.4430033333333
"OAO","Salmon","QS",99.8671166666667
"OAO","ODmrsl","QS",444.51592
"OAO","Tuna","QS",9.56393666666666
"OAO","Cobswf","QS",0.0252466666666667
"OAO","OPelag","QS",181.98724
"OAO","OMarn","QS",0.359296666666667
"OAO","c-Crust","QD",1.42288370751322
"OAO","c-Crust","QM",1.2602996838492
"OAO","c-Crust","QE",4.24931416068847
"OAO","c-Crust","QN",3.38476961623452
"OAO","c-Mllsc","QD",1.0065776320458
"OAO","c-Mllsc","QM",1.37371120501916
"OAO","c-Mllsc","QE",74.1265302800506
"OAO","c-Mllsc","QN",67.1169406199751
"OAO","c-FrshD","QD",2.02511251196583
"OAO","c-FrshD","QM",0.849290880313213
"OAO","c-FrshD","QE",78.1836935786316
"OAO","c-FrshD","QN",75.1955646452712
"OAO","c-OPelag","QD",4.97140333909715
"OAO","c-OPelag","QM",11.0242082762718
"OAO","c-OPelag","QE",174.919508269982
"OAO","c-OPelag","QN",169.674243440893
"OAO","c-ODmrsl","QD",7.08737558049581
"OAO","c-ODmrsl","QM",4.53858167487244
"OAO","c-ODmrsl","QE",275.846424709817
"OAO","c-ODmrsl","QN",283.105432848983
"OAO","c-OMarn","QD",2.4686918606745
"OAO","c-OMarn","QM",1.49378270213191
"OAO","c-OMarn","QE",0.00568113221633245
"OAO","c-OMarn","QN",-1.74776220112653
"OBN","Shrimp","QS",0.0229666666666667
"OBN","Crust","QS",0.00185
"OBN","Mllscs","QS",0.275106666666667
"OBN","Salmon","QS",7.60541666666667
"OBN","ODmrsl","QS",0.446483333333333
"OBN","Tuna","QS",0.0354133333333333
"OBN","Cobswf","QS",0.00550666666666667
"OBN","Eelstg","QS",0.00497666666666667
"OBN","Pangas","QS",0.601513333333333
"OBN","Carp","QS",5.71695
"OBN","Mullet","QS",0.0197133333333333
"OBN","OFrshD","QS",1.87718666666667
"OBN","OCarp","QS",0.644286666666667
"OBN","OPelag","QS",0.46352
"OBN","OMarn","QS",0.0404233333333333
"OBN","c-Crust","QD",1.49210128976241
"OBN","c-Crust","QM",2.02010766020548
"OBN","c-Crust","QE",0.572612835692391
"OBN","c-Crust","QN",-1.25584184976577
"OBN","c-Mllsc","QD",3.86875043356039
"OBN","c-Mllsc","QM",4.0411751204674
"OBN","c-Mllsc","QE",0.454547733800141
"OBN","c-Mllsc","QN",-3.86446948642131
"OBN","c-FrshD","QD",25.764804850439
"OBN","c-FrshD","QM",13.5921260922069
"OBN","c-FrshD","QE",3.94018282563972
"OBN","c-FrshD","QN",-9.91888712110138
"OBN","c-OPelag","QD",44.0137838669947
"OBN","c-OPelag","QM",45.2149106204546
"OBN","c-OPelag","QE",1.90206194821336
"OBN","c-OPelag","QN",-41.7856389046465
"OBN","c-ODmrsl","QD",23.3599530969018
"OBN","c-ODmrsl","QM",23.9591107058723
"OBN","c-ODmrsl","QE",1.15041246966959
"OBN","c-ODmrsl","QN",-21.8168814756815
"OBN","c-OMarn","QD",5.04354570264359
"OBN","c-OMarn","QM",5.62541721564811
"OBN","c-OMarn","QE",0.640739249799538
"OBN","c-OMarn","QN",-5.85446041427981
"OIO","Shrimp","QS",0.00173333333333333
"OIO","Crust","QS",0.374063333333333
"OIO","Mllscs","QS",0.790733333333333
"OIO","Salmon","QS",0.025
"OIO","ODmrsl","QS",9.34812
"OIO","Tuna","QS",316.551576666667
"OIO","Cobswf","QS",2.89497
"OIO","Tilapia","QS",0.0196666666666667
"OIO","Mullet","QS",0.00012
"OIO","OPelag","QS",9.38442666666667
"OIO","OMarn","QS",46.5594533333333
"OIO","c-Crust","QD",7.04127134504082
"OIO","c-Crust","QM",6.59370775567255
"OIO","c-Crust","QE",0.00373177532992375
"OIO","c-Crust","QN",-5.71744194515468
"OIO","c-Mllsc","QD",4.84870366857706
"OIO","c-Mllsc","QM",4.35776567450511
"OIO","c-Mllsc","QE",0.229484226772504
"OIO","c-Mllsc","QN",-4.44808338480517
"OIO","c-FrshD","QD",2.86622296957732
"OIO","c-FrshD","QM",2.98698681133686
"OIO","c-FrshD","QE",0.106275772831599
"OIO","c-FrshD","QN",-2.96038288148856
"OIO","c-OPelag","QD",71.6389508765997
"OIO","c-OPelag","QM",244.920535820573
"OIO","c-OPelag","QE",388.07907065326
"OIO","c-OPelag","QN",148.20630055148
"OIO","c-ODmrsl","QD",8.82376281158691
"OIO","c-ODmrsl","QM",3.95623064020887
"OIO","c-ODmrsl","QE",5.53952113700471
"OIO","c-ODmrsl","QN",1.65213853166542
"OIO","c-OMarn","QD",7.08684091170328
"OIO","c-OMarn","QM",3.99309938310745
"OIO","c-OMarn","QE",4.53888649212216
"OIO","c-OMarn","QN",0.450552060481293
"OPO","Shrimp","QS",1.62446666666667
"OPO","Crust","QS",0.45631
"OPO","Mllscs","QS",2.63324333333333
"OPO","ODmrsl","QS",3.4873
"OPO","Tuna","QS",588.68819
"OPO","Cobswf","QS",0.481803333333333
"OPO","Tilapia","QS",0.125333333333333
"OPO","Carp","QS",0.0502666666666667
"OPO","Mullet","QS",0.25039
"OPO","OFrshD","QS",0.0628333333333333
"OPO","OPelag","QS",3.77481333333333
"OPO","OMarn","QS",25.19548
"OPO","c-Crust","QD",2.02768822471448
"OPO","c-Crust","QM",1.37215110743571
"OPO","c-Crust","QE",1.55325677491114
"OPO","c-Crust","QN",0.205084640890369
"OPO","c-Mllsc","QD",2.55117922652062
"OPO","c-Mllsc","QM",2.03312438617484
"OPO","c-Mllsc","QE",0.17645346857861
"OPO","c-Mllsc","QN",-2.00050000567347
"OPO","c-FrshD","QD",1.27760109615361
"OPO","c-FrshD","QM",1.04153552685504
"OPO","c-FrshD","QE",0.000814908454209645
"OPO","c-FrshD","QN",-1.06950383497146
"OPO","c-OPelag","QD",34.8134668204618
"OPO","c-OPelag","QM",26.0381715501412
"OPO","c-OPelag","QE",346.089113885692
"OPO","c-OPelag","QN",331.335929129227
"OPO","c-ODmrsl","QD",3.07036874952417
"OPO","c-ODmrsl","QM",0.409145935794574
"OPO","c-ODmrsl","QE",0.00351751623905682
"OPO","c-ODmrsl","QN",-0.38799001420276
"OPO","c-OMarn","QD",12.1805088721498
"OPO","c-OMarn","QM",3.3123346686431
"OPO","c-OMarn","QE",5.01387383632972
"OPO","c-OMarn","QN",1.4046355535491
"OSA","Shrimp","QS",5.26592666666667
"OSA","Crust","QS",0.117116666666667
"OSA","Mllscs","QS",0.88221
"OSA","ODmrsl","QS",1.74187666666667
"OSA","Tuna","QS",1.69830666666667
"OSA","Tilapia","QS",0.206516666666667
"OSA","Pangas","QS",0.0249466666666667
"OSA","Carp","QS",1.38752
"OSA","Mullet","QS",0.595473333333333
"OSA","OFrshD","QS",1.68366333333333
"OSA","OCarp","QS",0.00321666666666667
"OSA","OPelag","QS",1.69584333333333
"OSA","OMarn","QS",7.78437666666667
"OSA","c-Crust","QD",52.867539416188
"OSA","c-Crust","QM",61.5542783624168
"OSA","c-Crust","QE",9.46955283715271
"OSA","c-Crust","QN",-45.188540187142
"OSA","c-Mllsc","QD",63.033702041908
"OSA","c-Mllsc","QM",72.3128395482767
"OSA","c-Mllsc","QE",9.87867136382617
"OSA","c-Mllsc","QN",-67.2707008137527
"OSA","c-FrshD","QD",78.6085044757783
"OSA","c-FrshD","QM",77.4803886374448
"OSA","c-FrshD","QE",3.44942015991639
"OSA","c-FrshD","QN",-76.0784434299291
"OSA","c-OPelag","QD",59.919503638664
"OSA","c-OPelag","QM",77.5417458612723
"OSA","c-OPelag","QE",19.3957963681542
"OSA","c-OPelag","QN",-56.0957250277651
"OSA","c-ODmrsl","QD",16.3980320843049
"OSA","c-ODmrsl","QM",20.1300142400687
"OSA","c-ODmrsl","QE",5.74772475834085
"OSA","c-ODmrsl","QN",-13.7568879083929
"OSA","c-OMarn","QD",34.4749595177881
"OSA","c-OMarn","QM",42.5651411654996
"OSA","c-OMarn","QE",8.29991294608617
"OSA","c-OMarn","QN",-40.2442090685129
"PAK","Shrimp","QS",19.7006666666667
"PAK","Crust","QS",8.00633333333333
"PAK","Mllscs","QS",15.908
"PAK","ODmrsl","QS",74.2486666666667
"PAK","Tuna","QS",14.36873
"PAK","Cobswf","QS",2.749
"PAK","Tilapia","QS",0.251
"PAK","Carp","QS",102.040666666667
"PAK","Mullet","QS",10.8306666666667
"PAK","OFrshD","QS",155.570333333333
"PAK","OCarp","QS",53.3683333333333
"PAK","OPelag","QS",180.10527
"PAK","OMarn","QS",17.8783333333333
"PAK","c-Crust","QD",6.97048747817087
"PAK","c-Crust","QM",0.0154462755469028
"PAK","c-Crust","QE",20.7816673104689
"PAK","c-Crust","QN",23.5157355535263
"PAK","c-Mllsc","QD",10.9964668850222
"PAK","c-Mllsc","QM",0.119262196760247
"PAK","c-Mllsc","QE",2.23346485661081
"PAK","c-Mllsc","QN",1.95042358748244
"PAK","c-FrshD","QD",219.547841934764
"PAK","c-FrshD","QM",9.16758145081918
"PAK","c-FrshD","QE",98.3275195118653
"PAK","c-FrshD","QN",86.6940411034371
"PAK","c-OPelag","QD",88.9681560545986
"PAK","c-OPelag","QM",0.239533294601284
"PAK","c-OPelag","QE",40.1867294522424
"PAK","c-OPelag","QN",41.3557331167691
"PAK","c-ODmrsl","QD",7.67598173693525
"PAK","c-ODmrsl","QM",0.0830527369706753
"PAK","c-ODmrsl","QE",77.2425361804675
"PAK","c-ODmrsl","QN",80.5146976744847
"PAK","c-OMarn","QD",0.533678404705759
"PAK","c-OMarn","QM",0.0589198231181661
"PAK","c-OMarn","QE",0.216469815894413
"PAK","c-OMarn","QN",0.130058905206276
"PAN","Shrimp","QS",5.69347333333333
"PAN","Crust","QS",0.0298333333333333
"PAN","Mllscs","QS",0.314956666666667
"PAN","Salmon","QS",0.0163333333333333
"PAN","ODmrsl","QS",2.60721666666667
"PAN","Tuna","QS",89.1182066666667
"PAN","Cobswf","QS",1.6499
"PAN","Tilapia","QS",0.936596666666667
"PAN","Carp","QS",0.0146666666666667
"PAN","OFrshD","QS",0.0363333333333333
"PAN","OPelag","QS",101.674293333333
"PAN","OMarn","QS",5.29314
"PAN","c-Crust","QD",3.74303946678909
"PAN","c-Crust","QM",2.31218861698563
"PAN","c-Crust","QE",4.39668355053857
"PAN","c-Crust","QN",2.36048877345874
"PAN","c-Mllsc","QD",9.14727599065655
"PAN","c-Mllsc","QM",9.18602703115272
"PAN","c-Mllsc","QE",0.0525666288469809
"PAN","c-Mllsc","QN",-9.84099412204212
"PAN","c-FrshD","QD",8.12452500612749
"PAN","c-FrshD","QM",8.3143748640589
"PAN","c-FrshD","QE",0.690364690685646
"PAN","c-FrshD","QN",-7.83486746982437
"PAN","c-OPelag","QD",30.6121987734106
"PAN","c-OPelag","QM",19.7142570468936
"PAN","c-OPelag","QE",10.6640617008335
"PAN","c-OPelag","QN",-8.73108572490049
"PAN","c-ODmrsl","QD",1.7212287693119
"PAN","c-ODmrsl","QM",1.49994607184313
"PAN","c-ODmrsl","QE",1.72361344872705
"PAN","c-ODmrsl","QN",0.233393361719971
"PAN","c-OMarn","QD",3.92231378992289
"PAN","c-OMarn","QM",3.15454205981579
"PAN","c-OMarn","QE",3.07137204514106
"PAN","c-OMarn","QN",-0.0976824504821081
"PER","Shrimp","QS",82.41813
"PER","Crust","QS",2.0492
"PER","Mllscs","QS",645.502916666667
"PER","Salmon","QS",52.27277
"PER","ODmrsl","QS",83.45292
"PER","Tuna","QS",30.2731333333333
"PER","Cobswf","QS",0.145643333333333
"PER","Tilapia","QS",3.46066
"PER","Pangas","QS",1.61251333333333
"PER","Carp","QS",0.00098
"PER","Mullet","QS",19.1927433333333
"PER","OFrshD","QS",18.81314
"PER","OPelag","QS",4792.82796666667
"PER","OMarn","QS",76.0099266666667
"PER","c-Crust","QD",80.3818978670617
"PER","c-Crust","QM",8.91879581247013
"PER","c-Crust","QE",40.5992257816259
"PER","c-Crust","QN",35.8750208872306
"PER","c-Mllsc","QD",109.11683572577
"PER","c-Mllsc","QM",2.03347676160588
"PER","c-Mllsc","QE",599.240548651314
"PER","c-Mllsc","QN",550.943758488763
"PER","c-FrshD","QD",93.0617590755049
"PER","c-FrshD","QM",22.750557850491
"PER","c-FrshD","QE",16.6782676860477
"PER","c-FrshD","QN",-6.24023153102389
"PER","c-OPelag","QD",561.497049046582
"PER","c-OPelag","QM",121.97928674887
"PER","c-OPelag","QE",144.749464484201
"PER","c-OPelag","QN",23.5730535311581
"PER","c-ODmrsl","QD",95.7274956715372
"PER","c-ODmrsl","QM",1.28634547768751
"PER","c-ODmrsl","QE",49.4389468054039
"PER","c-ODmrsl","QN",50.246476066421
"PER","c-OMarn","QD",97.9868637188031
"PER","c-OMarn","QM",13.5960666457185
"PER","c-OMarn","QE",0.129624295677399
"PER","c-OMarn","QN",-15.8162180585473
"PHL","Shrimp","QS",107.77024
"PHL","Crust","QS",57.3440733333333
"PHL","Mllscs","QS",158.876163333333
"PHL","ODmrsl","QS",300.9315
"PHL","Tuna","QS",184.163666666667
"PHL","Cobswf","QS",1.04752
"PHL","Eelstg","QS",1.75877333333333
"PHL","Tilapia","QS",321.86196
"PHL","Pangas","QS",11.11118
"PHL","Carp","QS",427.629236666667
"PHL","Mullet","QS",15.2055266666667
"PHL","OFrshD","QS",55.3813533333333
"PHL","OCarp","QS",12.8461666666667
"PHL","OPelag","QS",1063.25198333333
"PHL","OMarn","QS",20.69309
"PHL","c-Crust","QD",150.541523938727
"PHL","c-Crust","QM",10.6213409461881
"PHL","c-Crust","QE",29.6057184234191
"PHL","c-Crust","QN",21.497970172432
"PHL","c-Mllsc","QD",181.762576101458
"PHL","c-Mllsc","QM",39.1259797392253
"PHL","c-Mllsc","QE",20.5712560401713
"PHL","c-Mllsc","QN",-19.9920861114599
"PHL","c-FrshD","QD",832.470427625915
"PHL","c-FrshD","QM",22.775986367427
"PHL","c-FrshD","QE",14.5669485571242
"PHL","c-FrshD","QN",-8.43607521972164
"PHL","c-OPelag","QD",1556.23502128438
"PHL","c-OPelag","QM",316.198623253868
"PHL","c-OPelag","QE",225.936181725324
"PHL","c-OPelag","QN",-87.0797905006135
"PHL","c-ODmrsl","QD",416.929355853829
"PHL","c-ODmrsl","QM",84.2690814833772
"PHL","c-ODmrsl","QE",0.681465254696508
"PHL","c-ODmrsl","QN",-79.9528801341838
"PHL","c-OMarn","QD",110.690768717593
"PHL","c-OMarn","QM",102.571748842436
"PHL","c-OMarn","QE",5.56875657617078
"PHL","c-OMarn","QN",-113.929160956914
"PNG","Shrimp","QS",0.984
"PNG","Crust","QS",0.131666666666667
"PNG","Mllscs","QS",0.001
"PNG","Salmon","QS",0.15
"PNG","ODmrsl","QS",1.85049
"PNG","Tuna","QS",211.720666666667
"PNG","Cobswf","QS",0.00533333333333333
"PNG","Tilapia","QS",3.6
"PNG","Carp","QS",0.35
"PNG","OFrshD","QS",9.353
"PNG","OPelag","QS",0.0963333333333333
"PNG","OMarn","QS",4.43333333333333
"PNG","c-Crust","QD",0.0588646366960929
"PNG","c-Crust","QM",0.0313240214185184
"PNG","c-Crust","QE",1.3559437198437
"PNG","c-Crust","QN",1.50000361090133
"PNG","c-Mllsc","QD",0.144576129761186
"PNG","c-Mllsc","QM",0.176973057398779
"PNG","c-Mllsc","QE",0.0332116910069638
"PNG","c-Mllsc","QN",-0.154898001340372
"PNG","c-FrshD","QD",11.0399629853462
"PNG","c-FrshD","QM",0.219760234736873
"PNG","c-FrshD","QE",1.61339281063705E-5
"PNG","c-FrshD","QN",-0.225821564761982
"PNG","c-OPelag","QD",87.0304900895736
"PNG","c-OPelag","QM",33.5135971366542
"PNG","c-OPelag","QE",142.058583552504
"PNG","c-OPelag","QN",112.372279437654
"PNG","c-ODmrsl","QD",1.73838235167711
"PNG","c-ODmrsl","QM",0.268355626193261
"PNG","c-ODmrsl","QE",0.0223616243554296
"PNG","c-ODmrsl","QN",-0.235297162786176
"PNG","c-OMarn","QD",5.45047653039084
"PNG","c-OMarn","QM",3.65250351525285
"PNG","c-OMarn","QE",0.105830501413738
"PNG","c-OMarn","QN",-4.16553625011979
"POL","Shrimp","QS",0.68322
"POL","Crust","QS",0.143866666666667
"POL","Mllscs","QS",0.0236666666666667
"POL","Salmon","QS",19.313
"POL","ODmrsl","QS",62.93702
"POL","Tuna","QS",0.002
"POL","Eelstg","QS",0.8728
"POL","Pangas","QS",0.324833333333333
"POL","Carp","QS",21.8983333333333
"POL","OFrshD","QS",22.3111666666667
"POL","OCarp","QS",1.73433333333333
"POL","OPelag","QS",120.946623333333
"POL","OMarn","QS",0.9504
"POL","c-Crust","QD",10.6819320111275
"POL","c-Crust","QM",12.2230271453125
"POL","c-Crust","QE",2.57658286861348
"POL","c-Crust","QN",-8.36922399925478
"POL","c-Mllsc","QD",12.0997430780718
"POL","c-Mllsc","QM",14.9521082218109
"POL","c-Mllsc","QE",2.85925527124957
"POL","c-Mllsc","QN",-13.0296393221512
"POL","c-FrshD","QD",34.6838782115463
"POL","c-FrshD","QM",273.614975674184
"POL","c-FrshD","QE",304.995559425549
"POL","c-FrshD","QN",30.5126907527467
"POL","c-OPelag","QD",193.439345552112
"POL","c-OPelag","QM",227.462371948052
"POL","c-OPelag","QE",163.215870128773
"POL","c-OPelag","QN",-61.9811720587107
"POL","c-ODmrsl","QD",174.221933424071
"POL","c-ODmrsl","QM",308.579813599528
"POL","c-ODmrsl","QE",163.14581721807
"POL","c-ODmrsl","QN",-139.109923272728
"POL","c-OMarn","QD",0.000984303930065089
"PRK","Crust","QS",15.4833333333333
"PRK","Mllscs","QS",71.7583333333333
"PRK","Salmon","QS",0.06
"PRK","ODmrsl","QS",64.9883333333333
"PRK","Eelstg","QS",0.05
"PRK","Tilapia","QS",0.05
"PRK","Pangas","QS",8.01333333333333
"PRK","OFrshD","QS",11.2833333333333
"PRK","OMarn","QS",110.543333333333
"PRK","c-Crust","QD",17.3632351419648
"PRK","c-Crust","QM",0.835711717773992
"PRK","c-Crust","QN",-0.725060795898358
"PRK","c-Mllsc","QD",22.6839557829358
"PRK","c-Mllsc","QM",0.271472084752981
"PRK","c-Mllsc","QE",0.000350583830210108
"PRK","c-Mllsc","QN",-0.292124231059968
"PRK","c-FrshD","QD",19.0252128474588
"PRK","c-FrshD","QM",0.0335859309341283
"PRK","c-FrshD","QN",-0.0345148172334013
"PRK","c-OPelag","QD",31.8797896827087
"PRK","c-OPelag","QM",33.0012272221039
"PRK","c-OPelag","QE",1.12143753939523
"PRK","c-OPelag","QN",-30.7557092381107
"PRK","c-ODmrsl","QD",104.232980061045
"PRK","c-ODmrsl","QM",37.1061932566723
"PRK","c-ODmrsl","QN",-35.492662137536
"PRK","c-OMarn","QD",103.995614774631
"PRK","c-OMarn","QM",1.55042193072118
"PRK","c-OMarn","QE",7.85808613713799
"PRK","c-OMarn","QN",5.20703229901427
"PRT","Shrimp","QS",1.11686333333333
"PRT","Crust","QS",0.897046666666667
"PRT","Mllscs","QS",23.9970233333333
"PRT","Salmon","QS",0.80946
"PRT","ODmrsl","QS",68.2234933333333
"PRT","Tuna","QS",8.93085333333333
"PRT","Cobswf","QS",3.01078666666667
"PRT","Eelstg","QS",0.00474666666666667
"PRT","Mullet","QS",0.385863333333333
"PRT","OFrshD","QS",0.13414
"PRT","OPelag","QS",82.5629466666667
"PRT","OMarn","QS",1.32530333333333
"PRT","c-Crust","QD",38.2569595274865
"PRT","c-Crust","QM",47.3722525892668
"PRT","c-Crust","QE",11.1516635888102
"PRT","c-Crust","QN",-31.42486641031
"PRT","c-Mllsc","QD",120.588504434249
"PRT","c-Mllsc","QM",166.443252792368
"PRT","c-Mllsc","QE",64.6330568186239
"PRT","c-Mllsc","QN",-109.697036611517
"PRT","c-FrshD","QD",39.5813830381048
"PRT","c-FrshD","QM",44.5268958315448
"PRT","c-FrshD","QE",5.72810335045334
"PRT","c-FrshD","QN",-39.8718509243636
"PRT","c-OPelag","QD",57.9518129564917
"PRT","c-OPelag","QM",111.073566343242
"PRT","c-OPelag","QE",141.500280754977
"PRT","c-OPelag","QN",31.4995594651066
"PRT","c-ODmrsl","QD",313.904790609891
"PRT","c-ODmrsl","QM",363.81665572055
"PRT","c-ODmrsl","QE",108.687736469676
"PRT","c-ODmrsl","QN",-244.034856118195
"PRT","c-OMarn","QD",21.825851235363
"PRT","c-OMarn","QM",35.4979287308015
"PRT","c-OMarn","QE",13.785990567902
"PRT","c-OMarn","QN",-25.5004803445406
"PRY","Tilapia","QS",8.83333333333333
"PRY","Pangas","QS",8.30743666666667
"PRY","Carp","QS",0.533333333333333
"PRY","OFrshD","QS",13.1510566666667
"PRY","c-Crust","QD",0.242724743971805
"PRY","c-Crust","QM",0.242724743971805
"PRY","c-Crust","QN",-0.210587206455823
"PRY","c-Mllsc","QD",0.428004943335372
"PRY","c-Mllsc","QM",0.428004943335372
"PRY","c-Mllsc","QN",-0.461160824708349
"PRY","c-FrshD","QD",30.5835772946884
"PRY","c-FrshD","QM",0.541762376061283
"PRY","c-FrshD","QE",0.00468235850683451
"PRY","c-FrshD","QN",-0.551934042916975
"PRY","c-OPelag","QD",3.37844105763194
"PRY","c-OPelag","QM",3.37844105763194
"PRY","c-OPelag","QN",-3.25931732551489
"PRY","c-ODmrsl","QD",0.0848327081138466
"PRY","c-ODmrsl","QM",0.0848327081138466
"PRY","c-ODmrsl","QN",-0.081143830262231
"PRY","c-OMarn","QD",0.186619499246897
"PRY","c-OMarn","QM",0.186619499246897
"PRY","c-OMarn","QN",-0.21918295993424
"PSE","Shrimp","QS",0.0986333333333333
"PSE","Crust","QS",0.286133333333333
"PSE","Mllscs","QS",0.176333333333333
"PSE","ODmrsl","QS",0.8116
"PSE","Tilapia","QS",0.0616666666666667
"PSE","Carp","QS",0.00266666666666667
"PSE","Mullet","QS",0.0113333333333333
"PSE","OFrshD","QS",0.00333333333333333
"PSE","OPelag","QS",1.8154
"PSE","OMarn","QS",1.79376666666667
"PSE","c-Crust","QD",0.593182710110066
"PSE","c-Crust","QM",0.0951748378161674
"PSE","c-Crust","QN",-0.0825733828888944
"PSE","c-Mllsc","QD",0.19920314891756
"PSE","c-Mllsc","QM",0.107348363583352
"PSE","c-Mllsc","QN",-0.115664224565742
"PSE","c-FrshD","QD",1.33196078839566
"PSE","c-FrshD","QM",1.25449289714994
"PSE","c-FrshD","QN",-1.2891884149542
"PSE","c-OPelag","QD",8.43403998833734
"PSE","c-OPelag","QM",7.13811283621255
"PSE","c-OPelag","QE",0.389552824549894
"PSE","c-OPelag","QN",-6.51060598455625
"PSE","c-ODmrsl","QD",4.35088451024127
"PSE","c-ODmrsl","QM",3.44783023514833
"PSE","c-ODmrsl","QN",-3.29790428237195
"PSE","c-OMarn","QD",3.71230561586121
"PSE","c-OMarn","QM",1.93190533872731
"PSE","c-OMarn","QE",0.0245905220497121
"PSE","c-OMarn","QN",-2.24012447109158
"RAP","Shrimp","QS",4.86836666666667
"RAP","Crust","QS",6.69171333333333
"RAP","Mllscs","QS",15.52817
"RAP","Salmon","QS",0.16
"RAP","ODmrsl","QS",176.608543333333
"RAP","Tuna","QS",83.9843466666667
"RAP","Cobswf","QS",1.13647666666667
"RAP","Eelstg","QS",0.02171
"RAP","Tilapia","QS",0.810366666666667
"RAP","Carp","QS",0.172
"RAP","Mullet","QS",8.61441333333333
"RAP","OFrshD","QS",0.4637
"RAP","OPelag","QS",558.68966
"RAP","OMarn","QS",7.39154
"RAP","c-Crust","QD",45.3253727125869
"RAP","c-Crust","QM",153.614210183112
"RAP","c-Crust","QE",160.411437739232
"RAP","c-Crust","QN",7.6972023671547
"RAP","c-Mllsc","QD",22.8213908904976
"RAP","c-Mllsc","QM",27.8025821419193
"RAP","c-Mllsc","QE",22.8780642815659
"RAP","c-Mllsc","QN",-5.30600114118802
"RAP","c-FrshD","QD",138.106707628899
"RAP","c-FrshD","QM",178.853898460682
"RAP","c-FrshD","QE",41.9497329183642
"RAP","c-FrshD","QN",-140.690524894246
"RAP","c-OPelag","QD",218.199244722892
"RAP","c-OPelag","QM",226.980117123253
"RAP","c-OPelag","QE",332.686120326882
"RAP","c-OPelag","QN",109.433193761046
"RAP","c-ODmrsl","QD",223.085836470701
"RAP","c-ODmrsl","QM",108.942580585188
"RAP","c-ODmrsl","QE",42.3178370649196
"RAP","c-ODmrsl","QN",-63.7276234564878
"RAP","c-OMarn","QD",46.7419663259264
"RAP","c-OMarn","QM",63.1361123425544
"RAP","c-OMarn","QE",27.1829446043675
"RAP","c-OMarn","QN",-42.2266791823421
"ROU","Crust","QS",1.33333333333333E-5
"ROU","Mllscs","QS",4.69233333333333
"ROU","Salmon","QS",2.67155
"ROU","ODmrsl","QS",0.0986766666666667
"ROU","Eelstg","QS",0.154843333333333
"ROU","Pangas","QS",0.33608
"ROU","Carp","QS",5.38772666666667
"ROU","Mullet","QS",0.00116
"ROU","OFrshD","QS",2.83190333333333
"ROU","OCarp","QS",4.38530333333333
"ROU","OPelag","QS",0.0998
"ROU","OMarn","QS",0.0115
"ROU","c-Crust","QD",3.99094096232669
"ROU","c-Crust","QM",4.86138931379308
"ROU","c-Crust","QE",0.870483128711064
"ROU","c-Crust","QN",-3.46249735808275
"ROU","c-Mllsc","QD",9.57421023830304
"ROU","c-Mllsc","QM",5.42004227805961
"ROU","c-Mllsc","QE",1.90852302230182
"ROU","c-Mllsc","QN",-3.78354302019268
"ROU","c-FrshD","QD",36.9483967622088
"ROU","c-FrshD","QM",25.9005355577348
"ROU","c-FrshD","QE",1.03211037337241
"ROU","c-FrshD","QN",-25.5562113732745
"ROU","c-OPelag","QD",64.8519538103586
"ROU","c-OPelag","QM",66.5327641287914
"ROU","c-OPelag","QE",1.74953884823633
"ROU","c-OPelag","QN",-62.4989706665619
"ROU","c-ODmrsl","QD",16.4355954222238
"ROU","c-ODmrsl","QM",16.5377014126112
"ROU","c-ODmrsl","QE",0.165209300863631
"ROU","c-ODmrsl","QN",-15.6605482769979
"ROU","c-OMarn","QD",4.04649761070679
"ROU","c-OMarn","QM",5.85829642123575
"ROU","c-OMarn","QE",1.78198601752499
"ROU","c-OMarn","QN",-4.78759070462418
"RUS","Shrimp","QS",35.237
"RUS","Crust","QS",99.2576666666667
"RUS","Mllscs","QS",171.509
"RUS","Salmon","QS",589.809666666667
"RUS","ODmrsl","QS",2889.68907
"RUS","Tuna","QS",0.0116666666666667
"RUS","Eelstg","QS",4.71833333333333
"RUS","Pangas","QS",9.189
"RUS","Carp","QS",145.29
"RUS","Mullet","QS",2.93333333333333
"RUS","OFrshD","QS",136.637
"RUS","OCarp","QS",50.5326666666667
"RUS","OPelag","QS",1199.68233333333
"RUS","OMarn","QS",2.28033333333333
"RUS","c-Crust","QD",116.509450710528
"RUS","c-Crust","QM",71.3507322958211
"RUS","c-Crust","QE",99.5012597385495
"RUS","c-Crust","QN",31.8777479023385
"RUS","c-Mllsc","QD",192.768047326524
"RUS","c-Mllsc","QM",122.395752683931
"RUS","c-Mllsc","QE",71.2610173478038
"RUS","c-Mllsc","QN",-55.0959447689699
"RUS","c-FrshD","QD",937.764590063101
"RUS","c-FrshD","QM",169.819338374551
"RUS","c-FrshD","QE",193.010017613164
"RUS","c-FrshD","QN",22.549294479685
"RUS","c-OPelag","QD",799.163483585814
"RUS","c-OPelag","QM",374.985823595919
"RUS","c-OPelag","QE",480.511879303179
"RUS","c-OPelag","QN",109.246901321258
"RUS","c-ODmrsl","QD",1186.60745947704
"RUS","c-ODmrsl","QM",123.305158360496
"RUS","c-ODmrsl","QE",1541.08287118342
"RUS","c-ODmrsl","QN",1479.42856565587
"RUS","c-OMarn","QD",0.345057492374453
"RWA","Tilapia","QS",10.6
"RWA","Pangas","QS",2.75866666666667
"RWA","Carp","QS",0.0039
"RWA","OFrshD","QS",21.3706666666667
"RWA","c-Crust","QD",0.00301598741797993
"RWA","c-Crust","QM",0.0118114483997167
"RWA","c-Crust","QE",0.00880948883019254
"RWA","c-Crust","QN",-0.0026044904581828
"RWA","c-Mllsc","QD",0.00593377989676981
"RWA","c-Mllsc","QM",0.00593377989676981
"RWA","c-Mllsc","QN",-0.00639344678944049
"RWA","c-FrshD","QD",38.6581832476986
"RWA","c-FrshD","QM",7.76388106200004
"RWA","c-FrshD","QE",3.83893114763478
"RWA","c-FrshD","QN",-4.03350227838748
"RWA","c-OPelag","QD",6.10195977190545
"RWA","c-OPelag","QM",14.2271000151857
"RWA","c-OPelag","QE",8.12514024328021
"RWA","c-OPelag","QN",-5.88680485019519
"RWA","c-ODmrsl","QD",0.0159216079972429
"RWA","c-ODmrsl","QM",0.0159216079972429
"RWA","c-ODmrsl","QN",-0.0152292704730852
"RWA","c-OMarn","QD",37.9963774132546
"RWA","c-OMarn","QM",38.218326031521
"RWA","c-OMarn","QE",0.219802357452686
"RWA","c-OMarn","QN",-44.6289317334137
"SAU","Shrimp","QS",65.4592433333333
"SAU","Crust","QS",4.71766666666667
"SAU","Mllscs","QS",2.00633333333333
"SAU","ODmrsl","QS",36.4462433333333
"SAU","Tuna","QS",0.021
"SAU","Cobswf","QS",0.094
"SAU","Eelstg","QS",0.0161666666666667
"SAU","Tilapia","QS",19.68691
"SAU","Pangas","QS",0.692666666666667
"SAU","Carp","QS",0.552333333333333
"SAU","Mullet","QS",0.093
"SAU","OFrshD","QS",12.0741266666667
"SAU","OPelag","QS",17.889
"SAU","OMarn","QS",0.484666666666667
"SAU","c-Crust","QD",72.4382813581419
"SAU","c-Crust","QM",16.5026731149954
"SAU","c-Crust","QE",27.0096177419397
"SAU","c-Crust","QN",11.8980979210065
"SAU","c-Mllsc","QD",6.81786855692105
"SAU","c-Mllsc","QM",5.76725021199548
"SAU","c-Mllsc","QE",0.57613198425409
"SAU","c-Mllsc","QN",-5.59325400405
"SAU","c-FrshD","QD",105.171103253887
"SAU","c-FrshD","QM",91.4357313888633
"SAU","c-FrshD","QE",1.36489384343521
"SAU","c-FrshD","QN",-92.5619272557024
"SAU","c-OPelag","QD",162.92723267184
"SAU","c-OPelag","QM",143.984405660922
"SAU","c-OPelag","QE",6.70082896665079
"SAU","c-OPelag","QN",-132.442961826282
"SAU","c-ODmrsl","QD",75.0147428646311
"SAU","c-ODmrsl","QM",39.8221695876977
"SAU","c-ODmrsl","QE",0.568236185842342
"SAU","c-ODmrsl","QN",-37.5470096370196
"SAU","c-OMarn","QD",41.9731441271124
"SAU","c-OMarn","QM",48.5200220660256
"SAU","c-OMarn","QE",7.75135642468816
"SAU","c-OMarn","QN",-47.8824391014772
"SDN","Tilapia","QS",30.952
"SDN","Pangas","QS",2.00466666666667
"SDN","OFrshD","QS",43.5
"SDN","OPelag","QS",0.16
"SDN","OMarn","QS",2.5
"SDN","c-Crust","QD",0.0138827989453133
"SDN","c-Crust","QM",0.00935392991566532
"SDN","c-Crust","QE",0.00501615240625566
"SDN","c-Crust","QN",-0.00376344180237178
"SDN","c-Mllsc","QD",0.0197875269206771
"SDN","c-Mllsc","QM",0.0197875269206771
"SDN","c-Mllsc","QN",-0.0213203898127126
"SDN","c-FrshD","QD",75.0735809451925
"SDN","c-FrshD","QM",0.419426777771069
"SDN","c-FrshD","QE",0.215493907372743
"SDN","c-FrshD","QN",-0.209573043054428
"SDN","c-OPelag","QD",1.78377245939255
"SDN","c-OPelag","QM",1.62173640480647
"SDN","c-OPelag","QE",0.000391737616488537
"SDN","c-OPelag","QN",-1.56417610201184
"SDN","c-ODmrsl","QD",0.328581869049776
"SDN","c-ODmrsl","QM",0.328792069722038
"SDN","c-ODmrsl","QE",0.000210200672262142
"SDN","c-ODmrsl","QN",-0.314293767135671
"SDN","c-OMarn","QD",2.30324520258439
"SDN","c-OMarn","QM",0.559850381418191
"SDN","c-OMarn","QE",0.707258380130024
"SDN","c-OMarn","QN",0.121686599873964
"SEN","Shrimp","QS",3.97932
"SEN","Crust","QS",1.70753666666667
"SEN","Mllscs","QS",18.8882366666667
"SEN","ODmrsl","QS",80.22448
"SEN","Tuna","QS",37.98331
"SEN","Cobswf","QS",0.11202
"SEN","Tilapia","QS",3.98767
"SEN","Pangas","QS",1.85715
"SEN","Mullet","QS",6.92021666666667
"SEN","OFrshD","QS",24.2579633333333
"SEN","OPelag","QS",307.02919
"SEN","OMarn","QS",10.29332
"SEN","c-Crust","QD",0.24777829409868
"SEN","c-Crust","QM",0.206885741331831
"SEN","c-Crust","QE",5.28810992852761
"SEN","c-Crust","QN",5.75399462778213
"SEN","c-Mllsc","QD",8.09113913860545
"SEN","c-Mllsc","QM",0.747315488184936
"SEN","c-Mllsc","QE",21.0063495549899
"SEN","c-Mllsc","QN",18.689645346629
"SEN","c-FrshD","QD",29.0064828125848
"SEN","c-FrshD","QM",0.933355931045447
"SEN","c-FrshD","QE",3.23048282361082
"SEN","c-FrshD","QN",2.23359523991057
"SEN","c-OPelag","QD",192.156086139375
"SEN","c-OPelag","QM",65.8370291846062
"SEN","c-OPelag","QE",271.801212178208
"SEN","c-OPelag","QN",213.226474015436
"SEN","c-ODmrsl","QD",41.1028518296551
"SEN","c-ODmrsl","QM",0.6441177997658
"SEN","c-ODmrsl","QE",26.7294608642553
"SEN","c-ODmrsl","QN",27.2196419265894
"SEN","c-OMarn","QD",3.39017819368009
"SEN","c-OMarn","QM",0.445520179874134
"SEN","c-OMarn","QN",-0.523259531449373
"SLB","Shrimp","QS",0.01
"SLB","Mllscs","QS",0.0790833333333333
"SLB","ODmrsl","QS",0.12753
"SLB","Tuna","QS",52.1903333333333
"SLB","Cobswf","QS",0.0743333333333333
"SLB","Tilapia","QS",0.00433333333333333
"SLB","OPelag","QS",0.256666666666667
"SLB","OMarn","QS",0.273666666666667
"SLB","c-Crust","QD",0.0249647942914281
"SLB","c-Crust","QM",0.013320767103262
"SLB","c-Crust","QN",-0.0115570546546767
"SLB","c-Mllsc","QD",0.0395275909614278
"SLB","c-Mllsc","QM",0.0356462485653724
"SLB","c-Mllsc","QN",-0.0384076250569964
"SLB","c-FrshD","QD",0.0211610787432938
"SLB","c-FrshD","QM",0.0207729445036883
"SLB","c-FrshD","QE",0.000388134239605536
"SLB","c-FrshD","QN",-0.0209485930874537
"SLB","c-OPelag","QD",17.4383124721717
"SLB","c-OPelag","QM",0.563353560733059
"SLB","c-OPelag","QE",28.8883967434917
"SLB","c-OPelag","QN",29.3237833705398
"SLB","c-ODmrsl","QD",0.0515054135956546
"SLB","c-ODmrsl","QM",0.0142445265935232
"SLB","c-ODmrsl","QE",0.00465761087526643
"SLB","c-ODmrsl","QN",-0.0091700368770093
"SLB","c-OMarn","QD",1.34544405353821
"SLB","c-OMarn","QM",1.3051169060432
"SLB","c-OMarn","QE",0.0357471634676699
"SLB","c-OMarn","QN",-1.49086359438024
"SLE","Shrimp","QS",0.553333333333333
"SLE","Crust","QS",0.88
"SLE","Mllscs","QS",0.607333333333333
"SLE","ODmrsl","QS",51.3613333333333
"SLE","Tilapia","QS",0.101666666666667
"SLE","Pangas","QS",0.00833333333333333
"SLE","Mullet","QS",2.18
"SLE","OFrshD","QS",9.66333333333333
"SLE","OPelag","QS",126.478
"SLE","OMarn","QS",10.82
"SLE","c-Crust","QD",0.260683145400594
"SLE","c-Crust","QM",0.0811114454335641
"SLE","c-Crust","QE",1.23860073656446
"SLE","c-Crust","QN",1.31074459963124
"SLE","c-Mllsc","QD",0.543285323442137
"SLE","c-Mllsc","QM",0.00135302670623145
"SLE","c-Mllsc","QE",0.0554039380151665
"SLE","c-Mllsc","QN",0.0498637970445652
"SLE","c-FrshD","QD",9.77157891724365
"SLE","c-FrshD","QM",0.000972174744477415
"SLE","c-FrshD","QE",0.0663985328058028
"SLE","c-FrshD","QN",0.063616860872348
"SLE","c-OPelag","QD",129.070028269041
"SLE","c-OPelag","QM",5.27347671084735
"SLE","c-OPelag","QE",2.4528570148368
"SLE","c-OPelag","QN",-2.72116472866323
"SLE","c-ODmrsl","QD",52.9325996577646
"SLE","c-ODmrsl","QM",0.0327232014507089
"SLE","c-ODmrsl","QE",0.361268152983844
"SLE","c-ODmrsl","QN",0.342831448120563
"SLE","c-OMarn","QD",11.2758238971316
"SLE","c-OMarn","QM",0.000601345202769535
"SLE","c-OMarn","QN",-0.000706274649847312
"SLV","Shrimp","QS",2.69768
"SLV","Crust","QS",0.00494666666666667
"SLV","Mllscs","QS",0.0616333333333333
"SLV","ODmrsl","QS",0.459406666666667
"SLV","Tuna","QS",44.98872
"SLV","Tilapia","QS",9.71482
"SLV","Pangas","QS",0.0179566666666667
"SLV","OFrshD","QS",0.33966
"SLV","OPelag","QS",1.84001666666667
"SLV","OMarn","QS",7.00812666666667
"SLV","c-Crust","QD",3.39168202449152
"SLV","c-Crust","QM",1.15516082757034
"SLV","c-Crust","QE",0.0316630233536685
"SLV","c-Crust","QN",-0.974743078014015
"SLV","c-Mllsc","QD",0.719224758016704
"SLV","c-Mllsc","QM",0.7413180276683
"SLV","c-Mllsc","QE",0.0820404739356499
"SLV","c-Mllsc","QN",-0.710349226393913
"SLV","c-FrshD","QD",9.18987371827041
"SLV","c-FrshD","QM",1.0066661528129
"SLV","c-FrshD","QE",0.807358047805951
"SLV","c-FrshD","QN",-0.204820370498058
"SLV","c-OPelag","QD",32.4698364268901
"SLV","c-OPelag","QM",25.4887882971616
"SLV","c-OPelag","QE",37.4431000922619
"SLV","c-OPelag","QN",12.3758204766582
"SLV","c-ODmrsl","QD",0.396283718792661
"SLV","c-ODmrsl","QM",0.0182566485774164
"SLV","c-ODmrsl","QE",0.134249039121217
"SLV","c-ODmrsl","QN",0.121036220570525
"SLV","c-OMarn","QD",3.46090469620207
"SLV","c-OMarn","QM",0.14430926994925
"SLV","c-OMarn","QE",4.13091824924741
"SLV","c-OMarn","QN",3.29098078772618
"SOM","Crust","QS",0.5
"SOM","Mllscs","QS",0.6
"SOM","OFrshD","QS",0.2
"SOM","OMarn","QS",28.7
"SOM","c-Crust","QD",0.33334
"SOM","c-Crust","QM",0.00592
"SOM","c-Crust","QE",0.17258
"SOM","c-Crust","QN",0.188726320535642
"SOM","c-Mllsc","QD",0.35502
"SOM","c-Mllsc","QM",0.00302
"SOM","c-Mllsc","QE",0.248
"SOM","c-Mllsc","QN",0.226002350453585
"SOM","c-FrshD","QD",0.67154
"SOM","c-FrshD","QM",0.77164
"SOM","c-FrshD","QE",0.3001
"SOM","c-FrshD","QN",-0.484581384692246
"SOM","c-OPelag","QD",0.05107
"SOM","c-OPelag","QM",0.05107
"SOM","c-OPelag","QN",-0.0492692733052202
"SOM","c-ODmrsl","QD",0.10207
"SOM","c-ODmrsl","QM",0.10207
"SOM","c-ODmrsl","QN",-0.0976315732341221
"SOM","c-OMarn","QD",28.20801
"SOM","c-OMarn","QM",4.34292
"SOM","c-OMarn","QE",4.83486
"SOM","c-OMarn","QN",0.406100798227529
"SPP","Shrimp","QS",9.63332
"SPP","Crust","QS",9.54921
"SPP","Mllscs","QS",252.863353333333
"SPP","Salmon","QS",18.9857233333333
"SPP","ODmrsl","QS",347.69855
"SPP","Tuna","QS",276.03538
"SPP","Cobswf","QS",23.2729066666667
"SPP","Eelstg","QS",0.514326666666667
"SPP","Tilapia","QS",0.00064
"SPP","Carp","QS",0.000403333333333333
"SPP","Mullet","QS",0.460323333333333
"SPP","OFrshD","QS",1.39728333333333
"SPP","OPelag","QS",179.304036666667
"SPP","OMarn","QS",0.5268
"SPP","c-Crust","QD",148.810506051474
"SPP","c-Crust","QM",196.875834980555
"SPP","c-Crust","QE",61.9975938088517
"SPP","c-Crust","QN",-117.019927821298
"SPP","c-Mllsc","QD",370.219341554366
"SPP","c-Mllsc","QM",487.467032785432
"SPP","c-Mllsc","QE",363.865255247529
"SPP","c-Mllsc","QN",-133.176727400865
"SPP","c-FrshD","QD",132.438772871496
"SPP","c-FrshD","QM",142.679774359562
"SPP","c-FrshD","QE",30.8733243576165
"SPP","c-FrshD","QN",-114.89868168017
"SPP","c-OPelag","QD",530.52174541175
"SPP","c-OPelag","QM",580.865165959248
"SPP","c-OPelag","QE",516.376115411715
"SPP","c-OPelag","QN",-62.2151685259563
"SPP","c-ODmrsl","QD",573.825408977645
"SPP","c-ODmrsl","QM",540.9167555101
"SPP","c-ODmrsl","QE",265.687799553141
"SPP","c-ODmrsl","QN",-263.260859896765
"SPP","c-OMarn","QD",26.661212271938
"SPP","c-OMarn","QM",74.3821142852923
"SPP","c-OMarn","QE",47.9046169653047
"SPP","c-OMarn","QN",-31.0975876458006
"SVK","Salmon","QS",0.925213333333333
"SVK","Eelstg","QS",0.00133333333333333
"SVK","Pangas","QS",0.827773333333333
"SVK","Carp","QS",2.08649333333333
"SVK","OFrshD","QS",0.2857
"SVK","OCarp","QS",0.104
"SVK","c-Crust","QD",0.653247743278699
"SVK","c-Crust","QM",0.782635742635604
"SVK","c-Crust","QE",0.129387999356905
"SVK","c-Crust","QN",-0.566755639040294
"SVK","c-Mllsc","QD",0.458154827707718
"SVK","c-Mllsc","QM",0.513135643161386
"SVK","c-Mllsc","QE",0.101576148123351
"SVK","c-Mllsc","QN",-0.443441411375415
"SVK","c-FrshD","QD",14.2804305951128
"SVK","c-FrshD","QM",11.0346431395091
"SVK","c-FrshD","QE",0.869779543167406
"SVK","c-FrshD","QN",-10.4459932916042
"SVK","c-OPelag","QD",14.6175176858259
"SVK","c-OPelag","QM",16.5188327350638
"SVK","c-OPelag","QE",1.901324366441
"SVK","c-OPelag","QN",-14.1020954543768
"SVK","c-ODmrsl","QD",20.1698905736175
"SVK","c-ODmrsl","QM",22.0943868241516
"SVK","c-ODmrsl","QE",1.92449625053408
"SVK","c-ODmrsl","QN",-19.2928201103397
"SVK","c-OMarn","QD",1.60244712561355
"SVK","c-OMarn","QM",1.67462749797748
"SVK","c-OMarn","QE",0.0721337863484666
"SVK","c-OMarn","QN",-1.88211476511448
"SVN","Shrimp","QS",0.00423333333333333
"SVN","Crust","QS",0.00212333333333333
"SVN","Mllscs","QS",0.585273333333333
"SVN","Salmon","QS",0.93924
"SVN","ODmrsl","QS",0.151053333333333
"SVN","Eelstg","QS",0.000633333333333333
"SVN","Pangas","QS",0.04108
"SVN","Carp","QS",0.202873333333333
"SVN","Mullet","QS",0.00481666666666667
"SVN","OFrshD","QS",0.157133333333333
"SVN","OCarp","QS",0.00426
"SVN","OPelag","QS",0.00871
"SVN","OMarn","QS",0.0183466666666667
"SVN","c-Crust","QD",1.21371840704375
"SVN","c-Crust","QM",1.53062235138963
"SVN","c-Crust","QE",0.31777847574845
"SVN","c-Crust","QN",-1.0522594419463
"SVN","c-Mllsc","QD",5.52454604968577
"SVN","c-Mllsc","QM",6.39437247330061
"SVN","c-Mllsc","QE",1.62654970093651
"SVN","c-Mllsc","QN",-5.13716749304882
"SVN","c-FrshD","QD",4.48410729474538
"SVN","c-FrshD","QM",7.5947542764553
"SVN","c-FrshD","QE",4.31075768012982
"SVN","c-FrshD","QN",-3.37482211047212
"SVN","c-OPelag","QD",6.52082971411087
"SVN","c-OPelag","QM",10.0661975107196
"SVN","c-OPelag","QE",3.55061498502414
"SVN","c-OPelag","QN",-6.2858432778776
"SVN","c-ODmrsl","QD",5.33079361744847
"SVN","c-ODmrsl","QM",6.73895533653754
"SVN","c-ODmrsl","QE",1.55770658892694
"SVN","c-ODmrsl","QN",-4.95594657143674
"SVN","c-OMarn","QD",0.914768592392426
"SVN","c-OMarn","QM",1.11869182484151
"SVN","c-OMarn","QE",0.208234672263707
"SVN","c-OMarn","QN",-1.06932391524259
"SWE","Shrimp","QS",1.02117
"SWE","Crust","QS",3.36425666666667
"SWE","Mllscs","QS",2.61373
"SWE","Salmon","QS",12.71306
"SWE","ODmrsl","QS",21.14444
"SWE","Tuna","QS",2.33333333333333E-5
"SWE","Eelstg","QS",0.27265
"SWE","Carp","QS",0.125646666666667
"SWE","Mullet","QS",3.33333333333333E-6
"SWE","OFrshD","QS",5.38572666666667
"SWE","OPelag","QS",140.978396666667
"SWE","OMarn","QS",0.00482
"SWE","c-Crust","QD",71.0934664154351
"SWE","c-Crust","QM",80.3945292201256
"SWE","c-Crust","QE",13.0353205681011
"SWE","c-Crust","QN",-58.4406325741247
"SWE","c-Mllsc","QD",8.29171284128069
"SWE","c-Mllsc","QM",7.13124193948028
"SWE","c-Mllsc","QE",0.689755035908702
"SWE","c-Mllsc","QN",-6.94048388705514
"SWE","c-FrshD","QD",82.0841245178079
"SWE","c-FrshD","QM",612.316309661238
"SWE","c-FrshD","QE",546.479543907741
"SWE","c-FrshD","QN",-67.657613590552
"SWE","c-OPelag","QD",62.9559199154859
"SWE","c-OPelag","QM",115.585625443838
"SWE","c-OPelag","QE",187.322706167605
"SWE","c-OPelag","QN",74.2665280757319
"SWE","c-ODmrsl","QD",78.6998774043528
"SWE","c-ODmrsl","QM",255.736936250415
"SWE","c-ODmrsl","QE",191.292034561797
"SWE","c-ODmrsl","QN",-61.6425701849523
"SWE","c-OMarn","QD",6.27200735688608
"SWE","c-OMarn","QM",10.9248180230677
"SWE","c-OMarn","QE",4.6566413617048
"SWE","c-OMarn","QN",-7.36191833957611
"SWZ","Tilapia","QS",0.1
"SWZ","OFrshD","QS",0.0633333333333333
"SWZ","c-Crust","QD",0.060720404040404
"SWZ","c-Crust","QM",0.060769898989899
"SWZ","c-Crust","QE",4.94949494949495E-5
"SWZ","c-Crust","QN",-0.0526808270656695
"SWZ","c-Mllsc","QD",0.0349137373737374
"SWZ","c-Mllsc","QM",0.037220202020202
"SWZ","c-Mllsc","QE",0.00230646464646465
"SWZ","c-Mllsc","QN",-0.0376183690670771
"SWZ","c-FrshD","QD",0.28380404040404
"SWZ","c-FrshD","QM",0.120470707070707
"SWZ","c-FrshD","QN",-0.123802566160193
"SWZ","c-OPelag","QD",2.6597496969697
"SWZ","c-OPelag","QM",2.66115535353535
"SWZ","c-OPelag","QE",0.00140565656565657
"SWZ","c-OPelag","QN",-2.56596700104712
"SWZ","c-ODmrsl","QD",1.09827313131313
"SWZ","c-ODmrsl","QM",1.10863737373737
"SWZ","c-ODmrsl","QE",0.0103642424242424
"SWZ","c-ODmrsl","QN",-1.05051566229907
"SWZ","c-OMarn","QD",0.754867272727273
"SWZ","c-OMarn","QM",0.754867272727273
"SWZ","c-OMarn","QN",-0.886584970281997
"SYR","Crust","QS",0.0733333333333333
"SYR","Mllscs","QS",0.035
"SYR","ODmrsl","QS",0.695
"SYR","Tuna","QS",0.0746666666666667
"SYR","Tilapia","QS",0.83
"SYR","Pangas","QS",0.5
"SYR","Carp","QS",0.965
"SYR","Mullet","QS",0.0883333333333333
"SYR","OFrshD","QS",2.44333333333333
"SYR","OCarp","QS",0.005
"SYR","OPelag","QS",0.535333333333333
"SYR","OMarn","QS",0.133333333333333
"SYR","c-Crust","QD",0.0709879278567667
"SYR","c-Crust","QM",0.000453436018957346
"SYR","c-Crust","QN",-0.000393399630281489
"SYR","c-Mllsc","QD",0.0403054239073196
"SYR","c-FrshD","QD",6.48612011321748
"SYR","c-FrshD","QM",1.69482292259084
"SYR","c-FrshD","QE",1.00763559768299E-5
"SYR","c-FrshD","QN",-1.7416862955904
"SYR","c-OPelag","QD",29.5840904607688
"SYR","c-OPelag","QM",29.2953424038968
"SYR","c-OPelag","QE",0.300728844128489
"SYR","c-OPelag","QN",-27.9722643402285
"SYR","c-ODmrsl","QD",1.84590780410742
"SYR","c-ODmrsl","QM",1.10025746182201
"SYR","c-ODmrsl","QN",-1.05241370589071
"SYR","c-OMarn","QD",0.448045168509742
"SYR","c-OMarn","QM",0.313132838335966
"SYR","c-OMarn","QE",0.011194831490258
"SYR","c-OMarn","QN",-0.354623532504135
"TCD","Tilapia","QS",0.0666666666666667
"TCD","Pangas","QS",0.01
"TCD","OFrshD","QS",105.01
"TCD","c-Crust","QD",0.0116288649203903
"TCD","c-Crust","QM",0.0116288649203903
"TCD","c-Crust","QN",-0.0100891657676301
"TCD","c-Mllsc","QD",0.0253970484506078
"TCD","c-Mllsc","QM",0.0253970484506078
"TCD","c-Mllsc","QN",-0.0273644591984605
"TCD","c-FrshD","QD",104.956806101695
"TCD","c-FrshD","QM",0.00732078753638076
"TCD","c-FrshD","QE",0.137181352508132
"TCD","c-FrshD","QN",0.126269010524305
"TCD","c-OPelag","QD",1.13051212463619
"TCD","c-OPelag","QM",1.13051212463619
"TCD","c-OPelag","QN",-1.09065030044186
"TCD","c-ODmrsl","QD",0.102569532614278
"TCD","c-ODmrsl","QM",0.102569532614278
"TCD","c-ODmrsl","QN",-0.0981093840993494
"TCD","c-OMarn","QD",0.0833156651258346
"TCD","c-OMarn","QM",0.0833156651258346
"TCD","c-OMarn","QN",-0.0978535156554604
"TGO","Shrimp","QS",0.001
"TGO","Crust","QS",0.007
"TGO","Mllscs","QS",0.01
"TGO","ODmrsl","QS",1.108
"TGO","Tuna","QS",0.071
"TGO","Cobswf","QS",0.006
"TGO","Tilapia","QS",5.136
"TGO","Pangas","QS",0.478666666666667
"TGO","Mullet","QS",0.000333333333333333
"TGO","OFrshD","QS",1.62633333333333
"TGO","OPelag","QS",12.412
"TGO","OMarn","QS",0.529
"TGO","c-Crust","QD",0.0233960029153786
"TGO","c-Crust","QM",0.00888435396717686
"TGO","c-Crust","QN",-0.0077080369001432
"TGO","c-Mllsc","QD",0.0144310286762673
"TGO","c-Mllsc","QM",0.00395039332478826
"TGO","c-Mllsc","QN",-0.00425641495956795
"TGO","c-FrshD","QD",16.3315467807686
"TGO","c-FrshD","QM",11.0871658433235
"TGO","c-FrshD","QE",0.811007687551836
"TGO","c-FrshD","QN",-10.5603659253518
"TGO","c-OPelag","QD",21.1530985779989
"TGO","c-OPelag","QM",7.61847058131645
"TGO","c-OPelag","QE",0.0950351765563347
"TGO","c-OPelag","QN",-7.2581592941315
"TGO","c-ODmrsl","QD",12.7247973651009
"TGO","c-ODmrsl","QM",11.5179118942421
"TGO","c-ODmrsl","QE",0.0169302571062354
"TGO","c-ODmrsl","QN",-11.0008712743247
"TGO","c-OMarn","QD",12.0870507039634
"TGO","c-OMarn","QM",11.7093931021136
"TGO","c-OMarn","QE",0.0737111146296715
"TGO","c-OMarn","QN",-13.6660061202724
"THA","Shrimp","QS",483.85732
"THA","Crust","QS",53.5003
"THA","Mllscs","QS",257.453773333333
"THA","ODmrsl","QS",136.642203333333
"THA","Tuna","QS",21.2817
"THA","Tilapia","QS",259.606853333333
"THA","Pangas","QS",8.84045666666667
"THA","Carp","QS",5.14466666666667
"THA","Mullet","QS",3.75760666666667
"THA","OFrshD","QS",289.8846
"THA","OCarp","QS",0.608333333333333
"THA","OPelag","QS",516.62984
"THA","OMarn","QS",460.785513333333
"THA","c-Crust","QD",176.291843053459
"THA","c-Crust","QM",80.9828481639721
"THA","c-Crust","QE",309.067271180447
"THA","c-Crust","QN",258.283534905762
"THA","c-Mllsc","QD",337.334220845839
"THA","c-Mllsc","QM",297.615876559942
"THA","c-Mllsc","QE",184.493803984477
"THA","c-Mllsc","QN",-121.885200378964
"THA","c-FrshD","QD",637.052948274096
"THA","c-FrshD","QM",177.523693393027
"THA","c-FrshD","QE",102.017866507098
"THA","c-FrshD","QN",-77.5940920064394
"THA","c-OPelag","QD",812.323035499257
"THA","c-OPelag","QM",1444.47439035825
"THA","c-OPelag","QE",1192.40932284529
"THA","c-OPelag","QN",-243.177260661731
"THA","c-ODmrsl","QD",89.378353623275
"THA","c-ODmrsl","QM",59.4168261243586
"THA","c-ODmrsl","QE",116.329288762903
"THA","c-ODmrsl","QN",59.3872524640263
"THA","c-OMarn","QD",3.09679269490632
"TJK","Salmon","QS",0.0623
"TJK","Carp","QS",0.392663333333333
"TJK","OFrshD","QS",1.20609
"TJK","OCarp","QS",1.48108
"TJK","c-Crust","QD",0.0128897258253715
"TJK","c-Crust","QM",0.0128897258253715
"TJK","c-Crust","QN",-0.0111830846296485
"TJK","c-Mllsc","QD",0.00886649132321778
"TJK","c-Mllsc","QM",0.00886649132321778
"TJK","c-Mllsc","QN",-0.00955334398481611
"TJK","c-FrshD","QD",3.55787183617213
"TJK","c-FrshD","QM",0.415738502838797
"TJK","c-FrshD","QN",-0.427236585179424
"TJK","c-OPelag","QD",0.996634625845624
"TJK","c-OPelag","QM",0.996634625845624
"TJK","c-OPelag","QN",-0.961493318312785
"TJK","c-ODmrsl","QD",3.24108696409809
"TJK","c-ODmrsl","QM",3.24108696409809
"TJK","c-ODmrsl","QN",-3.10015106587147
"TJK","c-OMarn","QD",0.121017356282936
"TJK","c-OMarn","QM",0.121017356282936
"TJK","c-OMarn","QN",-0.142133820209313
"TKM","Eelstg","QS",0.015
"TKM","Pangas","QS",0.00866666666666667
"TKM","Carp","QS",0.268333333333333
"TKM","Mullet","QS",0.001
"TKM","OFrshD","QS",14.6643333333333
"TKM","OCarp","QS",0.075
"TKM","c-Crust","QD",0.0089459262439454
"TKM","c-Crust","QM",0.0089459262439454
"TKM","c-Crust","QN",-0.00776145680924533
"TKM","c-Mllsc","QD",0.00683107353588727
"TKM","c-Mllsc","QM",0.00683107353588727
"TKM","c-Mllsc","QN",-0.00736025028333547
"TKM","c-FrshD","QD",15.0081763538089
"TKM","c-FrshD","QM",0.0265796276970498
"TKM","c-FrshD","QN",-0.0273147406244237
"TKM","c-OPelag","QD",0.611142788199031
"TKM","c-OPelag","QM",0.764077418538089
"TKM","c-OPelag","QE",0.152934630339058
"TKM","c-OPelag","QN",-0.589593911499753
"TKM","c-ODmrsl","QD",0.0983654731395861
"TKM","c-ODmrsl","QM",0.0973725845442536
"TKM","c-ODmrsl","QN",-0.093138420877124
"TKM","c-OMarn","QD",0.054122357331572
"TKM","c-OMarn","QM",0.0762637730074857
"TKM","c-OMarn","QE",0.0221314867899604
"TKM","c-OMarn","QN",-0.063577893891289
"TLS","Shrimp","QS",0.0123333333333333
"TLS","Crust","QS",0.001
"TLS","ODmrsl","QS",0.525
"TLS","Tilapia","QS",0.246666666666667
"TLS","Pangas","QS",0.0636666666666667
"TLS","Carp","QS",0.0326666666666667
"TLS","OPelag","QS",3.929
"TLS","OMarn","QS",0.44
"TLS","c-Crust","QD",0.214584438994482
"TLS","c-Crust","QM",0.152638446079433
"TLS","c-Crust","QE",0.000879884188296205
"TLS","c-Crust","QN",-0.131665239733943
"TLS","c-Mllsc","QD",0.482530634920635
"TLS","c-Mllsc","QM",0.466263507732134
"TLS","c-Mllsc","QN",-0.502383131562744
"TLS","c-FrshD","QD",0.220303686218407
"TLS","c-FrshD","QM",0.0926131759656652
"TLS","c-FrshD","QN",-0.0951745791453296
"TLS","c-OPelag","QD",4.5206410838613
"TLS","c-OPelag","QM",4.51420290687377
"TLS","c-OPelag","QN",-4.35503224542751
"TLS","c-ODmrsl","QD",0.00831597860889706
"TLS","c-ODmrsl","QM",0.00831597860889706
"TLS","c-ODmrsl","QN",-0.00795436538226635
"TLS","c-OMarn","QD",3.64026330199605
"TLS","c-OMarn","QM",0.256765228557804
"TLS","c-OMarn","QN",-0.301568501847896
"TUN","Shrimp","QS",8.72373333333334
"TUN","Crust","QS",0.335666666666667
"TUN","Mllscs","QS",11.0663333333333
"TUN","ODmrsl","QS",57.9452
"TUN","Tuna","QS",3.42491666666667
"TUN","Cobswf","QS",0.914193333333333
"TUN","Eelstg","QS",0.291
"TUN","Tilapia","QS",0.02353
"TUN","Pangas","QS",0.0443333333333333
"TUN","Carp","QS",0.280666666666667
"TUN","Mullet","QS",7.14166666666667
"TUN","OFrshD","QS",0.915033333333333
"TUN","OPelag","QS",53.6281033333333
"TUN","OMarn","QS",4.96542
"TUN","c-Crust","QD",1.13083876586319
"TUN","c-Crust","QM",0.155737612101625
"TUN","c-Crust","QE",7.13973525840343
"TUN","c-Crust","QN",7.90870141855349
"TUN","c-Mllsc","QD",8.48841577138357
"TUN","c-Mllsc","QM",2.40763588542849
"TUN","c-Mllsc","QE",4.79328792005246
"TUN","c-Mllsc","QN",2.20084483300431
"TUN","c-FrshD","QD",3.00863170392211
"TUN","c-FrshD","QM",1.77958152128359
"TUN","c-FrshD","QE",0.0574774938402459
"TUN","c-FrshD","QN",-1.76973226916611
"TUN","c-OPelag","QD",92.4065502884581
"TUN","c-OPelag","QM",71.1784588848186
"TUN","c-OPelag","QE",15.3145913819807
"TUN","c-OPelag","QN",-53.8941091812009
"TUN","c-ODmrsl","QD",49.8163117706685
"TUN","c-ODmrsl","QM",2.27016133059689
"TUN","c-ODmrsl","QE",6.36640436136118
"TUN","c-ODmrsl","QN",4.27436466010969
"TUN","c-OMarn","QD",1.97728033376884
"TUR","Shrimp","QS",5.2798
"TUR","Crust","QS",1.02263333333333
"TUR","Mllscs","QS",43.6272333333333
"TUR","Salmon","QS",146.802
"TUR","ODmrsl","QS",289.161133333333
"TUR","Tuna","QS",6.00577333333333
"TUR","Cobswf","QS",0.402266666666667
"TUR","Eelstg","QS",0.324333333333333
"TUR","Tilapia","QS",0.00833333333333333
"TUR","Pangas","QS",0.599
"TUR","Carp","QS",3.29733333333333
"TUR","Mullet","QS",2.7994
"TUR","OFrshD","QS",21.7020333333333
"TUR","OPelag","QS",285.991033333333
"TUR","OMarn","QS",0.381306666666667
"TUR","c-Crust","QD",4.93799781277258
"TUR","c-Crust","QM",2.18047465895746
"TUR","c-Crust","QE",2.8857443563003
"TUR","c-Crust","QN",0.798649675775838
"TUR","c-Mllsc","QD",45.6873908761185
"TUR","c-Mllsc","QM",10.1251028318788
"TUR","c-Mllsc","QE",18.8639206824588
"TUR","c-Mllsc","QN",8.06185555725705
"TUR","c-FrshD","QD",106.304777496363
"TUR","c-FrshD","QM",14.1137232579404
"TUR","c-FrshD","QE",53.2473071836985
"TUR","c-FrshD","QN",38.0512661534331
"TUR","c-OPelag","QD",191.399770225207
"TUR","c-OPelag","QM",73.0923685932807
"TUR","c-OPelag","QE",18.232495201918
"TUR","c-OPelag","QN",-52.9255158725049
"TUR","c-ODmrsl","QD",99.288283588838
"TUR","c-ODmrsl","QM",12.8008385208946
"TUR","c-ODmrsl","QE",169.828794485869
"TUR","c-ODmrsl","QN",163.856182503096
"TUR","c-OMarn","QD",0.369655404981744
"TZA","Shrimp","QS",2.07091666666667
"TZA","Crust","QS",4.33710333333333
"TZA","Mllscs","QS",5.77688666666667
"TZA","ODmrsl","QS",43.8803033333333
"TZA","Tuna","QS",6.44861
"TZA","Cobswf","QS",4.05114
"TZA","Tilapia","QS",74.73978
"TZA","Pangas","QS",6.56746666666667
"TZA","Carp","QS",0.06811
"TZA","Mullet","QS",2.25310333333333
"TZA","OFrshD","QS",339.485073333333
"TZA","OPelag","QS",35.4283133333333
"TZA","OMarn","QS",3.73605
"TZA","c-Crust","QD",6.44690230801605
"TZA","c-Crust","QM",0.00644001535153602
"TZA","c-Crust","QE",1.07769695384316
"TZA","c-Crust","QN",1.21309480589105
"TZA","c-Mllsc","QD",6.32142358619031
"TZA","c-Mllsc","QM",0.000172681799646865
"TZA","c-Mllsc","QE",0.96693681599908
"TZA","c-Mllsc","QN",0.891872669864057
"TZA","c-FrshD","QD",352.549305444906
"TZA","c-FrshD","QM",0.97597721609824
"TZA","c-FrshD","QE",55.3315554940937
"TZA","c-FrshD","QN",52.8522657138592
"TZA","c-OPelag","QD",18.7788409790089
"TZA","c-OPelag","QM",0.512915733715791
"TZA","c-OPelag","QE",23.5901114385228
"TZA","c-OPelag","QN",23.8908969451889
"TZA","c-ODmrsl","QD",46.2750858298143
"TZA","c-ODmrsl","QM",4.06310116816153E-5
"TZA","c-ODmrsl","QE",8.05674362185333
"TZA","c-ODmrsl","QN",8.40704183868411
"TZA","c-OMarn","QD",2.41698651864549
"TZA","c-OMarn","QM",0.73552288896644
"TZA","c-OMarn","QE",0.397543976045844
"TZA","c-OMarn","QN",-0.396953259590986
"UGA","Tilapia","QS",140.864466666667
"UGA","Pangas","QS",79.3061666666667
"UGA","Carp","QS",0.328
"UGA","OFrshD","QS",498.45812
"UGA","c-Crust","QD",0.00600686048303703
"UGA","c-Crust","QM",0.00600686048303703
"UGA","c-Crust","QN",-0.00521153281694092
"UGA","c-Mllsc","QD",0.00900010960509277
"UGA","c-Mllsc","QM",0.00900010960509277
"UGA","c-Mllsc","QN",-0.0096973131562593
"UGA","c-FrshD","QD",661.347825516214
"UGA","c-FrshD","QM",1.87404884063239
"UGA","c-FrshD","QE",59.4829257521547
"UGA","c-FrshD","QN",56.0155878469861
"UGA","c-OPelag","QD",1.82017035643539
"UGA","c-OPelag","QM",1.82805054289957
"UGA","c-OPelag","QE",0.00788018646418756
"UGA","c-OPelag","QN",-1.75599120331457
"UGA","c-ODmrsl","QD",0.00404190442672153
"UGA","c-ODmrsl","QM",0.00404190442672153
"UGA","c-ODmrsl","QN",-0.00386614566515906
"UGA","c-OMarn","QD",4.59736594237159
"UGA","c-OMarn","QM",4.59743721020783
"UGA","c-OMarn","QN",-5.39964955383366
"UKP","Shrimp","QS",0.902213333333333
"UKP","Crust","QS",64.3902033333333
"UKP","Mllscs","QS",83.79157
"UKP","Salmon","QS",214.135886666667
"UKP","ODmrsl","QS",209.91214
"UKP","Tuna","QS",0.0898066666666667
"UKP","Cobswf","QS",0.195023333333333
"UKP","Eelstg","QS",0.293516666666667
"UKP","Carp","QS",0.160046666666667
"UKP","Mullet","QS",0.0728433333333333
"UKP","OFrshD","QS",0.483466666666667
"UKP","OPelag","QS",285.50937
"UKP","OMarn","QS",0.205093333333333
"UKP","c-Crust","QD",213.601825144994
"UKP","c-Crust","QM",215.79043423126
"UKP","c-Crust","QE",76.6458557622372
"UKP","c-Crust","QN",-120.721388325651
"UKP","c-Mllsc","QD",63.6256155984152
"UKP","c-Mllsc","QM",54.5305565153375
"UKP","c-Mllsc","QE",82.7364871028842
"UKP","c-Mllsc","QN",26.0209266450984
"UKP","c-FrshD","QD",214.594464840271
"UKP","c-FrshD","QM",190.244128859953
"UKP","c-FrshD","QE",178.763930650305
"UKP","c-FrshD","QN",-11.7977061224343
"UKP","c-OPelag","QD",196.074043413134
"UKP","c-OPelag","QM",217.404362441047
"UKP","c-OPelag","QE",271.458643092962
"UKP","c-OPelag","QN",55.9602329945244
"UKP","c-ODmrsl","QD",522.057143330552
"UKP","c-ODmrsl","QM",511.26699015099
"UKP","c-ODmrsl","QE",215.226142828266
"UKP","c-ODmrsl","QN",-283.167763943178
"UKP","c-OMarn","QD",4.7346200602166
"UKP","c-OMarn","QM",4.73262016156692
"UKP","c-OMarn","QN",-5.558420740827
"UKR","Shrimp","QS",0.691226666666667
"UKR","Crust","QS",21.7484166666667
"UKR","Mllscs","QS",8.11168333333333
"UKR","Salmon","QS",0.25628
"UKR","ODmrsl","QS",6.79719
"UKR","Eelstg","QS",0.08446
"UKR","Pangas","QS",0.464593333333333
"UKR","Carp","QS",13.20615
"UKR","Mullet","QS",0.710106666666667
"UKR","OFrshD","QS",21.76724
"UKR","OCarp","QS",12.1963233333333
"UKR","OPelag","QS",2.72356
"UKR","OMarn","QS",0.49526
"UKR","c-Crust","QD",34.756025833995
"UKR","c-Crust","QM",14.6148002401063
"UKR","c-Crust","QE",0.194331339984432
"UKR","c-Crust","QN",-12.5111523933155
"UKR","c-Mllsc","QD",37.3656041351253
"UKR","c-Mllsc","QM",38.950437324861
"UKR","c-Mllsc","QE",11.7601950800604
"UKR","c-Mllsc","QN",-29.2965647544094
"UKR","c-FrshD","QD",93.1060610796766
"UKR","c-FrshD","QM",54.6079427136881
"UKR","c-FrshD","QE",6.19999346985029
"UKR","c-FrshD","QN",-49.7467681950437
"UKR","c-OPelag","QD",255.208919125983
"UKR","c-OPelag","QM",259.5763127297
"UKR","c-OPelag","QE",6.4599292057143
"UKR","c-OPelag","QN",-244.191507301198
"UKR","c-ODmrsl","QD",103.31411397405
"UKR","c-ODmrsl","QM",96.4976615707141
"UKR","c-ODmrsl","QE",4.10917470153477
"UKR","c-ODmrsl","QN",-88.3710524322329
"UKR","c-OMarn","QD",10.0154561790933
"UKR","c-OMarn","QM",10.2212093555942
"UKR","c-OMarn","QE",0.560621809019448
"UKR","c-OMarn","QN",-11.3462750768652
"URY","Shrimp","QS",0.0116666666666667
"URY","Crust","QS",0.565343333333333
"URY","Mllscs","QS",4.5057
"URY","ODmrsl","QS",47.2881333333333
"URY","Eelstg","QS",0.0956666666666667
"URY","Pangas","QS",0.336666666666667
"URY","Mullet","QS",0.176666666666667
"URY","OFrshD","QS",8.42833333333333
"URY","OPelag","QS",3.07
"URY","OMarn","QS",1.358
"URY","c-Crust","QD",0.693146059097821
"URY","c-Crust","QM",0.44651200778614
"URY","c-Crust","QE",0.666656093006703
"URY","c-Crust","QN",0.249291870823004
"URY","c-Mllsc","QD",2.01178777136941
"URY","c-Mllsc","QM",1.94475588344238
"URY","c-Mllsc","QE",0.915841531056092
"URY","c-Mllsc","QN",-1.108620352847
"URY","c-FrshD","QD",4.20901496972035
"URY","c-FrshD","QM",3.74513613629914
"URY","c-FrshD","QE",4.85795632071865
"URY","c-FrshD","QN",1.08204290970621
"URY","c-OPelag","QD",11.7619218538606
"URY","c-OPelag","QM",7.79537560331574
"URY","c-OPelag","QE",0.0731590818350088
"URY","c-OPelag","QN",-7.44993139453536
"URY","c-ODmrsl","QD",10.9592111301969
"URY","c-ODmrsl","QM",9.54460248495021
"URY","c-ODmrsl","QE",52.2410447843887
"URY","c-ODmrsl","QN",44.5530606232319
"URY","c-OMarn","QD",0.912314045604337
"USA","Shrimp","QS",133.339
"USA","Crust","QS",255.880163333333
"USA","Mllscs","QS",634.566683333333
"USA","Salmon","QS",357.744836666667
"USA","ODmrsl","QS",2427.26091333333
"USA","Tuna","QS",188.836333333333
"USA","Cobswf","QS",2.219
"USA","Eelstg","QS",1.3552
"USA","Tilapia","QS",6.59666666666667
"USA","Pangas","QS",151.530396666667
"USA","Carp","QS",0.091
"USA","Mullet","QS",4.01866666666667
"USA","OFrshD","QS",10.9711166666667
"USA","OCarp","QS",0.689
"USA","OPelag","QS",671.887333333333
"USA","OMarn","QS",68.6936666666667
"USA","c-Crust","QD",1889.08412491248
"USA","c-Crust","QM",1752.78261580525
"USA","c-Crust","QE",101.340085493532
"USA","c-Crust","QN",-1432.78622273911
"USA","c-Mllsc","QD",1046.74878452067
"USA","c-Mllsc","QM",545.788421902153
"USA","c-Mllsc","QE",114.349077645791
"USA","c-Mllsc","QN",-464.861275335766
"USA","c-FrshD","QD",1635.85248787629
"USA","c-FrshD","QM",1362.25664417628
"USA","c-FrshD","QE",282.524484045364
"USA","c-FrshD","QN",-1109.59431915212
"USA","c-OPelag","QD",822.744971546355
"USA","c-OPelag","QM",614.060194982439
"USA","c-OPelag","QE",39.9135083846656
"USA","c-OPelag","QN",-553.902291350544
"USA","c-ODmrsl","QD",1355.39297724814
"USA","c-ODmrsl","QM",742.290552705697
"USA","c-ODmrsl","QE",1170.23527889396
"USA","c-ODmrsl","QN",446.553537073251
"USA","c-OMarn","QD",212.332758143992
"UZB","Salmon","QS",0.75249
"UZB","Eelstg","QS",0.111666666666667
"UZB","Pangas","QS",3.53825333333333
"UZB","Carp","QS",35.7951266666667
"UZB","OFrshD","QS",30.2007433333333
"UZB","OCarp","QS",75.5193833333333
"UZB","c-Crust","QD",0.179991931881879
"UZB","c-Crust","QM",0.179991931881879
"UZB","c-Crust","QN",-0.156160420645019
"UZB","c-Mllsc","QD",0.0941439084233646
"UZB","c-Mllsc","QM",0.0941439084233646
"UZB","c-Mllsc","QN",-0.101436871526428
"UZB","c-FrshD","QD",148.696509066278
"UZB","c-FrshD","QM",3.38981608171387
"UZB","c-FrshD","QE",0.224696202162119
"UZB","c-FrshD","QN",-3.25265761960839
"UZB","c-OPelag","QD",11.1543088544369
"UZB","c-OPelag","QM",11.219357224118
"UZB","c-OPelag","QE",0.0650483696810361
"UZB","c-OPelag","QN",-10.7610082529879
"UZB","c-ODmrsl","QD",0.912415475129741
"UZB","c-ODmrsl","QM",0.912415475129741
"UZB","c-ODmrsl","QN",-0.872739867542624
"UZB","c-OMarn","QD",0.746845435751785
"UZB","c-OMarn","QM",0.74715713085162
"UZB","c-OMarn","QN",-0.877529476485056
"VEN","Shrimp","QS",35.27433
"VEN","Crust","QS",4.72962666666667
"VEN","Mllscs","QS",19.2047433333333
"VEN","Salmon","QS",0.05
"VEN","ODmrsl","QS",20.66772
"VEN","Tuna","QS",36.3311
"VEN","Cobswf","QS",0.0534166666666667
"VEN","Tilapia","QS",0.093
"VEN","Pangas","QS",4.215
"VEN","Mullet","QS",3.44322333333333
"VEN","OFrshD","QS",21.98
"VEN","OPelag","QS",90.21075
"VEN","OMarn","QS",0.25377
"VEN","c-Crust","QD",10.1843801016425
"VEN","c-Crust","QM",0.854372577533182
"VEN","c-Crust","QE",33.3587216473032
"VEN","c-Crust","QN",36.8080295292441
"VEN","c-Mllsc","QD",35.4062189629262
"VEN","c-Mllsc","QM",0.444263620417017
"VEN","c-Mllsc","QN",-0.478678998384589
"VEN","c-FrshD","QD",30.4268600498074
"VEN","c-FrshD","QM",0.35003354934389
"VEN","c-FrshD","QE",0.0919760932930033
"VEN","c-FrshD","QN",-0.265194552706658
"VEN","c-OPelag","QD",210.668136718233
"VEN","c-OPelag","QM",16.2157256442008
"VEN","c-OPelag","QE",0.0187218154389859
"VEN","c-OPelag","QN",-15.6258979511448
"VEN","c-ODmrsl","QD",46.101493028139
"VEN","c-ODmrsl","QM",2.74100947892981
"VEN","c-ODmrsl","QE",0.365535396525557
"VEN","c-ODmrsl","QN",-2.2721786209661
"VEN","c-OMarn","QD",0.871116412471243
"VEN","c-OMarn","QM",0.152626495396942
"VEN","c-OMarn","QE",0.023103272246267
"VEN","c-OMarn","QN",-0.152123886008445
"VNM","Shrimp","QS",1098.68577333333
"VNM","Crust","QS",173.81593
"VNM","Mllscs","QS",731.183973333333
"VNM","Tuna","QS",58.8517666666667
"VNM","Cobswf","QS",6.12649333333333
"VNM","Eelstg","QS",2.30573333333333
"VNM","Tilapia","QS",222.095503333333
"VNM","Pangas","QS",35.9820266666667
"VNM","Carp","QS",144.06867
"VNM","OFrshD","QS",2956.14629666667
"VNM","OPelag","QS",370.706533333333
"VNM","OMarn","QS",2325.57690666667
"VNM","c-Crust","QD",524.564640034369
"VNM","c-Crust","QM",56.061895400914
"VNM","c-Crust","QE",535.715292238595
"VNM","c-Crust","QN",543.161050747617
"VNM","c-Mllsc","QD",577.639779222138
"VNM","c-Mllsc","QM",57.0158142756126
"VNM","c-Mllsc","QE",215.060234819513
"VNM","c-Mllsc","QN",145.8013328394
"VNM","c-FrshD","QD",1778.5632236078
"VNM","c-FrshD","QM",67.6409228574564
"VNM","c-FrshD","QE",1621.46383440016
"VNM","c-FrshD","QN",1510.84882168171
"VNM","c-OPelag","QD",281.356187111027
"VNM","c-OPelag","QM",252.82135595972
"VNM","c-OPelag","QE",167.287265751457
"VNM","c-OPelag","QN",-82.5181607085225
"VNM","c-ODmrsl","QD",33.7114788855949
"VNM","c-ODmrsl","QM",33.8053669646579
"VNM","c-ODmrsl","QE",0.0938880790629917
"VNM","c-ODmrsl","QN",-32.2455640212552
"VNM","c-OMarn","QD",739.16556235704
"VNM","c-OMarn","QM",67.545507392895
"VNM","c-OMarn","QE",567.942459946969
"VNM","c-OMarn","QN",413.082086967583
"VUT","Shrimp","QS",0.00352666666666667
"VUT","Crust","QS",0.252
"VUT","Mllscs","QS",2.98607333333333
"VUT","ODmrsl","QS",2.97524333333333
"VUT","Tuna","QS",42.91881
"VUT","Cobswf","QS",0.0817133333333333
"VUT","Tilapia","QS",0.00389333333333333
"VUT","OFrshD","QS",0.00206
"VUT","OPelag","QS",3.26433333333333
"VUT","OMarn","QS",0.278666666666667
"VUT","c-Crust","QD",0.826385470326905
"VUT","c-Crust","QM",0.0417417588606109
"VUT","c-Crust","QE",0.00137553367900427
"VUT","c-Crust","QN",-0.0350216070148525
"VUT","c-Mllsc","QD",0.127138612902252
"VUT","c-Mllsc","QM",0.0754268204584824
"VUT","c-Mllsc","QN",-0.0812698434197913
"VUT","c-FrshD","QD",0.0367981115029865
"VUT","c-FrshD","QM",0.0240149564108866
"VUT","c-FrshD","QN",-0.0246791382086597
"VUT","c-OPelag","QD",6.45245266811474
"VUT","c-OPelag","QM",5.28630003671529
"VUT","c-OPelag","QE",38.5261334440045
"VUT","c-OPelag","QN",34.4118689535304
"VUT","c-ODmrsl","QD",1.65751808320015
"VUT","c-ODmrsl","QM",0.00708451556479644
"VUT","c-ODmrsl","QN",-0.00677645145677184
"VUT","c-OMarn","QD",0.783743926277773
"VUT","c-OMarn","QM",0.668281836109324
"VUT","c-OMarn","QE",1.43589168314464
"VUT","c-OMarn","QN",0.633668682376619
"YEM","Shrimp","QS",0.833
"YEM","Crust","QS",0.514
"YEM","Mllscs","QS",9.027
"YEM","ODmrsl","QS",21.891
"YEM","Tuna","QS",22.6346
"YEM","Cobswf","QS",2.101
"YEM","Tilapia","QS",0.01
"YEM","Mullet","QS",1.998
"YEM","OPelag","QS",72.3076566666667
"YEM","c-Crust","QD",0.369941483714607
"YEM","c-Crust","QE",0.977063918684634
"YEM","c-Crust","QN",1.106430327022
"YEM","c-Mllsc","QD",0.198510796162044
"YEM","c-Mllsc","QE",7.30551930005466
"YEM","c-Mllsc","QN",6.73958908113471
"YEM","c-FrshD","QD",1.55645624243823
"YEM","c-FrshD","QM",1.55645624243823
"YEM","c-FrshD","QN",-1.59950316234807
"YEM","c-OPelag","QD",64.0027166940173
"YEM","c-OPelag","QM",14.5532383682914
"YEM","c-OPelag","QE",39.0958768008077
"YEM","c-OPelag","QN",25.4080111402853
"YEM","c-ODmrsl","QD",17.7701312701994
"YEM","c-ODmrsl","QM",0.066070264986279
"YEM","c-ODmrsl","QE",6.18503480615689
"YEM","c-ODmrsl","QN",6.385042487668
"ZAF","Shrimp","QS",0.141773333333333
"ZAF","Crust","QS",2.13340666666667
"ZAF","Mllscs","QS",12.32229
"ZAF","Salmon","QS",1.25120666666667
"ZAF","ODmrsl","QS",172.45782
"ZAF","Tuna","QS",5.08690333333333
"ZAF","Cobswf","QS",0.416246666666667
"ZAF","Tilapia","QS",0.320753333333333
"ZAF","Pangas","QS",0.0542
"ZAF","Carp","QS",0.00786666666666667
"ZAF","Mullet","QS",0.355823333333333
"ZAF","OFrshD","QS",0.9
"ZAF","OPelag","QS",312.449786666667
"ZAF","OMarn","QS",6.47491
"ZAF","c-Crust","QD",20.4948130379803
"ZAF","c-Crust","QM",21.7255416657511
"ZAF","c-Crust","QE",3.4936031633256
"ZAF","c-Crust","QN",-15.8179711498476
"ZAF","c-Mllsc","QD",16.3342376916405
"ZAF","c-Mllsc","QM",20.2372154717612
"ZAF","c-Mllsc","QE",19.1219347086493
"ZAF","c-Mllsc","QN",-1.20167723412252
"ZAF","c-FrshD","QD",20.3321005123004
"ZAF","c-FrshD","QM",23.0265878081458
"ZAF","c-FrshD","QE",6.1211235832988
"ZAF","c-FrshD","QN",-17.3730187533223
"ZAF","c-OPelag","QD",196.754625253813
"ZAF","c-OPelag","QM",240.112062822123
"ZAF","c-OPelag","QE",73.3584717363536
"ZAF","c-OPelag","QN",-160.873864378925
"ZAF","c-ODmrsl","QD",175.574916410455
"ZAF","c-ODmrsl","QM",82.9670020962455
"ZAF","c-ODmrsl","QE",102.159128096826
"ZAF","c-ODmrsl","QN",20.0266792065673
"ZAF","c-OMarn","QD",9.82114674834898
"ZAF","c-OMarn","QM",1.07391414427716
"ZAF","c-OMarn","QE",1.97047393052134
"ZAF","c-OMarn","QN",0.740117991731649
"ZMB","Tilapia","QS",48.35775
"ZMB","Pangas","QS",0.322233333333333
"ZMB","Carp","QS",0.16945
"ZMB","OFrshD","QS",103.460233333333
"ZMB","c-Crust","QD",0.188125288760731
"ZMB","c-Crust","QM",0.188125288760731
"ZMB","c-Crust","QN",-0.163216894889049
"ZMB","c-Mllsc","QD",0.130279367381917
"ZMB","c-Mllsc","QM",0.130279367381917
"ZMB","c-Mllsc","QN",-0.140371604206567
"ZMB","c-FrshD","QD",165.607472610408
"ZMB","c-FrshD","QM",16.8753795519446
"ZMB","c-FrshD","QE",3.57757360820344
"ZMB","c-FrshD","QN",-13.6655834448549
"ZMB","c-OPelag","QD",99.6016238340579
"ZMB","c-OPelag","QM",100.288223437764
"ZMB","c-OPelag","QE",0.686610807642419
"ZMB","c-OPelag","QN",-96.0896627044087
"ZMB","c-ODmrsl","QD",1.93858342793181
"ZMB","c-ODmrsl","QM",1.93863944761162
"ZMB","c-ODmrsl","QE",5.6019679816786E-5
"ZMB","c-ODmrsl","QN",-1.85428578342882
"ZMB","c-OMarn","QD",1.60244294115916
"ZMB","c-OMarn","QM",1.85828481888242
"ZMB","c-OMarn","QE",0.254441385727842
"ZMB","c-OMarn","QN",-1.88370000117102
"ZWE","Salmon","QS",0.0390466666666667
"ZWE","Tilapia","QS",17.5453633333333
"ZWE","Pangas","QS",1.13954666666667
"ZWE","OFrshD","QS",22.16437
"ZWE","c-Crust","QD",0.0427832773116347
"ZWE","c-Crust","QM",0.0427832773116347
"ZWE","c-Crust","QN",-0.0371186336615459
"ZWE","c-Mllsc","QD",0.0461466877072133
"ZWE","c-Mllsc","QM",0.0461466877072133
"ZWE","c-Mllsc","QN",-0.049721492454684
"ZWE","c-FrshD","QD",22.3400768198784
"ZWE","c-FrshD","QM",0.0388447760194028
"ZWE","c-FrshD","QE",3.16428081586318
"ZWE","c-FrshD","QN",3.03899583598702
"ZWE","c-OPelag","QD",4.24088582839197
"ZWE","c-OPelag","QM",4.26008166544238
"ZWE","c-OPelag","QE",0.0191958370504137
"ZWE","c-OPelag","QN",-4.09135231907732
"ZWE","c-ODmrsl","QD",0.266598198090993
"ZWE","c-ODmrsl","QM",0.266598198090993
"ZWE","c-ODmrsl","QN",-0.255005403164552
"ZWE","c-OMarn","QD",0.14767637146183
"ZWE","c-OMarn","QM",0.14767637146183
"ZWE","c-OMarn","QN",-0.173444598983354
