"J","C","CTY","Val"
"jbeef","cmilk","AFG",0.0484
"jbeef","cmilk","AGO",0.0484
"jbeef","cmilk","ALB",0.0726
"jbeef","cmilk","ARG",0.0363
"jbeef","cmilk","ARM",0.0605
"jbeef","cmilk","AUS",0.0605
"jbeef","cmilk","AUT",0.0968
"jbeef","cmilk","AZE",0.0605
"jbeef","cmilk","BDI",0.0484
"jbeef","cmilk","BEN",0.0484
"jbeef","cmilk","BFA",0.0484
"jbeef","cmilk","BGD",0.0484
"jbeef","cmilk","BGR",0.0726
"jbeef","cmilk","BLR",0.0605
"jbeef","cmilk","BLT",0.0605
"jbeef","cmilk","BLX",0.0968
"jbeef","cmilk","BLZ",0.0121
"jbeef","cmilk","BOL",0.0121
"jbeef","cmilk","BRA",0.0363
"jbeef","cmilk","BTN",0.0484
"jbeef","cmilk","BWA",0.0484
"jbeef","cmilk","CAF",0.0484
"jbeef","cmilk","CAN",0.0726
"jbeef","cmilk","CHL",0.0121
"jbeef","cmilk","CHM",0.0605
"jbeef","cmilk","CHP",0.0968
"jbeef","cmilk","CIV",0.0484
"jbeef","cmilk","CMR",0.0484
"jbeef","cmilk","COD",0.0484
"jbeef","cmilk","COG",0.0484
"jbeef","cmilk","COL",0.0121
"jbeef","cmilk","CRB",0.0484
"jbeef","cmilk","CRI",0.0121
"jbeef","cmilk","CUB",0.0121
"jbeef","cmilk","CYP",0.0363
"jbeef","cmilk","CZE",0.0726
"jbeef","cmilk","DEU",0.0968
"jbeef","cmilk","DNK",0.0968
"jbeef","cmilk","DOM",0.0121
"jbeef","cmilk","DZA",0.0363
"jbeef","cmilk","ECU",0.0121
"jbeef","cmilk","EGY",0.0363
"jbeef","cmilk","ERI",0.0484
"jbeef","cmilk","ETH",0.0484
"jbeef","cmilk","FJI",0.0484
"jbeef","cmilk","FNP",0.0968
"jbeef","cmilk","FRP",0.0968
"jbeef","cmilk","GAB",0.0484
"jbeef","cmilk","GEO",0.0605
"jbeef","cmilk","GHA",0.0484
"jbeef","cmilk","GIN",0.0484
"jbeef","cmilk","GMB",0.0484
"jbeef","cmilk","GNB",0.0484
"jbeef","cmilk","GRC",0.0726
"jbeef","cmilk","GSA",0.0121
"jbeef","cmilk","GTM",0.0121
"jbeef","cmilk","HND",0.0121
"jbeef","cmilk","HRV",0.0726
"jbeef","cmilk","HTI",0.0121
"jbeef","cmilk","HUN",0.0726
"jbeef","cmilk","IDN",0.0484
"jbeef","cmilk","IRL",0.0968
"jbeef","cmilk","IRN",0.0363
"jbeef","cmilk","IRQ",0.0363
"jbeef","cmilk","ISL",0.0968
"jbeef","cmilk","ISR",0.0726
"jbeef","cmilk","ITP",0.0968
"jbeef","cmilk","JAM",0.0484
"jbeef","cmilk","JOR",0.0363
"jbeef","cmilk","JPN",0.0605
"jbeef","cmilk","KAZ",0.0605
"jbeef","cmilk","KEN",0.0484
"jbeef","cmilk","KGZ",0.0605
"jbeef","cmilk","LBN",0.0363
"jbeef","cmilk","LBY",0.0363
"jbeef","cmilk","LKA",0.0484
"jbeef","cmilk","LSO",0.0484
"jbeef","cmilk","MDA",0.0726
"jbeef","cmilk","MEX",0.0605
"jbeef","cmilk","MLI",0.0484
"jbeef","cmilk","MOR",0.0363
"jbeef","cmilk","MOZ",0.0484
"jbeef","cmilk","MRT",0.0484
"jbeef","cmilk","MWI",0.0484
"jbeef","cmilk","MYS",0.0484
"jbeef","cmilk","NAM",0.0484
"jbeef","cmilk","NER",0.0484
"jbeef","cmilk","NGA",0.0484
"jbeef","cmilk","NIC",0.0121
"jbeef","cmilk","NLD",0.0968
"jbeef","cmilk","NOR",0.0968
"jbeef","cmilk","NPL",0.0484
"jbeef","cmilk","NZL",0.0726
"jbeef","cmilk","OAO",0.0484
"jbeef","cmilk","OBN",0.0726
"jbeef","cmilk","OIO",0.0484
"jbeef","cmilk","OPO",0.0484
"jbeef","cmilk","PAN",0.0121
"jbeef","cmilk","PER",0.0121
"jbeef","cmilk","PNG",0.0484
"jbeef","cmilk","POL",0.0726
"jbeef","cmilk","PRT",0.0968
"jbeef","cmilk","PRY",0.0121
"jbeef","cmilk","PSE",0.0484
"jbeef","cmilk","RAP",0.0363
"jbeef","cmilk","ROU",0.0726
"jbeef","cmilk","RUS",0.0605
"jbeef","cmilk","RWA",0.0484
"jbeef","cmilk","SAU",0.0363
"jbeef","cmilk","SDN",0.0484
"jbeef","cmilk","SEN",0.0484
"jbeef","cmilk","SLB",0.0484
"jbeef","cmilk","SLE",0.0484
"jbeef","cmilk","SLV",0.0121
"jbeef","cmilk","SOM",0.0484
"jbeef","cmilk","SPP",0.0968
"jbeef","cmilk","SVK",0.0726
"jbeef","cmilk","SVN",0.0726
"jbeef","cmilk","SWE",0.0968
"jbeef","cmilk","SWZ",0.0484
"jbeef","cmilk","SYR",0.0363
"jbeef","cmilk","TGO",0.0484
"jbeef","cmilk","THA",0.0484
"jbeef","cmilk","TJK",0.0605
"jbeef","cmilk","TKM",0.0605
"jbeef","cmilk","TUN",0.0363
"jbeef","cmilk","TUR",0.0363
"jbeef","cmilk","TZA",0.0484
"jbeef","cmilk","UGA",0.0484
"jbeef","cmilk","UKP",0.0968
"jbeef","cmilk","UKR",0.0605
"jbeef","cmilk","URY",0.0121
"jbeef","cmilk","USA",0.0484
"jbeef","cmilk","UZB",0.0605
"jbeef","cmilk","VEN",0.0121
"jbeef","cmilk","YEM",0.0363
"jbeef","cmilk","ZAF",0.0726
"jbeef","cmilk","ZMB",0.0484
"jbeef","cmilk","ZWE",0.0484
"jbeef","cbarl","AFG",-0.0484
"jbeef","cbarl","ALB",-0.0121
"jbeef","cbarl","ARG",-0.0363
"jbeef","cbarl","AUS",-0.0363
"jbeef","cbarl","AUT",-0.0121
"jbeef","cbarl","BGD",-0.0242
"jbeef","cbarl","BGR",-0.0121
"jbeef","cbarl","BLX",-0.0121
"jbeef","cbarl","BRA",-0.0484
"jbeef","cbarl","CAN",-0.0363
"jbeef","cbarl","CHM",-0.0242
"jbeef","cbarl","CHP",-0.0121
"jbeef","cbarl","COG",-0.0242
"jbeef","cbarl","CRB",-0.0363
"jbeef","cbarl","CYP",-0.0121
"jbeef","cbarl","CZE",-0.0121
"jbeef","cbarl","DEU",-0.0121
"jbeef","cbarl","DNK",-0.0121
"jbeef","cbarl","DZA",-0.0121
"jbeef","cbarl","EGY",-0.0242
"jbeef","cbarl","ERI",-0.0242
"jbeef","cbarl","ETH",-0.0242
"jbeef","cbarl","FNP",-0.0121
"jbeef","cbarl","FRP",-0.0121
"jbeef","cbarl","GRC",-0.0121
"jbeef","cbarl","HRV",-0.0121
"jbeef","cbarl","HUN",-0.0121
"jbeef","cbarl","IND",-0.0484
"jbeef","cbarl","IRL",-0.0121
"jbeef","cbarl","IRN",-0.0121
"jbeef","cbarl","IRQ",-0.0121
"jbeef","cbarl","ISL",-0.0121
"jbeef","cbarl","ISR",-0.0363
"jbeef","cbarl","ITP",-0.0121
"jbeef","cbarl","JOR",-0.0121
"jbeef","cbarl","JPN",-0.0242
"jbeef","cbarl","KOR",-0.0484
"jbeef","cbarl","LBN",-0.0121
"jbeef","cbarl","LBY",-0.0121
"jbeef","cbarl","MDA",-0.0121
"jbeef","cbarl","MEX",-0.0363
"jbeef","cbarl","MOR",-0.0121
"jbeef","cbarl","NGA",-0.0242
"jbeef","cbarl","NLD",-0.0121
"jbeef","cbarl","NOR",-0.0121
"jbeef","cbarl","NPL",-0.0484
"jbeef","cbarl","NZL",-0.0363
"jbeef","cbarl","OBN",-0.0121
"jbeef","cbarl","OPO",-0.0363
"jbeef","cbarl","PAK",-0.0242
"jbeef","cbarl","PHL",-0.0363
"jbeef","cbarl","POL",-0.0121
"jbeef","cbarl","PRT",-0.0121
"jbeef","cbarl","PSE",-0.0242
"jbeef","cbarl","RAP",-0.0121
"jbeef","cbarl","ROU",-0.0121
"jbeef","cbarl","SAU",-0.0121
"jbeef","cbarl","SPP",-0.0121
"jbeef","cbarl","SVK",-0.0121
"jbeef","cbarl","SVN",-0.0121
"jbeef","cbarl","SWE",-0.0121
"jbeef","cbarl","SYR",-0.0121
"jbeef","cbarl","TUN",-0.0121
"jbeef","cbarl","TUR",-0.0484
"jbeef","cbarl","UKP",-0.0121
"jbeef","cbarl","USA",-0.0242
"jbeef","cbarl","ZAF",-0.0363
"jbeef","cbarl","ZWE",-0.0242
"jbeef","cmaiz","AFG",-0.0484
"jbeef","cmaiz","AGO",-0.0242
"jbeef","cmaiz","ALB",-0.0242
"jbeef","cmaiz","ARG",-0.0363
"jbeef","cmaiz","ARM",-0.0242
"jbeef","cmaiz","AUS",-0.0363
"jbeef","cmaiz","AZE",-0.0242
"jbeef","cmaiz","BDI",-0.0242
"jbeef","cmaiz","BEN",-0.0242
"jbeef","cmaiz","BFA",-0.0242
"jbeef","cmaiz","BGD",-0.0242
"jbeef","cmaiz","BGR",-0.0242
"jbeef","cmaiz","BLR",-0.0242
"jbeef","cmaiz","BLT",-0.0242
"jbeef","cmaiz","BLZ",-0.0121
"jbeef","cmaiz","BOL",-0.0121
"jbeef","cmaiz","BRA",-0.0726
"jbeef","cmaiz","BTN",-0.0484
"jbeef","cmaiz","BWA",-0.0242
"jbeef","cmaiz","CAF",-0.0242
"jbeef","cmaiz","CAN",-0.0363
"jbeef","cmaiz","CHL",-0.0121
"jbeef","cmaiz","CHM",-0.0121
"jbeef","cmaiz","CIV",-0.0242
"jbeef","cmaiz","CMR",-0.0242
"jbeef","cmaiz","COD",-0.0242
"jbeef","cmaiz","COG",-0.0242
"jbeef","cmaiz","COL",-0.0121
"jbeef","cmaiz","CRB",-0.0363
"jbeef","cmaiz","CRI",-0.0121
"jbeef","cmaiz","CUB",-0.0121
"jbeef","cmaiz","CYP",-0.0242
"jbeef","cmaiz","CZE",-0.0242
"jbeef","cmaiz","DJI",-0.0242
"jbeef","cmaiz","DOM",-0.0121
"jbeef","cmaiz","DZA",-0.0242
"jbeef","cmaiz","ECU",-0.0121
"jbeef","cmaiz","EGY",-0.0242
"jbeef","cmaiz","ERI",-0.0242
"jbeef","cmaiz","ETH",-0.0242
"jbeef","cmaiz","FJI",-0.0363
"jbeef","cmaiz","GAB",-0.0242
"jbeef","cmaiz","GEO",-0.0242
"jbeef","cmaiz","GHA",-0.0242
"jbeef","cmaiz","GIN",-0.0242
"jbeef","cmaiz","GNB",-0.0242
"jbeef","cmaiz","GRC",-0.0242
"jbeef","cmaiz","GSA",-0.0121
"jbeef","cmaiz","GTM",-0.0121
"jbeef","cmaiz","HND",-0.0121
"jbeef","cmaiz","HRV",-0.0242
"jbeef","cmaiz","HTI",-0.0121
"jbeef","cmaiz","HUN",-0.0242
"jbeef","cmaiz","IDN",-0.0363
"jbeef","cmaiz","IND",-0.0484
"jbeef","cmaiz","IRN",-0.0242
"jbeef","cmaiz","IRQ",-0.0242
"jbeef","cmaiz","ISR",-0.0363
"jbeef","cmaiz","JAM",-0.0363
"jbeef","cmaiz","JOR",-0.0242
"jbeef","cmaiz","JPN",-0.0605
"jbeef","cmaiz","KAZ",-0.0242
"jbeef","cmaiz","KEN",-0.0242
"jbeef","cmaiz","KGZ",-0.0242
"jbeef","cmaiz","KHM",-0.0363
"jbeef","cmaiz","KOR",-0.0605
"jbeef","cmaiz","LAO",-0.0363
"jbeef","cmaiz","LBN",-0.0242
"jbeef","cmaiz","LBR",-0.0242
"jbeef","cmaiz","LBY",-0.0242
"jbeef","cmaiz","LKA",-0.0484
"jbeef","cmaiz","LSO",-0.0242
"jbeef","cmaiz","MDA",-0.0242
"jbeef","cmaiz","MDG",-0.0242
"jbeef","cmaiz","MEX",-0.0242
"jbeef","cmaiz","MLI",-0.0242
"jbeef","cmaiz","MMR",-0.0363
"jbeef","cmaiz","MNG",-0.0242
"jbeef","cmaiz","MOR",-0.0242
"jbeef","cmaiz","MOZ",-0.0242
"jbeef","cmaiz","MRT",-0.0242
"jbeef","cmaiz","MWI",-0.0242
"jbeef","cmaiz","MYS",-0.0363
"jbeef","cmaiz","NAM",-0.0242
"jbeef","cmaiz","NER",-0.0242
"jbeef","cmaiz","NGA",-0.1089
"jbeef","cmaiz","NIC",-0.0121
"jbeef","cmaiz","NPL",-0.0484
"jbeef","cmaiz","NZL",-0.0363
"jbeef","cmaiz","OAO",-0.0363
"jbeef","cmaiz","OBN",-0.0242
"jbeef","cmaiz","OIO",-0.0363
"jbeef","cmaiz","OPO",-0.0363
"jbeef","cmaiz","PAN",-0.0121
"jbeef","cmaiz","PER",-0.0121
"jbeef","cmaiz","PHL",-0.0363
"jbeef","cmaiz","PNG",-0.0363
"jbeef","cmaiz","POL",-0.0242
"jbeef","cmaiz","PRK",-0.0242
"jbeef","cmaiz","PRY",-0.0121
"jbeef","cmaiz","RAP",-0.0242
"jbeef","cmaiz","ROU",-0.0242
"jbeef","cmaiz","RUS",-0.0242
"jbeef","cmaiz","RWA",-0.0242
"jbeef","cmaiz","SAU",-0.0242
"jbeef","cmaiz","SDN",-0.0242
"jbeef","cmaiz","SEN",-0.0242
"jbeef","cmaiz","SLE",-0.0242
"jbeef","cmaiz","SLV",-0.0121
"jbeef","cmaiz","SOM",-0.0242
"jbeef","cmaiz","SVK",-0.0242
"jbeef","cmaiz","SVN",-0.0242
"jbeef","cmaiz","SWZ",-0.0242
"jbeef","cmaiz","SYR",-0.0242
"jbeef","cmaiz","TCD",-0.0242
"jbeef","cmaiz","TGO",-0.0242
"jbeef","cmaiz","THA",-0.0121
"jbeef","cmaiz","TJK",-0.0242
"jbeef","cmaiz","TKM",-0.0242
"jbeef","cmaiz","TLS",-0.0363
"jbeef","cmaiz","TUN",-0.0242
"jbeef","cmaiz","TUR",-0.0242
"jbeef","cmaiz","TZA",-0.0242
"jbeef","cmaiz","UGA",-0.0242
"jbeef","cmaiz","UKR",-0.0242
"jbeef","cmaiz","URY",-0.0121
"jbeef","cmaiz","USA",-0.0484
"jbeef","cmaiz","UZB",-0.0242
"jbeef","cmaiz","VEN",-0.0121
"jbeef","cmaiz","VNM",-0.0363
"jbeef","cmaiz","VUT",-0.0363
"jbeef","cmaiz","YEM",-0.0242
"jbeef","cmaiz","ZAF",-0.0363
"jbeef","cmaiz","ZMB",-0.0242
"jbeef","cmaiz","ZWE",-0.0242
"jbeef","cwhea","ALB",-0.0484
"jbeef","cwhea","ARG",-0.0847
"jbeef","cwhea","ARM",-0.0726
"jbeef","cwhea","AUS",-0.0484
"jbeef","cwhea","AUT",-0.0605
"jbeef","cwhea","AZE",-0.0726
"jbeef","cwhea","BGR",-0.0484
"jbeef","cwhea","BLR",-0.0726
"jbeef","cwhea","BLT",-0.0726
"jbeef","cwhea","BLX",-0.0605
"jbeef","cwhea","CAN",-0.0363
"jbeef","cwhea","CHM",-0.0363
"jbeef","cwhea","CHP",-0.0605
"jbeef","cwhea","CZE",-0.0484
"jbeef","cwhea","DEU",-0.0605
"jbeef","cwhea","DNK",-0.0605
"jbeef","cwhea","EGY",-0.0242
"jbeef","cwhea","FNP",-0.0605
"jbeef","cwhea","FRP",-0.0605
"jbeef","cwhea","GEO",-0.0726
"jbeef","cwhea","GRC",-0.0484
"jbeef","cwhea","HRV",-0.0484
"jbeef","cwhea","HUN",-0.0484
"jbeef","cwhea","IND",-0.0484
"jbeef","cwhea","IRL",-0.0605
"jbeef","cwhea","ISL",-0.0605
"jbeef","cwhea","ISR",-0.0363
"jbeef","cwhea","ITP",-0.0605
"jbeef","cwhea","JPN",-0.0121
"jbeef","cwhea","KAZ",-0.0726
"jbeef","cwhea","KGZ",-0.0726
"jbeef","cwhea","KOR",-0.0121
"jbeef","cwhea","LKA",-0.0484
"jbeef","cwhea","MDA",-0.0484
"jbeef","cwhea","MEX",-0.0242
"jbeef","cwhea","MNG",-0.0121
"jbeef","cwhea","NLD",-0.0605
"jbeef","cwhea","NOR",-0.0605
"jbeef","cwhea","NPL",-0.0484
"jbeef","cwhea","NZL",-0.0363
"jbeef","cwhea","OBN",-0.0484
"jbeef","cwhea","POL",-0.0484
"jbeef","cwhea","PRK",-0.0121
"jbeef","cwhea","PRT",-0.0605
"jbeef","cwhea","ROU",-0.0484
"jbeef","cwhea","RUS",-0.0726
"jbeef","cwhea","SPP",-0.0605
"jbeef","cwhea","SVK",-0.0484
"jbeef","cwhea","SVN",-0.0484
"jbeef","cwhea","SWE",-0.0605
"jbeef","cwhea","TJK",-0.0726
"jbeef","cwhea","TKM",-0.0726
"jbeef","cwhea","TUR",-0.121
"jbeef","cwhea","UKP",-0.0605
"jbeef","cwhea","UKR",-0.0726
"jbeef","cwhea","USA",-0.0484
"jbeef","cwhea","UZB",-0.0726
"jbeef","cwhea","ZAF",-0.0363
"jbeef","cocer","AFG",-0.0484
"jbeef","cocer","AGO",-0.0242
"jbeef","cocer","ALB",-0.0121
"jbeef","cocer","ARG",-0.0363
"jbeef","cocer","AUS",-0.0363
"jbeef","cocer","AUT",-0.0121
"jbeef","cocer","BDI",-0.0242
"jbeef","cocer","BFA",-0.0242
"jbeef","cocer","BGD",-0.0242
"jbeef","cocer","BGR",-0.0121
"jbeef","cocer","BLX",-0.0121
"jbeef","cocer","BRA",-0.0484
"jbeef","cocer","BWA",-0.0242
"jbeef","cocer","CAN",-0.0363
"jbeef","cocer","CHM",-0.0242
"jbeef","cocer","CHP",-0.0121
"jbeef","cocer","CIV",-0.0242
"jbeef","cocer","COD",-0.0242
"jbeef","cocer","COG",-0.0242
"jbeef","cocer","CRB",-0.0363
"jbeef","cocer","CYP",-0.0121
"jbeef","cocer","CZE",-0.0121
"jbeef","cocer","DEU",-0.0121
"jbeef","cocer","DNK",-0.0121
"jbeef","cocer","DZA",-0.0121
"jbeef","cocer","EGY",-0.0242
"jbeef","cocer","ERI",-0.0242
"jbeef","cocer","ETH",-0.0242
"jbeef","cocer","FNP",-0.0121
"jbeef","cocer","FRP",-0.0121
"jbeef","cocer","GHA",-0.0242
"jbeef","cocer","GIN",-0.0242
"jbeef","cocer","GRC",-0.0121
"jbeef","cocer","HRV",-0.0121
"jbeef","cocer","HUN",-0.0121
"jbeef","cocer","IDN",-0.0363
"jbeef","cocer","IND",-0.0484
"jbeef","cocer","IRL",-0.0121
"jbeef","cocer","IRQ",-0.0121
"jbeef","cocer","ISL",-0.0121
"jbeef","cocer","ISR",-0.0363
"jbeef","cocer","ITP",-0.0121
"jbeef","cocer","JOR",-0.0121
"jbeef","cocer","JPN",-0.0242
"jbeef","cocer","KEN",-0.0242
"jbeef","cocer","KOR",-0.0484
"jbeef","cocer","LBN",-0.0121
"jbeef","cocer","LBY",-0.0121
"jbeef","cocer","LSO",-0.0242
"jbeef","cocer","MDA",-0.0121
"jbeef","cocer","MEX",-0.0363
"jbeef","cocer","MLI",-0.0242
"jbeef","cocer","MOR",-0.0121
"jbeef","cocer","MRT",-0.0242
"jbeef","cocer","MWI",-0.0242
"jbeef","cocer","MYS",-0.0363
"jbeef","cocer","NER",-0.0242
"jbeef","cocer","NGA",-0.0242
"jbeef","cocer","NLD",-0.0121
"jbeef","cocer","NOR",-0.0121
"jbeef","cocer","NPL",-0.0484
"jbeef","cocer","NZL",-0.0363
"jbeef","cocer","OBN",-0.0121
"jbeef","cocer","OPO",-0.0363
"jbeef","cocer","PAK",-0.0242
"jbeef","cocer","PHL",-0.0363
"jbeef","cocer","PNG",-0.0363
"jbeef","cocer","POL",-0.0121
"jbeef","cocer","PRT",-0.0121
"jbeef","cocer","PSE",-0.0242
"jbeef","cocer","RAP",-0.0121
"jbeef","cocer","ROU",-0.0121
"jbeef","cocer","RWA",-0.0242
"jbeef","cocer","SAU",-0.0121
"jbeef","cocer","SEN",-0.0242
"jbeef","cocer","SOM",-0.0242
"jbeef","cocer","SPP",-0.0121
"jbeef","cocer","SVK",-0.0121
"jbeef","cocer","SVN",-0.0121
"jbeef","cocer","SWE",-0.0121
"jbeef","cocer","SYR",-0.0121
"jbeef","cocer","TCD",-0.0242
"jbeef","cocer","THA",-0.0121
"jbeef","cocer","TUN",-0.0121
"jbeef","cocer","TUR",-0.0484
"jbeef","cocer","TZA",-0.0242
"jbeef","cocer","UGA",-0.0242
"jbeef","cocer","UKP",-0.0121
"jbeef","cocer","USA",-0.0242
"jbeef","cocer","YEM",-0.0121
"jbeef","cocer","ZAF",-0.0363
"jbeef","cocer","ZWE",-0.0242
"jbeef","cpota","THA",-0.0121
"jbeef","cgdml","AGO",-0.0363
"jbeef","cgdml","ARG",-0.0363
"jbeef","cgdml","AUS",-0.05445
"jbeef","cgdml","BEN",-0.0363
"jbeef","cgdml","BFA",-0.0363
"jbeef","cgdml","BGD",-0.0363
"jbeef","cgdml","BGR",-0.0363
"jbeef","cgdml","BRA",-0.0363
"jbeef","cgdml","CAF",-0.0363
"jbeef","cgdml","CAN",-0.01815
"jbeef","cgdml","CIV",-0.0363
"jbeef","cgdml","CMR",-0.0363
"jbeef","cgdml","COG",-0.0363
"jbeef","cgdml","CZE",-0.0363
"jbeef","cgdml","EGY",-0.0363
"jbeef","cgdml","ETH",-0.0363
"jbeef","cgdml","GHA",-0.0363
"jbeef","cgdml","GIN",-0.0363
"jbeef","cgdml","GMB",-0.0363
"jbeef","cgdml","GNB",-0.0363
"jbeef","cgdml","GRC",-0.0363
"jbeef","cgdml","IDN",-0.0363
"jbeef","cgdml","IND",-0.0363
"jbeef","cgdml","LAO",-0.0363
"jbeef","cgdml","MDG",-0.0363
"jbeef","cgdml","MEX",-0.0363
"jbeef","cgdml","MLI",-0.0363
"jbeef","cgdml","MMR",-0.0363
"jbeef","cgdml","MOZ",-0.0363
"jbeef","cgdml","MRT",-0.0363
"jbeef","cgdml","MWI",-0.0363
"jbeef","cgdml","NER",-0.0363
"jbeef","cgdml","NGA",-0.0363
"jbeef","cgdml","NPL",-0.0363
"jbeef","cgdml","PHL",-0.0363
"jbeef","cgdml","POL",-0.0363
"jbeef","cgdml","RWA",-0.0363
"jbeef","cgdml","SDN",-0.0363
"jbeef","cgdml","SEN",-0.0363
"jbeef","cgdml","SLE",-0.0363
"jbeef","cgdml","TCD",-0.0363
"jbeef","cgdml","TGO",-0.0363
"jbeef","cgdml","THA",-0.1815
"jbeef","cgdml","TZA",-0.0363
"jbeef","cgdml","UGA",-0.0363
"jbeef","cgdml","USA",-0.01815
"jbeef","cgdml","VNM",-0.0363
"jbeef","cgdml","ZAF",-0.01815
"jbeef","cgdml","ZMB",-0.0363
"jbeef","cgdml","ZWE",-0.0363
"jbeef","crpml","ARG",-0.0363
"jbeef","crpml","AUS",-0.05445
"jbeef","crpml","BGD",-0.0363
"jbeef","crpml","BLR",-0.0363
"jbeef","crpml","BLT",-0.0363
"jbeef","crpml","BRA",-0.0363
"jbeef","crpml","CAN",-0.01815
"jbeef","crpml","CZE",-0.0363
"jbeef","crpml","EGY",-0.0363
"jbeef","crpml","ETH",-0.0363
"jbeef","crpml","GRC",-0.0363
"jbeef","crpml","HRV",-0.0363
"jbeef","crpml","HUN",-0.0363
"jbeef","crpml","IDN",-0.0363
"jbeef","crpml","IND",-0.0363
"jbeef","crpml","ISR",-0.01815
"jbeef","crpml","JPN",-0.01815
"jbeef","crpml","KAZ",-0.0363
"jbeef","crpml","KOR",-0.01815
"jbeef","crpml","LKA",-0.0363
"jbeef","crpml","MDA",-0.0363
"jbeef","crpml","MEX",-0.0363
"jbeef","crpml","MMR",-0.0363
"jbeef","crpml","MYS",-0.05445
"jbeef","crpml","NPL",-0.0363
"jbeef","crpml","NZL",-0.01815
"jbeef","crpml","OBN",-0.0363
"jbeef","crpml","PHL",-0.0363
"jbeef","crpml","POL",-0.0363
"jbeef","crpml","RUS",-0.0363
"jbeef","crpml","SVK",-0.0363
"jbeef","crpml","SVN",-0.0363
"jbeef","crpml","THA",-0.1815
"jbeef","crpml","TUR",-0.0726
"jbeef","crpml","UKR",-0.0363
"jbeef","crpml","USA",-0.01815
"jbeef","crpml","ZAF",-0.01815
"jbeef","csbml","AGO",-0.0363
"jbeef","csbml","ALB",-0.0363
"jbeef","csbml","ARG",-0.0363
"jbeef","csbml","ARM",-0.0363
"jbeef","csbml","AUS",-0.05445
"jbeef","csbml","AZE",-0.0363
"jbeef","csbml","BEN",-0.0363
"jbeef","csbml","BGD",-0.0363
"jbeef","csbml","BGR",-0.0363
"jbeef","csbml","BLR",-0.0363
"jbeef","csbml","BLT",-0.0363
"jbeef","csbml","BRA",-0.0363
"jbeef","csbml","BWA",-0.0363
"jbeef","csbml","CAN",-0.01815
"jbeef","csbml","CIV",-0.0363
"jbeef","csbml","CMR",-0.0363
"jbeef","csbml","COG",-0.0363
"jbeef","csbml","CZE",-0.0363
"jbeef","csbml","EGY",-0.0363
"jbeef","csbml","GAB",-0.0363
"jbeef","csbml","GEO",-0.0363
"jbeef","csbml","GIN",-0.0363
"jbeef","csbml","GRC",-0.0363
"jbeef","csbml","HRV",-0.0363
"jbeef","csbml","HUN",-0.0363
"jbeef","csbml","IDN",-0.0363
"jbeef","csbml","IND",-0.0363
"jbeef","csbml","ISR",-0.01815
"jbeef","csbml","JPN",-0.01815
"jbeef","csbml","KAZ",-0.0363
"jbeef","csbml","KEN",-0.0363
"jbeef","csbml","KGZ",-0.0363
"jbeef","csbml","KHM",-0.0363
"jbeef","csbml","KOR",-0.01815
"jbeef","csbml","LAO",-0.0363
"jbeef","csbml","LBR",-0.0363
"jbeef","csbml","LKA",-0.0363
"jbeef","csbml","MDA",-0.0363
"jbeef","csbml","MDG",-0.0363
"jbeef","csbml","MEX",-0.0363
"jbeef","csbml","MMR",-0.0363
"jbeef","csbml","MOZ",-0.0363
"jbeef","csbml","MWI",-0.0363
"jbeef","csbml","MYS",-0.05445
"jbeef","csbml","NAM",-0.0363
"jbeef","csbml","NGA",-0.0363
"jbeef","csbml","NPL",-0.0363
"jbeef","csbml","NZL",-0.01815
"jbeef","csbml","OBN",-0.0363
"jbeef","csbml","OSA",-0.0363
"jbeef","csbml","PHL",-0.0363
"jbeef","csbml","POL",-0.0363
"jbeef","csbml","ROU",-0.0363
"jbeef","csbml","RUS",-0.0363
"jbeef","csbml","SDN",-0.0363
"jbeef","csbml","SEN",-0.0363
"jbeef","csbml","SVK",-0.0363
"jbeef","csbml","SVN",-0.0363
"jbeef","csbml","SWZ",-0.0363
"jbeef","csbml","THA",-0.1815
"jbeef","csbml","TJK",-0.0363
"jbeef","csbml","TUR",-0.0726
"jbeef","csbml","TZA",-0.0363
"jbeef","csbml","UGA",-0.0363
"jbeef","csbml","UKR",-0.0363
"jbeef","csbml","USA",-0.01815
"jbeef","csbml","UZB",-0.0363
"jbeef","csbml","ZAF",-0.01815
"jbeef","csbml","ZMB",-0.0363
"jbeef","csbml","ZWE",-0.0363
"jbeef","csfml","AFG",-0.0363
"jbeef","csfml","AGO",-0.0363
"jbeef","csfml","ALB",-0.0363
"jbeef","csfml","ARG",-0.0363
"jbeef","csfml","ARM",-0.0363
"jbeef","csfml","AUS",-0.05445
"jbeef","csfml","AZE",-0.0363
"jbeef","csfml","BGR",-0.0363
"jbeef","csfml","BLR",-0.0363
"jbeef","csfml","BLT",-0.0363
"jbeef","csfml","BRA",-0.0363
"jbeef","csfml","BWA",-0.0363
"jbeef","csfml","CAN",-0.01815
"jbeef","csfml","CZE",-0.0363
"jbeef","csfml","EGY",-0.0363
"jbeef","csfml","GEO",-0.0363
"jbeef","csfml","GRC",-0.0363
"jbeef","csfml","HRV",-0.0363
"jbeef","csfml","HUN",-0.0363
"jbeef","csfml","IDN",-0.0363
"jbeef","csfml","IND",-0.0363
"jbeef","csfml","ISR",-0.01815
"jbeef","csfml","JPN",-0.01815
"jbeef","csfml","KAZ",-0.0363
"jbeef","csfml","KEN",-0.0363
"jbeef","csfml","KGZ",-0.0363
"jbeef","csfml","MDA",-0.0363
"jbeef","csfml","MEX",-0.0363
"jbeef","csfml","MMR",-0.0363
"jbeef","csfml","MOZ",-0.0363
"jbeef","csfml","MWI",-0.0363
"jbeef","csfml","NAM",-0.0363
"jbeef","csfml","NZL",-0.01815
"jbeef","csfml","OBN",-0.0363
"jbeef","csfml","POL",-0.0363
"jbeef","csfml","ROU",-0.0363
"jbeef","csfml","RUS",-0.0363
"jbeef","csfml","SDN",-0.0363
"jbeef","csfml","SEN",-0.0363
"jbeef","csfml","SVK",-0.0363
"jbeef","csfml","SVN",-0.0363
"jbeef","csfml","SWZ",-0.0363
"jbeef","csfml","THA",-0.1815
"jbeef","csfml","TUR",-0.0726
"jbeef","csfml","TZA",-0.0363
"jbeef","csfml","UGA",-0.0363
"jbeef","csfml","UKR",-0.0363
"jbeef","csfml","USA",-0.01815
"jbeef","csfml","ZAF",-0.01815
"jbeef","csfml","ZMB",-0.0363
"jbeef","csfml","ZWE",-0.0363
"jbeef","cpkml","IDN",-0.04719
"jbeef","ctoml","AFG",-0.0363
"jbeef","ctoml","AGO",-0.0363
"jbeef","ctoml","ARG",-0.0363
"jbeef","ctoml","AUS",-0.05445
"jbeef","ctoml","AZE",-0.0363
"jbeef","ctoml","BEN",-0.0363
"jbeef","ctoml","BFA",-0.0363
"jbeef","ctoml","BGD",-0.0363
"jbeef","ctoml","BGR",-0.0363
"jbeef","ctoml","BLR",-0.0363
"jbeef","ctoml","BRA",-0.0363
"jbeef","ctoml","BWA",-0.0363
"jbeef","ctoml","CAF",-0.0363
"jbeef","ctoml","CAN",-0.01815
"jbeef","ctoml","CIV",-0.0363
"jbeef","ctoml","CMR",-0.0363
"jbeef","ctoml","CZE",-0.0363
"jbeef","ctoml","EGY",-0.0363
"jbeef","ctoml","ETH",-0.0363
"jbeef","ctoml","GHA",-0.0363
"jbeef","ctoml","GNB",-0.0363
"jbeef","ctoml","GRC",-0.0363
"jbeef","ctoml","HRV",-0.0363
"jbeef","ctoml","HUN",-0.0363
"jbeef","ctoml","IDN",-0.0363
"jbeef","ctoml","IND",-0.0363
"jbeef","ctoml","ISR",-0.01815
"jbeef","ctoml","JPN",-0.01815
"jbeef","ctoml","KAZ",-0.0363
"jbeef","ctoml","KEN",-0.0363
"jbeef","ctoml","KGZ",-0.0363
"jbeef","ctoml","KHM",-0.0363
"jbeef","ctoml","KOR",-0.01815
"jbeef","ctoml","LAO",-0.0363
"jbeef","ctoml","LKA",-0.0363
"jbeef","ctoml","MDA",-0.0363
"jbeef","ctoml","MDG",-0.0363
"jbeef","ctoml","MEX",-0.0363
"jbeef","ctoml","MLI",-0.0363
"jbeef","ctoml","MMR",-0.0363
"jbeef","ctoml","MOZ",-0.0363
"jbeef","ctoml","MWI",-0.0363
"jbeef","ctoml","MYS",-0.05445
"jbeef","ctoml","NAM",-0.0363
"jbeef","ctoml","NER",-0.0363
"jbeef","ctoml","NGA",-0.0363
"jbeef","ctoml","NPL",-0.0363
"jbeef","ctoml","NZL",-0.01815
"jbeef","ctoml","OBN",-0.0363
"jbeef","ctoml","PHL",-0.0363
"jbeef","ctoml","POL",-0.0363
"jbeef","ctoml","ROU",-0.0363
"jbeef","ctoml","RUS",-0.0363
"jbeef","ctoml","RWA",-0.0363
"jbeef","ctoml","SDN",-0.0363
"jbeef","ctoml","SEN",-0.0363
"jbeef","ctoml","SVN",-0.0363
"jbeef","ctoml","SWZ",-0.0363
"jbeef","ctoml","TCD",-0.0363
"jbeef","ctoml","TGO",-0.0363
"jbeef","ctoml","THA",-0.1815
"jbeef","ctoml","TJK",-0.0363
"jbeef","ctoml","TKM",-0.0363
"jbeef","ctoml","TUR",-0.0726
"jbeef","ctoml","TZA",-0.0363
"jbeef","ctoml","UGA",-0.0363
"jbeef","ctoml","UKR",-0.0363
"jbeef","ctoml","USA",-0.01815
"jbeef","ctoml","UZB",-0.0363
"jbeef","ctoml","VNM",-0.0363
"jbeef","ctoml","ZAF",-0.01815
"jbeef","ctoml","ZMB",-0.0363
"jbeef","ctoml","ZWE",-0.0363
"jpork","cbarl","ALB",-0.0363
"jpork","cbarl","ARM",-0.0726
"jpork","cbarl","AUS",-0.0121
"jpork","cbarl","AUT",-0.0363
"jpork","cbarl","AZE",-0.0726
"jpork","cbarl","BGR",-0.0363
"jpork","cbarl","BLR",-0.0726
"jpork","cbarl","BLT",-0.0726
"jpork","cbarl","BLX",-0.0363
"jpork","cbarl","CAN",-0.0968
"jpork","cbarl","CHM",-0.0121
"jpork","cbarl","CHP",-0.0363
"jpork","cbarl","COG",-0.0242
"jpork","cbarl","COL",-0.0121
"jpork","cbarl","CRB",-0.0121
"jpork","cbarl","CYP",-0.0242
"jpork","cbarl","CZE",-0.0363
"jpork","cbarl","DEU",-0.0363
"jpork","cbarl","DNK",-0.0363
"jpork","cbarl","DZA",-0.0242
"jpork","cbarl","EGY",-0.0242
"jpork","cbarl","ETH",-0.0242
"jpork","cbarl","FNP",-0.0363
"jpork","cbarl","FRP",-0.0363
"jpork","cbarl","GEO",-0.0726
"jpork","cbarl","GRC",-0.0363
"jpork","cbarl","HRV",-0.0363
"jpork","cbarl","HUN",-0.0363
"jpork","cbarl","IRL",-0.0363
"jpork","cbarl","ISL",-0.0363
"jpork","cbarl","ISR",-0.0968
"jpork","cbarl","ITP",-0.0363
"jpork","cbarl","JPN",-0.0363
"jpork","cbarl","KAZ",-0.0726
"jpork","cbarl","KGZ",-0.0726
"jpork","cbarl","KHM",-0.0121
"jpork","cbarl","KOR",-0.0121
"jpork","cbarl","LAO",-0.0121
"jpork","cbarl","LBN",-0.0242
"jpork","cbarl","MDA",-0.0363
"jpork","cbarl","MEX",-0.0242
"jpork","cbarl","MMR",-0.0121
"jpork","cbarl","MNG",-0.0121
"jpork","cbarl","MOR",-0.0242
"jpork","cbarl","NGA",-0.0242
"jpork","cbarl","NLD",-0.0363
"jpork","cbarl","NOR",-0.0363
"jpork","cbarl","NPL",-0.0363
"jpork","cbarl","NZL",-0.0968
"jpork","cbarl","OBN",-0.0363
"jpork","cbarl","OPO",-0.0121
"jpork","cbarl","PHL",-0.0121
"jpork","cbarl","POL",-0.0363
"jpork","cbarl","PRK",-0.0121
"jpork","cbarl","PRT",-0.0363
"jpork","cbarl","ROU",-0.0363
"jpork","cbarl","RUS",-0.0726
"jpork","cbarl","SPP",-0.0363
"jpork","cbarl","SVK",-0.0363
"jpork","cbarl","SVN",-0.0363
"jpork","cbarl","SWE",-0.0363
"jpork","cbarl","TJK",-0.0726
"jpork","cbarl","TKM",-0.0726
"jpork","cbarl","TUN",-0.0242
"jpork","cbarl","UKP",-0.0363
"jpork","cbarl","UKR",-0.0726
"jpork","cbarl","USA",-0.0605
"jpork","cbarl","UZB",-0.0726
"jpork","cbarl","VNM",-0.0121
"jpork","cbarl","ZAF",-0.0968
"jpork","cbarl","ZWE",-0.0242
"jpork","cmaiz","AGO",-0.0242
"jpork","cmaiz","ALB",-0.0605
"jpork","cmaiz","ARG",-0.0363
"jpork","cmaiz","ARM",-0.0242
"jpork","cmaiz","AUS",-0.0968
"jpork","cmaiz","AUT",-0.0242
"jpork","cmaiz","AZE",-0.0242
"jpork","cmaiz","BDI",-0.0242
"jpork","cmaiz","BEN",-0.0242
"jpork","cmaiz","BFA",-0.0242
"jpork","cmaiz","BGR",-0.0605
"jpork","cmaiz","BLR",-0.0242
"jpork","cmaiz","BLT",-0.0242
"jpork","cmaiz","BLX",-0.0242
"jpork","cmaiz","BLZ",-0.0484
"jpork","cmaiz","BOL",-0.0484
"jpork","cmaiz","BRA",-0.0726
"jpork","cmaiz","BTN",-0.0363
"jpork","cmaiz","BWA",-0.0242
"jpork","cmaiz","CAF",-0.0242
"jpork","cmaiz","CAN",-0.0605
"jpork","cmaiz","CHL",-0.0484
"jpork","cmaiz","CHM",-0.0968
"jpork","cmaiz","CHP",-0.0242
"jpork","cmaiz","CIV",-0.0242
"jpork","cmaiz","CMR",-0.0242
"jpork","cmaiz","COD",-0.0242
"jpork","cmaiz","COG",-0.0242
"jpork","cmaiz","COL",-0.0484
"jpork","cmaiz","CRB",-0.0605
"jpork","cmaiz","CRI",-0.0484
"jpork","cmaiz","CUB",-0.0484
"jpork","cmaiz","CZE",-0.0605
"jpork","cmaiz","DEU",-0.0242
"jpork","cmaiz","DNK",-0.0242
"jpork","cmaiz","DOM",-0.0484
"jpork","cmaiz","ECU",-0.0484
"jpork","cmaiz","ETH",-0.0242
"jpork","cmaiz","FJI",-0.0605
"jpork","cmaiz","FNP",-0.0242
"jpork","cmaiz","FRP",-0.0242
"jpork","cmaiz","GAB",-0.0242
"jpork","cmaiz","GEO",-0.0242
"jpork","cmaiz","GHA",-0.0242
"jpork","cmaiz","GIN",-0.0242
"jpork","cmaiz","GNB",-0.0242
"jpork","cmaiz","GRC",-0.0605
"jpork","cmaiz","GSA",-0.0484
"jpork","cmaiz","GTM",-0.0484
"jpork","cmaiz","HND",-0.0484
"jpork","cmaiz","HRV",-0.0605
"jpork","cmaiz","HTI",-0.0484
"jpork","cmaiz","HUN",-0.0605
"jpork","cmaiz","IDN",-0.0363
"jpork","cmaiz","IND",-0.0363
"jpork","cmaiz","IRL",-0.0242
"jpork","cmaiz","ISL",-0.0242
"jpork","cmaiz","ISR",-0.0605
"jpork","cmaiz","ITP",-0.0242
"jpork","cmaiz","JAM",-0.0605
"jpork","cmaiz","JPN",-0.0847
"jpork","cmaiz","KAZ",-0.0242
"jpork","cmaiz","KEN",-0.0242
"jpork","cmaiz","KGZ",-0.0242
"jpork","cmaiz","KHM",-0.0484
"jpork","cmaiz","KOR",-0.0968
"jpork","cmaiz","LAO",-0.0484
"jpork","cmaiz","LBR",-0.0242
"jpork","cmaiz","LKA",-0.0363
"jpork","cmaiz","LSO",-0.0242
"jpork","cmaiz","MDA",-0.0605
"jpork","cmaiz","MDG",-0.0242
"jpork","cmaiz","MLI",-0.0242
"jpork","cmaiz","MMR",-0.0484
"jpork","cmaiz","MNG",-0.0605
"jpork","cmaiz","MOZ",-0.0242
"jpork","cmaiz","MWI",-0.0242
"jpork","cmaiz","MYS",-0.0363
"jpork","cmaiz","NAM",-0.0242
"jpork","cmaiz","NER",-0.0242
"jpork","cmaiz","NGA",-0.0484
"jpork","cmaiz","NIC",-0.0484
"jpork","cmaiz","NLD",-0.0242
"jpork","cmaiz","NOR",-0.0242
"jpork","cmaiz","NPL",-0.0363
"jpork","cmaiz","NZL",-0.0605
"jpork","cmaiz","OAO",-0.0605
"jpork","cmaiz","OBN",-0.0605
"jpork","cmaiz","OIO",-0.0605
"jpork","cmaiz","OPO",-0.0605
"jpork","cmaiz","PAN",-0.0484
"jpork","cmaiz","PER",-0.0484
"jpork","cmaiz","PHL",-0.0484
"jpork","cmaiz","PNG",-0.0605
"jpork","cmaiz","POL",-0.0605
"jpork","cmaiz","PRK",-0.0605
"jpork","cmaiz","PRT",-0.0242
"jpork","cmaiz","PRY",-0.0484
"jpork","cmaiz","ROU",-0.0605
"jpork","cmaiz","RUS",-0.0242
"jpork","cmaiz","RWA",-0.0242
"jpork","cmaiz","SEN",-0.0242
"jpork","cmaiz","SLE",-0.0242
"jpork","cmaiz","SLV",-0.0484
"jpork","cmaiz","SOM",-0.0242
"jpork","cmaiz","SPP",-0.0242
"jpork","cmaiz","SVK",-0.0605
"jpork","cmaiz","SVN",-0.0605
"jpork","cmaiz","SWE",-0.0242
"jpork","cmaiz","SWZ",-0.0242
"jpork","cmaiz","TCD",-0.0242
"jpork","cmaiz","TGO",-0.0242
"jpork","cmaiz","THA",-0.0121
"jpork","cmaiz","TJK",-0.0242
"jpork","cmaiz","TKM",-0.0242
"jpork","cmaiz","TLS",-0.0605
"jpork","cmaiz","TZA",-0.0242
"jpork","cmaiz","UGA",-0.0242
"jpork","cmaiz","UKP",-0.0242
"jpork","cmaiz","UKR",-0.0242
"jpork","cmaiz","URY",-0.0484
"jpork","cmaiz","USA",-0.0605
"jpork","cmaiz","UZB",-0.0242
"jpork","cmaiz","VEN",-0.0484
"jpork","cmaiz","VNM",-0.0484
"jpork","cmaiz","VUT",-0.0605
"jpork","cmaiz","ZAF",-0.0605
"jpork","cmaiz","ZMB",-0.0242
"jpork","cmaiz","ZWE",-0.0242
"jpork","cwhea","ALB",-0.0363
"jpork","cwhea","ARG",-0.0605
"jpork","cwhea","ARM",-0.0605
"jpork","cwhea","AUT",-0.0484
"jpork","cwhea","AZE",-0.0605
"jpork","cwhea","BGR",-0.0363
"jpork","cwhea","BLR",-0.0605
"jpork","cwhea","BLT",-0.0605
"jpork","cwhea","BLX",-0.0484
"jpork","cwhea","BLZ",-0.0121
"jpork","cwhea","BOL",-0.0121
"jpork","cwhea","CAN",-0.0484
"jpork","cwhea","CHL",-0.0121
"jpork","cwhea","CHP",-0.0484
"jpork","cwhea","CRI",-0.0121
"jpork","cwhea","CUB",-0.0121
"jpork","cwhea","CZE",-0.0363
"jpork","cwhea","DEU",-0.0484
"jpork","cwhea","DNK",-0.0484
"jpork","cwhea","DOM",-0.0121
"jpork","cwhea","ECU",-0.0121
"jpork","cwhea","FNP",-0.0484
"jpork","cwhea","FRP",-0.0484
"jpork","cwhea","GEO",-0.0605
"jpork","cwhea","GRC",-0.0363
"jpork","cwhea","GSA",-0.0121
"jpork","cwhea","GTM",-0.0121
"jpork","cwhea","HND",-0.0121
"jpork","cwhea","HRV",-0.0363
"jpork","cwhea","HTI",-0.0121
"jpork","cwhea","HUN",-0.0363
"jpork","cwhea","IRL",-0.0484
"jpork","cwhea","ISL",-0.0484
"jpork","cwhea","ISR",-0.0484
"jpork","cwhea","ITP",-0.0484
"jpork","cwhea","KAZ",-0.0605
"jpork","cwhea","KGZ",-0.0605
"jpork","cwhea","KOR",-0.0847
"jpork","cwhea","MDA",-0.0363
"jpork","cwhea","NIC",-0.0121
"jpork","cwhea","NLD",-0.0484
"jpork","cwhea","NOR",-0.0484
"jpork","cwhea","NZL",-0.0484
"jpork","cwhea","OBN",-0.0363
"jpork","cwhea","PER",-0.0121
"jpork","cwhea","POL",-0.0363
"jpork","cwhea","PRT",-0.0484
"jpork","cwhea","PRY",-0.0121
"jpork","cwhea","ROU",-0.0363
"jpork","cwhea","RUS",-0.0605
"jpork","cwhea","SLV",-0.0121
"jpork","cwhea","SPP",-0.0484
"jpork","cwhea","SVK",-0.0363
"jpork","cwhea","SVN",-0.0363
"jpork","cwhea","SWE",-0.0484
"jpork","cwhea","TJK",-0.0605
"jpork","cwhea","TKM",-0.0605
"jpork","cwhea","UKP",-0.0484
"jpork","cwhea","UKR",-0.0605
"jpork","cwhea","URY",-0.0121
"jpork","cwhea","UZB",-0.0605
"jpork","cwhea","VEN",-0.0121
"jpork","cwhea","ZAF",-0.0484
"jpork","cocer","AGO",-0.0242
"jpork","cocer","ALB",-0.0363
"jpork","cocer","ARM",-0.0726
"jpork","cocer","AUS",-0.0121
"jpork","cocer","AUT",-0.0363
"jpork","cocer","AZE",-0.0726
"jpork","cocer","BDI",-0.0242
"jpork","cocer","BFA",-0.0242
"jpork","cocer","BGR",-0.0363
"jpork","cocer","BLR",-0.0726
"jpork","cocer","BLT",-0.0726
"jpork","cocer","BLX",-0.0363
"jpork","cocer","BWA",-0.0242
"jpork","cocer","CAN",-0.0968
"jpork","cocer","CHM",-0.0121
"jpork","cocer","CHP",-0.0363
"jpork","cocer","CIV",-0.0242
"jpork","cocer","COD",-0.0242
"jpork","cocer","COG",-0.0242
"jpork","cocer","COL",-0.0121
"jpork","cocer","CRB",-0.0121
"jpork","cocer","CYP",-0.0242
"jpork","cocer","CZE",-0.0363
"jpork","cocer","DEU",-0.0363
"jpork","cocer","DNK",-0.0363
"jpork","cocer","DZA",-0.0242
"jpork","cocer","EGY",-0.0242
"jpork","cocer","ETH",-0.0242
"jpork","cocer","FNP",-0.0363
"jpork","cocer","FRP",-0.0363
"jpork","cocer","GEO",-0.0726
"jpork","cocer","GHA",-0.0242
"jpork","cocer","GIN",-0.0242
"jpork","cocer","GRC",-0.0363
"jpork","cocer","HRV",-0.0363
"jpork","cocer","HUN",-0.0363
"jpork","cocer","IRL",-0.0363
"jpork","cocer","ISL",-0.0363
"jpork","cocer","ISR",-0.0968
"jpork","cocer","ITP",-0.0363
"jpork","cocer","JPN",-0.0363
"jpork","cocer","KAZ",-0.0726
"jpork","cocer","KEN",-0.0242
"jpork","cocer","KGZ",-0.0726
"jpork","cocer","KHM",-0.0121
"jpork","cocer","KOR",-0.0121
"jpork","cocer","LAO",-0.0121
"jpork","cocer","LBN",-0.0242
"jpork","cocer","LSO",-0.0242
"jpork","cocer","MDA",-0.0363
"jpork","cocer","MEX",-0.0242
"jpork","cocer","MLI",-0.0242
"jpork","cocer","MMR",-0.0121
"jpork","cocer","MNG",-0.0121
"jpork","cocer","MOR",-0.0242
"jpork","cocer","MWI",-0.0242
"jpork","cocer","MYS",-0.0363
"jpork","cocer","NER",-0.0242
"jpork","cocer","NGA",-0.0242
"jpork","cocer","NLD",-0.0363
"jpork","cocer","NOR",-0.0363
"jpork","cocer","NPL",-0.0363
"jpork","cocer","NZL",-0.0968
"jpork","cocer","OBN",-0.0363
"jpork","cocer","OPO",-0.0121
"jpork","cocer","PHL",-0.0121
"jpork","cocer","PNG",-0.0121
"jpork","cocer","POL",-0.0363
"jpork","cocer","PRK",-0.0121
"jpork","cocer","PRT",-0.0363
"jpork","cocer","ROU",-0.0363
"jpork","cocer","RUS",-0.0726
"jpork","cocer","RWA",-0.0242
"jpork","cocer","SEN",-0.0242
"jpork","cocer","SOM",-0.0242
"jpork","cocer","SPP",-0.0363
"jpork","cocer","SVK",-0.0363
"jpork","cocer","SVN",-0.0363
"jpork","cocer","SWE",-0.0363
"jpork","cocer","TCD",-0.0242
"jpork","cocer","THA",-0.0121
"jpork","cocer","TJK",-0.0726
"jpork","cocer","TKM",-0.0726
"jpork","cocer","TUN",-0.0242
"jpork","cocer","TZA",-0.0242
"jpork","cocer","UGA",-0.0242
"jpork","cocer","UKP",-0.0363
"jpork","cocer","UKR",-0.0726
"jpork","cocer","USA",-0.0605
"jpork","cocer","UZB",-0.0726
"jpork","cocer","VNM",-0.0121
"jpork","cocer","ZAF",-0.0968
"jpork","cocer","ZWE",-0.0242
"jpork","cpota","NGA",-0.0121
"jpork","cgdml","AGO",-0.0363
"jpork","cgdml","ARG",-0.0363
"jpork","cgdml","AUS",-0.0363
"jpork","cgdml","BEN",-0.0363
"jpork","cgdml","BFA",-0.0363
"jpork","cgdml","BGR",-0.05445
"jpork","cgdml","BLX",-0.0726
"jpork","cgdml","BRA",-0.05445
"jpork","cgdml","CAF",-0.0363
"jpork","cgdml","CAN",-0.0726
"jpork","cgdml","CHL",-0.0726
"jpork","cgdml","CHP",-0.0726
"jpork","cgdml","CIV",-0.0363
"jpork","cgdml","CMR",-0.0363
"jpork","cgdml","COG",-0.0363
"jpork","cgdml","CZE",-0.05445
"jpork","cgdml","DEU",-0.0726
"jpork","cgdml","DOM",-0.0726
"jpork","cgdml","ETH",-0.0363
"jpork","cgdml","FRP",-0.0726
"jpork","cgdml","GHA",-0.0363
"jpork","cgdml","GIN",-0.0363
"jpork","cgdml","GMB",-0.0363
"jpork","cgdml","GNB",-0.0363
"jpork","cgdml","GRC",-0.05445
"jpork","cgdml","GTM",-0.0726
"jpork","cgdml","HND",-0.0726
"jpork","cgdml","IDN",-0.0363
"jpork","cgdml","IND",-0.0726
"jpork","cgdml","ITP",-0.0726
"jpork","cgdml","LAO",-0.0363
"jpork","cgdml","MDG",-0.0363
"jpork","cgdml","MEX",-0.0363
"jpork","cgdml","MLI",-0.0363
"jpork","cgdml","MMR",-0.0363
"jpork","cgdml","MOZ",-0.0363
"jpork","cgdml","MWI",-0.0363
"jpork","cgdml","NER",-0.0363
"jpork","cgdml","NGA",-0.0363
"jpork","cgdml","NIC",-0.0726
"jpork","cgdml","NLD",-0.0726
"jpork","cgdml","NOR",-0.0726
"jpork","cgdml","PHL",-0.0363
"jpork","cgdml","POL",-0.05445
"jpork","cgdml","PRT",-0.0726
"jpork","cgdml","RWA",-0.0363
"jpork","cgdml","SEN",-0.0363
"jpork","cgdml","SLE",-0.0363
"jpork","cgdml","SLV",-0.0726
"jpork","cgdml","TCD",-0.0363
"jpork","cgdml","TGO",-0.0363
"jpork","cgdml","THA",-0.01815
"jpork","cgdml","TZA",-0.0363
"jpork","cgdml","UGA",-0.0363
"jpork","cgdml","USA",-0.12705
"jpork","cgdml","VEN",-0.0726
"jpork","cgdml","VNM",-0.0363
"jpork","cgdml","ZAF",-0.0726
"jpork","cgdml","ZMB",-0.0363
"jpork","cgdml","ZWE",-0.0363
"jpork","crpml","ARG",-0.0363
"jpork","crpml","AUS",-0.0363
"jpork","crpml","AUT",-0.0726
"jpork","crpml","BLR",-0.0363
"jpork","crpml","BLT",-0.0363
"jpork","crpml","BLX",-0.0726
"jpork","crpml","BRA",-0.05445
"jpork","crpml","CAN",-0.0726
"jpork","crpml","CHL",-0.0726
"jpork","crpml","CHP",-0.0726
"jpork","crpml","CZE",-0.05445
"jpork","crpml","DEU",-0.0726
"jpork","crpml","DNK",-0.0726
"jpork","crpml","ETH",-0.0363
"jpork","crpml","FNP",-0.0726
"jpork","crpml","FRP",-0.0726
"jpork","crpml","GRC",-0.05445
"jpork","crpml","HRV",-0.05445
"jpork","crpml","HUN",-0.05445
"jpork","crpml","IDN",-0.0363
"jpork","crpml","IND",-0.0726
"jpork","crpml","IRL",-0.0726
"jpork","crpml","ISR",-0.0726
"jpork","crpml","ITP",-0.0726
"jpork","crpml","JPN",-0.1089
"jpork","crpml","KAZ",-0.0363
"jpork","crpml","KOR",-0.1089
"jpork","crpml","MDA",-0.05445
"jpork","crpml","MEX",-0.0363
"jpork","crpml","MMR",-0.0363
"jpork","crpml","MYS",-0.0363
"jpork","crpml","NLD",-0.0726
"jpork","crpml","NOR",-0.0726
"jpork","crpml","NZL",-0.0726
"jpork","crpml","OBN",-0.05445
"jpork","crpml","PHL",-0.0363
"jpork","crpml","POL",-0.05445
"jpork","crpml","PRT",-0.0726
"jpork","crpml","PRY",-0.0726
"jpork","crpml","RUS",-0.0363
"jpork","crpml","SPP",-0.0726
"jpork","crpml","SVK",-0.05445
"jpork","crpml","SVN",-0.05445
"jpork","crpml","SWE",-0.0726
"jpork","crpml","THA",-0.01815
"jpork","crpml","UKP",-0.0726
"jpork","crpml","UKR",-0.0363
"jpork","crpml","URY",-0.0726
"jpork","crpml","USA",-0.12705
"jpork","crpml","ZAF",-0.0726
"jpork","csbml","AGO",-0.0363
"jpork","csbml","ALB",-0.05445
"jpork","csbml","ARG",-0.0363
"jpork","csbml","ARM",-0.0363
"jpork","csbml","AUS",-0.0363
"jpork","csbml","AUT",-0.0726
"jpork","csbml","AZE",-0.0363
"jpork","csbml","BEN",-0.0363
"jpork","csbml","BGR",-0.05445
"jpork","csbml","BLR",-0.0363
"jpork","csbml","BLT",-0.0363
"jpork","csbml","BLX",-0.0726
"jpork","csbml","BLZ",-0.0726
"jpork","csbml","BOL",-0.0726
"jpork","csbml","BRA",-0.05445
"jpork","csbml","BWA",-0.0363
"jpork","csbml","CAN",-0.0726
"jpork","csbml","CHL",-0.0726
"jpork","csbml","CHP",-0.0726
"jpork","csbml","CIV",-0.0363
"jpork","csbml","CMR",-0.0363
"jpork","csbml","COG",-0.0363
"jpork","csbml","COL",-0.01815
"jpork","csbml","CRI",-0.0726
"jpork","csbml","CUB",-0.0726
"jpork","csbml","CZE",-0.05445
"jpork","csbml","DEU",-0.0726
"jpork","csbml","DNK",-0.0726
"jpork","csbml","DOM",-0.0726
"jpork","csbml","ECU",-0.0726
"jpork","csbml","FNP",-0.0726
"jpork","csbml","FRP",-0.0726
"jpork","csbml","GAB",-0.0363
"jpork","csbml","GEO",-0.0363
"jpork","csbml","GIN",-0.0363
"jpork","csbml","GRC",-0.05445
"jpork","csbml","GSA",-0.0726
"jpork","csbml","GTM",-0.0726
"jpork","csbml","HND",-0.0726
"jpork","csbml","HRV",-0.05445
"jpork","csbml","HUN",-0.05445
"jpork","csbml","IDN",-0.0363
"jpork","csbml","IND",-0.0726
"jpork","csbml","IRL",-0.0726
"jpork","csbml","ISL",-0.0726
"jpork","csbml","ISR",-0.0726
"jpork","csbml","ITP",-0.0726
"jpork","csbml","JPN",-0.1089
"jpork","csbml","KAZ",-0.0363
"jpork","csbml","KEN",-0.0363
"jpork","csbml","KGZ",-0.0363
"jpork","csbml","KHM",-0.0363
"jpork","csbml","KOR",-0.1089
"jpork","csbml","LAO",-0.0363
"jpork","csbml","LBR",-0.0363
"jpork","csbml","MDA",-0.05445
"jpork","csbml","MDG",-0.0363
"jpork","csbml","MEX",-0.0363
"jpork","csbml","MMR",-0.0363
"jpork","csbml","MOZ",-0.0363
"jpork","csbml","MWI",-0.0363
"jpork","csbml","MYS",-0.0363
"jpork","csbml","NAM",-0.0363
"jpork","csbml","NGA",-0.0363
"jpork","csbml","NIC",-0.0726
"jpork","csbml","NLD",-0.0726
"jpork","csbml","NOR",-0.0726
"jpork","csbml","NZL",-0.0726
"jpork","csbml","OBN",-0.05445
"jpork","csbml","OSA",-0.0363
"jpork","csbml","PAN",-0.0726
"jpork","csbml","PER",-0.0726
"jpork","csbml","PHL",-0.0363
"jpork","csbml","POL",-0.05445
"jpork","csbml","PRT",-0.0726
"jpork","csbml","PRY",-0.0726
"jpork","csbml","ROU",-0.05445
"jpork","csbml","RUS",-0.0363
"jpork","csbml","SEN",-0.0363
"jpork","csbml","SLV",-0.0726
"jpork","csbml","SPP",-0.0726
"jpork","csbml","SVK",-0.05445
"jpork","csbml","SVN",-0.05445
"jpork","csbml","SWE",-0.0726
"jpork","csbml","SWZ",-0.0363
"jpork","csbml","THA",-0.01815
"jpork","csbml","TJK",-0.0363
"jpork","csbml","TZA",-0.0363
"jpork","csbml","UGA",-0.0363
"jpork","csbml","UKP",-0.0726
"jpork","csbml","UKR",-0.0363
"jpork","csbml","URY",-0.0726
"jpork","csbml","USA",-0.12705
"jpork","csbml","UZB",-0.0363
"jpork","csbml","VEN",-0.0726
"jpork","csbml","ZAF",-0.0726
"jpork","csbml","ZMB",-0.0363
"jpork","csbml","ZWE",-0.0363
"jpork","csfml","AGO",-0.0363
"jpork","csfml","ALB",-0.05445
"jpork","csfml","ARG",-0.0363
"jpork","csfml","ARM",-0.0363
"jpork","csfml","AUS",-0.0363
"jpork","csfml","AUT",-0.0726
"jpork","csfml","AZE",-0.0363
"jpork","csfml","BGR",-0.05445
"jpork","csfml","BLR",-0.0363
"jpork","csfml","BLT",-0.0363
"jpork","csfml","BLX",-0.0726
"jpork","csfml","BOL",-0.0726
"jpork","csfml","BRA",-0.05445
"jpork","csfml","BWA",-0.0363
"jpork","csfml","CAN",-0.0726
"jpork","csfml","CHL",-0.0726
"jpork","csfml","CHP",-0.0726
"jpork","csfml","COL",-0.01815
"jpork","csfml","CZE",-0.05445
"jpork","csfml","DEU",-0.0726
"jpork","csfml","DNK",-0.0726
"jpork","csfml","FNP",-0.0726
"jpork","csfml","FRP",-0.0726
"jpork","csfml","GEO",-0.0363
"jpork","csfml","GRC",-0.05445
"jpork","csfml","HRV",-0.05445
"jpork","csfml","HUN",-0.05445
"jpork","csfml","IDN",-0.0363
"jpork","csfml","IND",-0.0726
"jpork","csfml","IRL",-0.0726
"jpork","csfml","ISR",-0.0726
"jpork","csfml","ITP",-0.0726
"jpork","csfml","JPN",-0.1089
"jpork","csfml","KAZ",-0.0363
"jpork","csfml","KEN",-0.0363
"jpork","csfml","KGZ",-0.0363
"jpork","csfml","MDA",-0.05445
"jpork","csfml","MEX",-0.0363
"jpork","csfml","MMR",-0.0363
"jpork","csfml","MOZ",-0.0363
"jpork","csfml","MWI",-0.0363
"jpork","csfml","NAM",-0.0363
"jpork","csfml","NLD",-0.0726
"jpork","csfml","NOR",-0.0726
"jpork","csfml","NZL",-0.0726
"jpork","csfml","OBN",-0.05445
"jpork","csfml","PER",-0.0726
"jpork","csfml","POL",-0.05445
"jpork","csfml","PRT",-0.0726
"jpork","csfml","PRY",-0.0726
"jpork","csfml","ROU",-0.05445
"jpork","csfml","RUS",-0.0363
"jpork","csfml","SEN",-0.0363
"jpork","csfml","SPP",-0.0726
"jpork","csfml","SVK",-0.05445
"jpork","csfml","SVN",-0.05445
"jpork","csfml","SWE",-0.0726
"jpork","csfml","SWZ",-0.0363
"jpork","csfml","THA",-0.01815
"jpork","csfml","TZA",-0.0363
"jpork","csfml","UGA",-0.0363
"jpork","csfml","UKP",-0.0726
"jpork","csfml","UKR",-0.0363
"jpork","csfml","URY",-0.0726
"jpork","csfml","USA",-0.12705
"jpork","csfml","VEN",-0.0726
"jpork","csfml","ZAF",-0.0726
"jpork","csfml","ZMB",-0.0363
"jpork","csfml","ZWE",-0.0363
"jpork","cpkml","IDN",-0.04719
"jpork","ctoml","AGO",-0.0363
"jpork","ctoml","ARG",-0.0363
"jpork","ctoml","AUS",-0.0363
"jpork","ctoml","AUT",-0.0726
"jpork","ctoml","AZE",-0.0363
"jpork","ctoml","BEN",-0.0363
"jpork","ctoml","BFA",-0.0363
"jpork","ctoml","BGR",-0.05445
"jpork","ctoml","BLR",-0.0363
"jpork","ctoml","BLX",-0.0726
"jpork","ctoml","BOL",-0.0726
"jpork","ctoml","BRA",-0.05445
"jpork","ctoml","BWA",-0.0363
"jpork","ctoml","CAF",-0.0363
"jpork","ctoml","CAN",-0.0726
"jpork","ctoml","CHL",-0.0726
"jpork","ctoml","CHP",-0.0726
"jpork","ctoml","CIV",-0.0363
"jpork","ctoml","CMR",-0.0363
"jpork","ctoml","COL",-0.01815
"jpork","ctoml","CRI",-0.0726
"jpork","ctoml","CZE",-0.05445
"jpork","ctoml","DEU",-0.0726
"jpork","ctoml","DNK",-0.0726
"jpork","ctoml","DOM",-0.0726
"jpork","ctoml","ECU",-0.0726
"jpork","ctoml","ETH",-0.0363
"jpork","ctoml","FRP",-0.0726
"jpork","ctoml","GHA",-0.0363
"jpork","ctoml","GNB",-0.0363
"jpork","ctoml","GRC",-0.05445
"jpork","ctoml","GTM",-0.0726
"jpork","ctoml","HND",-0.0726
"jpork","ctoml","HRV",-0.05445
"jpork","ctoml","HUN",-0.05445
"jpork","ctoml","IDN",-0.0363
"jpork","ctoml","IND",-0.0726
"jpork","ctoml","IRL",-0.0726
"jpork","ctoml","ISR",-0.0726
"jpork","ctoml","ITP",-0.0726
"jpork","ctoml","JPN",-0.1089
"jpork","ctoml","KAZ",-0.0363
"jpork","ctoml","KEN",-0.0363
"jpork","ctoml","KGZ",-0.0363
"jpork","ctoml","KHM",-0.0363
"jpork","ctoml","KOR",-0.1089
"jpork","ctoml","LAO",-0.0363
"jpork","ctoml","MDA",-0.05445
"jpork","ctoml","MDG",-0.0363
"jpork","ctoml","MEX",-0.0363
"jpork","ctoml","MLI",-0.0363
"jpork","ctoml","MMR",-0.0363
"jpork","ctoml","MOZ",-0.0363
"jpork","ctoml","MWI",-0.0363
"jpork","ctoml","MYS",-0.0363
"jpork","ctoml","NAM",-0.0363
"jpork","ctoml","NER",-0.0363
"jpork","ctoml","NGA",-0.0363
"jpork","ctoml","NLD",-0.0726
"jpork","ctoml","NOR",-0.0726
"jpork","ctoml","NZL",-0.0726
"jpork","ctoml","OBN",-0.05445
"jpork","ctoml","PER",-0.0726
"jpork","ctoml","PHL",-0.0363
"jpork","ctoml","POL",-0.05445
"jpork","ctoml","PRT",-0.0726
"jpork","ctoml","PRY",-0.0726
"jpork","ctoml","ROU",-0.05445
"jpork","ctoml","RUS",-0.0363
"jpork","ctoml","RWA",-0.0363
"jpork","ctoml","SEN",-0.0363
"jpork","ctoml","SPP",-0.0726
"jpork","ctoml","SVN",-0.05445
"jpork","ctoml","SWE",-0.0726
"jpork","ctoml","SWZ",-0.0363
"jpork","ctoml","TCD",-0.0363
"jpork","ctoml","TGO",-0.0363
"jpork","ctoml","THA",-0.01815
"jpork","ctoml","TJK",-0.0363
"jpork","ctoml","TKM",-0.0363
"jpork","ctoml","TZA",-0.0363
"jpork","ctoml","UGA",-0.0363
"jpork","ctoml","UKP",-0.0726
"jpork","ctoml","UKR",-0.0363
"jpork","ctoml","URY",-0.0726
"jpork","ctoml","USA",-0.12705
"jpork","ctoml","UZB",-0.0363
"jpork","ctoml","VEN",-0.0726
"jpork","ctoml","VNM",-0.0363
"jpork","ctoml","ZAF",-0.0726
"jpork","ctoml","ZMB",-0.0363
"jpork","ctoml","ZWE",-0.0363
"jlamb","cmilk","AUS",-0.0605
"jlamb","cmilk","CAN",-0.0363
"jlamb","cmilk","ISR",-0.0363
"jlamb","cmilk","NZL",-0.0363
"jlamb","cmilk","ZAF",-0.0363
"jlamb","cbarl","ALB",-0.0363
"jlamb","cbarl","ARG",-0.0121
"jlamb","cbarl","ARM",-0.0363
"jlamb","cbarl","AUS",-0.0121
"jlamb","cbarl","AUT",-0.0363
"jlamb","cbarl","AZE",-0.0363
"jlamb","cbarl","BGR",-0.0363
"jlamb","cbarl","BLR",-0.0363
"jlamb","cbarl","BLT",-0.0363
"jlamb","cbarl","BLX",-0.0363
"jlamb","cbarl","BOL",-0.0121
"jlamb","cbarl","CHL",-0.0121
"jlamb","cbarl","CHP",-0.0363
"jlamb","cbarl","COG",-0.0121
"jlamb","cbarl","COL",-0.0121
"jlamb","cbarl","CYP",-0.0242
"jlamb","cbarl","CZE",-0.0363
"jlamb","cbarl","DEU",-0.0363
"jlamb","cbarl","DNK",-0.0363
"jlamb","cbarl","DZA",-0.0242
"jlamb","cbarl","EGY",-0.0121
"jlamb","cbarl","ERI",-0.0121
"jlamb","cbarl","ETH",-0.0121
"jlamb","cbarl","FNP",-0.0363
"jlamb","cbarl","FRP",-0.0363
"jlamb","cbarl","GEO",-0.0363
"jlamb","cbarl","GRC",-0.0363
"jlamb","cbarl","HRV",-0.0363
"jlamb","cbarl","HUN",-0.0363
"jlamb","cbarl","IRL",-0.0363
"jlamb","cbarl","IRN",-0.0242
"jlamb","cbarl","IRQ",-0.0242
"jlamb","cbarl","ISL",-0.0363
"jlamb","cbarl","ITP",-0.0363
"jlamb","cbarl","JOR",-0.0242
"jlamb","cbarl","KAZ",-0.0363
"jlamb","cbarl","KGZ",-0.0363
"jlamb","cbarl","LBN",-0.0242
"jlamb","cbarl","LBY",-0.0242
"jlamb","cbarl","MDA",-0.0363
"jlamb","cbarl","MEX",-0.0363
"jlamb","cbarl","MOR",-0.0242
"jlamb","cbarl","NGA",-0.0121
"jlamb","cbarl","NLD",-0.0363
"jlamb","cbarl","NOR",-0.0363
"jlamb","cbarl","OBN",-0.0363
"jlamb","cbarl","PAK",-0.0121
"jlamb","cbarl","PER",-0.0121
"jlamb","cbarl","POL",-0.0363
"jlamb","cbarl","PRT",-0.0363
"jlamb","cbarl","PSE",-0.0121
"jlamb","cbarl","RAP",-0.0242
"jlamb","cbarl","ROU",-0.0363
"jlamb","cbarl","RUS",-0.0363
"jlamb","cbarl","SAU",-0.0242
"jlamb","cbarl","SPP",-0.0363
"jlamb","cbarl","SVK",-0.0363
"jlamb","cbarl","SVN",-0.0363
"jlamb","cbarl","SWE",-0.0363
"jlamb","cbarl","SYR",-0.0242
"jlamb","cbarl","TJK",-0.0363
"jlamb","cbarl","TKM",-0.0363
"jlamb","cbarl","TUN",-0.0242
"jlamb","cbarl","TUR",-0.0242
"jlamb","cbarl","UKP",-0.0363
"jlamb","cbarl","UKR",-0.0363
"jlamb","cbarl","USA",-0.0484
"jlamb","cbarl","UZB",-0.0363
"jlamb","cbarl","ZWE",-0.0121
"jlamb","cmaiz","ALB",-0.0242
"jlamb","cmaiz","ARG",-0.0242
"jlamb","cmaiz","ARM",-0.0121
"jlamb","cmaiz","AUT",-0.0242
"jlamb","cmaiz","AZE",-0.0121
"jlamb","cmaiz","BGR",-0.0242
"jlamb","cmaiz","BLR",-0.0121
"jlamb","cmaiz","BLT",-0.0121
"jlamb","cmaiz","BLX",-0.0242
"jlamb","cmaiz","BLZ",-0.0605
"jlamb","cmaiz","BOL",-0.0605
"jlamb","cmaiz","CAN",-0.0121
"jlamb","cmaiz","CHL",-0.0605
"jlamb","cmaiz","CHM",-0.0242
"jlamb","cmaiz","CHP",-0.0242
"jlamb","cmaiz","COL",-0.0484
"jlamb","cmaiz","CRI",-0.0605
"jlamb","cmaiz","CUB",-0.0605
"jlamb","cmaiz","CYP",-0.0363
"jlamb","cmaiz","CZE",-0.0242
"jlamb","cmaiz","DEU",-0.0242
"jlamb","cmaiz","DNK",-0.0242
"jlamb","cmaiz","DOM",-0.0605
"jlamb","cmaiz","DZA",-0.0363
"jlamb","cmaiz","ECU",-0.0605
"jlamb","cmaiz","EGY",-0.0363
"jlamb","cmaiz","FNP",-0.0242
"jlamb","cmaiz","FRP",-0.0242
"jlamb","cmaiz","GEO",-0.0121
"jlamb","cmaiz","GRC",-0.0242
"jlamb","cmaiz","GSA",-0.0605
"jlamb","cmaiz","GTM",-0.0605
"jlamb","cmaiz","HND",-0.0605
"jlamb","cmaiz","HRV",-0.0242
"jlamb","cmaiz","HTI",-0.0605
"jlamb","cmaiz","HUN",-0.0242
"jlamb","cmaiz","IRL",-0.0242
"jlamb","cmaiz","IRN",-0.0363
"jlamb","cmaiz","IRQ",-0.0363
"jlamb","cmaiz","ISL",-0.0242
"jlamb","cmaiz","ISR",-0.0121
"jlamb","cmaiz","ITP",-0.0242
"jlamb","cmaiz","JOR",-0.0363
"jlamb","cmaiz","KAZ",-0.0121
"jlamb","cmaiz","KGZ",-0.0121
"jlamb","cmaiz","LBN",-0.0363
"jlamb","cmaiz","LBY",-0.0363
"jlamb","cmaiz","MDA",-0.0242
"jlamb","cmaiz","MOR",-0.0363
"jlamb","cmaiz","NIC",-0.0605
"jlamb","cmaiz","NLD",-0.0242
"jlamb","cmaiz","NOR",-0.0242
"jlamb","cmaiz","NZL",-0.0121
"jlamb","cmaiz","OBN",-0.0242
"jlamb","cmaiz","PAK",-0.0242
"jlamb","cmaiz","PER",-0.0605
"jlamb","cmaiz","POL",-0.0242
"jlamb","cmaiz","PRT",-0.0242
"jlamb","cmaiz","PRY",-0.0605
"jlamb","cmaiz","RAP",-0.0363
"jlamb","cmaiz","ROU",-0.0242
"jlamb","cmaiz","RUS",-0.0121
"jlamb","cmaiz","SAU",-0.0363
"jlamb","cmaiz","SLV",-0.0605
"jlamb","cmaiz","SPP",-0.0242
"jlamb","cmaiz","SVK",-0.0242
"jlamb","cmaiz","SVN",-0.0242
"jlamb","cmaiz","SWE",-0.0242
"jlamb","cmaiz","SYR",-0.0363
"jlamb","cmaiz","TJK",-0.0121
"jlamb","cmaiz","TKM",-0.0121
"jlamb","cmaiz","TUN",-0.0363
"jlamb","cmaiz","TUR",-0.0363
"jlamb","cmaiz","UKP",-0.0242
"jlamb","cmaiz","UKR",-0.0121
"jlamb","cmaiz","URY",-0.0605
"jlamb","cmaiz","USA",-0.0484
"jlamb","cmaiz","UZB",-0.0121
"jlamb","cmaiz","VEN",-0.0605
"jlamb","cmaiz","YEM",-0.0363
"jlamb","cmaiz","ZAF",-0.0121
"jlamb","cwhea","ALB",-0.0363
"jlamb","cwhea","ARM",-0.0121
"jlamb","cwhea","AUS",-0.0605
"jlamb","cwhea","AUT",-0.0363
"jlamb","cwhea","AZE",-0.0121
"jlamb","cwhea","BGR",-0.0363
"jlamb","cwhea","BLR",-0.0121
"jlamb","cwhea","BLT",-0.0121
"jlamb","cwhea","BLX",-0.0363
"jlamb","cwhea","CHP",-0.0363
"jlamb","cwhea","CYP",-0.0121
"jlamb","cwhea","CZE",-0.0363
"jlamb","cwhea","DEU",-0.0363
"jlamb","cwhea","DNK",-0.0363
"jlamb","cwhea","DZA",-0.0121
"jlamb","cwhea","FNP",-0.0363
"jlamb","cwhea","FRP",-0.0363
"jlamb","cwhea","GEO",-0.0121
"jlamb","cwhea","GRC",-0.0363
"jlamb","cwhea","HRV",-0.0363
"jlamb","cwhea","HUN",-0.0363
"jlamb","cwhea","IRL",-0.0363
"jlamb","cwhea","IRN",-0.0121
"jlamb","cwhea","IRQ",-0.0121
"jlamb","cwhea","ISL",-0.0363
"jlamb","cwhea","ITP",-0.0363
"jlamb","cwhea","JOR",-0.0121
"jlamb","cwhea","KAZ",-0.0121
"jlamb","cwhea","KGZ",-0.0121
"jlamb","cwhea","LBN",-0.0121
"jlamb","cwhea","LBY",-0.0121
"jlamb","cwhea","MDA",-0.0363
"jlamb","cwhea","MOR",-0.0121
"jlamb","cwhea","NLD",-0.0363
"jlamb","cwhea","NOR",-0.0363
"jlamb","cwhea","OBN",-0.0363
"jlamb","cwhea","PAK",-0.0242
"jlamb","cwhea","POL",-0.0363
"jlamb","cwhea","PRT",-0.0363
"jlamb","cwhea","RAP",-0.0121
"jlamb","cwhea","ROU",-0.0363
"jlamb","cwhea","RUS",-0.0121
"jlamb","cwhea","SAU",-0.0121
"jlamb","cwhea","SPP",-0.0363
"jlamb","cwhea","SVK",-0.0363
"jlamb","cwhea","SVN",-0.0363
"jlamb","cwhea","SWE",-0.0363
"jlamb","cwhea","SYR",-0.0121
"jlamb","cwhea","TJK",-0.0121
"jlamb","cwhea","TKM",-0.0121
"jlamb","cwhea","TUN",-0.0121
"jlamb","cwhea","TUR",-0.0121
"jlamb","cwhea","UKP",-0.0363
"jlamb","cwhea","UKR",-0.0121
"jlamb","cwhea","UZB",-0.0121
"jlamb","cwhea","YEM",-0.0121
"jlamb","cocer","AGO",-0.0121
"jlamb","cocer","ALB",-0.0363
"jlamb","cocer","ARG",-0.0121
"jlamb","cocer","ARM",-0.0363
"jlamb","cocer","AUS",-0.0121
"jlamb","cocer","AUT",-0.0363
"jlamb","cocer","AZE",-0.0363
"jlamb","cocer","BDI",-0.0121
"jlamb","cocer","BFA",-0.0121
"jlamb","cocer","BGR",-0.0363
"jlamb","cocer","BLR",-0.0363
"jlamb","cocer","BLT",-0.0363
"jlamb","cocer","BLX",-0.0363
"jlamb","cocer","BOL",-0.0121
"jlamb","cocer","BWA",-0.0121
"jlamb","cocer","CHL",-0.0121
"jlamb","cocer","CHP",-0.0363
"jlamb","cocer","CIV",-0.0121
"jlamb","cocer","COD",-0.0121
"jlamb","cocer","COG",-0.0121
"jlamb","cocer","COL",-0.0121
"jlamb","cocer","CUB",-0.0121
"jlamb","cocer","CYP",-0.0242
"jlamb","cocer","CZE",-0.0363
"jlamb","cocer","DEU",-0.0363
"jlamb","cocer","DNK",-0.0363
"jlamb","cocer","DOM",-0.0121
"jlamb","cocer","DZA",-0.0242
"jlamb","cocer","ECU",-0.0121
"jlamb","cocer","EGY",-0.0121
"jlamb","cocer","ERI",-0.0121
"jlamb","cocer","ETH",-0.0121
"jlamb","cocer","FNP",-0.0363
"jlamb","cocer","FRP",-0.0363
"jlamb","cocer","GEO",-0.0363
"jlamb","cocer","GHA",-0.0121
"jlamb","cocer","GIN",-0.0121
"jlamb","cocer","GRC",-0.0363
"jlamb","cocer","GTM",-0.0121
"jlamb","cocer","HND",-0.0121
"jlamb","cocer","HRV",-0.0363
"jlamb","cocer","HTI",-0.0121
"jlamb","cocer","HUN",-0.0363
"jlamb","cocer","IRL",-0.0363
"jlamb","cocer","IRQ",-0.0242
"jlamb","cocer","ISL",-0.0363
"jlamb","cocer","ITP",-0.0363
"jlamb","cocer","JOR",-0.0242
"jlamb","cocer","KAZ",-0.0363
"jlamb","cocer","KEN",-0.0121
"jlamb","cocer","KGZ",-0.0363
"jlamb","cocer","LBN",-0.0242
"jlamb","cocer","LBY",-0.0242
"jlamb","cocer","LSO",-0.0121
"jlamb","cocer","MDA",-0.0363
"jlamb","cocer","MEX",-0.0363
"jlamb","cocer","MLI",-0.0121
"jlamb","cocer","MOR",-0.0242
"jlamb","cocer","MRT",-0.0121
"jlamb","cocer","MWI",-0.0121
"jlamb","cocer","NER",-0.0121
"jlamb","cocer","NGA",-0.0121
"jlamb","cocer","NIC",-0.0121
"jlamb","cocer","NLD",-0.0363
"jlamb","cocer","NOR",-0.0363
"jlamb","cocer","OBN",-0.0363
"jlamb","cocer","PAK",-0.0121
"jlamb","cocer","PER",-0.0121
"jlamb","cocer","POL",-0.0363
"jlamb","cocer","PRT",-0.0363
"jlamb","cocer","PRY",-0.0121
"jlamb","cocer","PSE",-0.0121
"jlamb","cocer","RAP",-0.0242
"jlamb","cocer","ROU",-0.0363
"jlamb","cocer","RUS",-0.0363
"jlamb","cocer","RWA",-0.0121
"jlamb","cocer","SAU",-0.0242
"jlamb","cocer","SEN",-0.0121
"jlamb","cocer","SOM",-0.0121
"jlamb","cocer","SPP",-0.0363
"jlamb","cocer","SVK",-0.0363
"jlamb","cocer","SVN",-0.0363
"jlamb","cocer","SWE",-0.0363
"jlamb","cocer","SYR",-0.0242
"jlamb","cocer","TCD",-0.0121
"jlamb","cocer","TJK",-0.0363
"jlamb","cocer","TKM",-0.0363
"jlamb","cocer","TUN",-0.0242
"jlamb","cocer","TUR",-0.0242
"jlamb","cocer","TZA",-0.0121
"jlamb","cocer","UGA",-0.0121
"jlamb","cocer","UKP",-0.0363
"jlamb","cocer","UKR",-0.0363
"jlamb","cocer","URY",-0.0121
"jlamb","cocer","USA",-0.0484
"jlamb","cocer","UZB",-0.0363
"jlamb","cocer","VEN",-0.0121
"jlamb","cocer","YEM",-0.0242
"jlamb","cocer","ZWE",-0.0121
"jlamb","cgdml","BGD",-0.01815
"jlamb","cgdml","BLX",-0.01815
"jlamb","cgdml","CHL",-0.0363
"jlamb","cgdml","CHP",-0.01815
"jlamb","cgdml","DEU",-0.01815
"jlamb","cgdml","DOM",-0.0363
"jlamb","cgdml","EGY",-0.01815
"jlamb","cgdml","FRP",-0.01815
"jlamb","cgdml","GTM",-0.0363
"jlamb","cgdml","HND",-0.0363
"jlamb","cgdml","IND",-0.01815
"jlamb","cgdml","ITP",-0.01815
"jlamb","cgdml","NIC",-0.0363
"jlamb","cgdml","NLD",-0.01815
"jlamb","cgdml","NOR",-0.01815
"jlamb","cgdml","NPL",-0.01815
"jlamb","cgdml","PRT",-0.01815
"jlamb","cgdml","SLV",-0.0363
"jlamb","cgdml","VEN",-0.0363
"jlamb","crpml","AUT",-0.01815
"jlamb","crpml","BGD",-0.01815
"jlamb","crpml","BLX",-0.01815
"jlamb","crpml","CHL",-0.0363
"jlamb","crpml","CHP",-0.01815
"jlamb","crpml","DEU",-0.01815
"jlamb","crpml","DNK",-0.01815
"jlamb","crpml","EGY",-0.01815
"jlamb","crpml","FNP",-0.01815
"jlamb","crpml","FRP",-0.01815
"jlamb","crpml","IND",-0.01815
"jlamb","crpml","IRL",-0.01815
"jlamb","crpml","ITP",-0.01815
"jlamb","crpml","LKA",-0.01815
"jlamb","crpml","NLD",-0.01815
"jlamb","crpml","NOR",-0.01815
"jlamb","crpml","NPL",-0.01815
"jlamb","crpml","PRT",-0.01815
"jlamb","crpml","PRY",-0.0363
"jlamb","crpml","SPP",-0.01815
"jlamb","crpml","SWE",-0.01815
"jlamb","crpml","UKP",-0.01815
"jlamb","crpml","URY",-0.0363
"jlamb","csbml","AUT",-0.01815
"jlamb","csbml","BGD",-0.01815
"jlamb","csbml","BLX",-0.01815
"jlamb","csbml","BLZ",-0.0363
"jlamb","csbml","BOL",-0.0363
"jlamb","csbml","CHL",-0.0363
"jlamb","csbml","CHP",-0.01815
"jlamb","csbml","COL",-0.01815
"jlamb","csbml","CRI",-0.0363
"jlamb","csbml","CUB",-0.0363
"jlamb","csbml","DEU",-0.01815
"jlamb","csbml","DNK",-0.01815
"jlamb","csbml","DOM",-0.0363
"jlamb","csbml","ECU",-0.0363
"jlamb","csbml","EGY",-0.01815
"jlamb","csbml","FNP",-0.01815
"jlamb","csbml","FRP",-0.01815
"jlamb","csbml","GSA",-0.0363
"jlamb","csbml","GTM",-0.0363
"jlamb","csbml","HND",-0.0363
"jlamb","csbml","IND",-0.01815
"jlamb","csbml","IRL",-0.01815
"jlamb","csbml","ISL",-0.01815
"jlamb","csbml","ITP",-0.01815
"jlamb","csbml","LKA",-0.01815
"jlamb","csbml","NIC",-0.0363
"jlamb","csbml","NLD",-0.01815
"jlamb","csbml","NOR",-0.01815
"jlamb","csbml","NPL",-0.01815
"jlamb","csbml","PER",-0.0363
"jlamb","csbml","PRT",-0.01815
"jlamb","csbml","PRY",-0.0363
"jlamb","csbml","SLV",-0.0363
"jlamb","csbml","SPP",-0.01815
"jlamb","csbml","SWE",-0.01815
"jlamb","csbml","UKP",-0.01815
"jlamb","csbml","URY",-0.0363
"jlamb","csbml","VEN",-0.0363
"jlamb","csfml","AFG",-0.01815
"jlamb","csfml","AUT",-0.01815
"jlamb","csfml","BLX",-0.01815
"jlamb","csfml","BOL",-0.0363
"jlamb","csfml","CHL",-0.0363
"jlamb","csfml","CHP",-0.01815
"jlamb","csfml","COL",-0.01815
"jlamb","csfml","DEU",-0.01815
"jlamb","csfml","DNK",-0.01815
"jlamb","csfml","EGY",-0.01815
"jlamb","csfml","FNP",-0.01815
"jlamb","csfml","FRP",-0.01815
"jlamb","csfml","IND",-0.01815
"jlamb","csfml","IRL",-0.01815
"jlamb","csfml","ITP",-0.01815
"jlamb","csfml","NLD",-0.01815
"jlamb","csfml","NOR",-0.01815
"jlamb","csfml","PER",-0.0363
"jlamb","csfml","PRT",-0.01815
"jlamb","csfml","PRY",-0.0363
"jlamb","csfml","SPP",-0.01815
"jlamb","csfml","SWE",-0.01815
"jlamb","csfml","UKP",-0.01815
"jlamb","csfml","URY",-0.0363
"jlamb","csfml","VEN",-0.0363
"jlamb","ctoml","AFG",-0.01815
"jlamb","ctoml","AUT",-0.01815
"jlamb","ctoml","BGD",-0.01815
"jlamb","ctoml","BLX",-0.01815
"jlamb","ctoml","BOL",-0.0363
"jlamb","ctoml","CHL",-0.0363
"jlamb","ctoml","CHP",-0.01815
"jlamb","ctoml","COL",-0.01815
"jlamb","ctoml","CRI",-0.0363
"jlamb","ctoml","DEU",-0.01815
"jlamb","ctoml","DNK",-0.01815
"jlamb","ctoml","DOM",-0.0363
"jlamb","ctoml","ECU",-0.0363
"jlamb","ctoml","EGY",-0.01815
"jlamb","ctoml","FRP",-0.01815
"jlamb","ctoml","GTM",-0.0363
"jlamb","ctoml","HND",-0.0363
"jlamb","ctoml","IND",-0.01815
"jlamb","ctoml","IRL",-0.01815
"jlamb","ctoml","ITP",-0.01815
"jlamb","ctoml","LKA",-0.01815
"jlamb","ctoml","NLD",-0.01815
"jlamb","ctoml","NOR",-0.01815
"jlamb","ctoml","NPL",-0.01815
"jlamb","ctoml","PER",-0.0363
"jlamb","ctoml","PRT",-0.01815
"jlamb","ctoml","PRY",-0.0363
"jlamb","ctoml","SPP",-0.01815
"jlamb","ctoml","SWE",-0.01815
"jlamb","ctoml","UKP",-0.01815
"jlamb","ctoml","URY",-0.0363
"jlamb","ctoml","VEN",-0.0363
"jpoul","cbarl","AFG",-0.0363
"jpoul","cbarl","ALB",-0.0363
"jpoul","cbarl","ARG",-0.0363
"jpoul","cbarl","ARM",-0.0363
"jpoul","cbarl","AUS",-0.0484
"jpoul","cbarl","AUT",-0.0363
"jpoul","cbarl","AZE",-0.0363
"jpoul","cbarl","BGD",-0.0363
"jpoul","cbarl","BGR",-0.0363
"jpoul","cbarl","BLR",-0.0363
"jpoul","cbarl","BLT",-0.0363
"jpoul","cbarl","BLX",-0.0363
"jpoul","cbarl","BOL",-0.0121
"jpoul","cbarl","BRA",-0.0242
"jpoul","cbarl","CAN",-0.0484
"jpoul","cbarl","CHL",-0.0121
"jpoul","cbarl","CHM",-0.0242
"jpoul","cbarl","CHP",-0.0363
"jpoul","cbarl","COG",-0.0363
"jpoul","cbarl","COL",-0.0605
"jpoul","cbarl","CRB",-0.0363
"jpoul","cbarl","CYP",-0.0605
"jpoul","cbarl","CZE",-0.0363
"jpoul","cbarl","DEU",-0.0363
"jpoul","cbarl","DNK",-0.0363
"jpoul","cbarl","DZA",-0.0605
"jpoul","cbarl","EGY",-0.0484
"jpoul","cbarl","ERI",-0.0363
"jpoul","cbarl","ETH",-0.0363
"jpoul","cbarl","FNP",-0.0363
"jpoul","cbarl","FRP",-0.0363
"jpoul","cbarl","GEO",-0.0363
"jpoul","cbarl","GRC",-0.0363
"jpoul","cbarl","HRV",-0.0363
"jpoul","cbarl","HUN",-0.0363
"jpoul","cbarl","IND",-0.0121
"jpoul","cbarl","IRL",-0.0363
"jpoul","cbarl","IRN",-0.0605
"jpoul","cbarl","IRQ",-0.0605
"jpoul","cbarl","ISL",-0.0363
"jpoul","cbarl","ISR",-0.0484
"jpoul","cbarl","ITP",-0.0363
"jpoul","cbarl","JOR",-0.0605
"jpoul","cbarl","JPN",-0.0968
"jpoul","cbarl","KAZ",-0.0363
"jpoul","cbarl","KGZ",-0.0363
"jpoul","cbarl","KOR",-0.0242
"jpoul","cbarl","LBN",-0.0605
"jpoul","cbarl","LBY",-0.0605
"jpoul","cbarl","MDA",-0.0363
"jpoul","cbarl","MEX",-0.0605
"jpoul","cbarl","MNG",-0.0363
"jpoul","cbarl","MOR",-0.0605
"jpoul","cbarl","NGA",-0.0363
"jpoul","cbarl","NLD",-0.0363
"jpoul","cbarl","NOR",-0.0363
"jpoul","cbarl","NPL",-0.0363
"jpoul","cbarl","NZL",-0.0484
"jpoul","cbarl","OBN",-0.0363
"jpoul","cbarl","OPO",-0.0363
"jpoul","cbarl","PAK",-0.1815
"jpoul","cbarl","PER",-0.0121
"jpoul","cbarl","PHL",-0.0121
"jpoul","cbarl","POL",-0.0363
"jpoul","cbarl","PRK",-0.0363
"jpoul","cbarl","PRT",-0.0363
"jpoul","cbarl","PSE",-0.0363
"jpoul","cbarl","RAP",-0.0605
"jpoul","cbarl","ROU",-0.0363
"jpoul","cbarl","RUS",-0.0363
"jpoul","cbarl","SAU",-0.0605
"jpoul","cbarl","SPP",-0.0363
"jpoul","cbarl","SVN",-0.0363
"jpoul","cbarl","SWE",-0.0363
"jpoul","cbarl","SYR",-0.0605
"jpoul","cbarl","TJK",-0.0363
"jpoul","cbarl","TKM",-0.0363
"jpoul","cbarl","TUN",-0.0605
"jpoul","cbarl","TUR",-0.0605
"jpoul","cbarl","UKP",-0.0363
"jpoul","cbarl","UKR",-0.0363
"jpoul","cbarl","USA",-0.0484
"jpoul","cbarl","UZB",-0.0363
"jpoul","cbarl","ZAF",-0.0484
"jpoul","cbarl","ZWE",-0.0363
"jpoul","cmaiz","AFG",-0.0726
"jpoul","cmaiz","AGO",-0.0726
"jpoul","cmaiz","ALB",-0.0363
"jpoul","cmaiz","ARG",-0.0605
"jpoul","cmaiz","ARM",-0.0242
"jpoul","cmaiz","AUS",-0.0242
"jpoul","cmaiz","AUT",-0.0726
"jpoul","cmaiz","AZE",-0.0242
"jpoul","cmaiz","BDI",-0.0726
"jpoul","cmaiz","BEN",-0.0726
"jpoul","cmaiz","BFA",-0.0726
"jpoul","cmaiz","BGD",-0.0726
"jpoul","cmaiz","BGR",-0.0363
"jpoul","cmaiz","BLR",-0.0242
"jpoul","cmaiz","BLT",-0.0242
"jpoul","cmaiz","BLX",-0.0726
"jpoul","cmaiz","BLZ",-0.0363
"jpoul","cmaiz","BOL",-0.0363
"jpoul","cmaiz","BRA",-0.0726
"jpoul","cmaiz","BTN",-0.0726
"jpoul","cmaiz","BWA",-0.0726
"jpoul","cmaiz","CAF",-0.0726
"jpoul","cmaiz","CAN",-0.0605
"jpoul","cmaiz","CHL",-0.0363
"jpoul","cmaiz","CHM",-0.0726
"jpoul","cmaiz","CHP",-0.0726
"jpoul","cmaiz","CIV",-0.0726
"jpoul","cmaiz","CMR",-0.0726
"jpoul","cmaiz","COD",-0.0726
"jpoul","cmaiz","COG",-0.0726
"jpoul","cmaiz","COL",-0.0847
"jpoul","cmaiz","CRB",-0.0726
"jpoul","cmaiz","CRI",-0.0363
"jpoul","cmaiz","CUB",-0.0363
"jpoul","cmaiz","CYP",-0.0726
"jpoul","cmaiz","CZE",-0.0363
"jpoul","cmaiz","DEU",-0.0726
"jpoul","cmaiz","DNK",-0.0726
"jpoul","cmaiz","DOM",-0.0363
"jpoul","cmaiz","DZA",-0.0726
"jpoul","cmaiz","ECU",-0.0363
"jpoul","cmaiz","EGY",-0.0726
"jpoul","cmaiz","ERI",-0.0726
"jpoul","cmaiz","ETH",-0.0726
"jpoul","cmaiz","FJI",-0.0726
"jpoul","cmaiz","FNP",-0.0726
"jpoul","cmaiz","FRP",-0.0726
"jpoul","cmaiz","GAB",-0.0726
"jpoul","cmaiz","GEO",-0.0242
"jpoul","cmaiz","GHA",-0.0726
"jpoul","cmaiz","GIN",-0.0726
"jpoul","cmaiz","GNB",-0.0726
"jpoul","cmaiz","GRC",-0.0363
"jpoul","cmaiz","GSA",-0.0363
"jpoul","cmaiz","GTM",-0.0363
"jpoul","cmaiz","HND",-0.0363
"jpoul","cmaiz","HRV",-0.0363
"jpoul","cmaiz","HTI",-0.0363
"jpoul","cmaiz","HUN",-0.0363
"jpoul","cmaiz","IDN",-0.0726
"jpoul","cmaiz","IND",-0.0363
"jpoul","cmaiz","IRL",-0.0726
"jpoul","cmaiz","IRN",-0.0726
"jpoul","cmaiz","IRQ",-0.0726
"jpoul","cmaiz","ISL",-0.0726
"jpoul","cmaiz","ISR",-0.0605
"jpoul","cmaiz","ITP",-0.0726
"jpoul","cmaiz","JAM",-0.0726
"jpoul","cmaiz","JOR",-0.0726
"jpoul","cmaiz","JPN",-0.0968
"jpoul","cmaiz","KAZ",-0.0242
"jpoul","cmaiz","KEN",-0.0726
"jpoul","cmaiz","KGZ",-0.0242
"jpoul","cmaiz","KHM",-0.0363
"jpoul","cmaiz","KOR",-0.0726
"jpoul","cmaiz","LAO",-0.0363
"jpoul","cmaiz","LBN",-0.0726
"jpoul","cmaiz","LBR",-0.0726
"jpoul","cmaiz","LBY",-0.0726
"jpoul","cmaiz","LKA",-0.0726
"jpoul","cmaiz","LSO",-0.0726
"jpoul","cmaiz","MDA",-0.0363
"jpoul","cmaiz","MDG",-0.0726
"jpoul","cmaiz","MEX",-0.0726
"jpoul","cmaiz","MLI",-0.0726
"jpoul","cmaiz","MMR",-0.0363
"jpoul","cmaiz","MNG",-0.0726
"jpoul","cmaiz","MOR",-0.0726
"jpoul","cmaiz","MOZ",-0.0726
"jpoul","cmaiz","MRT",-0.0726
"jpoul","cmaiz","MWI",-0.0726
"jpoul","cmaiz","MYS",-0.0726
"jpoul","cmaiz","NAM",-0.0726
"jpoul","cmaiz","NER",-0.0726
"jpoul","cmaiz","NGA",-0.0726
"jpoul","cmaiz","NIC",-0.0363
"jpoul","cmaiz","NLD",-0.0726
"jpoul","cmaiz","NOR",-0.0726
"jpoul","cmaiz","NPL",-0.0726
"jpoul","cmaiz","NZL",-0.0605
"jpoul","cmaiz","OAO",-0.0726
"jpoul","cmaiz","OBN",-0.0363
"jpoul","cmaiz","OIO",-0.0726
"jpoul","cmaiz","OPO",-0.0726
"jpoul","cmaiz","PAK",-0.0484
"jpoul","cmaiz","PAN",-0.0363
"jpoul","cmaiz","PER",-0.0363
"jpoul","cmaiz","PHL",-0.0968
"jpoul","cmaiz","PNG",-0.0726
"jpoul","cmaiz","POL",-0.0363
"jpoul","cmaiz","PRK",-0.0726
"jpoul","cmaiz","PRT",-0.0726
"jpoul","cmaiz","PRY",-0.0363
"jpoul","cmaiz","RAP",-0.0726
"jpoul","cmaiz","ROU",-0.0363
"jpoul","cmaiz","RUS",-0.0242
"jpoul","cmaiz","RWA",-0.0726
"jpoul","cmaiz","SAU",-0.0726
"jpoul","cmaiz","SDN",-0.0726
"jpoul","cmaiz","SEN",-0.0726
"jpoul","cmaiz","SLE",-0.0726
"jpoul","cmaiz","SLV",-0.0363
"jpoul","cmaiz","SOM",-0.0726
"jpoul","cmaiz","SPP",-0.0726
"jpoul","cmaiz","SVN",-0.0363
"jpoul","cmaiz","SWE",-0.0726
"jpoul","cmaiz","SWZ",-0.0726
"jpoul","cmaiz","SYR",-0.0726
"jpoul","cmaiz","TCD",-0.0726
"jpoul","cmaiz","TGO",-0.0726
"jpoul","cmaiz","THA",-0.0847
"jpoul","cmaiz","TJK",-0.0242
"jpoul","cmaiz","TKM",-0.0242
"jpoul","cmaiz","TLS",-0.0726
"jpoul","cmaiz","TUN",-0.0726
"jpoul","cmaiz","TUR",-0.0726
"jpoul","cmaiz","TZA",-0.0726
"jpoul","cmaiz","UGA",-0.0726
"jpoul","cmaiz","UKP",-0.0726
"jpoul","cmaiz","UKR",-0.0242
"jpoul","cmaiz","URY",-0.0363
"jpoul","cmaiz","USA",-0.0726
"jpoul","cmaiz","UZB",-0.0242
"jpoul","cmaiz","VEN",-0.0363
"jpoul","cmaiz","VNM",-0.0363
"jpoul","cmaiz","VUT",-0.0726
"jpoul","cmaiz","YEM",-0.0726
"jpoul","cmaiz","ZAF",-0.0605
"jpoul","cmaiz","ZMB",-0.0726
"jpoul","cmaiz","ZWE",-0.0726
"jpoul","cwhea","AGO",-0.0121
"jpoul","cwhea","ALB",-0.0363
"jpoul","cwhea","ARM",-0.0242
"jpoul","cwhea","AUS",-0.0121
"jpoul","cwhea","AUT",-0.0363
"jpoul","cwhea","AZE",-0.0242
"jpoul","cwhea","BDI",-0.0121
"jpoul","cwhea","BEN",-0.0121
"jpoul","cwhea","BFA",-0.0121
"jpoul","cwhea","BGD",-0.0121
"jpoul","cwhea","BGR",-0.0363
"jpoul","cwhea","BLR",-0.0242
"jpoul","cwhea","BLT",-0.0242
"jpoul","cwhea","BLX",-0.0363
"jpoul","cwhea","BLZ",-0.0121
"jpoul","cwhea","BOL",-0.0121
"jpoul","cwhea","BRA",-0.0242
"jpoul","cwhea","BWA",-0.0121
"jpoul","cwhea","CAN",-0.1089
"jpoul","cwhea","CHL",-0.0121
"jpoul","cwhea","CHM",-0.0121
"jpoul","cwhea","CHP",-0.0363
"jpoul","cwhea","COD",-0.0121
"jpoul","cwhea","COG",-0.0121
"jpoul","cwhea","COL",-0.0605
"jpoul","cwhea","CRB",-0.0121
"jpoul","cwhea","CRI",-0.0121
"jpoul","cwhea","CUB",-0.0121
"jpoul","cwhea","CYP",-0.0605
"jpoul","cwhea","CZE",-0.0363
"jpoul","cwhea","DEU",-0.0363
"jpoul","cwhea","DNK",-0.0363
"jpoul","cwhea","DOM",-0.0121
"jpoul","cwhea","DZA",-0.0605
"jpoul","cwhea","ECU",-0.0121
"jpoul","cwhea","EGY",-0.0121
"jpoul","cwhea","ERI",-0.0121
"jpoul","cwhea","ETH",-0.0121
"jpoul","cwhea","FJI",-0.0121
"jpoul","cwhea","FNP",-0.0363
"jpoul","cwhea","FRP",-0.0363
"jpoul","cwhea","GEO",-0.0242
"jpoul","cwhea","GHA",-0.0121
"jpoul","cwhea","GIN",-0.0121
"jpoul","cwhea","GRC",-0.0363
"jpoul","cwhea","GSA",-0.0121
"jpoul","cwhea","GTM",-0.0121
"jpoul","cwhea","HND",-0.0121
"jpoul","cwhea","HRV",-0.0363
"jpoul","cwhea","HTI",-0.0121
"jpoul","cwhea","HUN",-0.0363
"jpoul","cwhea","IDN",-0.0121
"jpoul","cwhea","IRL",-0.0363
"jpoul","cwhea","IRN",-0.0605
"jpoul","cwhea","IRQ",-0.0605
"jpoul","cwhea","ISL",-0.0363
"jpoul","cwhea","ISR",-0.1089
"jpoul","cwhea","ITP",-0.0363
"jpoul","cwhea","JOR",-0.0605
"jpoul","cwhea","KAZ",-0.0242
"jpoul","cwhea","KEN",-0.0121
"jpoul","cwhea","KGZ",-0.0242
"jpoul","cwhea","KOR",-0.0605
"jpoul","cwhea","LBN",-0.0605
"jpoul","cwhea","LBY",-0.0605
"jpoul","cwhea","LKA",-0.0121
"jpoul","cwhea","LSO",-0.0121
"jpoul","cwhea","MDA",-0.0363
"jpoul","cwhea","MDG",-0.0121
"jpoul","cwhea","MEX",-0.0363
"jpoul","cwhea","MLI",-0.0121
"jpoul","cwhea","MNG",-0.0121
"jpoul","cwhea","MOR",-0.0605
"jpoul","cwhea","MOZ",-0.0121
"jpoul","cwhea","MRT",-0.0121
"jpoul","cwhea","MYS",-0.0121
"jpoul","cwhea","NAM",-0.0121
"jpoul","cwhea","NER",-0.0121
"jpoul","cwhea","NIC",-0.0121
"jpoul","cwhea","NLD",-0.0363
"jpoul","cwhea","NOR",-0.0363
"jpoul","cwhea","NPL",-0.0121
"jpoul","cwhea","NZL",-0.1089
"jpoul","cwhea","OAO",-0.0121
"jpoul","cwhea","OBN",-0.0363
"jpoul","cwhea","OIO",-0.0121
"jpoul","cwhea","OPO",-0.0121
"jpoul","cwhea","PAK",-0.0363
"jpoul","cwhea","PER",-0.0121
"jpoul","cwhea","PNG",-0.0121
"jpoul","cwhea","POL",-0.0363
"jpoul","cwhea","PRK",-0.0121
"jpoul","cwhea","PRT",-0.0363
"jpoul","cwhea","PRY",-0.0121
"jpoul","cwhea","PSE",-0.0121
"jpoul","cwhea","RAP",-0.0605
"jpoul","cwhea","ROU",-0.0363
"jpoul","cwhea","RUS",-0.0242
"jpoul","cwhea","RWA",-0.0121
"jpoul","cwhea","SAU",-0.0605
"jpoul","cwhea","SEN",-0.0121
"jpoul","cwhea","SLV",-0.0121
"jpoul","cwhea","SOM",-0.0121
"jpoul","cwhea","SPP",-0.0363
"jpoul","cwhea","SVN",-0.0363
"jpoul","cwhea","SWE",-0.0363
"jpoul","cwhea","SWZ",-0.0121
"jpoul","cwhea","SYR",-0.0605
"jpoul","cwhea","TJK",-0.0242
"jpoul","cwhea","TKM",-0.0242
"jpoul","cwhea","TUN",-0.0605
"jpoul","cwhea","TUR",-0.0605
"jpoul","cwhea","TZA",-0.0121
"jpoul","cwhea","UKP",-0.0363
"jpoul","cwhea","UKR",-0.0242
"jpoul","cwhea","URY",-0.0121
"jpoul","cwhea","USA",-0.0242
"jpoul","cwhea","UZB",-0.0242
"jpoul","cwhea","VEN",-0.0121
"jpoul","cwhea","YEM",-0.0605
"jpoul","cwhea","ZAF",-0.1089
"jpoul","cwhea","ZMB",-0.0121
"jpoul","cwhea","ZWE",-0.0121
"jpoul","cocer","AFG",-0.0363
"jpoul","cocer","AGO",-0.0363
"jpoul","cocer","ALB",-0.0363
"jpoul","cocer","ARG",-0.0363
"jpoul","cocer","ARM",-0.0363
"jpoul","cocer","AUS",-0.0484
"jpoul","cocer","AUT",-0.0363
"jpoul","cocer","AZE",-0.0363
"jpoul","cocer","BDI",-0.0363
"jpoul","cocer","BFA",-0.0363
"jpoul","cocer","BGD",-0.0363
"jpoul","cocer","BGR",-0.0363
"jpoul","cocer","BLR",-0.0363
"jpoul","cocer","BLT",-0.0363
"jpoul","cocer","BLX",-0.0363
"jpoul","cocer","BOL",-0.0121
"jpoul","cocer","BRA",-0.0242
"jpoul","cocer","BWA",-0.0363
"jpoul","cocer","CAN",-0.0484
"jpoul","cocer","CHL",-0.0121
"jpoul","cocer","CHM",-0.0242
"jpoul","cocer","CHP",-0.0363
"jpoul","cocer","CIV",-0.0363
"jpoul","cocer","COD",-0.0363
"jpoul","cocer","COG",-0.0363
"jpoul","cocer","COL",-0.0605
"jpoul","cocer","CRB",-0.0363
"jpoul","cocer","CUB",-0.0121
"jpoul","cocer","CYP",-0.0605
"jpoul","cocer","CZE",-0.0363
"jpoul","cocer","DEU",-0.0363
"jpoul","cocer","DNK",-0.0363
"jpoul","cocer","DOM",-0.0121
"jpoul","cocer","DZA",-0.0605
"jpoul","cocer","ECU",-0.0121
"jpoul","cocer","EGY",-0.0484
"jpoul","cocer","ERI",-0.0363
"jpoul","cocer","ETH",-0.0363
"jpoul","cocer","FNP",-0.0363
"jpoul","cocer","FRP",-0.0363
"jpoul","cocer","GEO",-0.0363
"jpoul","cocer","GHA",-0.0363
"jpoul","cocer","GIN",-0.0363
"jpoul","cocer","GRC",-0.0363
"jpoul","cocer","GTM",-0.0121
"jpoul","cocer","HND",-0.0121
"jpoul","cocer","HRV",-0.0363
"jpoul","cocer","HTI",-0.0121
"jpoul","cocer","HUN",-0.0363
"jpoul","cocer","IDN",-0.0363
"jpoul","cocer","IND",-0.0121
"jpoul","cocer","IRL",-0.0363
"jpoul","cocer","IRQ",-0.0605
"jpoul","cocer","ISL",-0.0363
"jpoul","cocer","ISR",-0.0484
"jpoul","cocer","ITP",-0.0363
"jpoul","cocer","JOR",-0.0605
"jpoul","cocer","JPN",-0.0968
"jpoul","cocer","KAZ",-0.0363
"jpoul","cocer","KEN",-0.0363
"jpoul","cocer","KGZ",-0.0363
"jpoul","cocer","KOR",-0.0242
"jpoul","cocer","LBN",-0.0605
"jpoul","cocer","LBY",-0.0605
"jpoul","cocer","LSO",-0.0363
"jpoul","cocer","MDA",-0.0363
"jpoul","cocer","MEX",-0.0605
"jpoul","cocer","MLI",-0.0363
"jpoul","cocer","MNG",-0.0363
"jpoul","cocer","MOR",-0.0605
"jpoul","cocer","MRT",-0.0363
"jpoul","cocer","MWI",-0.0363
"jpoul","cocer","MYS",-0.0363
"jpoul","cocer","NER",-0.0363
"jpoul","cocer","NGA",-0.0363
"jpoul","cocer","NIC",-0.0121
"jpoul","cocer","NLD",-0.0363
"jpoul","cocer","NOR",-0.0363
"jpoul","cocer","NPL",-0.0363
"jpoul","cocer","NZL",-0.0484
"jpoul","cocer","OBN",-0.0363
"jpoul","cocer","OPO",-0.0363
"jpoul","cocer","PAK",-0.1815
"jpoul","cocer","PAN",-0.0121
"jpoul","cocer","PER",-0.0121
"jpoul","cocer","PHL",-0.0121
"jpoul","cocer","PNG",-0.0363
"jpoul","cocer","POL",-0.0363
"jpoul","cocer","PRK",-0.0363
"jpoul","cocer","PRT",-0.0363
"jpoul","cocer","PRY",-0.0121
"jpoul","cocer","PSE",-0.0363
"jpoul","cocer","RAP",-0.0605
"jpoul","cocer","ROU",-0.0363
"jpoul","cocer","RUS",-0.0363
"jpoul","cocer","RWA",-0.0363
"jpoul","cocer","SAU",-0.0605
"jpoul","cocer","SEN",-0.0363
"jpoul","cocer","SOM",-0.0363
"jpoul","cocer","SPP",-0.0363
"jpoul","cocer","SVN",-0.0363
"jpoul","cocer","SWE",-0.0363
"jpoul","cocer","SYR",-0.0605
"jpoul","cocer","TCD",-0.0363
"jpoul","cocer","THA",-0.0121
"jpoul","cocer","TJK",-0.0363
"jpoul","cocer","TKM",-0.0363
"jpoul","cocer","TUN",-0.0605
"jpoul","cocer","TUR",-0.0605
"jpoul","cocer","TZA",-0.0363
"jpoul","cocer","UGA",-0.0363
"jpoul","cocer","UKP",-0.0363
"jpoul","cocer","UKR",-0.0363
"jpoul","cocer","URY",-0.0121
"jpoul","cocer","USA",-0.0484
"jpoul","cocer","UZB",-0.0363
"jpoul","cocer","VEN",-0.0121
"jpoul","cocer","YEM",-0.0605
"jpoul","cocer","ZAF",-0.0484
"jpoul","cocer","ZWE",-0.0363
"jpoul","cgdml","AGO",-0.01815
"jpoul","cgdml","ARG",-0.1452
"jpoul","cgdml","BEN",-0.01815
"jpoul","cgdml","BGD",-0.0363
"jpoul","cgdml","BGR",-0.09075
"jpoul","cgdml","BLX",-0.1089
"jpoul","cgdml","BRA",-0.1452
"jpoul","cgdml","CAF",-0.01815
"jpoul","cgdml","CAN",-0.01815
"jpoul","cgdml","CHL",-0.1089
"jpoul","cgdml","CHP",-0.1089
"jpoul","cgdml","CIV",-0.01815
"jpoul","cgdml","CMR",-0.01815
"jpoul","cgdml","COG",-0.01815
"jpoul","cgdml","CZE",-0.09075
"jpoul","cgdml","DEU",-0.1089
"jpoul","cgdml","DOM",-0.1089
"jpoul","cgdml","DZA",-0.1452
"jpoul","cgdml","EGY",-0.0726
"jpoul","cgdml","FRP",-0.1089
"jpoul","cgdml","GHA",-0.01815
"jpoul","cgdml","GIN",-0.01815
"jpoul","cgdml","GMB",-0.01815
"jpoul","cgdml","GNB",-0.01815
"jpoul","cgdml","GRC",-0.09075
"jpoul","cgdml","GTM",-0.1089
"jpoul","cgdml","HND",-0.1089
"jpoul","cgdml","IDN",-0.0363
"jpoul","cgdml","IND",-0.1089
"jpoul","cgdml","IRQ",-0.1452
"jpoul","cgdml","ITP",-0.1089
"jpoul","cgdml","LAO",-0.01815
"jpoul","cgdml","LBN",-0.1452
"jpoul","cgdml","MDG",-0.01815
"jpoul","cgdml","MEX",-0.12705
"jpoul","cgdml","MMR",-0.01815
"jpoul","cgdml","MOR",-0.1452
"jpoul","cgdml","MOZ",-0.01815
"jpoul","cgdml","MWI",-0.01815
"jpoul","cgdml","NIC",-0.1089
"jpoul","cgdml","NLD",-0.1089
"jpoul","cgdml","NOR",-0.1089
"jpoul","cgdml","NPL",-0.0363
"jpoul","cgdml","PAK",-0.1452
"jpoul","cgdml","PHL",-0.1089
"jpoul","cgdml","POL",-0.09075
"jpoul","cgdml","PRT",-0.1089
"jpoul","cgdml","RWA",-0.01815
"jpoul","cgdml","SAU",-0.1452
"jpoul","cgdml","SEN",-0.01815
"jpoul","cgdml","SLE",-0.01815
"jpoul","cgdml","SLV",-0.1089
"jpoul","cgdml","TGO",-0.01815
"jpoul","cgdml","THA",-0.1089
"jpoul","cgdml","TZA",-0.01815
"jpoul","cgdml","UGA",-0.01815
"jpoul","cgdml","USA",-0.1089
"jpoul","cgdml","VEN",-0.1089
"jpoul","cgdml","VNM",-0.01815
"jpoul","cgdml","ZAF",-0.01815
"jpoul","cgdml","ZMB",-0.01815
"jpoul","cgdml","ZWE",-0.01815
"jpoul","crpml","ARG",-0.1452
"jpoul","crpml","AUT",-0.1089
"jpoul","crpml","BGD",-0.0363
"jpoul","crpml","BLR",-0.0363
"jpoul","crpml","BLT",-0.0363
"jpoul","crpml","BLX",-0.1089
"jpoul","crpml","BRA",-0.1452
"jpoul","crpml","CAN",-0.01815
"jpoul","crpml","CHL",-0.1089
"jpoul","crpml","CHP",-0.1089
"jpoul","crpml","CYP",-0.1452
"jpoul","crpml","CZE",-0.09075
"jpoul","crpml","DEU",-0.1089
"jpoul","crpml","DNK",-0.1089
"jpoul","crpml","DZA",-0.1452
"jpoul","crpml","EGY",-0.0726
"jpoul","crpml","FNP",-0.1089
"jpoul","crpml","FRP",-0.1089
"jpoul","crpml","GRC",-0.09075
"jpoul","crpml","HRV",-0.09075
"jpoul","crpml","HUN",-0.09075
"jpoul","crpml","IDN",-0.0363
"jpoul","crpml","IND",-0.1089
"jpoul","crpml","IRL",-0.1089
"jpoul","crpml","IRN",-0.1452
"jpoul","crpml","ISR",-0.01815
"jpoul","crpml","ITP",-0.1089
"jpoul","crpml","JPN",-0.1452
"jpoul","crpml","KAZ",-0.0363
"jpoul","crpml","KOR",-0.09075
"jpoul","crpml","LKA",-0.0363
"jpoul","crpml","MDA",-0.09075
"jpoul","crpml","MEX",-0.12705
"jpoul","crpml","MMR",-0.01815
"jpoul","crpml","MOR",-0.1452
"jpoul","crpml","MYS",-0.0726
"jpoul","crpml","NLD",-0.1089
"jpoul","crpml","NOR",-0.1089
"jpoul","crpml","NPL",-0.0363
"jpoul","crpml","NZL",-0.01815
"jpoul","crpml","OBN",-0.09075
"jpoul","crpml","PAK",-0.1452
"jpoul","crpml","PHL",-0.1089
"jpoul","crpml","POL",-0.09075
"jpoul","crpml","PRT",-0.1089
"jpoul","crpml","PRY",-0.1089
"jpoul","crpml","RAP",-0.1452
"jpoul","crpml","RUS",-0.0363
"jpoul","crpml","SPP",-0.1089
"jpoul","crpml","SVN",-0.09075
"jpoul","crpml","SWE",-0.1089
"jpoul","crpml","THA",-0.1089
"jpoul","crpml","TUR",-0.1452
"jpoul","crpml","UKP",-0.1089
"jpoul","crpml","UKR",-0.0363
"jpoul","crpml","URY",-0.1089
"jpoul","crpml","USA",-0.1089
"jpoul","crpml","ZAF",-0.01815
"jpoul","csbml","AGO",-0.01815
"jpoul","csbml","ALB",-0.09075
"jpoul","csbml","ARG",-0.1452
"jpoul","csbml","ARM",-0.0363
"jpoul","csbml","AUT",-0.1089
"jpoul","csbml","AZE",-0.0363
"jpoul","csbml","BEN",-0.01815
"jpoul","csbml","BGD",-0.0363
"jpoul","csbml","BGR",-0.09075
"jpoul","csbml","BLR",-0.0363
"jpoul","csbml","BLT",-0.0363
"jpoul","csbml","BLX",-0.1089
"jpoul","csbml","BLZ",-0.1089
"jpoul","csbml","BOL",-0.1089
"jpoul","csbml","BRA",-0.1452
"jpoul","csbml","BWA",-0.01815
"jpoul","csbml","CAN",-0.01815
"jpoul","csbml","CHL",-0.1089
"jpoul","csbml","CHP",-0.1089
"jpoul","csbml","CIV",-0.01815
"jpoul","csbml","CMR",-0.01815
"jpoul","csbml","COG",-0.01815
"jpoul","csbml","COL",-0.09075
"jpoul","csbml","CRB",-0.01815
"jpoul","csbml","CRI",-0.1089
"jpoul","csbml","CUB",-0.1089
"jpoul","csbml","CYP",-0.1452
"jpoul","csbml","CZE",-0.09075
"jpoul","csbml","DEU",-0.1089
"jpoul","csbml","DNK",-0.1089
"jpoul","csbml","DOM",-0.1089
"jpoul","csbml","DZA",-0.1452
"jpoul","csbml","ECU",-0.1089
"jpoul","csbml","EGY",-0.0726
"jpoul","csbml","FJI",-0.01815
"jpoul","csbml","FNP",-0.1089
"jpoul","csbml","FRP",-0.1089
"jpoul","csbml","GAB",-0.01815
"jpoul","csbml","GEO",-0.0363
"jpoul","csbml","GIN",-0.01815
"jpoul","csbml","GRC",-0.09075
"jpoul","csbml","GSA",-0.1089
"jpoul","csbml","GTM",-0.1089
"jpoul","csbml","HND",-0.1089
"jpoul","csbml","HRV",-0.09075
"jpoul","csbml","HUN",-0.09075
"jpoul","csbml","IDN",-0.0363
"jpoul","csbml","IND",-0.1089
"jpoul","csbml","IRL",-0.1089
"jpoul","csbml","IRN",-0.1452
"jpoul","csbml","IRQ",-0.1452
"jpoul","csbml","ISL",-0.1089
"jpoul","csbml","ISR",-0.01815
"jpoul","csbml","ITP",-0.1089
"jpoul","csbml","JAM",-0.01815
"jpoul","csbml","JOR",-0.1452
"jpoul","csbml","JPN",-0.1452
"jpoul","csbml","KAZ",-0.0363
"jpoul","csbml","KEN",-0.01815
"jpoul","csbml","KGZ",-0.0363
"jpoul","csbml","KHM",-0.01815
"jpoul","csbml","KOR",-0.09075
"jpoul","csbml","LAO",-0.01815
"jpoul","csbml","LBN",-0.1452
"jpoul","csbml","LBR",-0.01815
"jpoul","csbml","LKA",-0.0363
"jpoul","csbml","MDA",-0.09075
"jpoul","csbml","MDG",-0.01815
"jpoul","csbml","MEX",-0.12705
"jpoul","csbml","MMR",-0.01815
"jpoul","csbml","MOR",-0.1452
"jpoul","csbml","MOZ",-0.01815
"jpoul","csbml","MWI",-0.01815
"jpoul","csbml","MYS",-0.0726
"jpoul","csbml","NAM",-0.01815
"jpoul","csbml","NIC",-0.1089
"jpoul","csbml","NLD",-0.1089
"jpoul","csbml","NOR",-0.1089
"jpoul","csbml","NPL",-0.0363
"jpoul","csbml","NZL",-0.01815
"jpoul","csbml","OAO",-0.01815
"jpoul","csbml","OBN",-0.09075
"jpoul","csbml","OIO",-0.01815
"jpoul","csbml","OPO",-0.01815
"jpoul","csbml","OSA",-0.01815
"jpoul","csbml","PAK",-0.1452
"jpoul","csbml","PAN",-0.1089
"jpoul","csbml","PER",-0.1089
"jpoul","csbml","PHL",-0.1089
"jpoul","csbml","POL",-0.09075
"jpoul","csbml","PRK",-0.01815
"jpoul","csbml","PRT",-0.1089
"jpoul","csbml","PRY",-0.1089
"jpoul","csbml","RAP",-0.1452
"jpoul","csbml","ROU",-0.09075
"jpoul","csbml","RUS",-0.0363
"jpoul","csbml","SAU",-0.1452
"jpoul","csbml","SEN",-0.01815
"jpoul","csbml","SLV",-0.1089
"jpoul","csbml","SPP",-0.1089
"jpoul","csbml","SVN",-0.09075
"jpoul","csbml","SWE",-0.1089
"jpoul","csbml","SWZ",-0.01815
"jpoul","csbml","THA",-0.1089
"jpoul","csbml","TJK",-0.0363
"jpoul","csbml","TUN",-0.1452
"jpoul","csbml","TUR",-0.1452
"jpoul","csbml","TZA",-0.01815
"jpoul","csbml","UGA",-0.01815
"jpoul","csbml","UKP",-0.1089
"jpoul","csbml","UKR",-0.0363
"jpoul","csbml","URY",-0.1089
"jpoul","csbml","USA",-0.1089
"jpoul","csbml","UZB",-0.0363
"jpoul","csbml","VEN",-0.1089
"jpoul","csbml","YEM",-0.1452
"jpoul","csbml","ZAF",-0.01815
"jpoul","csbml","ZMB",-0.01815
"jpoul","csbml","ZWE",-0.01815
"jpoul","csfml","AFG",-0.0363
"jpoul","csfml","AGO",-0.01815
"jpoul","csfml","ALB",-0.09075
"jpoul","csfml","ARG",-0.1452
"jpoul","csfml","ARM",-0.0363
"jpoul","csfml","AUT",-0.1089
"jpoul","csfml","AZE",-0.0363
"jpoul","csfml","BGR",-0.09075
"jpoul","csfml","BLR",-0.0363
"jpoul","csfml","BLT",-0.0363
"jpoul","csfml","BLX",-0.1089
"jpoul","csfml","BOL",-0.1089
"jpoul","csfml","BRA",-0.1452
"jpoul","csfml","BWA",-0.01815
"jpoul","csfml","CAN",-0.01815
"jpoul","csfml","CHL",-0.1089
"jpoul","csfml","CHP",-0.1089
"jpoul","csfml","COL",-0.09075
"jpoul","csfml","CYP",-0.1452
"jpoul","csfml","CZE",-0.09075
"jpoul","csfml","DEU",-0.1089
"jpoul","csfml","DNK",-0.1089
"jpoul","csfml","DZA",-0.1452
"jpoul","csfml","EGY",-0.0726
"jpoul","csfml","FNP",-0.1089
"jpoul","csfml","FRP",-0.1089
"jpoul","csfml","GEO",-0.0363
"jpoul","csfml","GRC",-0.09075
"jpoul","csfml","HRV",-0.09075
"jpoul","csfml","HUN",-0.09075
"jpoul","csfml","IDN",-0.0363
"jpoul","csfml","IND",-0.1089
"jpoul","csfml","IRL",-0.1089
"jpoul","csfml","IRN",-0.1452
"jpoul","csfml","IRQ",-0.1452
"jpoul","csfml","ISR",-0.01815
"jpoul","csfml","ITP",-0.1089
"jpoul","csfml","JOR",-0.1452
"jpoul","csfml","JPN",-0.1452
"jpoul","csfml","KAZ",-0.0363
"jpoul","csfml","KEN",-0.01815
"jpoul","csfml","KGZ",-0.0363
"jpoul","csfml","LBN",-0.1452
"jpoul","csfml","MDA",-0.09075
"jpoul","csfml","MEX",-0.12705
"jpoul","csfml","MMR",-0.01815
"jpoul","csfml","MOR",-0.1452
"jpoul","csfml","MOZ",-0.01815
"jpoul","csfml","MWI",-0.01815
"jpoul","csfml","NAM",-0.01815
"jpoul","csfml","NLD",-0.1089
"jpoul","csfml","NOR",-0.1089
"jpoul","csfml","NZL",-0.01815
"jpoul","csfml","OBN",-0.09075
"jpoul","csfml","PAK",-0.1452
"jpoul","csfml","PER",-0.1089
"jpoul","csfml","POL",-0.09075
"jpoul","csfml","PRT",-0.1089
"jpoul","csfml","PRY",-0.1089
"jpoul","csfml","RAP",-0.1452
"jpoul","csfml","ROU",-0.09075
"jpoul","csfml","RUS",-0.0363
"jpoul","csfml","SEN",-0.01815
"jpoul","csfml","SPP",-0.1089
"jpoul","csfml","SVN",-0.09075
"jpoul","csfml","SWE",-0.1089
"jpoul","csfml","SWZ",-0.01815
"jpoul","csfml","THA",-0.1089
"jpoul","csfml","TUN",-0.1452
"jpoul","csfml","TUR",-0.1452
"jpoul","csfml","TZA",-0.01815
"jpoul","csfml","UGA",-0.01815
"jpoul","csfml","UKP",-0.1089
"jpoul","csfml","UKR",-0.0363
"jpoul","csfml","URY",-0.1089
"jpoul","csfml","USA",-0.1089
"jpoul","csfml","VEN",-0.1089
"jpoul","csfml","ZAF",-0.01815
"jpoul","csfml","ZMB",-0.01815
"jpoul","csfml","ZWE",-0.01815
"jpoul","cpkml","IDN",-0.04719
"jpoul","ctoml","AFG",-0.0363
"jpoul","ctoml","AGO",-0.01815
"jpoul","ctoml","ARG",-0.1452
"jpoul","ctoml","AUT",-0.1089
"jpoul","ctoml","AZE",-0.0363
"jpoul","ctoml","BEN",-0.01815
"jpoul","ctoml","BGD",-0.0363
"jpoul","ctoml","BGR",-0.09075
"jpoul","ctoml","BLR",-0.0363
"jpoul","ctoml","BLX",-0.1089
"jpoul","ctoml","BOL",-0.1089
"jpoul","ctoml","BRA",-0.1452
"jpoul","ctoml","BWA",-0.01815
"jpoul","ctoml","CAF",-0.01815
"jpoul","ctoml","CAN",-0.01815
"jpoul","ctoml","CHL",-0.1089
"jpoul","ctoml","CHP",-0.1089
"jpoul","ctoml","CIV",-0.01815
"jpoul","ctoml","CMR",-0.01815
"jpoul","ctoml","COL",-0.09075
"jpoul","ctoml","CRI",-0.1089
"jpoul","ctoml","CZE",-0.09075
"jpoul","ctoml","DEU",-0.1089
"jpoul","ctoml","DNK",-0.1089
"jpoul","ctoml","DOM",-0.1089
"jpoul","ctoml","ECU",-0.1089
"jpoul","ctoml","EGY",-0.0726
"jpoul","ctoml","FJI",-0.01815
"jpoul","ctoml","FRP",-0.1089
"jpoul","ctoml","GHA",-0.01815
"jpoul","ctoml","GNB",-0.01815
"jpoul","ctoml","GRC",-0.09075
"jpoul","ctoml","GTM",-0.1089
"jpoul","ctoml","HND",-0.1089
"jpoul","ctoml","HRV",-0.09075
"jpoul","ctoml","HUN",-0.09075
"jpoul","ctoml","IDN",-0.0363
"jpoul","ctoml","IND",-0.1089
"jpoul","ctoml","IRL",-0.1089
"jpoul","ctoml","IRN",-0.1452
"jpoul","ctoml","IRQ",-0.1452
"jpoul","ctoml","ISR",-0.01815
"jpoul","ctoml","ITP",-0.1089
"jpoul","ctoml","JAM",-0.01815
"jpoul","ctoml","JOR",-0.1452
"jpoul","ctoml","JPN",-0.1452
"jpoul","ctoml","KAZ",-0.0363
"jpoul","ctoml","KEN",-0.01815
"jpoul","ctoml","KGZ",-0.0363
"jpoul","ctoml","KHM",-0.01815
"jpoul","ctoml","KOR",-0.09075
"jpoul","ctoml","LAO",-0.01815
"jpoul","ctoml","LBN",-0.1452
"jpoul","ctoml","LKA",-0.0363
"jpoul","ctoml","MDA",-0.09075
"jpoul","ctoml","MDG",-0.01815
"jpoul","ctoml","MEX",-0.12705
"jpoul","ctoml","MMR",-0.01815
"jpoul","ctoml","MOR",-0.1452
"jpoul","ctoml","MOZ",-0.01815
"jpoul","ctoml","MWI",-0.01815
"jpoul","ctoml","MYS",-0.0726
"jpoul","ctoml","NAM",-0.01815
"jpoul","ctoml","NLD",-0.1089
"jpoul","ctoml","NOR",-0.1089
"jpoul","ctoml","NPL",-0.0363
"jpoul","ctoml","NZL",-0.01815
"jpoul","ctoml","OAO",-0.01815
"jpoul","ctoml","OBN",-0.09075
"jpoul","ctoml","OPO",-0.01815
"jpoul","ctoml","PAK",-0.1452
"jpoul","ctoml","PER",-0.1089
"jpoul","ctoml","PHL",-0.1089
"jpoul","ctoml","POL",-0.09075
"jpoul","ctoml","PRK",-0.01815
"jpoul","ctoml","PRT",-0.1089
"jpoul","ctoml","PRY",-0.1089
"jpoul","ctoml","RAP",-0.1452
"jpoul","ctoml","ROU",-0.09075
"jpoul","ctoml","RUS",-0.0363
"jpoul","ctoml","RWA",-0.01815
"jpoul","ctoml","SAU",-0.1452
"jpoul","ctoml","SEN",-0.01815
"jpoul","ctoml","SLB",-0.01815
"jpoul","ctoml","SPP",-0.1089
"jpoul","ctoml","SVN",-0.09075
"jpoul","ctoml","SWE",-0.1089
"jpoul","ctoml","SWZ",-0.01815
"jpoul","ctoml","TGO",-0.01815
"jpoul","ctoml","THA",-0.1089
"jpoul","ctoml","TJK",-0.0363
"jpoul","ctoml","TKM",-0.0363
"jpoul","ctoml","TUN",-0.1452
"jpoul","ctoml","TUR",-0.1452
"jpoul","ctoml","TZA",-0.01815
"jpoul","ctoml","UGA",-0.01815
"jpoul","ctoml","UKP",-0.1089
"jpoul","ctoml","UKR",-0.0363
"jpoul","ctoml","URY",-0.1089
"jpoul","ctoml","USA",-0.1089
"jpoul","ctoml","UZB",-0.0363
"jpoul","ctoml","VEN",-0.1089
"jpoul","ctoml","VNM",-0.01815
"jpoul","ctoml","VUT",-0.01815
"jpoul","ctoml","YEM",-0.1452
"jpoul","ctoml","ZAF",-0.01815
"jpoul","ctoml","ZMB",-0.01815
"jpoul","ctoml","ZWE",-0.01815
"jeggs","cbarl","AFG",-0.0242
"jeggs","cbarl","ALB",-0.0242
"jeggs","cbarl","ARG",-0.0363
"jeggs","cbarl","ARM",-0.0363
"jeggs","cbarl","AUS",-0.0726
"jeggs","cbarl","AUT",-0.0484
"jeggs","cbarl","AZE",-0.0363
"jeggs","cbarl","BGD",-0.0242
"jeggs","cbarl","BLR",-0.0363
"jeggs","cbarl","BLT",-0.0363
"jeggs","cbarl","BLX",-0.0484
"jeggs","cbarl","CAN",-0.0242
"jeggs","cbarl","CHM",-0.0242
"jeggs","cbarl","CHP",-0.0484
"jeggs","cbarl","COG",-0.0242
"jeggs","cbarl","CRB",-0.0242
"jeggs","cbarl","DEU",-0.0484
"jeggs","cbarl","DNK",-0.0484
"jeggs","cbarl","DZA",-0.0968
"jeggs","cbarl","EGY",-0.0121
"jeggs","cbarl","ERI",-0.0242
"jeggs","cbarl","ETH",-0.0242
"jeggs","cbarl","FNP",-0.0484
"jeggs","cbarl","GEO",-0.0363
"jeggs","cbarl","IRN",-0.0968
"jeggs","cbarl","IRQ",-0.0968
"jeggs","cbarl","ISL",-0.0484
"jeggs","cbarl","ISR",-0.0242
"jeggs","cbarl","ITP",-0.0484
"jeggs","cbarl","JOR",-0.0968
"jeggs","cbarl","JPN",-0.0363
"jeggs","cbarl","KAZ",-0.0363
"jeggs","cbarl","KGZ",-0.0363
"jeggs","cbarl","KHM",-0.0242
"jeggs","cbarl","KOR",-0.0121
"jeggs","cbarl","LAO",-0.0242
"jeggs","cbarl","LBN",-0.0968
"jeggs","cbarl","LBY",-0.0968
"jeggs","cbarl","MDA",-0.0242
"jeggs","cbarl","MEX",-0.0363
"jeggs","cbarl","MMR",-0.0242
"jeggs","cbarl","MNG",-0.0121
"jeggs","cbarl","MOR",-0.0968
"jeggs","cbarl","NGA",-0.0242
"jeggs","cbarl","NOR",-0.0484
"jeggs","cbarl","NPL",-0.0242
"jeggs","cbarl","NZL",-0.0242
"jeggs","cbarl","OBN",-0.0242
"jeggs","cbarl","OPO",-0.0242
"jeggs","cbarl","PAK",-0.0847
"jeggs","cbarl","PHL",-0.0242
"jeggs","cbarl","PRK",-0.0121
"jeggs","cbarl","PRT",-0.0484
"jeggs","cbarl","PSE",-0.0242
"jeggs","cbarl","RAP",-0.0968
"jeggs","cbarl","RUS",-0.0363
"jeggs","cbarl","SAU",-0.0968
"jeggs","cbarl","SPP",-0.0484
"jeggs","cbarl","SWE",-0.0484
"jeggs","cbarl","SYR",-0.0968
"jeggs","cbarl","TJK",-0.0363
"jeggs","cbarl","TKM",-0.0363
"jeggs","cbarl","TUN",-0.0968
"jeggs","cbarl","TUR",-0.0968
"jeggs","cbarl","UKP",-0.0484
"jeggs","cbarl","UKR",-0.0363
"jeggs","cbarl","USA",-0.0121
"jeggs","cbarl","UZB",-0.0363
"jeggs","cbarl","VNM",-0.0242
"jeggs","cbarl","ZAF",-0.0242
"jeggs","cbarl","ZWE",-0.0242
"jeggs","cmaiz","AFG",-0.0605
"jeggs","cmaiz","AGO",-0.0726
"jeggs","cmaiz","ALB",-0.0363
"jeggs","cmaiz","ARG",-0.0605
"jeggs","cmaiz","ARM",-0.0121
"jeggs","cmaiz","AUT",-0.0242
"jeggs","cmaiz","AZE",-0.0121
"jeggs","cmaiz","BDI",-0.0726
"jeggs","cmaiz","BEN",-0.0605
"jeggs","cmaiz","BFA",-0.0847
"jeggs","cmaiz","BGD",-0.0605
"jeggs","cmaiz","BLR",-0.0121
"jeggs","cmaiz","BLT",-0.0121
"jeggs","cmaiz","BLX",-0.0242
"jeggs","cmaiz","BLZ",-0.0363
"jeggs","cmaiz","BOL",-0.0363
"jeggs","cmaiz","BRA",-0.0968
"jeggs","cmaiz","BTN",-0.0605
"jeggs","cmaiz","BWA",-0.0726
"jeggs","cmaiz","CAF",-0.0605
"jeggs","cmaiz","CAN",-0.0363
"jeggs","cmaiz","CHL",-0.0363
"jeggs","cmaiz","CHM",-0.0605
"jeggs","cmaiz","CHP",-0.0242
"jeggs","cmaiz","CIV",-0.0605
"jeggs","cmaiz","CMR",-0.0605
"jeggs","cmaiz","COD",-0.0605
"jeggs","cmaiz","COG",-0.0605
"jeggs","cmaiz","COL",-0.0363
"jeggs","cmaiz","CRB",-0.0605
"jeggs","cmaiz","CRI",-0.0363
"jeggs","cmaiz","CUB",-0.0363
"jeggs","cmaiz","DEU",-0.0242
"jeggs","cmaiz","DNK",-0.0242
"jeggs","cmaiz","DOM",-0.0363
"jeggs","cmaiz","DZA",-0.0484
"jeggs","cmaiz","ECU",-0.0363
"jeggs","cmaiz","EGY",-0.0847
"jeggs","cmaiz","ERI",-0.0847
"jeggs","cmaiz","ETH",-0.0847
"jeggs","cmaiz","FJI",-0.0605
"jeggs","cmaiz","FNP",-0.0242
"jeggs","cmaiz","GAB",-0.0605
"jeggs","cmaiz","GEO",-0.0121
"jeggs","cmaiz","GHA",-0.0605
"jeggs","cmaiz","GIN",-0.0605
"jeggs","cmaiz","GNB",-0.0605
"jeggs","cmaiz","GSA",-0.0363
"jeggs","cmaiz","GTM",-0.0363
"jeggs","cmaiz","HND",-0.0363
"jeggs","cmaiz","HTI",-0.0363
"jeggs","cmaiz","IDN",-0.0605
"jeggs","cmaiz","IRN",-0.0484
"jeggs","cmaiz","IRQ",-0.0484
"jeggs","cmaiz","ISL",-0.0242
"jeggs","cmaiz","ISR",-0.0363
"jeggs","cmaiz","ITP",-0.0242
"jeggs","cmaiz","JAM",-0.0605
"jeggs","cmaiz","JOR",-0.0484
"jeggs","cmaiz","JPN",-0.0726
"jeggs","cmaiz","KAZ",-0.0121
"jeggs","cmaiz","KEN",-0.0726
"jeggs","cmaiz","KGZ",-0.0121
"jeggs","cmaiz","KHM",-0.0605
"jeggs","cmaiz","KOR",-0.0605
"jeggs","cmaiz","LAO",-0.0605
"jeggs","cmaiz","LBN",-0.0484
"jeggs","cmaiz","LBR",-0.0605
"jeggs","cmaiz","LBY",-0.0484
"jeggs","cmaiz","LKA",-0.0605
"jeggs","cmaiz","LSO",-0.0726
"jeggs","cmaiz","MDA",-0.0363
"jeggs","cmaiz","MDG",-0.0726
"jeggs","cmaiz","MLI",-0.0847
"jeggs","cmaiz","MMR",-0.0605
"jeggs","cmaiz","MNG",-0.0726
"jeggs","cmaiz","MOR",-0.0484
"jeggs","cmaiz","MOZ",-0.0726
"jeggs","cmaiz","MRT",-0.0847
"jeggs","cmaiz","MWI",-0.0726
"jeggs","cmaiz","MYS",-0.0605
"jeggs","cmaiz","NAM",-0.0726
"jeggs","cmaiz","NER",-0.0847
"jeggs","cmaiz","NGA",-0.0605
"jeggs","cmaiz","NIC",-0.0363
"jeggs","cmaiz","NOR",-0.0242
"jeggs","cmaiz","NPL",-0.0605
"jeggs","cmaiz","NZL",-0.0363
"jeggs","cmaiz","OAO",-0.0605
"jeggs","cmaiz","OBN",-0.0363
"jeggs","cmaiz","OIO",-0.0605
"jeggs","cmaiz","OPO",-0.0605
"jeggs","cmaiz","PAK",-0.0242
"jeggs","cmaiz","PAN",-0.0363
"jeggs","cmaiz","PER",-0.0363
"jeggs","cmaiz","PHL",-0.0605
"jeggs","cmaiz","PNG",-0.0605
"jeggs","cmaiz","PRK",-0.0726
"jeggs","cmaiz","PRT",-0.0242
"jeggs","cmaiz","PRY",-0.0363
"jeggs","cmaiz","RAP",-0.0484
"jeggs","cmaiz","RUS",-0.0121
"jeggs","cmaiz","RWA",-0.0726
"jeggs","cmaiz","SAU",-0.0484
"jeggs","cmaiz","SDN",-0.0847
"jeggs","cmaiz","SEN",-0.0605
"jeggs","cmaiz","SLE",-0.0605
"jeggs","cmaiz","SLV",-0.0363
"jeggs","cmaiz","SOM",-0.0847
"jeggs","cmaiz","SPP",-0.0242
"jeggs","cmaiz","SWE",-0.0242
"jeggs","cmaiz","SWZ",-0.0726
"jeggs","cmaiz","SYR",-0.0484
"jeggs","cmaiz","TCD",-0.0847
"jeggs","cmaiz","TGO",-0.0605
"jeggs","cmaiz","THA",-0.0605
"jeggs","cmaiz","TJK",-0.0121
"jeggs","cmaiz","TKM",-0.0121
"jeggs","cmaiz","TLS",-0.0605
"jeggs","cmaiz","TUN",-0.0484
"jeggs","cmaiz","TUR",-0.0484
"jeggs","cmaiz","TZA",-0.0726
"jeggs","cmaiz","UGA",-0.0726
"jeggs","cmaiz","UKP",-0.0242
"jeggs","cmaiz","UKR",-0.0121
"jeggs","cmaiz","URY",-0.0363
"jeggs","cmaiz","USA",-0.0363
"jeggs","cmaiz","UZB",-0.0121
"jeggs","cmaiz","VEN",-0.0363
"jeggs","cmaiz","VNM",-0.0605
"jeggs","cmaiz","VUT",-0.0605
"jeggs","cmaiz","YEM",-0.0484
"jeggs","cmaiz","ZAF",-0.0363
"jeggs","cmaiz","ZMB",-0.0726
"jeggs","cmaiz","ZWE",-0.0726
"jeggs","cwhea","ALB",-0.0242
"jeggs","cwhea","ARM",-0.0363
"jeggs","cwhea","AUT",-0.0363
"jeggs","cwhea","AZE",-0.0363
"jeggs","cwhea","BLR",-0.0363
"jeggs","cwhea","BLT",-0.0363
"jeggs","cwhea","BLX",-0.0363
"jeggs","cwhea","CAN",-0.0605
"jeggs","cwhea","CHM",-0.0242
"jeggs","cwhea","CHP",-0.0363
"jeggs","cwhea","DEU",-0.0363
"jeggs","cwhea","DNK",-0.0363
"jeggs","cwhea","DZA",-0.0242
"jeggs","cwhea","FNP",-0.0363
"jeggs","cwhea","GEO",-0.0363
"jeggs","cwhea","IRN",-0.0242
"jeggs","cwhea","IRQ",-0.0242
"jeggs","cwhea","ISL",-0.0363
"jeggs","cwhea","ISR",-0.0605
"jeggs","cwhea","ITP",-0.0363
"jeggs","cwhea","JOR",-0.0242
"jeggs","cwhea","KAZ",-0.0363
"jeggs","cwhea","KGZ",-0.0363
"jeggs","cwhea","KOR",-0.0363
"jeggs","cwhea","LBN",-0.0242
"jeggs","cwhea","LBY",-0.0242
"jeggs","cwhea","MDA",-0.0242
"jeggs","cwhea","MNG",-0.0363
"jeggs","cwhea","MOR",-0.0242
"jeggs","cwhea","NOR",-0.0363
"jeggs","cwhea","NZL",-0.0605
"jeggs","cwhea","OBN",-0.0242
"jeggs","cwhea","PAK",-0.0121
"jeggs","cwhea","PRK",-0.0363
"jeggs","cwhea","PRT",-0.0363
"jeggs","cwhea","RAP",-0.0242
"jeggs","cwhea","RUS",-0.0363
"jeggs","cwhea","SAU",-0.0242
"jeggs","cwhea","SPP",-0.0363
"jeggs","cwhea","SWE",-0.0363
"jeggs","cwhea","SYR",-0.0242
"jeggs","cwhea","TJK",-0.0363
"jeggs","cwhea","TKM",-0.0363
"jeggs","cwhea","TUN",-0.0242
"jeggs","cwhea","TUR",-0.0242
"jeggs","cwhea","UKP",-0.0363
"jeggs","cwhea","UKR",-0.0363
"jeggs","cwhea","UZB",-0.0363
"jeggs","cwhea","YEM",-0.0242
"jeggs","cwhea","ZAF",-0.0605
"jeggs","cocer","AFG",-0.0242
"jeggs","cocer","AGO",-0.0242
"jeggs","cocer","ALB",-0.0242
"jeggs","cocer","ARG",-0.0363
"jeggs","cocer","ARM",-0.0363
"jeggs","cocer","AUS",-0.0726
"jeggs","cocer","AUT",-0.0484
"jeggs","cocer","AZE",-0.0363
"jeggs","cocer","BDI",-0.0242
"jeggs","cocer","BFA",-0.0242
"jeggs","cocer","BGD",-0.0242
"jeggs","cocer","BLR",-0.0363
"jeggs","cocer","BLT",-0.0363
"jeggs","cocer","BLX",-0.0484
"jeggs","cocer","BWA",-0.0242
"jeggs","cocer","CAN",-0.0242
"jeggs","cocer","CHM",-0.0242
"jeggs","cocer","CHP",-0.0484
"jeggs","cocer","CIV",-0.0242
"jeggs","cocer","COD",-0.0242
"jeggs","cocer","COG",-0.0242
"jeggs","cocer","CRB",-0.0242
"jeggs","cocer","DEU",-0.0484
"jeggs","cocer","DNK",-0.0484
"jeggs","cocer","DZA",-0.0968
"jeggs","cocer","EGY",-0.0121
"jeggs","cocer","ERI",-0.0242
"jeggs","cocer","ETH",-0.0242
"jeggs","cocer","FNP",-0.0484
"jeggs","cocer","GEO",-0.0363
"jeggs","cocer","GHA",-0.0242
"jeggs","cocer","GIN",-0.0242
"jeggs","cocer","IDN",-0.0242
"jeggs","cocer","IRQ",-0.0968
"jeggs","cocer","ISL",-0.0484
"jeggs","cocer","ISR",-0.0242
"jeggs","cocer","ITP",-0.0484
"jeggs","cocer","JOR",-0.0968
"jeggs","cocer","JPN",-0.0363
"jeggs","cocer","KAZ",-0.0363
"jeggs","cocer","KEN",-0.0242
"jeggs","cocer","KGZ",-0.0363
"jeggs","cocer","KHM",-0.0242
"jeggs","cocer","KOR",-0.0121
"jeggs","cocer","LAO",-0.0242
"jeggs","cocer","LBN",-0.0968
"jeggs","cocer","LBY",-0.0968
"jeggs","cocer","LSO",-0.0242
"jeggs","cocer","MDA",-0.0242
"jeggs","cocer","MEX",-0.0363
"jeggs","cocer","MLI",-0.0242
"jeggs","cocer","MMR",-0.0242
"jeggs","cocer","MNG",-0.0121
"jeggs","cocer","MOR",-0.0968
"jeggs","cocer","MRT",-0.0242
"jeggs","cocer","MWI",-0.0242
"jeggs","cocer","MYS",-0.0242
"jeggs","cocer","NER",-0.0242
"jeggs","cocer","NGA",-0.0242
"jeggs","cocer","NOR",-0.0484
"jeggs","cocer","NPL",-0.0242
"jeggs","cocer","NZL",-0.0242
"jeggs","cocer","OBN",-0.0242
"jeggs","cocer","OPO",-0.0242
"jeggs","cocer","PAK",-0.0847
"jeggs","cocer","PHL",-0.0242
"jeggs","cocer","PNG",-0.0242
"jeggs","cocer","PRK",-0.0121
"jeggs","cocer","PRT",-0.0484
"jeggs","cocer","PSE",-0.0242
"jeggs","cocer","RAP",-0.0968
"jeggs","cocer","RUS",-0.0363
"jeggs","cocer","RWA",-0.0242
"jeggs","cocer","SAU",-0.0968
"jeggs","cocer","SEN",-0.0242
"jeggs","cocer","SOM",-0.0242
"jeggs","cocer","SPP",-0.0484
"jeggs","cocer","SWE",-0.0484
"jeggs","cocer","SYR",-0.0968
"jeggs","cocer","TCD",-0.0242
"jeggs","cocer","THA",-0.0242
"jeggs","cocer","TJK",-0.0363
"jeggs","cocer","TKM",-0.0363
"jeggs","cocer","TUN",-0.0968
"jeggs","cocer","TUR",-0.0968
"jeggs","cocer","TZA",-0.0242
"jeggs","cocer","UGA",-0.0242
"jeggs","cocer","UKP",-0.0484
"jeggs","cocer","UKR",-0.0363
"jeggs","cocer","USA",-0.0121
"jeggs","cocer","UZB",-0.0363
"jeggs","cocer","VNM",-0.0242
"jeggs","cocer","YEM",-0.0968
"jeggs","cocer","ZAF",-0.0242
"jeggs","cocer","ZWE",-0.0242
"jeggs","cgdml","ARG",-0.01815
"jeggs","cgdml","AUS",-0.01815
"jeggs","cgdml","BLX",-0.1452
"jeggs","cgdml","BRA",-0.05445
"jeggs","cgdml","CAN",-0.01815
"jeggs","cgdml","CHL",-0.05445
"jeggs","cgdml","CHP",-0.1452
"jeggs","cgdml","DEU",-0.1452
"jeggs","cgdml","DOM",-0.05445
"jeggs","cgdml","DZA",-0.1089
"jeggs","cgdml","EGY",-0.12705
"jeggs","cgdml","GTM",-0.05445
"jeggs","cgdml","HND",-0.05445
"jeggs","cgdml","IND",-0.09075
"jeggs","cgdml","IRQ",-0.1089
"jeggs","cgdml","ITP",-0.1452
"jeggs","cgdml","LBN",-0.1089
"jeggs","cgdml","MEX",-0.0363
"jeggs","cgdml","MOR",-0.1089
"jeggs","cgdml","NIC",-0.05445
"jeggs","cgdml","NOR",-0.1452
"jeggs","cgdml","PAK",-0.0726
"jeggs","cgdml","PRT",-0.1452
"jeggs","cgdml","SAU",-0.1089
"jeggs","cgdml","SLV",-0.05445
"jeggs","cgdml","USA",-0.05445
"jeggs","cgdml","VEN",-0.05445
"jeggs","cgdml","ZAF",-0.01815
"jeggs","crpml","ARG",-0.01815
"jeggs","crpml","AUS",-0.01815
"jeggs","crpml","AUT",-0.1452
"jeggs","crpml","BLX",-0.1452
"jeggs","crpml","BRA",-0.05445
"jeggs","crpml","CAN",-0.01815
"jeggs","crpml","CHL",-0.05445
"jeggs","crpml","CHP",-0.1452
"jeggs","crpml","DEU",-0.1452
"jeggs","crpml","DNK",-0.1452
"jeggs","crpml","DZA",-0.1089
"jeggs","crpml","EGY",-0.12705
"jeggs","crpml","FNP",-0.1452
"jeggs","crpml","IND",-0.09075
"jeggs","crpml","IRN",-0.1089
"jeggs","crpml","ISR",-0.01815
"jeggs","crpml","ITP",-0.1452
"jeggs","crpml","JPN",-0.0726
"jeggs","crpml","KOR",-0.0726
"jeggs","crpml","MDA",-0.01815
"jeggs","crpml","MEX",-0.0363
"jeggs","crpml","MOR",-0.1089
"jeggs","crpml","NOR",-0.1452
"jeggs","crpml","NZL",-0.01815
"jeggs","crpml","OBN",-0.01815
"jeggs","crpml","PAK",-0.0726
"jeggs","crpml","PRT",-0.1452
"jeggs","crpml","PRY",-0.05445
"jeggs","crpml","RAP",-0.1089
"jeggs","crpml","SPP",-0.1452
"jeggs","crpml","SWE",-0.1452
"jeggs","crpml","TUR",-0.1089
"jeggs","crpml","UKP",-0.1452
"jeggs","crpml","URY",-0.05445
"jeggs","crpml","USA",-0.05445
"jeggs","crpml","ZAF",-0.01815
"jeggs","csbml","ALB",-0.01815
"jeggs","csbml","ARG",-0.01815
"jeggs","csbml","AUS",-0.01815
"jeggs","csbml","AUT",-0.1452
"jeggs","csbml","BLX",-0.1452
"jeggs","csbml","BLZ",-0.05445
"jeggs","csbml","BOL",-0.05445
"jeggs","csbml","BRA",-0.05445
"jeggs","csbml","CAN",-0.01815
"jeggs","csbml","CHL",-0.05445
"jeggs","csbml","CHP",-0.1452
"jeggs","csbml","COL",-0.05445
"jeggs","csbml","CRB",-0.0363
"jeggs","csbml","CRI",-0.05445
"jeggs","csbml","CUB",-0.05445
"jeggs","csbml","DEU",-0.1452
"jeggs","csbml","DNK",-0.1452
"jeggs","csbml","DOM",-0.05445
"jeggs","csbml","DZA",-0.1089
"jeggs","csbml","ECU",-0.05445
"jeggs","csbml","EGY",-0.12705
"jeggs","csbml","FJI",-0.0363
"jeggs","csbml","FNP",-0.1452
"jeggs","csbml","GSA",-0.05445
"jeggs","csbml","GTM",-0.05445
"jeggs","csbml","HND",-0.05445
"jeggs","csbml","IND",-0.09075
"jeggs","csbml","IRN",-0.1089
"jeggs","csbml","IRQ",-0.1089
"jeggs","csbml","ISL",-0.1452
"jeggs","csbml","ISR",-0.01815
"jeggs","csbml","ITP",-0.1452
"jeggs","csbml","JAM",-0.0363
"jeggs","csbml","JOR",-0.1089
"jeggs","csbml","JPN",-0.0726
"jeggs","csbml","KOR",-0.0726
"jeggs","csbml","LBN",-0.1089
"jeggs","csbml","MDA",-0.01815
"jeggs","csbml","MEX",-0.0363
"jeggs","csbml","MOR",-0.1089
"jeggs","csbml","NIC",-0.05445
"jeggs","csbml","NOR",-0.1452
"jeggs","csbml","NZL",-0.01815
"jeggs","csbml","OAO",-0.0363
"jeggs","csbml","OBN",-0.01815
"jeggs","csbml","OIO",-0.0363
"jeggs","csbml","OPO",-0.0363
"jeggs","csbml","PAK",-0.0726
"jeggs","csbml","PAN",-0.05445
"jeggs","csbml","PER",-0.05445
"jeggs","csbml","PRK",-0.05445
"jeggs","csbml","PRT",-0.1452
"jeggs","csbml","PRY",-0.05445
"jeggs","csbml","RAP",-0.1089
"jeggs","csbml","SAU",-0.1089
"jeggs","csbml","SLV",-0.05445
"jeggs","csbml","SPP",-0.1452
"jeggs","csbml","SWE",-0.1452
"jeggs","csbml","TUN",-0.1089
"jeggs","csbml","TUR",-0.1089
"jeggs","csbml","UKP",-0.1452
"jeggs","csbml","URY",-0.05445
"jeggs","csbml","USA",-0.05445
"jeggs","csbml","VEN",-0.05445
"jeggs","csbml","YEM",-0.1089
"jeggs","csbml","ZAF",-0.01815
"jeggs","csfml","ALB",-0.01815
"jeggs","csfml","ARG",-0.01815
"jeggs","csfml","AUS",-0.01815
"jeggs","csfml","AUT",-0.1452
"jeggs","csfml","BLX",-0.1452
"jeggs","csfml","BOL",-0.05445
"jeggs","csfml","BRA",-0.05445
"jeggs","csfml","CAN",-0.01815
"jeggs","csfml","CHL",-0.05445
"jeggs","csfml","CHP",-0.1452
"jeggs","csfml","COL",-0.05445
"jeggs","csfml","DEU",-0.1452
"jeggs","csfml","DNK",-0.1452
"jeggs","csfml","DZA",-0.1089
"jeggs","csfml","EGY",-0.12705
"jeggs","csfml","FNP",-0.1452
"jeggs","csfml","IND",-0.09075
"jeggs","csfml","IRN",-0.1089
"jeggs","csfml","IRQ",-0.1089
"jeggs","csfml","ISR",-0.01815
"jeggs","csfml","ITP",-0.1452
"jeggs","csfml","JOR",-0.1089
"jeggs","csfml","JPN",-0.0726
"jeggs","csfml","LBN",-0.1089
"jeggs","csfml","MDA",-0.01815
"jeggs","csfml","MEX",-0.0363
"jeggs","csfml","MOR",-0.1089
"jeggs","csfml","NOR",-0.1452
"jeggs","csfml","NZL",-0.01815
"jeggs","csfml","OBN",-0.01815
"jeggs","csfml","PAK",-0.0726
"jeggs","csfml","PER",-0.05445
"jeggs","csfml","PRT",-0.1452
"jeggs","csfml","PRY",-0.05445
"jeggs","csfml","RAP",-0.1089
"jeggs","csfml","SPP",-0.1452
"jeggs","csfml","SWE",-0.1452
"jeggs","csfml","TUN",-0.1089
"jeggs","csfml","TUR",-0.1089
"jeggs","csfml","UKP",-0.1452
"jeggs","csfml","URY",-0.05445
"jeggs","csfml","USA",-0.05445
"jeggs","csfml","VEN",-0.05445
"jeggs","csfml","ZAF",-0.01815
"jeggs","ctoml","ARG",-0.01815
"jeggs","ctoml","AUS",-0.01815
"jeggs","ctoml","AUT",-0.1452
"jeggs","ctoml","BLX",-0.1452
"jeggs","ctoml","BOL",-0.05445
"jeggs","ctoml","BRA",-0.05445
"jeggs","ctoml","CAN",-0.01815
"jeggs","ctoml","CHL",-0.05445
"jeggs","ctoml","CHP",-0.1452
"jeggs","ctoml","COL",-0.05445
"jeggs","ctoml","CRI",-0.05445
"jeggs","ctoml","DEU",-0.1452
"jeggs","ctoml","DNK",-0.1452
"jeggs","ctoml","DOM",-0.05445
"jeggs","ctoml","ECU",-0.05445
"jeggs","ctoml","EGY",-0.12705
"jeggs","ctoml","FJI",-0.0363
"jeggs","ctoml","GTM",-0.05445
"jeggs","ctoml","HND",-0.05445
"jeggs","ctoml","IND",-0.09075
"jeggs","ctoml","IRN",-0.1089
"jeggs","ctoml","IRQ",-0.1089
"jeggs","ctoml","ISR",-0.01815
"jeggs","ctoml","ITP",-0.1452
"jeggs","ctoml","JAM",-0.0363
"jeggs","ctoml","JOR",-0.1089
"jeggs","ctoml","JPN",-0.0726
"jeggs","ctoml","KOR",-0.0726
"jeggs","ctoml","LBN",-0.1089
"jeggs","ctoml","MDA",-0.01815
"jeggs","ctoml","MEX",-0.0363
"jeggs","ctoml","MOR",-0.1089
"jeggs","ctoml","NOR",-0.1452
"jeggs","ctoml","NZL",-0.01815
"jeggs","ctoml","OAO",-0.0363
"jeggs","ctoml","OBN",-0.01815
"jeggs","ctoml","OPO",-0.0363
"jeggs","ctoml","PAK",-0.0726
"jeggs","ctoml","PER",-0.05445
"jeggs","ctoml","PRK",-0.05445
"jeggs","ctoml","PRT",-0.1452
"jeggs","ctoml","PRY",-0.05445
"jeggs","ctoml","RAP",-0.1089
"jeggs","ctoml","SAU",-0.1089
"jeggs","ctoml","SLB",-0.0363
"jeggs","ctoml","SPP",-0.1452
"jeggs","ctoml","SWE",-0.1452
"jeggs","ctoml","TUN",-0.1089
"jeggs","ctoml","TUR",-0.1089
"jeggs","ctoml","UKP",-0.1452
"jeggs","ctoml","URY",-0.05445
"jeggs","ctoml","USA",-0.05445
"jeggs","ctoml","VEN",-0.05445
"jeggs","ctoml","VUT",-0.0363
"jeggs","ctoml","YEM",-0.1089
"jeggs","ctoml","ZAF",-0.01815
"jmilk","cmilk","AFG",0.4356
"jmilk","cmilk","AGO",0.484
"jmilk","cmilk","ALB",0.363
"jmilk","cmilk","ARG",0.4598
"jmilk","cmilk","ARM",0.242
"jmilk","cmilk","AUS",0.4598
"jmilk","cmilk","AUT",0.5082
"jmilk","cmilk","AZE",0.242
"jmilk","cmilk","BDI",0.4235
"jmilk","cmilk","BEN",0.4235
"jmilk","cmilk","BFA",0.484
"jmilk","cmilk","BGD",0.4356
"jmilk","cmilk","BGR",0.363
"jmilk","cmilk","BLR",0.242
"jmilk","cmilk","BLT",0.242
"jmilk","cmilk","BLX",0.5082
"jmilk","cmilk","BLZ",0.3388
"jmilk","cmilk","BOL",0.3388
"jmilk","cmilk","BRA",0.4235
"jmilk","cmilk","BTN",0.4356
"jmilk","cmilk","BWA",0.484
"jmilk","cmilk","CAF",0.4235
"jmilk","cmilk","CAN",0.3993
"jmilk","cmilk","CHL",0.3388
"jmilk","cmilk","CHM",0.363
"jmilk","cmilk","CHP",0.5082
"jmilk","cmilk","CIV",0.4235
"jmilk","cmilk","CMR",0.4235
"jmilk","cmilk","COD",0.4235
"jmilk","cmilk","COG",0.4235
"jmilk","cmilk","COL",0.2904
"jmilk","cmilk","CRB",0.4356
"jmilk","cmilk","CRI",0.3388
"jmilk","cmilk","CUB",0.3388
"jmilk","cmilk","CYP",0.5324
"jmilk","cmilk","CZE",0.363
"jmilk","cmilk","DEU",0.5082
"jmilk","cmilk","DNK",0.5082
"jmilk","cmilk","DOM",0.3388
"jmilk","cmilk","DZA",0.5324
"jmilk","cmilk","ECU",0.3388
"jmilk","cmilk","EGY",0.4235
"jmilk","cmilk","ERI",0.484
"jmilk","cmilk","ETH",0.484
"jmilk","cmilk","FJI",0.4356
"jmilk","cmilk","FNP",0.5082
"jmilk","cmilk","FRP",0.5082
"jmilk","cmilk","GAB",0.4235
"jmilk","cmilk","GEO",0.242
"jmilk","cmilk","GHA",0.4235
"jmilk","cmilk","GIN",0.4235
"jmilk","cmilk","GMB",0.4235
"jmilk","cmilk","GNB",0.4235
"jmilk","cmilk","GRC",0.363
"jmilk","cmilk","GSA",0.3388
"jmilk","cmilk","GTM",0.3388
"jmilk","cmilk","HND",0.3388
"jmilk","cmilk","HRV",0.363
"jmilk","cmilk","HTI",0.3388
"jmilk","cmilk","HUN",0.363
"jmilk","cmilk","IDN",0.484
"jmilk","cmilk","IND",0.3993
"jmilk","cmilk","IRL",0.5082
"jmilk","cmilk","IRN",0.5324
"jmilk","cmilk","IRQ",0.5324
"jmilk","cmilk","ISL",0.5082
"jmilk","cmilk","ISR",0.3993
"jmilk","cmilk","ITP",0.5082
"jmilk","cmilk","JAM",0.4356
"jmilk","cmilk","JOR",0.5324
"jmilk","cmilk","JPN",0.3146
"jmilk","cmilk","KAZ",0.242
"jmilk","cmilk","KEN",0.4235
"jmilk","cmilk","KGZ",0.242
"jmilk","cmilk","KHM",0.484
"jmilk","cmilk","KOR",0.5324
"jmilk","cmilk","LAO",0.484
"jmilk","cmilk","LBN",0.5324
"jmilk","cmilk","LBY",0.5324
"jmilk","cmilk","LKA",0.4356
"jmilk","cmilk","LSO",0.484
"jmilk","cmilk","MDA",0.363
"jmilk","cmilk","MEX",0.4235
"jmilk","cmilk","MLI",0.484
"jmilk","cmilk","MMR",0.4235
"jmilk","cmilk","MNG",0.4356
"jmilk","cmilk","MOR",0.5324
"jmilk","cmilk","MOZ",0.484
"jmilk","cmilk","MRT",0.484
"jmilk","cmilk","MWI",0.484
"jmilk","cmilk","MYS",0.3388
"jmilk","cmilk","NAM",0.484
"jmilk","cmilk","NER",0.484
"jmilk","cmilk","NGA",0.484
"jmilk","cmilk","NIC",0.3388
"jmilk","cmilk","NLD",0.5082
"jmilk","cmilk","NOR",0.5082
"jmilk","cmilk","NPL",0.4356
"jmilk","cmilk","NZL",0.3993
"jmilk","cmilk","OAO",0.4356
"jmilk","cmilk","OBN",0.363
"jmilk","cmilk","OIO",0.4356
"jmilk","cmilk","OPO",0.4356
"jmilk","cmilk","OSA",0.484
"jmilk","cmilk","PAK",0.363
"jmilk","cmilk","PAN",0.3388
"jmilk","cmilk","PER",0.3388
"jmilk","cmilk","PHL",0.3872
"jmilk","cmilk","PNG",0.4356
"jmilk","cmilk","POL",0.363
"jmilk","cmilk","PRK",0.4356
"jmilk","cmilk","PRT",0.5082
"jmilk","cmilk","PRY",0.3388
"jmilk","cmilk","PSE",0.4235
"jmilk","cmilk","RAP",0.5324
"jmilk","cmilk","ROU",0.363
"jmilk","cmilk","RUS",0.242
"jmilk","cmilk","RWA",0.4235
"jmilk","cmilk","SAU",0.5324
"jmilk","cmilk","SDN",0.484
"jmilk","cmilk","SEN",0.4235
"jmilk","cmilk","SLB",0.4356
"jmilk","cmilk","SLE",0.4235
"jmilk","cmilk","SLV",0.3388
"jmilk","cmilk","SOM",0.484
"jmilk","cmilk","SPP",0.5082
"jmilk","cmilk","SVK",0.363
"jmilk","cmilk","SVN",0.363
"jmilk","cmilk","SWE",0.5082
"jmilk","cmilk","SWZ",0.484
"jmilk","cmilk","SYR",0.5324
"jmilk","cmilk","TGO",0.4235
"jmilk","cmilk","THA",0.363
"jmilk","cmilk","TJK",0.242
"jmilk","cmilk","TKM",0.242
"jmilk","cmilk","TUN",0.5324
"jmilk","cmilk","TUR",0.484
"jmilk","cmilk","TZA",0.4235
"jmilk","cmilk","UGA",0.4235
"jmilk","cmilk","UKP",0.5082
"jmilk","cmilk","UKR",0.242
"jmilk","cmilk","URY",0.3388
"jmilk","cmilk","USA",0.4477
"jmilk","cmilk","UZB",0.242
"jmilk","cmilk","VEN",0.3388
"jmilk","cmilk","VNM",0.363
"jmilk","cmilk","YEM",0.5324
"jmilk","cmilk","ZAF",0.3993
"jmilk","cmilk","ZMB",0.484
"jmilk","cmilk","ZWE",0.484
"jmilk","cbarl","AFG",-0.0484
"jmilk","cbarl","ARG",-0.0242
"jmilk","cbarl","ARM",-0.0121
"jmilk","cbarl","AUT",-0.0121
"jmilk","cbarl","AZE",-0.0121
"jmilk","cbarl","BGD",-0.0484
"jmilk","cbarl","BLR",-0.0121
"jmilk","cbarl","BLT",-0.0121
"jmilk","cbarl","BLX",-0.0121
"jmilk","cbarl","BRA",-0.0121
"jmilk","cbarl","CHP",-0.0121
"jmilk","cbarl","COG",-0.0484
"jmilk","cbarl","CRB",-0.0484
"jmilk","cbarl","CYP",-0.0484
"jmilk","cbarl","DEU",-0.0121
"jmilk","cbarl","DNK",-0.0121
"jmilk","cbarl","DZA",-0.0484
"jmilk","cbarl","ERI",-0.0484
"jmilk","cbarl","ETH",-0.0484
"jmilk","cbarl","FNP",-0.0121
"jmilk","cbarl","FRP",-0.0121
"jmilk","cbarl","GEO",-0.0121
"jmilk","cbarl","IND",-0.0484
"jmilk","cbarl","IRL",-0.0121
"jmilk","cbarl","IRN",-0.0484
"jmilk","cbarl","IRQ",-0.0484
"jmilk","cbarl","ISL",-0.0121
"jmilk","cbarl","ITP",-0.0121
"jmilk","cbarl","JOR",-0.0484
"jmilk","cbarl","KAZ",-0.0121
"jmilk","cbarl","KGZ",-0.0121
"jmilk","cbarl","KHM",-0.0484
"jmilk","cbarl","KOR",-0.0484
"jmilk","cbarl","LAO",-0.0484
"jmilk","cbarl","LBN",-0.0484
"jmilk","cbarl","LBY",-0.0484
"jmilk","cbarl","MEX",-0.0121
"jmilk","cbarl","MMR",-0.0484
"jmilk","cbarl","MNG",-0.0484
"jmilk","cbarl","MOR",-0.0484
"jmilk","cbarl","NGA",-0.0484
"jmilk","cbarl","NLD",-0.0121
"jmilk","cbarl","NOR",-0.0121
"jmilk","cbarl","NPL",-0.0484
"jmilk","cbarl","OPO",-0.0484
"jmilk","cbarl","PAK",-0.0484
"jmilk","cbarl","PHL",-0.0484
"jmilk","cbarl","PRK",-0.0484
"jmilk","cbarl","PRT",-0.0121
"jmilk","cbarl","PSE",-0.0484
"jmilk","cbarl","RAP",-0.0484
"jmilk","cbarl","RUS",-0.0121
"jmilk","cbarl","SAU",-0.0484
"jmilk","cbarl","SPP",-0.0121
"jmilk","cbarl","SWE",-0.0121
"jmilk","cbarl","SYR",-0.0484
"jmilk","cbarl","TJK",-0.0121
"jmilk","cbarl","TKM",-0.0121
"jmilk","cbarl","TUN",-0.0484
"jmilk","cbarl","TUR",-0.0484
"jmilk","cbarl","UKP",-0.0121
"jmilk","cbarl","UKR",-0.0121
"jmilk","cbarl","USA",-0.0121
"jmilk","cbarl","UZB",-0.0121
"jmilk","cbarl","VNM",-0.0484
"jmilk","cbarl","ZWE",-0.0484
"jmilk","cmaiz","AFG",-0.0484
"jmilk","cmaiz","AGO",-0.0484
"jmilk","cmaiz","ARG",-0.0484
"jmilk","cmaiz","AUS",-0.0242
"jmilk","cmaiz","BDI",-0.0484
"jmilk","cmaiz","BEN",-0.0484
"jmilk","cmaiz","BFA",-0.0484
"jmilk","cmaiz","BGD",-0.0484
"jmilk","cmaiz","BLZ",-0.0363
"jmilk","cmaiz","BOL",-0.0363
"jmilk","cmaiz","BRA",-0.0484
"jmilk","cmaiz","BTN",-0.0484
"jmilk","cmaiz","BWA",-0.0484
"jmilk","cmaiz","CAF",-0.0484
"jmilk","cmaiz","CAN",-0.0121
"jmilk","cmaiz","CHL",-0.0363
"jmilk","cmaiz","CHM",-0.0242
"jmilk","cmaiz","CIV",-0.0484
"jmilk","cmaiz","CMR",-0.0484
"jmilk","cmaiz","COD",-0.0484
"jmilk","cmaiz","COG",-0.0484
"jmilk","cmaiz","COL",-0.0363
"jmilk","cmaiz","CRB",-0.0484
"jmilk","cmaiz","CRI",-0.0363
"jmilk","cmaiz","CUB",-0.0363
"jmilk","cmaiz","CYP",-0.0484
"jmilk","cmaiz","DJI",-0.0484
"jmilk","cmaiz","DOM",-0.0363
"jmilk","cmaiz","DZA",-0.0484
"jmilk","cmaiz","ECU",-0.0363
"jmilk","cmaiz","EGY",-0.0605
"jmilk","cmaiz","ERI",-0.0484
"jmilk","cmaiz","ETH",-0.0484
"jmilk","cmaiz","FJI",-0.0484
"jmilk","cmaiz","GAB",-0.0484
"jmilk","cmaiz","GHA",-0.0484
"jmilk","cmaiz","GIN",-0.0484
"jmilk","cmaiz","GNB",-0.0484
"jmilk","cmaiz","GSA",-0.0363
"jmilk","cmaiz","GTM",-0.0363
"jmilk","cmaiz","HND",-0.0363
"jmilk","cmaiz","HTI",-0.0363
"jmilk","cmaiz","IDN",-0.0484
"jmilk","cmaiz","IND",-0.0484
"jmilk","cmaiz","IRN",-0.0484
"jmilk","cmaiz","IRQ",-0.0484
"jmilk","cmaiz","ISR",-0.0121
"jmilk","cmaiz","JAM",-0.0484
"jmilk","cmaiz","JOR",-0.0484
"jmilk","cmaiz","JPN",-0.0121
"jmilk","cmaiz","KEN",-0.0484
"jmilk","cmaiz","KHM",-0.0484
"jmilk","cmaiz","KOR",-0.0484
"jmilk","cmaiz","LAO",-0.0484
"jmilk","cmaiz","LBN",-0.0484
"jmilk","cmaiz","LBR",-0.0484
"jmilk","cmaiz","LBY",-0.0484
"jmilk","cmaiz","LKA",-0.0484
"jmilk","cmaiz","LSO",-0.0484
"jmilk","cmaiz","MDG",-0.0484
"jmilk","cmaiz","MLI",-0.0484
"jmilk","cmaiz","MMR",-0.0484
"jmilk","cmaiz","MNG",-0.0484
"jmilk","cmaiz","MOR",-0.0484
"jmilk","cmaiz","MOZ",-0.0484
"jmilk","cmaiz","MRT",-0.0484
"jmilk","cmaiz","MWI",-0.0484
"jmilk","cmaiz","MYS",-0.0484
"jmilk","cmaiz","NAM",-0.0484
"jmilk","cmaiz","NER",-0.0484
"jmilk","cmaiz","NGA",-0.0484
"jmilk","cmaiz","NIC",-0.0363
"jmilk","cmaiz","NPL",-0.0484
"jmilk","cmaiz","NZL",-0.0121
"jmilk","cmaiz","OAO",-0.0484
"jmilk","cmaiz","OIO",-0.0484
"jmilk","cmaiz","OPO",-0.0484
"jmilk","cmaiz","PAK",-0.0484
"jmilk","cmaiz","PAN",-0.0363
"jmilk","cmaiz","PER",-0.0363
"jmilk","cmaiz","PHL",-0.0484
"jmilk","cmaiz","PNG",-0.0484
"jmilk","cmaiz","PRK",-0.0484
"jmilk","cmaiz","PRY",-0.0363
"jmilk","cmaiz","RAP",-0.0484
"jmilk","cmaiz","RWA",-0.0484
"jmilk","cmaiz","SAU",-0.0484
"jmilk","cmaiz","SDN",-0.0484
"jmilk","cmaiz","SEN",-0.0484
"jmilk","cmaiz","SLE",-0.0484
"jmilk","cmaiz","SLV",-0.0363
"jmilk","cmaiz","SOM",-0.0484
"jmilk","cmaiz","SWZ",-0.0484
"jmilk","cmaiz","SYR",-0.0484
"jmilk","cmaiz","TCD",-0.0484
"jmilk","cmaiz","TGO",-0.0484
"jmilk","cmaiz","THA",-0.0484
"jmilk","cmaiz","TLS",-0.0484
"jmilk","cmaiz","TUN",-0.0484
"jmilk","cmaiz","TUR",-0.0484
"jmilk","cmaiz","TZA",-0.0484
"jmilk","cmaiz","UGA",-0.0484
"jmilk","cmaiz","URY",-0.0363
"jmilk","cmaiz","USA",-0.0121
"jmilk","cmaiz","VEN",-0.0363
"jmilk","cmaiz","VNM",-0.0484
"jmilk","cmaiz","VUT",-0.0484
"jmilk","cmaiz","YEM",-0.0484
"jmilk","cmaiz","ZAF",-0.0121
"jmilk","cmaiz","ZMB",-0.0484
"jmilk","cmaiz","ZWE",-0.0484
"jmilk","cwhea","AGO",-0.0242
"jmilk","cwhea","ALB",-0.0242
"jmilk","cwhea","ARG",-0.0484
"jmilk","cwhea","ARM",-0.0242
"jmilk","cwhea","AUS",-0.0121
"jmilk","cwhea","AUT",-0.0121
"jmilk","cwhea","AZE",-0.0242
"jmilk","cwhea","BDI",-0.0242
"jmilk","cwhea","BEN",-0.0242
"jmilk","cwhea","BFA",-0.0242
"jmilk","cwhea","BGD",-0.0605
"jmilk","cwhea","BGR",-0.0242
"jmilk","cwhea","BLR",-0.0242
"jmilk","cwhea","BLT",-0.0242
"jmilk","cwhea","BLX",-0.0121
"jmilk","cwhea","BLZ",-0.0363
"jmilk","cwhea","BOL",-0.0363
"jmilk","cwhea","BRA",-0.0605
"jmilk","cwhea","BWA",-0.0242
"jmilk","cwhea","CAN",-0.0242
"jmilk","cwhea","CHL",-0.0363
"jmilk","cwhea","CHM",-0.0242
"jmilk","cwhea","CHP",-0.0121
"jmilk","cwhea","COD",-0.0242
"jmilk","cwhea","COG",-0.0242
"jmilk","cwhea","COL",-0.0363
"jmilk","cwhea","CRB",-0.0242
"jmilk","cwhea","CRI",-0.0363
"jmilk","cwhea","CUB",-0.0363
"jmilk","cwhea","CYP",-0.0363
"jmilk","cwhea","CZE",-0.0242
"jmilk","cwhea","DEU",-0.0121
"jmilk","cwhea","DNK",-0.0121
"jmilk","cwhea","DOM",-0.0363
"jmilk","cwhea","DZA",-0.0363
"jmilk","cwhea","ECU",-0.0363
"jmilk","cwhea","ERI",-0.0242
"jmilk","cwhea","ETH",-0.0242
"jmilk","cwhea","FJI",-0.0242
"jmilk","cwhea","FNP",-0.0121
"jmilk","cwhea","FRP",-0.0121
"jmilk","cwhea","GEO",-0.0242
"jmilk","cwhea","GHA",-0.0242
"jmilk","cwhea","GIN",-0.0242
"jmilk","cwhea","GRC",-0.0242
"jmilk","cwhea","GSA",-0.0363
"jmilk","cwhea","GTM",-0.0363
"jmilk","cwhea","HND",-0.0363
"jmilk","cwhea","HRV",-0.0242
"jmilk","cwhea","HTI",-0.0363
"jmilk","cwhea","HUN",-0.0242
"jmilk","cwhea","IDN",-0.0484
"jmilk","cwhea","IRL",-0.0121
"jmilk","cwhea","IRN",-0.0363
"jmilk","cwhea","IRQ",-0.0363
"jmilk","cwhea","ISL",-0.0121
"jmilk","cwhea","ISR",-0.0242
"jmilk","cwhea","ITP",-0.0121
"jmilk","cwhea","JOR",-0.0363
"jmilk","cwhea","JPN",-0.0242
"jmilk","cwhea","KAZ",-0.0242
"jmilk","cwhea","KEN",-0.0242
"jmilk","cwhea","KGZ",-0.0242
"jmilk","cwhea","KHM",-0.0605
"jmilk","cwhea","KOR",-0.0605
"jmilk","cwhea","LAO",-0.0605
"jmilk","cwhea","LBN",-0.0363
"jmilk","cwhea","LBY",-0.0363
"jmilk","cwhea","LKA",-0.0605
"jmilk","cwhea","LSO",-0.0242
"jmilk","cwhea","MDA",-0.0242
"jmilk","cwhea","MDG",-0.0242
"jmilk","cwhea","MEX",-0.0484
"jmilk","cwhea","MLI",-0.0242
"jmilk","cwhea","MMR",-0.0484
"jmilk","cwhea","MNG",-0.0242
"jmilk","cwhea","MOR",-0.0363
"jmilk","cwhea","MOZ",-0.0242
"jmilk","cwhea","MRT",-0.0242
"jmilk","cwhea","MYS",-0.0363
"jmilk","cwhea","NAM",-0.0242
"jmilk","cwhea","NER",-0.0242
"jmilk","cwhea","NIC",-0.0363
"jmilk","cwhea","NLD",-0.0121
"jmilk","cwhea","NOR",-0.0121
"jmilk","cwhea","NPL",-0.0605
"jmilk","cwhea","NZL",-0.0242
"jmilk","cwhea","OAO",-0.0242
"jmilk","cwhea","OBN",-0.0242
"jmilk","cwhea","OIO",-0.0242
"jmilk","cwhea","OPO",-0.0242
"jmilk","cwhea","PAK",-0.0726
"jmilk","cwhea","PER",-0.0363
"jmilk","cwhea","PHL",-0.0484
"jmilk","cwhea","PNG",-0.0242
"jmilk","cwhea","POL",-0.0242
"jmilk","cwhea","PRK",-0.0242
"jmilk","cwhea","PRT",-0.0121
"jmilk","cwhea","PRY",-0.0363
"jmilk","cwhea","PSE",-0.0242
"jmilk","cwhea","RAP",-0.0363
"jmilk","cwhea","ROU",-0.0242
"jmilk","cwhea","RUS",-0.0242
"jmilk","cwhea","RWA",-0.0242
"jmilk","cwhea","SAU",-0.0363
"jmilk","cwhea","SEN",-0.0242
"jmilk","cwhea","SLV",-0.0363
"jmilk","cwhea","SOM",-0.0242
"jmilk","cwhea","SPP",-0.0121
"jmilk","cwhea","SVK",-0.0242
"jmilk","cwhea","SVN",-0.0242
"jmilk","cwhea","SWE",-0.0121
"jmilk","cwhea","SWZ",-0.0242
"jmilk","cwhea","SYR",-0.0363
"jmilk","cwhea","THA",-0.0363
"jmilk","cwhea","TJK",-0.0242
"jmilk","cwhea","TKM",-0.0242
"jmilk","cwhea","TUN",-0.0363
"jmilk","cwhea","TUR",-0.0363
"jmilk","cwhea","TZA",-0.0242
"jmilk","cwhea","UKP",-0.0121
"jmilk","cwhea","UKR",-0.0242
"jmilk","cwhea","URY",-0.0363
"jmilk","cwhea","USA",-0.0484
"jmilk","cwhea","UZB",-0.0242
"jmilk","cwhea","VEN",-0.0363
"jmilk","cwhea","VNM",-0.0363
"jmilk","cwhea","YEM",-0.0363
"jmilk","cwhea","ZAF",-0.0242
"jmilk","cwhea","ZMB",-0.0242
"jmilk","cwhea","ZWE",-0.0242
"jmilk","cocer","AFG",-0.0484
"jmilk","cocer","AGO",-0.0484
"jmilk","cocer","ARG",-0.0242
"jmilk","cocer","ARM",-0.0121
"jmilk","cocer","AUT",-0.0121
"jmilk","cocer","AZE",-0.0121
"jmilk","cocer","BDI",-0.0484
"jmilk","cocer","BFA",-0.0484
"jmilk","cocer","BGD",-0.0484
"jmilk","cocer","BLR",-0.0121
"jmilk","cocer","BLT",-0.0121
"jmilk","cocer","BLX",-0.0121
"jmilk","cocer","BRA",-0.0121
"jmilk","cocer","BWA",-0.0484
"jmilk","cocer","CHP",-0.0121
"jmilk","cocer","CIV",-0.0484
"jmilk","cocer","COD",-0.0484
"jmilk","cocer","COG",-0.0484
"jmilk","cocer","CRB",-0.0484
"jmilk","cocer","CYP",-0.0484
"jmilk","cocer","DEU",-0.0121
"jmilk","cocer","DNK",-0.0121
"jmilk","cocer","DZA",-0.0484
"jmilk","cocer","ERI",-0.0484
"jmilk","cocer","ETH",-0.0484
"jmilk","cocer","FNP",-0.0121
"jmilk","cocer","FRP",-0.0121
"jmilk","cocer","GEO",-0.0121
"jmilk","cocer","GHA",-0.0484
"jmilk","cocer","GIN",-0.0484
"jmilk","cocer","IDN",-0.0484
"jmilk","cocer","IND",-0.0484
"jmilk","cocer","IRL",-0.0121
"jmilk","cocer","IRQ",-0.0484
"jmilk","cocer","ISL",-0.0121
"jmilk","cocer","ITP",-0.0121
"jmilk","cocer","JOR",-0.0484
"jmilk","cocer","KAZ",-0.0121
"jmilk","cocer","KEN",-0.0484
"jmilk","cocer","KGZ",-0.0121
"jmilk","cocer","KHM",-0.0484
"jmilk","cocer","KOR",-0.0484
"jmilk","cocer","LAO",-0.0484
"jmilk","cocer","LBN",-0.0484
"jmilk","cocer","LBY",-0.0484
"jmilk","cocer","LSO",-0.0484
"jmilk","cocer","MEX",-0.0121
"jmilk","cocer","MLI",-0.0484
"jmilk","cocer","MMR",-0.0484
"jmilk","cocer","MNG",-0.0484
"jmilk","cocer","MOR",-0.0484
"jmilk","cocer","MRT",-0.0484
"jmilk","cocer","MWI",-0.0484
"jmilk","cocer","MYS",-0.0484
"jmilk","cocer","NER",-0.0484
"jmilk","cocer","NGA",-0.0484
"jmilk","cocer","NLD",-0.0121
"jmilk","cocer","NOR",-0.0121
"jmilk","cocer","NPL",-0.0484
"jmilk","cocer","OPO",-0.0484
"jmilk","cocer","PAK",-0.0484
"jmilk","cocer","PHL",-0.0484
"jmilk","cocer","PNG",-0.0484
"jmilk","cocer","PRK",-0.0484
"jmilk","cocer","PRT",-0.0121
"jmilk","cocer","PSE",-0.0484
"jmilk","cocer","RAP",-0.0484
"jmilk","cocer","RUS",-0.0121
"jmilk","cocer","RWA",-0.0484
"jmilk","cocer","SAU",-0.0484
"jmilk","cocer","SEN",-0.0484
"jmilk","cocer","SOM",-0.0484
"jmilk","cocer","SPP",-0.0121
"jmilk","cocer","SWE",-0.0121
"jmilk","cocer","SYR",-0.0484
"jmilk","cocer","TCD",-0.0484
"jmilk","cocer","THA",-0.0484
"jmilk","cocer","TJK",-0.0121
"jmilk","cocer","TKM",-0.0121
"jmilk","cocer","TUN",-0.0484
"jmilk","cocer","TUR",-0.0484
"jmilk","cocer","TZA",-0.0484
"jmilk","cocer","UGA",-0.0484
"jmilk","cocer","UKP",-0.0121
"jmilk","cocer","UKR",-0.0121
"jmilk","cocer","USA",-0.0121
"jmilk","cocer","UZB",-0.0121
"jmilk","cocer","VNM",-0.0484
"jmilk","cocer","YEM",-0.0484
"jmilk","cocer","ZWE",-0.0484
"jmilk","cgdml","BGD",-0.0363
"jmilk","cgdml","BGR",-0.01815
"jmilk","cgdml","BLX",-0.0363
"jmilk","cgdml","BRA",-0.0363
"jmilk","cgdml","CHL",-0.01815
"jmilk","cgdml","CHP",-0.0363
"jmilk","cgdml","CZE",-0.01815
"jmilk","cgdml","DEU",-0.0363
"jmilk","cgdml","DOM",-0.01815
"jmilk","cgdml","DZA",-0.0363
"jmilk","cgdml","EGY",-0.01815
"jmilk","cgdml","FRP",-0.0363
"jmilk","cgdml","GRC",-0.01815
"jmilk","cgdml","GTM",-0.01815
"jmilk","cgdml","HND",-0.01815
"jmilk","cgdml","IDN",-0.0363
"jmilk","cgdml","IND",-0.0363
"jmilk","cgdml","IRQ",-0.0363
"jmilk","cgdml","ITP",-0.0363
"jmilk","cgdml","LAO",-0.0363
"jmilk","cgdml","LBN",-0.0363
"jmilk","cgdml","MMR",-0.0363
"jmilk","cgdml","MOR",-0.0363
"jmilk","cgdml","NIC",-0.01815
"jmilk","cgdml","NLD",-0.0363
"jmilk","cgdml","NOR",-0.0363
"jmilk","cgdml","NPL",-0.0363
"jmilk","cgdml","PAK",-0.0363
"jmilk","cgdml","PHL",-0.0363
"jmilk","cgdml","POL",-0.01815
"jmilk","cgdml","PRT",-0.0363
"jmilk","cgdml","SAU",-0.0363
"jmilk","cgdml","SLV",-0.01815
"jmilk","cgdml","THA",-0.0363
"jmilk","cgdml","VEN",-0.01815
"jmilk","cgdml","VNM",-0.0363
"jmilk","crpml","AUT",-0.0363
"jmilk","crpml","BGD",-0.0363
"jmilk","crpml","BLX",-0.0363
"jmilk","crpml","BRA",-0.0363
"jmilk","crpml","CHL",-0.01815
"jmilk","crpml","CHP",-0.0363
"jmilk","crpml","CYP",-0.0363
"jmilk","crpml","CZE",-0.01815
"jmilk","crpml","DEU",-0.0363
"jmilk","crpml","DNK",-0.0363
"jmilk","crpml","DZA",-0.0363
"jmilk","crpml","EGY",-0.01815
"jmilk","crpml","FNP",-0.0363
"jmilk","crpml","FRP",-0.0363
"jmilk","crpml","GRC",-0.01815
"jmilk","crpml","HRV",-0.01815
"jmilk","crpml","HUN",-0.01815
"jmilk","crpml","IDN",-0.0363
"jmilk","crpml","IND",-0.0363
"jmilk","crpml","IRL",-0.0363
"jmilk","crpml","IRN",-0.0363
"jmilk","crpml","ITP",-0.0363
"jmilk","crpml","JPN",-0.01815
"jmilk","crpml","KOR",-0.0363
"jmilk","crpml","LKA",-0.0363
"jmilk","crpml","MDA",-0.01815
"jmilk","crpml","MMR",-0.0363
"jmilk","crpml","MOR",-0.0363
"jmilk","crpml","MYS",-0.0363
"jmilk","crpml","NLD",-0.0363
"jmilk","crpml","NOR",-0.0363
"jmilk","crpml","NPL",-0.0363
"jmilk","crpml","OBN",-0.01815
"jmilk","crpml","PAK",-0.0363
"jmilk","crpml","PHL",-0.0363
"jmilk","crpml","POL",-0.01815
"jmilk","crpml","PRT",-0.0363
"jmilk","crpml","PRY",-0.01815
"jmilk","crpml","RAP",-0.0363
"jmilk","crpml","SPP",-0.0363
"jmilk","crpml","SVK",-0.01815
"jmilk","crpml","SVN",-0.01815
"jmilk","crpml","SWE",-0.0363
"jmilk","crpml","THA",-0.0363
"jmilk","crpml","TUR",-0.0363
"jmilk","crpml","UKP",-0.0363
"jmilk","crpml","URY",-0.01815
"jmilk","csbml","ALB",-0.01815
"jmilk","csbml","AUT",-0.0363
"jmilk","csbml","BGD",-0.0363
"jmilk","csbml","BGR",-0.01815
"jmilk","csbml","BLX",-0.0363
"jmilk","csbml","BLZ",-0.01815
"jmilk","csbml","BOL",-0.01815
"jmilk","csbml","BRA",-0.0363
"jmilk","csbml","CHL",-0.01815
"jmilk","csbml","CHP",-0.0363
"jmilk","csbml","COL",-0.01815
"jmilk","csbml","CRB",-0.0363
"jmilk","csbml","CRI",-0.01815
"jmilk","csbml","CUB",-0.01815
"jmilk","csbml","CYP",-0.0363
"jmilk","csbml","CZE",-0.01815
"jmilk","csbml","DEU",-0.0363
"jmilk","csbml","DNK",-0.0363
"jmilk","csbml","DOM",-0.01815
"jmilk","csbml","DZA",-0.0363
"jmilk","csbml","ECU",-0.01815
"jmilk","csbml","EGY",-0.01815
"jmilk","csbml","FJI",-0.0363
"jmilk","csbml","FNP",-0.0363
"jmilk","csbml","FRP",-0.0363
"jmilk","csbml","GRC",-0.01815
"jmilk","csbml","GSA",-0.01815
"jmilk","csbml","GTM",-0.01815
"jmilk","csbml","HND",-0.01815
"jmilk","csbml","HRV",-0.01815
"jmilk","csbml","HUN",-0.01815
"jmilk","csbml","IDN",-0.0363
"jmilk","csbml","IND",-0.0363
"jmilk","csbml","IRL",-0.0363
"jmilk","csbml","IRN",-0.0363
"jmilk","csbml","IRQ",-0.0363
"jmilk","csbml","ISL",-0.0363
"jmilk","csbml","ITP",-0.0363
"jmilk","csbml","JAM",-0.0363
"jmilk","csbml","JOR",-0.0363
"jmilk","csbml","JPN",-0.01815
"jmilk","csbml","KHM",-0.0363
"jmilk","csbml","KOR",-0.0363
"jmilk","csbml","LAO",-0.0363
"jmilk","csbml","LBN",-0.0363
"jmilk","csbml","LKA",-0.0363
"jmilk","csbml","MDA",-0.01815
"jmilk","csbml","MMR",-0.0363
"jmilk","csbml","MOR",-0.0363
"jmilk","csbml","MYS",-0.0363
"jmilk","csbml","NIC",-0.01815
"jmilk","csbml","NLD",-0.0363
"jmilk","csbml","NOR",-0.0363
"jmilk","csbml","NPL",-0.0363
"jmilk","csbml","OAO",-0.0363
"jmilk","csbml","OBN",-0.01815
"jmilk","csbml","OIO",-0.0363
"jmilk","csbml","OPO",-0.0363
"jmilk","csbml","OSA",-0.0363
"jmilk","csbml","PAK",-0.0363
"jmilk","csbml","PAN",-0.01815
"jmilk","csbml","PER",-0.01815
"jmilk","csbml","PHL",-0.0363
"jmilk","csbml","POL",-0.01815
"jmilk","csbml","PRK",-0.0363
"jmilk","csbml","PRT",-0.0363
"jmilk","csbml","PRY",-0.01815
"jmilk","csbml","RAP",-0.0363
"jmilk","csbml","ROU",-0.01815
"jmilk","csbml","SAU",-0.0363
"jmilk","csbml","SLV",-0.01815
"jmilk","csbml","SPP",-0.0363
"jmilk","csbml","SVK",-0.01815
"jmilk","csbml","SVN",-0.01815
"jmilk","csbml","SWE",-0.0363
"jmilk","csbml","THA",-0.0363
"jmilk","csbml","TUN",-0.0363
"jmilk","csbml","TUR",-0.0363
"jmilk","csbml","UKP",-0.0363
"jmilk","csbml","URY",-0.01815
"jmilk","csbml","VEN",-0.01815
"jmilk","csbml","YEM",-0.0363
"jmilk","csfml","AFG",-0.0363
"jmilk","csfml","ALB",-0.01815
"jmilk","csfml","AUT",-0.0363
"jmilk","csfml","BGR",-0.01815
"jmilk","csfml","BLX",-0.0363
"jmilk","csfml","BOL",-0.01815
"jmilk","csfml","BRA",-0.0363
"jmilk","csfml","CHL",-0.01815
"jmilk","csfml","CHP",-0.0363
"jmilk","csfml","COL",-0.01815
"jmilk","csfml","CYP",-0.0363
"jmilk","csfml","CZE",-0.01815
"jmilk","csfml","DEU",-0.0363
"jmilk","csfml","DNK",-0.0363
"jmilk","csfml","DZA",-0.0363
"jmilk","csfml","EGY",-0.01815
"jmilk","csfml","FNP",-0.0363
"jmilk","csfml","FRP",-0.0363
"jmilk","csfml","GRC",-0.01815
"jmilk","csfml","HRV",-0.01815
"jmilk","csfml","HUN",-0.01815
"jmilk","csfml","IDN",-0.0363
"jmilk","csfml","IND",-0.0363
"jmilk","csfml","IRL",-0.0363
"jmilk","csfml","IRN",-0.0363
"jmilk","csfml","IRQ",-0.0363
"jmilk","csfml","ITP",-0.0363
"jmilk","csfml","JOR",-0.0363
"jmilk","csfml","JPN",-0.01815
"jmilk","csfml","LBN",-0.0363
"jmilk","csfml","MDA",-0.01815
"jmilk","csfml","MMR",-0.0363
"jmilk","csfml","MOR",-0.0363
"jmilk","csfml","NLD",-0.0363
"jmilk","csfml","NOR",-0.0363
"jmilk","csfml","OBN",-0.01815
"jmilk","csfml","PAK",-0.0363
"jmilk","csfml","PER",-0.01815
"jmilk","csfml","POL",-0.01815
"jmilk","csfml","PRT",-0.0363
"jmilk","csfml","PRY",-0.01815
"jmilk","csfml","RAP",-0.0363
"jmilk","csfml","ROU",-0.01815
"jmilk","csfml","SPP",-0.0363
"jmilk","csfml","SVK",-0.01815
"jmilk","csfml","SVN",-0.01815
"jmilk","csfml","SWE",-0.0363
"jmilk","csfml","THA",-0.0363
"jmilk","csfml","TUN",-0.0363
"jmilk","csfml","TUR",-0.0363
"jmilk","csfml","UKP",-0.0363
"jmilk","csfml","URY",-0.01815
"jmilk","csfml","VEN",-0.01815
"jmilk","cpkml","IDN",-0.04719
"jmilk","ctoml","AFG",-0.0363
"jmilk","ctoml","AUT",-0.0363
"jmilk","ctoml","BGD",-0.0363
"jmilk","ctoml","BGR",-0.01815
"jmilk","ctoml","BLX",-0.0363
"jmilk","ctoml","BOL",-0.01815
"jmilk","ctoml","BRA",-0.0363
"jmilk","ctoml","CHL",-0.01815
"jmilk","ctoml","CHP",-0.0363
"jmilk","ctoml","COL",-0.01815
"jmilk","ctoml","CRI",-0.01815
"jmilk","ctoml","CZE",-0.01815
"jmilk","ctoml","DEU",-0.0363
"jmilk","ctoml","DNK",-0.0363
"jmilk","ctoml","DOM",-0.01815
"jmilk","ctoml","ECU",-0.01815
"jmilk","ctoml","EGY",-0.01815
"jmilk","ctoml","FJI",-0.0363
"jmilk","ctoml","FRP",-0.0363
"jmilk","ctoml","GRC",-0.01815
"jmilk","ctoml","GTM",-0.01815
"jmilk","ctoml","HND",-0.01815
"jmilk","ctoml","HRV",-0.01815
"jmilk","ctoml","HUN",-0.01815
"jmilk","ctoml","IDN",-0.0363
"jmilk","ctoml","IND",-0.0363
"jmilk","ctoml","IRL",-0.0363
"jmilk","ctoml","IRN",-0.0363
"jmilk","ctoml","IRQ",-0.0363
"jmilk","ctoml","ITP",-0.0363
"jmilk","ctoml","JAM",-0.0363
"jmilk","ctoml","JOR",-0.0363
"jmilk","ctoml","JPN",-0.01815
"jmilk","ctoml","KHM",-0.0363
"jmilk","ctoml","KOR",-0.0363
"jmilk","ctoml","LAO",-0.0363
"jmilk","ctoml","LBN",-0.0363
"jmilk","ctoml","LKA",-0.0363
"jmilk","ctoml","MDA",-0.01815
"jmilk","ctoml","MMR",-0.0363
"jmilk","ctoml","MOR",-0.0363
"jmilk","ctoml","MYS",-0.0363
"jmilk","ctoml","NLD",-0.0363
"jmilk","ctoml","NOR",-0.0363
"jmilk","ctoml","NPL",-0.0363
"jmilk","ctoml","OAO",-0.0363
"jmilk","ctoml","OBN",-0.01815
"jmilk","ctoml","OPO",-0.0363
"jmilk","ctoml","PAK",-0.0363
"jmilk","ctoml","PER",-0.01815
"jmilk","ctoml","PHL",-0.0363
"jmilk","ctoml","POL",-0.01815
"jmilk","ctoml","PRK",-0.0363
"jmilk","ctoml","PRT",-0.0363
"jmilk","ctoml","PRY",-0.01815
"jmilk","ctoml","RAP",-0.0363
"jmilk","ctoml","ROU",-0.01815
"jmilk","ctoml","SAU",-0.0363
"jmilk","ctoml","SLB",-0.0363
"jmilk","ctoml","SPP",-0.0363
"jmilk","ctoml","SVN",-0.01815
"jmilk","ctoml","SWE",-0.0363
"jmilk","ctoml","THA",-0.0363
"jmilk","ctoml","TUN",-0.0363
"jmilk","ctoml","TUR",-0.0363
"jmilk","ctoml","UKP",-0.0363
"jmilk","ctoml","URY",-0.01815
"jmilk","ctoml","VEN",-0.01815
"jmilk","ctoml","VNM",-0.0363
"jmilk","ctoml","VUT",-0.0363
"jmilk","ctoml","YEM",-0.0363
