"J","FPU","FCTR","Val"
"jbarl","ALB_ALB","air",-0.672
"jbarl","ALB_ALB","arf",-0.56
"jbarl","ALK_USA","air",-0.72
"jbarl","ALK_USA","arf",-0.72
"jbarl","AMA_BOL","air",-0.696
"jbarl","AMA_BOL","arf",-0.522
"jbarl","AMA_BRA","air",-0.72
"jbarl","AMA_BRA","arf",-0.54
"jbarl","AMA_COL","air",-0.696
"jbarl","AMA_COL","arf",-0.522
"jbarl","AMA_ECU","air",-0.696
"jbarl","AMA_ECU","arf",-0.522
"jbarl","AMA_PER","air",-0.696
"jbarl","AMA_PER","arf",-0.522
"jbarl","AMD_AFG","air",-0.432
"jbarl","AMD_AFG","arf",-0.324
"jbarl","AMD_TJK","air",-0.648
"jbarl","AMD_TJK","arf",-0.486
"jbarl","AMD_TKM","air",-0.648
"jbarl","AMD_TKM","arf",-0.486
"jbarl","AMD_UZB","air",-0.648
"jbarl","AMD_UZB","arf",-0.486
"jbarl","AMR_CHM","air",-0.6
"jbarl","AMR_CHM","arf",-0.45
"jbarl","AMR_RUS","air",-0.768
"jbarl","AMR_RUS","arf",-0.576
"jbarl","ARA_IRQ","air",-0.6
"jbarl","ARA_IRQ","arf",-0.5
"jbarl","ARK_USA","air",-0.72
"jbarl","ARK_USA","arf",-0.72
"jbarl","ARM_ARM","air",-0.504
"jbarl","ARM_ARM","arf",-0.378
"jbarl","AZE_AZE","air",-0.504
"jbarl","AZE_AZE","arf",-0.378
"jbarl","BAL_BLT","air",-0.504
"jbarl","BAL_BLT","arf",-0.42
"jbarl","BAL_RUS","air",-0.768
"jbarl","BAL_RUS","arf",-0.576
"jbarl","BLA_RUS","air",-0.768
"jbarl","BLA_RUS","arf",-0.576
"jbarl","BLA_TUR","air",-0.72
"jbarl","BLA_TUR","arf",-0.54
"jbarl","BLA_UKR","air",-0.648
"jbarl","BLA_UKR","arf",-0.486
"jbarl","BRT_BGD","air",-0.408
"jbarl","BRT_BGD","arf",-0.306
"jbarl","BRT_BTN","air",-0.432
"jbarl","BRT_BTN","arf",-0.324
"jbarl","BRT_CHM","air",-0.6
"jbarl","BRT_CHM","arf",-0.45
"jbarl","BRT_IND","air",-0.528
"jbarl","BRT_IND","arf",-0.528
"jbarl","CAL_USA","air",-0.72
"jbarl","CAL_USA","arf",-0.72
"jbarl","CAN_CAN","air",-0.9156
"jbarl","CAN_CAN","arf",-0.7848
"jbarl","CAU_AUS","air",-0.696
"jbarl","CAU_AUS","arf",-0.58
"jbarl","CAV_IND","air",-0.528
"jbarl","CAV_IND","arf",-0.528
"jbarl","CHC_CHL","air",-0.696
"jbarl","CHC_CHL","arf",-0.522
"jbarl","CHJ_CHM","air",-0.6
"jbarl","CHJ_CHM","arf",-0.45
"jbarl","CHO_IND","air",-0.528
"jbarl","CHO_IND","arf",-0.528
"jbarl","CHU_KAZ","air",-0.648
"jbarl","CHU_KAZ","arf",-0.486
"jbarl","CHU_KGZ","air",-0.648
"jbarl","CHU_KGZ","arf",-0.486
"jbarl","COB_CAN","air",-0.9156
"jbarl","COB_CAN","arf",-0.7848
"jbarl","COB_USA","air",-0.72
"jbarl","COB_USA","arf",-0.72
"jbarl","COL_USA","air",-0.72
"jbarl","COL_USA","arf",-0.72
"jbarl","CON_COD","air",-0.744
"jbarl","CON_COD","arf",-0.558
"jbarl","DAN_AUT","air",-0.864
"jbarl","DAN_AUT","arf",-0.72
"jbarl","DAN_BGR","air",-0.672
"jbarl","DAN_BGR","arf",-0.504
"jbarl","DAN_CZE","air",-0.672
"jbarl","DAN_CZE","arf",-0.56
"jbarl","DAN_DEU","air",-0.864
"jbarl","DAN_DEU","arf",-0.72
"jbarl","DAN_HRV","air",-0.616
"jbarl","DAN_HRV","arf",-0.56
"jbarl","DAN_HUN","air",-0.672
"jbarl","DAN_HUN","arf",-0.504
"jbarl","DAN_MDA","air",-0.672
"jbarl","DAN_MDA","arf",-0.504
"jbarl","DAN_OBN","air",-0.672
"jbarl","DAN_OBN","arf",-0.504
"jbarl","DAN_ROU","air",-0.672
"jbarl","DAN_ROU","arf",-0.504
"jbarl","DAN_SVK","air",-0.672
"jbarl","DAN_SVK","arf",-0.504
"jbarl","DAN_SVN","air",-0.504
"jbarl","DAN_SVN","arf",-0.504
"jbarl","DAN_TUR","air",-0.72
"jbarl","DAN_TUR","arf",-0.54
"jbarl","DAN_UKR","air",-0.648
"jbarl","DAN_UKR","arf",-0.486
"jbarl","DNI_BLR","air",-0.504
"jbarl","DNI_BLR","arf",-0.378
"jbarl","DNI_RUS","air",-0.768
"jbarl","DNI_RUS","arf",-0.576
"jbarl","DNI_UKR","air",-0.648
"jbarl","DNI_UKR","arf",-0.486
"jbarl","EAC_COD","air",-0.744
"jbarl","EAC_COD","arf",-0.558
"jbarl","EAC_TZA","air",-1.024
"jbarl","EAC_TZA","arf",-0.576
"jbarl","EAU_AUS","air",-0.696
"jbarl","EAU_AUS","arf",-0.58
"jbarl","EGH_IND","air",-0.528
"jbarl","EGH_IND","arf",-0.528
"jbarl","ELB_DEU","air",-0.864
"jbarl","ELB_DEU","arf",-0.72
"jbarl","ELB_DNK","air",-0.864
"jbarl","ELB_DNK","arf",-0.72
"jbarl","EME_CYP","air",-0.6
"jbarl","EME_CYP","arf",-0.45
"jbarl","EME_EGY","air",-0.648
"jbarl","EME_EGY","arf",-0.486
"jbarl","EME_ISR","air",-0.672
"jbarl","EME_ISR","arf",-0.56
"jbarl","EME_JOR","air",-0.6
"jbarl","EME_JOR","arf",-0.5
"jbarl","EME_LBN","air",-0.6
"jbarl","EME_LBN","arf",-0.45
"jbarl","EME_PSE","air",-0.806
"jbarl","EME_PSE","arf",-0.62
"jbarl","EME_SYR","air",-0.6
"jbarl","EME_SYR","arf",-0.45
"jbarl","EME_TUR","air",-0.72
"jbarl","EME_TUR","arf",-0.54
"jbarl","FNP_FNP","air",-0.864
"jbarl","FNP_FNP","arf",-0.648
"jbarl","GAN_BGD","air",-0.408
"jbarl","GAN_BGD","arf",-0.306
"jbarl","GAN_CHM","air",-0.6
"jbarl","GAN_CHM","arf",-0.45
"jbarl","GAN_IND","air",-0.528
"jbarl","GAN_IND","arf",-0.528
"jbarl","GAN_NPL","air",-0.432
"jbarl","GAN_NPL","arf",-0.324
"jbarl","GBA_USA","air",-0.72
"jbarl","GBA_USA","arf",-0.72
"jbarl","GEO_GEO","air",-0.504
"jbarl","GEO_GEO","arf",-0.378
"jbarl","GLA_CAN","air",-0.9156
"jbarl","GLA_CAN","arf",-0.7848
"jbarl","GLA_USA","air",-0.72
"jbarl","GLA_USA","arf",-0.72
"jbarl","GOD_IND","air",-0.528
"jbarl","GOD_IND","arf",-0.528
"jbarl","GRC_GRC","air",-0.672
"jbarl","GRC_GRC","arf",-0.56
"jbarl","GTM_GTM","air",-0.696
"jbarl","GTM_GTM","arf",-0.522
"jbarl","HAI_CHM","air",-0.6
"jbarl","HAI_CHM","arf",-0.45
"jbarl","HOA_ETH","air",-0.704
"jbarl","HOA_ETH","arf",-0.396
"jbarl","HOA_KEN","air",-1.024
"jbarl","HOA_KEN","arf",-0.576
"jbarl","HUA_CHM","air",-0.6
"jbarl","HUA_CHM","arf",-0.45
"jbarl","HUN_CHM","air",-0.6
"jbarl","HUN_CHM","arf",-0.45
"jbarl","HWI_USA","air",-0.72
"jbarl","HWI_USA","arf",-0.72
"jbarl","IEC_IND","air",-0.528
"jbarl","IEC_IND","arf",-0.528
"jbarl","IND_CHM","air",-0.6
"jbarl","IND_CHM","arf",-0.45
"jbarl","IND_IND","air",-0.528
"jbarl","IND_IND","arf",-0.528
"jbarl","IND_PAK","air",-0.432
"jbarl","IND_PAK","arf",-0.432
"jbarl","IRL_IRL","air",-0.864
"jbarl","IRL_IRL","arf",-0.648
"jbarl","ISL_ISL","air",-0.864
"jbarl","ISL_ISL","arf",-0.72
"jbarl","ITA_ITP","air",-0.864
"jbarl","ITA_ITP","arf",-0.72
"jbarl","JAP_JPN","air",-0.624
"jbarl","JAP_JPN","arf",-0.52
"jbarl","KAL_ZAF","air",-0.672
"jbarl","KAL_ZAF","arf",-0.504
"jbarl","KRI_IND","air",-0.528
"jbarl","KRI_IND","arf",-0.528
"jbarl","LAJ_CHM","air",-0.6
"jbarl","LAJ_CHM","arf",-0.45
"jbarl","LBA_KAZ","air",-0.648
"jbarl","LBA_KAZ","arf",-0.486
"jbarl","LBO_FRP","air",-0.864
"jbarl","LBO_FRP","arf",-0.72
"jbarl","LIM_ZAF","air",-0.672
"jbarl","LIM_ZAF","arf",-0.504
"jbarl","LIM_ZWE","air",-0.754
"jbarl","LIM_ZWE","arf",-0.58
"jbarl","LMO_CHM","air",-0.6
"jbarl","LMO_CHM","arf",-0.45
"jbarl","LMO_MNG","air",-0.384
"jbarl","LMO_MNG","arf",-0.288
"jbarl","LTZ_KAZ","air",-0.648
"jbarl","LTZ_KAZ","arf",-0.486
"jbarl","LUN_IND","air",-0.528
"jbarl","LUN_IND","arf",-0.528
"jbarl","MAT_IND","air",-0.528
"jbarl","MAT_IND","arf",-0.528
"jbarl","MAU_AUS","air",-0.696
"jbarl","MAU_AUS","arf",-0.58
"jbarl","MCK_CAN","air",-0.9156
"jbarl","MCK_CAN","arf",-0.7848
"jbarl","MEK_THA","air",-0.408
"jbarl","MEK_THA","arf",-0.306
"jbarl","MHN_IND","air",-0.528
"jbarl","MHN_IND","arf",-0.528
"jbarl","MIM_MEX","air",-0.72
"jbarl","MIM_MEX","arf",-0.6
"jbarl","MIS_USA","air",-0.72
"jbarl","MIS_USA","arf",-0.72
"jbarl","MOU_USA","air",-0.72
"jbarl","MOU_USA","arf",-0.72
"jbarl","NAC_DZA","air",-0.6
"jbarl","NAC_DZA","arf",-0.45
"jbarl","NAC_EGY","air",-0.648
"jbarl","NAC_EGY","arf",-0.486
"jbarl","NAC_LBY","air",-0.6
"jbarl","NAC_LBY","arf",-0.45
"jbarl","NAC_TUN","air",-0.6
"jbarl","NAC_TUN","arf",-0.5
"jbarl","NEB_BRA","air",-0.72
"jbarl","NEB_BRA","arf",-0.54
"jbarl","NER_RUS","air",-0.768
"jbarl","NER_RUS","arf",-0.576
"jbarl","NKP_PRK","air",-0.384
"jbarl","NKP_PRK","arf",-0.288
"jbarl","NLL_EGY","air",-0.648
"jbarl","NLL_EGY","arf",-0.486
"jbarl","NLL_ERI","air",-0.616
"jbarl","NLL_ERI","arf",-0.396
"jbarl","NLL_ETH","air",-0.704
"jbarl","NLL_ETH","arf",-0.396
"jbarl","NOR_NOR","air",-0.864
"jbarl","NOR_NOR","arf",-0.72
"jbarl","NWA_MOR","air",-0.6
"jbarl","NWA_MOR","arf",-0.45
"jbarl","NWA_MRT","air",-0.528
"jbarl","NWA_MRT","arf",-0.44
"jbarl","NWS_COL","air",-0.696
"jbarl","NWS_COL","arf",-0.522
"jbarl","NWS_ECU","air",-0.696
"jbarl","NWS_ECU","arf",-0.522
"jbarl","NZE_NZL","air",-0.672
"jbarl","NZE_NZL","arf",-0.504
"jbarl","OBB_CHM","air",-0.6
"jbarl","OBB_CHM","arf",-0.45
"jbarl","OBB_KAZ","air",-0.648
"jbarl","OBB_KAZ","arf",-0.486
"jbarl","OBB_RUS","air",-0.768
"jbarl","OBB_RUS","arf",-0.576
"jbarl","ODE_DEU","air",-0.864
"jbarl","ODE_DEU","arf",-0.72
"jbarl","ODE_POL","air",-0.672
"jbarl","ODE_POL","arf",-0.56
"jbarl","ODE_RUS","air",-0.768
"jbarl","ODE_RUS","arf",-0.576
"jbarl","OHI_USA","air",-0.72
"jbarl","OHI_USA","arf",-0.72
"jbarl","ORA_LSO","air",-0.696
"jbarl","ORA_LSO","arf",-0.58
"jbarl","ORA_ZAF","air",-0.672
"jbarl","ORA_ZAF","arf",-0.504
"jbarl","ORI_COL","air",-0.696
"jbarl","ORI_COL","arf",-0.522
"jbarl","PAR_ARG","air",-0.768
"jbarl","PAR_ARG","arf",-0.576
"jbarl","PAR_BOL","air",-0.696
"jbarl","PAR_BOL","arf",-0.522
"jbarl","PAR_BRA","air",-0.72
"jbarl","PAR_BRA","arf",-0.54
"jbarl","PEC_PER","air",-0.696
"jbarl","PEC_PER","arf",-0.522
"jbarl","PRT_PRT","air",-0.864
"jbarl","PRT_PRT","arf",-0.648
"jbarl","RAP_RAP","air",-0.6
"jbarl","RAP_RAP","arf",-0.45
"jbarl","RHI_BLX","air",-0.864
"jbarl","RHI_BLX","arf",-0.72
"jbarl","RHI_CHP","air",-0.864
"jbarl","RHI_CHP","arf",-0.72
"jbarl","RHI_DEU","air",-0.864
"jbarl","RHI_DEU","arf",-0.72
"jbarl","RHI_FRP","air",-0.864
"jbarl","RHI_FRP","arf",-0.72
"jbarl","RHI_NLD","air",-0.864
"jbarl","RHI_NLD","arf",-0.648
"jbarl","RHO_FRP","air",-0.864
"jbarl","RHO_FRP","arf",-0.72
"jbarl","RIC_ARG","air",-0.768
"jbarl","RIC_ARG","arf",-0.576
"jbarl","RIG_MEX","air",-0.72
"jbarl","RIG_MEX","arf",-0.6
"jbarl","RIG_USA","air",-0.72
"jbarl","RIG_USA","arf",-0.72
"jbarl","RRS_RUS","air",-0.768
"jbarl","RRS_RUS","arf",-0.576
"jbarl","RWI_CAN","air",-0.9156
"jbarl","RWI_CAN","arf",-0.7848
"jbarl","RWI_USA","air",-0.72
"jbarl","RWI_USA","arf",-0.72
"jbarl","SAC_ZAF","air",-0.672
"jbarl","SAC_ZAF","arf",-0.504
"jbarl","SAF_TZA","air",-1.024
"jbarl","SAF_TZA","arf",-0.576
"jbarl","SAF_ZWE","air",-0.754
"jbarl","SAF_ZWE","arf",-0.58
"jbarl","SAH_DZA","air",-0.6
"jbarl","SAH_DZA","arf",-0.45
"jbarl","SAH_EGY","air",-0.648
"jbarl","SAH_EGY","arf",-0.486
"jbarl","SAH_LBY","air",-0.6
"jbarl","SAH_LBY","arf",-0.45
"jbarl","SAH_MOR","air",-0.6
"jbarl","SAH_MOR","arf",-0.45
"jbarl","SAH_MRT","air",-0.528
"jbarl","SAH_MRT","arf",-0.44
"jbarl","SAL_ARG","air",-0.768
"jbarl","SAL_ARG","arf",-0.576
"jbarl","SAN_BRA","air",-0.72
"jbarl","SAN_BRA","arf",-0.54
"jbarl","SAU_SAU","air",-0.6
"jbarl","SAU_SAU","arf",-0.45
"jbarl","SAY_IND","air",-0.528
"jbarl","SAY_IND","arf",-0.528
"jbarl","SEI_FRP","air",-0.864
"jbarl","SEI_FRP","arf",-0.72
"jbarl","SEN_MRT","air",-0.528
"jbarl","SEN_MRT","arf",-0.44
"jbarl","SEU_USA","air",-0.72
"jbarl","SEU_USA","arf",-0.72
"jbarl","SKP_KOR","air",-0.456
"jbarl","SKP_KOR","arf",-0.38
"jbarl","SON_CHM","air",-0.6
"jbarl","SON_CHM","arf",-0.45
"jbarl","SPP_SPP","air",-0.864
"jbarl","SPP_SPP","arf",-0.72
"jbarl","SWE_SWE","air",-0.864
"jbarl","SWE_SWE","arf",-0.72
"jbarl","SYD_KAZ","air",-0.648
"jbarl","SYD_KAZ","arf",-0.486
"jbarl","SYD_KGZ","air",-0.648
"jbarl","SYD_KGZ","arf",-0.486
"jbarl","SYD_TJK","air",-0.648
"jbarl","SYD_TJK","arf",-0.486
"jbarl","SYD_UZB","air",-0.648
"jbarl","SYD_UZB","arf",-0.486
"jbarl","TIE_ARG","air",-0.768
"jbarl","TIE_ARG","arf",-0.576
"jbarl","TIG_IRN","air",-0.6
"jbarl","TIG_IRN","arf",-0.5
"jbarl","TIG_IRQ","air",-0.6
"jbarl","TIG_IRQ","arf",-0.5
"jbarl","TIG_SYR","air",-0.6
"jbarl","TIG_SYR","arf",-0.45
"jbarl","TIG_TUR","air",-0.72
"jbarl","TIG_TUR","arf",-0.54
"jbarl","TMM_BGD","air",-0.408
"jbarl","TMM_BGD","arf",-0.306
"jbarl","TMM_THA","air",-0.408
"jbarl","TMM_THA","arf",-0.306
"jbarl","TOC_BRA","air",-0.72
"jbarl","TOC_BRA","arf",-0.54
"jbarl","TWN_CHM","air",-0.6
"jbarl","TWN_CHM","arf",-0.45
"jbarl","UKP_UKP","air",-0.864
"jbarl","UKP_UKP","arf",-0.648
"jbarl","UME_MEX","air",-0.72
"jbarl","UME_MEX","arf",-0.6
"jbarl","UMO_MNG","air",-0.384
"jbarl","UMO_MNG","arf",-0.288
"jbarl","UMO_RUS","air",-0.768
"jbarl","UMO_RUS","arf",-0.576
"jbarl","URA_KAZ","air",-0.648
"jbarl","URA_KAZ","arf",-0.486
"jbarl","URA_RUS","air",-0.768
"jbarl","URA_RUS","arf",-0.576
"jbarl","URA_TKM","air",-0.648
"jbarl","URA_TKM","arf",-0.486
"jbarl","URU_BRA","air",-0.72
"jbarl","URU_BRA","arf",-0.54
"jbarl","URU_URY","air",-0.696
"jbarl","URU_URY","arf",-0.522
"jbarl","USN_USA","air",-0.72
"jbarl","USN_USA","arf",-0.72
"jbarl","VOG_RUS","air",-0.768
"jbarl","VOG_RUS","arf",-0.576
"jbarl","WAI_AFG","air",-0.432
"jbarl","WAI_AFG","arf",-0.324
"jbarl","WAI_IRN","air",-0.6
"jbarl","WAI_IRN","arf",-0.5
"jbarl","WAI_PAK","air",-0.432
"jbarl","WAI_PAK","arf",-0.432
"jbarl","WAI_TKM","air",-0.648
"jbarl","WAI_TKM","arf",-0.486
"jbarl","WAU_AUS","air",-0.696
"jbarl","WAU_AUS","arf",-0.58
"jbarl","WGM_USA","air",-0.72
"jbarl","WGM_USA","arf",-0.72
"jbarl","YEM_YEM","air",-0.6
"jbarl","YEM_YEM","arf",-0.45
"jbarl","YEN_RUS","air",-0.768
"jbarl","YEN_RUS","arf",-0.576
"jbarl","YHE_CHM","air",-0.6
"jbarl","YHE_CHM","arf",-0.45
"jbarl","YRD_CHM","air",-0.6
"jbarl","YRD_CHM","arf",-0.45
"jbarl","YUC_MEX","air",-0.72
"jbarl","YUC_MEX","arf",-0.6
"jbarl","ZAM_COD","air",-0.744
"jbarl","ZAM_COD","arf",-0.558
"jbarl","ZAM_TZA","air",-1.024
"jbarl","ZAM_TZA","arf",-0.576
"jbarl","ZAM_ZMB","air",-0.87
"jbarl","ZAM_ZMB","arf",-0.522
"jbarl","ZAM_ZWE","air",-0.754
"jbarl","ZAM_ZWE","arf",-0.58
"jbarl","ZHJ_CHM","air",-0.6
"jbarl","ZHJ_CHM","arf",-0.45
"jmaiz","ALB_ALB","air",-0.8448
"jmaiz","ALB_ALB","arf",-0.704
"jmaiz","ALK_USA","air",-1.584
"jmaiz","ALK_USA","arf",-1.584
"jmaiz","AMA_BOL","air",-0.6336
"jmaiz","AMA_BOL","arf",-0.4752
"jmaiz","AMA_BRA","air",-0.9504
"jmaiz","AMA_BRA","arf",-0.7128
"jmaiz","AMA_COL","air",-0.5544
"jmaiz","AMA_COL","arf",-0.4158
"jmaiz","AMA_ECU","air",-0.6336
"jmaiz","AMA_ECU","arf",-0.4752
"jmaiz","AMA_PER","air",-0.6336
"jmaiz","AMA_PER","arf",-0.4752
"jmaiz","AMD_AFG","air",-0.528
"jmaiz","AMD_AFG","arf",-0.396
"jmaiz","AMD_TJK","air",-0.7128
"jmaiz","AMD_TJK","arf",-0.5346
"jmaiz","AMD_TKM","air",-0.7128
"jmaiz","AMD_TKM","arf",-0.5346
"jmaiz","AMD_UZB","air",-0.7128
"jmaiz","AMD_UZB","arf",-0.5346
"jmaiz","AMR_CHM","air",-0.7128
"jmaiz","AMR_CHM","arf",-0.5346
"jmaiz","AMR_RUS","air",-0.7128
"jmaiz","AMR_RUS","arf",-0.5346
"jmaiz","ARA_IRQ","air",-0.7656
"jmaiz","ARA_IRQ","arf",-0.638
"jmaiz","ARK_USA","air",-1.584
"jmaiz","ARK_USA","arf",-1.584
"jmaiz","ARM_ARM","air",-0.66
"jmaiz","ARM_ARM","arf",-0.495
"jmaiz","AZE_AZE","air",-0.66
"jmaiz","AZE_AZE","arf",-0.495
"jmaiz","BAL_BLT","air",-0.8448
"jmaiz","BAL_BLT","arf",-0.704
"jmaiz","BAL_RUS","air",-0.7128
"jmaiz","BAL_RUS","arf",-0.5346
"jmaiz","BLA_RUS","air",-0.7128
"jmaiz","BLA_RUS","arf",-0.5346
"jmaiz","BLA_TUR","air",-0.6072
"jmaiz","BLA_TUR","arf",-0.4554
"jmaiz","BLA_UKR","air",-0.7128
"jmaiz","BLA_UKR","arf",-0.5346
"jmaiz","BLZ_BLZ","air",-0.6336
"jmaiz","BLZ_BLZ","arf",-0.4752
"jmaiz","BOR_IDN","air",-0.7128
"jmaiz","BOR_IDN","arf",-0.5346
"jmaiz","BOR_MYS","air",-0.396
"jmaiz","BOR_MYS","arf",-0.33
"jmaiz","BRT_BGD","air",-0.2904
"jmaiz","BRT_BGD","arf",-0.2178
"jmaiz","BRT_BTN","air",-0.528
"jmaiz","BRT_BTN","arf",-0.396
"jmaiz","BRT_CHM","air",-0.7128
"jmaiz","BRT_CHM","arf",-0.5346
"jmaiz","BRT_IND","air",-0.8712
"jmaiz","BRT_IND","arf",-0.8712
"jmaiz","CAF_AGO","air",-0.7656
"jmaiz","CAF_AGO","arf",-0.5742
"jmaiz","CAF_CAF","air",-0.4224
"jmaiz","CAF_CAF","arf",-0.3168
"jmaiz","CAF_CMR","air",-0.3168
"jmaiz","CAF_CMR","arf",-0.3168
"jmaiz","CAF_COG","air",-0.3872
"jmaiz","CAF_COG","arf",-0.3168
"jmaiz","CAF_GAB","air",-0.3168
"jmaiz","CAF_GAB","arf",-0.3168
"jmaiz","CAF_NAM","air",-0.5104
"jmaiz","CAF_NAM","arf",-0.638
"jmaiz","CAL_USA","air",-1.584
"jmaiz","CAL_USA","arf",-1.584
"jmaiz","CAN_CAN","air",-0.9856
"jmaiz","CAN_CAN","arf",-0.8448
"jmaiz","CAU_AUS","air",-0.6072
"jmaiz","CAU_AUS","arf",-0.506
"jmaiz","CAV_IND","air",-0.8712
"jmaiz","CAV_IND","arf",-0.8712
"jmaiz","CHC_CHL","air",-0.6336
"jmaiz","CHC_CHL","arf",-0.4752
"jmaiz","CHJ_CHM","air",-0.7128
"jmaiz","CHJ_CHM","arf",-0.5346
"jmaiz","CHO_IND","air",-0.8712
"jmaiz","CHO_IND","arf",-0.8712
"jmaiz","CHU_KAZ","air",-0.7128
"jmaiz","CHU_KAZ","arf",-0.5346
"jmaiz","CHU_KGZ","air",-0.7128
"jmaiz","CHU_KGZ","arf",-0.5346
"jmaiz","COB_CAN","air",-0.9856
"jmaiz","COB_CAN","arf",-0.8448
"jmaiz","COB_USA","air",-1.584
"jmaiz","COB_USA","arf",-1.584
"jmaiz","COL_USA","air",-1.584
"jmaiz","COL_USA","arf",-1.584
"jmaiz","CON_AGO","air",-0.7656
"jmaiz","CON_AGO","arf",-0.5742
"jmaiz","CON_CAF","air",-0.4224
"jmaiz","CON_CAF","arf",-0.3168
"jmaiz","CON_COD","air",-0.4224
"jmaiz","CON_COD","arf",-0.3168
"jmaiz","CON_COG","air",-0.3872
"jmaiz","CON_COG","arf",-0.3168
"jmaiz","CRB_CRB","air",-0.3872
"jmaiz","CRB_CRB","arf",-0.352
"jmaiz","CRI_CRI","air",-0.6336
"jmaiz","CRI_CRI","arf",-0.4752
"jmaiz","CUB_CUB","air",-0.7392
"jmaiz","CUB_CUB","arf",-0.4752
"jmaiz","DAN_AUT","air",-0.8448
"jmaiz","DAN_AUT","arf",-0.704
"jmaiz","DAN_BGR","air",-0.8448
"jmaiz","DAN_BGR","arf",-0.6336
"jmaiz","DAN_CZE","air",-0.8448
"jmaiz","DAN_CZE","arf",-0.704
"jmaiz","DAN_DEU","air",-0.8448
"jmaiz","DAN_DEU","arf",-0.704
"jmaiz","DAN_HRV","air",-0.7744
"jmaiz","DAN_HRV","arf",-0.704
"jmaiz","DAN_HUN","air",-0.8448
"jmaiz","DAN_HUN","arf",-0.6336
"jmaiz","DAN_MDA","air",-0.8448
"jmaiz","DAN_MDA","arf",-0.6336
"jmaiz","DAN_OBN","air",-0.8448
"jmaiz","DAN_OBN","arf",-0.6336
"jmaiz","DAN_ROU","air",-0.8448
"jmaiz","DAN_ROU","arf",-0.6336
"jmaiz","DAN_SVK","air",-0.8448
"jmaiz","DAN_SVK","arf",-0.6336
"jmaiz","DAN_SVN","air",-0.6336
"jmaiz","DAN_SVN","arf",-0.6336
"jmaiz","DAN_TUR","air",-0.6072
"jmaiz","DAN_TUR","arf",-0.4554
"jmaiz","DAN_UKR","air",-0.7128
"jmaiz","DAN_UKR","arf",-0.5346
"jmaiz","DNI_BLR","air",-0.8448
"jmaiz","DNI_BLR","arf",-0.6336
"jmaiz","DNI_RUS","air",-0.7128
"jmaiz","DNI_RUS","arf",-0.5346
"jmaiz","DNI_UKR","air",-0.7128
"jmaiz","DNI_UKR","arf",-0.5346
"jmaiz","DOM_DOM","air",-0.6336
"jmaiz","DOM_DOM","arf",-0.4752
"jmaiz","EAC_BDI","air",-0.5016
"jmaiz","EAC_BDI","arf",-0.3762
"jmaiz","EAC_COD","air",-0.4224
"jmaiz","EAC_COD","arf",-0.3168
"jmaiz","EAC_RWA","air",-0.5016
"jmaiz","EAC_RWA","arf",-0.3762
"jmaiz","EAC_TZA","air",-0.6688
"jmaiz","EAC_TZA","arf",-0.3762
"jmaiz","EAU_AUS","air",-0.6072
"jmaiz","EAU_AUS","arf",-0.506
"jmaiz","EGH_IND","air",-0.8712
"jmaiz","EGH_IND","arf",-0.8712
"jmaiz","ELB_DEU","air",-0.8448
"jmaiz","ELB_DEU","arf",-0.704
"jmaiz","ELB_DNK","air",-0.8448
"jmaiz","ELB_DNK","arf",-0.704
"jmaiz","EME_EGY","air",-0.528
"jmaiz","EME_EGY","arf",-0.396
"jmaiz","EME_ISR","air",-0.8448
"jmaiz","EME_ISR","arf",-0.704
"jmaiz","EME_LBN","air",-0.7656
"jmaiz","EME_LBN","arf",-0.5742
"jmaiz","EME_SYR","air",-0.7656
"jmaiz","EME_SYR","arf",-0.5742
"jmaiz","EME_TUR","air",-0.6072
"jmaiz","EME_TUR","arf",-0.4554
"jmaiz","FJI_FJI","air",-0.4224
"jmaiz","FJI_FJI","arf",-0.352
"jmaiz","GAN_BGD","air",-0.2904
"jmaiz","GAN_BGD","arf",-0.2178
"jmaiz","GAN_CHM","air",-0.7128
"jmaiz","GAN_CHM","arf",-0.5346
"jmaiz","GAN_IND","air",-0.8712
"jmaiz","GAN_IND","arf",-0.8712
"jmaiz","GAN_NPL","air",-0.528
"jmaiz","GAN_NPL","arf",-0.396
"jmaiz","GBA_USA","air",-1.584
"jmaiz","GBA_USA","arf",-1.584
"jmaiz","GEO_GEO","air",-0.66
"jmaiz","GEO_GEO","arf",-0.495
"jmaiz","GLA_CAN","air",-0.9856
"jmaiz","GLA_CAN","arf",-0.8448
"jmaiz","GLA_USA","air",-1.584
"jmaiz","GLA_USA","arf",-1.584
"jmaiz","GOD_IND","air",-0.8712
"jmaiz","GOD_IND","arf",-0.8712
"jmaiz","GRC_GRC","air",-0.8448
"jmaiz","GRC_GRC","arf",-0.704
"jmaiz","GSA_GSA","air",-0.7392
"jmaiz","GSA_GSA","arf",-0.4752
"jmaiz","GTM_GTM","air",-0.6336
"jmaiz","GTM_GTM","arf",-0.4752
"jmaiz","HAI_CHM","air",-0.7128
"jmaiz","HAI_CHM","arf",-0.5346
"jmaiz","HND_HND","air",-0.6336
"jmaiz","HND_HND","arf",-0.4752
"jmaiz","HOA_ETH","air",-0.5632
"jmaiz","HOA_ETH","arf",-0.3168
"jmaiz","HOA_KEN","air",-0.6688
"jmaiz","HOA_KEN","arf",-0.3762
"jmaiz","HOA_SOM","air",-0.4224
"jmaiz","HOA_SOM","arf",-0.3168
"jmaiz","HTI_HTI","air",-0.6336
"jmaiz","HTI_HTI","arf",-0.528
"jmaiz","HUA_CHM","air",-0.7128
"jmaiz","HUA_CHM","arf",-0.5346
"jmaiz","HUN_CHM","air",-0.7128
"jmaiz","HUN_CHM","arf",-0.5346
"jmaiz","HWI_USA","air",-1.584
"jmaiz","HWI_USA","arf",-1.584
"jmaiz","IEC_IND","air",-0.8712
"jmaiz","IEC_IND","arf",-0.8712
"jmaiz","IND_CHM","air",-0.7128
"jmaiz","IND_CHM","arf",-0.5346
"jmaiz","IND_IND","air",-0.8712
"jmaiz","IND_IND","arf",-0.8712
"jmaiz","IND_PAK","air",-0.7128
"jmaiz","IND_PAK","arf",-0.7128
"jmaiz","INE_IDN","air",-0.7128
"jmaiz","INE_IDN","arf",-0.5346
"jmaiz","INW_IDN","air",-0.7128
"jmaiz","INW_IDN","arf",-0.5346
"jmaiz","ITA_ITP","air",-0.8448
"jmaiz","ITA_ITP","arf",-0.704
"jmaiz","JAM_JAM","air",-0.4224
"jmaiz","JAM_JAM","arf",-0.3168
"jmaiz","JAP_JPN","air",-0.396
"jmaiz","JAP_JPN","arf",-0.33
"jmaiz","KAL_BWA","air",-0.5104
"jmaiz","KAL_BWA","arf",-0.638
"jmaiz","KAL_NAM","air",-0.5104
"jmaiz","KAL_NAM","arf",-0.638
"jmaiz","KAL_ZAF","air",-0.8448
"jmaiz","KAL_ZAF","arf",-0.6336
"jmaiz","KRI_IND","air",-0.8712
"jmaiz","KRI_IND","arf",-0.8712
"jmaiz","LAJ_CHM","air",-0.7128
"jmaiz","LAJ_CHM","arf",-0.5346
"jmaiz","LBA_KAZ","air",-0.7128
"jmaiz","LBA_KAZ","arf",-0.5346
"jmaiz","LBO_FRP","air",-0.8448
"jmaiz","LBO_FRP","arf",-0.704
"jmaiz","LCB_CAF","air",-0.4224
"jmaiz","LCB_CAF","arf",-0.3168
"jmaiz","LCB_CMR","air",-0.3168
"jmaiz","LCB_CMR","arf",-0.3168
"jmaiz","LCB_NER","air",-0.4224
"jmaiz","LCB_NER","arf",-0.3168
"jmaiz","LCB_NGA","air",-1.0164
"jmaiz","LCB_NGA","arf",-0.726
"jmaiz","LCB_TCD","air",-0.4224
"jmaiz","LCB_TCD","arf",-0.3168
"jmaiz","LIM_BWA","air",-0.5104
"jmaiz","LIM_BWA","arf",-0.638
"jmaiz","LIM_MOZ","air",-0.8294
"jmaiz","LIM_MOZ","arf",-0.5742
"jmaiz","LIM_ZAF","air",-0.8448
"jmaiz","LIM_ZAF","arf",-0.6336
"jmaiz","LIM_ZWE","air",-0.8294
"jmaiz","LIM_ZWE","arf",-0.638
"jmaiz","LMO_CHM","air",-0.7128
"jmaiz","LMO_CHM","arf",-0.5346
"jmaiz","LTZ_KAZ","air",-0.7128
"jmaiz","LTZ_KAZ","arf",-0.5346
"jmaiz","LUN_IND","air",-0.8712
"jmaiz","LUN_IND","arf",-0.8712
"jmaiz","MAD_MDG","air",-0.7656
"jmaiz","MAD_MDG","arf",-0.5742
"jmaiz","MAT_IND","air",-0.8712
"jmaiz","MAT_IND","arf",-0.8712
"jmaiz","MAU_AUS","air",-0.6072
"jmaiz","MAU_AUS","arf",-0.506
"jmaiz","MCK_CAN","air",-0.9856
"jmaiz","MCK_CAN","arf",-0.8448
"jmaiz","MEK_KHM","air",-0.4224
"jmaiz","MEK_KHM","arf",-0.2376
"jmaiz","MEK_LAO","air",-0.4224
"jmaiz","MEK_LAO","arf",-0.2376
"jmaiz","MEK_MMR","air",-0.4224
"jmaiz","MEK_MMR","arf",-0.3168
"jmaiz","MEK_THA","air",-0.4752
"jmaiz","MEK_THA","arf",-0.3564
"jmaiz","MEK_VNM","air",-0.4752
"jmaiz","MEK_VNM","arf",-0.3564
"jmaiz","MHN_IND","air",-0.8712
"jmaiz","MHN_IND","arf",-0.8712
"jmaiz","MIM_MEX","air",-0.924
"jmaiz","MIM_MEX","arf",-0.77
"jmaiz","MIS_USA","air",-1.584
"jmaiz","MIS_USA","arf",-1.584
"jmaiz","MOU_USA","air",-1.584
"jmaiz","MOU_USA","arf",-1.584
"jmaiz","NAC_DZA","air",-0.7656
"jmaiz","NAC_DZA","arf",-0.5742
"jmaiz","NAC_EGY","air",-0.528
"jmaiz","NAC_EGY","arf",-0.396
"jmaiz","NAC_LBY","air",-0.7656
"jmaiz","NAC_LBY","arf",-0.5742
"jmaiz","NEB_BRA","air",-0.9504
"jmaiz","NEB_BRA","arf",-0.7128
"jmaiz","NER_RUS","air",-0.7128
"jmaiz","NER_RUS","arf",-0.5346
"jmaiz","NIC_NIC","air",-0.6336
"jmaiz","NIC_NIC","arf",-0.4752
"jmaiz","NIG_BEN","air",-0.4224
"jmaiz","NIG_BEN","arf",-0.3168
"jmaiz","NIG_BFA","air",-0.4224
"jmaiz","NIG_BFA","arf",-0.3168
"jmaiz","NIG_CIV","air",-0.4224
"jmaiz","NIG_CIV","arf",-0.3168
"jmaiz","NIG_CMR","air",-0.3168
"jmaiz","NIG_CMR","arf",-0.3168
"jmaiz","NIG_GIN","air",-0.4224
"jmaiz","NIG_GIN","arf",-0.3168
"jmaiz","NIG_MLI","air",-0.4224
"jmaiz","NIG_MLI","arf",-0.3168
"jmaiz","NIG_NER","air",-0.4224
"jmaiz","NIG_NER","arf",-0.3168
"jmaiz","NIG_NGA","air",-1.0164
"jmaiz","NIG_NGA","arf",-0.726
"jmaiz","NIG_TCD","air",-0.4224
"jmaiz","NIG_TCD","arf",-0.3168
"jmaiz","NKP_PRK","air",-0.4224
"jmaiz","NKP_PRK","arf",-0.3168
"jmaiz","NLL_DJI","air",-0.3344
"jmaiz","NLL_DJI","arf",-0.3762
"jmaiz","NLL_EGY","air",-0.528
"jmaiz","NLL_EGY","arf",-0.396
"jmaiz","NLL_ERI","air",-0.4928
"jmaiz","NLL_ERI","arf",-0.3168
"jmaiz","NLL_ETH","air",-0.5632
"jmaiz","NLL_ETH","arf",-0.3168
"jmaiz","NLL_SDN","air",-0.4224
"jmaiz","NLL_SDN","arf",-0.3168
"jmaiz","NLL_UGA","air",-0.5852
"jmaiz","NLL_UGA","arf",-0.3762
"jmaiz","NWA_MOR","air",-0.7656
"jmaiz","NWA_MOR","arf",-0.5742
"jmaiz","NWA_MRT","air",-0.4224
"jmaiz","NWA_MRT","arf",-0.352
"jmaiz","NWS_COL","air",-0.5544
"jmaiz","NWS_COL","arf",-0.4158
"jmaiz","NWS_ECU","air",-0.6336
"jmaiz","NWS_ECU","arf",-0.4752
"jmaiz","NZE_NZL","air",-0.8448
"jmaiz","NZE_NZL","arf",-0.6336
"jmaiz","OAO_OAO","air",-0.3168
"jmaiz","OAO_OAO","arf",-0.3168
"jmaiz","OBB_CHM","air",-0.7128
"jmaiz","OBB_CHM","arf",-0.5346
"jmaiz","OBB_KAZ","air",-0.7128
"jmaiz","OBB_KAZ","arf",-0.5346
"jmaiz","OBB_RUS","air",-0.7128
"jmaiz","OBB_RUS","arf",-0.5346
"jmaiz","ODE_DEU","air",-0.8448
"jmaiz","ODE_DEU","arf",-0.704
"jmaiz","ODE_POL","air",-0.8448
"jmaiz","ODE_POL","arf",-0.704
"jmaiz","ODE_RUS","air",-0.7128
"jmaiz","ODE_RUS","arf",-0.5346
"jmaiz","OHI_USA","air",-1.584
"jmaiz","OHI_USA","arf",-1.584
"jmaiz","OIO_OIO","air",-0.4224
"jmaiz","OIO_OIO","arf",-0.352
"jmaiz","OPO_OPO","air",-0.4224
"jmaiz","OPO_OPO","arf",-0.3168
"jmaiz","ORA_LSO","air",-0.7656
"jmaiz","ORA_LSO","arf",-0.638
"jmaiz","ORA_NAM","air",-0.5104
"jmaiz","ORA_NAM","arf",-0.638
"jmaiz","ORA_ZAF","air",-0.8448
"jmaiz","ORA_ZAF","arf",-0.6336
"jmaiz","ORI_COL","air",-0.5544
"jmaiz","ORI_COL","arf",-0.4158
"jmaiz","ORI_VEN","air",-0.6336
"jmaiz","ORI_VEN","arf",-0.4752
"jmaiz","PAN_PAN","air",-0.6336
"jmaiz","PAN_PAN","arf",-0.4752
"jmaiz","PAO_PNG","air",-0.4224
"jmaiz","PAO_PNG","arf",-0.3168
"jmaiz","PAR_ARG","air",-1.2672
"jmaiz","PAR_ARG","arf",-0.9504
"jmaiz","PAR_BOL","air",-0.6336
"jmaiz","PAR_BOL","arf",-0.4752
"jmaiz","PAR_BRA","air",-0.9504
"jmaiz","PAR_BRA","arf",-0.7128
"jmaiz","PAR_PRY","air",-0.6336
"jmaiz","PAR_PRY","arf",-0.4752
"jmaiz","PEC_PER","air",-0.6336
"jmaiz","PEC_PER","arf",-0.4752
"jmaiz","PHI_PHL","air",-0.4488
"jmaiz","PHI_PHL","arf",-0.3366
"jmaiz","PRT_PRT","air",-0.8448
"jmaiz","PRT_PRT","arf",-0.6336
"jmaiz","RAP_RAP","air",-0.7656
"jmaiz","RAP_RAP","arf",-0.5742
"jmaiz","RHI_BLX","air",-0.8448
"jmaiz","RHI_BLX","arf",-0.704
"jmaiz","RHI_CHP","air",-0.8448
"jmaiz","RHI_CHP","arf",-0.704
"jmaiz","RHI_DEU","air",-0.8448
"jmaiz","RHI_DEU","arf",-0.704
"jmaiz","RHI_FRP","air",-0.8448
"jmaiz","RHI_FRP","arf",-0.704
"jmaiz","RHI_NLD","air",-0.8448
"jmaiz","RHI_NLD","arf",-0.6336
"jmaiz","RHO_FRP","air",-0.8448
"jmaiz","RHO_FRP","arf",-0.704
"jmaiz","RIC_ARG","air",-1.2672
"jmaiz","RIC_ARG","arf",-0.9504
"jmaiz","RIG_MEX","air",-0.924
"jmaiz","RIG_MEX","arf",-0.77
"jmaiz","RIG_USA","air",-1.584
"jmaiz","RIG_USA","arf",-1.584
"jmaiz","RRS_RUS","air",-0.7128
"jmaiz","RRS_RUS","arf",-0.5346
"jmaiz","RVE_VEN","air",-0.6336
"jmaiz","RVE_VEN","arf",-0.4752
"jmaiz","RVN_VNM","air",-0.4752
"jmaiz","RVN_VNM","arf",-0.3564
"jmaiz","RWI_CAN","air",-0.9856
"jmaiz","RWI_CAN","arf",-0.8448
"jmaiz","RWI_USA","air",-1.584
"jmaiz","RWI_USA","arf",-1.584
"jmaiz","SAC_SWZ","air",-1.16116
"jmaiz","SAC_SWZ","arf",-0.638
"jmaiz","SAC_ZAF","air",-0.8448
"jmaiz","SAC_ZAF","arf",-0.6336
"jmaiz","SAF_MOZ","air",-0.8294
"jmaiz","SAF_MOZ","arf",-0.5742
"jmaiz","SAF_TZA","air",-0.6688
"jmaiz","SAF_TZA","arf",-0.3762
"jmaiz","SAF_ZWE","air",-0.8294
"jmaiz","SAF_ZWE","arf",-0.638
"jmaiz","SAH_DZA","air",-0.7656
"jmaiz","SAH_DZA","arf",-0.5742
"jmaiz","SAH_EGY","air",-0.528
"jmaiz","SAH_EGY","arf",-0.396
"jmaiz","SAH_LBY","air",-0.7656
"jmaiz","SAH_LBY","arf",-0.5742
"jmaiz","SAH_MLI","air",-0.4224
"jmaiz","SAH_MLI","arf",-0.3168
"jmaiz","SAH_MOR","air",-0.7656
"jmaiz","SAH_MOR","arf",-0.5742
"jmaiz","SAH_MRT","air",-0.4224
"jmaiz","SAH_MRT","arf",-0.352
"jmaiz","SAH_NER","air",-0.4224
"jmaiz","SAH_NER","arf",-0.3168
"jmaiz","SAH_SDN","air",-0.4224
"jmaiz","SAH_SDN","arf",-0.3168
"jmaiz","SAH_TCD","air",-0.4224
"jmaiz","SAH_TCD","arf",-0.3168
"jmaiz","SAL_ARG","air",-1.2672
"jmaiz","SAL_ARG","arf",-0.9504
"jmaiz","SAN_BRA","air",-0.9504
"jmaiz","SAN_BRA","arf",-0.7128
"jmaiz","SAU_SAU","air",-0.7656
"jmaiz","SAU_SAU","arf",-0.5742
"jmaiz","SAY_IND","air",-0.8712
"jmaiz","SAY_IND","arf",-0.8712
"jmaiz","SEI_FRP","air",-0.8448
"jmaiz","SEI_FRP","arf",-0.704
"jmaiz","SEN_GIN","air",-0.4224
"jmaiz","SEN_GIN","arf",-0.3168
"jmaiz","SEN_MLI","air",-0.4224
"jmaiz","SEN_MLI","arf",-0.3168
"jmaiz","SEN_MRT","air",-0.4224
"jmaiz","SEN_MRT","arf",-0.352
"jmaiz","SEN_SEN","air",-0.4224
"jmaiz","SEN_SEN","arf",-0.3168
"jmaiz","SEU_USA","air",-1.584
"jmaiz","SEU_USA","arf",-1.584
"jmaiz","SKP_KOR","air",-0.396
"jmaiz","SKP_KOR","arf",-0.33
"jmaiz","SLV_SLV","air",-0.6336
"jmaiz","SLV_SLV","arf",-0.4752
"jmaiz","SON_CHM","air",-0.7128
"jmaiz","SON_CHM","arf",-0.5346
"jmaiz","SPP_SPP","air",-0.8448
"jmaiz","SPP_SPP","arf",-0.704
"jmaiz","SRL_LKA","air",-0.528
"jmaiz","SRL_LKA","arf",-0.396
"jmaiz","SWE_SWE","air",-0.8448
"jmaiz","SWE_SWE","arf",-0.704
"jmaiz","SYD_KAZ","air",-0.7128
"jmaiz","SYD_KAZ","arf",-0.5346
"jmaiz","SYD_KGZ","air",-0.7128
"jmaiz","SYD_KGZ","arf",-0.5346
"jmaiz","SYD_TJK","air",-0.7128
"jmaiz","SYD_TJK","arf",-0.5346
"jmaiz","SYD_UZB","air",-0.7128
"jmaiz","SYD_UZB","arf",-0.5346
"jmaiz","TIE_ARG","air",-1.2672
"jmaiz","TIE_ARG","arf",-0.9504
"jmaiz","TIG_IRN","air",-0.7656
"jmaiz","TIG_IRN","arf",-0.638
"jmaiz","TIG_IRQ","air",-0.7656
"jmaiz","TIG_IRQ","arf",-0.638
"jmaiz","TIG_SYR","air",-0.7656
"jmaiz","TIG_SYR","arf",-0.5742
"jmaiz","TIG_TUR","air",-0.6072
"jmaiz","TIG_TUR","arf",-0.4554
"jmaiz","TLS_TLS","air",-0.4576
"jmaiz","TLS_TLS","arf",-0.3168
"jmaiz","TMM_BGD","air",-0.2904
"jmaiz","TMM_BGD","arf",-0.2178
"jmaiz","TMM_MMR","air",-0.4224
"jmaiz","TMM_MMR","arf",-0.3168
"jmaiz","TMM_MYS","air",-0.396
"jmaiz","TMM_MYS","arf",-0.33
"jmaiz","TMM_THA","air",-0.4752
"jmaiz","TMM_THA","arf",-0.3564
"jmaiz","TOC_BRA","air",-0.9504
"jmaiz","TOC_BRA","arf",-0.7128
"jmaiz","TWN_CHM","air",-0.7128
"jmaiz","TWN_CHM","arf",-0.5346
"jmaiz","UME_MEX","air",-0.924
"jmaiz","UME_MEX","arf",-0.77
"jmaiz","UMO_RUS","air",-0.7128
"jmaiz","UMO_RUS","arf",-0.5346
"jmaiz","URA_KAZ","air",-0.7128
"jmaiz","URA_KAZ","arf",-0.5346
"jmaiz","URA_RUS","air",-0.7128
"jmaiz","URA_RUS","arf",-0.5346
"jmaiz","URA_TKM","air",-0.7128
"jmaiz","URA_TKM","arf",-0.5346
"jmaiz","URU_BRA","air",-0.9504
"jmaiz","URU_BRA","arf",-0.7128
"jmaiz","URU_URY","air",-0.6336
"jmaiz","URU_URY","arf",-0.4752
"jmaiz","USN_USA","air",-1.584
"jmaiz","USN_USA","arf",-1.584
"jmaiz","VOG_RUS","air",-0.7128
"jmaiz","VOG_RUS","arf",-0.5346
"jmaiz","VOT_BEN","air",-0.4224
"jmaiz","VOT_BEN","arf",-0.3168
"jmaiz","VOT_BFA","air",-0.4224
"jmaiz","VOT_BFA","arf",-0.3168
"jmaiz","VOT_CIV","air",-0.4224
"jmaiz","VOT_CIV","arf",-0.3168
"jmaiz","VOT_GHA","air",-0.5632
"jmaiz","VOT_GHA","arf",-0.3168
"jmaiz","VOT_MLI","air",-0.4224
"jmaiz","VOT_MLI","arf",-0.3168
"jmaiz","VOT_TGO","air",-0.4224
"jmaiz","VOT_TGO","arf",-0.3168
"jmaiz","VUT_VUT","air",-0.4224
"jmaiz","VUT_VUT","arf",-0.352
"jmaiz","WAC_CIV","air",-0.4224
"jmaiz","WAC_CIV","arf",-0.3168
"jmaiz","WAC_GIN","air",-0.4224
"jmaiz","WAC_GIN","arf",-0.3168
"jmaiz","WAC_GMB","air",-0.2816
"jmaiz","WAC_GMB","arf",-0.352
"jmaiz","WAC_GNB","air",-0.4224
"jmaiz","WAC_GNB","arf",-0.3168
"jmaiz","WAC_SEN","air",-0.4224
"jmaiz","WAC_SEN","arf",-0.3168
"jmaiz","WAC_SLE","air",-0.4224
"jmaiz","WAC_SLE","arf",-0.3168
"jmaiz","WAI_AFG","air",-0.528
"jmaiz","WAI_AFG","arf",-0.396
"jmaiz","WAI_IRN","air",-0.7656
"jmaiz","WAI_IRN","arf",-0.638
"jmaiz","WAI_PAK","air",-0.7128
"jmaiz","WAI_PAK","arf",-0.7128
"jmaiz","WAI_TKM","air",-0.7128
"jmaiz","WAI_TKM","arf",-0.5346
"jmaiz","WAU_AUS","air",-0.6072
"jmaiz","WAU_AUS","arf",-0.506
"jmaiz","WGM_USA","air",-1.584
"jmaiz","WGM_USA","arf",-1.584
"jmaiz","YEM_YEM","air",-0.7656
"jmaiz","YEM_YEM","arf",-0.5742
"jmaiz","YEN_RUS","air",-0.7128
"jmaiz","YEN_RUS","arf",-0.5346
"jmaiz","YHE_CHM","air",-0.7128
"jmaiz","YHE_CHM","arf",-0.5346
"jmaiz","YRD_CHM","air",-0.7128
"jmaiz","YRD_CHM","arf",-0.5346
"jmaiz","YRD_VNM","air",-0.4752
"jmaiz","YRD_VNM","arf",-0.3564
"jmaiz","YUC_MEX","air",-0.924
"jmaiz","YUC_MEX","arf",-0.77
"jmaiz","ZAM_AGO","air",-0.7656
"jmaiz","ZAM_AGO","arf",-0.5742
"jmaiz","ZAM_BWA","air",-0.5104
"jmaiz","ZAM_BWA","arf",-0.638
"jmaiz","ZAM_COD","air",-0.4224
"jmaiz","ZAM_COD","arf",-0.3168
"jmaiz","ZAM_MOZ","air",-0.8294
"jmaiz","ZAM_MOZ","arf",-0.5742
"jmaiz","ZAM_MWI","air",-0.8932
"jmaiz","ZAM_MWI","arf",-0.5742
"jmaiz","ZAM_NAM","air",-0.5104
"jmaiz","ZAM_NAM","arf",-0.638
"jmaiz","ZAM_TZA","air",-0.6688
"jmaiz","ZAM_TZA","arf",-0.3762
"jmaiz","ZAM_ZMB","air",-0.957
"jmaiz","ZAM_ZMB","arf",-0.5742
"jmaiz","ZAM_ZWE","air",-0.8294
"jmaiz","ZAM_ZWE","arf",-0.638
"jmaiz","ZHJ_CHM","air",-0.7128
"jmaiz","ZHJ_CHM","arf",-0.5346
"jmill","ALK_USA","air",-0.72
"jmill","ALK_USA","arf",-0.72
"jmill","AMD_AFG","air",-0.5184
"jmill","AMD_AFG","arf",-0.3888
"jmill","AMD_TJK","air",-0.6048
"jmill","AMD_TJK","arf",-0.4536
"jmill","AMD_UZB","air",-0.6048
"jmill","AMD_UZB","arf",-0.4536
"jmill","AMR_CHM","air",-0.5184
"jmill","AMR_CHM","arf",-0.3888
"jmill","AMR_RUS","air",-0.6048
"jmill","AMR_RUS","arf",-0.4536
"jmill","ARA_IRQ","air",-0.72
"jmill","ARA_IRQ","arf",-0.6
"jmill","ARK_USA","air",-0.72
"jmill","ARK_USA","arf",-0.72
"jmill","AZE_AZE","air",-0.6048
"jmill","AZE_AZE","arf",-0.4536
"jmill","BAL_RUS","air",-0.6048
"jmill","BAL_RUS","arf",-0.4536
"jmill","BLA_RUS","air",-0.6048
"jmill","BLA_RUS","arf",-0.4536
"jmill","BLA_TUR","air",-0.864
"jmill","BLA_TUR","arf",-0.648
"jmill","BLA_UKR","air",-0.6048
"jmill","BLA_UKR","arf",-0.4536
"jmill","BRT_BGD","air",-0.4896
"jmill","BRT_BGD","arf",-0.3672
"jmill","BRT_BTN","air",-0.5184
"jmill","BRT_BTN","arf",-0.3888
"jmill","BRT_CHM","air",-0.5184
"jmill","BRT_CHM","arf",-0.3888
"jmill","BRT_IND","air",-0.6336
"jmill","BRT_IND","arf",-0.6336
"jmill","CAF_AGO","air",-0.8352
"jmill","CAF_AGO","arf",-0.6264
"jmill","CAF_CAF","air",-0.8928
"jmill","CAF_CAF","arf",-0.6696
"jmill","CAF_CMR","air",-0.6696
"jmill","CAF_CMR","arf",-0.6696
"jmill","CAF_COG","air",-0.8184
"jmill","CAF_COG","arf",-0.6696
"jmill","CAF_NAM","air",-0.5568
"jmill","CAF_NAM","arf",-0.696
"jmill","CAL_USA","air",-0.72
"jmill","CAL_USA","arf",-0.72
"jmill","CAU_AUS","air",-0.8352
"jmill","CAU_AUS","arf",-0.696
"jmill","CAV_IND","air",-0.6336
"jmill","CAV_IND","arf",-0.6336
"jmill","CHJ_CHM","air",-0.5184
"jmill","CHJ_CHM","arf",-0.3888
"jmill","CHO_IND","air",-0.6336
"jmill","CHO_IND","arf",-0.6336
"jmill","CHU_KAZ","air",-0.6048
"jmill","CHU_KAZ","arf",-0.4536
"jmill","CHU_KGZ","air",-0.6048
"jmill","CHU_KGZ","arf",-0.4536
"jmill","COB_USA","air",-0.72
"jmill","COB_USA","arf",-0.72
"jmill","COL_USA","air",-0.72
"jmill","COL_USA","arf",-0.72
"jmill","CON_AGO","air",-0.8352
"jmill","CON_AGO","arf",-0.6264
"jmill","CON_CAF","air",-0.8928
"jmill","CON_CAF","arf",-0.6696
"jmill","CON_COD","air",-0.8928
"jmill","CON_COD","arf",-0.6696
"jmill","CON_COG","air",-0.8184
"jmill","CON_COG","arf",-0.6696
"jmill","DAN_MDA","air",-0.8064
"jmill","DAN_MDA","arf",-0.6048
"jmill","DAN_OBN","air",-0.8064
"jmill","DAN_OBN","arf",-0.6048
"jmill","DAN_TUR","air",-0.864
"jmill","DAN_TUR","arf",-0.648
"jmill","DAN_UKR","air",-0.6048
"jmill","DAN_UKR","arf",-0.4536
"jmill","DNI_BLR","air",-0.6048
"jmill","DNI_BLR","arf",-0.4536
"jmill","DNI_RUS","air",-0.6048
"jmill","DNI_RUS","arf",-0.4536
"jmill","DNI_UKR","air",-0.6048
"jmill","DNI_UKR","arf",-0.4536
"jmill","EAC_BDI","air",-0.9216
"jmill","EAC_BDI","arf",-0.6912
"jmill","EAC_COD","air",-0.8928
"jmill","EAC_COD","arf",-0.6696
"jmill","EAC_RWA","air",-0.9216
"jmill","EAC_RWA","arf",-0.6912
"jmill","EAC_TZA","air",-1.2288
"jmill","EAC_TZA","arf",-0.6912
"jmill","EAU_AUS","air",-0.8352
"jmill","EAU_AUS","arf",-0.696
"jmill","EGH_IND","air",-0.6336
"jmill","EGH_IND","arf",-0.6336
"jmill","EME_SYR","air",-0.72
"jmill","EME_SYR","arf",-0.54
"jmill","EME_TUR","air",-0.864
"jmill","EME_TUR","arf",-0.648
"jmill","GAN_BGD","air",-0.4896
"jmill","GAN_BGD","arf",-0.3672
"jmill","GAN_CHM","air",-0.5184
"jmill","GAN_CHM","arf",-0.3888
"jmill","GAN_IND","air",-0.6336
"jmill","GAN_IND","arf",-0.6336
"jmill","GAN_NPL","air",-0.5184
"jmill","GAN_NPL","arf",-0.3888
"jmill","GBA_USA","air",-0.72
"jmill","GBA_USA","arf",-0.72
"jmill","GLA_USA","air",-0.72
"jmill","GLA_USA","arf",-0.72
"jmill","GOD_IND","air",-0.6336
"jmill","GOD_IND","arf",-0.6336
"jmill","HAI_CHM","air",-0.5184
"jmill","HAI_CHM","arf",-0.3888
"jmill","HOA_ETH","air",-0.8448
"jmill","HOA_ETH","arf",-0.4752
"jmill","HOA_KEN","air",-1.2288
"jmill","HOA_KEN","arf",-0.6912
"jmill","HUA_CHM","air",-0.5184
"jmill","HUA_CHM","arf",-0.3888
"jmill","HUN_CHM","air",-0.5184
"jmill","HUN_CHM","arf",-0.3888
"jmill","HWI_USA","air",-0.72
"jmill","HWI_USA","arf",-0.72
"jmill","IEC_IND","air",-0.6336
"jmill","IEC_IND","arf",-0.6336
"jmill","IND_CHM","air",-0.5184
"jmill","IND_CHM","arf",-0.3888
"jmill","IND_IND","air",-0.6336
"jmill","IND_IND","arf",-0.6336
"jmill","IND_PAK","air",-0.5184
"jmill","IND_PAK","arf",-0.5184
"jmill","JAP_JPN","air",-0.7488
"jmill","JAP_JPN","arf",-0.624
"jmill","KAL_BWA","air",-0.5568
"jmill","KAL_BWA","arf",-0.696
"jmill","KAL_NAM","air",-0.5568
"jmill","KAL_NAM","arf",-0.696
"jmill","KAL_ZAF","air",-0.8064
"jmill","KAL_ZAF","arf",-0.6048
"jmill","KRI_IND","air",-0.6336
"jmill","KRI_IND","arf",-0.6336
"jmill","LAJ_CHM","air",-0.5184
"jmill","LAJ_CHM","arf",-0.3888
"jmill","LBA_KAZ","air",-0.6048
"jmill","LBA_KAZ","arf",-0.4536
"jmill","LCB_CAF","air",-0.8928
"jmill","LCB_CAF","arf",-0.6696
"jmill","LCB_CMR","air",-0.6696
"jmill","LCB_CMR","arf",-0.6696
"jmill","LCB_NER","air",-0.6336
"jmill","LCB_NER","arf",-0.4752
"jmill","LCB_NGA","air",-0.9072
"jmill","LCB_NGA","arf",-0.648
"jmill","LCB_TCD","air",-0.6336
"jmill","LCB_TCD","arf",-0.4752
"jmill","LIM_BWA","air",-0.5568
"jmill","LIM_BWA","arf",-0.696
"jmill","LIM_MOZ","air",-0.9048
"jmill","LIM_MOZ","arf",-0.6264
"jmill","LIM_ZAF","air",-0.8064
"jmill","LIM_ZAF","arf",-0.6048
"jmill","LIM_ZWE","air",-0.9048
"jmill","LIM_ZWE","arf",-0.696
"jmill","LMO_CHM","air",-0.5184
"jmill","LMO_CHM","arf",-0.3888
"jmill","LTZ_KAZ","air",-0.6048
"jmill","LTZ_KAZ","arf",-0.4536
"jmill","LUN_IND","air",-0.6336
"jmill","LUN_IND","arf",-0.6336
"jmill","MAT_IND","air",-0.6336
"jmill","MAT_IND","arf",-0.6336
"jmill","MAU_AUS","air",-0.8352
"jmill","MAU_AUS","arf",-0.696
"jmill","MEK_MMR","air",-0.5472
"jmill","MEK_MMR","arf",-0.4104
"jmill","MEK_VNM","arf",-0.324
"jmill","MHN_IND","air",-0.6336
"jmill","MHN_IND","arf",-0.6336
"jmill","MIM_MEX","air",-0.864
"jmill","MIM_MEX","arf",-0.72
"jmill","MIS_USA","air",-0.72
"jmill","MIS_USA","arf",-0.72
"jmill","MOU_USA","air",-0.72
"jmill","MOU_USA","arf",-0.72
"jmill","NAC_LBY","air",-0.72
"jmill","NAC_LBY","arf",-0.54
"jmill","NER_RUS","air",-0.6048
"jmill","NER_RUS","arf",-0.4536
"jmill","NIG_BEN","air",-0.8928
"jmill","NIG_BEN","arf",-0.6696
"jmill","NIG_BFA","air",-0.6336
"jmill","NIG_BFA","arf",-0.4752
"jmill","NIG_CIV","air",-0.8928
"jmill","NIG_CIV","arf",-0.6696
"jmill","NIG_CMR","air",-0.6696
"jmill","NIG_CMR","arf",-0.6696
"jmill","NIG_GIN","air",-0.8928
"jmill","NIG_GIN","arf",-0.6696
"jmill","NIG_MLI","air",-0.6336
"jmill","NIG_MLI","arf",-0.4752
"jmill","NIG_NER","air",-0.6336
"jmill","NIG_NER","arf",-0.4752
"jmill","NIG_NGA","air",-0.9072
"jmill","NIG_NGA","arf",-0.648
"jmill","NIG_TCD","air",-0.6336
"jmill","NIG_TCD","arf",-0.4752
"jmill","NKP_PRK","air",-0.4608
"jmill","NKP_PRK","arf",-0.3456
"jmill","NLL_ERI","air",-0.7392
"jmill","NLL_ERI","arf",-0.4752
"jmill","NLL_ETH","air",-0.8448
"jmill","NLL_ETH","arf",-0.4752
"jmill","NLL_SDN","air",-0.6336
"jmill","NLL_SDN","arf",-0.4752
"jmill","NLL_UGA","air",-1.0752
"jmill","NLL_UGA","arf",-0.6912
"jmill","NWA_MOR","air",-0.72
"jmill","NWA_MOR","arf",-0.54
"jmill","NWA_MRT","air",-0.6336
"jmill","NWA_MRT","arf",-0.528
"jmill","OBB_CHM","air",-0.5184
"jmill","OBB_CHM","arf",-0.3888
"jmill","OBB_KAZ","air",-0.6048
"jmill","OBB_KAZ","arf",-0.4536
"jmill","OBB_RUS","air",-0.6048
"jmill","OBB_RUS","arf",-0.4536
"jmill","ODE_RUS","air",-0.6048
"jmill","ODE_RUS","arf",-0.4536
"jmill","OHI_USA","air",-0.72
"jmill","OHI_USA","arf",-0.72
"jmill","OIO_OIO","air",-0.48
"jmill","OIO_OIO","arf",-0.4
"jmill","ORA_NAM","air",-0.5568
"jmill","ORA_NAM","arf",-0.696
"jmill","ORA_ZAF","air",-0.8064
"jmill","ORA_ZAF","arf",-0.6048
"jmill","PAR_ARG","air",-0.9216
"jmill","PAR_ARG","arf",-0.6912
"jmill","RHI_CHP","air",-1.0368
"jmill","RHI_CHP","arf",-0.864
"jmill","RIC_ARG","air",-0.9216
"jmill","RIC_ARG","arf",-0.6912
"jmill","RIG_MEX","air",-0.864
"jmill","RIG_MEX","arf",-0.72
"jmill","RIG_USA","air",-0.72
"jmill","RIG_USA","arf",-0.72
"jmill","RRS_RUS","air",-0.6048
"jmill","RRS_RUS","arf",-0.4536
"jmill","RVN_VNM","arf",-0.324
"jmill","RWI_USA","air",-0.72
"jmill","RWI_USA","arf",-0.72
"jmill","SAC_ZAF","air",-0.8064
"jmill","SAC_ZAF","arf",-0.6048
"jmill","SAF_MOZ","air",-0.9048
"jmill","SAF_MOZ","arf",-0.6264
"jmill","SAF_TZA","air",-1.2288
"jmill","SAF_TZA","arf",-0.6912
"jmill","SAF_ZWE","air",-0.9048
"jmill","SAF_ZWE","arf",-0.696
"jmill","SAH_LBY","air",-0.72
"jmill","SAH_LBY","arf",-0.54
"jmill","SAH_MLI","air",-0.6336
"jmill","SAH_MLI","arf",-0.4752
"jmill","SAH_MOR","air",-0.72
"jmill","SAH_MOR","arf",-0.54
"jmill","SAH_MRT","air",-0.6336
"jmill","SAH_MRT","arf",-0.528
"jmill","SAH_NER","air",-0.6336
"jmill","SAH_NER","arf",-0.4752
"jmill","SAH_SDN","air",-0.6336
"jmill","SAH_SDN","arf",-0.4752
"jmill","SAH_TCD","air",-0.6336
"jmill","SAH_TCD","arf",-0.4752
"jmill","SAL_ARG","air",-0.9216
"jmill","SAL_ARG","arf",-0.6912
"jmill","SAU_SAU","air",-0.72
"jmill","SAU_SAU","arf",-0.54
"jmill","SAY_IND","air",-0.6336
"jmill","SAY_IND","arf",-0.6336
"jmill","SEN_GIN","air",-0.8928
"jmill","SEN_GIN","arf",-0.6696
"jmill","SEN_MLI","air",-0.6336
"jmill","SEN_MLI","arf",-0.4752
"jmill","SEN_MRT","air",-0.6336
"jmill","SEN_MRT","arf",-0.528
"jmill","SEN_SEN","air",-0.8928
"jmill","SEN_SEN","arf",-0.6696
"jmill","SEU_USA","air",-0.72
"jmill","SEU_USA","arf",-0.72
"jmill","SKP_KOR","air",-0.6
"jmill","SKP_KOR","arf",-0.5
"jmill","SON_CHM","air",-0.5184
"jmill","SON_CHM","arf",-0.3888
"jmill","SRL_LKA","air",-0.5184
"jmill","SRL_LKA","arf",-0.3888
"jmill","SYD_KAZ","air",-0.6048
"jmill","SYD_KAZ","arf",-0.4536
"jmill","SYD_KGZ","air",-0.6048
"jmill","SYD_KGZ","arf",-0.4536
"jmill","SYD_TJK","air",-0.6048
"jmill","SYD_TJK","arf",-0.4536
"jmill","SYD_UZB","air",-0.6048
"jmill","SYD_UZB","arf",-0.4536
"jmill","TIE_ARG","air",-0.9216
"jmill","TIE_ARG","arf",-0.6912
"jmill","TIG_IRN","air",-0.72
"jmill","TIG_IRN","arf",-0.6
"jmill","TIG_IRQ","air",-0.72
"jmill","TIG_IRQ","arf",-0.6
"jmill","TIG_SYR","air",-0.72
"jmill","TIG_SYR","arf",-0.54
"jmill","TIG_TUR","air",-0.864
"jmill","TIG_TUR","arf",-0.648
"jmill","TMM_BGD","air",-0.4896
"jmill","TMM_BGD","arf",-0.3672
"jmill","TMM_MMR","air",-0.5472
"jmill","TMM_MMR","arf",-0.4104
"jmill","TWN_CHM","air",-0.5184
"jmill","TWN_CHM","arf",-0.3888
"jmill","UME_MEX","air",-0.864
"jmill","UME_MEX","arf",-0.72
"jmill","UMO_RUS","air",-0.6048
"jmill","UMO_RUS","arf",-0.4536
"jmill","URA_KAZ","air",-0.6048
"jmill","URA_KAZ","arf",-0.4536
"jmill","URA_RUS","air",-0.6048
"jmill","URA_RUS","arf",-0.4536
"jmill","USN_USA","air",-0.72
"jmill","USN_USA","arf",-0.72
"jmill","VOG_RUS","air",-0.6048
"jmill","VOG_RUS","arf",-0.4536
"jmill","VOT_BEN","air",-0.8928
"jmill","VOT_BEN","arf",-0.6696
"jmill","VOT_BFA","air",-0.6336
"jmill","VOT_BFA","arf",-0.4752
"jmill","VOT_CIV","air",-0.8928
"jmill","VOT_CIV","arf",-0.6696
"jmill","VOT_GHA","air",-1.1904
"jmill","VOT_GHA","arf",-0.6696
"jmill","VOT_MLI","air",-0.6336
"jmill","VOT_MLI","arf",-0.4752
"jmill","VOT_TGO","air",-0.8928
"jmill","VOT_TGO","arf",-0.6696
"jmill","WAC_CIV","air",-0.8928
"jmill","WAC_CIV","arf",-0.6696
"jmill","WAC_GIN","air",-0.8928
"jmill","WAC_GIN","arf",-0.6696
"jmill","WAC_GMB","air",-0.5952
"jmill","WAC_GMB","arf",-0.744
"jmill","WAC_GNB","air",-0.8928
"jmill","WAC_GNB","arf",-0.6696
"jmill","WAC_SEN","air",-0.8928
"jmill","WAC_SEN","arf",-0.6696
"jmill","WAC_SLE","air",-0.8928
"jmill","WAC_SLE","arf",-0.6696
"jmill","WAI_AFG","air",-0.5184
"jmill","WAI_AFG","arf",-0.3888
"jmill","WAI_IRN","air",-0.72
"jmill","WAI_IRN","arf",-0.6
"jmill","WAI_PAK","air",-0.5184
"jmill","WAI_PAK","arf",-0.5184
"jmill","WAU_AUS","air",-0.8352
"jmill","WAU_AUS","arf",-0.696
"jmill","WGM_USA","air",-0.72
"jmill","WGM_USA","arf",-0.72
"jmill","YEM_YEM","air",-0.72
"jmill","YEM_YEM","arf",-0.54
"jmill","YEN_RUS","air",-0.6048
"jmill","YEN_RUS","arf",-0.4536
"jmill","YHE_CHM","air",-0.5184
"jmill","YHE_CHM","arf",-0.3888
"jmill","YRD_CHM","air",-0.5184
"jmill","YRD_CHM","arf",-0.3888
"jmill","YRD_VNM","arf",-0.324
"jmill","YUC_MEX","air",-0.864
"jmill","YUC_MEX","arf",-0.72
"jmill","ZAM_AGO","air",-0.8352
"jmill","ZAM_AGO","arf",-0.6264
"jmill","ZAM_BWA","air",-0.5568
"jmill","ZAM_BWA","arf",-0.696
"jmill","ZAM_COD","air",-0.8928
"jmill","ZAM_COD","arf",-0.6696
"jmill","ZAM_MOZ","air",-0.9048
"jmill","ZAM_MOZ","arf",-0.6264
"jmill","ZAM_MWI","air",-0.9744
"jmill","ZAM_MWI","arf",-0.6264
"jmill","ZAM_NAM","air",-0.5568
"jmill","ZAM_NAM","arf",-0.696
"jmill","ZAM_TZA","air",-1.2288
"jmill","ZAM_TZA","arf",-0.6912
"jmill","ZAM_ZMB","air",-1.044
"jmill","ZAM_ZMB","arf",-0.6264
"jmill","ZAM_ZWE","air",-0.9048
"jmill","ZAM_ZWE","arf",-0.696
"jmill","ZHJ_CHM","air",-0.5184
"jmill","ZHJ_CHM","arf",-0.3888
"jrice","ALK_USA","air",-0.9432
"jrice","ALK_USA","arf",-0.9432
"jrice","AMA_BOL","air",-0.6
"jrice","AMA_BOL","arf",-0.45
"jrice","AMA_BRA","air",-0.696
"jrice","AMA_BRA","arf",-0.522
"jrice","AMA_COL","air",-0.96
"jrice","AMA_COL","arf",-0.72
"jrice","AMA_ECU","air",-0.48
"jrice","AMA_ECU","arf",-0.36
"jrice","AMA_PER","air",-0.6
"jrice","AMA_PER","arf",-0.45
"jrice","AMD_AFG","air",-0.6
"jrice","AMD_AFG","arf",-0.45
"jrice","AMD_TJK","air",-0.528
"jrice","AMD_TJK","arf",-0.396
"jrice","AMD_TKM","air",-0.528
"jrice","AMD_TKM","arf",-0.396
"jrice","AMD_UZB","air",-0.528
"jrice","AMD_UZB","arf",-0.396
"jrice","AMR_CHM","air",-0.6
"jrice","AMR_CHM","arf",-0.45
"jrice","AMR_RUS","air",-0.792
"jrice","AMR_RUS","arf",-0.594
"jrice","ARA_IRQ","air",-0.624
"jrice","ARA_IRQ","arf",-0.52
"jrice","ARK_USA","air",-0.9432
"jrice","ARK_USA","arf",-0.9432
"jrice","AZE_AZE","air",-0.792
"jrice","AZE_AZE","arf",-0.594
"jrice","BAL_RUS","air",-0.792
"jrice","BAL_RUS","arf",-0.594
"jrice","BLA_RUS","air",-0.792
"jrice","BLA_RUS","arf",-0.594
"jrice","BLA_TUR","air",-0.72
"jrice","BLA_TUR","arf",-0.54
"jrice","BLA_UKR","air",-0.792
"jrice","BLA_UKR","arf",-0.594
"jrice","BLZ_BLZ","air",-0.6
"jrice","BLZ_BLZ","arf",-0.45
"jrice","BOR_IDN","air",-0.624
"jrice","BOR_IDN","arf",-0.468
"jrice","BOR_MYS","air",-0.36
"jrice","BOR_MYS","arf",-0.3
"jrice","BRT_BGD","air",-0.636
"jrice","BRT_BGD","arf",-0.477
"jrice","BRT_BTN","air",-0.4536
"jrice","BRT_BTN","arf",-0.3402
"jrice","BRT_CHM","air",-0.6
"jrice","BRT_CHM","arf",-0.45
"jrice","BRT_IND","air",-0.624
"jrice","BRT_IND","arf",-0.624
"jrice","CAF_AGO","air",-0.72
"jrice","CAF_AGO","arf",-0.54
"jrice","CAF_CAF","air",-0.624
"jrice","CAF_CAF","arf",-0.468
"jrice","CAF_CMR","air",-0.54
"jrice","CAF_CMR","arf",-0.54
"jrice","CAF_COG","air",-0.572
"jrice","CAF_COG","arf",-0.468
"jrice","CAF_GAB","air",-0.468
"jrice","CAF_GAB","arf",-0.468
"jrice","CAL_USA","air",-0.9432
"jrice","CAL_USA","arf",-0.9432
"jrice","CAU_AUS","air",-0.48
"jrice","CAU_AUS","arf",-0.4
"jrice","CAV_IND","air",-0.624
"jrice","CAV_IND","arf",-0.624
"jrice","CHC_CHL","air",-0.6
"jrice","CHC_CHL","arf",-0.45
"jrice","CHJ_CHM","air",-0.6
"jrice","CHJ_CHM","arf",-0.45
"jrice","CHO_IND","air",-0.624
"jrice","CHO_IND","arf",-0.624
"jrice","CHU_KAZ","air",-0.528
"jrice","CHU_KAZ","arf",-0.396
"jrice","CHU_KGZ","air",-0.528
"jrice","CHU_KGZ","arf",-0.396
"jrice","COB_USA","air",-0.9432
"jrice","COB_USA","arf",-0.9432
"jrice","COL_USA","air",-0.9432
"jrice","COL_USA","arf",-0.9432
"jrice","CON_AGO","air",-0.72
"jrice","CON_AGO","arf",-0.54
"jrice","CON_CAF","air",-0.624
"jrice","CON_CAF","arf",-0.468
"jrice","CON_COD","air",-0.624
"jrice","CON_COD","arf",-0.468
"jrice","CON_COG","air",-0.572
"jrice","CON_COG","arf",-0.468
"jrice","CRB_CRB","air",-0.33
"jrice","CRB_CRB","arf",-0.3
"jrice","CRI_CRI","air",-0.6
"jrice","CRI_CRI","arf",-0.45
"jrice","CUB_CUB","air",-0.7
"jrice","CUB_CUB","arf",-0.45
"jrice","DAN_BGR","air",-0.96
"jrice","DAN_BGR","arf",-0.72
"jrice","DAN_HUN","air",-0.96
"jrice","DAN_HUN","arf",-0.72
"jrice","DAN_OBN","air",-0.84
"jrice","DAN_OBN","arf",-0.63
"jrice","DAN_ROU","air",-0.96
"jrice","DAN_ROU","arf",-0.72
"jrice","DAN_TUR","air",-0.72
"jrice","DAN_TUR","arf",-0.54
"jrice","DAN_UKR","air",-0.792
"jrice","DAN_UKR","arf",-0.594
"jrice","DNI_RUS","air",-0.792
"jrice","DNI_RUS","arf",-0.594
"jrice","DNI_UKR","air",-0.792
"jrice","DNI_UKR","arf",-0.594
"jrice","DOM_DOM","air",-0.6
"jrice","DOM_DOM","arf",-0.45
"jrice","EAC_BDI","air",-0.54
"jrice","EAC_BDI","arf",-0.405
"jrice","EAC_COD","air",-0.624
"jrice","EAC_COD","arf",-0.468
"jrice","EAC_RWA","air",-0.54
"jrice","EAC_RWA","arf",-0.405
"jrice","EAC_TZA","air",-0.64
"jrice","EAC_TZA","arf",-0.36
"jrice","EAU_AUS","air",-0.48
"jrice","EAU_AUS","arf",-0.4
"jrice","EGH_IND","air",-0.624
"jrice","EGH_IND","arf",-0.624
"jrice","EME_EGY","air",-0.864
"jrice","EME_EGY","arf",-0.648
"jrice","EME_TUR","air",-0.72
"jrice","EME_TUR","arf",-0.54
"jrice","FJI_FJI","air",-0.36
"jrice","FJI_FJI","arf",-0.3
"jrice","GAN_BGD","air",-0.636
"jrice","GAN_BGD","arf",-0.477
"jrice","GAN_CHM","air",-0.6
"jrice","GAN_CHM","arf",-0.45
"jrice","GAN_IND","air",-0.624
"jrice","GAN_IND","arf",-0.624
"jrice","GAN_NPL","air",-0.4284
"jrice","GAN_NPL","arf",-0.3213
"jrice","GBA_USA","air",-0.9432
"jrice","GBA_USA","arf",-0.9432
"jrice","GLA_USA","air",-0.9432
"jrice","GLA_USA","arf",-0.9432
"jrice","GOD_IND","air",-0.624
"jrice","GOD_IND","arf",-0.624
"jrice","GRC_GRC","air",-0.84
"jrice","GRC_GRC","arf",-0.7
"jrice","GSA_GSA","air",-0.7
"jrice","GSA_GSA","arf",-0.45
"jrice","GTM_GTM","air",-0.6
"jrice","GTM_GTM","arf",-0.45
"jrice","HAI_CHM","air",-0.6
"jrice","HAI_CHM","arf",-0.45
"jrice","HND_HND","air",-0.6
"jrice","HND_HND","arf",-0.45
"jrice","HOA_ETH","air",-0.832
"jrice","HOA_ETH","arf",-0.468
"jrice","HOA_KEN","air",-0.72
"jrice","HOA_KEN","arf",-0.405
"jrice","HOA_SOM","air",-0.6
"jrice","HOA_SOM","arf",-0.45
"jrice","HTI_HTI","air",-0.6
"jrice","HTI_HTI","arf",-0.5
"jrice","HUA_CHM","air",-0.6
"jrice","HUA_CHM","arf",-0.45
"jrice","HUN_CHM","air",-0.6
"jrice","HUN_CHM","arf",-0.45
"jrice","HWI_USA","air",-0.9432
"jrice","HWI_USA","arf",-0.9432
"jrice","IEC_IND","air",-0.624
"jrice","IEC_IND","arf",-0.624
"jrice","IND_CHM","air",-0.6
"jrice","IND_CHM","arf",-0.45
"jrice","IND_IND","air",-0.624
"jrice","IND_IND","arf",-0.624
"jrice","IND_PAK","air",-0.528
"jrice","IND_PAK","arf",-0.528
"jrice","INE_IDN","air",-0.624
"jrice","INE_IDN","arf",-0.468
"jrice","INW_IDN","air",-0.624
"jrice","INW_IDN","arf",-0.468
"jrice","ITA_ITP","air",-0.84
"jrice","ITA_ITP","arf",-0.7
"jrice","JAP_JPN","air",-0.7008
"jrice","JAP_JPN","arf",-0.584
"jrice","KAL_ZAF","air",-0.24
"jrice","KAL_ZAF","arf",-0.18
"jrice","KRI_IND","air",-0.624
"jrice","KRI_IND","arf",-0.624
"jrice","LAJ_CHM","air",-0.6
"jrice","LAJ_CHM","arf",-0.45
"jrice","LBA_KAZ","air",-0.528
"jrice","LBA_KAZ","arf",-0.396
"jrice","LBO_FRP","air",-0.84
"jrice","LBO_FRP","arf",-0.7
"jrice","LCB_CAF","air",-0.624
"jrice","LCB_CAF","arf",-0.468
"jrice","LCB_CMR","air",-0.54
"jrice","LCB_CMR","arf",-0.54
"jrice","LCB_NER","air",-0.552
"jrice","LCB_NER","arf",-0.414
"jrice","LCB_NGA","air",-0.784
"jrice","LCB_NGA","arf",-0.56
"jrice","LCB_TCD","air",-0.6
"jrice","LCB_TCD","arf",-0.45
"jrice","LIM_MOZ","air",-0.676
"jrice","LIM_MOZ","arf",-0.468
"jrice","LIM_ZAF","air",-0.24
"jrice","LIM_ZAF","arf",-0.18
"jrice","LIM_ZWE","air",-0.65
"jrice","LIM_ZWE","arf",-0.5
"jrice","LMO_CHM","air",-0.6
"jrice","LMO_CHM","arf",-0.45
"jrice","LTZ_KAZ","air",-0.528
"jrice","LTZ_KAZ","arf",-0.396
"jrice","LUN_IND","air",-0.624
"jrice","LUN_IND","arf",-0.624
"jrice","MAD_MDG","air",-0.624
"jrice","MAD_MDG","arf",-0.468
"jrice","MAT_IND","air",-0.624
"jrice","MAT_IND","arf",-0.624
"jrice","MAU_AUS","air",-0.48
"jrice","MAU_AUS","arf",-0.4
"jrice","MEK_KHM","air",-0.32
"jrice","MEK_KHM","arf",-0.18
"jrice","MEK_LAO","air",-0.32
"jrice","MEK_LAO","arf",-0.18
"jrice","MEK_MMR","air",-0.42
"jrice","MEK_MMR","arf",-0.315
"jrice","MEK_THA","air",-0.444
"jrice","MEK_THA","arf",-0.333
"jrice","MEK_VNM","air",-0.432
"jrice","MEK_VNM","arf",-0.324
"jrice","MHN_IND","air",-0.624
"jrice","MHN_IND","arf",-0.624
"jrice","MIM_MEX","air",-0.48
"jrice","MIM_MEX","arf",-0.4
"jrice","MIS_USA","air",-0.9432
"jrice","MIS_USA","arf",-0.9432
"jrice","MOU_USA","air",-0.9432
"jrice","MOU_USA","arf",-0.9432
"jrice","NAC_DZA","air",-0.55944
"jrice","NAC_DZA","arf",-0.41958
"jrice","NAC_EGY","air",-0.864
"jrice","NAC_EGY","arf",-0.648
"jrice","NEB_BRA","air",-0.696
"jrice","NEB_BRA","arf",-0.522
"jrice","NER_RUS","air",-0.792
"jrice","NER_RUS","arf",-0.594
"jrice","NIC_NIC","air",-0.6
"jrice","NIC_NIC","arf",-0.45
"jrice","NIG_BEN","air",-0.72
"jrice","NIG_BEN","arf",-0.54
"jrice","NIG_BFA","air",-0.72
"jrice","NIG_BFA","arf",-0.54
"jrice","NIG_CIV","air",-0.84
"jrice","NIG_CIV","arf",-0.63
"jrice","NIG_CMR","air",-0.54
"jrice","NIG_CMR","arf",-0.54
"jrice","NIG_GIN","air",-0.624
"jrice","NIG_GIN","arf",-0.468
"jrice","NIG_MLI","air",-0.624
"jrice","NIG_MLI","arf",-0.468
"jrice","NIG_NER","air",-0.552
"jrice","NIG_NER","arf",-0.414
"jrice","NIG_NGA","air",-0.784
"jrice","NIG_NGA","arf",-0.56
"jrice","NIG_TCD","air",-0.6
"jrice","NIG_TCD","arf",-0.45
"jrice","NKP_PRK","air",-0.36
"jrice","NKP_PRK","arf",-0.27
"jrice","NLL_EGY","air",-0.864
"jrice","NLL_EGY","arf",-0.648
"jrice","NLL_ETH","air",-0.832
"jrice","NLL_ETH","arf",-0.468
"jrice","NLL_SDN","air",-0.6
"jrice","NLL_SDN","arf",-0.45
"jrice","NLL_UGA","air",-0.56
"jrice","NLL_UGA","arf",-0.36
"jrice","NWA_MOR","air",-0.624
"jrice","NWA_MOR","arf",-0.468
"jrice","NWA_MRT","air",-0.624
"jrice","NWA_MRT","arf",-0.52
"jrice","NWS_COL","air",-0.96
"jrice","NWS_COL","arf",-0.72
"jrice","NWS_ECU","air",-0.48
"jrice","NWS_ECU","arf",-0.36
"jrice","OBB_CHM","air",-0.6
"jrice","OBB_CHM","arf",-0.45
"jrice","OBB_KAZ","air",-0.528
"jrice","OBB_KAZ","arf",-0.396
"jrice","OBB_RUS","air",-0.792
"jrice","OBB_RUS","arf",-0.594
"jrice","ODE_RUS","air",-0.792
"jrice","ODE_RUS","arf",-0.594
"jrice","OHI_USA","air",-0.9432
"jrice","OHI_USA","arf",-0.9432
"jrice","OIO_OIO","air",-0.36
"jrice","OIO_OIO","arf",-0.3
"jrice","OPO_OPO","air",-0.36
"jrice","OPO_OPO","arf",-0.27
"jrice","ORA_ZAF","air",-0.24
"jrice","ORA_ZAF","arf",-0.18
"jrice","ORI_COL","air",-0.96
"jrice","ORI_COL","arf",-0.72
"jrice","ORI_VEN","air",-0.6
"jrice","ORI_VEN","arf",-0.45
"jrice","PAN_PAN","air",-0.6
"jrice","PAN_PAN","arf",-0.45
"jrice","PAO_PNG","air",-0.36
"jrice","PAO_PNG","arf",-0.27
"jrice","PAR_ARG","air",-1.56
"jrice","PAR_ARG","arf",-1.17
"jrice","PAR_BOL","air",-0.6
"jrice","PAR_BOL","arf",-0.45
"jrice","PAR_BRA","air",-0.696
"jrice","PAR_BRA","arf",-0.522
"jrice","PAR_PRY","air",-0.6
"jrice","PAR_PRY","arf",-0.45
"jrice","PEC_PER","air",-0.6
"jrice","PEC_PER","arf",-0.45
"jrice","PHI_PHL","air",-0.42
"jrice","PHI_PHL","arf",-0.315
"jrice","PRT_PRT","air",-0.84
"jrice","PRT_PRT","arf",-0.63
"jrice","RHI_FRP","air",-0.84
"jrice","RHI_FRP","arf",-0.7
"jrice","RHO_FRP","air",-0.84
"jrice","RHO_FRP","arf",-0.7
"jrice","RIC_ARG","air",-1.56
"jrice","RIC_ARG","arf",-1.17
"jrice","RIG_MEX","air",-0.48
"jrice","RIG_MEX","arf",-0.4
"jrice","RIG_USA","air",-0.9432
"jrice","RIG_USA","arf",-0.9432
"jrice","RRS_RUS","air",-0.792
"jrice","RRS_RUS","arf",-0.594
"jrice","RVE_VEN","air",-0.6
"jrice","RVE_VEN","arf",-0.45
"jrice","RVN_VNM","air",-0.432
"jrice","RVN_VNM","arf",-0.324
"jrice","RWI_USA","air",-0.9432
"jrice","RWI_USA","arf",-0.9432
"jrice","SAC_SWZ","air",-0.91
"jrice","SAC_SWZ","arf",-0.5
"jrice","SAC_ZAF","air",-0.24
"jrice","SAC_ZAF","arf",-0.18
"jrice","SAF_MOZ","air",-0.676
"jrice","SAF_MOZ","arf",-0.468
"jrice","SAF_TZA","air",-0.64
"jrice","SAF_TZA","arf",-0.36
"jrice","SAF_ZWE","air",-0.65
"jrice","SAF_ZWE","arf",-0.5
"jrice","SAH_DZA","air",-0.55944
"jrice","SAH_DZA","arf",-0.41958
"jrice","SAH_EGY","air",-0.864
"jrice","SAH_EGY","arf",-0.648
"jrice","SAH_MLI","air",-0.624
"jrice","SAH_MLI","arf",-0.468
"jrice","SAH_MOR","air",-0.624
"jrice","SAH_MOR","arf",-0.468
"jrice","SAH_MRT","air",-0.624
"jrice","SAH_MRT","arf",-0.52
"jrice","SAH_NER","air",-0.552
"jrice","SAH_NER","arf",-0.414
"jrice","SAH_SDN","air",-0.6
"jrice","SAH_SDN","arf",-0.45
"jrice","SAH_TCD","air",-0.6
"jrice","SAH_TCD","arf",-0.45
"jrice","SAL_ARG","air",-1.56
"jrice","SAL_ARG","arf",-1.17
"jrice","SAN_BRA","air",-0.696
"jrice","SAN_BRA","arf",-0.522
"jrice","SAU_SAU","air",-0.624
"jrice","SAU_SAU","arf",-0.468
"jrice","SAY_IND","air",-0.624
"jrice","SAY_IND","arf",-0.624
"jrice","SEI_FRP","air",-0.84
"jrice","SEI_FRP","arf",-0.7
"jrice","SEN_GIN","air",-0.624
"jrice","SEN_GIN","arf",-0.468
"jrice","SEN_MLI","air",-0.624
"jrice","SEN_MLI","arf",-0.468
"jrice","SEN_MRT","air",-0.624
"jrice","SEN_MRT","arf",-0.52
"jrice","SEN_SEN","air",-0.576
"jrice","SEN_SEN","arf",-0.432
"jrice","SEU_USA","air",-0.9432
"jrice","SEU_USA","arf",-0.9432
"jrice","SKP_KOR","air",-0.5856
"jrice","SKP_KOR","arf",-0.488
"jrice","SLB_SLB","air",-0.36
"jrice","SLB_SLB","arf",-0.27
"jrice","SLV_SLV","air",-0.6
"jrice","SLV_SLV","arf",-0.45
"jrice","SON_CHM","air",-0.6
"jrice","SON_CHM","arf",-0.45
"jrice","SPP_SPP","air",-0.84
"jrice","SPP_SPP","arf",-0.7
"jrice","SRL_LKA","air",-0.4536
"jrice","SRL_LKA","arf",-0.3402
"jrice","SYD_KAZ","air",-0.528
"jrice","SYD_KAZ","arf",-0.396
"jrice","SYD_KGZ","air",-0.528
"jrice","SYD_KGZ","arf",-0.396
"jrice","SYD_TJK","air",-0.528
"jrice","SYD_TJK","arf",-0.396
"jrice","SYD_UZB","air",-0.528
"jrice","SYD_UZB","arf",-0.396
"jrice","TIE_ARG","air",-1.56
"jrice","TIE_ARG","arf",-1.17
"jrice","TIG_IRN","air",-0.624
"jrice","TIG_IRN","arf",-0.52
"jrice","TIG_IRQ","air",-0.624
"jrice","TIG_IRQ","arf",-0.52
"jrice","TIG_TUR","air",-0.72
"jrice","TIG_TUR","arf",-0.54
"jrice","TLS_TLS","air",-0.39
"jrice","TLS_TLS","arf",-0.27
"jrice","TMM_BGD","air",-0.636
"jrice","TMM_BGD","arf",-0.477
"jrice","TMM_MMR","air",-0.42
"jrice","TMM_MMR","arf",-0.315
"jrice","TMM_MYS","air",-0.36
"jrice","TMM_MYS","arf",-0.3
"jrice","TMM_OSA","air",-0.26
"jrice","TMM_OSA","arf",-0.18
"jrice","TMM_THA","air",-0.444
"jrice","TMM_THA","arf",-0.333
"jrice","TOC_BRA","air",-0.696
"jrice","TOC_BRA","arf",-0.522
"jrice","TWN_CHM","air",-0.6
"jrice","TWN_CHM","arf",-0.45
"jrice","UME_MEX","air",-0.48
"jrice","UME_MEX","arf",-0.4
"jrice","UMO_RUS","air",-0.792
"jrice","UMO_RUS","arf",-0.594
"jrice","URA_KAZ","air",-0.528
"jrice","URA_KAZ","arf",-0.396
"jrice","URA_RUS","air",-0.792
"jrice","URA_RUS","arf",-0.594
"jrice","URA_TKM","air",-0.528
"jrice","URA_TKM","arf",-0.396
"jrice","URU_BRA","air",-0.696
"jrice","URU_BRA","arf",-0.522
"jrice","URU_URY","air",-0.6
"jrice","URU_URY","arf",-0.45
"jrice","USN_USA","air",-0.9432
"jrice","USN_USA","arf",-0.9432
"jrice","VOG_RUS","air",-0.792
"jrice","VOG_RUS","arf",-0.594
"jrice","VOT_BEN","air",-0.72
"jrice","VOT_BEN","arf",-0.54
"jrice","VOT_BFA","air",-0.72
"jrice","VOT_BFA","arf",-0.54
"jrice","VOT_CIV","air",-0.84
"jrice","VOT_CIV","arf",-0.63
"jrice","VOT_GHA","air",-0.832
"jrice","VOT_GHA","arf",-0.468
"jrice","VOT_MLI","air",-0.624
"jrice","VOT_MLI","arf",-0.468
"jrice","VOT_TGO","air",-0.6
"jrice","VOT_TGO","arf",-0.45
"jrice","WAC_CIV","air",-0.84
"jrice","WAC_CIV","arf",-0.63
"jrice","WAC_GIN","air",-0.624
"jrice","WAC_GIN","arf",-0.468
"jrice","WAC_GMB","air",-0.416
"jrice","WAC_GMB","arf",-0.52
"jrice","WAC_GNB","air",-0.624
"jrice","WAC_GNB","arf",-0.468
"jrice","WAC_LBR","air",-0.416
"jrice","WAC_LBR","arf",-0.52
"jrice","WAC_SEN","air",-0.576
"jrice","WAC_SEN","arf",-0.432
"jrice","WAC_SLE","air",-0.72
"jrice","WAC_SLE","arf",-0.54
"jrice","WAI_AFG","air",-0.6
"jrice","WAI_AFG","arf",-0.45
"jrice","WAI_IRN","air",-0.624
"jrice","WAI_IRN","arf",-0.52
"jrice","WAI_PAK","air",-0.528
"jrice","WAI_PAK","arf",-0.528
"jrice","WAI_TKM","air",-0.528
"jrice","WAI_TKM","arf",-0.396
"jrice","WAU_AUS","air",-0.48
"jrice","WAU_AUS","arf",-0.4
"jrice","WGM_USA","air",-0.9432
"jrice","WGM_USA","arf",-0.9432
"jrice","YEN_RUS","air",-0.792
"jrice","YEN_RUS","arf",-0.594
"jrice","YHE_CHM","air",-0.6
"jrice","YHE_CHM","arf",-0.45
"jrice","YRD_CHM","air",-0.6
"jrice","YRD_CHM","arf",-0.45
"jrice","YRD_VNM","air",-0.432
"jrice","YRD_VNM","arf",-0.324
"jrice","YUC_MEX","air",-0.48
"jrice","YUC_MEX","arf",-0.4
"jrice","ZAM_AGO","air",-0.72
"jrice","ZAM_AGO","arf",-0.54
"jrice","ZAM_COD","air",-0.624
"jrice","ZAM_COD","arf",-0.468
"jrice","ZAM_MOZ","air",-0.676
"jrice","ZAM_MOZ","arf",-0.468
"jrice","ZAM_MWI","air",-0.728
"jrice","ZAM_MWI","arf",-0.468
"jrice","ZAM_TZA","air",-0.64
"jrice","ZAM_TZA","arf",-0.36
"jrice","ZAM_ZMB","air",-0.75
"jrice","ZAM_ZMB","arf",-0.45
"jrice","ZAM_ZWE","air",-0.65
"jrice","ZAM_ZWE","arf",-0.5
"jrice","ZHJ_CHM","air",-0.6
"jrice","ZHJ_CHM","arf",-0.45
"jsorg","ALK_USA","air",-0.72
"jsorg","ALK_USA","arf",-0.72
"jsorg","AMA_BOL","air",-0.8352
"jsorg","AMA_BOL","arf",-0.6264
"jsorg","AMA_BRA","air",-0.864
"jsorg","AMA_BRA","arf",-0.648
"jsorg","AMA_COL","air",-0.8352
"jsorg","AMA_COL","arf",-0.6264
"jsorg","AMA_ECU","air",-0.8352
"jsorg","AMA_ECU","arf",-0.6264
"jsorg","AMA_PER","air",-0.8352
"jsorg","AMA_PER","arf",-0.6264
"jsorg","AMD_TJK","air",-0.6048
"jsorg","AMD_TJK","arf",-0.4536
"jsorg","AMD_UZB","air",-0.6048
"jsorg","AMD_UZB","arf",-0.4536
"jsorg","AMR_CHM","air",-0.5184
"jsorg","AMR_CHM","arf",-0.3888
"jsorg","AMR_RUS","air",-0.6048
"jsorg","AMR_RUS","arf",-0.4536
"jsorg","ARA_IRQ","air",-0.72
"jsorg","ARA_IRQ","arf",-0.6
"jsorg","ARK_USA","air",-0.72
"jsorg","ARK_USA","arf",-0.72
"jsorg","AZE_AZE","air",-0.6048
"jsorg","AZE_AZE","arf",-0.4536
"jsorg","BAL_RUS","air",-0.6048
"jsorg","BAL_RUS","arf",-0.4536
"jsorg","BLA_RUS","air",-0.6048
"jsorg","BLA_RUS","arf",-0.4536
"jsorg","BLA_TUR","air",-0.864
"jsorg","BLA_TUR","arf",-0.648
"jsorg","BLA_UKR","air",-0.6048
"jsorg","BLA_UKR","arf",-0.4536
"jsorg","BLZ_BLZ","air",-0.8352
"jsorg","BLZ_BLZ","arf",-0.6264
"jsorg","BRT_BGD","air",-0.4896
"jsorg","BRT_BGD","arf",-0.3672
"jsorg","BRT_CHM","air",-0.5184
"jsorg","BRT_CHM","arf",-0.3888
"jsorg","BRT_IND","air",-0.6336
"jsorg","BRT_IND","arf",-0.6336
"jsorg","CAF_AGO","air",-0.8352
"jsorg","CAF_AGO","arf",-0.6264
"jsorg","CAF_CAF","air",-0.8928
"jsorg","CAF_CAF","arf",-0.6696
"jsorg","CAF_CMR","air",-0.6696
"jsorg","CAF_CMR","arf",-0.6696
"jsorg","CAF_NAM","air",-0.5568
"jsorg","CAF_NAM","arf",-0.696
"jsorg","CAL_USA","air",-0.72
"jsorg","CAL_USA","arf",-0.72
"jsorg","CAU_AUS","air",-0.8352
"jsorg","CAU_AUS","arf",-0.696
"jsorg","CAV_IND","air",-0.6336
"jsorg","CAV_IND","arf",-0.6336
"jsorg","CHJ_CHM","air",-0.5184
"jsorg","CHJ_CHM","arf",-0.3888
"jsorg","CHO_IND","air",-0.6336
"jsorg","CHO_IND","arf",-0.6336
"jsorg","CHU_KAZ","air",-0.6048
"jsorg","CHU_KAZ","arf",-0.4536
"jsorg","CHU_KGZ","air",-0.6048
"jsorg","CHU_KGZ","arf",-0.4536
"jsorg","COB_USA","air",-0.72
"jsorg","COB_USA","arf",-0.72
"jsorg","COL_USA","air",-0.72
"jsorg","COL_USA","arf",-0.72
"jsorg","CON_AGO","air",-0.8352
"jsorg","CON_AGO","arf",-0.6264
"jsorg","CON_CAF","air",-0.8928
"jsorg","CON_CAF","arf",-0.6696
"jsorg","CON_COD","air",-0.8928
"jsorg","CON_COD","arf",-0.6696
"jsorg","CUB_CUB","air",-0.9744
"jsorg","CUB_CUB","arf",-0.6264
"jsorg","DAN_AUT","air",-1.0368
"jsorg","DAN_AUT","arf",-0.864
"jsorg","DAN_BGR","air",-0.8064
"jsorg","DAN_BGR","arf",-0.6048
"jsorg","DAN_HUN","air",-0.8064
"jsorg","DAN_HUN","arf",-0.6048
"jsorg","DAN_MDA","air",-0.8064
"jsorg","DAN_MDA","arf",-0.6048
"jsorg","DAN_OBN","air",-0.8064
"jsorg","DAN_OBN","arf",-0.6048
"jsorg","DAN_ROU","air",-0.8064
"jsorg","DAN_ROU","arf",-0.6048
"jsorg","DAN_SVK","air",-0.8064
"jsorg","DAN_SVK","arf",-0.6048
"jsorg","DAN_SVN","air",-0.6048
"jsorg","DAN_SVN","arf",-0.6048
"jsorg","DAN_TUR","air",-0.864
"jsorg","DAN_TUR","arf",-0.648
"jsorg","DAN_UKR","air",-0.6048
"jsorg","DAN_UKR","arf",-0.4536
"jsorg","DNI_RUS","air",-0.6048
"jsorg","DNI_RUS","arf",-0.4536
"jsorg","DNI_UKR","air",-0.6048
"jsorg","DNI_UKR","arf",-0.4536
"jsorg","DOM_DOM","air",-0.8352
"jsorg","DOM_DOM","arf",-0.6264
"jsorg","EAC_BDI","air",-0.9216
"jsorg","EAC_BDI","arf",-0.6912
"jsorg","EAC_COD","air",-0.8928
"jsorg","EAC_COD","arf",-0.6696
"jsorg","EAC_RWA","air",-0.9216
"jsorg","EAC_RWA","arf",-0.6912
"jsorg","EAC_TZA","air",-1.2288
"jsorg","EAC_TZA","arf",-0.6912
"jsorg","EAU_AUS","air",-0.8352
"jsorg","EAU_AUS","arf",-0.696
"jsorg","EGH_IND","air",-0.6336
"jsorg","EGH_IND","arf",-0.6336
"jsorg","EME_EGY","air",-0.7776
"jsorg","EME_EGY","arf",-0.5832
"jsorg","EME_ISR","air",-0.8064
"jsorg","EME_ISR","arf",-0.672
"jsorg","EME_JOR","air",-0.72
"jsorg","EME_JOR","arf",-0.6
"jsorg","EME_LBN","air",-0.72
"jsorg","EME_LBN","arf",-0.54
"jsorg","EME_PSE","air",-0.9672
"jsorg","EME_PSE","arf",-0.744
"jsorg","EME_SYR","air",-0.72
"jsorg","EME_SYR","arf",-0.54
"jsorg","EME_TUR","air",-0.864
"jsorg","EME_TUR","arf",-0.648
"jsorg","FJI_FJI","air",-0.504
"jsorg","FJI_FJI","arf",-0.42
"jsorg","GAN_BGD","air",-0.4896
"jsorg","GAN_BGD","arf",-0.3672
"jsorg","GAN_CHM","air",-0.5184
"jsorg","GAN_CHM","arf",-0.3888
"jsorg","GAN_IND","air",-0.6336
"jsorg","GAN_IND","arf",-0.6336
"jsorg","GBA_USA","air",-0.72
"jsorg","GBA_USA","arf",-0.72
"jsorg","GLA_USA","air",-0.72
"jsorg","GLA_USA","arf",-0.72
"jsorg","GOD_IND","air",-0.6336
"jsorg","GOD_IND","arf",-0.6336
"jsorg","GRC_GRC","air",-0.8064
"jsorg","GRC_GRC","arf",-0.672
"jsorg","GTM_GTM","air",-0.8352
"jsorg","GTM_GTM","arf",-0.6264
"jsorg","HAI_CHM","air",-0.5184
"jsorg","HAI_CHM","arf",-0.3888
"jsorg","HND_HND","air",-0.8352
"jsorg","HND_HND","arf",-0.6264
"jsorg","HOA_ETH","air",-0.8448
"jsorg","HOA_ETH","arf",-0.4752
"jsorg","HOA_KEN","air",-1.2288
"jsorg","HOA_KEN","arf",-0.6912
"jsorg","HOA_SOM","air",-0.6336
"jsorg","HOA_SOM","arf",-0.4752
"jsorg","HTI_HTI","air",-0.8352
"jsorg","HTI_HTI","arf",-0.696
"jsorg","HUA_CHM","air",-0.5184
"jsorg","HUA_CHM","arf",-0.3888
"jsorg","HUN_CHM","air",-0.5184
"jsorg","HUN_CHM","arf",-0.3888
"jsorg","HWI_USA","air",-0.72
"jsorg","HWI_USA","arf",-0.72
"jsorg","IEC_IND","air",-0.6336
"jsorg","IEC_IND","arf",-0.6336
"jsorg","IND_CHM","air",-0.5184
"jsorg","IND_CHM","arf",-0.3888
"jsorg","IND_IND","air",-0.6336
"jsorg","IND_IND","arf",-0.6336
"jsorg","IND_PAK","air",-0.5184
"jsorg","IND_PAK","arf",-0.5184
"jsorg","ITA_ITP","air",-1.0368
"jsorg","ITA_ITP","arf",-0.864
"jsorg","KAL_BWA","air",-0.5568
"jsorg","KAL_BWA","arf",-0.696
"jsorg","KAL_NAM","air",-0.5568
"jsorg","KAL_NAM","arf",-0.696
"jsorg","KAL_ZAF","air",-0.8064
"jsorg","KAL_ZAF","arf",-0.6048
"jsorg","KRI_IND","air",-0.6336
"jsorg","KRI_IND","arf",-0.6336
"jsorg","LAJ_CHM","air",-0.5184
"jsorg","LAJ_CHM","arf",-0.3888
"jsorg","LBA_KAZ","air",-0.6048
"jsorg","LBA_KAZ","arf",-0.4536
"jsorg","LBO_FRP","air",-1.0368
"jsorg","LBO_FRP","arf",-0.864
"jsorg","LCB_CAF","air",-0.8928
"jsorg","LCB_CAF","arf",-0.6696
"jsorg","LCB_CMR","air",-0.6696
"jsorg","LCB_CMR","arf",-0.6696
"jsorg","LCB_NER","air",-0.6336
"jsorg","LCB_NER","arf",-0.4752
"jsorg","LCB_NGA","air",-0.9072
"jsorg","LCB_NGA","arf",-0.648
"jsorg","LCB_TCD","air",-0.6336
"jsorg","LCB_TCD","arf",-0.4752
"jsorg","LIM_BWA","air",-0.5568
"jsorg","LIM_BWA","arf",-0.696
"jsorg","LIM_MOZ","air",-0.9048
"jsorg","LIM_MOZ","arf",-0.6264
"jsorg","LIM_ZAF","air",-0.8064
"jsorg","LIM_ZAF","arf",-0.6048
"jsorg","LIM_ZWE","air",-0.9048
"jsorg","LIM_ZWE","arf",-0.696
"jsorg","LMO_CHM","air",-0.5184
"jsorg","LMO_CHM","arf",-0.3888
"jsorg","LTZ_KAZ","air",-0.6048
"jsorg","LTZ_KAZ","arf",-0.4536
"jsorg","LUN_IND","air",-0.6336
"jsorg","LUN_IND","arf",-0.6336
"jsorg","MAD_MDG","air",-0.8352
"jsorg","MAD_MDG","arf",-0.6264
"jsorg","MAT_IND","air",-0.6336
"jsorg","MAT_IND","arf",-0.6336
"jsorg","MAU_AUS","air",-0.8352
"jsorg","MAU_AUS","arf",-0.696
"jsorg","MEK_MMR","air",-0.5472
"jsorg","MEK_MMR","arf",-0.4104
"jsorg","MEK_THA","air",-0.6
"jsorg","MEK_THA","arf",-0.45
"jsorg","MHN_IND","air",-0.6336
"jsorg","MHN_IND","arf",-0.6336
"jsorg","MIM_MEX","air",-0.864
"jsorg","MIM_MEX","arf",-0.72
"jsorg","MIS_USA","air",-0.72
"jsorg","MIS_USA","arf",-0.72
"jsorg","MOU_USA","air",-0.72
"jsorg","MOU_USA","arf",-0.72
"jsorg","NAC_DZA","air",-0.72
"jsorg","NAC_DZA","arf",-0.54
"jsorg","NAC_EGY","air",-0.7776
"jsorg","NAC_EGY","arf",-0.5832
"jsorg","NAC_TUN","air",-0.72
"jsorg","NAC_TUN","arf",-0.6
"jsorg","NEB_BRA","air",-0.864
"jsorg","NEB_BRA","arf",-0.648
"jsorg","NER_RUS","air",-0.6048
"jsorg","NER_RUS","arf",-0.4536
"jsorg","NIC_NIC","air",-0.8352
"jsorg","NIC_NIC","arf",-0.6264
"jsorg","NIG_BEN","air",-0.8928
"jsorg","NIG_BEN","arf",-0.6696
"jsorg","NIG_BFA","air",-0.6336
"jsorg","NIG_BFA","arf",-0.4752
"jsorg","NIG_CIV","air",-0.8928
"jsorg","NIG_CIV","arf",-0.6696
"jsorg","NIG_CMR","air",-0.6696
"jsorg","NIG_CMR","arf",-0.6696
"jsorg","NIG_GIN","air",-0.8928
"jsorg","NIG_GIN","arf",-0.6696
"jsorg","NIG_MLI","air",-0.6336
"jsorg","NIG_MLI","arf",-0.4752
"jsorg","NIG_NER","air",-0.6336
"jsorg","NIG_NER","arf",-0.4752
"jsorg","NIG_NGA","air",-0.9072
"jsorg","NIG_NGA","arf",-0.648
"jsorg","NIG_TCD","air",-0.6336
"jsorg","NIG_TCD","arf",-0.4752
"jsorg","NKP_PRK","air",-0.4608
"jsorg","NKP_PRK","arf",-0.3456
"jsorg","NLL_EGY","air",-0.7776
"jsorg","NLL_EGY","arf",-0.5832
"jsorg","NLL_ERI","air",-0.7392
"jsorg","NLL_ERI","arf",-0.4752
"jsorg","NLL_ETH","air",-0.8448
"jsorg","NLL_ETH","arf",-0.4752
"jsorg","NLL_SDN","air",-0.6336
"jsorg","NLL_SDN","arf",-0.4752
"jsorg","NLL_UGA","air",-1.0752
"jsorg","NLL_UGA","arf",-0.6912
"jsorg","NWA_MOR","air",-0.72
"jsorg","NWA_MOR","arf",-0.54
"jsorg","NWA_MRT","air",-0.6336
"jsorg","NWA_MRT","arf",-0.528
"jsorg","NWS_COL","air",-0.8352
"jsorg","NWS_COL","arf",-0.6264
"jsorg","NWS_ECU","air",-0.8352
"jsorg","NWS_ECU","arf",-0.6264
"jsorg","OBB_CHM","air",-0.5184
"jsorg","OBB_CHM","arf",-0.3888
"jsorg","OBB_KAZ","air",-0.6048
"jsorg","OBB_KAZ","arf",-0.4536
"jsorg","OBB_RUS","air",-0.6048
"jsorg","OBB_RUS","arf",-0.4536
"jsorg","ODE_RUS","air",-0.6048
"jsorg","ODE_RUS","arf",-0.4536
"jsorg","OHI_USA","air",-0.72
"jsorg","OHI_USA","arf",-0.72
"jsorg","OIO_OIO","air",-0.504
"jsorg","OIO_OIO","arf",-0.42
"jsorg","OPO_OPO","air",-0.504
"jsorg","OPO_OPO","arf",-0.378
"jsorg","ORA_LSO","air",-0.8352
"jsorg","ORA_LSO","arf",-0.696
"jsorg","ORA_NAM","air",-0.5568
"jsorg","ORA_NAM","arf",-0.696
"jsorg","ORA_ZAF","air",-0.8064
"jsorg","ORA_ZAF","arf",-0.6048
"jsorg","ORI_COL","air",-0.8352
"jsorg","ORI_COL","arf",-0.6264
"jsorg","ORI_VEN","air",-0.8352
"jsorg","ORI_VEN","arf",-0.6264
"jsorg","PAN_PAN","air",-0.8352
"jsorg","PAN_PAN","arf",-0.6264
"jsorg","PAO_PNG","air",-0.504
"jsorg","PAO_PNG","arf",-0.378
"jsorg","PAR_ARG","air",-0.9216
"jsorg","PAR_ARG","arf",-0.6912
"jsorg","PAR_BOL","air",-0.8352
"jsorg","PAR_BOL","arf",-0.6264
"jsorg","PAR_BRA","air",-0.864
"jsorg","PAR_BRA","arf",-0.648
"jsorg","PAR_PRY","air",-0.8352
"jsorg","PAR_PRY","arf",-0.6264
"jsorg","PEC_PER","air",-0.8352
"jsorg","PEC_PER","arf",-0.6264
"jsorg","PHI_PHL","arf",-0.108
"jsorg","RAP_RAP","air",-0.72
"jsorg","RAP_RAP","arf",-0.54
"jsorg","RHI_FRP","air",-1.0368
"jsorg","RHI_FRP","arf",-0.864
"jsorg","RHO_FRP","air",-1.0368
"jsorg","RHO_FRP","arf",-0.864
"jsorg","RIC_ARG","air",-0.9216
"jsorg","RIC_ARG","arf",-0.6912
"jsorg","RIG_MEX","air",-0.864
"jsorg","RIG_MEX","arf",-0.72
"jsorg","RIG_USA","air",-0.72
"jsorg","RIG_USA","arf",-0.72
"jsorg","RRS_RUS","air",-0.6048
"jsorg","RRS_RUS","arf",-0.4536
"jsorg","RVE_VEN","air",-0.8352
"jsorg","RVE_VEN","arf",-0.6264
"jsorg","RWI_USA","air",-0.72
"jsorg","RWI_USA","arf",-0.72
"jsorg","SAC_SWZ","air",-1.26672
"jsorg","SAC_SWZ","arf",-0.696
"jsorg","SAC_ZAF","air",-0.8064
"jsorg","SAC_ZAF","arf",-0.6048
"jsorg","SAF_MOZ","air",-0.9048
"jsorg","SAF_MOZ","arf",-0.6264
"jsorg","SAF_TZA","air",-1.2288
"jsorg","SAF_TZA","arf",-0.6912
"jsorg","SAF_ZWE","air",-0.9048
"jsorg","SAF_ZWE","arf",-0.696
"jsorg","SAH_DZA","air",-0.72
"jsorg","SAH_DZA","arf",-0.54
"jsorg","SAH_EGY","air",-0.7776
"jsorg","SAH_EGY","arf",-0.5832
"jsorg","SAH_MLI","air",-0.6336
"jsorg","SAH_MLI","arf",-0.4752
"jsorg","SAH_MOR","air",-0.72
"jsorg","SAH_MOR","arf",-0.54
"jsorg","SAH_MRT","air",-0.6336
"jsorg","SAH_MRT","arf",-0.528
"jsorg","SAH_NER","air",-0.6336
"jsorg","SAH_NER","arf",-0.4752
"jsorg","SAH_SDN","air",-0.6336
"jsorg","SAH_SDN","arf",-0.4752
"jsorg","SAH_TCD","air",-0.6336
"jsorg","SAH_TCD","arf",-0.4752
"jsorg","SAL_ARG","air",-0.9216
"jsorg","SAL_ARG","arf",-0.6912
"jsorg","SAN_BRA","air",-0.864
"jsorg","SAN_BRA","arf",-0.648
"jsorg","SAU_SAU","air",-0.72
"jsorg","SAU_SAU","arf",-0.54
"jsorg","SAY_IND","air",-0.6336
"jsorg","SAY_IND","arf",-0.6336
"jsorg","SEI_FRP","air",-1.0368
"jsorg","SEI_FRP","arf",-0.864
"jsorg","SEN_GIN","air",-0.8928
"jsorg","SEN_GIN","arf",-0.6696
"jsorg","SEN_MLI","air",-0.6336
"jsorg","SEN_MLI","arf",-0.4752
"jsorg","SEN_MRT","air",-0.6336
"jsorg","SEN_MRT","arf",-0.528
"jsorg","SEN_SEN","air",-0.8928
"jsorg","SEN_SEN","arf",-0.6696
"jsorg","SEU_USA","air",-0.72
"jsorg","SEU_USA","arf",-0.72
"jsorg","SKP_KOR","air",-0.6
"jsorg","SKP_KOR","arf",-0.5
"jsorg","SLV_SLV","air",-0.8352
"jsorg","SLV_SLV","arf",-0.6264
"jsorg","SON_CHM","air",-0.5184
"jsorg","SON_CHM","arf",-0.3888
"jsorg","SPP_SPP","air",-1.0368
"jsorg","SPP_SPP","arf",-0.864
"jsorg","SRL_LKA","air",-0.5184
"jsorg","SRL_LKA","arf",-0.3888
"jsorg","SYD_KAZ","air",-0.6048
"jsorg","SYD_KAZ","arf",-0.4536
"jsorg","SYD_KGZ","air",-0.6048
"jsorg","SYD_KGZ","arf",-0.4536
"jsorg","SYD_TJK","air",-0.6048
"jsorg","SYD_TJK","arf",-0.4536
"jsorg","SYD_UZB","air",-0.6048
"jsorg","SYD_UZB","arf",-0.4536
"jsorg","TIE_ARG","air",-0.9216
"jsorg","TIE_ARG","arf",-0.6912
"jsorg","TIG_IRQ","air",-0.72
"jsorg","TIG_IRQ","arf",-0.6
"jsorg","TIG_SYR","air",-0.72
"jsorg","TIG_SYR","arf",-0.54
"jsorg","TIG_TUR","air",-0.864
"jsorg","TIG_TUR","arf",-0.648
"jsorg","TMM_BGD","air",-0.4896
"jsorg","TMM_BGD","arf",-0.3672
"jsorg","TMM_MMR","air",-0.5472
"jsorg","TMM_MMR","arf",-0.4104
"jsorg","TMM_THA","air",-0.6
"jsorg","TMM_THA","arf",-0.45
"jsorg","TOC_BRA","air",-0.864
"jsorg","TOC_BRA","arf",-0.648
"jsorg","TWN_CHM","air",-0.5184
"jsorg","TWN_CHM","arf",-0.3888
"jsorg","UME_MEX","air",-0.864
"jsorg","UME_MEX","arf",-0.72
"jsorg","UMO_RUS","air",-0.6048
"jsorg","UMO_RUS","arf",-0.4536
"jsorg","URA_KAZ","air",-0.6048
"jsorg","URA_KAZ","arf",-0.4536
"jsorg","URA_RUS","air",-0.6048
"jsorg","URA_RUS","arf",-0.4536
"jsorg","URU_BRA","air",-0.864
"jsorg","URU_BRA","arf",-0.648
"jsorg","URU_URY","air",-0.8352
"jsorg","URU_URY","arf",-0.6264
"jsorg","USN_USA","air",-0.72
"jsorg","USN_USA","arf",-0.72
"jsorg","VOG_RUS","air",-0.6048
"jsorg","VOG_RUS","arf",-0.4536
"jsorg","VOT_BEN","air",-0.8928
"jsorg","VOT_BEN","arf",-0.6696
"jsorg","VOT_BFA","air",-0.6336
"jsorg","VOT_BFA","arf",-0.4752
"jsorg","VOT_CIV","air",-0.8928
"jsorg","VOT_CIV","arf",-0.6696
"jsorg","VOT_GHA","air",-1.1904
"jsorg","VOT_GHA","arf",-0.6696
"jsorg","VOT_MLI","air",-0.6336
"jsorg","VOT_MLI","arf",-0.4752
"jsorg","VOT_TGO","air",-0.8928
"jsorg","VOT_TGO","arf",-0.6696
"jsorg","WAC_CIV","air",-0.8928
"jsorg","WAC_CIV","arf",-0.6696
"jsorg","WAC_GIN","air",-0.8928
"jsorg","WAC_GIN","arf",-0.6696
"jsorg","WAC_GMB","air",-0.5952
"jsorg","WAC_GMB","arf",-0.744
"jsorg","WAC_GNB","air",-0.8928
"jsorg","WAC_GNB","arf",-0.6696
"jsorg","WAC_SEN","air",-0.8928
"jsorg","WAC_SEN","arf",-0.6696
"jsorg","WAC_SLE","air",-0.8928
"jsorg","WAC_SLE","arf",-0.6696
"jsorg","WAI_PAK","air",-0.5184
"jsorg","WAI_PAK","arf",-0.5184
"jsorg","WAU_AUS","air",-0.8352
"jsorg","WAU_AUS","arf",-0.696
"jsorg","WGM_USA","air",-0.72
"jsorg","WGM_USA","arf",-0.72
"jsorg","YEM_YEM","air",-0.72
"jsorg","YEM_YEM","arf",-0.54
"jsorg","YEN_RUS","air",-0.6048
"jsorg","YEN_RUS","arf",-0.4536
"jsorg","YHE_CHM","air",-0.5184
"jsorg","YHE_CHM","arf",-0.3888
"jsorg","YRD_CHM","air",-0.5184
"jsorg","YRD_CHM","arf",-0.3888
"jsorg","YUC_MEX","air",-0.864
"jsorg","YUC_MEX","arf",-0.72
"jsorg","ZAM_AGO","air",-0.8352
"jsorg","ZAM_AGO","arf",-0.6264
"jsorg","ZAM_BWA","air",-0.5568
"jsorg","ZAM_BWA","arf",-0.696
"jsorg","ZAM_COD","air",-0.8928
"jsorg","ZAM_COD","arf",-0.6696
"jsorg","ZAM_MOZ","air",-0.9048
"jsorg","ZAM_MOZ","arf",-0.6264
"jsorg","ZAM_MWI","air",-0.9744
"jsorg","ZAM_MWI","arf",-0.6264
"jsorg","ZAM_NAM","air",-0.5568
"jsorg","ZAM_NAM","arf",-0.696
"jsorg","ZAM_TZA","air",-1.2288
"jsorg","ZAM_TZA","arf",-0.6912
"jsorg","ZAM_ZMB","air",-1.044
"jsorg","ZAM_ZMB","arf",-0.6264
"jsorg","ZAM_ZWE","air",-0.9048
"jsorg","ZAM_ZWE","arf",-0.696
"jsorg","ZHJ_CHM","air",-0.5184
"jsorg","ZHJ_CHM","arf",-0.3888
"jwhea","ALB_ALB","air",-0.8928
"jwhea","ALB_ALB","arf",-0.744
"jwhea","ALK_USA","air",-0.816
"jwhea","ALK_USA","arf",-0.816
"jwhea","AMA_BOL","air",-0.72
"jwhea","AMA_BOL","arf",-0.54
"jwhea","AMA_BRA","air",-0.8928
"jwhea","AMA_BRA","arf",-0.6696
"jwhea","AMA_COL","air",-0.72
"jwhea","AMA_COL","arf",-0.54
"jwhea","AMA_ECU","air",-0.6624
"jwhea","AMA_ECU","arf",-0.4968
"jwhea","AMA_PER","air",-0.72
"jwhea","AMA_PER","arf",-0.54
"jwhea","AMD_AFG","air",-0.6336
"jwhea","AMD_AFG","arf",-0.4752
"jwhea","AMD_TJK","air",-0.7272
"jwhea","AMD_TJK","arf",-0.5454
"jwhea","AMD_TKM","air",-0.7272
"jwhea","AMD_TKM","arf",-0.5454
"jwhea","AMD_UZB","air",-0.7272
"jwhea","AMD_UZB","arf",-0.5454
"jwhea","AMR_CHM","air",-0.7968
"jwhea","AMR_CHM","arf",-0.5976
"jwhea","AMR_RUS","air",-0.7416
"jwhea","AMR_RUS","arf",-0.5562
"jwhea","ARA_IRQ","air",-0.5184
"jwhea","ARA_IRQ","arf",-0.432
"jwhea","ARK_USA","air",-0.816
"jwhea","ARK_USA","arf",-0.816
"jwhea","ARM_ARM","air",-0.7272
"jwhea","ARM_ARM","arf",-0.5454
"jwhea","AZE_AZE","air",-0.7272
"jwhea","AZE_AZE","arf",-0.5454
"jwhea","BAL_BLT","air",-0.8352
"jwhea","BAL_BLT","arf",-0.696
"jwhea","BAL_RUS","air",-0.7416
"jwhea","BAL_RUS","arf",-0.5562
"jwhea","BLA_RUS","air",-0.7416
"jwhea","BLA_RUS","arf",-0.5562
"jwhea","BLA_TUR","air",-0.5184
"jwhea","BLA_TUR","arf",-0.3888
"jwhea","BLA_UKR","air",-0.7272
"jwhea","BLA_UKR","arf",-0.5454
"jwhea","BRT_BGD","air",-0.432
"jwhea","BRT_BGD","arf",-0.324
"jwhea","BRT_BTN","air",-0.6336
"jwhea","BRT_BTN","arf",-0.4752
"jwhea","BRT_CHM","air",-0.7968
"jwhea","BRT_CHM","arf",-0.5976
"jwhea","BRT_IND","air",-0.6504
"jwhea","BRT_IND","arf",-0.6504
"jwhea","CAF_AGO","air",-0.8064
"jwhea","CAF_AGO","arf",-0.6048
"jwhea","CAF_CMR","air",-0.4032
"jwhea","CAF_CMR","arf",-0.4032
"jwhea","CAF_NAM","air",-0.5376
"jwhea","CAF_NAM","arf",-0.672
"jwhea","CAL_USA","air",-0.816
"jwhea","CAL_USA","arf",-0.816
"jwhea","CAN_CAN","air",-1.008
"jwhea","CAN_CAN","arf",-0.864
"jwhea","CAU_AUS","air",-0.8352
"jwhea","CAU_AUS","arf",-0.696
"jwhea","CAV_IND","air",-0.6504
"jwhea","CAV_IND","arf",-0.6504
"jwhea","CHC_CHL","air",-0.72
"jwhea","CHC_CHL","arf",-0.54
"jwhea","CHJ_CHM","air",-0.7968
"jwhea","CHJ_CHM","arf",-0.5976
"jwhea","CHO_IND","air",-0.6504
"jwhea","CHO_IND","arf",-0.6504
"jwhea","CHU_KAZ","air",-0.7272
"jwhea","CHU_KAZ","arf",-0.5454
"jwhea","CHU_KGZ","air",-0.7272
"jwhea","CHU_KGZ","arf",-0.5454
"jwhea","COB_CAN","air",-1.008
"jwhea","COB_CAN","arf",-0.864
"jwhea","COB_USA","air",-0.816
"jwhea","COB_USA","arf",-0.816
"jwhea","COL_USA","air",-0.816
"jwhea","COL_USA","arf",-0.816
"jwhea","CON_AGO","air",-0.8064
"jwhea","CON_AGO","arf",-0.6048
"jwhea","CON_COD","air",-0.4896
"jwhea","CON_COD","arf",-0.3672
"jwhea","DAN_AUT","air",-0.8352
"jwhea","DAN_AUT","arf",-0.696
"jwhea","DAN_BGR","air",-0.8352
"jwhea","DAN_BGR","arf",-0.6264
"jwhea","DAN_CZE","air",-0.8352
"jwhea","DAN_CZE","arf",-0.696
"jwhea","DAN_DEU","air",-0.8352
"jwhea","DAN_DEU","arf",-0.696
"jwhea","DAN_HRV","air",-0.8184
"jwhea","DAN_HRV","arf",-0.744
"jwhea","DAN_HUN","air",-0.8352
"jwhea","DAN_HUN","arf",-0.6264
"jwhea","DAN_MDA","air",-0.8352
"jwhea","DAN_MDA","arf",-0.6264
"jwhea","DAN_OBN","air",-0.8928
"jwhea","DAN_OBN","arf",-0.6696
"jwhea","DAN_ROU","air",-0.8352
"jwhea","DAN_ROU","arf",-0.6264
"jwhea","DAN_SVK","air",-0.8352
"jwhea","DAN_SVK","arf",-0.6264
"jwhea","DAN_SVN","air",-0.6696
"jwhea","DAN_SVN","arf",-0.6696
"jwhea","DAN_TUR","air",-0.5184
"jwhea","DAN_TUR","arf",-0.3888
"jwhea","DAN_UKR","air",-0.7272
"jwhea","DAN_UKR","arf",-0.5454
"jwhea","DNI_BLR","air",-0.8352
"jwhea","DNI_BLR","arf",-0.6264
"jwhea","DNI_RUS","air",-0.7416
"jwhea","DNI_RUS","arf",-0.5562
"jwhea","DNI_UKR","air",-0.7272
"jwhea","DNI_UKR","arf",-0.5454
"jwhea","EAC_BDI","air",-0.6336
"jwhea","EAC_BDI","arf",-0.4752
"jwhea","EAC_COD","air",-0.4896
"jwhea","EAC_COD","arf",-0.3672
"jwhea","EAC_RWA","air",-0.6336
"jwhea","EAC_RWA","arf",-0.4752
"jwhea","EAC_TZA","air",-0.8448
"jwhea","EAC_TZA","arf",-0.4752
"jwhea","EAU_AUS","air",-0.8352
"jwhea","EAU_AUS","arf",-0.696
"jwhea","EGH_IND","air",-0.6504
"jwhea","EGH_IND","arf",-0.6504
"jwhea","ELB_DEU","air",-0.8352
"jwhea","ELB_DEU","arf",-0.696
"jwhea","ELB_DNK","air",-0.8352
"jwhea","ELB_DNK","arf",-0.696
"jwhea","EME_CYP","air",-0.624
"jwhea","EME_CYP","arf",-0.468
"jwhea","EME_EGY","air",-0.6336
"jwhea","EME_EGY","arf",-0.4752
"jwhea","EME_ISR","air",-0.864
"jwhea","EME_ISR","arf",-0.72
"jwhea","EME_JOR","air",-0.5184
"jwhea","EME_JOR","arf",-0.432
"jwhea","EME_LBN","air",-0.5184
"jwhea","EME_LBN","arf",-0.3888
"jwhea","EME_PSE","air",-0.5304
"jwhea","EME_PSE","arf",-0.408
"jwhea","EME_SYR","air",-0.5184
"jwhea","EME_SYR","arf",-0.3888
"jwhea","EME_TUR","air",-0.5184
"jwhea","EME_TUR","arf",-0.3888
"jwhea","FNP_FNP","air",-0.8352
"jwhea","FNP_FNP","arf",-0.6264
"jwhea","GAN_BGD","air",-0.432
"jwhea","GAN_BGD","arf",-0.324
"jwhea","GAN_CHM","air",-0.7968
"jwhea","GAN_CHM","arf",-0.5976
"jwhea","GAN_IND","air",-0.6504
"jwhea","GAN_IND","arf",-0.6504
"jwhea","GAN_NPL","air",-0.6336
"jwhea","GAN_NPL","arf",-0.4752
"jwhea","GBA_USA","air",-0.816
"jwhea","GBA_USA","arf",-0.816
"jwhea","GEO_GEO","air",-0.7272
"jwhea","GEO_GEO","arf",-0.5454
"jwhea","GLA_CAN","air",-1.008
"jwhea","GLA_CAN","arf",-0.864
"jwhea","GLA_USA","air",-0.816
"jwhea","GLA_USA","arf",-0.816
"jwhea","GOD_IND","air",-0.6504
"jwhea","GOD_IND","arf",-0.6504
"jwhea","GRC_GRC","air",-0.8928
"jwhea","GRC_GRC","arf",-0.744
"jwhea","GTM_GTM","air",-0.72
"jwhea","GTM_GTM","arf",-0.54
"jwhea","HAI_CHM","air",-0.7968
"jwhea","HAI_CHM","arf",-0.5976
"jwhea","HND_HND","air",-0.72
"jwhea","HND_HND","arf",-0.54
"jwhea","HOA_ETH","air",-0.96
"jwhea","HOA_ETH","arf",-0.54
"jwhea","HOA_KEN","air",-0.8448
"jwhea","HOA_KEN","arf",-0.4752
"jwhea","HOA_SOM","air",-0.72
"jwhea","HOA_SOM","arf",-0.54
"jwhea","HUA_CHM","air",-0.7968
"jwhea","HUA_CHM","arf",-0.5976
"jwhea","HUN_CHM","air",-0.7968
"jwhea","HUN_CHM","arf",-0.5976
"jwhea","HWI_USA","air",-0.816
"jwhea","HWI_USA","arf",-0.816
"jwhea","IEC_IND","air",-0.6504
"jwhea","IEC_IND","arf",-0.6504
"jwhea","IND_CHM","air",-0.7968
"jwhea","IND_CHM","arf",-0.5976
"jwhea","IND_IND","air",-0.6504
"jwhea","IND_IND","arf",-0.6504
"jwhea","IND_PAK","air",-0.6336
"jwhea","IND_PAK","arf",-0.6336
"jwhea","IRL_IRL","air",-0.8352
"jwhea","IRL_IRL","arf",-0.6264
"jwhea","ITA_ITP","air",-0.8352
"jwhea","ITA_ITP","arf",-0.696
"jwhea","JAP_JPN","air",-0.6624
"jwhea","JAP_JPN","arf",-0.552
"jwhea","KAL_BWA","air",-0.5376
"jwhea","KAL_BWA","arf",-0.672
"jwhea","KAL_NAM","air",-0.5376
"jwhea","KAL_NAM","arf",-0.672
"jwhea","KAL_ZAF","air",-0.864
"jwhea","KAL_ZAF","arf",-0.648
"jwhea","KRI_IND","air",-0.6504
"jwhea","KRI_IND","arf",-0.6504
"jwhea","LAJ_CHM","air",-0.7968
"jwhea","LAJ_CHM","arf",-0.5976
"jwhea","LBA_KAZ","air",-0.7272
"jwhea","LBA_KAZ","arf",-0.5454
"jwhea","LBO_FRP","air",-0.8352
"jwhea","LBO_FRP","arf",-0.696
"jwhea","LCB_CMR","air",-0.4032
"jwhea","LCB_CMR","arf",-0.4032
"jwhea","LCB_NER","air",-0.72
"jwhea","LCB_NER","arf",-0.54
"jwhea","LCB_NGA","air",-0.9072
"jwhea","LCB_NGA","arf",-0.648
"jwhea","LCB_TCD","air",-0.72
"jwhea","LCB_TCD","arf",-0.54
"jwhea","LIM_BWA","air",-0.5376
"jwhea","LIM_BWA","arf",-0.672
"jwhea","LIM_MOZ","air",-0.8736
"jwhea","LIM_MOZ","arf",-0.6048
"jwhea","LIM_ZAF","air",-0.864
"jwhea","LIM_ZAF","arf",-0.648
"jwhea","LIM_ZWE","air",-0.8736
"jwhea","LIM_ZWE","arf",-0.672
"jwhea","LMO_CHM","air",-0.7968
"jwhea","LMO_CHM","arf",-0.5976
"jwhea","LMO_MNG","air",-0.5184
"jwhea","LMO_MNG","arf",-0.3888
"jwhea","LTZ_KAZ","air",-0.7272
"jwhea","LTZ_KAZ","arf",-0.5454
"jwhea","LUN_IND","air",-0.6504
"jwhea","LUN_IND","arf",-0.6504
"jwhea","MAD_MDG","air",-0.8064
"jwhea","MAD_MDG","arf",-0.6048
"jwhea","MAT_IND","air",-0.6504
"jwhea","MAT_IND","arf",-0.6504
"jwhea","MAU_AUS","air",-0.8352
"jwhea","MAU_AUS","arf",-0.696
"jwhea","MCK_CAN","air",-1.008
"jwhea","MCK_CAN","arf",-0.864
"jwhea","MEK_MMR","air",-0.6336
"jwhea","MEK_MMR","arf",-0.4752
"jwhea","MEK_THA","air",-0.6336
"jwhea","MEK_THA","arf",-0.4752
"jwhea","MHN_IND","air",-0.6504
"jwhea","MHN_IND","arf",-0.6504
"jwhea","MIM_MEX","air",-1.032
"jwhea","MIM_MEX","arf",-0.86
"jwhea","MIS_USA","air",-0.816
"jwhea","MIS_USA","arf",-0.816
"jwhea","MOU_USA","air",-0.816
"jwhea","MOU_USA","arf",-0.816
"jwhea","NAC_DZA","air",-0.5184
"jwhea","NAC_DZA","arf",-0.3888
"jwhea","NAC_EGY","air",-0.6336
"jwhea","NAC_EGY","arf",-0.4752
"jwhea","NAC_LBY","air",-0.5184
"jwhea","NAC_LBY","arf",-0.3888
"jwhea","NAC_TUN","air",-0.5184
"jwhea","NAC_TUN","arf",-0.432
"jwhea","NEB_BRA","air",-0.8928
"jwhea","NEB_BRA","arf",-0.6696
"jwhea","NER_RUS","air",-0.7416
"jwhea","NER_RUS","arf",-0.5562
"jwhea","NIG_CMR","air",-0.4032
"jwhea","NIG_CMR","arf",-0.4032
"jwhea","NIG_MLI","air",-0.72
"jwhea","NIG_MLI","arf",-0.54
"jwhea","NIG_NER","air",-0.72
"jwhea","NIG_NER","arf",-0.54
"jwhea","NIG_NGA","air",-0.9072
"jwhea","NIG_NGA","arf",-0.648
"jwhea","NIG_TCD","air",-0.72
"jwhea","NIG_TCD","arf",-0.54
"jwhea","NKP_PRK","air",-0.5184
"jwhea","NKP_PRK","arf",-0.3888
"jwhea","NLL_EGY","air",-0.6336
"jwhea","NLL_EGY","arf",-0.4752
"jwhea","NLL_ERI","air",-0.84
"jwhea","NLL_ERI","arf",-0.54
"jwhea","NLL_ETH","air",-0.96
"jwhea","NLL_ETH","arf",-0.54
"jwhea","NLL_SDN","air",-0.72
"jwhea","NLL_SDN","arf",-0.54
"jwhea","NLL_UGA","air",-0.7392
"jwhea","NLL_UGA","arf",-0.4752
"jwhea","NOR_NOR","air",-0.8352
"jwhea","NOR_NOR","arf",-0.696
"jwhea","NWA_MOR","air",-0.5184
"jwhea","NWA_MOR","arf",-0.3888
"jwhea","NWA_MRT","air",-0.72
"jwhea","NWA_MRT","arf",-0.6
"jwhea","NWS_COL","air",-0.72
"jwhea","NWS_COL","arf",-0.54
"jwhea","NWS_ECU","air",-0.6624
"jwhea","NWS_ECU","arf",-0.4968
"jwhea","NZE_NZL","air",-0.864
"jwhea","NZE_NZL","arf",-0.648
"jwhea","OBB_CHM","air",-0.7968
"jwhea","OBB_CHM","arf",-0.5976
"jwhea","OBB_KAZ","air",-0.7272
"jwhea","OBB_KAZ","arf",-0.5454
"jwhea","OBB_RUS","air",-0.7416
"jwhea","OBB_RUS","arf",-0.5562
"jwhea","ODE_DEU","air",-0.8352
"jwhea","ODE_DEU","arf",-0.696
"jwhea","ODE_POL","air",-0.8352
"jwhea","ODE_POL","arf",-0.696
"jwhea","ODE_RUS","air",-0.7416
"jwhea","ODE_RUS","arf",-0.5562
"jwhea","OHI_USA","air",-0.816
"jwhea","OHI_USA","arf",-0.816
"jwhea","OPO_OPO","air",-0.432
"jwhea","OPO_OPO","arf",-0.324
"jwhea","ORA_LSO","air",-0.8064
"jwhea","ORA_LSO","arf",-0.672
"jwhea","ORA_NAM","air",-0.5376
"jwhea","ORA_NAM","arf",-0.672
"jwhea","ORA_ZAF","air",-0.864
"jwhea","ORA_ZAF","arf",-0.648
"jwhea","ORI_COL","air",-0.72
"jwhea","ORI_COL","arf",-0.54
"jwhea","ORI_VEN","air",-0.6624
"jwhea","ORI_VEN","arf",-0.4968
"jwhea","PAR_ARG","air",-0.9216
"jwhea","PAR_ARG","arf",-0.6912
"jwhea","PAR_BOL","air",-0.72
"jwhea","PAR_BOL","arf",-0.54
"jwhea","PAR_BRA","air",-0.8928
"jwhea","PAR_BRA","arf",-0.6696
"jwhea","PAR_PRY","air",-0.72
"jwhea","PAR_PRY","arf",-0.54
"jwhea","PEC_PER","air",-0.72
"jwhea","PEC_PER","arf",-0.54
"jwhea","PRT_PRT","air",-0.8352
"jwhea","PRT_PRT","arf",-0.6264
"jwhea","RAP_RAP","air",-0.5184
"jwhea","RAP_RAP","arf",-0.3888
"jwhea","RHI_BLX","air",-0.8352
"jwhea","RHI_BLX","arf",-0.696
"jwhea","RHI_CHP","air",-0.8352
"jwhea","RHI_CHP","arf",-0.696
"jwhea","RHI_DEU","air",-0.8352
"jwhea","RHI_DEU","arf",-0.696
"jwhea","RHI_FRP","air",-0.8352
"jwhea","RHI_FRP","arf",-0.696
"jwhea","RHI_NLD","air",-0.8352
"jwhea","RHI_NLD","arf",-0.6264
"jwhea","RHO_FRP","air",-0.8352
"jwhea","RHO_FRP","arf",-0.696
"jwhea","RIC_ARG","air",-0.9216
"jwhea","RIC_ARG","arf",-0.6912
"jwhea","RIG_MEX","air",-1.032
"jwhea","RIG_MEX","arf",-0.86
"jwhea","RIG_USA","air",-0.816
"jwhea","RIG_USA","arf",-0.816
"jwhea","RRS_RUS","air",-0.7416
"jwhea","RRS_RUS","arf",-0.5562
"jwhea","RVE_VEN","air",-0.6624
"jwhea","RVE_VEN","arf",-0.4968
"jwhea","RWI_CAN","air",-1.008
"jwhea","RWI_CAN","arf",-0.864
"jwhea","RWI_USA","air",-0.816
"jwhea","RWI_USA","arf",-0.816
"jwhea","SAC_SWZ","air",-1.22304
"jwhea","SAC_SWZ","arf",-0.672
"jwhea","SAC_ZAF","air",-0.864
"jwhea","SAC_ZAF","arf",-0.648
"jwhea","SAF_MOZ","air",-0.8736
"jwhea","SAF_MOZ","arf",-0.6048
"jwhea","SAF_TZA","air",-0.8448
"jwhea","SAF_TZA","arf",-0.4752
"jwhea","SAF_ZWE","air",-0.8736
"jwhea","SAF_ZWE","arf",-0.672
"jwhea","SAH_DZA","air",-0.5184
"jwhea","SAH_DZA","arf",-0.3888
"jwhea","SAH_EGY","air",-0.6336
"jwhea","SAH_EGY","arf",-0.4752
"jwhea","SAH_LBY","air",-0.5184
"jwhea","SAH_LBY","arf",-0.3888
"jwhea","SAH_MLI","air",-0.72
"jwhea","SAH_MLI","arf",-0.54
"jwhea","SAH_MOR","air",-0.5184
"jwhea","SAH_MOR","arf",-0.3888
"jwhea","SAH_MRT","air",-0.72
"jwhea","SAH_MRT","arf",-0.6
"jwhea","SAH_NER","air",-0.72
"jwhea","SAH_NER","arf",-0.54
"jwhea","SAH_SDN","air",-0.72
"jwhea","SAH_SDN","arf",-0.54
"jwhea","SAH_TCD","air",-0.72
"jwhea","SAH_TCD","arf",-0.54
"jwhea","SAL_ARG","air",-0.9216
"jwhea","SAL_ARG","arf",-0.6912
"jwhea","SAN_BRA","air",-0.8928
"jwhea","SAN_BRA","arf",-0.6696
"jwhea","SAU_SAU","air",-0.5184
"jwhea","SAU_SAU","arf",-0.3888
"jwhea","SAY_IND","air",-0.6504
"jwhea","SAY_IND","arf",-0.6504
"jwhea","SEI_FRP","air",-0.8352
"jwhea","SEI_FRP","arf",-0.696
"jwhea","SEN_MLI","air",-0.72
"jwhea","SEN_MLI","arf",-0.54
"jwhea","SEN_MRT","air",-0.72
"jwhea","SEN_MRT","arf",-0.6
"jwhea","SEU_USA","air",-0.816
"jwhea","SEU_USA","arf",-0.816
"jwhea","SKP_KOR","air",-0.3744
"jwhea","SKP_KOR","arf",-0.312
"jwhea","SON_CHM","air",-0.7968
"jwhea","SON_CHM","arf",-0.5976
"jwhea","SPP_SPP","air",-0.8352
"jwhea","SPP_SPP","arf",-0.696
"jwhea","SWE_SWE","air",-0.8352
"jwhea","SWE_SWE","arf",-0.696
"jwhea","SYD_KAZ","air",-0.7272
"jwhea","SYD_KAZ","arf",-0.5454
"jwhea","SYD_KGZ","air",-0.7272
"jwhea","SYD_KGZ","arf",-0.5454
"jwhea","SYD_TJK","air",-0.7272
"jwhea","SYD_TJK","arf",-0.5454
"jwhea","SYD_UZB","air",-0.7272
"jwhea","SYD_UZB","arf",-0.5454
"jwhea","TIE_ARG","air",-0.9216
"jwhea","TIE_ARG","arf",-0.6912
"jwhea","TIG_IRN","air",-0.5184
"jwhea","TIG_IRN","arf",-0.432
"jwhea","TIG_IRQ","air",-0.5184
"jwhea","TIG_IRQ","arf",-0.432
"jwhea","TIG_SYR","air",-0.5184
"jwhea","TIG_SYR","arf",-0.3888
"jwhea","TIG_TUR","air",-0.5184
"jwhea","TIG_TUR","arf",-0.3888
"jwhea","TMM_BGD","air",-0.432
"jwhea","TMM_BGD","arf",-0.324
"jwhea","TMM_MMR","air",-0.6336
"jwhea","TMM_MMR","arf",-0.4752
"jwhea","TMM_THA","air",-0.6336
"jwhea","TMM_THA","arf",-0.4752
"jwhea","TOC_BRA","air",-0.8928
"jwhea","TOC_BRA","arf",-0.6696
"jwhea","TWN_CHM","air",-0.7968
"jwhea","TWN_CHM","arf",-0.5976
"jwhea","UKP_UKP","air",-0.8352
"jwhea","UKP_UKP","arf",-0.6264
"jwhea","UME_MEX","air",-1.032
"jwhea","UME_MEX","arf",-0.86
"jwhea","UMO_MNG","air",-0.5184
"jwhea","UMO_MNG","arf",-0.3888
"jwhea","UMO_RUS","air",-0.7416
"jwhea","UMO_RUS","arf",-0.5562
"jwhea","URA_KAZ","air",-0.7272
"jwhea","URA_KAZ","arf",-0.5454
"jwhea","URA_RUS","air",-0.7416
"jwhea","URA_RUS","arf",-0.5562
"jwhea","URA_TKM","air",-0.7272
"jwhea","URA_TKM","arf",-0.5454
"jwhea","URU_BRA","air",-0.8928
"jwhea","URU_BRA","arf",-0.6696
"jwhea","URU_URY","air",-0.6624
"jwhea","URU_URY","arf",-0.4968
"jwhea","USN_USA","air",-0.816
"jwhea","USN_USA","arf",-0.816
"jwhea","VOG_RUS","air",-0.7416
"jwhea","VOG_RUS","arf",-0.5562
"jwhea","VOT_MLI","air",-0.72
"jwhea","VOT_MLI","arf",-0.54
"jwhea","WAI_AFG","air",-0.6336
"jwhea","WAI_AFG","arf",-0.4752
"jwhea","WAI_IRN","air",-0.5184
"jwhea","WAI_IRN","arf",-0.432
"jwhea","WAI_PAK","air",-0.6336
"jwhea","WAI_PAK","arf",-0.6336
"jwhea","WAI_TKM","air",-0.7272
"jwhea","WAI_TKM","arf",-0.5454
"jwhea","WAU_AUS","air",-0.8352
"jwhea","WAU_AUS","arf",-0.696
"jwhea","WGM_USA","air",-0.816
"jwhea","WGM_USA","arf",-0.816
"jwhea","YEM_YEM","air",-0.5184
"jwhea","YEM_YEM","arf",-0.3888
"jwhea","YEN_RUS","air",-0.7416
"jwhea","YEN_RUS","arf",-0.5562
"jwhea","YHE_CHM","air",-0.7968
"jwhea","YHE_CHM","arf",-0.5976
"jwhea","YRD_CHM","air",-0.7968
"jwhea","YRD_CHM","arf",-0.5976
"jwhea","YUC_MEX","air",-1.032
"jwhea","YUC_MEX","arf",-0.86
"jwhea","ZAM_AGO","air",-0.8064
"jwhea","ZAM_AGO","arf",-0.6048
"jwhea","ZAM_BWA","air",-0.5376
"jwhea","ZAM_BWA","arf",-0.672
"jwhea","ZAM_COD","air",-0.4896
"jwhea","ZAM_COD","arf",-0.3672
"jwhea","ZAM_MOZ","air",-0.8736
"jwhea","ZAM_MOZ","arf",-0.6048
"jwhea","ZAM_MWI","air",-0.9408
"jwhea","ZAM_MWI","arf",-0.6048
"jwhea","ZAM_NAM","air",-0.5376
"jwhea","ZAM_NAM","arf",-0.672
"jwhea","ZAM_TZA","air",-0.8448
"jwhea","ZAM_TZA","arf",-0.4752
"jwhea","ZAM_ZMB","air",-1.008
"jwhea","ZAM_ZMB","arf",-0.6048
"jwhea","ZAM_ZWE","air",-0.8736
"jwhea","ZAM_ZWE","arf",-0.672
"jwhea","ZHJ_CHM","air",-0.7968
"jwhea","ZHJ_CHM","arf",-0.5976
"jocer","ALB_ALB","air",-0.672
"jocer","ALB_ALB","arf",-0.56
"jocer","ALK_USA","air",-0.72
"jocer","ALK_USA","arf",-0.72
"jocer","AMA_BOL","air",-0.696
"jocer","AMA_BOL","arf",-0.522
"jocer","AMA_BRA","air",-0.72
"jocer","AMA_BRA","arf",-0.54
"jocer","AMA_COL","air",-0.696
"jocer","AMA_COL","arf",-0.522
"jocer","AMA_ECU","air",-0.696
"jocer","AMA_ECU","arf",-0.522
"jocer","AMA_PER","air",-0.696
"jocer","AMA_PER","arf",-0.522
"jocer","AMD_TJK","air",-0.648
"jocer","AMD_TJK","arf",-0.486
"jocer","AMD_UZB","air",-0.648
"jocer","AMD_UZB","arf",-0.486
"jocer","AMR_CHM","air",-0.6
"jocer","AMR_CHM","arf",-0.45
"jocer","AMR_RUS","air",-0.768
"jocer","AMR_RUS","arf",-0.576
"jocer","ARA_IRQ","air",-0.6
"jocer","ARA_IRQ","arf",-0.5
"jocer","ARK_USA","air",-0.72
"jocer","ARK_USA","arf",-0.72
"jocer","ARM_ARM","air",-0.504
"jocer","ARM_ARM","arf",-0.378
"jocer","AZE_AZE","air",-0.504
"jocer","AZE_AZE","arf",-0.378
"jocer","BAL_BLT","air",-0.504
"jocer","BAL_BLT","arf",-0.42
"jocer","BAL_RUS","air",-0.768
"jocer","BAL_RUS","arf",-0.576
"jocer","BLA_RUS","air",-0.768
"jocer","BLA_RUS","arf",-0.576
"jocer","BLA_TUR","air",-0.72
"jocer","BLA_TUR","arf",-0.54
"jocer","BLA_UKR","air",-0.648
"jocer","BLA_UKR","arf",-0.486
"jocer","BRT_BTN","air",-0.432
"jocer","BRT_BTN","arf",-0.324
"jocer","BRT_CHM","air",-0.6
"jocer","BRT_CHM","arf",-0.45
"jocer","CAF_COG","air",-0.682
"jocer","CAF_COG","arf",-0.558
"jocer","CAL_USA","air",-0.72
"jocer","CAL_USA","arf",-0.72
"jocer","CAN_CAN","air",-0.9156
"jocer","CAN_CAN","arf",-0.7848
"jocer","CAU_AUS","air",-0.696
"jocer","CAU_AUS","arf",-0.58
"jocer","CHC_CHL","air",-0.696
"jocer","CHC_CHL","arf",-0.522
"jocer","CHJ_CHM","air",-0.6
"jocer","CHJ_CHM","arf",-0.45
"jocer","CHU_KAZ","air",-0.648
"jocer","CHU_KAZ","arf",-0.486
"jocer","CHU_KGZ","air",-0.648
"jocer","CHU_KGZ","arf",-0.486
"jocer","COB_CAN","air",-0.9156
"jocer","COB_CAN","arf",-0.7848
"jocer","COB_USA","air",-0.72
"jocer","COB_USA","arf",-0.72
"jocer","COL_USA","air",-0.72
"jocer","COL_USA","arf",-0.72
"jocer","CON_COG","air",-0.682
"jocer","CON_COG","arf",-0.558
"jocer","DAN_AUT","air",-0.864
"jocer","DAN_AUT","arf",-0.72
"jocer","DAN_BGR","air",-0.672
"jocer","DAN_BGR","arf",-0.504
"jocer","DAN_CZE","air",-0.672
"jocer","DAN_CZE","arf",-0.56
"jocer","DAN_DEU","air",-0.864
"jocer","DAN_DEU","arf",-0.72
"jocer","DAN_HRV","air",-0.616
"jocer","DAN_HRV","arf",-0.56
"jocer","DAN_HUN","air",-0.672
"jocer","DAN_HUN","arf",-0.504
"jocer","DAN_MDA","air",-0.672
"jocer","DAN_MDA","arf",-0.504
"jocer","DAN_OBN","air",-0.672
"jocer","DAN_OBN","arf",-0.504
"jocer","DAN_ROU","air",-0.672
"jocer","DAN_ROU","arf",-0.504
"jocer","DAN_SVK","air",-0.672
"jocer","DAN_SVK","arf",-0.504
"jocer","DAN_SVN","air",-0.504
"jocer","DAN_SVN","arf",-0.504
"jocer","DAN_TUR","air",-0.72
"jocer","DAN_TUR","arf",-0.54
"jocer","DAN_UKR","air",-0.648
"jocer","DAN_UKR","arf",-0.486
"jocer","DNI_BLR","air",-0.504
"jocer","DNI_BLR","arf",-0.378
"jocer","DNI_RUS","air",-0.768
"jocer","DNI_RUS","arf",-0.576
"jocer","DNI_UKR","air",-0.648
"jocer","DNI_UKR","arf",-0.486
"jocer","EAC_BDI","air",-0.768
"jocer","EAC_BDI","arf",-0.576
"jocer","EAC_TZA","air",-1.024
"jocer","EAC_TZA","arf",-0.576
"jocer","EAU_AUS","air",-0.696
"jocer","EAU_AUS","arf",-0.58
"jocer","ELB_DEU","air",-0.864
"jocer","ELB_DEU","arf",-0.72
"jocer","ELB_DNK","air",-0.864
"jocer","ELB_DNK","arf",-0.72
"jocer","EME_CYP","air",-0.6
"jocer","EME_CYP","arf",-0.45
"jocer","EME_EGY","air",-0.648
"jocer","EME_EGY","arf",-0.486
"jocer","EME_ISR","air",-0.672
"jocer","EME_ISR","arf",-0.56
"jocer","EME_LBN","air",-0.6
"jocer","EME_LBN","arf",-0.45
"jocer","EME_PSE","air",-0.806
"jocer","EME_PSE","arf",-0.62
"jocer","EME_SYR","air",-0.6
"jocer","EME_SYR","arf",-0.45
"jocer","EME_TUR","air",-0.72
"jocer","EME_TUR","arf",-0.54
"jocer","FNP_FNP","air",-0.864
"jocer","FNP_FNP","arf",-0.648
"jocer","GAN_CHM","air",-0.6
"jocer","GAN_CHM","arf",-0.45
"jocer","GAN_NPL","air",-0.432
"jocer","GAN_NPL","arf",-0.324
"jocer","GBA_USA","air",-0.72
"jocer","GBA_USA","arf",-0.72
"jocer","GEO_GEO","air",-0.504
"jocer","GEO_GEO","arf",-0.378
"jocer","GLA_CAN","air",-0.9156
"jocer","GLA_CAN","arf",-0.7848
"jocer","GLA_USA","air",-0.72
"jocer","GLA_USA","arf",-0.72
"jocer","GRC_GRC","air",-0.672
"jocer","GRC_GRC","arf",-0.56
"jocer","HAI_CHM","air",-0.6
"jocer","HAI_CHM","arf",-0.45
"jocer","HOA_ETH","air",-0.704
"jocer","HOA_ETH","arf",-0.396
"jocer","HOA_KEN","air",-1.024
"jocer","HOA_KEN","arf",-0.576
"jocer","HUA_CHM","air",-0.6
"jocer","HUA_CHM","arf",-0.45
"jocer","HUN_CHM","air",-0.6
"jocer","HUN_CHM","arf",-0.45
"jocer","HWI_USA","air",-0.72
"jocer","HWI_USA","arf",-0.72
"jocer","IND_CHM","air",-0.6
"jocer","IND_CHM","arf",-0.45
"jocer","IRL_IRL","air",-0.864
"jocer","IRL_IRL","arf",-0.648
"jocer","ITA_ITP","air",-0.864
"jocer","ITA_ITP","arf",-0.72
"jocer","JAP_JPN","air",-0.624
"jocer","JAP_JPN","arf",-0.52
"jocer","KAL_BWA","air",-0.464
"jocer","KAL_BWA","arf",-0.58
"jocer","KAL_ZAF","air",-0.672
"jocer","KAL_ZAF","arf",-0.504
"jocer","LAJ_CHM","air",-0.6
"jocer","LAJ_CHM","arf",-0.45
"jocer","LBA_KAZ","air",-0.648
"jocer","LBA_KAZ","arf",-0.486
"jocer","LBO_FRP","air",-0.864
"jocer","LBO_FRP","arf",-0.72
"jocer","LCB_NER","air",-0.528
"jocer","LCB_NER","arf",-0.396
"jocer","LCB_NGA","air",-0.756
"jocer","LCB_NGA","arf",-0.54
"jocer","LCB_TCD","air",-0.528
"jocer","LCB_TCD","arf",-0.396
"jocer","LIM_BWA","air",-0.464
"jocer","LIM_BWA","arf",-0.58
"jocer","LIM_ZAF","air",-0.672
"jocer","LIM_ZAF","arf",-0.504
"jocer","LIM_ZWE","air",-0.754
"jocer","LIM_ZWE","arf",-0.58
"jocer","LMO_CHM","air",-0.6
"jocer","LMO_CHM","arf",-0.45
"jocer","LMO_MNG","air",-0.384
"jocer","LMO_MNG","arf",-0.288
"jocer","LTZ_KAZ","air",-0.648
"jocer","LTZ_KAZ","arf",-0.486
"jocer","MAU_AUS","air",-0.696
"jocer","MAU_AUS","arf",-0.58
"jocer","MCK_CAN","air",-0.9156
"jocer","MCK_CAN","arf",-0.7848
"jocer","MEK_MMR","air",-0.48
"jocer","MEK_MMR","arf",-0.36
"jocer","MEK_THA","air",-0.408
"jocer","MEK_THA","arf",-0.306
"jocer","MIM_MEX","air",-0.72
"jocer","MIM_MEX","arf",-0.6
"jocer","MIS_USA","air",-0.72
"jocer","MIS_USA","arf",-0.72
"jocer","MOU_USA","air",-0.72
"jocer","MOU_USA","arf",-0.72
"jocer","NAC_DZA","air",-0.6
"jocer","NAC_DZA","arf",-0.45
"jocer","NAC_EGY","air",-0.648
"jocer","NAC_EGY","arf",-0.486
"jocer","NAC_TUN","air",-0.6
"jocer","NAC_TUN","arf",-0.5
"jocer","NEB_BRA","air",-0.72
"jocer","NEB_BRA","arf",-0.54
"jocer","NER_RUS","air",-0.768
"jocer","NER_RUS","arf",-0.576
"jocer","NIG_BEN","air",-0.744
"jocer","NIG_BEN","arf",-0.558
"jocer","NIG_BFA","air",-0.528
"jocer","NIG_BFA","arf",-0.396
"jocer","NIG_CIV","air",-0.744
"jocer","NIG_CIV","arf",-0.558
"jocer","NIG_GIN","air",-0.744
"jocer","NIG_GIN","arf",-0.558
"jocer","NIG_MLI","air",-0.528
"jocer","NIG_MLI","arf",-0.396
"jocer","NIG_NER","air",-0.528
"jocer","NIG_NER","arf",-0.396
"jocer","NIG_NGA","air",-0.756
"jocer","NIG_NGA","arf",-0.54
"jocer","NIG_TCD","air",-0.528
"jocer","NIG_TCD","arf",-0.396
"jocer","NKP_PRK","air",-0.384
"jocer","NKP_PRK","arf",-0.288
"jocer","NLL_EGY","air",-0.648
"jocer","NLL_EGY","arf",-0.486
"jocer","NLL_ERI","air",-0.616
"jocer","NLL_ERI","arf",-0.396
"jocer","NLL_ETH","air",-0.704
"jocer","NLL_ETH","arf",-0.396
"jocer","NOR_NOR","air",-0.864
"jocer","NOR_NOR","arf",-0.72
"jocer","NWA_MOR","air",-0.6
"jocer","NWA_MOR","arf",-0.45
"jocer","NWS_COL","air",-0.696
"jocer","NWS_COL","arf",-0.522
"jocer","NWS_ECU","air",-0.696
"jocer","NWS_ECU","arf",-0.522
"jocer","NZE_NZL","air",-0.672
"jocer","NZE_NZL","arf",-0.504
"jocer","OBB_CHM","air",-0.6
"jocer","OBB_CHM","arf",-0.45
"jocer","OBB_KAZ","air",-0.648
"jocer","OBB_KAZ","arf",-0.486
"jocer","OBB_RUS","air",-0.768
"jocer","OBB_RUS","arf",-0.576
"jocer","ODE_DEU","air",-0.864
"jocer","ODE_DEU","arf",-0.72
"jocer","ODE_POL","air",-0.672
"jocer","ODE_POL","arf",-0.56
"jocer","ODE_RUS","air",-0.768
"jocer","ODE_RUS","arf",-0.576
"jocer","OHI_USA","air",-0.72
"jocer","OHI_USA","arf",-0.72
"jocer","ORA_LSO","air",-0.696
"jocer","ORA_LSO","arf",-0.58
"jocer","ORA_ZAF","air",-0.672
"jocer","ORA_ZAF","arf",-0.504
"jocer","ORI_COL","air",-0.696
"jocer","ORI_COL","arf",-0.522
"jocer","PAR_ARG","air",-0.768
"jocer","PAR_ARG","arf",-0.576
"jocer","PAR_BOL","air",-0.696
"jocer","PAR_BOL","arf",-0.522
"jocer","PAR_BRA","air",-0.72
"jocer","PAR_BRA","arf",-0.54
"jocer","PEC_PER","air",-0.696
"jocer","PEC_PER","arf",-0.522
"jocer","PRT_PRT","air",-0.864
"jocer","PRT_PRT","arf",-0.648
"jocer","RAP_RAP","air",-0.6
"jocer","RAP_RAP","arf",-0.45
"jocer","RHI_BLX","air",-0.864
"jocer","RHI_BLX","arf",-0.72
"jocer","RHI_CHP","air",-0.864
"jocer","RHI_CHP","arf",-0.72
"jocer","RHI_DEU","air",-0.864
"jocer","RHI_DEU","arf",-0.72
"jocer","RHI_FRP","air",-0.864
"jocer","RHI_FRP","arf",-0.72
"jocer","RHI_NLD","air",-0.864
"jocer","RHI_NLD","arf",-0.648
"jocer","RHO_FRP","air",-0.864
"jocer","RHO_FRP","arf",-0.72
"jocer","RIC_ARG","air",-0.768
"jocer","RIC_ARG","arf",-0.576
"jocer","RIG_MEX","air",-0.72
"jocer","RIG_MEX","arf",-0.6
"jocer","RIG_USA","air",-0.72
"jocer","RIG_USA","arf",-0.72
"jocer","RRS_RUS","air",-0.768
"jocer","RRS_RUS","arf",-0.576
"jocer","RWI_CAN","air",-0.9156
"jocer","RWI_CAN","arf",-0.7848
"jocer","RWI_USA","air",-0.72
"jocer","RWI_USA","arf",-0.72
"jocer","SAC_ZAF","air",-0.672
"jocer","SAC_ZAF","arf",-0.504
"jocer","SAF_TZA","air",-1.024
"jocer","SAF_TZA","arf",-0.576
"jocer","SAF_ZWE","air",-0.754
"jocer","SAF_ZWE","arf",-0.58
"jocer","SAH_DZA","air",-0.6
"jocer","SAH_DZA","arf",-0.45
"jocer","SAH_EGY","air",-0.648
"jocer","SAH_EGY","arf",-0.486
"jocer","SAH_MLI","air",-0.528
"jocer","SAH_MLI","arf",-0.396
"jocer","SAH_MOR","air",-0.6
"jocer","SAH_MOR","arf",-0.45
"jocer","SAH_NER","air",-0.528
"jocer","SAH_NER","arf",-0.396
"jocer","SAH_TCD","air",-0.528
"jocer","SAH_TCD","arf",-0.396
"jocer","SAL_ARG","air",-0.768
"jocer","SAL_ARG","arf",-0.576
"jocer","SAN_BRA","air",-0.72
"jocer","SAN_BRA","arf",-0.54
"jocer","SAU_SAU","air",-0.6
"jocer","SAU_SAU","arf",-0.45
"jocer","SEI_FRP","air",-0.864
"jocer","SEI_FRP","arf",-0.72
"jocer","SEN_GIN","air",-0.744
"jocer","SEN_GIN","arf",-0.558
"jocer","SEN_MLI","air",-0.528
"jocer","SEN_MLI","arf",-0.396
"jocer","SEN_SEN","air",-0.744
"jocer","SEN_SEN","arf",-0.558
"jocer","SEU_USA","air",-0.72
"jocer","SEU_USA","arf",-0.72
"jocer","SKP_KOR","air",-0.456
"jocer","SKP_KOR","arf",-0.38
"jocer","SON_CHM","air",-0.6
"jocer","SON_CHM","arf",-0.45
"jocer","SPP_SPP","air",-0.864
"jocer","SPP_SPP","arf",-0.72
"jocer","SWE_SWE","air",-0.864
"jocer","SWE_SWE","arf",-0.72
"jocer","SYD_KAZ","air",-0.648
"jocer","SYD_KAZ","arf",-0.486
"jocer","SYD_KGZ","air",-0.648
"jocer","SYD_KGZ","arf",-0.486
"jocer","SYD_TJK","air",-0.648
"jocer","SYD_TJK","arf",-0.486
"jocer","SYD_UZB","air",-0.648
"jocer","SYD_UZB","arf",-0.486
"jocer","TIE_ARG","air",-0.768
"jocer","TIE_ARG","arf",-0.576
"jocer","TIG_IRN","air",-0.6
"jocer","TIG_IRN","arf",-0.5
"jocer","TIG_IRQ","air",-0.6
"jocer","TIG_IRQ","arf",-0.5
"jocer","TIG_SYR","air",-0.6
"jocer","TIG_SYR","arf",-0.45
"jocer","TIG_TUR","air",-0.72
"jocer","TIG_TUR","arf",-0.54
"jocer","TMM_MMR","air",-0.48
"jocer","TMM_MMR","arf",-0.36
"jocer","TMM_THA","air",-0.408
"jocer","TMM_THA","arf",-0.306
"jocer","TOC_BRA","air",-0.72
"jocer","TOC_BRA","arf",-0.54
"jocer","TWN_CHM","air",-0.6
"jocer","TWN_CHM","arf",-0.45
"jocer","UKP_UKP","air",-0.864
"jocer","UKP_UKP","arf",-0.648
"jocer","UME_MEX","air",-0.72
"jocer","UME_MEX","arf",-0.6
"jocer","UMO_MNG","air",-0.384
"jocer","UMO_MNG","arf",-0.288
"jocer","UMO_RUS","air",-0.768
"jocer","UMO_RUS","arf",-0.576
"jocer","URA_KAZ","air",-0.648
"jocer","URA_KAZ","arf",-0.486
"jocer","URA_RUS","air",-0.768
"jocer","URA_RUS","arf",-0.576
"jocer","URU_BRA","air",-0.72
"jocer","URU_BRA","arf",-0.54
"jocer","URU_URY","air",-0.696
"jocer","URU_URY","arf",-0.522
"jocer","USN_USA","air",-0.72
"jocer","USN_USA","arf",-0.72
"jocer","VOG_RUS","air",-0.768
"jocer","VOG_RUS","arf",-0.576
"jocer","VOT_BEN","air",-0.744
"jocer","VOT_BEN","arf",-0.558
"jocer","VOT_BFA","air",-0.528
"jocer","VOT_BFA","arf",-0.396
"jocer","VOT_CIV","air",-0.744
"jocer","VOT_CIV","arf",-0.558
"jocer","VOT_GHA","air",-0.992
"jocer","VOT_GHA","arf",-0.558
"jocer","VOT_MLI","air",-0.528
"jocer","VOT_MLI","arf",-0.396
"jocer","VOT_TGO","air",-0.744
"jocer","VOT_TGO","arf",-0.558
"jocer","WAC_CIV","air",-0.744
"jocer","WAC_CIV","arf",-0.558
"jocer","WAC_GIN","air",-0.744
"jocer","WAC_GIN","arf",-0.558
"jocer","WAC_GMB","air",-0.496
"jocer","WAC_GMB","arf",-0.62
"jocer","WAC_GNB","air",-0.744
"jocer","WAC_GNB","arf",-0.558
"jocer","WAC_SEN","air",-0.744
"jocer","WAC_SEN","arf",-0.558
"jocer","WAC_SLE","air",-0.744
"jocer","WAC_SLE","arf",-0.558
"jocer","WAI_IRN","air",-0.6
"jocer","WAI_IRN","arf",-0.5
"jocer","WAU_AUS","air",-0.696
"jocer","WAU_AUS","arf",-0.58
"jocer","WGM_USA","air",-0.72
"jocer","WGM_USA","arf",-0.72
"jocer","YEN_RUS","air",-0.768
"jocer","YEN_RUS","arf",-0.576
"jocer","YHE_CHM","air",-0.6
"jocer","YHE_CHM","arf",-0.45
"jocer","YRD_CHM","air",-0.6
"jocer","YRD_CHM","arf",-0.45
"jocer","YUC_MEX","air",-0.72
"jocer","YUC_MEX","arf",-0.6
"jocer","ZAM_BWA","air",-0.464
"jocer","ZAM_BWA","arf",-0.58
"jocer","ZAM_TZA","air",-1.024
"jocer","ZAM_TZA","arf",-0.576
"jocer","ZAM_ZWE","air",-0.754
"jocer","ZAM_ZWE","arf",-0.58
"jocer","ZHJ_CHM","air",-0.6
"jocer","ZHJ_CHM","arf",-0.45
"jcass","AMA_BOL","air",-0.36
"jcass","AMA_BOL","arf",-0.27
"jcass","AMA_BRA","air",-0.408
"jcass","AMA_BRA","arf",-0.306
"jcass","AMA_COL","air",-0.36
"jcass","AMA_COL","arf",-0.27
"jcass","AMA_ECU","air",-0.36
"jcass","AMA_ECU","arf",-0.27
"jcass","AMA_PER","air",-0.36
"jcass","AMA_PER","arf",-0.27
"jcass","AMR_CHM","air",-0.192
"jcass","AMR_CHM","arf",-0.144
"jcass","BLZ_BLZ","air",-0.36
"jcass","BLZ_BLZ","arf",-0.27
"jcass","BOR_IDN","air",-0.192
"jcass","BOR_IDN","arf",-0.144
"jcass","BOR_MYS","air",-0.192
"jcass","BOR_MYS","arf",-0.16
"jcass","BRT_BTN","air",-0.216
"jcass","BRT_BTN","arf",-0.162
"jcass","BRT_CHM","air",-0.192
"jcass","BRT_CHM","arf",-0.144
"jcass","BRT_IND","air",-0.36
"jcass","BRT_IND","arf",-0.36
"jcass","CAF_AGO","air",-0.36
"jcass","CAF_AGO","arf",-0.27
"jcass","CAF_CAF","air",-0.36
"jcass","CAF_CAF","arf",-0.27
"jcass","CAF_CMR","air",-0.27
"jcass","CAF_CMR","arf",-0.27
"jcass","CAF_COG","air",-0.33
"jcass","CAF_COG","arf",-0.27
"jcass","CAF_GAB","air",-0.27
"jcass","CAF_GAB","arf",-0.27
"jcass","CAF_GNQ","air",-0.36
"jcass","CAF_GNQ","arf",-0.27
"jcass","CAV_IND","air",-0.36
"jcass","CAV_IND","arf",-0.36
"jcass","CHJ_CHM","air",-0.192
"jcass","CHJ_CHM","arf",-0.144
"jcass","CHO_IND","air",-0.36
"jcass","CHO_IND","arf",-0.36
"jcass","CON_AGO","air",-0.36
"jcass","CON_AGO","arf",-0.27
"jcass","CON_CAF","air",-0.36
"jcass","CON_CAF","arf",-0.27
"jcass","CON_COD","air",-0.36
"jcass","CON_COD","arf",-0.27
"jcass","CON_COG","air",-0.33
"jcass","CON_COG","arf",-0.27
"jcass","CRB_CRB","air",-0.264
"jcass","CRB_CRB","arf",-0.24
"jcass","CRI_CRI","air",-0.36
"jcass","CRI_CRI","arf",-0.27
"jcass","CUB_CUB","air",-0.42
"jcass","CUB_CUB","arf",-0.27
"jcass","DOM_DOM","air",-0.36
"jcass","DOM_DOM","arf",-0.27
"jcass","EAC_BDI","air",-0.36
"jcass","EAC_BDI","arf",-0.27
"jcass","EAC_COD","air",-0.36
"jcass","EAC_COD","arf",-0.27
"jcass","EAC_RWA","air",-0.36
"jcass","EAC_RWA","arf",-0.27
"jcass","EAC_TZA","air",-0.48
"jcass","EAC_TZA","arf",-0.27
"jcass","EGH_IND","air",-0.36
"jcass","EGH_IND","arf",-0.36
"jcass","FJI_FJI","air",-0.288
"jcass","FJI_FJI","arf",-0.24
"jcass","GAN_CHM","air",-0.192
"jcass","GAN_CHM","arf",-0.144
"jcass","GAN_IND","air",-0.36
"jcass","GAN_IND","arf",-0.36
"jcass","GOD_IND","air",-0.36
"jcass","GOD_IND","arf",-0.36
"jcass","GSA_GSA","air",-0.42
"jcass","GSA_GSA","arf",-0.27
"jcass","GTM_GTM","air",-0.36
"jcass","GTM_GTM","arf",-0.27
"jcass","HAI_CHM","air",-0.192
"jcass","HAI_CHM","arf",-0.144
"jcass","HND_HND","air",-0.36
"jcass","HND_HND","arf",-0.27
"jcass","HOA_KEN","air",-0.48
"jcass","HOA_KEN","arf",-0.27
"jcass","HOA_SOM","air",-0.36
"jcass","HOA_SOM","arf",-0.27
"jcass","HTI_HTI","air",-0.36
"jcass","HTI_HTI","arf",-0.3
"jcass","HUA_CHM","air",-0.192
"jcass","HUA_CHM","arf",-0.144
"jcass","HUN_CHM","air",-0.192
"jcass","HUN_CHM","arf",-0.144
"jcass","IEC_IND","air",-0.36
"jcass","IEC_IND","arf",-0.36
"jcass","IND_CHM","air",-0.192
"jcass","IND_CHM","arf",-0.144
"jcass","IND_IND","air",-0.36
"jcass","IND_IND","arf",-0.36
"jcass","INE_IDN","air",-0.192
"jcass","INE_IDN","arf",-0.144
"jcass","INW_IDN","air",-0.192
"jcass","INW_IDN","arf",-0.144
"jcass","JAM_JAM","air",-0.288
"jcass","JAM_JAM","arf",-0.216
"jcass","KRI_IND","air",-0.36
"jcass","KRI_IND","arf",-0.36
"jcass","LAJ_CHM","air",-0.192
"jcass","LAJ_CHM","arf",-0.144
"jcass","LCB_CAF","air",-0.36
"jcass","LCB_CAF","arf",-0.27
"jcass","LCB_CMR","air",-0.27
"jcass","LCB_CMR","arf",-0.27
"jcass","LCB_NER","air",-0.36
"jcass","LCB_NER","arf",-0.27
"jcass","LCB_NGA","air",-0.504
"jcass","LCB_NGA","arf",-0.36
"jcass","LCB_TCD","air",-0.36
"jcass","LCB_TCD","arf",-0.27
"jcass","LIM_MOZ","air",-0.39
"jcass","LIM_MOZ","arf",-0.27
"jcass","LIM_ZWE","air",-0.39
"jcass","LIM_ZWE","arf",-0.3
"jcass","LMO_CHM","air",-0.192
"jcass","LMO_CHM","arf",-0.144
"jcass","LUN_IND","air",-0.36
"jcass","LUN_IND","arf",-0.36
"jcass","MAD_MDG","air",-0.36
"jcass","MAD_MDG","arf",-0.27
"jcass","MAT_IND","air",-0.36
"jcass","MAT_IND","arf",-0.36
"jcass","MEK_KHM","air",-0.256
"jcass","MEK_KHM","arf",-0.144
"jcass","MEK_LAO","air",-0.256
"jcass","MEK_LAO","arf",-0.144
"jcass","MEK_MMR","air",-0.192
"jcass","MEK_MMR","arf",-0.144
"jcass","MEK_THA","air",-0.216
"jcass","MEK_THA","arf",-0.162
"jcass","MEK_VNM","air",-0.192
"jcass","MEK_VNM","arf",-0.144
"jcass","MHN_IND","air",-0.36
"jcass","MHN_IND","arf",-0.36
"jcass","MIM_MEX","air",-0.144
"jcass","MIM_MEX","arf",-0.12
"jcass","NEB_BRA","air",-0.408
"jcass","NEB_BRA","arf",-0.306
"jcass","NIC_NIC","air",-0.36
"jcass","NIC_NIC","arf",-0.27
"jcass","NIG_BEN","air",-0.36
"jcass","NIG_BEN","arf",-0.27
"jcass","NIG_BFA","air",-0.36
"jcass","NIG_BFA","arf",-0.27
"jcass","NIG_CIV","air",-0.36
"jcass","NIG_CIV","arf",-0.27
"jcass","NIG_CMR","air",-0.27
"jcass","NIG_CMR","arf",-0.27
"jcass","NIG_GIN","air",-0.36
"jcass","NIG_GIN","arf",-0.27
"jcass","NIG_MLI","air",-0.36
"jcass","NIG_MLI","arf",-0.27
"jcass","NIG_NER","air",-0.36
"jcass","NIG_NER","arf",-0.27
"jcass","NIG_NGA","air",-0.504
"jcass","NIG_NGA","arf",-0.36
"jcass","NIG_TCD","air",-0.36
"jcass","NIG_TCD","arf",-0.27
"jcass","NLL_UGA","air",-0.42
"jcass","NLL_UGA","arf",-0.27
"jcass","NWS_COL","air",-0.36
"jcass","NWS_COL","arf",-0.27
"jcass","NWS_ECU","air",-0.36
"jcass","NWS_ECU","arf",-0.27
"jcass","OAO_OAO","air",-0.216
"jcass","OAO_OAO","arf",-0.216
"jcass","OBB_CHM","air",-0.192
"jcass","OBB_CHM","arf",-0.144
"jcass","OIO_OIO","air",-0.288
"jcass","OIO_OIO","arf",-0.24
"jcass","OPO_OPO","air",-0.288
"jcass","OPO_OPO","arf",-0.216
"jcass","ORI_COL","air",-0.36
"jcass","ORI_COL","arf",-0.27
"jcass","ORI_VEN","air",-0.36
"jcass","ORI_VEN","arf",-0.27
"jcass","PAN_PAN","air",-0.36
"jcass","PAN_PAN","arf",-0.27
"jcass","PAO_PNG","air",-0.288
"jcass","PAO_PNG","arf",-0.216
"jcass","PAR_ARG","air",-0.216
"jcass","PAR_ARG","arf",-0.162
"jcass","PAR_BOL","air",-0.36
"jcass","PAR_BOL","arf",-0.27
"jcass","PAR_BRA","air",-0.408
"jcass","PAR_BRA","arf",-0.306
"jcass","PAR_PRY","air",-0.36
"jcass","PAR_PRY","arf",-0.27
"jcass","PEC_PER","air",-0.36
"jcass","PEC_PER","arf",-0.27
"jcass","PHI_PHL","air",-0.192
"jcass","PHI_PHL","arf",-0.144
"jcass","RIC_ARG","air",-0.216
"jcass","RIC_ARG","arf",-0.162
"jcass","RIG_MEX","air",-0.144
"jcass","RIG_MEX","arf",-0.12
"jcass","RVE_VEN","air",-0.36
"jcass","RVE_VEN","arf",-0.27
"jcass","RVN_VNM","air",-0.192
"jcass","RVN_VNM","arf",-0.144
"jcass","SAF_MOZ","air",-0.39
"jcass","SAF_MOZ","arf",-0.27
"jcass","SAF_TZA","air",-0.48
"jcass","SAF_TZA","arf",-0.27
"jcass","SAF_ZWE","air",-0.39
"jcass","SAF_ZWE","arf",-0.3
"jcass","SAH_MLI","air",-0.36
"jcass","SAH_MLI","arf",-0.27
"jcass","SAH_NER","air",-0.36
"jcass","SAH_NER","arf",-0.27
"jcass","SAH_TCD","air",-0.36
"jcass","SAH_TCD","arf",-0.27
"jcass","SAL_ARG","air",-0.216
"jcass","SAL_ARG","arf",-0.162
"jcass","SAN_BRA","air",-0.408
"jcass","SAN_BRA","arf",-0.306
"jcass","SAY_IND","air",-0.36
"jcass","SAY_IND","arf",-0.36
"jcass","SEN_GIN","air",-0.36
"jcass","SEN_GIN","arf",-0.27
"jcass","SEN_MLI","air",-0.36
"jcass","SEN_MLI","arf",-0.27
"jcass","SEN_SEN","air",-0.36
"jcass","SEN_SEN","arf",-0.27
"jcass","SLB_SLB","air",-0.288
"jcass","SLB_SLB","arf",-0.216
"jcass","SLV_SLV","air",-0.36
"jcass","SLV_SLV","arf",-0.27
"jcass","SON_CHM","air",-0.192
"jcass","SON_CHM","arf",-0.144
"jcass","SRL_LKA","air",-0.216
"jcass","SRL_LKA","arf",-0.162
"jcass","TIE_ARG","air",-0.216
"jcass","TIE_ARG","arf",-0.162
"jcass","TLS_TLS","air",-0.312
"jcass","TLS_TLS","arf",-0.216
"jcass","TMM_MMR","air",-0.192
"jcass","TMM_MMR","arf",-0.144
"jcass","TMM_MYS","air",-0.192
"jcass","TMM_MYS","arf",-0.16
"jcass","TMM_OSA","air",-0.208
"jcass","TMM_OSA","arf",-0.144
"jcass","TMM_THA","air",-0.216
"jcass","TMM_THA","arf",-0.162
"jcass","TOC_BRA","air",-0.408
"jcass","TOC_BRA","arf",-0.306
"jcass","TWN_CHM","air",-0.192
"jcass","TWN_CHM","arf",-0.144
"jcass","UME_MEX","air",-0.144
"jcass","UME_MEX","arf",-0.12
"jcass","URU_BRA","air",-0.408
"jcass","URU_BRA","arf",-0.306
"jcass","VOT_BEN","air",-0.36
"jcass","VOT_BEN","arf",-0.27
"jcass","VOT_BFA","air",-0.36
"jcass","VOT_BFA","arf",-0.27
"jcass","VOT_CIV","air",-0.36
"jcass","VOT_CIV","arf",-0.27
"jcass","VOT_GHA","air",-0.48
"jcass","VOT_GHA","arf",-0.27
"jcass","VOT_MLI","air",-0.36
"jcass","VOT_MLI","arf",-0.27
"jcass","VOT_TGO","air",-0.36
"jcass","VOT_TGO","arf",-0.27
"jcass","VUT_VUT","air",-0.288
"jcass","VUT_VUT","arf",-0.24
"jcass","WAC_CIV","air",-0.36
"jcass","WAC_CIV","arf",-0.27
"jcass","WAC_GIN","air",-0.36
"jcass","WAC_GIN","arf",-0.27
"jcass","WAC_GMB","air",-0.24
"jcass","WAC_GMB","arf",-0.3
"jcass","WAC_GNB","air",-0.36
"jcass","WAC_GNB","arf",-0.27
"jcass","WAC_LBR","air",-0.24
"jcass","WAC_LBR","arf",-0.3
"jcass","WAC_SEN","air",-0.36
"jcass","WAC_SEN","arf",-0.27
"jcass","WAC_SLE","air",-0.36
"jcass","WAC_SLE","arf",-0.27
"jcass","YHE_CHM","air",-0.192
"jcass","YHE_CHM","arf",-0.144
"jcass","YRD_CHM","air",-0.192
"jcass","YRD_CHM","arf",-0.144
"jcass","YRD_VNM","air",-0.192
"jcass","YRD_VNM","arf",-0.144
"jcass","YUC_MEX","air",-0.144
"jcass","YUC_MEX","arf",-0.12
"jcass","ZAM_AGO","air",-0.36
"jcass","ZAM_AGO","arf",-0.27
"jcass","ZAM_COD","air",-0.36
"jcass","ZAM_COD","arf",-0.27
"jcass","ZAM_MOZ","air",-0.39
"jcass","ZAM_MOZ","arf",-0.27
"jcass","ZAM_MWI","air",-0.42
"jcass","ZAM_MWI","arf",-0.27
"jcass","ZAM_TZA","air",-0.48
"jcass","ZAM_TZA","arf",-0.27
"jcass","ZAM_ZMB","air",-0.45
"jcass","ZAM_ZMB","arf",-0.27
"jcass","ZAM_ZWE","air",-0.39
"jcass","ZAM_ZWE","arf",-0.3
"jcass","ZHJ_CHM","air",-0.192
"jcass","ZHJ_CHM","arf",-0.144
"jpota","ALB_ALB","air",-0.576
"jpota","ALB_ALB","arf",-0.48
"jpota","ALK_USA","air",-0.336
"jpota","ALK_USA","arf",-0.336
"jpota","AMA_BOL","air",-0.696
"jpota","AMA_BOL","arf",-0.522
"jpota","AMA_BRA","air",-0.432
"jpota","AMA_BRA","arf",-0.324
"jpota","AMA_COL","air",-0.48
"jpota","AMA_COL","arf",-0.36
"jpota","AMA_ECU","air",-0.696
"jpota","AMA_ECU","arf",-0.522
"jpota","AMA_PER","air",-0.696
"jpota","AMA_PER","arf",-0.522
"jpota","AMD_AFG","air",-0.48
"jpota","AMD_AFG","arf",-0.36
"jpota","AMD_TJK","air",-0.36
"jpota","AMD_TJK","arf",-0.27
"jpota","AMD_TKM","air",-0.36
"jpota","AMD_TKM","arf",-0.27
"jpota","AMD_UZB","air",-0.36
"jpota","AMD_UZB","arf",-0.27
"jpota","AMR_CHM","air",-0.432
"jpota","AMR_CHM","arf",-0.324
"jpota","AMR_RUS","air",-0.432
"jpota","AMR_RUS","arf",-0.324
"jpota","ARA_IRQ","air",-0.48
"jpota","ARA_IRQ","arf",-0.4
"jpota","ARK_USA","air",-0.336
"jpota","ARK_USA","arf",-0.336
"jpota","ARM_ARM","air",-0.432
"jpota","ARM_ARM","arf",-0.324
"jpota","AZE_AZE","air",-0.432
"jpota","AZE_AZE","arf",-0.324
"jpota","BAL_BLT","air",-0.432
"jpota","BAL_BLT","arf",-0.36
"jpota","BAL_RUS","air",-0.432
"jpota","BAL_RUS","arf",-0.324
"jpota","BLA_RUS","air",-0.432
"jpota","BLA_RUS","arf",-0.324
"jpota","BLA_TUR","air",-0.408
"jpota","BLA_TUR","arf",-0.306
"jpota","BLA_UKR","air",-0.432
"jpota","BLA_UKR","arf",-0.324
"jpota","BLZ_BLZ","air",-0.696
"jpota","BLZ_BLZ","arf",-0.522
"jpota","BOR_IDN","air",-0.408
"jpota","BOR_IDN","arf",-0.306
"jpota","BRT_BGD","air",-0.48
"jpota","BRT_BGD","arf",-0.36
"jpota","BRT_BTN","air",-0.48
"jpota","BRT_BTN","arf",-0.36
"jpota","BRT_CHM","air",-0.432
"jpota","BRT_CHM","arf",-0.324
"jpota","BRT_IND","air",-0.576
"jpota","BRT_IND","arf",-0.576
"jpota","CAF_AGO","air",-0.552
"jpota","CAF_AGO","arf",-0.414
"jpota","CAF_CAF","air",-0.552
"jpota","CAF_CAF","arf",-0.414
"jpota","CAF_CMR","air",-0.414
"jpota","CAF_CMR","arf",-0.414
"jpota","CAF_COG","air",-0.506
"jpota","CAF_COG","arf",-0.414
"jpota","CAF_NAM","air",-0.368
"jpota","CAF_NAM","arf",-0.46
"jpota","CAL_USA","air",-0.336
"jpota","CAL_USA","arf",-0.336
"jpota","CAN_CAN","air",-0.644
"jpota","CAN_CAN","arf",-0.552
"jpota","CAU_AUS","air",-0.264
"jpota","CAU_AUS","arf",-0.22
"jpota","CAV_IND","air",-0.576
"jpota","CAV_IND","arf",-0.576
"jpota","CHC_CHL","air",-0.696
"jpota","CHC_CHL","arf",-0.522
"jpota","CHJ_CHM","air",-0.432
"jpota","CHJ_CHM","arf",-0.324
"jpota","CHO_IND","air",-0.576
"jpota","CHO_IND","arf",-0.576
"jpota","CHU_KAZ","air",-0.36
"jpota","CHU_KAZ","arf",-0.27
"jpota","CHU_KGZ","air",-0.36
"jpota","CHU_KGZ","arf",-0.27
"jpota","COB_CAN","air",-0.644
"jpota","COB_CAN","arf",-0.552
"jpota","COB_USA","air",-0.336
"jpota","COB_USA","arf",-0.336
"jpota","COL_USA","air",-0.336
"jpota","COL_USA","arf",-0.336
"jpota","CON_AGO","air",-0.552
"jpota","CON_AGO","arf",-0.414
"jpota","CON_CAF","air",-0.552
"jpota","CON_CAF","arf",-0.414
"jpota","CON_COD","air",-0.552
"jpota","CON_COD","arf",-0.414
"jpota","CON_COG","air",-0.506
"jpota","CON_COG","arf",-0.414
"jpota","CRB_CRB","air",-0.264
"jpota","CRB_CRB","arf",-0.24
"jpota","CRI_CRI","air",-0.696
"jpota","CRI_CRI","arf",-0.522
"jpota","CUB_CUB","air",-0.812
"jpota","CUB_CUB","arf",-0.522
"jpota","DAN_AUT","air",-0.504
"jpota","DAN_AUT","arf",-0.42
"jpota","DAN_BGR","air",-0.576
"jpota","DAN_BGR","arf",-0.432
"jpota","DAN_CZE","air",-0.576
"jpota","DAN_CZE","arf",-0.48
"jpota","DAN_DEU","air",-0.504
"jpota","DAN_DEU","arf",-0.42
"jpota","DAN_HRV","air",-0.528
"jpota","DAN_HRV","arf",-0.48
"jpota","DAN_HUN","air",-0.576
"jpota","DAN_HUN","arf",-0.432
"jpota","DAN_MDA","air",-0.576
"jpota","DAN_MDA","arf",-0.432
"jpota","DAN_OBN","air",-0.576
"jpota","DAN_OBN","arf",-0.432
"jpota","DAN_ROU","air",-0.576
"jpota","DAN_ROU","arf",-0.432
"jpota","DAN_SVK","air",-0.576
"jpota","DAN_SVK","arf",-0.432
"jpota","DAN_SVN","air",-0.432
"jpota","DAN_SVN","arf",-0.432
"jpota","DAN_TUR","air",-0.408
"jpota","DAN_TUR","arf",-0.306
"jpota","DAN_UKR","air",-0.432
"jpota","DAN_UKR","arf",-0.324
"jpota","DNI_BLR","air",-0.432
"jpota","DNI_BLR","arf",-0.324
"jpota","DNI_RUS","air",-0.432
"jpota","DNI_RUS","arf",-0.324
"jpota","DNI_UKR","air",-0.432
"jpota","DNI_UKR","arf",-0.324
"jpota","DOM_DOM","air",-0.696
"jpota","DOM_DOM","arf",-0.522
"jpota","EAC_BDI","air",-0.552
"jpota","EAC_BDI","arf",-0.414
"jpota","EAC_COD","air",-0.552
"jpota","EAC_COD","arf",-0.414
"jpota","EAC_RWA","air",-0.552
"jpota","EAC_RWA","arf",-0.414
"jpota","EAC_TZA","air",-0.736
"jpota","EAC_TZA","arf",-0.414
"jpota","EAU_AUS","air",-0.264
"jpota","EAU_AUS","arf",-0.22
"jpota","EGH_IND","air",-0.576
"jpota","EGH_IND","arf",-0.576
"jpota","ELB_DEU","air",-0.504
"jpota","ELB_DEU","arf",-0.42
"jpota","ELB_DNK","air",-0.504
"jpota","ELB_DNK","arf",-0.42
"jpota","EME_CYP","air",-0.48
"jpota","EME_CYP","arf",-0.36
"jpota","EME_EGY","air",-0.504
"jpota","EME_EGY","arf",-0.378
"jpota","EME_ISR","air",-0.552
"jpota","EME_ISR","arf",-0.46
"jpota","EME_JOR","air",-0.48
"jpota","EME_JOR","arf",-0.4
"jpota","EME_LBN","air",-0.48
"jpota","EME_LBN","arf",-0.36
"jpota","EME_PSE","air",-0.598
"jpota","EME_PSE","arf",-0.46
"jpota","EME_SYR","air",-0.48
"jpota","EME_SYR","arf",-0.36
"jpota","EME_TUR","air",-0.408
"jpota","EME_TUR","arf",-0.306
"jpota","FNP_FNP","air",-0.504
"jpota","FNP_FNP","arf",-0.378
"jpota","GAN_BGD","air",-0.48
"jpota","GAN_BGD","arf",-0.36
"jpota","GAN_CHM","air",-0.432
"jpota","GAN_CHM","arf",-0.324
"jpota","GAN_IND","air",-0.576
"jpota","GAN_IND","arf",-0.576
"jpota","GAN_NPL","air",-0.48
"jpota","GAN_NPL","arf",-0.36
"jpota","GBA_USA","air",-0.336
"jpota","GBA_USA","arf",-0.336
"jpota","GEO_GEO","air",-0.432
"jpota","GEO_GEO","arf",-0.324
"jpota","GLA_CAN","air",-0.644
"jpota","GLA_CAN","arf",-0.552
"jpota","GLA_USA","air",-0.336
"jpota","GLA_USA","arf",-0.336
"jpota","GOD_IND","air",-0.576
"jpota","GOD_IND","arf",-0.576
"jpota","GRC_GRC","air",-0.576
"jpota","GRC_GRC","arf",-0.48
"jpota","GTM_GTM","air",-0.696
"jpota","GTM_GTM","arf",-0.522
"jpota","HAI_CHM","air",-0.432
"jpota","HAI_CHM","arf",-0.324
"jpota","HND_HND","air",-0.696
"jpota","HND_HND","arf",-0.522
"jpota","HOA_ETH","air",-0.736
"jpota","HOA_ETH","arf",-0.414
"jpota","HOA_KEN","air",-0.736
"jpota","HOA_KEN","arf",-0.414
"jpota","HTI_HTI","air",-0.696
"jpota","HTI_HTI","arf",-0.58
"jpota","HUA_CHM","air",-0.432
"jpota","HUA_CHM","arf",-0.324
"jpota","HUN_CHM","air",-0.432
"jpota","HUN_CHM","arf",-0.324
"jpota","HWI_USA","air",-0.336
"jpota","HWI_USA","arf",-0.336
"jpota","IEC_IND","air",-0.576
"jpota","IEC_IND","arf",-0.576
"jpota","IND_CHM","air",-0.432
"jpota","IND_CHM","arf",-0.324
"jpota","IND_IND","air",-0.576
"jpota","IND_IND","arf",-0.576
"jpota","IND_PAK","air",-0.408
"jpota","IND_PAK","arf",-0.408
"jpota","INE_IDN","air",-0.408
"jpota","INE_IDN","arf",-0.306
"jpota","INW_IDN","air",-0.408
"jpota","INW_IDN","arf",-0.306
"jpota","IRL_IRL","air",-0.504
"jpota","IRL_IRL","arf",-0.378
"jpota","ISL_ISL","air",-0.504
"jpota","ISL_ISL","arf",-0.42
"jpota","ITA_ITP","air",-0.504
"jpota","ITA_ITP","arf",-0.42
"jpota","JAM_JAM","air",-0.288
"jpota","JAM_JAM","arf",-0.216
"jpota","JAP_JPN","air",-0.288
"jpota","JAP_JPN","arf",-0.24
"jpota","KAL_BWA","air",-0.368
"jpota","KAL_BWA","arf",-0.46
"jpota","KAL_NAM","air",-0.368
"jpota","KAL_NAM","arf",-0.46
"jpota","KAL_ZAF","air",-0.552
"jpota","KAL_ZAF","arf",-0.414
"jpota","KRI_IND","air",-0.576
"jpota","KRI_IND","arf",-0.576
"jpota","LAJ_CHM","air",-0.432
"jpota","LAJ_CHM","arf",-0.324
"jpota","LBA_KAZ","air",-0.36
"jpota","LBA_KAZ","arf",-0.27
"jpota","LBO_FRP","air",-0.504
"jpota","LBO_FRP","arf",-0.42
"jpota","LCB_CAF","air",-0.552
"jpota","LCB_CAF","arf",-0.414
"jpota","LCB_CMR","air",-0.414
"jpota","LCB_CMR","arf",-0.414
"jpota","LCB_NER","air",-0.552
"jpota","LCB_NER","arf",-0.414
"jpota","LCB_NGA","air",-0.56
"jpota","LCB_NGA","arf",-0.4
"jpota","LCB_TCD","air",-0.552
"jpota","LCB_TCD","arf",-0.414
"jpota","LIM_BWA","air",-0.368
"jpota","LIM_BWA","arf",-0.46
"jpota","LIM_MOZ","air",-0.598
"jpota","LIM_MOZ","arf",-0.414
"jpota","LIM_ZAF","air",-0.552
"jpota","LIM_ZAF","arf",-0.414
"jpota","LIM_ZWE","air",-0.598
"jpota","LIM_ZWE","arf",-0.46
"jpota","LMO_CHM","air",-0.432
"jpota","LMO_CHM","arf",-0.324
"jpota","LMO_MNG","air",-0.432
"jpota","LMO_MNG","arf",-0.324
"jpota","LTZ_KAZ","air",-0.36
"jpota","LTZ_KAZ","arf",-0.27
"jpota","LUN_IND","air",-0.576
"jpota","LUN_IND","arf",-0.576
"jpota","MAD_MDG","air",-0.552
"jpota","MAD_MDG","arf",-0.414
"jpota","MAT_IND","air",-0.576
"jpota","MAT_IND","arf",-0.576
"jpota","MAU_AUS","air",-0.264
"jpota","MAU_AUS","arf",-0.22
"jpota","MCK_CAN","air",-0.644
"jpota","MCK_CAN","arf",-0.552
"jpota","MEK_LAO","air",-0.352
"jpota","MEK_LAO","arf",-0.198
"jpota","MEK_MMR","air",-0.264
"jpota","MEK_MMR","arf",-0.198
"jpota","MEK_THA","air",-0.336
"jpota","MEK_THA","arf",-0.252
"jpota","MEK_VNM","air",-0.408
"jpota","MEK_VNM","arf",-0.306
"jpota","MHN_IND","air",-0.576
"jpota","MHN_IND","arf",-0.576
"jpota","MIM_MEX","air",-0.336
"jpota","MIM_MEX","arf",-0.28
"jpota","MIS_USA","air",-0.336
"jpota","MIS_USA","arf",-0.336
"jpota","MOU_USA","air",-0.336
"jpota","MOU_USA","arf",-0.336
"jpota","NAC_DZA","air",-0.48
"jpota","NAC_DZA","arf",-0.36
"jpota","NAC_EGY","air",-0.504
"jpota","NAC_EGY","arf",-0.378
"jpota","NAC_LBY","air",-0.48
"jpota","NAC_LBY","arf",-0.36
"jpota","NAC_TUN","air",-0.48
"jpota","NAC_TUN","arf",-0.4
"jpota","NEB_BRA","air",-0.432
"jpota","NEB_BRA","arf",-0.324
"jpota","NER_RUS","air",-0.432
"jpota","NER_RUS","arf",-0.324
"jpota","NIC_NIC","air",-0.696
"jpota","NIC_NIC","arf",-0.522
"jpota","NIG_BEN","air",-0.552
"jpota","NIG_BEN","arf",-0.414
"jpota","NIG_BFA","air",-0.552
"jpota","NIG_BFA","arf",-0.414
"jpota","NIG_CMR","air",-0.414
"jpota","NIG_CMR","arf",-0.414
"jpota","NIG_GIN","air",-0.552
"jpota","NIG_GIN","arf",-0.414
"jpota","NIG_MLI","air",-0.552
"jpota","NIG_MLI","arf",-0.414
"jpota","NIG_NER","air",-0.552
"jpota","NIG_NER","arf",-0.414
"jpota","NIG_NGA","air",-0.56
"jpota","NIG_NGA","arf",-0.4
"jpota","NIG_TCD","air",-0.552
"jpota","NIG_TCD","arf",-0.414
"jpota","NKP_PRK","air",-0.432
"jpota","NKP_PRK","arf",-0.324
"jpota","NLL_EGY","air",-0.504
"jpota","NLL_EGY","arf",-0.378
"jpota","NLL_ERI","air",-0.644
"jpota","NLL_ERI","arf",-0.414
"jpota","NLL_ETH","air",-0.736
"jpota","NLL_ETH","arf",-0.414
"jpota","NLL_SDN","air",-0.552
"jpota","NLL_SDN","arf",-0.414
"jpota","NLL_UGA","air",-0.644
"jpota","NLL_UGA","arf",-0.414
"jpota","NOR_NOR","air",-0.504
"jpota","NOR_NOR","arf",-0.42
"jpota","NWA_MOR","air",-0.48
"jpota","NWA_MOR","arf",-0.36
"jpota","NWA_MRT","air",-0.552
"jpota","NWA_MRT","arf",-0.46
"jpota","NWS_COL","air",-0.48
"jpota","NWS_COL","arf",-0.36
"jpota","NWS_ECU","air",-0.696
"jpota","NWS_ECU","arf",-0.522
"jpota","NZE_NZL","air",-0.552
"jpota","NZE_NZL","arf",-0.414
"jpota","OAO_OAO","air",-0.216
"jpota","OAO_OAO","arf",-0.216
"jpota","OBB_CHM","air",-0.432
"jpota","OBB_CHM","arf",-0.324
"jpota","OBB_KAZ","air",-0.36
"jpota","OBB_KAZ","arf",-0.27
"jpota","OBB_RUS","air",-0.432
"jpota","OBB_RUS","arf",-0.324
"jpota","ODE_DEU","air",-0.504
"jpota","ODE_DEU","arf",-0.42
"jpota","ODE_POL","air",-0.576
"jpota","ODE_POL","arf",-0.48
"jpota","ODE_RUS","air",-0.432
"jpota","ODE_RUS","arf",-0.324
"jpota","OHI_USA","air",-0.336
"jpota","OHI_USA","arf",-0.336
"jpota","OIO_OIO","air",-0.288
"jpota","OIO_OIO","arf",-0.24
"jpota","OPO_OPO","air",-0.288
"jpota","OPO_OPO","arf",-0.216
"jpota","ORA_LSO","air",-0.552
"jpota","ORA_LSO","arf",-0.46
"jpota","ORA_NAM","air",-0.368
"jpota","ORA_NAM","arf",-0.46
"jpota","ORA_ZAF","air",-0.552
"jpota","ORA_ZAF","arf",-0.414
"jpota","ORI_COL","air",-0.48
"jpota","ORI_COL","arf",-0.36
"jpota","ORI_VEN","air",-0.696
"jpota","ORI_VEN","arf",-0.522
"jpota","PAN_PAN","air",-0.696
"jpota","PAN_PAN","arf",-0.522
"jpota","PAO_PNG","air",-0.288
"jpota","PAO_PNG","arf",-0.216
"jpota","PAR_ARG","air",-0.36
"jpota","PAR_ARG","arf",-0.27
"jpota","PAR_BOL","air",-0.696
"jpota","PAR_BOL","arf",-0.522
"jpota","PAR_BRA","air",-0.432
"jpota","PAR_BRA","arf",-0.324
"jpota","PAR_PRY","air",-0.696
"jpota","PAR_PRY","arf",-0.522
"jpota","PEC_PER","air",-0.696
"jpota","PEC_PER","arf",-0.522
"jpota","PHI_PHL","air",-0.264
"jpota","PHI_PHL","arf",-0.198
"jpota","PRT_PRT","air",-0.504
"jpota","PRT_PRT","arf",-0.378
"jpota","RAP_RAP","air",-0.48
"jpota","RAP_RAP","arf",-0.36
"jpota","RHI_BLX","air",-0.504
"jpota","RHI_BLX","arf",-0.42
"jpota","RHI_CHP","air",-0.504
"jpota","RHI_CHP","arf",-0.42
"jpota","RHI_DEU","air",-0.504
"jpota","RHI_DEU","arf",-0.42
"jpota","RHI_FRP","air",-0.504
"jpota","RHI_FRP","arf",-0.42
"jpota","RHI_NLD","air",-0.504
"jpota","RHI_NLD","arf",-0.378
"jpota","RHO_FRP","air",-0.504
"jpota","RHO_FRP","arf",-0.42
"jpota","RIC_ARG","air",-0.36
"jpota","RIC_ARG","arf",-0.27
"jpota","RIG_MEX","air",-0.336
"jpota","RIG_MEX","arf",-0.28
"jpota","RIG_USA","air",-0.336
"jpota","RIG_USA","arf",-0.336
"jpota","RRS_RUS","air",-0.432
"jpota","RRS_RUS","arf",-0.324
"jpota","RVE_VEN","air",-0.696
"jpota","RVE_VEN","arf",-0.522
"jpota","RVN_VNM","air",-0.408
"jpota","RVN_VNM","arf",-0.306
"jpota","RWI_CAN","air",-0.644
"jpota","RWI_CAN","arf",-0.552
"jpota","RWI_USA","air",-0.336
"jpota","RWI_USA","arf",-0.336
"jpota","SAC_SWZ","air",-0.8372
"jpota","SAC_SWZ","arf",-0.46
"jpota","SAC_ZAF","air",-0.552
"jpota","SAC_ZAF","arf",-0.414
"jpota","SAF_MOZ","air",-0.598
"jpota","SAF_MOZ","arf",-0.414
"jpota","SAF_TZA","air",-0.736
"jpota","SAF_TZA","arf",-0.414
"jpota","SAF_ZWE","air",-0.598
"jpota","SAF_ZWE","arf",-0.46
"jpota","SAH_DZA","air",-0.48
"jpota","SAH_DZA","arf",-0.36
"jpota","SAH_EGY","air",-0.504
"jpota","SAH_EGY","arf",-0.378
"jpota","SAH_LBY","air",-0.48
"jpota","SAH_LBY","arf",-0.36
"jpota","SAH_MLI","air",-0.552
"jpota","SAH_MLI","arf",-0.414
"jpota","SAH_MOR","air",-0.48
"jpota","SAH_MOR","arf",-0.36
"jpota","SAH_MRT","air",-0.552
"jpota","SAH_MRT","arf",-0.46
"jpota","SAH_NER","air",-0.552
"jpota","SAH_NER","arf",-0.414
"jpota","SAH_SDN","air",-0.552
"jpota","SAH_SDN","arf",-0.414
"jpota","SAH_TCD","air",-0.552
"jpota","SAH_TCD","arf",-0.414
"jpota","SAL_ARG","air",-0.36
"jpota","SAL_ARG","arf",-0.27
"jpota","SAN_BRA","air",-0.432
"jpota","SAN_BRA","arf",-0.324
"jpota","SAU_SAU","air",-0.48
"jpota","SAU_SAU","arf",-0.36
"jpota","SAY_IND","air",-0.576
"jpota","SAY_IND","arf",-0.576
"jpota","SEI_FRP","air",-0.504
"jpota","SEI_FRP","arf",-0.42
"jpota","SEN_GIN","air",-0.552
"jpota","SEN_GIN","arf",-0.414
"jpota","SEN_MLI","air",-0.552
"jpota","SEN_MLI","arf",-0.414
"jpota","SEN_MRT","air",-0.552
"jpota","SEN_MRT","arf",-0.46
"jpota","SEN_SEN","air",-0.552
"jpota","SEN_SEN","arf",-0.414
"jpota","SEU_USA","air",-0.336
"jpota","SEU_USA","arf",-0.336
"jpota","SKP_KOR","air",-0.432
"jpota","SKP_KOR","arf",-0.36
"jpota","SLV_SLV","air",-0.696
"jpota","SLV_SLV","arf",-0.522
"jpota","SON_CHM","air",-0.432
"jpota","SON_CHM","arf",-0.324
"jpota","SPP_SPP","air",-0.504
"jpota","SPP_SPP","arf",-0.42
"jpota","SRL_LKA","air",-0.48
"jpota","SRL_LKA","arf",-0.36
"jpota","SWE_SWE","air",-0.504
"jpota","SWE_SWE","arf",-0.42
"jpota","SYD_KAZ","air",-0.36
"jpota","SYD_KAZ","arf",-0.27
"jpota","SYD_KGZ","air",-0.36
"jpota","SYD_KGZ","arf",-0.27
"jpota","SYD_TJK","air",-0.36
"jpota","SYD_TJK","arf",-0.27
"jpota","SYD_UZB","air",-0.36
"jpota","SYD_UZB","arf",-0.27
"jpota","TIE_ARG","air",-0.36
"jpota","TIE_ARG","arf",-0.27
"jpota","TIG_IRN","air",-0.48
"jpota","TIG_IRN","arf",-0.4
"jpota","TIG_IRQ","air",-0.48
"jpota","TIG_IRQ","arf",-0.4
"jpota","TIG_SYR","air",-0.48
"jpota","TIG_SYR","arf",-0.36
"jpota","TIG_TUR","air",-0.408
"jpota","TIG_TUR","arf",-0.306
"jpota","TLS_TLS","air",-0.312
"jpota","TLS_TLS","arf",-0.216
"jpota","TMM_BGD","air",-0.48
"jpota","TMM_BGD","arf",-0.36
"jpota","TMM_MMR","air",-0.264
"jpota","TMM_MMR","arf",-0.198
"jpota","TMM_THA","air",-0.336
"jpota","TMM_THA","arf",-0.252
"jpota","TOC_BRA","air",-0.432
"jpota","TOC_BRA","arf",-0.324
"jpota","TWN_CHM","air",-0.432
"jpota","TWN_CHM","arf",-0.324
"jpota","UKP_UKP","air",-0.504
"jpota","UKP_UKP","arf",-0.378
"jpota","UME_MEX","air",-0.336
"jpota","UME_MEX","arf",-0.28
"jpota","UMO_MNG","air",-0.432
"jpota","UMO_MNG","arf",-0.324
"jpota","UMO_RUS","air",-0.432
"jpota","UMO_RUS","arf",-0.324
"jpota","URA_KAZ","air",-0.36
"jpota","URA_KAZ","arf",-0.27
"jpota","URA_RUS","air",-0.432
"jpota","URA_RUS","arf",-0.324
"jpota","URA_TKM","air",-0.36
"jpota","URA_TKM","arf",-0.27
"jpota","URU_BRA","air",-0.432
"jpota","URU_BRA","arf",-0.324
"jpota","URU_URY","air",-0.696
"jpota","URU_URY","arf",-0.522
"jpota","USN_USA","air",-0.336
"jpota","USN_USA","arf",-0.336
"jpota","VOG_RUS","air",-0.432
"jpota","VOG_RUS","arf",-0.324
"jpota","VOT_BEN","air",-0.552
"jpota","VOT_BEN","arf",-0.414
"jpota","VOT_BFA","air",-0.552
"jpota","VOT_BFA","arf",-0.414
"jpota","VOT_MLI","air",-0.552
"jpota","VOT_MLI","arf",-0.414
"jpota","VUT_VUT","air",-0.288
"jpota","VUT_VUT","arf",-0.24
"jpota","WAC_GIN","air",-0.552
"jpota","WAC_GIN","arf",-0.414
"jpota","WAC_SEN","air",-0.552
"jpota","WAC_SEN","arf",-0.414
"jpota","WAI_AFG","air",-0.48
"jpota","WAI_AFG","arf",-0.36
"jpota","WAI_IRN","air",-0.48
"jpota","WAI_IRN","arf",-0.4
"jpota","WAI_PAK","air",-0.408
"jpota","WAI_PAK","arf",-0.408
"jpota","WAI_TKM","air",-0.36
"jpota","WAI_TKM","arf",-0.27
"jpota","WAU_AUS","air",-0.264
"jpota","WAU_AUS","arf",-0.22
"jpota","WGM_USA","air",-0.336
"jpota","WGM_USA","arf",-0.336
"jpota","YEM_YEM","air",-0.48
"jpota","YEM_YEM","arf",-0.36
"jpota","YEN_RUS","air",-0.432
"jpota","YEN_RUS","arf",-0.324
"jpota","YHE_CHM","air",-0.432
"jpota","YHE_CHM","arf",-0.324
"jpota","YRD_CHM","air",-0.432
"jpota","YRD_CHM","arf",-0.324
"jpota","YRD_VNM","air",-0.408
"jpota","YRD_VNM","arf",-0.306
"jpota","YUC_MEX","air",-0.336
"jpota","YUC_MEX","arf",-0.28
"jpota","ZAM_AGO","air",-0.552
"jpota","ZAM_AGO","arf",-0.414
"jpota","ZAM_BWA","air",-0.368
"jpota","ZAM_BWA","arf",-0.46
"jpota","ZAM_COD","air",-0.552
"jpota","ZAM_COD","arf",-0.414
"jpota","ZAM_MOZ","air",-0.598
"jpota","ZAM_MOZ","arf",-0.414
"jpota","ZAM_MWI","air",-0.644
"jpota","ZAM_MWI","arf",-0.414
"jpota","ZAM_NAM","air",-0.368
"jpota","ZAM_NAM","arf",-0.46
"jpota","ZAM_TZA","air",-0.736
"jpota","ZAM_TZA","arf",-0.414
"jpota","ZAM_ZMB","air",-0.69
"jpota","ZAM_ZMB","arf",-0.414
"jpota","ZAM_ZWE","air",-0.598
"jpota","ZAM_ZWE","arf",-0.46
"jpota","ZHJ_CHM","air",-0.432
"jpota","ZHJ_CHM","arf",-0.324
"jswpt","ALK_USA","air",-0.216
"jswpt","ALK_USA","arf",-0.216
"jswpt","AMA_BOL","air",-0.216
"jswpt","AMA_BOL","arf",-0.162
"jswpt","AMA_BRA","air",-0.216
"jswpt","AMA_BRA","arf",-0.162
"jswpt","AMA_ECU","air",-0.216
"jswpt","AMA_ECU","arf",-0.162
"jswpt","AMA_PER","air",-0.216
"jswpt","AMA_PER","arf",-0.162
"jswpt","AMR_CHM","air",-0.288
"jswpt","AMR_CHM","arf",-0.216
"jswpt","ARK_USA","air",-0.216
"jswpt","ARK_USA","arf",-0.216
"jswpt","BLZ_BLZ","air",-0.216
"jswpt","BLZ_BLZ","arf",-0.162
"jswpt","BOR_IDN","air",-0.192
"jswpt","BOR_IDN","arf",-0.144
"jswpt","BOR_MYS","air",-0.216
"jswpt","BOR_MYS","arf",-0.18
"jswpt","BRT_BGD","air",-0.288
"jswpt","BRT_BGD","arf",-0.216
"jswpt","BRT_BTN","air",-0.336
"jswpt","BRT_BTN","arf",-0.252
"jswpt","BRT_CHM","air",-0.288
"jswpt","BRT_CHM","arf",-0.216
"jswpt","BRT_IND","air",-0.336
"jswpt","BRT_IND","arf",-0.336
"jswpt","CAF_AGO","air",-0.288
"jswpt","CAF_AGO","arf",-0.216
"jswpt","CAF_CMR","air",-0.216
"jswpt","CAF_CMR","arf",-0.216
"jswpt","CAF_COG","air",-0.264
"jswpt","CAF_COG","arf",-0.216
"jswpt","CAF_GAB","air",-0.216
"jswpt","CAF_GAB","arf",-0.216
"jswpt","CAF_GNQ","air",-0.288
"jswpt","CAF_GNQ","arf",-0.216
"jswpt","CAL_USA","air",-0.216
"jswpt","CAL_USA","arf",-0.216
"jswpt","CAU_AUS","air",-0.192
"jswpt","CAU_AUS","arf",-0.16
"jswpt","CAV_IND","air",-0.336
"jswpt","CAV_IND","arf",-0.336
"jswpt","CHC_CHL","air",-0.216
"jswpt","CHC_CHL","arf",-0.162
"jswpt","CHJ_CHM","air",-0.288
"jswpt","CHJ_CHM","arf",-0.216
"jswpt","CHO_IND","air",-0.336
"jswpt","CHO_IND","arf",-0.336
"jswpt","COB_USA","air",-0.216
"jswpt","COB_USA","arf",-0.216
"jswpt","COL_USA","air",-0.216
"jswpt","COL_USA","arf",-0.216
"jswpt","CON_AGO","air",-0.288
"jswpt","CON_AGO","arf",-0.216
"jswpt","CON_COD","air",-0.288
"jswpt","CON_COD","arf",-0.216
"jswpt","CON_COG","air",-0.264
"jswpt","CON_COG","arf",-0.216
"jswpt","CRB_CRB","air",-0.264
"jswpt","CRB_CRB","arf",-0.24
"jswpt","CRI_CRI","air",-0.216
"jswpt","CRI_CRI","arf",-0.162
"jswpt","CUB_CUB","air",-0.252
"jswpt","CUB_CUB","arf",-0.162
"jswpt","DOM_DOM","air",-0.216
"jswpt","DOM_DOM","arf",-0.162
"jswpt","EAC_BDI","air",-0.288
"jswpt","EAC_BDI","arf",-0.216
"jswpt","EAC_COD","air",-0.288
"jswpt","EAC_COD","arf",-0.216
"jswpt","EAC_RWA","air",-0.288
"jswpt","EAC_RWA","arf",-0.216
"jswpt","EAC_TZA","air",-0.384
"jswpt","EAC_TZA","arf",-0.216
"jswpt","EAU_AUS","air",-0.192
"jswpt","EAU_AUS","arf",-0.16
"jswpt","EGH_IND","air",-0.336
"jswpt","EGH_IND","arf",-0.336
"jswpt","EME_EGY","air",-0.144
"jswpt","EME_EGY","arf",-0.108
"jswpt","EME_ISR","air",-0.144
"jswpt","EME_ISR","arf",-0.12
"jswpt","EME_PSE","air",-0.312
"jswpt","EME_PSE","arf",-0.24
"jswpt","FJI_FJI","air",-0.288
"jswpt","FJI_FJI","arf",-0.24
"jswpt","GAN_BGD","air",-0.288
"jswpt","GAN_BGD","arf",-0.216
"jswpt","GAN_CHM","air",-0.288
"jswpt","GAN_CHM","arf",-0.216
"jswpt","GAN_IND","air",-0.336
"jswpt","GAN_IND","arf",-0.336
"jswpt","GBA_USA","air",-0.216
"jswpt","GBA_USA","arf",-0.216
"jswpt","GLA_USA","air",-0.216
"jswpt","GLA_USA","arf",-0.216
"jswpt","GOD_IND","air",-0.336
"jswpt","GOD_IND","arf",-0.336
"jswpt","GSA_GSA","air",-0.252
"jswpt","GSA_GSA","arf",-0.162
"jswpt","GTM_GTM","air",-0.216
"jswpt","GTM_GTM","arf",-0.162
"jswpt","HAI_CHM","air",-0.288
"jswpt","HAI_CHM","arf",-0.216
"jswpt","HND_HND","air",-0.216
"jswpt","HND_HND","arf",-0.162
"jswpt","HOA_ETH","air",-0.384
"jswpt","HOA_ETH","arf",-0.216
"jswpt","HOA_KEN","air",-0.384
"jswpt","HOA_KEN","arf",-0.216
"jswpt","HOA_SOM","air",-0.288
"jswpt","HOA_SOM","arf",-0.216
"jswpt","HTI_HTI","air",-0.216
"jswpt","HTI_HTI","arf",-0.18
"jswpt","HUA_CHM","air",-0.288
"jswpt","HUA_CHM","arf",-0.216
"jswpt","HUN_CHM","air",-0.288
"jswpt","HUN_CHM","arf",-0.216
"jswpt","HWI_USA","air",-0.216
"jswpt","HWI_USA","arf",-0.216
"jswpt","IEC_IND","air",-0.336
"jswpt","IEC_IND","arf",-0.336
"jswpt","IND_CHM","air",-0.288
"jswpt","IND_CHM","arf",-0.216
"jswpt","IND_IND","air",-0.336
"jswpt","IND_IND","arf",-0.336
"jswpt","IND_PAK","air",-0.216
"jswpt","IND_PAK","arf",-0.216
"jswpt","INE_IDN","air",-0.192
"jswpt","INE_IDN","arf",-0.144
"jswpt","INW_IDN","air",-0.192
"jswpt","INW_IDN","arf",-0.144
"jswpt","JAM_JAM","air",-0.288
"jswpt","JAM_JAM","arf",-0.216
"jswpt","JAP_JPN","air",-0.24
"jswpt","JAP_JPN","arf",-0.2
"jswpt","KAL_BWA","air",-0.192
"jswpt","KAL_BWA","arf",-0.24
"jswpt","KAL_ZAF","air",-0.144
"jswpt","KAL_ZAF","arf",-0.108
"jswpt","KRI_IND","air",-0.336
"jswpt","KRI_IND","arf",-0.336
"jswpt","LAJ_CHM","air",-0.288
"jswpt","LAJ_CHM","arf",-0.216
"jswpt","LCB_CMR","air",-0.216
"jswpt","LCB_CMR","arf",-0.216
"jswpt","LCB_NER","air",-0.288
"jswpt","LCB_NER","arf",-0.216
"jswpt","LCB_NGA","air",-0.504
"jswpt","LCB_NGA","arf",-0.36
"jswpt","LCB_TCD","air",-0.288
"jswpt","LCB_TCD","arf",-0.216
"jswpt","LIM_BWA","air",-0.192
"jswpt","LIM_BWA","arf",-0.24
"jswpt","LIM_MOZ","air",-0.312
"jswpt","LIM_MOZ","arf",-0.216
"jswpt","LIM_ZAF","air",-0.144
"jswpt","LIM_ZAF","arf",-0.108
"jswpt","LIM_ZWE","air",-0.312
"jswpt","LIM_ZWE","arf",-0.24
"jswpt","LMO_CHM","air",-0.288
"jswpt","LMO_CHM","arf",-0.216
"jswpt","LUN_IND","air",-0.336
"jswpt","LUN_IND","arf",-0.336
"jswpt","MAD_MDG","air",-0.288
"jswpt","MAD_MDG","arf",-0.216
"jswpt","MAT_IND","air",-0.336
"jswpt","MAT_IND","arf",-0.336
"jswpt","MAU_AUS","air",-0.192
"jswpt","MAU_AUS","arf",-0.16
"jswpt","MEK_KHM","air",-0.256
"jswpt","MEK_KHM","arf",-0.144
"jswpt","MEK_LAO","air",-0.256
"jswpt","MEK_LAO","arf",-0.144
"jswpt","MEK_MMR","air",-0.192
"jswpt","MEK_MMR","arf",-0.144
"jswpt","MEK_VNM","air",-0.192
"jswpt","MEK_VNM","arf",-0.144
"jswpt","MHN_IND","air",-0.336
"jswpt","MHN_IND","arf",-0.336
"jswpt","MIM_MEX","air",-0.192
"jswpt","MIM_MEX","arf",-0.16
"jswpt","MIS_USA","air",-0.216
"jswpt","MIS_USA","arf",-0.216
"jswpt","MOU_USA","air",-0.216
"jswpt","MOU_USA","arf",-0.216
"jswpt","NAC_EGY","air",-0.144
"jswpt","NAC_EGY","arf",-0.108
"jswpt","NEB_BRA","air",-0.216
"jswpt","NEB_BRA","arf",-0.162
"jswpt","NIG_BEN","air",-0.288
"jswpt","NIG_BEN","arf",-0.216
"jswpt","NIG_BFA","air",-0.288
"jswpt","NIG_BFA","arf",-0.216
"jswpt","NIG_CIV","air",-0.288
"jswpt","NIG_CIV","arf",-0.216
"jswpt","NIG_CMR","air",-0.216
"jswpt","NIG_CMR","arf",-0.216
"jswpt","NIG_GIN","air",-0.288
"jswpt","NIG_GIN","arf",-0.216
"jswpt","NIG_MLI","air",-0.288
"jswpt","NIG_MLI","arf",-0.216
"jswpt","NIG_NER","air",-0.288
"jswpt","NIG_NER","arf",-0.216
"jswpt","NIG_NGA","air",-0.504
"jswpt","NIG_NGA","arf",-0.36
"jswpt","NIG_TCD","air",-0.288
"jswpt","NIG_TCD","arf",-0.216
"jswpt","NKP_PRK","air",-0.24
"jswpt","NKP_PRK","arf",-0.18
"jswpt","NLL_EGY","air",-0.144
"jswpt","NLL_EGY","arf",-0.108
"jswpt","NLL_ETH","air",-0.384
"jswpt","NLL_ETH","arf",-0.216
"jswpt","NLL_SDN","air",-0.288
"jswpt","NLL_SDN","arf",-0.216
"jswpt","NLL_UGA","air",-0.336
"jswpt","NLL_UGA","arf",-0.216
"jswpt","NWA_MOR","air",-0.192
"jswpt","NWA_MOR","arf",-0.144
"jswpt","NWA_MRT","air",-0.288
"jswpt","NWA_MRT","arf",-0.24
"jswpt","NWS_ECU","air",-0.216
"jswpt","NWS_ECU","arf",-0.162
"jswpt","NZE_NZL","air",-0.144
"jswpt","NZE_NZL","arf",-0.108
"jswpt","OAO_OAO","air",-0.216
"jswpt","OAO_OAO","arf",-0.216
"jswpt","OBB_CHM","air",-0.288
"jswpt","OBB_CHM","arf",-0.216
"jswpt","OHI_USA","air",-0.216
"jswpt","OHI_USA","arf",-0.216
"jswpt","OIO_OIO","air",-0.288
"jswpt","OIO_OIO","arf",-0.24
"jswpt","OPO_OPO","air",-0.288
"jswpt","OPO_OPO","arf",-0.216
"jswpt","ORA_ZAF","air",-0.144
"jswpt","ORA_ZAF","arf",-0.108
"jswpt","ORI_VEN","air",-0.216
"jswpt","ORI_VEN","arf",-0.162
"jswpt","PAN_PAN","air",-0.216
"jswpt","PAN_PAN","arf",-0.162
"jswpt","PAO_PNG","air",-0.288
"jswpt","PAO_PNG","arf",-0.216
"jswpt","PAR_ARG","air",-0.288
"jswpt","PAR_ARG","arf",-0.216
"jswpt","PAR_BOL","air",-0.216
"jswpt","PAR_BOL","arf",-0.162
"jswpt","PAR_BRA","air",-0.216
"jswpt","PAR_BRA","arf",-0.162
"jswpt","PAR_PRY","air",-0.216
"jswpt","PAR_PRY","arf",-0.162
"jswpt","PEC_PER","air",-0.216
"jswpt","PEC_PER","arf",-0.162
"jswpt","PHI_PHL","air",-0.192
"jswpt","PHI_PHL","arf",-0.144
"jswpt","RAP_RAP","air",-0.192
"jswpt","RAP_RAP","arf",-0.144
"jswpt","RIC_ARG","air",-0.288
"jswpt","RIC_ARG","arf",-0.216
"jswpt","RIG_MEX","air",-0.192
"jswpt","RIG_MEX","arf",-0.16
"jswpt","RIG_USA","air",-0.216
"jswpt","RIG_USA","arf",-0.216
"jswpt","RVE_VEN","air",-0.216
"jswpt","RVE_VEN","arf",-0.162
"jswpt","RVN_VNM","air",-0.192
"jswpt","RVN_VNM","arf",-0.144
"jswpt","RWI_USA","air",-0.216
"jswpt","RWI_USA","arf",-0.216
"jswpt","SAC_SWZ","air",-0.4368
"jswpt","SAC_SWZ","arf",-0.24
"jswpt","SAC_ZAF","air",-0.144
"jswpt","SAC_ZAF","arf",-0.108
"jswpt","SAF_MOZ","air",-0.312
"jswpt","SAF_MOZ","arf",-0.216
"jswpt","SAF_TZA","air",-0.384
"jswpt","SAF_TZA","arf",-0.216
"jswpt","SAF_ZWE","air",-0.312
"jswpt","SAF_ZWE","arf",-0.24
"jswpt","SAH_EGY","air",-0.144
"jswpt","SAH_EGY","arf",-0.108
"jswpt","SAH_MLI","air",-0.288
"jswpt","SAH_MLI","arf",-0.216
"jswpt","SAH_MOR","air",-0.192
"jswpt","SAH_MOR","arf",-0.144
"jswpt","SAH_MRT","air",-0.288
"jswpt","SAH_MRT","arf",-0.24
"jswpt","SAH_NER","air",-0.288
"jswpt","SAH_NER","arf",-0.216
"jswpt","SAH_SDN","air",-0.288
"jswpt","SAH_SDN","arf",-0.216
"jswpt","SAH_TCD","air",-0.288
"jswpt","SAH_TCD","arf",-0.216
"jswpt","SAL_ARG","air",-0.288
"jswpt","SAL_ARG","arf",-0.216
"jswpt","SAN_BRA","air",-0.216
"jswpt","SAN_BRA","arf",-0.162
"jswpt","SAY_IND","air",-0.336
"jswpt","SAY_IND","arf",-0.336
"jswpt","SEN_GIN","air",-0.288
"jswpt","SEN_GIN","arf",-0.216
"jswpt","SEN_MLI","air",-0.288
"jswpt","SEN_MLI","arf",-0.216
"jswpt","SEN_MRT","air",-0.288
"jswpt","SEN_MRT","arf",-0.24
"jswpt","SEN_SEN","air",-0.288
"jswpt","SEN_SEN","arf",-0.216
"jswpt","SEU_USA","air",-0.216
"jswpt","SEU_USA","arf",-0.216
"jswpt","SKP_KOR","air",-0.288
"jswpt","SKP_KOR","arf",-0.24
"jswpt","SLB_SLB","air",-0.288
"jswpt","SLB_SLB","arf",-0.216
"jswpt","SLV_SLV","air",-0.216
"jswpt","SLV_SLV","arf",-0.162
"jswpt","SON_CHM","air",-0.288
"jswpt","SON_CHM","arf",-0.216
"jswpt","SRL_LKA","air",-0.336
"jswpt","SRL_LKA","arf",-0.252
"jswpt","TIE_ARG","air",-0.288
"jswpt","TIE_ARG","arf",-0.216
"jswpt","TLS_TLS","air",-0.312
"jswpt","TLS_TLS","arf",-0.216
"jswpt","TMM_BGD","air",-0.288
"jswpt","TMM_BGD","arf",-0.216
"jswpt","TMM_MMR","air",-0.192
"jswpt","TMM_MMR","arf",-0.144
"jswpt","TMM_MYS","air",-0.216
"jswpt","TMM_MYS","arf",-0.18
"jswpt","TMM_OSA","air",-0.208
"jswpt","TMM_OSA","arf",-0.144
"jswpt","TOC_BRA","air",-0.216
"jswpt","TOC_BRA","arf",-0.162
"jswpt","TWN_CHM","air",-0.288
"jswpt","TWN_CHM","arf",-0.216
"jswpt","UME_MEX","air",-0.192
"jswpt","UME_MEX","arf",-0.16
"jswpt","URU_BRA","air",-0.216
"jswpt","URU_BRA","arf",-0.162
"jswpt","URU_URY","air",-0.216
"jswpt","URU_URY","arf",-0.162
"jswpt","USN_USA","air",-0.216
"jswpt","USN_USA","arf",-0.216
"jswpt","VOT_BEN","air",-0.288
"jswpt","VOT_BEN","arf",-0.216
"jswpt","VOT_BFA","air",-0.288
"jswpt","VOT_BFA","arf",-0.216
"jswpt","VOT_CIV","air",-0.288
"jswpt","VOT_CIV","arf",-0.216
"jswpt","VOT_GHA","air",-0.384
"jswpt","VOT_GHA","arf",-0.216
"jswpt","VOT_MLI","air",-0.288
"jswpt","VOT_MLI","arf",-0.216
"jswpt","VOT_TGO","air",-0.288
"jswpt","VOT_TGO","arf",-0.216
"jswpt","VUT_VUT","air",-0.288
"jswpt","VUT_VUT","arf",-0.24
"jswpt","WAC_CIV","air",-0.288
"jswpt","WAC_CIV","arf",-0.216
"jswpt","WAC_GIN","air",-0.288
"jswpt","WAC_GIN","arf",-0.216
"jswpt","WAC_GNB","air",-0.288
"jswpt","WAC_GNB","arf",-0.216
"jswpt","WAC_LBR","air",-0.192
"jswpt","WAC_LBR","arf",-0.24
"jswpt","WAC_SEN","air",-0.288
"jswpt","WAC_SEN","arf",-0.216
"jswpt","WAC_SLE","air",-0.288
"jswpt","WAC_SLE","arf",-0.216
"jswpt","WAI_PAK","air",-0.216
"jswpt","WAI_PAK","arf",-0.216
"jswpt","WAU_AUS","air",-0.192
"jswpt","WAU_AUS","arf",-0.16
"jswpt","WGM_USA","air",-0.216
"jswpt","WGM_USA","arf",-0.216
"jswpt","YEM_YEM","air",-0.192
"jswpt","YEM_YEM","arf",-0.144
"jswpt","YHE_CHM","air",-0.288
"jswpt","YHE_CHM","arf",-0.216
"jswpt","YRD_CHM","air",-0.288
"jswpt","YRD_CHM","arf",-0.216
"jswpt","YRD_VNM","air",-0.192
"jswpt","YRD_VNM","arf",-0.144
"jswpt","YUC_MEX","air",-0.192
"jswpt","YUC_MEX","arf",-0.16
"jswpt","ZAM_AGO","air",-0.288
"jswpt","ZAM_AGO","arf",-0.216
"jswpt","ZAM_BWA","air",-0.192
"jswpt","ZAM_BWA","arf",-0.24
"jswpt","ZAM_COD","air",-0.288
"jswpt","ZAM_COD","arf",-0.216
"jswpt","ZAM_MOZ","air",-0.312
"jswpt","ZAM_MOZ","arf",-0.216
"jswpt","ZAM_MWI","air",-0.336
"jswpt","ZAM_MWI","arf",-0.216
"jswpt","ZAM_TZA","air",-0.384
"jswpt","ZAM_TZA","arf",-0.216
"jswpt","ZAM_ZMB","air",-0.36
"jswpt","ZAM_ZMB","arf",-0.216
"jswpt","ZAM_ZWE","air",-0.312
"jswpt","ZAM_ZWE","arf",-0.24
"jswpt","ZHJ_CHM","air",-0.288
"jswpt","ZHJ_CHM","arf",-0.216
"jyams","AMA_BRA","air",-0.216
"jyams","AMA_BRA","arf",-0.162
"jyams","AMA_COL","air",-0.216
"jyams","AMA_COL","arf",-0.162
"jyams","BLZ_BLZ","air",-0.216
"jyams","BLZ_BLZ","arf",-0.162
"jyams","BOR_MYS","air",-0.216
"jyams","BOR_MYS","arf",-0.18
"jyams","BRT_BTN","air",-0.336
"jyams","BRT_BTN","arf",-0.252
"jyams","CAF_CAF","air",-0.288
"jyams","CAF_CAF","arf",-0.216
"jyams","CAF_CMR","air",-0.216
"jyams","CAF_CMR","arf",-0.216
"jyams","CAF_COG","air",-0.264
"jyams","CAF_COG","arf",-0.216
"jyams","CAF_GAB","air",-0.216
"jyams","CAF_GAB","arf",-0.216
"jyams","CON_CAF","air",-0.288
"jyams","CON_CAF","arf",-0.216
"jyams","CON_COD","air",-0.288
"jyams","CON_COD","arf",-0.216
"jyams","CON_COG","air",-0.264
"jyams","CON_COG","arf",-0.216
"jyams","CRB_CRB","air",-0.264
"jyams","CRB_CRB","arf",-0.24
"jyams","CRI_CRI","air",-0.216
"jyams","CRI_CRI","arf",-0.162
"jyams","CUB_CUB","air",-0.252
"jyams","CUB_CUB","arf",-0.162
"jyams","DOM_DOM","air",-0.216
"jyams","DOM_DOM","arf",-0.162
"jyams","EAC_BDI","air",-0.288
"jyams","EAC_BDI","arf",-0.216
"jyams","EAC_COD","air",-0.288
"jyams","EAC_COD","arf",-0.216
"jyams","EAC_RWA","air",-0.288
"jyams","EAC_RWA","arf",-0.216
"jyams","EAC_TZA","air",-0.384
"jyams","EAC_TZA","arf",-0.216
"jyams","FJI_FJI","air",-0.288
"jyams","FJI_FJI","arf",-0.24
"jyams","GSA_GSA","air",-0.252
"jyams","GSA_GSA","arf",-0.162
"jyams","HOA_ETH","air",-0.384
"jyams","HOA_ETH","arf",-0.216
"jyams","HOA_KEN","air",-0.384
"jyams","HOA_KEN","arf",-0.216
"jyams","HTI_HTI","air",-0.216
"jyams","HTI_HTI","arf",-0.18
"jyams","JAM_JAM","air",-0.288
"jyams","JAM_JAM","arf",-0.216
"jyams","JAP_JPN","air",-0.24
"jyams","JAP_JPN","arf",-0.2
"jyams","LCB_CAF","air",-0.288
"jyams","LCB_CAF","arf",-0.216
"jyams","LCB_CMR","air",-0.216
"jyams","LCB_CMR","arf",-0.216
"jyams","LCB_NGA","air",-0.504
"jyams","LCB_NGA","arf",-0.36
"jyams","LCB_TCD","air",-0.288
"jyams","LCB_TCD","arf",-0.216
"jyams","NEB_BRA","air",-0.216
"jyams","NEB_BRA","arf",-0.162
"jyams","NIC_NIC","air",-0.216
"jyams","NIC_NIC","arf",-0.162
"jyams","NIG_BEN","air",-0.288
"jyams","NIG_BEN","arf",-0.216
"jyams","NIG_BFA","air",-0.288
"jyams","NIG_BFA","arf",-0.216
"jyams","NIG_CIV","air",-0.288
"jyams","NIG_CIV","arf",-0.216
"jyams","NIG_CMR","air",-0.216
"jyams","NIG_CMR","arf",-0.216
"jyams","NIG_GIN","air",-0.288
"jyams","NIG_GIN","arf",-0.216
"jyams","NIG_MLI","air",-0.288
"jyams","NIG_MLI","arf",-0.216
"jyams","NIG_NGA","air",-0.504
"jyams","NIG_NGA","arf",-0.36
"jyams","NIG_TCD","air",-0.288
"jyams","NIG_TCD","arf",-0.216
"jyams","NLL_ETH","air",-0.384
"jyams","NLL_ETH","arf",-0.216
"jyams","NLL_SDN","air",-0.288
"jyams","NLL_SDN","arf",-0.216
"jyams","NWA_MRT","air",-0.288
"jyams","NWA_MRT","arf",-0.24
"jyams","NWS_COL","air",-0.216
"jyams","NWS_COL","arf",-0.162
"jyams","OAO_OAO","air",-0.216
"jyams","OAO_OAO","arf",-0.216
"jyams","OIO_OIO","air",-0.288
"jyams","OIO_OIO","arf",-0.24
"jyams","OPO_OPO","air",-0.288
"jyams","OPO_OPO","arf",-0.216
"jyams","ORI_COL","air",-0.216
"jyams","ORI_COL","arf",-0.162
"jyams","ORI_VEN","air",-0.216
"jyams","ORI_VEN","arf",-0.162
"jyams","PAN_PAN","air",-0.216
"jyams","PAN_PAN","arf",-0.162
"jyams","PAO_PNG","air",-0.288
"jyams","PAO_PNG","arf",-0.216
"jyams","PAR_BRA","air",-0.216
"jyams","PAR_BRA","arf",-0.162
"jyams","PHI_PHL","air",-0.192
"jyams","PHI_PHL","arf",-0.144
"jyams","RVE_VEN","air",-0.216
"jyams","RVE_VEN","arf",-0.162
"jyams","SAF_TZA","air",-0.384
"jyams","SAF_TZA","arf",-0.216
"jyams","SAH_MLI","air",-0.288
"jyams","SAH_MLI","arf",-0.216
"jyams","SAH_MRT","air",-0.288
"jyams","SAH_MRT","arf",-0.24
"jyams","SAH_SDN","air",-0.288
"jyams","SAH_SDN","arf",-0.216
"jyams","SAH_TCD","air",-0.288
"jyams","SAH_TCD","arf",-0.216
"jyams","SAN_BRA","air",-0.216
"jyams","SAN_BRA","arf",-0.162
"jyams","SEN_GIN","air",-0.288
"jyams","SEN_GIN","arf",-0.216
"jyams","SEN_MLI","air",-0.288
"jyams","SEN_MLI","arf",-0.216
"jyams","SEN_MRT","air",-0.288
"jyams","SEN_MRT","arf",-0.24
"jyams","SEN_SEN","air",-0.288
"jyams","SEN_SEN","arf",-0.216
"jyams","SLB_SLB","air",-0.288
"jyams","SLB_SLB","arf",-0.216
"jyams","TMM_MYS","air",-0.216
"jyams","TMM_MYS","arf",-0.18
"jyams","TOC_BRA","air",-0.216
"jyams","TOC_BRA","arf",-0.162
"jyams","URU_BRA","air",-0.216
"jyams","URU_BRA","arf",-0.162
"jyams","VOT_BEN","air",-0.288
"jyams","VOT_BEN","arf",-0.216
"jyams","VOT_BFA","air",-0.288
"jyams","VOT_BFA","arf",-0.216
"jyams","VOT_CIV","air",-0.288
"jyams","VOT_CIV","arf",-0.216
"jyams","VOT_GHA","air",-0.384
"jyams","VOT_GHA","arf",-0.216
"jyams","VOT_MLI","air",-0.288
"jyams","VOT_MLI","arf",-0.216
"jyams","VOT_TGO","air",-0.288
"jyams","VOT_TGO","arf",-0.216
"jyams","VUT_VUT","air",-0.288
"jyams","VUT_VUT","arf",-0.24
"jyams","WAC_CIV","air",-0.288
"jyams","WAC_CIV","arf",-0.216
"jyams","WAC_GIN","air",-0.288
"jyams","WAC_GIN","arf",-0.216
"jyams","WAC_LBR","air",-0.192
"jyams","WAC_LBR","arf",-0.24
"jyams","WAC_SEN","air",-0.288
"jyams","WAC_SEN","arf",-0.216
"jyams","ZAM_COD","air",-0.288
"jyams","ZAM_COD","arf",-0.216
"jyams","ZAM_TZA","air",-0.384
"jyams","ZAM_TZA","arf",-0.216
"jorat","ALK_USA","air",-0.192
"jorat","ALK_USA","arf",-0.192
"jorat","AMA_BOL","air",-0.36
"jorat","AMA_BOL","arf",-0.27
"jorat","AMA_COL","air",-0.36
"jorat","AMA_COL","arf",-0.27
"jorat","AMA_ECU","air",-0.36
"jorat","AMA_ECU","arf",-0.27
"jorat","AMA_PER","air",-0.36
"jorat","AMA_PER","arf",-0.27
"jorat","AMR_CHM","air",-0.192
"jorat","AMR_CHM","arf",-0.144
"jorat","AMR_RUS","air",-0.024
"jorat","AMR_RUS","arf",-0.018
"jorat","ARK_USA","air",-0.192
"jorat","ARK_USA","arf",-0.192
"jorat","BAL_RUS","air",-0.024
"jorat","BAL_RUS","arf",-0.018
"jorat","BLA_RUS","air",-0.024
"jorat","BLA_RUS","arf",-0.018
"jorat","BLA_UKR","air",-0.024
"jorat","BLA_UKR","arf",-0.018
"jorat","BLZ_BLZ","air",-0.36
"jorat","BLZ_BLZ","arf",-0.27
"jorat","BOR_IDN","air",-0.192
"jorat","BOR_IDN","arf",-0.144
"jorat","BOR_MYS","air",-0.192
"jorat","BOR_MYS","arf",-0.16
"jorat","BRT_BTN","air",-0.216
"jorat","BRT_BTN","arf",-0.162
"jorat","BRT_CHM","air",-0.192
"jorat","BRT_CHM","arf",-0.144
"jorat","CAF_CAF","air",-0.36
"jorat","CAF_CAF","arf",-0.27
"jorat","CAF_CMR","air",-0.27
"jorat","CAF_CMR","arf",-0.27
"jorat","CAF_COG","air",-0.33
"jorat","CAF_COG","arf",-0.27
"jorat","CAF_GAB","air",-0.27
"jorat","CAF_GAB","arf",-0.27
"jorat","CAF_GNQ","air",-0.36
"jorat","CAF_GNQ","arf",-0.27
"jorat","CAF_NAM","air",-0.24
"jorat","CAF_NAM","arf",-0.3
"jorat","CAL_USA","air",-0.192
"jorat","CAL_USA","arf",-0.192
"jorat","CHJ_CHM","air",-0.192
"jorat","CHJ_CHM","arf",-0.144
"jorat","CHU_KAZ","air",-0.024
"jorat","CHU_KAZ","arf",-0.018
"jorat","COB_USA","air",-0.192
"jorat","COB_USA","arf",-0.192
"jorat","COL_USA","air",-0.192
"jorat","COL_USA","arf",-0.192
"jorat","CON_CAF","air",-0.36
"jorat","CON_CAF","arf",-0.27
"jorat","CON_COD","air",-0.36
"jorat","CON_COD","arf",-0.27
"jorat","CON_COG","air",-0.33
"jorat","CON_COG","arf",-0.27
"jorat","CRB_CRB","air",-0.264
"jorat","CRB_CRB","arf",-0.24
"jorat","CRI_CRI","air",-0.36
"jorat","CRI_CRI","arf",-0.27
"jorat","CUB_CUB","air",-0.42
"jorat","CUB_CUB","arf",-0.27
"jorat","DAN_OBN","air",-0.048
"jorat","DAN_OBN","arf",-0.036
"jorat","DAN_UKR","air",-0.024
"jorat","DAN_UKR","arf",-0.018
"jorat","DNI_RUS","air",-0.024
"jorat","DNI_RUS","arf",-0.018
"jorat","DNI_UKR","air",-0.024
"jorat","DNI_UKR","arf",-0.018
"jorat","DOM_DOM","air",-0.36
"jorat","DOM_DOM","arf",-0.27
"jorat","EAC_BDI","air",-0.36
"jorat","EAC_BDI","arf",-0.27
"jorat","EAC_COD","air",-0.36
"jorat","EAC_COD","arf",-0.27
"jorat","EAC_RWA","air",-0.36
"jorat","EAC_RWA","arf",-0.27
"jorat","EAC_TZA","air",-0.48
"jorat","EAC_TZA","arf",-0.27
"jorat","EME_EGY","air",-0.192
"jorat","EME_EGY","arf",-0.144
"jorat","EME_LBN","air",-0.336
"jorat","EME_LBN","arf",-0.252
"jorat","EME_PSE","air",-0.39
"jorat","EME_PSE","arf",-0.3
"jorat","FJI_FJI","air",-0.288
"jorat","FJI_FJI","arf",-0.24
"jorat","GAN_CHM","air",-0.192
"jorat","GAN_CHM","arf",-0.144
"jorat","GAN_NPL","air",-0.216
"jorat","GAN_NPL","arf",-0.162
"jorat","GBA_USA","air",-0.192
"jorat","GBA_USA","arf",-0.192
"jorat","GLA_USA","air",-0.192
"jorat","GLA_USA","arf",-0.192
"jorat","GSA_GSA","air",-0.42
"jorat","GSA_GSA","arf",-0.27
"jorat","HAI_CHM","air",-0.192
"jorat","HAI_CHM","arf",-0.144
"jorat","HND_HND","air",-0.36
"jorat","HND_HND","arf",-0.27
"jorat","HOA_ETH","air",-0.48
"jorat","HOA_ETH","arf",-0.27
"jorat","HOA_KEN","air",-0.48
"jorat","HOA_KEN","arf",-0.27
"jorat","HTI_HTI","air",-0.36
"jorat","HTI_HTI","arf",-0.3
"jorat","HUA_CHM","air",-0.192
"jorat","HUA_CHM","arf",-0.144
"jorat","HUN_CHM","air",-0.192
"jorat","HUN_CHM","arf",-0.144
"jorat","HWI_USA","air",-0.192
"jorat","HWI_USA","arf",-0.192
"jorat","IND_CHM","air",-0.192
"jorat","IND_CHM","arf",-0.144
"jorat","IND_PAK","air",-0.144
"jorat","IND_PAK","arf",-0.144
"jorat","INE_IDN","air",-0.192
"jorat","INE_IDN","arf",-0.144
"jorat","INW_IDN","air",-0.192
"jorat","INW_IDN","arf",-0.144
"jorat","JAM_JAM","air",-0.288
"jorat","JAM_JAM","arf",-0.216
"jorat","JAP_JPN","air",-0.168
"jorat","JAP_JPN","arf",-0.14
"jorat","KAL_BWA","air",-0.24
"jorat","KAL_BWA","arf",-0.3
"jorat","KAL_NAM","air",-0.24
"jorat","KAL_NAM","arf",-0.3
"jorat","KAL_ZAF","air",-0.024
"jorat","KAL_ZAF","arf",-0.018
"jorat","LAJ_CHM","air",-0.192
"jorat","LAJ_CHM","arf",-0.144
"jorat","LBA_KAZ","air",-0.024
"jorat","LBA_KAZ","arf",-0.018
"jorat","LCB_CAF","air",-0.36
"jorat","LCB_CAF","arf",-0.27
"jorat","LCB_CMR","air",-0.27
"jorat","LCB_CMR","arf",-0.27
"jorat","LCB_NGA","air",-0.504
"jorat","LCB_NGA","arf",-0.36
"jorat","LCB_TCD","air",-0.36
"jorat","LCB_TCD","arf",-0.27
"jorat","LIM_BWA","air",-0.24
"jorat","LIM_BWA","arf",-0.3
"jorat","LIM_MOZ","air",-0.39
"jorat","LIM_MOZ","arf",-0.27
"jorat","LIM_ZAF","air",-0.024
"jorat","LIM_ZAF","arf",-0.018
"jorat","LIM_ZWE","air",-0.39
"jorat","LIM_ZWE","arf",-0.3
"jorat","LMO_CHM","air",-0.192
"jorat","LMO_CHM","arf",-0.144
"jorat","LTZ_KAZ","air",-0.024
"jorat","LTZ_KAZ","arf",-0.018
"jorat","MAD_MDG","air",-0.36
"jorat","MAD_MDG","arf",-0.27
"jorat","MEK_KHM","air",-0.256
"jorat","MEK_KHM","arf",-0.144
"jorat","MEK_LAO","air",-0.256
"jorat","MEK_LAO","arf",-0.144
"jorat","MEK_THA","air",-0.216
"jorat","MEK_THA","arf",-0.162
"jorat","MIM_MEX","air",-0.144
"jorat","MIM_MEX","arf",-0.12
"jorat","MIS_USA","air",-0.192
"jorat","MIS_USA","arf",-0.192
"jorat","MOU_USA","air",-0.192
"jorat","MOU_USA","arf",-0.192
"jorat","NAC_EGY","air",-0.192
"jorat","NAC_EGY","arf",-0.144
"jorat","NER_RUS","air",-0.024
"jorat","NER_RUS","arf",-0.018
"jorat","NIC_NIC","air",-0.36
"jorat","NIC_NIC","arf",-0.27
"jorat","NIG_BEN","air",-0.36
"jorat","NIG_BEN","arf",-0.27
"jorat","NIG_CIV","air",-0.36
"jorat","NIG_CIV","arf",-0.27
"jorat","NIG_CMR","air",-0.27
"jorat","NIG_CMR","arf",-0.27
"jorat","NIG_GIN","air",-0.36
"jorat","NIG_GIN","arf",-0.27
"jorat","NIG_NGA","air",-0.504
"jorat","NIG_NGA","arf",-0.36
"jorat","NIG_TCD","air",-0.36
"jorat","NIG_TCD","arf",-0.27
"jorat","NLL_EGY","air",-0.192
"jorat","NLL_EGY","arf",-0.144
"jorat","NLL_ERI","air",-0.42
"jorat","NLL_ERI","arf",-0.27
"jorat","NLL_ETH","air",-0.48
"jorat","NLL_ETH","arf",-0.27
"jorat","NWA_MOR","air",-0.336
"jorat","NWA_MOR","arf",-0.252
"jorat","NWS_COL","air",-0.36
"jorat","NWS_COL","arf",-0.27
"jorat","NWS_ECU","air",-0.36
"jorat","NWS_ECU","arf",-0.27
"jorat","OAO_OAO","air",-0.216
"jorat","OAO_OAO","arf",-0.216
"jorat","OBB_CHM","air",-0.192
"jorat","OBB_CHM","arf",-0.144
"jorat","OBB_KAZ","air",-0.024
"jorat","OBB_KAZ","arf",-0.018
"jorat","OBB_RUS","air",-0.024
"jorat","OBB_RUS","arf",-0.018
"jorat","ODE_RUS","air",-0.024
"jorat","ODE_RUS","arf",-0.018
"jorat","OHI_USA","air",-0.192
"jorat","OHI_USA","arf",-0.192
"jorat","OIO_OIO","air",-0.288
"jorat","OIO_OIO","arf",-0.24
"jorat","OPO_OPO","air",-0.288
"jorat","OPO_OPO","arf",-0.216
"jorat","ORA_NAM","air",-0.24
"jorat","ORA_NAM","arf",-0.3
"jorat","ORA_ZAF","air",-0.024
"jorat","ORA_ZAF","arf",-0.018
"jorat","ORI_COL","air",-0.36
"jorat","ORI_COL","arf",-0.27
"jorat","ORI_VEN","air",-0.36
"jorat","ORI_VEN","arf",-0.27
"jorat","PAN_PAN","air",-0.36
"jorat","PAN_PAN","arf",-0.27
"jorat","PAO_PNG","air",-0.288
"jorat","PAO_PNG","arf",-0.216
"jorat","PAR_BOL","air",-0.36
"jorat","PAR_BOL","arf",-0.27
"jorat","PEC_PER","air",-0.36
"jorat","PEC_PER","arf",-0.27
"jorat","PHI_PHL","air",-0.192
"jorat","PHI_PHL","arf",-0.144
"jorat","RAP_RAP","air",-0.336
"jorat","RAP_RAP","arf",-0.252
"jorat","RIG_MEX","air",-0.144
"jorat","RIG_MEX","arf",-0.12
"jorat","RIG_USA","air",-0.192
"jorat","RIG_USA","arf",-0.192
"jorat","RRS_RUS","air",-0.024
"jorat","RRS_RUS","arf",-0.018
"jorat","RVE_VEN","air",-0.36
"jorat","RVE_VEN","arf",-0.27
"jorat","RWI_USA","air",-0.192
"jorat","RWI_USA","arf",-0.192
"jorat","SAC_SWZ","air",-0.546
"jorat","SAC_SWZ","arf",-0.3
"jorat","SAC_ZAF","air",-0.024
"jorat","SAC_ZAF","arf",-0.018
"jorat","SAF_MOZ","air",-0.39
"jorat","SAF_MOZ","arf",-0.27
"jorat","SAF_TZA","air",-0.48
"jorat","SAF_TZA","arf",-0.27
"jorat","SAF_ZWE","air",-0.39
"jorat","SAF_ZWE","arf",-0.3
"jorat","SAH_EGY","air",-0.192
"jorat","SAH_EGY","arf",-0.144
"jorat","SAH_MOR","air",-0.336
"jorat","SAH_MOR","arf",-0.252
"jorat","SAH_TCD","air",-0.36
"jorat","SAH_TCD","arf",-0.27
"jorat","SEN_GIN","air",-0.36
"jorat","SEN_GIN","arf",-0.27
"jorat","SEU_USA","air",-0.192
"jorat","SEU_USA","arf",-0.192
"jorat","SLB_SLB","air",-0.288
"jorat","SLB_SLB","arf",-0.216
"jorat","SLV_SLV","air",-0.36
"jorat","SLV_SLV","arf",-0.27
"jorat","SON_CHM","air",-0.192
"jorat","SON_CHM","arf",-0.144
"jorat","SRL_LKA","air",-0.216
"jorat","SRL_LKA","arf",-0.162
"jorat","SYD_KAZ","air",-0.024
"jorat","SYD_KAZ","arf",-0.018
"jorat","TLS_TLS","air",-0.312
"jorat","TLS_TLS","arf",-0.216
"jorat","TMM_MYS","air",-0.192
"jorat","TMM_MYS","arf",-0.16
"jorat","TMM_OSA","air",-0.208
"jorat","TMM_OSA","arf",-0.144
"jorat","TMM_THA","air",-0.216
"jorat","TMM_THA","arf",-0.162
"jorat","TWN_CHM","air",-0.192
"jorat","TWN_CHM","arf",-0.144
"jorat","UME_MEX","air",-0.144
"jorat","UME_MEX","arf",-0.12
"jorat","UMO_RUS","air",-0.024
"jorat","UMO_RUS","arf",-0.018
"jorat","URA_KAZ","air",-0.024
"jorat","URA_KAZ","arf",-0.018
"jorat","URA_RUS","air",-0.024
"jorat","URA_RUS","arf",-0.018
"jorat","USN_USA","air",-0.192
"jorat","USN_USA","arf",-0.192
"jorat","VOG_RUS","air",-0.024
"jorat","VOG_RUS","arf",-0.018
"jorat","VOT_BEN","air",-0.36
"jorat","VOT_BEN","arf",-0.27
"jorat","VOT_CIV","air",-0.36
"jorat","VOT_CIV","arf",-0.27
"jorat","VOT_GHA","air",-0.48
"jorat","VOT_GHA","arf",-0.27
"jorat","VOT_TGO","air",-0.36
"jorat","VOT_TGO","arf",-0.27
"jorat","VUT_VUT","air",-0.288
"jorat","VUT_VUT","arf",-0.24
"jorat","WAC_CIV","air",-0.36
"jorat","WAC_CIV","arf",-0.27
"jorat","WAC_GIN","air",-0.36
"jorat","WAC_GIN","arf",-0.27
"jorat","WAC_GNB","air",-0.36
"jorat","WAC_GNB","arf",-0.27
"jorat","WAC_LBR","air",-0.24
"jorat","WAC_LBR","arf",-0.3
"jorat","WAC_SLE","air",-0.36
"jorat","WAC_SLE","arf",-0.27
"jorat","WAI_PAK","air",-0.144
"jorat","WAI_PAK","arf",-0.144
"jorat","WGM_USA","air",-0.192
"jorat","WGM_USA","arf",-0.192
"jorat","YEN_RUS","air",-0.024
"jorat","YEN_RUS","arf",-0.018
"jorat","YHE_CHM","air",-0.192
"jorat","YHE_CHM","arf",-0.144
"jorat","YRD_CHM","air",-0.192
"jorat","YRD_CHM","arf",-0.144
"jorat","YUC_MEX","air",-0.144
"jorat","YUC_MEX","arf",-0.12
"jorat","ZAM_BWA","air",-0.24
"jorat","ZAM_BWA","arf",-0.3
"jorat","ZAM_COD","air",-0.36
"jorat","ZAM_COD","arf",-0.27
"jorat","ZAM_MOZ","air",-0.39
"jorat","ZAM_MOZ","arf",-0.27
"jorat","ZAM_NAM","air",-0.24
"jorat","ZAM_NAM","arf",-0.3
"jorat","ZAM_TZA","air",-0.48
"jorat","ZAM_TZA","arf",-0.27
"jorat","ZAM_ZWE","air",-0.39
"jorat","ZAM_ZWE","arf",-0.3
"jorat","ZHJ_CHM","air",-0.192
"jorat","ZHJ_CHM","arf",-0.144
"jbean","ALB_ALB","air",-1.2096
"jbean","ALB_ALB","arf",-1.008
"jbean","ALK_USA","air",-1.08
"jbean","ALK_USA","arf",-1.08
"jbean","AMA_BOL","air",-1.2528
"jbean","AMA_BOL","arf",-0.9396
"jbean","AMA_BRA","air",-1.296
"jbean","AMA_BRA","arf",-0.972
"jbean","AMA_COL","air",-1.2528
"jbean","AMA_COL","arf",-0.9396
"jbean","AMA_ECU","air",-1.2528
"jbean","AMA_ECU","arf",-0.9396
"jbean","AMA_PER","air",-1.2528
"jbean","AMA_PER","arf",-0.9396
"jbean","AMD_TJK","air",-0.9072
"jbean","AMD_TJK","arf",-0.6804
"jbean","AMD_TKM","air",-0.9072
"jbean","AMD_TKM","arf",-0.6804
"jbean","AMD_UZB","air",-0.9072
"jbean","AMD_UZB","arf",-0.6804
"jbean","AMR_CHM","air",-0.7776
"jbean","AMR_CHM","arf",-0.5832
"jbean","AMR_RUS","air",-0.9072
"jbean","AMR_RUS","arf",-0.6804
"jbean","ARA_IRQ","air",-1.08
"jbean","ARA_IRQ","arf",-0.9
"jbean","ARK_USA","air",-1.08
"jbean","ARK_USA","arf",-1.08
"jbean","ARM_ARM","air",-0.9072
"jbean","ARM_ARM","arf",-0.6804
"jbean","AZE_AZE","air",-0.9072
"jbean","AZE_AZE","arf",-0.6804
"jbean","BAL_BLT","air",-0.9072
"jbean","BAL_BLT","arf",-0.756
"jbean","BAL_RUS","air",-0.9072
"jbean","BAL_RUS","arf",-0.6804
"jbean","BLA_RUS","air",-0.9072
"jbean","BLA_RUS","arf",-0.6804
"jbean","BLA_TUR","air",-1.296
"jbean","BLA_TUR","arf",-0.972
"jbean","BLA_UKR","air",-0.9072
"jbean","BLA_UKR","arf",-0.6804
"jbean","BLZ_BLZ","air",-1.2528
"jbean","BLZ_BLZ","arf",-0.9396
"jbean","BOR_IDN","air",-0.36
"jbean","BOR_IDN","arf",-0.27
"jbean","BRT_BGD","air",-0.7344
"jbean","BRT_BGD","arf",-0.5508
"jbean","BRT_BTN","air",-0.7776
"jbean","BRT_BTN","arf",-0.5832
"jbean","BRT_CHM","air",-0.7776
"jbean","BRT_CHM","arf",-0.5832
"jbean","BRT_IND","air",-0.9504
"jbean","BRT_IND","arf",-0.9504
"jbean","CAF_AGO","air",-1.2528
"jbean","CAF_AGO","arf",-0.9396
"jbean","CAF_CMR","air",-1.0044
"jbean","CAF_CMR","arf",-1.0044
"jbean","CAF_COG","air",-1.2276
"jbean","CAF_COG","arf",-1.0044
"jbean","CAF_NAM","air",-0.8352
"jbean","CAF_NAM","arf",-1.044
"jbean","CAL_USA","air",-1.08
"jbean","CAL_USA","arf",-1.08
"jbean","CAN_CAN","air",-1.4112
"jbean","CAN_CAN","arf",-1.2096
"jbean","CAU_AUS","air",-1.2528
"jbean","CAU_AUS","arf",-1.044
"jbean","CAV_IND","air",-0.9504
"jbean","CAV_IND","arf",-0.9504
"jbean","CHC_CHL","air",-1.2528
"jbean","CHC_CHL","arf",-0.9396
"jbean","CHJ_CHM","air",-0.7776
"jbean","CHJ_CHM","arf",-0.5832
"jbean","CHO_IND","air",-0.9504
"jbean","CHO_IND","arf",-0.9504
"jbean","CHU_KAZ","air",-0.9072
"jbean","CHU_KAZ","arf",-0.6804
"jbean","CHU_KGZ","air",-0.9072
"jbean","CHU_KGZ","arf",-0.6804
"jbean","COB_CAN","air",-1.4112
"jbean","COB_CAN","arf",-1.2096
"jbean","COB_USA","air",-1.08
"jbean","COB_USA","arf",-1.08
"jbean","COL_USA","air",-1.08
"jbean","COL_USA","arf",-1.08
"jbean","CON_AGO","air",-1.2528
"jbean","CON_AGO","arf",-0.9396
"jbean","CON_COD","air",-1.3392
"jbean","CON_COD","arf",-1.0044
"jbean","CON_COG","air",-1.2276
"jbean","CON_COG","arf",-1.0044
"jbean","CRB_CRB","air",-0.6765
"jbean","CRB_CRB","arf",-0.615
"jbean","CRI_CRI","air",-1.2528
"jbean","CRI_CRI","arf",-0.9396
"jbean","CUB_CUB","air",-1.4616
"jbean","CUB_CUB","arf",-0.9396
"jbean","DAN_AUT","air",-1.5552
"jbean","DAN_AUT","arf",-1.296
"jbean","DAN_CZE","air",-1.2096
"jbean","DAN_CZE","arf",-1.008
"jbean","DAN_DEU","air",-1.5552
"jbean","DAN_DEU","arf",-1.296
"jbean","DAN_HRV","air",-1.1088
"jbean","DAN_HRV","arf",-1.008
"jbean","DAN_HUN","air",-1.2096
"jbean","DAN_HUN","arf",-0.9072
"jbean","DAN_MDA","air",-1.2096
"jbean","DAN_MDA","arf",-0.9072
"jbean","DAN_OBN","air",-1.2096
"jbean","DAN_OBN","arf",-0.9072
"jbean","DAN_ROU","air",-1.2096
"jbean","DAN_ROU","arf",-0.9072
"jbean","DAN_SVK","air",-1.2096
"jbean","DAN_SVK","arf",-0.9072
"jbean","DAN_TUR","air",-1.296
"jbean","DAN_TUR","arf",-0.972
"jbean","DAN_UKR","air",-0.9072
"jbean","DAN_UKR","arf",-0.6804
"jbean","DNI_BLR","air",-0.9072
"jbean","DNI_BLR","arf",-0.6804
"jbean","DNI_RUS","air",-0.9072
"jbean","DNI_RUS","arf",-0.6804
"jbean","DNI_UKR","air",-0.9072
"jbean","DNI_UKR","arf",-0.6804
"jbean","DOM_DOM","air",-1.2528
"jbean","DOM_DOM","arf",-0.9396
"jbean","EAC_BDI","air",-1.3824
"jbean","EAC_BDI","arf",-1.0368
"jbean","EAC_COD","air",-1.3392
"jbean","EAC_COD","arf",-1.0044
"jbean","EAC_RWA","air",-1.3824
"jbean","EAC_RWA","arf",-1.0368
"jbean","EAC_TZA","air",-1.8432
"jbean","EAC_TZA","arf",-1.0368
"jbean","EAU_AUS","air",-1.2528
"jbean","EAU_AUS","arf",-1.044
"jbean","EGH_IND","air",-0.9504
"jbean","EGH_IND","arf",-0.9504
"jbean","ELB_DEU","air",-1.5552
"jbean","ELB_DEU","arf",-1.296
"jbean","ELB_DNK","air",-1.5552
"jbean","ELB_DNK","arf",-1.296
"jbean","EME_CYP","air",-1.08
"jbean","EME_CYP","arf",-0.81
"jbean","EME_EGY","air",-1.1664
"jbean","EME_EGY","arf",-0.8748
"jbean","EME_LBN","air",-1.08
"jbean","EME_LBN","arf",-0.81
"jbean","EME_PSE","air",-1.4508
"jbean","EME_PSE","arf",-1.116
"jbean","EME_SYR","air",-1.08
"jbean","EME_SYR","arf",-0.81
"jbean","EME_TUR","air",-1.296
"jbean","EME_TUR","arf",-0.972
"jbean","FNP_FNP","air",-1.5552
"jbean","FNP_FNP","arf",-1.1664
"jbean","GAN_BGD","air",-0.7344
"jbean","GAN_BGD","arf",-0.5508
"jbean","GAN_CHM","air",-0.7776
"jbean","GAN_CHM","arf",-0.5832
"jbean","GAN_IND","air",-0.9504
"jbean","GAN_IND","arf",-0.9504
"jbean","GAN_NPL","air",-0.7776
"jbean","GAN_NPL","arf",-0.5832
"jbean","GBA_USA","air",-1.08
"jbean","GBA_USA","arf",-1.08
"jbean","GEO_GEO","air",-0.9072
"jbean","GEO_GEO","arf",-0.6804
"jbean","GLA_CAN","air",-1.4112
"jbean","GLA_CAN","arf",-1.2096
"jbean","GLA_USA","air",-1.08
"jbean","GLA_USA","arf",-1.08
"jbean","GOD_IND","air",-0.9504
"jbean","GOD_IND","arf",-0.9504
"jbean","GRC_GRC","air",-1.2096
"jbean","GRC_GRC","arf",-1.008
"jbean","GSA_GSA","air",-1.4616
"jbean","GSA_GSA","arf",-0.9396
"jbean","GTM_GTM","air",-1.2528
"jbean","GTM_GTM","arf",-0.9396
"jbean","HAI_CHM","air",-0.7776
"jbean","HAI_CHM","arf",-0.5832
"jbean","HND_HND","air",-1.2528
"jbean","HND_HND","arf",-0.9396
"jbean","HOA_ETH","air",-1.2672
"jbean","HOA_ETH","arf",-0.7128
"jbean","HOA_KEN","air",-1.8432
"jbean","HOA_KEN","arf",-1.0368
"jbean","HOA_SOM","air",-0.9504
"jbean","HOA_SOM","arf",-0.7128
"jbean","HTI_HTI","air",-1.2528
"jbean","HTI_HTI","arf",-1.044
"jbean","HUA_CHM","air",-0.7776
"jbean","HUA_CHM","arf",-0.5832
"jbean","HUN_CHM","air",-0.7776
"jbean","HUN_CHM","arf",-0.5832
"jbean","HWI_USA","air",-1.08
"jbean","HWI_USA","arf",-1.08
"jbean","IEC_IND","air",-0.9504
"jbean","IEC_IND","arf",-0.9504
"jbean","IND_CHM","air",-0.7776
"jbean","IND_CHM","arf",-0.5832
"jbean","IND_IND","air",-0.9504
"jbean","IND_IND","arf",-0.9504
"jbean","IND_PAK","air",-0.3888
"jbean","IND_PAK","arf",-0.3888
"jbean","INE_IDN","air",-0.36
"jbean","INE_IDN","arf",-0.27
"jbean","INW_IDN","air",-0.36
"jbean","INW_IDN","arf",-0.27
"jbean","IRL_IRL","air",-1.5552
"jbean","IRL_IRL","arf",-1.1664
"jbean","ITA_ITP","air",-1.5552
"jbean","ITA_ITP","arf",-1.296
"jbean","JAM_JAM","air",-0.738
"jbean","JAM_JAM","arf",-0.5535
"jbean","JAP_JPN","air",-1.1232
"jbean","JAP_JPN","arf",-0.936
"jbean","KAL_NAM","air",-0.8352
"jbean","KAL_NAM","arf",-1.044
"jbean","KAL_ZAF","air",-1.2096
"jbean","KAL_ZAF","arf",-0.9072
"jbean","KRI_IND","air",-0.9504
"jbean","KRI_IND","arf",-0.9504
"jbean","LAJ_CHM","air",-0.7776
"jbean","LAJ_CHM","arf",-0.5832
"jbean","LBA_KAZ","air",-0.9072
"jbean","LBA_KAZ","arf",-0.6804
"jbean","LBO_FRP","air",-1.5552
"jbean","LBO_FRP","arf",-1.296
"jbean","LCB_CMR","air",-1.0044
"jbean","LCB_CMR","arf",-1.0044
"jbean","LCB_NER","air",-0.9504
"jbean","LCB_NER","arf",-0.7128
"jbean","LCB_TCD","air",-0.9504
"jbean","LCB_TCD","arf",-0.7128
"jbean","LIM_MOZ","air",-1.3572
"jbean","LIM_MOZ","arf",-0.9396
"jbean","LIM_ZAF","air",-1.2096
"jbean","LIM_ZAF","arf",-0.9072
"jbean","LIM_ZWE","air",-1.3572
"jbean","LIM_ZWE","arf",-1.044
"jbean","LMO_CHM","air",-0.7776
"jbean","LMO_CHM","arf",-0.5832
"jbean","LTZ_KAZ","air",-0.9072
"jbean","LTZ_KAZ","arf",-0.6804
"jbean","LUN_IND","air",-0.9504
"jbean","LUN_IND","arf",-0.9504
"jbean","MAD_MDG","air",-1.2528
"jbean","MAD_MDG","arf",-0.9396
"jbean","MAT_IND","air",-0.9504
"jbean","MAT_IND","arf",-0.9504
"jbean","MAU_AUS","air",-1.2528
"jbean","MAU_AUS","arf",-1.044
"jbean","MCK_CAN","air",-1.4112
"jbean","MCK_CAN","arf",-1.2096
"jbean","MEK_KHM","arf",-0.324
"jbean","MEK_LAO","arf",-0.324
"jbean","MEK_MMR","air",-0.8208
"jbean","MEK_MMR","arf",-0.6156
"jbean","MEK_THA","air",-0.828
"jbean","MEK_THA","arf",-0.621
"jbean","MEK_VNM","arf",-0.3105
"jbean","MHN_IND","air",-0.9504
"jbean","MHN_IND","arf",-0.9504
"jbean","MIM_MEX","air",-1.296
"jbean","MIM_MEX","arf",-1.08
"jbean","MIS_USA","air",-1.08
"jbean","MIS_USA","arf",-1.08
"jbean","MOU_USA","air",-1.08
"jbean","MOU_USA","arf",-1.08
"jbean","NAC_DZA","air",-1.08
"jbean","NAC_DZA","arf",-0.81
"jbean","NAC_EGY","air",-1.1664
"jbean","NAC_EGY","arf",-0.8748
"jbean","NAC_LBY","air",-1.08
"jbean","NAC_LBY","arf",-0.81
"jbean","NAC_TUN","air",-1.08
"jbean","NAC_TUN","arf",-0.9
"jbean","NEB_BRA","air",-1.296
"jbean","NEB_BRA","arf",-0.972
"jbean","NER_RUS","air",-0.9072
"jbean","NER_RUS","arf",-0.6804
"jbean","NIC_NIC","air",-1.2528
"jbean","NIC_NIC","arf",-0.9396
"jbean","NIG_BEN","air",-1.3392
"jbean","NIG_BEN","arf",-1.0044
"jbean","NIG_BFA","air",-0.9504
"jbean","NIG_BFA","arf",-0.7128
"jbean","NIG_CIV","air",-1.3392
"jbean","NIG_CIV","arf",-1.0044
"jbean","NIG_CMR","air",-1.0044
"jbean","NIG_CMR","arf",-1.0044
"jbean","NIG_MLI","air",-0.9504
"jbean","NIG_MLI","arf",-0.7128
"jbean","NIG_NER","air",-0.9504
"jbean","NIG_NER","arf",-0.7128
"jbean","NIG_TCD","air",-0.9504
"jbean","NIG_TCD","arf",-0.7128
"jbean","NKP_PRK","air",-0.6912
"jbean","NKP_PRK","arf",-0.5184
"jbean","NLL_DJI","air",-0.9216
"jbean","NLL_DJI","arf",-1.0368
"jbean","NLL_EGY","air",-1.1664
"jbean","NLL_EGY","arf",-0.8748
"jbean","NLL_ERI","air",-1.1088
"jbean","NLL_ERI","arf",-0.7128
"jbean","NLL_ETH","air",-1.2672
"jbean","NLL_ETH","arf",-0.7128
"jbean","NLL_SDN","air",-0.9504
"jbean","NLL_SDN","arf",-0.7128
"jbean","NLL_UGA","air",-1.6128
"jbean","NLL_UGA","arf",-1.0368
"jbean","NWA_MOR","air",-1.08
"jbean","NWA_MOR","arf",-0.81
"jbean","NWA_MRT","air",-0.9504
"jbean","NWA_MRT","arf",-0.792
"jbean","NWS_COL","air",-1.2528
"jbean","NWS_COL","arf",-0.9396
"jbean","NWS_ECU","air",-1.2528
"jbean","NWS_ECU","arf",-0.9396
"jbean","OBB_CHM","air",-0.7776
"jbean","OBB_CHM","arf",-0.5832
"jbean","OBB_KAZ","air",-0.9072
"jbean","OBB_KAZ","arf",-0.6804
"jbean","OBB_RUS","air",-0.9072
"jbean","OBB_RUS","arf",-0.6804
"jbean","ODE_DEU","air",-1.5552
"jbean","ODE_DEU","arf",-1.296
"jbean","ODE_POL","air",-1.2096
"jbean","ODE_POL","arf",-1.008
"jbean","ODE_RUS","air",-0.9072
"jbean","ODE_RUS","arf",-0.6804
"jbean","OHI_USA","air",-1.08
"jbean","OHI_USA","arf",-1.08
"jbean","ORA_LSO","air",-1.2528
"jbean","ORA_LSO","arf",-1.044
"jbean","ORA_NAM","air",-0.8352
"jbean","ORA_NAM","arf",-1.044
"jbean","ORA_ZAF","air",-1.2096
"jbean","ORA_ZAF","arf",-0.9072
"jbean","ORI_COL","air",-1.2528
"jbean","ORI_COL","arf",-0.9396
"jbean","ORI_VEN","air",-1.2528
"jbean","ORI_VEN","arf",-0.9396
"jbean","PAN_PAN","air",-1.2528
"jbean","PAN_PAN","arf",-0.9396
"jbean","PAR_ARG","air",-1.3824
"jbean","PAR_ARG","arf",-1.0368
"jbean","PAR_BOL","air",-1.2528
"jbean","PAR_BOL","arf",-0.9396
"jbean","PAR_BRA","air",-1.296
"jbean","PAR_BRA","arf",-0.972
"jbean","PAR_PRY","air",-1.2528
"jbean","PAR_PRY","arf",-0.9396
"jbean","PEC_PER","air",-1.2528
"jbean","PEC_PER","arf",-0.9396
"jbean","PHI_PHL","air",-0.414
"jbean","PHI_PHL","arf",-0.621
"jbean","PRT_PRT","air",-1.5552
"jbean","PRT_PRT","arf",-1.1664
"jbean","RAP_RAP","air",-1.08
"jbean","RAP_RAP","arf",-0.81
"jbean","RHI_BLX","air",-1.5552
"jbean","RHI_BLX","arf",-1.296
"jbean","RHI_CHP","air",-1.5552
"jbean","RHI_CHP","arf",-1.296
"jbean","RHI_DEU","air",-1.5552
"jbean","RHI_DEU","arf",-1.296
"jbean","RHI_FRP","air",-1.5552
"jbean","RHI_FRP","arf",-1.296
"jbean","RHI_NLD","air",-1.5552
"jbean","RHI_NLD","arf",-1.1664
"jbean","RHO_FRP","air",-1.5552
"jbean","RHO_FRP","arf",-1.296
"jbean","RIC_ARG","air",-1.3824
"jbean","RIC_ARG","arf",-1.0368
"jbean","RIG_MEX","air",-1.296
"jbean","RIG_MEX","arf",-1.08
"jbean","RIG_USA","air",-1.08
"jbean","RIG_USA","arf",-1.08
"jbean","RRS_RUS","air",-0.9072
"jbean","RRS_RUS","arf",-0.6804
"jbean","RVE_VEN","air",-1.2528
"jbean","RVE_VEN","arf",-0.9396
"jbean","RVN_VNM","arf",-0.3105
"jbean","RWI_CAN","air",-1.4112
"jbean","RWI_CAN","arf",-1.2096
"jbean","RWI_USA","air",-1.08
"jbean","RWI_USA","arf",-1.08
"jbean","SAC_SWZ","air",-1.90008
"jbean","SAC_SWZ","arf",-1.044
"jbean","SAC_ZAF","air",-1.2096
"jbean","SAC_ZAF","arf",-0.9072
"jbean","SAF_MOZ","air",-1.3572
"jbean","SAF_MOZ","arf",-0.9396
"jbean","SAF_TZA","air",-1.8432
"jbean","SAF_TZA","arf",-1.0368
"jbean","SAF_ZWE","air",-1.3572
"jbean","SAF_ZWE","arf",-1.044
"jbean","SAH_DZA","air",-1.08
"jbean","SAH_DZA","arf",-0.81
"jbean","SAH_EGY","air",-1.1664
"jbean","SAH_EGY","arf",-0.8748
"jbean","SAH_LBY","air",-1.08
"jbean","SAH_LBY","arf",-0.81
"jbean","SAH_MLI","air",-0.9504
"jbean","SAH_MLI","arf",-0.7128
"jbean","SAH_MOR","air",-1.08
"jbean","SAH_MOR","arf",-0.81
"jbean","SAH_MRT","air",-0.9504
"jbean","SAH_MRT","arf",-0.792
"jbean","SAH_NER","air",-0.9504
"jbean","SAH_NER","arf",-0.7128
"jbean","SAH_SDN","air",-0.9504
"jbean","SAH_SDN","arf",-0.7128
"jbean","SAH_TCD","air",-0.9504
"jbean","SAH_TCD","arf",-0.7128
"jbean","SAL_ARG","air",-1.3824
"jbean","SAL_ARG","arf",-1.0368
"jbean","SAN_BRA","air",-1.296
"jbean","SAN_BRA","arf",-0.972
"jbean","SAY_IND","air",-0.9504
"jbean","SAY_IND","arf",-0.9504
"jbean","SEI_FRP","air",-1.5552
"jbean","SEI_FRP","arf",-1.296
"jbean","SEN_MLI","air",-0.9504
"jbean","SEN_MLI","arf",-0.7128
"jbean","SEN_MRT","air",-0.9504
"jbean","SEN_MRT","arf",-0.792
"jbean","SEU_USA","air",-1.08
"jbean","SEU_USA","arf",-1.08
"jbean","SKP_KOR","air",-0.864
"jbean","SKP_KOR","arf",-0.72
"jbean","SLV_SLV","air",-1.2528
"jbean","SLV_SLV","arf",-0.9396
"jbean","SON_CHM","air",-0.7776
"jbean","SON_CHM","arf",-0.5832
"jbean","SPP_SPP","air",-1.5552
"jbean","SPP_SPP","arf",-1.296
"jbean","SRL_LKA","air",-0.7776
"jbean","SRL_LKA","arf",-0.5832
"jbean","SWE_SWE","air",-1.5552
"jbean","SWE_SWE","arf",-1.296
"jbean","SYD_KAZ","air",-0.9072
"jbean","SYD_KAZ","arf",-0.6804
"jbean","SYD_KGZ","air",-0.9072
"jbean","SYD_KGZ","arf",-0.6804
"jbean","SYD_TJK","air",-0.9072
"jbean","SYD_TJK","arf",-0.6804
"jbean","SYD_UZB","air",-0.9072
"jbean","SYD_UZB","arf",-0.6804
"jbean","TIE_ARG","air",-1.3824
"jbean","TIE_ARG","arf",-1.0368
"jbean","TIG_IRN","air",-1.08
"jbean","TIG_IRN","arf",-0.9
"jbean","TIG_IRQ","air",-1.08
"jbean","TIG_IRQ","arf",-0.9
"jbean","TIG_SYR","air",-1.08
"jbean","TIG_SYR","arf",-0.81
"jbean","TIG_TUR","air",-1.296
"jbean","TIG_TUR","arf",-0.972
"jbean","TLS_TLS","air",-0.7995
"jbean","TLS_TLS","arf",-0.5535
"jbean","TMM_BGD","air",-0.7344
"jbean","TMM_BGD","arf",-0.5508
"jbean","TMM_MMR","air",-0.8208
"jbean","TMM_MMR","arf",-0.6156
"jbean","TMM_THA","air",-0.828
"jbean","TMM_THA","arf",-0.621
"jbean","TOC_BRA","air",-1.296
"jbean","TOC_BRA","arf",-0.972
"jbean","TWN_CHM","air",-0.7776
"jbean","TWN_CHM","arf",-0.5832
"jbean","UKP_UKP","air",-1.5552
"jbean","UKP_UKP","arf",-1.1664
"jbean","UME_MEX","air",-1.296
"jbean","UME_MEX","arf",-1.08
"jbean","UMO_RUS","air",-0.9072
"jbean","UMO_RUS","arf",-0.6804
"jbean","URA_KAZ","air",-0.9072
"jbean","URA_KAZ","arf",-0.6804
"jbean","URA_RUS","air",-0.9072
"jbean","URA_RUS","arf",-0.6804
"jbean","URA_TKM","air",-0.9072
"jbean","URA_TKM","arf",-0.6804
"jbean","URU_BRA","air",-1.296
"jbean","URU_BRA","arf",-0.972
"jbean","URU_URY","air",-1.2528
"jbean","URU_URY","arf",-0.9396
"jbean","USN_USA","air",-1.08
"jbean","USN_USA","arf",-1.08
"jbean","VOG_RUS","air",-0.9072
"jbean","VOG_RUS","arf",-0.6804
"jbean","VOT_BEN","air",-1.3392
"jbean","VOT_BEN","arf",-1.0044
"jbean","VOT_BFA","air",-0.9504
"jbean","VOT_BFA","arf",-0.7128
"jbean","VOT_CIV","air",-1.3392
"jbean","VOT_CIV","arf",-1.0044
"jbean","VOT_GHA","air",-1.7856
"jbean","VOT_GHA","arf",-1.0044
"jbean","VOT_MLI","air",-0.9504
"jbean","VOT_MLI","arf",-0.7128
"jbean","VOT_TGO","air",-1.3392
"jbean","VOT_TGO","arf",-1.0044
"jbean","VUT_VUT","air",-0.738
"jbean","VUT_VUT","arf",-0.615
"jbean","WAC_CIV","air",-1.3392
"jbean","WAC_CIV","arf",-1.0044
"jbean","WAC_SLE","air",-1.3392
"jbean","WAC_SLE","arf",-1.0044
"jbean","WAI_IRN","air",-1.08
"jbean","WAI_IRN","arf",-0.9
"jbean","WAI_PAK","air",-0.3888
"jbean","WAI_PAK","arf",-0.3888
"jbean","WAI_TKM","air",-0.9072
"jbean","WAI_TKM","arf",-0.6804
"jbean","WAU_AUS","air",-1.2528
"jbean","WAU_AUS","arf",-1.044
"jbean","WGM_USA","air",-1.08
"jbean","WGM_USA","arf",-1.08
"jbean","YEM_YEM","air",-1.08
"jbean","YEM_YEM","arf",-0.81
"jbean","YEN_RUS","air",-0.9072
"jbean","YEN_RUS","arf",-0.6804
"jbean","YHE_CHM","air",-0.7776
"jbean","YHE_CHM","arf",-0.5832
"jbean","YRD_CHM","air",-0.7776
"jbean","YRD_CHM","arf",-0.5832
"jbean","YRD_VNM","arf",-0.3105
"jbean","YUC_MEX","air",-1.296
"jbean","YUC_MEX","arf",-1.08
"jbean","ZAM_AGO","air",-1.2528
"jbean","ZAM_AGO","arf",-0.9396
"jbean","ZAM_COD","air",-1.3392
"jbean","ZAM_COD","arf",-1.0044
"jbean","ZAM_MOZ","air",-1.3572
"jbean","ZAM_MOZ","arf",-0.9396
"jbean","ZAM_MWI","air",-1.4616
"jbean","ZAM_MWI","arf",-0.9396
"jbean","ZAM_NAM","air",-0.8352
"jbean","ZAM_NAM","arf",-1.044
"jbean","ZAM_TZA","air",-1.8432
"jbean","ZAM_TZA","arf",-1.0368
"jbean","ZAM_ZMB","air",-1.566
"jbean","ZAM_ZMB","arf",-0.9396
"jbean","ZAM_ZWE","air",-1.3572
"jbean","ZAM_ZWE","arf",-1.044
"jbean","ZHJ_CHM","air",-0.7776
"jbean","ZHJ_CHM","arf",-0.5832
"jchkp","ALK_USA","air",-0.72
"jchkp","ALK_USA","arf",-0.72
"jchkp","AMA_BOL","air",-0.8352
"jchkp","AMA_BOL","arf",-0.6264
"jchkp","AMA_COL","air",-0.8352
"jchkp","AMA_COL","arf",-0.6264
"jchkp","AMA_PER","air",-0.8352
"jchkp","AMA_PER","arf",-0.6264
"jchkp","AMD_UZB","air",-0.6048
"jchkp","AMD_UZB","arf",-0.4536
"jchkp","AMR_CHM","air",-0.5184
"jchkp","AMR_CHM","arf",-0.3888
"jchkp","AMR_RUS","air",-0.6048
"jchkp","AMR_RUS","arf",-0.4536
"jchkp","ARA_IRQ","air",-0.72
"jchkp","ARA_IRQ","arf",-0.6
"jchkp","ARK_USA","air",-0.72
"jchkp","ARK_USA","arf",-0.72
"jchkp","ARM_ARM","air",-0.6048
"jchkp","ARM_ARM","arf",-0.4536
"jchkp","BAL_RUS","air",-0.6048
"jchkp","BAL_RUS","arf",-0.4536
"jchkp","BLA_RUS","air",-0.6048
"jchkp","BLA_RUS","arf",-0.4536
"jchkp","BLA_TUR","air",-0.864
"jchkp","BLA_TUR","arf",-0.648
"jchkp","BRT_BGD","air",-0.4896
"jchkp","BRT_BGD","arf",-0.3672
"jchkp","BRT_CHM","air",-0.5184
"jchkp","BRT_CHM","arf",-0.3888
"jchkp","BRT_IND","air",-0.6336
"jchkp","BRT_IND","arf",-0.6336
"jchkp","CAL_USA","air",-0.72
"jchkp","CAL_USA","arf",-0.72
"jchkp","CAN_CAN","air",-0.9408
"jchkp","CAN_CAN","arf",-0.8064
"jchkp","CAU_AUS","air",-0.8352
"jchkp","CAU_AUS","arf",-0.696
"jchkp","CAV_IND","air",-0.6336
"jchkp","CAV_IND","arf",-0.6336
"jchkp","CHC_CHL","air",-0.8352
"jchkp","CHC_CHL","arf",-0.6264
"jchkp","CHJ_CHM","air",-0.5184
"jchkp","CHJ_CHM","arf",-0.3888
"jchkp","CHO_IND","air",-0.6336
"jchkp","CHO_IND","arf",-0.6336
"jchkp","CHU_KAZ","air",-0.6048
"jchkp","CHU_KAZ","arf",-0.4536
"jchkp","COB_CAN","air",-0.9408
"jchkp","COB_CAN","arf",-0.8064
"jchkp","COB_USA","air",-0.72
"jchkp","COB_USA","arf",-0.72
"jchkp","COL_USA","air",-0.72
"jchkp","COL_USA","arf",-0.72
"jchkp","CUB_CUB","air",-0.9744
"jchkp","CUB_CUB","arf",-0.6264
"jchkp","DAN_MDA","air",-0.8064
"jchkp","DAN_MDA","arf",-0.6048
"jchkp","DAN_OBN","air",-0.8064
"jchkp","DAN_OBN","arf",-0.6048
"jchkp","DAN_TUR","air",-0.864
"jchkp","DAN_TUR","arf",-0.648
"jchkp","DNI_RUS","air",-0.6048
"jchkp","DNI_RUS","arf",-0.4536
"jchkp","DOM_DOM","air",-0.8352
"jchkp","DOM_DOM","arf",-0.6264
"jchkp","EAC_TZA","air",-1.2288
"jchkp","EAC_TZA","arf",-0.6912
"jchkp","EAU_AUS","air",-0.8352
"jchkp","EAU_AUS","arf",-0.696
"jchkp","EGH_IND","air",-0.6336
"jchkp","EGH_IND","arf",-0.6336
"jchkp","EME_EGY","air",-0.7776
"jchkp","EME_EGY","arf",-0.5832
"jchkp","EME_ISR","air",-0.8064
"jchkp","EME_ISR","arf",-0.672
"jchkp","EME_JOR","air",-0.72
"jchkp","EME_JOR","arf",-0.6
"jchkp","EME_LBN","air",-0.72
"jchkp","EME_LBN","arf",-0.54
"jchkp","EME_PSE","air",-0.9672
"jchkp","EME_PSE","arf",-0.744
"jchkp","EME_SYR","air",-0.72
"jchkp","EME_SYR","arf",-0.54
"jchkp","EME_TUR","air",-0.864
"jchkp","EME_TUR","arf",-0.648
"jchkp","GAN_BGD","air",-0.4896
"jchkp","GAN_BGD","arf",-0.3672
"jchkp","GAN_CHM","air",-0.5184
"jchkp","GAN_CHM","arf",-0.3888
"jchkp","GAN_IND","air",-0.6336
"jchkp","GAN_IND","arf",-0.6336
"jchkp","GAN_NPL","air",-0.5184
"jchkp","GAN_NPL","arf",-0.3888
"jchkp","GBA_USA","air",-0.72
"jchkp","GBA_USA","arf",-0.72
"jchkp","GLA_CAN","air",-0.9408
"jchkp","GLA_CAN","arf",-0.8064
"jchkp","GLA_USA","air",-0.72
"jchkp","GLA_USA","arf",-0.72
"jchkp","GOD_IND","air",-0.6336
"jchkp","GOD_IND","arf",-0.6336
"jchkp","HAI_CHM","air",-0.5184
"jchkp","HAI_CHM","arf",-0.3888
"jchkp","HOA_ETH","air",-0.8448
"jchkp","HOA_ETH","arf",-0.4752
"jchkp","HOA_KEN","air",-1.2288
"jchkp","HOA_KEN","arf",-0.6912
"jchkp","HUA_CHM","air",-0.5184
"jchkp","HUA_CHM","arf",-0.3888
"jchkp","HUN_CHM","air",-0.5184
"jchkp","HUN_CHM","arf",-0.3888
"jchkp","HWI_USA","air",-0.72
"jchkp","HWI_USA","arf",-0.72
"jchkp","IEC_IND","air",-0.6336
"jchkp","IEC_IND","arf",-0.6336
"jchkp","IND_CHM","air",-0.5184
"jchkp","IND_CHM","arf",-0.3888
"jchkp","IND_IND","air",-0.6336
"jchkp","IND_IND","arf",-0.6336
"jchkp","IND_PAK","air",-0.5184
"jchkp","IND_PAK","arf",-0.5184
"jchkp","KRI_IND","air",-0.6336
"jchkp","KRI_IND","arf",-0.6336
"jchkp","LAJ_CHM","air",-0.5184
"jchkp","LAJ_CHM","arf",-0.3888
"jchkp","LBA_KAZ","air",-0.6048
"jchkp","LBA_KAZ","arf",-0.4536
"jchkp","LCB_NER","air",-0.6336
"jchkp","LCB_NER","arf",-0.4752
"jchkp","LIM_ZWE","air",-0.9048
"jchkp","LIM_ZWE","arf",-0.696
"jchkp","LMO_CHM","air",-0.5184
"jchkp","LMO_CHM","arf",-0.3888
"jchkp","LTZ_KAZ","air",-0.6048
"jchkp","LTZ_KAZ","arf",-0.4536
"jchkp","LUN_IND","air",-0.6336
"jchkp","LUN_IND","arf",-0.6336
"jchkp","MAT_IND","air",-0.6336
"jchkp","MAT_IND","arf",-0.6336
"jchkp","MAU_AUS","air",-0.8352
"jchkp","MAU_AUS","arf",-0.696
"jchkp","MCK_CAN","air",-0.9408
"jchkp","MCK_CAN","arf",-0.8064
"jchkp","MEK_MMR","air",-0.5472
"jchkp","MEK_MMR","arf",-0.4104
"jchkp","MHN_IND","air",-0.6336
"jchkp","MHN_IND","arf",-0.6336
"jchkp","MIM_MEX","air",-0.864
"jchkp","MIM_MEX","arf",-0.72
"jchkp","MIS_USA","air",-0.72
"jchkp","MIS_USA","arf",-0.72
"jchkp","MOU_USA","air",-0.72
"jchkp","MOU_USA","arf",-0.72
"jchkp","NAC_DZA","air",-0.72
"jchkp","NAC_DZA","arf",-0.54
"jchkp","NAC_EGY","air",-0.7776
"jchkp","NAC_EGY","arf",-0.5832
"jchkp","NAC_LBY","air",-0.72
"jchkp","NAC_LBY","arf",-0.54
"jchkp","NAC_TUN","air",-0.72
"jchkp","NAC_TUN","arf",-0.6
"jchkp","NER_RUS","air",-0.6048
"jchkp","NER_RUS","arf",-0.4536
"jchkp","NIG_NER","air",-0.6336
"jchkp","NIG_NER","arf",-0.4752
"jchkp","NLL_EGY","air",-0.7776
"jchkp","NLL_EGY","arf",-0.5832
"jchkp","NLL_ERI","air",-0.7392
"jchkp","NLL_ERI","arf",-0.4752
"jchkp","NLL_ETH","air",-0.8448
"jchkp","NLL_ETH","arf",-0.4752
"jchkp","NLL_SDN","air",-0.6336
"jchkp","NLL_SDN","arf",-0.4752
"jchkp","NLL_UGA","air",-1.0752
"jchkp","NLL_UGA","arf",-0.6912
"jchkp","NWA_MOR","air",-0.72
"jchkp","NWA_MOR","arf",-0.54
"jchkp","NWS_COL","air",-0.8352
"jchkp","NWS_COL","arf",-0.6264
"jchkp","OBB_CHM","air",-0.5184
"jchkp","OBB_CHM","arf",-0.3888
"jchkp","OBB_KAZ","air",-0.6048
"jchkp","OBB_KAZ","arf",-0.4536
"jchkp","OBB_RUS","air",-0.6048
"jchkp","OBB_RUS","arf",-0.4536
"jchkp","ODE_RUS","air",-0.6048
"jchkp","ODE_RUS","arf",-0.4536
"jchkp","OHI_USA","air",-0.72
"jchkp","OHI_USA","arf",-0.72
"jchkp","ORI_COL","air",-0.8352
"jchkp","ORI_COL","arf",-0.6264
"jchkp","PAR_ARG","air",-0.9216
"jchkp","PAR_ARG","arf",-0.6912
"jchkp","PAR_BOL","air",-0.8352
"jchkp","PAR_BOL","arf",-0.6264
"jchkp","PEC_PER","air",-0.8352
"jchkp","PEC_PER","arf",-0.6264
"jchkp","RIC_ARG","air",-0.9216
"jchkp","RIC_ARG","arf",-0.6912
"jchkp","RIG_MEX","air",-0.864
"jchkp","RIG_MEX","arf",-0.72
"jchkp","RIG_USA","air",-0.72
"jchkp","RIG_USA","arf",-0.72
"jchkp","RRS_RUS","air",-0.6048
"jchkp","RRS_RUS","arf",-0.4536
"jchkp","RWI_CAN","air",-0.9408
"jchkp","RWI_CAN","arf",-0.8064
"jchkp","RWI_USA","air",-0.72
"jchkp","RWI_USA","arf",-0.72
"jchkp","SAF_TZA","air",-1.2288
"jchkp","SAF_TZA","arf",-0.6912
"jchkp","SAF_ZWE","air",-0.9048
"jchkp","SAF_ZWE","arf",-0.696
"jchkp","SAH_DZA","air",-0.72
"jchkp","SAH_DZA","arf",-0.54
"jchkp","SAH_EGY","air",-0.7776
"jchkp","SAH_EGY","arf",-0.5832
"jchkp","SAH_LBY","air",-0.72
"jchkp","SAH_LBY","arf",-0.54
"jchkp","SAH_MOR","air",-0.72
"jchkp","SAH_MOR","arf",-0.54
"jchkp","SAH_NER","air",-0.6336
"jchkp","SAH_NER","arf",-0.4752
"jchkp","SAH_SDN","air",-0.6336
"jchkp","SAH_SDN","arf",-0.4752
"jchkp","SAL_ARG","air",-0.9216
"jchkp","SAL_ARG","arf",-0.6912
"jchkp","SAY_IND","air",-0.6336
"jchkp","SAY_IND","arf",-0.6336
"jchkp","SEU_USA","air",-0.72
"jchkp","SEU_USA","arf",-0.72
"jchkp","SON_CHM","air",-0.5184
"jchkp","SON_CHM","arf",-0.3888
"jchkp","SYD_KAZ","air",-0.6048
"jchkp","SYD_KAZ","arf",-0.4536
"jchkp","SYD_UZB","air",-0.6048
"jchkp","SYD_UZB","arf",-0.4536
"jchkp","TIE_ARG","air",-0.9216
"jchkp","TIE_ARG","arf",-0.6912
"jchkp","TIG_IRN","air",-0.72
"jchkp","TIG_IRN","arf",-0.6
"jchkp","TIG_IRQ","air",-0.72
"jchkp","TIG_IRQ","arf",-0.6
"jchkp","TIG_SYR","air",-0.72
"jchkp","TIG_SYR","arf",-0.54
"jchkp","TIG_TUR","air",-0.864
"jchkp","TIG_TUR","arf",-0.648
"jchkp","TMM_BGD","air",-0.4896
"jchkp","TMM_BGD","arf",-0.3672
"jchkp","TMM_MMR","air",-0.5472
"jchkp","TMM_MMR","arf",-0.4104
"jchkp","TWN_CHM","air",-0.5184
"jchkp","TWN_CHM","arf",-0.3888
"jchkp","UME_MEX","air",-0.864
"jchkp","UME_MEX","arf",-0.72
"jchkp","UMO_RUS","air",-0.6048
"jchkp","UMO_RUS","arf",-0.4536
"jchkp","URA_KAZ","air",-0.6048
"jchkp","URA_KAZ","arf",-0.4536
"jchkp","URA_RUS","air",-0.6048
"jchkp","URA_RUS","arf",-0.4536
"jchkp","USN_USA","air",-0.72
"jchkp","USN_USA","arf",-0.72
"jchkp","VOG_RUS","air",-0.6048
"jchkp","VOG_RUS","arf",-0.4536
"jchkp","VOT_TGO","air",-0.8928
"jchkp","VOT_TGO","arf",-0.6696
"jchkp","WAI_IRN","air",-0.72
"jchkp","WAI_IRN","arf",-0.6
"jchkp","WAI_PAK","air",-0.5184
"jchkp","WAI_PAK","arf",-0.5184
"jchkp","WAU_AUS","air",-0.8352
"jchkp","WAU_AUS","arf",-0.696
"jchkp","WGM_USA","air",-0.72
"jchkp","WGM_USA","arf",-0.72
"jchkp","YEM_YEM","air",-0.72
"jchkp","YEM_YEM","arf",-0.54
"jchkp","YEN_RUS","air",-0.6048
"jchkp","YEN_RUS","arf",-0.4536
"jchkp","YHE_CHM","air",-0.5184
"jchkp","YHE_CHM","arf",-0.3888
"jchkp","YRD_CHM","air",-0.5184
"jchkp","YRD_CHM","arf",-0.3888
"jchkp","YUC_MEX","air",-0.864
"jchkp","YUC_MEX","arf",-0.72
"jchkp","ZAM_MWI","air",-0.9744
"jchkp","ZAM_MWI","arf",-0.6264
"jchkp","ZAM_TZA","air",-1.2288
"jchkp","ZAM_TZA","arf",-0.6912
"jchkp","ZAM_ZWE","air",-0.9048
"jchkp","ZAM_ZWE","arf",-0.696
"jchkp","ZHJ_CHM","air",-0.5184
"jchkp","ZHJ_CHM","arf",-0.3888
"jcowp","ALK_USA","air",-0.72
"jcowp","ALK_USA","arf",-0.72
"jcowp","AMA_PER","air",-0.8352
"jcowp","AMA_PER","arf",-0.6264
"jcowp","AMR_CHM","air",-0.5184
"jcowp","AMR_CHM","arf",-0.3888
"jcowp","ARA_IRQ","air",-0.72
"jcowp","ARA_IRQ","arf",-0.6
"jcowp","ARK_USA","air",-0.72
"jcowp","ARK_USA","arf",-0.72
"jcowp","BRT_CHM","air",-0.5184
"jcowp","BRT_CHM","arf",-0.3888
"jcowp","CAF_CMR","air",-0.6696
"jcowp","CAF_CMR","arf",-0.6696
"jcowp","CAL_USA","air",-0.72
"jcowp","CAL_USA","arf",-0.72
"jcowp","CHJ_CHM","air",-0.5184
"jcowp","CHJ_CHM","arf",-0.3888
"jcowp","COB_USA","air",-0.72
"jcowp","COB_USA","arf",-0.72
"jcowp","COL_USA","air",-0.72
"jcowp","COL_USA","arf",-0.72
"jcowp","CON_COD","air",-0.8928
"jcowp","CON_COD","arf",-0.6696
"jcowp","CRB_CRB","air",-0.451
"jcowp","CRB_CRB","arf",-0.41
"jcowp","DAN_OBN","air",-0.8064
"jcowp","DAN_OBN","arf",-0.6048
"jcowp","EAC_COD","air",-0.8928
"jcowp","EAC_COD","arf",-0.6696
"jcowp","EAC_TZA","air",-1.2288
"jcowp","EAC_TZA","arf",-0.6912
"jcowp","EME_EGY","air",-0.7776
"jcowp","EME_EGY","arf",-0.5832
"jcowp","EME_PSE","air",-0.9672
"jcowp","EME_PSE","arf",-0.744
"jcowp","EME_SYR","air",-0.72
"jcowp","EME_SYR","arf",-0.54
"jcowp","GAN_CHM","air",-0.5184
"jcowp","GAN_CHM","arf",-0.3888
"jcowp","GBA_USA","air",-0.72
"jcowp","GBA_USA","arf",-0.72
"jcowp","GLA_USA","air",-0.72
"jcowp","GLA_USA","arf",-0.72
"jcowp","GSA_GSA","air",-0.9744
"jcowp","GSA_GSA","arf",-0.6264
"jcowp","HAI_CHM","air",-0.5184
"jcowp","HAI_CHM","arf",-0.3888
"jcowp","HOA_KEN","air",-1.2288
"jcowp","HOA_KEN","arf",-0.6912
"jcowp","HTI_HTI","air",-0.8352
"jcowp","HTI_HTI","arf",-0.696
"jcowp","HUA_CHM","air",-0.5184
"jcowp","HUA_CHM","arf",-0.3888
"jcowp","HUN_CHM","air",-0.5184
"jcowp","HUN_CHM","arf",-0.3888
"jcowp","HWI_USA","air",-0.72
"jcowp","HWI_USA","arf",-0.72
"jcowp","IND_CHM","air",-0.5184
"jcowp","IND_CHM","arf",-0.3888
"jcowp","JAM_JAM","air",-0.492
"jcowp","JAM_JAM","arf",-0.369
"jcowp","KAL_ZAF","air",-0.8064
"jcowp","KAL_ZAF","arf",-0.6048
"jcowp","LAJ_CHM","air",-0.5184
"jcowp","LAJ_CHM","arf",-0.3888
"jcowp","LCB_CMR","air",-0.6696
"jcowp","LCB_CMR","arf",-0.6696
"jcowp","LCB_NER","air",-0.6336
"jcowp","LCB_NER","arf",-0.4752
"jcowp","LCB_NGA","air",-0.9072
"jcowp","LCB_NGA","arf",-0.648
"jcowp","LIM_MOZ","air",-0.9048
"jcowp","LIM_MOZ","arf",-0.6264
"jcowp","LIM_ZAF","air",-0.8064
"jcowp","LIM_ZAF","arf",-0.6048
"jcowp","LIM_ZWE","air",-0.9048
"jcowp","LIM_ZWE","arf",-0.696
"jcowp","LMO_CHM","air",-0.5184
"jcowp","LMO_CHM","arf",-0.3888
"jcowp","MAD_MDG","air",-0.8352
"jcowp","MAD_MDG","arf",-0.6264
"jcowp","MEK_MMR","air",-0.5472
"jcowp","MEK_MMR","arf",-0.4104
"jcowp","MIS_USA","air",-0.72
"jcowp","MIS_USA","arf",-0.72
"jcowp","MOU_USA","air",-0.72
"jcowp","MOU_USA","arf",-0.72
"jcowp","NAC_EGY","air",-0.7776
"jcowp","NAC_EGY","arf",-0.5832
"jcowp","NIG_BFA","air",-0.6336
"jcowp","NIG_BFA","arf",-0.4752
"jcowp","NIG_CMR","air",-0.6696
"jcowp","NIG_CMR","arf",-0.6696
"jcowp","NIG_MLI","air",-0.6336
"jcowp","NIG_MLI","arf",-0.4752
"jcowp","NIG_NER","air",-0.6336
"jcowp","NIG_NER","arf",-0.4752
"jcowp","NIG_NGA","air",-0.9072
"jcowp","NIG_NGA","arf",-0.648
"jcowp","NLL_EGY","air",-0.7776
"jcowp","NLL_EGY","arf",-0.5832
"jcowp","NLL_SDN","air",-0.6336
"jcowp","NLL_SDN","arf",-0.4752
"jcowp","NLL_UGA","air",-1.0752
"jcowp","NLL_UGA","arf",-0.6912
"jcowp","NWA_MRT","air",-0.6336
"jcowp","NWA_MRT","arf",-0.528
"jcowp","OBB_CHM","air",-0.5184
"jcowp","OBB_CHM","arf",-0.3888
"jcowp","OHI_USA","air",-0.72
"jcowp","OHI_USA","arf",-0.72
"jcowp","ORA_ZAF","air",-0.8064
"jcowp","ORA_ZAF","arf",-0.6048
"jcowp","PEC_PER","air",-0.8352
"jcowp","PEC_PER","arf",-0.6264
"jcowp","PHI_PHL","air",-0.276
"jcowp","PHI_PHL","arf",-0.414
"jcowp","RAP_RAP","air",-0.72
"jcowp","RAP_RAP","arf",-0.54
"jcowp","RIG_USA","air",-0.72
"jcowp","RIG_USA","arf",-0.72
"jcowp","RWI_USA","air",-0.72
"jcowp","RWI_USA","arf",-0.72
"jcowp","SAC_SWZ","air",-1.26672
"jcowp","SAC_SWZ","arf",-0.696
"jcowp","SAC_ZAF","air",-0.8064
"jcowp","SAC_ZAF","arf",-0.6048
"jcowp","SAF_MOZ","air",-0.9048
"jcowp","SAF_MOZ","arf",-0.6264
"jcowp","SAF_TZA","air",-1.2288
"jcowp","SAF_TZA","arf",-0.6912
"jcowp","SAF_ZWE","air",-0.9048
"jcowp","SAF_ZWE","arf",-0.696
"jcowp","SAH_EGY","air",-0.7776
"jcowp","SAH_EGY","arf",-0.5832
"jcowp","SAH_MLI","air",-0.6336
"jcowp","SAH_MLI","arf",-0.4752
"jcowp","SAH_MRT","air",-0.6336
"jcowp","SAH_MRT","arf",-0.528
"jcowp","SAH_NER","air",-0.6336
"jcowp","SAH_NER","arf",-0.4752
"jcowp","SAH_SDN","air",-0.6336
"jcowp","SAH_SDN","arf",-0.4752
"jcowp","SEN_MLI","air",-0.6336
"jcowp","SEN_MLI","arf",-0.4752
"jcowp","SEN_MRT","air",-0.6336
"jcowp","SEN_MRT","arf",-0.528
"jcowp","SEN_SEN","air",-0.8928
"jcowp","SEN_SEN","arf",-0.6696
"jcowp","SEU_USA","air",-0.72
"jcowp","SEU_USA","arf",-0.72
"jcowp","SON_CHM","air",-0.5184
"jcowp","SON_CHM","arf",-0.3888
"jcowp","SRL_LKA","air",-0.5184
"jcowp","SRL_LKA","arf",-0.3888
"jcowp","TIG_IRQ","air",-0.72
"jcowp","TIG_IRQ","arf",-0.6
"jcowp","TIG_SYR","air",-0.72
"jcowp","TIG_SYR","arf",-0.54
"jcowp","TMM_MMR","air",-0.5472
"jcowp","TMM_MMR","arf",-0.4104
"jcowp","TWN_CHM","air",-0.5184
"jcowp","TWN_CHM","arf",-0.3888
"jcowp","USN_USA","air",-0.72
"jcowp","USN_USA","arf",-0.72
"jcowp","VOT_BFA","air",-0.6336
"jcowp","VOT_BFA","arf",-0.4752
"jcowp","VOT_GHA","air",-1.1904
"jcowp","VOT_GHA","arf",-0.6696
"jcowp","VOT_MLI","air",-0.6336
"jcowp","VOT_MLI","arf",-0.4752
"jcowp","WAC_GMB","air",-0.5952
"jcowp","WAC_GMB","arf",-0.744
"jcowp","WAC_GNB","air",-0.8928
"jcowp","WAC_GNB","arf",-0.6696
"jcowp","WAC_SEN","air",-0.8928
"jcowp","WAC_SEN","arf",-0.6696
"jcowp","WGM_USA","air",-0.72
"jcowp","WGM_USA","arf",-0.72
"jcowp","YEM_YEM","air",-0.72
"jcowp","YEM_YEM","arf",-0.54
"jcowp","YHE_CHM","air",-0.5184
"jcowp","YHE_CHM","arf",-0.3888
"jcowp","YRD_CHM","air",-0.5184
"jcowp","YRD_CHM","arf",-0.3888
"jcowp","ZAM_COD","air",-0.8928
"jcowp","ZAM_COD","arf",-0.6696
"jcowp","ZAM_MOZ","air",-0.9048
"jcowp","ZAM_MOZ","arf",-0.6264
"jcowp","ZAM_MWI","air",-0.9744
"jcowp","ZAM_MWI","arf",-0.6264
"jcowp","ZAM_TZA","air",-1.2288
"jcowp","ZAM_TZA","arf",-0.6912
"jcowp","ZAM_ZMB","air",-1.044
"jcowp","ZAM_ZMB","arf",-0.6264
"jcowp","ZAM_ZWE","air",-0.9048
"jcowp","ZAM_ZWE","arf",-0.696
"jcowp","ZHJ_CHM","air",-0.5184
"jcowp","ZHJ_CHM","arf",-0.3888
"jlent","ALK_USA","air",-0.72
"jlent","ALK_USA","arf",-0.72
"jlent","AMA_COL","air",-0.8352
"jlent","AMA_COL","arf",-0.6264
"jlent","AMA_ECU","air",-0.8352
"jlent","AMA_ECU","arf",-0.6264
"jlent","AMA_PER","air",-0.8352
"jlent","AMA_PER","arf",-0.6264
"jlent","AMD_TJK","air",-0.6048
"jlent","AMD_TJK","arf",-0.4536
"jlent","AMD_UZB","air",-0.6048
"jlent","AMD_UZB","arf",-0.4536
"jlent","AMR_CHM","air",-0.5184
"jlent","AMR_CHM","arf",-0.3888
"jlent","AMR_RUS","air",-0.6048
"jlent","AMR_RUS","arf",-0.4536
"jlent","ARA_IRQ","air",-0.72
"jlent","ARA_IRQ","arf",-0.6
"jlent","ARK_USA","air",-0.72
"jlent","ARK_USA","arf",-0.72
"jlent","ARM_ARM","air",-0.6048
"jlent","ARM_ARM","arf",-0.4536
"jlent","AZE_AZE","air",-0.6048
"jlent","AZE_AZE","arf",-0.4536
"jlent","BAL_RUS","air",-0.6048
"jlent","BAL_RUS","arf",-0.4536
"jlent","BLA_RUS","air",-0.6048
"jlent","BLA_RUS","arf",-0.4536
"jlent","BLA_TUR","air",-0.864
"jlent","BLA_TUR","arf",-0.648
"jlent","BLA_UKR","air",-0.6048
"jlent","BLA_UKR","arf",-0.4536
"jlent","BRT_BGD","air",-0.4896
"jlent","BRT_BGD","arf",-0.3672
"jlent","BRT_BTN","air",-0.5184
"jlent","BRT_BTN","arf",-0.3888
"jlent","BRT_CHM","air",-0.5184
"jlent","BRT_CHM","arf",-0.3888
"jlent","BRT_IND","air",-0.6336
"jlent","BRT_IND","arf",-0.6336
"jlent","CAL_USA","air",-0.72
"jlent","CAL_USA","arf",-0.72
"jlent","CAN_CAN","air",-0.9408
"jlent","CAN_CAN","arf",-0.8064
"jlent","CAU_AUS","air",-0.8352
"jlent","CAU_AUS","arf",-0.696
"jlent","CAV_IND","air",-0.6336
"jlent","CAV_IND","arf",-0.6336
"jlent","CHC_CHL","air",-0.8352
"jlent","CHC_CHL","arf",-0.6264
"jlent","CHJ_CHM","air",-0.5184
"jlent","CHJ_CHM","arf",-0.3888
"jlent","CHO_IND","air",-0.6336
"jlent","CHO_IND","arf",-0.6336
"jlent","CHU_KAZ","air",-0.6048
"jlent","CHU_KAZ","arf",-0.4536
"jlent","COB_CAN","air",-0.9408
"jlent","COB_CAN","arf",-0.8064
"jlent","COB_USA","air",-0.72
"jlent","COB_USA","arf",-0.72
"jlent","COL_USA","air",-0.72
"jlent","COL_USA","arf",-0.72
"jlent","DAN_OBN","air",-0.8064
"jlent","DAN_OBN","arf",-0.6048
"jlent","DAN_TUR","air",-0.864
"jlent","DAN_TUR","arf",-0.648
"jlent","DAN_UKR","air",-0.6048
"jlent","DAN_UKR","arf",-0.4536
"jlent","DNI_RUS","air",-0.6048
"jlent","DNI_RUS","arf",-0.4536
"jlent","DNI_UKR","air",-0.6048
"jlent","DNI_UKR","arf",-0.4536
"jlent","EAU_AUS","air",-0.8352
"jlent","EAU_AUS","arf",-0.696
"jlent","EGH_IND","air",-0.6336
"jlent","EGH_IND","arf",-0.6336
"jlent","EME_EGY","air",-0.7776
"jlent","EME_EGY","arf",-0.5832
"jlent","EME_ISR","air",-0.8064
"jlent","EME_ISR","arf",-0.672
"jlent","EME_JOR","air",-0.72
"jlent","EME_JOR","arf",-0.6
"jlent","EME_LBN","air",-0.72
"jlent","EME_LBN","arf",-0.54
"jlent","EME_PSE","air",-0.9672
"jlent","EME_PSE","arf",-0.744
"jlent","EME_SYR","air",-0.72
"jlent","EME_SYR","arf",-0.54
"jlent","EME_TUR","air",-0.864
"jlent","EME_TUR","arf",-0.648
"jlent","GAN_BGD","air",-0.4896
"jlent","GAN_BGD","arf",-0.3672
"jlent","GAN_CHM","air",-0.5184
"jlent","GAN_CHM","arf",-0.3888
"jlent","GAN_IND","air",-0.6336
"jlent","GAN_IND","arf",-0.6336
"jlent","GAN_NPL","air",-0.5184
"jlent","GAN_NPL","arf",-0.3888
"jlent","GBA_USA","air",-0.72
"jlent","GBA_USA","arf",-0.72
"jlent","GLA_CAN","air",-0.9408
"jlent","GLA_CAN","arf",-0.8064
"jlent","GLA_USA","air",-0.72
"jlent","GLA_USA","arf",-0.72
"jlent","GOD_IND","air",-0.6336
"jlent","GOD_IND","arf",-0.6336
"jlent","HAI_CHM","air",-0.5184
"jlent","HAI_CHM","arf",-0.3888
"jlent","HOA_ETH","air",-0.8448
"jlent","HOA_ETH","arf",-0.4752
"jlent","HOA_KEN","air",-1.2288
"jlent","HOA_KEN","arf",-0.6912
"jlent","HUA_CHM","air",-0.5184
"jlent","HUA_CHM","arf",-0.3888
"jlent","HUN_CHM","air",-0.5184
"jlent","HUN_CHM","arf",-0.3888
"jlent","HWI_USA","air",-0.72
"jlent","HWI_USA","arf",-0.72
"jlent","IEC_IND","air",-0.6336
"jlent","IEC_IND","arf",-0.6336
"jlent","IND_CHM","air",-0.5184
"jlent","IND_CHM","arf",-0.3888
"jlent","IND_IND","air",-0.6336
"jlent","IND_IND","arf",-0.6336
"jlent","IND_PAK","air",-0.2592
"jlent","IND_PAK","arf",-0.2592
"jlent","KRI_IND","air",-0.6336
"jlent","KRI_IND","arf",-0.6336
"jlent","LAJ_CHM","air",-0.5184
"jlent","LAJ_CHM","arf",-0.3888
"jlent","LBA_KAZ","air",-0.6048
"jlent","LBA_KAZ","arf",-0.4536
"jlent","LMO_CHM","air",-0.5184
"jlent","LMO_CHM","arf",-0.3888
"jlent","LTZ_KAZ","air",-0.6048
"jlent","LTZ_KAZ","arf",-0.4536
"jlent","LUN_IND","air",-0.6336
"jlent","LUN_IND","arf",-0.6336
"jlent","MAD_MDG","air",-0.8352
"jlent","MAD_MDG","arf",-0.6264
"jlent","MAT_IND","air",-0.6336
"jlent","MAT_IND","arf",-0.6336
"jlent","MAU_AUS","air",-0.8352
"jlent","MAU_AUS","arf",-0.696
"jlent","MCK_CAN","air",-0.9408
"jlent","MCK_CAN","arf",-0.8064
"jlent","MEK_MMR","air",-0.5472
"jlent","MEK_MMR","arf",-0.4104
"jlent","MHN_IND","air",-0.6336
"jlent","MHN_IND","arf",-0.6336
"jlent","MIM_MEX","air",-0.864
"jlent","MIM_MEX","arf",-0.72
"jlent","MIS_USA","air",-0.72
"jlent","MIS_USA","arf",-0.72
"jlent","MOU_USA","air",-0.72
"jlent","MOU_USA","arf",-0.72
"jlent","NAC_DZA","air",-0.72
"jlent","NAC_DZA","arf",-0.54
"jlent","NAC_EGY","air",-0.7776
"jlent","NAC_EGY","arf",-0.5832
"jlent","NAC_TUN","air",-0.72
"jlent","NAC_TUN","arf",-0.6
"jlent","NER_RUS","air",-0.6048
"jlent","NER_RUS","arf",-0.4536
"jlent","NLL_EGY","air",-0.7776
"jlent","NLL_EGY","arf",-0.5832
"jlent","NLL_ERI","air",-0.7392
"jlent","NLL_ERI","arf",-0.4752
"jlent","NLL_ETH","air",-0.8448
"jlent","NLL_ETH","arf",-0.4752
"jlent","NWA_MOR","air",-0.72
"jlent","NWA_MOR","arf",-0.54
"jlent","NWS_COL","air",-0.8352
"jlent","NWS_COL","arf",-0.6264
"jlent","NWS_ECU","air",-0.8352
"jlent","NWS_ECU","arf",-0.6264
"jlent","NZE_NZL","air",-0.8064
"jlent","NZE_NZL","arf",-0.6048
"jlent","OBB_CHM","air",-0.5184
"jlent","OBB_CHM","arf",-0.3888
"jlent","OBB_KAZ","air",-0.6048
"jlent","OBB_KAZ","arf",-0.4536
"jlent","OBB_RUS","air",-0.6048
"jlent","OBB_RUS","arf",-0.4536
"jlent","ODE_RUS","air",-0.6048
"jlent","ODE_RUS","arf",-0.4536
"jlent","OHI_USA","air",-0.72
"jlent","OHI_USA","arf",-0.72
"jlent","ORI_COL","air",-0.8352
"jlent","ORI_COL","arf",-0.6264
"jlent","PAR_ARG","air",-0.9216
"jlent","PAR_ARG","arf",-0.6912
"jlent","PEC_PER","air",-0.8352
"jlent","PEC_PER","arf",-0.6264
"jlent","RIC_ARG","air",-0.9216
"jlent","RIC_ARG","arf",-0.6912
"jlent","RIG_MEX","air",-0.864
"jlent","RIG_MEX","arf",-0.72
"jlent","RIG_USA","air",-0.72
"jlent","RIG_USA","arf",-0.72
"jlent","RRS_RUS","air",-0.6048
"jlent","RRS_RUS","arf",-0.4536
"jlent","RWI_CAN","air",-0.9408
"jlent","RWI_CAN","arf",-0.8064
"jlent","RWI_USA","air",-0.72
"jlent","RWI_USA","arf",-0.72
"jlent","SAH_DZA","air",-0.72
"jlent","SAH_DZA","arf",-0.54
"jlent","SAH_EGY","air",-0.7776
"jlent","SAH_EGY","arf",-0.5832
"jlent","SAH_MOR","air",-0.72
"jlent","SAH_MOR","arf",-0.54
"jlent","SAL_ARG","air",-0.9216
"jlent","SAL_ARG","arf",-0.6912
"jlent","SAY_IND","air",-0.6336
"jlent","SAY_IND","arf",-0.6336
"jlent","SEU_USA","air",-0.72
"jlent","SEU_USA","arf",-0.72
"jlent","SON_CHM","air",-0.5184
"jlent","SON_CHM","arf",-0.3888
"jlent","SYD_KAZ","air",-0.6048
"jlent","SYD_KAZ","arf",-0.4536
"jlent","SYD_TJK","air",-0.6048
"jlent","SYD_TJK","arf",-0.4536
"jlent","SYD_UZB","air",-0.6048
"jlent","SYD_UZB","arf",-0.4536
"jlent","TIE_ARG","air",-0.9216
"jlent","TIE_ARG","arf",-0.6912
"jlent","TIG_IRN","air",-0.72
"jlent","TIG_IRN","arf",-0.6
"jlent","TIG_IRQ","air",-0.72
"jlent","TIG_IRQ","arf",-0.6
"jlent","TIG_SYR","air",-0.72
"jlent","TIG_SYR","arf",-0.54
"jlent","TIG_TUR","air",-0.864
"jlent","TIG_TUR","arf",-0.648
"jlent","TMM_BGD","air",-0.4896
"jlent","TMM_BGD","arf",-0.3672
"jlent","TMM_MMR","air",-0.5472
"jlent","TMM_MMR","arf",-0.4104
"jlent","TWN_CHM","air",-0.5184
"jlent","TWN_CHM","arf",-0.3888
"jlent","UME_MEX","air",-0.864
"jlent","UME_MEX","arf",-0.72
"jlent","UMO_RUS","air",-0.6048
"jlent","UMO_RUS","arf",-0.4536
"jlent","URA_KAZ","air",-0.6048
"jlent","URA_KAZ","arf",-0.4536
"jlent","URA_RUS","air",-0.6048
"jlent","URA_RUS","arf",-0.4536
"jlent","USN_USA","air",-0.72
"jlent","USN_USA","arf",-0.72
"jlent","VOG_RUS","air",-0.6048
"jlent","VOG_RUS","arf",-0.4536
"jlent","WAI_IRN","air",-0.72
"jlent","WAI_IRN","arf",-0.6
"jlent","WAI_PAK","air",-0.2592
"jlent","WAI_PAK","arf",-0.2592
"jlent","WAU_AUS","air",-0.8352
"jlent","WAU_AUS","arf",-0.696
"jlent","WGM_USA","air",-0.72
"jlent","WGM_USA","arf",-0.72
"jlent","YEM_YEM","air",-0.72
"jlent","YEM_YEM","arf",-0.54
"jlent","YEN_RUS","air",-0.6048
"jlent","YEN_RUS","arf",-0.4536
"jlent","YHE_CHM","air",-0.5184
"jlent","YHE_CHM","arf",-0.3888
"jlent","YRD_CHM","air",-0.5184
"jlent","YRD_CHM","arf",-0.3888
"jlent","YUC_MEX","air",-0.864
"jlent","YUC_MEX","arf",-0.72
"jlent","ZAM_MWI","air",-0.9744
"jlent","ZAM_MWI","arf",-0.6264
"jlent","ZHJ_CHM","air",-0.5184
"jlent","ZHJ_CHM","arf",-0.3888
"jpigp","AMA_COL","air",-0.8352
"jpigp","AMA_COL","arf",-0.6264
"jpigp","BRT_BGD","air",-0.4896
"jpigp","BRT_BGD","arf",-0.3672
"jpigp","BRT_IND","air",-0.6336
"jpigp","BRT_IND","arf",-0.6336
"jpigp","CAV_IND","air",-0.6336
"jpigp","CAV_IND","arf",-0.6336
"jpigp","CHO_IND","air",-0.6336
"jpigp","CHO_IND","arf",-0.6336
"jpigp","CON_COD","air",-0.8928
"jpigp","CON_COD","arf",-0.6696
"jpigp","CRB_CRB","air",-0.44
"jpigp","CRB_CRB","arf",-0.4
"jpigp","DOM_DOM","air",-0.8352
"jpigp","DOM_DOM","arf",-0.6264
"jpigp","EAC_BDI","air",-0.9216
"jpigp","EAC_BDI","arf",-0.6912
"jpigp","EAC_COD","air",-0.8928
"jpigp","EAC_COD","arf",-0.6696
"jpigp","EAC_TZA","air",-1.2288
"jpigp","EAC_TZA","arf",-0.6912
"jpigp","EGH_IND","air",-0.6336
"jpigp","EGH_IND","arf",-0.6336
"jpigp","GAN_BGD","air",-0.4896
"jpigp","GAN_BGD","arf",-0.3672
"jpigp","GAN_IND","air",-0.6336
"jpigp","GAN_IND","arf",-0.6336
"jpigp","GAN_NPL","air",-0.5184
"jpigp","GAN_NPL","arf",-0.3888
"jpigp","GOD_IND","air",-0.6336
"jpigp","GOD_IND","arf",-0.6336
"jpigp","HOA_KEN","air",-1.2288
"jpigp","HOA_KEN","arf",-0.6912
"jpigp","HTI_HTI","air",-0.8352
"jpigp","HTI_HTI","arf",-0.696
"jpigp","IEC_IND","air",-0.6336
"jpigp","IEC_IND","arf",-0.6336
"jpigp","IND_IND","air",-0.6336
"jpigp","IND_IND","arf",-0.6336
"jpigp","JAM_JAM","air",-0.48
"jpigp","JAM_JAM","arf",-0.36
"jpigp","KRI_IND","air",-0.6336
"jpigp","KRI_IND","arf",-0.6336
"jpigp","LUN_IND","air",-0.6336
"jpigp","LUN_IND","arf",-0.6336
"jpigp","MAT_IND","air",-0.6336
"jpigp","MAT_IND","arf",-0.6336
"jpigp","MEK_MMR","air",-0.5472
"jpigp","MEK_MMR","arf",-0.4104
"jpigp","MHN_IND","air",-0.6336
"jpigp","MHN_IND","arf",-0.6336
"jpigp","NLL_UGA","air",-1.0752
"jpigp","NLL_UGA","arf",-0.6912
"jpigp","NWS_COL","air",-0.8352
"jpigp","NWS_COL","arf",-0.6264
"jpigp","OIO_OIO","air",-0.48
"jpigp","OIO_OIO","arf",-0.4
"jpigp","ORI_COL","air",-0.8352
"jpigp","ORI_COL","arf",-0.6264
"jpigp","ORI_VEN","air",-0.8352
"jpigp","ORI_VEN","arf",-0.6264
"jpigp","PAN_PAN","air",-0.8352
"jpigp","PAN_PAN","arf",-0.6264
"jpigp","PHI_PHL","arf",-0.414
"jpigp","RVE_VEN","air",-0.8352
"jpigp","RVE_VEN","arf",-0.6264
"jpigp","SAF_TZA","air",-1.2288
"jpigp","SAF_TZA","arf",-0.6912
"jpigp","SAY_IND","air",-0.6336
"jpigp","SAY_IND","arf",-0.6336
"jpigp","TMM_BGD","air",-0.4896
"jpigp","TMM_BGD","arf",-0.3672
"jpigp","TMM_MMR","air",-0.5472
"jpigp","TMM_MMR","arf",-0.4104
"jpigp","ZAM_COD","air",-0.8928
"jpigp","ZAM_COD","arf",-0.6696
"jpigp","ZAM_MWI","air",-0.9744
"jpigp","ZAM_MWI","arf",-0.6264
"jpigp","ZAM_TZA","air",-1.2288
"jpigp","ZAM_TZA","arf",-0.6912
"jopul","ALB_ALB","air",-1.2096
"jopul","ALB_ALB","arf",-1.008
"jopul","ALK_USA","air",-1.08
"jopul","ALK_USA","arf",-1.08
"jopul","AMA_BOL","air",-1.2528
"jopul","AMA_BOL","arf",-0.9396
"jopul","AMA_BRA","air",-1.296
"jopul","AMA_BRA","arf",-0.972
"jopul","AMA_COL","air",-1.2528
"jopul","AMA_COL","arf",-0.9396
"jopul","AMA_ECU","air",-1.2528
"jopul","AMA_ECU","arf",-0.9396
"jopul","AMA_PER","air",-1.2528
"jopul","AMA_PER","arf",-0.9396
"jopul","AMD_AFG","air",-0.7776
"jopul","AMD_AFG","arf",-0.5832
"jopul","AMD_TJK","air",-0.9072
"jopul","AMD_TJK","arf",-0.6804
"jopul","AMD_TKM","air",-0.9072
"jopul","AMD_TKM","arf",-0.6804
"jopul","AMD_UZB","air",-0.9072
"jopul","AMD_UZB","arf",-0.6804
"jopul","AMR_CHM","air",-0.7776
"jopul","AMR_CHM","arf",-0.5832
"jopul","AMR_RUS","air",-0.9072
"jopul","AMR_RUS","arf",-0.6804
"jopul","ARA_IRQ","air",-1.08
"jopul","ARA_IRQ","arf",-0.9
"jopul","ARK_USA","air",-1.08
"jopul","ARK_USA","arf",-1.08
"jopul","ARM_ARM","air",-0.9072
"jopul","ARM_ARM","arf",-0.6804
"jopul","AZE_AZE","air",-0.9072
"jopul","AZE_AZE","arf",-0.6804
"jopul","BAL_BLT","air",-0.9072
"jopul","BAL_BLT","arf",-0.756
"jopul","BAL_RUS","air",-0.9072
"jopul","BAL_RUS","arf",-0.6804
"jopul","BLA_RUS","air",-0.9072
"jopul","BLA_RUS","arf",-0.6804
"jopul","BLA_TUR","air",-1.296
"jopul","BLA_TUR","arf",-0.972
"jopul","BLA_UKR","air",-0.9072
"jopul","BLA_UKR","arf",-0.6804
"jopul","BLZ_BLZ","air",-1.2528
"jopul","BLZ_BLZ","arf",-0.9396
"jopul","BOR_IDN","air",-0.36
"jopul","BOR_IDN","arf",-0.27
"jopul","BRT_BGD","air",-0.7344
"jopul","BRT_BGD","arf",-0.5508
"jopul","BRT_BTN","air",-0.7776
"jopul","BRT_BTN","arf",-0.5832
"jopul","BRT_CHM","air",-0.7776
"jopul","BRT_CHM","arf",-0.5832
"jopul","BRT_IND","air",-0.9504
"jopul","BRT_IND","arf",-0.9504
"jopul","CAF_CAF","air",-1.3392
"jopul","CAF_CAF","arf",-1.0044
"jopul","CAF_CMR","air",-1.0044
"jopul","CAF_CMR","arf",-1.0044
"jopul","CAF_COG","air",-1.2276
"jopul","CAF_COG","arf",-1.0044
"jopul","CAF_GAB","air",-1.0044
"jopul","CAF_GAB","arf",-1.0044
"jopul","CAF_NAM","air",-0.8352
"jopul","CAF_NAM","arf",-1.044
"jopul","CAL_USA","air",-1.08
"jopul","CAL_USA","arf",-1.08
"jopul","CAN_CAN","air",-1.4112
"jopul","CAN_CAN","arf",-1.2096
"jopul","CAU_AUS","air",-1.2528
"jopul","CAU_AUS","arf",-1.044
"jopul","CAV_IND","air",-0.9504
"jopul","CAV_IND","arf",-0.9504
"jopul","CHC_CHL","air",-1.2528
"jopul","CHC_CHL","arf",-0.9396
"jopul","CHJ_CHM","air",-0.7776
"jopul","CHJ_CHM","arf",-0.5832
"jopul","CHO_IND","air",-0.9504
"jopul","CHO_IND","arf",-0.9504
"jopul","CHU_KAZ","air",-0.9072
"jopul","CHU_KAZ","arf",-0.6804
"jopul","CHU_KGZ","air",-0.9072
"jopul","CHU_KGZ","arf",-0.6804
"jopul","COB_CAN","air",-1.4112
"jopul","COB_CAN","arf",-1.2096
"jopul","COB_USA","air",-1.08
"jopul","COB_USA","arf",-1.08
"jopul","COL_USA","air",-1.08
"jopul","COL_USA","arf",-1.08
"jopul","CON_CAF","air",-1.3392
"jopul","CON_CAF","arf",-1.0044
"jopul","CON_COD","air",-1.3392
"jopul","CON_COD","arf",-1.0044
"jopul","CON_COG","air",-1.2276
"jopul","CON_COG","arf",-1.0044
"jopul","CRB_CRB","air",-0.6765
"jopul","CRB_CRB","arf",-0.615
"jopul","DAN_AUT","air",-1.5552
"jopul","DAN_AUT","arf",-1.296
"jopul","DAN_BGR","air",-1.2096
"jopul","DAN_BGR","arf",-0.9072
"jopul","DAN_CZE","air",-1.2096
"jopul","DAN_CZE","arf",-1.008
"jopul","DAN_DEU","air",-1.5552
"jopul","DAN_DEU","arf",-1.296
"jopul","DAN_HRV","air",-1.1088
"jopul","DAN_HRV","arf",-1.008
"jopul","DAN_HUN","air",-1.2096
"jopul","DAN_HUN","arf",-0.9072
"jopul","DAN_MDA","air",-1.2096
"jopul","DAN_MDA","arf",-0.9072
"jopul","DAN_OBN","air",-1.2096
"jopul","DAN_OBN","arf",-0.9072
"jopul","DAN_ROU","air",-1.2096
"jopul","DAN_ROU","arf",-0.9072
"jopul","DAN_SVK","air",-1.2096
"jopul","DAN_SVK","arf",-0.9072
"jopul","DAN_SVN","air",-0.9072
"jopul","DAN_SVN","arf",-0.9072
"jopul","DAN_TUR","air",-1.296
"jopul","DAN_TUR","arf",-0.972
"jopul","DAN_UKR","air",-0.9072
"jopul","DAN_UKR","arf",-0.6804
"jopul","DNI_BLR","air",-0.9072
"jopul","DNI_BLR","arf",-0.6804
"jopul","DNI_RUS","air",-0.9072
"jopul","DNI_RUS","arf",-0.6804
"jopul","DNI_UKR","air",-0.9072
"jopul","DNI_UKR","arf",-0.6804
"jopul","DOM_DOM","air",-1.2528
"jopul","DOM_DOM","arf",-0.9396
"jopul","EAC_BDI","air",-1.3824
"jopul","EAC_BDI","arf",-1.0368
"jopul","EAC_COD","air",-1.3392
"jopul","EAC_COD","arf",-1.0044
"jopul","EAC_RWA","air",-1.3824
"jopul","EAC_RWA","arf",-1.0368
"jopul","EAC_TZA","air",-1.8432
"jopul","EAC_TZA","arf",-1.0368
"jopul","EAU_AUS","air",-1.2528
"jopul","EAU_AUS","arf",-1.044
"jopul","EGH_IND","air",-0.9504
"jopul","EGH_IND","arf",-0.9504
"jopul","ELB_DEU","air",-1.5552
"jopul","ELB_DEU","arf",-1.296
"jopul","ELB_DNK","air",-1.5552
"jopul","ELB_DNK","arf",-1.296
"jopul","EME_CYP","air",-1.08
"jopul","EME_CYP","arf",-0.81
"jopul","EME_EGY","air",-1.1664
"jopul","EME_EGY","arf",-0.8748
"jopul","EME_ISR","air",-1.2096
"jopul","EME_ISR","arf",-1.008
"jopul","EME_JOR","air",-1.08
"jopul","EME_JOR","arf",-0.9
"jopul","EME_LBN","air",-1.08
"jopul","EME_LBN","arf",-0.81
"jopul","EME_PSE","air",-1.4508
"jopul","EME_PSE","arf",-1.116
"jopul","EME_SYR","air",-1.08
"jopul","EME_SYR","arf",-0.81
"jopul","EME_TUR","air",-1.296
"jopul","EME_TUR","arf",-0.972
"jopul","FJI_FJI","air",-0.738
"jopul","FJI_FJI","arf",-0.615
"jopul","FNP_FNP","air",-1.5552
"jopul","FNP_FNP","arf",-1.1664
"jopul","GAN_BGD","air",-0.7344
"jopul","GAN_BGD","arf",-0.5508
"jopul","GAN_CHM","air",-0.7776
"jopul","GAN_CHM","arf",-0.5832
"jopul","GAN_IND","air",-0.9504
"jopul","GAN_IND","arf",-0.9504
"jopul","GAN_NPL","air",-0.7776
"jopul","GAN_NPL","arf",-0.5832
"jopul","GBA_USA","air",-1.08
"jopul","GBA_USA","arf",-1.08
"jopul","GEO_GEO","air",-0.9072
"jopul","GEO_GEO","arf",-0.6804
"jopul","GLA_CAN","air",-1.4112
"jopul","GLA_CAN","arf",-1.2096
"jopul","GLA_USA","air",-1.08
"jopul","GLA_USA","arf",-1.08
"jopul","GOD_IND","air",-0.9504
"jopul","GOD_IND","arf",-0.9504
"jopul","GRC_GRC","air",-1.2096
"jopul","GRC_GRC","arf",-1.008
"jopul","GSA_GSA","air",-1.4616
"jopul","GSA_GSA","arf",-0.9396
"jopul","GTM_GTM","air",-1.2528
"jopul","GTM_GTM","arf",-0.9396
"jopul","HAI_CHM","air",-0.7776
"jopul","HAI_CHM","arf",-0.5832
"jopul","HOA_ETH","air",-1.2672
"jopul","HOA_ETH","arf",-0.7128
"jopul","HOA_KEN","air",-1.8432
"jopul","HOA_KEN","arf",-1.0368
"jopul","HUA_CHM","air",-0.7776
"jopul","HUA_CHM","arf",-0.5832
"jopul","HUN_CHM","air",-0.7776
"jopul","HUN_CHM","arf",-0.5832
"jopul","HWI_USA","air",-1.08
"jopul","HWI_USA","arf",-1.08
"jopul","IEC_IND","air",-0.9504
"jopul","IEC_IND","arf",-0.9504
"jopul","IND_CHM","air",-0.7776
"jopul","IND_CHM","arf",-0.5832
"jopul","IND_IND","air",-0.9504
"jopul","IND_IND","arf",-0.9504
"jopul","IND_PAK","air",-0.3888
"jopul","IND_PAK","arf",-0.3888
"jopul","INE_IDN","air",-0.36
"jopul","INE_IDN","arf",-0.27
"jopul","INW_IDN","air",-0.36
"jopul","INW_IDN","arf",-0.27
"jopul","IRL_IRL","air",-1.5552
"jopul","IRL_IRL","arf",-1.1664
"jopul","ITA_ITP","air",-1.5552
"jopul","ITA_ITP","arf",-1.296
"jopul","JAM_JAM","air",-0.738
"jopul","JAM_JAM","arf",-0.5535
"jopul","JAP_JPN","air",-1.1232
"jopul","JAP_JPN","arf",-0.936
"jopul","KAL_BWA","air",-0.8352
"jopul","KAL_BWA","arf",-1.044
"jopul","KAL_NAM","air",-0.8352
"jopul","KAL_NAM","arf",-1.044
"jopul","KAL_ZAF","air",-1.2096
"jopul","KAL_ZAF","arf",-0.9072
"jopul","KRI_IND","air",-0.9504
"jopul","KRI_IND","arf",-0.9504
"jopul","LAJ_CHM","air",-0.7776
"jopul","LAJ_CHM","arf",-0.5832
"jopul","LBA_KAZ","air",-0.9072
"jopul","LBA_KAZ","arf",-0.6804
"jopul","LBO_FRP","air",-1.5552
"jopul","LBO_FRP","arf",-1.296
"jopul","LCB_CAF","air",-1.3392
"jopul","LCB_CAF","arf",-1.0044
"jopul","LCB_CMR","air",-1.0044
"jopul","LCB_CMR","arf",-1.0044
"jopul","LCB_NER","air",-0.9504
"jopul","LCB_NER","arf",-0.7128
"jopul","LCB_NGA","air",-1.3608
"jopul","LCB_NGA","arf",-0.972
"jopul","LCB_TCD","air",-0.9504
"jopul","LCB_TCD","arf",-0.7128
"jopul","LIM_BWA","air",-0.8352
"jopul","LIM_BWA","arf",-1.044
"jopul","LIM_MOZ","air",-1.3572
"jopul","LIM_MOZ","arf",-0.9396
"jopul","LIM_ZAF","air",-1.2096
"jopul","LIM_ZAF","arf",-0.9072
"jopul","LIM_ZWE","air",-1.3572
"jopul","LIM_ZWE","arf",-1.044
"jopul","LMO_CHM","air",-0.7776
"jopul","LMO_CHM","arf",-0.5832
"jopul","LMO_MNG","air",-0.6912
"jopul","LMO_MNG","arf",-0.5184
"jopul","LTZ_KAZ","air",-0.9072
"jopul","LTZ_KAZ","arf",-0.6804
"jopul","LUN_IND","air",-0.9504
"jopul","LUN_IND","arf",-0.9504
"jopul","MAD_MDG","air",-1.2528
"jopul","MAD_MDG","arf",-0.9396
"jopul","MAT_IND","air",-0.9504
"jopul","MAT_IND","arf",-0.9504
"jopul","MAU_AUS","air",-1.2528
"jopul","MAU_AUS","arf",-1.044
"jopul","MCK_CAN","air",-1.4112
"jopul","MCK_CAN","arf",-1.2096
"jopul","MEK_LAO","arf",-0.324
"jopul","MEK_MMR","air",-0.8208
"jopul","MEK_MMR","arf",-0.6156
"jopul","MEK_THA","air",-0.828
"jopul","MEK_THA","arf",-0.621
"jopul","MEK_VNM","arf",-0.3105
"jopul","MHN_IND","air",-0.9504
"jopul","MHN_IND","arf",-0.9504
"jopul","MIM_MEX","air",-1.296
"jopul","MIM_MEX","arf",-1.08
"jopul","MIS_USA","air",-1.08
"jopul","MIS_USA","arf",-1.08
"jopul","MOU_USA","air",-1.08
"jopul","MOU_USA","arf",-1.08
"jopul","NAC_DZA","air",-1.08
"jopul","NAC_DZA","arf",-0.81
"jopul","NAC_EGY","air",-1.1664
"jopul","NAC_EGY","arf",-0.8748
"jopul","NAC_LBY","air",-1.08
"jopul","NAC_LBY","arf",-0.81
"jopul","NAC_TUN","air",-1.08
"jopul","NAC_TUN","arf",-0.9
"jopul","NEB_BRA","air",-1.296
"jopul","NEB_BRA","arf",-0.972
"jopul","NER_RUS","air",-0.9072
"jopul","NER_RUS","arf",-0.6804
"jopul","NIG_BEN","air",-1.3392
"jopul","NIG_BEN","arf",-1.0044
"jopul","NIG_BFA","air",-0.9504
"jopul","NIG_BFA","arf",-0.7128
"jopul","NIG_CIV","air",-1.3392
"jopul","NIG_CIV","arf",-1.0044
"jopul","NIG_CMR","air",-1.0044
"jopul","NIG_CMR","arf",-1.0044
"jopul","NIG_GIN","air",-1.3392
"jopul","NIG_GIN","arf",-1.0044
"jopul","NIG_MLI","air",-0.9504
"jopul","NIG_MLI","arf",-0.7128
"jopul","NIG_NER","air",-0.9504
"jopul","NIG_NER","arf",-0.7128
"jopul","NIG_NGA","air",-1.3608
"jopul","NIG_NGA","arf",-0.972
"jopul","NIG_TCD","air",-0.9504
"jopul","NIG_TCD","arf",-0.7128
"jopul","NLL_EGY","air",-1.1664
"jopul","NLL_EGY","arf",-0.8748
"jopul","NLL_ERI","air",-1.1088
"jopul","NLL_ERI","arf",-0.7128
"jopul","NLL_ETH","air",-1.2672
"jopul","NLL_ETH","arf",-0.7128
"jopul","NLL_SDN","air",-0.9504
"jopul","NLL_SDN","arf",-0.7128
"jopul","NLL_UGA","air",-1.6128
"jopul","NLL_UGA","arf",-1.0368
"jopul","NOR_NOR","air",-1.5552
"jopul","NOR_NOR","arf",-1.296
"jopul","NWA_MOR","air",-1.08
"jopul","NWA_MOR","arf",-0.81
"jopul","NWA_MRT","air",-0.9504
"jopul","NWA_MRT","arf",-0.792
"jopul","NWS_COL","air",-1.2528
"jopul","NWS_COL","arf",-0.9396
"jopul","NWS_ECU","air",-1.2528
"jopul","NWS_ECU","arf",-0.9396
"jopul","NZE_NZL","air",-1.2096
"jopul","NZE_NZL","arf",-0.9072
"jopul","OAO_OAO","air",-0.5535
"jopul","OAO_OAO","arf",-0.5535
"jopul","OBB_CHM","air",-0.7776
"jopul","OBB_CHM","arf",-0.5832
"jopul","OBB_KAZ","air",-0.9072
"jopul","OBB_KAZ","arf",-0.6804
"jopul","OBB_RUS","air",-0.9072
"jopul","OBB_RUS","arf",-0.6804
"jopul","ODE_DEU","air",-1.5552
"jopul","ODE_DEU","arf",-1.296
"jopul","ODE_POL","air",-1.2096
"jopul","ODE_POL","arf",-1.008
"jopul","ODE_RUS","air",-0.9072
"jopul","ODE_RUS","arf",-0.6804
"jopul","OHI_USA","air",-1.08
"jopul","OHI_USA","arf",-1.08
"jopul","OIO_OIO","air",-0.738
"jopul","OIO_OIO","arf",-0.615
"jopul","OPO_OPO","air",-0.738
"jopul","OPO_OPO","arf",-0.5535
"jopul","ORA_LSO","air",-1.2528
"jopul","ORA_LSO","arf",-1.044
"jopul","ORA_NAM","air",-0.8352
"jopul","ORA_NAM","arf",-1.044
"jopul","ORA_ZAF","air",-1.2096
"jopul","ORA_ZAF","arf",-0.9072
"jopul","ORI_COL","air",-1.2528
"jopul","ORI_COL","arf",-0.9396
"jopul","ORI_VEN","air",-1.2528
"jopul","ORI_VEN","arf",-0.9396
"jopul","PAO_PNG","air",-0.738
"jopul","PAO_PNG","arf",-0.5535
"jopul","PAR_ARG","air",-1.3824
"jopul","PAR_ARG","arf",-1.0368
"jopul","PAR_BOL","air",-1.2528
"jopul","PAR_BOL","arf",-0.9396
"jopul","PAR_BRA","air",-1.296
"jopul","PAR_BRA","arf",-0.972
"jopul","PAR_PRY","air",-1.2528
"jopul","PAR_PRY","arf",-0.9396
"jopul","PEC_PER","air",-1.2528
"jopul","PEC_PER","arf",-0.9396
"jopul","PHI_PHL","air",-0.414
"jopul","PHI_PHL","arf",-0.621
"jopul","PRT_PRT","air",-1.5552
"jopul","PRT_PRT","arf",-1.1664
"jopul","RAP_RAP","air",-1.08
"jopul","RAP_RAP","arf",-0.81
"jopul","RHI_BLX","air",-1.5552
"jopul","RHI_BLX","arf",-1.296
"jopul","RHI_CHP","air",-1.5552
"jopul","RHI_CHP","arf",-1.296
"jopul","RHI_DEU","air",-1.5552
"jopul","RHI_DEU","arf",-1.296
"jopul","RHI_FRP","air",-1.5552
"jopul","RHI_FRP","arf",-1.296
"jopul","RHI_NLD","air",-1.5552
"jopul","RHI_NLD","arf",-1.1664
"jopul","RHO_FRP","air",-1.5552
"jopul","RHO_FRP","arf",-1.296
"jopul","RIC_ARG","air",-1.3824
"jopul","RIC_ARG","arf",-1.0368
"jopul","RIG_MEX","air",-1.296
"jopul","RIG_MEX","arf",-1.08
"jopul","RIG_USA","air",-1.08
"jopul","RIG_USA","arf",-1.08
"jopul","RRS_RUS","air",-0.9072
"jopul","RRS_RUS","arf",-0.6804
"jopul","RVE_VEN","air",-1.2528
"jopul","RVE_VEN","arf",-0.9396
"jopul","RVN_VNM","arf",-0.3105
"jopul","RWI_CAN","air",-1.4112
"jopul","RWI_CAN","arf",-1.2096
"jopul","RWI_USA","air",-1.08
"jopul","RWI_USA","arf",-1.08
"jopul","SAC_SWZ","air",-1.90008
"jopul","SAC_SWZ","arf",-1.044
"jopul","SAC_ZAF","air",-1.2096
"jopul","SAC_ZAF","arf",-0.9072
"jopul","SAF_MOZ","air",-1.3572
"jopul","SAF_MOZ","arf",-0.9396
"jopul","SAF_TZA","air",-1.8432
"jopul","SAF_TZA","arf",-1.0368
"jopul","SAF_ZWE","air",-1.3572
"jopul","SAF_ZWE","arf",-1.044
"jopul","SAH_DZA","air",-1.08
"jopul","SAH_DZA","arf",-0.81
"jopul","SAH_EGY","air",-1.1664
"jopul","SAH_EGY","arf",-0.8748
"jopul","SAH_LBY","air",-1.08
"jopul","SAH_LBY","arf",-0.81
"jopul","SAH_MLI","air",-0.9504
"jopul","SAH_MLI","arf",-0.7128
"jopul","SAH_MOR","air",-1.08
"jopul","SAH_MOR","arf",-0.81
"jopul","SAH_MRT","air",-0.9504
"jopul","SAH_MRT","arf",-0.792
"jopul","SAH_NER","air",-0.9504
"jopul","SAH_NER","arf",-0.7128
"jopul","SAH_SDN","air",-0.9504
"jopul","SAH_SDN","arf",-0.7128
"jopul","SAH_TCD","air",-0.9504
"jopul","SAH_TCD","arf",-0.7128
"jopul","SAL_ARG","air",-1.3824
"jopul","SAL_ARG","arf",-1.0368
"jopul","SAN_BRA","air",-1.296
"jopul","SAN_BRA","arf",-0.972
"jopul","SAU_SAU","air",-1.08
"jopul","SAU_SAU","arf",-0.81
"jopul","SAY_IND","air",-0.9504
"jopul","SAY_IND","arf",-0.9504
"jopul","SEI_FRP","air",-1.5552
"jopul","SEI_FRP","arf",-1.296
"jopul","SEN_GIN","air",-1.3392
"jopul","SEN_GIN","arf",-1.0044
"jopul","SEN_MLI","air",-0.9504
"jopul","SEN_MLI","arf",-0.7128
"jopul","SEN_MRT","air",-0.9504
"jopul","SEN_MRT","arf",-0.792
"jopul","SEN_SEN","air",-1.3392
"jopul","SEN_SEN","arf",-1.0044
"jopul","SEU_USA","air",-1.08
"jopul","SEU_USA","arf",-1.08
"jopul","SKP_KOR","air",-0.864
"jopul","SKP_KOR","arf",-0.72
"jopul","SLB_SLB","air",-0.738
"jopul","SLB_SLB","arf",-0.5535
"jopul","SON_CHM","air",-0.7776
"jopul","SON_CHM","arf",-0.5832
"jopul","SPP_SPP","air",-1.5552
"jopul","SPP_SPP","arf",-1.296
"jopul","SWE_SWE","air",-1.5552
"jopul","SWE_SWE","arf",-1.296
"jopul","SYD_KAZ","air",-0.9072
"jopul","SYD_KAZ","arf",-0.6804
"jopul","SYD_KGZ","air",-0.9072
"jopul","SYD_KGZ","arf",-0.6804
"jopul","SYD_TJK","air",-0.9072
"jopul","SYD_TJK","arf",-0.6804
"jopul","SYD_UZB","air",-0.9072
"jopul","SYD_UZB","arf",-0.6804
"jopul","TIE_ARG","air",-1.3824
"jopul","TIE_ARG","arf",-1.0368
"jopul","TIG_IRN","air",-1.08
"jopul","TIG_IRN","arf",-0.9
"jopul","TIG_IRQ","air",-1.08
"jopul","TIG_IRQ","arf",-0.9
"jopul","TIG_SYR","air",-1.08
"jopul","TIG_SYR","arf",-0.81
"jopul","TIG_TUR","air",-1.296
"jopul","TIG_TUR","arf",-0.972
"jopul","TMM_BGD","air",-0.7344
"jopul","TMM_BGD","arf",-0.5508
"jopul","TMM_MMR","air",-0.8208
"jopul","TMM_MMR","arf",-0.6156
"jopul","TMM_THA","air",-0.828
"jopul","TMM_THA","arf",-0.621
"jopul","TOC_BRA","air",-1.296
"jopul","TOC_BRA","arf",-0.972
"jopul","TWN_CHM","air",-0.7776
"jopul","TWN_CHM","arf",-0.5832
"jopul","UKP_UKP","air",-1.5552
"jopul","UKP_UKP","arf",-1.1664
"jopul","UME_MEX","air",-1.296
"jopul","UME_MEX","arf",-1.08
"jopul","UMO_MNG","air",-0.6912
"jopul","UMO_MNG","arf",-0.5184
"jopul","UMO_RUS","air",-0.9072
"jopul","UMO_RUS","arf",-0.6804
"jopul","URA_KAZ","air",-0.9072
"jopul","URA_KAZ","arf",-0.6804
"jopul","URA_RUS","air",-0.9072
"jopul","URA_RUS","arf",-0.6804
"jopul","URA_TKM","air",-0.9072
"jopul","URA_TKM","arf",-0.6804
"jopul","URU_BRA","air",-1.296
"jopul","URU_BRA","arf",-0.972
"jopul","URU_URY","air",-1.2528
"jopul","URU_URY","arf",-0.9396
"jopul","USN_USA","air",-1.08
"jopul","USN_USA","arf",-1.08
"jopul","VOG_RUS","air",-0.9072
"jopul","VOG_RUS","arf",-0.6804
"jopul","VOT_BEN","air",-1.3392
"jopul","VOT_BEN","arf",-1.0044
"jopul","VOT_BFA","air",-0.9504
"jopul","VOT_BFA","arf",-0.7128
"jopul","VOT_CIV","air",-1.3392
"jopul","VOT_CIV","arf",-1.0044
"jopul","VOT_GHA","air",-1.7856
"jopul","VOT_GHA","arf",-1.0044
"jopul","VOT_MLI","air",-0.9504
"jopul","VOT_MLI","arf",-0.7128
"jopul","WAC_CIV","air",-1.3392
"jopul","WAC_CIV","arf",-1.0044
"jopul","WAC_GIN","air",-1.3392
"jopul","WAC_GIN","arf",-1.0044
"jopul","WAC_GNB","air",-1.3392
"jopul","WAC_GNB","arf",-1.0044
"jopul","WAC_LBR","air",-0.8928
"jopul","WAC_LBR","arf",-1.116
"jopul","WAC_SEN","air",-1.3392
"jopul","WAC_SEN","arf",-1.0044
"jopul","WAC_SLE","air",-1.3392
"jopul","WAC_SLE","arf",-1.0044
"jopul","WAI_AFG","air",-0.7776
"jopul","WAI_AFG","arf",-0.5832
"jopul","WAI_IRN","air",-1.08
"jopul","WAI_IRN","arf",-0.9
"jopul","WAI_PAK","air",-0.3888
"jopul","WAI_PAK","arf",-0.3888
"jopul","WAI_TKM","air",-0.9072
"jopul","WAI_TKM","arf",-0.6804
"jopul","WAU_AUS","air",-1.2528
"jopul","WAU_AUS","arf",-1.044
"jopul","WGM_USA","air",-1.08
"jopul","WGM_USA","arf",-1.08
"jopul","YEM_YEM","air",-1.08
"jopul","YEM_YEM","arf",-0.81
"jopul","YEN_RUS","air",-0.9072
"jopul","YEN_RUS","arf",-0.6804
"jopul","YHE_CHM","air",-0.7776
"jopul","YHE_CHM","arf",-0.5832
"jopul","YRD_CHM","air",-0.7776
"jopul","YRD_CHM","arf",-0.5832
"jopul","YRD_VNM","arf",-0.3105
"jopul","YUC_MEX","air",-1.296
"jopul","YUC_MEX","arf",-1.08
"jopul","ZAM_BWA","air",-0.8352
"jopul","ZAM_BWA","arf",-1.044
"jopul","ZAM_COD","air",-1.3392
"jopul","ZAM_COD","arf",-1.0044
"jopul","ZAM_MOZ","air",-1.3572
"jopul","ZAM_MOZ","arf",-0.9396
"jopul","ZAM_MWI","air",-1.4616
"jopul","ZAM_MWI","arf",-0.9396
"jopul","ZAM_NAM","air",-0.8352
"jopul","ZAM_NAM","arf",-1.044
"jopul","ZAM_TZA","air",-1.8432
"jopul","ZAM_TZA","arf",-1.0368
"jopul","ZAM_ZMB","air",-1.566
"jopul","ZAM_ZMB","arf",-0.9396
"jopul","ZAM_ZWE","air",-1.3572
"jopul","ZAM_ZWE","arf",-1.044
"jopul","ZHJ_CHM","air",-0.7776
"jopul","ZHJ_CHM","arf",-0.5832
"jbana","ALK_USA","air",-0.648
"jbana","ALK_USA","arf",-0.648
"jbana","AMA_BOL","air",-0.552
"jbana","AMA_BOL","arf",-0.414
"jbana","AMA_BRA","air",-0.72
"jbana","AMA_BRA","arf",-0.54
"jbana","AMA_COL","air",-0.624
"jbana","AMA_COL","arf",-0.468
"jbana","AMA_ECU","air",-0.552
"jbana","AMA_ECU","arf",-0.414
"jbana","AMA_PER","air",-0.552
"jbana","AMA_PER","arf",-0.414
"jbana","AMR_CHM","air",-0.408
"jbana","AMR_CHM","arf",-0.306
"jbana","ARK_USA","air",-0.648
"jbana","ARK_USA","arf",-0.648
"jbana","BLA_TUR","air",-0.576
"jbana","BLA_TUR","arf",-0.432
"jbana","BLZ_BLZ","air",-0.552
"jbana","BLZ_BLZ","arf",-0.414
"jbana","BOR_IDN","air",-0.48
"jbana","BOR_IDN","arf",-0.36
"jbana","BOR_MYS","air",-0.48
"jbana","BOR_MYS","arf",-0.4
"jbana","BRT_BGD","air",-0.504
"jbana","BRT_BGD","arf",-0.378
"jbana","BRT_BTN","air",-0.48
"jbana","BRT_BTN","arf",-0.36
"jbana","BRT_CHM","air",-0.408
"jbana","BRT_CHM","arf",-0.306
"jbana","BRT_IND","air",-0.528
"jbana","BRT_IND","arf",-0.528
"jbana","CAF_AGO","air",-0.624
"jbana","CAF_AGO","arf",-0.468
"jbana","CAF_CAF","air",-0.408
"jbana","CAF_CAF","arf",-0.306
"jbana","CAF_CMR","air",-0.306
"jbana","CAF_CMR","arf",-0.306
"jbana","CAF_COG","air",-0.374
"jbana","CAF_COG","arf",-0.306
"jbana","CAF_GAB","air",-0.306
"jbana","CAF_GAB","arf",-0.306
"jbana","CAF_GNQ","air",-0.408
"jbana","CAF_GNQ","arf",-0.306
"jbana","CAL_USA","air",-0.648
"jbana","CAL_USA","arf",-0.648
"jbana","CAU_AUS","air",-0.48
"jbana","CAU_AUS","arf",-0.4
"jbana","CAV_IND","air",-0.528
"jbana","CAV_IND","arf",-0.528
"jbana","CHJ_CHM","air",-0.408
"jbana","CHJ_CHM","arf",-0.306
"jbana","CHO_IND","air",-0.528
"jbana","CHO_IND","arf",-0.528
"jbana","COB_USA","air",-0.648
"jbana","COB_USA","arf",-0.648
"jbana","COL_USA","air",-0.648
"jbana","COL_USA","arf",-0.648
"jbana","CON_AGO","air",-0.624
"jbana","CON_AGO","arf",-0.468
"jbana","CON_CAF","air",-0.408
"jbana","CON_CAF","arf",-0.306
"jbana","CON_COD","air",-0.408
"jbana","CON_COD","arf",-0.306
"jbana","CON_COG","air",-0.374
"jbana","CON_COG","arf",-0.306
"jbana","CRB_CRB","air",-0.33
"jbana","CRB_CRB","arf",-0.3
"jbana","CRI_CRI","air",-0.552
"jbana","CRI_CRI","arf",-0.414
"jbana","CUB_CUB","air",-0.644
"jbana","CUB_CUB","arf",-0.414
"jbana","DAN_TUR","air",-0.576
"jbana","DAN_TUR","arf",-0.432
"jbana","DOM_DOM","air",-0.552
"jbana","DOM_DOM","arf",-0.414
"jbana","EAC_BDI","air",-0.6
"jbana","EAC_BDI","arf",-0.45
"jbana","EAC_COD","air",-0.408
"jbana","EAC_COD","arf",-0.306
"jbana","EAC_RWA","air",-0.6
"jbana","EAC_RWA","arf",-0.45
"jbana","EAC_TZA","air",-0.8
"jbana","EAC_TZA","arf",-0.45
"jbana","EAU_AUS","air",-0.48
"jbana","EAU_AUS","arf",-0.4
"jbana","EGH_IND","air",-0.528
"jbana","EGH_IND","arf",-0.528
"jbana","EME_CYP","air",-0.624
"jbana","EME_CYP","arf",-0.468
"jbana","EME_EGY","air",-0.6
"jbana","EME_EGY","arf",-0.45
"jbana","EME_ISR","air",-0.456
"jbana","EME_ISR","arf",-0.38
"jbana","EME_JOR","air",-0.624
"jbana","EME_JOR","arf",-0.52
"jbana","EME_LBN","air",-0.624
"jbana","EME_LBN","arf",-0.468
"jbana","EME_PSE","air",-0.442
"jbana","EME_PSE","arf",-0.34
"jbana","EME_SYR","air",-0.624
"jbana","EME_SYR","arf",-0.468
"jbana","EME_TUR","air",-0.576
"jbana","EME_TUR","arf",-0.432
"jbana","FJI_FJI","air",-0.36
"jbana","FJI_FJI","arf",-0.3
"jbana","GAN_BGD","air",-0.504
"jbana","GAN_BGD","arf",-0.378
"jbana","GAN_CHM","air",-0.408
"jbana","GAN_CHM","arf",-0.306
"jbana","GAN_IND","air",-0.528
"jbana","GAN_IND","arf",-0.528
"jbana","GAN_NPL","air",-0.48
"jbana","GAN_NPL","arf",-0.36
"jbana","GBA_USA","air",-0.648
"jbana","GBA_USA","arf",-0.648
"jbana","GLA_USA","air",-0.648
"jbana","GLA_USA","arf",-0.648
"jbana","GOD_IND","air",-0.528
"jbana","GOD_IND","arf",-0.528
"jbana","GRC_GRC","air",-0.456
"jbana","GRC_GRC","arf",-0.38
"jbana","GSA_GSA","air",-0.644
"jbana","GSA_GSA","arf",-0.414
"jbana","GTM_GTM","air",-0.552
"jbana","GTM_GTM","arf",-0.414
"jbana","HAI_CHM","air",-0.408
"jbana","HAI_CHM","arf",-0.306
"jbana","HND_HND","air",-0.552
"jbana","HND_HND","arf",-0.414
"jbana","HOA_ETH","air",-0.704
"jbana","HOA_ETH","arf",-0.396
"jbana","HOA_KEN","air",-0.8
"jbana","HOA_KEN","arf",-0.45
"jbana","HOA_SOM","air",-0.528
"jbana","HOA_SOM","arf",-0.396
"jbana","HTI_HTI","air",-0.552
"jbana","HTI_HTI","arf",-0.46
"jbana","HUA_CHM","air",-0.408
"jbana","HUA_CHM","arf",-0.306
"jbana","HUN_CHM","air",-0.408
"jbana","HUN_CHM","arf",-0.306
"jbana","HWI_USA","air",-0.648
"jbana","HWI_USA","arf",-0.648
"jbana","IEC_IND","air",-0.528
"jbana","IEC_IND","arf",-0.528
"jbana","IND_CHM","air",-0.408
"jbana","IND_CHM","arf",-0.306
"jbana","IND_IND","air",-0.528
"jbana","IND_IND","arf",-0.528
"jbana","IND_PAK","air",-0.408
"jbana","IND_PAK","arf",-0.408
"jbana","INE_IDN","air",-0.48
"jbana","INE_IDN","arf",-0.36
"jbana","INW_IDN","air",-0.48
"jbana","INW_IDN","arf",-0.36
"jbana","JAM_JAM","air",-0.36
"jbana","JAM_JAM","arf",-0.27
"jbana","JAP_JPN","air",-0.528
"jbana","JAP_JPN","arf",-0.44
"jbana","KAL_ZAF","air",-0.456
"jbana","KAL_ZAF","arf",-0.342
"jbana","KRI_IND","air",-0.528
"jbana","KRI_IND","arf",-0.528
"jbana","LAJ_CHM","air",-0.408
"jbana","LAJ_CHM","arf",-0.306
"jbana","LBO_FRP","air",-0.624
"jbana","LBO_FRP","arf",-0.52
"jbana","LCB_CAF","air",-0.408
"jbana","LCB_CAF","arf",-0.306
"jbana","LCB_CMR","air",-0.306
"jbana","LCB_CMR","arf",-0.306
"jbana","LCB_NGA","air",-0.728
"jbana","LCB_NGA","arf",-0.52
"jbana","LIM_MOZ","air",-0.676
"jbana","LIM_MOZ","arf",-0.468
"jbana","LIM_ZAF","air",-0.456
"jbana","LIM_ZAF","arf",-0.342
"jbana","LIM_ZWE","air",-0.676
"jbana","LIM_ZWE","arf",-0.52
"jbana","LMO_CHM","air",-0.408
"jbana","LMO_CHM","arf",-0.306
"jbana","LUN_IND","air",-0.528
"jbana","LUN_IND","arf",-0.528
"jbana","MAD_MDG","air",-0.624
"jbana","MAD_MDG","arf",-0.468
"jbana","MAT_IND","air",-0.528
"jbana","MAT_IND","arf",-0.528
"jbana","MAU_AUS","air",-0.48
"jbana","MAU_AUS","arf",-0.4
"jbana","MEK_KHM","air",-0.48
"jbana","MEK_KHM","arf",-0.27
"jbana","MEK_LAO","air",-0.48
"jbana","MEK_LAO","arf",-0.27
"jbana","MEK_THA","air",-0.528
"jbana","MEK_THA","arf",-0.396
"jbana","MEK_VNM","air",-0.456
"jbana","MEK_VNM","arf",-0.342
"jbana","MHN_IND","air",-0.528
"jbana","MHN_IND","arf",-0.528
"jbana","MIM_MEX","air",-0.624
"jbana","MIM_MEX","arf",-0.52
"jbana","MIS_USA","air",-0.648
"jbana","MIS_USA","arf",-0.648
"jbana","MOU_USA","air",-0.648
"jbana","MOU_USA","arf",-0.648
"jbana","NAC_DZA","air",-0.624
"jbana","NAC_DZA","arf",-0.468
"jbana","NAC_EGY","air",-0.6
"jbana","NAC_EGY","arf",-0.45
"jbana","NEB_BRA","air",-0.72
"jbana","NEB_BRA","arf",-0.54
"jbana","NIC_NIC","air",-0.552
"jbana","NIC_NIC","arf",-0.414
"jbana","NIG_BEN","air",-0.408
"jbana","NIG_BEN","arf",-0.306
"jbana","NIG_BFA","air",-0.528
"jbana","NIG_BFA","arf",-0.396
"jbana","NIG_CIV","air",-0.408
"jbana","NIG_CIV","arf",-0.306
"jbana","NIG_CMR","air",-0.306
"jbana","NIG_CMR","arf",-0.306
"jbana","NIG_GIN","air",-0.408
"jbana","NIG_GIN","arf",-0.306
"jbana","NIG_MLI","air",-0.528
"jbana","NIG_MLI","arf",-0.396
"jbana","NIG_NGA","air",-0.728
"jbana","NIG_NGA","arf",-0.52
"jbana","NLL_EGY","air",-0.6
"jbana","NLL_EGY","arf",-0.45
"jbana","NLL_ETH","air",-0.704
"jbana","NLL_ETH","arf",-0.396
"jbana","NLL_SDN","air",-0.528
"jbana","NLL_SDN","arf",-0.396
"jbana","NWA_MOR","air",-0.624
"jbana","NWA_MOR","arf",-0.468
"jbana","NWS_COL","air",-0.624
"jbana","NWS_COL","arf",-0.468
"jbana","NWS_ECU","air",-0.552
"jbana","NWS_ECU","arf",-0.414
"jbana","OAO_OAO","air",-0.27
"jbana","OAO_OAO","arf",-0.27
"jbana","OBB_CHM","air",-0.408
"jbana","OBB_CHM","arf",-0.306
"jbana","OHI_USA","air",-0.648
"jbana","OHI_USA","arf",-0.648
"jbana","OIO_OIO","air",-0.36
"jbana","OIO_OIO","arf",-0.3
"jbana","OPO_OPO","air",-0.36
"jbana","OPO_OPO","arf",-0.27
"jbana","ORA_ZAF","air",-0.456
"jbana","ORA_ZAF","arf",-0.342
"jbana","ORI_COL","air",-0.624
"jbana","ORI_COL","arf",-0.468
"jbana","ORI_VEN","air",-0.552
"jbana","ORI_VEN","arf",-0.414
"jbana","PAN_PAN","air",-0.552
"jbana","PAN_PAN","arf",-0.414
"jbana","PAO_PNG","air",-0.36
"jbana","PAO_PNG","arf",-0.27
"jbana","PAR_ARG","air",-0.816
"jbana","PAR_ARG","arf",-0.612
"jbana","PAR_BOL","air",-0.552
"jbana","PAR_BOL","arf",-0.414
"jbana","PAR_BRA","air",-0.72
"jbana","PAR_BRA","arf",-0.54
"jbana","PAR_PRY","air",-0.552
"jbana","PAR_PRY","arf",-0.414
"jbana","PEC_PER","air",-0.552
"jbana","PEC_PER","arf",-0.414
"jbana","PHI_PHL","air",-0.456
"jbana","PHI_PHL","arf",-0.342
"jbana","PRT_PRT","air",-0.624
"jbana","PRT_PRT","arf",-0.468
"jbana","RAP_RAP","air",-0.624
"jbana","RAP_RAP","arf",-0.468
"jbana","RHI_FRP","air",-0.624
"jbana","RHI_FRP","arf",-0.52
"jbana","RHO_FRP","air",-0.624
"jbana","RHO_FRP","arf",-0.52
"jbana","RIC_ARG","air",-0.816
"jbana","RIC_ARG","arf",-0.612
"jbana","RIG_MEX","air",-0.624
"jbana","RIG_MEX","arf",-0.52
"jbana","RIG_USA","air",-0.648
"jbana","RIG_USA","arf",-0.648
"jbana","RVE_VEN","air",-0.552
"jbana","RVE_VEN","arf",-0.414
"jbana","RVN_VNM","air",-0.456
"jbana","RVN_VNM","arf",-0.342
"jbana","RWI_USA","air",-0.648
"jbana","RWI_USA","arf",-0.648
"jbana","SAC_SWZ","air",-0.9464
"jbana","SAC_SWZ","arf",-0.52
"jbana","SAC_ZAF","air",-0.456
"jbana","SAC_ZAF","arf",-0.342
"jbana","SAF_MOZ","air",-0.676
"jbana","SAF_MOZ","arf",-0.468
"jbana","SAF_TZA","air",-0.8
"jbana","SAF_TZA","arf",-0.45
"jbana","SAF_ZWE","air",-0.676
"jbana","SAF_ZWE","arf",-0.52
"jbana","SAH_DZA","air",-0.624
"jbana","SAH_DZA","arf",-0.468
"jbana","SAH_EGY","air",-0.6
"jbana","SAH_EGY","arf",-0.45
"jbana","SAH_MLI","air",-0.528
"jbana","SAH_MLI","arf",-0.396
"jbana","SAH_MOR","air",-0.624
"jbana","SAH_MOR","arf",-0.468
"jbana","SAH_SDN","air",-0.528
"jbana","SAH_SDN","arf",-0.396
"jbana","SAL_ARG","air",-0.816
"jbana","SAL_ARG","arf",-0.612
"jbana","SAN_BRA","air",-0.72
"jbana","SAN_BRA","arf",-0.54
"jbana","SAU_SAU","air",-0.624
"jbana","SAU_SAU","arf",-0.468
"jbana","SAY_IND","air",-0.528
"jbana","SAY_IND","arf",-0.528
"jbana","SEI_FRP","air",-0.624
"jbana","SEI_FRP","arf",-0.52
"jbana","SEN_GIN","air",-0.408
"jbana","SEN_GIN","arf",-0.306
"jbana","SEN_MLI","air",-0.528
"jbana","SEN_MLI","arf",-0.396
"jbana","SEN_SEN","air",-0.408
"jbana","SEN_SEN","arf",-0.306
"jbana","SEU_USA","air",-0.648
"jbana","SEU_USA","arf",-0.648
"jbana","SLB_SLB","air",-0.36
"jbana","SLB_SLB","arf",-0.27
"jbana","SLV_SLV","air",-0.552
"jbana","SLV_SLV","arf",-0.414
"jbana","SON_CHM","air",-0.408
"jbana","SON_CHM","arf",-0.306
"jbana","SPP_SPP","air",-0.624
"jbana","SPP_SPP","arf",-0.52
"jbana","TIE_ARG","air",-0.816
"jbana","TIE_ARG","arf",-0.612
"jbana","TIG_IRN","air",-0.624
"jbana","TIG_IRN","arf",-0.52
"jbana","TIG_SYR","air",-0.624
"jbana","TIG_SYR","arf",-0.468
"jbana","TIG_TUR","air",-0.576
"jbana","TIG_TUR","arf",-0.432
"jbana","TLS_TLS","air",-0.39
"jbana","TLS_TLS","arf",-0.27
"jbana","TMM_BGD","air",-0.504
"jbana","TMM_BGD","arf",-0.378
"jbana","TMM_MYS","air",-0.48
"jbana","TMM_MYS","arf",-0.4
"jbana","TMM_OSA","air",-0.39
"jbana","TMM_OSA","arf",-0.27
"jbana","TMM_THA","air",-0.528
"jbana","TMM_THA","arf",-0.396
"jbana","TOC_BRA","air",-0.72
"jbana","TOC_BRA","arf",-0.54
"jbana","TWN_CHM","air",-0.408
"jbana","TWN_CHM","arf",-0.306
"jbana","UME_MEX","air",-0.624
"jbana","UME_MEX","arf",-0.52
"jbana","URU_BRA","air",-0.72
"jbana","URU_BRA","arf",-0.54
"jbana","USN_USA","air",-0.648
"jbana","USN_USA","arf",-0.648
"jbana","VOT_BEN","air",-0.408
"jbana","VOT_BEN","arf",-0.306
"jbana","VOT_BFA","air",-0.528
"jbana","VOT_BFA","arf",-0.396
"jbana","VOT_CIV","air",-0.408
"jbana","VOT_CIV","arf",-0.306
"jbana","VOT_GHA","air",-0.544
"jbana","VOT_GHA","arf",-0.306
"jbana","VOT_MLI","air",-0.528
"jbana","VOT_MLI","arf",-0.396
"jbana","VOT_TGO","air",-0.408
"jbana","VOT_TGO","arf",-0.306
"jbana","VUT_VUT","air",-0.36
"jbana","VUT_VUT","arf",-0.3
"jbana","WAC_CIV","air",-0.408
"jbana","WAC_CIV","arf",-0.306
"jbana","WAC_GIN","air",-0.408
"jbana","WAC_GIN","arf",-0.306
"jbana","WAC_GNB","air",-0.408
"jbana","WAC_GNB","arf",-0.306
"jbana","WAC_LBR","air",-0.272
"jbana","WAC_LBR","arf",-0.34
"jbana","WAC_SEN","air",-0.408
"jbana","WAC_SEN","arf",-0.306
"jbana","WAI_IRN","air",-0.624
"jbana","WAI_IRN","arf",-0.52
"jbana","WAI_PAK","air",-0.408
"jbana","WAI_PAK","arf",-0.408
"jbana","WAU_AUS","air",-0.48
"jbana","WAU_AUS","arf",-0.4
"jbana","WGM_USA","air",-0.648
"jbana","WGM_USA","arf",-0.648
"jbana","YEM_YEM","air",-0.624
"jbana","YEM_YEM","arf",-0.468
"jbana","YHE_CHM","air",-0.408
"jbana","YHE_CHM","arf",-0.306
"jbana","YRD_CHM","air",-0.408
"jbana","YRD_CHM","arf",-0.306
"jbana","YRD_VNM","air",-0.456
"jbana","YRD_VNM","arf",-0.342
"jbana","YUC_MEX","air",-0.624
"jbana","YUC_MEX","arf",-0.52
"jbana","ZAM_AGO","air",-0.624
"jbana","ZAM_AGO","arf",-0.468
"jbana","ZAM_COD","air",-0.408
"jbana","ZAM_COD","arf",-0.306
"jbana","ZAM_MOZ","air",-0.676
"jbana","ZAM_MOZ","arf",-0.468
"jbana","ZAM_MWI","air",-0.728
"jbana","ZAM_MWI","arf",-0.468
"jbana","ZAM_TZA","air",-0.8
"jbana","ZAM_TZA","arf",-0.45
"jbana","ZAM_ZMB","air",-0.78
"jbana","ZAM_ZMB","arf",-0.468
"jbana","ZAM_ZWE","air",-0.676
"jbana","ZAM_ZWE","arf",-0.52
"jbana","ZHJ_CHM","air",-0.408
"jbana","ZHJ_CHM","arf",-0.306
"jplnt","AMA_BOL","air",-0.552
"jplnt","AMA_BOL","arf",-0.414
"jplnt","AMA_COL","air",-0.624
"jplnt","AMA_COL","arf",-0.468
"jplnt","AMA_ECU","air",-0.552
"jplnt","AMA_ECU","arf",-0.414
"jplnt","BLZ_BLZ","air",-0.552
"jplnt","BLZ_BLZ","arf",-0.414
"jplnt","BRT_BGD","air",-0.504
"jplnt","BRT_BGD","arf",-0.378
"jplnt","CAF_CAF","air",-0.408
"jplnt","CAF_CAF","arf",-0.306
"jplnt","CAF_CMR","air",-0.306
"jplnt","CAF_CMR","arf",-0.306
"jplnt","CAF_COG","air",-0.374
"jplnt","CAF_COG","arf",-0.306
"jplnt","CAF_GAB","air",-0.306
"jplnt","CAF_GAB","arf",-0.306
"jplnt","CAF_GNQ","air",-0.408
"jplnt","CAF_GNQ","arf",-0.306
"jplnt","CON_CAF","air",-0.408
"jplnt","CON_CAF","arf",-0.306
"jplnt","CON_COD","air",-0.408
"jplnt","CON_COD","arf",-0.306
"jplnt","CON_COG","air",-0.374
"jplnt","CON_COG","arf",-0.306
"jplnt","CRB_CRB","air",-0.33
"jplnt","CRB_CRB","arf",-0.3
"jplnt","CRI_CRI","air",-0.552
"jplnt","CRI_CRI","arf",-0.414
"jplnt","CUB_CUB","air",-0.644
"jplnt","CUB_CUB","arf",-0.414
"jplnt","DOM_DOM","air",-0.552
"jplnt","DOM_DOM","arf",-0.414
"jplnt","EAC_COD","air",-0.408
"jplnt","EAC_COD","arf",-0.306
"jplnt","EAC_RWA","air",-0.6
"jplnt","EAC_RWA","arf",-0.45
"jplnt","EAC_TZA","air",-0.8
"jplnt","EAC_TZA","arf",-0.45
"jplnt","FJI_FJI","air",-0.36
"jplnt","FJI_FJI","arf",-0.3
"jplnt","GAN_BGD","air",-0.504
"jplnt","GAN_BGD","arf",-0.378
"jplnt","GSA_GSA","air",-0.644
"jplnt","GSA_GSA","arf",-0.414
"jplnt","GTM_GTM","air",-0.552
"jplnt","GTM_GTM","arf",-0.414
"jplnt","HND_HND","air",-0.552
"jplnt","HND_HND","arf",-0.414
"jplnt","HOA_KEN","air",-0.8
"jplnt","HOA_KEN","arf",-0.45
"jplnt","HTI_HTI","air",-0.552
"jplnt","HTI_HTI","arf",-0.46
"jplnt","JAM_JAM","air",-0.36
"jplnt","JAM_JAM","arf",-0.27
"jplnt","LCB_CAF","air",-0.408
"jplnt","LCB_CAF","arf",-0.306
"jplnt","LCB_CMR","air",-0.306
"jplnt","LCB_CMR","arf",-0.306
"jplnt","MEK_MMR","air",-0.384
"jplnt","MEK_MMR","arf",-0.288
"jplnt","NIC_NIC","air",-0.552
"jplnt","NIC_NIC","arf",-0.414
"jplnt","NIG_CIV","air",-0.408
"jplnt","NIG_CIV","arf",-0.306
"jplnt","NIG_CMR","air",-0.306
"jplnt","NIG_CMR","arf",-0.306
"jplnt","NIG_GIN","air",-0.408
"jplnt","NIG_GIN","arf",-0.306
"jplnt","NLL_UGA","air",-0.7
"jplnt","NLL_UGA","arf",-0.45
"jplnt","NWS_COL","air",-0.624
"jplnt","NWS_COL","arf",-0.468
"jplnt","NWS_ECU","air",-0.552
"jplnt","NWS_ECU","arf",-0.414
"jplnt","OAO_OAO","air",-0.27
"jplnt","OAO_OAO","arf",-0.27
"jplnt","OPO_OPO","air",-0.36
"jplnt","OPO_OPO","arf",-0.27
"jplnt","ORI_COL","air",-0.624
"jplnt","ORI_COL","arf",-0.468
"jplnt","ORI_VEN","air",-0.552
"jplnt","ORI_VEN","arf",-0.414
"jplnt","PAN_PAN","air",-0.552
"jplnt","PAN_PAN","arf",-0.414
"jplnt","PAR_BOL","air",-0.552
"jplnt","PAR_BOL","arf",-0.414
"jplnt","PHI_PHL","air",-0.456
"jplnt","PHI_PHL","arf",-0.342
"jplnt","RVE_VEN","air",-0.552
"jplnt","RVE_VEN","arf",-0.414
"jplnt","SAF_TZA","air",-0.8
"jplnt","SAF_TZA","arf",-0.45
"jplnt","SEN_GIN","air",-0.408
"jplnt","SEN_GIN","arf",-0.306
"jplnt","SLV_SLV","air",-0.552
"jplnt","SLV_SLV","arf",-0.414
"jplnt","SRL_LKA","air",-0.48
"jplnt","SRL_LKA","arf",-0.36
"jplnt","TMM_BGD","air",-0.504
"jplnt","TMM_BGD","arf",-0.378
"jplnt","TMM_MMR","air",-0.384
"jplnt","TMM_MMR","arf",-0.288
"jplnt","VOT_CIV","air",-0.408
"jplnt","VOT_CIV","arf",-0.306
"jplnt","VOT_GHA","air",-0.544
"jplnt","VOT_GHA","arf",-0.306
"jplnt","WAC_CIV","air",-0.408
"jplnt","WAC_CIV","arf",-0.306
"jplnt","WAC_GIN","air",-0.408
"jplnt","WAC_GIN","arf",-0.306
"jplnt","WAC_GNB","air",-0.408
"jplnt","WAC_GNB","arf",-0.306
"jplnt","WAC_LBR","air",-0.272
"jplnt","WAC_LBR","arf",-0.34
"jplnt","WAC_SLE","air",-0.408
"jplnt","WAC_SLE","arf",-0.306
"jplnt","ZAM_COD","air",-0.408
"jplnt","ZAM_COD","arf",-0.306
"jplnt","ZAM_MWI","air",-0.728
"jplnt","ZAM_MWI","arf",-0.468
"jplnt","ZAM_TZA","air",-0.8
"jplnt","ZAM_TZA","arf",-0.45
"jsubf","ALB_ALB","air",-0.456
"jsubf","ALB_ALB","arf",-0.38
"jsubf","ALK_USA","air",-0.648
"jsubf","ALK_USA","arf",-0.648
"jsubf","AMA_BOL","air",-0.552
"jsubf","AMA_BOL","arf",-0.414
"jsubf","AMA_BRA","air",-0.72
"jsubf","AMA_BRA","arf",-0.54
"jsubf","AMA_COL","air",-0.624
"jsubf","AMA_COL","arf",-0.468
"jsubf","AMA_ECU","air",-0.552
"jsubf","AMA_ECU","arf",-0.414
"jsubf","AMA_PER","air",-0.552
"jsubf","AMA_PER","arf",-0.414
"jsubf","AMD_AFG","air",-0.48
"jsubf","AMD_AFG","arf",-0.36
"jsubf","AMD_TJK","air",-0.576
"jsubf","AMD_TJK","arf",-0.432
"jsubf","AMD_UZB","air",-0.576
"jsubf","AMD_UZB","arf",-0.432
"jsubf","AMR_CHM","air",-0.408
"jsubf","AMR_CHM","arf",-0.306
"jsubf","ARA_IRQ","air",-0.624
"jsubf","ARA_IRQ","arf",-0.52
"jsubf","ARK_USA","air",-0.648
"jsubf","ARK_USA","arf",-0.648
"jsubf","AZE_AZE","air",-0.648
"jsubf","AZE_AZE","arf",-0.486
"jsubf","BLA_TUR","air",-0.576
"jsubf","BLA_TUR","arf",-0.432
"jsubf","BLZ_BLZ","air",-0.552
"jsubf","BLZ_BLZ","arf",-0.414
"jsubf","BOR_IDN","air",-0.48
"jsubf","BOR_IDN","arf",-0.36
"jsubf","BOR_MYS","air",-0.48
"jsubf","BOR_MYS","arf",-0.4
"jsubf","BRT_BGD","air",-0.504
"jsubf","BRT_BGD","arf",-0.378
"jsubf","BRT_BTN","air",-0.48
"jsubf","BRT_BTN","arf",-0.36
"jsubf","BRT_CHM","air",-0.408
"jsubf","BRT_CHM","arf",-0.306
"jsubf","BRT_IND","air",-0.528
"jsubf","BRT_IND","arf",-0.528
"jsubf","CAF_AGO","air",-0.624
"jsubf","CAF_AGO","arf",-0.468
"jsubf","CAF_CAF","air",-0.408
"jsubf","CAF_CAF","arf",-0.306
"jsubf","CAF_CMR","air",-0.306
"jsubf","CAF_CMR","arf",-0.306
"jsubf","CAF_COG","air",-0.374
"jsubf","CAF_COG","arf",-0.306
"jsubf","CAF_GAB","air",-0.306
"jsubf","CAF_GAB","arf",-0.306
"jsubf","CAF_NAM","air",-0.416
"jsubf","CAF_NAM","arf",-0.52
"jsubf","CAL_USA","air",-0.648
"jsubf","CAL_USA","arf",-0.648
"jsubf","CAU_AUS","air",-0.48
"jsubf","CAU_AUS","arf",-0.4
"jsubf","CAV_IND","air",-0.528
"jsubf","CAV_IND","arf",-0.528
"jsubf","CHC_CHL","air",-0.552
"jsubf","CHC_CHL","arf",-0.414
"jsubf","CHJ_CHM","air",-0.408
"jsubf","CHJ_CHM","arf",-0.306
"jsubf","CHO_IND","air",-0.528
"jsubf","CHO_IND","arf",-0.528
"jsubf","CHU_KAZ","air",-0.576
"jsubf","CHU_KAZ","arf",-0.432
"jsubf","COB_USA","air",-0.648
"jsubf","COB_USA","arf",-0.648
"jsubf","COL_USA","air",-0.648
"jsubf","COL_USA","arf",-0.648
"jsubf","CON_AGO","air",-0.624
"jsubf","CON_AGO","arf",-0.468
"jsubf","CON_CAF","air",-0.408
"jsubf","CON_CAF","arf",-0.306
"jsubf","CON_COD","air",-0.408
"jsubf","CON_COD","arf",-0.306
"jsubf","CON_COG","air",-0.374
"jsubf","CON_COG","arf",-0.306
"jsubf","CRB_CRB","air",-0.33
"jsubf","CRB_CRB","arf",-0.3
"jsubf","CRI_CRI","air",-0.552
"jsubf","CRI_CRI","arf",-0.414
"jsubf","CUB_CUB","air",-0.644
"jsubf","CUB_CUB","arf",-0.414
"jsubf","DAN_BGR","air",-0.456
"jsubf","DAN_BGR","arf",-0.342
"jsubf","DAN_HRV","air",-0.418
"jsubf","DAN_HRV","arf",-0.38
"jsubf","DAN_HUN","air",-0.456
"jsubf","DAN_HUN","arf",-0.342
"jsubf","DAN_OBN","air",-0.456
"jsubf","DAN_OBN","arf",-0.342
"jsubf","DAN_TUR","air",-0.576
"jsubf","DAN_TUR","arf",-0.432
"jsubf","DOM_DOM","air",-0.552
"jsubf","DOM_DOM","arf",-0.414
"jsubf","EAC_COD","air",-0.408
"jsubf","EAC_COD","arf",-0.306
"jsubf","EAC_RWA","air",-0.6
"jsubf","EAC_RWA","arf",-0.45
"jsubf","EAC_TZA","air",-0.8
"jsubf","EAC_TZA","arf",-0.45
"jsubf","EAU_AUS","air",-0.48
"jsubf","EAU_AUS","arf",-0.4
"jsubf","EGH_IND","air",-0.528
"jsubf","EGH_IND","arf",-0.528
"jsubf","EME_CYP","air",-0.624
"jsubf","EME_CYP","arf",-0.468
"jsubf","EME_EGY","air",-0.6
"jsubf","EME_EGY","arf",-0.45
"jsubf","EME_ISR","air",-0.456
"jsubf","EME_ISR","arf",-0.38
"jsubf","EME_JOR","air",-0.624
"jsubf","EME_JOR","arf",-0.52
"jsubf","EME_LBN","air",-0.624
"jsubf","EME_LBN","arf",-0.468
"jsubf","EME_SYR","air",-0.624
"jsubf","EME_SYR","arf",-0.468
"jsubf","EME_TUR","air",-0.576
"jsubf","EME_TUR","arf",-0.432
"jsubf","FJI_FJI","air",-0.36
"jsubf","FJI_FJI","arf",-0.3
"jsubf","GAN_BGD","air",-0.504
"jsubf","GAN_BGD","arf",-0.378
"jsubf","GAN_CHM","air",-0.408
"jsubf","GAN_CHM","arf",-0.306
"jsubf","GAN_IND","air",-0.528
"jsubf","GAN_IND","arf",-0.528
"jsubf","GAN_NPL","air",-0.48
"jsubf","GAN_NPL","arf",-0.36
"jsubf","GBA_USA","air",-0.648
"jsubf","GBA_USA","arf",-0.648
"jsubf","GEO_GEO","air",-0.648
"jsubf","GEO_GEO","arf",-0.486
"jsubf","GLA_USA","air",-0.648
"jsubf","GLA_USA","arf",-0.648
"jsubf","GOD_IND","air",-0.528
"jsubf","GOD_IND","arf",-0.528
"jsubf","GRC_GRC","air",-0.456
"jsubf","GRC_GRC","arf",-0.38
"jsubf","GSA_GSA","air",-0.644
"jsubf","GSA_GSA","arf",-0.414
"jsubf","GTM_GTM","air",-0.552
"jsubf","GTM_GTM","arf",-0.414
"jsubf","HAI_CHM","air",-0.408
"jsubf","HAI_CHM","arf",-0.306
"jsubf","HND_HND","air",-0.552
"jsubf","HND_HND","arf",-0.414
"jsubf","HOA_ETH","air",-0.704
"jsubf","HOA_ETH","arf",-0.396
"jsubf","HOA_KEN","air",-0.8
"jsubf","HOA_KEN","arf",-0.45
"jsubf","HOA_SOM","air",-0.528
"jsubf","HOA_SOM","arf",-0.396
"jsubf","HTI_HTI","air",-0.552
"jsubf","HTI_HTI","arf",-0.46
"jsubf","HUA_CHM","air",-0.408
"jsubf","HUA_CHM","arf",-0.306
"jsubf","HUN_CHM","air",-0.408
"jsubf","HUN_CHM","arf",-0.306
"jsubf","HWI_USA","air",-0.648
"jsubf","HWI_USA","arf",-0.648
"jsubf","IEC_IND","air",-0.528
"jsubf","IEC_IND","arf",-0.528
"jsubf","IND_CHM","air",-0.408
"jsubf","IND_CHM","arf",-0.306
"jsubf","IND_IND","air",-0.528
"jsubf","IND_IND","arf",-0.528
"jsubf","IND_PAK","air",-0.408
"jsubf","IND_PAK","arf",-0.408
"jsubf","INE_IDN","air",-0.48
"jsubf","INE_IDN","arf",-0.36
"jsubf","INW_IDN","air",-0.48
"jsubf","INW_IDN","arf",-0.36
"jsubf","ITA_ITP","air",-0.624
"jsubf","ITA_ITP","arf",-0.52
"jsubf","JAM_JAM","air",-0.36
"jsubf","JAM_JAM","arf",-0.27
"jsubf","JAP_JPN","air",-0.528
"jsubf","JAP_JPN","arf",-0.44
"jsubf","KAL_BWA","air",-0.416
"jsubf","KAL_BWA","arf",-0.52
"jsubf","KAL_NAM","air",-0.416
"jsubf","KAL_NAM","arf",-0.52
"jsubf","KAL_ZAF","air",-0.456
"jsubf","KAL_ZAF","arf",-0.342
"jsubf","KRI_IND","air",-0.528
"jsubf","KRI_IND","arf",-0.528
"jsubf","LAJ_CHM","air",-0.408
"jsubf","LAJ_CHM","arf",-0.306
"jsubf","LBA_KAZ","air",-0.576
"jsubf","LBA_KAZ","arf",-0.432
"jsubf","LBO_FRP","air",-0.624
"jsubf","LBO_FRP","arf",-0.52
"jsubf","LCB_CAF","air",-0.408
"jsubf","LCB_CAF","arf",-0.306
"jsubf","LCB_CMR","air",-0.306
"jsubf","LCB_CMR","arf",-0.306
"jsubf","LCB_NER","air",-0.528
"jsubf","LCB_NER","arf",-0.396
"jsubf","LCB_NGA","air",-0.728
"jsubf","LCB_NGA","arf",-0.52
"jsubf","LCB_TCD","air",-0.528
"jsubf","LCB_TCD","arf",-0.396
"jsubf","LIM_BWA","air",-0.416
"jsubf","LIM_BWA","arf",-0.52
"jsubf","LIM_MOZ","air",-0.676
"jsubf","LIM_MOZ","arf",-0.468
"jsubf","LIM_ZAF","air",-0.456
"jsubf","LIM_ZAF","arf",-0.342
"jsubf","LIM_ZWE","air",-0.676
"jsubf","LIM_ZWE","arf",-0.52
"jsubf","LMO_CHM","air",-0.408
"jsubf","LMO_CHM","arf",-0.306
"jsubf","LTZ_KAZ","air",-0.576
"jsubf","LTZ_KAZ","arf",-0.432
"jsubf","LUN_IND","air",-0.528
"jsubf","LUN_IND","arf",-0.528
"jsubf","MAD_MDG","air",-0.624
"jsubf","MAD_MDG","arf",-0.468
"jsubf","MAT_IND","air",-0.528
"jsubf","MAT_IND","arf",-0.528
"jsubf","MAU_AUS","air",-0.48
"jsubf","MAU_AUS","arf",-0.4
"jsubf","MEK_KHM","air",-0.48
"jsubf","MEK_KHM","arf",-0.27
"jsubf","MEK_LAO","air",-0.48
"jsubf","MEK_LAO","arf",-0.27
"jsubf","MEK_MMR","air",-0.384
"jsubf","MEK_MMR","arf",-0.288
"jsubf","MEK_THA","air",-0.528
"jsubf","MEK_THA","arf",-0.396
"jsubf","MEK_VNM","air",-0.456
"jsubf","MEK_VNM","arf",-0.342
"jsubf","MHN_IND","air",-0.528
"jsubf","MHN_IND","arf",-0.528
"jsubf","MIM_MEX","air",-0.624
"jsubf","MIM_MEX","arf",-0.52
"jsubf","MIS_USA","air",-0.648
"jsubf","MIS_USA","arf",-0.648
"jsubf","MOU_USA","air",-0.648
"jsubf","MOU_USA","arf",-0.648
"jsubf","NAC_DZA","air",-0.624
"jsubf","NAC_DZA","arf",-0.468
"jsubf","NAC_EGY","air",-0.6
"jsubf","NAC_EGY","arf",-0.45
"jsubf","NAC_LBY","air",-0.624
"jsubf","NAC_LBY","arf",-0.468
"jsubf","NAC_TUN","air",-0.624
"jsubf","NAC_TUN","arf",-0.52
"jsubf","NEB_BRA","air",-0.72
"jsubf","NEB_BRA","arf",-0.54
"jsubf","NIC_NIC","air",-0.552
"jsubf","NIC_NIC","arf",-0.414
"jsubf","NIG_BEN","air",-0.408
"jsubf","NIG_BEN","arf",-0.306
"jsubf","NIG_BFA","air",-0.528
"jsubf","NIG_BFA","arf",-0.396
"jsubf","NIG_CIV","air",-0.408
"jsubf","NIG_CIV","arf",-0.306
"jsubf","NIG_CMR","air",-0.306
"jsubf","NIG_CMR","arf",-0.306
"jsubf","NIG_GIN","air",-0.408
"jsubf","NIG_GIN","arf",-0.306
"jsubf","NIG_MLI","air",-0.528
"jsubf","NIG_MLI","arf",-0.396
"jsubf","NIG_NER","air",-0.528
"jsubf","NIG_NER","arf",-0.396
"jsubf","NIG_NGA","air",-0.728
"jsubf","NIG_NGA","arf",-0.52
"jsubf","NIG_TCD","air",-0.528
"jsubf","NIG_TCD","arf",-0.396
"jsubf","NLL_DJI","air",-0.4
"jsubf","NLL_DJI","arf",-0.45
"jsubf","NLL_EGY","air",-0.6
"jsubf","NLL_EGY","arf",-0.45
"jsubf","NLL_ETH","air",-0.704
"jsubf","NLL_ETH","arf",-0.396
"jsubf","NLL_SDN","air",-0.528
"jsubf","NLL_SDN","arf",-0.396
"jsubf","NLL_UGA","air",-0.7
"jsubf","NLL_UGA","arf",-0.45
"jsubf","NWA_MOR","air",-0.624
"jsubf","NWA_MOR","arf",-0.468
"jsubf","NWA_MRT","air",-0.528
"jsubf","NWA_MRT","arf",-0.44
"jsubf","NWS_COL","air",-0.624
"jsubf","NWS_COL","arf",-0.468
"jsubf","NWS_ECU","air",-0.552
"jsubf","NWS_ECU","arf",-0.414
"jsubf","NZE_NZL","air",-0.456
"jsubf","NZE_NZL","arf",-0.342
"jsubf","OBB_CHM","air",-0.408
"jsubf","OBB_CHM","arf",-0.306
"jsubf","OBB_KAZ","air",-0.576
"jsubf","OBB_KAZ","arf",-0.432
"jsubf","OHI_USA","air",-0.648
"jsubf","OHI_USA","arf",-0.648
"jsubf","OIO_OIO","air",-0.36
"jsubf","OIO_OIO","arf",-0.3
"jsubf","OPO_OPO","air",-0.36
"jsubf","OPO_OPO","arf",-0.27
"jsubf","ORA_NAM","air",-0.416
"jsubf","ORA_NAM","arf",-0.52
"jsubf","ORA_ZAF","air",-0.456
"jsubf","ORA_ZAF","arf",-0.342
"jsubf","ORI_COL","air",-0.624
"jsubf","ORI_COL","arf",-0.468
"jsubf","ORI_VEN","air",-0.552
"jsubf","ORI_VEN","arf",-0.414
"jsubf","PAN_PAN","air",-0.552
"jsubf","PAN_PAN","arf",-0.414
"jsubf","PAO_PNG","air",-0.36
"jsubf","PAO_PNG","arf",-0.27
"jsubf","PAR_ARG","air",-0.816
"jsubf","PAR_ARG","arf",-0.612
"jsubf","PAR_BOL","air",-0.552
"jsubf","PAR_BOL","arf",-0.414
"jsubf","PAR_BRA","air",-0.72
"jsubf","PAR_BRA","arf",-0.54
"jsubf","PAR_PRY","air",-0.552
"jsubf","PAR_PRY","arf",-0.414
"jsubf","PEC_PER","air",-0.552
"jsubf","PEC_PER","arf",-0.414
"jsubf","PHI_PHL","air",-0.456
"jsubf","PHI_PHL","arf",-0.342
"jsubf","PRT_PRT","air",-0.624
"jsubf","PRT_PRT","arf",-0.468
"jsubf","RAP_RAP","air",-0.624
"jsubf","RAP_RAP","arf",-0.468
"jsubf","RHI_CHP","air",-0.624
"jsubf","RHI_CHP","arf",-0.52
"jsubf","RHI_FRP","air",-0.624
"jsubf","RHI_FRP","arf",-0.52
"jsubf","RHO_FRP","air",-0.624
"jsubf","RHO_FRP","arf",-0.52
"jsubf","RIC_ARG","air",-0.816
"jsubf","RIC_ARG","arf",-0.612
"jsubf","RIG_MEX","air",-0.624
"jsubf","RIG_MEX","arf",-0.52
"jsubf","RIG_USA","air",-0.648
"jsubf","RIG_USA","arf",-0.648
"jsubf","RVE_VEN","air",-0.552
"jsubf","RVE_VEN","arf",-0.414
"jsubf","RVN_VNM","air",-0.456
"jsubf","RVN_VNM","arf",-0.342
"jsubf","RWI_USA","air",-0.648
"jsubf","RWI_USA","arf",-0.648
"jsubf","SAC_SWZ","air",-0.9464
"jsubf","SAC_SWZ","arf",-0.52
"jsubf","SAC_ZAF","air",-0.456
"jsubf","SAC_ZAF","arf",-0.342
"jsubf","SAF_MOZ","air",-0.676
"jsubf","SAF_MOZ","arf",-0.468
"jsubf","SAF_TZA","air",-0.8
"jsubf","SAF_TZA","arf",-0.45
"jsubf","SAF_ZWE","air",-0.676
"jsubf","SAF_ZWE","arf",-0.52
"jsubf","SAH_DZA","air",-0.624
"jsubf","SAH_DZA","arf",-0.468
"jsubf","SAH_EGY","air",-0.6
"jsubf","SAH_EGY","arf",-0.45
"jsubf","SAH_LBY","air",-0.624
"jsubf","SAH_LBY","arf",-0.468
"jsubf","SAH_MLI","air",-0.528
"jsubf","SAH_MLI","arf",-0.396
"jsubf","SAH_MOR","air",-0.624
"jsubf","SAH_MOR","arf",-0.468
"jsubf","SAH_MRT","air",-0.528
"jsubf","SAH_MRT","arf",-0.44
"jsubf","SAH_NER","air",-0.528
"jsubf","SAH_NER","arf",-0.396
"jsubf","SAH_SDN","air",-0.528
"jsubf","SAH_SDN","arf",-0.396
"jsubf","SAH_TCD","air",-0.528
"jsubf","SAH_TCD","arf",-0.396
"jsubf","SAL_ARG","air",-0.816
"jsubf","SAL_ARG","arf",-0.612
"jsubf","SAN_BRA","air",-0.72
"jsubf","SAN_BRA","arf",-0.54
"jsubf","SAU_SAU","air",-0.624
"jsubf","SAU_SAU","arf",-0.468
"jsubf","SAY_IND","air",-0.528
"jsubf","SAY_IND","arf",-0.528
"jsubf","SEI_FRP","air",-0.624
"jsubf","SEI_FRP","arf",-0.52
"jsubf","SEN_GIN","air",-0.408
"jsubf","SEN_GIN","arf",-0.306
"jsubf","SEN_MLI","air",-0.528
"jsubf","SEN_MLI","arf",-0.396
"jsubf","SEN_MRT","air",-0.528
"jsubf","SEN_MRT","arf",-0.44
"jsubf","SEN_SEN","air",-0.408
"jsubf","SEN_SEN","arf",-0.306
"jsubf","SEU_USA","air",-0.648
"jsubf","SEU_USA","arf",-0.648
"jsubf","SKP_KOR","air",-0.408
"jsubf","SKP_KOR","arf",-0.34
"jsubf","SLV_SLV","air",-0.552
"jsubf","SLV_SLV","arf",-0.414
"jsubf","SON_CHM","air",-0.408
"jsubf","SON_CHM","arf",-0.306
"jsubf","SPP_SPP","air",-0.624
"jsubf","SPP_SPP","arf",-0.52
"jsubf","SRL_LKA","air",-0.48
"jsubf","SRL_LKA","arf",-0.36
"jsubf","SYD_KAZ","air",-0.576
"jsubf","SYD_KAZ","arf",-0.432
"jsubf","SYD_TJK","air",-0.576
"jsubf","SYD_TJK","arf",-0.432
"jsubf","SYD_UZB","air",-0.576
"jsubf","SYD_UZB","arf",-0.432
"jsubf","TIE_ARG","air",-0.816
"jsubf","TIE_ARG","arf",-0.612
"jsubf","TIG_IRN","air",-0.624
"jsubf","TIG_IRN","arf",-0.52
"jsubf","TIG_IRQ","air",-0.624
"jsubf","TIG_IRQ","arf",-0.52
"jsubf","TIG_SYR","air",-0.624
"jsubf","TIG_SYR","arf",-0.468
"jsubf","TIG_TUR","air",-0.576
"jsubf","TIG_TUR","arf",-0.432
"jsubf","TLS_TLS","air",-0.39
"jsubf","TLS_TLS","arf",-0.27
"jsubf","TMM_BGD","air",-0.504
"jsubf","TMM_BGD","arf",-0.378
"jsubf","TMM_MMR","air",-0.384
"jsubf","TMM_MMR","arf",-0.288
"jsubf","TMM_MYS","air",-0.48
"jsubf","TMM_MYS","arf",-0.4
"jsubf","TMM_THA","air",-0.528
"jsubf","TMM_THA","arf",-0.396
"jsubf","TOC_BRA","air",-0.72
"jsubf","TOC_BRA","arf",-0.54
"jsubf","TWN_CHM","air",-0.408
"jsubf","TWN_CHM","arf",-0.306
"jsubf","UME_MEX","air",-0.624
"jsubf","UME_MEX","arf",-0.52
"jsubf","URA_KAZ","air",-0.576
"jsubf","URA_KAZ","arf",-0.432
"jsubf","URU_BRA","air",-0.72
"jsubf","URU_BRA","arf",-0.54
"jsubf","URU_URY","air",-0.552
"jsubf","URU_URY","arf",-0.414
"jsubf","USN_USA","air",-0.648
"jsubf","USN_USA","arf",-0.648
"jsubf","VOT_BEN","air",-0.408
"jsubf","VOT_BEN","arf",-0.306
"jsubf","VOT_BFA","air",-0.528
"jsubf","VOT_BFA","arf",-0.396
"jsubf","VOT_CIV","air",-0.408
"jsubf","VOT_CIV","arf",-0.306
"jsubf","VOT_GHA","air",-0.544
"jsubf","VOT_GHA","arf",-0.306
"jsubf","VOT_MLI","air",-0.528
"jsubf","VOT_MLI","arf",-0.396
"jsubf","VOT_TGO","air",-0.408
"jsubf","VOT_TGO","arf",-0.306
"jsubf","WAC_CIV","air",-0.408
"jsubf","WAC_CIV","arf",-0.306
"jsubf","WAC_GIN","air",-0.408
"jsubf","WAC_GIN","arf",-0.306
"jsubf","WAC_GNB","air",-0.408
"jsubf","WAC_GNB","arf",-0.306
"jsubf","WAC_LBR","air",-0.272
"jsubf","WAC_LBR","arf",-0.34
"jsubf","WAC_SEN","air",-0.408
"jsubf","WAC_SEN","arf",-0.306
"jsubf","WAC_SLE","air",-0.408
"jsubf","WAC_SLE","arf",-0.306
"jsubf","WAI_AFG","air",-0.48
"jsubf","WAI_AFG","arf",-0.36
"jsubf","WAI_IRN","air",-0.624
"jsubf","WAI_IRN","arf",-0.52
"jsubf","WAI_PAK","air",-0.408
"jsubf","WAI_PAK","arf",-0.408
"jsubf","WAU_AUS","air",-0.48
"jsubf","WAU_AUS","arf",-0.4
"jsubf","WGM_USA","air",-0.648
"jsubf","WGM_USA","arf",-0.648
"jsubf","YEM_YEM","air",-0.624
"jsubf","YEM_YEM","arf",-0.468
"jsubf","YHE_CHM","air",-0.408
"jsubf","YHE_CHM","arf",-0.306
"jsubf","YRD_CHM","air",-0.408
"jsubf","YRD_CHM","arf",-0.306
"jsubf","YRD_VNM","air",-0.456
"jsubf","YRD_VNM","arf",-0.342
"jsubf","YUC_MEX","air",-0.624
"jsubf","YUC_MEX","arf",-0.52
"jsubf","ZAM_AGO","air",-0.624
"jsubf","ZAM_AGO","arf",-0.468
"jsubf","ZAM_BWA","air",-0.416
"jsubf","ZAM_BWA","arf",-0.52
"jsubf","ZAM_COD","air",-0.408
"jsubf","ZAM_COD","arf",-0.306
"jsubf","ZAM_MOZ","air",-0.676
"jsubf","ZAM_MOZ","arf",-0.468
"jsubf","ZAM_MWI","air",-0.728
"jsubf","ZAM_MWI","arf",-0.468
"jsubf","ZAM_NAM","air",-0.416
"jsubf","ZAM_NAM","arf",-0.52
"jsubf","ZAM_TZA","air",-0.8
"jsubf","ZAM_TZA","arf",-0.45
"jsubf","ZAM_ZMB","air",-0.78
"jsubf","ZAM_ZMB","arf",-0.468
"jsubf","ZAM_ZWE","air",-0.676
"jsubf","ZAM_ZWE","arf",-0.52
"jsubf","ZHJ_CHM","air",-0.408
"jsubf","ZHJ_CHM","arf",-0.306
"jtemf","ALB_ALB","air",-0.528
"jtemf","ALB_ALB","arf",-0.44
"jtemf","ALK_USA","air",-0.6
"jtemf","ALK_USA","arf",-0.6
"jtemf","AMA_BOL","air",-0.384
"jtemf","AMA_BOL","arf",-0.288
"jtemf","AMA_BRA","air",-0.648
"jtemf","AMA_BRA","arf",-0.486
"jtemf","AMA_COL","air",-0.456
"jtemf","AMA_COL","arf",-0.342
"jtemf","AMA_ECU","air",-0.384
"jtemf","AMA_ECU","arf",-0.288
"jtemf","AMA_PER","air",-0.384
"jtemf","AMA_PER","arf",-0.288
"jtemf","AMD_AFG","air",-0.36
"jtemf","AMD_AFG","arf",-0.27
"jtemf","AMD_TJK","air",-0.456
"jtemf","AMD_TJK","arf",-0.342
"jtemf","AMD_TKM","air",-0.456
"jtemf","AMD_TKM","arf",-0.342
"jtemf","AMD_UZB","air",-0.456
"jtemf","AMD_UZB","arf",-0.342
"jtemf","AMR_CHM","air",-0.312
"jtemf","AMR_CHM","arf",-0.234
"jtemf","AMR_RUS","air",-0.528
"jtemf","AMR_RUS","arf",-0.396
"jtemf","ARA_IRQ","air",-0.552
"jtemf","ARA_IRQ","arf",-0.46
"jtemf","ARK_USA","air",-0.6
"jtemf","ARK_USA","arf",-0.6
"jtemf","ARM_ARM","air",-0.528
"jtemf","ARM_ARM","arf",-0.396
"jtemf","AZE_AZE","air",-0.528
"jtemf","AZE_AZE","arf",-0.396
"jtemf","BAL_BLT","air",-0.528
"jtemf","BAL_BLT","arf",-0.44
"jtemf","BAL_RUS","air",-0.528
"jtemf","BAL_RUS","arf",-0.396
"jtemf","BLA_RUS","air",-0.528
"jtemf","BLA_RUS","arf",-0.396
"jtemf","BLA_TUR","air",-0.432
"jtemf","BLA_TUR","arf",-0.324
"jtemf","BLA_UKR","air",-0.528
"jtemf","BLA_UKR","arf",-0.396
"jtemf","BRT_BTN","air",-0.36
"jtemf","BRT_BTN","arf",-0.27
"jtemf","BRT_CHM","air",-0.312
"jtemf","BRT_CHM","arf",-0.234
"jtemf","BRT_IND","air",-0.432
"jtemf","BRT_IND","arf",-0.432
"jtemf","CAF_NAM","air",-0.304
"jtemf","CAF_NAM","arf",-0.38
"jtemf","CAL_USA","air",-0.6
"jtemf","CAL_USA","arf",-0.6
"jtemf","CAN_CAN","air",-0.7
"jtemf","CAN_CAN","arf",-0.6
"jtemf","CAU_AUS","air",-0.528
"jtemf","CAU_AUS","arf",-0.44
"jtemf","CAV_IND","air",-0.432
"jtemf","CAV_IND","arf",-0.432
"jtemf","CHC_CHL","air",-0.384
"jtemf","CHC_CHL","arf",-0.288
"jtemf","CHJ_CHM","air",-0.312
"jtemf","CHJ_CHM","arf",-0.234
"jtemf","CHO_IND","air",-0.432
"jtemf","CHO_IND","arf",-0.432
"jtemf","CHU_KAZ","air",-0.456
"jtemf","CHU_KAZ","arf",-0.342
"jtemf","CHU_KGZ","air",-0.456
"jtemf","CHU_KGZ","arf",-0.342
"jtemf","COB_CAN","air",-0.7
"jtemf","COB_CAN","arf",-0.6
"jtemf","COB_USA","air",-0.6
"jtemf","COB_USA","arf",-0.6
"jtemf","COL_USA","air",-0.6
"jtemf","COL_USA","arf",-0.6
"jtemf","CUB_CUB","air",-0.448
"jtemf","CUB_CUB","arf",-0.288
"jtemf","DAN_AUT","air",-0.624
"jtemf","DAN_AUT","arf",-0.52
"jtemf","DAN_BGR","air",-0.528
"jtemf","DAN_BGR","arf",-0.396
"jtemf","DAN_CZE","air",-0.528
"jtemf","DAN_CZE","arf",-0.44
"jtemf","DAN_DEU","air",-0.624
"jtemf","DAN_DEU","arf",-0.52
"jtemf","DAN_HRV","air",-0.484
"jtemf","DAN_HRV","arf",-0.44
"jtemf","DAN_HUN","air",-0.528
"jtemf","DAN_HUN","arf",-0.396
"jtemf","DAN_MDA","air",-0.528
"jtemf","DAN_MDA","arf",-0.396
"jtemf","DAN_OBN","air",-0.528
"jtemf","DAN_OBN","arf",-0.396
"jtemf","DAN_ROU","air",-0.528
"jtemf","DAN_ROU","arf",-0.396
"jtemf","DAN_SVK","air",-0.528
"jtemf","DAN_SVK","arf",-0.396
"jtemf","DAN_SVN","air",-0.396
"jtemf","DAN_SVN","arf",-0.396
"jtemf","DAN_TUR","air",-0.432
"jtemf","DAN_TUR","arf",-0.324
"jtemf","DAN_UKR","air",-0.528
"jtemf","DAN_UKR","arf",-0.396
"jtemf","DNI_BLR","air",-0.528
"jtemf","DNI_BLR","arf",-0.396
"jtemf","DNI_RUS","air",-0.528
"jtemf","DNI_RUS","arf",-0.396
"jtemf","DNI_UKR","air",-0.528
"jtemf","DNI_UKR","arf",-0.396
"jtemf","EAC_TZA","air",-0.704
"jtemf","EAC_TZA","arf",-0.396
"jtemf","EAU_AUS","air",-0.528
"jtemf","EAU_AUS","arf",-0.44
"jtemf","EGH_IND","air",-0.432
"jtemf","EGH_IND","arf",-0.432
"jtemf","ELB_DEU","air",-0.624
"jtemf","ELB_DEU","arf",-0.52
"jtemf","ELB_DNK","air",-0.624
"jtemf","ELB_DNK","arf",-0.52
"jtemf","EME_CYP","air",-0.552
"jtemf","EME_CYP","arf",-0.414
"jtemf","EME_EGY","air",-0.576
"jtemf","EME_EGY","arf",-0.432
"jtemf","EME_ISR","air",-0.6
"jtemf","EME_ISR","arf",-0.5
"jtemf","EME_JOR","air",-0.552
"jtemf","EME_JOR","arf",-0.46
"jtemf","EME_LBN","air",-0.552
"jtemf","EME_LBN","arf",-0.414
"jtemf","EME_SYR","air",-0.552
"jtemf","EME_SYR","arf",-0.414
"jtemf","EME_TUR","air",-0.432
"jtemf","EME_TUR","arf",-0.324
"jtemf","FNP_FNP","air",-0.624
"jtemf","FNP_FNP","arf",-0.468
"jtemf","GAN_CHM","air",-0.312
"jtemf","GAN_CHM","arf",-0.234
"jtemf","GAN_IND","air",-0.432
"jtemf","GAN_IND","arf",-0.432
"jtemf","GAN_NPL","air",-0.36
"jtemf","GAN_NPL","arf",-0.27
"jtemf","GBA_USA","air",-0.6
"jtemf","GBA_USA","arf",-0.6
"jtemf","GEO_GEO","air",-0.528
"jtemf","GEO_GEO","arf",-0.396
"jtemf","GLA_CAN","air",-0.7
"jtemf","GLA_CAN","arf",-0.6
"jtemf","GLA_USA","air",-0.6
"jtemf","GLA_USA","arf",-0.6
"jtemf","GOD_IND","air",-0.432
"jtemf","GOD_IND","arf",-0.432
"jtemf","GRC_GRC","air",-0.528
"jtemf","GRC_GRC","arf",-0.44
"jtemf","GTM_GTM","air",-0.384
"jtemf","GTM_GTM","arf",-0.288
"jtemf","HAI_CHM","air",-0.312
"jtemf","HAI_CHM","arf",-0.234
"jtemf","HND_HND","air",-0.384
"jtemf","HND_HND","arf",-0.288
"jtemf","HOA_ETH","air",-0.544
"jtemf","HOA_ETH","arf",-0.306
"jtemf","HOA_KEN","air",-0.704
"jtemf","HOA_KEN","arf",-0.396
"jtemf","HUA_CHM","air",-0.312
"jtemf","HUA_CHM","arf",-0.234
"jtemf","HUN_CHM","air",-0.312
"jtemf","HUN_CHM","arf",-0.234
"jtemf","HWI_USA","air",-0.6
"jtemf","HWI_USA","arf",-0.6
"jtemf","IEC_IND","air",-0.432
"jtemf","IEC_IND","arf",-0.432
"jtemf","IND_CHM","air",-0.312
"jtemf","IND_CHM","arf",-0.234
"jtemf","IND_IND","air",-0.432
"jtemf","IND_IND","arf",-0.432
"jtemf","IND_PAK","air",-0.384
"jtemf","IND_PAK","arf",-0.384
"jtemf","IRL_IRL","air",-0.624
"jtemf","IRL_IRL","arf",-0.468
"jtemf","ITA_ITP","air",-0.624
"jtemf","ITA_ITP","arf",-0.52
"jtemf","JAP_JPN","air",-0.432
"jtemf","JAP_JPN","arf",-0.36
"jtemf","KAL_NAM","air",-0.304
"jtemf","KAL_NAM","arf",-0.38
"jtemf","KAL_ZAF","air",-0.6
"jtemf","KAL_ZAF","arf",-0.45
"jtemf","KRI_IND","air",-0.432
"jtemf","KRI_IND","arf",-0.432
"jtemf","LAJ_CHM","air",-0.312
"jtemf","LAJ_CHM","arf",-0.234
"jtemf","LBA_KAZ","air",-0.456
"jtemf","LBA_KAZ","arf",-0.342
"jtemf","LBO_FRP","air",-0.624
"jtemf","LBO_FRP","arf",-0.52
"jtemf","LIM_ZAF","air",-0.6
"jtemf","LIM_ZAF","arf",-0.45
"jtemf","LIM_ZWE","air",-0.494
"jtemf","LIM_ZWE","arf",-0.38
"jtemf","LMO_CHM","air",-0.312
"jtemf","LMO_CHM","arf",-0.234
"jtemf","LTZ_KAZ","air",-0.456
"jtemf","LTZ_KAZ","arf",-0.342
"jtemf","LUN_IND","air",-0.432
"jtemf","LUN_IND","arf",-0.432
"jtemf","MAD_MDG","air",-0.456
"jtemf","MAD_MDG","arf",-0.342
"jtemf","MAT_IND","air",-0.432
"jtemf","MAT_IND","arf",-0.432
"jtemf","MAU_AUS","air",-0.528
"jtemf","MAU_AUS","arf",-0.44
"jtemf","MCK_CAN","air",-0.7
"jtemf","MCK_CAN","arf",-0.6
"jtemf","MEK_THA","air",-0.336
"jtemf","MEK_THA","arf",-0.252
"jtemf","MEK_VNM","air",-0.288
"jtemf","MEK_VNM","arf",-0.216
"jtemf","MHN_IND","air",-0.432
"jtemf","MHN_IND","arf",-0.432
"jtemf","MIM_MEX","air",-0.432
"jtemf","MIM_MEX","arf",-0.36
"jtemf","MIS_USA","air",-0.6
"jtemf","MIS_USA","arf",-0.6
"jtemf","MOU_USA","air",-0.6
"jtemf","MOU_USA","arf",-0.6
"jtemf","NAC_DZA","air",-0.552
"jtemf","NAC_DZA","arf",-0.414
"jtemf","NAC_EGY","air",-0.576
"jtemf","NAC_EGY","arf",-0.432
"jtemf","NAC_LBY","air",-0.552
"jtemf","NAC_LBY","arf",-0.414
"jtemf","NAC_TUN","air",-0.552
"jtemf","NAC_TUN","arf",-0.46
"jtemf","NEB_BRA","air",-0.648
"jtemf","NEB_BRA","arf",-0.486
"jtemf","NER_RUS","air",-0.528
"jtemf","NER_RUS","arf",-0.396
"jtemf","NLL_EGY","air",-0.576
"jtemf","NLL_EGY","arf",-0.432
"jtemf","NLL_ETH","air",-0.544
"jtemf","NLL_ETH","arf",-0.306
"jtemf","NOR_NOR","air",-0.624
"jtemf","NOR_NOR","arf",-0.52
"jtemf","NWA_MOR","air",-0.552
"jtemf","NWA_MOR","arf",-0.414
"jtemf","NWS_COL","air",-0.456
"jtemf","NWS_COL","arf",-0.342
"jtemf","NWS_ECU","air",-0.384
"jtemf","NWS_ECU","arf",-0.288
"jtemf","NZE_NZL","air",-0.6
"jtemf","NZE_NZL","arf",-0.45
"jtemf","OBB_CHM","air",-0.312
"jtemf","OBB_CHM","arf",-0.234
"jtemf","OBB_KAZ","air",-0.456
"jtemf","OBB_KAZ","arf",-0.342
"jtemf","OBB_RUS","air",-0.528
"jtemf","OBB_RUS","arf",-0.396
"jtemf","ODE_DEU","air",-0.624
"jtemf","ODE_DEU","arf",-0.52
"jtemf","ODE_POL","air",-0.528
"jtemf","ODE_POL","arf",-0.44
"jtemf","ODE_RUS","air",-0.528
"jtemf","ODE_RUS","arf",-0.396
"jtemf","OHI_USA","air",-0.6
"jtemf","OHI_USA","arf",-0.6
"jtemf","ORA_NAM","air",-0.304
"jtemf","ORA_NAM","arf",-0.38
"jtemf","ORA_ZAF","air",-0.6
"jtemf","ORA_ZAF","arf",-0.45
"jtemf","ORI_COL","air",-0.456
"jtemf","ORI_COL","arf",-0.342
"jtemf","ORI_VEN","air",-0.384
"jtemf","ORI_VEN","arf",-0.288
"jtemf","PAR_ARG","air",-0.528
"jtemf","PAR_ARG","arf",-0.396
"jtemf","PAR_BOL","air",-0.384
"jtemf","PAR_BOL","arf",-0.288
"jtemf","PAR_BRA","air",-0.648
"jtemf","PAR_BRA","arf",-0.486
"jtemf","PAR_PRY","air",-0.384
"jtemf","PAR_PRY","arf",-0.288
"jtemf","PEC_PER","air",-0.384
"jtemf","PEC_PER","arf",-0.288
"jtemf","PHI_PHL","air",-0.288
"jtemf","PHI_PHL","arf",-0.216
"jtemf","PRT_PRT","air",-0.624
"jtemf","PRT_PRT","arf",-0.468
"jtemf","RAP_RAP","air",-0.552
"jtemf","RAP_RAP","arf",-0.414
"jtemf","RHI_BLX","air",-0.624
"jtemf","RHI_BLX","arf",-0.52
"jtemf","RHI_CHP","air",-0.624
"jtemf","RHI_CHP","arf",-0.52
"jtemf","RHI_DEU","air",-0.624
"jtemf","RHI_DEU","arf",-0.52
"jtemf","RHI_FRP","air",-0.624
"jtemf","RHI_FRP","arf",-0.52
"jtemf","RHI_NLD","air",-0.624
"jtemf","RHI_NLD","arf",-0.468
"jtemf","RHO_FRP","air",-0.624
"jtemf","RHO_FRP","arf",-0.52
"jtemf","RIC_ARG","air",-0.528
"jtemf","RIC_ARG","arf",-0.396
"jtemf","RIG_MEX","air",-0.432
"jtemf","RIG_MEX","arf",-0.36
"jtemf","RIG_USA","air",-0.6
"jtemf","RIG_USA","arf",-0.6
"jtemf","RRS_RUS","air",-0.528
"jtemf","RRS_RUS","arf",-0.396
"jtemf","RVE_VEN","air",-0.384
"jtemf","RVE_VEN","arf",-0.288
"jtemf","RVN_VNM","air",-0.288
"jtemf","RVN_VNM","arf",-0.216
"jtemf","RWI_CAN","air",-0.7
"jtemf","RWI_CAN","arf",-0.6
"jtemf","RWI_USA","air",-0.6
"jtemf","RWI_USA","arf",-0.6
"jtemf","SAC_ZAF","air",-0.6
"jtemf","SAC_ZAF","arf",-0.45
"jtemf","SAF_TZA","air",-0.704
"jtemf","SAF_TZA","arf",-0.396
"jtemf","SAF_ZWE","air",-0.494
"jtemf","SAF_ZWE","arf",-0.38
"jtemf","SAH_DZA","air",-0.552
"jtemf","SAH_DZA","arf",-0.414
"jtemf","SAH_EGY","air",-0.576
"jtemf","SAH_EGY","arf",-0.432
"jtemf","SAH_LBY","air",-0.552
"jtemf","SAH_LBY","arf",-0.414
"jtemf","SAH_MOR","air",-0.552
"jtemf","SAH_MOR","arf",-0.414
"jtemf","SAL_ARG","air",-0.528
"jtemf","SAL_ARG","arf",-0.396
"jtemf","SAN_BRA","air",-0.648
"jtemf","SAN_BRA","arf",-0.486
"jtemf","SAU_SAU","air",-0.552
"jtemf","SAU_SAU","arf",-0.414
"jtemf","SAY_IND","air",-0.432
"jtemf","SAY_IND","arf",-0.432
"jtemf","SEI_FRP","air",-0.624
"jtemf","SEI_FRP","arf",-0.52
"jtemf","SEU_USA","air",-0.6
"jtemf","SEU_USA","arf",-0.6
"jtemf","SKP_KOR","air",-0.384
"jtemf","SKP_KOR","arf",-0.32
"jtemf","SLV_SLV","air",-0.384
"jtemf","SLV_SLV","arf",-0.288
"jtemf","SON_CHM","air",-0.312
"jtemf","SON_CHM","arf",-0.234
"jtemf","SPP_SPP","air",-0.624
"jtemf","SPP_SPP","arf",-0.52
"jtemf","SWE_SWE","air",-0.624
"jtemf","SWE_SWE","arf",-0.52
"jtemf","SYD_KAZ","air",-0.456
"jtemf","SYD_KAZ","arf",-0.342
"jtemf","SYD_KGZ","air",-0.456
"jtemf","SYD_KGZ","arf",-0.342
"jtemf","SYD_TJK","air",-0.456
"jtemf","SYD_TJK","arf",-0.342
"jtemf","SYD_UZB","air",-0.456
"jtemf","SYD_UZB","arf",-0.342
"jtemf","TIE_ARG","air",-0.528
"jtemf","TIE_ARG","arf",-0.396
"jtemf","TIG_IRN","air",-0.552
"jtemf","TIG_IRN","arf",-0.46
"jtemf","TIG_IRQ","air",-0.552
"jtemf","TIG_IRQ","arf",-0.46
"jtemf","TIG_SYR","air",-0.552
"jtemf","TIG_SYR","arf",-0.414
"jtemf","TIG_TUR","air",-0.432
"jtemf","TIG_TUR","arf",-0.324
"jtemf","TMM_THA","air",-0.336
"jtemf","TMM_THA","arf",-0.252
"jtemf","TOC_BRA","air",-0.648
"jtemf","TOC_BRA","arf",-0.486
"jtemf","TWN_CHM","air",-0.312
"jtemf","TWN_CHM","arf",-0.234
"jtemf","UKP_UKP","air",-0.624
"jtemf","UKP_UKP","arf",-0.468
"jtemf","UME_MEX","air",-0.432
"jtemf","UME_MEX","arf",-0.36
"jtemf","UMO_RUS","air",-0.528
"jtemf","UMO_RUS","arf",-0.396
"jtemf","URA_KAZ","air",-0.456
"jtemf","URA_KAZ","arf",-0.342
"jtemf","URA_RUS","air",-0.528
"jtemf","URA_RUS","arf",-0.396
"jtemf","URA_TKM","air",-0.456
"jtemf","URA_TKM","arf",-0.342
"jtemf","URU_BRA","air",-0.648
"jtemf","URU_BRA","arf",-0.486
"jtemf","URU_URY","air",-0.384
"jtemf","URU_URY","arf",-0.288
"jtemf","USN_USA","air",-0.6
"jtemf","USN_USA","arf",-0.6
"jtemf","VOG_RUS","air",-0.528
"jtemf","VOG_RUS","arf",-0.396
"jtemf","WAI_AFG","air",-0.36
"jtemf","WAI_AFG","arf",-0.27
"jtemf","WAI_IRN","air",-0.552
"jtemf","WAI_IRN","arf",-0.46
"jtemf","WAI_PAK","air",-0.384
"jtemf","WAI_PAK","arf",-0.384
"jtemf","WAI_TKM","air",-0.456
"jtemf","WAI_TKM","arf",-0.342
"jtemf","WAU_AUS","air",-0.528
"jtemf","WAU_AUS","arf",-0.44
"jtemf","WGM_USA","air",-0.6
"jtemf","WGM_USA","arf",-0.6
"jtemf","YEM_YEM","air",-0.552
"jtemf","YEM_YEM","arf",-0.414
"jtemf","YEN_RUS","air",-0.528
"jtemf","YEN_RUS","arf",-0.396
"jtemf","YHE_CHM","air",-0.312
"jtemf","YHE_CHM","arf",-0.234
"jtemf","YRD_CHM","air",-0.312
"jtemf","YRD_CHM","arf",-0.234
"jtemf","YRD_VNM","air",-0.288
"jtemf","YRD_VNM","arf",-0.216
"jtemf","YUC_MEX","air",-0.432
"jtemf","YUC_MEX","arf",-0.36
"jtemf","ZAM_MWI","air",-0.532
"jtemf","ZAM_MWI","arf",-0.342
"jtemf","ZAM_NAM","air",-0.304
"jtemf","ZAM_NAM","arf",-0.38
"jtemf","ZAM_TZA","air",-0.704
"jtemf","ZAM_TZA","arf",-0.396
"jtemf","ZAM_ZWE","air",-0.494
"jtemf","ZAM_ZWE","arf",-0.38
"jtemf","ZHJ_CHM","air",-0.312
"jtemf","ZHJ_CHM","arf",-0.234
"jvege","ALB_ALB","air",-0.816
"jvege","ALB_ALB","arf",-0.68
"jvege","ALK_USA","air",-0.888
"jvege","ALK_USA","arf",-0.888
"jvege","AMA_BOL","air",-0.624
"jvege","AMA_BOL","arf",-0.468
"jvege","AMA_BRA","air",-0.888
"jvege","AMA_BRA","arf",-0.666
"jvege","AMA_COL","air",-0.768
"jvege","AMA_COL","arf",-0.576
"jvege","AMA_ECU","air",-0.624
"jvege","AMA_ECU","arf",-0.468
"jvege","AMA_PER","air",-0.624
"jvege","AMA_PER","arf",-0.468
"jvege","AMD_AFG","air",-0.48
"jvege","AMD_AFG","arf",-0.36
"jvege","AMD_TJK","air",-0.648
"jvege","AMD_TJK","arf",-0.486
"jvege","AMD_TKM","air",-0.648
"jvege","AMD_TKM","arf",-0.486
"jvege","AMD_UZB","air",-0.648
"jvege","AMD_UZB","arf",-0.486
"jvege","AMR_CHM","air",-0.528
"jvege","AMR_CHM","arf",-0.396
"jvege","AMR_RUS","air",-0.768
"jvege","AMR_RUS","arf",-0.576
"jvege","ARA_IRQ","air",-0.744
"jvege","ARA_IRQ","arf",-0.62
"jvege","ARK_USA","air",-0.888
"jvege","ARK_USA","arf",-0.888
"jvege","ARM_ARM","air",-0.768
"jvege","ARM_ARM","arf",-0.576
"jvege","AZE_AZE","air",-0.768
"jvege","AZE_AZE","arf",-0.576
"jvege","BAL_BLT","air",-0.768
"jvege","BAL_BLT","arf",-0.64
"jvege","BAL_RUS","air",-0.768
"jvege","BAL_RUS","arf",-0.576
"jvege","BLA_RUS","air",-0.768
"jvege","BLA_RUS","arf",-0.576
"jvege","BLA_TUR","air",-0.6
"jvege","BLA_TUR","arf",-0.45
"jvege","BLA_UKR","air",-0.768
"jvege","BLA_UKR","arf",-0.576
"jvege","BLZ_BLZ","air",-0.624
"jvege","BLZ_BLZ","arf",-0.468
"jvege","BOR_IDN","air",-0.48
"jvege","BOR_IDN","arf",-0.36
"jvege","BOR_MYS","air",-0.6
"jvege","BOR_MYS","arf",-0.5
"jvege","BRT_BGD","air",-0.528
"jvege","BRT_BGD","arf",-0.396
"jvege","BRT_BTN","air",-0.48
"jvege","BRT_BTN","arf",-0.36
"jvege","BRT_CHM","air",-0.528
"jvege","BRT_CHM","arf",-0.396
"jvege","BRT_IND","air",-0.624
"jvege","BRT_IND","arf",-0.624
"jvege","CAF_AGO","air",-0.864
"jvege","CAF_AGO","arf",-0.648
"jvege","CAF_CAF","air",-0.648
"jvege","CAF_CAF","arf",-0.486
"jvege","CAF_CMR","air",-0.486
"jvege","CAF_CMR","arf",-0.486
"jvege","CAF_COG","air",-0.594
"jvege","CAF_COG","arf",-0.486
"jvege","CAF_GAB","air",-0.486
"jvege","CAF_GAB","arf",-0.486
"jvege","CAF_NAM","air",-0.576
"jvege","CAF_NAM","arf",-0.72
"jvege","CAL_USA","air",-0.888
"jvege","CAL_USA","arf",-0.888
"jvege","CAN_CAN","air",-0.896
"jvege","CAN_CAN","arf",-0.768
"jvege","CAU_AUS","air",-0.816
"jvege","CAU_AUS","arf",-0.68
"jvege","CAV_IND","air",-0.624
"jvege","CAV_IND","arf",-0.624
"jvege","CHC_CHL","air",-0.624
"jvege","CHC_CHL","arf",-0.468
"jvege","CHJ_CHM","air",-0.528
"jvege","CHJ_CHM","arf",-0.396
"jvege","CHO_IND","air",-0.624
"jvege","CHO_IND","arf",-0.624
"jvege","CHU_KAZ","air",-0.648
"jvege","CHU_KAZ","arf",-0.486
"jvege","CHU_KGZ","air",-0.648
"jvege","CHU_KGZ","arf",-0.486
"jvege","COB_CAN","air",-0.896
"jvege","COB_CAN","arf",-0.768
"jvege","COB_USA","air",-0.888
"jvege","COB_USA","arf",-0.888
"jvege","COL_USA","air",-0.888
"jvege","COL_USA","arf",-0.888
"jvege","CON_AGO","air",-0.864
"jvege","CON_AGO","arf",-0.648
"jvege","CON_CAF","air",-0.648
"jvege","CON_CAF","arf",-0.486
"jvege","CON_COD","air",-0.648
"jvege","CON_COD","arf",-0.486
"jvege","CON_COG","air",-0.594
"jvege","CON_COG","arf",-0.486
"jvege","CRB_CRB","air",-0.44
"jvege","CRB_CRB","arf",-0.4
"jvege","CRI_CRI","air",-0.624
"jvege","CRI_CRI","arf",-0.468
"jvege","CUB_CUB","air",-0.728
"jvege","CUB_CUB","arf",-0.468
"jvege","DAN_AUT","air",-0.84
"jvege","DAN_AUT","arf",-0.7
"jvege","DAN_BGR","air",-0.816
"jvege","DAN_BGR","arf",-0.612
"jvege","DAN_CZE","air",-0.816
"jvege","DAN_CZE","arf",-0.68
"jvege","DAN_DEU","air",-0.84
"jvege","DAN_DEU","arf",-0.7
"jvege","DAN_HRV","air",-0.748
"jvege","DAN_HRV","arf",-0.68
"jvege","DAN_HUN","air",-0.816
"jvege","DAN_HUN","arf",-0.612
"jvege","DAN_MDA","air",-0.816
"jvege","DAN_MDA","arf",-0.612
"jvege","DAN_OBN","air",-0.816
"jvege","DAN_OBN","arf",-0.612
"jvege","DAN_ROU","air",-0.816
"jvege","DAN_ROU","arf",-0.612
"jvege","DAN_SVK","air",-0.816
"jvege","DAN_SVK","arf",-0.612
"jvege","DAN_SVN","air",-0.612
"jvege","DAN_SVN","arf",-0.612
"jvege","DAN_TUR","air",-0.6
"jvege","DAN_TUR","arf",-0.45
"jvege","DAN_UKR","air",-0.768
"jvege","DAN_UKR","arf",-0.576
"jvege","DNI_BLR","air",-0.768
"jvege","DNI_BLR","arf",-0.576
"jvege","DNI_RUS","air",-0.768
"jvege","DNI_RUS","arf",-0.576
"jvege","DNI_UKR","air",-0.768
"jvege","DNI_UKR","arf",-0.576
"jvege","DOM_DOM","air",-0.624
"jvege","DOM_DOM","arf",-0.468
"jvege","EAC_BDI","air",-0.912
"jvege","EAC_BDI","arf",-0.684
"jvege","EAC_COD","air",-0.648
"jvege","EAC_COD","arf",-0.486
"jvege","EAC_RWA","air",-0.912
"jvege","EAC_RWA","arf",-0.684
"jvege","EAC_TZA","air",-1.216
"jvege","EAC_TZA","arf",-0.684
"jvege","EAU_AUS","air",-0.816
"jvege","EAU_AUS","arf",-0.68
"jvege","EGH_IND","air",-0.624
"jvege","EGH_IND","arf",-0.624
"jvege","ELB_DEU","air",-0.84
"jvege","ELB_DEU","arf",-0.7
"jvege","ELB_DNK","air",-0.84
"jvege","ELB_DNK","arf",-0.7
"jvege","EME_CYP","air",-0.744
"jvege","EME_CYP","arf",-0.558
"jvege","EME_EGY","air",-0.888
"jvege","EME_EGY","arf",-0.666
"jvege","EME_ISR","air",-0.768
"jvege","EME_ISR","arf",-0.64
"jvege","EME_JOR","air",-0.744
"jvege","EME_JOR","arf",-0.62
"jvege","EME_LBN","air",-0.744
"jvege","EME_LBN","arf",-0.558
"jvege","EME_SYR","air",-0.744
"jvege","EME_SYR","arf",-0.558
"jvege","EME_TUR","air",-0.6
"jvege","EME_TUR","arf",-0.45
"jvege","FJI_FJI","air",-0.48
"jvege","FJI_FJI","arf",-0.4
"jvege","FNP_FNP","air",-0.84
"jvege","FNP_FNP","arf",-0.63
"jvege","GAN_BGD","air",-0.528
"jvege","GAN_BGD","arf",-0.396
"jvege","GAN_CHM","air",-0.528
"jvege","GAN_CHM","arf",-0.396
"jvege","GAN_IND","air",-0.624
"jvege","GAN_IND","arf",-0.624
"jvege","GAN_NPL","air",-0.48
"jvege","GAN_NPL","arf",-0.36
"jvege","GBA_USA","air",-0.888
"jvege","GBA_USA","arf",-0.888
"jvege","GEO_GEO","air",-0.768
"jvege","GEO_GEO","arf",-0.576
"jvege","GLA_CAN","air",-0.896
"jvege","GLA_CAN","arf",-0.768
"jvege","GLA_USA","air",-0.888
"jvege","GLA_USA","arf",-0.888
"jvege","GOD_IND","air",-0.624
"jvege","GOD_IND","arf",-0.624
"jvege","GRC_GRC","air",-0.816
"jvege","GRC_GRC","arf",-0.68
"jvege","GSA_GSA","air",-0.728
"jvege","GSA_GSA","arf",-0.468
"jvege","GTM_GTM","air",-0.624
"jvege","GTM_GTM","arf",-0.468
"jvege","HAI_CHM","air",-0.528
"jvege","HAI_CHM","arf",-0.396
"jvege","HND_HND","air",-0.624
"jvege","HND_HND","arf",-0.468
"jvege","HOA_ETH","air",-1.056
"jvege","HOA_ETH","arf",-0.594
"jvege","HOA_KEN","air",-1.216
"jvege","HOA_KEN","arf",-0.684
"jvege","HOA_SOM","air",-0.792
"jvege","HOA_SOM","arf",-0.594
"jvege","HTI_HTI","air",-0.624
"jvege","HTI_HTI","arf",-0.52
"jvege","HUA_CHM","air",-0.528
"jvege","HUA_CHM","arf",-0.396
"jvege","HUN_CHM","air",-0.528
"jvege","HUN_CHM","arf",-0.396
"jvege","HWI_USA","air",-0.888
"jvege","HWI_USA","arf",-0.888
"jvege","IEC_IND","air",-0.624
"jvege","IEC_IND","arf",-0.624
"jvege","IND_CHM","air",-0.528
"jvege","IND_CHM","arf",-0.396
"jvege","IND_IND","air",-0.624
"jvege","IND_IND","arf",-0.624
"jvege","IND_PAK","air",-0.528
"jvege","IND_PAK","arf",-0.528
"jvege","INE_IDN","air",-0.48
"jvege","INE_IDN","arf",-0.36
"jvege","INW_IDN","air",-0.48
"jvege","INW_IDN","arf",-0.36
"jvege","IRL_IRL","air",-0.84
"jvege","IRL_IRL","arf",-0.63
"jvege","ISL_ISL","air",-0.84
"jvege","ISL_ISL","arf",-0.7
"jvege","ITA_ITP","air",-0.84
"jvege","ITA_ITP","arf",-0.7
"jvege","JAM_JAM","air",-0.48
"jvege","JAM_JAM","arf",-0.36
"jvege","JAP_JPN","air",-0.672
"jvege","JAP_JPN","arf",-0.56
"jvege","KAL_BWA","air",-0.576
"jvege","KAL_BWA","arf",-0.72
"jvege","KAL_NAM","air",-0.576
"jvege","KAL_NAM","arf",-0.72
"jvege","KAL_ZAF","air",-0.768
"jvege","KAL_ZAF","arf",-0.576
"jvege","KRI_IND","air",-0.624
"jvege","KRI_IND","arf",-0.624
"jvege","LAJ_CHM","air",-0.528
"jvege","LAJ_CHM","arf",-0.396
"jvege","LBA_KAZ","air",-0.648
"jvege","LBA_KAZ","arf",-0.486
"jvege","LBO_FRP","air",-0.84
"jvege","LBO_FRP","arf",-0.7
"jvege","LCB_CAF","air",-0.648
"jvege","LCB_CAF","arf",-0.486
"jvege","LCB_CMR","air",-0.486
"jvege","LCB_CMR","arf",-0.486
"jvege","LCB_NER","air",-0.792
"jvege","LCB_NER","arf",-0.594
"jvege","LCB_NGA","air",-0.924
"jvege","LCB_NGA","arf",-0.66
"jvege","LCB_TCD","air",-0.792
"jvege","LCB_TCD","arf",-0.594
"jvege","LIM_BWA","air",-0.576
"jvege","LIM_BWA","arf",-0.72
"jvege","LIM_MOZ","air",-0.936
"jvege","LIM_MOZ","arf",-0.648
"jvege","LIM_ZAF","air",-0.768
"jvege","LIM_ZAF","arf",-0.576
"jvege","LIM_ZWE","air",-0.936
"jvege","LIM_ZWE","arf",-0.72
"jvege","LMO_CHM","air",-0.528
"jvege","LMO_CHM","arf",-0.396
"jvege","LMO_MNG","air",-0.552
"jvege","LMO_MNG","arf",-0.414
"jvege","LTZ_KAZ","air",-0.648
"jvege","LTZ_KAZ","arf",-0.486
"jvege","LUN_IND","air",-0.624
"jvege","LUN_IND","arf",-0.624
"jvege","MAD_MDG","air",-0.864
"jvege","MAD_MDG","arf",-0.648
"jvege","MAT_IND","air",-0.624
"jvege","MAT_IND","arf",-0.624
"jvege","MAU_AUS","air",-0.816
"jvege","MAU_AUS","arf",-0.68
"jvege","MCK_CAN","air",-0.896
"jvege","MCK_CAN","arf",-0.768
"jvege","MEK_KHM","air",-0.768
"jvege","MEK_KHM","arf",-0.432
"jvege","MEK_LAO","air",-0.768
"jvege","MEK_LAO","arf",-0.432
"jvege","MEK_MMR","air",-0.696
"jvege","MEK_MMR","arf",-0.522
"jvege","MEK_THA","air",-0.768
"jvege","MEK_THA","arf",-0.576
"jvege","MEK_VNM","air",-0.552
"jvege","MEK_VNM","arf",-0.414
"jvege","MHN_IND","air",-0.624
"jvege","MHN_IND","arf",-0.624
"jvege","MIM_MEX","air",-0.744
"jvege","MIM_MEX","arf",-0.62
"jvege","MIS_USA","air",-0.888
"jvege","MIS_USA","arf",-0.888
"jvege","MOU_USA","air",-0.888
"jvege","MOU_USA","arf",-0.888
"jvege","NAC_DZA","air",-0.744
"jvege","NAC_DZA","arf",-0.558
"jvege","NAC_EGY","air",-0.888
"jvege","NAC_EGY","arf",-0.666
"jvege","NAC_LBY","air",-0.744
"jvege","NAC_LBY","arf",-0.558
"jvege","NAC_TUN","air",-0.744
"jvege","NAC_TUN","arf",-0.62
"jvege","NEB_BRA","air",-0.888
"jvege","NEB_BRA","arf",-0.666
"jvege","NER_RUS","air",-0.768
"jvege","NER_RUS","arf",-0.576
"jvege","NIC_NIC","air",-0.624
"jvege","NIC_NIC","arf",-0.468
"jvege","NIG_BEN","air",-0.648
"jvege","NIG_BEN","arf",-0.486
"jvege","NIG_BFA","air",-0.792
"jvege","NIG_BFA","arf",-0.594
"jvege","NIG_CIV","air",-0.648
"jvege","NIG_CIV","arf",-0.486
"jvege","NIG_CMR","air",-0.486
"jvege","NIG_CMR","arf",-0.486
"jvege","NIG_GIN","air",-0.648
"jvege","NIG_GIN","arf",-0.486
"jvege","NIG_MLI","air",-0.792
"jvege","NIG_MLI","arf",-0.594
"jvege","NIG_NER","air",-0.792
"jvege","NIG_NER","arf",-0.594
"jvege","NIG_NGA","air",-0.924
"jvege","NIG_NGA","arf",-0.66
"jvege","NIG_TCD","air",-0.792
"jvege","NIG_TCD","arf",-0.594
"jvege","NLL_DJI","air",-0.608
"jvege","NLL_DJI","arf",-0.684
"jvege","NLL_EGY","air",-0.888
"jvege","NLL_EGY","arf",-0.666
"jvege","NLL_ETH","air",-1.056
"jvege","NLL_ETH","arf",-0.594
"jvege","NLL_SDN","air",-0.792
"jvege","NLL_SDN","arf",-0.594
"jvege","NLL_UGA","air",-1.064
"jvege","NLL_UGA","arf",-0.684
"jvege","NOR_NOR","air",-0.84
"jvege","NOR_NOR","arf",-0.7
"jvege","NWA_MOR","air",-0.744
"jvege","NWA_MOR","arf",-0.558
"jvege","NWA_MRT","air",-0.792
"jvege","NWA_MRT","arf",-0.66
"jvege","NWS_COL","air",-0.768
"jvege","NWS_COL","arf",-0.576
"jvege","NWS_ECU","air",-0.624
"jvege","NWS_ECU","arf",-0.468
"jvege","NZE_NZL","air",-0.768
"jvege","NZE_NZL","arf",-0.576
"jvege","OAO_OAO","air",-0.36
"jvege","OAO_OAO","arf",-0.36
"jvege","OBB_CHM","air",-0.528
"jvege","OBB_CHM","arf",-0.396
"jvege","OBB_KAZ","air",-0.648
"jvege","OBB_KAZ","arf",-0.486
"jvege","OBB_RUS","air",-0.768
"jvege","OBB_RUS","arf",-0.576
"jvege","ODE_DEU","air",-0.84
"jvege","ODE_DEU","arf",-0.7
"jvege","ODE_POL","air",-0.816
"jvege","ODE_POL","arf",-0.68
"jvege","ODE_RUS","air",-0.768
"jvege","ODE_RUS","arf",-0.576
"jvege","OHI_USA","air",-0.888
"jvege","OHI_USA","arf",-0.888
"jvege","OIO_OIO","air",-0.48
"jvege","OIO_OIO","arf",-0.4
"jvege","OPO_OPO","air",-0.48
"jvege","OPO_OPO","arf",-0.36
"jvege","ORA_LSO","air",-0.864
"jvege","ORA_LSO","arf",-0.72
"jvege","ORA_NAM","air",-0.576
"jvege","ORA_NAM","arf",-0.72
"jvege","ORA_ZAF","air",-0.768
"jvege","ORA_ZAF","arf",-0.576
"jvege","ORI_COL","air",-0.768
"jvege","ORI_COL","arf",-0.576
"jvege","ORI_VEN","air",-0.624
"jvege","ORI_VEN","arf",-0.468
"jvege","PAN_PAN","air",-0.624
"jvege","PAN_PAN","arf",-0.468
"jvege","PAO_PNG","air",-0.48
"jvege","PAO_PNG","arf",-0.36
"jvege","PAR_ARG","air",-0.816
"jvege","PAR_ARG","arf",-0.612
"jvege","PAR_BOL","air",-0.624
"jvege","PAR_BOL","arf",-0.468
"jvege","PAR_BRA","air",-0.888
"jvege","PAR_BRA","arf",-0.666
"jvege","PAR_PRY","air",-0.624
"jvege","PAR_PRY","arf",-0.468
"jvege","PEC_PER","air",-0.624
"jvege","PEC_PER","arf",-0.468
"jvege","PHI_PHL","air",-0.552
"jvege","PHI_PHL","arf",-0.414
"jvege","PRT_PRT","air",-0.84
"jvege","PRT_PRT","arf",-0.63
"jvege","RAP_RAP","air",-0.744
"jvege","RAP_RAP","arf",-0.558
"jvege","RHI_BLX","air",-0.84
"jvege","RHI_BLX","arf",-0.7
"jvege","RHI_CHP","air",-0.84
"jvege","RHI_CHP","arf",-0.7
"jvege","RHI_DEU","air",-0.84
"jvege","RHI_DEU","arf",-0.7
"jvege","RHI_FRP","air",-0.84
"jvege","RHI_FRP","arf",-0.7
"jvege","RHI_NLD","air",-0.84
"jvege","RHI_NLD","arf",-0.63
"jvege","RHO_FRP","air",-0.84
"jvege","RHO_FRP","arf",-0.7
"jvege","RIC_ARG","air",-0.816
"jvege","RIC_ARG","arf",-0.612
"jvege","RIG_MEX","air",-0.744
"jvege","RIG_MEX","arf",-0.62
"jvege","RIG_USA","air",-0.888
"jvege","RIG_USA","arf",-0.888
"jvege","RRS_RUS","air",-0.768
"jvege","RRS_RUS","arf",-0.576
"jvege","RVE_VEN","air",-0.624
"jvege","RVE_VEN","arf",-0.468
"jvege","RVN_VNM","air",-0.552
"jvege","RVN_VNM","arf",-0.414
"jvege","RWI_CAN","air",-0.896
"jvege","RWI_CAN","arf",-0.768
"jvege","RWI_USA","air",-0.888
"jvege","RWI_USA","arf",-0.888
"jvege","SAC_SWZ","air",-1.3104
"jvege","SAC_SWZ","arf",-0.72
"jvege","SAC_ZAF","air",-0.768
"jvege","SAC_ZAF","arf",-0.576
"jvege","SAF_MOZ","air",-0.936
"jvege","SAF_MOZ","arf",-0.648
"jvege","SAF_TZA","air",-1.216
"jvege","SAF_TZA","arf",-0.684
"jvege","SAF_ZWE","air",-0.936
"jvege","SAF_ZWE","arf",-0.72
"jvege","SAH_DZA","air",-0.744
"jvege","SAH_DZA","arf",-0.558
"jvege","SAH_EGY","air",-0.888
"jvege","SAH_EGY","arf",-0.666
"jvege","SAH_LBY","air",-0.744
"jvege","SAH_LBY","arf",-0.558
"jvege","SAH_MLI","air",-0.792
"jvege","SAH_MLI","arf",-0.594
"jvege","SAH_MOR","air",-0.744
"jvege","SAH_MOR","arf",-0.558
"jvege","SAH_MRT","air",-0.792
"jvege","SAH_MRT","arf",-0.66
"jvege","SAH_NER","air",-0.792
"jvege","SAH_NER","arf",-0.594
"jvege","SAH_SDN","air",-0.792
"jvege","SAH_SDN","arf",-0.594
"jvege","SAH_TCD","air",-0.792
"jvege","SAH_TCD","arf",-0.594
"jvege","SAL_ARG","air",-0.816
"jvege","SAL_ARG","arf",-0.612
"jvege","SAN_BRA","air",-0.888
"jvege","SAN_BRA","arf",-0.666
"jvege","SAU_SAU","air",-0.744
"jvege","SAU_SAU","arf",-0.558
"jvege","SAY_IND","air",-0.624
"jvege","SAY_IND","arf",-0.624
"jvege","SEI_FRP","air",-0.84
"jvege","SEI_FRP","arf",-0.7
"jvege","SEN_GIN","air",-0.648
"jvege","SEN_GIN","arf",-0.486
"jvege","SEN_MLI","air",-0.792
"jvege","SEN_MLI","arf",-0.594
"jvege","SEN_MRT","air",-0.792
"jvege","SEN_MRT","arf",-0.66
"jvege","SEN_SEN","air",-0.648
"jvege","SEN_SEN","arf",-0.486
"jvege","SEU_USA","air",-0.888
"jvege","SEU_USA","arf",-0.888
"jvege","SKP_KOR","air",-0.672
"jvege","SKP_KOR","arf",-0.56
"jvege","SLB_SLB","air",-0.48
"jvege","SLB_SLB","arf",-0.36
"jvege","SLV_SLV","air",-0.624
"jvege","SLV_SLV","arf",-0.468
"jvege","SON_CHM","air",-0.528
"jvege","SON_CHM","arf",-0.396
"jvege","SPP_SPP","air",-0.84
"jvege","SPP_SPP","arf",-0.7
"jvege","SRL_LKA","air",-0.48
"jvege","SRL_LKA","arf",-0.36
"jvege","SWE_SWE","air",-0.84
"jvege","SWE_SWE","arf",-0.7
"jvege","SYD_KAZ","air",-0.648
"jvege","SYD_KAZ","arf",-0.486
"jvege","SYD_KGZ","air",-0.648
"jvege","SYD_KGZ","arf",-0.486
"jvege","SYD_TJK","air",-0.648
"jvege","SYD_TJK","arf",-0.486
"jvege","SYD_UZB","air",-0.648
"jvege","SYD_UZB","arf",-0.486
"jvege","TIE_ARG","air",-0.816
"jvege","TIE_ARG","arf",-0.612
"jvege","TIG_IRN","air",-0.744
"jvege","TIG_IRN","arf",-0.62
"jvege","TIG_IRQ","air",-0.744
"jvege","TIG_IRQ","arf",-0.62
"jvege","TIG_SYR","air",-0.744
"jvege","TIG_SYR","arf",-0.558
"jvege","TIG_TUR","air",-0.6
"jvege","TIG_TUR","arf",-0.45
"jvege","TLS_TLS","air",-0.52
"jvege","TLS_TLS","arf",-0.36
"jvege","TMM_BGD","air",-0.528
"jvege","TMM_BGD","arf",-0.396
"jvege","TMM_MMR","air",-0.696
"jvege","TMM_MMR","arf",-0.522
"jvege","TMM_MYS","air",-0.6
"jvege","TMM_MYS","arf",-0.5
"jvege","TMM_THA","air",-0.768
"jvege","TMM_THA","arf",-0.576
"jvege","TOC_BRA","air",-0.888
"jvege","TOC_BRA","arf",-0.666
"jvege","TWN_CHM","air",-0.528
"jvege","TWN_CHM","arf",-0.396
"jvege","UKP_UKP","air",-0.84
"jvege","UKP_UKP","arf",-0.63
"jvege","UME_MEX","air",-0.744
"jvege","UME_MEX","arf",-0.62
"jvege","UMO_MNG","air",-0.552
"jvege","UMO_MNG","arf",-0.414
"jvege","UMO_RUS","air",-0.768
"jvege","UMO_RUS","arf",-0.576
"jvege","URA_KAZ","air",-0.648
"jvege","URA_KAZ","arf",-0.486
"jvege","URA_RUS","air",-0.768
"jvege","URA_RUS","arf",-0.576
"jvege","URA_TKM","air",-0.648
"jvege","URA_TKM","arf",-0.486
"jvege","URU_BRA","air",-0.888
"jvege","URU_BRA","arf",-0.666
"jvege","URU_URY","air",-0.624
"jvege","URU_URY","arf",-0.468
"jvege","USN_USA","air",-0.888
"jvege","USN_USA","arf",-0.888
"jvege","VOG_RUS","air",-0.768
"jvege","VOG_RUS","arf",-0.576
"jvege","VOT_BEN","air",-0.648
"jvege","VOT_BEN","arf",-0.486
"jvege","VOT_BFA","air",-0.792
"jvege","VOT_BFA","arf",-0.594
"jvege","VOT_CIV","air",-0.648
"jvege","VOT_CIV","arf",-0.486
"jvege","VOT_GHA","air",-0.864
"jvege","VOT_GHA","arf",-0.486
"jvege","VOT_MLI","air",-0.792
"jvege","VOT_MLI","arf",-0.594
"jvege","VOT_TGO","air",-0.648
"jvege","VOT_TGO","arf",-0.486
"jvege","VUT_VUT","air",-0.48
"jvege","VUT_VUT","arf",-0.4
"jvege","WAC_CIV","air",-0.648
"jvege","WAC_CIV","arf",-0.486
"jvege","WAC_GIN","air",-0.648
"jvege","WAC_GIN","arf",-0.486
"jvege","WAC_GMB","air",-0.432
"jvege","WAC_GMB","arf",-0.54
"jvege","WAC_GNB","air",-0.648
"jvege","WAC_GNB","arf",-0.486
"jvege","WAC_LBR","air",-0.432
"jvege","WAC_LBR","arf",-0.54
"jvege","WAC_SEN","air",-0.648
"jvege","WAC_SEN","arf",-0.486
"jvege","WAC_SLE","air",-0.648
"jvege","WAC_SLE","arf",-0.486
"jvege","WAI_AFG","air",-0.48
"jvege","WAI_AFG","arf",-0.36
"jvege","WAI_IRN","air",-0.744
"jvege","WAI_IRN","arf",-0.62
"jvege","WAI_PAK","air",-0.528
"jvege","WAI_PAK","arf",-0.528
"jvege","WAI_TKM","air",-0.648
"jvege","WAI_TKM","arf",-0.486
"jvege","WAU_AUS","air",-0.816
"jvege","WAU_AUS","arf",-0.68
"jvege","WGM_USA","air",-0.888
"jvege","WGM_USA","arf",-0.888
"jvege","YEM_YEM","air",-0.744
"jvege","YEM_YEM","arf",-0.558
"jvege","YEN_RUS","air",-0.768
"jvege","YEN_RUS","arf",-0.576
"jvege","YHE_CHM","air",-0.528
"jvege","YHE_CHM","arf",-0.396
"jvege","YRD_CHM","air",-0.528
"jvege","YRD_CHM","arf",-0.396
"jvege","YRD_VNM","air",-0.552
"jvege","YRD_VNM","arf",-0.414
"jvege","YUC_MEX","air",-0.744
"jvege","YUC_MEX","arf",-0.62
"jvege","ZAM_AGO","air",-0.864
"jvege","ZAM_AGO","arf",-0.648
"jvege","ZAM_BWA","air",-0.576
"jvege","ZAM_BWA","arf",-0.72
"jvege","ZAM_COD","air",-0.648
"jvege","ZAM_COD","arf",-0.486
"jvege","ZAM_MOZ","air",-0.936
"jvege","ZAM_MOZ","arf",-0.648
"jvege","ZAM_MWI","air",-1.008
"jvege","ZAM_MWI","arf",-0.648
"jvege","ZAM_NAM","air",-0.576
"jvege","ZAM_NAM","arf",-0.72
"jvege","ZAM_TZA","air",-1.216
"jvege","ZAM_TZA","arf",-0.684
"jvege","ZAM_ZMB","air",-1.08
"jvege","ZAM_ZMB","arf",-0.648
"jvege","ZAM_ZWE","air",-0.936
"jvege","ZAM_ZWE","arf",-0.72
"jvege","ZHJ_CHM","air",-0.528
"jvege","ZHJ_CHM","arf",-0.396
"jsugc","ALK_USA","air",-0.864
"jsugc","ALK_USA","arf",-0.864
"jsugc","AMA_BOL","air",-0.576
"jsugc","AMA_BOL","arf",-0.432
"jsugc","AMA_BRA","air",-1.3608
"jsugc","AMA_BRA","arf",-1.0206
"jsugc","AMA_COL","air",-0.72
"jsugc","AMA_COL","arf",-0.54
"jsugc","AMA_ECU","air",-0.576
"jsugc","AMA_ECU","arf",-0.432
"jsugc","AMA_PER","air",-0.576
"jsugc","AMA_PER","arf",-0.432
"jsugc","AMD_AFG","air",-0.468
"jsugc","AMD_AFG","arf",-0.351
"jsugc","AMR_CHM","air",-0.54
"jsugc","AMR_CHM","arf",-0.405
"jsugc","ARK_USA","air",-0.864
"jsugc","ARK_USA","arf",-0.864
"jsugc","BLZ_BLZ","air",-0.576
"jsugc","BLZ_BLZ","arf",-0.432
"jsugc","BOR_IDN","air",-0.576
"jsugc","BOR_IDN","arf",-0.432
"jsugc","BOR_MYS","air",-0.504
"jsugc","BOR_MYS","arf",-0.42
"jsugc","BRT_BGD","air",-0.396
"jsugc","BRT_BGD","arf",-0.297
"jsugc","BRT_BTN","air",-0.468
"jsugc","BRT_BTN","arf",-0.351
"jsugc","BRT_CHM","air",-0.54
"jsugc","BRT_CHM","arf",-0.405
"jsugc","BRT_IND","air",-0.432
"jsugc","BRT_IND","arf",-0.432
"jsugc","CAF_AGO","air",-1.044
"jsugc","CAF_AGO","arf",-0.783
"jsugc","CAF_CAF","air",-0.648
"jsugc","CAF_CAF","arf",-0.486
"jsugc","CAF_CMR","air",-0.486
"jsugc","CAF_CMR","arf",-0.486
"jsugc","CAF_COG","air",-0.594
"jsugc","CAF_COG","arf",-0.486
"jsugc","CAF_GAB","air",-0.486
"jsugc","CAF_GAB","arf",-0.486
"jsugc","CAL_USA","air",-0.864
"jsugc","CAL_USA","arf",-0.864
"jsugc","CAU_AUS","air",-0.864
"jsugc","CAU_AUS","arf",-0.72
"jsugc","CAV_IND","air",-0.432
"jsugc","CAV_IND","arf",-0.432
"jsugc","CHJ_CHM","air",-0.54
"jsugc","CHJ_CHM","arf",-0.405
"jsugc","CHO_IND","air",-0.432
"jsugc","CHO_IND","arf",-0.432
"jsugc","COB_USA","air",-0.864
"jsugc","COB_USA","arf",-0.864
"jsugc","COL_USA","air",-0.864
"jsugc","COL_USA","arf",-0.864
"jsugc","CON_AGO","air",-1.044
"jsugc","CON_AGO","arf",-0.783
"jsugc","CON_CAF","air",-0.648
"jsugc","CON_CAF","arf",-0.486
"jsugc","CON_COD","air",-0.648
"jsugc","CON_COD","arf",-0.486
"jsugc","CON_COG","air",-0.594
"jsugc","CON_COG","arf",-0.486
"jsugc","CRB_CRB","air",-0.429
"jsugc","CRB_CRB","arf",-0.39
"jsugc","CRI_CRI","air",-0.576
"jsugc","CRI_CRI","arf",-0.432
"jsugc","CUB_CUB","air",-0.672
"jsugc","CUB_CUB","arf",-0.432
"jsugc","DOM_DOM","air",-0.576
"jsugc","DOM_DOM","arf",-0.432
"jsugc","EAC_BDI","air",-0.972
"jsugc","EAC_BDI","arf",-0.729
"jsugc","EAC_COD","air",-0.648
"jsugc","EAC_COD","arf",-0.486
"jsugc","EAC_RWA","air",-0.972
"jsugc","EAC_RWA","arf",-0.729
"jsugc","EAC_TZA","air",-1.296
"jsugc","EAC_TZA","arf",-0.729
"jsugc","EAU_AUS","air",-0.864
"jsugc","EAU_AUS","arf",-0.72
"jsugc","EGH_IND","air",-0.432
"jsugc","EGH_IND","arf",-0.432
"jsugc","EME_EGY","air",-0.936
"jsugc","EME_EGY","arf",-0.702
"jsugc","FJI_FJI","air",-0.468
"jsugc","FJI_FJI","arf",-0.39
"jsugc","GAN_BGD","air",-0.396
"jsugc","GAN_BGD","arf",-0.297
"jsugc","GAN_CHM","air",-0.54
"jsugc","GAN_CHM","arf",-0.405
"jsugc","GAN_IND","air",-0.432
"jsugc","GAN_IND","arf",-0.432
"jsugc","GAN_NPL","air",-0.468
"jsugc","GAN_NPL","arf",-0.351
"jsugc","GBA_USA","air",-0.864
"jsugc","GBA_USA","arf",-0.864
"jsugc","GLA_USA","air",-0.864
"jsugc","GLA_USA","arf",-0.864
"jsugc","GOD_IND","air",-0.432
"jsugc","GOD_IND","arf",-0.432
"jsugc","GSA_GSA","air",-0.672
"jsugc","GSA_GSA","arf",-0.432
"jsugc","GTM_GTM","air",-0.576
"jsugc","GTM_GTM","arf",-0.432
"jsugc","HAI_CHM","air",-0.54
"jsugc","HAI_CHM","arf",-0.405
"jsugc","HND_HND","air",-0.576
"jsugc","HND_HND","arf",-0.432
"jsugc","HOA_ETH","air",-1.056
"jsugc","HOA_ETH","arf",-0.594
"jsugc","HOA_KEN","air",-1.296
"jsugc","HOA_KEN","arf",-0.729
"jsugc","HOA_SOM","air",-0.792
"jsugc","HOA_SOM","arf",-0.594
"jsugc","HTI_HTI","air",-0.576
"jsugc","HTI_HTI","arf",-0.48
"jsugc","HUA_CHM","air",-0.54
"jsugc","HUA_CHM","arf",-0.405
"jsugc","HUN_CHM","air",-0.54
"jsugc","HUN_CHM","arf",-0.405
"jsugc","HWI_USA","air",-0.864
"jsugc","HWI_USA","arf",-0.864
"jsugc","IEC_IND","air",-0.432
"jsugc","IEC_IND","arf",-0.432
"jsugc","IND_CHM","air",-0.54
"jsugc","IND_CHM","arf",-0.405
"jsugc","IND_IND","air",-0.432
"jsugc","IND_IND","arf",-0.432
"jsugc","IND_PAK","air",-0.396
"jsugc","IND_PAK","arf",-0.396
"jsugc","INE_IDN","air",-0.576
"jsugc","INE_IDN","arf",-0.432
"jsugc","INW_IDN","air",-0.576
"jsugc","INW_IDN","arf",-0.432
"jsugc","JAM_JAM","air",-0.468
"jsugc","JAM_JAM","arf",-0.351
"jsugc","JAP_JPN","air",-0.72
"jsugc","JAP_JPN","arf",-0.6
"jsugc","KAL_ZAF","air",-0.828
"jsugc","KAL_ZAF","arf",-0.621
"jsugc","KRI_IND","air",-0.432
"jsugc","KRI_IND","arf",-0.432
"jsugc","LAJ_CHM","air",-0.54
"jsugc","LAJ_CHM","arf",-0.405
"jsugc","LCB_CAF","air",-0.648
"jsugc","LCB_CAF","arf",-0.486
"jsugc","LCB_CMR","air",-0.486
"jsugc","LCB_CMR","arf",-0.486
"jsugc","LCB_NER","air",-0.792
"jsugc","LCB_NER","arf",-0.594
"jsugc","LCB_NGA","air",-0.966
"jsugc","LCB_NGA","arf",-0.69
"jsugc","LCB_TCD","air",-0.792
"jsugc","LCB_TCD","arf",-0.594
"jsugc","LIM_MOZ","air",-1.131
"jsugc","LIM_MOZ","arf",-0.783
"jsugc","LIM_ZAF","air",-0.828
"jsugc","LIM_ZAF","arf",-0.621
"jsugc","LIM_ZWE","air",-1.131
"jsugc","LIM_ZWE","arf",-0.87
"jsugc","LMO_CHM","air",-0.54
"jsugc","LMO_CHM","arf",-0.405
"jsugc","LUN_IND","air",-0.432
"jsugc","LUN_IND","arf",-0.432
"jsugc","MAD_MDG","air",-1.044
"jsugc","MAD_MDG","arf",-0.783
"jsugc","MAT_IND","air",-0.432
"jsugc","MAT_IND","arf",-0.432
"jsugc","MAU_AUS","air",-0.864
"jsugc","MAU_AUS","arf",-0.72
"jsugc","MEK_KHM","air",-0.816
"jsugc","MEK_KHM","arf",-0.459
"jsugc","MEK_LAO","air",-0.816
"jsugc","MEK_LAO","arf",-0.459
"jsugc","MEK_MMR","air",-0.54
"jsugc","MEK_MMR","arf",-0.405
"jsugc","MEK_THA","air",-0.648
"jsugc","MEK_THA","arf",-0.486
"jsugc","MEK_VNM","air",-0.54
"jsugc","MEK_VNM","arf",-0.405
"jsugc","MHN_IND","air",-0.432
"jsugc","MHN_IND","arf",-0.432
"jsugc","MIM_MEX","air",-0.72
"jsugc","MIM_MEX","arf",-0.6
"jsugc","MIS_USA","air",-0.864
"jsugc","MIS_USA","arf",-0.864
"jsugc","MOU_USA","air",-0.864
"jsugc","MOU_USA","arf",-0.864
"jsugc","NAC_EGY","air",-0.936
"jsugc","NAC_EGY","arf",-0.702
"jsugc","NEB_BRA","air",-1.3608
"jsugc","NEB_BRA","arf",-1.0206
"jsugc","NIC_NIC","air",-0.576
"jsugc","NIC_NIC","arf",-0.432
"jsugc","NIG_BEN","air",-0.648
"jsugc","NIG_BEN","arf",-0.486
"jsugc","NIG_BFA","air",-0.792
"jsugc","NIG_BFA","arf",-0.594
"jsugc","NIG_CIV","air",-0.648
"jsugc","NIG_CIV","arf",-0.486
"jsugc","NIG_CMR","air",-0.486
"jsugc","NIG_CMR","arf",-0.486
"jsugc","NIG_GIN","air",-0.648
"jsugc","NIG_GIN","arf",-0.486
"jsugc","NIG_MLI","air",-0.792
"jsugc","NIG_MLI","arf",-0.594
"jsugc","NIG_NER","air",-0.792
"jsugc","NIG_NER","arf",-0.594
"jsugc","NIG_NGA","air",-0.966
"jsugc","NIG_NGA","arf",-0.69
"jsugc","NIG_TCD","air",-0.792
"jsugc","NIG_TCD","arf",-0.594
"jsugc","NLL_DJI","air",-0.648
"jsugc","NLL_DJI","arf",-0.729
"jsugc","NLL_EGY","air",-0.936
"jsugc","NLL_EGY","arf",-0.702
"jsugc","NLL_ETH","air",-1.056
"jsugc","NLL_ETH","arf",-0.594
"jsugc","NLL_SDN","air",-0.792
"jsugc","NLL_SDN","arf",-0.594
"jsugc","NLL_UGA","air",-1.134
"jsugc","NLL_UGA","arf",-0.729
"jsugc","NWA_MOR","air",-0.72
"jsugc","NWA_MOR","arf",-0.54
"jsugc","NWS_COL","air",-0.72
"jsugc","NWS_COL","arf",-0.54
"jsugc","NWS_ECU","air",-0.576
"jsugc","NWS_ECU","arf",-0.432
"jsugc","OAO_OAO","air",-0.351
"jsugc","OAO_OAO","arf",-0.351
"jsugc","OBB_CHM","air",-0.54
"jsugc","OBB_CHM","arf",-0.405
"jsugc","OHI_USA","air",-0.864
"jsugc","OHI_USA","arf",-0.864
"jsugc","OIO_OIO","air",-0.468
"jsugc","OIO_OIO","arf",-0.39
"jsugc","OPO_OPO","air",-0.468
"jsugc","OPO_OPO","arf",-0.351
"jsugc","ORA_ZAF","air",-0.828
"jsugc","ORA_ZAF","arf",-0.621
"jsugc","ORI_COL","air",-0.72
"jsugc","ORI_COL","arf",-0.54
"jsugc","ORI_VEN","air",-0.576
"jsugc","ORI_VEN","arf",-0.432
"jsugc","PAN_PAN","air",-0.576
"jsugc","PAN_PAN","arf",-0.432
"jsugc","PAO_PNG","air",-0.468
"jsugc","PAO_PNG","arf",-0.351
"jsugc","PAR_ARG","air",-0.864
"jsugc","PAR_ARG","arf",-0.648
"jsugc","PAR_BOL","air",-0.576
"jsugc","PAR_BOL","arf",-0.432
"jsugc","PAR_BRA","air",-1.3608
"jsugc","PAR_BRA","arf",-1.0206
"jsugc","PAR_PRY","air",-0.576
"jsugc","PAR_PRY","arf",-0.432
"jsugc","PEC_PER","air",-0.576
"jsugc","PEC_PER","arf",-0.432
"jsugc","PHI_PHL","air",-0.648
"jsugc","PHI_PHL","arf",-0.486
"jsugc","RAP_RAP","air",-0.72
"jsugc","RAP_RAP","arf",-0.54
"jsugc","RIC_ARG","air",-0.864
"jsugc","RIC_ARG","arf",-0.648
"jsugc","RIG_MEX","air",-0.72
"jsugc","RIG_MEX","arf",-0.6
"jsugc","RIG_USA","air",-0.864
"jsugc","RIG_USA","arf",-0.864
"jsugc","RVE_VEN","air",-0.576
"jsugc","RVE_VEN","arf",-0.432
"jsugc","RVN_VNM","air",-0.54
"jsugc","RVN_VNM","arf",-0.405
"jsugc","RWI_USA","air",-0.864
"jsugc","RWI_USA","arf",-0.864
"jsugc","SAC_SWZ","air",-1.5834
"jsugc","SAC_SWZ","arf",-0.87
"jsugc","SAC_ZAF","air",-0.828
"jsugc","SAC_ZAF","arf",-0.621
"jsugc","SAF_MOZ","air",-1.131
"jsugc","SAF_MOZ","arf",-0.783
"jsugc","SAF_TZA","air",-1.296
"jsugc","SAF_TZA","arf",-0.729
"jsugc","SAF_ZWE","air",-1.131
"jsugc","SAF_ZWE","arf",-0.87
"jsugc","SAH_EGY","air",-0.936
"jsugc","SAH_EGY","arf",-0.702
"jsugc","SAH_MLI","air",-0.792
"jsugc","SAH_MLI","arf",-0.594
"jsugc","SAH_MOR","air",-0.72
"jsugc","SAH_MOR","arf",-0.54
"jsugc","SAH_NER","air",-0.792
"jsugc","SAH_NER","arf",-0.594
"jsugc","SAH_SDN","air",-0.792
"jsugc","SAH_SDN","arf",-0.594
"jsugc","SAH_TCD","air",-0.792
"jsugc","SAH_TCD","arf",-0.594
"jsugc","SAL_ARG","air",-0.864
"jsugc","SAL_ARG","arf",-0.648
"jsugc","SAN_BRA","air",-1.3608
"jsugc","SAN_BRA","arf",-1.0206
"jsugc","SAY_IND","air",-0.432
"jsugc","SAY_IND","arf",-0.432
"jsugc","SEN_GIN","air",-0.648
"jsugc","SEN_GIN","arf",-0.486
"jsugc","SEN_MLI","air",-0.792
"jsugc","SEN_MLI","arf",-0.594
"jsugc","SEN_SEN","air",-0.648
"jsugc","SEN_SEN","arf",-0.486
"jsugc","SEU_USA","air",-0.864
"jsugc","SEU_USA","arf",-0.864
"jsugc","SLV_SLV","air",-0.576
"jsugc","SLV_SLV","arf",-0.432
"jsugc","SON_CHM","air",-0.54
"jsugc","SON_CHM","arf",-0.405
"jsugc","SRL_LKA","air",-0.468
"jsugc","SRL_LKA","arf",-0.351
"jsugc","TIE_ARG","air",-0.864
"jsugc","TIE_ARG","arf",-0.648
"jsugc","TIG_IRN","air",-0.72
"jsugc","TIG_IRN","arf",-0.6
"jsugc","TMM_BGD","air",-0.396
"jsugc","TMM_BGD","arf",-0.297
"jsugc","TMM_MMR","air",-0.54
"jsugc","TMM_MMR","arf",-0.405
"jsugc","TMM_MYS","air",-0.504
"jsugc","TMM_MYS","arf",-0.42
"jsugc","TMM_OSA","air",-0.663
"jsugc","TMM_OSA","arf",-0.459
"jsugc","TMM_THA","air",-0.648
"jsugc","TMM_THA","arf",-0.486
"jsugc","TOC_BRA","air",-1.3608
"jsugc","TOC_BRA","arf",-1.0206
"jsugc","TWN_CHM","air",-0.54
"jsugc","TWN_CHM","arf",-0.405
"jsugc","UME_MEX","air",-0.72
"jsugc","UME_MEX","arf",-0.6
"jsugc","URU_BRA","air",-1.3608
"jsugc","URU_BRA","arf",-1.0206
"jsugc","URU_URY","air",-0.576
"jsugc","URU_URY","arf",-0.432
"jsugc","USN_USA","air",-0.864
"jsugc","USN_USA","arf",-0.864
"jsugc","VOT_BEN","air",-0.648
"jsugc","VOT_BEN","arf",-0.486
"jsugc","VOT_BFA","air",-0.792
"jsugc","VOT_BFA","arf",-0.594
"jsugc","VOT_CIV","air",-0.648
"jsugc","VOT_CIV","arf",-0.486
"jsugc","VOT_GHA","air",-0.864
"jsugc","VOT_GHA","arf",-0.486
"jsugc","VOT_MLI","air",-0.792
"jsugc","VOT_MLI","arf",-0.594
"jsugc","VUT_VUT","air",-0.468
"jsugc","VUT_VUT","arf",-0.39
"jsugc","WAC_CIV","air",-0.648
"jsugc","WAC_CIV","arf",-0.486
"jsugc","WAC_GIN","air",-0.648
"jsugc","WAC_GIN","arf",-0.486
"jsugc","WAC_GNB","air",-0.648
"jsugc","WAC_GNB","arf",-0.486
"jsugc","WAC_LBR","air",-0.432
"jsugc","WAC_LBR","arf",-0.54
"jsugc","WAC_SEN","air",-0.648
"jsugc","WAC_SEN","arf",-0.486
"jsugc","WAC_SLE","air",-0.648
"jsugc","WAC_SLE","arf",-0.486
"jsugc","WAI_AFG","air",-0.468
"jsugc","WAI_AFG","arf",-0.351
"jsugc","WAI_IRN","air",-0.72
"jsugc","WAI_IRN","arf",-0.6
"jsugc","WAI_PAK","air",-0.396
"jsugc","WAI_PAK","arf",-0.396
"jsugc","WAU_AUS","air",-0.864
"jsugc","WAU_AUS","arf",-0.72
"jsugc","WGM_USA","air",-0.864
"jsugc","WGM_USA","arf",-0.864
"jsugc","YHE_CHM","air",-0.54
"jsugc","YHE_CHM","arf",-0.405
"jsugc","YRD_CHM","air",-0.54
"jsugc","YRD_CHM","arf",-0.405
"jsugc","YRD_VNM","air",-0.54
"jsugc","YRD_VNM","arf",-0.405
"jsugc","YUC_MEX","air",-0.72
"jsugc","YUC_MEX","arf",-0.6
"jsugc","ZAM_AGO","air",-1.044
"jsugc","ZAM_AGO","arf",-0.783
"jsugc","ZAM_COD","air",-0.648
"jsugc","ZAM_COD","arf",-0.486
"jsugc","ZAM_MOZ","air",-1.131
"jsugc","ZAM_MOZ","arf",-0.783
"jsugc","ZAM_MWI","air",-1.218
"jsugc","ZAM_MWI","arf",-0.783
"jsugc","ZAM_TZA","air",-1.296
"jsugc","ZAM_TZA","arf",-0.729
"jsugc","ZAM_ZMB","air",-1.305
"jsugc","ZAM_ZMB","arf",-0.783
"jsugc","ZAM_ZWE","air",-1.131
"jsugc","ZAM_ZWE","arf",-0.87
"jsugc","ZHJ_CHM","air",-0.54
"jsugc","ZHJ_CHM","arf",-0.405
"jsugb","ALB_ALB","air",-1.26
"jsugb","ALB_ALB","arf",-1.05
"jsugb","ALK_USA","air",-1.08
"jsugb","ALK_USA","arf",-1.08
"jsugb","AMD_AFG","air",-0.612
"jsugb","AMD_AFG","arf",-0.459
"jsugb","AMD_TKM","air",-0.756
"jsugb","AMD_TKM","arf",-0.567
"jsugb","AMD_UZB","air",-0.756
"jsugb","AMD_UZB","arf",-0.567
"jsugb","AMR_CHM","air",-0.648
"jsugb","AMR_CHM","arf",-0.486
"jsugb","AMR_RUS","air",-0.936
"jsugb","AMR_RUS","arf",-0.702
"jsugb","ARA_IRQ","air",-0.9
"jsugb","ARA_IRQ","arf",-0.75
"jsugb","ARK_USA","air",-1.08
"jsugb","ARK_USA","arf",-1.08
"jsugb","ARM_ARM","air",-0.936
"jsugb","ARM_ARM","arf",-0.702
"jsugb","AZE_AZE","air",-0.936
"jsugb","AZE_AZE","arf",-0.702
"jsugb","BAL_BLT","air",-1.26
"jsugb","BAL_BLT","arf",-1.05
"jsugb","BAL_RUS","air",-0.936
"jsugb","BAL_RUS","arf",-0.702
"jsugb","BLA_RUS","air",-0.936
"jsugb","BLA_RUS","arf",-0.702
"jsugb","BLA_TUR","air",-0.72
"jsugb","BLA_TUR","arf",-0.54
"jsugb","BLA_UKR","air",-0.936
"jsugb","BLA_UKR","arf",-0.702
"jsugb","BRT_CHM","air",-0.648
"jsugb","BRT_CHM","arf",-0.486
"jsugb","CAL_USA","air",-1.08
"jsugb","CAL_USA","arf",-1.08
"jsugb","CAN_CAN","air",-1.344
"jsugb","CAN_CAN","arf",-1.152
"jsugb","CHC_CHL","air",-0.72
"jsugb","CHC_CHL","arf",-0.54
"jsugb","CHJ_CHM","air",-0.648
"jsugb","CHJ_CHM","arf",-0.486
"jsugb","CHU_KAZ","air",-0.756
"jsugb","CHU_KAZ","arf",-0.567
"jsugb","CHU_KGZ","air",-0.756
"jsugb","CHU_KGZ","arf",-0.567
"jsugb","COB_CAN","air",-1.344
"jsugb","COB_CAN","arf",-1.152
"jsugb","COB_USA","air",-1.08
"jsugb","COB_USA","arf",-1.08
"jsugb","COL_USA","air",-1.08
"jsugb","COL_USA","arf",-1.08
"jsugb","DAN_AUT","air",-1.26
"jsugb","DAN_AUT","arf",-1.05
"jsugb","DAN_CZE","air",-1.26
"jsugb","DAN_CZE","arf",-1.05
"jsugb","DAN_DEU","air",-1.26
"jsugb","DAN_DEU","arf",-1.05
"jsugb","DAN_HRV","air",-1.155
"jsugb","DAN_HRV","arf",-1.05
"jsugb","DAN_HUN","air",-1.26
"jsugb","DAN_HUN","arf",-0.945
"jsugb","DAN_MDA","air",-1.26
"jsugb","DAN_MDA","arf",-0.945
"jsugb","DAN_OBN","air",-1.26
"jsugb","DAN_OBN","arf",-0.945
"jsugb","DAN_ROU","air",-1.26
"jsugb","DAN_ROU","arf",-0.945
"jsugb","DAN_SVK","air",-1.26
"jsugb","DAN_SVK","arf",-0.945
"jsugb","DAN_SVN","air",-0.945
"jsugb","DAN_SVN","arf",-0.945
"jsugb","DAN_TUR","air",-0.72
"jsugb","DAN_TUR","arf",-0.54
"jsugb","DAN_UKR","air",-0.936
"jsugb","DAN_UKR","arf",-0.702
"jsugb","DNI_BLR","air",-1.26
"jsugb","DNI_BLR","arf",-0.945
"jsugb","DNI_RUS","air",-0.936
"jsugb","DNI_RUS","arf",-0.702
"jsugb","DNI_UKR","air",-0.936
"jsugb","DNI_UKR","arf",-0.702
"jsugb","ELB_DEU","air",-1.26
"jsugb","ELB_DEU","arf",-1.05
"jsugb","ELB_DNK","air",-1.26
"jsugb","ELB_DNK","arf",-1.05
"jsugb","EME_EGY","air",-1.152
"jsugb","EME_EGY","arf",-0.864
"jsugb","EME_LBN","air",-0.9
"jsugb","EME_LBN","arf",-0.675
"jsugb","EME_SYR","air",-0.9
"jsugb","EME_SYR","arf",-0.675
"jsugb","EME_TUR","air",-0.72
"jsugb","EME_TUR","arf",-0.54
"jsugb","FNP_FNP","air",-1.26
"jsugb","FNP_FNP","arf",-0.945
"jsugb","GAN_CHM","air",-0.648
"jsugb","GAN_CHM","arf",-0.486
"jsugb","GBA_USA","air",-1.08
"jsugb","GBA_USA","arf",-1.08
"jsugb","GLA_CAN","air",-1.344
"jsugb","GLA_CAN","arf",-1.152
"jsugb","GLA_USA","air",-1.08
"jsugb","GLA_USA","arf",-1.08
"jsugb","GRC_GRC","air",-1.26
"jsugb","GRC_GRC","arf",-1.05
"jsugb","HAI_CHM","air",-0.648
"jsugb","HAI_CHM","arf",-0.486
"jsugb","HUA_CHM","air",-0.648
"jsugb","HUA_CHM","arf",-0.486
"jsugb","HUN_CHM","air",-0.648
"jsugb","HUN_CHM","arf",-0.486
"jsugb","HWI_USA","air",-1.08
"jsugb","HWI_USA","arf",-1.08
"jsugb","IND_CHM","air",-0.648
"jsugb","IND_CHM","arf",-0.486
"jsugb","ITA_ITP","air",-1.26
"jsugb","ITA_ITP","arf",-1.05
"jsugb","JAP_JPN","air",-0.72
"jsugb","JAP_JPN","arf",-0.6
"jsugb","LAJ_CHM","air",-0.648
"jsugb","LAJ_CHM","arf",-0.486
"jsugb","LBA_KAZ","air",-0.756
"jsugb","LBA_KAZ","arf",-0.567
"jsugb","LBO_FRP","air",-1.26
"jsugb","LBO_FRP","arf",-1.05
"jsugb","LMO_CHM","air",-0.648
"jsugb","LMO_CHM","arf",-0.486
"jsugb","LTZ_KAZ","air",-0.756
"jsugb","LTZ_KAZ","arf",-0.567
"jsugb","MCK_CAN","air",-1.344
"jsugb","MCK_CAN","arf",-1.152
"jsugb","MIS_USA","air",-1.08
"jsugb","MIS_USA","arf",-1.08
"jsugb","MOU_USA","air",-1.08
"jsugb","MOU_USA","arf",-1.08
"jsugb","NAC_EGY","air",-1.152
"jsugb","NAC_EGY","arf",-0.864
"jsugb","NAC_TUN","air",-0.9
"jsugb","NAC_TUN","arf",-0.75
"jsugb","NER_RUS","air",-0.936
"jsugb","NER_RUS","arf",-0.702
"jsugb","NLL_EGY","air",-1.152
"jsugb","NLL_EGY","arf",-0.864
"jsugb","NWA_MOR","air",-0.9
"jsugb","NWA_MOR","arf",-0.675
"jsugb","OBB_CHM","air",-0.648
"jsugb","OBB_CHM","arf",-0.486
"jsugb","OBB_KAZ","air",-0.756
"jsugb","OBB_KAZ","arf",-0.567
"jsugb","OBB_RUS","air",-0.936
"jsugb","OBB_RUS","arf",-0.702
"jsugb","ODE_DEU","air",-1.26
"jsugb","ODE_DEU","arf",-1.05
"jsugb","ODE_POL","air",-1.26
"jsugb","ODE_POL","arf",-1.05
"jsugb","ODE_RUS","air",-0.936
"jsugb","ODE_RUS","arf",-0.702
"jsugb","OHI_USA","air",-1.08
"jsugb","OHI_USA","arf",-1.08
"jsugb","ORI_VEN","air",-0.72
"jsugb","ORI_VEN","arf",-0.54
"jsugb","RHI_BLX","air",-1.26
"jsugb","RHI_BLX","arf",-1.05
"jsugb","RHI_CHP","air",-1.26
"jsugb","RHI_CHP","arf",-1.05
"jsugb","RHI_DEU","air",-1.26
"jsugb","RHI_DEU","arf",-1.05
"jsugb","RHI_FRP","air",-1.26
"jsugb","RHI_FRP","arf",-1.05
"jsugb","RHI_NLD","air",-1.26
"jsugb","RHI_NLD","arf",-0.945
"jsugb","RHO_FRP","air",-1.26
"jsugb","RHO_FRP","arf",-1.05
"jsugb","RIG_USA","air",-1.08
"jsugb","RIG_USA","arf",-1.08
"jsugb","RRS_RUS","air",-0.936
"jsugb","RRS_RUS","arf",-0.702
"jsugb","RVE_VEN","air",-0.72
"jsugb","RVE_VEN","arf",-0.54
"jsugb","RWI_CAN","air",-1.344
"jsugb","RWI_CAN","arf",-1.152
"jsugb","RWI_USA","air",-1.08
"jsugb","RWI_USA","arf",-1.08
"jsugb","SAH_EGY","air",-1.152
"jsugb","SAH_EGY","arf",-0.864
"jsugb","SAH_MOR","air",-0.9
"jsugb","SAH_MOR","arf",-0.675
"jsugb","SEI_FRP","air",-1.26
"jsugb","SEI_FRP","arf",-1.05
"jsugb","SEU_USA","air",-1.08
"jsugb","SEU_USA","arf",-1.08
"jsugb","SON_CHM","air",-0.648
"jsugb","SON_CHM","arf",-0.486
"jsugb","SPP_SPP","air",-1.26
"jsugb","SPP_SPP","arf",-1.05
"jsugb","SWE_SWE","air",-1.26
"jsugb","SWE_SWE","arf",-1.05
"jsugb","SYD_KAZ","air",-0.756
"jsugb","SYD_KAZ","arf",-0.567
"jsugb","SYD_KGZ","air",-0.756
"jsugb","SYD_KGZ","arf",-0.567
"jsugb","SYD_UZB","air",-0.756
"jsugb","SYD_UZB","arf",-0.567
"jsugb","TIG_IRN","air",-0.9
"jsugb","TIG_IRN","arf",-0.75
"jsugb","TIG_IRQ","air",-0.9
"jsugb","TIG_IRQ","arf",-0.75
"jsugb","TIG_SYR","air",-0.9
"jsugb","TIG_SYR","arf",-0.675
"jsugb","TIG_TUR","air",-0.72
"jsugb","TIG_TUR","arf",-0.54
"jsugb","TWN_CHM","air",-0.648
"jsugb","TWN_CHM","arf",-0.486
"jsugb","UKP_UKP","air",-1.26
"jsugb","UKP_UKP","arf",-0.945
"jsugb","UMO_RUS","air",-0.936
"jsugb","UMO_RUS","arf",-0.702
"jsugb","URA_KAZ","air",-0.756
"jsugb","URA_KAZ","arf",-0.567
"jsugb","URA_RUS","air",-0.936
"jsugb","URA_RUS","arf",-0.702
"jsugb","URA_TKM","air",-0.756
"jsugb","URA_TKM","arf",-0.567
"jsugb","USN_USA","air",-1.08
"jsugb","USN_USA","arf",-1.08
"jsugb","VOG_RUS","air",-0.936
"jsugb","VOG_RUS","arf",-0.702
"jsugb","WAI_AFG","air",-0.612
"jsugb","WAI_AFG","arf",-0.459
"jsugb","WAI_IRN","air",-0.9
"jsugb","WAI_IRN","arf",-0.75
"jsugb","WAI_TKM","air",-0.756
"jsugb","WAI_TKM","arf",-0.567
"jsugb","WGM_USA","air",-1.08
"jsugb","WGM_USA","arf",-1.08
"jsugb","YEN_RUS","air",-0.936
"jsugb","YEN_RUS","arf",-0.702
"jsugb","YHE_CHM","air",-0.648
"jsugb","YHE_CHM","arf",-0.486
"jsugb","YRD_CHM","air",-0.648
"jsugb","YRD_CHM","arf",-0.486
"jsugb","ZHJ_CHM","air",-0.648
"jsugb","ZHJ_CHM","arf",-0.486
"jgrnd","ALK_USA","air",-0.72
"jgrnd","ALK_USA","arf",-0.72
"jgrnd","AMA_BOL","air",-0.8352
"jgrnd","AMA_BOL","arf",-0.6264
"jgrnd","AMA_BRA","air",-0.864
"jgrnd","AMA_BRA","arf",-0.648
"jgrnd","AMA_COL","air",-0.8352
"jgrnd","AMA_COL","arf",-0.6264
"jgrnd","AMA_ECU","air",-0.8352
"jgrnd","AMA_ECU","arf",-0.6264
"jgrnd","AMA_PER","air",-0.8352
"jgrnd","AMA_PER","arf",-0.6264
"jgrnd","AMD_TJK","air",-0.6048
"jgrnd","AMD_TJK","arf",-0.4536
"jgrnd","AMD_UZB","air",-0.6048
"jgrnd","AMD_UZB","arf",-0.4536
"jgrnd","AMR_CHM","air",-0.5184
"jgrnd","AMR_CHM","arf",-0.3888
"jgrnd","ARK_USA","air",-0.72
"jgrnd","ARK_USA","arf",-0.72
"jgrnd","BLA_TUR","air",-0.864
"jgrnd","BLA_TUR","arf",-0.648
"jgrnd","BLZ_BLZ","air",-0.8352
"jgrnd","BLZ_BLZ","arf",-0.6264
"jgrnd","BOR_IDN","air",-0.6336
"jgrnd","BOR_IDN","arf",-0.4752
"jgrnd","BRT_BTN","air",-0.5184
"jgrnd","BRT_BTN","arf",-0.3888
"jgrnd","BRT_CHM","air",-0.5184
"jgrnd","BRT_CHM","arf",-0.3888
"jgrnd","BRT_IND","air",-0.6336
"jgrnd","BRT_IND","arf",-0.6336
"jgrnd","CAF_AGO","air",-0.8352
"jgrnd","CAF_AGO","arf",-0.6264
"jgrnd","CAF_CAF","air",-0.8928
"jgrnd","CAF_CAF","arf",-0.6696
"jgrnd","CAF_CMR","air",-0.6696
"jgrnd","CAF_CMR","arf",-0.6696
"jgrnd","CAF_COG","air",-0.8184
"jgrnd","CAF_COG","arf",-0.6696
"jgrnd","CAF_GAB","air",-0.6696
"jgrnd","CAF_GAB","arf",-0.6696
"jgrnd","CAF_NAM","air",-0.5568
"jgrnd","CAF_NAM","arf",-0.696
"jgrnd","CAL_USA","air",-0.72
"jgrnd","CAL_USA","arf",-0.72
"jgrnd","CAU_AUS","air",-0.8352
"jgrnd","CAU_AUS","arf",-0.696
"jgrnd","CAV_IND","air",-0.6336
"jgrnd","CAV_IND","arf",-0.6336
"jgrnd","CHJ_CHM","air",-0.5184
"jgrnd","CHJ_CHM","arf",-0.3888
"jgrnd","CHO_IND","air",-0.6336
"jgrnd","CHO_IND","arf",-0.6336
"jgrnd","CHU_KAZ","air",-0.6048
"jgrnd","CHU_KAZ","arf",-0.4536
"jgrnd","CHU_KGZ","air",-0.6048
"jgrnd","CHU_KGZ","arf",-0.4536
"jgrnd","COB_USA","air",-0.72
"jgrnd","COB_USA","arf",-0.72
"jgrnd","COL_USA","air",-0.72
"jgrnd","COL_USA","arf",-0.72
"jgrnd","CON_AGO","air",-0.8352
"jgrnd","CON_AGO","arf",-0.6264
"jgrnd","CON_CAF","air",-0.8928
"jgrnd","CON_CAF","arf",-0.6696
"jgrnd","CON_COD","air",-0.8928
"jgrnd","CON_COD","arf",-0.6696
"jgrnd","CON_COG","air",-0.8184
"jgrnd","CON_COG","arf",-0.6696
"jgrnd","CRI_CRI","air",-0.8352
"jgrnd","CRI_CRI","arf",-0.6264
"jgrnd","DAN_TUR","air",-0.864
"jgrnd","DAN_TUR","arf",-0.648
"jgrnd","EAC_BDI","air",-0.9216
"jgrnd","EAC_BDI","arf",-0.6912
"jgrnd","EAC_COD","air",-0.8928
"jgrnd","EAC_COD","arf",-0.6696
"jgrnd","EAC_TZA","air",-1.2288
"jgrnd","EAC_TZA","arf",-0.6912
"jgrnd","EAU_AUS","air",-0.8352
"jgrnd","EAU_AUS","arf",-0.696
"jgrnd","EGH_IND","air",-0.6336
"jgrnd","EGH_IND","arf",-0.6336
"jgrnd","EME_EGY","air",-0.7776
"jgrnd","EME_EGY","arf",-0.5832
"jgrnd","EME_ISR","air",-0.8064
"jgrnd","EME_ISR","arf",-0.672
"jgrnd","EME_PSE","air",-0.9672
"jgrnd","EME_PSE","arf",-0.744
"jgrnd","EME_SYR","air",-0.72
"jgrnd","EME_SYR","arf",-0.54
"jgrnd","EME_TUR","air",-0.864
"jgrnd","EME_TUR","arf",-0.648
"jgrnd","FJI_FJI","air",-0.504
"jgrnd","FJI_FJI","arf",-0.42
"jgrnd","GAN_CHM","air",-0.5184
"jgrnd","GAN_CHM","arf",-0.3888
"jgrnd","GAN_IND","air",-0.6336
"jgrnd","GAN_IND","arf",-0.6336
"jgrnd","GBA_USA","air",-0.72
"jgrnd","GBA_USA","arf",-0.72
"jgrnd","GEO_GEO","air",-0.6048
"jgrnd","GEO_GEO","arf",-0.4536
"jgrnd","GLA_USA","air",-0.72
"jgrnd","GLA_USA","arf",-0.72
"jgrnd","GOD_IND","air",-0.6336
"jgrnd","GOD_IND","arf",-0.6336
"jgrnd","GSA_GSA","air",-0.9744
"jgrnd","GSA_GSA","arf",-0.6264
"jgrnd","GTM_GTM","air",-0.8352
"jgrnd","GTM_GTM","arf",-0.6264
"jgrnd","HAI_CHM","air",-0.5184
"jgrnd","HAI_CHM","arf",-0.3888
"jgrnd","HND_HND","air",-0.8352
"jgrnd","HND_HND","arf",-0.6264
"jgrnd","HOA_ETH","air",-0.8448
"jgrnd","HOA_ETH","arf",-0.4752
"jgrnd","HOA_KEN","air",-1.2288
"jgrnd","HOA_KEN","arf",-0.6912
"jgrnd","HOA_SOM","air",-0.6336
"jgrnd","HOA_SOM","arf",-0.4752
"jgrnd","HTI_HTI","air",-0.8352
"jgrnd","HTI_HTI","arf",-0.696
"jgrnd","HUA_CHM","air",-0.5184
"jgrnd","HUA_CHM","arf",-0.3888
"jgrnd","HUN_CHM","air",-0.5184
"jgrnd","HUN_CHM","arf",-0.3888
"jgrnd","HWI_USA","air",-0.72
"jgrnd","HWI_USA","arf",-0.72
"jgrnd","IEC_IND","air",-0.6336
"jgrnd","IEC_IND","arf",-0.6336
"jgrnd","IND_CHM","air",-0.5184
"jgrnd","IND_CHM","arf",-0.3888
"jgrnd","IND_IND","air",-0.6336
"jgrnd","IND_IND","arf",-0.6336
"jgrnd","IND_PAK","air",-0.5184
"jgrnd","IND_PAK","arf",-0.5184
"jgrnd","INE_IDN","air",-0.6336
"jgrnd","INE_IDN","arf",-0.4752
"jgrnd","INW_IDN","air",-0.6336
"jgrnd","INW_IDN","arf",-0.4752
"jgrnd","JAM_JAM","air",-0.504
"jgrnd","JAM_JAM","arf",-0.378
"jgrnd","JAP_JPN","air",-0.7488
"jgrnd","JAP_JPN","arf",-0.624
"jgrnd","KAL_BWA","air",-0.5568
"jgrnd","KAL_BWA","arf",-0.696
"jgrnd","KAL_NAM","air",-0.5568
"jgrnd","KAL_NAM","arf",-0.696
"jgrnd","KAL_ZAF","air",-0.8064
"jgrnd","KAL_ZAF","arf",-0.6048
"jgrnd","KRI_IND","air",-0.6336
"jgrnd","KRI_IND","arf",-0.6336
"jgrnd","LAJ_CHM","air",-0.5184
"jgrnd","LAJ_CHM","arf",-0.3888
"jgrnd","LBA_KAZ","air",-0.6048
"jgrnd","LBA_KAZ","arf",-0.4536
"jgrnd","LCB_CAF","air",-0.8928
"jgrnd","LCB_CAF","arf",-0.6696
"jgrnd","LCB_CMR","air",-0.6696
"jgrnd","LCB_CMR","arf",-0.6696
"jgrnd","LCB_NER","air",-0.6336
"jgrnd","LCB_NER","arf",-0.4752
"jgrnd","LCB_NGA","air",-0.9072
"jgrnd","LCB_NGA","arf",-0.648
"jgrnd","LCB_TCD","air",-0.6336
"jgrnd","LCB_TCD","arf",-0.4752
"jgrnd","LIM_BWA","air",-0.5568
"jgrnd","LIM_BWA","arf",-0.696
"jgrnd","LIM_MOZ","air",-0.9048
"jgrnd","LIM_MOZ","arf",-0.6264
"jgrnd","LIM_ZAF","air",-0.8064
"jgrnd","LIM_ZAF","arf",-0.6048
"jgrnd","LIM_ZWE","air",-0.9048
"jgrnd","LIM_ZWE","arf",-0.696
"jgrnd","LMO_CHM","air",-0.5184
"jgrnd","LMO_CHM","arf",-0.3888
"jgrnd","LTZ_KAZ","air",-0.6048
"jgrnd","LTZ_KAZ","arf",-0.4536
"jgrnd","LUN_IND","air",-0.6336
"jgrnd","LUN_IND","arf",-0.6336
"jgrnd","MAD_MDG","air",-0.8352
"jgrnd","MAD_MDG","arf",-0.6264
"jgrnd","MAT_IND","air",-0.6336
"jgrnd","MAT_IND","arf",-0.6336
"jgrnd","MAU_AUS","air",-0.8352
"jgrnd","MAU_AUS","arf",-0.696
"jgrnd","MEK_KHM","air",-0.6912
"jgrnd","MEK_KHM","arf",-0.3888
"jgrnd","MEK_LAO","air",-0.6912
"jgrnd","MEK_LAO","arf",-0.3888
"jgrnd","MEK_MMR","air",-0.5472
"jgrnd","MEK_MMR","arf",-0.4104
"jgrnd","MEK_VNM","air",-0.5472
"jgrnd","MEK_VNM","arf",-0.4104
"jgrnd","MHN_IND","air",-0.6336
"jgrnd","MHN_IND","arf",-0.6336
"jgrnd","MIM_MEX","air",-0.864
"jgrnd","MIM_MEX","arf",-0.72
"jgrnd","MIS_USA","air",-0.72
"jgrnd","MIS_USA","arf",-0.72
"jgrnd","MOU_USA","air",-0.72
"jgrnd","MOU_USA","arf",-0.72
"jgrnd","NAC_EGY","air",-0.7776
"jgrnd","NAC_EGY","arf",-0.5832
"jgrnd","NAC_LBY","air",-0.72
"jgrnd","NAC_LBY","arf",-0.54
"jgrnd","NEB_BRA","air",-0.864
"jgrnd","NEB_BRA","arf",-0.648
"jgrnd","NIC_NIC","air",-0.8352
"jgrnd","NIC_NIC","arf",-0.6264
"jgrnd","NIG_BEN","air",-0.8928
"jgrnd","NIG_BEN","arf",-0.6696
"jgrnd","NIG_BFA","air",-0.6336
"jgrnd","NIG_BFA","arf",-0.4752
"jgrnd","NIG_CIV","air",-0.8928
"jgrnd","NIG_CIV","arf",-0.6696
"jgrnd","NIG_CMR","air",-0.6696
"jgrnd","NIG_CMR","arf",-0.6696
"jgrnd","NIG_GIN","air",-0.8928
"jgrnd","NIG_GIN","arf",-0.6696
"jgrnd","NIG_MLI","air",-0.6336
"jgrnd","NIG_MLI","arf",-0.4752
"jgrnd","NIG_NER","air",-0.6336
"jgrnd","NIG_NER","arf",-0.4752
"jgrnd","NIG_NGA","air",-0.9072
"jgrnd","NIG_NGA","arf",-0.648
"jgrnd","NIG_TCD","air",-0.6336
"jgrnd","NIG_TCD","arf",-0.4752
"jgrnd","NLL_EGY","air",-0.7776
"jgrnd","NLL_EGY","arf",-0.5832
"jgrnd","NLL_ERI","air",-0.7392
"jgrnd","NLL_ERI","arf",-0.4752
"jgrnd","NLL_ETH","air",-0.8448
"jgrnd","NLL_ETH","arf",-0.4752
"jgrnd","NLL_SDN","air",-0.6336
"jgrnd","NLL_SDN","arf",-0.4752
"jgrnd","NLL_UGA","air",-1.0752
"jgrnd","NLL_UGA","arf",-0.6912
"jgrnd","NWA_MRT","air",-0.6336
"jgrnd","NWA_MRT","arf",-0.528
"jgrnd","NWS_COL","air",-0.8352
"jgrnd","NWS_COL","arf",-0.6264
"jgrnd","NWS_ECU","air",-0.8352
"jgrnd","NWS_ECU","arf",-0.6264
"jgrnd","OBB_CHM","air",-0.5184
"jgrnd","OBB_CHM","arf",-0.3888
"jgrnd","OBB_KAZ","air",-0.6048
"jgrnd","OBB_KAZ","arf",-0.4536
"jgrnd","OHI_USA","air",-0.72
"jgrnd","OHI_USA","arf",-0.72
"jgrnd","OIO_OIO","air",-0.504
"jgrnd","OIO_OIO","arf",-0.42
"jgrnd","OPO_OPO","air",-0.504
"jgrnd","OPO_OPO","arf",-0.378
"jgrnd","ORA_NAM","air",-0.5568
"jgrnd","ORA_NAM","arf",-0.696
"jgrnd","ORA_ZAF","air",-0.8064
"jgrnd","ORA_ZAF","arf",-0.6048
"jgrnd","ORI_COL","air",-0.8352
"jgrnd","ORI_COL","arf",-0.6264
"jgrnd","ORI_VEN","air",-0.8352
"jgrnd","ORI_VEN","arf",-0.6264
"jgrnd","PAO_PNG","air",-0.504
"jgrnd","PAO_PNG","arf",-0.378
"jgrnd","PAR_ARG","air",-0.9216
"jgrnd","PAR_ARG","arf",-0.6912
"jgrnd","PAR_BOL","air",-0.8352
"jgrnd","PAR_BOL","arf",-0.6264
"jgrnd","PAR_BRA","air",-0.864
"jgrnd","PAR_BRA","arf",-0.648
"jgrnd","PAR_PRY","air",-0.8352
"jgrnd","PAR_PRY","arf",-0.6264
"jgrnd","PEC_PER","air",-0.8352
"jgrnd","PEC_PER","arf",-0.6264
"jgrnd","RIC_ARG","air",-0.9216
"jgrnd","RIC_ARG","arf",-0.6912
"jgrnd","RIG_MEX","air",-0.864
"jgrnd","RIG_MEX","arf",-0.72
"jgrnd","RIG_USA","air",-0.72
"jgrnd","RIG_USA","arf",-0.72
"jgrnd","RVE_VEN","air",-0.8352
"jgrnd","RVE_VEN","arf",-0.6264
"jgrnd","RVN_VNM","air",-0.5472
"jgrnd","RVN_VNM","arf",-0.4104
"jgrnd","RWI_USA","air",-0.72
"jgrnd","RWI_USA","arf",-0.72
"jgrnd","SAC_SWZ","air",-1.26672
"jgrnd","SAC_SWZ","arf",-0.696
"jgrnd","SAC_ZAF","air",-0.8064
"jgrnd","SAC_ZAF","arf",-0.6048
"jgrnd","SAF_MOZ","air",-0.9048
"jgrnd","SAF_MOZ","arf",-0.6264
"jgrnd","SAF_TZA","air",-1.2288
"jgrnd","SAF_TZA","arf",-0.6912
"jgrnd","SAF_ZWE","air",-0.9048
"jgrnd","SAF_ZWE","arf",-0.696
"jgrnd","SAH_EGY","air",-0.7776
"jgrnd","SAH_EGY","arf",-0.5832
"jgrnd","SAH_LBY","air",-0.72
"jgrnd","SAH_LBY","arf",-0.54
"jgrnd","SAH_MLI","air",-0.6336
"jgrnd","SAH_MLI","arf",-0.4752
"jgrnd","SAH_MRT","air",-0.6336
"jgrnd","SAH_MRT","arf",-0.528
"jgrnd","SAH_NER","air",-0.6336
"jgrnd","SAH_NER","arf",-0.4752
"jgrnd","SAH_SDN","air",-0.6336
"jgrnd","SAH_SDN","arf",-0.4752
"jgrnd","SAH_TCD","air",-0.6336
"jgrnd","SAH_TCD","arf",-0.4752
"jgrnd","SAL_ARG","air",-0.9216
"jgrnd","SAL_ARG","arf",-0.6912
"jgrnd","SAN_BRA","air",-0.864
"jgrnd","SAN_BRA","arf",-0.648
"jgrnd","SAY_IND","air",-0.6336
"jgrnd","SAY_IND","arf",-0.6336
"jgrnd","SEN_GIN","air",-0.8928
"jgrnd","SEN_GIN","arf",-0.6696
"jgrnd","SEN_MLI","air",-0.6336
"jgrnd","SEN_MLI","arf",-0.4752
"jgrnd","SEN_MRT","air",-0.6336
"jgrnd","SEN_MRT","arf",-0.528
"jgrnd","SEN_SEN","air",-0.8928
"jgrnd","SEN_SEN","arf",-0.6696
"jgrnd","SEU_USA","air",-0.72
"jgrnd","SEU_USA","arf",-0.72
"jgrnd","SKP_KOR","air",-0.5472
"jgrnd","SKP_KOR","arf",-0.456
"jgrnd","SON_CHM","air",-0.5184
"jgrnd","SON_CHM","arf",-0.3888
"jgrnd","SRL_LKA","air",-0.5184
"jgrnd","SRL_LKA","arf",-0.3888
"jgrnd","SYD_KAZ","air",-0.6048
"jgrnd","SYD_KAZ","arf",-0.4536
"jgrnd","SYD_KGZ","air",-0.6048
"jgrnd","SYD_KGZ","arf",-0.4536
"jgrnd","SYD_TJK","air",-0.6048
"jgrnd","SYD_TJK","arf",-0.4536
"jgrnd","SYD_UZB","air",-0.6048
"jgrnd","SYD_UZB","arf",-0.4536
"jgrnd","TIE_ARG","air",-0.9216
"jgrnd","TIE_ARG","arf",-0.6912
"jgrnd","TIG_IRN","air",-0.72
"jgrnd","TIG_IRN","arf",-0.6
"jgrnd","TIG_SYR","air",-0.72
"jgrnd","TIG_SYR","arf",-0.54
"jgrnd","TIG_TUR","air",-0.864
"jgrnd","TIG_TUR","arf",-0.648
"jgrnd","TLS_TLS","air",-0.546
"jgrnd","TLS_TLS","arf",-0.378
"jgrnd","TMM_MMR","air",-0.5472
"jgrnd","TMM_MMR","arf",-0.4104
"jgrnd","TOC_BRA","air",-0.864
"jgrnd","TOC_BRA","arf",-0.648
"jgrnd","TWN_CHM","air",-0.5184
"jgrnd","TWN_CHM","arf",-0.3888
"jgrnd","UME_MEX","air",-0.864
"jgrnd","UME_MEX","arf",-0.72
"jgrnd","URA_KAZ","air",-0.6048
"jgrnd","URA_KAZ","arf",-0.4536
"jgrnd","URU_BRA","air",-0.864
"jgrnd","URU_BRA","arf",-0.648
"jgrnd","URU_URY","air",-0.8352
"jgrnd","URU_URY","arf",-0.6264
"jgrnd","USN_USA","air",-0.72
"jgrnd","USN_USA","arf",-0.72
"jgrnd","VOT_BEN","air",-0.8928
"jgrnd","VOT_BEN","arf",-0.6696
"jgrnd","VOT_BFA","air",-0.6336
"jgrnd","VOT_BFA","arf",-0.4752
"jgrnd","VOT_CIV","air",-0.8928
"jgrnd","VOT_CIV","arf",-0.6696
"jgrnd","VOT_GHA","air",-1.1904
"jgrnd","VOT_GHA","arf",-0.6696
"jgrnd","VOT_MLI","air",-0.6336
"jgrnd","VOT_MLI","arf",-0.4752
"jgrnd","VOT_TGO","air",-0.8928
"jgrnd","VOT_TGO","arf",-0.6696
"jgrnd","VUT_VUT","air",-0.504
"jgrnd","VUT_VUT","arf",-0.42
"jgrnd","WAC_CIV","air",-0.8928
"jgrnd","WAC_CIV","arf",-0.6696
"jgrnd","WAC_GIN","air",-0.8928
"jgrnd","WAC_GIN","arf",-0.6696
"jgrnd","WAC_GMB","air",-0.5952
"jgrnd","WAC_GMB","arf",-0.744
"jgrnd","WAC_GNB","air",-0.8928
"jgrnd","WAC_GNB","arf",-0.6696
"jgrnd","WAC_LBR","air",-0.5952
"jgrnd","WAC_LBR","arf",-0.744
"jgrnd","WAC_SEN","air",-0.8928
"jgrnd","WAC_SEN","arf",-0.6696
"jgrnd","WAC_SLE","air",-0.8928
"jgrnd","WAC_SLE","arf",-0.6696
"jgrnd","WAI_IRN","air",-0.72
"jgrnd","WAI_IRN","arf",-0.6
"jgrnd","WAI_PAK","air",-0.5184
"jgrnd","WAI_PAK","arf",-0.5184
"jgrnd","WAU_AUS","air",-0.8352
"jgrnd","WAU_AUS","arf",-0.696
"jgrnd","WGM_USA","air",-0.72
"jgrnd","WGM_USA","arf",-0.72
"jgrnd","YEM_YEM","air",-0.72
"jgrnd","YEM_YEM","arf",-0.54
"jgrnd","YHE_CHM","air",-0.5184
"jgrnd","YHE_CHM","arf",-0.3888
"jgrnd","YRD_CHM","air",-0.5184
"jgrnd","YRD_CHM","arf",-0.3888
"jgrnd","YRD_VNM","air",-0.5472
"jgrnd","YRD_VNM","arf",-0.4104
"jgrnd","YUC_MEX","air",-0.864
"jgrnd","YUC_MEX","arf",-0.72
"jgrnd","ZAM_AGO","air",-0.8352
"jgrnd","ZAM_AGO","arf",-0.6264
"jgrnd","ZAM_BWA","air",-0.5568
"jgrnd","ZAM_BWA","arf",-0.696
"jgrnd","ZAM_COD","air",-0.8928
"jgrnd","ZAM_COD","arf",-0.6696
"jgrnd","ZAM_MOZ","air",-0.9048
"jgrnd","ZAM_MOZ","arf",-0.6264
"jgrnd","ZAM_MWI","air",-0.9744
"jgrnd","ZAM_MWI","arf",-0.6264
"jgrnd","ZAM_NAM","air",-0.5568
"jgrnd","ZAM_NAM","arf",-0.696
"jgrnd","ZAM_TZA","air",-1.2288
"jgrnd","ZAM_TZA","arf",-0.6912
"jgrnd","ZAM_ZMB","air",-1.044
"jgrnd","ZAM_ZMB","arf",-0.6264
"jgrnd","ZAM_ZWE","air",-0.9048
"jgrnd","ZAM_ZWE","arf",-0.696
"jgrnd","ZHJ_CHM","air",-0.5184
"jgrnd","ZHJ_CHM","arf",-0.3888
"jgdnt","ALK_USA","air",-1.08
"jgdnt","ALK_USA","arf",-1.08
"jgdnt","AMA_BOL","air",-1.2528
"jgdnt","AMA_BOL","arf",-0.9396
"jgdnt","AMA_BRA","air",-1.296
"jgdnt","AMA_BRA","arf",-0.972
"jgdnt","AMR_CHM","air",-0.7776
"jgdnt","AMR_CHM","arf",-0.5832
"jgdnt","ARA_IRQ","air",-1.08
"jgdnt","ARA_IRQ","arf",-0.9
"jgdnt","ARK_USA","air",-1.08
"jgdnt","ARK_USA","arf",-1.08
"jgdnt","BOR_IDN","air",-0.9504
"jgdnt","BOR_IDN","arf",-0.7128
"jgdnt","BOR_MYS","air",-0.9504
"jgdnt","BOR_MYS","arf",-0.792
"jgdnt","BRT_BGD","air",-0.7344
"jgdnt","BRT_BGD","arf",-0.5508
"jgdnt","BRT_CHM","air",-0.7776
"jgdnt","BRT_CHM","arf",-0.5832
"jgdnt","BRT_IND","air",-0.9504
"jgdnt","BRT_IND","arf",-0.9504
"jgdnt","CAF_AGO","air",-1.2528
"jgdnt","CAF_AGO","arf",-0.9396
"jgdnt","CAF_CAF","air",-1.3392
"jgdnt","CAF_CAF","arf",-1.0044
"jgdnt","CAF_CMR","air",-1.0044
"jgdnt","CAF_CMR","arf",-1.0044
"jgdnt","CAF_COG","air",-1.2276
"jgdnt","CAF_COG","arf",-1.0044
"jgdnt","CAL_USA","air",-1.08
"jgdnt","CAL_USA","arf",-1.08
"jgdnt","CAU_AUS","air",-1.2528
"jgdnt","CAU_AUS","arf",-1.044
"jgdnt","CAV_IND","air",-0.9504
"jgdnt","CAV_IND","arf",-0.9504
"jgdnt","CHJ_CHM","air",-0.7776
"jgdnt","CHJ_CHM","arf",-0.5832
"jgdnt","CHO_IND","air",-0.9504
"jgdnt","CHO_IND","arf",-0.9504
"jgdnt","COB_USA","air",-1.08
"jgdnt","COB_USA","arf",-1.08
"jgdnt","COL_USA","air",-1.08
"jgdnt","COL_USA","arf",-1.08
"jgdnt","CON_AGO","air",-1.2528
"jgdnt","CON_AGO","arf",-0.9396
"jgdnt","CON_CAF","air",-1.3392
"jgdnt","CON_CAF","arf",-1.0044
"jgdnt","CON_COD","air",-1.3392
"jgdnt","CON_COD","arf",-1.0044
"jgdnt","CON_COG","air",-1.2276
"jgdnt","CON_COG","arf",-1.0044
"jgdnt","CRB_CRB","air",-0.693
"jgdnt","CRB_CRB","arf",-0.63
"jgdnt","CUB_CUB","air",-1.4616
"jgdnt","CUB_CUB","arf",-0.9396
"jgdnt","DOM_DOM","air",-1.2528
"jgdnt","DOM_DOM","arf",-0.9396
"jgdnt","EAC_BDI","air",-1.3824
"jgdnt","EAC_BDI","arf",-1.0368
"jgdnt","EAC_COD","air",-1.3392
"jgdnt","EAC_COD","arf",-1.0044
"jgdnt","EAC_RWA","air",-1.3824
"jgdnt","EAC_RWA","arf",-1.0368
"jgdnt","EAC_TZA","air",-1.8432
"jgdnt","EAC_TZA","arf",-1.0368
"jgdnt","EAU_AUS","air",-1.2528
"jgdnt","EAU_AUS","arf",-1.044
"jgdnt","EGH_IND","air",-0.9504
"jgdnt","EGH_IND","arf",-0.9504
"jgdnt","EME_EGY","air",-1.1664
"jgdnt","EME_EGY","arf",-0.8748
"jgdnt","EME_LBN","air",-1.08
"jgdnt","EME_LBN","arf",-0.81
"jgdnt","GAN_BGD","air",-0.7344
"jgdnt","GAN_BGD","arf",-0.5508
"jgdnt","GAN_CHM","air",-0.7776
"jgdnt","GAN_CHM","arf",-0.5832
"jgdnt","GAN_IND","air",-0.9504
"jgdnt","GAN_IND","arf",-0.9504
"jgdnt","GBA_USA","air",-1.08
"jgdnt","GBA_USA","arf",-1.08
"jgdnt","GLA_USA","air",-1.08
"jgdnt","GLA_USA","arf",-1.08
"jgdnt","GOD_IND","air",-0.9504
"jgdnt","GOD_IND","arf",-0.9504
"jgdnt","GTM_GTM","air",-1.2528
"jgdnt","GTM_GTM","arf",-0.9396
"jgdnt","HAI_CHM","air",-0.7776
"jgdnt","HAI_CHM","arf",-0.5832
"jgdnt","HOA_ETH","air",-1.2672
"jgdnt","HOA_ETH","arf",-0.7128
"jgdnt","HUA_CHM","air",-0.7776
"jgdnt","HUA_CHM","arf",-0.5832
"jgdnt","HUN_CHM","air",-0.7776
"jgdnt","HUN_CHM","arf",-0.5832
"jgdnt","HWI_USA","air",-1.08
"jgdnt","HWI_USA","arf",-1.08
"jgdnt","IEC_IND","air",-0.9504
"jgdnt","IEC_IND","arf",-0.9504
"jgdnt","IND_CHM","air",-0.7776
"jgdnt","IND_CHM","arf",-0.5832
"jgdnt","IND_IND","air",-0.9504
"jgdnt","IND_IND","arf",-0.9504
"jgdnt","IND_PAK","air",-0.7776
"jgdnt","IND_PAK","arf",-0.7776
"jgdnt","INE_IDN","air",-0.9504
"jgdnt","INE_IDN","arf",-0.7128
"jgdnt","INW_IDN","air",-0.9504
"jgdnt","INW_IDN","arf",-0.7128
"jgdnt","KAL_ZAF","air",-1.2096
"jgdnt","KAL_ZAF","arf",-0.9072
"jgdnt","KRI_IND","air",-0.9504
"jgdnt","KRI_IND","arf",-0.9504
"jgdnt","LAJ_CHM","air",-0.7776
"jgdnt","LAJ_CHM","arf",-0.5832
"jgdnt","LCB_CAF","air",-1.3392
"jgdnt","LCB_CAF","arf",-1.0044
"jgdnt","LCB_CMR","air",-1.0044
"jgdnt","LCB_CMR","arf",-1.0044
"jgdnt","LCB_NER","air",-0.9504
"jgdnt","LCB_NER","arf",-0.7128
"jgdnt","LCB_NGA","air",-1.3608
"jgdnt","LCB_NGA","arf",-0.972
"jgdnt","LCB_TCD","air",-0.9504
"jgdnt","LCB_TCD","arf",-0.7128
"jgdnt","LIM_MOZ","air",-1.3572
"jgdnt","LIM_MOZ","arf",-0.9396
"jgdnt","LIM_ZAF","air",-1.2096
"jgdnt","LIM_ZAF","arf",-0.9072
"jgdnt","LIM_ZWE","air",-1.3572
"jgdnt","LIM_ZWE","arf",-1.044
"jgdnt","LMO_CHM","air",-0.7776
"jgdnt","LMO_CHM","arf",-0.5832
"jgdnt","LUN_IND","air",-0.9504
"jgdnt","LUN_IND","arf",-0.9504
"jgdnt","MAD_MDG","air",-1.2528
"jgdnt","MAD_MDG","arf",-0.9396
"jgdnt","MAT_IND","air",-0.9504
"jgdnt","MAT_IND","arf",-0.9504
"jgdnt","MAU_AUS","air",-1.2528
"jgdnt","MAU_AUS","arf",-1.044
"jgdnt","MEK_KHM","air",-1.0368
"jgdnt","MEK_KHM","arf",-0.5832
"jgdnt","MEK_LAO","air",-1.0368
"jgdnt","MEK_LAO","arf",-0.5832
"jgdnt","MEK_MMR","air",-0.8208
"jgdnt","MEK_MMR","arf",-0.6156
"jgdnt","MEK_THA","air",-0.792
"jgdnt","MEK_THA","arf",-0.594
"jgdnt","MEK_VNM","air",-0.8208
"jgdnt","MEK_VNM","arf",-0.6156
"jgdnt","MHN_IND","air",-0.9504
"jgdnt","MHN_IND","arf",-0.9504
"jgdnt","MIM_MEX","air",-1.296
"jgdnt","MIM_MEX","arf",-1.08
"jgdnt","MIS_USA","air",-1.08
"jgdnt","MIS_USA","arf",-1.08
"jgdnt","MOU_USA","air",-1.08
"jgdnt","MOU_USA","arf",-1.08
"jgdnt","NAC_DZA","air",-1.08
"jgdnt","NAC_DZA","arf",-0.81
"jgdnt","NAC_EGY","air",-1.1664
"jgdnt","NAC_EGY","arf",-0.8748
"jgdnt","NEB_BRA","air",-1.296
"jgdnt","NEB_BRA","arf",-0.972
"jgdnt","NIC_NIC","air",-1.2528
"jgdnt","NIC_NIC","arf",-0.9396
"jgdnt","NIG_BEN","air",-1.3392
"jgdnt","NIG_BEN","arf",-1.0044
"jgdnt","NIG_BFA","air",-0.9504
"jgdnt","NIG_BFA","arf",-0.7128
"jgdnt","NIG_CIV","air",-1.3392
"jgdnt","NIG_CIV","arf",-1.0044
"jgdnt","NIG_CMR","air",-1.0044
"jgdnt","NIG_CMR","arf",-1.0044
"jgdnt","NIG_GIN","air",-1.3392
"jgdnt","NIG_GIN","arf",-1.0044
"jgdnt","NIG_MLI","air",-0.9504
"jgdnt","NIG_MLI","arf",-0.7128
"jgdnt","NIG_NER","air",-0.9504
"jgdnt","NIG_NER","arf",-0.7128
"jgdnt","NIG_NGA","air",-1.3608
"jgdnt","NIG_NGA","arf",-0.972
"jgdnt","NIG_TCD","air",-0.9504
"jgdnt","NIG_TCD","arf",-0.7128
"jgdnt","NLL_EGY","air",-1.1664
"jgdnt","NLL_EGY","arf",-0.8748
"jgdnt","NLL_ETH","air",-1.2672
"jgdnt","NLL_ETH","arf",-0.7128
"jgdnt","NLL_SDN","air",-0.9504
"jgdnt","NLL_SDN","arf",-0.7128
"jgdnt","NLL_UGA","air",-1.6128
"jgdnt","NLL_UGA","arf",-1.0368
"jgdnt","NWA_MOR","air",-1.08
"jgdnt","NWA_MOR","arf",-0.81
"jgdnt","OBB_CHM","air",-0.7776
"jgdnt","OBB_CHM","arf",-0.5832
"jgdnt","OHI_USA","air",-1.08
"jgdnt","OHI_USA","arf",-1.08
"jgdnt","ORA_ZAF","air",-1.2096
"jgdnt","ORA_ZAF","arf",-0.9072
"jgdnt","ORI_VEN","air",-1.2528
"jgdnt","ORI_VEN","arf",-0.9396
"jgdnt","PAR_ARG","air",-1.3824
"jgdnt","PAR_ARG","arf",-1.0368
"jgdnt","PAR_BOL","air",-1.2528
"jgdnt","PAR_BOL","arf",-0.9396
"jgdnt","PAR_BRA","air",-1.296
"jgdnt","PAR_BRA","arf",-0.972
"jgdnt","PAR_PRY","air",-1.2528
"jgdnt","PAR_PRY","arf",-0.9396
"jgdnt","PHI_PHL","air",-0.9504
"jgdnt","PHI_PHL","arf",-0.7128
"jgdnt","RIC_ARG","air",-1.3824
"jgdnt","RIC_ARG","arf",-1.0368
"jgdnt","RIG_MEX","air",-1.296
"jgdnt","RIG_MEX","arf",-1.08
"jgdnt","RIG_USA","air",-1.08
"jgdnt","RIG_USA","arf",-1.08
"jgdnt","RVE_VEN","air",-1.2528
"jgdnt","RVE_VEN","arf",-0.9396
"jgdnt","RVN_VNM","air",-0.8208
"jgdnt","RVN_VNM","arf",-0.6156
"jgdnt","RWI_USA","air",-1.08
"jgdnt","RWI_USA","arf",-1.08
"jgdnt","SAC_ZAF","air",-1.2096
"jgdnt","SAC_ZAF","arf",-0.9072
"jgdnt","SAF_MOZ","air",-1.3572
"jgdnt","SAF_MOZ","arf",-0.9396
"jgdnt","SAF_TZA","air",-1.8432
"jgdnt","SAF_TZA","arf",-1.0368
"jgdnt","SAF_ZWE","air",-1.3572
"jgdnt","SAF_ZWE","arf",-1.044
"jgdnt","SAH_DZA","air",-1.08
"jgdnt","SAH_DZA","arf",-0.81
"jgdnt","SAH_EGY","air",-1.1664
"jgdnt","SAH_EGY","arf",-0.8748
"jgdnt","SAH_MLI","air",-0.9504
"jgdnt","SAH_MLI","arf",-0.7128
"jgdnt","SAH_MOR","air",-1.08
"jgdnt","SAH_MOR","arf",-0.81
"jgdnt","SAH_NER","air",-0.9504
"jgdnt","SAH_NER","arf",-0.7128
"jgdnt","SAH_SDN","air",-0.9504
"jgdnt","SAH_SDN","arf",-0.7128
"jgdnt","SAH_TCD","air",-0.9504
"jgdnt","SAH_TCD","arf",-0.7128
"jgdnt","SAL_ARG","air",-1.3824
"jgdnt","SAL_ARG","arf",-1.0368
"jgdnt","SAN_BRA","air",-1.296
"jgdnt","SAN_BRA","arf",-0.972
"jgdnt","SAU_SAU","air",-1.08
"jgdnt","SAU_SAU","arf",-0.81
"jgdnt","SAY_IND","air",-0.9504
"jgdnt","SAY_IND","arf",-0.9504
"jgdnt","SEN_GIN","air",-1.3392
"jgdnt","SEN_GIN","arf",-1.0044
"jgdnt","SEN_MLI","air",-0.9504
"jgdnt","SEN_MLI","arf",-0.7128
"jgdnt","SEN_SEN","air",-1.3392
"jgdnt","SEN_SEN","arf",-1.0044
"jgdnt","SEU_USA","air",-1.08
"jgdnt","SEU_USA","arf",-1.08
"jgdnt","SKP_KOR","air",-0.8208
"jgdnt","SKP_KOR","arf",-0.684
"jgdnt","SON_CHM","air",-0.7776
"jgdnt","SON_CHM","arf",-0.5832
"jgdnt","SRL_LKA","air",-0.7776
"jgdnt","SRL_LKA","arf",-0.5832
"jgdnt","TIE_ARG","air",-1.3824
"jgdnt","TIE_ARG","arf",-1.0368
"jgdnt","TIG_IRQ","air",-1.08
"jgdnt","TIG_IRQ","arf",-0.9
"jgdnt","TMM_BGD","air",-0.7344
"jgdnt","TMM_BGD","arf",-0.5508
"jgdnt","TMM_MMR","air",-0.8208
"jgdnt","TMM_MMR","arf",-0.6156
"jgdnt","TMM_MYS","air",-0.9504
"jgdnt","TMM_MYS","arf",-0.792
"jgdnt","TMM_THA","air",-0.792
"jgdnt","TMM_THA","arf",-0.594
"jgdnt","TOC_BRA","air",-1.296
"jgdnt","TOC_BRA","arf",-0.972
"jgdnt","TWN_CHM","air",-0.7776
"jgdnt","TWN_CHM","arf",-0.5832
"jgdnt","UME_MEX","air",-1.296
"jgdnt","UME_MEX","arf",-1.08
"jgdnt","URU_BRA","air",-1.296
"jgdnt","URU_BRA","arf",-0.972
"jgdnt","USN_USA","air",-1.08
"jgdnt","USN_USA","arf",-1.08
"jgdnt","VOT_BEN","air",-1.3392
"jgdnt","VOT_BEN","arf",-1.0044
"jgdnt","VOT_BFA","air",-0.9504
"jgdnt","VOT_BFA","arf",-0.7128
"jgdnt","VOT_CIV","air",-1.3392
"jgdnt","VOT_CIV","arf",-1.0044
"jgdnt","VOT_GHA","air",-1.7856
"jgdnt","VOT_GHA","arf",-1.0044
"jgdnt","VOT_MLI","air",-0.9504
"jgdnt","VOT_MLI","arf",-0.7128
"jgdnt","VOT_TGO","air",-1.3392
"jgdnt","VOT_TGO","arf",-1.0044
"jgdnt","WAC_CIV","air",-1.3392
"jgdnt","WAC_CIV","arf",-1.0044
"jgdnt","WAC_GIN","air",-1.3392
"jgdnt","WAC_GIN","arf",-1.0044
"jgdnt","WAC_GMB","air",-0.8928
"jgdnt","WAC_GMB","arf",-1.116
"jgdnt","WAC_GNB","air",-1.3392
"jgdnt","WAC_GNB","arf",-1.0044
"jgdnt","WAC_SEN","air",-1.3392
"jgdnt","WAC_SEN","arf",-1.0044
"jgdnt","WAC_SLE","air",-1.3392
"jgdnt","WAC_SLE","arf",-1.0044
"jgdnt","WAI_PAK","air",-0.7776
"jgdnt","WAI_PAK","arf",-0.7776
"jgdnt","WAU_AUS","air",-1.2528
"jgdnt","WAU_AUS","arf",-1.044
"jgdnt","WGM_USA","air",-1.08
"jgdnt","WGM_USA","arf",-1.08
"jgdnt","YHE_CHM","air",-0.7776
"jgdnt","YHE_CHM","arf",-0.5832
"jgdnt","YRD_CHM","air",-0.7776
"jgdnt","YRD_CHM","arf",-0.5832
"jgdnt","YRD_VNM","air",-0.8208
"jgdnt","YRD_VNM","arf",-0.6156
"jgdnt","YUC_MEX","air",-1.296
"jgdnt","YUC_MEX","arf",-1.08
"jgdnt","ZAM_AGO","air",-1.2528
"jgdnt","ZAM_AGO","arf",-0.9396
"jgdnt","ZAM_COD","air",-1.3392
"jgdnt","ZAM_COD","arf",-1.0044
"jgdnt","ZAM_MOZ","air",-1.3572
"jgdnt","ZAM_MOZ","arf",-0.9396
"jgdnt","ZAM_MWI","air",-1.4616
"jgdnt","ZAM_MWI","arf",-0.9396
"jgdnt","ZAM_TZA","air",-1.8432
"jgdnt","ZAM_TZA","arf",-1.0368
"jgdnt","ZAM_ZMB","air",-1.566
"jgdnt","ZAM_ZMB","arf",-0.9396
"jgdnt","ZAM_ZWE","air",-1.3572
"jgdnt","ZAM_ZWE","arf",-1.044
"jgdnt","ZHJ_CHM","air",-0.7776
"jgdnt","ZHJ_CHM","arf",-0.5832
"jrpsd","AMA_BOL","air",-1.2528
"jrpsd","AMA_BOL","arf",-0.9396
"jrpsd","AMA_BRA","air",-1.296
"jrpsd","AMA_BRA","arf",-0.972
"jrpsd","AMA_COL","air",-1.2528
"jrpsd","AMA_COL","arf",-0.9396
"jrpsd","AMA_ECU","air",-1.2528
"jrpsd","AMA_ECU","arf",-0.9396
"jrpsd","AMA_PER","air",-1.2528
"jrpsd","AMA_PER","arf",-0.9396
"jrpsd","AMD_AFG","air",-0.7776
"jrpsd","AMD_AFG","arf",-0.5832
"jrpsd","AMD_TJK","air",-0.9072
"jrpsd","AMD_TJK","arf",-0.6804
"jrpsd","AMD_UZB","air",-0.9072
"jrpsd","AMD_UZB","arf",-0.6804
"jrpsd","AMR_CHM","air",-0.7776
"jrpsd","AMR_CHM","arf",-0.5832
"jrpsd","AMR_RUS","air",-0.9072
"jrpsd","AMR_RUS","arf",-0.6804
"jrpsd","ARA_IRQ","air",-1.08
"jrpsd","ARA_IRQ","arf",-0.9
"jrpsd","BAL_BLT","air",-0.9072
"jrpsd","BAL_BLT","arf",-0.756
"jrpsd","BAL_RUS","air",-0.9072
"jrpsd","BAL_RUS","arf",-0.6804
"jrpsd","BLA_RUS","air",-0.9072
"jrpsd","BLA_RUS","arf",-0.6804
"jrpsd","BLA_UKR","air",-0.9072
"jrpsd","BLA_UKR","arf",-0.6804
"jrpsd","BOR_MYS","air",-0.9504
"jrpsd","BOR_MYS","arf",-0.792
"jrpsd","BRT_BTN","air",-0.7776
"jrpsd","BRT_BTN","arf",-0.5832
"jrpsd","BRT_CHM","air",-0.7776
"jrpsd","BRT_CHM","arf",-0.5832
"jrpsd","BRT_IND","air",-0.9504
"jrpsd","BRT_IND","arf",-0.9504
"jrpsd","CAF_AGO","air",-1.2528
"jrpsd","CAF_AGO","arf",-0.9396
"jrpsd","CAF_CAF","air",-1.3392
"jrpsd","CAF_CAF","arf",-1.0044
"jrpsd","CAF_CMR","air",-1.0044
"jrpsd","CAF_CMR","arf",-1.0044
"jrpsd","CAF_COG","air",-1.2276
"jrpsd","CAF_COG","arf",-1.0044
"jrpsd","CAN_CAN","air",-1.4112
"jrpsd","CAN_CAN","arf",-1.2096
"jrpsd","CAU_AUS","air",-1.2528
"jrpsd","CAU_AUS","arf",-1.044
"jrpsd","CAV_IND","air",-0.9504
"jrpsd","CAV_IND","arf",-0.9504
"jrpsd","CHJ_CHM","air",-0.7776
"jrpsd","CHJ_CHM","arf",-0.5832
"jrpsd","CHO_IND","air",-0.9504
"jrpsd","CHO_IND","arf",-0.9504
"jrpsd","CHU_KAZ","air",-0.9072
"jrpsd","CHU_KAZ","arf",-0.6804
"jrpsd","CHU_KGZ","air",-0.9072
"jrpsd","CHU_KGZ","arf",-0.6804
"jrpsd","COB_CAN","air",-1.4112
"jrpsd","COB_CAN","arf",-1.2096
"jrpsd","CON_AGO","air",-1.2528
"jrpsd","CON_AGO","arf",-0.9396
"jrpsd","CON_CAF","air",-1.3392
"jrpsd","CON_CAF","arf",-1.0044
"jrpsd","CON_COD","air",-1.3392
"jrpsd","CON_COD","arf",-1.0044
"jrpsd","CON_COG","air",-1.2276
"jrpsd","CON_COG","arf",-1.0044
"jrpsd","CRI_CRI","air",-1.2528
"jrpsd","CRI_CRI","arf",-0.9396
"jrpsd","DAN_BGR","air",-1.2096
"jrpsd","DAN_BGR","arf",-0.9072
"jrpsd","DAN_CZE","air",-1.2096
"jrpsd","DAN_CZE","arf",-1.008
"jrpsd","DAN_HRV","air",-1.1088
"jrpsd","DAN_HRV","arf",-1.008
"jrpsd","DAN_HUN","air",-1.2096
"jrpsd","DAN_HUN","arf",-0.9072
"jrpsd","DAN_OBN","air",-1.2096
"jrpsd","DAN_OBN","arf",-0.9072
"jrpsd","DAN_ROU","air",-1.2096
"jrpsd","DAN_ROU","arf",-0.9072
"jrpsd","DAN_SVK","air",-1.2096
"jrpsd","DAN_SVK","arf",-0.9072
"jrpsd","DAN_UKR","air",-0.9072
"jrpsd","DAN_UKR","arf",-0.6804
"jrpsd","DNI_RUS","air",-0.9072
"jrpsd","DNI_RUS","arf",-0.6804
"jrpsd","DNI_UKR","air",-0.9072
"jrpsd","DNI_UKR","arf",-0.6804
"jrpsd","EAC_COD","air",-1.3392
"jrpsd","EAC_COD","arf",-1.0044
"jrpsd","EAC_TZA","air",-1.8432
"jrpsd","EAC_TZA","arf",-1.0368
"jrpsd","EAU_AUS","air",-1.2528
"jrpsd","EAU_AUS","arf",-1.044
"jrpsd","EGH_IND","air",-0.9504
"jrpsd","EGH_IND","arf",-0.9504
"jrpsd","ELB_DNK","air",-1.5552
"jrpsd","ELB_DNK","arf",-1.296
"jrpsd","EME_EGY","air",-1.1664
"jrpsd","EME_EGY","arf",-0.8748
"jrpsd","EME_JOR","air",-1.08
"jrpsd","EME_JOR","arf",-0.9
"jrpsd","EME_LBN","air",-1.08
"jrpsd","EME_LBN","arf",-0.81
"jrpsd","EME_PSE","air",-1.4508
"jrpsd","EME_PSE","arf",-1.116
"jrpsd","EME_SYR","air",-1.08
"jrpsd","EME_SYR","arf",-0.81
"jrpsd","GAN_CHM","air",-0.7776
"jrpsd","GAN_CHM","arf",-0.5832
"jrpsd","GAN_IND","air",-0.9504
"jrpsd","GAN_IND","arf",-0.9504
"jrpsd","GLA_CAN","air",-1.4112
"jrpsd","GLA_CAN","arf",-1.2096
"jrpsd","GOD_IND","air",-0.9504
"jrpsd","GOD_IND","arf",-0.9504
"jrpsd","GTM_GTM","air",-1.2528
"jrpsd","GTM_GTM","arf",-0.9396
"jrpsd","HAI_CHM","air",-0.7776
"jrpsd","HAI_CHM","arf",-0.5832
"jrpsd","HND_HND","air",-1.2528
"jrpsd","HND_HND","arf",-0.9396
"jrpsd","HOA_ETH","air",-1.2672
"jrpsd","HOA_ETH","arf",-0.7128
"jrpsd","HOA_KEN","air",-1.8432
"jrpsd","HOA_KEN","arf",-1.0368
"jrpsd","HOA_SOM","air",-0.9504
"jrpsd","HOA_SOM","arf",-0.7128
"jrpsd","HTI_HTI","air",-1.2528
"jrpsd","HTI_HTI","arf",-1.044
"jrpsd","HUA_CHM","air",-0.7776
"jrpsd","HUA_CHM","arf",-0.5832
"jrpsd","HUN_CHM","air",-0.7776
"jrpsd","HUN_CHM","arf",-0.5832
"jrpsd","IEC_IND","air",-0.9504
"jrpsd","IEC_IND","arf",-0.9504
"jrpsd","IND_CHM","air",-0.7776
"jrpsd","IND_CHM","arf",-0.5832
"jrpsd","IND_IND","air",-0.9504
"jrpsd","IND_IND","arf",-0.9504
"jrpsd","IRL_IRL","air",-1.5552
"jrpsd","IRL_IRL","arf",-1.1664
"jrpsd","KAL_ZAF","air",-1.2096
"jrpsd","KAL_ZAF","arf",-0.9072
"jrpsd","KRI_IND","air",-0.9504
"jrpsd","KRI_IND","arf",-0.9504
"jrpsd","LAJ_CHM","air",-0.7776
"jrpsd","LAJ_CHM","arf",-0.5832
"jrpsd","LBA_KAZ","air",-0.9072
"jrpsd","LBA_KAZ","arf",-0.6804
"jrpsd","LCB_CAF","air",-1.3392
"jrpsd","LCB_CAF","arf",-1.0044
"jrpsd","LCB_CMR","air",-1.0044
"jrpsd","LCB_CMR","arf",-1.0044
"jrpsd","LCB_NER","air",-0.9504
"jrpsd","LCB_NER","arf",-0.7128
"jrpsd","LCB_NGA","air",-1.3608
"jrpsd","LCB_NGA","arf",-0.972
"jrpsd","LCB_TCD","air",-0.9504
"jrpsd","LCB_TCD","arf",-0.7128
"jrpsd","LIM_MOZ","air",-1.3572
"jrpsd","LIM_MOZ","arf",-0.9396
"jrpsd","LIM_ZAF","air",-1.2096
"jrpsd","LIM_ZAF","arf",-0.9072
"jrpsd","LIM_ZWE","air",-1.3572
"jrpsd","LIM_ZWE","arf",-1.044
"jrpsd","LMO_CHM","air",-0.7776
"jrpsd","LMO_CHM","arf",-0.5832
"jrpsd","LMO_MNG","air",-0.6912
"jrpsd","LMO_MNG","arf",-0.5184
"jrpsd","LTZ_KAZ","air",-0.9072
"jrpsd","LTZ_KAZ","arf",-0.6804
"jrpsd","LUN_IND","air",-0.9504
"jrpsd","LUN_IND","arf",-0.9504
"jrpsd","MAT_IND","air",-0.9504
"jrpsd","MAT_IND","arf",-0.9504
"jrpsd","MAU_AUS","air",-1.2528
"jrpsd","MAU_AUS","arf",-1.044
"jrpsd","MCK_CAN","air",-1.4112
"jrpsd","MCK_CAN","arf",-1.2096
"jrpsd","MEK_KHM","air",-1.0368
"jrpsd","MEK_KHM","arf",-0.5832
"jrpsd","MEK_LAO","air",-1.0368
"jrpsd","MEK_LAO","arf",-0.5832
"jrpsd","MEK_MMR","air",-0.8208
"jrpsd","MEK_MMR","arf",-0.6156
"jrpsd","MEK_THA","air",-0.792
"jrpsd","MEK_THA","arf",-0.594
"jrpsd","MEK_VNM","air",-0.8208
"jrpsd","MEK_VNM","arf",-0.6156
"jrpsd","MHN_IND","air",-0.9504
"jrpsd","MHN_IND","arf",-0.9504
"jrpsd","NAC_EGY","air",-1.1664
"jrpsd","NAC_EGY","arf",-0.8748
"jrpsd","NAC_TUN","air",-1.08
"jrpsd","NAC_TUN","arf",-0.9
"jrpsd","NEB_BRA","air",-1.296
"jrpsd","NEB_BRA","arf",-0.972
"jrpsd","NER_RUS","air",-0.9072
"jrpsd","NER_RUS","arf",-0.6804
"jrpsd","NIC_NIC","air",-1.2528
"jrpsd","NIC_NIC","arf",-0.9396
"jrpsd","NIG_BEN","air",-1.3392
"jrpsd","NIG_BEN","arf",-1.0044
"jrpsd","NIG_BFA","air",-0.9504
"jrpsd","NIG_BFA","arf",-0.7128
"jrpsd","NIG_CIV","air",-1.3392
"jrpsd","NIG_CIV","arf",-1.0044
"jrpsd","NIG_CMR","air",-1.0044
"jrpsd","NIG_CMR","arf",-1.0044
"jrpsd","NIG_GIN","air",-1.3392
"jrpsd","NIG_GIN","arf",-1.0044
"jrpsd","NIG_MLI","air",-0.9504
"jrpsd","NIG_MLI","arf",-0.7128
"jrpsd","NIG_NER","air",-0.9504
"jrpsd","NIG_NER","arf",-0.7128
"jrpsd","NIG_NGA","air",-1.3608
"jrpsd","NIG_NGA","arf",-0.972
"jrpsd","NIG_TCD","air",-0.9504
"jrpsd","NIG_TCD","arf",-0.7128
"jrpsd","NLL_EGY","air",-1.1664
"jrpsd","NLL_EGY","arf",-0.8748
"jrpsd","NLL_ERI","air",-1.1088
"jrpsd","NLL_ERI","arf",-0.7128
"jrpsd","NLL_ETH","air",-1.2672
"jrpsd","NLL_ETH","arf",-0.7128
"jrpsd","NLL_SDN","air",-0.9504
"jrpsd","NLL_SDN","arf",-0.7128
"jrpsd","NLL_UGA","air",-1.6128
"jrpsd","NLL_UGA","arf",-1.0368
"jrpsd","NWA_MOR","air",-1.08
"jrpsd","NWA_MOR","arf",-0.81
"jrpsd","NWS_COL","air",-1.2528
"jrpsd","NWS_COL","arf",-0.9396
"jrpsd","NWS_ECU","air",-1.2528
"jrpsd","NWS_ECU","arf",-0.9396
"jrpsd","NZE_NZL","air",-1.2096
"jrpsd","NZE_NZL","arf",-0.9072
"jrpsd","OBB_CHM","air",-0.7776
"jrpsd","OBB_CHM","arf",-0.5832
"jrpsd","OBB_KAZ","air",-0.9072
"jrpsd","OBB_KAZ","arf",-0.6804
"jrpsd","OBB_RUS","air",-0.9072
"jrpsd","OBB_RUS","arf",-0.6804
"jrpsd","ODE_POL","air",-1.2096
"jrpsd","ODE_POL","arf",-1.008
"jrpsd","ODE_RUS","air",-0.9072
"jrpsd","ODE_RUS","arf",-0.6804
"jrpsd","ORA_ZAF","air",-1.2096
"jrpsd","ORA_ZAF","arf",-0.9072
"jrpsd","ORI_COL","air",-1.2528
"jrpsd","ORI_COL","arf",-0.9396
"jrpsd","ORI_VEN","air",-1.2528
"jrpsd","ORI_VEN","arf",-0.9396
"jrpsd","PAR_ARG","air",-1.3824
"jrpsd","PAR_ARG","arf",-1.0368
"jrpsd","PAR_BOL","air",-1.2528
"jrpsd","PAR_BOL","arf",-0.9396
"jrpsd","PAR_BRA","air",-1.296
"jrpsd","PAR_BRA","arf",-0.972
"jrpsd","PAR_PRY","air",-1.2528
"jrpsd","PAR_PRY","arf",-0.9396
"jrpsd","PEC_PER","air",-1.2528
"jrpsd","PEC_PER","arf",-0.9396
"jrpsd","RHI_CHP","air",-1.5552
"jrpsd","RHI_CHP","arf",-1.296
"jrpsd","RIC_ARG","air",-1.3824
"jrpsd","RIC_ARG","arf",-1.0368
"jrpsd","RRS_RUS","air",-0.9072
"jrpsd","RRS_RUS","arf",-0.6804
"jrpsd","RVE_VEN","air",-1.2528
"jrpsd","RVE_VEN","arf",-0.9396
"jrpsd","RVN_VNM","air",-0.8208
"jrpsd","RVN_VNM","arf",-0.6156
"jrpsd","RWI_CAN","air",-1.4112
"jrpsd","RWI_CAN","arf",-1.2096
"jrpsd","SAC_ZAF","air",-1.2096
"jrpsd","SAC_ZAF","arf",-0.9072
"jrpsd","SAF_MOZ","air",-1.3572
"jrpsd","SAF_MOZ","arf",-0.9396
"jrpsd","SAF_TZA","air",-1.8432
"jrpsd","SAF_TZA","arf",-1.0368
"jrpsd","SAF_ZWE","air",-1.3572
"jrpsd","SAF_ZWE","arf",-1.044
"jrpsd","SAH_EGY","air",-1.1664
"jrpsd","SAH_EGY","arf",-0.8748
"jrpsd","SAH_MLI","air",-0.9504
"jrpsd","SAH_MLI","arf",-0.7128
"jrpsd","SAH_MOR","air",-1.08
"jrpsd","SAH_MOR","arf",-0.81
"jrpsd","SAH_NER","air",-0.9504
"jrpsd","SAH_NER","arf",-0.7128
"jrpsd","SAH_SDN","air",-0.9504
"jrpsd","SAH_SDN","arf",-0.7128
"jrpsd","SAH_TCD","air",-0.9504
"jrpsd","SAH_TCD","arf",-0.7128
"jrpsd","SAL_ARG","air",-1.3824
"jrpsd","SAL_ARG","arf",-1.0368
"jrpsd","SAN_BRA","air",-1.296
"jrpsd","SAN_BRA","arf",-0.972
"jrpsd","SAU_SAU","air",-1.08
"jrpsd","SAU_SAU","arf",-0.81
"jrpsd","SAY_IND","air",-0.9504
"jrpsd","SAY_IND","arf",-0.9504
"jrpsd","SEN_GIN","air",-1.3392
"jrpsd","SEN_GIN","arf",-1.0044
"jrpsd","SEN_MLI","air",-0.9504
"jrpsd","SEN_MLI","arf",-0.7128
"jrpsd","SEN_SEN","air",-1.3392
"jrpsd","SEN_SEN","arf",-1.0044
"jrpsd","SLV_SLV","air",-1.2528
"jrpsd","SLV_SLV","arf",-0.9396
"jrpsd","SON_CHM","air",-0.7776
"jrpsd","SON_CHM","arf",-0.5832
"jrpsd","SPP_SPP","air",-1.5552
"jrpsd","SPP_SPP","arf",-1.296
"jrpsd","SRL_LKA","air",-0.7776
"jrpsd","SRL_LKA","arf",-0.5832
"jrpsd","SWE_SWE","air",-1.5552
"jrpsd","SWE_SWE","arf",-1.296
"jrpsd","SYD_KAZ","air",-0.9072
"jrpsd","SYD_KAZ","arf",-0.6804
"jrpsd","SYD_KGZ","air",-0.9072
"jrpsd","SYD_KGZ","arf",-0.6804
"jrpsd","SYD_TJK","air",-0.9072
"jrpsd","SYD_TJK","arf",-0.6804
"jrpsd","SYD_UZB","air",-0.9072
"jrpsd","SYD_UZB","arf",-0.6804
"jrpsd","TIE_ARG","air",-1.3824
"jrpsd","TIE_ARG","arf",-1.0368
"jrpsd","TIG_IRQ","air",-1.08
"jrpsd","TIG_IRQ","arf",-0.9
"jrpsd","TIG_SYR","air",-1.08
"jrpsd","TIG_SYR","arf",-0.81
"jrpsd","TMM_MMR","air",-0.8208
"jrpsd","TMM_MMR","arf",-0.6156
"jrpsd","TMM_MYS","air",-0.9504
"jrpsd","TMM_MYS","arf",-0.792
"jrpsd","TMM_THA","air",-0.792
"jrpsd","TMM_THA","arf",-0.594
"jrpsd","TOC_BRA","air",-1.296
"jrpsd","TOC_BRA","arf",-0.972
"jrpsd","TWN_CHM","air",-0.7776
"jrpsd","TWN_CHM","arf",-0.5832
"jrpsd","UMO_MNG","air",-0.6912
"jrpsd","UMO_MNG","arf",-0.5184
"jrpsd","UMO_RUS","air",-0.9072
"jrpsd","UMO_RUS","arf",-0.6804
"jrpsd","URA_KAZ","air",-0.9072
"jrpsd","URA_KAZ","arf",-0.6804
"jrpsd","URA_RUS","air",-0.9072
"jrpsd","URA_RUS","arf",-0.6804
"jrpsd","URU_BRA","air",-1.296
"jrpsd","URU_BRA","arf",-0.972
"jrpsd","URU_URY","air",-1.2528
"jrpsd","URU_URY","arf",-0.9396
"jrpsd","VOG_RUS","air",-0.9072
"jrpsd","VOG_RUS","arf",-0.6804
"jrpsd","VOT_BEN","air",-1.3392
"jrpsd","VOT_BEN","arf",-1.0044
"jrpsd","VOT_BFA","air",-0.9504
"jrpsd","VOT_BFA","arf",-0.7128
"jrpsd","VOT_CIV","air",-1.3392
"jrpsd","VOT_CIV","arf",-1.0044
"jrpsd","VOT_MLI","air",-0.9504
"jrpsd","VOT_MLI","arf",-0.7128
"jrpsd","VOT_TGO","air",-1.3392
"jrpsd","VOT_TGO","arf",-1.0044
"jrpsd","WAC_CIV","air",-1.3392
"jrpsd","WAC_CIV","arf",-1.0044
"jrpsd","WAC_GIN","air",-1.3392
"jrpsd","WAC_GIN","arf",-1.0044
"jrpsd","WAC_GMB","air",-0.8928
"jrpsd","WAC_GMB","arf",-1.116
"jrpsd","WAC_SEN","air",-1.3392
"jrpsd","WAC_SEN","arf",-1.0044
"jrpsd","WAC_SLE","air",-1.3392
"jrpsd","WAC_SLE","arf",-1.0044
"jrpsd","WAI_AFG","air",-0.7776
"jrpsd","WAI_AFG","arf",-0.5832
"jrpsd","WAU_AUS","air",-1.2528
"jrpsd","WAU_AUS","arf",-1.044
"jrpsd","YEM_YEM","air",-1.08
"jrpsd","YEM_YEM","arf",-0.81
"jrpsd","YEN_RUS","air",-0.9072
"jrpsd","YEN_RUS","arf",-0.6804
"jrpsd","YHE_CHM","air",-0.7776
"jrpsd","YHE_CHM","arf",-0.5832
"jrpsd","YRD_CHM","air",-0.7776
"jrpsd","YRD_CHM","arf",-0.5832
"jrpsd","YRD_VNM","air",-0.8208
"jrpsd","YRD_VNM","arf",-0.6156
"jrpsd","ZAM_AGO","air",-1.2528
"jrpsd","ZAM_AGO","arf",-0.9396
"jrpsd","ZAM_COD","air",-1.3392
"jrpsd","ZAM_COD","arf",-1.0044
"jrpsd","ZAM_MOZ","air",-1.3572
"jrpsd","ZAM_MOZ","arf",-0.9396
"jrpsd","ZAM_MWI","air",-1.4616
"jrpsd","ZAM_MWI","arf",-0.9396
"jrpsd","ZAM_TZA","air",-1.8432
"jrpsd","ZAM_TZA","arf",-1.0368
"jrpsd","ZAM_ZWE","air",-1.3572
"jrpsd","ZAM_ZWE","arf",-1.044
"jrpsd","ZHJ_CHM","air",-0.7776
"jrpsd","ZHJ_CHM","arf",-0.5832
"jrpnt","ALK_USA","air",-1.62
"jrpnt","ALK_USA","arf",-1.62
"jrpnt","AMA_BRA","air",-1.944
"jrpnt","AMA_BRA","arf",-1.458
"jrpnt","AMD_UZB","air",-1.3608
"jrpnt","AMD_UZB","arf",-1.0206
"jrpnt","AMR_CHM","air",-1.1664
"jrpnt","AMR_CHM","arf",-0.8748
"jrpnt","AMR_RUS","air",-1.3608
"jrpnt","AMR_RUS","arf",-1.0206
"jrpnt","ARK_USA","air",-1.62
"jrpnt","ARK_USA","arf",-1.62
"jrpnt","BAL_BLT","air",-1.3608
"jrpnt","BAL_BLT","arf",-1.134
"jrpnt","BAL_RUS","air",-1.3608
"jrpnt","BAL_RUS","arf",-1.0206
"jrpnt","BLA_RUS","air",-1.3608
"jrpnt","BLA_RUS","arf",-1.0206
"jrpnt","BLA_TUR","air",-1.944
"jrpnt","BLA_TUR","arf",-1.458
"jrpnt","BLA_UKR","air",-1.3608
"jrpnt","BLA_UKR","arf",-1.0206
"jrpnt","BOR_MYS","air",-1.4256
"jrpnt","BOR_MYS","arf",-1.188
"jrpnt","BRT_BGD","air",-1.1016
"jrpnt","BRT_BGD","arf",-0.8262
"jrpnt","BRT_CHM","air",-1.1664
"jrpnt","BRT_CHM","arf",-0.8748
"jrpnt","BRT_IND","air",-1.4256
"jrpnt","BRT_IND","arf",-1.4256
"jrpnt","CAL_USA","air",-1.62
"jrpnt","CAL_USA","arf",-1.62
"jrpnt","CAN_CAN","air",-2.1168
"jrpnt","CAN_CAN","arf",-1.8144
"jrpnt","CAU_AUS","air",-1.8792
"jrpnt","CAU_AUS","arf",-1.566
"jrpnt","CAV_IND","air",-1.4256
"jrpnt","CAV_IND","arf",-1.4256
"jrpnt","CHC_CHL","air",-1.8792
"jrpnt","CHC_CHL","arf",-1.4094
"jrpnt","CHJ_CHM","air",-1.1664
"jrpnt","CHJ_CHM","arf",-0.8748
"jrpnt","CHO_IND","air",-1.4256
"jrpnt","CHO_IND","arf",-1.4256
"jrpnt","CHU_KAZ","air",-1.3608
"jrpnt","CHU_KAZ","arf",-1.0206
"jrpnt","COB_CAN","air",-2.1168
"jrpnt","COB_CAN","arf",-1.8144
"jrpnt","COB_USA","air",-1.62
"jrpnt","COB_USA","arf",-1.62
"jrpnt","COL_USA","air",-1.62
"jrpnt","COL_USA","arf",-1.62
"jrpnt","DAN_AUT","air",-2.3328
"jrpnt","DAN_AUT","arf",-1.944
"jrpnt","DAN_BGR","air",-1.8144
"jrpnt","DAN_BGR","arf",-1.3608
"jrpnt","DAN_CZE","air",-1.8144
"jrpnt","DAN_CZE","arf",-1.512
"jrpnt","DAN_DEU","air",-2.3328
"jrpnt","DAN_DEU","arf",-1.944
"jrpnt","DAN_HRV","air",-1.6632
"jrpnt","DAN_HRV","arf",-1.512
"jrpnt","DAN_HUN","air",-1.8144
"jrpnt","DAN_HUN","arf",-1.3608
"jrpnt","DAN_MDA","air",-1.8144
"jrpnt","DAN_MDA","arf",-1.3608
"jrpnt","DAN_OBN","air",-1.8144
"jrpnt","DAN_OBN","arf",-1.3608
"jrpnt","DAN_ROU","air",-1.8144
"jrpnt","DAN_ROU","arf",-1.3608
"jrpnt","DAN_SVK","air",-1.8144
"jrpnt","DAN_SVK","arf",-1.3608
"jrpnt","DAN_SVN","air",-1.3608
"jrpnt","DAN_SVN","arf",-1.3608
"jrpnt","DAN_TUR","air",-1.944
"jrpnt","DAN_TUR","arf",-1.458
"jrpnt","DAN_UKR","air",-1.3608
"jrpnt","DAN_UKR","arf",-1.0206
"jrpnt","DNI_BLR","air",-1.3608
"jrpnt","DNI_BLR","arf",-1.0206
"jrpnt","DNI_RUS","air",-1.3608
"jrpnt","DNI_RUS","arf",-1.0206
"jrpnt","DNI_UKR","air",-1.3608
"jrpnt","DNI_UKR","arf",-1.0206
"jrpnt","EAU_AUS","air",-1.8792
"jrpnt","EAU_AUS","arf",-1.566
"jrpnt","EGH_IND","air",-1.4256
"jrpnt","EGH_IND","arf",-1.4256
"jrpnt","ELB_DEU","air",-2.3328
"jrpnt","ELB_DEU","arf",-1.944
"jrpnt","ELB_DNK","air",-2.3328
"jrpnt","ELB_DNK","arf",-1.944
"jrpnt","EME_ISR","air",-1.8144
"jrpnt","EME_ISR","arf",-1.512
"jrpnt","EME_TUR","air",-1.944
"jrpnt","EME_TUR","arf",-1.458
"jrpnt","FNP_FNP","air",-2.3328
"jrpnt","FNP_FNP","arf",-1.7496
"jrpnt","GAN_BGD","air",-1.1016
"jrpnt","GAN_BGD","arf",-0.8262
"jrpnt","GAN_CHM","air",-1.1664
"jrpnt","GAN_CHM","arf",-0.8748
"jrpnt","GAN_IND","air",-1.4256
"jrpnt","GAN_IND","arf",-1.4256
"jrpnt","GAN_NPL","air",-1.1664
"jrpnt","GAN_NPL","arf",-0.8748
"jrpnt","GBA_USA","air",-1.62
"jrpnt","GBA_USA","arf",-1.62
"jrpnt","GLA_CAN","air",-2.1168
"jrpnt","GLA_CAN","arf",-1.8144
"jrpnt","GLA_USA","air",-1.62
"jrpnt","GLA_USA","arf",-1.62
"jrpnt","GOD_IND","air",-1.4256
"jrpnt","GOD_IND","arf",-1.4256
"jrpnt","GRC_GRC","air",-1.8144
"jrpnt","GRC_GRC","arf",-1.512
"jrpnt","HAI_CHM","air",-1.1664
"jrpnt","HAI_CHM","arf",-0.8748
"jrpnt","HOA_ETH","air",-1.9008
"jrpnt","HOA_ETH","arf",-1.0692
"jrpnt","HUA_CHM","air",-1.1664
"jrpnt","HUA_CHM","arf",-0.8748
"jrpnt","HUN_CHM","air",-1.1664
"jrpnt","HUN_CHM","arf",-0.8748
"jrpnt","HWI_USA","air",-1.62
"jrpnt","HWI_USA","arf",-1.62
"jrpnt","IEC_IND","air",-1.4256
"jrpnt","IEC_IND","arf",-1.4256
"jrpnt","IND_CHM","air",-1.1664
"jrpnt","IND_CHM","arf",-0.8748
"jrpnt","IND_IND","air",-1.4256
"jrpnt","IND_IND","arf",-1.4256
"jrpnt","IND_PAK","air",-1.1664
"jrpnt","IND_PAK","arf",-1.1664
"jrpnt","IRL_IRL","air",-2.3328
"jrpnt","IRL_IRL","arf",-1.7496
"jrpnt","ITA_ITP","air",-2.3328
"jrpnt","ITA_ITP","arf",-1.944
"jrpnt","JAP_JPN","air",-1.6848
"jrpnt","JAP_JPN","arf",-1.404
"jrpnt","KAL_ZAF","air",-1.8144
"jrpnt","KAL_ZAF","arf",-1.3608
"jrpnt","KRI_IND","air",-1.4256
"jrpnt","KRI_IND","arf",-1.4256
"jrpnt","LAJ_CHM","air",-1.1664
"jrpnt","LAJ_CHM","arf",-0.8748
"jrpnt","LBA_KAZ","air",-1.3608
"jrpnt","LBA_KAZ","arf",-1.0206
"jrpnt","LBO_FRP","air",-2.3328
"jrpnt","LBO_FRP","arf",-1.944
"jrpnt","LIM_ZAF","air",-1.8144
"jrpnt","LIM_ZAF","arf",-1.3608
"jrpnt","LMO_CHM","air",-1.1664
"jrpnt","LMO_CHM","arf",-0.8748
"jrpnt","LTZ_KAZ","air",-1.3608
"jrpnt","LTZ_KAZ","arf",-1.0206
"jrpnt","LUN_IND","air",-1.4256
"jrpnt","LUN_IND","arf",-1.4256
"jrpnt","MAT_IND","air",-1.4256
"jrpnt","MAT_IND","arf",-1.4256
"jrpnt","MAU_AUS","air",-1.8792
"jrpnt","MAU_AUS","arf",-1.566
"jrpnt","MCK_CAN","air",-2.1168
"jrpnt","MCK_CAN","arf",-1.8144
"jrpnt","MEK_MMR","air",-1.2312
"jrpnt","MEK_MMR","arf",-0.9234
"jrpnt","MHN_IND","air",-1.4256
"jrpnt","MHN_IND","arf",-1.4256
"jrpnt","MIM_MEX","air",-1.944
"jrpnt","MIM_MEX","arf",-1.62
"jrpnt","MIS_USA","air",-1.62
"jrpnt","MIS_USA","arf",-1.62
"jrpnt","MOU_USA","air",-1.62
"jrpnt","MOU_USA","arf",-1.62
"jrpnt","NAC_DZA","air",-1.62
"jrpnt","NAC_DZA","arf",-1.215
"jrpnt","NEB_BRA","air",-1.944
"jrpnt","NEB_BRA","arf",-1.458
"jrpnt","NER_RUS","air",-1.3608
"jrpnt","NER_RUS","arf",-1.0206
"jrpnt","NLL_ETH","air",-1.9008
"jrpnt","NLL_ETH","arf",-1.0692
"jrpnt","NOR_NOR","air",-2.3328
"jrpnt","NOR_NOR","arf",-1.944
"jrpnt","NWA_MOR","air",-1.62
"jrpnt","NWA_MOR","arf",-1.215
"jrpnt","OBB_CHM","air",-1.1664
"jrpnt","OBB_CHM","arf",-0.8748
"jrpnt","OBB_KAZ","air",-1.3608
"jrpnt","OBB_KAZ","arf",-1.0206
"jrpnt","OBB_RUS","air",-1.3608
"jrpnt","OBB_RUS","arf",-1.0206
"jrpnt","ODE_DEU","air",-2.3328
"jrpnt","ODE_DEU","arf",-1.944
"jrpnt","ODE_POL","air",-1.8144
"jrpnt","ODE_POL","arf",-1.512
"jrpnt","ODE_RUS","air",-1.3608
"jrpnt","ODE_RUS","arf",-1.0206
"jrpnt","OHI_USA","air",-1.62
"jrpnt","OHI_USA","arf",-1.62
"jrpnt","ORA_ZAF","air",-1.8144
"jrpnt","ORA_ZAF","arf",-1.3608
"jrpnt","PAR_ARG","air",-2.0736
"jrpnt","PAR_ARG","arf",-1.5552
"jrpnt","PAR_BRA","air",-1.944
"jrpnt","PAR_BRA","arf",-1.458
"jrpnt","PAR_PRY","air",-1.8792
"jrpnt","PAR_PRY","arf",-1.4094
"jrpnt","RHI_BLX","air",-2.3328
"jrpnt","RHI_BLX","arf",-1.944
"jrpnt","RHI_CHP","air",-2.3328
"jrpnt","RHI_CHP","arf",-1.944
"jrpnt","RHI_DEU","air",-2.3328
"jrpnt","RHI_DEU","arf",-1.944
"jrpnt","RHI_FRP","air",-2.3328
"jrpnt","RHI_FRP","arf",-1.944
"jrpnt","RHI_NLD","air",-2.3328
"jrpnt","RHI_NLD","arf",-1.7496
"jrpnt","RHO_FRP","air",-2.3328
"jrpnt","RHO_FRP","arf",-1.944
"jrpnt","RIC_ARG","air",-2.0736
"jrpnt","RIC_ARG","arf",-1.5552
"jrpnt","RIG_MEX","air",-1.944
"jrpnt","RIG_MEX","arf",-1.62
"jrpnt","RIG_USA","air",-1.62
"jrpnt","RIG_USA","arf",-1.62
"jrpnt","RRS_RUS","air",-1.3608
"jrpnt","RRS_RUS","arf",-1.0206
"jrpnt","RWI_CAN","air",-2.1168
"jrpnt","RWI_CAN","arf",-1.8144
"jrpnt","RWI_USA","air",-1.62
"jrpnt","RWI_USA","arf",-1.62
"jrpnt","SAC_ZAF","air",-1.8144
"jrpnt","SAC_ZAF","arf",-1.3608
"jrpnt","SAH_DZA","air",-1.62
"jrpnt","SAH_DZA","arf",-1.215
"jrpnt","SAH_MOR","air",-1.62
"jrpnt","SAH_MOR","arf",-1.215
"jrpnt","SAL_ARG","air",-2.0736
"jrpnt","SAL_ARG","arf",-1.5552
"jrpnt","SAN_BRA","air",-1.944
"jrpnt","SAN_BRA","arf",-1.458
"jrpnt","SAY_IND","air",-1.4256
"jrpnt","SAY_IND","arf",-1.4256
"jrpnt","SEI_FRP","air",-2.3328
"jrpnt","SEI_FRP","arf",-1.944
"jrpnt","SEU_USA","air",-1.62
"jrpnt","SEU_USA","arf",-1.62
"jrpnt","SKP_KOR","air",-1.2312
"jrpnt","SKP_KOR","arf",-1.026
"jrpnt","SON_CHM","air",-1.1664
"jrpnt","SON_CHM","arf",-0.8748
"jrpnt","SPP_SPP","air",-2.3328
"jrpnt","SPP_SPP","arf",-1.944
"jrpnt","SWE_SWE","air",-2.3328
"jrpnt","SWE_SWE","arf",-1.944
"jrpnt","SYD_KAZ","air",-1.3608
"jrpnt","SYD_KAZ","arf",-1.0206
"jrpnt","SYD_UZB","air",-1.3608
"jrpnt","SYD_UZB","arf",-1.0206
"jrpnt","TIE_ARG","air",-2.0736
"jrpnt","TIE_ARG","arf",-1.5552
"jrpnt","TIG_IRN","air",-1.62
"jrpnt","TIG_IRN","arf",-1.35
"jrpnt","TIG_TUR","air",-1.944
"jrpnt","TIG_TUR","arf",-1.458
"jrpnt","TMM_BGD","air",-1.1016
"jrpnt","TMM_BGD","arf",-0.8262
"jrpnt","TMM_MMR","air",-1.2312
"jrpnt","TMM_MMR","arf",-0.9234
"jrpnt","TMM_MYS","air",-1.4256
"jrpnt","TMM_MYS","arf",-1.188
"jrpnt","TOC_BRA","air",-1.944
"jrpnt","TOC_BRA","arf",-1.458
"jrpnt","TWN_CHM","air",-1.1664
"jrpnt","TWN_CHM","arf",-0.8748
"jrpnt","UKP_UKP","air",-2.3328
"jrpnt","UKP_UKP","arf",-1.7496
"jrpnt","UME_MEX","air",-1.944
"jrpnt","UME_MEX","arf",-1.62
"jrpnt","UMO_RUS","air",-1.3608
"jrpnt","UMO_RUS","arf",-1.0206
"jrpnt","URA_KAZ","air",-1.3608
"jrpnt","URA_KAZ","arf",-1.0206
"jrpnt","URA_RUS","air",-1.3608
"jrpnt","URA_RUS","arf",-1.0206
"jrpnt","URU_BRA","air",-1.944
"jrpnt","URU_BRA","arf",-1.458
"jrpnt","URU_URY","air",-1.8792
"jrpnt","URU_URY","arf",-1.4094
"jrpnt","USN_USA","air",-1.62
"jrpnt","USN_USA","arf",-1.62
"jrpnt","VOG_RUS","air",-1.3608
"jrpnt","VOG_RUS","arf",-1.0206
"jrpnt","WAI_IRN","air",-1.62
"jrpnt","WAI_IRN","arf",-1.35
"jrpnt","WAI_PAK","air",-1.1664
"jrpnt","WAI_PAK","arf",-1.1664
"jrpnt","WAU_AUS","air",-1.8792
"jrpnt","WAU_AUS","arf",-1.566
"jrpnt","WGM_USA","air",-1.62
"jrpnt","WGM_USA","arf",-1.62
"jrpnt","YEN_RUS","air",-1.3608
"jrpnt","YEN_RUS","arf",-1.0206
"jrpnt","YHE_CHM","air",-1.1664
"jrpnt","YHE_CHM","arf",-0.8748
"jrpnt","YRD_CHM","air",-1.1664
"jrpnt","YRD_CHM","arf",-0.8748
"jrpnt","YUC_MEX","air",-1.944
"jrpnt","YUC_MEX","arf",-1.62
"jrpnt","ZHJ_CHM","air",-1.1664
"jrpnt","ZHJ_CHM","arf",-0.8748
"jsoyb","ALB_ALB","air",-0.7128
"jsoyb","ALB_ALB","arf",-0.594
"jsoyb","ALK_USA","air",-0.768
"jsoyb","ALK_USA","arf",-0.768
"jsoyb","AMA_BOL","air",-0.6
"jsoyb","AMA_BOL","arf",-0.45
"jsoyb","AMA_BRA","air",-0.7824
"jsoyb","AMA_BRA","arf",-0.5868
"jsoyb","AMD_AFG","air",-0.48
"jsoyb","AMD_AFG","arf",-0.36
"jsoyb","AMD_TJK","air",-0.72
"jsoyb","AMD_TJK","arf",-0.54
"jsoyb","AMD_UZB","air",-0.72
"jsoyb","AMD_UZB","arf",-0.54
"jsoyb","AMR_RUS","air",-0.72
"jsoyb","AMR_RUS","arf",-0.54
"jsoyb","ARK_USA","air",-0.768
"jsoyb","ARK_USA","arf",-0.768
"jsoyb","BAL_RUS","air",-0.72
"jsoyb","BAL_RUS","arf",-0.54
"jsoyb","BLA_RUS","air",-0.72
"jsoyb","BLA_RUS","arf",-0.54
"jsoyb","BLA_UKR","air",-0.72
"jsoyb","BLA_UKR","arf",-0.54
"jsoyb","BLZ_BLZ","air",-0.6
"jsoyb","BLZ_BLZ","arf",-0.45
"jsoyb","BOR_IDN","air",-0.432
"jsoyb","BOR_IDN","arf",-0.324
"jsoyb","BRT_BTN","air",-0.336
"jsoyb","BRT_BTN","arf",-0.252
"jsoyb","BRT_IND","air",-0.7944
"jsoyb","BRT_IND","arf",-0.7944
"jsoyb","CAF_AGO","air",-0.216
"jsoyb","CAF_AGO","arf",-0.162
"jsoyb","CAF_CMR","air",-0.162
"jsoyb","CAF_CMR","arf",-0.162
"jsoyb","CAL_USA","air",-0.768
"jsoyb","CAL_USA","arf",-0.768
"jsoyb","CAN_CAN","air",-0.8764
"jsoyb","CAN_CAN","arf",-0.7512
"jsoyb","CAV_IND","air",-0.7944
"jsoyb","CAV_IND","arf",-0.7944
"jsoyb","CHO_IND","air",-0.7944
"jsoyb","CHO_IND","arf",-0.7944
"jsoyb","CHU_KAZ","air",-0.72
"jsoyb","CHU_KAZ","arf",-0.54
"jsoyb","CHU_KGZ","air",-0.72
"jsoyb","CHU_KGZ","arf",-0.54
"jsoyb","COB_CAN","air",-0.8764
"jsoyb","COB_CAN","arf",-0.7512
"jsoyb","COB_USA","air",-0.768
"jsoyb","COB_USA","arf",-0.768
"jsoyb","COL_USA","air",-0.768
"jsoyb","COL_USA","arf",-0.768
"jsoyb","CON_AGO","air",-0.216
"jsoyb","CON_AGO","arf",-0.162
"jsoyb","CON_COD","air",-0.216
"jsoyb","CON_COD","arf",-0.162
"jsoyb","DAN_AUT","air",-0.7128
"jsoyb","DAN_AUT","arf",-0.594
"jsoyb","DAN_CZE","air",-0.7128
"jsoyb","DAN_CZE","arf",-0.594
"jsoyb","DAN_HUN","air",-0.7128
"jsoyb","DAN_HUN","arf",-0.5346
"jsoyb","DAN_MDA","air",-0.7128
"jsoyb","DAN_MDA","arf",-0.5346
"jsoyb","DAN_OBN","air",-0.7128
"jsoyb","DAN_OBN","arf",-0.5346
"jsoyb","DAN_ROU","air",-0.7128
"jsoyb","DAN_ROU","arf",-0.5346
"jsoyb","DAN_SVK","air",-0.7128
"jsoyb","DAN_SVK","arf",-0.5346
"jsoyb","DAN_SVN","air",-0.5346
"jsoyb","DAN_SVN","arf",-0.5346
"jsoyb","DAN_UKR","air",-0.72
"jsoyb","DAN_UKR","arf",-0.54
"jsoyb","DNI_RUS","air",-0.72
"jsoyb","DNI_RUS","arf",-0.54
"jsoyb","DNI_UKR","air",-0.72
"jsoyb","DNI_UKR","arf",-0.54
"jsoyb","EAC_BDI","air",-0.216
"jsoyb","EAC_BDI","arf",-0.162
"jsoyb","EAC_COD","air",-0.216
"jsoyb","EAC_COD","arf",-0.162
"jsoyb","EAC_RWA","air",-0.216
"jsoyb","EAC_RWA","arf",-0.162
"jsoyb","EAC_TZA","air",-0.288
"jsoyb","EAC_TZA","arf",-0.162
"jsoyb","EGH_IND","air",-0.7944
"jsoyb","EGH_IND","arf",-0.7944
"jsoyb","GAN_IND","air",-0.7944
"jsoyb","GAN_IND","arf",-0.7944
"jsoyb","GBA_USA","air",-0.768
"jsoyb","GBA_USA","arf",-0.768
"jsoyb","GLA_CAN","air",-0.8764
"jsoyb","GLA_CAN","arf",-0.7512
"jsoyb","GLA_USA","air",-0.768
"jsoyb","GLA_USA","arf",-0.768
"jsoyb","GOD_IND","air",-0.7944
"jsoyb","GOD_IND","arf",-0.7944
"jsoyb","GSA_GSA","air",-0.56
"jsoyb","GSA_GSA","arf",-0.36
"jsoyb","GTM_GTM","air",-0.6
"jsoyb","GTM_GTM","arf",-0.45
"jsoyb","HOA_ETH","air",-0.288
"jsoyb","HOA_ETH","arf",-0.162
"jsoyb","HOA_KEN","air",-0.288
"jsoyb","HOA_KEN","arf",-0.162
"jsoyb","HWI_USA","air",-0.768
"jsoyb","HWI_USA","arf",-0.768
"jsoyb","IEC_IND","air",-0.7944
"jsoyb","IEC_IND","arf",-0.7944
"jsoyb","IND_IND","air",-0.7944
"jsoyb","IND_IND","arf",-0.7944
"jsoyb","INE_IDN","air",-0.432
"jsoyb","INE_IDN","arf",-0.324
"jsoyb","INW_IDN","air",-0.432
"jsoyb","INW_IDN","arf",-0.324
"jsoyb","KAL_ZAF","air",-0.408
"jsoyb","KAL_ZAF","arf",-0.306
"jsoyb","KRI_IND","air",-0.7944
"jsoyb","KRI_IND","arf",-0.7944
"jsoyb","LBA_KAZ","air",-0.72
"jsoyb","LBA_KAZ","arf",-0.54
"jsoyb","LCB_CMR","air",-0.162
"jsoyb","LCB_CMR","arf",-0.162
"jsoyb","LCB_NGA","air",-0.644
"jsoyb","LCB_NGA","arf",-0.46
"jsoyb","LIM_MOZ","air",-0.234
"jsoyb","LIM_MOZ","arf",-0.162
"jsoyb","LIM_ZAF","air",-0.408
"jsoyb","LIM_ZAF","arf",-0.306
"jsoyb","LTZ_KAZ","air",-0.72
"jsoyb","LTZ_KAZ","arf",-0.54
"jsoyb","LUN_IND","air",-0.7944
"jsoyb","LUN_IND","arf",-0.7944
"jsoyb","MAD_MDG","air",-0.216
"jsoyb","MAD_MDG","arf",-0.162
"jsoyb","MAT_IND","air",-0.7944
"jsoyb","MAT_IND","arf",-0.7944
"jsoyb","MCK_CAN","air",-0.8764
"jsoyb","MCK_CAN","arf",-0.7512
"jsoyb","MHN_IND","air",-0.7944
"jsoyb","MHN_IND","arf",-0.7944
"jsoyb","MIS_USA","air",-0.768
"jsoyb","MIS_USA","arf",-0.768
"jsoyb","MOU_USA","air",-0.768
"jsoyb","MOU_USA","arf",-0.768
"jsoyb","NEB_BRA","air",-0.7824
"jsoyb","NEB_BRA","arf",-0.5868
"jsoyb","NER_RUS","air",-0.72
"jsoyb","NER_RUS","arf",-0.54
"jsoyb","NIC_NIC","air",-0.6
"jsoyb","NIC_NIC","arf",-0.45
"jsoyb","NIG_BEN","air",-0.216
"jsoyb","NIG_BEN","arf",-0.162
"jsoyb","NIG_BFA","air",-0.216
"jsoyb","NIG_BFA","arf",-0.162
"jsoyb","NIG_CIV","air",-0.216
"jsoyb","NIG_CIV","arf",-0.162
"jsoyb","NIG_CMR","air",-0.162
"jsoyb","NIG_CMR","arf",-0.162
"jsoyb","NIG_MLI","air",-0.216
"jsoyb","NIG_MLI","arf",-0.162
"jsoyb","NIG_NGA","air",-0.644
"jsoyb","NIG_NGA","arf",-0.46
"jsoyb","NKP_PRK","air",-0.504
"jsoyb","NKP_PRK","arf",-0.378
"jsoyb","NLL_ETH","air",-0.288
"jsoyb","NLL_ETH","arf",-0.162
"jsoyb","NLL_UGA","air",-0.252
"jsoyb","NLL_UGA","arf",-0.162
"jsoyb","OBB_KAZ","air",-0.72
"jsoyb","OBB_KAZ","arf",-0.54
"jsoyb","OBB_RUS","air",-0.72
"jsoyb","OBB_RUS","arf",-0.54
"jsoyb","ODE_RUS","air",-0.72
"jsoyb","ODE_RUS","arf",-0.54
"jsoyb","OHI_USA","air",-0.768
"jsoyb","OHI_USA","arf",-0.768
"jsoyb","OPO_OPO","air",-0.408
"jsoyb","OPO_OPO","arf",-0.306
"jsoyb","ORA_ZAF","air",-0.408
"jsoyb","ORA_ZAF","arf",-0.306
"jsoyb","PAN_PAN","air",-0.6
"jsoyb","PAN_PAN","arf",-0.45
"jsoyb","PAR_ARG","air",-0.6192
"jsoyb","PAR_ARG","arf",-0.4644
"jsoyb","PAR_BOL","air",-0.6
"jsoyb","PAR_BOL","arf",-0.45
"jsoyb","PAR_BRA","air",-0.7824
"jsoyb","PAR_BRA","arf",-0.5868
"jsoyb","PAR_PRY","air",-0.6
"jsoyb","PAR_PRY","arf",-0.45
"jsoyb","RIC_ARG","air",-0.6192
"jsoyb","RIC_ARG","arf",-0.4644
"jsoyb","RIG_USA","air",-0.768
"jsoyb","RIG_USA","arf",-0.768
"jsoyb","RRS_RUS","air",-0.72
"jsoyb","RRS_RUS","arf",-0.54
"jsoyb","RWI_CAN","air",-0.8764
"jsoyb","RWI_CAN","arf",-0.7512
"jsoyb","RWI_USA","air",-0.768
"jsoyb","RWI_USA","arf",-0.768
"jsoyb","SAC_ZAF","air",-0.408
"jsoyb","SAC_ZAF","arf",-0.306
"jsoyb","SAF_MOZ","air",-0.234
"jsoyb","SAF_MOZ","arf",-0.162
"jsoyb","SAF_TZA","air",-0.288
"jsoyb","SAF_TZA","arf",-0.162
"jsoyb","SAH_MLI","air",-0.216
"jsoyb","SAH_MLI","arf",-0.162
"jsoyb","SAL_ARG","air",-0.6192
"jsoyb","SAL_ARG","arf",-0.4644
"jsoyb","SAN_BRA","air",-0.7824
"jsoyb","SAN_BRA","arf",-0.5868
"jsoyb","SAY_IND","air",-0.7944
"jsoyb","SAY_IND","arf",-0.7944
"jsoyb","SEN_MLI","air",-0.216
"jsoyb","SEN_MLI","arf",-0.162
"jsoyb","SEU_USA","air",-0.768
"jsoyb","SEU_USA","arf",-0.768
"jsoyb","SLV_SLV","air",-0.6
"jsoyb","SLV_SLV","arf",-0.45
"jsoyb","SYD_KAZ","air",-0.72
"jsoyb","SYD_KAZ","arf",-0.54
"jsoyb","SYD_KGZ","air",-0.72
"jsoyb","SYD_KGZ","arf",-0.54
"jsoyb","SYD_TJK","air",-0.72
"jsoyb","SYD_TJK","arf",-0.54
"jsoyb","SYD_UZB","air",-0.72
"jsoyb","SYD_UZB","arf",-0.54
"jsoyb","TIE_ARG","air",-0.6192
"jsoyb","TIE_ARG","arf",-0.4644
"jsoyb","TLS_TLS","air",-0.416
"jsoyb","TLS_TLS","arf",-0.288
"jsoyb","TOC_BRA","air",-0.7824
"jsoyb","TOC_BRA","arf",-0.5868
"jsoyb","UMO_RUS","air",-0.72
"jsoyb","UMO_RUS","arf",-0.54
"jsoyb","URA_KAZ","air",-0.72
"jsoyb","URA_KAZ","arf",-0.54
"jsoyb","URA_RUS","air",-0.72
"jsoyb","URA_RUS","arf",-0.54
"jsoyb","URU_BRA","air",-0.7824
"jsoyb","URU_BRA","arf",-0.5868
"jsoyb","URU_URY","air",-0.48
"jsoyb","URU_URY","arf",-0.36
"jsoyb","USN_USA","air",-0.768
"jsoyb","USN_USA","arf",-0.768
"jsoyb","VOG_RUS","air",-0.72
"jsoyb","VOG_RUS","arf",-0.54
"jsoyb","VOT_BEN","air",-0.216
"jsoyb","VOT_BEN","arf",-0.162
"jsoyb","VOT_BFA","air",-0.216
"jsoyb","VOT_BFA","arf",-0.162
"jsoyb","VOT_CIV","air",-0.216
"jsoyb","VOT_CIV","arf",-0.162
"jsoyb","VOT_GHA","air",-0.288
"jsoyb","VOT_GHA","arf",-0.162
"jsoyb","VOT_MLI","air",-0.216
"jsoyb","VOT_MLI","arf",-0.162
"jsoyb","VOT_TGO","air",-0.216
"jsoyb","VOT_TGO","arf",-0.162
"jsoyb","WAC_CIV","air",-0.216
"jsoyb","WAC_CIV","arf",-0.162
"jsoyb","WAC_LBR","air",-0.144
"jsoyb","WAC_LBR","arf",-0.18
"jsoyb","WAI_AFG","air",-0.48
"jsoyb","WAI_AFG","arf",-0.36
"jsoyb","WGM_USA","air",-0.768
"jsoyb","WGM_USA","arf",-0.768
"jsoyb","YEN_RUS","air",-0.72
"jsoyb","YEN_RUS","arf",-0.54
"jsoyb","ZAM_AGO","air",-0.216
"jsoyb","ZAM_AGO","arf",-0.162
"jsoyb","ZAM_COD","air",-0.216
"jsoyb","ZAM_COD","arf",-0.162
"jsoyb","ZAM_MOZ","air",-0.234
"jsoyb","ZAM_MOZ","arf",-0.162
"jsoyb","ZAM_MWI","air",-0.252
"jsoyb","ZAM_MWI","arf",-0.162
"jsoyb","ZAM_TZA","air",-0.288
"jsoyb","ZAM_TZA","arf",-0.162
"jsoyb","ZAM_ZMB","air",-0.27
"jsoyb","ZAM_ZMB","arf",-0.162
"jsbnt","ALK_USA","air",-1.152
"jsbnt","ALK_USA","arf",-1.152
"jsbnt","AMA_BOL","air",-0.9
"jsbnt","AMA_BOL","arf",-0.675
"jsbnt","AMA_BRA","air",-1.1736
"jsbnt","AMA_BRA","arf",-0.8802
"jsbnt","AMA_COL","air",-0.9
"jsbnt","AMA_COL","arf",-0.675
"jsbnt","AMA_ECU","air",-0.72
"jsbnt","AMA_ECU","arf",-0.54
"jsbnt","AMA_PER","air",-0.72
"jsbnt","AMA_PER","arf",-0.54
"jsbnt","AMD_UZB","air",-1.08
"jsbnt","AMD_UZB","arf",-0.81
"jsbnt","AMR_CHM","air",-1.0692
"jsbnt","AMR_CHM","arf",-0.8019
"jsbnt","AMR_RUS","air",-1.08
"jsbnt","AMR_RUS","arf",-0.81
"jsbnt","ARA_IRQ","air",-0.504
"jsbnt","ARA_IRQ","arf",-0.42
"jsbnt","ARK_USA","air",-1.152
"jsbnt","ARK_USA","arf",-1.152
"jsbnt","AZE_AZE","air",-0.612
"jsbnt","AZE_AZE","arf",-0.459
"jsbnt","BAL_BLT","air",-1.0692
"jsbnt","BAL_BLT","arf",-0.891
"jsbnt","BAL_RUS","air",-1.08
"jsbnt","BAL_RUS","arf",-0.81
"jsbnt","BLA_RUS","air",-1.08
"jsbnt","BLA_RUS","arf",-0.81
"jsbnt","BLA_TUR","air",-0.324
"jsbnt","BLA_TUR","arf",-0.243
"jsbnt","BLA_UKR","air",-1.08
"jsbnt","BLA_UKR","arf",-0.81
"jsbnt","BLZ_BLZ","air",-0.9
"jsbnt","BLZ_BLZ","arf",-0.675
"jsbnt","BRT_CHM","air",-1.0692
"jsbnt","BRT_CHM","arf",-0.8019
"jsbnt","BRT_IND","air",-1.1916
"jsbnt","BRT_IND","arf",-1.1916
"jsbnt","CAF_CMR","air",-0.243
"jsbnt","CAF_CMR","arf",-0.243
"jsbnt","CAF_GAB","air",-0.243
"jsbnt","CAF_GAB","arf",-0.243
"jsbnt","CAL_USA","air",-1.152
"jsbnt","CAL_USA","arf",-1.152
"jsbnt","CAN_CAN","air",-1.3146
"jsbnt","CAN_CAN","arf",-1.1268
"jsbnt","CAU_AUS","air",-0.396
"jsbnt","CAU_AUS","arf",-0.33
"jsbnt","CAV_IND","air",-1.1916
"jsbnt","CAV_IND","arf",-1.1916
"jsbnt","CHJ_CHM","air",-1.0692
"jsbnt","CHJ_CHM","arf",-0.8019
"jsbnt","CHO_IND","air",-1.1916
"jsbnt","CHO_IND","arf",-1.1916
"jsbnt","CHU_KAZ","air",-1.08
"jsbnt","CHU_KAZ","arf",-0.81
"jsbnt","COB_CAN","air",-1.3146
"jsbnt","COB_CAN","arf",-1.1268
"jsbnt","COB_USA","air",-1.152
"jsbnt","COB_USA","arf",-1.152
"jsbnt","COL_USA","air",-1.152
"jsbnt","COL_USA","arf",-1.152
"jsbnt","CUB_CUB","air",-1.05
"jsbnt","CUB_CUB","arf",-0.675
"jsbnt","DAN_AUT","air",-1.0692
"jsbnt","DAN_AUT","arf",-0.891
"jsbnt","DAN_BGR","air",-1.0692
"jsbnt","DAN_BGR","arf",-0.8019
"jsbnt","DAN_CZE","air",-1.0692
"jsbnt","DAN_CZE","arf",-0.891
"jsbnt","DAN_DEU","air",-1.0692
"jsbnt","DAN_DEU","arf",-0.891
"jsbnt","DAN_HRV","air",-0.9801
"jsbnt","DAN_HRV","arf",-0.891
"jsbnt","DAN_HUN","air",-1.0692
"jsbnt","DAN_HUN","arf",-0.8019
"jsbnt","DAN_MDA","air",-1.0692
"jsbnt","DAN_MDA","arf",-0.8019
"jsbnt","DAN_OBN","air",-1.0692
"jsbnt","DAN_OBN","arf",-0.8019
"jsbnt","DAN_ROU","air",-1.0692
"jsbnt","DAN_ROU","arf",-0.8019
"jsbnt","DAN_SVK","air",-1.0692
"jsbnt","DAN_SVK","arf",-0.8019
"jsbnt","DAN_TUR","air",-0.324
"jsbnt","DAN_TUR","arf",-0.243
"jsbnt","DAN_UKR","air",-1.08
"jsbnt","DAN_UKR","arf",-0.81
"jsbnt","DNI_RUS","air",-1.08
"jsbnt","DNI_RUS","arf",-0.81
"jsbnt","DNI_UKR","air",-1.08
"jsbnt","DNI_UKR","arf",-0.81
"jsbnt","EAU_AUS","air",-0.396
"jsbnt","EAU_AUS","arf",-0.33
"jsbnt","EGH_IND","air",-1.1916
"jsbnt","EGH_IND","arf",-1.1916
"jsbnt","ELB_DEU","air",-1.0692
"jsbnt","ELB_DEU","arf",-0.891
"jsbnt","EME_EGY","air",-0.504
"jsbnt","EME_EGY","arf",-0.378
"jsbnt","EME_SYR","air",-0.504
"jsbnt","EME_SYR","arf",-0.378
"jsbnt","EME_TUR","air",-0.324
"jsbnt","EME_TUR","arf",-0.243
"jsbnt","GAN_CHM","air",-1.0692
"jsbnt","GAN_CHM","arf",-0.8019
"jsbnt","GAN_IND","air",-1.1916
"jsbnt","GAN_IND","arf",-1.1916
"jsbnt","GAN_NPL","air",-0.504
"jsbnt","GAN_NPL","arf",-0.378
"jsbnt","GBA_USA","air",-1.152
"jsbnt","GBA_USA","arf",-1.152
"jsbnt","GEO_GEO","air",-0.612
"jsbnt","GEO_GEO","arf",-0.459
"jsbnt","GLA_CAN","air",-1.3146
"jsbnt","GLA_CAN","arf",-1.1268
"jsbnt","GLA_USA","air",-1.152
"jsbnt","GLA_USA","arf",-1.152
"jsbnt","GOD_IND","air",-1.1916
"jsbnt","GOD_IND","arf",-1.1916
"jsbnt","GRC_GRC","air",-1.0692
"jsbnt","GRC_GRC","arf",-0.891
"jsbnt","GTM_GTM","air",-0.9
"jsbnt","GTM_GTM","arf",-0.675
"jsbnt","HAI_CHM","air",-1.0692
"jsbnt","HAI_CHM","arf",-0.8019
"jsbnt","HND_HND","air",-0.9
"jsbnt","HND_HND","arf",-0.675
"jsbnt","HOA_ETH","air",-0.432
"jsbnt","HOA_ETH","arf",-0.243
"jsbnt","HUA_CHM","air",-1.0692
"jsbnt","HUA_CHM","arf",-0.8019
"jsbnt","HUN_CHM","air",-1.0692
"jsbnt","HUN_CHM","arf",-0.8019
"jsbnt","HWI_USA","air",-1.152
"jsbnt","HWI_USA","arf",-1.152
"jsbnt","IEC_IND","air",-1.1916
"jsbnt","IEC_IND","arf",-1.1916
"jsbnt","IND_CHM","air",-1.0692
"jsbnt","IND_CHM","arf",-0.8019
"jsbnt","IND_IND","air",-1.1916
"jsbnt","IND_IND","arf",-1.1916
"jsbnt","IND_PAK","air",-0.72
"jsbnt","IND_PAK","arf",-0.72
"jsbnt","ITA_ITP","air",-1.0692
"jsbnt","ITA_ITP","arf",-0.891
"jsbnt","JAP_JPN","air",-0.432
"jsbnt","JAP_JPN","arf",-0.36
"jsbnt","KAL_ZAF","air",-0.612
"jsbnt","KAL_ZAF","arf",-0.459
"jsbnt","KRI_IND","air",-1.1916
"jsbnt","KRI_IND","arf",-1.1916
"jsbnt","LAJ_CHM","air",-1.0692
"jsbnt","LAJ_CHM","arf",-0.8019
"jsbnt","LBA_KAZ","air",-1.08
"jsbnt","LBA_KAZ","arf",-0.81
"jsbnt","LBO_FRP","air",-1.0692
"jsbnt","LBO_FRP","arf",-0.891
"jsbnt","LCB_CMR","air",-0.243
"jsbnt","LCB_CMR","arf",-0.243
"jsbnt","LCB_NGA","air",-0.966
"jsbnt","LCB_NGA","arf",-0.69
"jsbnt","LIM_MOZ","air",-0.351
"jsbnt","LIM_MOZ","arf",-0.243
"jsbnt","LIM_ZAF","air",-0.612
"jsbnt","LIM_ZAF","arf",-0.459
"jsbnt","LIM_ZWE","air",-0.351
"jsbnt","LIM_ZWE","arf",-0.27
"jsbnt","LMO_CHM","air",-1.0692
"jsbnt","LMO_CHM","arf",-0.8019
"jsbnt","LTZ_KAZ","air",-1.08
"jsbnt","LTZ_KAZ","arf",-0.81
"jsbnt","LUN_IND","air",-1.1916
"jsbnt","LUN_IND","arf",-1.1916
"jsbnt","MAT_IND","air",-1.1916
"jsbnt","MAT_IND","arf",-1.1916
"jsbnt","MAU_AUS","air",-0.396
"jsbnt","MAU_AUS","arf",-0.33
"jsbnt","MCK_CAN","air",-1.3146
"jsbnt","MCK_CAN","arf",-1.1268
"jsbnt","MEK_KHM","air",-0.432
"jsbnt","MEK_KHM","arf",-0.243
"jsbnt","MEK_LAO","air",-0.432
"jsbnt","MEK_LAO","arf",-0.243
"jsbnt","MEK_MMR","air",-0.72
"jsbnt","MEK_MMR","arf",-0.54
"jsbnt","MEK_THA","air",-0.54
"jsbnt","MEK_THA","arf",-0.405
"jsbnt","MEK_VNM","air",-0.504
"jsbnt","MEK_VNM","arf",-0.378
"jsbnt","MHN_IND","air",-1.1916
"jsbnt","MHN_IND","arf",-1.1916
"jsbnt","MIM_MEX","air",-0.7884
"jsbnt","MIM_MEX","arf",-0.657
"jsbnt","MIS_USA","air",-1.152
"jsbnt","MIS_USA","arf",-1.152
"jsbnt","MOU_USA","air",-1.152
"jsbnt","MOU_USA","arf",-1.152
"jsbnt","NAC_EGY","air",-0.504
"jsbnt","NAC_EGY","arf",-0.378
"jsbnt","NEB_BRA","air",-1.1736
"jsbnt","NEB_BRA","arf",-0.8802
"jsbnt","NER_RUS","air",-1.08
"jsbnt","NER_RUS","arf",-0.81
"jsbnt","NIC_NIC","air",-0.9
"jsbnt","NIC_NIC","arf",-0.675
"jsbnt","NIG_BEN","air",-0.324
"jsbnt","NIG_BEN","arf",-0.243
"jsbnt","NIG_CMR","air",-0.243
"jsbnt","NIG_CMR","arf",-0.243
"jsbnt","NIG_NGA","air",-0.966
"jsbnt","NIG_NGA","arf",-0.69
"jsbnt","NLL_EGY","air",-0.504
"jsbnt","NLL_EGY","arf",-0.378
"jsbnt","NLL_ETH","air",-0.432
"jsbnt","NLL_ETH","arf",-0.243
"jsbnt","NLL_UGA","air",-0.378
"jsbnt","NLL_UGA","arf",-0.243
"jsbnt","NWA_MOR","air",-0.504
"jsbnt","NWA_MOR","arf",-0.378
"jsbnt","NWS_COL","air",-0.9
"jsbnt","NWS_COL","arf",-0.675
"jsbnt","NWS_ECU","air",-0.72
"jsbnt","NWS_ECU","arf",-0.54
"jsbnt","OBB_CHM","air",-1.0692
"jsbnt","OBB_CHM","arf",-0.8019
"jsbnt","OBB_KAZ","air",-1.08
"jsbnt","OBB_KAZ","arf",-0.81
"jsbnt","OBB_RUS","air",-1.08
"jsbnt","OBB_RUS","arf",-0.81
"jsbnt","ODE_DEU","air",-1.0692
"jsbnt","ODE_DEU","arf",-0.891
"jsbnt","ODE_POL","air",-1.0692
"jsbnt","ODE_POL","arf",-0.891
"jsbnt","ODE_RUS","air",-1.08
"jsbnt","ODE_RUS","arf",-0.81
"jsbnt","OHI_USA","air",-1.152
"jsbnt","OHI_USA","arf",-1.152
"jsbnt","ORA_ZAF","air",-0.612
"jsbnt","ORA_ZAF","arf",-0.459
"jsbnt","ORI_COL","air",-0.9
"jsbnt","ORI_COL","arf",-0.675
"jsbnt","ORI_VEN","air",-0.72
"jsbnt","ORI_VEN","arf",-0.54
"jsbnt","PAR_ARG","air",-0.9288
"jsbnt","PAR_ARG","arf",-0.6966
"jsbnt","PAR_BOL","air",-0.9
"jsbnt","PAR_BOL","arf",-0.675
"jsbnt","PAR_BRA","air",-1.1736
"jsbnt","PAR_BRA","arf",-0.8802
"jsbnt","PAR_PRY","air",-0.9
"jsbnt","PAR_PRY","arf",-0.675
"jsbnt","PEC_PER","air",-0.72
"jsbnt","PEC_PER","arf",-0.54
"jsbnt","PHI_PHL","air",-0.504
"jsbnt","PHI_PHL","arf",-0.378
"jsbnt","RHI_BLX","air",-1.0692
"jsbnt","RHI_BLX","arf",-0.891
"jsbnt","RHI_CHP","air",-1.0692
"jsbnt","RHI_CHP","arf",-0.891
"jsbnt","RHI_DEU","air",-1.0692
"jsbnt","RHI_DEU","arf",-0.891
"jsbnt","RHI_FRP","air",-1.0692
"jsbnt","RHI_FRP","arf",-0.891
"jsbnt","RHO_FRP","air",-1.0692
"jsbnt","RHO_FRP","arf",-0.891
"jsbnt","RIC_ARG","air",-0.9288
"jsbnt","RIC_ARG","arf",-0.6966
"jsbnt","RIG_MEX","air",-0.7884
"jsbnt","RIG_MEX","arf",-0.657
"jsbnt","RIG_USA","air",-1.152
"jsbnt","RIG_USA","arf",-1.152
"jsbnt","RRS_RUS","air",-1.08
"jsbnt","RRS_RUS","arf",-0.81
"jsbnt","RVE_VEN","air",-0.72
"jsbnt","RVE_VEN","arf",-0.54
"jsbnt","RVN_VNM","air",-0.504
"jsbnt","RVN_VNM","arf",-0.378
"jsbnt","RWI_CAN","air",-1.3146
"jsbnt","RWI_CAN","arf",-1.1268
"jsbnt","RWI_USA","air",-1.152
"jsbnt","RWI_USA","arf",-1.152
"jsbnt","SAC_ZAF","air",-0.612
"jsbnt","SAC_ZAF","arf",-0.459
"jsbnt","SAF_MOZ","air",-0.351
"jsbnt","SAF_MOZ","arf",-0.243
"jsbnt","SAF_ZWE","air",-0.351
"jsbnt","SAF_ZWE","arf",-0.27
"jsbnt","SAH_EGY","air",-0.504
"jsbnt","SAH_EGY","arf",-0.378
"jsbnt","SAH_MOR","air",-0.504
"jsbnt","SAH_MOR","arf",-0.378
"jsbnt","SAL_ARG","air",-0.9288
"jsbnt","SAL_ARG","arf",-0.6966
"jsbnt","SAN_BRA","air",-1.1736
"jsbnt","SAN_BRA","arf",-0.8802
"jsbnt","SAY_IND","air",-1.1916
"jsbnt","SAY_IND","arf",-1.1916
"jsbnt","SEI_FRP","air",-1.0692
"jsbnt","SEI_FRP","arf",-0.891
"jsbnt","SEU_USA","air",-1.152
"jsbnt","SEU_USA","arf",-1.152
"jsbnt","SKP_KOR","air",-0.396
"jsbnt","SKP_KOR","arf",-0.33
"jsbnt","SON_CHM","air",-1.0692
"jsbnt","SON_CHM","arf",-0.8019
"jsbnt","SPP_SPP","air",-1.0692
"jsbnt","SPP_SPP","arf",-0.891
"jsbnt","SRL_LKA","air",-0.504
"jsbnt","SRL_LKA","arf",-0.378
"jsbnt","SYD_KAZ","air",-1.08
"jsbnt","SYD_KAZ","arf",-0.81
"jsbnt","SYD_UZB","air",-1.08
"jsbnt","SYD_UZB","arf",-0.81
"jsbnt","TIE_ARG","air",-0.9288
"jsbnt","TIE_ARG","arf",-0.6966
"jsbnt","TIG_IRN","air",-0.504
"jsbnt","TIG_IRN","arf",-0.42
"jsbnt","TIG_IRQ","air",-0.504
"jsbnt","TIG_IRQ","arf",-0.42
"jsbnt","TIG_SYR","air",-0.504
"jsbnt","TIG_SYR","arf",-0.378
"jsbnt","TIG_TUR","air",-0.324
"jsbnt","TIG_TUR","arf",-0.243
"jsbnt","TMM_MMR","air",-0.72
"jsbnt","TMM_MMR","arf",-0.54
"jsbnt","TMM_THA","air",-0.54
"jsbnt","TMM_THA","arf",-0.405
"jsbnt","TOC_BRA","air",-1.1736
"jsbnt","TOC_BRA","arf",-0.8802
"jsbnt","TWN_CHM","air",-1.0692
"jsbnt","TWN_CHM","arf",-0.8019
"jsbnt","UME_MEX","air",-0.7884
"jsbnt","UME_MEX","arf",-0.657
"jsbnt","UMO_RUS","air",-1.08
"jsbnt","UMO_RUS","arf",-0.81
"jsbnt","URA_KAZ","air",-1.08
"jsbnt","URA_KAZ","arf",-0.81
"jsbnt","URA_RUS","air",-1.08
"jsbnt","URA_RUS","arf",-0.81
"jsbnt","URU_BRA","air",-1.1736
"jsbnt","URU_BRA","arf",-0.8802
"jsbnt","URU_URY","air",-0.72
"jsbnt","URU_URY","arf",-0.54
"jsbnt","USN_USA","air",-1.152
"jsbnt","USN_USA","arf",-1.152
"jsbnt","VOG_RUS","air",-1.08
"jsbnt","VOG_RUS","arf",-0.81
"jsbnt","VOT_BEN","air",-0.324
"jsbnt","VOT_BEN","arf",-0.243
"jsbnt","VOT_GHA","air",-0.432
"jsbnt","VOT_GHA","arf",-0.243
"jsbnt","VOT_TGO","air",-0.324
"jsbnt","VOT_TGO","arf",-0.243
"jsbnt","WAI_IRN","air",-0.504
"jsbnt","WAI_IRN","arf",-0.42
"jsbnt","WAI_PAK","air",-0.72
"jsbnt","WAI_PAK","arf",-0.72
"jsbnt","WAU_AUS","air",-0.396
"jsbnt","WAU_AUS","arf",-0.33
"jsbnt","WGM_USA","air",-1.152
"jsbnt","WGM_USA","arf",-1.152
"jsbnt","YEN_RUS","air",-1.08
"jsbnt","YEN_RUS","arf",-0.81
"jsbnt","YHE_CHM","air",-1.0692
"jsbnt","YHE_CHM","arf",-0.8019
"jsbnt","YRD_CHM","air",-1.0692
"jsbnt","YRD_CHM","arf",-0.8019
"jsbnt","YRD_VNM","air",-0.504
"jsbnt","YRD_VNM","arf",-0.378
"jsbnt","YUC_MEX","air",-0.7884
"jsbnt","YUC_MEX","arf",-0.657
"jsbnt","ZAM_MOZ","air",-0.351
"jsbnt","ZAM_MOZ","arf",-0.243
"jsbnt","ZAM_MWI","air",-0.378
"jsbnt","ZAM_MWI","arf",-0.243
"jsbnt","ZAM_ZMB","air",-0.405
"jsbnt","ZAM_ZMB","arf",-0.243
"jsbnt","ZAM_ZWE","air",-0.351
"jsbnt","ZAM_ZWE","arf",-0.27
"jsbnt","ZHJ_CHM","air",-1.0692
"jsbnt","ZHJ_CHM","arf",-0.8019
"jsnfl","ALK_USA","air",-0.72
"jsnfl","ALK_USA","arf",-0.72
"jsnfl","AMA_BOL","air",-0.8352
"jsnfl","AMA_BOL","arf",-0.6264
"jsnfl","AMA_ECU","air",-0.8352
"jsnfl","AMA_ECU","arf",-0.6264
"jsnfl","AMR_CHM","air",-0.5184
"jsnfl","AMR_CHM","arf",-0.3888
"jsnfl","AMR_RUS","air",-0.6048
"jsnfl","AMR_RUS","arf",-0.4536
"jsnfl","ARK_USA","air",-0.72
"jsnfl","ARK_USA","arf",-0.72
"jsnfl","BAL_RUS","air",-0.6048
"jsnfl","BAL_RUS","arf",-0.4536
"jsnfl","BLA_RUS","air",-0.6048
"jsnfl","BLA_RUS","arf",-0.4536
"jsnfl","BLA_UKR","air",-0.6048
"jsnfl","BLA_UKR","arf",-0.4536
"jsnfl","BRT_BTN","air",-0.5184
"jsnfl","BRT_BTN","arf",-0.3888
"jsnfl","BRT_CHM","air",-0.5184
"jsnfl","BRT_CHM","arf",-0.3888
"jsnfl","CAF_AGO","air",-0.8352
"jsnfl","CAF_AGO","arf",-0.6264
"jsnfl","CAF_NAM","air",-0.5568
"jsnfl","CAF_NAM","arf",-0.696
"jsnfl","CAL_USA","air",-0.72
"jsnfl","CAL_USA","arf",-0.72
"jsnfl","CAN_CAN","air",-0.9408
"jsnfl","CAN_CAN","arf",-0.8064
"jsnfl","CHJ_CHM","air",-0.5184
"jsnfl","CHJ_CHM","arf",-0.3888
"jsnfl","CHU_KAZ","air",-0.6048
"jsnfl","CHU_KAZ","arf",-0.4536
"jsnfl","CHU_KGZ","air",-0.6048
"jsnfl","CHU_KGZ","arf",-0.4536
"jsnfl","COB_CAN","air",-0.9408
"jsnfl","COB_CAN","arf",-0.8064
"jsnfl","COB_USA","air",-0.72
"jsnfl","COB_USA","arf",-0.72
"jsnfl","COL_USA","air",-0.72
"jsnfl","COL_USA","arf",-0.72
"jsnfl","CON_AGO","air",-0.8352
"jsnfl","CON_AGO","arf",-0.6264
"jsnfl","CRB_CRB","air",-0.462
"jsnfl","CRB_CRB","arf",-0.42
"jsnfl","DAN_BGR","air",-0.8064
"jsnfl","DAN_BGR","arf",-0.6048
"jsnfl","DAN_HRV","air",-0.7392
"jsnfl","DAN_HRV","arf",-0.672
"jsnfl","DAN_HUN","air",-0.8064
"jsnfl","DAN_HUN","arf",-0.6048
"jsnfl","DAN_MDA","air",-0.8064
"jsnfl","DAN_MDA","arf",-0.6048
"jsnfl","DAN_OBN","air",-0.8064
"jsnfl","DAN_OBN","arf",-0.6048
"jsnfl","DAN_ROU","air",-0.8064
"jsnfl","DAN_ROU","arf",-0.6048
"jsnfl","DAN_SVK","air",-0.8064
"jsnfl","DAN_SVK","arf",-0.6048
"jsnfl","DAN_SVN","air",-0.6048
"jsnfl","DAN_SVN","arf",-0.6048
"jsnfl","DAN_UKR","air",-0.6048
"jsnfl","DAN_UKR","arf",-0.4536
"jsnfl","DNI_RUS","air",-0.6048
"jsnfl","DNI_RUS","arf",-0.4536
"jsnfl","DNI_UKR","air",-0.6048
"jsnfl","DNI_UKR","arf",-0.4536
"jsnfl","EAC_TZA","air",-1.2288
"jsnfl","EAC_TZA","arf",-0.6912
"jsnfl","EME_PSE","air",-0.9672
"jsnfl","EME_PSE","arf",-0.744
"jsnfl","EME_SYR","air",-0.72
"jsnfl","EME_SYR","arf",-0.54
"jsnfl","GAN_CHM","air",-0.5184
"jsnfl","GAN_CHM","arf",-0.3888
"jsnfl","GBA_USA","air",-0.72
"jsnfl","GBA_USA","arf",-0.72
"jsnfl","GLA_CAN","air",-0.9408
"jsnfl","GLA_CAN","arf",-0.8064
"jsnfl","GLA_USA","air",-0.72
"jsnfl","GLA_USA","arf",-0.72
"jsnfl","GRC_GRC","air",-0.8064
"jsnfl","GRC_GRC","arf",-0.672
"jsnfl","HAI_CHM","air",-0.5184
"jsnfl","HAI_CHM","arf",-0.3888
"jsnfl","HOA_ETH","air",-0.8448
"jsnfl","HOA_ETH","arf",-0.4752
"jsnfl","HUA_CHM","air",-0.5184
"jsnfl","HUA_CHM","arf",-0.3888
"jsnfl","HUN_CHM","air",-0.5184
"jsnfl","HUN_CHM","arf",-0.3888
"jsnfl","HWI_USA","air",-0.72
"jsnfl","HWI_USA","arf",-0.72
"jsnfl","IND_CHM","air",-0.5184
"jsnfl","IND_CHM","arf",-0.3888
"jsnfl","KAL_BWA","air",-0.5568
"jsnfl","KAL_BWA","arf",-0.696
"jsnfl","KAL_NAM","air",-0.5568
"jsnfl","KAL_NAM","arf",-0.696
"jsnfl","LAJ_CHM","air",-0.5184
"jsnfl","LAJ_CHM","arf",-0.3888
"jsnfl","LBA_KAZ","air",-0.6048
"jsnfl","LBA_KAZ","arf",-0.4536
"jsnfl","LBO_FRP","air",-1.0368
"jsnfl","LBO_FRP","arf",-0.864
"jsnfl","LIM_BWA","air",-0.5568
"jsnfl","LIM_BWA","arf",-0.696
"jsnfl","LIM_ZWE","air",-0.9048
"jsnfl","LIM_ZWE","arf",-0.696
"jsnfl","LMO_CHM","air",-0.5184
"jsnfl","LMO_CHM","arf",-0.3888
"jsnfl","LTZ_KAZ","air",-0.6048
"jsnfl","LTZ_KAZ","arf",-0.4536
"jsnfl","MCK_CAN","air",-0.9408
"jsnfl","MCK_CAN","arf",-0.8064
"jsnfl","MEK_MMR","air",-0.5472
"jsnfl","MEK_MMR","arf",-0.4104
"jsnfl","MIS_USA","air",-0.72
"jsnfl","MIS_USA","arf",-0.72
"jsnfl","MOU_USA","air",-0.72
"jsnfl","MOU_USA","arf",-0.72
"jsnfl","NER_RUS","air",-0.6048
"jsnfl","NER_RUS","arf",-0.4536
"jsnfl","NLL_ETH","air",-0.8448
"jsnfl","NLL_ETH","arf",-0.4752
"jsnfl","NLL_SDN","air",-0.6336
"jsnfl","NLL_SDN","arf",-0.4752
"jsnfl","NLL_UGA","air",-1.0752
"jsnfl","NLL_UGA","arf",-0.6912
"jsnfl","NWS_ECU","air",-0.8352
"jsnfl","NWS_ECU","arf",-0.6264
"jsnfl","OBB_CHM","air",-0.5184
"jsnfl","OBB_CHM","arf",-0.3888
"jsnfl","OBB_KAZ","air",-0.6048
"jsnfl","OBB_KAZ","arf",-0.4536
"jsnfl","OBB_RUS","air",-0.6048
"jsnfl","OBB_RUS","arf",-0.4536
"jsnfl","ODE_RUS","air",-0.6048
"jsnfl","ODE_RUS","arf",-0.4536
"jsnfl","OHI_USA","air",-0.72
"jsnfl","OHI_USA","arf",-0.72
"jsnfl","ORA_NAM","air",-0.5568
"jsnfl","ORA_NAM","arf",-0.696
"jsnfl","PAR_ARG","air",-0.9216
"jsnfl","PAR_ARG","arf",-0.6912
"jsnfl","PAR_BOL","air",-0.8352
"jsnfl","PAR_BOL","arf",-0.6264
"jsnfl","RHI_FRP","air",-1.0368
"jsnfl","RHI_FRP","arf",-0.864
"jsnfl","RHO_FRP","air",-1.0368
"jsnfl","RHO_FRP","arf",-0.864
"jsnfl","RIC_ARG","air",-0.9216
"jsnfl","RIC_ARG","arf",-0.6912
"jsnfl","RIG_USA","air",-0.72
"jsnfl","RIG_USA","arf",-0.72
"jsnfl","RRS_RUS","air",-0.6048
"jsnfl","RRS_RUS","arf",-0.4536
"jsnfl","RWI_CAN","air",-0.9408
"jsnfl","RWI_CAN","arf",-0.8064
"jsnfl","RWI_USA","air",-0.72
"jsnfl","RWI_USA","arf",-0.72
"jsnfl","SAF_TZA","air",-1.2288
"jsnfl","SAF_TZA","arf",-0.6912
"jsnfl","SAF_ZWE","air",-0.9048
"jsnfl","SAF_ZWE","arf",-0.696
"jsnfl","SAH_SDN","air",-0.6336
"jsnfl","SAH_SDN","arf",-0.4752
"jsnfl","SAL_ARG","air",-0.9216
"jsnfl","SAL_ARG","arf",-0.6912
"jsnfl","SEI_FRP","air",-1.0368
"jsnfl","SEI_FRP","arf",-0.864
"jsnfl","SEU_USA","air",-0.72
"jsnfl","SEU_USA","arf",-0.72
"jsnfl","SON_CHM","air",-0.5184
"jsnfl","SON_CHM","arf",-0.3888
"jsnfl","SYD_KAZ","air",-0.6048
"jsnfl","SYD_KAZ","arf",-0.4536
"jsnfl","SYD_KGZ","air",-0.6048
"jsnfl","SYD_KGZ","arf",-0.4536
"jsnfl","TIE_ARG","air",-0.9216
"jsnfl","TIE_ARG","arf",-0.6912
"jsnfl","TIG_SYR","air",-0.72
"jsnfl","TIG_SYR","arf",-0.54
"jsnfl","TMM_MMR","air",-0.5472
"jsnfl","TMM_MMR","arf",-0.4104
"jsnfl","TWN_CHM","air",-0.5184
"jsnfl","TWN_CHM","arf",-0.3888
"jsnfl","UMO_RUS","air",-0.6048
"jsnfl","UMO_RUS","arf",-0.4536
"jsnfl","URA_KAZ","air",-0.6048
"jsnfl","URA_KAZ","arf",-0.4536
"jsnfl","URA_RUS","air",-0.6048
"jsnfl","URA_RUS","arf",-0.4536
"jsnfl","USN_USA","air",-0.72
"jsnfl","USN_USA","arf",-0.72
"jsnfl","VOG_RUS","air",-0.6048
"jsnfl","VOG_RUS","arf",-0.4536
"jsnfl","WGM_USA","air",-0.72
"jsnfl","WGM_USA","arf",-0.72
"jsnfl","YEN_RUS","air",-0.6048
"jsnfl","YEN_RUS","arf",-0.4536
"jsnfl","YHE_CHM","air",-0.5184
"jsnfl","YHE_CHM","arf",-0.3888
"jsnfl","YRD_CHM","air",-0.5184
"jsnfl","YRD_CHM","arf",-0.3888
"jsnfl","ZAM_AGO","air",-0.8352
"jsnfl","ZAM_AGO","arf",-0.6264
"jsnfl","ZAM_BWA","air",-0.5568
"jsnfl","ZAM_BWA","arf",-0.696
"jsnfl","ZAM_MWI","air",-0.9744
"jsnfl","ZAM_MWI","arf",-0.6264
"jsnfl","ZAM_NAM","air",-0.5568
"jsnfl","ZAM_NAM","arf",-0.696
"jsnfl","ZAM_TZA","air",-1.2288
"jsnfl","ZAM_TZA","arf",-0.6912
"jsnfl","ZAM_ZMB","air",-1.044
"jsnfl","ZAM_ZMB","arf",-0.6264
"jsnfl","ZAM_ZWE","air",-0.9048
"jsnfl","ZAM_ZWE","arf",-0.696
"jsnfl","ZHJ_CHM","air",-0.5184
"jsnfl","ZHJ_CHM","arf",-0.3888
"jsfnt","ALB_ALB","air",-1.2096
"jsfnt","ALB_ALB","arf",-1.008
"jsfnt","ALK_USA","air",-1.08
"jsfnt","ALK_USA","arf",-1.08
"jsfnt","AMA_BOL","air",-1.2528
"jsfnt","AMA_BOL","arf",-0.9396
"jsfnt","AMA_BRA","air",-1.296
"jsfnt","AMA_BRA","arf",-0.972
"jsfnt","AMD_AFG","air",-0.7776
"jsfnt","AMD_AFG","arf",-0.5832
"jsfnt","AMD_TJK","air",-0.9072
"jsfnt","AMD_TJK","arf",-0.6804
"jsfnt","AMD_UZB","air",-0.9072
"jsfnt","AMD_UZB","arf",-0.6804
"jsfnt","AMR_CHM","air",-0.7776
"jsfnt","AMR_CHM","arf",-0.5832
"jsfnt","AMR_RUS","air",-0.9072
"jsfnt","AMR_RUS","arf",-0.6804
"jsfnt","ARA_IRQ","air",-1.08
"jsfnt","ARA_IRQ","arf",-0.9
"jsfnt","ARK_USA","air",-1.08
"jsfnt","ARK_USA","arf",-1.08
"jsfnt","AZE_AZE","air",-0.9072
"jsfnt","AZE_AZE","arf",-0.6804
"jsfnt","BAL_RUS","air",-0.9072
"jsfnt","BAL_RUS","arf",-0.6804
"jsfnt","BLA_RUS","air",-0.9072
"jsfnt","BLA_RUS","arf",-0.6804
"jsfnt","BLA_TUR","air",-1.296
"jsfnt","BLA_TUR","arf",-0.972
"jsfnt","BLA_UKR","air",-0.9072
"jsfnt","BLA_UKR","arf",-0.6804
"jsfnt","BRT_CHM","air",-0.7776
"jsfnt","BRT_CHM","arf",-0.5832
"jsfnt","BRT_IND","air",-0.9504
"jsfnt","BRT_IND","arf",-0.9504
"jsfnt","CAF_AGO","air",-1.2528
"jsfnt","CAF_AGO","arf",-0.9396
"jsfnt","CAL_USA","air",-1.08
"jsfnt","CAL_USA","arf",-1.08
"jsfnt","CAN_CAN","air",-1.4112
"jsfnt","CAN_CAN","arf",-1.2096
"jsfnt","CAU_AUS","air",-1.2528
"jsfnt","CAU_AUS","arf",-1.044
"jsfnt","CAV_IND","air",-0.9504
"jsfnt","CAV_IND","arf",-0.9504
"jsfnt","CHC_CHL","air",-1.2528
"jsfnt","CHC_CHL","arf",-0.9396
"jsfnt","CHJ_CHM","air",-0.7776
"jsfnt","CHJ_CHM","arf",-0.5832
"jsfnt","CHO_IND","air",-0.9504
"jsfnt","CHO_IND","arf",-0.9504
"jsfnt","CHU_KAZ","air",-0.9072
"jsfnt","CHU_KAZ","arf",-0.6804
"jsfnt","COB_CAN","air",-1.4112
"jsfnt","COB_CAN","arf",-1.2096
"jsfnt","COB_USA","air",-1.08
"jsfnt","COB_USA","arf",-1.08
"jsfnt","COL_USA","air",-1.08
"jsfnt","COL_USA","arf",-1.08
"jsfnt","CON_AGO","air",-1.2528
"jsfnt","CON_AGO","arf",-0.9396
"jsfnt","DAN_AUT","air",-1.5552
"jsfnt","DAN_AUT","arf",-1.296
"jsfnt","DAN_BGR","air",-1.2096
"jsfnt","DAN_BGR","arf",-0.9072
"jsfnt","DAN_CZE","air",-1.2096
"jsfnt","DAN_CZE","arf",-1.008
"jsfnt","DAN_DEU","air",-1.5552
"jsfnt","DAN_DEU","arf",-1.296
"jsfnt","DAN_HRV","air",-1.1088
"jsfnt","DAN_HRV","arf",-1.008
"jsfnt","DAN_HUN","air",-1.2096
"jsfnt","DAN_HUN","arf",-0.9072
"jsfnt","DAN_MDA","air",-1.2096
"jsfnt","DAN_MDA","arf",-0.9072
"jsfnt","DAN_OBN","air",-1.2096
"jsfnt","DAN_OBN","arf",-0.9072
"jsfnt","DAN_ROU","air",-1.2096
"jsfnt","DAN_ROU","arf",-0.9072
"jsfnt","DAN_SVK","air",-1.2096
"jsfnt","DAN_SVK","arf",-0.9072
"jsfnt","DAN_TUR","air",-1.296
"jsfnt","DAN_TUR","arf",-0.972
"jsfnt","DAN_UKR","air",-0.9072
"jsfnt","DAN_UKR","arf",-0.6804
"jsfnt","DNI_BLR","air",-0.9072
"jsfnt","DNI_BLR","arf",-0.6804
"jsfnt","DNI_RUS","air",-0.9072
"jsfnt","DNI_RUS","arf",-0.6804
"jsfnt","DNI_UKR","air",-0.9072
"jsfnt","DNI_UKR","arf",-0.6804
"jsfnt","EAC_TZA","air",-1.8432
"jsfnt","EAC_TZA","arf",-1.0368
"jsfnt","EAU_AUS","air",-1.2528
"jsfnt","EAU_AUS","arf",-1.044
"jsfnt","EGH_IND","air",-0.9504
"jsfnt","EGH_IND","arf",-0.9504
"jsfnt","ELB_DEU","air",-1.5552
"jsfnt","ELB_DEU","arf",-1.296
"jsfnt","EME_EGY","air",-1.1664
"jsfnt","EME_EGY","arf",-0.8748
"jsfnt","EME_ISR","air",-1.2096
"jsfnt","EME_ISR","arf",-1.008
"jsfnt","EME_SYR","air",-1.08
"jsfnt","EME_SYR","arf",-0.81
"jsfnt","EME_TUR","air",-1.296
"jsfnt","EME_TUR","arf",-0.972
"jsfnt","GAN_CHM","air",-0.7776
"jsfnt","GAN_CHM","arf",-0.5832
"jsfnt","GAN_IND","air",-0.9504
"jsfnt","GAN_IND","arf",-0.9504
"jsfnt","GBA_USA","air",-1.08
"jsfnt","GBA_USA","arf",-1.08
"jsfnt","GEO_GEO","air",-0.9072
"jsfnt","GEO_GEO","arf",-0.6804
"jsfnt","GLA_CAN","air",-1.4112
"jsfnt","GLA_CAN","arf",-1.2096
"jsfnt","GLA_USA","air",-1.08
"jsfnt","GLA_USA","arf",-1.08
"jsfnt","GOD_IND","air",-0.9504
"jsfnt","GOD_IND","arf",-0.9504
"jsfnt","GRC_GRC","air",-1.2096
"jsfnt","GRC_GRC","arf",-1.008
"jsfnt","HAI_CHM","air",-0.7776
"jsfnt","HAI_CHM","arf",-0.5832
"jsfnt","HOA_KEN","air",-1.8432
"jsfnt","HOA_KEN","arf",-1.0368
"jsfnt","HUA_CHM","air",-0.7776
"jsfnt","HUA_CHM","arf",-0.5832
"jsfnt","HUN_CHM","air",-0.7776
"jsfnt","HUN_CHM","arf",-0.5832
"jsfnt","HWI_USA","air",-1.08
"jsfnt","HWI_USA","arf",-1.08
"jsfnt","IEC_IND","air",-0.9504
"jsfnt","IEC_IND","arf",-0.9504
"jsfnt","IND_CHM","air",-0.7776
"jsfnt","IND_CHM","arf",-0.5832
"jsfnt","IND_IND","air",-0.9504
"jsfnt","IND_IND","arf",-0.9504
"jsfnt","IND_PAK","air",-0.7776
"jsfnt","IND_PAK","arf",-0.7776
"jsfnt","ITA_ITP","air",-1.5552
"jsfnt","ITA_ITP","arf",-1.296
"jsfnt","KAL_ZAF","air",-1.2096
"jsfnt","KAL_ZAF","arf",-0.9072
"jsfnt","KRI_IND","air",-0.9504
"jsfnt","KRI_IND","arf",-0.9504
"jsfnt","LAJ_CHM","air",-0.7776
"jsfnt","LAJ_CHM","arf",-0.5832
"jsfnt","LBA_KAZ","air",-0.9072
"jsfnt","LBA_KAZ","arf",-0.6804
"jsfnt","LBO_FRP","air",-1.5552
"jsfnt","LBO_FRP","arf",-1.296
"jsfnt","LIM_MOZ","air",-1.3572
"jsfnt","LIM_MOZ","arf",-0.9396
"jsfnt","LIM_ZAF","air",-1.2096
"jsfnt","LIM_ZAF","arf",-0.9072
"jsfnt","LIM_ZWE","air",-1.3572
"jsfnt","LIM_ZWE","arf",-1.044
"jsfnt","LMO_CHM","air",-0.7776
"jsfnt","LMO_CHM","arf",-0.5832
"jsfnt","LTZ_KAZ","air",-0.9072
"jsfnt","LTZ_KAZ","arf",-0.6804
"jsfnt","LUN_IND","air",-0.9504
"jsfnt","LUN_IND","arf",-0.9504
"jsfnt","MAT_IND","air",-0.9504
"jsfnt","MAT_IND","arf",-0.9504
"jsfnt","MAU_AUS","air",-1.2528
"jsfnt","MAU_AUS","arf",-1.044
"jsfnt","MCK_CAN","air",-1.4112
"jsfnt","MCK_CAN","arf",-1.2096
"jsfnt","MEK_MMR","air",-0.8208
"jsfnt","MEK_MMR","arf",-0.6156
"jsfnt","MEK_THA","air",-0.792
"jsfnt","MEK_THA","arf",-0.594
"jsfnt","MHN_IND","air",-0.9504
"jsfnt","MHN_IND","arf",-0.9504
"jsfnt","MIM_MEX","air",-1.296
"jsfnt","MIM_MEX","arf",-1.08
"jsfnt","MIS_USA","air",-1.08
"jsfnt","MIS_USA","arf",-1.08
"jsfnt","MOU_USA","air",-1.08
"jsfnt","MOU_USA","arf",-1.08
"jsfnt","NAC_DZA","air",-1.08
"jsfnt","NAC_DZA","arf",-0.81
"jsfnt","NAC_EGY","air",-1.1664
"jsfnt","NAC_EGY","arf",-0.8748
"jsfnt","NAC_TUN","air",-1.08
"jsfnt","NAC_TUN","arf",-0.9
"jsfnt","NEB_BRA","air",-1.296
"jsfnt","NEB_BRA","arf",-0.972
"jsfnt","NER_RUS","air",-0.9072
"jsfnt","NER_RUS","arf",-0.6804
"jsfnt","NLL_EGY","air",-1.1664
"jsfnt","NLL_EGY","arf",-0.8748
"jsfnt","NLL_SDN","air",-0.9504
"jsfnt","NLL_SDN","arf",-0.7128
"jsfnt","NLL_UGA","air",-1.6128
"jsfnt","NLL_UGA","arf",-1.0368
"jsfnt","NWA_MOR","air",-1.08
"jsfnt","NWA_MOR","arf",-0.81
"jsfnt","OBB_CHM","air",-0.7776
"jsfnt","OBB_CHM","arf",-0.5832
"jsfnt","OBB_KAZ","air",-0.9072
"jsfnt","OBB_KAZ","arf",-0.6804
"jsfnt","OBB_RUS","air",-0.9072
"jsfnt","OBB_RUS","arf",-0.6804
"jsfnt","ODE_DEU","air",-1.5552
"jsfnt","ODE_DEU","arf",-1.296
"jsfnt","ODE_POL","air",-1.2096
"jsfnt","ODE_POL","arf",-1.008
"jsfnt","ODE_RUS","air",-0.9072
"jsfnt","ODE_RUS","arf",-0.6804
"jsfnt","OHI_USA","air",-1.08
"jsfnt","OHI_USA","arf",-1.08
"jsfnt","ORA_ZAF","air",-1.2096
"jsfnt","ORA_ZAF","arf",-0.9072
"jsfnt","ORI_VEN","air",-1.2528
"jsfnt","ORI_VEN","arf",-0.9396
"jsfnt","PAR_ARG","air",-1.3824
"jsfnt","PAR_ARG","arf",-1.0368
"jsfnt","PAR_BOL","air",-1.2528
"jsfnt","PAR_BOL","arf",-0.9396
"jsfnt","PAR_BRA","air",-1.296
"jsfnt","PAR_BRA","arf",-0.972
"jsfnt","PAR_PRY","air",-1.2528
"jsfnt","PAR_PRY","arf",-0.9396
"jsfnt","PRT_PRT","air",-1.5552
"jsfnt","PRT_PRT","arf",-1.1664
"jsfnt","RHI_BLX","air",-1.5552
"jsfnt","RHI_BLX","arf",-1.296
"jsfnt","RHI_CHP","air",-1.5552
"jsfnt","RHI_CHP","arf",-1.296
"jsfnt","RHI_DEU","air",-1.5552
"jsfnt","RHI_DEU","arf",-1.296
"jsfnt","RHI_FRP","air",-1.5552
"jsfnt","RHI_FRP","arf",-1.296
"jsfnt","RHO_FRP","air",-1.5552
"jsfnt","RHO_FRP","arf",-1.296
"jsfnt","RIC_ARG","air",-1.3824
"jsfnt","RIC_ARG","arf",-1.0368
"jsfnt","RIG_MEX","air",-1.296
"jsfnt","RIG_MEX","arf",-1.08
"jsfnt","RIG_USA","air",-1.08
"jsfnt","RIG_USA","arf",-1.08
"jsfnt","RRS_RUS","air",-0.9072
"jsfnt","RRS_RUS","arf",-0.6804
"jsfnt","RVE_VEN","air",-1.2528
"jsfnt","RVE_VEN","arf",-0.9396
"jsfnt","RWI_CAN","air",-1.4112
"jsfnt","RWI_CAN","arf",-1.2096
"jsfnt","RWI_USA","air",-1.08
"jsfnt","RWI_USA","arf",-1.08
"jsfnt","SAC_ZAF","air",-1.2096
"jsfnt","SAC_ZAF","arf",-0.9072
"jsfnt","SAF_MOZ","air",-1.3572
"jsfnt","SAF_MOZ","arf",-0.9396
"jsfnt","SAF_TZA","air",-1.8432
"jsfnt","SAF_TZA","arf",-1.0368
"jsfnt","SAF_ZWE","air",-1.3572
"jsfnt","SAF_ZWE","arf",-1.044
"jsfnt","SAH_DZA","air",-1.08
"jsfnt","SAH_DZA","arf",-0.81
"jsfnt","SAH_EGY","air",-1.1664
"jsfnt","SAH_EGY","arf",-0.8748
"jsfnt","SAH_MOR","air",-1.08
"jsfnt","SAH_MOR","arf",-0.81
"jsfnt","SAH_SDN","air",-0.9504
"jsfnt","SAH_SDN","arf",-0.7128
"jsfnt","SAL_ARG","air",-1.3824
"jsfnt","SAL_ARG","arf",-1.0368
"jsfnt","SAN_BRA","air",-1.296
"jsfnt","SAN_BRA","arf",-0.972
"jsfnt","SAY_IND","air",-0.9504
"jsfnt","SAY_IND","arf",-0.9504
"jsfnt","SEI_FRP","air",-1.5552
"jsfnt","SEI_FRP","arf",-1.296
"jsfnt","SEU_USA","air",-1.08
"jsfnt","SEU_USA","arf",-1.08
"jsfnt","SON_CHM","air",-0.7776
"jsfnt","SON_CHM","arf",-0.5832
"jsfnt","SPP_SPP","air",-1.5552
"jsfnt","SPP_SPP","arf",-1.296
"jsfnt","SYD_KAZ","air",-0.9072
"jsfnt","SYD_KAZ","arf",-0.6804
"jsfnt","SYD_TJK","air",-0.9072
"jsfnt","SYD_TJK","arf",-0.6804
"jsfnt","SYD_UZB","air",-0.9072
"jsfnt","SYD_UZB","arf",-0.6804
"jsfnt","TIE_ARG","air",-1.3824
"jsfnt","TIE_ARG","arf",-1.0368
"jsfnt","TIG_IRN","air",-1.08
"jsfnt","TIG_IRN","arf",-0.9
"jsfnt","TIG_IRQ","air",-1.08
"jsfnt","TIG_IRQ","arf",-0.9
"jsfnt","TIG_SYR","air",-1.08
"jsfnt","TIG_SYR","arf",-0.81
"jsfnt","TIG_TUR","air",-1.296
"jsfnt","TIG_TUR","arf",-0.972
"jsfnt","TMM_MMR","air",-0.8208
"jsfnt","TMM_MMR","arf",-0.6156
"jsfnt","TMM_THA","air",-0.792
"jsfnt","TMM_THA","arf",-0.594
"jsfnt","TOC_BRA","air",-1.296
"jsfnt","TOC_BRA","arf",-0.972
"jsfnt","TWN_CHM","air",-0.7776
"jsfnt","TWN_CHM","arf",-0.5832
"jsfnt","UME_MEX","air",-1.296
"jsfnt","UME_MEX","arf",-1.08
"jsfnt","UMO_RUS","air",-0.9072
"jsfnt","UMO_RUS","arf",-0.6804
"jsfnt","URA_KAZ","air",-0.9072
"jsfnt","URA_KAZ","arf",-0.6804
"jsfnt","URA_RUS","air",-0.9072
"jsfnt","URA_RUS","arf",-0.6804
"jsfnt","URU_BRA","air",-1.296
"jsfnt","URU_BRA","arf",-0.972
"jsfnt","URU_URY","air",-1.2528
"jsfnt","URU_URY","arf",-0.9396
"jsfnt","USN_USA","air",-1.08
"jsfnt","USN_USA","arf",-1.08
"jsfnt","VOG_RUS","air",-0.9072
"jsfnt","VOG_RUS","arf",-0.6804
"jsfnt","WAI_AFG","air",-0.7776
"jsfnt","WAI_AFG","arf",-0.5832
"jsfnt","WAI_IRN","air",-1.08
"jsfnt","WAI_IRN","arf",-0.9
"jsfnt","WAI_PAK","air",-0.7776
"jsfnt","WAI_PAK","arf",-0.7776
"jsfnt","WAU_AUS","air",-1.2528
"jsfnt","WAU_AUS","arf",-1.044
"jsfnt","WGM_USA","air",-1.08
"jsfnt","WGM_USA","arf",-1.08
"jsfnt","YEN_RUS","air",-0.9072
"jsfnt","YEN_RUS","arf",-0.6804
"jsfnt","YHE_CHM","air",-0.7776
"jsfnt","YHE_CHM","arf",-0.5832
"jsfnt","YRD_CHM","air",-0.7776
"jsfnt","YRD_CHM","arf",-0.5832
"jsfnt","YUC_MEX","air",-1.296
"jsfnt","YUC_MEX","arf",-1.08
"jsfnt","ZAM_AGO","air",-1.2528
"jsfnt","ZAM_AGO","arf",-0.9396
"jsfnt","ZAM_MOZ","air",-1.3572
"jsfnt","ZAM_MOZ","arf",-0.9396
"jsfnt","ZAM_MWI","air",-1.4616
"jsfnt","ZAM_MWI","arf",-0.9396
"jsfnt","ZAM_TZA","air",-1.8432
"jsfnt","ZAM_TZA","arf",-1.0368
"jsfnt","ZAM_ZMB","air",-1.566
"jsfnt","ZAM_ZMB","arf",-0.9396
"jsfnt","ZAM_ZWE","air",-1.3572
"jsfnt","ZAM_ZWE","arf",-1.044
"jsfnt","ZHJ_CHM","air",-0.7776
"jsfnt","ZHJ_CHM","arf",-0.5832
"jpalm","AMA_BRA","air",-1.296
"jpalm","AMA_BRA","arf",-0.972
"jpalm","AMA_COL","air",-1.2528
"jpalm","AMA_COL","arf",-0.9396
"jpalm","AMA_ECU","air",-1.2528
"jpalm","AMA_ECU","arf",-0.9396
"jpalm","AMA_PER","air",-1.2528
"jpalm","AMA_PER","arf",-0.9396
"jpalm","AMR_CHM","air",-0.7776
"jpalm","AMR_CHM","arf",-0.5832
"jpalm","BOR_IDN","air",-0.9504
"jpalm","BOR_IDN","arf",-0.7128
"jpalm","BOR_MYS","air",-0.9504
"jpalm","BOR_MYS","arf",-0.792
"jpalm","BRT_CHM","air",-0.7776
"jpalm","BRT_CHM","arf",-0.5832
"jpalm","CAF_AGO","air",-1.2528
"jpalm","CAF_AGO","arf",-0.9396
"jpalm","CAF_CMR","air",-1.0044
"jpalm","CAF_CMR","arf",-1.0044
"jpalm","CAF_COG","air",-1.2276
"jpalm","CAF_COG","arf",-1.0044
"jpalm","CHJ_CHM","air",-0.7776
"jpalm","CHJ_CHM","arf",-0.5832
"jpalm","CON_AGO","air",-1.2528
"jpalm","CON_AGO","arf",-0.9396
"jpalm","CON_COD","air",-1.3392
"jpalm","CON_COD","arf",-1.0044
"jpalm","CON_COG","air",-1.2276
"jpalm","CON_COG","arf",-1.0044
"jpalm","CRI_CRI","air",-1.2528
"jpalm","CRI_CRI","arf",-0.9396
"jpalm","DOM_DOM","air",-1.2528
"jpalm","DOM_DOM","arf",-0.9396
"jpalm","EAC_BDI","air",-1.3824
"jpalm","EAC_BDI","arf",-1.0368
"jpalm","EAC_COD","air",-1.3392
"jpalm","EAC_COD","arf",-1.0044
"jpalm","EAC_TZA","air",-1.8432
"jpalm","EAC_TZA","arf",-1.0368
"jpalm","GAN_CHM","air",-0.7776
"jpalm","GAN_CHM","arf",-0.5832
"jpalm","GTM_GTM","air",-1.2528
"jpalm","GTM_GTM","arf",-0.9396
"jpalm","HAI_CHM","air",-0.7776
"jpalm","HAI_CHM","arf",-0.5832
"jpalm","HND_HND","air",-1.2528
"jpalm","HND_HND","arf",-0.9396
"jpalm","HUA_CHM","air",-0.7776
"jpalm","HUA_CHM","arf",-0.5832
"jpalm","HUN_CHM","air",-0.7776
"jpalm","HUN_CHM","arf",-0.5832
"jpalm","IND_CHM","air",-0.7776
"jpalm","IND_CHM","arf",-0.5832
"jpalm","INE_IDN","air",-0.9504
"jpalm","INE_IDN","arf",-0.7128
"jpalm","INW_IDN","air",-0.9504
"jpalm","INW_IDN","arf",-0.7128
"jpalm","LAJ_CHM","air",-0.7776
"jpalm","LAJ_CHM","arf",-0.5832
"jpalm","LCB_CMR","air",-1.0044
"jpalm","LCB_CMR","arf",-1.0044
"jpalm","LCB_NGA","air",-1.3608
"jpalm","LCB_NGA","arf",-0.972
"jpalm","LMO_CHM","air",-0.7776
"jpalm","LMO_CHM","arf",-0.5832
"jpalm","MEK_KHM","air",-1.0368
"jpalm","MEK_KHM","arf",-0.5832
"jpalm","MEK_THA","air",-0.792
"jpalm","MEK_THA","arf",-0.594
"jpalm","MIM_MEX","air",-1.296
"jpalm","MIM_MEX","arf",-1.08
"jpalm","NEB_BRA","air",-1.296
"jpalm","NEB_BRA","arf",-0.972
"jpalm","NIC_NIC","air",-1.2528
"jpalm","NIC_NIC","arf",-0.9396
"jpalm","NIG_BEN","air",-1.3392
"jpalm","NIG_BEN","arf",-1.0044
"jpalm","NIG_CIV","air",-1.3392
"jpalm","NIG_CIV","arf",-1.0044
"jpalm","NIG_CMR","air",-1.0044
"jpalm","NIG_CMR","arf",-1.0044
"jpalm","NIG_GIN","air",-1.3392
"jpalm","NIG_GIN","arf",-1.0044
"jpalm","NIG_NGA","air",-1.3608
"jpalm","NIG_NGA","arf",-0.972
"jpalm","NWS_COL","air",-1.2528
"jpalm","NWS_COL","arf",-0.9396
"jpalm","NWS_ECU","air",-1.2528
"jpalm","NWS_ECU","arf",-0.9396
"jpalm","OBB_CHM","air",-0.7776
"jpalm","OBB_CHM","arf",-0.5832
"jpalm","ORI_COL","air",-1.2528
"jpalm","ORI_COL","arf",-0.9396
"jpalm","ORI_VEN","air",-1.2528
"jpalm","ORI_VEN","arf",-0.9396
"jpalm","PAN_PAN","air",-1.2528
"jpalm","PAN_PAN","arf",-0.9396
"jpalm","PAO_PNG","air",-0.756
"jpalm","PAO_PNG","arf",-0.567
"jpalm","PAR_BRA","air",-1.296
"jpalm","PAR_BRA","arf",-0.972
"jpalm","PEC_PER","air",-1.2528
"jpalm","PEC_PER","arf",-0.9396
"jpalm","PHI_PHL","air",-0.9504
"jpalm","PHI_PHL","arf",-0.7128
"jpalm","RIG_MEX","air",-1.296
"jpalm","RIG_MEX","arf",-1.08
"jpalm","RVE_VEN","air",-1.2528
"jpalm","RVE_VEN","arf",-0.9396
"jpalm","SAF_TZA","air",-1.8432
"jpalm","SAF_TZA","arf",-1.0368
"jpalm","SAN_BRA","air",-1.296
"jpalm","SAN_BRA","arf",-0.972
"jpalm","SEN_GIN","air",-1.3392
"jpalm","SEN_GIN","arf",-1.0044
"jpalm","SEN_SEN","air",-1.3392
"jpalm","SEN_SEN","arf",-1.0044
"jpalm","SLB_SLB","air",-0.756
"jpalm","SLB_SLB","arf",-0.567
"jpalm","SON_CHM","air",-0.7776
"jpalm","SON_CHM","arf",-0.5832
"jpalm","TMM_MYS","air",-0.9504
"jpalm","TMM_MYS","arf",-0.792
"jpalm","TMM_THA","air",-0.792
"jpalm","TMM_THA","arf",-0.594
"jpalm","TOC_BRA","air",-1.296
"jpalm","TOC_BRA","arf",-0.972
"jpalm","TWN_CHM","air",-0.7776
"jpalm","TWN_CHM","arf",-0.5832
"jpalm","UME_MEX","air",-1.296
"jpalm","UME_MEX","arf",-1.08
"jpalm","URU_BRA","air",-1.296
"jpalm","URU_BRA","arf",-0.972
"jpalm","VOT_BEN","air",-1.3392
"jpalm","VOT_BEN","arf",-1.0044
"jpalm","VOT_CIV","air",-1.3392
"jpalm","VOT_CIV","arf",-1.0044
"jpalm","VOT_GHA","air",-1.7856
"jpalm","VOT_GHA","arf",-1.0044
"jpalm","VOT_TGO","air",-1.3392
"jpalm","VOT_TGO","arf",-1.0044
"jpalm","WAC_CIV","air",-1.3392
"jpalm","WAC_CIV","arf",-1.0044
"jpalm","WAC_GIN","air",-1.3392
"jpalm","WAC_GIN","arf",-1.0044
"jpalm","WAC_LBR","air",-0.8928
"jpalm","WAC_LBR","arf",-1.116
"jpalm","WAC_SEN","air",-1.3392
"jpalm","WAC_SEN","arf",-1.0044
"jpalm","WAC_SLE","air",-1.3392
"jpalm","WAC_SLE","arf",-1.0044
"jpalm","YHE_CHM","air",-0.7776
"jpalm","YHE_CHM","arf",-0.5832
"jpalm","YRD_CHM","air",-0.7776
"jpalm","YRD_CHM","arf",-0.5832
"jpalm","YUC_MEX","air",-1.296
"jpalm","YUC_MEX","arf",-1.08
"jpalm","ZAM_AGO","air",-1.2528
"jpalm","ZAM_AGO","arf",-0.9396
"jpalm","ZAM_COD","air",-1.3392
"jpalm","ZAM_COD","arf",-1.0044
"jpalm","ZAM_TZA","air",-1.8432
"jpalm","ZAM_TZA","arf",-1.0368
"jpalm","ZHJ_CHM","air",-0.7776
"jpalm","ZHJ_CHM","arf",-0.5832
"jtols","ALB_ALB","air",-1.2096
"jtols","ALB_ALB","arf",-1.008
"jtols","AMA_BOL","air",-1.2528
"jtols","AMA_BOL","arf",-0.9396
"jtols","AMA_PER","air",-1.2528
"jtols","AMA_PER","arf",-0.9396
"jtols","AMR_RUS","air",-0.9072
"jtols","AMR_RUS","arf",-0.6804
"jtols","ARA_IRQ","air",-1.08
"jtols","ARA_IRQ","arf",-0.9
"jtols","ARM_ARM","air",-0.9072
"jtols","ARM_ARM","arf",-0.6804
"jtols","BAL_BLT","air",-0.9072
"jtols","BAL_BLT","arf",-0.756
"jtols","BAL_RUS","air",-0.9072
"jtols","BAL_RUS","arf",-0.6804
"jtols","BLA_RUS","air",-0.9072
"jtols","BLA_RUS","arf",-0.6804
"jtols","BLZ_BLZ","air",-1.2528
"jtols","BLZ_BLZ","arf",-0.9396
"jtols","BOR_IDN","air",-0.9504
"jtols","BOR_IDN","arf",-0.7128
"jtols","BRT_BGD","air",-0.7344
"jtols","BRT_BGD","arf",-0.5508
"jtols","BRT_IND","air",-0.9504
"jtols","BRT_IND","arf",-0.9504
"jtols","CAF_COG","air",-1.2276
"jtols","CAF_COG","arf",-1.0044
"jtols","CAF_GNQ","air",-1.3392
"jtols","CAF_GNQ","arf",-1.0044
"jtols","CAV_IND","air",-0.9504
"jtols","CAV_IND","arf",-0.9504
"jtols","CHO_IND","air",-0.9504
"jtols","CHO_IND","arf",-0.9504
"jtols","CHU_KAZ","air",-0.9072
"jtols","CHU_KAZ","arf",-0.6804
"jtols","CHU_KGZ","air",-0.9072
"jtols","CHU_KGZ","arf",-0.6804
"jtols","CON_COD","air",-1.3392
"jtols","CON_COD","arf",-1.0044
"jtols","CON_COG","air",-1.2276
"jtols","CON_COG","arf",-1.0044
"jtols","CRB_CRB","air",-0.693
"jtols","CRB_CRB","arf",-0.63
"jtols","CUB_CUB","air",-1.4616
"jtols","CUB_CUB","arf",-0.9396
"jtols","DAN_HRV","air",-1.1088
"jtols","DAN_HRV","arf",-1.008
"jtols","DNI_RUS","air",-0.9072
"jtols","DNI_RUS","arf",-0.6804
"jtols","DOM_DOM","air",-1.2528
"jtols","DOM_DOM","arf",-0.9396
"jtols","EAC_COD","air",-1.3392
"jtols","EAC_COD","arf",-1.0044
"jtols","EAC_TZA","air",-1.8432
"jtols","EAC_TZA","arf",-1.0368
"jtols","EGH_IND","air",-0.9504
"jtols","EGH_IND","arf",-0.9504
"jtols","EME_CYP","air",-1.08
"jtols","EME_CYP","arf",-0.81
"jtols","EME_EGY","air",-1.1664
"jtols","EME_EGY","arf",-0.8748
"jtols","EME_ISR","air",-1.2096
"jtols","EME_ISR","arf",-1.008
"jtols","EME_JOR","air",-1.08
"jtols","EME_JOR","arf",-0.9
"jtols","EME_LBN","air",-1.08
"jtols","EME_LBN","arf",-0.81
"jtols","EME_PSE","air",-1.4508
"jtols","EME_PSE","arf",-1.116
"jtols","EME_SYR","air",-1.08
"jtols","EME_SYR","arf",-0.81
"jtols","GAN_BGD","air",-0.7344
"jtols","GAN_BGD","arf",-0.5508
"jtols","GAN_IND","air",-0.9504
"jtols","GAN_IND","arf",-0.9504
"jtols","GOD_IND","air",-0.9504
"jtols","GOD_IND","arf",-0.9504
"jtols","GRC_GRC","air",-1.2096
"jtols","GRC_GRC","arf",-1.008
"jtols","GSA_GSA","air",-1.4616
"jtols","GSA_GSA","arf",-0.9396
"jtols","HOA_SOM","air",-0.9504
"jtols","HOA_SOM","arf",-0.7128
"jtols","HTI_HTI","air",-1.2528
"jtols","HTI_HTI","arf",-1.044
"jtols","IEC_IND","air",-0.9504
"jtols","IEC_IND","arf",-0.9504
"jtols","IND_IND","air",-0.9504
"jtols","IND_IND","arf",-0.9504
"jtols","INE_IDN","air",-0.9504
"jtols","INE_IDN","arf",-0.7128
"jtols","INW_IDN","air",-0.9504
"jtols","INW_IDN","arf",-0.7128
"jtols","ITA_ITP","air",-1.5552
"jtols","ITA_ITP","arf",-1.296
"jtols","JAM_JAM","air",-0.756
"jtols","JAM_JAM","arf",-0.567
"jtols","KRI_IND","air",-0.9504
"jtols","KRI_IND","arf",-0.9504
"jtols","LBA_KAZ","air",-0.9072
"jtols","LBA_KAZ","arf",-0.6804
"jtols","LCB_NER","air",-0.9504
"jtols","LCB_NER","arf",-0.7128
"jtols","LIM_MOZ","air",-1.3572
"jtols","LIM_MOZ","arf",-0.9396
"jtols","LTZ_KAZ","air",-0.9072
"jtols","LTZ_KAZ","arf",-0.6804
"jtols","LUN_IND","air",-0.9504
"jtols","LUN_IND","arf",-0.9504
"jtols","MAD_MDG","air",-1.2528
"jtols","MAD_MDG","arf",-0.9396
"jtols","MAT_IND","air",-0.9504
"jtols","MAT_IND","arf",-0.9504
"jtols","MEK_KHM","air",-1.0368
"jtols","MEK_KHM","arf",-0.5832
"jtols","MEK_MMR","air",-0.8208
"jtols","MEK_MMR","arf",-0.6156
"jtols","MEK_THA","air",-0.792
"jtols","MEK_THA","arf",-0.594
"jtols","MEK_VNM","air",-0.8208
"jtols","MEK_VNM","arf",-0.6156
"jtols","MHN_IND","air",-0.9504
"jtols","MHN_IND","arf",-0.9504
"jtols","NAC_DZA","air",-1.08
"jtols","NAC_DZA","arf",-0.81
"jtols","NAC_EGY","air",-1.1664
"jtols","NAC_EGY","arf",-0.8748
"jtols","NAC_LBY","air",-1.08
"jtols","NAC_LBY","arf",-0.81
"jtols","NAC_TUN","air",-1.08
"jtols","NAC_TUN","arf",-0.9
"jtols","NER_RUS","air",-0.9072
"jtols","NER_RUS","arf",-0.6804
"jtols","NIC_NIC","air",-1.2528
"jtols","NIC_NIC","arf",-0.9396
"jtols","NIG_GIN","air",-1.3392
"jtols","NIG_GIN","arf",-1.0044
"jtols","NIG_NER","air",-0.9504
"jtols","NIG_NER","arf",-0.7128
"jtols","NLL_EGY","air",-1.1664
"jtols","NLL_EGY","arf",-0.8748
"jtols","NLL_ERI","air",-1.1088
"jtols","NLL_ERI","arf",-0.7128
"jtols","NWA_MOR","air",-1.08
"jtols","NWA_MOR","arf",-0.81
"jtols","OAO_OAO","air",-0.567
"jtols","OAO_OAO","arf",-0.567
"jtols","OBB_KAZ","air",-0.9072
"jtols","OBB_KAZ","arf",-0.6804
"jtols","OBB_RUS","air",-0.9072
"jtols","OBB_RUS","arf",-0.6804
"jtols","ODE_RUS","air",-0.9072
"jtols","ODE_RUS","arf",-0.6804
"jtols","OIO_OIO","air",-0.756
"jtols","OIO_OIO","arf",-0.63
"jtols","OPO_OPO","air",-0.756
"jtols","OPO_OPO","arf",-0.567
"jtols","PAN_PAN","air",-1.2528
"jtols","PAN_PAN","arf",-0.9396
"jtols","PAO_PNG","air",-0.756
"jtols","PAO_PNG","arf",-0.567
"jtols","PAR_BOL","air",-1.2528
"jtols","PAR_BOL","arf",-0.9396
"jtols","PEC_PER","air",-1.2528
"jtols","PEC_PER","arf",-0.9396
"jtols","PHI_PHL","air",-0.9504
"jtols","PHI_PHL","arf",-0.7128
"jtols","PRT_PRT","air",-1.5552
"jtols","PRT_PRT","arf",-1.1664
"jtols","RAP_RAP","air",-1.08
"jtols","RAP_RAP","arf",-0.81
"jtols","RRS_RUS","air",-0.9072
"jtols","RRS_RUS","arf",-0.6804
"jtols","RVN_VNM","air",-0.8208
"jtols","RVN_VNM","arf",-0.6156
"jtols","SAF_MOZ","air",-1.3572
"jtols","SAF_MOZ","arf",-0.9396
"jtols","SAF_TZA","air",-1.8432
"jtols","SAF_TZA","arf",-1.0368
"jtols","SAH_DZA","air",-1.08
"jtols","SAH_DZA","arf",-0.81
"jtols","SAH_EGY","air",-1.1664
"jtols","SAH_EGY","arf",-0.8748
"jtols","SAH_LBY","air",-1.08
"jtols","SAH_LBY","arf",-0.81
"jtols","SAH_MOR","air",-1.08
"jtols","SAH_MOR","arf",-0.81
"jtols","SAH_NER","air",-0.9504
"jtols","SAH_NER","arf",-0.7128
"jtols","SAU_SAU","air",-1.08
"jtols","SAU_SAU","arf",-0.81
"jtols","SAY_IND","air",-0.9504
"jtols","SAY_IND","arf",-0.9504
"jtols","SEN_GIN","air",-1.3392
"jtols","SEN_GIN","arf",-1.0044
"jtols","SEN_SEN","air",-1.3392
"jtols","SEN_SEN","arf",-1.0044
"jtols","SLB_SLB","air",-0.756
"jtols","SLB_SLB","arf",-0.567
"jtols","SLV_SLV","air",-1.2528
"jtols","SLV_SLV","arf",-0.9396
"jtols","SPP_SPP","air",-1.5552
"jtols","SPP_SPP","arf",-1.296
"jtols","SRL_LKA","air",-0.7776
"jtols","SRL_LKA","arf",-0.5832
"jtols","SYD_KAZ","air",-0.9072
"jtols","SYD_KAZ","arf",-0.6804
"jtols","SYD_KGZ","air",-0.9072
"jtols","SYD_KGZ","arf",-0.6804
"jtols","TIG_IRQ","air",-1.08
"jtols","TIG_IRQ","arf",-0.9
"jtols","TIG_SYR","air",-1.08
"jtols","TIG_SYR","arf",-0.81
"jtols","TLS_TLS","air",-0.819
"jtols","TLS_TLS","arf",-0.567
"jtols","TMM_BGD","air",-0.7344
"jtols","TMM_BGD","arf",-0.5508
"jtols","TMM_MMR","air",-0.8208
"jtols","TMM_MMR","arf",-0.6156
"jtols","TMM_OSA","arf",-0.27
"jtols","TMM_THA","air",-0.792
"jtols","TMM_THA","arf",-0.594
"jtols","UMO_RUS","air",-0.9072
"jtols","UMO_RUS","arf",-0.6804
"jtols","URA_KAZ","air",-0.9072
"jtols","URA_KAZ","arf",-0.6804
"jtols","URA_RUS","air",-0.9072
"jtols","URA_RUS","arf",-0.6804
"jtols","URU_URY","air",-1.2528
"jtols","URU_URY","arf",-0.9396
"jtols","VOG_RUS","air",-0.9072
"jtols","VOG_RUS","arf",-0.6804
"jtols","VOT_GHA","air",-1.7856
"jtols","VOT_GHA","arf",-1.0044
"jtols","VUT_VUT","air",-0.756
"jtols","VUT_VUT","arf",-0.63
"jtols","WAC_GIN","air",-1.3392
"jtols","WAC_GIN","arf",-1.0044
"jtols","WAC_GNB","air",-1.3392
"jtols","WAC_GNB","arf",-1.0044
"jtols","WAC_LBR","air",-0.8928
"jtols","WAC_LBR","arf",-1.116
"jtols","WAC_SEN","air",-1.3392
"jtols","WAC_SEN","arf",-1.0044
"jtols","WAC_SLE","air",-1.3392
"jtols","WAC_SLE","arf",-1.0044
"jtols","YEN_RUS","air",-0.9072
"jtols","YEN_RUS","arf",-0.6804
"jtols","YRD_VNM","air",-0.8208
"jtols","YRD_VNM","arf",-0.6156
"jtols","ZAM_COD","air",-1.3392
"jtols","ZAM_COD","arf",-1.0044
"jtols","ZAM_MOZ","air",-1.3572
"jtols","ZAM_MOZ","arf",-0.9396
"jtols","ZAM_TZA","air",-1.8432
"jtols","ZAM_TZA","arf",-1.0368
"jtont","ALB_ALB","air",-1.8144
"jtont","ALB_ALB","arf",-1.512
"jtont","ALK_USA","air",-1.62
"jtont","ALK_USA","arf",-1.62
"jtont","AMA_BRA","air",-1.944
"jtont","AMA_BRA","arf",-1.458
"jtont","AMA_COL","air",-1.8792
"jtont","AMA_COL","arf",-1.4094
"jtont","AMA_ECU","air",-1.8792
"jtont","AMA_ECU","arf",-1.4094
"jtont","AMA_PER","air",-1.8792
"jtont","AMA_PER","arf",-1.4094
"jtont","AMD_AFG","air",-1.1664
"jtont","AMD_AFG","arf",-0.8748
"jtont","AMD_UZB","air",-1.3608
"jtont","AMD_UZB","arf",-1.0206
"jtont","AMR_CHM","air",-1.1664
"jtont","AMR_CHM","arf",-0.8748
"jtont","AMR_RUS","air",-1.3608
"jtont","AMR_RUS","arf",-1.0206
"jtont","ARA_IRQ","air",-1.62
"jtont","ARA_IRQ","arf",-1.35
"jtont","ARK_USA","air",-1.62
"jtont","ARK_USA","arf",-1.62
"jtont","AZE_AZE","air",-1.3608
"jtont","AZE_AZE","arf",-1.0206
"jtont","BAL_RUS","air",-1.3608
"jtont","BAL_RUS","arf",-1.0206
"jtont","BLA_RUS","air",-1.3608
"jtont","BLA_RUS","arf",-1.0206
"jtont","BLA_TUR","air",-1.944
"jtont","BLA_TUR","arf",-1.458
"jtont","BLA_UKR","air",-1.3608
"jtont","BLA_UKR","arf",-1.0206
"jtont","BOR_IDN","air",-1.4256
"jtont","BOR_IDN","arf",-1.0692
"jtont","BOR_MYS","air",-1.4256
"jtont","BOR_MYS","arf",-1.188
"jtont","BRT_BGD","air",-1.1016
"jtont","BRT_BGD","arf",-0.8262
"jtont","BRT_CHM","air",-1.1664
"jtont","BRT_CHM","arf",-0.8748
"jtont","BRT_IND","air",-1.4256
"jtont","BRT_IND","arf",-1.4256
"jtont","CAF_CAF","air",-2.0088
"jtont","CAF_CAF","arf",-1.5066
"jtont","CAF_CMR","air",-1.5066
"jtont","CAF_CMR","arf",-1.5066
"jtont","CAL_USA","air",-1.62
"jtont","CAL_USA","arf",-1.62
"jtont","CAN_CAN","air",-2.1168
"jtont","CAN_CAN","arf",-1.8144
"jtont","CAU_AUS","air",-1.8792
"jtont","CAU_AUS","arf",-1.566
"jtont","CAV_IND","air",-1.4256
"jtont","CAV_IND","arf",-1.4256
"jtont","CHC_CHL","air",-1.8792
"jtont","CHC_CHL","arf",-1.4094
"jtont","CHJ_CHM","air",-1.1664
"jtont","CHJ_CHM","arf",-0.8748
"jtont","CHO_IND","air",-1.4256
"jtont","CHO_IND","arf",-1.4256
"jtont","CHU_KAZ","air",-1.3608
"jtont","CHU_KAZ","arf",-1.0206
"jtont","COB_CAN","air",-2.1168
"jtont","COB_CAN","arf",-1.8144
"jtont","COB_USA","air",-1.62
"jtont","COB_USA","arf",-1.62
"jtont","COL_USA","air",-1.62
"jtont","COL_USA","arf",-1.62
"jtont","CON_CAF","air",-2.0088
"jtont","CON_CAF","arf",-1.5066
"jtont","CRB_CRB","air",-1.0395
"jtont","CRB_CRB","arf",-0.945
"jtont","CRI_CRI","air",-1.8792
"jtont","CRI_CRI","arf",-1.4094
"jtont","DAN_AUT","air",-2.3328
"jtont","DAN_AUT","arf",-1.944
"jtont","DAN_BGR","air",-1.8144
"jtont","DAN_BGR","arf",-1.3608
"jtont","DAN_CZE","air",-1.8144
"jtont","DAN_CZE","arf",-1.512
"jtont","DAN_HRV","air",-1.6632
"jtont","DAN_HRV","arf",-1.512
"jtont","DAN_HUN","air",-1.8144
"jtont","DAN_HUN","arf",-1.3608
"jtont","DAN_OBN","air",-1.8144
"jtont","DAN_OBN","arf",-1.3608
"jtont","DAN_ROU","air",-1.8144
"jtont","DAN_ROU","arf",-1.3608
"jtont","DAN_SVK","air",-1.8144
"jtont","DAN_SVK","arf",-1.3608
"jtont","DAN_SVN","air",-1.3608
"jtont","DAN_SVN","arf",-1.3608
"jtont","DAN_TUR","air",-1.944
"jtont","DAN_TUR","arf",-1.458
"jtont","DAN_UKR","air",-1.3608
"jtont","DAN_UKR","arf",-1.0206
"jtont","DNI_BLR","air",-1.3608
"jtont","DNI_BLR","arf",-1.0206
"jtont","DNI_RUS","air",-1.3608
"jtont","DNI_RUS","arf",-1.0206
"jtont","DNI_UKR","air",-1.3608
"jtont","DNI_UKR","arf",-1.0206
"jtont","DOM_DOM","air",-1.8792
"jtont","DOM_DOM","arf",-1.4094
"jtont","EAC_TZA","air",-2.7648
"jtont","EAC_TZA","arf",-1.5552
"jtont","EAU_AUS","air",-1.8792
"jtont","EAU_AUS","arf",-1.566
"jtont","EGH_IND","air",-1.4256
"jtont","EGH_IND","arf",-1.4256
"jtont","EME_CYP","air",-1.62
"jtont","EME_CYP","arf",-1.215
"jtont","EME_EGY","air",-1.7496
"jtont","EME_EGY","arf",-1.3122
"jtont","EME_ISR","air",-1.8144
"jtont","EME_ISR","arf",-1.512
"jtont","EME_JOR","air",-1.62
"jtont","EME_JOR","arf",-1.35
"jtont","EME_LBN","air",-1.62
"jtont","EME_LBN","arf",-1.215
"jtont","EME_SYR","air",-1.62
"jtont","EME_SYR","arf",-1.215
"jtont","EME_TUR","air",-1.944
"jtont","EME_TUR","arf",-1.458
"jtont","FJI_FJI","air",-1.134
"jtont","FJI_FJI","arf",-0.945
"jtont","FNP_FNP","air",-2.3328
"jtont","FNP_FNP","arf",-1.7496
"jtont","GAN_BGD","air",-1.1016
"jtont","GAN_BGD","arf",-0.8262
"jtont","GAN_CHM","air",-1.1664
"jtont","GAN_CHM","arf",-0.8748
"jtont","GAN_IND","air",-1.4256
"jtont","GAN_IND","arf",-1.4256
"jtont","GAN_NPL","air",-1.1664
"jtont","GAN_NPL","arf",-0.8748
"jtont","GBA_USA","air",-1.62
"jtont","GBA_USA","arf",-1.62
"jtont","GLA_CAN","air",-2.1168
"jtont","GLA_CAN","arf",-1.8144
"jtont","GLA_USA","air",-1.62
"jtont","GLA_USA","arf",-1.62
"jtont","GOD_IND","air",-1.4256
"jtont","GOD_IND","arf",-1.4256
"jtont","GRC_GRC","air",-1.8144
"jtont","GRC_GRC","arf",-1.512
"jtont","GSA_GSA","air",-2.1924
"jtont","GSA_GSA","arf",-1.4094
"jtont","GTM_GTM","air",-1.8792
"jtont","GTM_GTM","arf",-1.4094
"jtont","HAI_CHM","air",-1.1664
"jtont","HAI_CHM","arf",-0.8748
"jtont","HND_HND","air",-1.8792
"jtont","HND_HND","arf",-1.4094
"jtont","HOA_ETH","air",-1.9008
"jtont","HOA_ETH","arf",-1.0692
"jtont","HOA_KEN","air",-2.7648
"jtont","HOA_KEN","arf",-1.5552
"jtont","HOA_SOM","air",-1.4256
"jtont","HOA_SOM","arf",-1.0692
"jtont","HTI_HTI","air",-1.8792
"jtont","HTI_HTI","arf",-1.566
"jtont","HUA_CHM","air",-1.1664
"jtont","HUA_CHM","arf",-0.8748
"jtont","HUN_CHM","air",-1.1664
"jtont","HUN_CHM","arf",-0.8748
"jtont","HWI_USA","air",-1.62
"jtont","HWI_USA","arf",-1.62
"jtont","IEC_IND","air",-1.4256
"jtont","IEC_IND","arf",-1.4256
"jtont","IND_CHM","air",-1.1664
"jtont","IND_CHM","arf",-0.8748
"jtont","IND_IND","air",-1.4256
"jtont","IND_IND","arf",-1.4256
"jtont","IND_PAK","air",-1.1664
"jtont","IND_PAK","arf",-1.1664
"jtont","INE_IDN","air",-1.4256
"jtont","INE_IDN","arf",-1.0692
"jtont","INW_IDN","air",-1.4256
"jtont","INW_IDN","arf",-1.0692
"jtont","ITA_ITP","air",-2.3328
"jtont","ITA_ITP","arf",-1.944
"jtont","JAM_JAM","air",-1.134
"jtont","JAM_JAM","arf",-0.8505
"jtont","KAL_ZAF","air",-1.8144
"jtont","KAL_ZAF","arf",-1.3608
"jtont","KRI_IND","air",-1.4256
"jtont","KRI_IND","arf",-1.4256
"jtont","LAJ_CHM","air",-1.1664
"jtont","LAJ_CHM","arf",-0.8748
"jtont","LBA_KAZ","air",-1.3608
"jtont","LBA_KAZ","arf",-1.0206
"jtont","LBO_FRP","air",-2.3328
"jtont","LBO_FRP","arf",-1.944
"jtont","LCB_CAF","air",-2.0088
"jtont","LCB_CAF","arf",-1.5066
"jtont","LCB_CMR","air",-1.5066
"jtont","LCB_CMR","arf",-1.5066
"jtont","LCB_NGA","air",-2.0412
"jtont","LCB_NGA","arf",-1.458
"jtont","LIM_MOZ","air",-2.0358
"jtont","LIM_MOZ","arf",-1.4094
"jtont","LIM_ZAF","air",-1.8144
"jtont","LIM_ZAF","arf",-1.3608
"jtont","LIM_ZWE","air",-2.0358
"jtont","LIM_ZWE","arf",-1.566
"jtont","LMO_CHM","air",-1.1664
"jtont","LMO_CHM","arf",-0.8748
"jtont","LTZ_KAZ","air",-1.3608
"jtont","LTZ_KAZ","arf",-1.0206
"jtont","LUN_IND","air",-1.4256
"jtont","LUN_IND","arf",-1.4256
"jtont","MAD_MDG","air",-1.8792
"jtont","MAD_MDG","arf",-1.4094
"jtont","MAT_IND","air",-1.4256
"jtont","MAT_IND","arf",-1.4256
"jtont","MAU_AUS","air",-1.8792
"jtont","MAU_AUS","arf",-1.566
"jtont","MCK_CAN","air",-2.1168
"jtont","MCK_CAN","arf",-1.8144
"jtont","MEK_KHM","air",-1.5552
"jtont","MEK_KHM","arf",-0.8748
"jtont","MEK_MMR","air",-1.2312
"jtont","MEK_MMR","arf",-0.9234
"jtont","MEK_THA","air",-1.188
"jtont","MEK_THA","arf",-0.891
"jtont","MEK_VNM","air",-1.2312
"jtont","MEK_VNM","arf",-0.9234
"jtont","MHN_IND","air",-1.4256
"jtont","MHN_IND","arf",-1.4256
"jtont","MIM_MEX","air",-1.944
"jtont","MIM_MEX","arf",-1.62
"jtont","MIS_USA","air",-1.62
"jtont","MIS_USA","arf",-1.62
"jtont","MOU_USA","air",-1.62
"jtont","MOU_USA","arf",-1.62
"jtont","NAC_DZA","air",-1.62
"jtont","NAC_DZA","arf",-1.215
"jtont","NAC_EGY","air",-1.7496
"jtont","NAC_EGY","arf",-1.3122
"jtont","NAC_LBY","air",-1.62
"jtont","NAC_LBY","arf",-1.215
"jtont","NAC_TUN","air",-1.62
"jtont","NAC_TUN","arf",-1.35
"jtont","NEB_BRA","air",-1.944
"jtont","NEB_BRA","arf",-1.458
"jtont","NER_RUS","air",-1.3608
"jtont","NER_RUS","arf",-1.0206
"jtont","NIG_BEN","air",-2.0088
"jtont","NIG_BEN","arf",-1.5066
"jtont","NIG_CIV","air",-2.0088
"jtont","NIG_CIV","arf",-1.5066
"jtont","NIG_CMR","air",-1.5066
"jtont","NIG_CMR","arf",-1.5066
"jtont","NIG_GIN","air",-2.0088
"jtont","NIG_GIN","arf",-1.5066
"jtont","NIG_NGA","air",-2.0412
"jtont","NIG_NGA","arf",-1.458
"jtont","NLL_EGY","air",-1.7496
"jtont","NLL_EGY","arf",-1.3122
"jtont","NLL_ETH","air",-1.9008
"jtont","NLL_ETH","arf",-1.0692
"jtont","NLL_SDN","air",-1.4256
"jtont","NLL_SDN","arf",-1.0692
"jtont","NLL_UGA","air",-2.4192
"jtont","NLL_UGA","arf",-1.5552
"jtont","NWA_MOR","air",-1.62
"jtont","NWA_MOR","arf",-1.215
"jtont","NWS_COL","air",-1.8792
"jtont","NWS_COL","arf",-1.4094
"jtont","NWS_ECU","air",-1.8792
"jtont","NWS_ECU","arf",-1.4094
"jtont","NZE_NZL","air",-1.8144
"jtont","NZE_NZL","arf",-1.3608
"jtont","OBB_CHM","air",-1.1664
"jtont","OBB_CHM","arf",-0.8748
"jtont","OBB_KAZ","air",-1.3608
"jtont","OBB_KAZ","arf",-1.0206
"jtont","OBB_RUS","air",-1.3608
"jtont","OBB_RUS","arf",-1.0206
"jtont","ODE_POL","air",-1.8144
"jtont","ODE_POL","arf",-1.512
"jtont","ODE_RUS","air",-1.3608
"jtont","ODE_RUS","arf",-1.0206
"jtont","OHI_USA","air",-1.62
"jtont","OHI_USA","arf",-1.62
"jtont","OPO_OPO","air",-1.134
"jtont","OPO_OPO","arf",-0.8505
"jtont","ORA_ZAF","air",-1.8144
"jtont","ORA_ZAF","arf",-1.3608
"jtont","ORI_COL","air",-1.8792
"jtont","ORI_COL","arf",-1.4094
"jtont","ORI_VEN","air",-1.8792
"jtont","ORI_VEN","arf",-1.4094
"jtont","PAN_PAN","air",-1.8792
"jtont","PAN_PAN","arf",-1.4094
"jtont","PAO_PNG","air",-1.134
"jtont","PAO_PNG","arf",-0.8505
"jtont","PAR_ARG","air",-2.0736
"jtont","PAR_ARG","arf",-1.5552
"jtont","PAR_BRA","air",-1.944
"jtont","PAR_BRA","arf",-1.458
"jtont","PEC_PER","air",-1.8792
"jtont","PEC_PER","arf",-1.4094
"jtont","PHI_PHL","air",-1.4256
"jtont","PHI_PHL","arf",-1.0692
"jtont","PRT_PRT","air",-2.3328
"jtont","PRT_PRT","arf",-1.7496
"jtont","RHI_BLX","air",-2.3328
"jtont","RHI_BLX","arf",-1.944
"jtont","RHI_CHP","air",-2.3328
"jtont","RHI_CHP","arf",-1.944
"jtont","RHI_FRP","air",-2.3328
"jtont","RHI_FRP","arf",-1.944
"jtont","RHO_FRP","air",-2.3328
"jtont","RHO_FRP","arf",-1.944
"jtont","RIC_ARG","air",-2.0736
"jtont","RIC_ARG","arf",-1.5552
"jtont","RIG_MEX","air",-1.944
"jtont","RIG_MEX","arf",-1.62
"jtont","RIG_USA","air",-1.62
"jtont","RIG_USA","arf",-1.62
"jtont","RRS_RUS","air",-1.3608
"jtont","RRS_RUS","arf",-1.0206
"jtont","RVE_VEN","air",-1.8792
"jtont","RVE_VEN","arf",-1.4094
"jtont","RVN_VNM","air",-1.2312
"jtont","RVN_VNM","arf",-0.9234
"jtont","RWI_CAN","air",-2.1168
"jtont","RWI_CAN","arf",-1.8144
"jtont","RWI_USA","air",-1.62
"jtont","RWI_USA","arf",-1.62
"jtont","SAC_ZAF","air",-1.8144
"jtont","SAC_ZAF","arf",-1.3608
"jtont","SAF_MOZ","air",-2.0358
"jtont","SAF_MOZ","arf",-1.4094
"jtont","SAF_TZA","air",-2.7648
"jtont","SAF_TZA","arf",-1.5552
"jtont","SAF_ZWE","air",-2.0358
"jtont","SAF_ZWE","arf",-1.566
"jtont","SAH_DZA","air",-1.62
"jtont","SAH_DZA","arf",-1.215
"jtont","SAH_EGY","air",-1.7496
"jtont","SAH_EGY","arf",-1.3122
"jtont","SAH_LBY","air",-1.62
"jtont","SAH_LBY","arf",-1.215
"jtont","SAH_MOR","air",-1.62
"jtont","SAH_MOR","arf",-1.215
"jtont","SAH_SDN","air",-1.4256
"jtont","SAH_SDN","arf",-1.0692
"jtont","SAL_ARG","air",-2.0736
"jtont","SAL_ARG","arf",-1.5552
"jtont","SAN_BRA","air",-1.944
"jtont","SAN_BRA","arf",-1.458
"jtont","SAU_SAU","air",-1.62
"jtont","SAU_SAU","arf",-1.215
"jtont","SAY_IND","air",-1.4256
"jtont","SAY_IND","arf",-1.4256
"jtont","SEI_FRP","air",-2.3328
"jtont","SEI_FRP","arf",-1.944
"jtont","SEN_GIN","air",-2.0088
"jtont","SEN_GIN","arf",-1.5066
"jtont","SEU_USA","air",-1.62
"jtont","SEU_USA","arf",-1.62
"jtont","SKP_KOR","air",-1.2312
"jtont","SKP_KOR","arf",-1.026
"jtont","SLB_SLB","air",-1.134
"jtont","SLB_SLB","arf",-0.8505
"jtont","SLV_SLV","air",-1.8792
"jtont","SLV_SLV","arf",-1.4094
"jtont","SON_CHM","air",-1.1664
"jtont","SON_CHM","arf",-0.8748
"jtont","SPP_SPP","air",-2.3328
"jtont","SPP_SPP","arf",-1.944
"jtont","SRL_LKA","air",-1.1664
"jtont","SRL_LKA","arf",-0.8748
"jtont","SWE_SWE","air",-2.3328
"jtont","SWE_SWE","arf",-1.944
"jtont","SYD_KAZ","air",-1.3608
"jtont","SYD_KAZ","arf",-1.0206
"jtont","SYD_UZB","air",-1.3608
"jtont","SYD_UZB","arf",-1.0206
"jtont","TIE_ARG","air",-2.0736
"jtont","TIE_ARG","arf",-1.5552
"jtont","TIG_IRN","air",-1.62
"jtont","TIG_IRN","arf",-1.35
"jtont","TIG_IRQ","air",-1.62
"jtont","TIG_IRQ","arf",-1.35
"jtont","TIG_SYR","air",-1.62
"jtont","TIG_SYR","arf",-1.215
"jtont","TIG_TUR","air",-1.944
"jtont","TIG_TUR","arf",-1.458
"jtont","TLS_TLS","air",-1.2285
"jtont","TLS_TLS","arf",-0.8505
"jtont","TMM_BGD","air",-1.1016
"jtont","TMM_BGD","arf",-0.8262
"jtont","TMM_MMR","air",-1.2312
"jtont","TMM_MMR","arf",-0.9234
"jtont","TMM_MYS","air",-1.4256
"jtont","TMM_MYS","arf",-1.188
"jtont","TMM_THA","air",-1.188
"jtont","TMM_THA","arf",-0.891
"jtont","TOC_BRA","air",-1.944
"jtont","TOC_BRA","arf",-1.458
"jtont","TWN_CHM","air",-1.1664
"jtont","TWN_CHM","arf",-0.8748
"jtont","UKP_UKP","air",-2.3328
"jtont","UKP_UKP","arf",-1.7496
"jtont","UME_MEX","air",-1.944
"jtont","UME_MEX","arf",-1.62
"jtont","UMO_RUS","air",-1.3608
"jtont","UMO_RUS","arf",-1.0206
"jtont","URA_KAZ","air",-1.3608
"jtont","URA_KAZ","arf",-1.0206
"jtont","URA_RUS","air",-1.3608
"jtont","URA_RUS","arf",-1.0206
"jtont","URU_BRA","air",-1.944
"jtont","URU_BRA","arf",-1.458
"jtont","URU_URY","air",-1.8792
"jtont","URU_URY","arf",-1.4094
"jtont","USN_USA","air",-1.62
"jtont","USN_USA","arf",-1.62
"jtont","VOG_RUS","air",-1.3608
"jtont","VOG_RUS","arf",-1.0206
"jtont","VOT_BEN","air",-2.0088
"jtont","VOT_BEN","arf",-1.5066
"jtont","VOT_CIV","air",-2.0088
"jtont","VOT_CIV","arf",-1.5066
"jtont","VOT_GHA","air",-2.6784
"jtont","VOT_GHA","arf",-1.5066
"jtont","VOT_TGO","air",-2.0088
"jtont","VOT_TGO","arf",-1.5066
"jtont","VUT_VUT","air",-1.134
"jtont","VUT_VUT","arf",-0.945
"jtont","WAC_CIV","air",-2.0088
"jtont","WAC_CIV","arf",-1.5066
"jtont","WAC_GIN","air",-2.0088
"jtont","WAC_GIN","arf",-1.5066
"jtont","WAC_GNB","air",-2.0088
"jtont","WAC_GNB","arf",-1.5066
"jtont","WAI_AFG","air",-1.1664
"jtont","WAI_AFG","arf",-0.8748
"jtont","WAI_IRN","air",-1.62
"jtont","WAI_IRN","arf",-1.35
"jtont","WAI_PAK","air",-1.1664
"jtont","WAI_PAK","arf",-1.1664
"jtont","WAU_AUS","air",-1.8792
"jtont","WAU_AUS","arf",-1.566
"jtont","WGM_USA","air",-1.62
"jtont","WGM_USA","arf",-1.62
"jtont","YEN_RUS","air",-1.3608
"jtont","YEN_RUS","arf",-1.0206
"jtont","YHE_CHM","air",-1.1664
"jtont","YHE_CHM","arf",-0.8748
"jtont","YRD_CHM","air",-1.1664
"jtont","YRD_CHM","arf",-0.8748
"jtont","YRD_VNM","air",-1.2312
"jtont","YRD_VNM","arf",-0.9234
"jtont","YUC_MEX","air",-1.944
"jtont","YUC_MEX","arf",-1.62
"jtont","ZAM_MOZ","air",-2.0358
"jtont","ZAM_MOZ","arf",-1.4094
"jtont","ZAM_TZA","air",-2.7648
"jtont","ZAM_TZA","arf",-1.5552
"jtont","ZAM_ZWE","air",-2.0358
"jtont","ZAM_ZWE","arf",-1.566
"jtont","ZHJ_CHM","air",-1.1664
"jtont","ZHJ_CHM","arf",-0.8748
"jcoco","AMA_BOL","air",-0.468
"jcoco","AMA_BOL","arf",-0.351
"jcoco","AMA_BRA","air",-0.684
"jcoco","AMA_BRA","arf",-0.513
"jcoco","AMA_COL","air",-0.54
"jcoco","AMA_COL","arf",-0.405
"jcoco","AMA_ECU","air",-0.468
"jcoco","AMA_ECU","arf",-0.351
"jcoco","AMA_PER","air",-0.468
"jcoco","AMA_PER","arf",-0.351
"jcoco","BLZ_BLZ","air",-0.468
"jcoco","BLZ_BLZ","arf",-0.351
"jcoco","BOR_IDN","air",-0.312
"jcoco","BOR_IDN","arf",-0.234
"jcoco","BOR_MYS","air",-0.24
"jcoco","BOR_MYS","arf",-0.4
"jcoco","BRT_IND","air",-0.48
"jcoco","BRT_IND","arf",-0.48
"jcoco","CAF_AGO","air",-0.54
"jcoco","CAF_AGO","arf",-0.405
"jcoco","CAF_CAF","air",-0.36
"jcoco","CAF_CAF","arf",-0.27
"jcoco","CAF_CMR","air",-0.27
"jcoco","CAF_CMR","arf",-0.27
"jcoco","CAF_COG","air",-0.33
"jcoco","CAF_COG","arf",-0.27
"jcoco","CAF_GAB","air",-0.27
"jcoco","CAF_GAB","arf",-0.27
"jcoco","CAF_GNQ","air",-0.36
"jcoco","CAF_GNQ","arf",-0.27
"jcoco","CAV_IND","air",-0.48
"jcoco","CAV_IND","arf",-0.48
"jcoco","CHO_IND","air",-0.48
"jcoco","CHO_IND","arf",-0.48
"jcoco","CON_AGO","air",-0.54
"jcoco","CON_AGO","arf",-0.405
"jcoco","CON_CAF","air",-0.36
"jcoco","CON_CAF","arf",-0.27
"jcoco","CON_COD","air",-0.36
"jcoco","CON_COD","arf",-0.27
"jcoco","CON_COG","air",-0.33
"jcoco","CON_COG","arf",-0.27
"jcoco","CRB_CRB","air",-0.286
"jcoco","CRB_CRB","arf",-0.26
"jcoco","CRI_CRI","air",-0.468
"jcoco","CRI_CRI","arf",-0.351
"jcoco","CUB_CUB","air",-0.546
"jcoco","CUB_CUB","arf",-0.351
"jcoco","DOM_DOM","air",-0.468
"jcoco","DOM_DOM","arf",-0.351
"jcoco","EAC_COD","air",-0.36
"jcoco","EAC_COD","arf",-0.27
"jcoco","EAC_TZA","air",-0.752
"jcoco","EAC_TZA","arf",-0.423
"jcoco","EGH_IND","air",-0.48
"jcoco","EGH_IND","arf",-0.48
"jcoco","FJI_FJI","air",-0.312
"jcoco","FJI_FJI","arf",-0.26
"jcoco","GAN_IND","air",-0.48
"jcoco","GAN_IND","arf",-0.48
"jcoco","GOD_IND","air",-0.48
"jcoco","GOD_IND","arf",-0.48
"jcoco","GSA_GSA","air",-0.546
"jcoco","GSA_GSA","arf",-0.351
"jcoco","GTM_GTM","air",-0.468
"jcoco","GTM_GTM","arf",-0.351
"jcoco","HND_HND","air",-0.468
"jcoco","HND_HND","arf",-0.351
"jcoco","HTI_HTI","air",-0.468
"jcoco","HTI_HTI","arf",-0.39
"jcoco","IEC_IND","air",-0.48
"jcoco","IEC_IND","arf",-0.48
"jcoco","IND_IND","air",-0.48
"jcoco","IND_IND","arf",-0.48
"jcoco","INE_IDN","air",-0.312
"jcoco","INE_IDN","arf",-0.234
"jcoco","INW_IDN","air",-0.312
"jcoco","INW_IDN","arf",-0.234
"jcoco","JAM_JAM","air",-0.312
"jcoco","JAM_JAM","arf",-0.234
"jcoco","KRI_IND","air",-0.48
"jcoco","KRI_IND","arf",-0.48
"jcoco","LCB_CAF","air",-0.36
"jcoco","LCB_CAF","arf",-0.27
"jcoco","LCB_CMR","air",-0.27
"jcoco","LCB_CMR","arf",-0.27
"jcoco","LCB_NGA","air",-0.364
"jcoco","LCB_NGA","arf",-0.52
"jcoco","LUN_IND","air",-0.48
"jcoco","LUN_IND","arf",-0.48
"jcoco","MAD_MDG","air",-0.54
"jcoco","MAD_MDG","arf",-0.405
"jcoco","MAT_IND","air",-0.48
"jcoco","MAT_IND","arf",-0.48
"jcoco","MEK_THA","air",-0.432
"jcoco","MEK_THA","arf",-0.324
"jcoco","MEK_VNM","air",-0.372
"jcoco","MEK_VNM","arf",-0.279
"jcoco","MHN_IND","air",-0.48
"jcoco","MHN_IND","arf",-0.48
"jcoco","MIM_MEX","air",-0.528
"jcoco","MIM_MEX","arf",-0.44
"jcoco","NEB_BRA","air",-0.684
"jcoco","NEB_BRA","arf",-0.513
"jcoco","NIC_NIC","air",-0.468
"jcoco","NIC_NIC","arf",-0.351
"jcoco","NIG_CIV","air",-0.36
"jcoco","NIG_CIV","arf",-0.27
"jcoco","NIG_CMR","air",-0.27
"jcoco","NIG_CMR","arf",-0.27
"jcoco","NIG_GIN","air",-0.36
"jcoco","NIG_GIN","arf",-0.27
"jcoco","NIG_NGA","air",-0.364
"jcoco","NIG_NGA","arf",-0.52
"jcoco","NLL_UGA","air",-0.658
"jcoco","NLL_UGA","arf",-0.423
"jcoco","NWS_COL","air",-0.54
"jcoco","NWS_COL","arf",-0.405
"jcoco","NWS_ECU","air",-0.468
"jcoco","NWS_ECU","arf",-0.351
"jcoco","OAO_OAO","air",-0.234
"jcoco","OAO_OAO","arf",-0.234
"jcoco","OIO_OIO","air",-0.312
"jcoco","OIO_OIO","arf",-0.26
"jcoco","OPO_OPO","air",-0.312
"jcoco","OPO_OPO","arf",-0.234
"jcoco","ORI_COL","air",-0.54
"jcoco","ORI_COL","arf",-0.405
"jcoco","ORI_VEN","air",-0.468
"jcoco","ORI_VEN","arf",-0.351
"jcoco","PAN_PAN","air",-0.468
"jcoco","PAN_PAN","arf",-0.351
"jcoco","PAO_PNG","air",-0.312
"jcoco","PAO_PNG","arf",-0.234
"jcoco","PAR_BOL","air",-0.468
"jcoco","PAR_BOL","arf",-0.351
"jcoco","PAR_BRA","air",-0.684
"jcoco","PAR_BRA","arf",-0.513
"jcoco","PEC_PER","air",-0.468
"jcoco","PEC_PER","arf",-0.351
"jcoco","PHI_PHL","air",-0.372
"jcoco","PHI_PHL","arf",-0.279
"jcoco","RIG_MEX","air",-0.528
"jcoco","RIG_MEX","arf",-0.44
"jcoco","RVE_VEN","air",-0.468
"jcoco","RVE_VEN","arf",-0.351
"jcoco","RVN_VNM","air",-0.372
"jcoco","RVN_VNM","arf",-0.279
"jcoco","SAF_TZA","air",-0.752
"jcoco","SAF_TZA","arf",-0.423
"jcoco","SAN_BRA","air",-0.684
"jcoco","SAN_BRA","arf",-0.513
"jcoco","SAY_IND","air",-0.48
"jcoco","SAY_IND","arf",-0.48
"jcoco","SEN_GIN","air",-0.36
"jcoco","SEN_GIN","arf",-0.27
"jcoco","SLB_SLB","air",-0.312
"jcoco","SLB_SLB","arf",-0.234
"jcoco","SLV_SLV","air",-0.468
"jcoco","SLV_SLV","arf",-0.351
"jcoco","SRL_LKA","air",-0.42
"jcoco","SRL_LKA","arf",-0.315
"jcoco","TLS_TLS","air",-0.338
"jcoco","TLS_TLS","arf",-0.234
"jcoco","TMM_MYS","air",-0.24
"jcoco","TMM_MYS","arf",-0.4
"jcoco","TMM_THA","air",-0.432
"jcoco","TMM_THA","arf",-0.324
"jcoco","TOC_BRA","air",-0.684
"jcoco","TOC_BRA","arf",-0.513
"jcoco","UME_MEX","air",-0.528
"jcoco","UME_MEX","arf",-0.44
"jcoco","URU_BRA","air",-0.684
"jcoco","URU_BRA","arf",-0.513
"jcoco","VOT_CIV","air",-0.36
"jcoco","VOT_CIV","arf",-0.27
"jcoco","VOT_GHA","air",-0.48
"jcoco","VOT_GHA","arf",-0.27
"jcoco","VOT_TGO","air",-0.36
"jcoco","VOT_TGO","arf",-0.27
"jcoco","VUT_VUT","air",-0.312
"jcoco","VUT_VUT","arf",-0.26
"jcoco","WAC_CIV","air",-0.36
"jcoco","WAC_CIV","arf",-0.27
"jcoco","WAC_GIN","air",-0.36
"jcoco","WAC_GIN","arf",-0.27
"jcoco","WAC_LBR","air",-0.24
"jcoco","WAC_LBR","arf",-0.3
"jcoco","WAC_SLE","air",-0.36
"jcoco","WAC_SLE","arf",-0.27
"jcoco","YRD_VNM","air",-0.372
"jcoco","YRD_VNM","arf",-0.279
"jcoco","YUC_MEX","air",-0.528
"jcoco","YUC_MEX","arf",-0.44
"jcoco","ZAM_AGO","air",-0.54
"jcoco","ZAM_AGO","arf",-0.405
"jcoco","ZAM_COD","air",-0.36
"jcoco","ZAM_COD","arf",-0.27
"jcoco","ZAM_TZA","air",-0.752
"jcoco","ZAM_TZA","arf",-0.423
"jcafe","ALK_USA","air",-0.624
"jcafe","ALK_USA","arf",-0.624
"jcafe","AMA_BOL","air",-0.468
"jcafe","AMA_BOL","arf",-0.351
"jcafe","AMA_BRA","air",-0.684
"jcafe","AMA_BRA","arf",-0.513
"jcafe","AMA_COL","air",-0.54
"jcafe","AMA_COL","arf",-0.405
"jcafe","AMA_ECU","air",-0.468
"jcafe","AMA_ECU","arf",-0.351
"jcafe","AMA_PER","air",-0.468
"jcafe","AMA_PER","arf",-0.351
"jcafe","AMR_CHM","air",-0.36
"jcafe","AMR_CHM","arf",-0.27
"jcafe","ARK_USA","air",-0.624
"jcafe","ARK_USA","arf",-0.624
"jcafe","BLZ_BLZ","air",-0.468
"jcafe","BLZ_BLZ","arf",-0.351
"jcafe","BOR_IDN","air",-0.312
"jcafe","BOR_IDN","arf",-0.234
"jcafe","BOR_MYS","air",-0.24
"jcafe","BOR_MYS","arf",-0.4
"jcafe","BRT_CHM","air",-0.36
"jcafe","BRT_CHM","arf",-0.27
"jcafe","BRT_IND","air",-0.48
"jcafe","BRT_IND","arf",-0.48
"jcafe","CAF_AGO","air",-0.54
"jcafe","CAF_AGO","arf",-0.405
"jcafe","CAF_CAF","air",-0.36
"jcafe","CAF_CAF","arf",-0.27
"jcafe","CAF_CMR","air",-0.27
"jcafe","CAF_CMR","arf",-0.27
"jcafe","CAF_COG","air",-0.33
"jcafe","CAF_COG","arf",-0.27
"jcafe","CAF_GAB","air",-0.27
"jcafe","CAF_GAB","arf",-0.27
"jcafe","CAF_GNQ","air",-0.36
"jcafe","CAF_GNQ","arf",-0.27
"jcafe","CAL_USA","air",-0.624
"jcafe","CAL_USA","arf",-0.624
"jcafe","CAV_IND","air",-0.48
"jcafe","CAV_IND","arf",-0.48
"jcafe","CHJ_CHM","air",-0.36
"jcafe","CHJ_CHM","arf",-0.27
"jcafe","CHO_IND","air",-0.48
"jcafe","CHO_IND","arf",-0.48
"jcafe","COB_USA","air",-0.624
"jcafe","COB_USA","arf",-0.624
"jcafe","COL_USA","air",-0.624
"jcafe","COL_USA","arf",-0.624
"jcafe","CON_AGO","air",-0.54
"jcafe","CON_AGO","arf",-0.405
"jcafe","CON_CAF","air",-0.36
"jcafe","CON_CAF","arf",-0.27
"jcafe","CON_COD","air",-0.36
"jcafe","CON_COD","arf",-0.27
"jcafe","CON_COG","air",-0.33
"jcafe","CON_COG","arf",-0.27
"jcafe","CRB_CRB","air",-0.286
"jcafe","CRB_CRB","arf",-0.26
"jcafe","CRI_CRI","air",-0.468
"jcafe","CRI_CRI","arf",-0.351
"jcafe","CUB_CUB","air",-0.546
"jcafe","CUB_CUB","arf",-0.351
"jcafe","DOM_DOM","air",-0.468
"jcafe","DOM_DOM","arf",-0.351
"jcafe","EAC_BDI","air",-0.564
"jcafe","EAC_BDI","arf",-0.423
"jcafe","EAC_COD","air",-0.36
"jcafe","EAC_COD","arf",-0.27
"jcafe","EAC_RWA","air",-0.564
"jcafe","EAC_RWA","arf",-0.423
"jcafe","EAC_TZA","air",-0.752
"jcafe","EAC_TZA","arf",-0.423
"jcafe","EGH_IND","air",-0.48
"jcafe","EGH_IND","arf",-0.48
"jcafe","FJI_FJI","air",-0.312
"jcafe","FJI_FJI","arf",-0.26
"jcafe","GAN_CHM","air",-0.36
"jcafe","GAN_CHM","arf",-0.27
"jcafe","GAN_IND","air",-0.48
"jcafe","GAN_IND","arf",-0.48
"jcafe","GAN_NPL","air",-0.42
"jcafe","GAN_NPL","arf",-0.315
"jcafe","GBA_USA","air",-0.624
"jcafe","GBA_USA","arf",-0.624
"jcafe","GLA_USA","air",-0.624
"jcafe","GLA_USA","arf",-0.624
"jcafe","GOD_IND","air",-0.48
"jcafe","GOD_IND","arf",-0.48
"jcafe","GSA_GSA","air",-0.546
"jcafe","GSA_GSA","arf",-0.351
"jcafe","GTM_GTM","air",-0.468
"jcafe","GTM_GTM","arf",-0.351
"jcafe","HAI_CHM","air",-0.36
"jcafe","HAI_CHM","arf",-0.27
"jcafe","HND_HND","air",-0.468
"jcafe","HND_HND","arf",-0.351
"jcafe","HOA_ETH","air",-0.624
"jcafe","HOA_ETH","arf",-0.351
"jcafe","HOA_KEN","air",-0.752
"jcafe","HOA_KEN","arf",-0.423
"jcafe","HTI_HTI","air",-0.468
"jcafe","HTI_HTI","arf",-0.39
"jcafe","HUA_CHM","air",-0.36
"jcafe","HUA_CHM","arf",-0.27
"jcafe","HUN_CHM","air",-0.36
"jcafe","HUN_CHM","arf",-0.27
"jcafe","HWI_USA","air",-0.624
"jcafe","HWI_USA","arf",-0.624
"jcafe","IEC_IND","air",-0.48
"jcafe","IEC_IND","arf",-0.48
"jcafe","IND_CHM","air",-0.36
"jcafe","IND_CHM","arf",-0.27
"jcafe","IND_IND","air",-0.48
"jcafe","IND_IND","arf",-0.48
"jcafe","INE_IDN","air",-0.312
"jcafe","INE_IDN","arf",-0.234
"jcafe","INW_IDN","air",-0.312
"jcafe","INW_IDN","arf",-0.234
"jcafe","JAM_JAM","air",-0.312
"jcafe","JAM_JAM","arf",-0.234
"jcafe","KRI_IND","air",-0.48
"jcafe","KRI_IND","arf",-0.48
"jcafe","LAJ_CHM","air",-0.36
"jcafe","LAJ_CHM","arf",-0.27
"jcafe","LCB_CAF","air",-0.36
"jcafe","LCB_CAF","arf",-0.27
"jcafe","LCB_CMR","air",-0.27
"jcafe","LCB_CMR","arf",-0.27
"jcafe","LCB_NGA","air",-0.364
"jcafe","LCB_NGA","arf",-0.52
"jcafe","LIM_MOZ","air",-0.585
"jcafe","LIM_MOZ","arf",-0.405
"jcafe","LIM_ZWE","air",-0.585
"jcafe","LIM_ZWE","arf",-0.45
"jcafe","LMO_CHM","air",-0.36
"jcafe","LMO_CHM","arf",-0.27
"jcafe","LUN_IND","air",-0.48
"jcafe","LUN_IND","arf",-0.48
"jcafe","MAD_MDG","air",-0.54
"jcafe","MAD_MDG","arf",-0.405
"jcafe","MAT_IND","air",-0.48
"jcafe","MAT_IND","arf",-0.48
"jcafe","MEK_KHM","air",-0.416
"jcafe","MEK_KHM","arf",-0.234
"jcafe","MEK_LAO","air",-0.416
"jcafe","MEK_LAO","arf",-0.234
"jcafe","MEK_MMR","air",-0.192
"jcafe","MEK_MMR","arf",-0.288
"jcafe","MEK_THA","air",-0.432
"jcafe","MEK_THA","arf",-0.324
"jcafe","MEK_VNM","air",-0.372
"jcafe","MEK_VNM","arf",-0.279
"jcafe","MHN_IND","air",-0.48
"jcafe","MHN_IND","arf",-0.48
"jcafe","MIM_MEX","air",-0.528
"jcafe","MIM_MEX","arf",-0.44
"jcafe","MIS_USA","air",-0.624
"jcafe","MIS_USA","arf",-0.624
"jcafe","MOU_USA","air",-0.624
"jcafe","MOU_USA","arf",-0.624
"jcafe","NEB_BRA","air",-0.684
"jcafe","NEB_BRA","arf",-0.513
"jcafe","NIC_NIC","air",-0.468
"jcafe","NIC_NIC","arf",-0.351
"jcafe","NIG_BEN","air",-0.36
"jcafe","NIG_BEN","arf",-0.27
"jcafe","NIG_CIV","air",-0.36
"jcafe","NIG_CIV","arf",-0.27
"jcafe","NIG_CMR","air",-0.27
"jcafe","NIG_CMR","arf",-0.27
"jcafe","NIG_GIN","air",-0.36
"jcafe","NIG_GIN","arf",-0.27
"jcafe","NIG_NGA","air",-0.364
"jcafe","NIG_NGA","arf",-0.52
"jcafe","NLL_ETH","air",-0.624
"jcafe","NLL_ETH","arf",-0.351
"jcafe","NLL_UGA","air",-0.658
"jcafe","NLL_UGA","arf",-0.423
"jcafe","NWS_COL","air",-0.54
"jcafe","NWS_COL","arf",-0.405
"jcafe","NWS_ECU","air",-0.468
"jcafe","NWS_ECU","arf",-0.351
"jcafe","OAO_OAO","air",-0.234
"jcafe","OAO_OAO","arf",-0.234
"jcafe","OBB_CHM","air",-0.36
"jcafe","OBB_CHM","arf",-0.27
"jcafe","OHI_USA","air",-0.624
"jcafe","OHI_USA","arf",-0.624
"jcafe","OIO_OIO","air",-0.312
"jcafe","OIO_OIO","arf",-0.26
"jcafe","OPO_OPO","air",-0.312
"jcafe","OPO_OPO","arf",-0.234
"jcafe","ORI_COL","air",-0.54
"jcafe","ORI_COL","arf",-0.405
"jcafe","ORI_VEN","air",-0.468
"jcafe","ORI_VEN","arf",-0.351
"jcafe","PAN_PAN","air",-0.468
"jcafe","PAN_PAN","arf",-0.351
"jcafe","PAO_PNG","air",-0.312
"jcafe","PAO_PNG","arf",-0.234
"jcafe","PAR_BOL","air",-0.468
"jcafe","PAR_BOL","arf",-0.351
"jcafe","PAR_BRA","air",-0.684
"jcafe","PAR_BRA","arf",-0.513
"jcafe","PAR_PRY","air",-0.468
"jcafe","PAR_PRY","arf",-0.351
"jcafe","PEC_PER","air",-0.468
"jcafe","PEC_PER","arf",-0.351
"jcafe","PHI_PHL","air",-0.372
"jcafe","PHI_PHL","arf",-0.279
"jcafe","RIG_MEX","air",-0.528
"jcafe","RIG_MEX","arf",-0.44
"jcafe","RIG_USA","air",-0.624
"jcafe","RIG_USA","arf",-0.624
"jcafe","RVE_VEN","air",-0.468
"jcafe","RVE_VEN","arf",-0.351
"jcafe","RVN_VNM","air",-0.372
"jcafe","RVN_VNM","arf",-0.279
"jcafe","RWI_USA","air",-0.624
"jcafe","RWI_USA","arf",-0.624
"jcafe","SAF_MOZ","air",-0.585
"jcafe","SAF_MOZ","arf",-0.405
"jcafe","SAF_TZA","air",-0.752
"jcafe","SAF_TZA","arf",-0.423
"jcafe","SAF_ZWE","air",-0.585
"jcafe","SAF_ZWE","arf",-0.45
"jcafe","SAN_BRA","air",-0.684
"jcafe","SAN_BRA","arf",-0.513
"jcafe","SAY_IND","air",-0.48
"jcafe","SAY_IND","arf",-0.48
"jcafe","SEN_GIN","air",-0.36
"jcafe","SEN_GIN","arf",-0.27
"jcafe","SEU_USA","air",-0.624
"jcafe","SEU_USA","arf",-0.624
"jcafe","SLV_SLV","air",-0.468
"jcafe","SLV_SLV","arf",-0.351
"jcafe","SON_CHM","air",-0.36
"jcafe","SON_CHM","arf",-0.27
"jcafe","SRL_LKA","air",-0.42
"jcafe","SRL_LKA","arf",-0.315
"jcafe","TLS_TLS","air",-0.338
"jcafe","TLS_TLS","arf",-0.234
"jcafe","TMM_MMR","air",-0.192
"jcafe","TMM_MMR","arf",-0.288
"jcafe","TMM_MYS","air",-0.24
"jcafe","TMM_MYS","arf",-0.4
"jcafe","TMM_THA","air",-0.432
"jcafe","TMM_THA","arf",-0.324
"jcafe","TOC_BRA","air",-0.684
"jcafe","TOC_BRA","arf",-0.513
"jcafe","TWN_CHM","air",-0.36
"jcafe","TWN_CHM","arf",-0.27
"jcafe","UME_MEX","air",-0.528
"jcafe","UME_MEX","arf",-0.44
"jcafe","URU_BRA","air",-0.684
"jcafe","URU_BRA","arf",-0.513
"jcafe","USN_USA","air",-0.624
"jcafe","USN_USA","arf",-0.624
"jcafe","VOT_BEN","air",-0.36
"jcafe","VOT_BEN","arf",-0.27
"jcafe","VOT_CIV","air",-0.36
"jcafe","VOT_CIV","arf",-0.27
"jcafe","VOT_GHA","air",-0.48
"jcafe","VOT_GHA","arf",-0.27
"jcafe","VOT_TGO","air",-0.36
"jcafe","VOT_TGO","arf",-0.27
"jcafe","VUT_VUT","air",-0.312
"jcafe","VUT_VUT","arf",-0.26
"jcafe","WAC_CIV","air",-0.36
"jcafe","WAC_CIV","arf",-0.27
"jcafe","WAC_GIN","air",-0.36
"jcafe","WAC_GIN","arf",-0.27
"jcafe","WAC_LBR","air",-0.24
"jcafe","WAC_LBR","arf",-0.3
"jcafe","WAC_SLE","air",-0.36
"jcafe","WAC_SLE","arf",-0.27
"jcafe","WGM_USA","air",-0.624
"jcafe","WGM_USA","arf",-0.624
"jcafe","YEM_YEM","air",-0.588
"jcafe","YEM_YEM","arf",-0.441
"jcafe","YHE_CHM","air",-0.36
"jcafe","YHE_CHM","arf",-0.27
"jcafe","YRD_CHM","air",-0.36
"jcafe","YRD_CHM","arf",-0.27
"jcafe","YRD_VNM","air",-0.372
"jcafe","YRD_VNM","arf",-0.279
"jcafe","YUC_MEX","air",-0.528
"jcafe","YUC_MEX","arf",-0.44
"jcafe","ZAM_AGO","air",-0.54
"jcafe","ZAM_AGO","arf",-0.405
"jcafe","ZAM_COD","air",-0.36
"jcafe","ZAM_COD","arf",-0.27
"jcafe","ZAM_MOZ","air",-0.585
"jcafe","ZAM_MOZ","arf",-0.405
"jcafe","ZAM_MWI","air",-0.63
"jcafe","ZAM_MWI","arf",-0.405
"jcafe","ZAM_TZA","air",-0.752
"jcafe","ZAM_TZA","arf",-0.423
"jcafe","ZAM_ZMB","air",-0.675
"jcafe","ZAM_ZMB","arf",-0.405
"jcafe","ZAM_ZWE","air",-0.585
"jcafe","ZAM_ZWE","arf",-0.45
"jcafe","ZHJ_CHM","air",-0.36
"jcafe","ZHJ_CHM","arf",-0.27
"jcott","ALB_ALB","air",-0.8064
"jcott","ALB_ALB","arf",-0.672
"jcott","ALK_USA","air",-0.72
"jcott","ALK_USA","arf",-0.72
"jcott","AMA_BOL","air",-0.8352
"jcott","AMA_BOL","arf",-0.6264
"jcott","AMA_BRA","air",-0.864
"jcott","AMA_BRA","arf",-0.648
"jcott","AMA_COL","air",-0.8352
"jcott","AMA_COL","arf",-0.6264
"jcott","AMA_ECU","air",-0.8352
"jcott","AMA_ECU","arf",-0.6264
"jcott","AMA_PER","air",-0.8352
"jcott","AMA_PER","arf",-0.6264
"jcott","AMD_AFG","air",-0.5184
"jcott","AMD_AFG","arf",-0.3888
"jcott","AMD_TJK","air",-0.6048
"jcott","AMD_TJK","arf",-0.4536
"jcott","AMD_TKM","air",-0.6048
"jcott","AMD_TKM","arf",-0.4536
"jcott","AMD_UZB","air",-0.6048
"jcott","AMD_UZB","arf",-0.4536
"jcott","AMR_CHM","air",-0.5184
"jcott","AMR_CHM","arf",-0.3888
"jcott","ARA_IRQ","air",-0.72
"jcott","ARA_IRQ","arf",-0.6
"jcott","ARK_USA","air",-0.72
"jcott","ARK_USA","arf",-0.72
"jcott","AZE_AZE","air",-0.6048
"jcott","AZE_AZE","arf",-0.4536
"jcott","BLA_TUR","air",-0.864
"jcott","BLA_TUR","arf",-0.648
"jcott","BOR_IDN","air",-0.6336
"jcott","BOR_IDN","arf",-0.4752
"jcott","BRT_BGD","air",-0.4896
"jcott","BRT_BGD","arf",-0.3672
"jcott","BRT_CHM","air",-0.5184
"jcott","BRT_CHM","arf",-0.3888
"jcott","BRT_IND","air",-0.6336
"jcott","BRT_IND","arf",-0.6336
"jcott","CAF_AGO","air",-0.8352
"jcott","CAF_AGO","arf",-0.6264
"jcott","CAF_CAF","air",-0.8928
"jcott","CAF_CAF","arf",-0.6696
"jcott","CAF_CMR","air",-0.6696
"jcott","CAF_CMR","arf",-0.6696
"jcott","CAL_USA","air",-0.72
"jcott","CAL_USA","arf",-0.72
"jcott","CAU_AUS","air",-0.8352
"jcott","CAU_AUS","arf",-0.696
"jcott","CAV_IND","air",-0.6336
"jcott","CAV_IND","arf",-0.6336
"jcott","CHJ_CHM","air",-0.5184
"jcott","CHJ_CHM","arf",-0.3888
"jcott","CHO_IND","air",-0.6336
"jcott","CHO_IND","arf",-0.6336
"jcott","CHU_KAZ","air",-0.6048
"jcott","CHU_KAZ","arf",-0.4536
"jcott","CHU_KGZ","air",-0.6048
"jcott","CHU_KGZ","arf",-0.4536
"jcott","COB_USA","air",-0.72
"jcott","COB_USA","arf",-0.72
"jcott","COL_USA","air",-0.72
"jcott","COL_USA","arf",-0.72
"jcott","CON_AGO","air",-0.8352
"jcott","CON_AGO","arf",-0.6264
"jcott","CON_CAF","air",-0.8928
"jcott","CON_CAF","arf",-0.6696
"jcott","CON_COD","air",-0.8928
"jcott","CON_COD","arf",-0.6696
"jcott","CRB_CRB","air",-0.4224
"jcott","CRB_CRB","arf",-0.384
"jcott","CRI_CRI","air",-0.8352
"jcott","CRI_CRI","arf",-0.6264
"jcott","DAN_BGR","air",-0.8064
"jcott","DAN_BGR","arf",-0.6048
"jcott","DAN_TUR","air",-0.864
"jcott","DAN_TUR","arf",-0.648
"jcott","EAC_BDI","air",-0.9216
"jcott","EAC_BDI","arf",-0.6912
"jcott","EAC_COD","air",-0.8928
"jcott","EAC_COD","arf",-0.6696
"jcott","EAC_TZA","air",-1.2288
"jcott","EAC_TZA","arf",-0.6912
"jcott","EAU_AUS","air",-0.8352
"jcott","EAU_AUS","arf",-0.696
"jcott","EGH_IND","air",-0.6336
"jcott","EGH_IND","arf",-0.6336
"jcott","EME_EGY","air",-0.7776
"jcott","EME_EGY","arf",-0.5832
"jcott","EME_ISR","air",-0.8064
"jcott","EME_ISR","arf",-0.672
"jcott","EME_SYR","air",-0.72
"jcott","EME_SYR","arf",-0.54
"jcott","EME_TUR","air",-0.864
"jcott","EME_TUR","arf",-0.648
"jcott","GAN_BGD","air",-0.4896
"jcott","GAN_BGD","arf",-0.3672
"jcott","GAN_CHM","air",-0.5184
"jcott","GAN_CHM","arf",-0.3888
"jcott","GAN_IND","air",-0.6336
"jcott","GAN_IND","arf",-0.6336
"jcott","GAN_NPL","air",-0.5184
"jcott","GAN_NPL","arf",-0.3888
"jcott","GBA_USA","air",-0.72
"jcott","GBA_USA","arf",-0.72
"jcott","GLA_USA","air",-0.72
"jcott","GLA_USA","arf",-0.72
"jcott","GOD_IND","air",-0.6336
"jcott","GOD_IND","arf",-0.6336
"jcott","GRC_GRC","air",-0.8064
"jcott","GRC_GRC","arf",-0.672
"jcott","GTM_GTM","air",-0.8352
"jcott","GTM_GTM","arf",-0.6264
"jcott","HAI_CHM","air",-0.5184
"jcott","HAI_CHM","arf",-0.3888
"jcott","HND_HND","air",-0.8352
"jcott","HND_HND","arf",-0.6264
"jcott","HOA_ETH","air",-0.8448
"jcott","HOA_ETH","arf",-0.4752
"jcott","HOA_KEN","air",-1.2288
"jcott","HOA_KEN","arf",-0.6912
"jcott","HOA_SOM","air",-0.6336
"jcott","HOA_SOM","arf",-0.4752
"jcott","HTI_HTI","air",-0.8352
"jcott","HTI_HTI","arf",-0.696
"jcott","HUA_CHM","air",-0.5184
"jcott","HUA_CHM","arf",-0.3888
"jcott","HUN_CHM","air",-0.5184
"jcott","HUN_CHM","arf",-0.3888
"jcott","HWI_USA","air",-0.72
"jcott","HWI_USA","arf",-0.72
"jcott","IEC_IND","air",-0.6336
"jcott","IEC_IND","arf",-0.6336
"jcott","IND_CHM","air",-0.5184
"jcott","IND_CHM","arf",-0.3888
"jcott","IND_IND","air",-0.6336
"jcott","IND_IND","arf",-0.6336
"jcott","IND_PAK","air",-0.6336
"jcott","IND_PAK","arf",-0.6336
"jcott","INE_IDN","air",-0.6336
"jcott","INE_IDN","arf",-0.4752
"jcott","INW_IDN","air",-0.6336
"jcott","INW_IDN","arf",-0.4752
"jcott","KAL_BWA","air",-0.5568
"jcott","KAL_BWA","arf",-0.696
"jcott","KAL_ZAF","air",-0.8064
"jcott","KAL_ZAF","arf",-0.6048
"jcott","KRI_IND","air",-0.6336
"jcott","KRI_IND","arf",-0.6336
"jcott","LAJ_CHM","air",-0.5184
"jcott","LAJ_CHM","arf",-0.3888
"jcott","LBA_KAZ","air",-0.6048
"jcott","LBA_KAZ","arf",-0.4536
"jcott","LCB_CAF","air",-0.8928
"jcott","LCB_CAF","arf",-0.6696
"jcott","LCB_CMR","air",-0.6696
"jcott","LCB_CMR","arf",-0.6696
"jcott","LCB_NER","air",-0.6336
"jcott","LCB_NER","arf",-0.4752
"jcott","LCB_NGA","air",-0.9072
"jcott","LCB_NGA","arf",-0.648
"jcott","LCB_TCD","air",-0.6336
"jcott","LCB_TCD","arf",-0.4752
"jcott","LIM_BWA","air",-0.5568
"jcott","LIM_BWA","arf",-0.696
"jcott","LIM_MOZ","air",-0.9048
"jcott","LIM_MOZ","arf",-0.6264
"jcott","LIM_ZAF","air",-0.8064
"jcott","LIM_ZAF","arf",-0.6048
"jcott","LIM_ZWE","air",-0.9048
"jcott","LIM_ZWE","arf",-0.696
"jcott","LMO_CHM","air",-0.5184
"jcott","LMO_CHM","arf",-0.3888
"jcott","LTZ_KAZ","air",-0.6048
"jcott","LTZ_KAZ","arf",-0.4536
"jcott","LUN_IND","air",-0.6336
"jcott","LUN_IND","arf",-0.6336
"jcott","MAD_MDG","air",-0.8352
"jcott","MAD_MDG","arf",-0.6264
"jcott","MAT_IND","air",-0.6336
"jcott","MAT_IND","arf",-0.6336
"jcott","MAU_AUS","air",-0.8352
"jcott","MAU_AUS","arf",-0.696
"jcott","MEK_KHM","air",-0.6912
"jcott","MEK_KHM","arf",-0.3888
"jcott","MEK_LAO","air",-0.6912
"jcott","MEK_LAO","arf",-0.3888
"jcott","MEK_MMR","air",-0.5472
"jcott","MEK_MMR","arf",-0.4104
"jcott","MEK_THA","air",-0.528
"jcott","MEK_THA","arf",-0.396
"jcott","MEK_VNM","air",-0.5472
"jcott","MEK_VNM","arf",-0.4104
"jcott","MHN_IND","air",-0.6336
"jcott","MHN_IND","arf",-0.6336
"jcott","MIM_MEX","air",-0.864
"jcott","MIM_MEX","arf",-0.72
"jcott","MIS_USA","air",-0.72
"jcott","MIS_USA","arf",-0.72
"jcott","MOU_USA","air",-0.72
"jcott","MOU_USA","arf",-0.72
"jcott","NAC_DZA","air",-0.72
"jcott","NAC_DZA","arf",-0.54
"jcott","NAC_EGY","air",-0.7776
"jcott","NAC_EGY","arf",-0.5832
"jcott","NAC_TUN","air",-0.72
"jcott","NAC_TUN","arf",-0.6
"jcott","NEB_BRA","air",-0.864
"jcott","NEB_BRA","arf",-0.648
"jcott","NIC_NIC","air",-0.8352
"jcott","NIC_NIC","arf",-0.6264
"jcott","NIG_BEN","air",-0.8928
"jcott","NIG_BEN","arf",-0.6696
"jcott","NIG_BFA","air",-0.6336
"jcott","NIG_BFA","arf",-0.4752
"jcott","NIG_CIV","air",-0.8928
"jcott","NIG_CIV","arf",-0.6696
"jcott","NIG_CMR","air",-0.6696
"jcott","NIG_CMR","arf",-0.6696
"jcott","NIG_GIN","air",-0.8928
"jcott","NIG_GIN","arf",-0.6696
"jcott","NIG_MLI","air",-0.6336
"jcott","NIG_MLI","arf",-0.4752
"jcott","NIG_NER","air",-0.6336
"jcott","NIG_NER","arf",-0.4752
"jcott","NIG_NGA","air",-0.9072
"jcott","NIG_NGA","arf",-0.648
"jcott","NIG_TCD","air",-0.6336
"jcott","NIG_TCD","arf",-0.4752
"jcott","NKP_PRK","air",-0.4608
"jcott","NKP_PRK","arf",-0.3456
"jcott","NLL_EGY","air",-0.7776
"jcott","NLL_EGY","arf",-0.5832
"jcott","NLL_ETH","air",-0.8448
"jcott","NLL_ETH","arf",-0.4752
"jcott","NLL_SDN","air",-0.6336
"jcott","NLL_SDN","arf",-0.4752
"jcott","NLL_UGA","air",-1.0752
"jcott","NLL_UGA","arf",-0.6912
"jcott","NWA_MOR","air",-0.72
"jcott","NWA_MOR","arf",-0.54
"jcott","NWS_COL","air",-0.8352
"jcott","NWS_COL","arf",-0.6264
"jcott","NWS_ECU","air",-0.8352
"jcott","NWS_ECU","arf",-0.6264
"jcott","OBB_CHM","air",-0.5184
"jcott","OBB_CHM","arf",-0.3888
"jcott","OBB_KAZ","air",-0.6048
"jcott","OBB_KAZ","arf",-0.4536
"jcott","OHI_USA","air",-0.72
"jcott","OHI_USA","arf",-0.72
"jcott","ORA_ZAF","air",-0.8064
"jcott","ORA_ZAF","arf",-0.6048
"jcott","ORI_COL","air",-0.8352
"jcott","ORI_COL","arf",-0.6264
"jcott","ORI_VEN","air",-0.8352
"jcott","ORI_VEN","arf",-0.6264
"jcott","PAR_ARG","air",-0.9216
"jcott","PAR_ARG","arf",-0.6912
"jcott","PAR_BOL","air",-0.8352
"jcott","PAR_BOL","arf",-0.6264
"jcott","PAR_BRA","air",-0.864
"jcott","PAR_BRA","arf",-0.648
"jcott","PAR_PRY","air",-0.8352
"jcott","PAR_PRY","arf",-0.6264
"jcott","PEC_PER","air",-0.8352
"jcott","PEC_PER","arf",-0.6264
"jcott","PHI_PHL","air",-0.5472
"jcott","PHI_PHL","arf",-0.4104
"jcott","RIC_ARG","air",-0.9216
"jcott","RIC_ARG","arf",-0.6912
"jcott","RIG_MEX","air",-0.864
"jcott","RIG_MEX","arf",-0.72
"jcott","RIG_USA","air",-0.72
"jcott","RIG_USA","arf",-0.72
"jcott","RVE_VEN","air",-0.8352
"jcott","RVE_VEN","arf",-0.6264
"jcott","RVN_VNM","air",-0.5472
"jcott","RVN_VNM","arf",-0.4104
"jcott","RWI_USA","air",-0.72
"jcott","RWI_USA","arf",-0.72
"jcott","SAC_SWZ","air",-1.26672
"jcott","SAC_SWZ","arf",-0.696
"jcott","SAC_ZAF","air",-0.8064
"jcott","SAC_ZAF","arf",-0.6048
"jcott","SAF_MOZ","air",-0.9048
"jcott","SAF_MOZ","arf",-0.6264
"jcott","SAF_TZA","air",-1.2288
"jcott","SAF_TZA","arf",-0.6912
"jcott","SAF_ZWE","air",-0.9048
"jcott","SAF_ZWE","arf",-0.696
"jcott","SAH_DZA","air",-0.72
"jcott","SAH_DZA","arf",-0.54
"jcott","SAH_EGY","air",-0.7776
"jcott","SAH_EGY","arf",-0.5832
"jcott","SAH_MLI","air",-0.6336
"jcott","SAH_MLI","arf",-0.4752
"jcott","SAH_MOR","air",-0.72
"jcott","SAH_MOR","arf",-0.54
"jcott","SAH_NER","air",-0.6336
"jcott","SAH_NER","arf",-0.4752
"jcott","SAH_SDN","air",-0.6336
"jcott","SAH_SDN","arf",-0.4752
"jcott","SAH_TCD","air",-0.6336
"jcott","SAH_TCD","arf",-0.4752
"jcott","SAL_ARG","air",-0.9216
"jcott","SAL_ARG","arf",-0.6912
"jcott","SAN_BRA","air",-0.864
"jcott","SAN_BRA","arf",-0.648
"jcott","SAY_IND","air",-0.6336
"jcott","SAY_IND","arf",-0.6336
"jcott","SEN_GIN","air",-0.8928
"jcott","SEN_GIN","arf",-0.6696
"jcott","SEN_MLI","air",-0.6336
"jcott","SEN_MLI","arf",-0.4752
"jcott","SEN_SEN","air",-0.8928
"jcott","SEN_SEN","arf",-0.6696
"jcott","SEU_USA","air",-0.72
"jcott","SEU_USA","arf",-0.72
"jcott","SLV_SLV","air",-0.8352
"jcott","SLV_SLV","arf",-0.6264
"jcott","SON_CHM","air",-0.5184
"jcott","SON_CHM","arf",-0.3888
"jcott","SPP_SPP","air",-1.0368
"jcott","SPP_SPP","arf",-0.864
"jcott","SYD_KAZ","air",-0.6048
"jcott","SYD_KAZ","arf",-0.4536
"jcott","SYD_KGZ","air",-0.6048
"jcott","SYD_KGZ","arf",-0.4536
"jcott","SYD_TJK","air",-0.6048
"jcott","SYD_TJK","arf",-0.4536
"jcott","SYD_UZB","air",-0.6048
"jcott","SYD_UZB","arf",-0.4536
"jcott","TIE_ARG","air",-0.9216
"jcott","TIE_ARG","arf",-0.6912
"jcott","TIG_IRN","air",-0.72
"jcott","TIG_IRN","arf",-0.6
"jcott","TIG_IRQ","air",-0.72
"jcott","TIG_IRQ","arf",-0.6
"jcott","TIG_SYR","air",-0.72
"jcott","TIG_SYR","arf",-0.54
"jcott","TIG_TUR","air",-0.864
"jcott","TIG_TUR","arf",-0.648
"jcott","TMM_BGD","air",-0.4896
"jcott","TMM_BGD","arf",-0.3672
"jcott","TMM_MMR","air",-0.5472
"jcott","TMM_MMR","arf",-0.4104
"jcott","TMM_THA","air",-0.528
"jcott","TMM_THA","arf",-0.396
"jcott","TOC_BRA","air",-0.864
"jcott","TOC_BRA","arf",-0.648
"jcott","TWN_CHM","air",-0.5184
"jcott","TWN_CHM","arf",-0.3888
"jcott","UME_MEX","air",-0.864
"jcott","UME_MEX","arf",-0.72
"jcott","URA_KAZ","air",-0.6048
"jcott","URA_KAZ","arf",-0.4536
"jcott","URA_TKM","air",-0.6048
"jcott","URA_TKM","arf",-0.4536
"jcott","URU_BRA","air",-0.864
"jcott","URU_BRA","arf",-0.648
"jcott","USN_USA","air",-0.72
"jcott","USN_USA","arf",-0.72
"jcott","VOT_BEN","air",-0.8928
"jcott","VOT_BEN","arf",-0.6696
"jcott","VOT_BFA","air",-0.6336
"jcott","VOT_BFA","arf",-0.4752
"jcott","VOT_CIV","air",-0.8928
"jcott","VOT_CIV","arf",-0.6696
"jcott","VOT_GHA","air",-1.1904
"jcott","VOT_GHA","arf",-0.6696
"jcott","VOT_MLI","air",-0.6336
"jcott","VOT_MLI","arf",-0.4752
"jcott","VOT_TGO","air",-0.8928
"jcott","VOT_TGO","arf",-0.6696
"jcott","WAC_CIV","air",-0.8928
"jcott","WAC_CIV","arf",-0.6696
"jcott","WAC_GIN","air",-0.8928
"jcott","WAC_GIN","arf",-0.6696
"jcott","WAC_GMB","air",-0.5952
"jcott","WAC_GMB","arf",-0.744
"jcott","WAC_GNB","air",-0.8928
"jcott","WAC_GNB","arf",-0.6696
"jcott","WAC_SEN","air",-0.8928
"jcott","WAC_SEN","arf",-0.6696
"jcott","WAI_AFG","air",-0.5184
"jcott","WAI_AFG","arf",-0.3888
"jcott","WAI_IRN","air",-0.72
"jcott","WAI_IRN","arf",-0.6
"jcott","WAI_PAK","air",-0.6336
"jcott","WAI_PAK","arf",-0.6336
"jcott","WAI_TKM","air",-0.6048
"jcott","WAI_TKM","arf",-0.4536
"jcott","WAU_AUS","air",-0.8352
"jcott","WAU_AUS","arf",-0.696
"jcott","WGM_USA","air",-0.72
"jcott","WGM_USA","arf",-0.72
"jcott","YEM_YEM","air",-0.72
"jcott","YEM_YEM","arf",-0.54
"jcott","YHE_CHM","air",-0.5184
"jcott","YHE_CHM","arf",-0.3888
"jcott","YRD_CHM","air",-0.5184
"jcott","YRD_CHM","arf",-0.3888
"jcott","YRD_VNM","air",-0.5472
"jcott","YRD_VNM","arf",-0.4104
"jcott","YUC_MEX","air",-0.864
"jcott","YUC_MEX","arf",-0.72
"jcott","ZAM_AGO","air",-0.8352
"jcott","ZAM_AGO","arf",-0.6264
"jcott","ZAM_BWA","air",-0.5568
"jcott","ZAM_BWA","arf",-0.696
"jcott","ZAM_COD","air",-0.8928
"jcott","ZAM_COD","arf",-0.6696
"jcott","ZAM_MOZ","air",-0.9048
"jcott","ZAM_MOZ","arf",-0.6264
"jcott","ZAM_MWI","air",-0.9744
"jcott","ZAM_MWI","arf",-0.6264
"jcott","ZAM_TZA","air",-1.2288
"jcott","ZAM_TZA","arf",-0.6912
"jcott","ZAM_ZMB","air",-1.044
"jcott","ZAM_ZMB","arf",-0.6264
"jcott","ZAM_ZWE","air",-0.9048
"jcott","ZAM_ZWE","arf",-0.696
"jcott","ZHJ_CHM","air",-0.5184
"jcott","ZHJ_CHM","arf",-0.3888
"jteas","AMA_BOL","air",-0.468
"jteas","AMA_BOL","arf",-0.351
"jteas","AMA_BRA","air",-0.684
"jteas","AMA_BRA","arf",-0.513
"jteas","AMA_COL","air",-0.54
"jteas","AMA_COL","arf",-0.405
"jteas","AMA_ECU","air",-0.468
"jteas","AMA_ECU","arf",-0.351
"jteas","AMA_PER","air",-0.468
"jteas","AMA_PER","arf",-0.351
"jteas","AMR_CHM","air",-0.36
"jteas","AMR_CHM","arf",-0.27
"jteas","AMR_RUS","air",-0.588
"jteas","AMR_RUS","arf",-0.441
"jteas","AZE_AZE","air",-0.588
"jteas","AZE_AZE","arf",-0.441
"jteas","BAL_RUS","air",-0.588
"jteas","BAL_RUS","arf",-0.441
"jteas","BLA_RUS","air",-0.588
"jteas","BLA_RUS","arf",-0.441
"jteas","BLA_TUR","air",-0.504
"jteas","BLA_TUR","arf",-0.378
"jteas","BOR_IDN","air",-0.312
"jteas","BOR_IDN","arf",-0.234
"jteas","BOR_MYS","air",-0.24
"jteas","BOR_MYS","arf",-0.4
"jteas","BRT_BGD","air",-0.444
"jteas","BRT_BGD","arf",-0.333
"jteas","BRT_CHM","air",-0.36
"jteas","BRT_CHM","arf",-0.27
"jteas","BRT_IND","air",-0.48
"jteas","BRT_IND","arf",-0.48
"jteas","CAF_CMR","air",-0.27
"jteas","CAF_CMR","arf",-0.27
"jteas","CAV_IND","air",-0.48
"jteas","CAV_IND","arf",-0.48
"jteas","CHJ_CHM","air",-0.36
"jteas","CHJ_CHM","arf",-0.27
"jteas","CHO_IND","air",-0.48
"jteas","CHO_IND","arf",-0.48
"jteas","CON_COD","air",-0.36
"jteas","CON_COD","arf",-0.27
"jteas","DAN_OBN","air",-0.492
"jteas","DAN_OBN","arf",-0.369
"jteas","DAN_TUR","air",-0.504
"jteas","DAN_TUR","arf",-0.378
"jteas","DNI_RUS","air",-0.588
"jteas","DNI_RUS","arf",-0.441
"jteas","EAC_BDI","air",-0.564
"jteas","EAC_BDI","arf",-0.423
"jteas","EAC_COD","air",-0.36
"jteas","EAC_COD","arf",-0.27
"jteas","EAC_RWA","air",-0.564
"jteas","EAC_RWA","arf",-0.423
"jteas","EAC_TZA","air",-0.752
"jteas","EAC_TZA","arf",-0.423
"jteas","EGH_IND","air",-0.48
"jteas","EGH_IND","arf",-0.48
"jteas","EME_TUR","air",-0.504
"jteas","EME_TUR","arf",-0.378
"jteas","GAN_BGD","air",-0.444
"jteas","GAN_BGD","arf",-0.333
"jteas","GAN_CHM","air",-0.36
"jteas","GAN_CHM","arf",-0.27
"jteas","GAN_IND","air",-0.48
"jteas","GAN_IND","arf",-0.48
"jteas","GAN_NPL","air",-0.42
"jteas","GAN_NPL","arf",-0.315
"jteas","GEO_GEO","air",-0.588
"jteas","GEO_GEO","arf",-0.441
"jteas","GOD_IND","air",-0.48
"jteas","GOD_IND","arf",-0.48
"jteas","GTM_GTM","air",-0.468
"jteas","GTM_GTM","arf",-0.351
"jteas","HAI_CHM","air",-0.36
"jteas","HAI_CHM","arf",-0.27
"jteas","HOA_ETH","air",-0.624
"jteas","HOA_ETH","arf",-0.351
"jteas","HOA_KEN","air",-0.752
"jteas","HOA_KEN","arf",-0.423
"jteas","HUA_CHM","air",-0.36
"jteas","HUA_CHM","arf",-0.27
"jteas","HUN_CHM","air",-0.36
"jteas","HUN_CHM","arf",-0.27
"jteas","IEC_IND","air",-0.48
"jteas","IEC_IND","arf",-0.48
"jteas","IND_CHM","air",-0.36
"jteas","IND_CHM","arf",-0.27
"jteas","IND_IND","air",-0.48
"jteas","IND_IND","arf",-0.48
"jteas","INE_IDN","air",-0.312
"jteas","INE_IDN","arf",-0.234
"jteas","INW_IDN","air",-0.312
"jteas","INW_IDN","arf",-0.234
"jteas","JAP_JPN","air",-0.48
"jteas","JAP_JPN","arf",-0.4
"jteas","KAL_ZAF","air",-0.528
"jteas","KAL_ZAF","arf",-0.396
"jteas","KRI_IND","air",-0.48
"jteas","KRI_IND","arf",-0.48
"jteas","LAJ_CHM","air",-0.36
"jteas","LAJ_CHM","arf",-0.27
"jteas","LCB_CMR","air",-0.27
"jteas","LCB_CMR","arf",-0.27
"jteas","LIM_MOZ","air",-0.585
"jteas","LIM_MOZ","arf",-0.405
"jteas","LIM_ZAF","air",-0.528
"jteas","LIM_ZAF","arf",-0.396
"jteas","LIM_ZWE","air",-0.585
"jteas","LIM_ZWE","arf",-0.45
"jteas","LMO_CHM","air",-0.36
"jteas","LMO_CHM","arf",-0.27
"jteas","LUN_IND","air",-0.48
"jteas","LUN_IND","arf",-0.48
"jteas","MAD_MDG","air",-0.54
"jteas","MAD_MDG","arf",-0.405
"jteas","MAT_IND","air",-0.48
"jteas","MAT_IND","arf",-0.48
"jteas","MEK_LAO","air",-0.416
"jteas","MEK_LAO","arf",-0.234
"jteas","MEK_MMR","air",-0.192
"jteas","MEK_MMR","arf",-0.288
"jteas","MEK_THA","air",-0.432
"jteas","MEK_THA","arf",-0.324
"jteas","MEK_VNM","air",-0.372
"jteas","MEK_VNM","arf",-0.279
"jteas","MHN_IND","air",-0.48
"jteas","MHN_IND","arf",-0.48
"jteas","NEB_BRA","air",-0.684
"jteas","NEB_BRA","arf",-0.513
"jteas","NER_RUS","air",-0.588
"jteas","NER_RUS","arf",-0.441
"jteas","NIG_CMR","air",-0.27
"jteas","NIG_CMR","arf",-0.27
"jteas","NIG_MLI","air",-0.468
"jteas","NIG_MLI","arf",-0.351
"jteas","NLL_ETH","air",-0.624
"jteas","NLL_ETH","arf",-0.351
"jteas","NLL_UGA","air",-0.658
"jteas","NLL_UGA","arf",-0.423
"jteas","NWS_COL","air",-0.54
"jteas","NWS_COL","arf",-0.405
"jteas","NWS_ECU","air",-0.468
"jteas","NWS_ECU","arf",-0.351
"jteas","OBB_CHM","air",-0.36
"jteas","OBB_CHM","arf",-0.27
"jteas","OBB_RUS","air",-0.588
"jteas","OBB_RUS","arf",-0.441
"jteas","ODE_RUS","air",-0.588
"jteas","ODE_RUS","arf",-0.441
"jteas","OIO_OIO","air",-0.312
"jteas","OIO_OIO","arf",-0.26
"jteas","ORA_ZAF","air",-0.528
"jteas","ORA_ZAF","arf",-0.396
"jteas","ORI_COL","air",-0.54
"jteas","ORI_COL","arf",-0.405
"jteas","PAO_PNG","air",-0.312
"jteas","PAO_PNG","arf",-0.234
"jteas","PAR_ARG","air",-0.672
"jteas","PAR_ARG","arf",-0.504
"jteas","PAR_BOL","air",-0.468
"jteas","PAR_BOL","arf",-0.351
"jteas","PAR_BRA","air",-0.684
"jteas","PAR_BRA","arf",-0.513
"jteas","PEC_PER","air",-0.468
"jteas","PEC_PER","arf",-0.351
"jteas","RIC_ARG","air",-0.672
"jteas","RIC_ARG","arf",-0.504
"jteas","RRS_RUS","air",-0.588
"jteas","RRS_RUS","arf",-0.441
"jteas","RVN_VNM","air",-0.372
"jteas","RVN_VNM","arf",-0.279
"jteas","SAC_ZAF","air",-0.528
"jteas","SAC_ZAF","arf",-0.396
"jteas","SAF_MOZ","air",-0.585
"jteas","SAF_MOZ","arf",-0.405
"jteas","SAF_TZA","air",-0.752
"jteas","SAF_TZA","arf",-0.423
"jteas","SAF_ZWE","air",-0.585
"jteas","SAF_ZWE","arf",-0.45
"jteas","SAH_MLI","air",-0.468
"jteas","SAH_MLI","arf",-0.351
"jteas","SAL_ARG","air",-0.672
"jteas","SAL_ARG","arf",-0.504
"jteas","SAN_BRA","air",-0.684
"jteas","SAN_BRA","arf",-0.513
"jteas","SAY_IND","air",-0.48
"jteas","SAY_IND","arf",-0.48
"jteas","SEN_MLI","air",-0.468
"jteas","SEN_MLI","arf",-0.351
"jteas","SKP_KOR","air",-0.396
"jteas","SKP_KOR","arf",-0.33
"jteas","SLV_SLV","air",-0.468
"jteas","SLV_SLV","arf",-0.351
"jteas","SON_CHM","air",-0.36
"jteas","SON_CHM","arf",-0.27
"jteas","SRL_LKA","air",-0.42
"jteas","SRL_LKA","arf",-0.315
"jteas","TIE_ARG","air",-0.672
"jteas","TIE_ARG","arf",-0.504
"jteas","TIG_IRN","air",-0.588
"jteas","TIG_IRN","arf",-0.49
"jteas","TIG_TUR","air",-0.504
"jteas","TIG_TUR","arf",-0.378
"jteas","TMM_BGD","air",-0.444
"jteas","TMM_BGD","arf",-0.333
"jteas","TMM_MMR","air",-0.192
"jteas","TMM_MMR","arf",-0.288
"jteas","TMM_MYS","air",-0.24
"jteas","TMM_MYS","arf",-0.4
"jteas","TMM_THA","air",-0.432
"jteas","TMM_THA","arf",-0.324
"jteas","TOC_BRA","air",-0.684
"jteas","TOC_BRA","arf",-0.513
"jteas","TWN_CHM","air",-0.36
"jteas","TWN_CHM","arf",-0.27
"jteas","UMO_RUS","air",-0.588
"jteas","UMO_RUS","arf",-0.441
"jteas","URA_RUS","air",-0.588
"jteas","URA_RUS","arf",-0.441
"jteas","URU_BRA","air",-0.684
"jteas","URU_BRA","arf",-0.513
"jteas","VOG_RUS","air",-0.588
"jteas","VOG_RUS","arf",-0.441
"jteas","VOT_MLI","air",-0.468
"jteas","VOT_MLI","arf",-0.351
"jteas","WAI_IRN","air",-0.588
"jteas","WAI_IRN","arf",-0.49
"jteas","YEN_RUS","air",-0.588
"jteas","YEN_RUS","arf",-0.441
"jteas","YHE_CHM","air",-0.36
"jteas","YHE_CHM","arf",-0.27
"jteas","YRD_CHM","air",-0.36
"jteas","YRD_CHM","arf",-0.27
"jteas","YRD_VNM","air",-0.372
"jteas","YRD_VNM","arf",-0.279
"jteas","ZAM_COD","air",-0.36
"jteas","ZAM_COD","arf",-0.27
"jteas","ZAM_MOZ","air",-0.585
"jteas","ZAM_MOZ","arf",-0.405
"jteas","ZAM_MWI","air",-0.63
"jteas","ZAM_MWI","arf",-0.405
"jteas","ZAM_TZA","air",-0.752
"jteas","ZAM_TZA","arf",-0.423
"jteas","ZAM_ZMB","air",-0.675
"jteas","ZAM_ZMB","arf",-0.405
"jteas","ZAM_ZWE","air",-0.585
"jteas","ZAM_ZWE","arf",-0.45
"jteas","ZHJ_CHM","air",-0.36
"jteas","ZHJ_CHM","arf",-0.27
"jothr","ALB_ALB","air",-0.8064
"jothr","ALB_ALB","arf",-0.672
"jothr","ALK_USA","air",-0.72
"jothr","ALK_USA","arf",-0.72
"jothr","AMA_BOL","air",-0.8352
"jothr","AMA_BOL","arf",-0.6264
"jothr","AMA_BRA","air",-0.864
"jothr","AMA_BRA","arf",-0.648
"jothr","AMA_COL","air",-0.8352
"jothr","AMA_COL","arf",-0.6264
"jothr","AMA_ECU","air",-0.8352
"jothr","AMA_ECU","arf",-0.6264
"jothr","AMA_PER","air",-0.8352
"jothr","AMA_PER","arf",-0.6264
"jothr","AMD_AFG","air",-0.5184
"jothr","AMD_AFG","arf",-0.3888
"jothr","AMD_TJK","air",-0.6048
"jothr","AMD_TJK","arf",-0.4536
"jothr","AMD_TKM","air",-0.6048
"jothr","AMD_TKM","arf",-0.4536
"jothr","AMD_UZB","air",-0.6048
"jothr","AMD_UZB","arf",-0.4536
"jothr","AMR_CHM","air",-0.5184
"jothr","AMR_CHM","arf",-0.3888
"jothr","AMR_RUS","air",-0.6048
"jothr","AMR_RUS","arf",-0.4536
"jothr","ARA_IRQ","air",-0.72
"jothr","ARA_IRQ","arf",-0.6
"jothr","ARK_USA","air",-0.72
"jothr","ARK_USA","arf",-0.72
"jothr","AZE_AZE","air",-0.6048
"jothr","AZE_AZE","arf",-0.4536
"jothr","BAL_RUS","air",-0.6048
"jothr","BAL_RUS","arf",-0.4536
"jothr","BLA_RUS","air",-0.6048
"jothr","BLA_RUS","arf",-0.4536
"jothr","BLA_TUR","air",-0.864
"jothr","BLA_TUR","arf",-0.648
"jothr","BLA_UKR","air",-0.6048
"jothr","BLA_UKR","arf",-0.4536
"jothr","BOR_IDN","air",-0.5184
"jothr","BOR_IDN","arf",-0.3888
"jothr","BOR_MYS","air",-0.5184
"jothr","BOR_MYS","arf",-0.432
"jothr","BRT_BGD","air",-0.4896
"jothr","BRT_BGD","arf",-0.3672
"jothr","BRT_BTN","air",-0.5184
"jothr","BRT_BTN","arf",-0.3888
"jothr","BRT_CHM","air",-0.5184
"jothr","BRT_CHM","arf",-0.3888
"jothr","BRT_IND","air",-0.6336
"jothr","BRT_IND","arf",-0.6336
"jothr","CAF_AGO","air",-0.8352
"jothr","CAF_AGO","arf",-0.6264
"jothr","CAF_CAF","air",-0.8928
"jothr","CAF_CAF","arf",-0.6696
"jothr","CAF_CMR","air",-0.6696
"jothr","CAF_CMR","arf",-0.6696
"jothr","CAF_COG","air",-0.8184
"jothr","CAF_COG","arf",-0.6696
"jothr","CAF_GAB","air",-0.6696
"jothr","CAF_GAB","arf",-0.6696
"jothr","CAL_USA","air",-0.72
"jothr","CAL_USA","arf",-0.72
"jothr","CAN_CAN","air",-0.9408
"jothr","CAN_CAN","arf",-0.8064
"jothr","CAU_AUS","air",-0.8352
"jothr","CAU_AUS","arf",-0.696
"jothr","CAV_IND","air",-0.6336
"jothr","CAV_IND","arf",-0.6336
"jothr","CHC_CHL","air",-0.8352
"jothr","CHC_CHL","arf",-0.6264
"jothr","CHJ_CHM","air",-0.5184
"jothr","CHJ_CHM","arf",-0.3888
"jothr","CHO_IND","air",-0.6336
"jothr","CHO_IND","arf",-0.6336
"jothr","CHU_KAZ","air",-0.6048
"jothr","CHU_KAZ","arf",-0.4536
"jothr","CHU_KGZ","air",-0.6048
"jothr","CHU_KGZ","arf",-0.4536
"jothr","COB_CAN","air",-0.9408
"jothr","COB_CAN","arf",-0.8064
"jothr","COB_USA","air",-0.72
"jothr","COB_USA","arf",-0.72
"jothr","COL_USA","air",-0.72
"jothr","COL_USA","arf",-0.72
"jothr","CON_AGO","air",-0.8352
"jothr","CON_AGO","arf",-0.6264
"jothr","CON_CAF","air",-0.8928
"jothr","CON_CAF","arf",-0.6696
"jothr","CON_COG","air",-0.8184
"jothr","CON_COG","arf",-0.6696
"jothr","CRI_CRI","air",-0.8352
"jothr","CRI_CRI","arf",-0.6264
"jothr","CUB_CUB","air",-0.9744
"jothr","CUB_CUB","arf",-0.6264
"jothr","DAN_BGR","air",-0.8064
"jothr","DAN_BGR","arf",-0.6048
"jothr","DAN_HRV","air",-0.7392
"jothr","DAN_HRV","arf",-0.672
"jothr","DAN_HUN","air",-0.8064
"jothr","DAN_HUN","arf",-0.6048
"jothr","DAN_MDA","air",-0.8064
"jothr","DAN_MDA","arf",-0.6048
"jothr","DAN_OBN","air",-0.8064
"jothr","DAN_OBN","arf",-0.6048
"jothr","DAN_ROU","air",-0.8064
"jothr","DAN_ROU","arf",-0.6048
"jothr","DAN_SVN","air",-0.6048
"jothr","DAN_SVN","arf",-0.6048
"jothr","DAN_TUR","air",-0.864
"jothr","DAN_TUR","arf",-0.648
"jothr","DAN_UKR","air",-0.6048
"jothr","DAN_UKR","arf",-0.4536
"jothr","DNI_BLR","air",-0.6048
"jothr","DNI_BLR","arf",-0.4536
"jothr","DNI_RUS","air",-0.6048
"jothr","DNI_RUS","arf",-0.4536
"jothr","DNI_UKR","air",-0.6048
"jothr","DNI_UKR","arf",-0.4536
"jothr","DOM_DOM","air",-0.8352
"jothr","DOM_DOM","arf",-0.6264
"jothr","EAC_TZA","air",-1.2288
"jothr","EAC_TZA","arf",-0.6912
"jothr","EAU_AUS","air",-0.8352
"jothr","EAU_AUS","arf",-0.696
"jothr","EGH_IND","air",-0.6336
"jothr","EGH_IND","arf",-0.6336
"jothr","EME_CYP","air",-0.72
"jothr","EME_CYP","arf",-0.54
"jothr","EME_EGY","air",-0.7776
"jothr","EME_EGY","arf",-0.5832
"jothr","EME_ISR","air",-0.8064
"jothr","EME_ISR","arf",-0.672
"jothr","EME_JOR","air",-0.72
"jothr","EME_JOR","arf",-0.6
"jothr","EME_LBN","air",-0.72
"jothr","EME_LBN","arf",-0.54
"jothr","EME_SYR","air",-0.72
"jothr","EME_SYR","arf",-0.54
"jothr","EME_TUR","air",-0.864
"jothr","EME_TUR","arf",-0.648
"jothr","GAN_BGD","air",-0.4896
"jothr","GAN_BGD","arf",-0.3672
"jothr","GAN_CHM","air",-0.5184
"jothr","GAN_CHM","arf",-0.3888
"jothr","GAN_IND","air",-0.6336
"jothr","GAN_IND","arf",-0.6336
"jothr","GAN_NPL","air",-0.5184
"jothr","GAN_NPL","arf",-0.3888
"jothr","GBA_USA","air",-0.72
"jothr","GBA_USA","arf",-0.72
"jothr","GEO_GEO","air",-0.6048
"jothr","GEO_GEO","arf",-0.4536
"jothr","GLA_CAN","air",-0.9408
"jothr","GLA_CAN","arf",-0.8064
"jothr","GLA_USA","air",-0.72
"jothr","GLA_USA","arf",-0.72
"jothr","GOD_IND","air",-0.6336
"jothr","GOD_IND","arf",-0.6336
"jothr","GRC_GRC","air",-0.8064
"jothr","GRC_GRC","arf",-0.672
"jothr","GTM_GTM","air",-0.8352
"jothr","GTM_GTM","arf",-0.6264
"jothr","HAI_CHM","air",-0.5184
"jothr","HAI_CHM","arf",-0.3888
"jothr","HOA_ETH","air",-0.8448
"jothr","HOA_ETH","arf",-0.4752
"jothr","HOA_KEN","air",-1.2288
"jothr","HOA_KEN","arf",-0.6912
"jothr","HTI_HTI","air",-0.8352
"jothr","HTI_HTI","arf",-0.696
"jothr","HUA_CHM","air",-0.5184
"jothr","HUA_CHM","arf",-0.3888
"jothr","HUN_CHM","air",-0.5184
"jothr","HUN_CHM","arf",-0.3888
"jothr","HWI_USA","air",-0.72
"jothr","HWI_USA","arf",-0.72
"jothr","IEC_IND","air",-0.6336
"jothr","IEC_IND","arf",-0.6336
"jothr","IND_CHM","air",-0.5184
"jothr","IND_CHM","arf",-0.3888
"jothr","IND_IND","air",-0.6336
"jothr","IND_IND","arf",-0.6336
"jothr","IND_PAK","air",-0.6336
"jothr","IND_PAK","arf",-0.6336
"jothr","INE_IDN","air",-0.5184
"jothr","INE_IDN","arf",-0.3888
"jothr","INW_IDN","air",-0.5184
"jothr","INW_IDN","arf",-0.3888
"jothr","ITA_ITP","air",-1.0368
"jothr","ITA_ITP","arf",-0.864
"jothr","JAM_JAM","air",-0.4608
"jothr","JAM_JAM","arf",-0.3456
"jothr","JAP_JPN","air",-0.7488
"jothr","JAP_JPN","arf",-0.624
"jothr","KAL_ZAF","air",-0.8064
"jothr","KAL_ZAF","arf",-0.6048
"jothr","KRI_IND","air",-0.6336
"jothr","KRI_IND","arf",-0.6336
"jothr","LAJ_CHM","air",-0.5184
"jothr","LAJ_CHM","arf",-0.3888
"jothr","LBA_KAZ","air",-0.6048
"jothr","LBA_KAZ","arf",-0.4536
"jothr","LBO_FRP","air",-1.0368
"jothr","LBO_FRP","arf",-0.864
"jothr","LCB_CAF","air",-0.8928
"jothr","LCB_CAF","arf",-0.6696
"jothr","LCB_CMR","air",-0.6696
"jothr","LCB_CMR","arf",-0.6696
"jothr","LCB_NGA","air",-0.9072
"jothr","LCB_NGA","arf",-0.648
"jothr","LIM_MOZ","air",-0.9048
"jothr","LIM_MOZ","arf",-0.6264
"jothr","LIM_ZAF","air",-0.8064
"jothr","LIM_ZAF","arf",-0.6048
"jothr","LIM_ZWE","air",-0.9048
"jothr","LIM_ZWE","arf",-0.696
"jothr","LMO_CHM","air",-0.5184
"jothr","LMO_CHM","arf",-0.3888
"jothr","LMO_MNG","air",-0.4608
"jothr","LMO_MNG","arf",-0.3456
"jothr","LTZ_KAZ","air",-0.6048
"jothr","LTZ_KAZ","arf",-0.4536
"jothr","LUN_IND","air",-0.6336
"jothr","LUN_IND","arf",-0.6336
"jothr","MAD_MDG","air",-0.8352
"jothr","MAD_MDG","arf",-0.6264
"jothr","MAT_IND","air",-0.6336
"jothr","MAT_IND","arf",-0.6336
"jothr","MAU_AUS","air",-0.8352
"jothr","MAU_AUS","arf",-0.696
"jothr","MCK_CAN","air",-0.9408
"jothr","MCK_CAN","arf",-0.8064
"jothr","MEK_KHM","air",-0.6912
"jothr","MEK_KHM","arf",-0.3888
"jothr","MEK_LAO","air",-0.6912
"jothr","MEK_LAO","arf",-0.3888
"jothr","MEK_MMR","air",-0.5472
"jothr","MEK_MMR","arf",-0.4104
"jothr","MEK_THA","air",-0.528
"jothr","MEK_THA","arf",-0.396
"jothr","MEK_VNM","air",-0.5184
"jothr","MEK_VNM","arf",-0.3888
"jothr","MHN_IND","air",-0.6336
"jothr","MHN_IND","arf",-0.6336
"jothr","MIM_MEX","air",-0.864
"jothr","MIM_MEX","arf",-0.72
"jothr","MIS_USA","air",-0.72
"jothr","MIS_USA","arf",-0.72
"jothr","MOU_USA","air",-0.72
"jothr","MOU_USA","arf",-0.72
"jothr","NAC_DZA","air",-0.72
"jothr","NAC_DZA","arf",-0.54
"jothr","NAC_EGY","air",-0.7776
"jothr","NAC_EGY","arf",-0.5832
"jothr","NAC_LBY","air",-0.72
"jothr","NAC_LBY","arf",-0.54
"jothr","NAC_TUN","air",-0.72
"jothr","NAC_TUN","arf",-0.6
"jothr","NEB_BRA","air",-0.864
"jothr","NEB_BRA","arf",-0.648
"jothr","NER_RUS","air",-0.6048
"jothr","NER_RUS","arf",-0.4536
"jothr","NIG_BEN","air",-0.8928
"jothr","NIG_BEN","arf",-0.6696
"jothr","NIG_BFA","air",-0.6336
"jothr","NIG_BFA","arf",-0.4752
"jothr","NIG_CIV","air",-0.8928
"jothr","NIG_CIV","arf",-0.6696
"jothr","NIG_CMR","air",-0.6696
"jothr","NIG_CMR","arf",-0.6696
"jothr","NIG_GIN","air",-0.8928
"jothr","NIG_GIN","arf",-0.6696
"jothr","NIG_MLI","air",-0.6336
"jothr","NIG_MLI","arf",-0.4752
"jothr","NIG_NGA","air",-0.9072
"jothr","NIG_NGA","arf",-0.648
"jothr","NKP_PRK","air",-0.4608
"jothr","NKP_PRK","arf",-0.3456
"jothr","NLL_EGY","air",-0.7776
"jothr","NLL_EGY","arf",-0.5832
"jothr","NLL_ETH","air",-0.8448
"jothr","NLL_ETH","arf",-0.4752
"jothr","NLL_UGA","air",-1.0752
"jothr","NLL_UGA","arf",-0.6912
"jothr","NWA_MOR","air",-0.72
"jothr","NWA_MOR","arf",-0.54
"jothr","NWS_COL","air",-0.8352
"jothr","NWS_COL","arf",-0.6264
"jothr","NWS_ECU","air",-0.8352
"jothr","NWS_ECU","arf",-0.6264
"jothr","NZE_NZL","air",-0.8064
"jothr","NZE_NZL","arf",-0.6048
"jothr","OBB_CHM","air",-0.5184
"jothr","OBB_CHM","arf",-0.3888
"jothr","OBB_KAZ","air",-0.6048
"jothr","OBB_KAZ","arf",-0.4536
"jothr","OBB_RUS","air",-0.6048
"jothr","OBB_RUS","arf",-0.4536
"jothr","ODE_RUS","air",-0.6048
"jothr","ODE_RUS","arf",-0.4536
"jothr","OHI_USA","air",-0.72
"jothr","OHI_USA","arf",-0.72
"jothr","OIO_OIO","air",-0.4608
"jothr","OIO_OIO","arf",-0.384
"jothr","OPO_OPO","air",-0.4608
"jothr","OPO_OPO","arf",-0.3456
"jothr","ORA_ZAF","air",-0.8064
"jothr","ORA_ZAF","arf",-0.6048
"jothr","ORI_COL","air",-0.8352
"jothr","ORI_COL","arf",-0.6264
"jothr","ORI_VEN","air",-0.8352
"jothr","ORI_VEN","arf",-0.6264
"jothr","PAO_PNG","air",-0.4608
"jothr","PAO_PNG","arf",-0.3456
"jothr","PAR_ARG","air",-0.9216
"jothr","PAR_ARG","arf",-0.6912
"jothr","PAR_BOL","air",-0.8352
"jothr","PAR_BOL","arf",-0.6264
"jothr","PAR_BRA","air",-0.864
"jothr","PAR_BRA","arf",-0.648
"jothr","PAR_PRY","air",-0.8352
"jothr","PAR_PRY","arf",-0.6264
"jothr","PEC_PER","air",-0.8352
"jothr","PEC_PER","arf",-0.6264
"jothr","PHI_PHL","air",-0.5184
"jothr","PHI_PHL","arf",-0.3888
"jothr","PRT_PRT","air",-1.0368
"jothr","PRT_PRT","arf",-0.7776
"jothr","RAP_RAP","air",-0.72
"jothr","RAP_RAP","arf",-0.54
"jothr","RHI_CHP","air",-1.0368
"jothr","RHI_CHP","arf",-0.864
"jothr","RHI_FRP","air",-1.0368
"jothr","RHI_FRP","arf",-0.864
"jothr","RHO_FRP","air",-1.0368
"jothr","RHO_FRP","arf",-0.864
"jothr","RIC_ARG","air",-0.9216
"jothr","RIC_ARG","arf",-0.6912
"jothr","RIG_MEX","air",-0.864
"jothr","RIG_MEX","arf",-0.72
"jothr","RIG_USA","air",-0.72
"jothr","RIG_USA","arf",-0.72
"jothr","RRS_RUS","air",-0.6048
"jothr","RRS_RUS","arf",-0.4536
"jothr","RVE_VEN","air",-0.8352
"jothr","RVE_VEN","arf",-0.6264
"jothr","RVN_VNM","air",-0.5184
"jothr","RVN_VNM","arf",-0.3888
"jothr","RWI_CAN","air",-0.9408
"jothr","RWI_CAN","arf",-0.8064
"jothr","RWI_USA","air",-0.72
"jothr","RWI_USA","arf",-0.72
"jothr","SAC_SWZ","air",-1.26672
"jothr","SAC_SWZ","arf",-0.696
"jothr","SAC_ZAF","air",-0.8064
"jothr","SAC_ZAF","arf",-0.6048
"jothr","SAF_MOZ","air",-0.9048
"jothr","SAF_MOZ","arf",-0.6264
"jothr","SAF_TZA","air",-1.2288
"jothr","SAF_TZA","arf",-0.6912
"jothr","SAF_ZWE","air",-0.9048
"jothr","SAF_ZWE","arf",-0.696
"jothr","SAH_DZA","air",-0.72
"jothr","SAH_DZA","arf",-0.54
"jothr","SAH_EGY","air",-0.7776
"jothr","SAH_EGY","arf",-0.5832
"jothr","SAH_LBY","air",-0.72
"jothr","SAH_LBY","arf",-0.54
"jothr","SAH_MLI","air",-0.6336
"jothr","SAH_MLI","arf",-0.4752
"jothr","SAH_MOR","air",-0.72
"jothr","SAH_MOR","arf",-0.54
"jothr","SAL_ARG","air",-0.9216
"jothr","SAL_ARG","arf",-0.6912
"jothr","SAN_BRA","air",-0.864
"jothr","SAN_BRA","arf",-0.648
"jothr","SAY_IND","air",-0.6336
"jothr","SAY_IND","arf",-0.6336
"jothr","SEI_FRP","air",-1.0368
"jothr","SEI_FRP","arf",-0.864
"jothr","SEN_GIN","air",-0.8928
"jothr","SEN_GIN","arf",-0.6696
"jothr","SEN_MLI","air",-0.6336
"jothr","SEN_MLI","arf",-0.4752
"jothr","SEN_SEN","air",-0.8928
"jothr","SEN_SEN","arf",-0.6696
"jothr","SEU_USA","air",-0.72
"jothr","SEU_USA","arf",-0.72
"jothr","SKP_KOR","air",-0.5472
"jothr","SKP_KOR","arf",-0.456
"jothr","SLB_SLB","air",-0.4608
"jothr","SLB_SLB","arf",-0.3456
"jothr","SLV_SLV","air",-0.8352
"jothr","SLV_SLV","arf",-0.6264
"jothr","SON_CHM","air",-0.5184
"jothr","SON_CHM","arf",-0.3888
"jothr","SPP_SPP","air",-1.0368
"jothr","SPP_SPP","arf",-0.864
"jothr","SRL_LKA","air",-0.5184
"jothr","SRL_LKA","arf",-0.3888
"jothr","SYD_KAZ","air",-0.6048
"jothr","SYD_KAZ","arf",-0.4536
"jothr","SYD_KGZ","air",-0.6048
"jothr","SYD_KGZ","arf",-0.4536
"jothr","SYD_TJK","air",-0.6048
"jothr","SYD_TJK","arf",-0.4536
"jothr","SYD_UZB","air",-0.6048
"jothr","SYD_UZB","arf",-0.4536
"jothr","TIE_ARG","air",-0.9216
"jothr","TIE_ARG","arf",-0.6912
"jothr","TIG_IRN","air",-0.72
"jothr","TIG_IRN","arf",-0.6
"jothr","TIG_IRQ","air",-0.72
"jothr","TIG_IRQ","arf",-0.6
"jothr","TIG_SYR","air",-0.72
"jothr","TIG_SYR","arf",-0.54
"jothr","TIG_TUR","air",-0.864
"jothr","TIG_TUR","arf",-0.648
"jothr","TMM_BGD","air",-0.4896
"jothr","TMM_BGD","arf",-0.3672
"jothr","TMM_MMR","air",-0.5472
"jothr","TMM_MMR","arf",-0.4104
"jothr","TMM_MYS","air",-0.5184
"jothr","TMM_MYS","arf",-0.432
"jothr","TMM_OSA","air",-0.5616
"jothr","TMM_OSA","arf",-0.3888
"jothr","TMM_THA","air",-0.528
"jothr","TMM_THA","arf",-0.396
"jothr","TOC_BRA","air",-0.864
"jothr","TOC_BRA","arf",-0.648
"jothr","TWN_CHM","air",-0.5184
"jothr","TWN_CHM","arf",-0.3888
"jothr","UME_MEX","air",-0.864
"jothr","UME_MEX","arf",-0.72
"jothr","UMO_MNG","air",-0.4608
"jothr","UMO_MNG","arf",-0.3456
"jothr","UMO_RUS","air",-0.6048
"jothr","UMO_RUS","arf",-0.4536
"jothr","URA_KAZ","air",-0.6048
"jothr","URA_KAZ","arf",-0.4536
"jothr","URA_RUS","air",-0.6048
"jothr","URA_RUS","arf",-0.4536
"jothr","URA_TKM","air",-0.6048
"jothr","URA_TKM","arf",-0.4536
"jothr","URU_BRA","air",-0.864
"jothr","URU_BRA","arf",-0.648
"jothr","USN_USA","air",-0.72
"jothr","USN_USA","arf",-0.72
"jothr","VOG_RUS","air",-0.6048
"jothr","VOG_RUS","arf",-0.4536
"jothr","VOT_BEN","air",-0.8928
"jothr","VOT_BEN","arf",-0.6696
"jothr","VOT_BFA","air",-0.6336
"jothr","VOT_BFA","arf",-0.4752
"jothr","VOT_CIV","air",-0.8928
"jothr","VOT_CIV","arf",-0.6696
"jothr","VOT_GHA","air",-1.1904
"jothr","VOT_GHA","arf",-0.6696
"jothr","VOT_MLI","air",-0.6336
"jothr","VOT_MLI","arf",-0.4752
"jothr","WAC_CIV","air",-0.8928
"jothr","WAC_CIV","arf",-0.6696
"jothr","WAC_GIN","air",-0.8928
"jothr","WAC_GIN","arf",-0.6696
"jothr","WAC_GNB","air",-0.8928
"jothr","WAC_GNB","arf",-0.6696
"jothr","WAC_LBR","air",-0.5952
"jothr","WAC_LBR","arf",-0.744
"jothr","WAC_SEN","air",-0.8928
"jothr","WAC_SEN","arf",-0.6696
"jothr","WAC_SLE","air",-0.8928
"jothr","WAC_SLE","arf",-0.6696
"jothr","WAI_AFG","air",-0.5184
"jothr","WAI_AFG","arf",-0.3888
"jothr","WAI_IRN","air",-0.72
"jothr","WAI_IRN","arf",-0.6
"jothr","WAI_PAK","air",-0.6336
"jothr","WAI_PAK","arf",-0.6336
"jothr","WAI_TKM","air",-0.6048
"jothr","WAI_TKM","arf",-0.4536
"jothr","WAU_AUS","air",-0.8352
"jothr","WAU_AUS","arf",-0.696
"jothr","WGM_USA","air",-0.72
"jothr","WGM_USA","arf",-0.72
"jothr","YEM_YEM","air",-0.72
"jothr","YEM_YEM","arf",-0.54
"jothr","YEN_RUS","air",-0.6048
"jothr","YEN_RUS","arf",-0.4536
"jothr","YHE_CHM","air",-0.5184
"jothr","YHE_CHM","arf",-0.3888
"jothr","YRD_CHM","air",-0.5184
"jothr","YRD_CHM","arf",-0.3888
"jothr","YRD_VNM","air",-0.5184
"jothr","YRD_VNM","arf",-0.3888
"jothr","YUC_MEX","air",-0.864
"jothr","YUC_MEX","arf",-0.72
"jothr","ZAM_AGO","air",-0.8352
"jothr","ZAM_AGO","arf",-0.6264
"jothr","ZAM_MOZ","air",-0.9048
"jothr","ZAM_MOZ","arf",-0.6264
"jothr","ZAM_MWI","air",-0.9744
"jothr","ZAM_MWI","arf",-0.6264
"jothr","ZAM_TZA","air",-1.2288
"jothr","ZAM_TZA","arf",-0.6912
"jothr","ZAM_ZWE","air",-0.9048
"jothr","ZAM_ZWE","arf",-0.696
"jothr","ZHJ_CHM","air",-0.5184
"jothr","ZHJ_CHM","arf",-0.3888
"jfodr","ALB_ALB","gir",-0.8064
"jfodr","ALK_USA","gir",-0.72
"jfodr","AMA_BOL","gir",-0.8352
"jfodr","AMA_COL","gir",-0.8352
"jfodr","AMA_PER","gir",-0.8352
"jfodr","AMD_TJK","gir",-0.6048
"jfodr","AMD_TKM","gir",-0.6048
"jfodr","AMD_UZB","gir",-0.6048
"jfodr","AMR_RUS","gir",-0.6048
"jfodr","ARK_USA","gir",-0.72
"jfodr","ARM_ARM","gir",-0.6048
"jfodr","BAL_RUS","gir",-0.6048
"jfodr","BLA_RUS","gir",-0.6048
"jfodr","BLA_UKR","gir",-0.6048
"jfodr","CAL_USA","gir",-0.72
"jfodr","CAN_CAN","gir",-0.9408
"jfodr","CAU_AUS","gir",-0.8352
"jfodr","CHC_CHL","gir",-0.8352
"jfodr","CHU_KAZ","gir",-0.6048
"jfodr","CHU_KGZ","gir",-0.6048
"jfodr","COB_USA","gir",-0.72
"jfodr","COL_USA","gir",-0.72
"jfodr","CRI_CRI","gir",-0.8352
"jfodr","DAN_AUT","gir",-1.0368
"jfodr","DAN_BGR","gir",-0.8064
"jfodr","DAN_OBN","gir",-0.8064
"jfodr","DAN_ROU","gir",-0.8064
"jfodr","DAN_SVK","gir",-0.8064
"jfodr","DAN_SVN","gir",-0.6048
"jfodr","DAN_UKR","gir",-0.6048
"jfodr","DNI_RUS","gir",-0.6048
"jfodr","DNI_UKR","gir",-0.6048
"jfodr","DOM_DOM","gir",-0.8352
"jfodr","EAU_AUS","gir",-0.8352
"jfodr","ELB_DNK","gir",-1.0368
"jfodr","EME_CYP","gir",-0.72
"jfodr","EME_EGY","gir",-0.7776
"jfodr","EME_SYR","gir",-0.72
"jfodr","GAN_NPL","gir",-0.5184
"jfodr","GBA_USA","gir",-0.72
"jfodr","GEO_GEO","gir",-0.6048
"jfodr","GLA_USA","gir",-0.72
"jfodr","GRC_GRC","gir",-0.8064
"jfodr","HWI_USA","gir",-0.72
"jfodr","IND_PAK","gir",-0.6336
"jfodr","ITA_ITP","gir",-1.0368
"jfodr","JAM_JAM","gir",-0.4608
"jfodr","KAL_ZAF","gir",-0.8064
"jfodr","LBA_KAZ","gir",-0.6048
"jfodr","LBO_FRP","gir",-1.0368
"jfodr","LIM_BWA","gir",-0.5568
"jfodr","LIM_ZAF","gir",-0.8064
"jfodr","LIM_ZWE","gir",-0.9048
"jfodr","LMO_MNG","gir",-0.4608
"jfodr","LTZ_KAZ","gir",-0.6048
"jfodr","MAU_AUS","gir",-0.8352
"jfodr","MIS_USA","gir",-0.72
"jfodr","MOU_USA","gir",-0.72
"jfodr","NAC_EGY","gir",-0.7776
"jfodr","NAC_LBY","gir",-0.72
"jfodr","NER_RUS","gir",-0.6048
"jfodr","NIC_NIC","gir",-0.8352
"jfodr","NLL_EGY","gir",-0.7776
"jfodr","NWA_MOR","gir",-0.72
"jfodr","NZE_NZL","gir",-0.8064
"jfodr","OBB_KAZ","gir",-0.6048
"jfodr","OBB_RUS","gir",-0.6048
"jfodr","ODE_RUS","gir",-0.6048
"jfodr","OHI_USA","gir",-0.72
"jfodr","ORA_NAM","gir",-0.5568
"jfodr","ORA_ZAF","gir",-0.8064
"jfodr","PAN_PAN","gir",-0.8352
"jfodr","PEC_PER","gir",-0.8352
"jfodr","RAP_RAP","gir",-0.72
"jfodr","RHI_BLX","gir",-1.0368
"jfodr","RHI_FRP","gir",-1.0368
"jfodr","RHO_FRP","gir",-1.0368
"jfodr","RIG_MEX","gir",-0.864
"jfodr","RIG_USA","gir",-0.72
"jfodr","RRS_RUS","gir",-0.6048
"jfodr","RWI_CAN","gir",-0.9408
"jfodr","RWI_USA","gir",-0.72
"jfodr","SAC_ZAF","gir",-0.8064
"jfodr","SAH_EGY","gir",-0.7776
"jfodr","SAH_LBY","gir",-0.72
"jfodr","SAH_MOR","gir",-0.72
"jfodr","SAU_SAU","gir",-0.72
"jfodr","SEI_FRP","gir",-1.0368
"jfodr","SEU_USA","gir",-0.72
"jfodr","SKP_KOR","gir",-0.5472
"jfodr","SPP_SPP","gir",-1.0368
"jfodr","SYD_KAZ","gir",-0.6048
"jfodr","SYD_KGZ","gir",-0.6048
"jfodr","SYD_UZB","gir",-0.6048
"jfodr","TIE_ARG","gir",-0.9216
"jfodr","TIG_IRN","gir",-0.72
"jfodr","TIG_SYR","gir",-0.72
"jfodr","UME_MEX","gir",-0.864
"jfodr","UMO_MNG","gir",-0.4608
"jfodr","UMO_RUS","gir",-0.6048
"jfodr","URA_KAZ","gir",-0.6048
"jfodr","URA_RUS","gir",-0.6048
"jfodr","URU_URY","gir",-0.8352
"jfodr","USN_USA","gir",-0.72
"jfodr","VOG_RUS","gir",-0.6048
"jfodr","WAI_IRN","gir",-0.72
"jfodr","WAI_TKM","gir",-0.6048
"jfodr","WAU_AUS","gir",-0.8352
"jfodr","WGM_USA","gir",-0.72
"jfodr","YEM_YEM","gir",-0.72
"jfodr","YEN_RUS","gir",-0.6048
"jpstr","ALK_USA","gir",-0.72
"jpstr","AMA_BRA","gir",-0.864
"jpstr","AMD_TJK","gir",-0.6048
"jpstr","AMD_TKM","gir",-0.6048
"jpstr","AMD_UZB","gir",-0.6048
"jpstr","AMR_CHM","gir",-0.5184
"jpstr","AMR_RUS","gir",-0.6048
"jpstr","ARK_USA","gir",-0.72
"jpstr","BAL_BLT","gir",-0.6048
"jpstr","BAL_RUS","gir",-0.6048
"jpstr","BLA_RUS","gir",-0.6048
"jpstr","BLA_TUR","gir",-0.864
"jpstr","BLA_UKR","gir",-0.6048
"jpstr","CAL_USA","gir",-0.72
"jpstr","CAU_AUS","gir",-0.8352
"jpstr","CHC_CHL","gir",-0.8352
"jpstr","CHU_KAZ","gir",-0.6048
"jpstr","CHU_KGZ","gir",-0.6048
"jpstr","COB_USA","gir",-0.72
"jpstr","COL_USA","gir",-0.72
"jpstr","CRI_CRI","gir",-0.8352
"jpstr","DAN_HUN","gir",-0.8064
"jpstr","DAN_MDA","gir",-0.8064
"jpstr","DAN_OBN","gir",-0.8064
"jpstr","DAN_SVN","gir",-0.6048
"jpstr","DAN_TUR","gir",-0.864
"jpstr","DAN_UKR","gir",-0.6048
"jpstr","DNI_BLR","gir",-0.6048
"jpstr","DNI_RUS","gir",-0.6048
"jpstr","DNI_UKR","gir",-0.6048
"jpstr","EAU_AUS","gir",-0.8352
"jpstr","EME_TUR","gir",-0.864
"jpstr","GBA_USA","gir",-0.72
"jpstr","GLA_USA","gir",-0.72
"jpstr","GRC_GRC","gir",-0.8064
"jpstr","HWI_USA","gir",-0.72
"jpstr","ITA_ITP","gir",-1.0368
"jpstr","JAP_JPN","gir",-0.7488
"jpstr","LBA_KAZ","gir",-0.6048
"jpstr","LBO_FRP","gir",-1.0368
"jpstr","LTZ_KAZ","gir",-0.6048
"jpstr","MAU_AUS","gir",-0.8352
"jpstr","MIS_USA","gir",-0.72
"jpstr","MOU_USA","gir",-0.72
"jpstr","NAC_DZA","gir",-0.72
"jpstr","NAC_TUN","gir",-0.72
"jpstr","NER_RUS","gir",-0.6048
"jpstr","NWA_MOR","gir",-0.72
"jpstr","NZE_NZL","gir",-0.8064
"jpstr","OBB_KAZ","gir",-0.6048
"jpstr","OBB_RUS","gir",-0.6048
"jpstr","ODE_POL","gir",-0.8064
"jpstr","ODE_RUS","gir",-0.6048
"jpstr","OHI_USA","gir",-0.72
"jpstr","ORI_VEN","gir",-0.8352
"jpstr","PAN_PAN","gir",-0.8352
"jpstr","PAR_BRA","gir",-0.864
"jpstr","PRT_PRT","gir",-1.0368
"jpstr","RAP_RAP","gir",-0.72
"jpstr","RHI_CHP","gir",-1.0368
"jpstr","RHI_DEU","gir",-1.0368
"jpstr","RHI_FRP","gir",-1.0368
"jpstr","RHI_NLD","gir",-1.0368
"jpstr","RHO_FRP","gir",-1.0368
"jpstr","RIG_MEX","gir",-0.864
"jpstr","RIG_USA","gir",-0.72
"jpstr","RRS_RUS","gir",-0.6048
"jpstr","RVE_VEN","gir",-0.8352
"jpstr","RWI_USA","gir",-0.72
"jpstr","SAH_MOR","gir",-0.72
"jpstr","SEI_FRP","gir",-1.0368
"jpstr","SEU_USA","gir",-0.72
"jpstr","SLV_SLV","gir",-0.8352
"jpstr","SPP_SPP","gir",-1.0368
"jpstr","SWE_SWE","gir",-1.0368
"jpstr","SYD_KAZ","gir",-0.6048
"jpstr","SYD_KGZ","gir",-0.6048
"jpstr","SYD_UZB","gir",-0.6048
"jpstr","TIG_TUR","gir",-0.864
"jpstr","UKP_UKP","gir",-1.0368
"jpstr","UME_MEX","gir",-0.864
"jpstr","UMO_RUS","gir",-0.6048
"jpstr","URA_KAZ","gir",-0.6048
"jpstr","URA_RUS","gir",-0.6048
"jpstr","URU_BRA","gir",-0.864
"jpstr","URU_URY","gir",-0.8352
"jpstr","USN_USA","gir",-0.72
"jpstr","VOG_RUS","gir",-0.6048
"jpstr","WAI_TKM","gir",-0.6048
"jpstr","WAU_AUS","gir",-0.8352
"jpstr","WGM_USA","gir",-0.72
"jpstr","YEN_RUS","gir",-0.6048
