"JJJ","FPU","LND","Val"
"jbarl","ALB_ALB","air",0.1
"jbarl","ALB_ALB","arf",0.1
"jbarl","ALK_USA","air",0.09
"jbarl","ALK_USA","arf",0.09
"jbarl","AMA_BOL","air",0.12
"jbarl","AMA_BOL","arf",0.12
"jbarl","AMA_BRA","air",0.1
"jbarl","AMA_BRA","arf",0.1
"jbarl","AMA_COL","air",0.11
"jbarl","AMA_COL","arf",0.11
"jbarl","AMA_ECU","air",0.12
"jbarl","AMA_ECU","arf",0.12
"jbarl","AMA_PER","air",0.12
"jbarl","AMA_PER","arf",0.12
"jbarl","AMD_AFG","air",0.12
"jbarl","AMD_AFG","arf",0.12
"jbarl","AMD_TJK","air",0.13
"jbarl","AMD_TJK","arf",0.13
"jbarl","AMD_TKM","air",0.13
"jbarl","AMD_TKM","arf",0.13
"jbarl","AMD_UZB","air",0.13
"jbarl","AMD_UZB","arf",0.13
"jbarl","AMR_CHM","air",0.11
"jbarl","AMR_CHM","arf",0.11
"jbarl","AMR_RUS","air",0.09
"jbarl","AMR_RUS","arf",0.09
"jbarl","ARA_IRQ","air",0.08
"jbarl","ARA_IRQ","arf",0.08
"jbarl","ARK_USA","air",0.09
"jbarl","ARK_USA","arf",0.09
"jbarl","ARM_ARM","air",0.09
"jbarl","ARM_ARM","arf",0.09
"jbarl","AZE_AZE","air",0.09
"jbarl","AZE_AZE","arf",0.09
"jbarl","BAL_BLT","air",0.09
"jbarl","BAL_BLT","arf",0.09
"jbarl","BAL_RUS","air",0.09
"jbarl","BAL_RUS","arf",0.09
"jbarl","BLA_RUS","air",0.09
"jbarl","BLA_RUS","arf",0.09
"jbarl","BLA_TUR","air",0.1
"jbarl","BLA_TUR","arf",0.1
"jbarl","BLA_UKR","air",0.09
"jbarl","BLA_UKR","arf",0.09
"jbarl","BRT_BGD","air",0.14
"jbarl","BRT_BGD","arf",0.14
"jbarl","BRT_BTN","air",0.12
"jbarl","BRT_BTN","arf",0.12
"jbarl","BRT_CHM","air",0.11
"jbarl","BRT_CHM","arf",0.11
"jbarl","BRT_IND","air",0.13
"jbarl","BRT_IND","arf",0.13
"jbarl","CAL_USA","air",0.09
"jbarl","CAL_USA","arf",0.09
"jbarl","CAN_CAN","air",0.11
"jbarl","CAN_CAN","arf",0.11
"jbarl","CAU_AUS","air",0.08
"jbarl","CAU_AUS","arf",0.08
"jbarl","CAV_IND","air",0.13
"jbarl","CAV_IND","arf",0.13
"jbarl","CHC_CHL","air",0.12
"jbarl","CHC_CHL","arf",0.12
"jbarl","CHJ_CHM","air",0.11
"jbarl","CHJ_CHM","arf",0.11
"jbarl","CHO_IND","air",0.13
"jbarl","CHO_IND","arf",0.13
"jbarl","CHU_KAZ","air",0.13
"jbarl","CHU_KAZ","arf",0.13
"jbarl","CHU_KGZ","air",0.13
"jbarl","CHU_KGZ","arf",0.13
"jbarl","COB_CAN","air",0.11
"jbarl","COB_CAN","arf",0.11
"jbarl","COB_USA","air",0.09
"jbarl","COB_USA","arf",0.09
"jbarl","COL_USA","air",0.09
"jbarl","COL_USA","arf",0.09
"jbarl","CON_COD","air",0.13
"jbarl","CON_COD","arf",0.13
"jbarl","DAN_AUT","air",0.08
"jbarl","DAN_AUT","arf",0.08
"jbarl","DAN_BGR","air",0.1
"jbarl","DAN_BGR","arf",0.1
"jbarl","DAN_CZE","air",0.1
"jbarl","DAN_CZE","arf",0.1
"jbarl","DAN_DEU","air",0.08
"jbarl","DAN_DEU","arf",0.08
"jbarl","DAN_HRV","air",0.1
"jbarl","DAN_HRV","arf",0.1
"jbarl","DAN_HUN","air",0.1
"jbarl","DAN_HUN","arf",0.1
"jbarl","DAN_MDA","air",0.1
"jbarl","DAN_MDA","arf",0.1
"jbarl","DAN_OBN","air",0.1
"jbarl","DAN_OBN","arf",0.1
"jbarl","DAN_ROU","air",0.1
"jbarl","DAN_ROU","arf",0.1
"jbarl","DAN_SVK","air",0.1
"jbarl","DAN_SVK","arf",0.1
"jbarl","DAN_SVN","air",0.1
"jbarl","DAN_SVN","arf",0.1
"jbarl","DAN_TUR","air",0.1
"jbarl","DAN_TUR","arf",0.1
"jbarl","DAN_UKR","air",0.09
"jbarl","DAN_UKR","arf",0.09
"jbarl","DNI_BLR","air",0.09
"jbarl","DNI_BLR","arf",0.09
"jbarl","DNI_RUS","air",0.09
"jbarl","DNI_RUS","arf",0.09
"jbarl","DNI_UKR","air",0.09
"jbarl","DNI_UKR","arf",0.09
"jbarl","EAC_COD","air",0.13
"jbarl","EAC_COD","arf",0.13
"jbarl","EAC_TZA","air",0.16
"jbarl","EAC_TZA","arf",0.16
"jbarl","EAU_AUS","air",0.08
"jbarl","EAU_AUS","arf",0.08
"jbarl","EGH_IND","air",0.13
"jbarl","EGH_IND","arf",0.13
"jbarl","ELB_DEU","air",0.08
"jbarl","ELB_DEU","arf",0.08
"jbarl","ELB_DNK","air",0.08
"jbarl","ELB_DNK","arf",0.08
"jbarl","EME_CYP","air",0.08
"jbarl","EME_CYP","arf",0.08
"jbarl","EME_EGY","air",0.11
"jbarl","EME_EGY","arf",0.11
"jbarl","EME_ISR","air",0.11
"jbarl","EME_ISR","arf",0.11
"jbarl","EME_JOR","air",0.08
"jbarl","EME_JOR","arf",0.08
"jbarl","EME_LBN","air",0.08
"jbarl","EME_LBN","arf",0.08
"jbarl","EME_PSE","air",0.13
"jbarl","EME_PSE","arf",0.13
"jbarl","EME_SYR","air",0.08
"jbarl","EME_SYR","arf",0.08
"jbarl","EME_TUR","air",0.1
"jbarl","EME_TUR","arf",0.1
"jbarl","FNP_FNP","air",0.08
"jbarl","FNP_FNP","arf",0.08
"jbarl","GAN_BGD","air",0.14
"jbarl","GAN_BGD","arf",0.14
"jbarl","GAN_CHM","air",0.11
"jbarl","GAN_CHM","arf",0.11
"jbarl","GAN_IND","air",0.13
"jbarl","GAN_IND","arf",0.13
"jbarl","GAN_NPL","air",0.12
"jbarl","GAN_NPL","arf",0.12
"jbarl","GBA_USA","air",0.09
"jbarl","GBA_USA","arf",0.09
"jbarl","GEO_GEO","air",0.09
"jbarl","GEO_GEO","arf",0.09
"jbarl","GLA_CAN","air",0.11
"jbarl","GLA_CAN","arf",0.11
"jbarl","GLA_USA","air",0.09
"jbarl","GLA_USA","arf",0.09
"jbarl","GOD_IND","air",0.13
"jbarl","GOD_IND","arf",0.13
"jbarl","GRC_GRC","air",0.1
"jbarl","GRC_GRC","arf",0.1
"jbarl","GTM_GTM","air",0.12
"jbarl","GTM_GTM","arf",0.12
"jbarl","HAI_CHM","air",0.11
"jbarl","HAI_CHM","arf",0.11
"jbarl","HOA_ETH","air",0.13
"jbarl","HOA_ETH","arf",0.13
"jbarl","HOA_KEN","air",0.16
"jbarl","HOA_KEN","arf",0.16
"jbarl","HUA_CHM","air",0.11
"jbarl","HUA_CHM","arf",0.11
"jbarl","HUN_CHM","air",0.11
"jbarl","HUN_CHM","arf",0.11
"jbarl","HWI_USA","air",0.09
"jbarl","HWI_USA","arf",0.09
"jbarl","IEC_IND","air",0.13
"jbarl","IEC_IND","arf",0.13
"jbarl","IND_CHM","air",0.11
"jbarl","IND_CHM","arf",0.11
"jbarl","IND_IND","air",0.13
"jbarl","IND_IND","arf",0.13
"jbarl","IND_PAK","air",0.11
"jbarl","IND_PAK","arf",0.11
"jbarl","IRL_IRL","air",0.08
"jbarl","IRL_IRL","arf",0.08
"jbarl","ISL_ISL","air",0.08
"jbarl","ISL_ISL","arf",0.08
"jbarl","ITA_ITP","air",0.08
"jbarl","ITA_ITP","arf",0.08
"jbarl","JAP_JPN","air",0.08
"jbarl","JAP_JPN","arf",0.08
"jbarl","KAL_ZAF","air",0.11
"jbarl","KAL_ZAF","arf",0.11
"jbarl","KRI_IND","air",0.13
"jbarl","KRI_IND","arf",0.13
"jbarl","LAJ_CHM","air",0.11
"jbarl","LAJ_CHM","arf",0.11
"jbarl","LBA_KAZ","air",0.13
"jbarl","LBA_KAZ","arf",0.13
"jbarl","LBO_FRP","air",0.08
"jbarl","LBO_FRP","arf",0.08
"jbarl","LIM_ZAF","air",0.11
"jbarl","LIM_ZAF","arf",0.11
"jbarl","LIM_ZWE","air",0.16
"jbarl","LIM_ZWE","arf",0.16
"jbarl","LMO_CHM","air",0.11
"jbarl","LMO_CHM","arf",0.11
"jbarl","LMO_MNG","air",0.12
"jbarl","LMO_MNG","arf",0.12
"jbarl","LTZ_KAZ","air",0.13
"jbarl","LTZ_KAZ","arf",0.13
"jbarl","LUN_IND","air",0.13
"jbarl","LUN_IND","arf",0.13
"jbarl","MAT_IND","air",0.13
"jbarl","MAT_IND","arf",0.13
"jbarl","MAU_AUS","air",0.08
"jbarl","MAU_AUS","arf",0.08
"jbarl","MCK_CAN","air",0.11
"jbarl","MCK_CAN","arf",0.11
"jbarl","MEK_THA","air",0.1
"jbarl","MEK_THA","arf",0.1
"jbarl","MHN_IND","air",0.13
"jbarl","MHN_IND","arf",0.13
"jbarl","MIM_MEX","air",0.11
"jbarl","MIM_MEX","arf",0.11
"jbarl","MIS_USA","air",0.09
"jbarl","MIS_USA","arf",0.09
"jbarl","MOU_USA","air",0.09
"jbarl","MOU_USA","arf",0.09
"jbarl","NAC_DZA","air",0.08
"jbarl","NAC_DZA","arf",0.08
"jbarl","NAC_EGY","air",0.11
"jbarl","NAC_EGY","arf",0.11
"jbarl","NAC_LBY","air",0.08
"jbarl","NAC_LBY","arf",0.08
"jbarl","NAC_TUN","air",0.08
"jbarl","NAC_TUN","arf",0.08
"jbarl","NEB_BRA","air",0.1
"jbarl","NEB_BRA","arf",0.1
"jbarl","NER_RUS","air",0.09
"jbarl","NER_RUS","arf",0.09
"jbarl","NKP_PRK","air",0.12
"jbarl","NKP_PRK","arf",0.12
"jbarl","NLL_EGY","air",0.11
"jbarl","NLL_EGY","arf",0.11
"jbarl","NLL_ERI","air",0.13
"jbarl","NLL_ERI","arf",0.13
"jbarl","NLL_ETH","air",0.13
"jbarl","NLL_ETH","arf",0.13
"jbarl","NOR_NOR","air",0.08
"jbarl","NOR_NOR","arf",0.08
"jbarl","NWA_MOR","air",0.08
"jbarl","NWA_MOR","arf",0.08
"jbarl","NWA_MRT","air",0.13
"jbarl","NWA_MRT","arf",0.13
"jbarl","NWS_COL","air",0.11
"jbarl","NWS_COL","arf",0.11
"jbarl","NWS_ECU","air",0.12
"jbarl","NWS_ECU","arf",0.12
"jbarl","NZE_NZL","air",0.11
"jbarl","NZE_NZL","arf",0.11
"jbarl","OBB_CHM","air",0.11
"jbarl","OBB_CHM","arf",0.11
"jbarl","OBB_KAZ","air",0.13
"jbarl","OBB_KAZ","arf",0.13
"jbarl","OBB_RUS","air",0.09
"jbarl","OBB_RUS","arf",0.09
"jbarl","ODE_DEU","air",0.08
"jbarl","ODE_DEU","arf",0.08
"jbarl","ODE_POL","air",0.1
"jbarl","ODE_POL","arf",0.1
"jbarl","ODE_RUS","air",0.09
"jbarl","ODE_RUS","arf",0.09
"jbarl","OHI_USA","air",0.09
"jbarl","OHI_USA","arf",0.09
"jbarl","ORA_LSO","air",0.16
"jbarl","ORA_LSO","arf",0.16
"jbarl","ORA_ZAF","air",0.11
"jbarl","ORA_ZAF","arf",0.11
"jbarl","ORI_COL","air",0.11
"jbarl","ORI_COL","arf",0.11
"jbarl","PAR_ARG","air",0.06
"jbarl","PAR_ARG","arf",0.06
"jbarl","PAR_BOL","air",0.12
"jbarl","PAR_BOL","arf",0.12
"jbarl","PAR_BRA","air",0.1
"jbarl","PAR_BRA","arf",0.1
"jbarl","PEC_PER","air",0.12
"jbarl","PEC_PER","arf",0.12
"jbarl","PRT_PRT","air",0.08
"jbarl","PRT_PRT","arf",0.08
"jbarl","RAP_RAP","air",0.08
"jbarl","RAP_RAP","arf",0.08
"jbarl","RHI_BLX","air",0.08
"jbarl","RHI_BLX","arf",0.08
"jbarl","RHI_CHP","air",0.08
"jbarl","RHI_CHP","arf",0.08
"jbarl","RHI_DEU","air",0.08
"jbarl","RHI_DEU","arf",0.08
"jbarl","RHI_FRP","air",0.08
"jbarl","RHI_FRP","arf",0.08
"jbarl","RHI_NLD","air",0.08
"jbarl","RHI_NLD","arf",0.08
"jbarl","RHO_FRP","air",0.08
"jbarl","RHO_FRP","arf",0.08
"jbarl","RIC_ARG","air",0.06
"jbarl","RIC_ARG","arf",0.06
"jbarl","RIG_MEX","air",0.11
"jbarl","RIG_MEX","arf",0.11
"jbarl","RIG_USA","air",0.09
"jbarl","RIG_USA","arf",0.09
"jbarl","RRS_RUS","air",0.09
"jbarl","RRS_RUS","arf",0.09
"jbarl","RWI_CAN","air",0.11
"jbarl","RWI_CAN","arf",0.11
"jbarl","RWI_USA","air",0.09
"jbarl","RWI_USA","arf",0.09
"jbarl","SAC_ZAF","air",0.11
"jbarl","SAC_ZAF","arf",0.11
"jbarl","SAF_TZA","air",0.16
"jbarl","SAF_TZA","arf",0.16
"jbarl","SAF_ZWE","air",0.16
"jbarl","SAF_ZWE","arf",0.16
"jbarl","SAH_DZA","air",0.08
"jbarl","SAH_DZA","arf",0.08
"jbarl","SAH_EGY","air",0.11
"jbarl","SAH_EGY","arf",0.11
"jbarl","SAH_LBY","air",0.08
"jbarl","SAH_LBY","arf",0.08
"jbarl","SAH_MOR","air",0.08
"jbarl","SAH_MOR","arf",0.08
"jbarl","SAH_MRT","air",0.13
"jbarl","SAH_MRT","arf",0.13
"jbarl","SAL_ARG","air",0.06
"jbarl","SAL_ARG","arf",0.06
"jbarl","SAN_BRA","air",0.1
"jbarl","SAN_BRA","arf",0.1
"jbarl","SAU_SAU","air",0.08
"jbarl","SAU_SAU","arf",0.08
"jbarl","SAY_IND","air",0.13
"jbarl","SAY_IND","arf",0.13
"jbarl","SEI_FRP","air",0.08
"jbarl","SEI_FRP","arf",0.08
"jbarl","SEN_MRT","air",0.13
"jbarl","SEN_MRT","arf",0.13
"jbarl","SEU_USA","air",0.09
"jbarl","SEU_USA","arf",0.09
"jbarl","SKP_KOR","air",0.1
"jbarl","SKP_KOR","arf",0.1
"jbarl","SON_CHM","air",0.11
"jbarl","SON_CHM","arf",0.11
"jbarl","SPP_SPP","air",0.08
"jbarl","SPP_SPP","arf",0.08
"jbarl","SWE_SWE","air",0.08
"jbarl","SWE_SWE","arf",0.08
"jbarl","SYD_KAZ","air",0.13
"jbarl","SYD_KAZ","arf",0.13
"jbarl","SYD_KGZ","air",0.13
"jbarl","SYD_KGZ","arf",0.13
"jbarl","SYD_TJK","air",0.13
"jbarl","SYD_TJK","arf",0.13
"jbarl","SYD_UZB","air",0.13
"jbarl","SYD_UZB","arf",0.13
"jbarl","TIE_ARG","air",0.06
"jbarl","TIE_ARG","arf",0.06
"jbarl","TIG_IRN","air",0.08
"jbarl","TIG_IRN","arf",0.08
"jbarl","TIG_IRQ","air",0.08
"jbarl","TIG_IRQ","arf",0.08
"jbarl","TIG_SYR","air",0.08
"jbarl","TIG_SYR","arf",0.08
"jbarl","TIG_TUR","air",0.1
"jbarl","TIG_TUR","arf",0.1
"jbarl","TMM_BGD","air",0.14
"jbarl","TMM_BGD","arf",0.14
"jbarl","TMM_THA","air",0.1
"jbarl","TMM_THA","arf",0.1
"jbarl","TOC_BRA","air",0.1
"jbarl","TOC_BRA","arf",0.1
"jbarl","TWN_CHM","air",0.11
"jbarl","TWN_CHM","arf",0.11
"jbarl","UKP_UKP","air",0.08
"jbarl","UKP_UKP","arf",0.08
"jbarl","UME_MEX","air",0.11
"jbarl","UME_MEX","arf",0.11
"jbarl","UMO_MNG","air",0.12
"jbarl","UMO_MNG","arf",0.12
"jbarl","UMO_RUS","air",0.09
"jbarl","UMO_RUS","arf",0.09
"jbarl","URA_KAZ","air",0.13
"jbarl","URA_KAZ","arf",0.13
"jbarl","URA_RUS","air",0.09
"jbarl","URA_RUS","arf",0.09
"jbarl","URA_TKM","air",0.13
"jbarl","URA_TKM","arf",0.13
"jbarl","URU_BRA","air",0.1
"jbarl","URU_BRA","arf",0.1
"jbarl","URU_URY","air",0.12
"jbarl","URU_URY","arf",0.12
"jbarl","USN_USA","air",0.09
"jbarl","USN_USA","arf",0.09
"jbarl","VOG_RUS","air",0.09
"jbarl","VOG_RUS","arf",0.09
"jbarl","WAI_AFG","air",0.12
"jbarl","WAI_AFG","arf",0.12
"jbarl","WAI_IRN","air",0.08
"jbarl","WAI_IRN","arf",0.08
"jbarl","WAI_PAK","air",0.11
"jbarl","WAI_PAK","arf",0.11
"jbarl","WAI_TKM","air",0.13
"jbarl","WAI_TKM","arf",0.13
"jbarl","WAU_AUS","air",0.08
"jbarl","WAU_AUS","arf",0.08
"jbarl","WGM_USA","air",0.09
"jbarl","WGM_USA","arf",0.09
"jbarl","YEM_YEM","air",0.08
"jbarl","YEM_YEM","arf",0.08
"jbarl","YEN_RUS","air",0.09
"jbarl","YEN_RUS","arf",0.09
"jbarl","YHE_CHM","air",0.11
"jbarl","YHE_CHM","arf",0.11
"jbarl","YRD_CHM","air",0.11
"jbarl","YRD_CHM","arf",0.11
"jbarl","YUC_MEX","air",0.11
"jbarl","YUC_MEX","arf",0.11
"jbarl","ZAM_COD","air",0.13
"jbarl","ZAM_COD","arf",0.13
"jbarl","ZAM_TZA","air",0.16
"jbarl","ZAM_TZA","arf",0.16
"jbarl","ZAM_ZMB","air",0.16
"jbarl","ZAM_ZMB","arf",0.16
"jbarl","ZAM_ZWE","air",0.16
"jbarl","ZAM_ZWE","arf",0.16
"jbarl","ZHJ_CHM","air",0.11
"jbarl","ZHJ_CHM","arf",0.11
"jmaiz","ALB_ALB","air",0.15
"jmaiz","ALB_ALB","arf",0.15
"jmaiz","ALK_USA","air",0.21
"jmaiz","ALK_USA","arf",0.21
"jmaiz","AMA_BOL","air",0.15
"jmaiz","AMA_BOL","arf",0.15
"jmaiz","AMA_BRA","air",0.08
"jmaiz","AMA_BRA","arf",0.08
"jmaiz","AMA_COL","air",0.13
"jmaiz","AMA_COL","arf",0.13
"jmaiz","AMA_ECU","air",0.15
"jmaiz","AMA_ECU","arf",0.15
"jmaiz","AMA_PER","air",0.15
"jmaiz","AMA_PER","arf",0.15
"jmaiz","AMD_AFG","air",0.15
"jmaiz","AMD_AFG","arf",0.15
"jmaiz","AMD_TJK","air",0.19
"jmaiz","AMD_TJK","arf",0.19
"jmaiz","AMD_TKM","air",0.19
"jmaiz","AMD_TKM","arf",0.19
"jmaiz","AMD_UZB","air",0.19
"jmaiz","AMD_UZB","arf",0.19
"jmaiz","AMR_CHM","air",0.14
"jmaiz","AMR_CHM","arf",0.14
"jmaiz","AMR_RUS","air",0.13
"jmaiz","AMR_RUS","arf",0.13
"jmaiz","ARA_IRQ","air",0.11
"jmaiz","ARA_IRQ","arf",0.11
"jmaiz","ARK_USA","air",0.21
"jmaiz","ARK_USA","arf",0.21
"jmaiz","ARM_ARM","air",0.13
"jmaiz","ARM_ARM","arf",0.13
"jmaiz","AZE_AZE","air",0.13
"jmaiz","AZE_AZE","arf",0.13
"jmaiz","BAL_BLT","air",0.13
"jmaiz","BAL_BLT","arf",0.13
"jmaiz","BAL_RUS","air",0.13
"jmaiz","BAL_RUS","arf",0.13
"jmaiz","BLA_RUS","air",0.13
"jmaiz","BLA_RUS","arf",0.13
"jmaiz","BLA_TUR","air",0.12
"jmaiz","BLA_TUR","arf",0.12
"jmaiz","BLA_UKR","air",0.13
"jmaiz","BLA_UKR","arf",0.13
"jmaiz","BLZ_BLZ","air",0.15
"jmaiz","BLZ_BLZ","arf",0.15
"jmaiz","BOR_IDN","air",0.11
"jmaiz","BOR_IDN","arf",0.11
"jmaiz","BOR_MYS","air",0.08
"jmaiz","BOR_MYS","arf",0.08
"jmaiz","BRT_BGD","air",0.17
"jmaiz","BRT_BGD","arf",0.17
"jmaiz","BRT_BTN","air",0.15
"jmaiz","BRT_BTN","arf",0.15
"jmaiz","BRT_CHM","air",0.14
"jmaiz","BRT_CHM","arf",0.14
"jmaiz","BRT_IND","air",0.16
"jmaiz","BRT_IND","arf",0.16
"jmaiz","CAF_AGO","air",0.2
"jmaiz","CAF_AGO","arf",0.2
"jmaiz","CAF_CAF","air",0.16
"jmaiz","CAF_CAF","arf",0.16
"jmaiz","CAF_CMR","air",0.16
"jmaiz","CAF_CMR","arf",0.16
"jmaiz","CAF_COG","air",0.16
"jmaiz","CAF_COG","arf",0.16
"jmaiz","CAF_GAB","air",0.16
"jmaiz","CAF_GAB","arf",0.16
"jmaiz","CAF_NAM","air",0.2
"jmaiz","CAF_NAM","arf",0.2
"jmaiz","CAL_USA","air",0.21
"jmaiz","CAL_USA","arf",0.21
"jmaiz","CAN_CAN","air",0.16
"jmaiz","CAN_CAN","arf",0.16
"jmaiz","CAU_AUS","air",0.12
"jmaiz","CAU_AUS","arf",0.12
"jmaiz","CAV_IND","air",0.16
"jmaiz","CAV_IND","arf",0.16
"jmaiz","CHC_CHL","air",0.15
"jmaiz","CHC_CHL","arf",0.15
"jmaiz","CHJ_CHM","air",0.14
"jmaiz","CHJ_CHM","arf",0.14
"jmaiz","CHO_IND","air",0.16
"jmaiz","CHO_IND","arf",0.16
"jmaiz","CHU_KAZ","air",0.19
"jmaiz","CHU_KAZ","arf",0.19
"jmaiz","CHU_KGZ","air",0.19
"jmaiz","CHU_KGZ","arf",0.19
"jmaiz","COB_CAN","air",0.16
"jmaiz","COB_CAN","arf",0.16
"jmaiz","COB_USA","air",0.21
"jmaiz","COB_USA","arf",0.21
"jmaiz","COL_USA","air",0.21
"jmaiz","COL_USA","arf",0.21
"jmaiz","CON_AGO","air",0.2
"jmaiz","CON_AGO","arf",0.2
"jmaiz","CON_CAF","air",0.16
"jmaiz","CON_CAF","arf",0.16
"jmaiz","CON_COD","air",0.16
"jmaiz","CON_COD","arf",0.16
"jmaiz","CON_COG","air",0.16
"jmaiz","CON_COG","arf",0.16
"jmaiz","CRB_CRB","air",0.14
"jmaiz","CRB_CRB","arf",0.14
"jmaiz","CRI_CRI","air",0.15
"jmaiz","CRI_CRI","arf",0.15
"jmaiz","CUB_CUB","air",0.15
"jmaiz","CUB_CUB","arf",0.15
"jmaiz","DAN_AUT","air",0.13
"jmaiz","DAN_AUT","arf",0.13
"jmaiz","DAN_BGR","air",0.15
"jmaiz","DAN_BGR","arf",0.15
"jmaiz","DAN_CZE","air",0.15
"jmaiz","DAN_CZE","arf",0.15
"jmaiz","DAN_DEU","air",0.13
"jmaiz","DAN_DEU","arf",0.13
"jmaiz","DAN_HRV","air",0.15
"jmaiz","DAN_HRV","arf",0.15
"jmaiz","DAN_HUN","air",0.15
"jmaiz","DAN_HUN","arf",0.15
"jmaiz","DAN_MDA","air",0.15
"jmaiz","DAN_MDA","arf",0.15
"jmaiz","DAN_OBN","air",0.15
"jmaiz","DAN_OBN","arf",0.15
"jmaiz","DAN_ROU","air",0.15
"jmaiz","DAN_ROU","arf",0.15
"jmaiz","DAN_SVK","air",0.15
"jmaiz","DAN_SVK","arf",0.15
"jmaiz","DAN_SVN","air",0.15
"jmaiz","DAN_SVN","arf",0.15
"jmaiz","DAN_TUR","air",0.12
"jmaiz","DAN_TUR","arf",0.12
"jmaiz","DAN_UKR","air",0.13
"jmaiz","DAN_UKR","arf",0.13
"jmaiz","DNI_BLR","air",0.13
"jmaiz","DNI_BLR","arf",0.13
"jmaiz","DNI_RUS","air",0.13
"jmaiz","DNI_RUS","arf",0.13
"jmaiz","DNI_UKR","air",0.13
"jmaiz","DNI_UKR","arf",0.13
"jmaiz","DOM_DOM","air",0.15
"jmaiz","DOM_DOM","arf",0.15
"jmaiz","EAC_BDI","air",0.2
"jmaiz","EAC_BDI","arf",0.2
"jmaiz","EAC_COD","air",0.16
"jmaiz","EAC_COD","arf",0.16
"jmaiz","EAC_RWA","air",0.2
"jmaiz","EAC_RWA","arf",0.2
"jmaiz","EAC_TZA","air",0.2
"jmaiz","EAC_TZA","arf",0.2
"jmaiz","EAU_AUS","air",0.12
"jmaiz","EAU_AUS","arf",0.12
"jmaiz","EGH_IND","air",0.16
"jmaiz","EGH_IND","arf",0.16
"jmaiz","ELB_DEU","air",0.13
"jmaiz","ELB_DEU","arf",0.13
"jmaiz","ELB_DNK","air",0.13
"jmaiz","ELB_DNK","arf",0.13
"jmaiz","EME_EGY","air",0.15
"jmaiz","EME_EGY","arf",0.15
"jmaiz","EME_ISR","air",0.16
"jmaiz","EME_ISR","arf",0.16
"jmaiz","EME_LBN","air",0.11
"jmaiz","EME_LBN","arf",0.11
"jmaiz","EME_SYR","air",0.11
"jmaiz","EME_SYR","arf",0.11
"jmaiz","EME_TUR","air",0.12
"jmaiz","EME_TUR","arf",0.12
"jmaiz","FJI_FJI","air",0.14
"jmaiz","FJI_FJI","arf",0.14
"jmaiz","GAN_BGD","air",0.17
"jmaiz","GAN_BGD","arf",0.17
"jmaiz","GAN_CHM","air",0.14
"jmaiz","GAN_CHM","arf",0.14
"jmaiz","GAN_IND","air",0.16
"jmaiz","GAN_IND","arf",0.16
"jmaiz","GAN_NPL","air",0.15
"jmaiz","GAN_NPL","arf",0.15
"jmaiz","GBA_USA","air",0.21
"jmaiz","GBA_USA","arf",0.21
"jmaiz","GEO_GEO","air",0.13
"jmaiz","GEO_GEO","arf",0.13
"jmaiz","GLA_CAN","air",0.16
"jmaiz","GLA_CAN","arf",0.16
"jmaiz","GLA_USA","air",0.21
"jmaiz","GLA_USA","arf",0.21
"jmaiz","GOD_IND","air",0.16
"jmaiz","GOD_IND","arf",0.16
"jmaiz","GRC_GRC","air",0.15
"jmaiz","GRC_GRC","arf",0.15
"jmaiz","GSA_GSA","air",0.15
"jmaiz","GSA_GSA","arf",0.15
"jmaiz","GTM_GTM","air",0.15
"jmaiz","GTM_GTM","arf",0.15
"jmaiz","HAI_CHM","air",0.14
"jmaiz","HAI_CHM","arf",0.14
"jmaiz","HND_HND","air",0.15
"jmaiz","HND_HND","arf",0.15
"jmaiz","HOA_ETH","air",0.16
"jmaiz","HOA_ETH","arf",0.16
"jmaiz","HOA_KEN","air",0.2
"jmaiz","HOA_KEN","arf",0.2
"jmaiz","HOA_SOM","air",0.16
"jmaiz","HOA_SOM","arf",0.16
"jmaiz","HTI_HTI","air",0.15
"jmaiz","HTI_HTI","arf",0.15
"jmaiz","HUA_CHM","air",0.14
"jmaiz","HUA_CHM","arf",0.14
"jmaiz","HUN_CHM","air",0.14
"jmaiz","HUN_CHM","arf",0.14
"jmaiz","HWI_USA","air",0.21
"jmaiz","HWI_USA","arf",0.21
"jmaiz","IEC_IND","air",0.16
"jmaiz","IEC_IND","arf",0.16
"jmaiz","IND_CHM","air",0.14
"jmaiz","IND_CHM","arf",0.14
"jmaiz","IND_IND","air",0.16
"jmaiz","IND_IND","arf",0.16
"jmaiz","IND_PAK","air",0.13
"jmaiz","IND_PAK","arf",0.13
"jmaiz","INE_IDN","air",0.11
"jmaiz","INE_IDN","arf",0.11
"jmaiz","INW_IDN","air",0.11
"jmaiz","INW_IDN","arf",0.11
"jmaiz","ITA_ITP","air",0.13
"jmaiz","ITA_ITP","arf",0.13
"jmaiz","JAM_JAM","air",0.14
"jmaiz","JAM_JAM","arf",0.14
"jmaiz","JAP_JPN","air",0.13
"jmaiz","JAP_JPN","arf",0.13
"jmaiz","KAL_BWA","air",0.2
"jmaiz","KAL_BWA","arf",0.2
"jmaiz","KAL_NAM","air",0.2
"jmaiz","KAL_NAM","arf",0.2
"jmaiz","KAL_ZAF","air",0.16
"jmaiz","KAL_ZAF","arf",0.16
"jmaiz","KRI_IND","air",0.16
"jmaiz","KRI_IND","arf",0.16
"jmaiz","LAJ_CHM","air",0.14
"jmaiz","LAJ_CHM","arf",0.14
"jmaiz","LBA_KAZ","air",0.19
"jmaiz","LBA_KAZ","arf",0.19
"jmaiz","LBO_FRP","air",0.13
"jmaiz","LBO_FRP","arf",0.13
"jmaiz","LCB_CAF","air",0.16
"jmaiz","LCB_CAF","arf",0.16
"jmaiz","LCB_CMR","air",0.16
"jmaiz","LCB_CMR","arf",0.16
"jmaiz","LCB_NER","air",0.16
"jmaiz","LCB_NER","arf",0.16
"jmaiz","LCB_NGA","air",0.13
"jmaiz","LCB_NGA","arf",0.13
"jmaiz","LCB_TCD","air",0.16
"jmaiz","LCB_TCD","arf",0.16
"jmaiz","LIM_BWA","air",0.2
"jmaiz","LIM_BWA","arf",0.2
"jmaiz","LIM_MOZ","air",0.2
"jmaiz","LIM_MOZ","arf",0.2
"jmaiz","LIM_ZAF","air",0.16
"jmaiz","LIM_ZAF","arf",0.16
"jmaiz","LIM_ZWE","air",0.2
"jmaiz","LIM_ZWE","arf",0.2
"jmaiz","LMO_CHM","air",0.14
"jmaiz","LMO_CHM","arf",0.14
"jmaiz","LTZ_KAZ","air",0.19
"jmaiz","LTZ_KAZ","arf",0.19
"jmaiz","LUN_IND","air",0.16
"jmaiz","LUN_IND","arf",0.16
"jmaiz","MAD_MDG","air",0.2
"jmaiz","MAD_MDG","arf",0.2
"jmaiz","MAT_IND","air",0.16
"jmaiz","MAT_IND","arf",0.16
"jmaiz","MAU_AUS","air",0.12
"jmaiz","MAU_AUS","arf",0.12
"jmaiz","MCK_CAN","air",0.16
"jmaiz","MCK_CAN","arf",0.16
"jmaiz","MEK_KHM","air",0.11
"jmaiz","MEK_KHM","arf",0.11
"jmaiz","MEK_LAO","air",0.11
"jmaiz","MEK_LAO","arf",0.11
"jmaiz","MEK_MMR","air",0.11
"jmaiz","MEK_MMR","arf",0.11
"jmaiz","MEK_THA","air",0.12
"jmaiz","MEK_THA","arf",0.12
"jmaiz","MEK_VNM","air",0.13
"jmaiz","MEK_VNM","arf",0.13
"jmaiz","MHN_IND","air",0.16
"jmaiz","MHN_IND","arf",0.16
"jmaiz","MIM_MEX","air",0.14
"jmaiz","MIM_MEX","arf",0.14
"jmaiz","MIS_USA","air",0.21
"jmaiz","MIS_USA","arf",0.21
"jmaiz","MOU_USA","air",0.21
"jmaiz","MOU_USA","arf",0.21
"jmaiz","NAC_DZA","air",0.11
"jmaiz","NAC_DZA","arf",0.11
"jmaiz","NAC_EGY","air",0.15
"jmaiz","NAC_EGY","arf",0.15
"jmaiz","NAC_LBY","air",0.11
"jmaiz","NAC_LBY","arf",0.11
"jmaiz","NEB_BRA","air",0.08
"jmaiz","NEB_BRA","arf",0.08
"jmaiz","NER_RUS","air",0.13
"jmaiz","NER_RUS","arf",0.13
"jmaiz","NIC_NIC","air",0.15
"jmaiz","NIC_NIC","arf",0.15
"jmaiz","NIG_BEN","air",0.16
"jmaiz","NIG_BEN","arf",0.16
"jmaiz","NIG_BFA","air",0.16
"jmaiz","NIG_BFA","arf",0.16
"jmaiz","NIG_CIV","air",0.16
"jmaiz","NIG_CIV","arf",0.16
"jmaiz","NIG_CMR","air",0.16
"jmaiz","NIG_CMR","arf",0.16
"jmaiz","NIG_GIN","air",0.16
"jmaiz","NIG_GIN","arf",0.16
"jmaiz","NIG_MLI","air",0.16
"jmaiz","NIG_MLI","arf",0.16
"jmaiz","NIG_NER","air",0.16
"jmaiz","NIG_NER","arf",0.16
"jmaiz","NIG_NGA","air",0.13
"jmaiz","NIG_NGA","arf",0.13
"jmaiz","NIG_TCD","air",0.16
"jmaiz","NIG_TCD","arf",0.16
"jmaiz","NKP_PRK","air",0.15
"jmaiz","NKP_PRK","arf",0.15
"jmaiz","NLL_DJI","air",0.16
"jmaiz","NLL_DJI","arf",0.16
"jmaiz","NLL_EGY","air",0.15
"jmaiz","NLL_EGY","arf",0.15
"jmaiz","NLL_ERI","air",0.16
"jmaiz","NLL_ERI","arf",0.16
"jmaiz","NLL_ETH","air",0.16
"jmaiz","NLL_ETH","arf",0.16
"jmaiz","NLL_SDN","air",0.16
"jmaiz","NLL_SDN","arf",0.16
"jmaiz","NLL_UGA","air",0.2
"jmaiz","NLL_UGA","arf",0.2
"jmaiz","NWA_MOR","air",0.11
"jmaiz","NWA_MOR","arf",0.11
"jmaiz","NWA_MRT","air",0.16
"jmaiz","NWA_MRT","arf",0.16
"jmaiz","NWS_COL","air",0.13
"jmaiz","NWS_COL","arf",0.13
"jmaiz","NWS_ECU","air",0.15
"jmaiz","NWS_ECU","arf",0.15
"jmaiz","NZE_NZL","air",0.16
"jmaiz","NZE_NZL","arf",0.16
"jmaiz","OAO_OAO","air",0.14
"jmaiz","OAO_OAO","arf",0.14
"jmaiz","OBB_CHM","air",0.14
"jmaiz","OBB_CHM","arf",0.14
"jmaiz","OBB_KAZ","air",0.19
"jmaiz","OBB_KAZ","arf",0.19
"jmaiz","OBB_RUS","air",0.13
"jmaiz","OBB_RUS","arf",0.13
"jmaiz","ODE_DEU","air",0.13
"jmaiz","ODE_DEU","arf",0.13
"jmaiz","ODE_POL","air",0.15
"jmaiz","ODE_POL","arf",0.15
"jmaiz","ODE_RUS","air",0.13
"jmaiz","ODE_RUS","arf",0.13
"jmaiz","OHI_USA","air",0.21
"jmaiz","OHI_USA","arf",0.21
"jmaiz","OIO_OIO","air",0.14
"jmaiz","OIO_OIO","arf",0.14
"jmaiz","OPO_OPO","air",0.14
"jmaiz","OPO_OPO","arf",0.14
"jmaiz","ORA_LSO","air",0.2
"jmaiz","ORA_LSO","arf",0.2
"jmaiz","ORA_NAM","air",0.2
"jmaiz","ORA_NAM","arf",0.2
"jmaiz","ORA_ZAF","air",0.16
"jmaiz","ORA_ZAF","arf",0.16
"jmaiz","ORI_COL","air",0.13
"jmaiz","ORI_COL","arf",0.13
"jmaiz","ORI_VEN","air",0.15
"jmaiz","ORI_VEN","arf",0.15
"jmaiz","PAN_PAN","air",0.15
"jmaiz","PAN_PAN","arf",0.15
"jmaiz","PAO_PNG","air",0.14
"jmaiz","PAO_PNG","arf",0.14
"jmaiz","PAR_ARG","air",0.08
"jmaiz","PAR_ARG","arf",0.08
"jmaiz","PAR_BOL","air",0.15
"jmaiz","PAR_BOL","arf",0.15
"jmaiz","PAR_BRA","air",0.08
"jmaiz","PAR_BRA","arf",0.08
"jmaiz","PAR_PRY","air",0.15
"jmaiz","PAR_PRY","arf",0.15
"jmaiz","PEC_PER","air",0.15
"jmaiz","PEC_PER","arf",0.15
"jmaiz","PHI_PHL","air",0.11
"jmaiz","PHI_PHL","arf",0.11
"jmaiz","PRT_PRT","air",0.13
"jmaiz","PRT_PRT","arf",0.13
"jmaiz","RAP_RAP","air",0.11
"jmaiz","RAP_RAP","arf",0.11
"jmaiz","RHI_BLX","air",0.13
"jmaiz","RHI_BLX","arf",0.13
"jmaiz","RHI_CHP","air",0.13
"jmaiz","RHI_CHP","arf",0.13
"jmaiz","RHI_DEU","air",0.13
"jmaiz","RHI_DEU","arf",0.13
"jmaiz","RHI_FRP","air",0.13
"jmaiz","RHI_FRP","arf",0.13
"jmaiz","RHI_NLD","air",0.13
"jmaiz","RHI_NLD","arf",0.13
"jmaiz","RHO_FRP","air",0.13
"jmaiz","RHO_FRP","arf",0.13
"jmaiz","RIC_ARG","air",0.08
"jmaiz","RIC_ARG","arf",0.08
"jmaiz","RIG_MEX","air",0.14
"jmaiz","RIG_MEX","arf",0.14
"jmaiz","RIG_USA","air",0.21
"jmaiz","RIG_USA","arf",0.21
"jmaiz","RRS_RUS","air",0.13
"jmaiz","RRS_RUS","arf",0.13
"jmaiz","RVE_VEN","air",0.15
"jmaiz","RVE_VEN","arf",0.15
"jmaiz","RVN_VNM","air",0.13
"jmaiz","RVN_VNM","arf",0.13
"jmaiz","RWI_CAN","air",0.16
"jmaiz","RWI_CAN","arf",0.16
"jmaiz","RWI_USA","air",0.21
"jmaiz","RWI_USA","arf",0.21
"jmaiz","SAC_SWZ","air",0.2
"jmaiz","SAC_SWZ","arf",0.2
"jmaiz","SAC_ZAF","air",0.16
"jmaiz","SAC_ZAF","arf",0.16
"jmaiz","SAF_MOZ","air",0.2
"jmaiz","SAF_MOZ","arf",0.2
"jmaiz","SAF_TZA","air",0.2
"jmaiz","SAF_TZA","arf",0.2
"jmaiz","SAF_ZWE","air",0.2
"jmaiz","SAF_ZWE","arf",0.2
"jmaiz","SAH_DZA","air",0.11
"jmaiz","SAH_DZA","arf",0.11
"jmaiz","SAH_EGY","air",0.15
"jmaiz","SAH_EGY","arf",0.15
"jmaiz","SAH_LBY","air",0.11
"jmaiz","SAH_LBY","arf",0.11
"jmaiz","SAH_MLI","air",0.16
"jmaiz","SAH_MLI","arf",0.16
"jmaiz","SAH_MOR","air",0.11
"jmaiz","SAH_MOR","arf",0.11
"jmaiz","SAH_MRT","air",0.16
"jmaiz","SAH_MRT","arf",0.16
"jmaiz","SAH_NER","air",0.16
"jmaiz","SAH_NER","arf",0.16
"jmaiz","SAH_SDN","air",0.16
"jmaiz","SAH_SDN","arf",0.16
"jmaiz","SAH_TCD","air",0.16
"jmaiz","SAH_TCD","arf",0.16
"jmaiz","SAL_ARG","air",0.08
"jmaiz","SAL_ARG","arf",0.08
"jmaiz","SAN_BRA","air",0.08
"jmaiz","SAN_BRA","arf",0.08
"jmaiz","SAU_SAU","air",0.11
"jmaiz","SAU_SAU","arf",0.11
"jmaiz","SAY_IND","air",0.16
"jmaiz","SAY_IND","arf",0.16
"jmaiz","SEI_FRP","air",0.13
"jmaiz","SEI_FRP","arf",0.13
"jmaiz","SEN_GIN","air",0.16
"jmaiz","SEN_GIN","arf",0.16
"jmaiz","SEN_MLI","air",0.16
"jmaiz","SEN_MLI","arf",0.16
"jmaiz","SEN_MRT","air",0.16
"jmaiz","SEN_MRT","arf",0.16
"jmaiz","SEN_SEN","air",0.16
"jmaiz","SEN_SEN","arf",0.16
"jmaiz","SEU_USA","air",0.21
"jmaiz","SEU_USA","arf",0.21
"jmaiz","SKP_KOR","air",0.13
"jmaiz","SKP_KOR","arf",0.13
"jmaiz","SLV_SLV","air",0.15
"jmaiz","SLV_SLV","arf",0.15
"jmaiz","SON_CHM","air",0.14
"jmaiz","SON_CHM","arf",0.14
"jmaiz","SPP_SPP","air",0.13
"jmaiz","SPP_SPP","arf",0.13
"jmaiz","SRL_LKA","air",0.15
"jmaiz","SRL_LKA","arf",0.15
"jmaiz","SWE_SWE","air",0.13
"jmaiz","SWE_SWE","arf",0.13
"jmaiz","SYD_KAZ","air",0.19
"jmaiz","SYD_KAZ","arf",0.19
"jmaiz","SYD_KGZ","air",0.19
"jmaiz","SYD_KGZ","arf",0.19
"jmaiz","SYD_TJK","air",0.19
"jmaiz","SYD_TJK","arf",0.19
"jmaiz","SYD_UZB","air",0.19
"jmaiz","SYD_UZB","arf",0.19
"jmaiz","TIE_ARG","air",0.08
"jmaiz","TIE_ARG","arf",0.08
"jmaiz","TIG_IRN","air",0.11
"jmaiz","TIG_IRN","arf",0.11
"jmaiz","TIG_IRQ","air",0.11
"jmaiz","TIG_IRQ","arf",0.11
"jmaiz","TIG_SYR","air",0.11
"jmaiz","TIG_SYR","arf",0.11
"jmaiz","TIG_TUR","air",0.12
"jmaiz","TIG_TUR","arf",0.12
"jmaiz","TLS_TLS","air",0.14
"jmaiz","TLS_TLS","arf",0.14
"jmaiz","TMM_BGD","air",0.17
"jmaiz","TMM_BGD","arf",0.17
"jmaiz","TMM_MMR","air",0.11
"jmaiz","TMM_MMR","arf",0.11
"jmaiz","TMM_MYS","air",0.08
"jmaiz","TMM_MYS","arf",0.08
"jmaiz","TMM_THA","air",0.12
"jmaiz","TMM_THA","arf",0.12
"jmaiz","TOC_BRA","air",0.08
"jmaiz","TOC_BRA","arf",0.08
"jmaiz","TWN_CHM","air",0.14
"jmaiz","TWN_CHM","arf",0.14
"jmaiz","UME_MEX","air",0.14
"jmaiz","UME_MEX","arf",0.14
"jmaiz","UMO_RUS","air",0.13
"jmaiz","UMO_RUS","arf",0.13
"jmaiz","URA_KAZ","air",0.19
"jmaiz","URA_KAZ","arf",0.19
"jmaiz","URA_RUS","air",0.13
"jmaiz","URA_RUS","arf",0.13
"jmaiz","URA_TKM","air",0.19
"jmaiz","URA_TKM","arf",0.19
"jmaiz","URU_BRA","air",0.08
"jmaiz","URU_BRA","arf",0.08
"jmaiz","URU_URY","air",0.15
"jmaiz","URU_URY","arf",0.15
"jmaiz","USN_USA","air",0.21
"jmaiz","USN_USA","arf",0.21
"jmaiz","VOG_RUS","air",0.13
"jmaiz","VOG_RUS","arf",0.13
"jmaiz","VOT_BEN","air",0.16
"jmaiz","VOT_BEN","arf",0.16
"jmaiz","VOT_BFA","air",0.16
"jmaiz","VOT_BFA","arf",0.16
"jmaiz","VOT_CIV","air",0.16
"jmaiz","VOT_CIV","arf",0.16
"jmaiz","VOT_GHA","air",0.16
"jmaiz","VOT_GHA","arf",0.16
"jmaiz","VOT_MLI","air",0.16
"jmaiz","VOT_MLI","arf",0.16
"jmaiz","VOT_TGO","air",0.16
"jmaiz","VOT_TGO","arf",0.16
"jmaiz","VUT_VUT","air",0.14
"jmaiz","VUT_VUT","arf",0.14
"jmaiz","WAC_CIV","air",0.16
"jmaiz","WAC_CIV","arf",0.16
"jmaiz","WAC_GIN","air",0.16
"jmaiz","WAC_GIN","arf",0.16
"jmaiz","WAC_GMB","air",0.16
"jmaiz","WAC_GMB","arf",0.16
"jmaiz","WAC_GNB","air",0.16
"jmaiz","WAC_GNB","arf",0.16
"jmaiz","WAC_SEN","air",0.16
"jmaiz","WAC_SEN","arf",0.16
"jmaiz","WAC_SLE","air",0.16
"jmaiz","WAC_SLE","arf",0.16
"jmaiz","WAI_AFG","air",0.15
"jmaiz","WAI_AFG","arf",0.15
"jmaiz","WAI_IRN","air",0.11
"jmaiz","WAI_IRN","arf",0.11
"jmaiz","WAI_PAK","air",0.13
"jmaiz","WAI_PAK","arf",0.13
"jmaiz","WAI_TKM","air",0.19
"jmaiz","WAI_TKM","arf",0.19
"jmaiz","WAU_AUS","air",0.12
"jmaiz","WAU_AUS","arf",0.12
"jmaiz","WGM_USA","air",0.21
"jmaiz","WGM_USA","arf",0.21
"jmaiz","YEM_YEM","air",0.11
"jmaiz","YEM_YEM","arf",0.11
"jmaiz","YEN_RUS","air",0.13
"jmaiz","YEN_RUS","arf",0.13
"jmaiz","YHE_CHM","air",0.14
"jmaiz","YHE_CHM","arf",0.14
"jmaiz","YRD_CHM","air",0.14
"jmaiz","YRD_CHM","arf",0.14
"jmaiz","YRD_VNM","air",0.13
"jmaiz","YRD_VNM","arf",0.13
"jmaiz","YUC_MEX","air",0.14
"jmaiz","YUC_MEX","arf",0.14
"jmaiz","ZAM_AGO","air",0.2
"jmaiz","ZAM_AGO","arf",0.2
"jmaiz","ZAM_BWA","air",0.2
"jmaiz","ZAM_BWA","arf",0.2
"jmaiz","ZAM_COD","air",0.16
"jmaiz","ZAM_COD","arf",0.16
"jmaiz","ZAM_MOZ","air",0.2
"jmaiz","ZAM_MOZ","arf",0.2
"jmaiz","ZAM_MWI","air",0.2
"jmaiz","ZAM_MWI","arf",0.2
"jmaiz","ZAM_NAM","air",0.2
"jmaiz","ZAM_NAM","arf",0.2
"jmaiz","ZAM_TZA","air",0.2
"jmaiz","ZAM_TZA","arf",0.2
"jmaiz","ZAM_ZMB","air",0.2
"jmaiz","ZAM_ZMB","arf",0.2
"jmaiz","ZAM_ZWE","air",0.2
"jmaiz","ZAM_ZWE","arf",0.2
"jmaiz","ZHJ_CHM","air",0.14
"jmaiz","ZHJ_CHM","arf",0.14
"jmill","ALK_USA","air",0.09
"jmill","ALK_USA","arf",0.09
"jmill","AMD_AFG","air",0.12
"jmill","AMD_AFG","arf",0.12
"jmill","AMD_TJK","air",0.132
"jmill","AMD_TJK","arf",0.132
"jmill","AMD_UZB","air",0.132
"jmill","AMD_UZB","arf",0.132
"jmill","AMR_CHM","air",0.114
"jmill","AMR_CHM","arf",0.114
"jmill","AMR_RUS","air",0.09
"jmill","AMR_RUS","arf",0.09
"jmill","ARA_IRQ","air",0.084
"jmill","ARA_IRQ","arf",0.084
"jmill","ARK_USA","air",0.09
"jmill","ARK_USA","arf",0.09
"jmill","AZE_AZE","air",0.09
"jmill","AZE_AZE","arf",0.09
"jmill","BAL_RUS","air",0.09
"jmill","BAL_RUS","arf",0.09
"jmill","BLA_RUS","air",0.09
"jmill","BLA_RUS","arf",0.09
"jmill","BLA_TUR","air",0.096
"jmill","BLA_TUR","arf",0.096
"jmill","BLA_UKR","air",0.09
"jmill","BLA_UKR","arf",0.09
"jmill","BRT_BGD","air",0.138
"jmill","BRT_BGD","arf",0.138
"jmill","BRT_BTN","air",0.12
"jmill","BRT_BTN","arf",0.12
"jmill","BRT_CHM","air",0.114
"jmill","BRT_CHM","arf",0.114
"jmill","BRT_IND","air",0.126
"jmill","BRT_IND","arf",0.126
"jmill","CAF_AGO","air",0.162
"jmill","CAF_AGO","arf",0.162
"jmill","CAF_CAF","air",0.126
"jmill","CAF_CAF","arf",0.126
"jmill","CAF_CMR","air",0.126
"jmill","CAF_CMR","arf",0.126
"jmill","CAF_COG","air",0.126
"jmill","CAF_COG","arf",0.126
"jmill","CAF_NAM","air",0.162
"jmill","CAF_NAM","arf",0.162
"jmill","CAL_USA","air",0.09
"jmill","CAL_USA","arf",0.09
"jmill","CAU_AUS","air",0.078
"jmill","CAU_AUS","arf",0.078
"jmill","CAV_IND","air",0.126
"jmill","CAV_IND","arf",0.126
"jmill","CHJ_CHM","air",0.114
"jmill","CHJ_CHM","arf",0.114
"jmill","CHO_IND","air",0.126
"jmill","CHO_IND","arf",0.126
"jmill","CHU_KAZ","air",0.132
"jmill","CHU_KAZ","arf",0.132
"jmill","CHU_KGZ","air",0.132
"jmill","CHU_KGZ","arf",0.132
"jmill","COB_USA","air",0.09
"jmill","COB_USA","arf",0.09
"jmill","COL_USA","air",0.09
"jmill","COL_USA","arf",0.09
"jmill","CON_AGO","air",0.162
"jmill","CON_AGO","arf",0.162
"jmill","CON_CAF","air",0.126
"jmill","CON_CAF","arf",0.126
"jmill","CON_COD","air",0.126
"jmill","CON_COD","arf",0.126
"jmill","CON_COG","air",0.126
"jmill","CON_COG","arf",0.126
"jmill","DAN_MDA","air",0.102
"jmill","DAN_MDA","arf",0.102
"jmill","DAN_OBN","air",0.102
"jmill","DAN_OBN","arf",0.102
"jmill","DAN_TUR","air",0.096
"jmill","DAN_TUR","arf",0.096
"jmill","DAN_UKR","air",0.09
"jmill","DAN_UKR","arf",0.09
"jmill","DNI_BLR","air",0.09
"jmill","DNI_BLR","arf",0.09
"jmill","DNI_RUS","air",0.09
"jmill","DNI_RUS","arf",0.09
"jmill","DNI_UKR","air",0.09
"jmill","DNI_UKR","arf",0.09
"jmill","EAC_BDI","air",0.162
"jmill","EAC_BDI","arf",0.162
"jmill","EAC_COD","air",0.126
"jmill","EAC_COD","arf",0.126
"jmill","EAC_RWA","air",0.162
"jmill","EAC_RWA","arf",0.162
"jmill","EAC_TZA","air",0.162
"jmill","EAC_TZA","arf",0.162
"jmill","EAU_AUS","air",0.078
"jmill","EAU_AUS","arf",0.078
"jmill","EGH_IND","air",0.126
"jmill","EGH_IND","arf",0.126
"jmill","EME_SYR","air",0.084
"jmill","EME_SYR","arf",0.084
"jmill","EME_TUR","air",0.096
"jmill","EME_TUR","arf",0.096
"jmill","GAN_BGD","air",0.138
"jmill","GAN_BGD","arf",0.138
"jmill","GAN_CHM","air",0.114
"jmill","GAN_CHM","arf",0.114
"jmill","GAN_IND","air",0.126
"jmill","GAN_IND","arf",0.126
"jmill","GAN_NPL","air",0.12
"jmill","GAN_NPL","arf",0.12
"jmill","GBA_USA","air",0.09
"jmill","GBA_USA","arf",0.09
"jmill","GLA_USA","air",0.09
"jmill","GLA_USA","arf",0.09
"jmill","GOD_IND","air",0.126
"jmill","GOD_IND","arf",0.126
"jmill","HAI_CHM","air",0.114
"jmill","HAI_CHM","arf",0.114
"jmill","HOA_ETH","air",0.132
"jmill","HOA_ETH","arf",0.132
"jmill","HOA_KEN","air",0.162
"jmill","HOA_KEN","arf",0.162
"jmill","HUA_CHM","air",0.114
"jmill","HUA_CHM","arf",0.114
"jmill","HUN_CHM","air",0.114
"jmill","HUN_CHM","arf",0.114
"jmill","HWI_USA","air",0.09
"jmill","HWI_USA","arf",0.09
"jmill","IEC_IND","air",0.126
"jmill","IEC_IND","arf",0.126
"jmill","IND_CHM","air",0.114
"jmill","IND_CHM","arf",0.114
"jmill","IND_IND","air",0.126
"jmill","IND_IND","arf",0.126
"jmill","IND_PAK","air",0.108
"jmill","IND_PAK","arf",0.108
"jmill","JAP_JPN","air",0.084
"jmill","JAP_JPN","arf",0.084
"jmill","KAL_BWA","air",0.162
"jmill","KAL_BWA","arf",0.162
"jmill","KAL_NAM","air",0.162
"jmill","KAL_NAM","arf",0.162
"jmill","KAL_ZAF","air",0.114
"jmill","KAL_ZAF","arf",0.114
"jmill","KRI_IND","air",0.126
"jmill","KRI_IND","arf",0.126
"jmill","LAJ_CHM","air",0.114
"jmill","LAJ_CHM","arf",0.114
"jmill","LBA_KAZ","air",0.132
"jmill","LBA_KAZ","arf",0.132
"jmill","LCB_CAF","air",0.126
"jmill","LCB_CAF","arf",0.126
"jmill","LCB_CMR","air",0.126
"jmill","LCB_CMR","arf",0.126
"jmill","LCB_NER","air",0.132
"jmill","LCB_NER","arf",0.132
"jmill","LCB_NGA","air",0.108
"jmill","LCB_NGA","arf",0.108
"jmill","LCB_TCD","air",0.132
"jmill","LCB_TCD","arf",0.132
"jmill","LIM_BWA","air",0.162
"jmill","LIM_BWA","arf",0.162
"jmill","LIM_MOZ","air",0.162
"jmill","LIM_MOZ","arf",0.162
"jmill","LIM_ZAF","air",0.114
"jmill","LIM_ZAF","arf",0.114
"jmill","LIM_ZWE","air",0.162
"jmill","LIM_ZWE","arf",0.162
"jmill","LMO_CHM","air",0.114
"jmill","LMO_CHM","arf",0.114
"jmill","LTZ_KAZ","air",0.132
"jmill","LTZ_KAZ","arf",0.132
"jmill","LUN_IND","air",0.126
"jmill","LUN_IND","arf",0.126
"jmill","MAT_IND","air",0.126
"jmill","MAT_IND","arf",0.126
"jmill","MAU_AUS","air",0.078
"jmill","MAU_AUS","arf",0.078
"jmill","MEK_MMR","air",0.09
"jmill","MEK_MMR","arf",0.09
"jmill","MEK_VNM","air",0.102
"jmill","MEK_VNM","arf",0.102
"jmill","MHN_IND","air",0.126
"jmill","MHN_IND","arf",0.126
"jmill","MIM_MEX","air",0.114
"jmill","MIM_MEX","arf",0.114
"jmill","MIS_USA","air",0.09
"jmill","MIS_USA","arf",0.09
"jmill","MOU_USA","air",0.09
"jmill","MOU_USA","arf",0.09
"jmill","NAC_LBY","air",0.084
"jmill","NAC_LBY","arf",0.084
"jmill","NER_RUS","air",0.09
"jmill","NER_RUS","arf",0.09
"jmill","NIG_BEN","air",0.126
"jmill","NIG_BEN","arf",0.126
"jmill","NIG_BFA","air",0.132
"jmill","NIG_BFA","arf",0.132
"jmill","NIG_CIV","air",0.126
"jmill","NIG_CIV","arf",0.126
"jmill","NIG_CMR","air",0.126
"jmill","NIG_CMR","arf",0.126
"jmill","NIG_GIN","air",0.126
"jmill","NIG_GIN","arf",0.126
"jmill","NIG_MLI","air",0.132
"jmill","NIG_MLI","arf",0.132
"jmill","NIG_NER","air",0.132
"jmill","NIG_NER","arf",0.132
"jmill","NIG_NGA","air",0.108
"jmill","NIG_NGA","arf",0.108
"jmill","NIG_TCD","air",0.132
"jmill","NIG_TCD","arf",0.132
"jmill","NKP_PRK","air",0.12
"jmill","NKP_PRK","arf",0.12
"jmill","NLL_ERI","air",0.132
"jmill","NLL_ERI","arf",0.132
"jmill","NLL_ETH","air",0.132
"jmill","NLL_ETH","arf",0.132
"jmill","NLL_SDN","air",0.132
"jmill","NLL_SDN","arf",0.132
"jmill","NLL_UGA","air",0.162
"jmill","NLL_UGA","arf",0.162
"jmill","NWA_MOR","air",0.084
"jmill","NWA_MOR","arf",0.084
"jmill","NWA_MRT","air",0.132
"jmill","NWA_MRT","arf",0.132
"jmill","OBB_CHM","air",0.114
"jmill","OBB_CHM","arf",0.114
"jmill","OBB_KAZ","air",0.132
"jmill","OBB_KAZ","arf",0.132
"jmill","OBB_RUS","air",0.09
"jmill","OBB_RUS","arf",0.09
"jmill","ODE_RUS","air",0.09
"jmill","ODE_RUS","arf",0.09
"jmill","OHI_USA","air",0.09
"jmill","OHI_USA","arf",0.09
"jmill","OIO_OIO","air",0.114
"jmill","OIO_OIO","arf",0.114
"jmill","ORA_NAM","air",0.162
"jmill","ORA_NAM","arf",0.162
"jmill","ORA_ZAF","air",0.114
"jmill","ORA_ZAF","arf",0.114
"jmill","PAR_ARG","air",0.06
"jmill","PAR_ARG","arf",0.06
"jmill","RHI_CHP","air",0.084
"jmill","RHI_CHP","arf",0.084
"jmill","RIC_ARG","air",0.06
"jmill","RIC_ARG","arf",0.06
"jmill","RIG_MEX","air",0.114
"jmill","RIG_MEX","arf",0.114
"jmill","RIG_USA","air",0.09
"jmill","RIG_USA","arf",0.09
"jmill","RRS_RUS","air",0.09
"jmill","RRS_RUS","arf",0.09
"jmill","RVN_VNM","air",0.102
"jmill","RVN_VNM","arf",0.102
"jmill","RWI_USA","air",0.09
"jmill","RWI_USA","arf",0.09
"jmill","SAC_ZAF","air",0.114
"jmill","SAC_ZAF","arf",0.114
"jmill","SAF_MOZ","air",0.162
"jmill","SAF_MOZ","arf",0.162
"jmill","SAF_TZA","air",0.162
"jmill","SAF_TZA","arf",0.162
"jmill","SAF_ZWE","air",0.162
"jmill","SAF_ZWE","arf",0.162
"jmill","SAH_LBY","air",0.084
"jmill","SAH_LBY","arf",0.084
"jmill","SAH_MLI","air",0.132
"jmill","SAH_MLI","arf",0.132
"jmill","SAH_MOR","air",0.084
"jmill","SAH_MOR","arf",0.084
"jmill","SAH_MRT","air",0.132
"jmill","SAH_MRT","arf",0.132
"jmill","SAH_NER","air",0.132
"jmill","SAH_NER","arf",0.132
"jmill","SAH_SDN","air",0.132
"jmill","SAH_SDN","arf",0.132
"jmill","SAH_TCD","air",0.132
"jmill","SAH_TCD","arf",0.132
"jmill","SAL_ARG","air",0.06
"jmill","SAL_ARG","arf",0.06
"jmill","SAU_SAU","air",0.084
"jmill","SAU_SAU","arf",0.084
"jmill","SAY_IND","air",0.126
"jmill","SAY_IND","arf",0.126
"jmill","SEN_GIN","air",0.126
"jmill","SEN_GIN","arf",0.126
"jmill","SEN_MLI","air",0.132
"jmill","SEN_MLI","arf",0.132
"jmill","SEN_MRT","air",0.132
"jmill","SEN_MRT","arf",0.132
"jmill","SEN_SEN","air",0.126
"jmill","SEN_SEN","arf",0.126
"jmill","SEU_USA","air",0.09
"jmill","SEU_USA","arf",0.09
"jmill","SKP_KOR","air",0.096
"jmill","SKP_KOR","arf",0.096
"jmill","SON_CHM","air",0.114
"jmill","SON_CHM","arf",0.114
"jmill","SRL_LKA","air",0.12
"jmill","SRL_LKA","arf",0.12
"jmill","SYD_KAZ","air",0.132
"jmill","SYD_KAZ","arf",0.132
"jmill","SYD_KGZ","air",0.132
"jmill","SYD_KGZ","arf",0.132
"jmill","SYD_TJK","air",0.132
"jmill","SYD_TJK","arf",0.132
"jmill","SYD_UZB","air",0.132
"jmill","SYD_UZB","arf",0.132
"jmill","TIE_ARG","air",0.06
"jmill","TIE_ARG","arf",0.06
"jmill","TIG_IRN","air",0.084
"jmill","TIG_IRN","arf",0.084
"jmill","TIG_IRQ","air",0.084
"jmill","TIG_IRQ","arf",0.084
"jmill","TIG_SYR","air",0.084
"jmill","TIG_SYR","arf",0.084
"jmill","TIG_TUR","air",0.096
"jmill","TIG_TUR","arf",0.096
"jmill","TMM_BGD","air",0.138
"jmill","TMM_BGD","arf",0.138
"jmill","TMM_MMR","air",0.09
"jmill","TMM_MMR","arf",0.09
"jmill","TWN_CHM","air",0.114
"jmill","TWN_CHM","arf",0.114
"jmill","UME_MEX","air",0.114
"jmill","UME_MEX","arf",0.114
"jmill","UMO_RUS","air",0.09
"jmill","UMO_RUS","arf",0.09
"jmill","URA_KAZ","air",0.132
"jmill","URA_KAZ","arf",0.132
"jmill","URA_RUS","air",0.09
"jmill","URA_RUS","arf",0.09
"jmill","USN_USA","air",0.09
"jmill","USN_USA","arf",0.09
"jmill","VOG_RUS","air",0.09
"jmill","VOG_RUS","arf",0.09
"jmill","VOT_BEN","air",0.126
"jmill","VOT_BEN","arf",0.126
"jmill","VOT_BFA","air",0.132
"jmill","VOT_BFA","arf",0.132
"jmill","VOT_CIV","air",0.126
"jmill","VOT_CIV","arf",0.126
"jmill","VOT_GHA","air",0.126
"jmill","VOT_GHA","arf",0.126
"jmill","VOT_MLI","air",0.132
"jmill","VOT_MLI","arf",0.132
"jmill","VOT_TGO","air",0.126
"jmill","VOT_TGO","arf",0.126
"jmill","WAC_CIV","air",0.126
"jmill","WAC_CIV","arf",0.126
"jmill","WAC_GIN","air",0.126
"jmill","WAC_GIN","arf",0.126
"jmill","WAC_GMB","air",0.126
"jmill","WAC_GMB","arf",0.126
"jmill","WAC_GNB","air",0.126
"jmill","WAC_GNB","arf",0.126
"jmill","WAC_SEN","air",0.126
"jmill","WAC_SEN","arf",0.126
"jmill","WAC_SLE","air",0.126
"jmill","WAC_SLE","arf",0.126
"jmill","WAI_AFG","air",0.12
"jmill","WAI_AFG","arf",0.12
"jmill","WAI_IRN","air",0.084
"jmill","WAI_IRN","arf",0.084
"jmill","WAI_PAK","air",0.108
"jmill","WAI_PAK","arf",0.108
"jmill","WAU_AUS","air",0.078
"jmill","WAU_AUS","arf",0.078
"jmill","WGM_USA","air",0.09
"jmill","WGM_USA","arf",0.09
"jmill","YEM_YEM","air",0.084
"jmill","YEM_YEM","arf",0.084
"jmill","YEN_RUS","air",0.09
"jmill","YEN_RUS","arf",0.09
"jmill","YHE_CHM","air",0.114
"jmill","YHE_CHM","arf",0.114
"jmill","YRD_CHM","air",0.114
"jmill","YRD_CHM","arf",0.114
"jmill","YRD_VNM","air",0.102
"jmill","YRD_VNM","arf",0.102
"jmill","YUC_MEX","air",0.114
"jmill","YUC_MEX","arf",0.114
"jmill","ZAM_AGO","air",0.162
"jmill","ZAM_AGO","arf",0.162
"jmill","ZAM_BWA","air",0.162
"jmill","ZAM_BWA","arf",0.162
"jmill","ZAM_COD","air",0.126
"jmill","ZAM_COD","arf",0.126
"jmill","ZAM_MOZ","air",0.162
"jmill","ZAM_MOZ","arf",0.162
"jmill","ZAM_MWI","air",0.162
"jmill","ZAM_MWI","arf",0.162
"jmill","ZAM_NAM","air",0.162
"jmill","ZAM_NAM","arf",0.162
"jmill","ZAM_TZA","air",0.162
"jmill","ZAM_TZA","arf",0.162
"jmill","ZAM_ZMB","air",0.162
"jmill","ZAM_ZMB","arf",0.162
"jmill","ZAM_ZWE","air",0.162
"jmill","ZAM_ZWE","arf",0.162
"jmill","ZHJ_CHM","air",0.114
"jmill","ZHJ_CHM","arf",0.114
"jrice","ALK_USA","air",0.11
"jrice","ALK_USA","arf",0.11
"jrice","AMA_BOL","air",0.17
"jrice","AMA_BOL","arf",0.17
"jrice","AMA_BRA","air",0.15
"jrice","AMA_BRA","arf",0.15
"jrice","AMA_COL","air",0.16
"jrice","AMA_COL","arf",0.16
"jrice","AMA_ECU","air",0.17
"jrice","AMA_ECU","arf",0.17
"jrice","AMA_PER","air",0.17
"jrice","AMA_PER","arf",0.17
"jrice","AMD_AFG","air",0.11
"jrice","AMD_AFG","arf",0.11
"jrice","AMD_TJK","air",0.14
"jrice","AMD_TJK","arf",0.14
"jrice","AMD_TKM","air",0.14
"jrice","AMD_TKM","arf",0.14
"jrice","AMD_UZB","air",0.14
"jrice","AMD_UZB","arf",0.14
"jrice","AMR_CHM","air",0.13
"jrice","AMR_CHM","arf",0.13
"jrice","AMR_RUS","air",0.1
"jrice","AMR_RUS","arf",0.1
"jrice","ARA_IRQ","air",0.11
"jrice","ARA_IRQ","arf",0.11
"jrice","ARK_USA","air",0.11
"jrice","ARK_USA","arf",0.11
"jrice","AZE_AZE","air",0.1
"jrice","AZE_AZE","arf",0.1
"jrice","BAL_RUS","air",0.1
"jrice","BAL_RUS","arf",0.1
"jrice","BLA_RUS","air",0.1
"jrice","BLA_RUS","arf",0.1
"jrice","BLA_TUR","air",0.13
"jrice","BLA_TUR","arf",0.13
"jrice","BLA_UKR","air",0.1
"jrice","BLA_UKR","arf",0.1
"jrice","BLZ_BLZ","air",0.17
"jrice","BLZ_BLZ","arf",0.17
"jrice","BOR_IDN","air",0.1
"jrice","BOR_IDN","arf",0.1
"jrice","BOR_MYS","air",0.08
"jrice","BOR_MYS","arf",0.08
"jrice","BRT_BGD","air",0.14
"jrice","BRT_BGD","arf",0.14
"jrice","BRT_BTN","air",0.11
"jrice","BRT_BTN","arf",0.11
"jrice","BRT_CHM","air",0.13
"jrice","BRT_CHM","arf",0.13
"jrice","BRT_IND","air",0.1
"jrice","BRT_IND","arf",0.1
"jrice","CAF_AGO","air",0.21
"jrice","CAF_AGO","arf",0.21
"jrice","CAF_CAF","air",0.16
"jrice","CAF_CAF","arf",0.16
"jrice","CAF_CMR","air",0.16
"jrice","CAF_CMR","arf",0.16
"jrice","CAF_COG","air",0.16
"jrice","CAF_COG","arf",0.16
"jrice","CAF_GAB","air",0.16
"jrice","CAF_GAB","arf",0.16
"jrice","CAL_USA","air",0.11
"jrice","CAL_USA","arf",0.11
"jrice","CAU_AUS","air",0.09
"jrice","CAU_AUS","arf",0.09
"jrice","CAV_IND","air",0.1
"jrice","CAV_IND","arf",0.1
"jrice","CHC_CHL","air",0.17
"jrice","CHC_CHL","arf",0.17
"jrice","CHJ_CHM","air",0.13
"jrice","CHJ_CHM","arf",0.13
"jrice","CHO_IND","air",0.1
"jrice","CHO_IND","arf",0.1
"jrice","CHU_KAZ","air",0.14
"jrice","CHU_KAZ","arf",0.14
"jrice","CHU_KGZ","air",0.14
"jrice","CHU_KGZ","arf",0.14
"jrice","COB_USA","air",0.11
"jrice","COB_USA","arf",0.11
"jrice","COL_USA","air",0.11
"jrice","COL_USA","arf",0.11
"jrice","CON_AGO","air",0.21
"jrice","CON_AGO","arf",0.21
"jrice","CON_CAF","air",0.16
"jrice","CON_CAF","arf",0.16
"jrice","CON_COD","air",0.16
"jrice","CON_COD","arf",0.16
"jrice","CON_COG","air",0.16
"jrice","CON_COG","arf",0.16
"jrice","CRB_CRB","air",0.13
"jrice","CRB_CRB","arf",0.13
"jrice","CRI_CRI","air",0.17
"jrice","CRI_CRI","arf",0.17
"jrice","CUB_CUB","air",0.17
"jrice","CUB_CUB","arf",0.17
"jrice","DAN_BGR","air",0.11
"jrice","DAN_BGR","arf",0.11
"jrice","DAN_HUN","air",0.11
"jrice","DAN_HUN","arf",0.11
"jrice","DAN_OBN","air",0.11
"jrice","DAN_OBN","arf",0.11
"jrice","DAN_ROU","air",0.11
"jrice","DAN_ROU","arf",0.11
"jrice","DAN_TUR","air",0.13
"jrice","DAN_TUR","arf",0.13
"jrice","DAN_UKR","air",0.1
"jrice","DAN_UKR","arf",0.1
"jrice","DNI_RUS","air",0.1
"jrice","DNI_RUS","arf",0.1
"jrice","DNI_UKR","air",0.1
"jrice","DNI_UKR","arf",0.1
"jrice","DOM_DOM","air",0.17
"jrice","DOM_DOM","arf",0.17
"jrice","EAC_BDI","air",0.21
"jrice","EAC_BDI","arf",0.21
"jrice","EAC_COD","air",0.16
"jrice","EAC_COD","arf",0.16
"jrice","EAC_RWA","air",0.21
"jrice","EAC_RWA","arf",0.21
"jrice","EAC_TZA","air",0.21
"jrice","EAC_TZA","arf",0.21
"jrice","EAU_AUS","air",0.09
"jrice","EAU_AUS","arf",0.09
"jrice","EGH_IND","air",0.1
"jrice","EGH_IND","arf",0.1
"jrice","EME_EGY","air",0.16
"jrice","EME_EGY","arf",0.16
"jrice","EME_TUR","air",0.13
"jrice","EME_TUR","arf",0.13
"jrice","FJI_FJI","air",0.13
"jrice","FJI_FJI","arf",0.13
"jrice","GAN_BGD","air",0.14
"jrice","GAN_BGD","arf",0.14
"jrice","GAN_CHM","air",0.13
"jrice","GAN_CHM","arf",0.13
"jrice","GAN_IND","air",0.1
"jrice","GAN_IND","arf",0.1
"jrice","GAN_NPL","air",0.11
"jrice","GAN_NPL","arf",0.11
"jrice","GBA_USA","air",0.11
"jrice","GBA_USA","arf",0.11
"jrice","GLA_USA","air",0.11
"jrice","GLA_USA","arf",0.11
"jrice","GOD_IND","air",0.1
"jrice","GOD_IND","arf",0.1
"jrice","GRC_GRC","air",0.11
"jrice","GRC_GRC","arf",0.11
"jrice","GSA_GSA","air",0.17
"jrice","GSA_GSA","arf",0.17
"jrice","GTM_GTM","air",0.17
"jrice","GTM_GTM","arf",0.17
"jrice","HAI_CHM","air",0.13
"jrice","HAI_CHM","arf",0.13
"jrice","HND_HND","air",0.17
"jrice","HND_HND","arf",0.17
"jrice","HOA_ETH","air",0.17
"jrice","HOA_ETH","arf",0.17
"jrice","HOA_KEN","air",0.21
"jrice","HOA_KEN","arf",0.21
"jrice","HOA_SOM","air",0.17
"jrice","HOA_SOM","arf",0.17
"jrice","HTI_HTI","air",0.17
"jrice","HTI_HTI","arf",0.17
"jrice","HUA_CHM","air",0.13
"jrice","HUA_CHM","arf",0.13
"jrice","HUN_CHM","air",0.13
"jrice","HUN_CHM","arf",0.13
"jrice","HWI_USA","air",0.11
"jrice","HWI_USA","arf",0.11
"jrice","IEC_IND","air",0.1
"jrice","IEC_IND","arf",0.1
"jrice","IND_CHM","air",0.13
"jrice","IND_CHM","arf",0.13
"jrice","IND_IND","air",0.1
"jrice","IND_IND","arf",0.1
"jrice","IND_PAK","air",0.13
"jrice","IND_PAK","arf",0.13
"jrice","INE_IDN","air",0.1
"jrice","INE_IDN","arf",0.1
"jrice","INW_IDN","air",0.1
"jrice","INW_IDN","arf",0.1
"jrice","ITA_ITP","air",0.1
"jrice","ITA_ITP","arf",0.1
"jrice","JAP_JPN","air",0.1
"jrice","JAP_JPN","arf",0.1
"jrice","KAL_ZAF","air",0.13
"jrice","KAL_ZAF","arf",0.13
"jrice","KRI_IND","air",0.1
"jrice","KRI_IND","arf",0.1
"jrice","LAJ_CHM","air",0.13
"jrice","LAJ_CHM","arf",0.13
"jrice","LBA_KAZ","air",0.14
"jrice","LBA_KAZ","arf",0.14
"jrice","LBO_FRP","air",0.1
"jrice","LBO_FRP","arf",0.1
"jrice","LCB_CAF","air",0.16
"jrice","LCB_CAF","arf",0.16
"jrice","LCB_CMR","air",0.16
"jrice","LCB_CMR","arf",0.16
"jrice","LCB_NER","air",0.17
"jrice","LCB_NER","arf",0.17
"jrice","LCB_NGA","air",0.14
"jrice","LCB_NGA","arf",0.14
"jrice","LCB_TCD","air",0.17
"jrice","LCB_TCD","arf",0.17
"jrice","LIM_MOZ","air",0.21
"jrice","LIM_MOZ","arf",0.21
"jrice","LIM_ZAF","air",0.13
"jrice","LIM_ZAF","arf",0.13
"jrice","LIM_ZWE","air",0.21
"jrice","LIM_ZWE","arf",0.21
"jrice","LMO_CHM","air",0.13
"jrice","LMO_CHM","arf",0.13
"jrice","LTZ_KAZ","air",0.14
"jrice","LTZ_KAZ","arf",0.14
"jrice","LUN_IND","air",0.1
"jrice","LUN_IND","arf",0.1
"jrice","MAD_MDG","air",0.21
"jrice","MAD_MDG","arf",0.21
"jrice","MAT_IND","air",0.1
"jrice","MAT_IND","arf",0.1
"jrice","MAU_AUS","air",0.09
"jrice","MAU_AUS","arf",0.09
"jrice","MEK_KHM","air",0.1
"jrice","MEK_KHM","arf",0.1
"jrice","MEK_LAO","air",0.1
"jrice","MEK_LAO","arf",0.1
"jrice","MEK_MMR","air",0.1
"jrice","MEK_MMR","arf",0.1
"jrice","MEK_THA","air",0.11
"jrice","MEK_THA","arf",0.11
"jrice","MEK_VNM","air",0.11
"jrice","MEK_VNM","arf",0.11
"jrice","MHN_IND","air",0.1
"jrice","MHN_IND","arf",0.1
"jrice","MIM_MEX","air",0.16
"jrice","MIM_MEX","arf",0.16
"jrice","MIS_USA","air",0.11
"jrice","MIS_USA","arf",0.11
"jrice","MOU_USA","air",0.11
"jrice","MOU_USA","arf",0.11
"jrice","NAC_DZA","air",0.11
"jrice","NAC_DZA","arf",0.11
"jrice","NAC_EGY","air",0.16
"jrice","NAC_EGY","arf",0.16
"jrice","NEB_BRA","air",0.15
"jrice","NEB_BRA","arf",0.15
"jrice","NER_RUS","air",0.1
"jrice","NER_RUS","arf",0.1
"jrice","NIC_NIC","air",0.17
"jrice","NIC_NIC","arf",0.17
"jrice","NIG_BEN","air",0.16
"jrice","NIG_BEN","arf",0.16
"jrice","NIG_BFA","air",0.17
"jrice","NIG_BFA","arf",0.17
"jrice","NIG_CIV","air",0.16
"jrice","NIG_CIV","arf",0.16
"jrice","NIG_CMR","air",0.16
"jrice","NIG_CMR","arf",0.16
"jrice","NIG_GIN","air",0.16
"jrice","NIG_GIN","arf",0.16
"jrice","NIG_MLI","air",0.17
"jrice","NIG_MLI","arf",0.17
"jrice","NIG_NER","air",0.17
"jrice","NIG_NER","arf",0.17
"jrice","NIG_NGA","air",0.14
"jrice","NIG_NGA","arf",0.14
"jrice","NIG_TCD","air",0.17
"jrice","NIG_TCD","arf",0.17
"jrice","NKP_PRK","air",0.14
"jrice","NKP_PRK","arf",0.14
"jrice","NLL_EGY","air",0.16
"jrice","NLL_EGY","arf",0.16
"jrice","NLL_ETH","air",0.17
"jrice","NLL_ETH","arf",0.17
"jrice","NLL_SDN","air",0.17
"jrice","NLL_SDN","arf",0.17
"jrice","NLL_UGA","air",0.21
"jrice","NLL_UGA","arf",0.21
"jrice","NWA_MOR","air",0.11
"jrice","NWA_MOR","arf",0.11
"jrice","NWA_MRT","air",0.17
"jrice","NWA_MRT","arf",0.17
"jrice","NWS_COL","air",0.16
"jrice","NWS_COL","arf",0.16
"jrice","NWS_ECU","air",0.17
"jrice","NWS_ECU","arf",0.17
"jrice","OBB_CHM","air",0.13
"jrice","OBB_CHM","arf",0.13
"jrice","OBB_KAZ","air",0.14
"jrice","OBB_KAZ","arf",0.14
"jrice","OBB_RUS","air",0.1
"jrice","OBB_RUS","arf",0.1
"jrice","ODE_RUS","air",0.1
"jrice","ODE_RUS","arf",0.1
"jrice","OHI_USA","air",0.11
"jrice","OHI_USA","arf",0.11
"jrice","OIO_OIO","air",0.13
"jrice","OIO_OIO","arf",0.13
"jrice","OPO_OPO","air",0.13
"jrice","OPO_OPO","arf",0.13
"jrice","ORA_ZAF","air",0.13
"jrice","ORA_ZAF","arf",0.13
"jrice","ORI_COL","air",0.16
"jrice","ORI_COL","arf",0.16
"jrice","ORI_VEN","air",0.17
"jrice","ORI_VEN","arf",0.17
"jrice","PAN_PAN","air",0.17
"jrice","PAN_PAN","arf",0.17
"jrice","PAO_PNG","air",0.13
"jrice","PAO_PNG","arf",0.13
"jrice","PAR_ARG","air",0.11
"jrice","PAR_ARG","arf",0.11
"jrice","PAR_BOL","air",0.17
"jrice","PAR_BOL","arf",0.17
"jrice","PAR_BRA","air",0.15
"jrice","PAR_BRA","arf",0.15
"jrice","PAR_PRY","air",0.17
"jrice","PAR_PRY","arf",0.17
"jrice","PEC_PER","air",0.17
"jrice","PEC_PER","arf",0.17
"jrice","PHI_PHL","air",0.1
"jrice","PHI_PHL","arf",0.1
"jrice","PRT_PRT","air",0.1
"jrice","PRT_PRT","arf",0.1
"jrice","RHI_FRP","air",0.1
"jrice","RHI_FRP","arf",0.1
"jrice","RHO_FRP","air",0.1
"jrice","RHO_FRP","arf",0.1
"jrice","RIC_ARG","air",0.11
"jrice","RIC_ARG","arf",0.11
"jrice","RIG_MEX","air",0.16
"jrice","RIG_MEX","arf",0.16
"jrice","RIG_USA","air",0.11
"jrice","RIG_USA","arf",0.11
"jrice","RRS_RUS","air",0.1
"jrice","RRS_RUS","arf",0.1
"jrice","RVE_VEN","air",0.17
"jrice","RVE_VEN","arf",0.17
"jrice","RVN_VNM","air",0.11
"jrice","RVN_VNM","arf",0.11
"jrice","RWI_USA","air",0.11
"jrice","RWI_USA","arf",0.11
"jrice","SAC_SWZ","air",0.21
"jrice","SAC_SWZ","arf",0.21
"jrice","SAC_ZAF","air",0.13
"jrice","SAC_ZAF","arf",0.13
"jrice","SAF_MOZ","air",0.21
"jrice","SAF_MOZ","arf",0.21
"jrice","SAF_TZA","air",0.21
"jrice","SAF_TZA","arf",0.21
"jrice","SAF_ZWE","air",0.21
"jrice","SAF_ZWE","arf",0.21
"jrice","SAH_DZA","air",0.11
"jrice","SAH_DZA","arf",0.11
"jrice","SAH_EGY","air",0.16
"jrice","SAH_EGY","arf",0.16
"jrice","SAH_MLI","air",0.17
"jrice","SAH_MLI","arf",0.17
"jrice","SAH_MOR","air",0.11
"jrice","SAH_MOR","arf",0.11
"jrice","SAH_MRT","air",0.17
"jrice","SAH_MRT","arf",0.17
"jrice","SAH_NER","air",0.17
"jrice","SAH_NER","arf",0.17
"jrice","SAH_SDN","air",0.17
"jrice","SAH_SDN","arf",0.17
"jrice","SAH_TCD","air",0.17
"jrice","SAH_TCD","arf",0.17
"jrice","SAL_ARG","air",0.11
"jrice","SAL_ARG","arf",0.11
"jrice","SAN_BRA","air",0.15
"jrice","SAN_BRA","arf",0.15
"jrice","SAU_SAU","air",0.11
"jrice","SAU_SAU","arf",0.11
"jrice","SAY_IND","air",0.1
"jrice","SAY_IND","arf",0.1
"jrice","SEI_FRP","air",0.1
"jrice","SEI_FRP","arf",0.1
"jrice","SEN_GIN","air",0.16
"jrice","SEN_GIN","arf",0.16
"jrice","SEN_MLI","air",0.17
"jrice","SEN_MLI","arf",0.17
"jrice","SEN_MRT","air",0.17
"jrice","SEN_MRT","arf",0.17
"jrice","SEN_SEN","air",0.16
"jrice","SEN_SEN","arf",0.16
"jrice","SEU_USA","air",0.11
"jrice","SEU_USA","arf",0.11
"jrice","SKP_KOR","air",0.11
"jrice","SKP_KOR","arf",0.11
"jrice","SLB_SLB","air",0.13
"jrice","SLB_SLB","arf",0.13
"jrice","SLV_SLV","air",0.17
"jrice","SLV_SLV","arf",0.17
"jrice","SON_CHM","air",0.13
"jrice","SON_CHM","arf",0.13
"jrice","SPP_SPP","air",0.1
"jrice","SPP_SPP","arf",0.1
"jrice","SRL_LKA","air",0.11
"jrice","SRL_LKA","arf",0.11
"jrice","SYD_KAZ","air",0.14
"jrice","SYD_KAZ","arf",0.14
"jrice","SYD_KGZ","air",0.14
"jrice","SYD_KGZ","arf",0.14
"jrice","SYD_TJK","air",0.14
"jrice","SYD_TJK","arf",0.14
"jrice","SYD_UZB","air",0.14
"jrice","SYD_UZB","arf",0.14
"jrice","TIE_ARG","air",0.11
"jrice","TIE_ARG","arf",0.11
"jrice","TIG_IRN","air",0.11
"jrice","TIG_IRN","arf",0.11
"jrice","TIG_IRQ","air",0.11
"jrice","TIG_IRQ","arf",0.11
"jrice","TIG_TUR","air",0.13
"jrice","TIG_TUR","arf",0.13
"jrice","TLS_TLS","air",0.13
"jrice","TLS_TLS","arf",0.13
"jrice","TMM_BGD","air",0.14
"jrice","TMM_BGD","arf",0.14
"jrice","TMM_MMR","air",0.1
"jrice","TMM_MMR","arf",0.1
"jrice","TMM_MYS","air",0.08
"jrice","TMM_MYS","arf",0.08
"jrice","TMM_OSA","air",0.1
"jrice","TMM_OSA","arf",0.1
"jrice","TMM_THA","air",0.11
"jrice","TMM_THA","arf",0.11
"jrice","TOC_BRA","air",0.15
"jrice","TOC_BRA","arf",0.15
"jrice","TWN_CHM","air",0.13
"jrice","TWN_CHM","arf",0.13
"jrice","UME_MEX","air",0.16
"jrice","UME_MEX","arf",0.16
"jrice","UMO_RUS","air",0.1
"jrice","UMO_RUS","arf",0.1
"jrice","URA_KAZ","air",0.14
"jrice","URA_KAZ","arf",0.14
"jrice","URA_RUS","air",0.1
"jrice","URA_RUS","arf",0.1
"jrice","URA_TKM","air",0.14
"jrice","URA_TKM","arf",0.14
"jrice","URU_BRA","air",0.15
"jrice","URU_BRA","arf",0.15
"jrice","URU_URY","air",0.17
"jrice","URU_URY","arf",0.17
"jrice","USN_USA","air",0.11
"jrice","USN_USA","arf",0.11
"jrice","VOG_RUS","air",0.1
"jrice","VOG_RUS","arf",0.1
"jrice","VOT_BEN","air",0.16
"jrice","VOT_BEN","arf",0.16
"jrice","VOT_BFA","air",0.17
"jrice","VOT_BFA","arf",0.17
"jrice","VOT_CIV","air",0.16
"jrice","VOT_CIV","arf",0.16
"jrice","VOT_GHA","air",0.16
"jrice","VOT_GHA","arf",0.16
"jrice","VOT_MLI","air",0.17
"jrice","VOT_MLI","arf",0.17
"jrice","VOT_TGO","air",0.16
"jrice","VOT_TGO","arf",0.16
"jrice","WAC_CIV","air",0.16
"jrice","WAC_CIV","arf",0.16
"jrice","WAC_GIN","air",0.16
"jrice","WAC_GIN","arf",0.16
"jrice","WAC_GMB","air",0.16
"jrice","WAC_GMB","arf",0.16
"jrice","WAC_GNB","air",0.16
"jrice","WAC_GNB","arf",0.16
"jrice","WAC_LBR","air",0.16
"jrice","WAC_LBR","arf",0.16
"jrice","WAC_SEN","air",0.16
"jrice","WAC_SEN","arf",0.16
"jrice","WAC_SLE","air",0.16
"jrice","WAC_SLE","arf",0.16
"jrice","WAI_AFG","air",0.11
"jrice","WAI_AFG","arf",0.11
"jrice","WAI_IRN","air",0.11
"jrice","WAI_IRN","arf",0.11
"jrice","WAI_PAK","air",0.13
"jrice","WAI_PAK","arf",0.13
"jrice","WAI_TKM","air",0.14
"jrice","WAI_TKM","arf",0.14
"jrice","WAU_AUS","air",0.09
"jrice","WAU_AUS","arf",0.09
"jrice","WGM_USA","air",0.11
"jrice","WGM_USA","arf",0.11
"jrice","YEN_RUS","air",0.1
"jrice","YEN_RUS","arf",0.1
"jrice","YHE_CHM","air",0.13
"jrice","YHE_CHM","arf",0.13
"jrice","YRD_CHM","air",0.13
"jrice","YRD_CHM","arf",0.13
"jrice","YRD_VNM","air",0.11
"jrice","YRD_VNM","arf",0.11
"jrice","YUC_MEX","air",0.16
"jrice","YUC_MEX","arf",0.16
"jrice","ZAM_AGO","air",0.21
"jrice","ZAM_AGO","arf",0.21
"jrice","ZAM_COD","air",0.16
"jrice","ZAM_COD","arf",0.16
"jrice","ZAM_MOZ","air",0.21
"jrice","ZAM_MOZ","arf",0.21
"jrice","ZAM_MWI","air",0.21
"jrice","ZAM_MWI","arf",0.21
"jrice","ZAM_TZA","air",0.21
"jrice","ZAM_TZA","arf",0.21
"jrice","ZAM_ZMB","air",0.21
"jrice","ZAM_ZMB","arf",0.21
"jrice","ZAM_ZWE","air",0.21
"jrice","ZAM_ZWE","arf",0.21
"jrice","ZHJ_CHM","air",0.13
"jrice","ZHJ_CHM","arf",0.13
"jsorg","ALK_USA","air",0.09
"jsorg","ALK_USA","arf",0.09
"jsorg","AMA_BOL","air",0.12
"jsorg","AMA_BOL","arf",0.12
"jsorg","AMA_BRA","air",0.102
"jsorg","AMA_BRA","arf",0.102
"jsorg","AMA_COL","air",0.108
"jsorg","AMA_COL","arf",0.108
"jsorg","AMA_ECU","air",0.12
"jsorg","AMA_ECU","arf",0.12
"jsorg","AMA_PER","air",0.12
"jsorg","AMA_PER","arf",0.12
"jsorg","AMD_TJK","air",0.132
"jsorg","AMD_TJK","arf",0.132
"jsorg","AMD_UZB","air",0.132
"jsorg","AMD_UZB","arf",0.132
"jsorg","AMR_CHM","air",0.114
"jsorg","AMR_CHM","arf",0.114
"jsorg","AMR_RUS","air",0.09
"jsorg","AMR_RUS","arf",0.09
"jsorg","ARA_IRQ","air",0.084
"jsorg","ARA_IRQ","arf",0.084
"jsorg","ARK_USA","air",0.09
"jsorg","ARK_USA","arf",0.09
"jsorg","AZE_AZE","air",0.09
"jsorg","AZE_AZE","arf",0.09
"jsorg","BAL_RUS","air",0.09
"jsorg","BAL_RUS","arf",0.09
"jsorg","BLA_RUS","air",0.09
"jsorg","BLA_RUS","arf",0.09
"jsorg","BLA_TUR","air",0.096
"jsorg","BLA_TUR","arf",0.096
"jsorg","BLA_UKR","air",0.09
"jsorg","BLA_UKR","arf",0.09
"jsorg","BLZ_BLZ","air",0.12
"jsorg","BLZ_BLZ","arf",0.12
"jsorg","BRT_BGD","air",0.138
"jsorg","BRT_BGD","arf",0.138
"jsorg","BRT_CHM","air",0.114
"jsorg","BRT_CHM","arf",0.114
"jsorg","BRT_IND","air",0.126
"jsorg","BRT_IND","arf",0.126
"jsorg","CAF_AGO","air",0.162
"jsorg","CAF_AGO","arf",0.162
"jsorg","CAF_CAF","air",0.126
"jsorg","CAF_CAF","arf",0.126
"jsorg","CAF_CMR","air",0.126
"jsorg","CAF_CMR","arf",0.126
"jsorg","CAF_NAM","air",0.162
"jsorg","CAF_NAM","arf",0.162
"jsorg","CAL_USA","air",0.09
"jsorg","CAL_USA","arf",0.09
"jsorg","CAU_AUS","air",0.078
"jsorg","CAU_AUS","arf",0.078
"jsorg","CAV_IND","air",0.126
"jsorg","CAV_IND","arf",0.126
"jsorg","CHJ_CHM","air",0.114
"jsorg","CHJ_CHM","arf",0.114
"jsorg","CHO_IND","air",0.126
"jsorg","CHO_IND","arf",0.126
"jsorg","CHU_KAZ","air",0.132
"jsorg","CHU_KAZ","arf",0.132
"jsorg","CHU_KGZ","air",0.132
"jsorg","CHU_KGZ","arf",0.132
"jsorg","COB_USA","air",0.09
"jsorg","COB_USA","arf",0.09
"jsorg","COL_USA","air",0.09
"jsorg","COL_USA","arf",0.09
"jsorg","CON_AGO","air",0.162
"jsorg","CON_AGO","arf",0.162
"jsorg","CON_CAF","air",0.126
"jsorg","CON_CAF","arf",0.126
"jsorg","CON_COD","air",0.126
"jsorg","CON_COD","arf",0.126
"jsorg","CUB_CUB","air",0.12
"jsorg","CUB_CUB","arf",0.12
"jsorg","DAN_AUT","air",0.084
"jsorg","DAN_AUT","arf",0.084
"jsorg","DAN_BGR","air",0.102
"jsorg","DAN_BGR","arf",0.102
"jsorg","DAN_HUN","air",0.102
"jsorg","DAN_HUN","arf",0.102
"jsorg","DAN_MDA","air",0.102
"jsorg","DAN_MDA","arf",0.102
"jsorg","DAN_OBN","air",0.102
"jsorg","DAN_OBN","arf",0.102
"jsorg","DAN_ROU","air",0.102
"jsorg","DAN_ROU","arf",0.102
"jsorg","DAN_SVK","air",0.102
"jsorg","DAN_SVK","arf",0.102
"jsorg","DAN_SVN","air",0.102
"jsorg","DAN_SVN","arf",0.102
"jsorg","DAN_TUR","air",0.096
"jsorg","DAN_TUR","arf",0.096
"jsorg","DAN_UKR","air",0.09
"jsorg","DAN_UKR","arf",0.09
"jsorg","DNI_RUS","air",0.09
"jsorg","DNI_RUS","arf",0.09
"jsorg","DNI_UKR","air",0.09
"jsorg","DNI_UKR","arf",0.09
"jsorg","DOM_DOM","air",0.12
"jsorg","DOM_DOM","arf",0.12
"jsorg","EAC_BDI","air",0.162
"jsorg","EAC_BDI","arf",0.162
"jsorg","EAC_COD","air",0.126
"jsorg","EAC_COD","arf",0.126
"jsorg","EAC_RWA","air",0.162
"jsorg","EAC_RWA","arf",0.162
"jsorg","EAC_TZA","air",0.162
"jsorg","EAC_TZA","arf",0.162
"jsorg","EAU_AUS","air",0.078
"jsorg","EAU_AUS","arf",0.078
"jsorg","EGH_IND","air",0.126
"jsorg","EGH_IND","arf",0.126
"jsorg","EME_EGY","air",0.114
"jsorg","EME_EGY","arf",0.114
"jsorg","EME_ISR","air",0.114
"jsorg","EME_ISR","arf",0.114
"jsorg","EME_JOR","air",0.084
"jsorg","EME_JOR","arf",0.084
"jsorg","EME_LBN","air",0.084
"jsorg","EME_LBN","arf",0.084
"jsorg","EME_PSE","air",0.126
"jsorg","EME_PSE","arf",0.126
"jsorg","EME_SYR","air",0.084
"jsorg","EME_SYR","arf",0.084
"jsorg","EME_TUR","air",0.096
"jsorg","EME_TUR","arf",0.096
"jsorg","FJI_FJI","air",0.114
"jsorg","FJI_FJI","arf",0.114
"jsorg","GAN_BGD","air",0.138
"jsorg","GAN_BGD","arf",0.138
"jsorg","GAN_CHM","air",0.114
"jsorg","GAN_CHM","arf",0.114
"jsorg","GAN_IND","air",0.126
"jsorg","GAN_IND","arf",0.126
"jsorg","GBA_USA","air",0.09
"jsorg","GBA_USA","arf",0.09
"jsorg","GLA_USA","air",0.09
"jsorg","GLA_USA","arf",0.09
"jsorg","GOD_IND","air",0.126
"jsorg","GOD_IND","arf",0.126
"jsorg","GRC_GRC","air",0.102
"jsorg","GRC_GRC","arf",0.102
"jsorg","GTM_GTM","air",0.12
"jsorg","GTM_GTM","arf",0.12
"jsorg","HAI_CHM","air",0.114
"jsorg","HAI_CHM","arf",0.114
"jsorg","HND_HND","air",0.12
"jsorg","HND_HND","arf",0.12
"jsorg","HOA_ETH","air",0.132
"jsorg","HOA_ETH","arf",0.132
"jsorg","HOA_KEN","air",0.162
"jsorg","HOA_KEN","arf",0.162
"jsorg","HOA_SOM","air",0.132
"jsorg","HOA_SOM","arf",0.132
"jsorg","HTI_HTI","air",0.12
"jsorg","HTI_HTI","arf",0.12
"jsorg","HUA_CHM","air",0.114
"jsorg","HUA_CHM","arf",0.114
"jsorg","HUN_CHM","air",0.114
"jsorg","HUN_CHM","arf",0.114
"jsorg","HWI_USA","air",0.09
"jsorg","HWI_USA","arf",0.09
"jsorg","IEC_IND","air",0.126
"jsorg","IEC_IND","arf",0.126
"jsorg","IND_CHM","air",0.114
"jsorg","IND_CHM","arf",0.114
"jsorg","IND_IND","air",0.126
"jsorg","IND_IND","arf",0.126
"jsorg","IND_PAK","air",0.108
"jsorg","IND_PAK","arf",0.108
"jsorg","ITA_ITP","air",0.084
"jsorg","ITA_ITP","arf",0.084
"jsorg","KAL_BWA","air",0.162
"jsorg","KAL_BWA","arf",0.162
"jsorg","KAL_NAM","air",0.162
"jsorg","KAL_NAM","arf",0.162
"jsorg","KAL_ZAF","air",0.114
"jsorg","KAL_ZAF","arf",0.114
"jsorg","KRI_IND","air",0.126
"jsorg","KRI_IND","arf",0.126
"jsorg","LAJ_CHM","air",0.114
"jsorg","LAJ_CHM","arf",0.114
"jsorg","LBA_KAZ","air",0.132
"jsorg","LBA_KAZ","arf",0.132
"jsorg","LBO_FRP","air",0.084
"jsorg","LBO_FRP","arf",0.084
"jsorg","LCB_CAF","air",0.126
"jsorg","LCB_CAF","arf",0.126
"jsorg","LCB_CMR","air",0.126
"jsorg","LCB_CMR","arf",0.126
"jsorg","LCB_NER","air",0.132
"jsorg","LCB_NER","arf",0.132
"jsorg","LCB_NGA","air",0.108
"jsorg","LCB_NGA","arf",0.108
"jsorg","LCB_TCD","air",0.132
"jsorg","LCB_TCD","arf",0.132
"jsorg","LIM_BWA","air",0.162
"jsorg","LIM_BWA","arf",0.162
"jsorg","LIM_MOZ","air",0.162
"jsorg","LIM_MOZ","arf",0.162
"jsorg","LIM_ZAF","air",0.114
"jsorg","LIM_ZAF","arf",0.114
"jsorg","LIM_ZWE","air",0.162
"jsorg","LIM_ZWE","arf",0.162
"jsorg","LMO_CHM","air",0.114
"jsorg","LMO_CHM","arf",0.114
"jsorg","LTZ_KAZ","air",0.132
"jsorg","LTZ_KAZ","arf",0.132
"jsorg","LUN_IND","air",0.126
"jsorg","LUN_IND","arf",0.126
"jsorg","MAD_MDG","air",0.162
"jsorg","MAD_MDG","arf",0.162
"jsorg","MAT_IND","air",0.126
"jsorg","MAT_IND","arf",0.126
"jsorg","MAU_AUS","air",0.078
"jsorg","MAU_AUS","arf",0.078
"jsorg","MEK_MMR","air",0.09
"jsorg","MEK_MMR","arf",0.09
"jsorg","MEK_THA","air",0.096
"jsorg","MEK_THA","arf",0.096
"jsorg","MHN_IND","air",0.126
"jsorg","MHN_IND","arf",0.126
"jsorg","MIM_MEX","air",0.114
"jsorg","MIM_MEX","arf",0.114
"jsorg","MIS_USA","air",0.09
"jsorg","MIS_USA","arf",0.09
"jsorg","MOU_USA","air",0.09
"jsorg","MOU_USA","arf",0.09
"jsorg","NAC_DZA","air",0.084
"jsorg","NAC_DZA","arf",0.084
"jsorg","NAC_EGY","air",0.114
"jsorg","NAC_EGY","arf",0.114
"jsorg","NAC_TUN","air",0.084
"jsorg","NAC_TUN","arf",0.084
"jsorg","NEB_BRA","air",0.102
"jsorg","NEB_BRA","arf",0.102
"jsorg","NER_RUS","air",0.09
"jsorg","NER_RUS","arf",0.09
"jsorg","NIC_NIC","air",0.12
"jsorg","NIC_NIC","arf",0.12
"jsorg","NIG_BEN","air",0.126
"jsorg","NIG_BEN","arf",0.126
"jsorg","NIG_BFA","air",0.132
"jsorg","NIG_BFA","arf",0.132
"jsorg","NIG_CIV","air",0.126
"jsorg","NIG_CIV","arf",0.126
"jsorg","NIG_CMR","air",0.126
"jsorg","NIG_CMR","arf",0.126
"jsorg","NIG_GIN","air",0.126
"jsorg","NIG_GIN","arf",0.126
"jsorg","NIG_MLI","air",0.132
"jsorg","NIG_MLI","arf",0.132
"jsorg","NIG_NER","air",0.132
"jsorg","NIG_NER","arf",0.132
"jsorg","NIG_NGA","air",0.108
"jsorg","NIG_NGA","arf",0.108
"jsorg","NIG_TCD","air",0.132
"jsorg","NIG_TCD","arf",0.132
"jsorg","NKP_PRK","air",0.12
"jsorg","NKP_PRK","arf",0.12
"jsorg","NLL_EGY","air",0.114
"jsorg","NLL_EGY","arf",0.114
"jsorg","NLL_ERI","air",0.132
"jsorg","NLL_ERI","arf",0.132
"jsorg","NLL_ETH","air",0.132
"jsorg","NLL_ETH","arf",0.132
"jsorg","NLL_SDN","air",0.132
"jsorg","NLL_SDN","arf",0.132
"jsorg","NLL_UGA","air",0.162
"jsorg","NLL_UGA","arf",0.162
"jsorg","NWA_MOR","air",0.084
"jsorg","NWA_MOR","arf",0.084
"jsorg","NWA_MRT","air",0.132
"jsorg","NWA_MRT","arf",0.132
"jsorg","NWS_COL","air",0.108
"jsorg","NWS_COL","arf",0.108
"jsorg","NWS_ECU","air",0.12
"jsorg","NWS_ECU","arf",0.12
"jsorg","OBB_CHM","air",0.114
"jsorg","OBB_CHM","arf",0.114
"jsorg","OBB_KAZ","air",0.132
"jsorg","OBB_KAZ","arf",0.132
"jsorg","OBB_RUS","air",0.09
"jsorg","OBB_RUS","arf",0.09
"jsorg","ODE_RUS","air",0.09
"jsorg","ODE_RUS","arf",0.09
"jsorg","OHI_USA","air",0.09
"jsorg","OHI_USA","arf",0.09
"jsorg","OIO_OIO","air",0.114
"jsorg","OIO_OIO","arf",0.114
"jsorg","OPO_OPO","air",0.114
"jsorg","OPO_OPO","arf",0.114
"jsorg","ORA_LSO","air",0.162
"jsorg","ORA_LSO","arf",0.162
"jsorg","ORA_NAM","air",0.162
"jsorg","ORA_NAM","arf",0.162
"jsorg","ORA_ZAF","air",0.114
"jsorg","ORA_ZAF","arf",0.114
"jsorg","ORI_COL","air",0.108
"jsorg","ORI_COL","arf",0.108
"jsorg","ORI_VEN","air",0.12
"jsorg","ORI_VEN","arf",0.12
"jsorg","PAN_PAN","air",0.12
"jsorg","PAN_PAN","arf",0.12
"jsorg","PAO_PNG","air",0.114
"jsorg","PAO_PNG","arf",0.114
"jsorg","PAR_ARG","air",0.06
"jsorg","PAR_ARG","arf",0.06
"jsorg","PAR_BOL","air",0.12
"jsorg","PAR_BOL","arf",0.12
"jsorg","PAR_BRA","air",0.102
"jsorg","PAR_BRA","arf",0.102
"jsorg","PAR_PRY","air",0.12
"jsorg","PAR_PRY","arf",0.12
"jsorg","PEC_PER","air",0.12
"jsorg","PEC_PER","arf",0.12
"jsorg","PHI_PHL","air",0.096
"jsorg","PHI_PHL","arf",0.096
"jsorg","RAP_RAP","air",0.084
"jsorg","RAP_RAP","arf",0.084
"jsorg","RHI_FRP","air",0.084
"jsorg","RHI_FRP","arf",0.084
"jsorg","RHO_FRP","air",0.084
"jsorg","RHO_FRP","arf",0.084
"jsorg","RIC_ARG","air",0.06
"jsorg","RIC_ARG","arf",0.06
"jsorg","RIG_MEX","air",0.114
"jsorg","RIG_MEX","arf",0.114
"jsorg","RIG_USA","air",0.09
"jsorg","RIG_USA","arf",0.09
"jsorg","RRS_RUS","air",0.09
"jsorg","RRS_RUS","arf",0.09
"jsorg","RVE_VEN","air",0.12
"jsorg","RVE_VEN","arf",0.12
"jsorg","RWI_USA","air",0.09
"jsorg","RWI_USA","arf",0.09
"jsorg","SAC_SWZ","air",0.162
"jsorg","SAC_SWZ","arf",0.162
"jsorg","SAC_ZAF","air",0.114
"jsorg","SAC_ZAF","arf",0.114
"jsorg","SAF_MOZ","air",0.162
"jsorg","SAF_MOZ","arf",0.162
"jsorg","SAF_TZA","air",0.162
"jsorg","SAF_TZA","arf",0.162
"jsorg","SAF_ZWE","air",0.162
"jsorg","SAF_ZWE","arf",0.162
"jsorg","SAH_DZA","air",0.084
"jsorg","SAH_DZA","arf",0.084
"jsorg","SAH_EGY","air",0.114
"jsorg","SAH_EGY","arf",0.114
"jsorg","SAH_MLI","air",0.132
"jsorg","SAH_MLI","arf",0.132
"jsorg","SAH_MOR","air",0.084
"jsorg","SAH_MOR","arf",0.084
"jsorg","SAH_MRT","air",0.132
"jsorg","SAH_MRT","arf",0.132
"jsorg","SAH_NER","air",0.132
"jsorg","SAH_NER","arf",0.132
"jsorg","SAH_SDN","air",0.132
"jsorg","SAH_SDN","arf",0.132
"jsorg","SAH_TCD","air",0.132
"jsorg","SAH_TCD","arf",0.132
"jsorg","SAL_ARG","air",0.06
"jsorg","SAL_ARG","arf",0.06
"jsorg","SAN_BRA","air",0.102
"jsorg","SAN_BRA","arf",0.102
"jsorg","SAU_SAU","air",0.084
"jsorg","SAU_SAU","arf",0.084
"jsorg","SAY_IND","air",0.126
"jsorg","SAY_IND","arf",0.126
"jsorg","SEI_FRP","air",0.084
"jsorg","SEI_FRP","arf",0.084
"jsorg","SEN_GIN","air",0.126
"jsorg","SEN_GIN","arf",0.126
"jsorg","SEN_MLI","air",0.132
"jsorg","SEN_MLI","arf",0.132
"jsorg","SEN_MRT","air",0.132
"jsorg","SEN_MRT","arf",0.132
"jsorg","SEN_SEN","air",0.126
"jsorg","SEN_SEN","arf",0.126
"jsorg","SEU_USA","air",0.09
"jsorg","SEU_USA","arf",0.09
"jsorg","SKP_KOR","air",0.096
"jsorg","SKP_KOR","arf",0.096
"jsorg","SLV_SLV","air",0.12
"jsorg","SLV_SLV","arf",0.12
"jsorg","SON_CHM","air",0.114
"jsorg","SON_CHM","arf",0.114
"jsorg","SPP_SPP","air",0.084
"jsorg","SPP_SPP","arf",0.084
"jsorg","SRL_LKA","air",0.12
"jsorg","SRL_LKA","arf",0.12
"jsorg","SYD_KAZ","air",0.132
"jsorg","SYD_KAZ","arf",0.132
"jsorg","SYD_KGZ","air",0.132
"jsorg","SYD_KGZ","arf",0.132
"jsorg","SYD_TJK","air",0.132
"jsorg","SYD_TJK","arf",0.132
"jsorg","SYD_UZB","air",0.132
"jsorg","SYD_UZB","arf",0.132
"jsorg","TIE_ARG","air",0.06
"jsorg","TIE_ARG","arf",0.06
"jsorg","TIG_IRQ","air",0.084
"jsorg","TIG_IRQ","arf",0.084
"jsorg","TIG_SYR","air",0.084
"jsorg","TIG_SYR","arf",0.084
"jsorg","TIG_TUR","air",0.096
"jsorg","TIG_TUR","arf",0.096
"jsorg","TMM_BGD","air",0.138
"jsorg","TMM_BGD","arf",0.138
"jsorg","TMM_MMR","air",0.09
"jsorg","TMM_MMR","arf",0.09
"jsorg","TMM_THA","air",0.096
"jsorg","TMM_THA","arf",0.096
"jsorg","TOC_BRA","air",0.102
"jsorg","TOC_BRA","arf",0.102
"jsorg","TWN_CHM","air",0.114
"jsorg","TWN_CHM","arf",0.114
"jsorg","UME_MEX","air",0.114
"jsorg","UME_MEX","arf",0.114
"jsorg","UMO_RUS","air",0.09
"jsorg","UMO_RUS","arf",0.09
"jsorg","URA_KAZ","air",0.132
"jsorg","URA_KAZ","arf",0.132
"jsorg","URA_RUS","air",0.09
"jsorg","URA_RUS","arf",0.09
"jsorg","URU_BRA","air",0.102
"jsorg","URU_BRA","arf",0.102
"jsorg","URU_URY","air",0.12
"jsorg","URU_URY","arf",0.12
"jsorg","USN_USA","air",0.09
"jsorg","USN_USA","arf",0.09
"jsorg","VOG_RUS","air",0.09
"jsorg","VOG_RUS","arf",0.09
"jsorg","VOT_BEN","air",0.126
"jsorg","VOT_BEN","arf",0.126
"jsorg","VOT_BFA","air",0.132
"jsorg","VOT_BFA","arf",0.132
"jsorg","VOT_CIV","air",0.126
"jsorg","VOT_CIV","arf",0.126
"jsorg","VOT_GHA","air",0.126
"jsorg","VOT_GHA","arf",0.126
"jsorg","VOT_MLI","air",0.132
"jsorg","VOT_MLI","arf",0.132
"jsorg","VOT_TGO","air",0.126
"jsorg","VOT_TGO","arf",0.126
"jsorg","WAC_CIV","air",0.126
"jsorg","WAC_CIV","arf",0.126
"jsorg","WAC_GIN","air",0.126
"jsorg","WAC_GIN","arf",0.126
"jsorg","WAC_GMB","air",0.126
"jsorg","WAC_GMB","arf",0.126
"jsorg","WAC_GNB","air",0.126
"jsorg","WAC_GNB","arf",0.126
"jsorg","WAC_SEN","air",0.126
"jsorg","WAC_SEN","arf",0.126
"jsorg","WAC_SLE","air",0.126
"jsorg","WAC_SLE","arf",0.126
"jsorg","WAI_PAK","air",0.108
"jsorg","WAI_PAK","arf",0.108
"jsorg","WAU_AUS","air",0.078
"jsorg","WAU_AUS","arf",0.078
"jsorg","WGM_USA","air",0.09
"jsorg","WGM_USA","arf",0.09
"jsorg","YEM_YEM","air",0.084
"jsorg","YEM_YEM","arf",0.084
"jsorg","YEN_RUS","air",0.09
"jsorg","YEN_RUS","arf",0.09
"jsorg","YHE_CHM","air",0.114
"jsorg","YHE_CHM","arf",0.114
"jsorg","YRD_CHM","air",0.114
"jsorg","YRD_CHM","arf",0.114
"jsorg","YUC_MEX","air",0.114
"jsorg","YUC_MEX","arf",0.114
"jsorg","ZAM_AGO","air",0.162
"jsorg","ZAM_AGO","arf",0.162
"jsorg","ZAM_BWA","air",0.162
"jsorg","ZAM_BWA","arf",0.162
"jsorg","ZAM_COD","air",0.126
"jsorg","ZAM_COD","arf",0.126
"jsorg","ZAM_MOZ","air",0.162
"jsorg","ZAM_MOZ","arf",0.162
"jsorg","ZAM_MWI","air",0.162
"jsorg","ZAM_MWI","arf",0.162
"jsorg","ZAM_NAM","air",0.162
"jsorg","ZAM_NAM","arf",0.162
"jsorg","ZAM_TZA","air",0.162
"jsorg","ZAM_TZA","arf",0.162
"jsorg","ZAM_ZMB","air",0.162
"jsorg","ZAM_ZMB","arf",0.162
"jsorg","ZAM_ZWE","air",0.162
"jsorg","ZAM_ZWE","arf",0.162
"jsorg","ZHJ_CHM","air",0.114
"jsorg","ZHJ_CHM","arf",0.114
"jwhea","ALB_ALB","air",0.13
"jwhea","ALB_ALB","arf",0.13
"jwhea","ALK_USA","air",0.12
"jwhea","ALK_USA","arf",0.12
"jwhea","AMA_BOL","air",0.17
"jwhea","AMA_BOL","arf",0.17
"jwhea","AMA_BRA","air",0.15
"jwhea","AMA_BRA","arf",0.15
"jwhea","AMA_COL","air",0.16
"jwhea","AMA_COL","arf",0.16
"jwhea","AMA_ECU","air",0.17
"jwhea","AMA_ECU","arf",0.17
"jwhea","AMA_PER","air",0.17
"jwhea","AMA_PER","arf",0.17
"jwhea","AMD_AFG","air",0.17
"jwhea","AMD_AFG","arf",0.17
"jwhea","AMD_TJK","air",0.16
"jwhea","AMD_TJK","arf",0.16
"jwhea","AMD_TKM","air",0.16
"jwhea","AMD_TKM","arf",0.16
"jwhea","AMD_UZB","air",0.16
"jwhea","AMD_UZB","arf",0.16
"jwhea","AMR_CHM","air",0.16
"jwhea","AMR_CHM","arf",0.16
"jwhea","AMR_RUS","air",0.11
"jwhea","AMR_RUS","arf",0.11
"jwhea","ARA_IRQ","air",0.13
"jwhea","ARA_IRQ","arf",0.13
"jwhea","ARK_USA","air",0.12
"jwhea","ARK_USA","arf",0.12
"jwhea","ARM_ARM","air",0.11
"jwhea","ARM_ARM","arf",0.11
"jwhea","AZE_AZE","air",0.11
"jwhea","AZE_AZE","arf",0.11
"jwhea","BAL_BLT","air",0.11
"jwhea","BAL_BLT","arf",0.11
"jwhea","BAL_RUS","air",0.11
"jwhea","BAL_RUS","arf",0.11
"jwhea","BLA_RUS","air",0.11
"jwhea","BLA_RUS","arf",0.11
"jwhea","BLA_TUR","air",0.14
"jwhea","BLA_TUR","arf",0.14
"jwhea","BLA_UKR","air",0.11
"jwhea","BLA_UKR","arf",0.11
"jwhea","BRT_BGD","air",0.2
"jwhea","BRT_BGD","arf",0.2
"jwhea","BRT_BTN","air",0.17
"jwhea","BRT_BTN","arf",0.17
"jwhea","BRT_CHM","air",0.16
"jwhea","BRT_CHM","arf",0.16
"jwhea","BRT_IND","air",0.253
"jwhea","BRT_IND","arf",0.253
"jwhea","CAF_AGO","air",0.23
"jwhea","CAF_AGO","arf",0.23
"jwhea","CAF_CMR","air",0.17
"jwhea","CAF_CMR","arf",0.17
"jwhea","CAF_NAM","air",0.23
"jwhea","CAF_NAM","arf",0.23
"jwhea","CAL_USA","air",0.12
"jwhea","CAL_USA","arf",0.12
"jwhea","CAN_CAN","air",0.14
"jwhea","CAN_CAN","arf",0.14
"jwhea","CAU_AUS","air",0.1
"jwhea","CAU_AUS","arf",0.1
"jwhea","CAV_IND","air",0.253
"jwhea","CAV_IND","arf",0.253
"jwhea","CHC_CHL","air",0.17
"jwhea","CHC_CHL","arf",0.17
"jwhea","CHJ_CHM","air",0.16
"jwhea","CHJ_CHM","arf",0.16
"jwhea","CHO_IND","air",0.253
"jwhea","CHO_IND","arf",0.253
"jwhea","CHU_KAZ","air",0.16
"jwhea","CHU_KAZ","arf",0.16
"jwhea","CHU_KGZ","air",0.16
"jwhea","CHU_KGZ","arf",0.16
"jwhea","COB_CAN","air",0.14
"jwhea","COB_CAN","arf",0.14
"jwhea","COB_USA","air",0.12
"jwhea","COB_USA","arf",0.12
"jwhea","COL_USA","air",0.12
"jwhea","COL_USA","arf",0.12
"jwhea","CON_AGO","air",0.23
"jwhea","CON_AGO","arf",0.23
"jwhea","CON_COD","air",0.17
"jwhea","CON_COD","arf",0.17
"jwhea","DAN_AUT","air",0.11
"jwhea","DAN_AUT","arf",0.11
"jwhea","DAN_BGR","air",0.13
"jwhea","DAN_BGR","arf",0.13
"jwhea","DAN_CZE","air",0.13
"jwhea","DAN_CZE","arf",0.13
"jwhea","DAN_DEU","air",0.11
"jwhea","DAN_DEU","arf",0.11
"jwhea","DAN_HRV","air",0.13
"jwhea","DAN_HRV","arf",0.13
"jwhea","DAN_HUN","air",0.13
"jwhea","DAN_HUN","arf",0.13
"jwhea","DAN_MDA","air",0.13
"jwhea","DAN_MDA","arf",0.13
"jwhea","DAN_OBN","air",0.13
"jwhea","DAN_OBN","arf",0.13
"jwhea","DAN_ROU","air",0.13
"jwhea","DAN_ROU","arf",0.13
"jwhea","DAN_SVK","air",0.13
"jwhea","DAN_SVK","arf",0.13
"jwhea","DAN_SVN","air",0.13
"jwhea","DAN_SVN","arf",0.13
"jwhea","DAN_TUR","air",0.14
"jwhea","DAN_TUR","arf",0.14
"jwhea","DAN_UKR","air",0.11
"jwhea","DAN_UKR","arf",0.11
"jwhea","DNI_BLR","air",0.11
"jwhea","DNI_BLR","arf",0.11
"jwhea","DNI_RUS","air",0.11
"jwhea","DNI_RUS","arf",0.11
"jwhea","DNI_UKR","air",0.11
"jwhea","DNI_UKR","arf",0.11
"jwhea","EAC_BDI","air",0.22
"jwhea","EAC_BDI","arf",0.22
"jwhea","EAC_COD","air",0.17
"jwhea","EAC_COD","arf",0.17
"jwhea","EAC_RWA","air",0.22
"jwhea","EAC_RWA","arf",0.22
"jwhea","EAC_TZA","air",0.22
"jwhea","EAC_TZA","arf",0.22
"jwhea","EAU_AUS","air",0.1
"jwhea","EAU_AUS","arf",0.1
"jwhea","EGH_IND","air",0.253
"jwhea","EGH_IND","arf",0.253
"jwhea","ELB_DEU","air",0.11
"jwhea","ELB_DEU","arf",0.11
"jwhea","ELB_DNK","air",0.11
"jwhea","ELB_DNK","arf",0.11
"jwhea","EME_CYP","air",0.13
"jwhea","EME_CYP","arf",0.13
"jwhea","EME_EGY","air",0.17
"jwhea","EME_EGY","arf",0.17
"jwhea","EME_ISR","air",0.14
"jwhea","EME_ISR","arf",0.14
"jwhea","EME_JOR","air",0.13
"jwhea","EME_JOR","arf",0.13
"jwhea","EME_LBN","air",0.13
"jwhea","EME_LBN","arf",0.13
"jwhea","EME_PSE","air",0.17
"jwhea","EME_PSE","arf",0.17
"jwhea","EME_SYR","air",0.13
"jwhea","EME_SYR","arf",0.13
"jwhea","EME_TUR","air",0.14
"jwhea","EME_TUR","arf",0.14
"jwhea","FNP_FNP","air",0.11
"jwhea","FNP_FNP","arf",0.11
"jwhea","GAN_BGD","air",0.2
"jwhea","GAN_BGD","arf",0.2
"jwhea","GAN_CHM","air",0.16
"jwhea","GAN_CHM","arf",0.16
"jwhea","GAN_IND","air",0.253
"jwhea","GAN_IND","arf",0.253
"jwhea","GAN_NPL","air",0.17
"jwhea","GAN_NPL","arf",0.17
"jwhea","GBA_USA","air",0.12
"jwhea","GBA_USA","arf",0.12
"jwhea","GEO_GEO","air",0.11
"jwhea","GEO_GEO","arf",0.11
"jwhea","GLA_CAN","air",0.14
"jwhea","GLA_CAN","arf",0.14
"jwhea","GLA_USA","air",0.12
"jwhea","GLA_USA","arf",0.12
"jwhea","GOD_IND","air",0.253
"jwhea","GOD_IND","arf",0.253
"jwhea","GRC_GRC","air",0.13
"jwhea","GRC_GRC","arf",0.13
"jwhea","GTM_GTM","air",0.17
"jwhea","GTM_GTM","arf",0.17
"jwhea","HAI_CHM","air",0.16
"jwhea","HAI_CHM","arf",0.16
"jwhea","HND_HND","air",0.17
"jwhea","HND_HND","arf",0.17
"jwhea","HOA_ETH","air",0.18
"jwhea","HOA_ETH","arf",0.18
"jwhea","HOA_KEN","air",0.22
"jwhea","HOA_KEN","arf",0.22
"jwhea","HOA_SOM","air",0.18
"jwhea","HOA_SOM","arf",0.18
"jwhea","HUA_CHM","air",0.16
"jwhea","HUA_CHM","arf",0.16
"jwhea","HUN_CHM","air",0.16
"jwhea","HUN_CHM","arf",0.16
"jwhea","HWI_USA","air",0.12
"jwhea","HWI_USA","arf",0.12
"jwhea","IEC_IND","air",0.253
"jwhea","IEC_IND","arf",0.253
"jwhea","IND_CHM","air",0.16
"jwhea","IND_CHM","arf",0.16
"jwhea","IND_IND","air",0.253
"jwhea","IND_IND","arf",0.253
"jwhea","IND_PAK","air",0.16
"jwhea","IND_PAK","arf",0.16
"jwhea","IRL_IRL","air",0.11
"jwhea","IRL_IRL","arf",0.11
"jwhea","ITA_ITP","air",0.11
"jwhea","ITA_ITP","arf",0.11
"jwhea","JAP_JPN","air",0.11
"jwhea","JAP_JPN","arf",0.11
"jwhea","KAL_BWA","air",0.23
"jwhea","KAL_BWA","arf",0.23
"jwhea","KAL_NAM","air",0.23
"jwhea","KAL_NAM","arf",0.23
"jwhea","KAL_ZAF","air",0.14
"jwhea","KAL_ZAF","arf",0.14
"jwhea","KRI_IND","air",0.253
"jwhea","KRI_IND","arf",0.253
"jwhea","LAJ_CHM","air",0.16
"jwhea","LAJ_CHM","arf",0.16
"jwhea","LBA_KAZ","air",0.16
"jwhea","LBA_KAZ","arf",0.16
"jwhea","LBO_FRP","air",0.23
"jwhea","LBO_FRP","arf",0.23
"jwhea","LCB_CMR","air",0.17
"jwhea","LCB_CMR","arf",0.17
"jwhea","LCB_NER","air",0.18
"jwhea","LCB_NER","arf",0.18
"jwhea","LCB_NGA","air",0.14
"jwhea","LCB_NGA","arf",0.14
"jwhea","LCB_TCD","air",0.18
"jwhea","LCB_TCD","arf",0.18
"jwhea","LIM_BWA","air",0.23
"jwhea","LIM_BWA","arf",0.23
"jwhea","LIM_MOZ","air",0.23
"jwhea","LIM_MOZ","arf",0.23
"jwhea","LIM_ZAF","air",0.14
"jwhea","LIM_ZAF","arf",0.14
"jwhea","LIM_ZWE","air",0.23
"jwhea","LIM_ZWE","arf",0.23
"jwhea","LMO_CHM","air",0.16
"jwhea","LMO_CHM","arf",0.16
"jwhea","LMO_MNG","air",0.17
"jwhea","LMO_MNG","arf",0.17
"jwhea","LTZ_KAZ","air",0.16
"jwhea","LTZ_KAZ","arf",0.16
"jwhea","LUN_IND","air",0.253
"jwhea","LUN_IND","arf",0.253
"jwhea","MAD_MDG","air",0.23
"jwhea","MAD_MDG","arf",0.23
"jwhea","MAT_IND","air",0.253
"jwhea","MAT_IND","arf",0.253
"jwhea","MAU_AUS","air",0.1
"jwhea","MAU_AUS","arf",0.1
"jwhea","MCK_CAN","air",0.14
"jwhea","MCK_CAN","arf",0.14
"jwhea","MEK_MMR","air",0.12
"jwhea","MEK_MMR","arf",0.12
"jwhea","MEK_THA","air",0.14
"jwhea","MEK_THA","arf",0.14
"jwhea","MHN_IND","air",0.253
"jwhea","MHN_IND","arf",0.253
"jwhea","MIM_MEX","air",0.17
"jwhea","MIM_MEX","arf",0.17
"jwhea","MIS_USA","air",0.12
"jwhea","MIS_USA","arf",0.12
"jwhea","MOU_USA","air",0.12
"jwhea","MOU_USA","arf",0.12
"jwhea","NAC_DZA","air",0.13
"jwhea","NAC_DZA","arf",0.13
"jwhea","NAC_EGY","air",0.17
"jwhea","NAC_EGY","arf",0.17
"jwhea","NAC_LBY","air",0.13
"jwhea","NAC_LBY","arf",0.13
"jwhea","NAC_TUN","air",0.13
"jwhea","NAC_TUN","arf",0.13
"jwhea","NEB_BRA","air",0.15
"jwhea","NEB_BRA","arf",0.15
"jwhea","NER_RUS","air",0.11
"jwhea","NER_RUS","arf",0.11
"jwhea","NIG_CMR","air",0.17
"jwhea","NIG_CMR","arf",0.17
"jwhea","NIG_MLI","air",0.18
"jwhea","NIG_MLI","arf",0.18
"jwhea","NIG_NER","air",0.18
"jwhea","NIG_NER","arf",0.18
"jwhea","NIG_NGA","air",0.14
"jwhea","NIG_NGA","arf",0.14
"jwhea","NIG_TCD","air",0.18
"jwhea","NIG_TCD","arf",0.18
"jwhea","NKP_PRK","air",0.17
"jwhea","NKP_PRK","arf",0.17
"jwhea","NLL_EGY","air",0.17
"jwhea","NLL_EGY","arf",0.17
"jwhea","NLL_ERI","air",0.18
"jwhea","NLL_ERI","arf",0.18
"jwhea","NLL_ETH","air",0.18
"jwhea","NLL_ETH","arf",0.18
"jwhea","NLL_SDN","air",0.18
"jwhea","NLL_SDN","arf",0.18
"jwhea","NLL_UGA","air",0.22
"jwhea","NLL_UGA","arf",0.22
"jwhea","NOR_NOR","air",0.11
"jwhea","NOR_NOR","arf",0.11
"jwhea","NWA_MOR","air",0.13
"jwhea","NWA_MOR","arf",0.13
"jwhea","NWA_MRT","air",0.18
"jwhea","NWA_MRT","arf",0.18
"jwhea","NWS_COL","air",0.16
"jwhea","NWS_COL","arf",0.16
"jwhea","NWS_ECU","air",0.17
"jwhea","NWS_ECU","arf",0.17
"jwhea","NZE_NZL","air",0.14
"jwhea","NZE_NZL","arf",0.14
"jwhea","OBB_CHM","air",0.16
"jwhea","OBB_CHM","arf",0.16
"jwhea","OBB_KAZ","air",0.16
"jwhea","OBB_KAZ","arf",0.16
"jwhea","OBB_RUS","air",0.11
"jwhea","OBB_RUS","arf",0.11
"jwhea","ODE_DEU","air",0.11
"jwhea","ODE_DEU","arf",0.11
"jwhea","ODE_POL","air",0.13
"jwhea","ODE_POL","arf",0.13
"jwhea","ODE_RUS","air",0.11
"jwhea","ODE_RUS","arf",0.11
"jwhea","OHI_USA","air",0.12
"jwhea","OHI_USA","arf",0.12
"jwhea","OPO_OPO","air",0.16
"jwhea","OPO_OPO","arf",0.16
"jwhea","ORA_LSO","air",0.23
"jwhea","ORA_LSO","arf",0.23
"jwhea","ORA_NAM","air",0.23
"jwhea","ORA_NAM","arf",0.23
"jwhea","ORA_ZAF","air",0.14
"jwhea","ORA_ZAF","arf",0.14
"jwhea","ORI_COL","air",0.16
"jwhea","ORI_COL","arf",0.16
"jwhea","ORI_VEN","air",0.17
"jwhea","ORI_VEN","arf",0.17
"jwhea","PAR_ARG","air",0.09
"jwhea","PAR_ARG","arf",0.09
"jwhea","PAR_BOL","air",0.17
"jwhea","PAR_BOL","arf",0.17
"jwhea","PAR_BRA","air",0.15
"jwhea","PAR_BRA","arf",0.15
"jwhea","PAR_PRY","air",0.17
"jwhea","PAR_PRY","arf",0.17
"jwhea","PEC_PER","air",0.17
"jwhea","PEC_PER","arf",0.17
"jwhea","PRT_PRT","air",0.11
"jwhea","PRT_PRT","arf",0.11
"jwhea","RAP_RAP","air",0.13
"jwhea","RAP_RAP","arf",0.13
"jwhea","RHI_BLX","air",0.11
"jwhea","RHI_BLX","arf",0.11
"jwhea","RHI_CHP","air",0.11
"jwhea","RHI_CHP","arf",0.11
"jwhea","RHI_DEU","air",0.11
"jwhea","RHI_DEU","arf",0.11
"jwhea","RHI_FRP","air",0.23
"jwhea","RHI_FRP","arf",0.23
"jwhea","RHI_NLD","air",0.11
"jwhea","RHI_NLD","arf",0.11
"jwhea","RHO_FRP","air",0.23
"jwhea","RHO_FRP","arf",0.23
"jwhea","RIC_ARG","air",0.09
"jwhea","RIC_ARG","arf",0.09
"jwhea","RIG_MEX","air",0.17
"jwhea","RIG_MEX","arf",0.17
"jwhea","RIG_USA","air",0.12
"jwhea","RIG_USA","arf",0.12
"jwhea","RRS_RUS","air",0.11
"jwhea","RRS_RUS","arf",0.11
"jwhea","RVE_VEN","air",0.17
"jwhea","RVE_VEN","arf",0.17
"jwhea","RWI_CAN","air",0.14
"jwhea","RWI_CAN","arf",0.14
"jwhea","RWI_USA","air",0.12
"jwhea","RWI_USA","arf",0.12
"jwhea","SAC_SWZ","air",0.23
"jwhea","SAC_SWZ","arf",0.23
"jwhea","SAC_ZAF","air",0.14
"jwhea","SAC_ZAF","arf",0.14
"jwhea","SAF_MOZ","air",0.23
"jwhea","SAF_MOZ","arf",0.23
"jwhea","SAF_TZA","air",0.22
"jwhea","SAF_TZA","arf",0.22
"jwhea","SAF_ZWE","air",0.23
"jwhea","SAF_ZWE","arf",0.23
"jwhea","SAH_DZA","air",0.13
"jwhea","SAH_DZA","arf",0.13
"jwhea","SAH_EGY","air",0.17
"jwhea","SAH_EGY","arf",0.17
"jwhea","SAH_LBY","air",0.13
"jwhea","SAH_LBY","arf",0.13
"jwhea","SAH_MLI","air",0.18
"jwhea","SAH_MLI","arf",0.18
"jwhea","SAH_MOR","air",0.13
"jwhea","SAH_MOR","arf",0.13
"jwhea","SAH_MRT","air",0.18
"jwhea","SAH_MRT","arf",0.18
"jwhea","SAH_NER","air",0.18
"jwhea","SAH_NER","arf",0.18
"jwhea","SAH_SDN","air",0.18
"jwhea","SAH_SDN","arf",0.18
"jwhea","SAH_TCD","air",0.18
"jwhea","SAH_TCD","arf",0.18
"jwhea","SAL_ARG","air",0.09
"jwhea","SAL_ARG","arf",0.09
"jwhea","SAN_BRA","air",0.15
"jwhea","SAN_BRA","arf",0.15
"jwhea","SAU_SAU","air",0.13
"jwhea","SAU_SAU","arf",0.13
"jwhea","SAY_IND","air",0.253
"jwhea","SAY_IND","arf",0.253
"jwhea","SEI_FRP","air",0.23
"jwhea","SEI_FRP","arf",0.23
"jwhea","SEN_MLI","air",0.18
"jwhea","SEN_MLI","arf",0.18
"jwhea","SEN_MRT","air",0.18
"jwhea","SEN_MRT","arf",0.18
"jwhea","SEU_USA","air",0.12
"jwhea","SEU_USA","arf",0.12
"jwhea","SKP_KOR","air",0.14
"jwhea","SKP_KOR","arf",0.14
"jwhea","SON_CHM","air",0.16
"jwhea","SON_CHM","arf",0.16
"jwhea","SPP_SPP","air",0.11
"jwhea","SPP_SPP","arf",0.11
"jwhea","SWE_SWE","air",0.11
"jwhea","SWE_SWE","arf",0.11
"jwhea","SYD_KAZ","air",0.16
"jwhea","SYD_KAZ","arf",0.16
"jwhea","SYD_KGZ","air",0.16
"jwhea","SYD_KGZ","arf",0.16
"jwhea","SYD_TJK","air",0.16
"jwhea","SYD_TJK","arf",0.16
"jwhea","SYD_UZB","air",0.16
"jwhea","SYD_UZB","arf",0.16
"jwhea","TIE_ARG","air",0.09
"jwhea","TIE_ARG","arf",0.09
"jwhea","TIG_IRN","air",0.13
"jwhea","TIG_IRN","arf",0.13
"jwhea","TIG_IRQ","air",0.13
"jwhea","TIG_IRQ","arf",0.13
"jwhea","TIG_SYR","air",0.13
"jwhea","TIG_SYR","arf",0.13
"jwhea","TIG_TUR","air",0.14
"jwhea","TIG_TUR","arf",0.14
"jwhea","TMM_BGD","air",0.2
"jwhea","TMM_BGD","arf",0.2
"jwhea","TMM_MMR","air",0.12
"jwhea","TMM_MMR","arf",0.12
"jwhea","TMM_THA","air",0.14
"jwhea","TMM_THA","arf",0.14
"jwhea","TOC_BRA","air",0.15
"jwhea","TOC_BRA","arf",0.15
"jwhea","TWN_CHM","air",0.16
"jwhea","TWN_CHM","arf",0.16
"jwhea","UKP_UKP","air",0.11
"jwhea","UKP_UKP","arf",0.11
"jwhea","UME_MEX","air",0.17
"jwhea","UME_MEX","arf",0.17
"jwhea","UMO_MNG","air",0.17
"jwhea","UMO_MNG","arf",0.17
"jwhea","UMO_RUS","air",0.11
"jwhea","UMO_RUS","arf",0.11
"jwhea","URA_KAZ","air",0.16
"jwhea","URA_KAZ","arf",0.16
"jwhea","URA_RUS","air",0.11
"jwhea","URA_RUS","arf",0.11
"jwhea","URA_TKM","air",0.16
"jwhea","URA_TKM","arf",0.16
"jwhea","URU_BRA","air",0.15
"jwhea","URU_BRA","arf",0.15
"jwhea","URU_URY","air",0.17
"jwhea","URU_URY","arf",0.17
"jwhea","USN_USA","air",0.12
"jwhea","USN_USA","arf",0.12
"jwhea","VOG_RUS","air",0.11
"jwhea","VOG_RUS","arf",0.11
"jwhea","VOT_MLI","air",0.18
"jwhea","VOT_MLI","arf",0.18
"jwhea","WAI_AFG","air",0.17
"jwhea","WAI_AFG","arf",0.17
"jwhea","WAI_IRN","air",0.13
"jwhea","WAI_IRN","arf",0.13
"jwhea","WAI_PAK","air",0.16
"jwhea","WAI_PAK","arf",0.16
"jwhea","WAI_TKM","air",0.16
"jwhea","WAI_TKM","arf",0.16
"jwhea","WAU_AUS","air",0.1
"jwhea","WAU_AUS","arf",0.1
"jwhea","WGM_USA","air",0.12
"jwhea","WGM_USA","arf",0.12
"jwhea","YEM_YEM","air",0.13
"jwhea","YEM_YEM","arf",0.13
"jwhea","YEN_RUS","air",0.11
"jwhea","YEN_RUS","arf",0.11
"jwhea","YHE_CHM","air",0.16
"jwhea","YHE_CHM","arf",0.16
"jwhea","YRD_CHM","air",0.16
"jwhea","YRD_CHM","arf",0.16
"jwhea","YUC_MEX","air",0.17
"jwhea","YUC_MEX","arf",0.17
"jwhea","ZAM_AGO","air",0.23
"jwhea","ZAM_AGO","arf",0.23
"jwhea","ZAM_BWA","air",0.23
"jwhea","ZAM_BWA","arf",0.23
"jwhea","ZAM_COD","air",0.17
"jwhea","ZAM_COD","arf",0.17
"jwhea","ZAM_MOZ","air",0.23
"jwhea","ZAM_MOZ","arf",0.23
"jwhea","ZAM_MWI","air",0.23
"jwhea","ZAM_MWI","arf",0.23
"jwhea","ZAM_NAM","air",0.23
"jwhea","ZAM_NAM","arf",0.23
"jwhea","ZAM_TZA","air",0.22
"jwhea","ZAM_TZA","arf",0.22
"jwhea","ZAM_ZMB","air",0.23
"jwhea","ZAM_ZMB","arf",0.23
"jwhea","ZAM_ZWE","air",0.23
"jwhea","ZAM_ZWE","arf",0.23
"jwhea","ZHJ_CHM","air",0.16
"jwhea","ZHJ_CHM","arf",0.16
"jocer","ALB_ALB","air",0.1
"jocer","ALB_ALB","arf",0.1
"jocer","ALK_USA","air",0.09
"jocer","ALK_USA","arf",0.09
"jocer","AMA_BOL","air",0.12
"jocer","AMA_BOL","arf",0.12
"jocer","AMA_BRA","air",0.1
"jocer","AMA_BRA","arf",0.1
"jocer","AMA_COL","air",0.11
"jocer","AMA_COL","arf",0.11
"jocer","AMA_ECU","air",0.12
"jocer","AMA_ECU","arf",0.12
"jocer","AMA_PER","air",0.12
"jocer","AMA_PER","arf",0.12
"jocer","AMD_TJK","air",0.13
"jocer","AMD_TJK","arf",0.13
"jocer","AMD_UZB","air",0.13
"jocer","AMD_UZB","arf",0.13
"jocer","AMR_CHM","air",0.11
"jocer","AMR_CHM","arf",0.11
"jocer","AMR_RUS","air",0.09
"jocer","AMR_RUS","arf",0.09
"jocer","ARA_IRQ","air",0.08
"jocer","ARA_IRQ","arf",0.08
"jocer","ARK_USA","air",0.09
"jocer","ARK_USA","arf",0.09
"jocer","ARM_ARM","air",0.09
"jocer","ARM_ARM","arf",0.09
"jocer","AZE_AZE","air",0.09
"jocer","AZE_AZE","arf",0.09
"jocer","BAL_BLT","air",0.09
"jocer","BAL_BLT","arf",0.09
"jocer","BAL_RUS","air",0.09
"jocer","BAL_RUS","arf",0.09
"jocer","BLA_RUS","air",0.09
"jocer","BLA_RUS","arf",0.09
"jocer","BLA_TUR","air",0.1
"jocer","BLA_TUR","arf",0.1
"jocer","BLA_UKR","air",0.09
"jocer","BLA_UKR","arf",0.09
"jocer","BRT_BTN","air",0.12
"jocer","BRT_BTN","arf",0.12
"jocer","BRT_CHM","air",0.11
"jocer","BRT_CHM","arf",0.11
"jocer","CAF_COG","air",0.13
"jocer","CAF_COG","arf",0.13
"jocer","CAL_USA","air",0.09
"jocer","CAL_USA","arf",0.09
"jocer","CAN_CAN","air",0.11
"jocer","CAN_CAN","arf",0.11
"jocer","CAU_AUS","air",0.08
"jocer","CAU_AUS","arf",0.08
"jocer","CHC_CHL","air",0.12
"jocer","CHC_CHL","arf",0.12
"jocer","CHJ_CHM","air",0.11
"jocer","CHJ_CHM","arf",0.11
"jocer","CHU_KAZ","air",0.13
"jocer","CHU_KAZ","arf",0.13
"jocer","CHU_KGZ","air",0.13
"jocer","CHU_KGZ","arf",0.13
"jocer","COB_CAN","air",0.11
"jocer","COB_CAN","arf",0.11
"jocer","COB_USA","air",0.09
"jocer","COB_USA","arf",0.09
"jocer","COL_USA","air",0.09
"jocer","COL_USA","arf",0.09
"jocer","CON_COG","air",0.13
"jocer","CON_COG","arf",0.13
"jocer","DAN_AUT","air",0.08
"jocer","DAN_AUT","arf",0.08
"jocer","DAN_BGR","air",0.1
"jocer","DAN_BGR","arf",0.1
"jocer","DAN_CZE","air",0.1
"jocer","DAN_CZE","arf",0.1
"jocer","DAN_DEU","air",0.08
"jocer","DAN_DEU","arf",0.08
"jocer","DAN_HRV","air",0.1
"jocer","DAN_HRV","arf",0.1
"jocer","DAN_HUN","air",0.1
"jocer","DAN_HUN","arf",0.1
"jocer","DAN_MDA","air",0.1
"jocer","DAN_MDA","arf",0.1
"jocer","DAN_OBN","air",0.1
"jocer","DAN_OBN","arf",0.1
"jocer","DAN_ROU","air",0.1
"jocer","DAN_ROU","arf",0.1
"jocer","DAN_SVK","air",0.1
"jocer","DAN_SVK","arf",0.1
"jocer","DAN_SVN","air",0.1
"jocer","DAN_SVN","arf",0.1
"jocer","DAN_TUR","air",0.1
"jocer","DAN_TUR","arf",0.1
"jocer","DAN_UKR","air",0.09
"jocer","DAN_UKR","arf",0.09
"jocer","DNI_BLR","air",0.09
"jocer","DNI_BLR","arf",0.09
"jocer","DNI_RUS","air",0.09
"jocer","DNI_RUS","arf",0.09
"jocer","DNI_UKR","air",0.09
"jocer","DNI_UKR","arf",0.09
"jocer","EAC_BDI","air",0.16
"jocer","EAC_BDI","arf",0.16
"jocer","EAC_TZA","air",0.16
"jocer","EAC_TZA","arf",0.16
"jocer","EAU_AUS","air",0.08
"jocer","EAU_AUS","arf",0.08
"jocer","ELB_DEU","air",0.08
"jocer","ELB_DEU","arf",0.08
"jocer","ELB_DNK","air",0.08
"jocer","ELB_DNK","arf",0.08
"jocer","EME_CYP","air",0.08
"jocer","EME_CYP","arf",0.08
"jocer","EME_EGY","air",0.11
"jocer","EME_EGY","arf",0.11
"jocer","EME_ISR","air",0.11
"jocer","EME_ISR","arf",0.11
"jocer","EME_LBN","air",0.08
"jocer","EME_LBN","arf",0.08
"jocer","EME_PSE","air",0.13
"jocer","EME_PSE","arf",0.13
"jocer","EME_SYR","air",0.08
"jocer","EME_SYR","arf",0.08
"jocer","EME_TUR","air",0.1
"jocer","EME_TUR","arf",0.1
"jocer","FNP_FNP","air",0.08
"jocer","FNP_FNP","arf",0.08
"jocer","GAN_CHM","air",0.11
"jocer","GAN_CHM","arf",0.11
"jocer","GAN_NPL","air",0.12
"jocer","GAN_NPL","arf",0.12
"jocer","GBA_USA","air",0.09
"jocer","GBA_USA","arf",0.09
"jocer","GEO_GEO","air",0.09
"jocer","GEO_GEO","arf",0.09
"jocer","GLA_CAN","air",0.11
"jocer","GLA_CAN","arf",0.11
"jocer","GLA_USA","air",0.09
"jocer","GLA_USA","arf",0.09
"jocer","GRC_GRC","air",0.1
"jocer","GRC_GRC","arf",0.1
"jocer","HAI_CHM","air",0.11
"jocer","HAI_CHM","arf",0.11
"jocer","HOA_ETH","air",0.13
"jocer","HOA_ETH","arf",0.13
"jocer","HOA_KEN","air",0.16
"jocer","HOA_KEN","arf",0.16
"jocer","HUA_CHM","air",0.11
"jocer","HUA_CHM","arf",0.11
"jocer","HUN_CHM","air",0.11
"jocer","HUN_CHM","arf",0.11
"jocer","HWI_USA","air",0.09
"jocer","HWI_USA","arf",0.09
"jocer","IND_CHM","air",0.11
"jocer","IND_CHM","arf",0.11
"jocer","IRL_IRL","air",0.08
"jocer","IRL_IRL","arf",0.08
"jocer","ITA_ITP","air",0.08
"jocer","ITA_ITP","arf",0.08
"jocer","JAP_JPN","air",0.08
"jocer","JAP_JPN","arf",0.08
"jocer","KAL_BWA","air",0.16
"jocer","KAL_BWA","arf",0.16
"jocer","KAL_ZAF","air",0.11
"jocer","KAL_ZAF","arf",0.11
"jocer","LAJ_CHM","air",0.11
"jocer","LAJ_CHM","arf",0.11
"jocer","LBA_KAZ","air",0.13
"jocer","LBA_KAZ","arf",0.13
"jocer","LBO_FRP","air",0.08
"jocer","LBO_FRP","arf",0.08
"jocer","LCB_NER","air",0.13
"jocer","LCB_NER","arf",0.13
"jocer","LCB_NGA","air",0.11
"jocer","LCB_NGA","arf",0.11
"jocer","LCB_TCD","air",0.13
"jocer","LCB_TCD","arf",0.13
"jocer","LIM_BWA","air",0.16
"jocer","LIM_BWA","arf",0.16
"jocer","LIM_ZAF","air",0.11
"jocer","LIM_ZAF","arf",0.11
"jocer","LIM_ZWE","air",0.16
"jocer","LIM_ZWE","arf",0.16
"jocer","LMO_CHM","air",0.11
"jocer","LMO_CHM","arf",0.11
"jocer","LMO_MNG","air",0.12
"jocer","LMO_MNG","arf",0.12
"jocer","LTZ_KAZ","air",0.13
"jocer","LTZ_KAZ","arf",0.13
"jocer","MAU_AUS","air",0.08
"jocer","MAU_AUS","arf",0.08
"jocer","MCK_CAN","air",0.11
"jocer","MCK_CAN","arf",0.11
"jocer","MEK_MMR","air",0.09
"jocer","MEK_MMR","arf",0.09
"jocer","MEK_THA","air",0.1
"jocer","MEK_THA","arf",0.1
"jocer","MIM_MEX","air",0.11
"jocer","MIM_MEX","arf",0.11
"jocer","MIS_USA","air",0.09
"jocer","MIS_USA","arf",0.09
"jocer","MOU_USA","air",0.09
"jocer","MOU_USA","arf",0.09
"jocer","NAC_DZA","air",0.08
"jocer","NAC_DZA","arf",0.08
"jocer","NAC_EGY","air",0.11
"jocer","NAC_EGY","arf",0.11
"jocer","NAC_TUN","air",0.08
"jocer","NAC_TUN","arf",0.08
"jocer","NEB_BRA","air",0.1
"jocer","NEB_BRA","arf",0.1
"jocer","NER_RUS","air",0.09
"jocer","NER_RUS","arf",0.09
"jocer","NIG_BEN","air",0.13
"jocer","NIG_BEN","arf",0.13
"jocer","NIG_BFA","air",0.13
"jocer","NIG_BFA","arf",0.13
"jocer","NIG_CIV","air",0.13
"jocer","NIG_CIV","arf",0.13
"jocer","NIG_GIN","air",0.13
"jocer","NIG_GIN","arf",0.13
"jocer","NIG_MLI","air",0.13
"jocer","NIG_MLI","arf",0.13
"jocer","NIG_NER","air",0.13
"jocer","NIG_NER","arf",0.13
"jocer","NIG_NGA","air",0.11
"jocer","NIG_NGA","arf",0.11
"jocer","NIG_TCD","air",0.13
"jocer","NIG_TCD","arf",0.13
"jocer","NKP_PRK","air",0.12
"jocer","NKP_PRK","arf",0.12
"jocer","NLL_EGY","air",0.11
"jocer","NLL_EGY","arf",0.11
"jocer","NLL_ERI","air",0.13
"jocer","NLL_ERI","arf",0.13
"jocer","NLL_ETH","air",0.13
"jocer","NLL_ETH","arf",0.13
"jocer","NOR_NOR","air",0.08
"jocer","NOR_NOR","arf",0.08
"jocer","NWA_MOR","air",0.08
"jocer","NWA_MOR","arf",0.08
"jocer","NWS_COL","air",0.11
"jocer","NWS_COL","arf",0.11
"jocer","NWS_ECU","air",0.12
"jocer","NWS_ECU","arf",0.12
"jocer","NZE_NZL","air",0.11
"jocer","NZE_NZL","arf",0.11
"jocer","OBB_CHM","air",0.11
"jocer","OBB_CHM","arf",0.11
"jocer","OBB_KAZ","air",0.13
"jocer","OBB_KAZ","arf",0.13
"jocer","OBB_RUS","air",0.09
"jocer","OBB_RUS","arf",0.09
"jocer","ODE_DEU","air",0.08
"jocer","ODE_DEU","arf",0.08
"jocer","ODE_POL","air",0.1
"jocer","ODE_POL","arf",0.1
"jocer","ODE_RUS","air",0.09
"jocer","ODE_RUS","arf",0.09
"jocer","OHI_USA","air",0.09
"jocer","OHI_USA","arf",0.09
"jocer","ORA_LSO","air",0.16
"jocer","ORA_LSO","arf",0.16
"jocer","ORA_ZAF","air",0.11
"jocer","ORA_ZAF","arf",0.11
"jocer","ORI_COL","air",0.11
"jocer","ORI_COL","arf",0.11
"jocer","PAR_ARG","air",0.06
"jocer","PAR_ARG","arf",0.06
"jocer","PAR_BOL","air",0.12
"jocer","PAR_BOL","arf",0.12
"jocer","PAR_BRA","air",0.1
"jocer","PAR_BRA","arf",0.1
"jocer","PEC_PER","air",0.12
"jocer","PEC_PER","arf",0.12
"jocer","PRT_PRT","air",0.08
"jocer","PRT_PRT","arf",0.08
"jocer","RAP_RAP","air",0.08
"jocer","RAP_RAP","arf",0.08
"jocer","RHI_BLX","air",0.08
"jocer","RHI_BLX","arf",0.08
"jocer","RHI_CHP","air",0.08
"jocer","RHI_CHP","arf",0.08
"jocer","RHI_DEU","air",0.08
"jocer","RHI_DEU","arf",0.08
"jocer","RHI_FRP","air",0.08
"jocer","RHI_FRP","arf",0.08
"jocer","RHI_NLD","air",0.08
"jocer","RHI_NLD","arf",0.08
"jocer","RHO_FRP","air",0.08
"jocer","RHO_FRP","arf",0.08
"jocer","RIC_ARG","air",0.06
"jocer","RIC_ARG","arf",0.06
"jocer","RIG_MEX","air",0.11
"jocer","RIG_MEX","arf",0.11
"jocer","RIG_USA","air",0.09
"jocer","RIG_USA","arf",0.09
"jocer","RRS_RUS","air",0.09
"jocer","RRS_RUS","arf",0.09
"jocer","RWI_CAN","air",0.11
"jocer","RWI_CAN","arf",0.11
"jocer","RWI_USA","air",0.09
"jocer","RWI_USA","arf",0.09
"jocer","SAC_ZAF","air",0.11
"jocer","SAC_ZAF","arf",0.11
"jocer","SAF_TZA","air",0.16
"jocer","SAF_TZA","arf",0.16
"jocer","SAF_ZWE","air",0.16
"jocer","SAF_ZWE","arf",0.16
"jocer","SAH_DZA","air",0.08
"jocer","SAH_DZA","arf",0.08
"jocer","SAH_EGY","air",0.11
"jocer","SAH_EGY","arf",0.11
"jocer","SAH_MLI","air",0.13
"jocer","SAH_MLI","arf",0.13
"jocer","SAH_MOR","air",0.08
"jocer","SAH_MOR","arf",0.08
"jocer","SAH_NER","air",0.13
"jocer","SAH_NER","arf",0.13
"jocer","SAH_TCD","air",0.13
"jocer","SAH_TCD","arf",0.13
"jocer","SAL_ARG","air",0.06
"jocer","SAL_ARG","arf",0.06
"jocer","SAN_BRA","air",0.1
"jocer","SAN_BRA","arf",0.1
"jocer","SAU_SAU","air",0.08
"jocer","SAU_SAU","arf",0.08
"jocer","SEI_FRP","air",0.08
"jocer","SEI_FRP","arf",0.08
"jocer","SEN_GIN","air",0.13
"jocer","SEN_GIN","arf",0.13
"jocer","SEN_MLI","air",0.13
"jocer","SEN_MLI","arf",0.13
"jocer","SEN_SEN","air",0.13
"jocer","SEN_SEN","arf",0.13
"jocer","SEU_USA","air",0.09
"jocer","SEU_USA","arf",0.09
"jocer","SKP_KOR","air",0.1
"jocer","SKP_KOR","arf",0.1
"jocer","SON_CHM","air",0.11
"jocer","SON_CHM","arf",0.11
"jocer","SPP_SPP","air",0.08
"jocer","SPP_SPP","arf",0.08
"jocer","SWE_SWE","air",0.08
"jocer","SWE_SWE","arf",0.08
"jocer","SYD_KAZ","air",0.13
"jocer","SYD_KAZ","arf",0.13
"jocer","SYD_KGZ","air",0.13
"jocer","SYD_KGZ","arf",0.13
"jocer","SYD_TJK","air",0.13
"jocer","SYD_TJK","arf",0.13
"jocer","SYD_UZB","air",0.13
"jocer","SYD_UZB","arf",0.13
"jocer","TIE_ARG","air",0.06
"jocer","TIE_ARG","arf",0.06
"jocer","TIG_IRN","air",0.08
"jocer","TIG_IRN","arf",0.08
"jocer","TIG_IRQ","air",0.08
"jocer","TIG_IRQ","arf",0.08
"jocer","TIG_SYR","air",0.08
"jocer","TIG_SYR","arf",0.08
"jocer","TIG_TUR","air",0.1
"jocer","TIG_TUR","arf",0.1
"jocer","TMM_MMR","air",0.09
"jocer","TMM_MMR","arf",0.09
"jocer","TMM_THA","air",0.1
"jocer","TMM_THA","arf",0.1
"jocer","TOC_BRA","air",0.1
"jocer","TOC_BRA","arf",0.1
"jocer","TWN_CHM","air",0.11
"jocer","TWN_CHM","arf",0.11
"jocer","UKP_UKP","air",0.08
"jocer","UKP_UKP","arf",0.08
"jocer","UME_MEX","air",0.11
"jocer","UME_MEX","arf",0.11
"jocer","UMO_MNG","air",0.12
"jocer","UMO_MNG","arf",0.12
"jocer","UMO_RUS","air",0.09
"jocer","UMO_RUS","arf",0.09
"jocer","URA_KAZ","air",0.13
"jocer","URA_KAZ","arf",0.13
"jocer","URA_RUS","air",0.09
"jocer","URA_RUS","arf",0.09
"jocer","URU_BRA","air",0.1
"jocer","URU_BRA","arf",0.1
"jocer","URU_URY","air",0.12
"jocer","URU_URY","arf",0.12
"jocer","USN_USA","air",0.09
"jocer","USN_USA","arf",0.09
"jocer","VOG_RUS","air",0.09
"jocer","VOG_RUS","arf",0.09
"jocer","VOT_BEN","air",0.13
"jocer","VOT_BEN","arf",0.13
"jocer","VOT_BFA","air",0.13
"jocer","VOT_BFA","arf",0.13
"jocer","VOT_CIV","air",0.13
"jocer","VOT_CIV","arf",0.13
"jocer","VOT_GHA","air",0.13
"jocer","VOT_GHA","arf",0.13
"jocer","VOT_MLI","air",0.13
"jocer","VOT_MLI","arf",0.13
"jocer","VOT_TGO","air",0.13
"jocer","VOT_TGO","arf",0.13
"jocer","WAC_CIV","air",0.13
"jocer","WAC_CIV","arf",0.13
"jocer","WAC_GIN","air",0.13
"jocer","WAC_GIN","arf",0.13
"jocer","WAC_GMB","air",0.13
"jocer","WAC_GMB","arf",0.13
"jocer","WAC_GNB","air",0.13
"jocer","WAC_GNB","arf",0.13
"jocer","WAC_SEN","air",0.13
"jocer","WAC_SEN","arf",0.13
"jocer","WAC_SLE","air",0.13
"jocer","WAC_SLE","arf",0.13
"jocer","WAI_IRN","air",0.08
"jocer","WAI_IRN","arf",0.08
"jocer","WAU_AUS","air",0.08
"jocer","WAU_AUS","arf",0.08
"jocer","WGM_USA","air",0.09
"jocer","WGM_USA","arf",0.09
"jocer","YEN_RUS","air",0.09
"jocer","YEN_RUS","arf",0.09
"jocer","YHE_CHM","air",0.11
"jocer","YHE_CHM","arf",0.11
"jocer","YRD_CHM","air",0.11
"jocer","YRD_CHM","arf",0.11
"jocer","YUC_MEX","air",0.11
"jocer","YUC_MEX","arf",0.11
"jocer","ZAM_BWA","air",0.16
"jocer","ZAM_BWA","arf",0.16
"jocer","ZAM_TZA","air",0.16
"jocer","ZAM_TZA","arf",0.16
"jocer","ZAM_ZWE","air",0.16
"jocer","ZAM_ZWE","arf",0.16
"jocer","ZHJ_CHM","air",0.11
"jocer","ZHJ_CHM","arf",0.11
"jcass","AMA_BOL","air",0.11
"jcass","AMA_BOL","arf",0.11
"jcass","AMA_BRA","air",0.09
"jcass","AMA_BRA","arf",0.09
"jcass","AMA_COL","air",0.1
"jcass","AMA_COL","arf",0.1
"jcass","AMA_ECU","air",0.11
"jcass","AMA_ECU","arf",0.11
"jcass","AMA_PER","air",0.11
"jcass","AMA_PER","arf",0.11
"jcass","AMR_CHM","air",0.1
"jcass","AMR_CHM","arf",0.1
"jcass","BLZ_BLZ","air",0.11
"jcass","BLZ_BLZ","arf",0.11
"jcass","BOR_IDN","air",0.07
"jcass","BOR_IDN","arf",0.07
"jcass","BOR_MYS","air",0.05
"jcass","BOR_MYS","arf",0.05
"jcass","BRT_BTN","air",0.11
"jcass","BRT_BTN","arf",0.11
"jcass","BRT_CHM","air",0.1
"jcass","BRT_CHM","arf",0.1
"jcass","BRT_IND","air",0.11
"jcass","BRT_IND","arf",0.11
"jcass","CAF_AGO","air",0.16
"jcass","CAF_AGO","arf",0.16
"jcass","CAF_CAF","air",0.13
"jcass","CAF_CAF","arf",0.13
"jcass","CAF_CMR","air",0.13
"jcass","CAF_CMR","arf",0.13
"jcass","CAF_COG","air",0.13
"jcass","CAF_COG","arf",0.13
"jcass","CAF_GAB","air",0.13
"jcass","CAF_GAB","arf",0.13
"jcass","CAF_GNQ","air",0.13
"jcass","CAF_GNQ","arf",0.13
"jcass","CAV_IND","air",0.11
"jcass","CAV_IND","arf",0.11
"jcass","CHJ_CHM","air",0.1
"jcass","CHJ_CHM","arf",0.1
"jcass","CHO_IND","air",0.11
"jcass","CHO_IND","arf",0.11
"jcass","CON_AGO","air",0.16
"jcass","CON_AGO","arf",0.16
"jcass","CON_CAF","air",0.13
"jcass","CON_CAF","arf",0.13
"jcass","CON_COD","air",0.13
"jcass","CON_COD","arf",0.13
"jcass","CON_COG","air",0.13
"jcass","CON_COG","arf",0.13
"jcass","CRB_CRB","air",0.11
"jcass","CRB_CRB","arf",0.11
"jcass","CRI_CRI","air",0.11
"jcass","CRI_CRI","arf",0.11
"jcass","CUB_CUB","air",0.11
"jcass","CUB_CUB","arf",0.11
"jcass","DOM_DOM","air",0.11
"jcass","DOM_DOM","arf",0.11
"jcass","EAC_BDI","air",0.16
"jcass","EAC_BDI","arf",0.16
"jcass","EAC_COD","air",0.13
"jcass","EAC_COD","arf",0.13
"jcass","EAC_RWA","air",0.16
"jcass","EAC_RWA","arf",0.16
"jcass","EAC_TZA","air",0.16
"jcass","EAC_TZA","arf",0.16
"jcass","EGH_IND","air",0.11
"jcass","EGH_IND","arf",0.11
"jcass","FJI_FJI","air",0.11
"jcass","FJI_FJI","arf",0.11
"jcass","GAN_CHM","air",0.1
"jcass","GAN_CHM","arf",0.1
"jcass","GAN_IND","air",0.11
"jcass","GAN_IND","arf",0.11
"jcass","GOD_IND","air",0.11
"jcass","GOD_IND","arf",0.11
"jcass","GSA_GSA","air",0.11
"jcass","GSA_GSA","arf",0.11
"jcass","GTM_GTM","air",0.11
"jcass","GTM_GTM","arf",0.11
"jcass","HAI_CHM","air",0.1
"jcass","HAI_CHM","arf",0.1
"jcass","HND_HND","air",0.11
"jcass","HND_HND","arf",0.11
"jcass","HOA_KEN","air",0.16
"jcass","HOA_KEN","arf",0.16
"jcass","HOA_SOM","air",0.13
"jcass","HOA_SOM","arf",0.13
"jcass","HTI_HTI","air",0.11
"jcass","HTI_HTI","arf",0.11
"jcass","HUA_CHM","air",0.1
"jcass","HUA_CHM","arf",0.1
"jcass","HUN_CHM","air",0.1
"jcass","HUN_CHM","arf",0.1
"jcass","IEC_IND","air",0.11
"jcass","IEC_IND","arf",0.11
"jcass","IND_CHM","air",0.1
"jcass","IND_CHM","arf",0.1
"jcass","IND_IND","air",0.11
"jcass","IND_IND","arf",0.11
"jcass","INE_IDN","air",0.07
"jcass","INE_IDN","arf",0.07
"jcass","INW_IDN","air",0.07
"jcass","INW_IDN","arf",0.07
"jcass","JAM_JAM","air",0.11
"jcass","JAM_JAM","arf",0.11
"jcass","KRI_IND","air",0.11
"jcass","KRI_IND","arf",0.11
"jcass","LAJ_CHM","air",0.1
"jcass","LAJ_CHM","arf",0.1
"jcass","LCB_CAF","air",0.13
"jcass","LCB_CAF","arf",0.13
"jcass","LCB_CMR","air",0.13
"jcass","LCB_CMR","arf",0.13
"jcass","LCB_NER","air",0.13
"jcass","LCB_NER","arf",0.13
"jcass","LCB_NGA","air",0.11
"jcass","LCB_NGA","arf",0.11
"jcass","LCB_TCD","air",0.13
"jcass","LCB_TCD","arf",0.13
"jcass","LIM_MOZ","air",0.16
"jcass","LIM_MOZ","arf",0.16
"jcass","LIM_ZWE","air",0.16
"jcass","LIM_ZWE","arf",0.16
"jcass","LMO_CHM","air",0.1
"jcass","LMO_CHM","arf",0.1
"jcass","LUN_IND","air",0.11
"jcass","LUN_IND","arf",0.11
"jcass","MAD_MDG","air",0.16
"jcass","MAD_MDG","arf",0.16
"jcass","MAT_IND","air",0.11
"jcass","MAT_IND","arf",0.11
"jcass","MEK_KHM","air",0.1
"jcass","MEK_KHM","arf",0.1
"jcass","MEK_LAO","air",0.1
"jcass","MEK_LAO","arf",0.1
"jcass","MEK_MMR","air",0.08
"jcass","MEK_MMR","arf",0.08
"jcass","MEK_THA","air",0.11
"jcass","MEK_THA","arf",0.11
"jcass","MEK_VNM","air",0.08
"jcass","MEK_VNM","arf",0.08
"jcass","MHN_IND","air",0.11
"jcass","MHN_IND","arf",0.11
"jcass","MIM_MEX","air",0.11
"jcass","MIM_MEX","arf",0.11
"jcass","NEB_BRA","air",0.09
"jcass","NEB_BRA","arf",0.09
"jcass","NIC_NIC","air",0.11
"jcass","NIC_NIC","arf",0.11
"jcass","NIG_BEN","air",0.13
"jcass","NIG_BEN","arf",0.13
"jcass","NIG_BFA","air",0.13
"jcass","NIG_BFA","arf",0.13
"jcass","NIG_CIV","air",0.13
"jcass","NIG_CIV","arf",0.13
"jcass","NIG_CMR","air",0.13
"jcass","NIG_CMR","arf",0.13
"jcass","NIG_GIN","air",0.13
"jcass","NIG_GIN","arf",0.13
"jcass","NIG_MLI","air",0.13
"jcass","NIG_MLI","arf",0.13
"jcass","NIG_NER","air",0.13
"jcass","NIG_NER","arf",0.13
"jcass","NIG_NGA","air",0.11
"jcass","NIG_NGA","arf",0.11
"jcass","NIG_TCD","air",0.13
"jcass","NIG_TCD","arf",0.13
"jcass","NLL_UGA","air",0.16
"jcass","NLL_UGA","arf",0.16
"jcass","NWS_COL","air",0.1
"jcass","NWS_COL","arf",0.1
"jcass","NWS_ECU","air",0.11
"jcass","NWS_ECU","arf",0.11
"jcass","OAO_OAO","air",0.11
"jcass","OAO_OAO","arf",0.11
"jcass","OBB_CHM","air",0.1
"jcass","OBB_CHM","arf",0.1
"jcass","OIO_OIO","air",0.11
"jcass","OIO_OIO","arf",0.11
"jcass","OPO_OPO","air",0.11
"jcass","OPO_OPO","arf",0.11
"jcass","ORI_COL","air",0.1
"jcass","ORI_COL","arf",0.1
"jcass","ORI_VEN","air",0.11
"jcass","ORI_VEN","arf",0.11
"jcass","PAN_PAN","air",0.11
"jcass","PAN_PAN","arf",0.11
"jcass","PAO_PNG","air",0.11
"jcass","PAO_PNG","arf",0.11
"jcass","PAR_ARG","air",0.05
"jcass","PAR_ARG","arf",0.05
"jcass","PAR_BOL","air",0.11
"jcass","PAR_BOL","arf",0.11
"jcass","PAR_BRA","air",0.09
"jcass","PAR_BRA","arf",0.09
"jcass","PAR_PRY","air",0.11
"jcass","PAR_PRY","arf",0.11
"jcass","PEC_PER","air",0.11
"jcass","PEC_PER","arf",0.11
"jcass","PHI_PHL","air",0.08
"jcass","PHI_PHL","arf",0.08
"jcass","RIC_ARG","air",0.05
"jcass","RIC_ARG","arf",0.05
"jcass","RIG_MEX","air",0.11
"jcass","RIG_MEX","arf",0.11
"jcass","RVE_VEN","air",0.11
"jcass","RVE_VEN","arf",0.11
"jcass","RVN_VNM","air",0.08
"jcass","RVN_VNM","arf",0.08
"jcass","SAF_MOZ","air",0.16
"jcass","SAF_MOZ","arf",0.16
"jcass","SAF_TZA","air",0.16
"jcass","SAF_TZA","arf",0.16
"jcass","SAF_ZWE","air",0.16
"jcass","SAF_ZWE","arf",0.16
"jcass","SAH_MLI","air",0.13
"jcass","SAH_MLI","arf",0.13
"jcass","SAH_NER","air",0.13
"jcass","SAH_NER","arf",0.13
"jcass","SAH_TCD","air",0.13
"jcass","SAH_TCD","arf",0.13
"jcass","SAL_ARG","air",0.05
"jcass","SAL_ARG","arf",0.05
"jcass","SAN_BRA","air",0.09
"jcass","SAN_BRA","arf",0.09
"jcass","SAY_IND","air",0.11
"jcass","SAY_IND","arf",0.11
"jcass","SEN_GIN","air",0.13
"jcass","SEN_GIN","arf",0.13
"jcass","SEN_MLI","air",0.13
"jcass","SEN_MLI","arf",0.13
"jcass","SEN_SEN","air",0.13
"jcass","SEN_SEN","arf",0.13
"jcass","SLB_SLB","air",0.11
"jcass","SLB_SLB","arf",0.11
"jcass","SLV_SLV","air",0.11
"jcass","SLV_SLV","arf",0.11
"jcass","SON_CHM","air",0.1
"jcass","SON_CHM","arf",0.1
"jcass","SRL_LKA","air",0.11
"jcass","SRL_LKA","arf",0.11
"jcass","TIE_ARG","air",0.05
"jcass","TIE_ARG","arf",0.05
"jcass","TLS_TLS","air",0.11
"jcass","TLS_TLS","arf",0.11
"jcass","TMM_MMR","air",0.08
"jcass","TMM_MMR","arf",0.08
"jcass","TMM_MYS","air",0.05
"jcass","TMM_MYS","arf",0.05
"jcass","TMM_OSA","air",0.1
"jcass","TMM_OSA","arf",0.1
"jcass","TMM_THA","air",0.11
"jcass","TMM_THA","arf",0.11
"jcass","TOC_BRA","air",0.09
"jcass","TOC_BRA","arf",0.09
"jcass","TWN_CHM","air",0.1
"jcass","TWN_CHM","arf",0.1
"jcass","UME_MEX","air",0.11
"jcass","UME_MEX","arf",0.11
"jcass","URU_BRA","air",0.09
"jcass","URU_BRA","arf",0.09
"jcass","VOT_BEN","air",0.13
"jcass","VOT_BEN","arf",0.13
"jcass","VOT_BFA","air",0.13
"jcass","VOT_BFA","arf",0.13
"jcass","VOT_CIV","air",0.13
"jcass","VOT_CIV","arf",0.13
"jcass","VOT_GHA","air",0.13
"jcass","VOT_GHA","arf",0.13
"jcass","VOT_MLI","air",0.13
"jcass","VOT_MLI","arf",0.13
"jcass","VOT_TGO","air",0.13
"jcass","VOT_TGO","arf",0.13
"jcass","VUT_VUT","air",0.11
"jcass","VUT_VUT","arf",0.11
"jcass","WAC_CIV","air",0.13
"jcass","WAC_CIV","arf",0.13
"jcass","WAC_GIN","air",0.13
"jcass","WAC_GIN","arf",0.13
"jcass","WAC_GMB","air",0.13
"jcass","WAC_GMB","arf",0.13
"jcass","WAC_GNB","air",0.13
"jcass","WAC_GNB","arf",0.13
"jcass","WAC_LBR","air",0.13
"jcass","WAC_LBR","arf",0.13
"jcass","WAC_SEN","air",0.13
"jcass","WAC_SEN","arf",0.13
"jcass","WAC_SLE","air",0.13
"jcass","WAC_SLE","arf",0.13
"jcass","YHE_CHM","air",0.1
"jcass","YHE_CHM","arf",0.1
"jcass","YRD_CHM","air",0.1
"jcass","YRD_CHM","arf",0.1
"jcass","YRD_VNM","air",0.08
"jcass","YRD_VNM","arf",0.08
"jcass","YUC_MEX","air",0.11
"jcass","YUC_MEX","arf",0.11
"jcass","ZAM_AGO","air",0.16
"jcass","ZAM_AGO","arf",0.16
"jcass","ZAM_COD","air",0.13
"jcass","ZAM_COD","arf",0.13
"jcass","ZAM_MOZ","air",0.16
"jcass","ZAM_MOZ","arf",0.16
"jcass","ZAM_MWI","air",0.16
"jcass","ZAM_MWI","arf",0.16
"jcass","ZAM_TZA","air",0.16
"jcass","ZAM_TZA","arf",0.16
"jcass","ZAM_ZMB","air",0.16
"jcass","ZAM_ZMB","arf",0.16
"jcass","ZAM_ZWE","air",0.16
"jcass","ZAM_ZWE","arf",0.16
"jcass","ZHJ_CHM","air",0.1
"jcass","ZHJ_CHM","arf",0.1
"jpota","ALB_ALB","air",0.22
"jpota","ALB_ALB","arf",0.22
"jpota","ALK_USA","air",0.2
"jpota","ALK_USA","arf",0.2
"jpota","AMA_BOL","air",0.28
"jpota","AMA_BOL","arf",0.28
"jpota","AMA_BRA","air",0.24
"jpota","AMA_BRA","arf",0.24
"jpota","AMA_COL","air",0.26
"jpota","AMA_COL","arf",0.26
"jpota","AMA_ECU","air",0.28
"jpota","AMA_ECU","arf",0.28
"jpota","AMA_PER","air",0.28
"jpota","AMA_PER","arf",0.28
"jpota","AMD_AFG","air",0.26
"jpota","AMD_AFG","arf",0.26
"jpota","AMD_TJK","air",0.3
"jpota","AMD_TJK","arf",0.3
"jpota","AMD_TKM","air",0.3
"jpota","AMD_TKM","arf",0.3
"jpota","AMD_UZB","air",0.3
"jpota","AMD_UZB","arf",0.3
"jpota","AMR_CHM","air",0.26
"jpota","AMR_CHM","arf",0.26
"jpota","AMR_RUS","air",0.2
"jpota","AMR_RUS","arf",0.2
"jpota","ARA_IRQ","air",0.2
"jpota","ARA_IRQ","arf",0.2
"jpota","ARK_USA","air",0.2
"jpota","ARK_USA","arf",0.2
"jpota","ARM_ARM","air",0.2
"jpota","ARM_ARM","arf",0.2
"jpota","AZE_AZE","air",0.2
"jpota","AZE_AZE","arf",0.2
"jpota","BAL_BLT","air",0.2
"jpota","BAL_BLT","arf",0.2
"jpota","BAL_RUS","air",0.2
"jpota","BAL_RUS","arf",0.2
"jpota","BLA_RUS","air",0.2
"jpota","BLA_RUS","arf",0.2
"jpota","BLA_TUR","air",0.22
"jpota","BLA_TUR","arf",0.22
"jpota","BLA_UKR","air",0.2
"jpota","BLA_UKR","arf",0.2
"jpota","BLZ_BLZ","air",0.28
"jpota","BLZ_BLZ","arf",0.28
"jpota","BOR_IDN","air",0.2
"jpota","BOR_IDN","arf",0.2
"jpota","BRT_BGD","air",0.3
"jpota","BRT_BGD","arf",0.3
"jpota","BRT_BTN","air",0.26
"jpota","BRT_BTN","arf",0.26
"jpota","BRT_CHM","air",0.26
"jpota","BRT_CHM","arf",0.26
"jpota","BRT_IND","air",0.32
"jpota","BRT_IND","arf",0.32
"jpota","CAF_AGO","air",0.38
"jpota","CAF_AGO","arf",0.38
"jpota","CAF_CAF","air",0.3
"jpota","CAF_CAF","arf",0.3
"jpota","CAF_CMR","air",0.3
"jpota","CAF_CMR","arf",0.3
"jpota","CAF_COG","air",0.3
"jpota","CAF_COG","arf",0.3
"jpota","CAF_NAM","air",0.38
"jpota","CAF_NAM","arf",0.38
"jpota","CAL_USA","air",0.2
"jpota","CAL_USA","arf",0.2
"jpota","CAN_CAN","air",0.26
"jpota","CAN_CAN","arf",0.26
"jpota","CAU_AUS","air",0.16
"jpota","CAU_AUS","arf",0.16
"jpota","CAV_IND","air",0.32
"jpota","CAV_IND","arf",0.32
"jpota","CHC_CHL","air",0.28
"jpota","CHC_CHL","arf",0.28
"jpota","CHJ_CHM","air",0.26
"jpota","CHJ_CHM","arf",0.26
"jpota","CHO_IND","air",0.32
"jpota","CHO_IND","arf",0.32
"jpota","CHU_KAZ","air",0.3
"jpota","CHU_KAZ","arf",0.3
"jpota","CHU_KGZ","air",0.3
"jpota","CHU_KGZ","arf",0.3
"jpota","COB_CAN","air",0.26
"jpota","COB_CAN","arf",0.26
"jpota","COB_USA","air",0.2
"jpota","COB_USA","arf",0.2
"jpota","COL_USA","air",0.2
"jpota","COL_USA","arf",0.2
"jpota","CON_AGO","air",0.38
"jpota","CON_AGO","arf",0.38
"jpota","CON_CAF","air",0.3
"jpota","CON_CAF","arf",0.3
"jpota","CON_COD","air",0.3
"jpota","CON_COD","arf",0.3
"jpota","CON_COG","air",0.3
"jpota","CON_COG","arf",0.3
"jpota","CRB_CRB","air",0.26
"jpota","CRB_CRB","arf",0.26
"jpota","CRI_CRI","air",0.28
"jpota","CRI_CRI","arf",0.28
"jpota","CUB_CUB","air",0.28
"jpota","CUB_CUB","arf",0.28
"jpota","DAN_AUT","air",0.18
"jpota","DAN_AUT","arf",0.18
"jpota","DAN_BGR","air",0.22
"jpota","DAN_BGR","arf",0.22
"jpota","DAN_CZE","air",0.22
"jpota","DAN_CZE","arf",0.22
"jpota","DAN_DEU","air",0.18
"jpota","DAN_DEU","arf",0.18
"jpota","DAN_HRV","air",0.22
"jpota","DAN_HRV","arf",0.22
"jpota","DAN_HUN","air",0.22
"jpota","DAN_HUN","arf",0.22
"jpota","DAN_MDA","air",0.22
"jpota","DAN_MDA","arf",0.22
"jpota","DAN_OBN","air",0.22
"jpota","DAN_OBN","arf",0.22
"jpota","DAN_ROU","air",0.22
"jpota","DAN_ROU","arf",0.22
"jpota","DAN_SVK","air",0.22
"jpota","DAN_SVK","arf",0.22
"jpota","DAN_SVN","air",0.22
"jpota","DAN_SVN","arf",0.22
"jpota","DAN_TUR","air",0.22
"jpota","DAN_TUR","arf",0.22
"jpota","DAN_UKR","air",0.2
"jpota","DAN_UKR","arf",0.2
"jpota","DNI_BLR","air",0.2
"jpota","DNI_BLR","arf",0.2
"jpota","DNI_RUS","air",0.2
"jpota","DNI_RUS","arf",0.2
"jpota","DNI_UKR","air",0.2
"jpota","DNI_UKR","arf",0.2
"jpota","DOM_DOM","air",0.28
"jpota","DOM_DOM","arf",0.28
"jpota","EAC_BDI","air",0.38
"jpota","EAC_BDI","arf",0.38
"jpota","EAC_COD","air",0.3
"jpota","EAC_COD","arf",0.3
"jpota","EAC_RWA","air",0.38
"jpota","EAC_RWA","arf",0.38
"jpota","EAC_TZA","air",0.38
"jpota","EAC_TZA","arf",0.38
"jpota","EAU_AUS","air",0.16
"jpota","EAU_AUS","arf",0.16
"jpota","EGH_IND","air",0.32
"jpota","EGH_IND","arf",0.32
"jpota","ELB_DEU","air",0.18
"jpota","ELB_DEU","arf",0.18
"jpota","ELB_DNK","air",0.18
"jpota","ELB_DNK","arf",0.18
"jpota","EME_CYP","air",0.2
"jpota","EME_CYP","arf",0.2
"jpota","EME_EGY","air",0.28
"jpota","EME_EGY","arf",0.28
"jpota","EME_ISR","air",0.26
"jpota","EME_ISR","arf",0.26
"jpota","EME_JOR","air",0.2
"jpota","EME_JOR","arf",0.2
"jpota","EME_LBN","air",0.2
"jpota","EME_LBN","arf",0.2
"jpota","EME_PSE","air",0.3
"jpota","EME_PSE","arf",0.3
"jpota","EME_SYR","air",0.2
"jpota","EME_SYR","arf",0.2
"jpota","EME_TUR","air",0.22
"jpota","EME_TUR","arf",0.22
"jpota","FNP_FNP","air",0.18
"jpota","FNP_FNP","arf",0.18
"jpota","GAN_BGD","air",0.3
"jpota","GAN_BGD","arf",0.3
"jpota","GAN_CHM","air",0.26
"jpota","GAN_CHM","arf",0.26
"jpota","GAN_IND","air",0.32
"jpota","GAN_IND","arf",0.32
"jpota","GAN_NPL","air",0.26
"jpota","GAN_NPL","arf",0.26
"jpota","GBA_USA","air",0.2
"jpota","GBA_USA","arf",0.2
"jpota","GEO_GEO","air",0.2
"jpota","GEO_GEO","arf",0.2
"jpota","GLA_CAN","air",0.26
"jpota","GLA_CAN","arf",0.26
"jpota","GLA_USA","air",0.2
"jpota","GLA_USA","arf",0.2
"jpota","GOD_IND","air",0.32
"jpota","GOD_IND","arf",0.32
"jpota","GRC_GRC","air",0.22
"jpota","GRC_GRC","arf",0.22
"jpota","GTM_GTM","air",0.28
"jpota","GTM_GTM","arf",0.28
"jpota","HAI_CHM","air",0.26
"jpota","HAI_CHM","arf",0.26
"jpota","HND_HND","air",0.28
"jpota","HND_HND","arf",0.28
"jpota","HOA_ETH","air",0.32
"jpota","HOA_ETH","arf",0.32
"jpota","HOA_KEN","air",0.38
"jpota","HOA_KEN","arf",0.38
"jpota","HTI_HTI","air",0.28
"jpota","HTI_HTI","arf",0.28
"jpota","HUA_CHM","air",0.26
"jpota","HUA_CHM","arf",0.26
"jpota","HUN_CHM","air",0.26
"jpota","HUN_CHM","arf",0.26
"jpota","HWI_USA","air",0.2
"jpota","HWI_USA","arf",0.2
"jpota","IEC_IND","air",0.32
"jpota","IEC_IND","arf",0.32
"jpota","IND_CHM","air",0.26
"jpota","IND_CHM","arf",0.26
"jpota","IND_IND","air",0.32
"jpota","IND_IND","arf",0.32
"jpota","IND_PAK","air",0.26
"jpota","IND_PAK","arf",0.26
"jpota","INE_IDN","air",0.2
"jpota","INE_IDN","arf",0.2
"jpota","INW_IDN","air",0.2
"jpota","INW_IDN","arf",0.2
"jpota","IRL_IRL","air",0.18
"jpota","IRL_IRL","arf",0.18
"jpota","ISL_ISL","air",0.18
"jpota","ISL_ISL","arf",0.18
"jpota","ITA_ITP","air",0.18
"jpota","ITA_ITP","arf",0.18
"jpota","JAM_JAM","air",0.26
"jpota","JAM_JAM","arf",0.26
"jpota","JAP_JPN","air",0.2
"jpota","JAP_JPN","arf",0.2
"jpota","KAL_BWA","air",0.38
"jpota","KAL_BWA","arf",0.38
"jpota","KAL_NAM","air",0.38
"jpota","KAL_NAM","arf",0.38
"jpota","KAL_ZAF","air",0.26
"jpota","KAL_ZAF","arf",0.26
"jpota","KRI_IND","air",0.32
"jpota","KRI_IND","arf",0.32
"jpota","LAJ_CHM","air",0.26
"jpota","LAJ_CHM","arf",0.26
"jpota","LBA_KAZ","air",0.3
"jpota","LBA_KAZ","arf",0.3
"jpota","LBO_FRP","air",0.18
"jpota","LBO_FRP","arf",0.18
"jpota","LCB_CAF","air",0.3
"jpota","LCB_CAF","arf",0.3
"jpota","LCB_CMR","air",0.3
"jpota","LCB_CMR","arf",0.3
"jpota","LCB_NER","air",0.32
"jpota","LCB_NER","arf",0.32
"jpota","LCB_NGA","air",0.26
"jpota","LCB_NGA","arf",0.26
"jpota","LCB_TCD","air",0.32
"jpota","LCB_TCD","arf",0.32
"jpota","LIM_BWA","air",0.38
"jpota","LIM_BWA","arf",0.38
"jpota","LIM_MOZ","air",0.38
"jpota","LIM_MOZ","arf",0.38
"jpota","LIM_ZAF","air",0.26
"jpota","LIM_ZAF","arf",0.26
"jpota","LIM_ZWE","air",0.38
"jpota","LIM_ZWE","arf",0.38
"jpota","LMO_CHM","air",0.26
"jpota","LMO_CHM","arf",0.26
"jpota","LMO_MNG","air",0.28
"jpota","LMO_MNG","arf",0.28
"jpota","LTZ_KAZ","air",0.3
"jpota","LTZ_KAZ","arf",0.3
"jpota","LUN_IND","air",0.32
"jpota","LUN_IND","arf",0.32
"jpota","MAD_MDG","air",0.38
"jpota","MAD_MDG","arf",0.38
"jpota","MAT_IND","air",0.32
"jpota","MAT_IND","arf",0.32
"jpota","MAU_AUS","air",0.16
"jpota","MAU_AUS","arf",0.16
"jpota","MCK_CAN","air",0.26
"jpota","MCK_CAN","arf",0.26
"jpota","MEK_LAO","air",0.22
"jpota","MEK_LAO","arf",0.22
"jpota","MEK_MMR","air",0.22
"jpota","MEK_MMR","arf",0.22
"jpota","MEK_THA","air",0.22
"jpota","MEK_THA","arf",0.22
"jpota","MEK_VNM","air",0.24
"jpota","MEK_VNM","arf",0.24
"jpota","MHN_IND","air",0.32
"jpota","MHN_IND","arf",0.32
"jpota","MIM_MEX","air",0.28
"jpota","MIM_MEX","arf",0.28
"jpota","MIS_USA","air",0.2
"jpota","MIS_USA","arf",0.2
"jpota","MOU_USA","air",0.2
"jpota","MOU_USA","arf",0.2
"jpota","NAC_DZA","air",0.2
"jpota","NAC_DZA","arf",0.2
"jpota","NAC_EGY","air",0.28
"jpota","NAC_EGY","arf",0.28
"jpota","NAC_LBY","air",0.2
"jpota","NAC_LBY","arf",0.2
"jpota","NAC_TUN","air",0.2
"jpota","NAC_TUN","arf",0.2
"jpota","NEB_BRA","air",0.24
"jpota","NEB_BRA","arf",0.24
"jpota","NER_RUS","air",0.2
"jpota","NER_RUS","arf",0.2
"jpota","NIC_NIC","air",0.28
"jpota","NIC_NIC","arf",0.28
"jpota","NIG_BEN","air",0.3
"jpota","NIG_BEN","arf",0.3
"jpota","NIG_BFA","air",0.32
"jpota","NIG_BFA","arf",0.32
"jpota","NIG_CMR","air",0.3
"jpota","NIG_CMR","arf",0.3
"jpota","NIG_GIN","air",0.3
"jpota","NIG_GIN","arf",0.3
"jpota","NIG_MLI","air",0.32
"jpota","NIG_MLI","arf",0.32
"jpota","NIG_NER","air",0.32
"jpota","NIG_NER","arf",0.32
"jpota","NIG_NGA","air",0.26
"jpota","NIG_NGA","arf",0.26
"jpota","NIG_TCD","air",0.32
"jpota","NIG_TCD","arf",0.32
"jpota","NKP_PRK","air",0.28
"jpota","NKP_PRK","arf",0.28
"jpota","NLL_EGY","air",0.28
"jpota","NLL_EGY","arf",0.28
"jpota","NLL_ERI","air",0.32
"jpota","NLL_ERI","arf",0.32
"jpota","NLL_ETH","air",0.32
"jpota","NLL_ETH","arf",0.32
"jpota","NLL_SDN","air",0.32
"jpota","NLL_SDN","arf",0.32
"jpota","NLL_UGA","air",0.38
"jpota","NLL_UGA","arf",0.38
"jpota","NOR_NOR","air",0.18
"jpota","NOR_NOR","arf",0.18
"jpota","NWA_MOR","air",0.2
"jpota","NWA_MOR","arf",0.2
"jpota","NWA_MRT","air",0.32
"jpota","NWA_MRT","arf",0.32
"jpota","NWS_COL","air",0.26
"jpota","NWS_COL","arf",0.26
"jpota","NWS_ECU","air",0.28
"jpota","NWS_ECU","arf",0.28
"jpota","NZE_NZL","air",0.26
"jpota","NZE_NZL","arf",0.26
"jpota","OAO_OAO","air",0.26
"jpota","OAO_OAO","arf",0.26
"jpota","OBB_CHM","air",0.26
"jpota","OBB_CHM","arf",0.26
"jpota","OBB_KAZ","air",0.3
"jpota","OBB_KAZ","arf",0.3
"jpota","OBB_RUS","air",0.2
"jpota","OBB_RUS","arf",0.2
"jpota","ODE_DEU","air",0.18
"jpota","ODE_DEU","arf",0.18
"jpota","ODE_POL","air",0.22
"jpota","ODE_POL","arf",0.22
"jpota","ODE_RUS","air",0.2
"jpota","ODE_RUS","arf",0.2
"jpota","OHI_USA","air",0.2
"jpota","OHI_USA","arf",0.2
"jpota","OIO_OIO","air",0.26
"jpota","OIO_OIO","arf",0.26
"jpota","OPO_OPO","air",0.26
"jpota","OPO_OPO","arf",0.26
"jpota","ORA_LSO","air",0.38
"jpota","ORA_LSO","arf",0.38
"jpota","ORA_NAM","air",0.38
"jpota","ORA_NAM","arf",0.38
"jpota","ORA_ZAF","air",0.26
"jpota","ORA_ZAF","arf",0.26
"jpota","ORI_COL","air",0.26
"jpota","ORI_COL","arf",0.26
"jpota","ORI_VEN","air",0.28
"jpota","ORI_VEN","arf",0.28
"jpota","PAN_PAN","air",0.28
"jpota","PAN_PAN","arf",0.28
"jpota","PAO_PNG","air",0.26
"jpota","PAO_PNG","arf",0.26
"jpota","PAR_ARG","air",0.14
"jpota","PAR_ARG","arf",0.14
"jpota","PAR_BOL","air",0.28
"jpota","PAR_BOL","arf",0.28
"jpota","PAR_BRA","air",0.24
"jpota","PAR_BRA","arf",0.24
"jpota","PAR_PRY","air",0.28
"jpota","PAR_PRY","arf",0.28
"jpota","PEC_PER","air",0.28
"jpota","PEC_PER","arf",0.28
"jpota","PHI_PHL","air",0.22
"jpota","PHI_PHL","arf",0.22
"jpota","PRT_PRT","air",0.18
"jpota","PRT_PRT","arf",0.18
"jpota","RAP_RAP","air",0.2
"jpota","RAP_RAP","arf",0.2
"jpota","RHI_BLX","air",0.18
"jpota","RHI_BLX","arf",0.18
"jpota","RHI_CHP","air",0.18
"jpota","RHI_CHP","arf",0.18
"jpota","RHI_DEU","air",0.18
"jpota","RHI_DEU","arf",0.18
"jpota","RHI_FRP","air",0.18
"jpota","RHI_FRP","arf",0.18
"jpota","RHI_NLD","air",0.18
"jpota","RHI_NLD","arf",0.18
"jpota","RHO_FRP","air",0.18
"jpota","RHO_FRP","arf",0.18
"jpota","RIC_ARG","air",0.14
"jpota","RIC_ARG","arf",0.14
"jpota","RIG_MEX","air",0.28
"jpota","RIG_MEX","arf",0.28
"jpota","RIG_USA","air",0.2
"jpota","RIG_USA","arf",0.2
"jpota","RRS_RUS","air",0.2
"jpota","RRS_RUS","arf",0.2
"jpota","RVE_VEN","air",0.28
"jpota","RVE_VEN","arf",0.28
"jpota","RVN_VNM","air",0.24
"jpota","RVN_VNM","arf",0.24
"jpota","RWI_CAN","air",0.26
"jpota","RWI_CAN","arf",0.26
"jpota","RWI_USA","air",0.2
"jpota","RWI_USA","arf",0.2
"jpota","SAC_SWZ","air",0.38
"jpota","SAC_SWZ","arf",0.38
"jpota","SAC_ZAF","air",0.26
"jpota","SAC_ZAF","arf",0.26
"jpota","SAF_MOZ","air",0.38
"jpota","SAF_MOZ","arf",0.38
"jpota","SAF_TZA","air",0.38
"jpota","SAF_TZA","arf",0.38
"jpota","SAF_ZWE","air",0.38
"jpota","SAF_ZWE","arf",0.38
"jpota","SAH_DZA","air",0.2
"jpota","SAH_DZA","arf",0.2
"jpota","SAH_EGY","air",0.28
"jpota","SAH_EGY","arf",0.28
"jpota","SAH_LBY","air",0.2
"jpota","SAH_LBY","arf",0.2
"jpota","SAH_MLI","air",0.32
"jpota","SAH_MLI","arf",0.32
"jpota","SAH_MOR","air",0.2
"jpota","SAH_MOR","arf",0.2
"jpota","SAH_MRT","air",0.32
"jpota","SAH_MRT","arf",0.32
"jpota","SAH_NER","air",0.32
"jpota","SAH_NER","arf",0.32
"jpota","SAH_SDN","air",0.32
"jpota","SAH_SDN","arf",0.32
"jpota","SAH_TCD","air",0.32
"jpota","SAH_TCD","arf",0.32
"jpota","SAL_ARG","air",0.14
"jpota","SAL_ARG","arf",0.14
"jpota","SAN_BRA","air",0.24
"jpota","SAN_BRA","arf",0.24
"jpota","SAU_SAU","air",0.2
"jpota","SAU_SAU","arf",0.2
"jpota","SAY_IND","air",0.32
"jpota","SAY_IND","arf",0.32
"jpota","SEI_FRP","air",0.18
"jpota","SEI_FRP","arf",0.18
"jpota","SEN_GIN","air",0.3
"jpota","SEN_GIN","arf",0.3
"jpota","SEN_MLI","air",0.32
"jpota","SEN_MLI","arf",0.32
"jpota","SEN_MRT","air",0.32
"jpota","SEN_MRT","arf",0.32
"jpota","SEN_SEN","air",0.3
"jpota","SEN_SEN","arf",0.3
"jpota","SEU_USA","air",0.2
"jpota","SEU_USA","arf",0.2
"jpota","SKP_KOR","air",0.2
"jpota","SKP_KOR","arf",0.2
"jpota","SLV_SLV","air",0.28
"jpota","SLV_SLV","arf",0.28
"jpota","SON_CHM","air",0.26
"jpota","SON_CHM","arf",0.26
"jpota","SPP_SPP","air",0.18
"jpota","SPP_SPP","arf",0.18
"jpota","SRL_LKA","air",0.26
"jpota","SRL_LKA","arf",0.26
"jpota","SWE_SWE","air",0.18
"jpota","SWE_SWE","arf",0.18
"jpota","SYD_KAZ","air",0.3
"jpota","SYD_KAZ","arf",0.3
"jpota","SYD_KGZ","air",0.3
"jpota","SYD_KGZ","arf",0.3
"jpota","SYD_TJK","air",0.3
"jpota","SYD_TJK","arf",0.3
"jpota","SYD_UZB","air",0.3
"jpota","SYD_UZB","arf",0.3
"jpota","TIE_ARG","air",0.14
"jpota","TIE_ARG","arf",0.14
"jpota","TIG_IRN","air",0.2
"jpota","TIG_IRN","arf",0.2
"jpota","TIG_IRQ","air",0.2
"jpota","TIG_IRQ","arf",0.2
"jpota","TIG_SYR","air",0.2
"jpota","TIG_SYR","arf",0.2
"jpota","TIG_TUR","air",0.22
"jpota","TIG_TUR","arf",0.22
"jpota","TLS_TLS","air",0.26
"jpota","TLS_TLS","arf",0.26
"jpota","TMM_BGD","air",0.3
"jpota","TMM_BGD","arf",0.3
"jpota","TMM_MMR","air",0.22
"jpota","TMM_MMR","arf",0.22
"jpota","TMM_THA","air",0.22
"jpota","TMM_THA","arf",0.22
"jpota","TOC_BRA","air",0.24
"jpota","TOC_BRA","arf",0.24
"jpota","TWN_CHM","air",0.26
"jpota","TWN_CHM","arf",0.26
"jpota","UKP_UKP","air",0.18
"jpota","UKP_UKP","arf",0.18
"jpota","UME_MEX","air",0.28
"jpota","UME_MEX","arf",0.28
"jpota","UMO_MNG","air",0.28
"jpota","UMO_MNG","arf",0.28
"jpota","UMO_RUS","air",0.2
"jpota","UMO_RUS","arf",0.2
"jpota","URA_KAZ","air",0.3
"jpota","URA_KAZ","arf",0.3
"jpota","URA_RUS","air",0.2
"jpota","URA_RUS","arf",0.2
"jpota","URA_TKM","air",0.3
"jpota","URA_TKM","arf",0.3
"jpota","URU_BRA","air",0.24
"jpota","URU_BRA","arf",0.24
"jpota","URU_URY","air",0.28
"jpota","URU_URY","arf",0.28
"jpota","USN_USA","air",0.2
"jpota","USN_USA","arf",0.2
"jpota","VOG_RUS","air",0.2
"jpota","VOG_RUS","arf",0.2
"jpota","VOT_BEN","air",0.3
"jpota","VOT_BEN","arf",0.3
"jpota","VOT_BFA","air",0.32
"jpota","VOT_BFA","arf",0.32
"jpota","VOT_MLI","air",0.32
"jpota","VOT_MLI","arf",0.32
"jpota","VUT_VUT","air",0.26
"jpota","VUT_VUT","arf",0.26
"jpota","WAC_GIN","air",0.3
"jpota","WAC_GIN","arf",0.3
"jpota","WAC_SEN","air",0.3
"jpota","WAC_SEN","arf",0.3
"jpota","WAI_AFG","air",0.26
"jpota","WAI_AFG","arf",0.26
"jpota","WAI_IRN","air",0.2
"jpota","WAI_IRN","arf",0.2
"jpota","WAI_PAK","air",0.26
"jpota","WAI_PAK","arf",0.26
"jpota","WAI_TKM","air",0.3
"jpota","WAI_TKM","arf",0.3
"jpota","WAU_AUS","air",0.16
"jpota","WAU_AUS","arf",0.16
"jpota","WGM_USA","air",0.2
"jpota","WGM_USA","arf",0.2
"jpota","YEM_YEM","air",0.2
"jpota","YEM_YEM","arf",0.2
"jpota","YEN_RUS","air",0.2
"jpota","YEN_RUS","arf",0.2
"jpota","YHE_CHM","air",0.26
"jpota","YHE_CHM","arf",0.26
"jpota","YRD_CHM","air",0.26
"jpota","YRD_CHM","arf",0.26
"jpota","YRD_VNM","air",0.24
"jpota","YRD_VNM","arf",0.24
"jpota","YUC_MEX","air",0.28
"jpota","YUC_MEX","arf",0.28
"jpota","ZAM_AGO","air",0.38
"jpota","ZAM_AGO","arf",0.38
"jpota","ZAM_BWA","air",0.38
"jpota","ZAM_BWA","arf",0.38
"jpota","ZAM_COD","air",0.3
"jpota","ZAM_COD","arf",0.3
"jpota","ZAM_MOZ","air",0.38
"jpota","ZAM_MOZ","arf",0.38
"jpota","ZAM_MWI","air",0.38
"jpota","ZAM_MWI","arf",0.38
"jpota","ZAM_NAM","air",0.38
"jpota","ZAM_NAM","arf",0.38
"jpota","ZAM_TZA","air",0.38
"jpota","ZAM_TZA","arf",0.38
"jpota","ZAM_ZMB","air",0.38
"jpota","ZAM_ZMB","arf",0.38
"jpota","ZAM_ZWE","air",0.38
"jpota","ZAM_ZWE","arf",0.38
"jpota","ZHJ_CHM","air",0.26
"jpota","ZHJ_CHM","arf",0.26
"jswpt","ALK_USA","air",0.14
"jswpt","ALK_USA","arf",0.14
"jswpt","AMA_BOL","air",0.22
"jswpt","AMA_BOL","arf",0.22
"jswpt","AMA_BRA","air",0.18
"jswpt","AMA_BRA","arf",0.18
"jswpt","AMA_ECU","air",0.22
"jswpt","AMA_ECU","arf",0.22
"jswpt","AMA_PER","air",0.22
"jswpt","AMA_PER","arf",0.22
"jswpt","AMR_CHM","air",0.2
"jswpt","AMR_CHM","arf",0.2
"jswpt","ARK_USA","air",0.14
"jswpt","ARK_USA","arf",0.14
"jswpt","BLZ_BLZ","air",0.22
"jswpt","BLZ_BLZ","arf",0.22
"jswpt","BOR_IDN","air",0.16
"jswpt","BOR_IDN","arf",0.16
"jswpt","BOR_MYS","air",0.1
"jswpt","BOR_MYS","arf",0.1
"jswpt","BRT_BGD","air",0.26
"jswpt","BRT_BGD","arf",0.26
"jswpt","BRT_BTN","air",0.22
"jswpt","BRT_BTN","arf",0.22
"jswpt","BRT_CHM","air",0.2
"jswpt","BRT_CHM","arf",0.2
"jswpt","BRT_IND","air",0.22
"jswpt","BRT_IND","arf",0.22
"jswpt","CAF_AGO","air",0.32
"jswpt","CAF_AGO","arf",0.32
"jswpt","CAF_CMR","air",0.26
"jswpt","CAF_CMR","arf",0.26
"jswpt","CAF_COG","air",0.26
"jswpt","CAF_COG","arf",0.26
"jswpt","CAF_GAB","air",0.26
"jswpt","CAF_GAB","arf",0.26
"jswpt","CAF_GNQ","air",0.26
"jswpt","CAF_GNQ","arf",0.26
"jswpt","CAL_USA","air",0.14
"jswpt","CAL_USA","arf",0.14
"jswpt","CAU_AUS","air",0.14
"jswpt","CAU_AUS","arf",0.14
"jswpt","CAV_IND","air",0.22
"jswpt","CAV_IND","arf",0.22
"jswpt","CHC_CHL","air",0.22
"jswpt","CHC_CHL","arf",0.22
"jswpt","CHJ_CHM","air",0.2
"jswpt","CHJ_CHM","arf",0.2
"jswpt","CHO_IND","air",0.22
"jswpt","CHO_IND","arf",0.22
"jswpt","COB_USA","air",0.14
"jswpt","COB_USA","arf",0.14
"jswpt","COL_USA","air",0.14
"jswpt","COL_USA","arf",0.14
"jswpt","CON_AGO","air",0.32
"jswpt","CON_AGO","arf",0.32
"jswpt","CON_COD","air",0.26
"jswpt","CON_COD","arf",0.26
"jswpt","CON_COG","air",0.26
"jswpt","CON_COG","arf",0.26
"jswpt","CRB_CRB","air",0.22
"jswpt","CRB_CRB","arf",0.22
"jswpt","CRI_CRI","air",0.22
"jswpt","CRI_CRI","arf",0.22
"jswpt","CUB_CUB","air",0.22
"jswpt","CUB_CUB","arf",0.22
"jswpt","DOM_DOM","air",0.22
"jswpt","DOM_DOM","arf",0.22
"jswpt","EAC_BDI","air",0.32
"jswpt","EAC_BDI","arf",0.32
"jswpt","EAC_COD","air",0.26
"jswpt","EAC_COD","arf",0.26
"jswpt","EAC_RWA","air",0.32
"jswpt","EAC_RWA","arf",0.32
"jswpt","EAC_TZA","air",0.32
"jswpt","EAC_TZA","arf",0.32
"jswpt","EAU_AUS","air",0.14
"jswpt","EAU_AUS","arf",0.14
"jswpt","EGH_IND","air",0.22
"jswpt","EGH_IND","arf",0.22
"jswpt","EME_EGY","air",0.2
"jswpt","EME_EGY","arf",0.2
"jswpt","EME_ISR","air",0.22
"jswpt","EME_ISR","arf",0.22
"jswpt","EME_PSE","air",0.26
"jswpt","EME_PSE","arf",0.26
"jswpt","FJI_FJI","air",0.22
"jswpt","FJI_FJI","arf",0.22
"jswpt","GAN_BGD","air",0.26
"jswpt","GAN_BGD","arf",0.26
"jswpt","GAN_CHM","air",0.2
"jswpt","GAN_CHM","arf",0.2
"jswpt","GAN_IND","air",0.22
"jswpt","GAN_IND","arf",0.22
"jswpt","GBA_USA","air",0.14
"jswpt","GBA_USA","arf",0.14
"jswpt","GLA_USA","air",0.14
"jswpt","GLA_USA","arf",0.14
"jswpt","GOD_IND","air",0.22
"jswpt","GOD_IND","arf",0.22
"jswpt","GSA_GSA","air",0.22
"jswpt","GSA_GSA","arf",0.22
"jswpt","GTM_GTM","air",0.22
"jswpt","GTM_GTM","arf",0.22
"jswpt","HAI_CHM","air",0.2
"jswpt","HAI_CHM","arf",0.2
"jswpt","HND_HND","air",0.22
"jswpt","HND_HND","arf",0.22
"jswpt","HOA_ETH","air",0.26
"jswpt","HOA_ETH","arf",0.26
"jswpt","HOA_KEN","air",0.32
"jswpt","HOA_KEN","arf",0.32
"jswpt","HOA_SOM","air",0.26
"jswpt","HOA_SOM","arf",0.26
"jswpt","HTI_HTI","air",0.22
"jswpt","HTI_HTI","arf",0.22
"jswpt","HUA_CHM","air",0.2
"jswpt","HUA_CHM","arf",0.2
"jswpt","HUN_CHM","air",0.2
"jswpt","HUN_CHM","arf",0.2
"jswpt","HWI_USA","air",0.14
"jswpt","HWI_USA","arf",0.14
"jswpt","IEC_IND","air",0.22
"jswpt","IEC_IND","arf",0.22
"jswpt","IND_CHM","air",0.2
"jswpt","IND_CHM","arf",0.2
"jswpt","IND_IND","air",0.22
"jswpt","IND_IND","arf",0.22
"jswpt","IND_PAK","air",0.2
"jswpt","IND_PAK","arf",0.2
"jswpt","INE_IDN","air",0.16
"jswpt","INE_IDN","arf",0.16
"jswpt","INW_IDN","air",0.16
"jswpt","INW_IDN","arf",0.16
"jswpt","JAM_JAM","air",0.22
"jswpt","JAM_JAM","arf",0.22
"jswpt","JAP_JPN","air",0.16
"jswpt","JAP_JPN","arf",0.16
"jswpt","KAL_BWA","air",0.32
"jswpt","KAL_BWA","arf",0.32
"jswpt","KAL_ZAF","air",0.22
"jswpt","KAL_ZAF","arf",0.22
"jswpt","KRI_IND","air",0.22
"jswpt","KRI_IND","arf",0.22
"jswpt","LAJ_CHM","air",0.2
"jswpt","LAJ_CHM","arf",0.2
"jswpt","LCB_CMR","air",0.26
"jswpt","LCB_CMR","arf",0.26
"jswpt","LCB_NER","air",0.26
"jswpt","LCB_NER","arf",0.26
"jswpt","LCB_NGA","air",0.22
"jswpt","LCB_NGA","arf",0.22
"jswpt","LCB_TCD","air",0.26
"jswpt","LCB_TCD","arf",0.26
"jswpt","LIM_BWA","air",0.32
"jswpt","LIM_BWA","arf",0.32
"jswpt","LIM_MOZ","air",0.32
"jswpt","LIM_MOZ","arf",0.32
"jswpt","LIM_ZAF","air",0.22
"jswpt","LIM_ZAF","arf",0.22
"jswpt","LIM_ZWE","air",0.32
"jswpt","LIM_ZWE","arf",0.32
"jswpt","LMO_CHM","air",0.2
"jswpt","LMO_CHM","arf",0.2
"jswpt","LUN_IND","air",0.22
"jswpt","LUN_IND","arf",0.22
"jswpt","MAD_MDG","air",0.32
"jswpt","MAD_MDG","arf",0.32
"jswpt","MAT_IND","air",0.22
"jswpt","MAT_IND","arf",0.22
"jswpt","MAU_AUS","air",0.14
"jswpt","MAU_AUS","arf",0.14
"jswpt","MEK_KHM","air",0.2
"jswpt","MEK_KHM","arf",0.2
"jswpt","MEK_LAO","air",0.2
"jswpt","MEK_LAO","arf",0.2
"jswpt","MEK_MMR","air",0.16
"jswpt","MEK_MMR","arf",0.16
"jswpt","MEK_VNM","air",0.18
"jswpt","MEK_VNM","arf",0.18
"jswpt","MHN_IND","air",0.22
"jswpt","MHN_IND","arf",0.22
"jswpt","MIM_MEX","air",0.22
"jswpt","MIM_MEX","arf",0.22
"jswpt","MIS_USA","air",0.14
"jswpt","MIS_USA","arf",0.14
"jswpt","MOU_USA","air",0.14
"jswpt","MOU_USA","arf",0.14
"jswpt","NAC_EGY","air",0.2
"jswpt","NAC_EGY","arf",0.2
"jswpt","NEB_BRA","air",0.18
"jswpt","NEB_BRA","arf",0.18
"jswpt","NIG_BEN","air",0.26
"jswpt","NIG_BEN","arf",0.26
"jswpt","NIG_BFA","air",0.26
"jswpt","NIG_BFA","arf",0.26
"jswpt","NIG_CIV","air",0.26
"jswpt","NIG_CIV","arf",0.26
"jswpt","NIG_CMR","air",0.26
"jswpt","NIG_CMR","arf",0.26
"jswpt","NIG_GIN","air",0.26
"jswpt","NIG_GIN","arf",0.26
"jswpt","NIG_MLI","air",0.26
"jswpt","NIG_MLI","arf",0.26
"jswpt","NIG_NER","air",0.26
"jswpt","NIG_NER","arf",0.26
"jswpt","NIG_NGA","air",0.22
"jswpt","NIG_NGA","arf",0.22
"jswpt","NIG_TCD","air",0.26
"jswpt","NIG_TCD","arf",0.26
"jswpt","NKP_PRK","air",0.22
"jswpt","NKP_PRK","arf",0.22
"jswpt","NLL_EGY","air",0.2
"jswpt","NLL_EGY","arf",0.2
"jswpt","NLL_ETH","air",0.26
"jswpt","NLL_ETH","arf",0.26
"jswpt","NLL_SDN","air",0.26
"jswpt","NLL_SDN","arf",0.26
"jswpt","NLL_UGA","air",0.32
"jswpt","NLL_UGA","arf",0.32
"jswpt","NWA_MOR","air",0.14
"jswpt","NWA_MOR","arf",0.14
"jswpt","NWA_MRT","air",0.26
"jswpt","NWA_MRT","arf",0.26
"jswpt","NWS_ECU","air",0.22
"jswpt","NWS_ECU","arf",0.22
"jswpt","NZE_NZL","air",0.22
"jswpt","NZE_NZL","arf",0.22
"jswpt","OAO_OAO","air",0.22
"jswpt","OAO_OAO","arf",0.22
"jswpt","OBB_CHM","air",0.2
"jswpt","OBB_CHM","arf",0.2
"jswpt","OHI_USA","air",0.14
"jswpt","OHI_USA","arf",0.14
"jswpt","OIO_OIO","air",0.22
"jswpt","OIO_OIO","arf",0.22
"jswpt","OPO_OPO","air",0.22
"jswpt","OPO_OPO","arf",0.22
"jswpt","ORA_ZAF","air",0.22
"jswpt","ORA_ZAF","arf",0.22
"jswpt","ORI_VEN","air",0.22
"jswpt","ORI_VEN","arf",0.22
"jswpt","PAN_PAN","air",0.22
"jswpt","PAN_PAN","arf",0.22
"jswpt","PAO_PNG","air",0.22
"jswpt","PAO_PNG","arf",0.22
"jswpt","PAR_ARG","air",0.12
"jswpt","PAR_ARG","arf",0.12
"jswpt","PAR_BOL","air",0.22
"jswpt","PAR_BOL","arf",0.22
"jswpt","PAR_BRA","air",0.18
"jswpt","PAR_BRA","arf",0.18
"jswpt","PAR_PRY","air",0.22
"jswpt","PAR_PRY","arf",0.22
"jswpt","PEC_PER","air",0.22
"jswpt","PEC_PER","arf",0.22
"jswpt","PHI_PHL","air",0.16
"jswpt","PHI_PHL","arf",0.16
"jswpt","RAP_RAP","air",0.14
"jswpt","RAP_RAP","arf",0.14
"jswpt","RIC_ARG","air",0.12
"jswpt","RIC_ARG","arf",0.12
"jswpt","RIG_MEX","air",0.22
"jswpt","RIG_MEX","arf",0.22
"jswpt","RIG_USA","air",0.14
"jswpt","RIG_USA","arf",0.14
"jswpt","RVE_VEN","air",0.22
"jswpt","RVE_VEN","arf",0.22
"jswpt","RVN_VNM","air",0.18
"jswpt","RVN_VNM","arf",0.18
"jswpt","RWI_USA","air",0.14
"jswpt","RWI_USA","arf",0.14
"jswpt","SAC_SWZ","air",0.32
"jswpt","SAC_SWZ","arf",0.32
"jswpt","SAC_ZAF","air",0.22
"jswpt","SAC_ZAF","arf",0.22
"jswpt","SAF_MOZ","air",0.32
"jswpt","SAF_MOZ","arf",0.32
"jswpt","SAF_TZA","air",0.32
"jswpt","SAF_TZA","arf",0.32
"jswpt","SAF_ZWE","air",0.32
"jswpt","SAF_ZWE","arf",0.32
"jswpt","SAH_EGY","air",0.2
"jswpt","SAH_EGY","arf",0.2
"jswpt","SAH_MLI","air",0.26
"jswpt","SAH_MLI","arf",0.26
"jswpt","SAH_MOR","air",0.14
"jswpt","SAH_MOR","arf",0.14
"jswpt","SAH_MRT","air",0.26
"jswpt","SAH_MRT","arf",0.26
"jswpt","SAH_NER","air",0.26
"jswpt","SAH_NER","arf",0.26
"jswpt","SAH_SDN","air",0.26
"jswpt","SAH_SDN","arf",0.26
"jswpt","SAH_TCD","air",0.26
"jswpt","SAH_TCD","arf",0.26
"jswpt","SAL_ARG","air",0.12
"jswpt","SAL_ARG","arf",0.12
"jswpt","SAN_BRA","air",0.18
"jswpt","SAN_BRA","arf",0.18
"jswpt","SAY_IND","air",0.22
"jswpt","SAY_IND","arf",0.22
"jswpt","SEN_GIN","air",0.26
"jswpt","SEN_GIN","arf",0.26
"jswpt","SEN_MLI","air",0.26
"jswpt","SEN_MLI","arf",0.26
"jswpt","SEN_MRT","air",0.26
"jswpt","SEN_MRT","arf",0.26
"jswpt","SEN_SEN","air",0.26
"jswpt","SEN_SEN","arf",0.26
"jswpt","SEU_USA","air",0.14
"jswpt","SEU_USA","arf",0.14
"jswpt","SKP_KOR","air",0.14
"jswpt","SKP_KOR","arf",0.14
"jswpt","SLB_SLB","air",0.22
"jswpt","SLB_SLB","arf",0.22
"jswpt","SLV_SLV","air",0.22
"jswpt","SLV_SLV","arf",0.22
"jswpt","SON_CHM","air",0.2
"jswpt","SON_CHM","arf",0.2
"jswpt","SRL_LKA","air",0.22
"jswpt","SRL_LKA","arf",0.22
"jswpt","TIE_ARG","air",0.12
"jswpt","TIE_ARG","arf",0.12
"jswpt","TLS_TLS","air",0.22
"jswpt","TLS_TLS","arf",0.22
"jswpt","TMM_BGD","air",0.26
"jswpt","TMM_BGD","arf",0.26
"jswpt","TMM_MMR","air",0.16
"jswpt","TMM_MMR","arf",0.16
"jswpt","TMM_MYS","air",0.1
"jswpt","TMM_MYS","arf",0.1
"jswpt","TMM_OSA","air",0.2
"jswpt","TMM_OSA","arf",0.2
"jswpt","TOC_BRA","air",0.18
"jswpt","TOC_BRA","arf",0.18
"jswpt","TWN_CHM","air",0.2
"jswpt","TWN_CHM","arf",0.2
"jswpt","UME_MEX","air",0.22
"jswpt","UME_MEX","arf",0.22
"jswpt","URU_BRA","air",0.18
"jswpt","URU_BRA","arf",0.18
"jswpt","URU_URY","air",0.22
"jswpt","URU_URY","arf",0.22
"jswpt","USN_USA","air",0.14
"jswpt","USN_USA","arf",0.14
"jswpt","VOT_BEN","air",0.26
"jswpt","VOT_BEN","arf",0.26
"jswpt","VOT_BFA","air",0.26
"jswpt","VOT_BFA","arf",0.26
"jswpt","VOT_CIV","air",0.26
"jswpt","VOT_CIV","arf",0.26
"jswpt","VOT_GHA","air",0.26
"jswpt","VOT_GHA","arf",0.26
"jswpt","VOT_MLI","air",0.26
"jswpt","VOT_MLI","arf",0.26
"jswpt","VOT_TGO","air",0.26
"jswpt","VOT_TGO","arf",0.26
"jswpt","VUT_VUT","air",0.22
"jswpt","VUT_VUT","arf",0.22
"jswpt","WAC_CIV","air",0.26
"jswpt","WAC_CIV","arf",0.26
"jswpt","WAC_GIN","air",0.26
"jswpt","WAC_GIN","arf",0.26
"jswpt","WAC_GNB","air",0.26
"jswpt","WAC_GNB","arf",0.26
"jswpt","WAC_LBR","air",0.26
"jswpt","WAC_LBR","arf",0.26
"jswpt","WAC_SEN","air",0.26
"jswpt","WAC_SEN","arf",0.26
"jswpt","WAC_SLE","air",0.26
"jswpt","WAC_SLE","arf",0.26
"jswpt","WAI_PAK","air",0.2
"jswpt","WAI_PAK","arf",0.2
"jswpt","WAU_AUS","air",0.14
"jswpt","WAU_AUS","arf",0.14
"jswpt","WGM_USA","air",0.14
"jswpt","WGM_USA","arf",0.14
"jswpt","YEM_YEM","air",0.14
"jswpt","YEM_YEM","arf",0.14
"jswpt","YHE_CHM","air",0.2
"jswpt","YHE_CHM","arf",0.2
"jswpt","YRD_CHM","air",0.2
"jswpt","YRD_CHM","arf",0.2
"jswpt","YRD_VNM","air",0.18
"jswpt","YRD_VNM","arf",0.18
"jswpt","YUC_MEX","air",0.22
"jswpt","YUC_MEX","arf",0.22
"jswpt","ZAM_AGO","air",0.32
"jswpt","ZAM_AGO","arf",0.32
"jswpt","ZAM_BWA","air",0.32
"jswpt","ZAM_BWA","arf",0.32
"jswpt","ZAM_COD","air",0.26
"jswpt","ZAM_COD","arf",0.26
"jswpt","ZAM_MOZ","air",0.32
"jswpt","ZAM_MOZ","arf",0.32
"jswpt","ZAM_MWI","air",0.32
"jswpt","ZAM_MWI","arf",0.32
"jswpt","ZAM_TZA","air",0.32
"jswpt","ZAM_TZA","arf",0.32
"jswpt","ZAM_ZMB","air",0.32
"jswpt","ZAM_ZMB","arf",0.32
"jswpt","ZAM_ZWE","air",0.32
"jswpt","ZAM_ZWE","arf",0.32
"jswpt","ZHJ_CHM","air",0.2
"jswpt","ZHJ_CHM","arf",0.2
"jyams","AMA_BRA","air",0.18
"jyams","AMA_BRA","arf",0.18
"jyams","AMA_COL","air",0.2
"jyams","AMA_COL","arf",0.2
"jyams","BLZ_BLZ","air",0.22
"jyams","BLZ_BLZ","arf",0.22
"jyams","BOR_MYS","air",0.1
"jyams","BOR_MYS","arf",0.1
"jyams","BRT_BTN","air",0.22
"jyams","BRT_BTN","arf",0.22
"jyams","CAF_CAF","air",0.26
"jyams","CAF_CAF","arf",0.26
"jyams","CAF_CMR","air",0.26
"jyams","CAF_CMR","arf",0.26
"jyams","CAF_COG","air",0.26
"jyams","CAF_COG","arf",0.26
"jyams","CAF_GAB","air",0.26
"jyams","CAF_GAB","arf",0.26
"jyams","CON_CAF","air",0.26
"jyams","CON_CAF","arf",0.26
"jyams","CON_COD","air",0.26
"jyams","CON_COD","arf",0.26
"jyams","CON_COG","air",0.26
"jyams","CON_COG","arf",0.26
"jyams","CRB_CRB","air",0.22
"jyams","CRB_CRB","arf",0.22
"jyams","CRI_CRI","air",0.22
"jyams","CRI_CRI","arf",0.22
"jyams","CUB_CUB","air",0.22
"jyams","CUB_CUB","arf",0.22
"jyams","DOM_DOM","air",0.22
"jyams","DOM_DOM","arf",0.22
"jyams","EAC_BDI","air",0.32
"jyams","EAC_BDI","arf",0.32
"jyams","EAC_COD","air",0.26
"jyams","EAC_COD","arf",0.26
"jyams","EAC_RWA","air",0.32
"jyams","EAC_RWA","arf",0.32
"jyams","EAC_TZA","air",0.32
"jyams","EAC_TZA","arf",0.32
"jyams","FJI_FJI","air",0.22
"jyams","FJI_FJI","arf",0.22
"jyams","GSA_GSA","air",0.22
"jyams","GSA_GSA","arf",0.22
"jyams","HOA_ETH","air",0.26
"jyams","HOA_ETH","arf",0.26
"jyams","HOA_KEN","air",0.32
"jyams","HOA_KEN","arf",0.32
"jyams","HTI_HTI","air",0.22
"jyams","HTI_HTI","arf",0.22
"jyams","JAM_JAM","air",0.22
"jyams","JAM_JAM","arf",0.22
"jyams","JAP_JPN","air",0.16
"jyams","JAP_JPN","arf",0.16
"jyams","LCB_CAF","air",0.26
"jyams","LCB_CAF","arf",0.26
"jyams","LCB_CMR","air",0.26
"jyams","LCB_CMR","arf",0.26
"jyams","LCB_NGA","air",0.22
"jyams","LCB_NGA","arf",0.22
"jyams","LCB_TCD","air",0.26
"jyams","LCB_TCD","arf",0.26
"jyams","NEB_BRA","air",0.18
"jyams","NEB_BRA","arf",0.18
"jyams","NIC_NIC","air",0.22
"jyams","NIC_NIC","arf",0.22
"jyams","NIG_BEN","air",0.26
"jyams","NIG_BEN","arf",0.26
"jyams","NIG_BFA","air",0.26
"jyams","NIG_BFA","arf",0.26
"jyams","NIG_CIV","air",0.26
"jyams","NIG_CIV","arf",0.26
"jyams","NIG_CMR","air",0.26
"jyams","NIG_CMR","arf",0.26
"jyams","NIG_GIN","air",0.26
"jyams","NIG_GIN","arf",0.26
"jyams","NIG_MLI","air",0.26
"jyams","NIG_MLI","arf",0.26
"jyams","NIG_NGA","air",0.22
"jyams","NIG_NGA","arf",0.22
"jyams","NIG_TCD","air",0.26
"jyams","NIG_TCD","arf",0.26
"jyams","NLL_ETH","air",0.26
"jyams","NLL_ETH","arf",0.26
"jyams","NLL_SDN","air",0.26
"jyams","NLL_SDN","arf",0.26
"jyams","NWA_MRT","air",0.26
"jyams","NWA_MRT","arf",0.26
"jyams","NWS_COL","air",0.2
"jyams","NWS_COL","arf",0.2
"jyams","OAO_OAO","air",0.22
"jyams","OAO_OAO","arf",0.22
"jyams","OIO_OIO","air",0.22
"jyams","OIO_OIO","arf",0.22
"jyams","OPO_OPO","air",0.22
"jyams","OPO_OPO","arf",0.22
"jyams","ORI_COL","air",0.2
"jyams","ORI_COL","arf",0.2
"jyams","ORI_VEN","air",0.22
"jyams","ORI_VEN","arf",0.22
"jyams","PAN_PAN","air",0.22
"jyams","PAN_PAN","arf",0.22
"jyams","PAO_PNG","air",0.22
"jyams","PAO_PNG","arf",0.22
"jyams","PAR_BRA","air",0.18
"jyams","PAR_BRA","arf",0.18
"jyams","PHI_PHL","air",0.16
"jyams","PHI_PHL","arf",0.16
"jyams","RVE_VEN","air",0.22
"jyams","RVE_VEN","arf",0.22
"jyams","SAF_TZA","air",0.32
"jyams","SAF_TZA","arf",0.32
"jyams","SAH_MLI","air",0.26
"jyams","SAH_MLI","arf",0.26
"jyams","SAH_MRT","air",0.26
"jyams","SAH_MRT","arf",0.26
"jyams","SAH_SDN","air",0.26
"jyams","SAH_SDN","arf",0.26
"jyams","SAH_TCD","air",0.26
"jyams","SAH_TCD","arf",0.26
"jyams","SAN_BRA","air",0.18
"jyams","SAN_BRA","arf",0.18
"jyams","SEN_GIN","air",0.26
"jyams","SEN_GIN","arf",0.26
"jyams","SEN_MLI","air",0.26
"jyams","SEN_MLI","arf",0.26
"jyams","SEN_MRT","air",0.26
"jyams","SEN_MRT","arf",0.26
"jyams","SEN_SEN","air",0.26
"jyams","SEN_SEN","arf",0.26
"jyams","SLB_SLB","air",0.22
"jyams","SLB_SLB","arf",0.22
"jyams","TMM_MYS","air",0.1
"jyams","TMM_MYS","arf",0.1
"jyams","TOC_BRA","air",0.18
"jyams","TOC_BRA","arf",0.18
"jyams","URU_BRA","air",0.18
"jyams","URU_BRA","arf",0.18
"jyams","VOT_BEN","air",0.26
"jyams","VOT_BEN","arf",0.26
"jyams","VOT_BFA","air",0.26
"jyams","VOT_BFA","arf",0.26
"jyams","VOT_CIV","air",0.26
"jyams","VOT_CIV","arf",0.26
"jyams","VOT_GHA","air",0.26
"jyams","VOT_GHA","arf",0.26
"jyams","VOT_MLI","air",0.26
"jyams","VOT_MLI","arf",0.26
"jyams","VOT_TGO","air",0.26
"jyams","VOT_TGO","arf",0.26
"jyams","VUT_VUT","air",0.22
"jyams","VUT_VUT","arf",0.22
"jyams","WAC_CIV","air",0.26
"jyams","WAC_CIV","arf",0.26
"jyams","WAC_GIN","air",0.26
"jyams","WAC_GIN","arf",0.26
"jyams","WAC_LBR","air",0.26
"jyams","WAC_LBR","arf",0.26
"jyams","WAC_SEN","air",0.26
"jyams","WAC_SEN","arf",0.26
"jyams","ZAM_COD","air",0.26
"jyams","ZAM_COD","arf",0.26
"jyams","ZAM_TZA","air",0.32
"jyams","ZAM_TZA","arf",0.32
"jorat","ALK_USA","air",0.07
"jorat","ALK_USA","arf",0.07
"jorat","AMA_BOL","air",0.11
"jorat","AMA_BOL","arf",0.11
"jorat","AMA_COL","air",0.1
"jorat","AMA_COL","arf",0.1
"jorat","AMA_ECU","air",0.11
"jorat","AMA_ECU","arf",0.11
"jorat","AMA_PER","air",0.11
"jorat","AMA_PER","arf",0.11
"jorat","AMR_CHM","air",0.1
"jorat","AMR_CHM","arf",0.1
"jorat","AMR_RUS","air",0.1
"jorat","AMR_RUS","arf",0.1
"jorat","ARK_USA","air",0.07
"jorat","ARK_USA","arf",0.07
"jorat","BAL_RUS","air",0.1
"jorat","BAL_RUS","arf",0.1
"jorat","BLA_RUS","air",0.1
"jorat","BLA_RUS","arf",0.1
"jorat","BLA_UKR","air",0.1
"jorat","BLA_UKR","arf",0.1
"jorat","BLZ_BLZ","air",0.11
"jorat","BLZ_BLZ","arf",0.11
"jorat","BOR_IDN","air",0.07
"jorat","BOR_IDN","arf",0.07
"jorat","BOR_MYS","air",0.05
"jorat","BOR_MYS","arf",0.05
"jorat","BRT_BTN","air",0.11
"jorat","BRT_BTN","arf",0.11
"jorat","BRT_CHM","air",0.1
"jorat","BRT_CHM","arf",0.1
"jorat","CAF_CAF","air",0.13
"jorat","CAF_CAF","arf",0.13
"jorat","CAF_CMR","air",0.13
"jorat","CAF_CMR","arf",0.13
"jorat","CAF_COG","air",0.13
"jorat","CAF_COG","arf",0.13
"jorat","CAF_GAB","air",0.13
"jorat","CAF_GAB","arf",0.13
"jorat","CAF_GNQ","air",0.13
"jorat","CAF_GNQ","arf",0.13
"jorat","CAF_NAM","air",0.16
"jorat","CAF_NAM","arf",0.16
"jorat","CAL_USA","air",0.07
"jorat","CAL_USA","arf",0.07
"jorat","CHJ_CHM","air",0.1
"jorat","CHJ_CHM","arf",0.1
"jorat","CHU_KAZ","air",0.13
"jorat","CHU_KAZ","arf",0.13
"jorat","COB_USA","air",0.07
"jorat","COB_USA","arf",0.07
"jorat","COL_USA","air",0.07
"jorat","COL_USA","arf",0.07
"jorat","CON_CAF","air",0.13
"jorat","CON_CAF","arf",0.13
"jorat","CON_COD","air",0.13
"jorat","CON_COD","arf",0.13
"jorat","CON_COG","air",0.13
"jorat","CON_COG","arf",0.13
"jorat","CRB_CRB","air",0.11
"jorat","CRB_CRB","arf",0.11
"jorat","CRI_CRI","air",0.11
"jorat","CRI_CRI","arf",0.11
"jorat","CUB_CUB","air",0.11
"jorat","CUB_CUB","arf",0.11
"jorat","DAN_OBN","air",0.11
"jorat","DAN_OBN","arf",0.11
"jorat","DAN_UKR","air",0.1
"jorat","DAN_UKR","arf",0.1
"jorat","DNI_RUS","air",0.1
"jorat","DNI_RUS","arf",0.1
"jorat","DNI_UKR","air",0.1
"jorat","DNI_UKR","arf",0.1
"jorat","DOM_DOM","air",0.11
"jorat","DOM_DOM","arf",0.11
"jorat","EAC_BDI","air",0.16
"jorat","EAC_BDI","arf",0.16
"jorat","EAC_COD","air",0.13
"jorat","EAC_COD","arf",0.13
"jorat","EAC_RWA","air",0.16
"jorat","EAC_RWA","arf",0.16
"jorat","EAC_TZA","air",0.16
"jorat","EAC_TZA","arf",0.16
"jorat","EME_EGY","air",0.1
"jorat","EME_EGY","arf",0.1
"jorat","EME_LBN","air",0.07
"jorat","EME_LBN","arf",0.07
"jorat","EME_PSE","air",0.13
"jorat","EME_PSE","arf",0.13
"jorat","FJI_FJI","air",0.11
"jorat","FJI_FJI","arf",0.11
"jorat","GAN_CHM","air",0.1
"jorat","GAN_CHM","arf",0.1
"jorat","GAN_NPL","air",0.11
"jorat","GAN_NPL","arf",0.11
"jorat","GBA_USA","air",0.07
"jorat","GBA_USA","arf",0.07
"jorat","GLA_USA","air",0.07
"jorat","GLA_USA","arf",0.07
"jorat","GSA_GSA","air",0.11
"jorat","GSA_GSA","arf",0.11
"jorat","HAI_CHM","air",0.1
"jorat","HAI_CHM","arf",0.1
"jorat","HND_HND","air",0.11
"jorat","HND_HND","arf",0.11
"jorat","HOA_ETH","air",0.13
"jorat","HOA_ETH","arf",0.13
"jorat","HOA_KEN","air",0.16
"jorat","HOA_KEN","arf",0.16
"jorat","HTI_HTI","air",0.11
"jorat","HTI_HTI","arf",0.11
"jorat","HUA_CHM","air",0.1
"jorat","HUA_CHM","arf",0.1
"jorat","HUN_CHM","air",0.1
"jorat","HUN_CHM","arf",0.1
"jorat","HWI_USA","air",0.07
"jorat","HWI_USA","arf",0.07
"jorat","IND_CHM","air",0.1
"jorat","IND_CHM","arf",0.1
"jorat","IND_PAK","air",0.1
"jorat","IND_PAK","arf",0.1
"jorat","INE_IDN","air",0.07
"jorat","INE_IDN","arf",0.07
"jorat","INW_IDN","air",0.07
"jorat","INW_IDN","arf",0.07
"jorat","JAM_JAM","air",0.11
"jorat","JAM_JAM","arf",0.11
"jorat","JAP_JPN","air",0.08
"jorat","JAP_JPN","arf",0.08
"jorat","KAL_BWA","air",0.16
"jorat","KAL_BWA","arf",0.16
"jorat","KAL_NAM","air",0.16
"jorat","KAL_NAM","arf",0.16
"jorat","KAL_ZAF","air",0.11
"jorat","KAL_ZAF","arf",0.11
"jorat","LAJ_CHM","air",0.1
"jorat","LAJ_CHM","arf",0.1
"jorat","LBA_KAZ","air",0.13
"jorat","LBA_KAZ","arf",0.13
"jorat","LCB_CAF","air",0.13
"jorat","LCB_CAF","arf",0.13
"jorat","LCB_CMR","air",0.13
"jorat","LCB_CMR","arf",0.13
"jorat","LCB_NGA","air",0.11
"jorat","LCB_NGA","arf",0.11
"jorat","LCB_TCD","air",0.13
"jorat","LCB_TCD","arf",0.13
"jorat","LIM_BWA","air",0.16
"jorat","LIM_BWA","arf",0.16
"jorat","LIM_MOZ","air",0.16
"jorat","LIM_MOZ","arf",0.16
"jorat","LIM_ZAF","air",0.11
"jorat","LIM_ZAF","arf",0.11
"jorat","LIM_ZWE","air",0.16
"jorat","LIM_ZWE","arf",0.16
"jorat","LMO_CHM","air",0.1
"jorat","LMO_CHM","arf",0.1
"jorat","LTZ_KAZ","air",0.13
"jorat","LTZ_KAZ","arf",0.13
"jorat","MAD_MDG","air",0.16
"jorat","MAD_MDG","arf",0.16
"jorat","MEK_KHM","air",0.1
"jorat","MEK_KHM","arf",0.1
"jorat","MEK_LAO","air",0.1
"jorat","MEK_LAO","arf",0.1
"jorat","MEK_THA","air",0.11
"jorat","MEK_THA","arf",0.11
"jorat","MIM_MEX","air",0.11
"jorat","MIM_MEX","arf",0.11
"jorat","MIS_USA","air",0.07
"jorat","MIS_USA","arf",0.07
"jorat","MOU_USA","air",0.07
"jorat","MOU_USA","arf",0.07
"jorat","NAC_EGY","air",0.1
"jorat","NAC_EGY","arf",0.1
"jorat","NER_RUS","air",0.1
"jorat","NER_RUS","arf",0.1
"jorat","NIC_NIC","air",0.11
"jorat","NIC_NIC","arf",0.11
"jorat","NIG_BEN","air",0.13
"jorat","NIG_BEN","arf",0.13
"jorat","NIG_CIV","air",0.13
"jorat","NIG_CIV","arf",0.13
"jorat","NIG_CMR","air",0.13
"jorat","NIG_CMR","arf",0.13
"jorat","NIG_GIN","air",0.13
"jorat","NIG_GIN","arf",0.13
"jorat","NIG_NGA","air",0.11
"jorat","NIG_NGA","arf",0.11
"jorat","NIG_TCD","air",0.13
"jorat","NIG_TCD","arf",0.13
"jorat","NLL_EGY","air",0.1
"jorat","NLL_EGY","arf",0.1
"jorat","NLL_ERI","air",0.13
"jorat","NLL_ERI","arf",0.13
"jorat","NLL_ETH","air",0.13
"jorat","NLL_ETH","arf",0.13
"jorat","NWA_MOR","air",0.07
"jorat","NWA_MOR","arf",0.07
"jorat","NWS_COL","air",0.1
"jorat","NWS_COL","arf",0.1
"jorat","NWS_ECU","air",0.11
"jorat","NWS_ECU","arf",0.11
"jorat","OAO_OAO","air",0.11
"jorat","OAO_OAO","arf",0.11
"jorat","OBB_CHM","air",0.1
"jorat","OBB_CHM","arf",0.1
"jorat","OBB_KAZ","air",0.13
"jorat","OBB_KAZ","arf",0.13
"jorat","OBB_RUS","air",0.1
"jorat","OBB_RUS","arf",0.1
"jorat","ODE_RUS","air",0.1
"jorat","ODE_RUS","arf",0.1
"jorat","OHI_USA","air",0.07
"jorat","OHI_USA","arf",0.07
"jorat","OIO_OIO","air",0.11
"jorat","OIO_OIO","arf",0.11
"jorat","OPO_OPO","air",0.11
"jorat","OPO_OPO","arf",0.11
"jorat","ORA_NAM","air",0.16
"jorat","ORA_NAM","arf",0.16
"jorat","ORA_ZAF","air",0.11
"jorat","ORA_ZAF","arf",0.11
"jorat","ORI_COL","air",0.1
"jorat","ORI_COL","arf",0.1
"jorat","ORI_VEN","air",0.11
"jorat","ORI_VEN","arf",0.11
"jorat","PAN_PAN","air",0.11
"jorat","PAN_PAN","arf",0.11
"jorat","PAO_PNG","air",0.11
"jorat","PAO_PNG","arf",0.11
"jorat","PAR_BOL","air",0.11
"jorat","PAR_BOL","arf",0.11
"jorat","PEC_PER","air",0.11
"jorat","PEC_PER","arf",0.11
"jorat","PHI_PHL","air",0.08
"jorat","PHI_PHL","arf",0.08
"jorat","RAP_RAP","air",0.07
"jorat","RAP_RAP","arf",0.07
"jorat","RIG_MEX","air",0.11
"jorat","RIG_MEX","arf",0.11
"jorat","RIG_USA","air",0.07
"jorat","RIG_USA","arf",0.07
"jorat","RRS_RUS","air",0.1
"jorat","RRS_RUS","arf",0.1
"jorat","RVE_VEN","air",0.11
"jorat","RVE_VEN","arf",0.11
"jorat","RWI_USA","air",0.07
"jorat","RWI_USA","arf",0.07
"jorat","SAC_SWZ","air",0.16
"jorat","SAC_SWZ","arf",0.16
"jorat","SAC_ZAF","air",0.11
"jorat","SAC_ZAF","arf",0.11
"jorat","SAF_MOZ","air",0.16
"jorat","SAF_MOZ","arf",0.16
"jorat","SAF_TZA","air",0.16
"jorat","SAF_TZA","arf",0.16
"jorat","SAF_ZWE","air",0.16
"jorat","SAF_ZWE","arf",0.16
"jorat","SAH_EGY","air",0.1
"jorat","SAH_EGY","arf",0.1
"jorat","SAH_MOR","air",0.07
"jorat","SAH_MOR","arf",0.07
"jorat","SAH_TCD","air",0.13
"jorat","SAH_TCD","arf",0.13
"jorat","SEN_GIN","air",0.13
"jorat","SEN_GIN","arf",0.13
"jorat","SEU_USA","air",0.07
"jorat","SEU_USA","arf",0.07
"jorat","SLB_SLB","air",0.11
"jorat","SLB_SLB","arf",0.11
"jorat","SLV_SLV","air",0.11
"jorat","SLV_SLV","arf",0.11
"jorat","SON_CHM","air",0.1
"jorat","SON_CHM","arf",0.1
"jorat","SRL_LKA","air",0.11
"jorat","SRL_LKA","arf",0.11
"jorat","SYD_KAZ","air",0.13
"jorat","SYD_KAZ","arf",0.13
"jorat","TLS_TLS","air",0.11
"jorat","TLS_TLS","arf",0.11
"jorat","TMM_MYS","air",0.05
"jorat","TMM_MYS","arf",0.05
"jorat","TMM_OSA","air",0.1
"jorat","TMM_OSA","arf",0.1
"jorat","TMM_THA","air",0.11
"jorat","TMM_THA","arf",0.11
"jorat","TWN_CHM","air",0.1
"jorat","TWN_CHM","arf",0.1
"jorat","UME_MEX","air",0.11
"jorat","UME_MEX","arf",0.11
"jorat","UMO_RUS","air",0.1
"jorat","UMO_RUS","arf",0.1
"jorat","URA_KAZ","air",0.13
"jorat","URA_KAZ","arf",0.13
"jorat","URA_RUS","air",0.1
"jorat","URA_RUS","arf",0.1
"jorat","USN_USA","air",0.07
"jorat","USN_USA","arf",0.07
"jorat","VOG_RUS","air",0.1
"jorat","VOG_RUS","arf",0.1
"jorat","VOT_BEN","air",0.13
"jorat","VOT_BEN","arf",0.13
"jorat","VOT_CIV","air",0.13
"jorat","VOT_CIV","arf",0.13
"jorat","VOT_GHA","air",0.13
"jorat","VOT_GHA","arf",0.13
"jorat","VOT_TGO","air",0.13
"jorat","VOT_TGO","arf",0.13
"jorat","VUT_VUT","air",0.11
"jorat","VUT_VUT","arf",0.11
"jorat","WAC_CIV","air",0.13
"jorat","WAC_CIV","arf",0.13
"jorat","WAC_GIN","air",0.13
"jorat","WAC_GIN","arf",0.13
"jorat","WAC_GNB","air",0.13
"jorat","WAC_GNB","arf",0.13
"jorat","WAC_LBR","air",0.13
"jorat","WAC_LBR","arf",0.13
"jorat","WAC_SLE","air",0.13
"jorat","WAC_SLE","arf",0.13
"jorat","WAI_PAK","air",0.1
"jorat","WAI_PAK","arf",0.1
"jorat","WGM_USA","air",0.07
"jorat","WGM_USA","arf",0.07
"jorat","YEN_RUS","air",0.1
"jorat","YEN_RUS","arf",0.1
"jorat","YHE_CHM","air",0.1
"jorat","YHE_CHM","arf",0.1
"jorat","YRD_CHM","air",0.1
"jorat","YRD_CHM","arf",0.1
"jorat","YUC_MEX","air",0.11
"jorat","YUC_MEX","arf",0.11
"jorat","ZAM_BWA","air",0.16
"jorat","ZAM_BWA","arf",0.16
"jorat","ZAM_COD","air",0.13
"jorat","ZAM_COD","arf",0.13
"jorat","ZAM_MOZ","air",0.16
"jorat","ZAM_MOZ","arf",0.16
"jorat","ZAM_NAM","air",0.16
"jorat","ZAM_NAM","arf",0.16
"jorat","ZAM_TZA","air",0.16
"jorat","ZAM_TZA","arf",0.16
"jorat","ZAM_ZWE","air",0.16
"jorat","ZAM_ZWE","arf",0.16
"jorat","ZHJ_CHM","air",0.1
"jorat","ZHJ_CHM","arf",0.1
"jbean","ALB_ALB","air",0.204
"jbean","ALB_ALB","arf",0.204
"jbean","ALK_USA","air",0.18
"jbean","ALK_USA","arf",0.18
"jbean","AMA_BOL","air",0.24
"jbean","AMA_BOL","arf",0.24
"jbean","AMA_BRA","air",0.204
"jbean","AMA_BRA","arf",0.204
"jbean","AMA_COL","air",0.216
"jbean","AMA_COL","arf",0.216
"jbean","AMA_ECU","air",0.24
"jbean","AMA_ECU","arf",0.24
"jbean","AMA_PER","air",0.24
"jbean","AMA_PER","arf",0.24
"jbean","AMD_TJK","air",0.264
"jbean","AMD_TJK","arf",0.264
"jbean","AMD_TKM","air",0.264
"jbean","AMD_TKM","arf",0.264
"jbean","AMD_UZB","air",0.264
"jbean","AMD_UZB","arf",0.264
"jbean","AMR_CHM","air",0.228
"jbean","AMR_CHM","arf",0.228
"jbean","AMR_RUS","air",0.18
"jbean","AMR_RUS","arf",0.18
"jbean","ARA_IRQ","air",0.168
"jbean","ARA_IRQ","arf",0.168
"jbean","ARK_USA","air",0.18
"jbean","ARK_USA","arf",0.18
"jbean","ARM_ARM","air",0.18
"jbean","ARM_ARM","arf",0.18
"jbean","AZE_AZE","air",0.18
"jbean","AZE_AZE","arf",0.18
"jbean","BAL_BLT","air",0.18
"jbean","BAL_BLT","arf",0.18
"jbean","BAL_RUS","air",0.18
"jbean","BAL_RUS","arf",0.18
"jbean","BLA_RUS","air",0.18
"jbean","BLA_RUS","arf",0.18
"jbean","BLA_TUR","air",0.192
"jbean","BLA_TUR","arf",0.192
"jbean","BLA_UKR","air",0.18
"jbean","BLA_UKR","arf",0.18
"jbean","BLZ_BLZ","air",0.24
"jbean","BLZ_BLZ","arf",0.24
"jbean","BOR_IDN","air",0.168
"jbean","BOR_IDN","arf",0.168
"jbean","BRT_BGD","air",0.276
"jbean","BRT_BGD","arf",0.276
"jbean","BRT_BTN","air",0.24
"jbean","BRT_BTN","arf",0.24
"jbean","BRT_CHM","air",0.228
"jbean","BRT_CHM","arf",0.228
"jbean","BRT_IND","air",0.252
"jbean","BRT_IND","arf",0.252
"jbean","CAF_AGO","air",0.324
"jbean","CAF_AGO","arf",0.324
"jbean","CAF_CMR","air",0.252
"jbean","CAF_CMR","arf",0.252
"jbean","CAF_COG","air",0.252
"jbean","CAF_COG","arf",0.252
"jbean","CAF_NAM","air",0.324
"jbean","CAF_NAM","arf",0.324
"jbean","CAL_USA","air",0.18
"jbean","CAL_USA","arf",0.18
"jbean","CAN_CAN","air",0.228
"jbean","CAN_CAN","arf",0.228
"jbean","CAU_AUS","air",0.156
"jbean","CAU_AUS","arf",0.156
"jbean","CAV_IND","air",0.252
"jbean","CAV_IND","arf",0.252
"jbean","CHC_CHL","air",0.24
"jbean","CHC_CHL","arf",0.24
"jbean","CHJ_CHM","air",0.228
"jbean","CHJ_CHM","arf",0.228
"jbean","CHO_IND","air",0.252
"jbean","CHO_IND","arf",0.252
"jbean","CHU_KAZ","air",0.264
"jbean","CHU_KAZ","arf",0.264
"jbean","CHU_KGZ","air",0.264
"jbean","CHU_KGZ","arf",0.264
"jbean","COB_CAN","air",0.228
"jbean","COB_CAN","arf",0.228
"jbean","COB_USA","air",0.18
"jbean","COB_USA","arf",0.18
"jbean","COL_USA","air",0.18
"jbean","COL_USA","arf",0.18
"jbean","CON_AGO","air",0.324
"jbean","CON_AGO","arf",0.324
"jbean","CON_COD","air",0.252
"jbean","CON_COD","arf",0.252
"jbean","CON_COG","air",0.252
"jbean","CON_COG","arf",0.252
"jbean","CRB_CRB","air",0.228
"jbean","CRB_CRB","arf",0.228
"jbean","CRI_CRI","air",0.24
"jbean","CRI_CRI","arf",0.24
"jbean","CUB_CUB","air",0.24
"jbean","CUB_CUB","arf",0.24
"jbean","DAN_AUT","air",0.168
"jbean","DAN_AUT","arf",0.168
"jbean","DAN_CZE","air",0.204
"jbean","DAN_CZE","arf",0.204
"jbean","DAN_DEU","air",0.168
"jbean","DAN_DEU","arf",0.168
"jbean","DAN_HRV","air",0.204
"jbean","DAN_HRV","arf",0.204
"jbean","DAN_HUN","air",0.204
"jbean","DAN_HUN","arf",0.204
"jbean","DAN_MDA","air",0.204
"jbean","DAN_MDA","arf",0.204
"jbean","DAN_OBN","air",0.204
"jbean","DAN_OBN","arf",0.204
"jbean","DAN_ROU","air",0.204
"jbean","DAN_ROU","arf",0.204
"jbean","DAN_SVK","air",0.204
"jbean","DAN_SVK","arf",0.204
"jbean","DAN_TUR","air",0.192
"jbean","DAN_TUR","arf",0.192
"jbean","DAN_UKR","air",0.18
"jbean","DAN_UKR","arf",0.18
"jbean","DNI_BLR","air",0.18
"jbean","DNI_BLR","arf",0.18
"jbean","DNI_RUS","air",0.18
"jbean","DNI_RUS","arf",0.18
"jbean","DNI_UKR","air",0.18
"jbean","DNI_UKR","arf",0.18
"jbean","DOM_DOM","air",0.24
"jbean","DOM_DOM","arf",0.24
"jbean","EAC_BDI","air",0.324
"jbean","EAC_BDI","arf",0.324
"jbean","EAC_COD","air",0.252
"jbean","EAC_COD","arf",0.252
"jbean","EAC_RWA","air",0.324
"jbean","EAC_RWA","arf",0.324
"jbean","EAC_TZA","air",0.324
"jbean","EAC_TZA","arf",0.324
"jbean","EAU_AUS","air",0.156
"jbean","EAU_AUS","arf",0.156
"jbean","EGH_IND","air",0.252
"jbean","EGH_IND","arf",0.252
"jbean","ELB_DEU","air",0.168
"jbean","ELB_DEU","arf",0.168
"jbean","ELB_DNK","air",0.168
"jbean","ELB_DNK","arf",0.168
"jbean","EME_CYP","air",0.168
"jbean","EME_CYP","arf",0.168
"jbean","EME_EGY","air",0.228
"jbean","EME_EGY","arf",0.228
"jbean","EME_LBN","air",0.168
"jbean","EME_LBN","arf",0.168
"jbean","EME_PSE","air",0.252
"jbean","EME_PSE","arf",0.252
"jbean","EME_SYR","air",0.168
"jbean","EME_SYR","arf",0.168
"jbean","EME_TUR","air",0.192
"jbean","EME_TUR","arf",0.192
"jbean","FNP_FNP","air",0.168
"jbean","FNP_FNP","arf",0.168
"jbean","GAN_BGD","air",0.276
"jbean","GAN_BGD","arf",0.276
"jbean","GAN_CHM","air",0.228
"jbean","GAN_CHM","arf",0.228
"jbean","GAN_IND","air",0.252
"jbean","GAN_IND","arf",0.252
"jbean","GAN_NPL","air",0.24
"jbean","GAN_NPL","arf",0.24
"jbean","GBA_USA","air",0.18
"jbean","GBA_USA","arf",0.18
"jbean","GEO_GEO","air",0.18
"jbean","GEO_GEO","arf",0.18
"jbean","GLA_CAN","air",0.228
"jbean","GLA_CAN","arf",0.228
"jbean","GLA_USA","air",0.18
"jbean","GLA_USA","arf",0.18
"jbean","GOD_IND","air",0.252
"jbean","GOD_IND","arf",0.252
"jbean","GRC_GRC","air",0.204
"jbean","GRC_GRC","arf",0.204
"jbean","GSA_GSA","air",0.24
"jbean","GSA_GSA","arf",0.24
"jbean","GTM_GTM","air",0.24
"jbean","GTM_GTM","arf",0.24
"jbean","HAI_CHM","air",0.228
"jbean","HAI_CHM","arf",0.228
"jbean","HND_HND","air",0.24
"jbean","HND_HND","arf",0.24
"jbean","HOA_ETH","air",0.264
"jbean","HOA_ETH","arf",0.264
"jbean","HOA_KEN","air",0.324
"jbean","HOA_KEN","arf",0.324
"jbean","HOA_SOM","air",0.264
"jbean","HOA_SOM","arf",0.264
"jbean","HTI_HTI","air",0.24
"jbean","HTI_HTI","arf",0.24
"jbean","HUA_CHM","air",0.228
"jbean","HUA_CHM","arf",0.228
"jbean","HUN_CHM","air",0.228
"jbean","HUN_CHM","arf",0.228
"jbean","HWI_USA","air",0.18
"jbean","HWI_USA","arf",0.18
"jbean","IEC_IND","air",0.252
"jbean","IEC_IND","arf",0.252
"jbean","IND_CHM","air",0.228
"jbean","IND_CHM","arf",0.228
"jbean","IND_IND","air",0.252
"jbean","IND_IND","arf",0.252
"jbean","IND_PAK","air",0.216
"jbean","IND_PAK","arf",0.216
"jbean","INE_IDN","air",0.168
"jbean","INE_IDN","arf",0.168
"jbean","INW_IDN","air",0.168
"jbean","INW_IDN","arf",0.168
"jbean","IRL_IRL","air",0.168
"jbean","IRL_IRL","arf",0.168
"jbean","ITA_ITP","air",0.168
"jbean","ITA_ITP","arf",0.168
"jbean","JAM_JAM","air",0.228
"jbean","JAM_JAM","arf",0.228
"jbean","JAP_JPN","air",0.168
"jbean","JAP_JPN","arf",0.168
"jbean","KAL_NAM","air",0.324
"jbean","KAL_NAM","arf",0.324
"jbean","KAL_ZAF","air",0.228
"jbean","KAL_ZAF","arf",0.228
"jbean","KRI_IND","air",0.252
"jbean","KRI_IND","arf",0.252
"jbean","LAJ_CHM","air",0.228
"jbean","LAJ_CHM","arf",0.228
"jbean","LBA_KAZ","air",0.264
"jbean","LBA_KAZ","arf",0.264
"jbean","LBO_FRP","air",0.168
"jbean","LBO_FRP","arf",0.168
"jbean","LCB_CMR","air",0.252
"jbean","LCB_CMR","arf",0.252
"jbean","LCB_NER","air",0.264
"jbean","LCB_NER","arf",0.264
"jbean","LCB_TCD","air",0.264
"jbean","LCB_TCD","arf",0.264
"jbean","LIM_MOZ","air",0.324
"jbean","LIM_MOZ","arf",0.324
"jbean","LIM_ZAF","air",0.228
"jbean","LIM_ZAF","arf",0.228
"jbean","LIM_ZWE","air",0.324
"jbean","LIM_ZWE","arf",0.324
"jbean","LMO_CHM","air",0.228
"jbean","LMO_CHM","arf",0.228
"jbean","LTZ_KAZ","air",0.264
"jbean","LTZ_KAZ","arf",0.264
"jbean","LUN_IND","air",0.252
"jbean","LUN_IND","arf",0.252
"jbean","MAD_MDG","air",0.324
"jbean","MAD_MDG","arf",0.324
"jbean","MAT_IND","air",0.252
"jbean","MAT_IND","arf",0.252
"jbean","MAU_AUS","air",0.156
"jbean","MAU_AUS","arf",0.156
"jbean","MCK_CAN","air",0.228
"jbean","MCK_CAN","arf",0.228
"jbean","MEK_KHM","air",0.192
"jbean","MEK_KHM","arf",0.192
"jbean","MEK_LAO","air",0.192
"jbean","MEK_LAO","arf",0.192
"jbean","MEK_MMR","air",0.18
"jbean","MEK_MMR","arf",0.18
"jbean","MEK_THA","air",0.192
"jbean","MEK_THA","arf",0.192
"jbean","MEK_VNM","air",0.204
"jbean","MEK_VNM","arf",0.204
"jbean","MHN_IND","air",0.252
"jbean","MHN_IND","arf",0.252
"jbean","MIM_MEX","air",0.228
"jbean","MIM_MEX","arf",0.228
"jbean","MIS_USA","air",0.18
"jbean","MIS_USA","arf",0.18
"jbean","MOU_USA","air",0.18
"jbean","MOU_USA","arf",0.18
"jbean","NAC_DZA","air",0.168
"jbean","NAC_DZA","arf",0.168
"jbean","NAC_EGY","air",0.228
"jbean","NAC_EGY","arf",0.228
"jbean","NAC_LBY","air",0.168
"jbean","NAC_LBY","arf",0.168
"jbean","NAC_TUN","air",0.168
"jbean","NAC_TUN","arf",0.168
"jbean","NEB_BRA","air",0.204
"jbean","NEB_BRA","arf",0.204
"jbean","NER_RUS","air",0.18
"jbean","NER_RUS","arf",0.18
"jbean","NIC_NIC","air",0.24
"jbean","NIC_NIC","arf",0.24
"jbean","NIG_BEN","air",0.252
"jbean","NIG_BEN","arf",0.252
"jbean","NIG_BFA","air",0.264
"jbean","NIG_BFA","arf",0.264
"jbean","NIG_CIV","air",0.252
"jbean","NIG_CIV","arf",0.252
"jbean","NIG_CMR","air",0.252
"jbean","NIG_CMR","arf",0.252
"jbean","NIG_MLI","air",0.264
"jbean","NIG_MLI","arf",0.264
"jbean","NIG_NER","air",0.264
"jbean","NIG_NER","arf",0.264
"jbean","NIG_TCD","air",0.264
"jbean","NIG_TCD","arf",0.264
"jbean","NKP_PRK","air",0.24
"jbean","NKP_PRK","arf",0.24
"jbean","NLL_DJI","air",0.324
"jbean","NLL_DJI","arf",0.324
"jbean","NLL_EGY","air",0.228
"jbean","NLL_EGY","arf",0.228
"jbean","NLL_ERI","air",0.264
"jbean","NLL_ERI","arf",0.264
"jbean","NLL_ETH","air",0.264
"jbean","NLL_ETH","arf",0.264
"jbean","NLL_SDN","air",0.264
"jbean","NLL_SDN","arf",0.264
"jbean","NLL_UGA","air",0.324
"jbean","NLL_UGA","arf",0.324
"jbean","NWA_MOR","air",0.168
"jbean","NWA_MOR","arf",0.168
"jbean","NWA_MRT","air",0.264
"jbean","NWA_MRT","arf",0.264
"jbean","NWS_COL","air",0.216
"jbean","NWS_COL","arf",0.216
"jbean","NWS_ECU","air",0.24
"jbean","NWS_ECU","arf",0.24
"jbean","OBB_CHM","air",0.228
"jbean","OBB_CHM","arf",0.228
"jbean","OBB_KAZ","air",0.264
"jbean","OBB_KAZ","arf",0.264
"jbean","OBB_RUS","air",0.18
"jbean","OBB_RUS","arf",0.18
"jbean","ODE_DEU","air",0.168
"jbean","ODE_DEU","arf",0.168
"jbean","ODE_POL","air",0.204
"jbean","ODE_POL","arf",0.204
"jbean","ODE_RUS","air",0.18
"jbean","ODE_RUS","arf",0.18
"jbean","OHI_USA","air",0.18
"jbean","OHI_USA","arf",0.18
"jbean","ORA_LSO","air",0.324
"jbean","ORA_LSO","arf",0.324
"jbean","ORA_NAM","air",0.324
"jbean","ORA_NAM","arf",0.324
"jbean","ORA_ZAF","air",0.228
"jbean","ORA_ZAF","arf",0.228
"jbean","ORI_COL","air",0.216
"jbean","ORI_COL","arf",0.216
"jbean","ORI_VEN","air",0.24
"jbean","ORI_VEN","arf",0.24
"jbean","PAN_PAN","air",0.24
"jbean","PAN_PAN","arf",0.24
"jbean","PAR_ARG","air",0.12
"jbean","PAR_ARG","arf",0.12
"jbean","PAR_BOL","air",0.24
"jbean","PAR_BOL","arf",0.24
"jbean","PAR_BRA","air",0.204
"jbean","PAR_BRA","arf",0.204
"jbean","PAR_PRY","air",0.24
"jbean","PAR_PRY","arf",0.24
"jbean","PEC_PER","air",0.24
"jbean","PEC_PER","arf",0.24
"jbean","PHI_PHL","air",0.192
"jbean","PHI_PHL","arf",0.192
"jbean","PRT_PRT","air",0.168
"jbean","PRT_PRT","arf",0.168
"jbean","RAP_RAP","air",0.168
"jbean","RAP_RAP","arf",0.168
"jbean","RHI_BLX","air",0.168
"jbean","RHI_BLX","arf",0.168
"jbean","RHI_CHP","air",0.168
"jbean","RHI_CHP","arf",0.168
"jbean","RHI_DEU","air",0.168
"jbean","RHI_DEU","arf",0.168
"jbean","RHI_FRP","air",0.168
"jbean","RHI_FRP","arf",0.168
"jbean","RHI_NLD","air",0.168
"jbean","RHI_NLD","arf",0.168
"jbean","RHO_FRP","air",0.168
"jbean","RHO_FRP","arf",0.168
"jbean","RIC_ARG","air",0.12
"jbean","RIC_ARG","arf",0.12
"jbean","RIG_MEX","air",0.228
"jbean","RIG_MEX","arf",0.228
"jbean","RIG_USA","air",0.18
"jbean","RIG_USA","arf",0.18
"jbean","RRS_RUS","air",0.18
"jbean","RRS_RUS","arf",0.18
"jbean","RVE_VEN","air",0.24
"jbean","RVE_VEN","arf",0.24
"jbean","RVN_VNM","air",0.204
"jbean","RVN_VNM","arf",0.204
"jbean","RWI_CAN","air",0.228
"jbean","RWI_CAN","arf",0.228
"jbean","RWI_USA","air",0.18
"jbean","RWI_USA","arf",0.18
"jbean","SAC_SWZ","air",0.324
"jbean","SAC_SWZ","arf",0.324
"jbean","SAC_ZAF","air",0.228
"jbean","SAC_ZAF","arf",0.228
"jbean","SAF_MOZ","air",0.324
"jbean","SAF_MOZ","arf",0.324
"jbean","SAF_TZA","air",0.324
"jbean","SAF_TZA","arf",0.324
"jbean","SAF_ZWE","air",0.324
"jbean","SAF_ZWE","arf",0.324
"jbean","SAH_DZA","air",0.168
"jbean","SAH_DZA","arf",0.168
"jbean","SAH_EGY","air",0.228
"jbean","SAH_EGY","arf",0.228
"jbean","SAH_LBY","air",0.168
"jbean","SAH_LBY","arf",0.168
"jbean","SAH_MLI","air",0.264
"jbean","SAH_MLI","arf",0.264
"jbean","SAH_MOR","air",0.168
"jbean","SAH_MOR","arf",0.168
"jbean","SAH_MRT","air",0.264
"jbean","SAH_MRT","arf",0.264
"jbean","SAH_NER","air",0.264
"jbean","SAH_NER","arf",0.264
"jbean","SAH_SDN","air",0.264
"jbean","SAH_SDN","arf",0.264
"jbean","SAH_TCD","air",0.264
"jbean","SAH_TCD","arf",0.264
"jbean","SAL_ARG","air",0.12
"jbean","SAL_ARG","arf",0.12
"jbean","SAN_BRA","air",0.204
"jbean","SAN_BRA","arf",0.204
"jbean","SAY_IND","air",0.252
"jbean","SAY_IND","arf",0.252
"jbean","SEI_FRP","air",0.168
"jbean","SEI_FRP","arf",0.168
"jbean","SEN_MLI","air",0.264
"jbean","SEN_MLI","arf",0.264
"jbean","SEN_MRT","air",0.264
"jbean","SEN_MRT","arf",0.264
"jbean","SEU_USA","air",0.18
"jbean","SEU_USA","arf",0.18
"jbean","SKP_KOR","air",0.192
"jbean","SKP_KOR","arf",0.192
"jbean","SLV_SLV","air",0.24
"jbean","SLV_SLV","arf",0.24
"jbean","SON_CHM","air",0.228
"jbean","SON_CHM","arf",0.228
"jbean","SPP_SPP","air",0.168
"jbean","SPP_SPP","arf",0.168
"jbean","SRL_LKA","air",0.24
"jbean","SRL_LKA","arf",0.24
"jbean","SWE_SWE","air",0.168
"jbean","SWE_SWE","arf",0.168
"jbean","SYD_KAZ","air",0.264
"jbean","SYD_KAZ","arf",0.264
"jbean","SYD_KGZ","air",0.264
"jbean","SYD_KGZ","arf",0.264
"jbean","SYD_TJK","air",0.264
"jbean","SYD_TJK","arf",0.264
"jbean","SYD_UZB","air",0.264
"jbean","SYD_UZB","arf",0.264
"jbean","TIE_ARG","air",0.12
"jbean","TIE_ARG","arf",0.12
"jbean","TIG_IRN","air",0.168
"jbean","TIG_IRN","arf",0.168
"jbean","TIG_IRQ","air",0.168
"jbean","TIG_IRQ","arf",0.168
"jbean","TIG_SYR","air",0.168
"jbean","TIG_SYR","arf",0.168
"jbean","TIG_TUR","air",0.192
"jbean","TIG_TUR","arf",0.192
"jbean","TLS_TLS","air",0.228
"jbean","TLS_TLS","arf",0.228
"jbean","TMM_BGD","air",0.276
"jbean","TMM_BGD","arf",0.276
"jbean","TMM_MMR","air",0.18
"jbean","TMM_MMR","arf",0.18
"jbean","TMM_THA","air",0.192
"jbean","TMM_THA","arf",0.192
"jbean","TOC_BRA","air",0.204
"jbean","TOC_BRA","arf",0.204
"jbean","TWN_CHM","air",0.228
"jbean","TWN_CHM","arf",0.228
"jbean","UKP_UKP","air",0.168
"jbean","UKP_UKP","arf",0.168
"jbean","UME_MEX","air",0.228
"jbean","UME_MEX","arf",0.228
"jbean","UMO_RUS","air",0.18
"jbean","UMO_RUS","arf",0.18
"jbean","URA_KAZ","air",0.264
"jbean","URA_KAZ","arf",0.264
"jbean","URA_RUS","air",0.18
"jbean","URA_RUS","arf",0.18
"jbean","URA_TKM","air",0.264
"jbean","URA_TKM","arf",0.264
"jbean","URU_BRA","air",0.204
"jbean","URU_BRA","arf",0.204
"jbean","URU_URY","air",0.24
"jbean","URU_URY","arf",0.24
"jbean","USN_USA","air",0.18
"jbean","USN_USA","arf",0.18
"jbean","VOG_RUS","air",0.18
"jbean","VOG_RUS","arf",0.18
"jbean","VOT_BEN","air",0.252
"jbean","VOT_BEN","arf",0.252
"jbean","VOT_BFA","air",0.264
"jbean","VOT_BFA","arf",0.264
"jbean","VOT_CIV","air",0.252
"jbean","VOT_CIV","arf",0.252
"jbean","VOT_GHA","air",0.252
"jbean","VOT_GHA","arf",0.252
"jbean","VOT_MLI","air",0.264
"jbean","VOT_MLI","arf",0.264
"jbean","VOT_TGO","air",0.252
"jbean","VOT_TGO","arf",0.252
"jbean","VUT_VUT","air",0.228
"jbean","VUT_VUT","arf",0.228
"jbean","WAC_CIV","air",0.252
"jbean","WAC_CIV","arf",0.252
"jbean","WAC_SLE","air",0.252
"jbean","WAC_SLE","arf",0.252
"jbean","WAI_IRN","air",0.168
"jbean","WAI_IRN","arf",0.168
"jbean","WAI_PAK","air",0.216
"jbean","WAI_PAK","arf",0.216
"jbean","WAI_TKM","air",0.264
"jbean","WAI_TKM","arf",0.264
"jbean","WAU_AUS","air",0.156
"jbean","WAU_AUS","arf",0.156
"jbean","WGM_USA","air",0.18
"jbean","WGM_USA","arf",0.18
"jbean","YEM_YEM","air",0.168
"jbean","YEM_YEM","arf",0.168
"jbean","YEN_RUS","air",0.18
"jbean","YEN_RUS","arf",0.18
"jbean","YHE_CHM","air",0.228
"jbean","YHE_CHM","arf",0.228
"jbean","YRD_CHM","air",0.228
"jbean","YRD_CHM","arf",0.228
"jbean","YRD_VNM","air",0.204
"jbean","YRD_VNM","arf",0.204
"jbean","YUC_MEX","air",0.228
"jbean","YUC_MEX","arf",0.228
"jbean","ZAM_AGO","air",0.324
"jbean","ZAM_AGO","arf",0.324
"jbean","ZAM_COD","air",0.252
"jbean","ZAM_COD","arf",0.252
"jbean","ZAM_MOZ","air",0.324
"jbean","ZAM_MOZ","arf",0.324
"jbean","ZAM_MWI","air",0.324
"jbean","ZAM_MWI","arf",0.324
"jbean","ZAM_NAM","air",0.324
"jbean","ZAM_NAM","arf",0.324
"jbean","ZAM_TZA","air",0.324
"jbean","ZAM_TZA","arf",0.324
"jbean","ZAM_ZMB","air",0.324
"jbean","ZAM_ZMB","arf",0.324
"jbean","ZAM_ZWE","air",0.324
"jbean","ZAM_ZWE","arf",0.324
"jbean","ZHJ_CHM","air",0.228
"jbean","ZHJ_CHM","arf",0.228
"jchkp","ALK_USA","air",0.18
"jchkp","ALK_USA","arf",0.18
"jchkp","AMA_BOL","air",0.24
"jchkp","AMA_BOL","arf",0.24
"jchkp","AMA_COL","air",0.216
"jchkp","AMA_COL","arf",0.216
"jchkp","AMA_PER","air",0.24
"jchkp","AMA_PER","arf",0.24
"jchkp","AMD_UZB","air",0.264
"jchkp","AMD_UZB","arf",0.264
"jchkp","AMR_CHM","air",0.228
"jchkp","AMR_CHM","arf",0.228
"jchkp","AMR_RUS","air",0.18
"jchkp","AMR_RUS","arf",0.18
"jchkp","ARA_IRQ","air",0.168
"jchkp","ARA_IRQ","arf",0.168
"jchkp","ARK_USA","air",0.18
"jchkp","ARK_USA","arf",0.18
"jchkp","ARM_ARM","air",0.18
"jchkp","ARM_ARM","arf",0.18
"jchkp","BAL_RUS","air",0.18
"jchkp","BAL_RUS","arf",0.18
"jchkp","BLA_RUS","air",0.18
"jchkp","BLA_RUS","arf",0.18
"jchkp","BLA_TUR","air",0.192
"jchkp","BLA_TUR","arf",0.192
"jchkp","BRT_BGD","air",0.276
"jchkp","BRT_BGD","arf",0.276
"jchkp","BRT_CHM","air",0.228
"jchkp","BRT_CHM","arf",0.228
"jchkp","BRT_IND","air",0.252
"jchkp","BRT_IND","arf",0.252
"jchkp","CAL_USA","air",0.18
"jchkp","CAL_USA","arf",0.18
"jchkp","CAN_CAN","air",0.228
"jchkp","CAN_CAN","arf",0.228
"jchkp","CAU_AUS","air",0.156
"jchkp","CAU_AUS","arf",0.156
"jchkp","CAV_IND","air",0.252
"jchkp","CAV_IND","arf",0.252
"jchkp","CHC_CHL","air",0.24
"jchkp","CHC_CHL","arf",0.24
"jchkp","CHJ_CHM","air",0.228
"jchkp","CHJ_CHM","arf",0.228
"jchkp","CHO_IND","air",0.252
"jchkp","CHO_IND","arf",0.252
"jchkp","CHU_KAZ","air",0.264
"jchkp","CHU_KAZ","arf",0.264
"jchkp","COB_CAN","air",0.228
"jchkp","COB_CAN","arf",0.228
"jchkp","COB_USA","air",0.18
"jchkp","COB_USA","arf",0.18
"jchkp","COL_USA","air",0.18
"jchkp","COL_USA","arf",0.18
"jchkp","CUB_CUB","air",0.24
"jchkp","CUB_CUB","arf",0.24
"jchkp","DAN_MDA","air",0.204
"jchkp","DAN_MDA","arf",0.204
"jchkp","DAN_OBN","air",0.204
"jchkp","DAN_OBN","arf",0.204
"jchkp","DAN_TUR","air",0.192
"jchkp","DAN_TUR","arf",0.192
"jchkp","DNI_RUS","air",0.18
"jchkp","DNI_RUS","arf",0.18
"jchkp","DOM_DOM","air",0.24
"jchkp","DOM_DOM","arf",0.24
"jchkp","EAC_TZA","air",0.324
"jchkp","EAC_TZA","arf",0.324
"jchkp","EAU_AUS","air",0.156
"jchkp","EAU_AUS","arf",0.156
"jchkp","EGH_IND","air",0.252
"jchkp","EGH_IND","arf",0.252
"jchkp","EME_EGY","air",0.228
"jchkp","EME_EGY","arf",0.228
"jchkp","EME_ISR","air",0.228
"jchkp","EME_ISR","arf",0.228
"jchkp","EME_JOR","air",0.168
"jchkp","EME_JOR","arf",0.168
"jchkp","EME_LBN","air",0.168
"jchkp","EME_LBN","arf",0.168
"jchkp","EME_PSE","air",0.252
"jchkp","EME_PSE","arf",0.252
"jchkp","EME_SYR","air",0.168
"jchkp","EME_SYR","arf",0.168
"jchkp","EME_TUR","air",0.192
"jchkp","EME_TUR","arf",0.192
"jchkp","GAN_BGD","air",0.276
"jchkp","GAN_BGD","arf",0.276
"jchkp","GAN_CHM","air",0.228
"jchkp","GAN_CHM","arf",0.228
"jchkp","GAN_IND","air",0.252
"jchkp","GAN_IND","arf",0.252
"jchkp","GAN_NPL","air",0.24
"jchkp","GAN_NPL","arf",0.24
"jchkp","GBA_USA","air",0.18
"jchkp","GBA_USA","arf",0.18
"jchkp","GLA_CAN","air",0.228
"jchkp","GLA_CAN","arf",0.228
"jchkp","GLA_USA","air",0.18
"jchkp","GLA_USA","arf",0.18
"jchkp","GOD_IND","air",0.252
"jchkp","GOD_IND","arf",0.252
"jchkp","HAI_CHM","air",0.228
"jchkp","HAI_CHM","arf",0.228
"jchkp","HOA_ETH","air",0.264
"jchkp","HOA_ETH","arf",0.264
"jchkp","HOA_KEN","air",0.324
"jchkp","HOA_KEN","arf",0.324
"jchkp","HUA_CHM","air",0.228
"jchkp","HUA_CHM","arf",0.228
"jchkp","HUN_CHM","air",0.228
"jchkp","HUN_CHM","arf",0.228
"jchkp","HWI_USA","air",0.18
"jchkp","HWI_USA","arf",0.18
"jchkp","IEC_IND","air",0.252
"jchkp","IEC_IND","arf",0.252
"jchkp","IND_CHM","air",0.228
"jchkp","IND_CHM","arf",0.228
"jchkp","IND_IND","air",0.252
"jchkp","IND_IND","arf",0.252
"jchkp","IND_PAK","air",0.216
"jchkp","IND_PAK","arf",0.216
"jchkp","KRI_IND","air",0.252
"jchkp","KRI_IND","arf",0.252
"jchkp","LAJ_CHM","air",0.228
"jchkp","LAJ_CHM","arf",0.228
"jchkp","LBA_KAZ","air",0.264
"jchkp","LBA_KAZ","arf",0.264
"jchkp","LCB_NER","air",0.264
"jchkp","LCB_NER","arf",0.264
"jchkp","LIM_ZWE","air",0.324
"jchkp","LIM_ZWE","arf",0.324
"jchkp","LMO_CHM","air",0.228
"jchkp","LMO_CHM","arf",0.228
"jchkp","LTZ_KAZ","air",0.264
"jchkp","LTZ_KAZ","arf",0.264
"jchkp","LUN_IND","air",0.252
"jchkp","LUN_IND","arf",0.252
"jchkp","MAT_IND","air",0.252
"jchkp","MAT_IND","arf",0.252
"jchkp","MAU_AUS","air",0.156
"jchkp","MAU_AUS","arf",0.156
"jchkp","MCK_CAN","air",0.228
"jchkp","MCK_CAN","arf",0.228
"jchkp","MEK_MMR","air",0.18
"jchkp","MEK_MMR","arf",0.18
"jchkp","MHN_IND","air",0.252
"jchkp","MHN_IND","arf",0.252
"jchkp","MIM_MEX","air",0.228
"jchkp","MIM_MEX","arf",0.228
"jchkp","MIS_USA","air",0.18
"jchkp","MIS_USA","arf",0.18
"jchkp","MOU_USA","air",0.18
"jchkp","MOU_USA","arf",0.18
"jchkp","NAC_DZA","air",0.168
"jchkp","NAC_DZA","arf",0.168
"jchkp","NAC_EGY","air",0.228
"jchkp","NAC_EGY","arf",0.228
"jchkp","NAC_LBY","air",0.168
"jchkp","NAC_LBY","arf",0.168
"jchkp","NAC_TUN","air",0.168
"jchkp","NAC_TUN","arf",0.168
"jchkp","NER_RUS","air",0.18
"jchkp","NER_RUS","arf",0.18
"jchkp","NIG_NER","air",0.264
"jchkp","NIG_NER","arf",0.264
"jchkp","NLL_EGY","air",0.228
"jchkp","NLL_EGY","arf",0.228
"jchkp","NLL_ERI","air",0.264
"jchkp","NLL_ERI","arf",0.264
"jchkp","NLL_ETH","air",0.264
"jchkp","NLL_ETH","arf",0.264
"jchkp","NLL_SDN","air",0.264
"jchkp","NLL_SDN","arf",0.264
"jchkp","NLL_UGA","air",0.324
"jchkp","NLL_UGA","arf",0.324
"jchkp","NWA_MOR","air",0.168
"jchkp","NWA_MOR","arf",0.168
"jchkp","NWS_COL","air",0.216
"jchkp","NWS_COL","arf",0.216
"jchkp","OBB_CHM","air",0.228
"jchkp","OBB_CHM","arf",0.228
"jchkp","OBB_KAZ","air",0.264
"jchkp","OBB_KAZ","arf",0.264
"jchkp","OBB_RUS","air",0.18
"jchkp","OBB_RUS","arf",0.18
"jchkp","ODE_RUS","air",0.18
"jchkp","ODE_RUS","arf",0.18
"jchkp","OHI_USA","air",0.18
"jchkp","OHI_USA","arf",0.18
"jchkp","ORI_COL","air",0.216
"jchkp","ORI_COL","arf",0.216
"jchkp","PAR_ARG","air",0.12
"jchkp","PAR_ARG","arf",0.12
"jchkp","PAR_BOL","air",0.24
"jchkp","PAR_BOL","arf",0.24
"jchkp","PEC_PER","air",0.24
"jchkp","PEC_PER","arf",0.24
"jchkp","RIC_ARG","air",0.12
"jchkp","RIC_ARG","arf",0.12
"jchkp","RIG_MEX","air",0.228
"jchkp","RIG_MEX","arf",0.228
"jchkp","RIG_USA","air",0.18
"jchkp","RIG_USA","arf",0.18
"jchkp","RRS_RUS","air",0.18
"jchkp","RRS_RUS","arf",0.18
"jchkp","RWI_CAN","air",0.228
"jchkp","RWI_CAN","arf",0.228
"jchkp","RWI_USA","air",0.18
"jchkp","RWI_USA","arf",0.18
"jchkp","SAF_TZA","air",0.324
"jchkp","SAF_TZA","arf",0.324
"jchkp","SAF_ZWE","air",0.324
"jchkp","SAF_ZWE","arf",0.324
"jchkp","SAH_DZA","air",0.168
"jchkp","SAH_DZA","arf",0.168
"jchkp","SAH_EGY","air",0.228
"jchkp","SAH_EGY","arf",0.228
"jchkp","SAH_LBY","air",0.168
"jchkp","SAH_LBY","arf",0.168
"jchkp","SAH_MOR","air",0.168
"jchkp","SAH_MOR","arf",0.168
"jchkp","SAH_NER","air",0.264
"jchkp","SAH_NER","arf",0.264
"jchkp","SAH_SDN","air",0.264
"jchkp","SAH_SDN","arf",0.264
"jchkp","SAL_ARG","air",0.12
"jchkp","SAL_ARG","arf",0.12
"jchkp","SAY_IND","air",0.252
"jchkp","SAY_IND","arf",0.252
"jchkp","SEU_USA","air",0.18
"jchkp","SEU_USA","arf",0.18
"jchkp","SON_CHM","air",0.228
"jchkp","SON_CHM","arf",0.228
"jchkp","SYD_KAZ","air",0.264
"jchkp","SYD_KAZ","arf",0.264
"jchkp","SYD_UZB","air",0.264
"jchkp","SYD_UZB","arf",0.264
"jchkp","TIE_ARG","air",0.12
"jchkp","TIE_ARG","arf",0.12
"jchkp","TIG_IRN","air",0.168
"jchkp","TIG_IRN","arf",0.168
"jchkp","TIG_IRQ","air",0.168
"jchkp","TIG_IRQ","arf",0.168
"jchkp","TIG_SYR","air",0.168
"jchkp","TIG_SYR","arf",0.168
"jchkp","TIG_TUR","air",0.192
"jchkp","TIG_TUR","arf",0.192
"jchkp","TMM_BGD","air",0.276
"jchkp","TMM_BGD","arf",0.276
"jchkp","TMM_MMR","air",0.18
"jchkp","TMM_MMR","arf",0.18
"jchkp","TWN_CHM","air",0.228
"jchkp","TWN_CHM","arf",0.228
"jchkp","UME_MEX","air",0.228
"jchkp","UME_MEX","arf",0.228
"jchkp","UMO_RUS","air",0.18
"jchkp","UMO_RUS","arf",0.18
"jchkp","URA_KAZ","air",0.264
"jchkp","URA_KAZ","arf",0.264
"jchkp","URA_RUS","air",0.18
"jchkp","URA_RUS","arf",0.18
"jchkp","USN_USA","air",0.18
"jchkp","USN_USA","arf",0.18
"jchkp","VOG_RUS","air",0.18
"jchkp","VOG_RUS","arf",0.18
"jchkp","VOT_TGO","air",0.252
"jchkp","VOT_TGO","arf",0.252
"jchkp","WAI_IRN","air",0.168
"jchkp","WAI_IRN","arf",0.168
"jchkp","WAI_PAK","air",0.216
"jchkp","WAI_PAK","arf",0.216
"jchkp","WAU_AUS","air",0.156
"jchkp","WAU_AUS","arf",0.156
"jchkp","WGM_USA","air",0.18
"jchkp","WGM_USA","arf",0.18
"jchkp","YEM_YEM","air",0.168
"jchkp","YEM_YEM","arf",0.168
"jchkp","YEN_RUS","air",0.18
"jchkp","YEN_RUS","arf",0.18
"jchkp","YHE_CHM","air",0.228
"jchkp","YHE_CHM","arf",0.228
"jchkp","YRD_CHM","air",0.228
"jchkp","YRD_CHM","arf",0.228
"jchkp","YUC_MEX","air",0.228
"jchkp","YUC_MEX","arf",0.228
"jchkp","ZAM_MWI","air",0.324
"jchkp","ZAM_MWI","arf",0.324
"jchkp","ZAM_TZA","air",0.324
"jchkp","ZAM_TZA","arf",0.324
"jchkp","ZAM_ZWE","air",0.324
"jchkp","ZAM_ZWE","arf",0.324
"jchkp","ZHJ_CHM","air",0.228
"jchkp","ZHJ_CHM","arf",0.228
"jcowp","ALK_USA","air",0.18
"jcowp","ALK_USA","arf",0.18
"jcowp","AMA_PER","air",0.24
"jcowp","AMA_PER","arf",0.24
"jcowp","AMR_CHM","air",0.228
"jcowp","AMR_CHM","arf",0.228
"jcowp","ARA_IRQ","air",0.168
"jcowp","ARA_IRQ","arf",0.168
"jcowp","ARK_USA","air",0.18
"jcowp","ARK_USA","arf",0.18
"jcowp","BRT_CHM","air",0.228
"jcowp","BRT_CHM","arf",0.228
"jcowp","CAF_CMR","air",0.252
"jcowp","CAF_CMR","arf",0.252
"jcowp","CAL_USA","air",0.18
"jcowp","CAL_USA","arf",0.18
"jcowp","CHJ_CHM","air",0.228
"jcowp","CHJ_CHM","arf",0.228
"jcowp","COB_USA","air",0.18
"jcowp","COB_USA","arf",0.18
"jcowp","COL_USA","air",0.18
"jcowp","COL_USA","arf",0.18
"jcowp","CON_COD","air",0.252
"jcowp","CON_COD","arf",0.252
"jcowp","CRB_CRB","air",0.228
"jcowp","CRB_CRB","arf",0.228
"jcowp","DAN_OBN","air",0.204
"jcowp","DAN_OBN","arf",0.204
"jcowp","EAC_COD","air",0.252
"jcowp","EAC_COD","arf",0.252
"jcowp","EAC_TZA","air",0.324
"jcowp","EAC_TZA","arf",0.324
"jcowp","EME_EGY","air",0.228
"jcowp","EME_EGY","arf",0.228
"jcowp","EME_PSE","air",0.252
"jcowp","EME_PSE","arf",0.252
"jcowp","EME_SYR","air",0.168
"jcowp","EME_SYR","arf",0.168
"jcowp","GAN_CHM","air",0.228
"jcowp","GAN_CHM","arf",0.228
"jcowp","GBA_USA","air",0.18
"jcowp","GBA_USA","arf",0.18
"jcowp","GLA_USA","air",0.18
"jcowp","GLA_USA","arf",0.18
"jcowp","GSA_GSA","air",0.24
"jcowp","GSA_GSA","arf",0.24
"jcowp","HAI_CHM","air",0.228
"jcowp","HAI_CHM","arf",0.228
"jcowp","HOA_KEN","air",0.324
"jcowp","HOA_KEN","arf",0.324
"jcowp","HTI_HTI","air",0.24
"jcowp","HTI_HTI","arf",0.24
"jcowp","HUA_CHM","air",0.228
"jcowp","HUA_CHM","arf",0.228
"jcowp","HUN_CHM","air",0.228
"jcowp","HUN_CHM","arf",0.228
"jcowp","HWI_USA","air",0.18
"jcowp","HWI_USA","arf",0.18
"jcowp","IND_CHM","air",0.228
"jcowp","IND_CHM","arf",0.228
"jcowp","JAM_JAM","air",0.228
"jcowp","JAM_JAM","arf",0.228
"jcowp","KAL_ZAF","air",0.228
"jcowp","KAL_ZAF","arf",0.228
"jcowp","LAJ_CHM","air",0.228
"jcowp","LAJ_CHM","arf",0.228
"jcowp","LCB_CMR","air",0.252
"jcowp","LCB_CMR","arf",0.252
"jcowp","LCB_NER","air",0.264
"jcowp","LCB_NER","arf",0.264
"jcowp","LCB_NGA","air",0.216
"jcowp","LCB_NGA","arf",0.216
"jcowp","LIM_MOZ","air",0.324
"jcowp","LIM_MOZ","arf",0.324
"jcowp","LIM_ZAF","air",0.228
"jcowp","LIM_ZAF","arf",0.228
"jcowp","LIM_ZWE","air",0.324
"jcowp","LIM_ZWE","arf",0.324
"jcowp","LMO_CHM","air",0.228
"jcowp","LMO_CHM","arf",0.228
"jcowp","MAD_MDG","air",0.324
"jcowp","MAD_MDG","arf",0.324
"jcowp","MEK_MMR","air",0.18
"jcowp","MEK_MMR","arf",0.18
"jcowp","MIS_USA","air",0.18
"jcowp","MIS_USA","arf",0.18
"jcowp","MOU_USA","air",0.18
"jcowp","MOU_USA","arf",0.18
"jcowp","NAC_EGY","air",0.228
"jcowp","NAC_EGY","arf",0.228
"jcowp","NIG_BFA","air",0.264
"jcowp","NIG_BFA","arf",0.264
"jcowp","NIG_CMR","air",0.252
"jcowp","NIG_CMR","arf",0.252
"jcowp","NIG_MLI","air",0.264
"jcowp","NIG_MLI","arf",0.264
"jcowp","NIG_NER","air",0.264
"jcowp","NIG_NER","arf",0.264
"jcowp","NIG_NGA","air",0.216
"jcowp","NIG_NGA","arf",0.216
"jcowp","NLL_EGY","air",0.228
"jcowp","NLL_EGY","arf",0.228
"jcowp","NLL_SDN","air",0.264
"jcowp","NLL_SDN","arf",0.264
"jcowp","NLL_UGA","air",0.324
"jcowp","NLL_UGA","arf",0.324
"jcowp","NWA_MRT","air",0.264
"jcowp","NWA_MRT","arf",0.264
"jcowp","OBB_CHM","air",0.228
"jcowp","OBB_CHM","arf",0.228
"jcowp","OHI_USA","air",0.18
"jcowp","OHI_USA","arf",0.18
"jcowp","ORA_ZAF","air",0.228
"jcowp","ORA_ZAF","arf",0.228
"jcowp","PEC_PER","air",0.24
"jcowp","PEC_PER","arf",0.24
"jcowp","PHI_PHL","air",0.192
"jcowp","PHI_PHL","arf",0.192
"jcowp","RAP_RAP","air",0.168
"jcowp","RAP_RAP","arf",0.168
"jcowp","RIG_USA","air",0.18
"jcowp","RIG_USA","arf",0.18
"jcowp","RWI_USA","air",0.18
"jcowp","RWI_USA","arf",0.18
"jcowp","SAC_SWZ","air",0.324
"jcowp","SAC_SWZ","arf",0.324
"jcowp","SAC_ZAF","air",0.228
"jcowp","SAC_ZAF","arf",0.228
"jcowp","SAF_MOZ","air",0.324
"jcowp","SAF_MOZ","arf",0.324
"jcowp","SAF_TZA","air",0.324
"jcowp","SAF_TZA","arf",0.324
"jcowp","SAF_ZWE","air",0.324
"jcowp","SAF_ZWE","arf",0.324
"jcowp","SAH_EGY","air",0.228
"jcowp","SAH_EGY","arf",0.228
"jcowp","SAH_MLI","air",0.264
"jcowp","SAH_MLI","arf",0.264
"jcowp","SAH_MRT","air",0.264
"jcowp","SAH_MRT","arf",0.264
"jcowp","SAH_NER","air",0.264
"jcowp","SAH_NER","arf",0.264
"jcowp","SAH_SDN","air",0.264
"jcowp","SAH_SDN","arf",0.264
"jcowp","SEN_MLI","air",0.264
"jcowp","SEN_MLI","arf",0.264
"jcowp","SEN_MRT","air",0.264
"jcowp","SEN_MRT","arf",0.264
"jcowp","SEN_SEN","air",0.252
"jcowp","SEN_SEN","arf",0.252
"jcowp","SEU_USA","air",0.18
"jcowp","SEU_USA","arf",0.18
"jcowp","SON_CHM","air",0.228
"jcowp","SON_CHM","arf",0.228
"jcowp","SRL_LKA","air",0.24
"jcowp","SRL_LKA","arf",0.24
"jcowp","TIG_IRQ","air",0.168
"jcowp","TIG_IRQ","arf",0.168
"jcowp","TIG_SYR","air",0.168
"jcowp","TIG_SYR","arf",0.168
"jcowp","TMM_MMR","air",0.18
"jcowp","TMM_MMR","arf",0.18
"jcowp","TWN_CHM","air",0.228
"jcowp","TWN_CHM","arf",0.228
"jcowp","USN_USA","air",0.18
"jcowp","USN_USA","arf",0.18
"jcowp","VOT_BFA","air",0.264
"jcowp","VOT_BFA","arf",0.264
"jcowp","VOT_GHA","air",0.252
"jcowp","VOT_GHA","arf",0.252
"jcowp","VOT_MLI","air",0.264
"jcowp","VOT_MLI","arf",0.264
"jcowp","WAC_GMB","air",0.252
"jcowp","WAC_GMB","arf",0.252
"jcowp","WAC_GNB","air",0.252
"jcowp","WAC_GNB","arf",0.252
"jcowp","WAC_SEN","air",0.252
"jcowp","WAC_SEN","arf",0.252
"jcowp","WGM_USA","air",0.18
"jcowp","WGM_USA","arf",0.18
"jcowp","YEM_YEM","air",0.168
"jcowp","YEM_YEM","arf",0.168
"jcowp","YHE_CHM","air",0.228
"jcowp","YHE_CHM","arf",0.228
"jcowp","YRD_CHM","air",0.228
"jcowp","YRD_CHM","arf",0.228
"jcowp","ZAM_COD","air",0.252
"jcowp","ZAM_COD","arf",0.252
"jcowp","ZAM_MOZ","air",0.324
"jcowp","ZAM_MOZ","arf",0.324
"jcowp","ZAM_MWI","air",0.324
"jcowp","ZAM_MWI","arf",0.324
"jcowp","ZAM_TZA","air",0.324
"jcowp","ZAM_TZA","arf",0.324
"jcowp","ZAM_ZMB","air",0.324
"jcowp","ZAM_ZMB","arf",0.324
"jcowp","ZAM_ZWE","air",0.324
"jcowp","ZAM_ZWE","arf",0.324
"jcowp","ZHJ_CHM","air",0.228
"jcowp","ZHJ_CHM","arf",0.228
"jlent","ALK_USA","air",0.18
"jlent","ALK_USA","arf",0.18
"jlent","AMA_COL","air",0.216
"jlent","AMA_COL","arf",0.216
"jlent","AMA_ECU","air",0.24
"jlent","AMA_ECU","arf",0.24
"jlent","AMA_PER","air",0.24
"jlent","AMA_PER","arf",0.24
"jlent","AMD_TJK","air",0.264
"jlent","AMD_TJK","arf",0.264
"jlent","AMD_UZB","air",0.264
"jlent","AMD_UZB","arf",0.264
"jlent","AMR_CHM","air",0.228
"jlent","AMR_CHM","arf",0.228
"jlent","AMR_RUS","air",0.18
"jlent","AMR_RUS","arf",0.18
"jlent","ARA_IRQ","air",0.168
"jlent","ARA_IRQ","arf",0.168
"jlent","ARK_USA","air",0.18
"jlent","ARK_USA","arf",0.18
"jlent","ARM_ARM","air",0.18
"jlent","ARM_ARM","arf",0.18
"jlent","AZE_AZE","air",0.18
"jlent","AZE_AZE","arf",0.18
"jlent","BAL_RUS","air",0.18
"jlent","BAL_RUS","arf",0.18
"jlent","BLA_RUS","air",0.18
"jlent","BLA_RUS","arf",0.18
"jlent","BLA_TUR","air",0.192
"jlent","BLA_TUR","arf",0.192
"jlent","BLA_UKR","air",0.18
"jlent","BLA_UKR","arf",0.18
"jlent","BRT_BGD","air",0.276
"jlent","BRT_BGD","arf",0.276
"jlent","BRT_BTN","air",0.24
"jlent","BRT_BTN","arf",0.24
"jlent","BRT_CHM","air",0.228
"jlent","BRT_CHM","arf",0.228
"jlent","BRT_IND","air",0.252
"jlent","BRT_IND","arf",0.252
"jlent","CAL_USA","air",0.18
"jlent","CAL_USA","arf",0.18
"jlent","CAN_CAN","air",0.228
"jlent","CAN_CAN","arf",0.228
"jlent","CAU_AUS","air",0.156
"jlent","CAU_AUS","arf",0.156
"jlent","CAV_IND","air",0.252
"jlent","CAV_IND","arf",0.252
"jlent","CHC_CHL","air",0.24
"jlent","CHC_CHL","arf",0.24
"jlent","CHJ_CHM","air",0.228
"jlent","CHJ_CHM","arf",0.228
"jlent","CHO_IND","air",0.252
"jlent","CHO_IND","arf",0.252
"jlent","CHU_KAZ","air",0.264
"jlent","CHU_KAZ","arf",0.264
"jlent","COB_CAN","air",0.228
"jlent","COB_CAN","arf",0.228
"jlent","COB_USA","air",0.18
"jlent","COB_USA","arf",0.18
"jlent","COL_USA","air",0.18
"jlent","COL_USA","arf",0.18
"jlent","DAN_OBN","air",0.204
"jlent","DAN_OBN","arf",0.204
"jlent","DAN_TUR","air",0.192
"jlent","DAN_TUR","arf",0.192
"jlent","DAN_UKR","air",0.18
"jlent","DAN_UKR","arf",0.18
"jlent","DNI_RUS","air",0.18
"jlent","DNI_RUS","arf",0.18
"jlent","DNI_UKR","air",0.18
"jlent","DNI_UKR","arf",0.18
"jlent","EAU_AUS","air",0.156
"jlent","EAU_AUS","arf",0.156
"jlent","EGH_IND","air",0.252
"jlent","EGH_IND","arf",0.252
"jlent","EME_EGY","air",0.228
"jlent","EME_EGY","arf",0.228
"jlent","EME_ISR","air",0.228
"jlent","EME_ISR","arf",0.228
"jlent","EME_JOR","air",0.168
"jlent","EME_JOR","arf",0.168
"jlent","EME_LBN","air",0.168
"jlent","EME_LBN","arf",0.168
"jlent","EME_PSE","air",0.252
"jlent","EME_PSE","arf",0.252
"jlent","EME_SYR","air",0.168
"jlent","EME_SYR","arf",0.168
"jlent","EME_TUR","air",0.192
"jlent","EME_TUR","arf",0.192
"jlent","GAN_BGD","air",0.276
"jlent","GAN_BGD","arf",0.276
"jlent","GAN_CHM","air",0.228
"jlent","GAN_CHM","arf",0.228
"jlent","GAN_IND","air",0.252
"jlent","GAN_IND","arf",0.252
"jlent","GAN_NPL","air",0.24
"jlent","GAN_NPL","arf",0.24
"jlent","GBA_USA","air",0.18
"jlent","GBA_USA","arf",0.18
"jlent","GLA_CAN","air",0.228
"jlent","GLA_CAN","arf",0.228
"jlent","GLA_USA","air",0.18
"jlent","GLA_USA","arf",0.18
"jlent","GOD_IND","air",0.252
"jlent","GOD_IND","arf",0.252
"jlent","HAI_CHM","air",0.228
"jlent","HAI_CHM","arf",0.228
"jlent","HOA_ETH","air",0.264
"jlent","HOA_ETH","arf",0.264
"jlent","HOA_KEN","air",0.324
"jlent","HOA_KEN","arf",0.324
"jlent","HUA_CHM","air",0.228
"jlent","HUA_CHM","arf",0.228
"jlent","HUN_CHM","air",0.228
"jlent","HUN_CHM","arf",0.228
"jlent","HWI_USA","air",0.18
"jlent","HWI_USA","arf",0.18
"jlent","IEC_IND","air",0.252
"jlent","IEC_IND","arf",0.252
"jlent","IND_CHM","air",0.228
"jlent","IND_CHM","arf",0.228
"jlent","IND_IND","air",0.252
"jlent","IND_IND","arf",0.252
"jlent","IND_PAK","air",0.216
"jlent","IND_PAK","arf",0.216
"jlent","KRI_IND","air",0.252
"jlent","KRI_IND","arf",0.252
"jlent","LAJ_CHM","air",0.228
"jlent","LAJ_CHM","arf",0.228
"jlent","LBA_KAZ","air",0.264
"jlent","LBA_KAZ","arf",0.264
"jlent","LMO_CHM","air",0.228
"jlent","LMO_CHM","arf",0.228
"jlent","LTZ_KAZ","air",0.264
"jlent","LTZ_KAZ","arf",0.264
"jlent","LUN_IND","air",0.252
"jlent","LUN_IND","arf",0.252
"jlent","MAD_MDG","air",0.324
"jlent","MAD_MDG","arf",0.324
"jlent","MAT_IND","air",0.252
"jlent","MAT_IND","arf",0.252
"jlent","MAU_AUS","air",0.156
"jlent","MAU_AUS","arf",0.156
"jlent","MCK_CAN","air",0.228
"jlent","MCK_CAN","arf",0.228
"jlent","MEK_MMR","air",0.18
"jlent","MEK_MMR","arf",0.18
"jlent","MHN_IND","air",0.252
"jlent","MHN_IND","arf",0.252
"jlent","MIM_MEX","air",0.228
"jlent","MIM_MEX","arf",0.228
"jlent","MIS_USA","air",0.18
"jlent","MIS_USA","arf",0.18
"jlent","MOU_USA","air",0.18
"jlent","MOU_USA","arf",0.18
"jlent","NAC_DZA","air",0.168
"jlent","NAC_DZA","arf",0.168
"jlent","NAC_EGY","air",0.228
"jlent","NAC_EGY","arf",0.228
"jlent","NAC_TUN","air",0.168
"jlent","NAC_TUN","arf",0.168
"jlent","NER_RUS","air",0.18
"jlent","NER_RUS","arf",0.18
"jlent","NLL_EGY","air",0.228
"jlent","NLL_EGY","arf",0.228
"jlent","NLL_ERI","air",0.264
"jlent","NLL_ERI","arf",0.264
"jlent","NLL_ETH","air",0.264
"jlent","NLL_ETH","arf",0.264
"jlent","NWA_MOR","air",0.168
"jlent","NWA_MOR","arf",0.168
"jlent","NWS_COL","air",0.216
"jlent","NWS_COL","arf",0.216
"jlent","NWS_ECU","air",0.24
"jlent","NWS_ECU","arf",0.24
"jlent","NZE_NZL","air",0.228
"jlent","NZE_NZL","arf",0.228
"jlent","OBB_CHM","air",0.228
"jlent","OBB_CHM","arf",0.228
"jlent","OBB_KAZ","air",0.264
"jlent","OBB_KAZ","arf",0.264
"jlent","OBB_RUS","air",0.18
"jlent","OBB_RUS","arf",0.18
"jlent","ODE_RUS","air",0.18
"jlent","ODE_RUS","arf",0.18
"jlent","OHI_USA","air",0.18
"jlent","OHI_USA","arf",0.18
"jlent","ORI_COL","air",0.216
"jlent","ORI_COL","arf",0.216
"jlent","PAR_ARG","air",0.12
"jlent","PAR_ARG","arf",0.12
"jlent","PEC_PER","air",0.24
"jlent","PEC_PER","arf",0.24
"jlent","RIC_ARG","air",0.12
"jlent","RIC_ARG","arf",0.12
"jlent","RIG_MEX","air",0.228
"jlent","RIG_MEX","arf",0.228
"jlent","RIG_USA","air",0.18
"jlent","RIG_USA","arf",0.18
"jlent","RRS_RUS","air",0.18
"jlent","RRS_RUS","arf",0.18
"jlent","RWI_CAN","air",0.228
"jlent","RWI_CAN","arf",0.228
"jlent","RWI_USA","air",0.18
"jlent","RWI_USA","arf",0.18
"jlent","SAH_DZA","air",0.168
"jlent","SAH_DZA","arf",0.168
"jlent","SAH_EGY","air",0.228
"jlent","SAH_EGY","arf",0.228
"jlent","SAH_MOR","air",0.168
"jlent","SAH_MOR","arf",0.168
"jlent","SAL_ARG","air",0.12
"jlent","SAL_ARG","arf",0.12
"jlent","SAY_IND","air",0.252
"jlent","SAY_IND","arf",0.252
"jlent","SEU_USA","air",0.18
"jlent","SEU_USA","arf",0.18
"jlent","SON_CHM","air",0.228
"jlent","SON_CHM","arf",0.228
"jlent","SYD_KAZ","air",0.264
"jlent","SYD_KAZ","arf",0.264
"jlent","SYD_TJK","air",0.264
"jlent","SYD_TJK","arf",0.264
"jlent","SYD_UZB","air",0.264
"jlent","SYD_UZB","arf",0.264
"jlent","TIE_ARG","air",0.12
"jlent","TIE_ARG","arf",0.12
"jlent","TIG_IRN","air",0.168
"jlent","TIG_IRN","arf",0.168
"jlent","TIG_IRQ","air",0.168
"jlent","TIG_IRQ","arf",0.168
"jlent","TIG_SYR","air",0.168
"jlent","TIG_SYR","arf",0.168
"jlent","TIG_TUR","air",0.192
"jlent","TIG_TUR","arf",0.192
"jlent","TMM_BGD","air",0.276
"jlent","TMM_BGD","arf",0.276
"jlent","TMM_MMR","air",0.18
"jlent","TMM_MMR","arf",0.18
"jlent","TWN_CHM","air",0.228
"jlent","TWN_CHM","arf",0.228
"jlent","UME_MEX","air",0.228
"jlent","UME_MEX","arf",0.228
"jlent","UMO_RUS","air",0.18
"jlent","UMO_RUS","arf",0.18
"jlent","URA_KAZ","air",0.264
"jlent","URA_KAZ","arf",0.264
"jlent","URA_RUS","air",0.18
"jlent","URA_RUS","arf",0.18
"jlent","USN_USA","air",0.18
"jlent","USN_USA","arf",0.18
"jlent","VOG_RUS","air",0.18
"jlent","VOG_RUS","arf",0.18
"jlent","WAI_IRN","air",0.168
"jlent","WAI_IRN","arf",0.168
"jlent","WAI_PAK","air",0.216
"jlent","WAI_PAK","arf",0.216
"jlent","WAU_AUS","air",0.156
"jlent","WAU_AUS","arf",0.156
"jlent","WGM_USA","air",0.18
"jlent","WGM_USA","arf",0.18
"jlent","YEM_YEM","air",0.168
"jlent","YEM_YEM","arf",0.168
"jlent","YEN_RUS","air",0.18
"jlent","YEN_RUS","arf",0.18
"jlent","YHE_CHM","air",0.228
"jlent","YHE_CHM","arf",0.228
"jlent","YRD_CHM","air",0.228
"jlent","YRD_CHM","arf",0.228
"jlent","YUC_MEX","air",0.228
"jlent","YUC_MEX","arf",0.228
"jlent","ZAM_MWI","air",0.324
"jlent","ZAM_MWI","arf",0.324
"jlent","ZHJ_CHM","air",0.228
"jlent","ZHJ_CHM","arf",0.228
"jpigp","AMA_COL","air",0.216
"jpigp","AMA_COL","arf",0.216
"jpigp","BRT_BGD","air",0.276
"jpigp","BRT_BGD","arf",0.276
"jpigp","BRT_IND","air",0.252
"jpigp","BRT_IND","arf",0.252
"jpigp","CAV_IND","air",0.252
"jpigp","CAV_IND","arf",0.252
"jpigp","CHO_IND","air",0.252
"jpigp","CHO_IND","arf",0.252
"jpigp","CON_COD","air",0.252
"jpigp","CON_COD","arf",0.252
"jpigp","CRB_CRB","air",0.228
"jpigp","CRB_CRB","arf",0.228
"jpigp","DOM_DOM","air",0.24
"jpigp","DOM_DOM","arf",0.24
"jpigp","EAC_BDI","air",0.324
"jpigp","EAC_BDI","arf",0.324
"jpigp","EAC_COD","air",0.252
"jpigp","EAC_COD","arf",0.252
"jpigp","EAC_TZA","air",0.324
"jpigp","EAC_TZA","arf",0.324
"jpigp","EGH_IND","air",0.252
"jpigp","EGH_IND","arf",0.252
"jpigp","GAN_BGD","air",0.276
"jpigp","GAN_BGD","arf",0.276
"jpigp","GAN_IND","air",0.252
"jpigp","GAN_IND","arf",0.252
"jpigp","GAN_NPL","air",0.24
"jpigp","GAN_NPL","arf",0.24
"jpigp","GOD_IND","air",0.252
"jpigp","GOD_IND","arf",0.252
"jpigp","HOA_KEN","air",0.324
"jpigp","HOA_KEN","arf",0.324
"jpigp","HTI_HTI","air",0.24
"jpigp","HTI_HTI","arf",0.24
"jpigp","IEC_IND","air",0.252
"jpigp","IEC_IND","arf",0.252
"jpigp","IND_IND","air",0.252
"jpigp","IND_IND","arf",0.252
"jpigp","IND_PAK","air",0.216
"jpigp","IND_PAK","arf",0.216
"jpigp","JAM_JAM","air",0.228
"jpigp","JAM_JAM","arf",0.228
"jpigp","KRI_IND","air",0.252
"jpigp","KRI_IND","arf",0.252
"jpigp","LUN_IND","air",0.252
"jpigp","LUN_IND","arf",0.252
"jpigp","MAT_IND","air",0.252
"jpigp","MAT_IND","arf",0.252
"jpigp","MEK_MMR","air",0.18
"jpigp","MEK_MMR","arf",0.18
"jpigp","MHN_IND","air",0.252
"jpigp","MHN_IND","arf",0.252
"jpigp","NLL_UGA","air",0.324
"jpigp","NLL_UGA","arf",0.324
"jpigp","NWS_COL","air",0.216
"jpigp","NWS_COL","arf",0.216
"jpigp","OIO_OIO","air",0.228
"jpigp","OIO_OIO","arf",0.228
"jpigp","ORI_COL","air",0.216
"jpigp","ORI_COL","arf",0.216
"jpigp","ORI_VEN","air",0.24
"jpigp","ORI_VEN","arf",0.24
"jpigp","PAN_PAN","air",0.24
"jpigp","PAN_PAN","arf",0.24
"jpigp","PHI_PHL","air",0.192
"jpigp","PHI_PHL","arf",0.192
"jpigp","RVE_VEN","air",0.24
"jpigp","RVE_VEN","arf",0.24
"jpigp","SAF_TZA","air",0.324
"jpigp","SAF_TZA","arf",0.324
"jpigp","SAY_IND","air",0.252
"jpigp","SAY_IND","arf",0.252
"jpigp","TMM_BGD","air",0.276
"jpigp","TMM_BGD","arf",0.276
"jpigp","TMM_MMR","air",0.18
"jpigp","TMM_MMR","arf",0.18
"jpigp","WAI_PAK","air",0.216
"jpigp","WAI_PAK","arf",0.216
"jpigp","ZAM_COD","air",0.252
"jpigp","ZAM_COD","arf",0.252
"jpigp","ZAM_MWI","air",0.324
"jpigp","ZAM_MWI","arf",0.324
"jpigp","ZAM_TZA","air",0.324
"jpigp","ZAM_TZA","arf",0.324
"jopul","ALB_ALB","air",0.204
"jopul","ALB_ALB","arf",0.204
"jopul","ALK_USA","air",0.18
"jopul","ALK_USA","arf",0.18
"jopul","AMA_BOL","air",0.24
"jopul","AMA_BOL","arf",0.24
"jopul","AMA_BRA","air",0.204
"jopul","AMA_BRA","arf",0.204
"jopul","AMA_COL","air",0.216
"jopul","AMA_COL","arf",0.216
"jopul","AMA_ECU","air",0.24
"jopul","AMA_ECU","arf",0.24
"jopul","AMA_PER","air",0.24
"jopul","AMA_PER","arf",0.24
"jopul","AMD_AFG","air",0.24
"jopul","AMD_AFG","arf",0.24
"jopul","AMD_TJK","air",0.264
"jopul","AMD_TJK","arf",0.264
"jopul","AMD_TKM","air",0.264
"jopul","AMD_TKM","arf",0.264
"jopul","AMD_UZB","air",0.264
"jopul","AMD_UZB","arf",0.264
"jopul","AMR_CHM","air",0.228
"jopul","AMR_CHM","arf",0.228
"jopul","AMR_RUS","air",0.18
"jopul","AMR_RUS","arf",0.18
"jopul","ARA_IRQ","air",0.168
"jopul","ARA_IRQ","arf",0.168
"jopul","ARK_USA","air",0.18
"jopul","ARK_USA","arf",0.18
"jopul","ARM_ARM","air",0.18
"jopul","ARM_ARM","arf",0.18
"jopul","AZE_AZE","air",0.18
"jopul","AZE_AZE","arf",0.18
"jopul","BAL_BLT","air",0.18
"jopul","BAL_BLT","arf",0.18
"jopul","BAL_RUS","air",0.18
"jopul","BAL_RUS","arf",0.18
"jopul","BLA_RUS","air",0.18
"jopul","BLA_RUS","arf",0.18
"jopul","BLA_TUR","air",0.192
"jopul","BLA_TUR","arf",0.192
"jopul","BLA_UKR","air",0.18
"jopul","BLA_UKR","arf",0.18
"jopul","BLZ_BLZ","air",0.24
"jopul","BLZ_BLZ","arf",0.24
"jopul","BOR_IDN","air",0.168
"jopul","BOR_IDN","arf",0.168
"jopul","BOR_MYS","air",0.132
"jopul","BOR_MYS","arf",0.132
"jopul","BRT_BGD","air",0.276
"jopul","BRT_BGD","arf",0.276
"jopul","BRT_BTN","air",0.24
"jopul","BRT_BTN","arf",0.24
"jopul","BRT_CHM","air",0.228
"jopul","BRT_CHM","arf",0.228
"jopul","BRT_IND","air",0.252
"jopul","BRT_IND","arf",0.252
"jopul","CAF_CAF","air",0.252
"jopul","CAF_CAF","arf",0.252
"jopul","CAF_CMR","air",0.252
"jopul","CAF_CMR","arf",0.252
"jopul","CAF_COG","air",0.252
"jopul","CAF_COG","arf",0.252
"jopul","CAF_GAB","air",0.252
"jopul","CAF_GAB","arf",0.252
"jopul","CAF_NAM","air",0.324
"jopul","CAF_NAM","arf",0.324
"jopul","CAL_USA","air",0.18
"jopul","CAL_USA","arf",0.18
"jopul","CAN_CAN","air",0.228
"jopul","CAN_CAN","arf",0.228
"jopul","CAU_AUS","air",0.156
"jopul","CAU_AUS","arf",0.156
"jopul","CAV_IND","air",0.252
"jopul","CAV_IND","arf",0.252
"jopul","CHC_CHL","air",0.24
"jopul","CHC_CHL","arf",0.24
"jopul","CHJ_CHM","air",0.228
"jopul","CHJ_CHM","arf",0.228
"jopul","CHO_IND","air",0.252
"jopul","CHO_IND","arf",0.252
"jopul","CHU_KAZ","air",0.264
"jopul","CHU_KAZ","arf",0.264
"jopul","CHU_KGZ","air",0.264
"jopul","CHU_KGZ","arf",0.264
"jopul","COB_CAN","air",0.228
"jopul","COB_CAN","arf",0.228
"jopul","COB_USA","air",0.18
"jopul","COB_USA","arf",0.18
"jopul","COL_USA","air",0.18
"jopul","COL_USA","arf",0.18
"jopul","CON_CAF","air",0.252
"jopul","CON_CAF","arf",0.252
"jopul","CON_COD","air",0.252
"jopul","CON_COD","arf",0.252
"jopul","CON_COG","air",0.252
"jopul","CON_COG","arf",0.252
"jopul","CRB_CRB","air",0.228
"jopul","CRB_CRB","arf",0.228
"jopul","DAN_AUT","air",0.168
"jopul","DAN_AUT","arf",0.168
"jopul","DAN_BGR","air",0.204
"jopul","DAN_BGR","arf",0.204
"jopul","DAN_CZE","air",0.204
"jopul","DAN_CZE","arf",0.204
"jopul","DAN_DEU","air",0.168
"jopul","DAN_DEU","arf",0.168
"jopul","DAN_HRV","air",0.204
"jopul","DAN_HRV","arf",0.204
"jopul","DAN_HUN","air",0.204
"jopul","DAN_HUN","arf",0.204
"jopul","DAN_MDA","air",0.204
"jopul","DAN_MDA","arf",0.204
"jopul","DAN_OBN","air",0.204
"jopul","DAN_OBN","arf",0.204
"jopul","DAN_ROU","air",0.204
"jopul","DAN_ROU","arf",0.204
"jopul","DAN_SVK","air",0.204
"jopul","DAN_SVK","arf",0.204
"jopul","DAN_SVN","air",0.204
"jopul","DAN_SVN","arf",0.204
"jopul","DAN_TUR","air",0.192
"jopul","DAN_TUR","arf",0.192
"jopul","DAN_UKR","air",0.18
"jopul","DAN_UKR","arf",0.18
"jopul","DNI_BLR","air",0.18
"jopul","DNI_BLR","arf",0.18
"jopul","DNI_RUS","air",0.18
"jopul","DNI_RUS","arf",0.18
"jopul","DNI_UKR","air",0.18
"jopul","DNI_UKR","arf",0.18
"jopul","DOM_DOM","air",0.24
"jopul","DOM_DOM","arf",0.24
"jopul","EAC_BDI","air",0.324
"jopul","EAC_BDI","arf",0.324
"jopul","EAC_COD","air",0.252
"jopul","EAC_COD","arf",0.252
"jopul","EAC_RWA","air",0.324
"jopul","EAC_RWA","arf",0.324
"jopul","EAC_TZA","air",0.324
"jopul","EAC_TZA","arf",0.324
"jopul","EAU_AUS","air",0.156
"jopul","EAU_AUS","arf",0.156
"jopul","EGH_IND","air",0.252
"jopul","EGH_IND","arf",0.252
"jopul","ELB_DEU","air",0.168
"jopul","ELB_DEU","arf",0.168
"jopul","ELB_DNK","air",0.168
"jopul","ELB_DNK","arf",0.168
"jopul","EME_CYP","air",0.168
"jopul","EME_CYP","arf",0.168
"jopul","EME_EGY","air",0.228
"jopul","EME_EGY","arf",0.228
"jopul","EME_ISR","air",0.228
"jopul","EME_ISR","arf",0.228
"jopul","EME_JOR","air",0.168
"jopul","EME_JOR","arf",0.168
"jopul","EME_LBN","air",0.168
"jopul","EME_LBN","arf",0.168
"jopul","EME_PSE","air",0.252
"jopul","EME_PSE","arf",0.252
"jopul","EME_SYR","air",0.168
"jopul","EME_SYR","arf",0.168
"jopul","EME_TUR","air",0.192
"jopul","EME_TUR","arf",0.192
"jopul","FJI_FJI","air",0.228
"jopul","FJI_FJI","arf",0.228
"jopul","FNP_FNP","air",0.168
"jopul","FNP_FNP","arf",0.168
"jopul","GAN_BGD","air",0.276
"jopul","GAN_BGD","arf",0.276
"jopul","GAN_CHM","air",0.228
"jopul","GAN_CHM","arf",0.228
"jopul","GAN_IND","air",0.252
"jopul","GAN_IND","arf",0.252
"jopul","GAN_NPL","air",0.24
"jopul","GAN_NPL","arf",0.24
"jopul","GBA_USA","air",0.18
"jopul","GBA_USA","arf",0.18
"jopul","GEO_GEO","air",0.18
"jopul","GEO_GEO","arf",0.18
"jopul","GLA_CAN","air",0.228
"jopul","GLA_CAN","arf",0.228
"jopul","GLA_USA","air",0.18
"jopul","GLA_USA","arf",0.18
"jopul","GOD_IND","air",0.252
"jopul","GOD_IND","arf",0.252
"jopul","GRC_GRC","air",0.204
"jopul","GRC_GRC","arf",0.204
"jopul","GSA_GSA","air",0.24
"jopul","GSA_GSA","arf",0.24
"jopul","GTM_GTM","air",0.24
"jopul","GTM_GTM","arf",0.24
"jopul","HAI_CHM","air",0.228
"jopul","HAI_CHM","arf",0.228
"jopul","HOA_ETH","air",0.264
"jopul","HOA_ETH","arf",0.264
"jopul","HOA_KEN","air",0.324
"jopul","HOA_KEN","arf",0.324
"jopul","HUA_CHM","air",0.228
"jopul","HUA_CHM","arf",0.228
"jopul","HUN_CHM","air",0.228
"jopul","HUN_CHM","arf",0.228
"jopul","HWI_USA","air",0.18
"jopul","HWI_USA","arf",0.18
"jopul","IEC_IND","air",0.252
"jopul","IEC_IND","arf",0.252
"jopul","IND_CHM","air",0.228
"jopul","IND_CHM","arf",0.228
"jopul","IND_IND","air",0.252
"jopul","IND_IND","arf",0.252
"jopul","IND_PAK","air",0.216
"jopul","IND_PAK","arf",0.216
"jopul","INE_IDN","air",0.168
"jopul","INE_IDN","arf",0.168
"jopul","INW_IDN","air",0.168
"jopul","INW_IDN","arf",0.168
"jopul","IRL_IRL","air",0.168
"jopul","IRL_IRL","arf",0.168
"jopul","ITA_ITP","air",0.168
"jopul","ITA_ITP","arf",0.168
"jopul","JAM_JAM","air",0.228
"jopul","JAM_JAM","arf",0.228
"jopul","JAP_JPN","air",0.168
"jopul","JAP_JPN","arf",0.168
"jopul","KAL_BWA","air",0.324
"jopul","KAL_BWA","arf",0.324
"jopul","KAL_NAM","air",0.324
"jopul","KAL_NAM","arf",0.324
"jopul","KAL_ZAF","air",0.228
"jopul","KAL_ZAF","arf",0.228
"jopul","KRI_IND","air",0.252
"jopul","KRI_IND","arf",0.252
"jopul","LAJ_CHM","air",0.228
"jopul","LAJ_CHM","arf",0.228
"jopul","LBA_KAZ","air",0.264
"jopul","LBA_KAZ","arf",0.264
"jopul","LBO_FRP","air",0.168
"jopul","LBO_FRP","arf",0.168
"jopul","LCB_CAF","air",0.252
"jopul","LCB_CAF","arf",0.252
"jopul","LCB_CMR","air",0.252
"jopul","LCB_CMR","arf",0.252
"jopul","LCB_NER","air",0.264
"jopul","LCB_NER","arf",0.264
"jopul","LCB_NGA","air",0.216
"jopul","LCB_NGA","arf",0.216
"jopul","LCB_TCD","air",0.264
"jopul","LCB_TCD","arf",0.264
"jopul","LIM_BWA","air",0.324
"jopul","LIM_BWA","arf",0.324
"jopul","LIM_MOZ","air",0.324
"jopul","LIM_MOZ","arf",0.324
"jopul","LIM_ZAF","air",0.228
"jopul","LIM_ZAF","arf",0.228
"jopul","LIM_ZWE","air",0.324
"jopul","LIM_ZWE","arf",0.324
"jopul","LMO_CHM","air",0.228
"jopul","LMO_CHM","arf",0.228
"jopul","LMO_MNG","air",0.24
"jopul","LMO_MNG","arf",0.24
"jopul","LTZ_KAZ","air",0.264
"jopul","LTZ_KAZ","arf",0.264
"jopul","LUN_IND","air",0.252
"jopul","LUN_IND","arf",0.252
"jopul","MAD_MDG","air",0.324
"jopul","MAD_MDG","arf",0.324
"jopul","MAT_IND","air",0.252
"jopul","MAT_IND","arf",0.252
"jopul","MAU_AUS","air",0.156
"jopul","MAU_AUS","arf",0.156
"jopul","MCK_CAN","air",0.228
"jopul","MCK_CAN","arf",0.228
"jopul","MEK_LAO","air",0.192
"jopul","MEK_LAO","arf",0.192
"jopul","MEK_MMR","air",0.18
"jopul","MEK_MMR","arf",0.18
"jopul","MEK_THA","air",0.192
"jopul","MEK_THA","arf",0.192
"jopul","MEK_VNM","air",0.204
"jopul","MEK_VNM","arf",0.204
"jopul","MHN_IND","air",0.252
"jopul","MHN_IND","arf",0.252
"jopul","MIM_MEX","air",0.228
"jopul","MIM_MEX","arf",0.228
"jopul","MIS_USA","air",0.18
"jopul","MIS_USA","arf",0.18
"jopul","MOU_USA","air",0.18
"jopul","MOU_USA","arf",0.18
"jopul","NAC_DZA","air",0.168
"jopul","NAC_DZA","arf",0.168
"jopul","NAC_EGY","air",0.228
"jopul","NAC_EGY","arf",0.228
"jopul","NAC_LBY","air",0.168
"jopul","NAC_LBY","arf",0.168
"jopul","NAC_TUN","air",0.168
"jopul","NAC_TUN","arf",0.168
"jopul","NEB_BRA","air",0.204
"jopul","NEB_BRA","arf",0.204
"jopul","NER_RUS","air",0.18
"jopul","NER_RUS","arf",0.18
"jopul","NIG_BEN","air",0.252
"jopul","NIG_BEN","arf",0.252
"jopul","NIG_BFA","air",0.264
"jopul","NIG_BFA","arf",0.264
"jopul","NIG_CIV","air",0.252
"jopul","NIG_CIV","arf",0.252
"jopul","NIG_CMR","air",0.252
"jopul","NIG_CMR","arf",0.252
"jopul","NIG_GIN","air",0.252
"jopul","NIG_GIN","arf",0.252
"jopul","NIG_MLI","air",0.264
"jopul","NIG_MLI","arf",0.264
"jopul","NIG_NER","air",0.264
"jopul","NIG_NER","arf",0.264
"jopul","NIG_NGA","air",0.216
"jopul","NIG_NGA","arf",0.216
"jopul","NIG_TCD","air",0.264
"jopul","NIG_TCD","arf",0.264
"jopul","NLL_EGY","air",0.228
"jopul","NLL_EGY","arf",0.228
"jopul","NLL_ERI","air",0.264
"jopul","NLL_ERI","arf",0.264
"jopul","NLL_ETH","air",0.264
"jopul","NLL_ETH","arf",0.264
"jopul","NLL_SDN","air",0.264
"jopul","NLL_SDN","arf",0.264
"jopul","NLL_UGA","air",0.324
"jopul","NLL_UGA","arf",0.324
"jopul","NOR_NOR","air",0.168
"jopul","NOR_NOR","arf",0.168
"jopul","NWA_MOR","air",0.168
"jopul","NWA_MOR","arf",0.168
"jopul","NWA_MRT","air",0.264
"jopul","NWA_MRT","arf",0.264
"jopul","NWS_COL","air",0.216
"jopul","NWS_COL","arf",0.216
"jopul","NWS_ECU","air",0.24
"jopul","NWS_ECU","arf",0.24
"jopul","NZE_NZL","air",0.228
"jopul","NZE_NZL","arf",0.228
"jopul","OAO_OAO","air",0.228
"jopul","OAO_OAO","arf",0.228
"jopul","OBB_CHM","air",0.228
"jopul","OBB_CHM","arf",0.228
"jopul","OBB_KAZ","air",0.264
"jopul","OBB_KAZ","arf",0.264
"jopul","OBB_RUS","air",0.18
"jopul","OBB_RUS","arf",0.18
"jopul","ODE_DEU","air",0.168
"jopul","ODE_DEU","arf",0.168
"jopul","ODE_POL","air",0.204
"jopul","ODE_POL","arf",0.204
"jopul","ODE_RUS","air",0.18
"jopul","ODE_RUS","arf",0.18
"jopul","OHI_USA","air",0.18
"jopul","OHI_USA","arf",0.18
"jopul","OIO_OIO","air",0.228
"jopul","OIO_OIO","arf",0.228
"jopul","OPO_OPO","air",0.228
"jopul","OPO_OPO","arf",0.228
"jopul","ORA_LSO","air",0.324
"jopul","ORA_LSO","arf",0.324
"jopul","ORA_NAM","air",0.324
"jopul","ORA_NAM","arf",0.324
"jopul","ORA_ZAF","air",0.228
"jopul","ORA_ZAF","arf",0.228
"jopul","ORI_COL","air",0.216
"jopul","ORI_COL","arf",0.216
"jopul","ORI_VEN","air",0.24
"jopul","ORI_VEN","arf",0.24
"jopul","PAO_PNG","air",0.228
"jopul","PAO_PNG","arf",0.228
"jopul","PAR_ARG","air",0.12
"jopul","PAR_ARG","arf",0.12
"jopul","PAR_BOL","air",0.24
"jopul","PAR_BOL","arf",0.24
"jopul","PAR_BRA","air",0.204
"jopul","PAR_BRA","arf",0.204
"jopul","PAR_PRY","air",0.24
"jopul","PAR_PRY","arf",0.24
"jopul","PEC_PER","air",0.24
"jopul","PEC_PER","arf",0.24
"jopul","PHI_PHL","air",0.192
"jopul","PHI_PHL","arf",0.192
"jopul","PRT_PRT","air",0.168
"jopul","PRT_PRT","arf",0.168
"jopul","RAP_RAP","air",0.168
"jopul","RAP_RAP","arf",0.168
"jopul","RHI_BLX","air",0.168
"jopul","RHI_BLX","arf",0.168
"jopul","RHI_CHP","air",0.168
"jopul","RHI_CHP","arf",0.168
"jopul","RHI_DEU","air",0.168
"jopul","RHI_DEU","arf",0.168
"jopul","RHI_FRP","air",0.168
"jopul","RHI_FRP","arf",0.168
"jopul","RHI_NLD","air",0.168
"jopul","RHI_NLD","arf",0.168
"jopul","RHO_FRP","air",0.168
"jopul","RHO_FRP","arf",0.168
"jopul","RIC_ARG","air",0.12
"jopul","RIC_ARG","arf",0.12
"jopul","RIG_MEX","air",0.228
"jopul","RIG_MEX","arf",0.228
"jopul","RIG_USA","air",0.18
"jopul","RIG_USA","arf",0.18
"jopul","RRS_RUS","air",0.18
"jopul","RRS_RUS","arf",0.18
"jopul","RVE_VEN","air",0.24
"jopul","RVE_VEN","arf",0.24
"jopul","RVN_VNM","air",0.204
"jopul","RVN_VNM","arf",0.204
"jopul","RWI_CAN","air",0.228
"jopul","RWI_CAN","arf",0.228
"jopul","RWI_USA","air",0.18
"jopul","RWI_USA","arf",0.18
"jopul","SAC_SWZ","air",0.324
"jopul","SAC_SWZ","arf",0.324
"jopul","SAC_ZAF","air",0.228
"jopul","SAC_ZAF","arf",0.228
"jopul","SAF_MOZ","air",0.324
"jopul","SAF_MOZ","arf",0.324
"jopul","SAF_TZA","air",0.324
"jopul","SAF_TZA","arf",0.324
"jopul","SAF_ZWE","air",0.324
"jopul","SAF_ZWE","arf",0.324
"jopul","SAH_DZA","air",0.168
"jopul","SAH_DZA","arf",0.168
"jopul","SAH_EGY","air",0.228
"jopul","SAH_EGY","arf",0.228
"jopul","SAH_LBY","air",0.168
"jopul","SAH_LBY","arf",0.168
"jopul","SAH_MLI","air",0.264
"jopul","SAH_MLI","arf",0.264
"jopul","SAH_MOR","air",0.168
"jopul","SAH_MOR","arf",0.168
"jopul","SAH_MRT","air",0.264
"jopul","SAH_MRT","arf",0.264
"jopul","SAH_NER","air",0.264
"jopul","SAH_NER","arf",0.264
"jopul","SAH_SDN","air",0.264
"jopul","SAH_SDN","arf",0.264
"jopul","SAH_TCD","air",0.264
"jopul","SAH_TCD","arf",0.264
"jopul","SAL_ARG","air",0.12
"jopul","SAL_ARG","arf",0.12
"jopul","SAN_BRA","air",0.204
"jopul","SAN_BRA","arf",0.204
"jopul","SAU_SAU","air",0.168
"jopul","SAU_SAU","arf",0.168
"jopul","SAY_IND","air",0.252
"jopul","SAY_IND","arf",0.252
"jopul","SEI_FRP","air",0.168
"jopul","SEI_FRP","arf",0.168
"jopul","SEN_GIN","air",0.252
"jopul","SEN_GIN","arf",0.252
"jopul","SEN_MLI","air",0.264
"jopul","SEN_MLI","arf",0.264
"jopul","SEN_MRT","air",0.264
"jopul","SEN_MRT","arf",0.264
"jopul","SEN_SEN","air",0.252
"jopul","SEN_SEN","arf",0.252
"jopul","SEU_USA","air",0.18
"jopul","SEU_USA","arf",0.18
"jopul","SKP_KOR","air",0.192
"jopul","SKP_KOR","arf",0.192
"jopul","SLB_SLB","air",0.228
"jopul","SLB_SLB","arf",0.228
"jopul","SON_CHM","air",0.228
"jopul","SON_CHM","arf",0.228
"jopul","SPP_SPP","air",0.168
"jopul","SPP_SPP","arf",0.168
"jopul","SWE_SWE","air",0.168
"jopul","SWE_SWE","arf",0.168
"jopul","SYD_KAZ","air",0.264
"jopul","SYD_KAZ","arf",0.264
"jopul","SYD_KGZ","air",0.264
"jopul","SYD_KGZ","arf",0.264
"jopul","SYD_TJK","air",0.264
"jopul","SYD_TJK","arf",0.264
"jopul","SYD_UZB","air",0.264
"jopul","SYD_UZB","arf",0.264
"jopul","TIE_ARG","air",0.12
"jopul","TIE_ARG","arf",0.12
"jopul","TIG_IRN","air",0.168
"jopul","TIG_IRN","arf",0.168
"jopul","TIG_IRQ","air",0.168
"jopul","TIG_IRQ","arf",0.168
"jopul","TIG_SYR","air",0.168
"jopul","TIG_SYR","arf",0.168
"jopul","TIG_TUR","air",0.192
"jopul","TIG_TUR","arf",0.192
"jopul","TMM_BGD","air",0.276
"jopul","TMM_BGD","arf",0.276
"jopul","TMM_MMR","air",0.18
"jopul","TMM_MMR","arf",0.18
"jopul","TMM_MYS","air",0.132
"jopul","TMM_MYS","arf",0.132
"jopul","TMM_THA","air",0.192
"jopul","TMM_THA","arf",0.192
"jopul","TOC_BRA","air",0.204
"jopul","TOC_BRA","arf",0.204
"jopul","TWN_CHM","air",0.228
"jopul","TWN_CHM","arf",0.228
"jopul","UKP_UKP","air",0.168
"jopul","UKP_UKP","arf",0.168
"jopul","UME_MEX","air",0.228
"jopul","UME_MEX","arf",0.228
"jopul","UMO_MNG","air",0.24
"jopul","UMO_MNG","arf",0.24
"jopul","UMO_RUS","air",0.18
"jopul","UMO_RUS","arf",0.18
"jopul","URA_KAZ","air",0.264
"jopul","URA_KAZ","arf",0.264
"jopul","URA_RUS","air",0.18
"jopul","URA_RUS","arf",0.18
"jopul","URA_TKM","air",0.264
"jopul","URA_TKM","arf",0.264
"jopul","URU_BRA","air",0.204
"jopul","URU_BRA","arf",0.204
"jopul","URU_URY","air",0.24
"jopul","URU_URY","arf",0.24
"jopul","USN_USA","air",0.18
"jopul","USN_USA","arf",0.18
"jopul","VOG_RUS","air",0.18
"jopul","VOG_RUS","arf",0.18
"jopul","VOT_BEN","air",0.252
"jopul","VOT_BEN","arf",0.252
"jopul","VOT_BFA","air",0.264
"jopul","VOT_BFA","arf",0.264
"jopul","VOT_CIV","air",0.252
"jopul","VOT_CIV","arf",0.252
"jopul","VOT_GHA","air",0.252
"jopul","VOT_GHA","arf",0.252
"jopul","VOT_MLI","air",0.264
"jopul","VOT_MLI","arf",0.264
"jopul","WAC_CIV","air",0.252
"jopul","WAC_CIV","arf",0.252
"jopul","WAC_GIN","air",0.252
"jopul","WAC_GIN","arf",0.252
"jopul","WAC_GNB","air",0.252
"jopul","WAC_GNB","arf",0.252
"jopul","WAC_LBR","air",0.252
"jopul","WAC_LBR","arf",0.252
"jopul","WAC_SEN","air",0.252
"jopul","WAC_SEN","arf",0.252
"jopul","WAC_SLE","air",0.252
"jopul","WAC_SLE","arf",0.252
"jopul","WAI_AFG","air",0.24
"jopul","WAI_AFG","arf",0.24
"jopul","WAI_IRN","air",0.168
"jopul","WAI_IRN","arf",0.168
"jopul","WAI_PAK","air",0.216
"jopul","WAI_PAK","arf",0.216
"jopul","WAI_TKM","air",0.264
"jopul","WAI_TKM","arf",0.264
"jopul","WAU_AUS","air",0.156
"jopul","WAU_AUS","arf",0.156
"jopul","WGM_USA","air",0.18
"jopul","WGM_USA","arf",0.18
"jopul","YEM_YEM","air",0.168
"jopul","YEM_YEM","arf",0.168
"jopul","YEN_RUS","air",0.18
"jopul","YEN_RUS","arf",0.18
"jopul","YHE_CHM","air",0.228
"jopul","YHE_CHM","arf",0.228
"jopul","YRD_CHM","air",0.228
"jopul","YRD_CHM","arf",0.228
"jopul","YRD_VNM","air",0.204
"jopul","YRD_VNM","arf",0.204
"jopul","YUC_MEX","air",0.228
"jopul","YUC_MEX","arf",0.228
"jopul","ZAM_BWA","air",0.324
"jopul","ZAM_BWA","arf",0.324
"jopul","ZAM_COD","air",0.252
"jopul","ZAM_COD","arf",0.252
"jopul","ZAM_MOZ","air",0.324
"jopul","ZAM_MOZ","arf",0.324
"jopul","ZAM_MWI","air",0.324
"jopul","ZAM_MWI","arf",0.324
"jopul","ZAM_NAM","air",0.324
"jopul","ZAM_NAM","arf",0.324
"jopul","ZAM_TZA","air",0.324
"jopul","ZAM_TZA","arf",0.324
"jopul","ZAM_ZMB","air",0.324
"jopul","ZAM_ZMB","arf",0.324
"jopul","ZAM_ZWE","air",0.324
"jopul","ZAM_ZWE","arf",0.324
"jopul","ZHJ_CHM","air",0.228
"jopul","ZHJ_CHM","arf",0.228
"jbana","ALK_USA","air",0.144
"jbana","ALK_USA","arf",0.144
"jbana","AMA_BOL","air",0.202
"jbana","AMA_BOL","arf",0.202
"jbana","AMA_BRA","air",0.18
"jbana","AMA_BRA","arf",0.18
"jbana","AMA_COL","air",0.188
"jbana","AMA_COL","arf",0.188
"jbana","AMA_ECU","air",0.202
"jbana","AMA_ECU","arf",0.202
"jbana","AMA_PER","air",0.202
"jbana","AMA_PER","arf",0.202
"jbana","AMR_CHM","air",0.194
"jbana","AMR_CHM","arf",0.194
"jbana","ARK_USA","air",0.144
"jbana","ARK_USA","arf",0.144
"jbana","BLA_TUR","air",0.166
"jbana","BLA_TUR","arf",0.166
"jbana","BLZ_BLZ","air",0.202
"jbana","BLZ_BLZ","arf",0.202
"jbana","BOR_IDN","air",0.144
"jbana","BOR_IDN","arf",0.144
"jbana","BOR_MYS","air",0.116
"jbana","BOR_MYS","arf",0.116
"jbana","BRT_BGD","air",0.238
"jbana","BRT_BGD","arf",0.238
"jbana","BRT_BTN","air",0.202
"jbana","BRT_BTN","arf",0.202
"jbana","BRT_CHM","air",0.194
"jbana","BRT_CHM","arf",0.194
"jbana","BRT_IND","air",0.224
"jbana","BRT_IND","arf",0.224
"jbana","CAF_AGO","air",0.274
"jbana","CAF_AGO","arf",0.274
"jbana","CAF_CAF","air",0.208
"jbana","CAF_CAF","arf",0.208
"jbana","CAF_CMR","air",0.208
"jbana","CAF_CMR","arf",0.208
"jbana","CAF_COG","air",0.208
"jbana","CAF_COG","arf",0.208
"jbana","CAF_GAB","air",0.208
"jbana","CAF_GAB","arf",0.208
"jbana","CAF_GNQ","air",0.208
"jbana","CAF_GNQ","arf",0.208
"jbana","CAL_USA","air",0.144
"jbana","CAL_USA","arf",0.144
"jbana","CAU_AUS","air",0.122
"jbana","CAU_AUS","arf",0.122
"jbana","CAV_IND","air",0.224
"jbana","CAV_IND","arf",0.224
"jbana","CHJ_CHM","air",0.194
"jbana","CHJ_CHM","arf",0.194
"jbana","CHO_IND","air",0.224
"jbana","CHO_IND","arf",0.224
"jbana","COB_USA","air",0.144
"jbana","COB_USA","arf",0.144
"jbana","COL_USA","air",0.144
"jbana","COL_USA","arf",0.144
"jbana","CON_AGO","air",0.274
"jbana","CON_AGO","arf",0.274
"jbana","CON_CAF","air",0.208
"jbana","CON_CAF","arf",0.208
"jbana","CON_COD","air",0.208
"jbana","CON_COD","arf",0.208
"jbana","CON_COG","air",0.208
"jbana","CON_COG","arf",0.208
"jbana","CRB_CRB","air",0.188
"jbana","CRB_CRB","arf",0.188
"jbana","CRI_CRI","air",0.202
"jbana","CRI_CRI","arf",0.202
"jbana","CUB_CUB","air",0.202
"jbana","CUB_CUB","arf",0.202
"jbana","DAN_TUR","air",0.166
"jbana","DAN_TUR","arf",0.166
"jbana","DOM_DOM","air",0.202
"jbana","DOM_DOM","arf",0.202
"jbana","EAC_BDI","air",0.266
"jbana","EAC_BDI","arf",0.266
"jbana","EAC_COD","air",0.208
"jbana","EAC_COD","arf",0.208
"jbana","EAC_RWA","air",0.266
"jbana","EAC_RWA","arf",0.266
"jbana","EAC_TZA","air",0.266
"jbana","EAC_TZA","arf",0.266
"jbana","EAU_AUS","air",0.122
"jbana","EAU_AUS","arf",0.122
"jbana","EGH_IND","air",0.224
"jbana","EGH_IND","arf",0.224
"jbana","EME_CYP","air",0.152
"jbana","EME_CYP","arf",0.152
"jbana","EME_EGY","air",0.202
"jbana","EME_EGY","arf",0.202
"jbana","EME_ISR","air",0.172
"jbana","EME_ISR","arf",0.172
"jbana","EME_JOR","air",0.152
"jbana","EME_JOR","arf",0.152
"jbana","EME_LBN","air",0.152
"jbana","EME_LBN","arf",0.152
"jbana","EME_PSE","air",0.208
"jbana","EME_PSE","arf",0.208
"jbana","EME_SYR","air",0.152
"jbana","EME_SYR","arf",0.152
"jbana","EME_TUR","air",0.166
"jbana","EME_TUR","arf",0.166
"jbana","FJI_FJI","air",0.188
"jbana","FJI_FJI","arf",0.188
"jbana","GAN_BGD","air",0.238
"jbana","GAN_BGD","arf",0.238
"jbana","GAN_CHM","air",0.194
"jbana","GAN_CHM","arf",0.194
"jbana","GAN_IND","air",0.224
"jbana","GAN_IND","arf",0.224
"jbana","GAN_NPL","air",0.202
"jbana","GAN_NPL","arf",0.202
"jbana","GBA_USA","air",0.144
"jbana","GBA_USA","arf",0.144
"jbana","GLA_USA","air",0.144
"jbana","GLA_USA","arf",0.144
"jbana","GOD_IND","air",0.224
"jbana","GOD_IND","arf",0.224
"jbana","GRC_GRC","air",0.152
"jbana","GRC_GRC","arf",0.152
"jbana","GSA_GSA","air",0.202
"jbana","GSA_GSA","arf",0.202
"jbana","GTM_GTM","air",0.202
"jbana","GTM_GTM","arf",0.202
"jbana","HAI_CHM","air",0.194
"jbana","HAI_CHM","arf",0.194
"jbana","HND_HND","air",0.202
"jbana","HND_HND","arf",0.202
"jbana","HOA_ETH","air",0.216
"jbana","HOA_ETH","arf",0.216
"jbana","HOA_KEN","air",0.266
"jbana","HOA_KEN","arf",0.266
"jbana","HOA_SOM","air",0.216
"jbana","HOA_SOM","arf",0.216
"jbana","HTI_HTI","air",0.202
"jbana","HTI_HTI","arf",0.202
"jbana","HUA_CHM","air",0.194
"jbana","HUA_CHM","arf",0.194
"jbana","HUN_CHM","air",0.194
"jbana","HUN_CHM","arf",0.194
"jbana","HWI_USA","air",0.144
"jbana","HWI_USA","arf",0.144
"jbana","IEC_IND","air",0.224
"jbana","IEC_IND","arf",0.224
"jbana","IND_CHM","air",0.194
"jbana","IND_CHM","arf",0.194
"jbana","IND_IND","air",0.224
"jbana","IND_IND","arf",0.224
"jbana","IND_PAK","air",0.188
"jbana","IND_PAK","arf",0.188
"jbana","INE_IDN","air",0.144
"jbana","INE_IDN","arf",0.144
"jbana","INW_IDN","air",0.144
"jbana","INW_IDN","arf",0.144
"jbana","JAM_JAM","air",0.188
"jbana","JAM_JAM","arf",0.188
"jbana","JAP_JPN","air",0.13
"jbana","JAP_JPN","arf",0.13
"jbana","KAL_ZAF","air",0.172
"jbana","KAL_ZAF","arf",0.172
"jbana","KRI_IND","air",0.224
"jbana","KRI_IND","arf",0.224
"jbana","LAJ_CHM","air",0.194
"jbana","LAJ_CHM","arf",0.194
"jbana","LBO_FRP","air",0.13
"jbana","LBO_FRP","arf",0.13
"jbana","LCB_CAF","air",0.208
"jbana","LCB_CAF","arf",0.208
"jbana","LCB_CMR","air",0.208
"jbana","LCB_CMR","arf",0.208
"jbana","LCB_NGA","air",0.172
"jbana","LCB_NGA","arf",0.172
"jbana","LIM_MOZ","air",0.274
"jbana","LIM_MOZ","arf",0.274
"jbana","LIM_ZAF","air",0.172
"jbana","LIM_ZAF","arf",0.172
"jbana","LIM_ZWE","air",0.274
"jbana","LIM_ZWE","arf",0.274
"jbana","LMO_CHM","air",0.194
"jbana","LMO_CHM","arf",0.194
"jbana","LUN_IND","air",0.224
"jbana","LUN_IND","arf",0.224
"jbana","MAD_MDG","air",0.274
"jbana","MAD_MDG","arf",0.274
"jbana","MAT_IND","air",0.224
"jbana","MAT_IND","arf",0.224
"jbana","MAU_AUS","air",0.122
"jbana","MAU_AUS","arf",0.122
"jbana","MEK_KHM","air",0.152
"jbana","MEK_KHM","arf",0.152
"jbana","MEK_LAO","air",0.152
"jbana","MEK_LAO","arf",0.152
"jbana","MEK_THA","air",0.166
"jbana","MEK_THA","arf",0.166
"jbana","MEK_VNM","air",0.172
"jbana","MEK_VNM","arf",0.172
"jbana","MHN_IND","air",0.224
"jbana","MHN_IND","arf",0.224
"jbana","MIM_MEX","air",0.202
"jbana","MIM_MEX","arf",0.202
"jbana","MIS_USA","air",0.144
"jbana","MIS_USA","arf",0.144
"jbana","MOU_USA","air",0.144
"jbana","MOU_USA","arf",0.144
"jbana","NAC_DZA","air",0.152
"jbana","NAC_DZA","arf",0.152
"jbana","NAC_EGY","air",0.202
"jbana","NAC_EGY","arf",0.202
"jbana","NEB_BRA","air",0.18
"jbana","NEB_BRA","arf",0.18
"jbana","NIC_NIC","air",0.202
"jbana","NIC_NIC","arf",0.202
"jbana","NIG_BEN","air",0.208
"jbana","NIG_BEN","arf",0.208
"jbana","NIG_BFA","air",0.216
"jbana","NIG_BFA","arf",0.216
"jbana","NIG_CIV","air",0.208
"jbana","NIG_CIV","arf",0.208
"jbana","NIG_CMR","air",0.208
"jbana","NIG_CMR","arf",0.208
"jbana","NIG_GIN","air",0.208
"jbana","NIG_GIN","arf",0.208
"jbana","NIG_MLI","air",0.216
"jbana","NIG_MLI","arf",0.216
"jbana","NIG_NGA","air",0.172
"jbana","NIG_NGA","arf",0.172
"jbana","NLL_EGY","air",0.202
"jbana","NLL_EGY","arf",0.202
"jbana","NLL_ETH","air",0.216
"jbana","NLL_ETH","arf",0.216
"jbana","NLL_SDN","air",0.216
"jbana","NLL_SDN","arf",0.216
"jbana","NWA_MOR","air",0.152
"jbana","NWA_MOR","arf",0.152
"jbana","NWS_COL","air",0.188
"jbana","NWS_COL","arf",0.188
"jbana","NWS_ECU","air",0.202
"jbana","NWS_ECU","arf",0.202
"jbana","OAO_OAO","air",0.188
"jbana","OAO_OAO","arf",0.188
"jbana","OBB_CHM","air",0.194
"jbana","OBB_CHM","arf",0.194
"jbana","OHI_USA","air",0.144
"jbana","OHI_USA","arf",0.144
"jbana","OIO_OIO","air",0.188
"jbana","OIO_OIO","arf",0.188
"jbana","OPO_OPO","air",0.188
"jbana","OPO_OPO","arf",0.188
"jbana","ORA_ZAF","air",0.172
"jbana","ORA_ZAF","arf",0.172
"jbana","ORI_COL","air",0.188
"jbana","ORI_COL","arf",0.188
"jbana","ORI_VEN","air",0.202
"jbana","ORI_VEN","arf",0.202
"jbana","PAN_PAN","air",0.202
"jbana","PAN_PAN","arf",0.202
"jbana","PAO_PNG","air",0.188
"jbana","PAO_PNG","arf",0.188
"jbana","PAR_ARG","air",0.108
"jbana","PAR_ARG","arf",0.108
"jbana","PAR_BOL","air",0.202
"jbana","PAR_BOL","arf",0.202
"jbana","PAR_BRA","air",0.18
"jbana","PAR_BRA","arf",0.18
"jbana","PAR_PRY","air",0.202
"jbana","PAR_PRY","arf",0.202
"jbana","PEC_PER","air",0.202
"jbana","PEC_PER","arf",0.202
"jbana","PHI_PHL","air",0.158
"jbana","PHI_PHL","arf",0.158
"jbana","PRT_PRT","air",0.13
"jbana","PRT_PRT","arf",0.13
"jbana","RAP_RAP","air",0.152
"jbana","RAP_RAP","arf",0.152
"jbana","RHI_FRP","air",0.13
"jbana","RHI_FRP","arf",0.13
"jbana","RHO_FRP","air",0.13
"jbana","RHO_FRP","arf",0.13
"jbana","RIC_ARG","air",0.108
"jbana","RIC_ARG","arf",0.108
"jbana","RIG_MEX","air",0.202
"jbana","RIG_MEX","arf",0.202
"jbana","RIG_USA","air",0.144
"jbana","RIG_USA","arf",0.144
"jbana","RVE_VEN","air",0.202
"jbana","RVE_VEN","arf",0.202
"jbana","RVN_VNM","air",0.172
"jbana","RVN_VNM","arf",0.172
"jbana","RWI_USA","air",0.144
"jbana","RWI_USA","arf",0.144
"jbana","SAC_SWZ","air",0.274
"jbana","SAC_SWZ","arf",0.274
"jbana","SAC_ZAF","air",0.172
"jbana","SAC_ZAF","arf",0.172
"jbana","SAF_MOZ","air",0.274
"jbana","SAF_MOZ","arf",0.274
"jbana","SAF_TZA","air",0.266
"jbana","SAF_TZA","arf",0.266
"jbana","SAF_ZWE","air",0.274
"jbana","SAF_ZWE","arf",0.274
"jbana","SAH_DZA","air",0.152
"jbana","SAH_DZA","arf",0.152
"jbana","SAH_EGY","air",0.202
"jbana","SAH_EGY","arf",0.202
"jbana","SAH_MLI","air",0.216
"jbana","SAH_MLI","arf",0.216
"jbana","SAH_MOR","air",0.152
"jbana","SAH_MOR","arf",0.152
"jbana","SAH_SDN","air",0.216
"jbana","SAH_SDN","arf",0.216
"jbana","SAL_ARG","air",0.108
"jbana","SAL_ARG","arf",0.108
"jbana","SAN_BRA","air",0.18
"jbana","SAN_BRA","arf",0.18
"jbana","SAU_SAU","air",0.152
"jbana","SAU_SAU","arf",0.152
"jbana","SAY_IND","air",0.224
"jbana","SAY_IND","arf",0.224
"jbana","SEI_FRP","air",0.13
"jbana","SEI_FRP","arf",0.13
"jbana","SEN_GIN","air",0.208
"jbana","SEN_GIN","arf",0.208
"jbana","SEN_MLI","air",0.216
"jbana","SEN_MLI","arf",0.216
"jbana","SEN_SEN","air",0.208
"jbana","SEN_SEN","arf",0.208
"jbana","SEU_USA","air",0.144
"jbana","SEU_USA","arf",0.144
"jbana","SLB_SLB","air",0.188
"jbana","SLB_SLB","arf",0.188
"jbana","SLV_SLV","air",0.202
"jbana","SLV_SLV","arf",0.202
"jbana","SON_CHM","air",0.194
"jbana","SON_CHM","arf",0.194
"jbana","SPP_SPP","air",0.13
"jbana","SPP_SPP","arf",0.13
"jbana","TIE_ARG","air",0.108
"jbana","TIE_ARG","arf",0.108
"jbana","TIG_IRN","air",0.152
"jbana","TIG_IRN","arf",0.152
"jbana","TIG_SYR","air",0.152
"jbana","TIG_SYR","arf",0.152
"jbana","TIG_TUR","air",0.166
"jbana","TIG_TUR","arf",0.166
"jbana","TLS_TLS","air",0.188
"jbana","TLS_TLS","arf",0.188
"jbana","TMM_BGD","air",0.238
"jbana","TMM_BGD","arf",0.238
"jbana","TMM_MYS","air",0.116
"jbana","TMM_MYS","arf",0.116
"jbana","TMM_OSA","air",0.152
"jbana","TMM_OSA","arf",0.152
"jbana","TMM_THA","air",0.166
"jbana","TMM_THA","arf",0.166
"jbana","TOC_BRA","air",0.18
"jbana","TOC_BRA","arf",0.18
"jbana","TWN_CHM","air",0.194
"jbana","TWN_CHM","arf",0.194
"jbana","UME_MEX","air",0.202
"jbana","UME_MEX","arf",0.202
"jbana","URU_BRA","air",0.18
"jbana","URU_BRA","arf",0.18
"jbana","USN_USA","air",0.144
"jbana","USN_USA","arf",0.144
"jbana","VOT_BEN","air",0.208
"jbana","VOT_BEN","arf",0.208
"jbana","VOT_BFA","air",0.216
"jbana","VOT_BFA","arf",0.216
"jbana","VOT_CIV","air",0.208
"jbana","VOT_CIV","arf",0.208
"jbana","VOT_GHA","air",0.208
"jbana","VOT_GHA","arf",0.208
"jbana","VOT_MLI","air",0.216
"jbana","VOT_MLI","arf",0.216
"jbana","VOT_TGO","air",0.208
"jbana","VOT_TGO","arf",0.208
"jbana","VUT_VUT","air",0.188
"jbana","VUT_VUT","arf",0.188
"jbana","WAC_CIV","air",0.208
"jbana","WAC_CIV","arf",0.208
"jbana","WAC_GIN","air",0.208
"jbana","WAC_GIN","arf",0.208
"jbana","WAC_GNB","air",0.208
"jbana","WAC_GNB","arf",0.208
"jbana","WAC_LBR","air",0.208
"jbana","WAC_LBR","arf",0.208
"jbana","WAC_SEN","air",0.208
"jbana","WAC_SEN","arf",0.208
"jbana","WAI_IRN","air",0.152
"jbana","WAI_IRN","arf",0.152
"jbana","WAI_PAK","air",0.188
"jbana","WAI_PAK","arf",0.188
"jbana","WAU_AUS","air",0.122
"jbana","WAU_AUS","arf",0.122
"jbana","WGM_USA","air",0.144
"jbana","WGM_USA","arf",0.144
"jbana","YEM_YEM","air",0.152
"jbana","YEM_YEM","arf",0.152
"jbana","YHE_CHM","air",0.194
"jbana","YHE_CHM","arf",0.194
"jbana","YRD_CHM","air",0.194
"jbana","YRD_CHM","arf",0.194
"jbana","YRD_VNM","air",0.172
"jbana","YRD_VNM","arf",0.172
"jbana","YUC_MEX","air",0.202
"jbana","YUC_MEX","arf",0.202
"jbana","ZAM_AGO","air",0.274
"jbana","ZAM_AGO","arf",0.274
"jbana","ZAM_COD","air",0.208
"jbana","ZAM_COD","arf",0.208
"jbana","ZAM_MOZ","air",0.274
"jbana","ZAM_MOZ","arf",0.274
"jbana","ZAM_MWI","air",0.274
"jbana","ZAM_MWI","arf",0.274
"jbana","ZAM_TZA","air",0.266
"jbana","ZAM_TZA","arf",0.266
"jbana","ZAM_ZMB","air",0.274
"jbana","ZAM_ZMB","arf",0.274
"jbana","ZAM_ZWE","air",0.274
"jbana","ZAM_ZWE","arf",0.274
"jbana","ZHJ_CHM","air",0.194
"jbana","ZHJ_CHM","arf",0.194
"jplnt","AMA_BOL","air",0.202
"jplnt","AMA_BOL","arf",0.202
"jplnt","AMA_COL","air",0.188
"jplnt","AMA_COL","arf",0.188
"jplnt","AMA_ECU","air",0.202
"jplnt","AMA_ECU","arf",0.202
"jplnt","BLZ_BLZ","air",0.202
"jplnt","BLZ_BLZ","arf",0.202
"jplnt","BRT_BGD","air",0.238
"jplnt","BRT_BGD","arf",0.238
"jplnt","CAF_CAF","air",0.208
"jplnt","CAF_CAF","arf",0.208
"jplnt","CAF_CMR","air",0.208
"jplnt","CAF_CMR","arf",0.208
"jplnt","CAF_COG","air",0.208
"jplnt","CAF_COG","arf",0.208
"jplnt","CAF_GAB","air",0.208
"jplnt","CAF_GAB","arf",0.208
"jplnt","CAF_GNQ","air",0.208
"jplnt","CAF_GNQ","arf",0.208
"jplnt","CON_CAF","air",0.208
"jplnt","CON_CAF","arf",0.208
"jplnt","CON_COD","air",0.208
"jplnt","CON_COD","arf",0.208
"jplnt","CON_COG","air",0.208
"jplnt","CON_COG","arf",0.208
"jplnt","CRB_CRB","air",0.188
"jplnt","CRB_CRB","arf",0.188
"jplnt","CRI_CRI","air",0.202
"jplnt","CRI_CRI","arf",0.202
"jplnt","CUB_CUB","air",0.202
"jplnt","CUB_CUB","arf",0.202
"jplnt","DOM_DOM","air",0.202
"jplnt","DOM_DOM","arf",0.202
"jplnt","EAC_COD","air",0.208
"jplnt","EAC_COD","arf",0.208
"jplnt","EAC_RWA","air",0.266
"jplnt","EAC_RWA","arf",0.266
"jplnt","EAC_TZA","air",0.266
"jplnt","EAC_TZA","arf",0.266
"jplnt","FJI_FJI","air",0.188
"jplnt","FJI_FJI","arf",0.188
"jplnt","GAN_BGD","air",0.238
"jplnt","GAN_BGD","arf",0.238
"jplnt","GSA_GSA","air",0.202
"jplnt","GSA_GSA","arf",0.202
"jplnt","GTM_GTM","air",0.202
"jplnt","GTM_GTM","arf",0.202
"jplnt","HND_HND","air",0.202
"jplnt","HND_HND","arf",0.202
"jplnt","HOA_KEN","air",0.266
"jplnt","HOA_KEN","arf",0.266
"jplnt","HTI_HTI","air",0.202
"jplnt","HTI_HTI","arf",0.202
"jplnt","JAM_JAM","air",0.188
"jplnt","JAM_JAM","arf",0.188
"jplnt","LCB_CAF","air",0.208
"jplnt","LCB_CAF","arf",0.208
"jplnt","LCB_CMR","air",0.208
"jplnt","LCB_CMR","arf",0.208
"jplnt","MEK_MMR","air",0.144
"jplnt","MEK_MMR","arf",0.144
"jplnt","NIC_NIC","air",0.202
"jplnt","NIC_NIC","arf",0.202
"jplnt","NIG_CIV","air",0.208
"jplnt","NIG_CIV","arf",0.208
"jplnt","NIG_CMR","air",0.208
"jplnt","NIG_CMR","arf",0.208
"jplnt","NIG_GIN","air",0.208
"jplnt","NIG_GIN","arf",0.208
"jplnt","NLL_UGA","air",0.266
"jplnt","NLL_UGA","arf",0.266
"jplnt","NWS_COL","air",0.188
"jplnt","NWS_COL","arf",0.188
"jplnt","NWS_ECU","air",0.202
"jplnt","NWS_ECU","arf",0.202
"jplnt","OAO_OAO","air",0.188
"jplnt","OAO_OAO","arf",0.188
"jplnt","OPO_OPO","air",0.188
"jplnt","OPO_OPO","arf",0.188
"jplnt","ORI_COL","air",0.188
"jplnt","ORI_COL","arf",0.188
"jplnt","ORI_VEN","air",0.202
"jplnt","ORI_VEN","arf",0.202
"jplnt","PAN_PAN","air",0.202
"jplnt","PAN_PAN","arf",0.202
"jplnt","PAR_BOL","air",0.202
"jplnt","PAR_BOL","arf",0.202
"jplnt","PHI_PHL","air",0.158
"jplnt","PHI_PHL","arf",0.158
"jplnt","RVE_VEN","air",0.202
"jplnt","RVE_VEN","arf",0.202
"jplnt","SAF_TZA","air",0.266
"jplnt","SAF_TZA","arf",0.266
"jplnt","SEN_GIN","air",0.208
"jplnt","SEN_GIN","arf",0.208
"jplnt","SLV_SLV","air",0.202
"jplnt","SLV_SLV","arf",0.202
"jplnt","SRL_LKA","air",0.202
"jplnt","SRL_LKA","arf",0.202
"jplnt","TMM_BGD","air",0.238
"jplnt","TMM_BGD","arf",0.238
"jplnt","TMM_MMR","air",0.144
"jplnt","TMM_MMR","arf",0.144
"jplnt","VOT_CIV","air",0.208
"jplnt","VOT_CIV","arf",0.208
"jplnt","VOT_GHA","air",0.208
"jplnt","VOT_GHA","arf",0.208
"jplnt","WAC_CIV","air",0.208
"jplnt","WAC_CIV","arf",0.208
"jplnt","WAC_GIN","air",0.208
"jplnt","WAC_GIN","arf",0.208
"jplnt","WAC_GNB","air",0.208
"jplnt","WAC_GNB","arf",0.208
"jplnt","WAC_LBR","air",0.208
"jplnt","WAC_LBR","arf",0.208
"jplnt","WAC_SLE","air",0.208
"jplnt","WAC_SLE","arf",0.208
"jplnt","ZAM_COD","air",0.208
"jplnt","ZAM_COD","arf",0.208
"jplnt","ZAM_MWI","air",0.274
"jplnt","ZAM_MWI","arf",0.274
"jplnt","ZAM_TZA","air",0.266
"jplnt","ZAM_TZA","arf",0.266
"jsubf","ALB_ALB","air",0.152
"jsubf","ALB_ALB","arf",0.152
"jsubf","ALK_USA","air",0.144
"jsubf","ALK_USA","arf",0.144
"jsubf","AMA_BOL","air",0.202
"jsubf","AMA_BOL","arf",0.202
"jsubf","AMA_BRA","air",0.18
"jsubf","AMA_BRA","arf",0.18
"jsubf","AMA_COL","air",0.188
"jsubf","AMA_COL","arf",0.188
"jsubf","AMA_ECU","air",0.202
"jsubf","AMA_ECU","arf",0.202
"jsubf","AMA_PER","air",0.202
"jsubf","AMA_PER","arf",0.202
"jsubf","AMD_AFG","air",0.202
"jsubf","AMD_AFG","arf",0.202
"jsubf","AMD_TJK","air",0.194
"jsubf","AMD_TJK","arf",0.194
"jsubf","AMD_UZB","air",0.194
"jsubf","AMD_UZB","arf",0.194
"jsubf","AMR_CHM","air",0.194
"jsubf","AMR_CHM","arf",0.194
"jsubf","ARA_IRQ","air",0.152
"jsubf","ARA_IRQ","arf",0.152
"jsubf","ARK_USA","air",0.144
"jsubf","ARK_USA","arf",0.144
"jsubf","AZE_AZE","air",0.136
"jsubf","AZE_AZE","arf",0.136
"jsubf","BLA_TUR","air",0.166
"jsubf","BLA_TUR","arf",0.166
"jsubf","BLZ_BLZ","air",0.202
"jsubf","BLZ_BLZ","arf",0.202
"jsubf","BOR_IDN","air",0.144
"jsubf","BOR_IDN","arf",0.144
"jsubf","BOR_MYS","air",0.116
"jsubf","BOR_MYS","arf",0.116
"jsubf","BRT_BGD","air",0.238
"jsubf","BRT_BGD","arf",0.238
"jsubf","BRT_BTN","air",0.202
"jsubf","BRT_BTN","arf",0.202
"jsubf","BRT_CHM","air",0.194
"jsubf","BRT_CHM","arf",0.194
"jsubf","BRT_IND","air",0.224
"jsubf","BRT_IND","arf",0.224
"jsubf","CAF_AGO","air",0.274
"jsubf","CAF_AGO","arf",0.274
"jsubf","CAF_CAF","air",0.208
"jsubf","CAF_CAF","arf",0.208
"jsubf","CAF_CMR","air",0.208
"jsubf","CAF_CMR","arf",0.208
"jsubf","CAF_COG","air",0.208
"jsubf","CAF_COG","arf",0.208
"jsubf","CAF_GAB","air",0.208
"jsubf","CAF_GAB","arf",0.208
"jsubf","CAF_NAM","air",0.274
"jsubf","CAF_NAM","arf",0.274
"jsubf","CAL_USA","air",0.144
"jsubf","CAL_USA","arf",0.144
"jsubf","CAU_AUS","air",0.122
"jsubf","CAU_AUS","arf",0.122
"jsubf","CAV_IND","air",0.224
"jsubf","CAV_IND","arf",0.224
"jsubf","CHC_CHL","air",0.202
"jsubf","CHC_CHL","arf",0.202
"jsubf","CHJ_CHM","air",0.194
"jsubf","CHJ_CHM","arf",0.194
"jsubf","CHO_IND","air",0.224
"jsubf","CHO_IND","arf",0.224
"jsubf","CHU_KAZ","air",0.194
"jsubf","CHU_KAZ","arf",0.194
"jsubf","COB_USA","air",0.144
"jsubf","COB_USA","arf",0.144
"jsubf","COL_USA","air",0.144
"jsubf","COL_USA","arf",0.144
"jsubf","CON_AGO","air",0.274
"jsubf","CON_AGO","arf",0.274
"jsubf","CON_CAF","air",0.208
"jsubf","CON_CAF","arf",0.208
"jsubf","CON_COD","air",0.208
"jsubf","CON_COD","arf",0.208
"jsubf","CON_COG","air",0.208
"jsubf","CON_COG","arf",0.208
"jsubf","CRB_CRB","air",0.188
"jsubf","CRB_CRB","arf",0.188
"jsubf","CRI_CRI","air",0.202
"jsubf","CRI_CRI","arf",0.202
"jsubf","CUB_CUB","air",0.202
"jsubf","CUB_CUB","arf",0.202
"jsubf","DAN_BGR","air",0.152
"jsubf","DAN_BGR","arf",0.152
"jsubf","DAN_HRV","air",0.152
"jsubf","DAN_HRV","arf",0.152
"jsubf","DAN_HUN","air",0.152
"jsubf","DAN_HUN","arf",0.152
"jsubf","DAN_OBN","air",0.152
"jsubf","DAN_OBN","arf",0.152
"jsubf","DAN_TUR","air",0.166
"jsubf","DAN_TUR","arf",0.166
"jsubf","DOM_DOM","air",0.202
"jsubf","DOM_DOM","arf",0.202
"jsubf","EAC_COD","air",0.208
"jsubf","EAC_COD","arf",0.208
"jsubf","EAC_RWA","air",0.266
"jsubf","EAC_RWA","arf",0.266
"jsubf","EAC_TZA","air",0.266
"jsubf","EAC_TZA","arf",0.266
"jsubf","EAU_AUS","air",0.122
"jsubf","EAU_AUS","arf",0.122
"jsubf","EGH_IND","air",0.224
"jsubf","EGH_IND","arf",0.224
"jsubf","EME_CYP","air",0.152
"jsubf","EME_CYP","arf",0.152
"jsubf","EME_EGY","air",0.202
"jsubf","EME_EGY","arf",0.202
"jsubf","EME_ISR","air",0.172
"jsubf","EME_ISR","arf",0.172
"jsubf","EME_JOR","air",0.152
"jsubf","EME_JOR","arf",0.152
"jsubf","EME_LBN","air",0.152
"jsubf","EME_LBN","arf",0.152
"jsubf","EME_SYR","air",0.152
"jsubf","EME_SYR","arf",0.152
"jsubf","EME_TUR","air",0.166
"jsubf","EME_TUR","arf",0.166
"jsubf","FJI_FJI","air",0.188
"jsubf","FJI_FJI","arf",0.188
"jsubf","GAN_BGD","air",0.238
"jsubf","GAN_BGD","arf",0.238
"jsubf","GAN_CHM","air",0.194
"jsubf","GAN_CHM","arf",0.194
"jsubf","GAN_IND","air",0.224
"jsubf","GAN_IND","arf",0.224
"jsubf","GAN_NPL","air",0.202
"jsubf","GAN_NPL","arf",0.202
"jsubf","GBA_USA","air",0.144
"jsubf","GBA_USA","arf",0.144
"jsubf","GEO_GEO","air",0.136
"jsubf","GEO_GEO","arf",0.136
"jsubf","GLA_USA","air",0.144
"jsubf","GLA_USA","arf",0.144
"jsubf","GOD_IND","air",0.224
"jsubf","GOD_IND","arf",0.224
"jsubf","GRC_GRC","air",0.152
"jsubf","GRC_GRC","arf",0.152
"jsubf","GSA_GSA","air",0.202
"jsubf","GSA_GSA","arf",0.202
"jsubf","GTM_GTM","air",0.202
"jsubf","GTM_GTM","arf",0.202
"jsubf","HAI_CHM","air",0.194
"jsubf","HAI_CHM","arf",0.194
"jsubf","HND_HND","air",0.202
"jsubf","HND_HND","arf",0.202
"jsubf","HOA_ETH","air",0.216
"jsubf","HOA_ETH","arf",0.216
"jsubf","HOA_KEN","air",0.266
"jsubf","HOA_KEN","arf",0.266
"jsubf","HOA_SOM","air",0.216
"jsubf","HOA_SOM","arf",0.216
"jsubf","HTI_HTI","air",0.202
"jsubf","HTI_HTI","arf",0.202
"jsubf","HUA_CHM","air",0.194
"jsubf","HUA_CHM","arf",0.194
"jsubf","HUN_CHM","air",0.194
"jsubf","HUN_CHM","arf",0.194
"jsubf","HWI_USA","air",0.144
"jsubf","HWI_USA","arf",0.144
"jsubf","IEC_IND","air",0.224
"jsubf","IEC_IND","arf",0.224
"jsubf","IND_CHM","air",0.194
"jsubf","IND_CHM","arf",0.194
"jsubf","IND_IND","air",0.224
"jsubf","IND_IND","arf",0.224
"jsubf","IND_PAK","air",0.188
"jsubf","IND_PAK","arf",0.188
"jsubf","INE_IDN","air",0.144
"jsubf","INE_IDN","arf",0.144
"jsubf","INW_IDN","air",0.144
"jsubf","INW_IDN","arf",0.144
"jsubf","ITA_ITP","air",0.13
"jsubf","ITA_ITP","arf",0.13
"jsubf","JAM_JAM","air",0.188
"jsubf","JAM_JAM","arf",0.188
"jsubf","JAP_JPN","air",0.13
"jsubf","JAP_JPN","arf",0.13
"jsubf","KAL_BWA","air",0.274
"jsubf","KAL_BWA","arf",0.274
"jsubf","KAL_NAM","air",0.274
"jsubf","KAL_NAM","arf",0.274
"jsubf","KAL_ZAF","air",0.172
"jsubf","KAL_ZAF","arf",0.172
"jsubf","KRI_IND","air",0.224
"jsubf","KRI_IND","arf",0.224
"jsubf","LAJ_CHM","air",0.194
"jsubf","LAJ_CHM","arf",0.194
"jsubf","LBA_KAZ","air",0.194
"jsubf","LBA_KAZ","arf",0.194
"jsubf","LBO_FRP","air",0.13
"jsubf","LBO_FRP","arf",0.13
"jsubf","LCB_CAF","air",0.208
"jsubf","LCB_CAF","arf",0.208
"jsubf","LCB_CMR","air",0.208
"jsubf","LCB_CMR","arf",0.208
"jsubf","LCB_NER","air",0.216
"jsubf","LCB_NER","arf",0.216
"jsubf","LCB_NGA","air",0.172
"jsubf","LCB_NGA","arf",0.172
"jsubf","LCB_TCD","air",0.216
"jsubf","LCB_TCD","arf",0.216
"jsubf","LIM_BWA","air",0.274
"jsubf","LIM_BWA","arf",0.274
"jsubf","LIM_MOZ","air",0.274
"jsubf","LIM_MOZ","arf",0.274
"jsubf","LIM_ZAF","air",0.172
"jsubf","LIM_ZAF","arf",0.172
"jsubf","LIM_ZWE","air",0.274
"jsubf","LIM_ZWE","arf",0.274
"jsubf","LMO_CHM","air",0.194
"jsubf","LMO_CHM","arf",0.194
"jsubf","LTZ_KAZ","air",0.194
"jsubf","LTZ_KAZ","arf",0.194
"jsubf","LUN_IND","air",0.224
"jsubf","LUN_IND","arf",0.224
"jsubf","MAD_MDG","air",0.274
"jsubf","MAD_MDG","arf",0.274
"jsubf","MAT_IND","air",0.224
"jsubf","MAT_IND","arf",0.224
"jsubf","MAU_AUS","air",0.122
"jsubf","MAU_AUS","arf",0.122
"jsubf","MEK_KHM","air",0.152
"jsubf","MEK_KHM","arf",0.152
"jsubf","MEK_LAO","air",0.152
"jsubf","MEK_LAO","arf",0.152
"jsubf","MEK_MMR","air",0.144
"jsubf","MEK_MMR","arf",0.144
"jsubf","MEK_THA","air",0.166
"jsubf","MEK_THA","arf",0.166
"jsubf","MEK_VNM","air",0.172
"jsubf","MEK_VNM","arf",0.172
"jsubf","MHN_IND","air",0.224
"jsubf","MHN_IND","arf",0.224
"jsubf","MIM_MEX","air",0.202
"jsubf","MIM_MEX","arf",0.202
"jsubf","MIS_USA","air",0.144
"jsubf","MIS_USA","arf",0.144
"jsubf","MOU_USA","air",0.144
"jsubf","MOU_USA","arf",0.144
"jsubf","NAC_DZA","air",0.152
"jsubf","NAC_DZA","arf",0.152
"jsubf","NAC_EGY","air",0.202
"jsubf","NAC_EGY","arf",0.202
"jsubf","NAC_LBY","air",0.152
"jsubf","NAC_LBY","arf",0.152
"jsubf","NAC_TUN","air",0.152
"jsubf","NAC_TUN","arf",0.152
"jsubf","NEB_BRA","air",0.18
"jsubf","NEB_BRA","arf",0.18
"jsubf","NIC_NIC","air",0.202
"jsubf","NIC_NIC","arf",0.202
"jsubf","NIG_BEN","air",0.208
"jsubf","NIG_BEN","arf",0.208
"jsubf","NIG_BFA","air",0.216
"jsubf","NIG_BFA","arf",0.216
"jsubf","NIG_CIV","air",0.208
"jsubf","NIG_CIV","arf",0.208
"jsubf","NIG_CMR","air",0.208
"jsubf","NIG_CMR","arf",0.208
"jsubf","NIG_GIN","air",0.208
"jsubf","NIG_GIN","arf",0.208
"jsubf","NIG_MLI","air",0.216
"jsubf","NIG_MLI","arf",0.216
"jsubf","NIG_NER","air",0.216
"jsubf","NIG_NER","arf",0.216
"jsubf","NIG_NGA","air",0.172
"jsubf","NIG_NGA","arf",0.172
"jsubf","NIG_TCD","air",0.216
"jsubf","NIG_TCD","arf",0.216
"jsubf","NLL_DJI","air",0.266
"jsubf","NLL_DJI","arf",0.266
"jsubf","NLL_EGY","air",0.202
"jsubf","NLL_EGY","arf",0.202
"jsubf","NLL_ETH","air",0.216
"jsubf","NLL_ETH","arf",0.216
"jsubf","NLL_SDN","air",0.216
"jsubf","NLL_SDN","arf",0.216
"jsubf","NLL_UGA","air",0.266
"jsubf","NLL_UGA","arf",0.266
"jsubf","NWA_MOR","air",0.152
"jsubf","NWA_MOR","arf",0.152
"jsubf","NWA_MRT","air",0.216
"jsubf","NWA_MRT","arf",0.216
"jsubf","NWS_COL","air",0.188
"jsubf","NWS_COL","arf",0.188
"jsubf","NWS_ECU","air",0.202
"jsubf","NWS_ECU","arf",0.202
"jsubf","NZE_NZL","air",0.172
"jsubf","NZE_NZL","arf",0.172
"jsubf","OBB_CHM","air",0.194
"jsubf","OBB_CHM","arf",0.194
"jsubf","OBB_KAZ","air",0.194
"jsubf","OBB_KAZ","arf",0.194
"jsubf","OHI_USA","air",0.144
"jsubf","OHI_USA","arf",0.144
"jsubf","OIO_OIO","air",0.188
"jsubf","OIO_OIO","arf",0.188
"jsubf","OPO_OPO","air",0.188
"jsubf","OPO_OPO","arf",0.188
"jsubf","ORA_NAM","air",0.274
"jsubf","ORA_NAM","arf",0.274
"jsubf","ORA_ZAF","air",0.172
"jsubf","ORA_ZAF","arf",0.172
"jsubf","ORI_COL","air",0.188
"jsubf","ORI_COL","arf",0.188
"jsubf","ORI_VEN","air",0.202
"jsubf","ORI_VEN","arf",0.202
"jsubf","PAN_PAN","air",0.202
"jsubf","PAN_PAN","arf",0.202
"jsubf","PAO_PNG","air",0.188
"jsubf","PAO_PNG","arf",0.188
"jsubf","PAR_ARG","air",0.108
"jsubf","PAR_ARG","arf",0.108
"jsubf","PAR_BOL","air",0.202
"jsubf","PAR_BOL","arf",0.202
"jsubf","PAR_BRA","air",0.18
"jsubf","PAR_BRA","arf",0.18
"jsubf","PAR_PRY","air",0.202
"jsubf","PAR_PRY","arf",0.202
"jsubf","PEC_PER","air",0.202
"jsubf","PEC_PER","arf",0.202
"jsubf","PHI_PHL","air",0.158
"jsubf","PHI_PHL","arf",0.158
"jsubf","PRT_PRT","air",0.13
"jsubf","PRT_PRT","arf",0.13
"jsubf","RAP_RAP","air",0.152
"jsubf","RAP_RAP","arf",0.152
"jsubf","RHI_CHP","air",0.13
"jsubf","RHI_CHP","arf",0.13
"jsubf","RHI_FRP","air",0.13
"jsubf","RHI_FRP","arf",0.13
"jsubf","RHO_FRP","air",0.13
"jsubf","RHO_FRP","arf",0.13
"jsubf","RIC_ARG","air",0.108
"jsubf","RIC_ARG","arf",0.108
"jsubf","RIG_MEX","air",0.202
"jsubf","RIG_MEX","arf",0.202
"jsubf","RIG_USA","air",0.144
"jsubf","RIG_USA","arf",0.144
"jsubf","RVE_VEN","air",0.202
"jsubf","RVE_VEN","arf",0.202
"jsubf","RVN_VNM","air",0.172
"jsubf","RVN_VNM","arf",0.172
"jsubf","RWI_USA","air",0.144
"jsubf","RWI_USA","arf",0.144
"jsubf","SAC_SWZ","air",0.274
"jsubf","SAC_SWZ","arf",0.274
"jsubf","SAC_ZAF","air",0.172
"jsubf","SAC_ZAF","arf",0.172
"jsubf","SAF_MOZ","air",0.274
"jsubf","SAF_MOZ","arf",0.274
"jsubf","SAF_TZA","air",0.266
"jsubf","SAF_TZA","arf",0.266
"jsubf","SAF_ZWE","air",0.274
"jsubf","SAF_ZWE","arf",0.274
"jsubf","SAH_DZA","air",0.152
"jsubf","SAH_DZA","arf",0.152
"jsubf","SAH_EGY","air",0.202
"jsubf","SAH_EGY","arf",0.202
"jsubf","SAH_LBY","air",0.152
"jsubf","SAH_LBY","arf",0.152
"jsubf","SAH_MLI","air",0.216
"jsubf","SAH_MLI","arf",0.216
"jsubf","SAH_MOR","air",0.152
"jsubf","SAH_MOR","arf",0.152
"jsubf","SAH_MRT","air",0.216
"jsubf","SAH_MRT","arf",0.216
"jsubf","SAH_NER","air",0.216
"jsubf","SAH_NER","arf",0.216
"jsubf","SAH_SDN","air",0.216
"jsubf","SAH_SDN","arf",0.216
"jsubf","SAH_TCD","air",0.216
"jsubf","SAH_TCD","arf",0.216
"jsubf","SAL_ARG","air",0.108
"jsubf","SAL_ARG","arf",0.108
"jsubf","SAN_BRA","air",0.18
"jsubf","SAN_BRA","arf",0.18
"jsubf","SAU_SAU","air",0.152
"jsubf","SAU_SAU","arf",0.152
"jsubf","SAY_IND","air",0.224
"jsubf","SAY_IND","arf",0.224
"jsubf","SEI_FRP","air",0.13
"jsubf","SEI_FRP","arf",0.13
"jsubf","SEN_GIN","air",0.208
"jsubf","SEN_GIN","arf",0.208
"jsubf","SEN_MLI","air",0.216
"jsubf","SEN_MLI","arf",0.216
"jsubf","SEN_MRT","air",0.216
"jsubf","SEN_MRT","arf",0.216
"jsubf","SEN_SEN","air",0.208
"jsubf","SEN_SEN","arf",0.208
"jsubf","SEU_USA","air",0.144
"jsubf","SEU_USA","arf",0.144
"jsubf","SKP_KOR","air",0.172
"jsubf","SKP_KOR","arf",0.172
"jsubf","SLV_SLV","air",0.202
"jsubf","SLV_SLV","arf",0.202
"jsubf","SON_CHM","air",0.194
"jsubf","SON_CHM","arf",0.194
"jsubf","SPP_SPP","air",0.13
"jsubf","SPP_SPP","arf",0.13
"jsubf","SRL_LKA","air",0.202
"jsubf","SRL_LKA","arf",0.202
"jsubf","SYD_KAZ","air",0.194
"jsubf","SYD_KAZ","arf",0.194
"jsubf","SYD_TJK","air",0.194
"jsubf","SYD_TJK","arf",0.194
"jsubf","SYD_UZB","air",0.194
"jsubf","SYD_UZB","arf",0.194
"jsubf","TIE_ARG","air",0.108
"jsubf","TIE_ARG","arf",0.108
"jsubf","TIG_IRN","air",0.152
"jsubf","TIG_IRN","arf",0.152
"jsubf","TIG_IRQ","air",0.152
"jsubf","TIG_IRQ","arf",0.152
"jsubf","TIG_SYR","air",0.152
"jsubf","TIG_SYR","arf",0.152
"jsubf","TIG_TUR","air",0.166
"jsubf","TIG_TUR","arf",0.166
"jsubf","TLS_TLS","air",0.188
"jsubf","TLS_TLS","arf",0.188
"jsubf","TMM_BGD","air",0.238
"jsubf","TMM_BGD","arf",0.238
"jsubf","TMM_MMR","air",0.144
"jsubf","TMM_MMR","arf",0.144
"jsubf","TMM_MYS","air",0.116
"jsubf","TMM_MYS","arf",0.116
"jsubf","TMM_THA","air",0.166
"jsubf","TMM_THA","arf",0.166
"jsubf","TOC_BRA","air",0.18
"jsubf","TOC_BRA","arf",0.18
"jsubf","TWN_CHM","air",0.194
"jsubf","TWN_CHM","arf",0.194
"jsubf","UME_MEX","air",0.202
"jsubf","UME_MEX","arf",0.202
"jsubf","URA_KAZ","air",0.194
"jsubf","URA_KAZ","arf",0.194
"jsubf","URU_BRA","air",0.18
"jsubf","URU_BRA","arf",0.18
"jsubf","URU_URY","air",0.202
"jsubf","URU_URY","arf",0.202
"jsubf","USN_USA","air",0.144
"jsubf","USN_USA","arf",0.144
"jsubf","VOT_BEN","air",0.208
"jsubf","VOT_BEN","arf",0.208
"jsubf","VOT_BFA","air",0.216
"jsubf","VOT_BFA","arf",0.216
"jsubf","VOT_CIV","air",0.208
"jsubf","VOT_CIV","arf",0.208
"jsubf","VOT_GHA","air",0.208
"jsubf","VOT_GHA","arf",0.208
"jsubf","VOT_MLI","air",0.216
"jsubf","VOT_MLI","arf",0.216
"jsubf","VOT_TGO","air",0.208
"jsubf","VOT_TGO","arf",0.208
"jsubf","WAC_CIV","air",0.208
"jsubf","WAC_CIV","arf",0.208
"jsubf","WAC_GIN","air",0.208
"jsubf","WAC_GIN","arf",0.208
"jsubf","WAC_GNB","air",0.208
"jsubf","WAC_GNB","arf",0.208
"jsubf","WAC_LBR","air",0.208
"jsubf","WAC_LBR","arf",0.208
"jsubf","WAC_SEN","air",0.208
"jsubf","WAC_SEN","arf",0.208
"jsubf","WAC_SLE","air",0.208
"jsubf","WAC_SLE","arf",0.208
"jsubf","WAI_AFG","air",0.202
"jsubf","WAI_AFG","arf",0.202
"jsubf","WAI_IRN","air",0.152
"jsubf","WAI_IRN","arf",0.152
"jsubf","WAI_PAK","air",0.188
"jsubf","WAI_PAK","arf",0.188
"jsubf","WAU_AUS","air",0.122
"jsubf","WAU_AUS","arf",0.122
"jsubf","WGM_USA","air",0.144
"jsubf","WGM_USA","arf",0.144
"jsubf","YEM_YEM","air",0.152
"jsubf","YEM_YEM","arf",0.152
"jsubf","YHE_CHM","air",0.194
"jsubf","YHE_CHM","arf",0.194
"jsubf","YRD_CHM","air",0.194
"jsubf","YRD_CHM","arf",0.194
"jsubf","YRD_VNM","air",0.172
"jsubf","YRD_VNM","arf",0.172
"jsubf","YUC_MEX","air",0.202
"jsubf","YUC_MEX","arf",0.202
"jsubf","ZAM_AGO","air",0.274
"jsubf","ZAM_AGO","arf",0.274
"jsubf","ZAM_BWA","air",0.274
"jsubf","ZAM_BWA","arf",0.274
"jsubf","ZAM_COD","air",0.208
"jsubf","ZAM_COD","arf",0.208
"jsubf","ZAM_MOZ","air",0.274
"jsubf","ZAM_MOZ","arf",0.274
"jsubf","ZAM_MWI","air",0.274
"jsubf","ZAM_MWI","arf",0.274
"jsubf","ZAM_NAM","air",0.274
"jsubf","ZAM_NAM","arf",0.274
"jsubf","ZAM_TZA","air",0.266
"jsubf","ZAM_TZA","arf",0.266
"jsubf","ZAM_ZMB","air",0.274
"jsubf","ZAM_ZMB","arf",0.274
"jsubf","ZAM_ZWE","air",0.274
"jsubf","ZAM_ZWE","arf",0.274
"jsubf","ZHJ_CHM","air",0.194
"jsubf","ZHJ_CHM","arf",0.194
"jtemf","ALB_ALB","air",0.126
"jtemf","ALB_ALB","arf",0.126
"jtemf","ALK_USA","air",0.12
"jtemf","ALK_USA","arf",0.12
"jtemf","AMA_BOL","air",0.168
"jtemf","AMA_BOL","arf",0.168
"jtemf","AMA_BRA","air",0.15
"jtemf","AMA_BRA","arf",0.15
"jtemf","AMA_COL","air",0.156
"jtemf","AMA_COL","arf",0.156
"jtemf","AMA_ECU","air",0.168
"jtemf","AMA_ECU","arf",0.168
"jtemf","AMA_PER","air",0.168
"jtemf","AMA_PER","arf",0.168
"jtemf","AMD_AFG","air",0.168
"jtemf","AMD_AFG","arf",0.168
"jtemf","AMD_TJK","air",0.162
"jtemf","AMD_TJK","arf",0.162
"jtemf","AMD_TKM","air",0.162
"jtemf","AMD_TKM","arf",0.162
"jtemf","AMD_UZB","air",0.162
"jtemf","AMD_UZB","arf",0.162
"jtemf","AMR_CHM","air",0.162
"jtemf","AMR_CHM","arf",0.162
"jtemf","AMR_RUS","air",0.114
"jtemf","AMR_RUS","arf",0.114
"jtemf","ARA_IRQ","air",0.126
"jtemf","ARA_IRQ","arf",0.126
"jtemf","ARK_USA","air",0.12
"jtemf","ARK_USA","arf",0.12
"jtemf","ARM_ARM","air",0.114
"jtemf","ARM_ARM","arf",0.114
"jtemf","AZE_AZE","air",0.114
"jtemf","AZE_AZE","arf",0.114
"jtemf","BAL_BLT","air",0.114
"jtemf","BAL_BLT","arf",0.114
"jtemf","BAL_RUS","air",0.114
"jtemf","BAL_RUS","arf",0.114
"jtemf","BLA_RUS","air",0.114
"jtemf","BLA_RUS","arf",0.114
"jtemf","BLA_TUR","air",0.138
"jtemf","BLA_TUR","arf",0.138
"jtemf","BLA_UKR","air",0.114
"jtemf","BLA_UKR","arf",0.114
"jtemf","BRT_BTN","air",0.168
"jtemf","BRT_BTN","arf",0.168
"jtemf","BRT_CHM","air",0.162
"jtemf","BRT_CHM","arf",0.162
"jtemf","BRT_IND","air",0.186
"jtemf","BRT_IND","arf",0.186
"jtemf","CAF_NAM","air",0.228
"jtemf","CAF_NAM","arf",0.228
"jtemf","CAL_USA","air",0.12
"jtemf","CAL_USA","arf",0.12
"jtemf","CAN_CAN","air",0.144
"jtemf","CAN_CAN","arf",0.144
"jtemf","CAU_AUS","air",0.102
"jtemf","CAU_AUS","arf",0.102
"jtemf","CAV_IND","air",0.186
"jtemf","CAV_IND","arf",0.186
"jtemf","CHC_CHL","air",0.168
"jtemf","CHC_CHL","arf",0.168
"jtemf","CHJ_CHM","air",0.162
"jtemf","CHJ_CHM","arf",0.162
"jtemf","CHO_IND","air",0.186
"jtemf","CHO_IND","arf",0.186
"jtemf","CHU_KAZ","air",0.162
"jtemf","CHU_KAZ","arf",0.162
"jtemf","CHU_KGZ","air",0.162
"jtemf","CHU_KGZ","arf",0.162
"jtemf","COB_CAN","air",0.144
"jtemf","COB_CAN","arf",0.144
"jtemf","COB_USA","air",0.12
"jtemf","COB_USA","arf",0.12
"jtemf","COL_USA","air",0.12
"jtemf","COL_USA","arf",0.12
"jtemf","CUB_CUB","air",0.168
"jtemf","CUB_CUB","arf",0.168
"jtemf","DAN_AUT","air",0.108
"jtemf","DAN_AUT","arf",0.108
"jtemf","DAN_BGR","air",0.126
"jtemf","DAN_BGR","arf",0.126
"jtemf","DAN_CZE","air",0.126
"jtemf","DAN_CZE","arf",0.126
"jtemf","DAN_DEU","air",0.108
"jtemf","DAN_DEU","arf",0.108
"jtemf","DAN_HRV","air",0.126
"jtemf","DAN_HRV","arf",0.126
"jtemf","DAN_HUN","air",0.126
"jtemf","DAN_HUN","arf",0.126
"jtemf","DAN_MDA","air",0.126
"jtemf","DAN_MDA","arf",0.126
"jtemf","DAN_OBN","air",0.126
"jtemf","DAN_OBN","arf",0.126
"jtemf","DAN_ROU","air",0.126
"jtemf","DAN_ROU","arf",0.126
"jtemf","DAN_SVK","air",0.126
"jtemf","DAN_SVK","arf",0.126
"jtemf","DAN_SVN","air",0.126
"jtemf","DAN_SVN","arf",0.126
"jtemf","DAN_TUR","air",0.138
"jtemf","DAN_TUR","arf",0.138
"jtemf","DAN_UKR","air",0.114
"jtemf","DAN_UKR","arf",0.114
"jtemf","DNI_BLR","air",0.114
"jtemf","DNI_BLR","arf",0.114
"jtemf","DNI_RUS","air",0.114
"jtemf","DNI_RUS","arf",0.114
"jtemf","DNI_UKR","air",0.114
"jtemf","DNI_UKR","arf",0.114
"jtemf","EAC_TZA","air",0.222
"jtemf","EAC_TZA","arf",0.222
"jtemf","EAU_AUS","air",0.102
"jtemf","EAU_AUS","arf",0.102
"jtemf","EGH_IND","air",0.186
"jtemf","EGH_IND","arf",0.186
"jtemf","ELB_DEU","air",0.108
"jtemf","ELB_DEU","arf",0.108
"jtemf","ELB_DNK","air",0.108
"jtemf","ELB_DNK","arf",0.108
"jtemf","EME_CYP","air",0.126
"jtemf","EME_CYP","arf",0.126
"jtemf","EME_EGY","air",0.168
"jtemf","EME_EGY","arf",0.168
"jtemf","EME_ISR","air",0.144
"jtemf","EME_ISR","arf",0.144
"jtemf","EME_JOR","air",0.126
"jtemf","EME_JOR","arf",0.126
"jtemf","EME_LBN","air",0.126
"jtemf","EME_LBN","arf",0.126
"jtemf","EME_SYR","air",0.126
"jtemf","EME_SYR","arf",0.126
"jtemf","EME_TUR","air",0.138
"jtemf","EME_TUR","arf",0.138
"jtemf","FNP_FNP","air",0.108
"jtemf","FNP_FNP","arf",0.108
"jtemf","GAN_CHM","air",0.162
"jtemf","GAN_CHM","arf",0.162
"jtemf","GAN_IND","air",0.186
"jtemf","GAN_IND","arf",0.186
"jtemf","GAN_NPL","air",0.168
"jtemf","GAN_NPL","arf",0.168
"jtemf","GBA_USA","air",0.12
"jtemf","GBA_USA","arf",0.12
"jtemf","GEO_GEO","air",0.114
"jtemf","GEO_GEO","arf",0.114
"jtemf","GLA_CAN","air",0.144
"jtemf","GLA_CAN","arf",0.144
"jtemf","GLA_USA","air",0.12
"jtemf","GLA_USA","arf",0.12
"jtemf","GOD_IND","air",0.186
"jtemf","GOD_IND","arf",0.186
"jtemf","GRC_GRC","air",0.126
"jtemf","GRC_GRC","arf",0.126
"jtemf","GTM_GTM","air",0.168
"jtemf","GTM_GTM","arf",0.168
"jtemf","HAI_CHM","air",0.162
"jtemf","HAI_CHM","arf",0.162
"jtemf","HND_HND","air",0.168
"jtemf","HND_HND","arf",0.168
"jtemf","HOA_ETH","air",0.18
"jtemf","HOA_ETH","arf",0.18
"jtemf","HOA_KEN","air",0.222
"jtemf","HOA_KEN","arf",0.222
"jtemf","HUA_CHM","air",0.162
"jtemf","HUA_CHM","arf",0.162
"jtemf","HUN_CHM","air",0.162
"jtemf","HUN_CHM","arf",0.162
"jtemf","HWI_USA","air",0.12
"jtemf","HWI_USA","arf",0.12
"jtemf","IEC_IND","air",0.186
"jtemf","IEC_IND","arf",0.186
"jtemf","IND_CHM","air",0.162
"jtemf","IND_CHM","arf",0.162
"jtemf","IND_IND","air",0.186
"jtemf","IND_IND","arf",0.186
"jtemf","IND_PAK","air",0.156
"jtemf","IND_PAK","arf",0.156
"jtemf","IRL_IRL","air",0.108
"jtemf","IRL_IRL","arf",0.108
"jtemf","ITA_ITP","air",0.108
"jtemf","ITA_ITP","arf",0.108
"jtemf","JAP_JPN","air",0.108
"jtemf","JAP_JPN","arf",0.108
"jtemf","KAL_NAM","air",0.228
"jtemf","KAL_NAM","arf",0.228
"jtemf","KAL_ZAF","air",0.144
"jtemf","KAL_ZAF","arf",0.144
"jtemf","KRI_IND","air",0.186
"jtemf","KRI_IND","arf",0.186
"jtemf","LAJ_CHM","air",0.162
"jtemf","LAJ_CHM","arf",0.162
"jtemf","LBA_KAZ","air",0.162
"jtemf","LBA_KAZ","arf",0.162
"jtemf","LBO_FRP","air",0.108
"jtemf","LBO_FRP","arf",0.108
"jtemf","LIM_ZAF","air",0.144
"jtemf","LIM_ZAF","arf",0.144
"jtemf","LIM_ZWE","air",0.228
"jtemf","LIM_ZWE","arf",0.228
"jtemf","LMO_CHM","air",0.162
"jtemf","LMO_CHM","arf",0.162
"jtemf","LTZ_KAZ","air",0.162
"jtemf","LTZ_KAZ","arf",0.162
"jtemf","LUN_IND","air",0.186
"jtemf","LUN_IND","arf",0.186
"jtemf","MAD_MDG","air",0.228
"jtemf","MAD_MDG","arf",0.228
"jtemf","MAT_IND","air",0.186
"jtemf","MAT_IND","arf",0.186
"jtemf","MAU_AUS","air",0.102
"jtemf","MAU_AUS","arf",0.102
"jtemf","MCK_CAN","air",0.144
"jtemf","MCK_CAN","arf",0.144
"jtemf","MEK_THA","air",0.138
"jtemf","MEK_THA","arf",0.138
"jtemf","MEK_VNM","air",0.144
"jtemf","MEK_VNM","arf",0.144
"jtemf","MHN_IND","air",0.186
"jtemf","MHN_IND","arf",0.186
"jtemf","MIM_MEX","air",0.168
"jtemf","MIM_MEX","arf",0.168
"jtemf","MIS_USA","air",0.12
"jtemf","MIS_USA","arf",0.12
"jtemf","MOU_USA","air",0.12
"jtemf","MOU_USA","arf",0.12
"jtemf","NAC_DZA","air",0.126
"jtemf","NAC_DZA","arf",0.126
"jtemf","NAC_EGY","air",0.168
"jtemf","NAC_EGY","arf",0.168
"jtemf","NAC_LBY","air",0.126
"jtemf","NAC_LBY","arf",0.126
"jtemf","NAC_TUN","air",0.126
"jtemf","NAC_TUN","arf",0.126
"jtemf","NEB_BRA","air",0.15
"jtemf","NEB_BRA","arf",0.15
"jtemf","NER_RUS","air",0.114
"jtemf","NER_RUS","arf",0.114
"jtemf","NLL_EGY","air",0.168
"jtemf","NLL_EGY","arf",0.168
"jtemf","NLL_ETH","air",0.18
"jtemf","NLL_ETH","arf",0.18
"jtemf","NOR_NOR","air",0.108
"jtemf","NOR_NOR","arf",0.108
"jtemf","NWA_MOR","air",0.126
"jtemf","NWA_MOR","arf",0.126
"jtemf","NWS_COL","air",0.156
"jtemf","NWS_COL","arf",0.156
"jtemf","NWS_ECU","air",0.168
"jtemf","NWS_ECU","arf",0.168
"jtemf","NZE_NZL","air",0.144
"jtemf","NZE_NZL","arf",0.144
"jtemf","OBB_CHM","air",0.162
"jtemf","OBB_CHM","arf",0.162
"jtemf","OBB_KAZ","air",0.162
"jtemf","OBB_KAZ","arf",0.162
"jtemf","OBB_RUS","air",0.114
"jtemf","OBB_RUS","arf",0.114
"jtemf","ODE_DEU","air",0.108
"jtemf","ODE_DEU","arf",0.108
"jtemf","ODE_POL","air",0.126
"jtemf","ODE_POL","arf",0.126
"jtemf","ODE_RUS","air",0.114
"jtemf","ODE_RUS","arf",0.114
"jtemf","OHI_USA","air",0.12
"jtemf","OHI_USA","arf",0.12
"jtemf","ORA_NAM","air",0.228
"jtemf","ORA_NAM","arf",0.228
"jtemf","ORA_ZAF","air",0.144
"jtemf","ORA_ZAF","arf",0.144
"jtemf","ORI_COL","air",0.156
"jtemf","ORI_COL","arf",0.156
"jtemf","ORI_VEN","air",0.168
"jtemf","ORI_VEN","arf",0.168
"jtemf","PAR_ARG","air",0.09
"jtemf","PAR_ARG","arf",0.09
"jtemf","PAR_BOL","air",0.168
"jtemf","PAR_BOL","arf",0.168
"jtemf","PAR_BRA","air",0.15
"jtemf","PAR_BRA","arf",0.15
"jtemf","PAR_PRY","air",0.168
"jtemf","PAR_PRY","arf",0.168
"jtemf","PEC_PER","air",0.168
"jtemf","PEC_PER","arf",0.168
"jtemf","PHI_PHL","air",0.132
"jtemf","PHI_PHL","arf",0.132
"jtemf","PRT_PRT","air",0.108
"jtemf","PRT_PRT","arf",0.108
"jtemf","RAP_RAP","air",0.126
"jtemf","RAP_RAP","arf",0.126
"jtemf","RHI_BLX","air",0.108
"jtemf","RHI_BLX","arf",0.108
"jtemf","RHI_CHP","air",0.108
"jtemf","RHI_CHP","arf",0.108
"jtemf","RHI_DEU","air",0.108
"jtemf","RHI_DEU","arf",0.108
"jtemf","RHI_FRP","air",0.108
"jtemf","RHI_FRP","arf",0.108
"jtemf","RHI_NLD","air",0.108
"jtemf","RHI_NLD","arf",0.108
"jtemf","RHO_FRP","air",0.108
"jtemf","RHO_FRP","arf",0.108
"jtemf","RIC_ARG","air",0.09
"jtemf","RIC_ARG","arf",0.09
"jtemf","RIG_MEX","air",0.168
"jtemf","RIG_MEX","arf",0.168
"jtemf","RIG_USA","air",0.12
"jtemf","RIG_USA","arf",0.12
"jtemf","RRS_RUS","air",0.114
"jtemf","RRS_RUS","arf",0.114
"jtemf","RVE_VEN","air",0.168
"jtemf","RVE_VEN","arf",0.168
"jtemf","RVN_VNM","air",0.144
"jtemf","RVN_VNM","arf",0.144
"jtemf","RWI_CAN","air",0.144
"jtemf","RWI_CAN","arf",0.144
"jtemf","RWI_USA","air",0.12
"jtemf","RWI_USA","arf",0.12
"jtemf","SAC_ZAF","air",0.144
"jtemf","SAC_ZAF","arf",0.144
"jtemf","SAF_TZA","air",0.222
"jtemf","SAF_TZA","arf",0.222
"jtemf","SAF_ZWE","air",0.228
"jtemf","SAF_ZWE","arf",0.228
"jtemf","SAH_DZA","air",0.126
"jtemf","SAH_DZA","arf",0.126
"jtemf","SAH_EGY","air",0.168
"jtemf","SAH_EGY","arf",0.168
"jtemf","SAH_LBY","air",0.126
"jtemf","SAH_LBY","arf",0.126
"jtemf","SAH_MOR","air",0.126
"jtemf","SAH_MOR","arf",0.126
"jtemf","SAL_ARG","air",0.09
"jtemf","SAL_ARG","arf",0.09
"jtemf","SAN_BRA","air",0.15
"jtemf","SAN_BRA","arf",0.15
"jtemf","SAU_SAU","air",0.126
"jtemf","SAU_SAU","arf",0.126
"jtemf","SAY_IND","air",0.186
"jtemf","SAY_IND","arf",0.186
"jtemf","SEI_FRP","air",0.108
"jtemf","SEI_FRP","arf",0.108
"jtemf","SEU_USA","air",0.12
"jtemf","SEU_USA","arf",0.12
"jtemf","SKP_KOR","air",0.144
"jtemf","SKP_KOR","arf",0.144
"jtemf","SLV_SLV","air",0.168
"jtemf","SLV_SLV","arf",0.168
"jtemf","SON_CHM","air",0.162
"jtemf","SON_CHM","arf",0.162
"jtemf","SPP_SPP","air",0.108
"jtemf","SPP_SPP","arf",0.108
"jtemf","SWE_SWE","air",0.108
"jtemf","SWE_SWE","arf",0.108
"jtemf","SYD_KAZ","air",0.162
"jtemf","SYD_KAZ","arf",0.162
"jtemf","SYD_KGZ","air",0.162
"jtemf","SYD_KGZ","arf",0.162
"jtemf","SYD_TJK","air",0.162
"jtemf","SYD_TJK","arf",0.162
"jtemf","SYD_UZB","air",0.162
"jtemf","SYD_UZB","arf",0.162
"jtemf","TIE_ARG","air",0.09
"jtemf","TIE_ARG","arf",0.09
"jtemf","TIG_IRN","air",0.126
"jtemf","TIG_IRN","arf",0.126
"jtemf","TIG_IRQ","air",0.126
"jtemf","TIG_IRQ","arf",0.126
"jtemf","TIG_SYR","air",0.126
"jtemf","TIG_SYR","arf",0.126
"jtemf","TIG_TUR","air",0.138
"jtemf","TIG_TUR","arf",0.138
"jtemf","TMM_THA","air",0.138
"jtemf","TMM_THA","arf",0.138
"jtemf","TOC_BRA","air",0.15
"jtemf","TOC_BRA","arf",0.15
"jtemf","TWN_CHM","air",0.162
"jtemf","TWN_CHM","arf",0.162
"jtemf","UKP_UKP","air",0.108
"jtemf","UKP_UKP","arf",0.108
"jtemf","UME_MEX","air",0.168
"jtemf","UME_MEX","arf",0.168
"jtemf","UMO_RUS","air",0.114
"jtemf","UMO_RUS","arf",0.114
"jtemf","URA_KAZ","air",0.162
"jtemf","URA_KAZ","arf",0.162
"jtemf","URA_RUS","air",0.114
"jtemf","URA_RUS","arf",0.114
"jtemf","URA_TKM","air",0.162
"jtemf","URA_TKM","arf",0.162
"jtemf","URU_BRA","air",0.15
"jtemf","URU_BRA","arf",0.15
"jtemf","URU_URY","air",0.168
"jtemf","URU_URY","arf",0.168
"jtemf","USN_USA","air",0.12
"jtemf","USN_USA","arf",0.12
"jtemf","VOG_RUS","air",0.114
"jtemf","VOG_RUS","arf",0.114
"jtemf","WAI_AFG","air",0.168
"jtemf","WAI_AFG","arf",0.168
"jtemf","WAI_IRN","air",0.126
"jtemf","WAI_IRN","arf",0.126
"jtemf","WAI_PAK","air",0.156
"jtemf","WAI_PAK","arf",0.156
"jtemf","WAI_TKM","air",0.162
"jtemf","WAI_TKM","arf",0.162
"jtemf","WAU_AUS","air",0.102
"jtemf","WAU_AUS","arf",0.102
"jtemf","WGM_USA","air",0.12
"jtemf","WGM_USA","arf",0.12
"jtemf","YEM_YEM","air",0.126
"jtemf","YEM_YEM","arf",0.126
"jtemf","YEN_RUS","air",0.114
"jtemf","YEN_RUS","arf",0.114
"jtemf","YHE_CHM","air",0.162
"jtemf","YHE_CHM","arf",0.162
"jtemf","YRD_CHM","air",0.162
"jtemf","YRD_CHM","arf",0.162
"jtemf","YRD_VNM","air",0.144
"jtemf","YRD_VNM","arf",0.144
"jtemf","YUC_MEX","air",0.168
"jtemf","YUC_MEX","arf",0.168
"jtemf","ZAM_MWI","air",0.228
"jtemf","ZAM_MWI","arf",0.228
"jtemf","ZAM_NAM","air",0.228
"jtemf","ZAM_NAM","arf",0.228
"jtemf","ZAM_TZA","air",0.222
"jtemf","ZAM_TZA","arf",0.222
"jtemf","ZAM_ZWE","air",0.228
"jtemf","ZAM_ZWE","arf",0.228
"jtemf","ZHJ_CHM","air",0.162
"jtemf","ZHJ_CHM","arf",0.162
"jvege","ALB_ALB","air",0.176
"jvege","ALB_ALB","arf",0.176
"jvege","ALK_USA","air",0.168
"jvege","ALK_USA","arf",0.168
"jvege","AMA_BOL","air",0.236
"jvege","AMA_BOL","arf",0.236
"jvege","AMA_BRA","air",0.21
"jvege","AMA_BRA","arf",0.21
"jvege","AMA_COL","air",0.218
"jvege","AMA_COL","arf",0.218
"jvege","AMA_ECU","air",0.236
"jvege","AMA_ECU","arf",0.236
"jvege","AMA_PER","air",0.236
"jvege","AMA_PER","arf",0.236
"jvege","AMD_AFG","air",0.236
"jvege","AMD_AFG","arf",0.236
"jvege","AMD_TJK","air",0.226
"jvege","AMD_TJK","arf",0.226
"jvege","AMD_TKM","air",0.226
"jvege","AMD_TKM","arf",0.226
"jvege","AMD_UZB","air",0.226
"jvege","AMD_UZB","arf",0.226
"jvege","AMR_CHM","air",0.452
"jvege","AMR_CHM","arf",0.452
"jvege","AMR_RUS","air",0.16
"jvege","AMR_RUS","arf",0.16
"jvege","ARA_IRQ","air",0.176
"jvege","ARA_IRQ","arf",0.176
"jvege","ARK_USA","air",0.168
"jvege","ARK_USA","arf",0.168
"jvege","ARM_ARM","air",0.16
"jvege","ARM_ARM","arf",0.16
"jvege","AZE_AZE","air",0.16
"jvege","AZE_AZE","arf",0.16
"jvege","BAL_BLT","air",0.16
"jvege","BAL_BLT","arf",0.16
"jvege","BAL_RUS","air",0.16
"jvege","BAL_RUS","arf",0.16
"jvege","BLA_RUS","air",0.16
"jvege","BLA_RUS","arf",0.16
"jvege","BLA_TUR","air",0.194
"jvege","BLA_TUR","arf",0.194
"jvege","BLA_UKR","air",0.16
"jvege","BLA_UKR","arf",0.16
"jvege","BLZ_BLZ","air",0.236
"jvege","BLZ_BLZ","arf",0.236
"jvege","BOR_IDN","air",0.168
"jvege","BOR_IDN","arf",0.168
"jvege","BOR_MYS","air",0.134
"jvege","BOR_MYS","arf",0.134
"jvege","BRT_BGD","air",0.278
"jvege","BRT_BGD","arf",0.278
"jvege","BRT_BTN","air",0.236
"jvege","BRT_BTN","arf",0.236
"jvege","BRT_CHM","air",0.452
"jvege","BRT_CHM","arf",0.452
"jvege","BRT_IND","air",0.52
"jvege","BRT_IND","arf",0.52
"jvege","CAF_AGO","air",0.32
"jvege","CAF_AGO","arf",0.32
"jvege","CAF_CAF","air",0.244
"jvege","CAF_CAF","arf",0.244
"jvege","CAF_CMR","air",0.244
"jvege","CAF_CMR","arf",0.244
"jvege","CAF_COG","air",0.244
"jvege","CAF_COG","arf",0.244
"jvege","CAF_GAB","air",0.244
"jvege","CAF_GAB","arf",0.244
"jvege","CAF_NAM","air",0.32
"jvege","CAF_NAM","arf",0.32
"jvege","CAL_USA","air",0.168
"jvege","CAL_USA","arf",0.168
"jvege","CAN_CAN","air",0.202
"jvege","CAN_CAN","arf",0.202
"jvege","CAU_AUS","air",0.142
"jvege","CAU_AUS","arf",0.142
"jvege","CAV_IND","air",0.52
"jvege","CAV_IND","arf",0.52
"jvege","CHC_CHL","air",0.236
"jvege","CHC_CHL","arf",0.236
"jvege","CHJ_CHM","air",0.452
"jvege","CHJ_CHM","arf",0.452
"jvege","CHO_IND","air",0.52
"jvege","CHO_IND","arf",0.52
"jvege","CHU_KAZ","air",0.226
"jvege","CHU_KAZ","arf",0.226
"jvege","CHU_KGZ","air",0.226
"jvege","CHU_KGZ","arf",0.226
"jvege","COB_CAN","air",0.202
"jvege","COB_CAN","arf",0.202
"jvege","COB_USA","air",0.168
"jvege","COB_USA","arf",0.168
"jvege","COL_USA","air",0.168
"jvege","COL_USA","arf",0.168
"jvege","CON_AGO","air",0.32
"jvege","CON_AGO","arf",0.32
"jvege","CON_CAF","air",0.244
"jvege","CON_CAF","arf",0.244
"jvege","CON_COD","air",0.244
"jvege","CON_COD","arf",0.244
"jvege","CON_COG","air",0.244
"jvege","CON_COG","arf",0.244
"jvege","CRB_CRB","air",0.218
"jvege","CRB_CRB","arf",0.218
"jvege","CRI_CRI","air",0.236
"jvege","CRI_CRI","arf",0.236
"jvege","CUB_CUB","air",0.236
"jvege","CUB_CUB","arf",0.236
"jvege","DAN_AUT","air",0.152
"jvege","DAN_AUT","arf",0.152
"jvege","DAN_BGR","air",0.176
"jvege","DAN_BGR","arf",0.176
"jvege","DAN_CZE","air",0.176
"jvege","DAN_CZE","arf",0.176
"jvege","DAN_DEU","air",0.152
"jvege","DAN_DEU","arf",0.152
"jvege","DAN_HRV","air",0.176
"jvege","DAN_HRV","arf",0.176
"jvege","DAN_HUN","air",0.176
"jvege","DAN_HUN","arf",0.176
"jvege","DAN_MDA","air",0.176
"jvege","DAN_MDA","arf",0.176
"jvege","DAN_OBN","air",0.176
"jvege","DAN_OBN","arf",0.176
"jvege","DAN_ROU","air",0.176
"jvege","DAN_ROU","arf",0.176
"jvege","DAN_SVK","air",0.176
"jvege","DAN_SVK","arf",0.176
"jvege","DAN_SVN","air",0.176
"jvege","DAN_SVN","arf",0.176
"jvege","DAN_TUR","air",0.194
"jvege","DAN_TUR","arf",0.194
"jvege","DAN_UKR","air",0.16
"jvege","DAN_UKR","arf",0.16
"jvege","DNI_BLR","air",0.16
"jvege","DNI_BLR","arf",0.16
"jvege","DNI_RUS","air",0.16
"jvege","DNI_RUS","arf",0.16
"jvege","DNI_UKR","air",0.16
"jvege","DNI_UKR","arf",0.16
"jvege","DOM_DOM","air",0.236
"jvege","DOM_DOM","arf",0.236
"jvege","EAC_BDI","air",0.31
"jvege","EAC_BDI","arf",0.31
"jvege","EAC_COD","air",0.244
"jvege","EAC_COD","arf",0.244
"jvege","EAC_RWA","air",0.31
"jvege","EAC_RWA","arf",0.31
"jvege","EAC_TZA","air",0.31
"jvege","EAC_TZA","arf",0.31
"jvege","EAU_AUS","air",0.142
"jvege","EAU_AUS","arf",0.142
"jvege","EGH_IND","air",0.52
"jvege","EGH_IND","arf",0.52
"jvege","ELB_DEU","air",0.152
"jvege","ELB_DEU","arf",0.152
"jvege","ELB_DNK","air",0.152
"jvege","ELB_DNK","arf",0.152
"jvege","EME_CYP","air",0.176
"jvege","EME_CYP","arf",0.176
"jvege","EME_EGY","air",0.472
"jvege","EME_EGY","arf",0.472
"jvege","EME_ISR","air",0.202
"jvege","EME_ISR","arf",0.202
"jvege","EME_JOR","air",0.176
"jvege","EME_JOR","arf",0.176
"jvege","EME_LBN","air",0.176
"jvege","EME_LBN","arf",0.176
"jvege","EME_SYR","air",0.176
"jvege","EME_SYR","arf",0.176
"jvege","EME_TUR","air",0.194
"jvege","EME_TUR","arf",0.194
"jvege","FJI_FJI","air",0.218
"jvege","FJI_FJI","arf",0.218
"jvege","FNP_FNP","air",0.152
"jvege","FNP_FNP","arf",0.152
"jvege","GAN_BGD","air",0.278
"jvege","GAN_BGD","arf",0.278
"jvege","GAN_CHM","air",0.452
"jvege","GAN_CHM","arf",0.452
"jvege","GAN_IND","air",0.52
"jvege","GAN_IND","arf",0.52
"jvege","GAN_NPL","air",0.236
"jvege","GAN_NPL","arf",0.236
"jvege","GBA_USA","air",0.168
"jvege","GBA_USA","arf",0.168
"jvege","GEO_GEO","air",0.16
"jvege","GEO_GEO","arf",0.16
"jvege","GLA_CAN","air",0.202
"jvege","GLA_CAN","arf",0.202
"jvege","GLA_USA","air",0.168
"jvege","GLA_USA","arf",0.168
"jvege","GOD_IND","air",0.52
"jvege","GOD_IND","arf",0.52
"jvege","GRC_GRC","air",0.176
"jvege","GRC_GRC","arf",0.176
"jvege","GSA_GSA","air",0.236
"jvege","GSA_GSA","arf",0.236
"jvege","GTM_GTM","air",0.236
"jvege","GTM_GTM","arf",0.236
"jvege","HAI_CHM","air",0.452
"jvege","HAI_CHM","arf",0.452
"jvege","HND_HND","air",0.236
"jvege","HND_HND","arf",0.236
"jvege","HOA_ETH","air",0.252
"jvege","HOA_ETH","arf",0.252
"jvege","HOA_KEN","air",0.31
"jvege","HOA_KEN","arf",0.31
"jvege","HOA_SOM","air",0.252
"jvege","HOA_SOM","arf",0.252
"jvege","HTI_HTI","air",0.236
"jvege","HTI_HTI","arf",0.236
"jvege","HUA_CHM","air",0.452
"jvege","HUA_CHM","arf",0.452
"jvege","HUN_CHM","air",0.452
"jvege","HUN_CHM","arf",0.452
"jvege","HWI_USA","air",0.168
"jvege","HWI_USA","arf",0.168
"jvege","IEC_IND","air",0.52
"jvege","IEC_IND","arf",0.52
"jvege","IND_CHM","air",0.452
"jvege","IND_CHM","arf",0.452
"jvege","IND_IND","air",0.52
"jvege","IND_IND","arf",0.52
"jvege","IND_PAK","air",0.218
"jvege","IND_PAK","arf",0.218
"jvege","INE_IDN","air",0.168
"jvege","INE_IDN","arf",0.168
"jvege","INW_IDN","air",0.168
"jvege","INW_IDN","arf",0.168
"jvege","IRL_IRL","air",0.152
"jvege","IRL_IRL","arf",0.152
"jvege","ISL_ISL","air",0.152
"jvege","ISL_ISL","arf",0.152
"jvege","ITA_ITP","air",0.152
"jvege","ITA_ITP","arf",0.152
"jvege","JAM_JAM","air",0.218
"jvege","JAM_JAM","arf",0.218
"jvege","JAP_JPN","air",0.152
"jvege","JAP_JPN","arf",0.152
"jvege","KAL_BWA","air",0.32
"jvege","KAL_BWA","arf",0.32
"jvege","KAL_NAM","air",0.32
"jvege","KAL_NAM","arf",0.32
"jvege","KAL_ZAF","air",0.202
"jvege","KAL_ZAF","arf",0.202
"jvege","KRI_IND","air",0.52
"jvege","KRI_IND","arf",0.52
"jvege","LAJ_CHM","air",0.452
"jvege","LAJ_CHM","arf",0.452
"jvege","LBA_KAZ","air",0.226
"jvege","LBA_KAZ","arf",0.226
"jvege","LBO_FRP","air",0.152
"jvege","LBO_FRP","arf",0.152
"jvege","LCB_CAF","air",0.244
"jvege","LCB_CAF","arf",0.244
"jvege","LCB_CMR","air",0.244
"jvege","LCB_CMR","arf",0.244
"jvege","LCB_NER","air",0.252
"jvege","LCB_NER","arf",0.252
"jvege","LCB_NGA","air",0.202
"jvege","LCB_NGA","arf",0.202
"jvege","LCB_TCD","air",0.252
"jvege","LCB_TCD","arf",0.252
"jvege","LIM_BWA","air",0.32
"jvege","LIM_BWA","arf",0.32
"jvege","LIM_MOZ","air",0.32
"jvege","LIM_MOZ","arf",0.32
"jvege","LIM_ZAF","air",0.202
"jvege","LIM_ZAF","arf",0.202
"jvege","LIM_ZWE","air",0.32
"jvege","LIM_ZWE","arf",0.32
"jvege","LMO_CHM","air",0.452
"jvege","LMO_CHM","arf",0.452
"jvege","LMO_MNG","air",0.244
"jvege","LMO_MNG","arf",0.244
"jvege","LTZ_KAZ","air",0.226
"jvege","LTZ_KAZ","arf",0.226
"jvege","LUN_IND","air",0.52
"jvege","LUN_IND","arf",0.52
"jvege","MAD_MDG","air",0.32
"jvege","MAD_MDG","arf",0.32
"jvege","MAT_IND","air",0.52
"jvege","MAT_IND","arf",0.52
"jvege","MAU_AUS","air",0.142
"jvege","MAU_AUS","arf",0.142
"jvege","MCK_CAN","air",0.202
"jvege","MCK_CAN","arf",0.202
"jvege","MEK_KHM","air",0.176
"jvege","MEK_KHM","arf",0.176
"jvege","MEK_LAO","air",0.176
"jvege","MEK_LAO","arf",0.176
"jvege","MEK_MMR","air",0.168
"jvege","MEK_MMR","arf",0.168
"jvege","MEK_THA","air",0.194
"jvege","MEK_THA","arf",0.194
"jvege","MEK_VNM","air",0.202
"jvege","MEK_VNM","arf",0.202
"jvege","MHN_IND","air",0.52
"jvege","MHN_IND","arf",0.52
"jvege","MIM_MEX","air",0.236
"jvege","MIM_MEX","arf",0.236
"jvege","MIS_USA","air",0.168
"jvege","MIS_USA","arf",0.168
"jvege","MOU_USA","air",0.168
"jvege","MOU_USA","arf",0.168
"jvege","NAC_DZA","air",0.176
"jvege","NAC_DZA","arf",0.176
"jvege","NAC_EGY","air",0.472
"jvege","NAC_EGY","arf",0.472
"jvege","NAC_LBY","air",0.176
"jvege","NAC_LBY","arf",0.176
"jvege","NAC_TUN","air",0.176
"jvege","NAC_TUN","arf",0.176
"jvege","NEB_BRA","air",0.21
"jvege","NEB_BRA","arf",0.21
"jvege","NER_RUS","air",0.16
"jvege","NER_RUS","arf",0.16
"jvege","NIC_NIC","air",0.236
"jvege","NIC_NIC","arf",0.236
"jvege","NIG_BEN","air",0.244
"jvege","NIG_BEN","arf",0.244
"jvege","NIG_BFA","air",0.252
"jvege","NIG_BFA","arf",0.252
"jvege","NIG_CIV","air",0.244
"jvege","NIG_CIV","arf",0.244
"jvege","NIG_CMR","air",0.244
"jvege","NIG_CMR","arf",0.244
"jvege","NIG_GIN","air",0.244
"jvege","NIG_GIN","arf",0.244
"jvege","NIG_MLI","air",0.252
"jvege","NIG_MLI","arf",0.252
"jvege","NIG_NER","air",0.252
"jvege","NIG_NER","arf",0.252
"jvege","NIG_NGA","air",0.202
"jvege","NIG_NGA","arf",0.202
"jvege","NIG_TCD","air",0.252
"jvege","NIG_TCD","arf",0.252
"jvege","NLL_DJI","air",0.31
"jvege","NLL_DJI","arf",0.31
"jvege","NLL_EGY","air",0.472
"jvege","NLL_EGY","arf",0.472
"jvege","NLL_ETH","air",0.252
"jvege","NLL_ETH","arf",0.252
"jvege","NLL_SDN","air",0.252
"jvege","NLL_SDN","arf",0.252
"jvege","NLL_UGA","air",0.31
"jvege","NLL_UGA","arf",0.31
"jvege","NOR_NOR","air",0.152
"jvege","NOR_NOR","arf",0.152
"jvege","NWA_MOR","air",0.176
"jvege","NWA_MOR","arf",0.176
"jvege","NWA_MRT","air",0.252
"jvege","NWA_MRT","arf",0.252
"jvege","NWS_COL","air",0.218
"jvege","NWS_COL","arf",0.218
"jvege","NWS_ECU","air",0.236
"jvege","NWS_ECU","arf",0.236
"jvege","NZE_NZL","air",0.202
"jvege","NZE_NZL","arf",0.202
"jvege","OAO_OAO","air",0.218
"jvege","OAO_OAO","arf",0.218
"jvege","OBB_CHM","air",0.452
"jvege","OBB_CHM","arf",0.452
"jvege","OBB_KAZ","air",0.226
"jvege","OBB_KAZ","arf",0.226
"jvege","OBB_RUS","air",0.16
"jvege","OBB_RUS","arf",0.16
"jvege","ODE_DEU","air",0.152
"jvege","ODE_DEU","arf",0.152
"jvege","ODE_POL","air",0.176
"jvege","ODE_POL","arf",0.176
"jvege","ODE_RUS","air",0.16
"jvege","ODE_RUS","arf",0.16
"jvege","OHI_USA","air",0.168
"jvege","OHI_USA","arf",0.168
"jvege","OIO_OIO","air",0.218
"jvege","OIO_OIO","arf",0.218
"jvege","OPO_OPO","air",0.218
"jvege","OPO_OPO","arf",0.218
"jvege","ORA_LSO","air",0.32
"jvege","ORA_LSO","arf",0.32
"jvege","ORA_NAM","air",0.32
"jvege","ORA_NAM","arf",0.32
"jvege","ORA_ZAF","air",0.202
"jvege","ORA_ZAF","arf",0.202
"jvege","ORI_COL","air",0.218
"jvege","ORI_COL","arf",0.218
"jvege","ORI_VEN","air",0.236
"jvege","ORI_VEN","arf",0.236
"jvege","PAN_PAN","air",0.236
"jvege","PAN_PAN","arf",0.236
"jvege","PAO_PNG","air",0.218
"jvege","PAO_PNG","arf",0.218
"jvege","PAR_ARG","air",0.126
"jvege","PAR_ARG","arf",0.126
"jvege","PAR_BOL","air",0.236
"jvege","PAR_BOL","arf",0.236
"jvege","PAR_BRA","air",0.21
"jvege","PAR_BRA","arf",0.21
"jvege","PAR_PRY","air",0.236
"jvege","PAR_PRY","arf",0.236
"jvege","PEC_PER","air",0.236
"jvege","PEC_PER","arf",0.236
"jvege","PHI_PHL","air",0.184
"jvege","PHI_PHL","arf",0.184
"jvege","PRT_PRT","air",0.152
"jvege","PRT_PRT","arf",0.152
"jvege","RAP_RAP","air",0.176
"jvege","RAP_RAP","arf",0.176
"jvege","RHI_BLX","air",0.152
"jvege","RHI_BLX","arf",0.152
"jvege","RHI_CHP","air",0.152
"jvege","RHI_CHP","arf",0.152
"jvege","RHI_DEU","air",0.152
"jvege","RHI_DEU","arf",0.152
"jvege","RHI_FRP","air",0.152
"jvege","RHI_FRP","arf",0.152
"jvege","RHI_NLD","air",0.152
"jvege","RHI_NLD","arf",0.152
"jvege","RHO_FRP","air",0.152
"jvege","RHO_FRP","arf",0.152
"jvege","RIC_ARG","air",0.126
"jvege","RIC_ARG","arf",0.126
"jvege","RIG_MEX","air",0.236
"jvege","RIG_MEX","arf",0.236
"jvege","RIG_USA","air",0.168
"jvege","RIG_USA","arf",0.168
"jvege","RRS_RUS","air",0.16
"jvege","RRS_RUS","arf",0.16
"jvege","RVE_VEN","air",0.236
"jvege","RVE_VEN","arf",0.236
"jvege","RVN_VNM","air",0.202
"jvege","RVN_VNM","arf",0.202
"jvege","RWI_CAN","air",0.202
"jvege","RWI_CAN","arf",0.202
"jvege","RWI_USA","air",0.168
"jvege","RWI_USA","arf",0.168
"jvege","SAC_SWZ","air",0.32
"jvege","SAC_SWZ","arf",0.32
"jvege","SAC_ZAF","air",0.202
"jvege","SAC_ZAF","arf",0.202
"jvege","SAF_MOZ","air",0.32
"jvege","SAF_MOZ","arf",0.32
"jvege","SAF_TZA","air",0.31
"jvege","SAF_TZA","arf",0.31
"jvege","SAF_ZWE","air",0.32
"jvege","SAF_ZWE","arf",0.32
"jvege","SAH_DZA","air",0.176
"jvege","SAH_DZA","arf",0.176
"jvege","SAH_EGY","air",0.472
"jvege","SAH_EGY","arf",0.472
"jvege","SAH_LBY","air",0.176
"jvege","SAH_LBY","arf",0.176
"jvege","SAH_MLI","air",0.252
"jvege","SAH_MLI","arf",0.252
"jvege","SAH_MOR","air",0.176
"jvege","SAH_MOR","arf",0.176
"jvege","SAH_MRT","air",0.252
"jvege","SAH_MRT","arf",0.252
"jvege","SAH_NER","air",0.252
"jvege","SAH_NER","arf",0.252
"jvege","SAH_SDN","air",0.252
"jvege","SAH_SDN","arf",0.252
"jvege","SAH_TCD","air",0.252
"jvege","SAH_TCD","arf",0.252
"jvege","SAL_ARG","air",0.126
"jvege","SAL_ARG","arf",0.126
"jvege","SAN_BRA","air",0.21
"jvege","SAN_BRA","arf",0.21
"jvege","SAU_SAU","air",0.176
"jvege","SAU_SAU","arf",0.176
"jvege","SAY_IND","air",0.52
"jvege","SAY_IND","arf",0.52
"jvege","SEI_FRP","air",0.152
"jvege","SEI_FRP","arf",0.152
"jvege","SEN_GIN","air",0.244
"jvege","SEN_GIN","arf",0.244
"jvege","SEN_MLI","air",0.252
"jvege","SEN_MLI","arf",0.252
"jvege","SEN_MRT","air",0.252
"jvege","SEN_MRT","arf",0.252
"jvege","SEN_SEN","air",0.244
"jvege","SEN_SEN","arf",0.244
"jvege","SEU_USA","air",0.168
"jvege","SEU_USA","arf",0.168
"jvege","SKP_KOR","air",0.202
"jvege","SKP_KOR","arf",0.202
"jvege","SLB_SLB","air",0.218
"jvege","SLB_SLB","arf",0.218
"jvege","SLV_SLV","air",0.236
"jvege","SLV_SLV","arf",0.236
"jvege","SON_CHM","air",0.452
"jvege","SON_CHM","arf",0.452
"jvege","SPP_SPP","air",0.152
"jvege","SPP_SPP","arf",0.152
"jvege","SRL_LKA","air",0.236
"jvege","SRL_LKA","arf",0.236
"jvege","SWE_SWE","air",0.152
"jvege","SWE_SWE","arf",0.152
"jvege","SYD_KAZ","air",0.226
"jvege","SYD_KAZ","arf",0.226
"jvege","SYD_KGZ","air",0.226
"jvege","SYD_KGZ","arf",0.226
"jvege","SYD_TJK","air",0.226
"jvege","SYD_TJK","arf",0.226
"jvege","SYD_UZB","air",0.226
"jvege","SYD_UZB","arf",0.226
"jvege","TIE_ARG","air",0.126
"jvege","TIE_ARG","arf",0.126
"jvege","TIG_IRN","air",0.176
"jvege","TIG_IRN","arf",0.176
"jvege","TIG_IRQ","air",0.176
"jvege","TIG_IRQ","arf",0.176
"jvege","TIG_SYR","air",0.176
"jvege","TIG_SYR","arf",0.176
"jvege","TIG_TUR","air",0.194
"jvege","TIG_TUR","arf",0.194
"jvege","TLS_TLS","air",0.218
"jvege","TLS_TLS","arf",0.218
"jvege","TMM_BGD","air",0.278
"jvege","TMM_BGD","arf",0.278
"jvege","TMM_MMR","air",0.168
"jvege","TMM_MMR","arf",0.168
"jvege","TMM_MYS","air",0.134
"jvege","TMM_MYS","arf",0.134
"jvege","TMM_THA","air",0.194
"jvege","TMM_THA","arf",0.194
"jvege","TOC_BRA","air",0.21
"jvege","TOC_BRA","arf",0.21
"jvege","TWN_CHM","air",0.452
"jvege","TWN_CHM","arf",0.452
"jvege","UKP_UKP","air",0.152
"jvege","UKP_UKP","arf",0.152
"jvege","UME_MEX","air",0.236
"jvege","UME_MEX","arf",0.236
"jvege","UMO_MNG","air",0.244
"jvege","UMO_MNG","arf",0.244
"jvege","UMO_RUS","air",0.16
"jvege","UMO_RUS","arf",0.16
"jvege","URA_KAZ","air",0.226
"jvege","URA_KAZ","arf",0.226
"jvege","URA_RUS","air",0.16
"jvege","URA_RUS","arf",0.16
"jvege","URA_TKM","air",0.226
"jvege","URA_TKM","arf",0.226
"jvege","URU_BRA","air",0.21
"jvege","URU_BRA","arf",0.21
"jvege","URU_URY","air",0.236
"jvege","URU_URY","arf",0.236
"jvege","USN_USA","air",0.168
"jvege","USN_USA","arf",0.168
"jvege","VOG_RUS","air",0.16
"jvege","VOG_RUS","arf",0.16
"jvege","VOT_BEN","air",0.244
"jvege","VOT_BEN","arf",0.244
"jvege","VOT_BFA","air",0.252
"jvege","VOT_BFA","arf",0.252
"jvege","VOT_CIV","air",0.244
"jvege","VOT_CIV","arf",0.244
"jvege","VOT_GHA","air",0.244
"jvege","VOT_GHA","arf",0.244
"jvege","VOT_MLI","air",0.252
"jvege","VOT_MLI","arf",0.252
"jvege","VOT_TGO","air",0.244
"jvege","VOT_TGO","arf",0.244
"jvege","VUT_VUT","air",0.218
"jvege","VUT_VUT","arf",0.218
"jvege","WAC_CIV","air",0.244
"jvege","WAC_CIV","arf",0.244
"jvege","WAC_GIN","air",0.244
"jvege","WAC_GIN","arf",0.244
"jvege","WAC_GMB","air",0.244
"jvege","WAC_GMB","arf",0.244
"jvege","WAC_GNB","air",0.244
"jvege","WAC_GNB","arf",0.244
"jvege","WAC_LBR","air",0.244
"jvege","WAC_LBR","arf",0.244
"jvege","WAC_SEN","air",0.244
"jvege","WAC_SEN","arf",0.244
"jvege","WAC_SLE","air",0.244
"jvege","WAC_SLE","arf",0.244
"jvege","WAI_AFG","air",0.236
"jvege","WAI_AFG","arf",0.236
"jvege","WAI_IRN","air",0.176
"jvege","WAI_IRN","arf",0.176
"jvege","WAI_PAK","air",0.218
"jvege","WAI_PAK","arf",0.218
"jvege","WAI_TKM","air",0.226
"jvege","WAI_TKM","arf",0.226
"jvege","WAU_AUS","air",0.142
"jvege","WAU_AUS","arf",0.142
"jvege","WGM_USA","air",0.168
"jvege","WGM_USA","arf",0.168
"jvege","YEM_YEM","air",0.176
"jvege","YEM_YEM","arf",0.176
"jvege","YEN_RUS","air",0.16
"jvege","YEN_RUS","arf",0.16
"jvege","YHE_CHM","air",0.452
"jvege","YHE_CHM","arf",0.452
"jvege","YRD_CHM","air",0.452
"jvege","YRD_CHM","arf",0.452
"jvege","YRD_VNM","air",0.202
"jvege","YRD_VNM","arf",0.202
"jvege","YUC_MEX","air",0.236
"jvege","YUC_MEX","arf",0.236
"jvege","ZAM_AGO","air",0.32
"jvege","ZAM_AGO","arf",0.32
"jvege","ZAM_BWA","air",0.32
"jvege","ZAM_BWA","arf",0.32
"jvege","ZAM_COD","air",0.244
"jvege","ZAM_COD","arf",0.244
"jvege","ZAM_MOZ","air",0.32
"jvege","ZAM_MOZ","arf",0.32
"jvege","ZAM_MWI","air",0.32
"jvege","ZAM_MWI","arf",0.32
"jvege","ZAM_NAM","air",0.32
"jvege","ZAM_NAM","arf",0.32
"jvege","ZAM_TZA","air",0.31
"jvege","ZAM_TZA","arf",0.31
"jvege","ZAM_ZMB","air",0.32
"jvege","ZAM_ZMB","arf",0.32
"jvege","ZAM_ZWE","air",0.32
"jvege","ZAM_ZWE","arf",0.32
"jvege","ZHJ_CHM","air",0.452
"jvege","ZHJ_CHM","arf",0.452
"jsugc","ALK_USA","air",0.065
"jsugc","ALK_USA","arf",0.065
"jsugc","AMA_BOL","air",0.0905
"jsugc","AMA_BOL","arf",0.0905
"jsugc","AMA_BRA","air",0.081
"jsugc","AMA_BRA","arf",0.081
"jsugc","AMA_COL","air",0.084
"jsugc","AMA_COL","arf",0.084
"jsugc","AMA_ECU","air",0.0905
"jsugc","AMA_ECU","arf",0.0905
"jsugc","AMA_PER","air",0.0905
"jsugc","AMA_PER","arf",0.0905
"jsugc","AMD_AFG","air",0.0905
"jsugc","AMD_AFG","arf",0.0905
"jsugc","AMR_CHM","air",0.0875
"jsugc","AMR_CHM","arf",0.0875
"jsugc","ARK_USA","air",0.065
"jsugc","ARK_USA","arf",0.065
"jsugc","BLZ_BLZ","air",0.0905
"jsugc","BLZ_BLZ","arf",0.0905
"jsugc","BOR_IDN","air",0.065
"jsugc","BOR_IDN","arf",0.065
"jsugc","BOR_MYS","air",0.052
"jsugc","BOR_MYS","arf",0.052
"jsugc","BRT_BGD","air",0.107
"jsugc","BRT_BGD","arf",0.107
"jsugc","BRT_BTN","air",0.0905
"jsugc","BRT_BTN","arf",0.0905
"jsugc","BRT_CHM","air",0.0875
"jsugc","BRT_CHM","arf",0.0875
"jsugc","BRT_IND","air",0.1005
"jsugc","BRT_IND","arf",0.1005
"jsugc","CAF_AGO","air",0.123
"jsugc","CAF_AGO","arf",0.123
"jsugc","CAF_CAF","air",0.094
"jsugc","CAF_CAF","arf",0.094
"jsugc","CAF_CMR","air",0.094
"jsugc","CAF_CMR","arf",0.094
"jsugc","CAF_COG","air",0.094
"jsugc","CAF_COG","arf",0.094
"jsugc","CAF_GAB","air",0.094
"jsugc","CAF_GAB","arf",0.094
"jsugc","CAL_USA","air",0.065
"jsugc","CAL_USA","arf",0.065
"jsugc","CAU_AUS","air",0.055
"jsugc","CAU_AUS","arf",0.055
"jsugc","CAV_IND","air",0.1005
"jsugc","CAV_IND","arf",0.1005
"jsugc","CHJ_CHM","air",0.0875
"jsugc","CHJ_CHM","arf",0.0875
"jsugc","CHO_IND","air",0.1005
"jsugc","CHO_IND","arf",0.1005
"jsugc","COB_USA","air",0.065
"jsugc","COB_USA","arf",0.065
"jsugc","COL_USA","air",0.065
"jsugc","COL_USA","arf",0.065
"jsugc","CON_AGO","air",0.123
"jsugc","CON_AGO","arf",0.123
"jsugc","CON_CAF","air",0.094
"jsugc","CON_CAF","arf",0.094
"jsugc","CON_COD","air",0.094
"jsugc","CON_COD","arf",0.094
"jsugc","CON_COG","air",0.094
"jsugc","CON_COG","arf",0.094
"jsugc","CRB_CRB","air",0.084
"jsugc","CRB_CRB","arf",0.084
"jsugc","CRI_CRI","air",0.0905
"jsugc","CRI_CRI","arf",0.0905
"jsugc","CUB_CUB","air",0.0905
"jsugc","CUB_CUB","arf",0.0905
"jsugc","DOM_DOM","air",0.0905
"jsugc","DOM_DOM","arf",0.0905
"jsugc","EAC_BDI","air",0.12
"jsugc","EAC_BDI","arf",0.12
"jsugc","EAC_COD","air",0.094
"jsugc","EAC_COD","arf",0.094
"jsugc","EAC_RWA","air",0.12
"jsugc","EAC_RWA","arf",0.12
"jsugc","EAC_TZA","air",0.12
"jsugc","EAC_TZA","arf",0.12
"jsugc","EAU_AUS","air",0.055
"jsugc","EAU_AUS","arf",0.055
"jsugc","EGH_IND","air",0.1005
"jsugc","EGH_IND","arf",0.1005
"jsugc","EME_EGY","air",0.0905
"jsugc","EME_EGY","arf",0.0905
"jsugc","FJI_FJI","air",0.084
"jsugc","FJI_FJI","arf",0.084
"jsugc","GAN_BGD","air",0.107
"jsugc","GAN_BGD","arf",0.107
"jsugc","GAN_CHM","air",0.0875
"jsugc","GAN_CHM","arf",0.0875
"jsugc","GAN_IND","air",0.1005
"jsugc","GAN_IND","arf",0.1005
"jsugc","GAN_NPL","air",0.0905
"jsugc","GAN_NPL","arf",0.0905
"jsugc","GBA_USA","air",0.065
"jsugc","GBA_USA","arf",0.065
"jsugc","GLA_USA","air",0.065
"jsugc","GLA_USA","arf",0.065
"jsugc","GOD_IND","air",0.1005
"jsugc","GOD_IND","arf",0.1005
"jsugc","GSA_GSA","air",0.0905
"jsugc","GSA_GSA","arf",0.0905
"jsugc","GTM_GTM","air",0.0905
"jsugc","GTM_GTM","arf",0.0905
"jsugc","HAI_CHM","air",0.0875
"jsugc","HAI_CHM","arf",0.0875
"jsugc","HND_HND","air",0.0905
"jsugc","HND_HND","arf",0.0905
"jsugc","HOA_ETH","air",0.097
"jsugc","HOA_ETH","arf",0.097
"jsugc","HOA_KEN","air",0.12
"jsugc","HOA_KEN","arf",0.12
"jsugc","HOA_SOM","air",0.097
"jsugc","HOA_SOM","arf",0.097
"jsugc","HTI_HTI","air",0.0905
"jsugc","HTI_HTI","arf",0.0905
"jsugc","HUA_CHM","air",0.0875
"jsugc","HUA_CHM","arf",0.0875
"jsugc","HUN_CHM","air",0.0875
"jsugc","HUN_CHM","arf",0.0875
"jsugc","HWI_USA","air",0.065
"jsugc","HWI_USA","arf",0.065
"jsugc","IEC_IND","air",0.1005
"jsugc","IEC_IND","arf",0.1005
"jsugc","IND_CHM","air",0.0875
"jsugc","IND_CHM","arf",0.0875
"jsugc","IND_IND","air",0.1005
"jsugc","IND_IND","arf",0.1005
"jsugc","IND_PAK","air",0.084
"jsugc","IND_PAK","arf",0.084
"jsugc","INE_IDN","air",0.065
"jsugc","INE_IDN","arf",0.065
"jsugc","INW_IDN","air",0.065
"jsugc","INW_IDN","arf",0.065
"jsugc","JAM_JAM","air",0.084
"jsugc","JAM_JAM","arf",0.084
"jsugc","JAP_JPN","air",0.0585
"jsugc","JAP_JPN","arf",0.0585
"jsugc","KAL_ZAF","air",0.078
"jsugc","KAL_ZAF","arf",0.078
"jsugc","KRI_IND","air",0.1005
"jsugc","KRI_IND","arf",0.1005
"jsugc","LAJ_CHM","air",0.0875
"jsugc","LAJ_CHM","arf",0.0875
"jsugc","LCB_CAF","air",0.094
"jsugc","LCB_CAF","arf",0.094
"jsugc","LCB_CMR","air",0.094
"jsugc","LCB_CMR","arf",0.094
"jsugc","LCB_NER","air",0.097
"jsugc","LCB_NER","arf",0.097
"jsugc","LCB_NGA","air",0.078
"jsugc","LCB_NGA","arf",0.078
"jsugc","LCB_TCD","air",0.097
"jsugc","LCB_TCD","arf",0.097
"jsugc","LIM_MOZ","air",0.123
"jsugc","LIM_MOZ","arf",0.123
"jsugc","LIM_ZAF","air",0.078
"jsugc","LIM_ZAF","arf",0.078
"jsugc","LIM_ZWE","air",0.123
"jsugc","LIM_ZWE","arf",0.123
"jsugc","LMO_CHM","air",0.0875
"jsugc","LMO_CHM","arf",0.0875
"jsugc","LUN_IND","air",0.1005
"jsugc","LUN_IND","arf",0.1005
"jsugc","MAD_MDG","air",0.123
"jsugc","MAD_MDG","arf",0.123
"jsugc","MAT_IND","air",0.1005
"jsugc","MAT_IND","arf",0.1005
"jsugc","MAU_AUS","air",0.055
"jsugc","MAU_AUS","arf",0.055
"jsugc","MEK_KHM","air",0.068
"jsugc","MEK_KHM","arf",0.068
"jsugc","MEK_LAO","air",0.068
"jsugc","MEK_LAO","arf",0.068
"jsugc","MEK_MMR","air",0.065
"jsugc","MEK_MMR","arf",0.065
"jsugc","MEK_THA","air",0.0745
"jsugc","MEK_THA","arf",0.0745
"jsugc","MEK_VNM","air",0.078
"jsugc","MEK_VNM","arf",0.078
"jsugc","MHN_IND","air",0.1005
"jsugc","MHN_IND","arf",0.1005
"jsugc","MIM_MEX","air",0.0905
"jsugc","MIM_MEX","arf",0.0905
"jsugc","MIS_USA","air",0.065
"jsugc","MIS_USA","arf",0.065
"jsugc","MOU_USA","air",0.065
"jsugc","MOU_USA","arf",0.065
"jsugc","NAC_EGY","air",0.0905
"jsugc","NAC_EGY","arf",0.0905
"jsugc","NEB_BRA","air",0.081
"jsugc","NEB_BRA","arf",0.081
"jsugc","NIC_NIC","air",0.0905
"jsugc","NIC_NIC","arf",0.0905
"jsugc","NIG_BEN","air",0.094
"jsugc","NIG_BEN","arf",0.094
"jsugc","NIG_BFA","air",0.097
"jsugc","NIG_BFA","arf",0.097
"jsugc","NIG_CIV","air",0.094
"jsugc","NIG_CIV","arf",0.094
"jsugc","NIG_CMR","air",0.094
"jsugc","NIG_CMR","arf",0.094
"jsugc","NIG_GIN","air",0.094
"jsugc","NIG_GIN","arf",0.094
"jsugc","NIG_MLI","air",0.097
"jsugc","NIG_MLI","arf",0.097
"jsugc","NIG_NER","air",0.097
"jsugc","NIG_NER","arf",0.097
"jsugc","NIG_NGA","air",0.078
"jsugc","NIG_NGA","arf",0.078
"jsugc","NIG_TCD","air",0.097
"jsugc","NIG_TCD","arf",0.097
"jsugc","NLL_DJI","air",0.12
"jsugc","NLL_DJI","arf",0.12
"jsugc","NLL_EGY","air",0.0905
"jsugc","NLL_EGY","arf",0.0905
"jsugc","NLL_ETH","air",0.097
"jsugc","NLL_ETH","arf",0.097
"jsugc","NLL_SDN","air",0.097
"jsugc","NLL_SDN","arf",0.097
"jsugc","NLL_UGA","air",0.12
"jsugc","NLL_UGA","arf",0.12
"jsugc","NWA_MOR","air",0.068
"jsugc","NWA_MOR","arf",0.068
"jsugc","NWS_COL","air",0.084
"jsugc","NWS_COL","arf",0.084
"jsugc","NWS_ECU","air",0.0905
"jsugc","NWS_ECU","arf",0.0905
"jsugc","OAO_OAO","air",0.084
"jsugc","OAO_OAO","arf",0.084
"jsugc","OBB_CHM","air",0.0875
"jsugc","OBB_CHM","arf",0.0875
"jsugc","OHI_USA","air",0.065
"jsugc","OHI_USA","arf",0.065
"jsugc","OIO_OIO","air",0.084
"jsugc","OIO_OIO","arf",0.084
"jsugc","OPO_OPO","air",0.084
"jsugc","OPO_OPO","arf",0.084
"jsugc","ORA_ZAF","air",0.078
"jsugc","ORA_ZAF","arf",0.078
"jsugc","ORI_COL","air",0.084
"jsugc","ORI_COL","arf",0.084
"jsugc","ORI_VEN","air",0.0905
"jsugc","ORI_VEN","arf",0.0905
"jsugc","PAN_PAN","air",0.0905
"jsugc","PAN_PAN","arf",0.0905
"jsugc","PAO_PNG","air",0.084
"jsugc","PAO_PNG","arf",0.084
"jsugc","PAR_ARG","air",0.0485
"jsugc","PAR_ARG","arf",0.0485
"jsugc","PAR_BOL","air",0.0905
"jsugc","PAR_BOL","arf",0.0905
"jsugc","PAR_BRA","air",0.081
"jsugc","PAR_BRA","arf",0.081
"jsugc","PAR_PRY","air",0.0905
"jsugc","PAR_PRY","arf",0.0905
"jsugc","PEC_PER","air",0.0905
"jsugc","PEC_PER","arf",0.0905
"jsugc","PHI_PHL","air",0.0715
"jsugc","PHI_PHL","arf",0.0715
"jsugc","RAP_RAP","air",0.068
"jsugc","RAP_RAP","arf",0.068
"jsugc","RIC_ARG","air",0.0485
"jsugc","RIC_ARG","arf",0.0485
"jsugc","RIG_MEX","air",0.0905
"jsugc","RIG_MEX","arf",0.0905
"jsugc","RIG_USA","air",0.065
"jsugc","RIG_USA","arf",0.065
"jsugc","RVE_VEN","air",0.0905
"jsugc","RVE_VEN","arf",0.0905
"jsugc","RVN_VNM","air",0.078
"jsugc","RVN_VNM","arf",0.078
"jsugc","RWI_USA","air",0.065
"jsugc","RWI_USA","arf",0.065
"jsugc","SAC_SWZ","air",0.123
"jsugc","SAC_SWZ","arf",0.123
"jsugc","SAC_ZAF","air",0.078
"jsugc","SAC_ZAF","arf",0.078
"jsugc","SAF_MOZ","air",0.123
"jsugc","SAF_MOZ","arf",0.123
"jsugc","SAF_TZA","air",0.12
"jsugc","SAF_TZA","arf",0.12
"jsugc","SAF_ZWE","air",0.123
"jsugc","SAF_ZWE","arf",0.123
"jsugc","SAH_EGY","air",0.0905
"jsugc","SAH_EGY","arf",0.0905
"jsugc","SAH_MLI","air",0.097
"jsugc","SAH_MLI","arf",0.097
"jsugc","SAH_MOR","air",0.068
"jsugc","SAH_MOR","arf",0.068
"jsugc","SAH_NER","air",0.097
"jsugc","SAH_NER","arf",0.097
"jsugc","SAH_SDN","air",0.097
"jsugc","SAH_SDN","arf",0.097
"jsugc","SAH_TCD","air",0.097
"jsugc","SAH_TCD","arf",0.097
"jsugc","SAL_ARG","air",0.0485
"jsugc","SAL_ARG","arf",0.0485
"jsugc","SAN_BRA","air",0.081
"jsugc","SAN_BRA","arf",0.081
"jsugc","SAY_IND","air",0.1005
"jsugc","SAY_IND","arf",0.1005
"jsugc","SEN_GIN","air",0.094
"jsugc","SEN_GIN","arf",0.094
"jsugc","SEN_MLI","air",0.097
"jsugc","SEN_MLI","arf",0.097
"jsugc","SEN_SEN","air",0.094
"jsugc","SEN_SEN","arf",0.094
"jsugc","SEU_USA","air",0.065
"jsugc","SEU_USA","arf",0.065
"jsugc","SLV_SLV","air",0.0905
"jsugc","SLV_SLV","arf",0.0905
"jsugc","SON_CHM","air",0.0875
"jsugc","SON_CHM","arf",0.0875
"jsugc","SRL_LKA","air",0.0905
"jsugc","SRL_LKA","arf",0.0905
"jsugc","TIE_ARG","air",0.0485
"jsugc","TIE_ARG","arf",0.0485
"jsugc","TIG_IRN","air",0.068
"jsugc","TIG_IRN","arf",0.068
"jsugc","TMM_BGD","air",0.107
"jsugc","TMM_BGD","arf",0.107
"jsugc","TMM_MMR","air",0.065
"jsugc","TMM_MMR","arf",0.065
"jsugc","TMM_MYS","air",0.052
"jsugc","TMM_MYS","arf",0.052
"jsugc","TMM_OSA","air",0.068
"jsugc","TMM_OSA","arf",0.068
"jsugc","TMM_THA","air",0.0745
"jsugc","TMM_THA","arf",0.0745
"jsugc","TOC_BRA","air",0.081
"jsugc","TOC_BRA","arf",0.081
"jsugc","TWN_CHM","air",0.0875
"jsugc","TWN_CHM","arf",0.0875
"jsugc","UME_MEX","air",0.0905
"jsugc","UME_MEX","arf",0.0905
"jsugc","URU_BRA","air",0.081
"jsugc","URU_BRA","arf",0.081
"jsugc","URU_URY","air",0.0905
"jsugc","URU_URY","arf",0.0905
"jsugc","USN_USA","air",0.065
"jsugc","USN_USA","arf",0.065
"jsugc","VOT_BEN","air",0.094
"jsugc","VOT_BEN","arf",0.094
"jsugc","VOT_BFA","air",0.097
"jsugc","VOT_BFA","arf",0.097
"jsugc","VOT_CIV","air",0.094
"jsugc","VOT_CIV","arf",0.094
"jsugc","VOT_GHA","air",0.094
"jsugc","VOT_GHA","arf",0.094
"jsugc","VOT_MLI","air",0.097
"jsugc","VOT_MLI","arf",0.097
"jsugc","VUT_VUT","air",0.084
"jsugc","VUT_VUT","arf",0.084
"jsugc","WAC_CIV","air",0.094
"jsugc","WAC_CIV","arf",0.094
"jsugc","WAC_GIN","air",0.094
"jsugc","WAC_GIN","arf",0.094
"jsugc","WAC_GNB","air",0.094
"jsugc","WAC_GNB","arf",0.094
"jsugc","WAC_LBR","air",0.094
"jsugc","WAC_LBR","arf",0.094
"jsugc","WAC_SEN","air",0.094
"jsugc","WAC_SEN","arf",0.094
"jsugc","WAC_SLE","air",0.094
"jsugc","WAC_SLE","arf",0.094
"jsugc","WAI_AFG","air",0.0905
"jsugc","WAI_AFG","arf",0.0905
"jsugc","WAI_IRN","air",0.068
"jsugc","WAI_IRN","arf",0.068
"jsugc","WAI_PAK","air",0.084
"jsugc","WAI_PAK","arf",0.084
"jsugc","WAU_AUS","air",0.055
"jsugc","WAU_AUS","arf",0.055
"jsugc","WGM_USA","air",0.065
"jsugc","WGM_USA","arf",0.065
"jsugc","YHE_CHM","air",0.0875
"jsugc","YHE_CHM","arf",0.0875
"jsugc","YRD_CHM","air",0.0875
"jsugc","YRD_CHM","arf",0.0875
"jsugc","YRD_VNM","air",0.078
"jsugc","YRD_VNM","arf",0.078
"jsugc","YUC_MEX","air",0.0905
"jsugc","YUC_MEX","arf",0.0905
"jsugc","ZAM_AGO","air",0.123
"jsugc","ZAM_AGO","arf",0.123
"jsugc","ZAM_COD","air",0.094
"jsugc","ZAM_COD","arf",0.094
"jsugc","ZAM_MOZ","air",0.123
"jsugc","ZAM_MOZ","arf",0.123
"jsugc","ZAM_MWI","air",0.123
"jsugc","ZAM_MWI","arf",0.123
"jsugc","ZAM_TZA","air",0.12
"jsugc","ZAM_TZA","arf",0.12
"jsugc","ZAM_ZMB","air",0.123
"jsugc","ZAM_ZMB","arf",0.123
"jsugc","ZAM_ZWE","air",0.123
"jsugc","ZAM_ZWE","arf",0.123
"jsugc","ZHJ_CHM","air",0.0875
"jsugc","ZHJ_CHM","arf",0.0875
"jsugb","ALB_ALB","air",0.066
"jsugb","ALB_ALB","arf",0.066
"jsugb","ALK_USA","air",0.063
"jsugb","ALK_USA","arf",0.063
"jsugb","AMD_AFG","air",0.088
"jsugb","AMD_AFG","arf",0.088
"jsugb","AMD_TKM","air",0.085
"jsugb","AMD_TKM","arf",0.085
"jsugb","AMD_UZB","air",0.085
"jsugb","AMD_UZB","arf",0.085
"jsugb","AMR_CHM","air",0.085
"jsugb","AMR_CHM","arf",0.085
"jsugb","AMR_RUS","air",0.06
"jsugb","AMR_RUS","arf",0.06
"jsugb","ARA_IRQ","air",0.066
"jsugb","ARA_IRQ","arf",0.066
"jsugb","ARK_USA","air",0.063
"jsugb","ARK_USA","arf",0.063
"jsugb","ARM_ARM","air",0.06
"jsugb","ARM_ARM","arf",0.06
"jsugb","AZE_AZE","air",0.06
"jsugb","AZE_AZE","arf",0.06
"jsugb","BAL_BLT","air",0.06
"jsugb","BAL_BLT","arf",0.06
"jsugb","BAL_RUS","air",0.06
"jsugb","BAL_RUS","arf",0.06
"jsugb","BLA_RUS","air",0.06
"jsugb","BLA_RUS","arf",0.06
"jsugb","BLA_TUR","air",0.0725
"jsugb","BLA_TUR","arf",0.0725
"jsugb","BLA_UKR","air",0.06
"jsugb","BLA_UKR","arf",0.06
"jsugb","BRT_CHM","air",0.085
"jsugb","BRT_CHM","arf",0.085
"jsugb","CAL_USA","air",0.063
"jsugb","CAL_USA","arf",0.063
"jsugb","CAN_CAN","air",0.0755
"jsugb","CAN_CAN","arf",0.0755
"jsugb","CHC_CHL","air",0.088
"jsugb","CHC_CHL","arf",0.088
"jsugb","CHJ_CHM","air",0.085
"jsugb","CHJ_CHM","arf",0.085
"jsugb","CHU_KAZ","air",0.085
"jsugb","CHU_KAZ","arf",0.085
"jsugb","CHU_KGZ","air",0.085
"jsugb","CHU_KGZ","arf",0.085
"jsugb","COB_CAN","air",0.0755
"jsugb","COB_CAN","arf",0.0755
"jsugb","COB_USA","air",0.063
"jsugb","COB_USA","arf",0.063
"jsugb","COL_USA","air",0.063
"jsugb","COL_USA","arf",0.063
"jsugb","DAN_AUT","air",0.0565
"jsugb","DAN_AUT","arf",0.0565
"jsugb","DAN_CZE","air",0.066
"jsugb","DAN_CZE","arf",0.066
"jsugb","DAN_DEU","air",0.0565
"jsugb","DAN_DEU","arf",0.0565
"jsugb","DAN_HRV","air",0.066
"jsugb","DAN_HRV","arf",0.066
"jsugb","DAN_HUN","air",0.066
"jsugb","DAN_HUN","arf",0.066
"jsugb","DAN_MDA","air",0.066
"jsugb","DAN_MDA","arf",0.066
"jsugb","DAN_OBN","air",0.066
"jsugb","DAN_OBN","arf",0.066
"jsugb","DAN_ROU","air",0.066
"jsugb","DAN_ROU","arf",0.066
"jsugb","DAN_SVK","air",0.066
"jsugb","DAN_SVK","arf",0.066
"jsugb","DAN_SVN","air",0.066
"jsugb","DAN_SVN","arf",0.066
"jsugb","DAN_TUR","air",0.0725
"jsugb","DAN_TUR","arf",0.0725
"jsugb","DAN_UKR","air",0.06
"jsugb","DAN_UKR","arf",0.06
"jsugb","DNI_BLR","air",0.06
"jsugb","DNI_BLR","arf",0.06
"jsugb","DNI_RUS","air",0.06
"jsugb","DNI_RUS","arf",0.06
"jsugb","DNI_UKR","air",0.06
"jsugb","DNI_UKR","arf",0.06
"jsugb","ELB_DEU","air",0.0565
"jsugb","ELB_DEU","arf",0.0565
"jsugb","ELB_DNK","air",0.0565
"jsugb","ELB_DNK","arf",0.0565
"jsugb","EME_EGY","air",0.088
"jsugb","EME_EGY","arf",0.088
"jsugb","EME_LBN","air",0.066
"jsugb","EME_LBN","arf",0.066
"jsugb","EME_SYR","air",0.066
"jsugb","EME_SYR","arf",0.066
"jsugb","EME_TUR","air",0.0725
"jsugb","EME_TUR","arf",0.0725
"jsugb","FNP_FNP","air",0.0565
"jsugb","FNP_FNP","arf",0.0565
"jsugb","GAN_CHM","air",0.085
"jsugb","GAN_CHM","arf",0.085
"jsugb","GBA_USA","air",0.063
"jsugb","GBA_USA","arf",0.063
"jsugb","GLA_CAN","air",0.0755
"jsugb","GLA_CAN","arf",0.0755
"jsugb","GLA_USA","air",0.063
"jsugb","GLA_USA","arf",0.063
"jsugb","GRC_GRC","air",0.066
"jsugb","GRC_GRC","arf",0.066
"jsugb","HAI_CHM","air",0.085
"jsugb","HAI_CHM","arf",0.085
"jsugb","HUA_CHM","air",0.085
"jsugb","HUA_CHM","arf",0.085
"jsugb","HUN_CHM","air",0.085
"jsugb","HUN_CHM","arf",0.085
"jsugb","HWI_USA","air",0.063
"jsugb","HWI_USA","arf",0.063
"jsugb","IND_CHM","air",0.085
"jsugb","IND_CHM","arf",0.085
"jsugb","ITA_ITP","air",0.0565
"jsugb","ITA_ITP","arf",0.0565
"jsugb","JAP_JPN","air",0.0565
"jsugb","JAP_JPN","arf",0.0565
"jsugb","LAJ_CHM","air",0.085
"jsugb","LAJ_CHM","arf",0.085
"jsugb","LBA_KAZ","air",0.085
"jsugb","LBA_KAZ","arf",0.085
"jsugb","LBO_FRP","air",0.0565
"jsugb","LBO_FRP","arf",0.0565
"jsugb","LMO_CHM","air",0.085
"jsugb","LMO_CHM","arf",0.085
"jsugb","LTZ_KAZ","air",0.085
"jsugb","LTZ_KAZ","arf",0.085
"jsugb","MCK_CAN","air",0.0755
"jsugb","MCK_CAN","arf",0.0755
"jsugb","MIS_USA","air",0.063
"jsugb","MIS_USA","arf",0.063
"jsugb","MOU_USA","air",0.063
"jsugb","MOU_USA","arf",0.063
"jsugb","NAC_EGY","air",0.088
"jsugb","NAC_EGY","arf",0.088
"jsugb","NAC_TUN","air",0.066
"jsugb","NAC_TUN","arf",0.066
"jsugb","NER_RUS","air",0.06
"jsugb","NER_RUS","arf",0.06
"jsugb","NLL_EGY","air",0.088
"jsugb","NLL_EGY","arf",0.088
"jsugb","NWA_MOR","air",0.066
"jsugb","NWA_MOR","arf",0.066
"jsugb","OBB_CHM","air",0.085
"jsugb","OBB_CHM","arf",0.085
"jsugb","OBB_KAZ","air",0.085
"jsugb","OBB_KAZ","arf",0.085
"jsugb","OBB_RUS","air",0.06
"jsugb","OBB_RUS","arf",0.06
"jsugb","ODE_DEU","air",0.0565
"jsugb","ODE_DEU","arf",0.0565
"jsugb","ODE_POL","air",0.066
"jsugb","ODE_POL","arf",0.066
"jsugb","ODE_RUS","air",0.06
"jsugb","ODE_RUS","arf",0.06
"jsugb","OHI_USA","air",0.063
"jsugb","OHI_USA","arf",0.063
"jsugb","ORI_VEN","air",0.088
"jsugb","ORI_VEN","arf",0.088
"jsugb","RHI_BLX","air",0.0565
"jsugb","RHI_BLX","arf",0.0565
"jsugb","RHI_CHP","air",0.0565
"jsugb","RHI_CHP","arf",0.0565
"jsugb","RHI_DEU","air",0.0565
"jsugb","RHI_DEU","arf",0.0565
"jsugb","RHI_FRP","air",0.0565
"jsugb","RHI_FRP","arf",0.0565
"jsugb","RHI_NLD","air",0.0565
"jsugb","RHI_NLD","arf",0.0565
"jsugb","RHO_FRP","air",0.0565
"jsugb","RHO_FRP","arf",0.0565
"jsugb","RIG_USA","air",0.063
"jsugb","RIG_USA","arf",0.063
"jsugb","RRS_RUS","air",0.06
"jsugb","RRS_RUS","arf",0.06
"jsugb","RVE_VEN","air",0.088
"jsugb","RVE_VEN","arf",0.088
"jsugb","RWI_CAN","air",0.0755
"jsugb","RWI_CAN","arf",0.0755
"jsugb","RWI_USA","air",0.063
"jsugb","RWI_USA","arf",0.063
"jsugb","SAH_EGY","air",0.088
"jsugb","SAH_EGY","arf",0.088
"jsugb","SAH_MOR","air",0.066
"jsugb","SAH_MOR","arf",0.066
"jsugb","SEI_FRP","air",0.0565
"jsugb","SEI_FRP","arf",0.0565
"jsugb","SEU_USA","air",0.063
"jsugb","SEU_USA","arf",0.063
"jsugb","SON_CHM","air",0.085
"jsugb","SON_CHM","arf",0.085
"jsugb","SPP_SPP","air",0.0565
"jsugb","SPP_SPP","arf",0.0565
"jsugb","SWE_SWE","air",0.0565
"jsugb","SWE_SWE","arf",0.0565
"jsugb","SYD_KAZ","air",0.085
"jsugb","SYD_KAZ","arf",0.085
"jsugb","SYD_KGZ","air",0.085
"jsugb","SYD_KGZ","arf",0.085
"jsugb","SYD_UZB","air",0.085
"jsugb","SYD_UZB","arf",0.085
"jsugb","TIG_IRN","air",0.066
"jsugb","TIG_IRN","arf",0.066
"jsugb","TIG_IRQ","air",0.066
"jsugb","TIG_IRQ","arf",0.066
"jsugb","TIG_SYR","air",0.066
"jsugb","TIG_SYR","arf",0.066
"jsugb","TIG_TUR","air",0.0725
"jsugb","TIG_TUR","arf",0.0725
"jsugb","TWN_CHM","air",0.085
"jsugb","TWN_CHM","arf",0.085
"jsugb","UKP_UKP","air",0.0565
"jsugb","UKP_UKP","arf",0.0565
"jsugb","UMO_RUS","air",0.06
"jsugb","UMO_RUS","arf",0.06
"jsugb","URA_KAZ","air",0.085
"jsugb","URA_KAZ","arf",0.085
"jsugb","URA_RUS","air",0.06
"jsugb","URA_RUS","arf",0.06
"jsugb","URA_TKM","air",0.085
"jsugb","URA_TKM","arf",0.085
"jsugb","USN_USA","air",0.063
"jsugb","USN_USA","arf",0.063
"jsugb","VOG_RUS","air",0.06
"jsugb","VOG_RUS","arf",0.06
"jsugb","WAI_AFG","air",0.088
"jsugb","WAI_AFG","arf",0.088
"jsugb","WAI_IRN","air",0.066
"jsugb","WAI_IRN","arf",0.066
"jsugb","WAI_TKM","air",0.085
"jsugb","WAI_TKM","arf",0.085
"jsugb","WGM_USA","air",0.063
"jsugb","WGM_USA","arf",0.063
"jsugb","YEN_RUS","air",0.06
"jsugb","YEN_RUS","arf",0.06
"jsugb","YHE_CHM","air",0.085
"jsugb","YHE_CHM","arf",0.085
"jsugb","YRD_CHM","air",0.085
"jsugb","YRD_CHM","arf",0.085
"jsugb","ZHJ_CHM","air",0.085
"jsugb","ZHJ_CHM","arf",0.085
"jgrnd","ALK_USA","air",0.09
"jgrnd","ALK_USA","arf",0.09
"jgrnd","AMA_BOL","air",0.12
"jgrnd","AMA_BOL","arf",0.12
"jgrnd","AMA_BRA","air",0.102
"jgrnd","AMA_BRA","arf",0.102
"jgrnd","AMA_COL","air",0.108
"jgrnd","AMA_COL","arf",0.108
"jgrnd","AMA_ECU","air",0.12
"jgrnd","AMA_ECU","arf",0.12
"jgrnd","AMA_PER","air",0.12
"jgrnd","AMA_PER","arf",0.12
"jgrnd","AMD_TJK","air",0.132
"jgrnd","AMD_TJK","arf",0.132
"jgrnd","AMD_UZB","air",0.132
"jgrnd","AMD_UZB","arf",0.132
"jgrnd","AMR_CHM","air",0.114
"jgrnd","AMR_CHM","arf",0.114
"jgrnd","ARK_USA","air",0.09
"jgrnd","ARK_USA","arf",0.09
"jgrnd","BLA_TUR","air",0.096
"jgrnd","BLA_TUR","arf",0.096
"jgrnd","BLZ_BLZ","air",0.12
"jgrnd","BLZ_BLZ","arf",0.12
"jgrnd","BOR_IDN","air",0.084
"jgrnd","BOR_IDN","arf",0.084
"jgrnd","BRT_BTN","air",0.12
"jgrnd","BRT_BTN","arf",0.12
"jgrnd","BRT_CHM","air",0.114
"jgrnd","BRT_CHM","arf",0.114
"jgrnd","BRT_IND","air",0.126
"jgrnd","BRT_IND","arf",0.126
"jgrnd","CAF_AGO","air",0.162
"jgrnd","CAF_AGO","arf",0.162
"jgrnd","CAF_CAF","air",0.126
"jgrnd","CAF_CAF","arf",0.126
"jgrnd","CAF_CMR","air",0.126
"jgrnd","CAF_CMR","arf",0.126
"jgrnd","CAF_COG","air",0.126
"jgrnd","CAF_COG","arf",0.126
"jgrnd","CAF_GAB","air",0.126
"jgrnd","CAF_GAB","arf",0.126
"jgrnd","CAF_NAM","air",0.162
"jgrnd","CAF_NAM","arf",0.162
"jgrnd","CAL_USA","air",0.09
"jgrnd","CAL_USA","arf",0.09
"jgrnd","CAU_AUS","air",0.078
"jgrnd","CAU_AUS","arf",0.078
"jgrnd","CAV_IND","air",0.126
"jgrnd","CAV_IND","arf",0.126
"jgrnd","CHJ_CHM","air",0.114
"jgrnd","CHJ_CHM","arf",0.114
"jgrnd","CHO_IND","air",0.126
"jgrnd","CHO_IND","arf",0.126
"jgrnd","CHU_KAZ","air",0.132
"jgrnd","CHU_KAZ","arf",0.132
"jgrnd","CHU_KGZ","air",0.132
"jgrnd","CHU_KGZ","arf",0.132
"jgrnd","COB_USA","air",0.09
"jgrnd","COB_USA","arf",0.09
"jgrnd","COL_USA","air",0.09
"jgrnd","COL_USA","arf",0.09
"jgrnd","CON_AGO","air",0.162
"jgrnd","CON_AGO","arf",0.162
"jgrnd","CON_CAF","air",0.126
"jgrnd","CON_CAF","arf",0.126
"jgrnd","CON_COD","air",0.126
"jgrnd","CON_COD","arf",0.126
"jgrnd","CON_COG","air",0.126
"jgrnd","CON_COG","arf",0.126
"jgrnd","CRI_CRI","air",0.12
"jgrnd","CRI_CRI","arf",0.12
"jgrnd","DAN_TUR","air",0.096
"jgrnd","DAN_TUR","arf",0.096
"jgrnd","EAC_BDI","air",0.162
"jgrnd","EAC_BDI","arf",0.162
"jgrnd","EAC_COD","air",0.126
"jgrnd","EAC_COD","arf",0.126
"jgrnd","EAC_TZA","air",0.162
"jgrnd","EAC_TZA","arf",0.162
"jgrnd","EAU_AUS","air",0.078
"jgrnd","EAU_AUS","arf",0.078
"jgrnd","EGH_IND","air",0.126
"jgrnd","EGH_IND","arf",0.126
"jgrnd","EME_EGY","air",0.114
"jgrnd","EME_EGY","arf",0.114
"jgrnd","EME_ISR","air",0.114
"jgrnd","EME_ISR","arf",0.114
"jgrnd","EME_PSE","air",0.126
"jgrnd","EME_PSE","arf",0.126
"jgrnd","EME_SYR","air",0.084
"jgrnd","EME_SYR","arf",0.084
"jgrnd","EME_TUR","air",0.096
"jgrnd","EME_TUR","arf",0.096
"jgrnd","FJI_FJI","air",0.114
"jgrnd","FJI_FJI","arf",0.114
"jgrnd","GAN_CHM","air",0.114
"jgrnd","GAN_CHM","arf",0.114
"jgrnd","GAN_IND","air",0.126
"jgrnd","GAN_IND","arf",0.126
"jgrnd","GBA_USA","air",0.09
"jgrnd","GBA_USA","arf",0.09
"jgrnd","GEO_GEO","air",0.09
"jgrnd","GEO_GEO","arf",0.09
"jgrnd","GLA_USA","air",0.09
"jgrnd","GLA_USA","arf",0.09
"jgrnd","GOD_IND","air",0.126
"jgrnd","GOD_IND","arf",0.126
"jgrnd","GSA_GSA","air",0.12
"jgrnd","GSA_GSA","arf",0.12
"jgrnd","GTM_GTM","air",0.12
"jgrnd","GTM_GTM","arf",0.12
"jgrnd","HAI_CHM","air",0.114
"jgrnd","HAI_CHM","arf",0.114
"jgrnd","HND_HND","air",0.12
"jgrnd","HND_HND","arf",0.12
"jgrnd","HOA_ETH","air",0.132
"jgrnd","HOA_ETH","arf",0.132
"jgrnd","HOA_KEN","air",0.162
"jgrnd","HOA_KEN","arf",0.162
"jgrnd","HOA_SOM","air",0.132
"jgrnd","HOA_SOM","arf",0.132
"jgrnd","HTI_HTI","air",0.12
"jgrnd","HTI_HTI","arf",0.12
"jgrnd","HUA_CHM","air",0.114
"jgrnd","HUA_CHM","arf",0.114
"jgrnd","HUN_CHM","air",0.114
"jgrnd","HUN_CHM","arf",0.114
"jgrnd","HWI_USA","air",0.09
"jgrnd","HWI_USA","arf",0.09
"jgrnd","IEC_IND","air",0.126
"jgrnd","IEC_IND","arf",0.126
"jgrnd","IND_CHM","air",0.114
"jgrnd","IND_CHM","arf",0.114
"jgrnd","IND_IND","air",0.126
"jgrnd","IND_IND","arf",0.126
"jgrnd","IND_PAK","air",0.108
"jgrnd","IND_PAK","arf",0.108
"jgrnd","INE_IDN","air",0.084
"jgrnd","INE_IDN","arf",0.084
"jgrnd","INW_IDN","air",0.084
"jgrnd","INW_IDN","arf",0.084
"jgrnd","JAM_JAM","air",0.114
"jgrnd","JAM_JAM","arf",0.114
"jgrnd","JAP_JPN","air",0.084
"jgrnd","JAP_JPN","arf",0.084
"jgrnd","KAL_BWA","air",0.162
"jgrnd","KAL_BWA","arf",0.162
"jgrnd","KAL_NAM","air",0.162
"jgrnd","KAL_NAM","arf",0.162
"jgrnd","KAL_ZAF","air",0.114
"jgrnd","KAL_ZAF","arf",0.114
"jgrnd","KRI_IND","air",0.126
"jgrnd","KRI_IND","arf",0.126
"jgrnd","LAJ_CHM","air",0.114
"jgrnd","LAJ_CHM","arf",0.114
"jgrnd","LBA_KAZ","air",0.132
"jgrnd","LBA_KAZ","arf",0.132
"jgrnd","LCB_CAF","air",0.126
"jgrnd","LCB_CAF","arf",0.126
"jgrnd","LCB_CMR","air",0.126
"jgrnd","LCB_CMR","arf",0.126
"jgrnd","LCB_NER","air",0.132
"jgrnd","LCB_NER","arf",0.132
"jgrnd","LCB_NGA","air",0.108
"jgrnd","LCB_NGA","arf",0.108
"jgrnd","LCB_TCD","air",0.132
"jgrnd","LCB_TCD","arf",0.132
"jgrnd","LIM_BWA","air",0.162
"jgrnd","LIM_BWA","arf",0.162
"jgrnd","LIM_MOZ","air",0.162
"jgrnd","LIM_MOZ","arf",0.162
"jgrnd","LIM_ZAF","air",0.114
"jgrnd","LIM_ZAF","arf",0.114
"jgrnd","LIM_ZWE","air",0.162
"jgrnd","LIM_ZWE","arf",0.162
"jgrnd","LMO_CHM","air",0.114
"jgrnd","LMO_CHM","arf",0.114
"jgrnd","LTZ_KAZ","air",0.132
"jgrnd","LTZ_KAZ","arf",0.132
"jgrnd","LUN_IND","air",0.126
"jgrnd","LUN_IND","arf",0.126
"jgrnd","MAD_MDG","air",0.162
"jgrnd","MAD_MDG","arf",0.162
"jgrnd","MAT_IND","air",0.126
"jgrnd","MAT_IND","arf",0.126
"jgrnd","MAU_AUS","air",0.078
"jgrnd","MAU_AUS","arf",0.078
"jgrnd","MEK_KHM","air",0.096
"jgrnd","MEK_KHM","arf",0.096
"jgrnd","MEK_LAO","air",0.096
"jgrnd","MEK_LAO","arf",0.096
"jgrnd","MEK_MMR","air",0.09
"jgrnd","MEK_MMR","arf",0.09
"jgrnd","MEK_VNM","air",0.102
"jgrnd","MEK_VNM","arf",0.102
"jgrnd","MHN_IND","air",0.126
"jgrnd","MHN_IND","arf",0.126
"jgrnd","MIM_MEX","air",0.114
"jgrnd","MIM_MEX","arf",0.114
"jgrnd","MIS_USA","air",0.09
"jgrnd","MIS_USA","arf",0.09
"jgrnd","MOU_USA","air",0.09
"jgrnd","MOU_USA","arf",0.09
"jgrnd","NAC_EGY","air",0.114
"jgrnd","NAC_EGY","arf",0.114
"jgrnd","NAC_LBY","air",0.084
"jgrnd","NAC_LBY","arf",0.084
"jgrnd","NEB_BRA","air",0.102
"jgrnd","NEB_BRA","arf",0.102
"jgrnd","NIC_NIC","air",0.12
"jgrnd","NIC_NIC","arf",0.12
"jgrnd","NIG_BEN","air",0.126
"jgrnd","NIG_BEN","arf",0.126
"jgrnd","NIG_BFA","air",0.132
"jgrnd","NIG_BFA","arf",0.132
"jgrnd","NIG_CIV","air",0.126
"jgrnd","NIG_CIV","arf",0.126
"jgrnd","NIG_CMR","air",0.126
"jgrnd","NIG_CMR","arf",0.126
"jgrnd","NIG_GIN","air",0.126
"jgrnd","NIG_GIN","arf",0.126
"jgrnd","NIG_MLI","air",0.132
"jgrnd","NIG_MLI","arf",0.132
"jgrnd","NIG_NER","air",0.132
"jgrnd","NIG_NER","arf",0.132
"jgrnd","NIG_NGA","air",0.108
"jgrnd","NIG_NGA","arf",0.108
"jgrnd","NIG_TCD","air",0.132
"jgrnd","NIG_TCD","arf",0.132
"jgrnd","NLL_EGY","air",0.114
"jgrnd","NLL_EGY","arf",0.114
"jgrnd","NLL_ERI","air",0.132
"jgrnd","NLL_ERI","arf",0.132
"jgrnd","NLL_ETH","air",0.132
"jgrnd","NLL_ETH","arf",0.132
"jgrnd","NLL_SDN","air",0.132
"jgrnd","NLL_SDN","arf",0.132
"jgrnd","NLL_UGA","air",0.162
"jgrnd","NLL_UGA","arf",0.162
"jgrnd","NWA_MRT","air",0.132
"jgrnd","NWA_MRT","arf",0.132
"jgrnd","NWS_COL","air",0.108
"jgrnd","NWS_COL","arf",0.108
"jgrnd","NWS_ECU","air",0.12
"jgrnd","NWS_ECU","arf",0.12
"jgrnd","OBB_CHM","air",0.114
"jgrnd","OBB_CHM","arf",0.114
"jgrnd","OBB_KAZ","air",0.132
"jgrnd","OBB_KAZ","arf",0.132
"jgrnd","OHI_USA","air",0.09
"jgrnd","OHI_USA","arf",0.09
"jgrnd","OIO_OIO","air",0.114
"jgrnd","OIO_OIO","arf",0.114
"jgrnd","OPO_OPO","air",0.114
"jgrnd","OPO_OPO","arf",0.114
"jgrnd","ORA_NAM","air",0.162
"jgrnd","ORA_NAM","arf",0.162
"jgrnd","ORA_ZAF","air",0.114
"jgrnd","ORA_ZAF","arf",0.114
"jgrnd","ORI_COL","air",0.108
"jgrnd","ORI_COL","arf",0.108
"jgrnd","ORI_VEN","air",0.12
"jgrnd","ORI_VEN","arf",0.12
"jgrnd","PAO_PNG","air",0.114
"jgrnd","PAO_PNG","arf",0.114
"jgrnd","PAR_ARG","air",0.06
"jgrnd","PAR_ARG","arf",0.06
"jgrnd","PAR_BOL","air",0.12
"jgrnd","PAR_BOL","arf",0.12
"jgrnd","PAR_BRA","air",0.102
"jgrnd","PAR_BRA","arf",0.102
"jgrnd","PAR_PRY","air",0.12
"jgrnd","PAR_PRY","arf",0.12
"jgrnd","PEC_PER","air",0.12
"jgrnd","PEC_PER","arf",0.12
"jgrnd","RIC_ARG","air",0.06
"jgrnd","RIC_ARG","arf",0.06
"jgrnd","RIG_MEX","air",0.114
"jgrnd","RIG_MEX","arf",0.114
"jgrnd","RIG_USA","air",0.09
"jgrnd","RIG_USA","arf",0.09
"jgrnd","RVE_VEN","air",0.12
"jgrnd","RVE_VEN","arf",0.12
"jgrnd","RVN_VNM","air",0.102
"jgrnd","RVN_VNM","arf",0.102
"jgrnd","RWI_USA","air",0.09
"jgrnd","RWI_USA","arf",0.09
"jgrnd","SAC_SWZ","air",0.162
"jgrnd","SAC_SWZ","arf",0.162
"jgrnd","SAC_ZAF","air",0.114
"jgrnd","SAC_ZAF","arf",0.114
"jgrnd","SAF_MOZ","air",0.162
"jgrnd","SAF_MOZ","arf",0.162
"jgrnd","SAF_TZA","air",0.162
"jgrnd","SAF_TZA","arf",0.162
"jgrnd","SAF_ZWE","air",0.162
"jgrnd","SAF_ZWE","arf",0.162
"jgrnd","SAH_EGY","air",0.114
"jgrnd","SAH_EGY","arf",0.114
"jgrnd","SAH_LBY","air",0.084
"jgrnd","SAH_LBY","arf",0.084
"jgrnd","SAH_MLI","air",0.132
"jgrnd","SAH_MLI","arf",0.132
"jgrnd","SAH_MRT","air",0.132
"jgrnd","SAH_MRT","arf",0.132
"jgrnd","SAH_NER","air",0.132
"jgrnd","SAH_NER","arf",0.132
"jgrnd","SAH_SDN","air",0.132
"jgrnd","SAH_SDN","arf",0.132
"jgrnd","SAH_TCD","air",0.132
"jgrnd","SAH_TCD","arf",0.132
"jgrnd","SAL_ARG","air",0.06
"jgrnd","SAL_ARG","arf",0.06
"jgrnd","SAN_BRA","air",0.102
"jgrnd","SAN_BRA","arf",0.102
"jgrnd","SAY_IND","air",0.126
"jgrnd","SAY_IND","arf",0.126
"jgrnd","SEN_GIN","air",0.126
"jgrnd","SEN_GIN","arf",0.126
"jgrnd","SEN_MLI","air",0.132
"jgrnd","SEN_MLI","arf",0.132
"jgrnd","SEN_MRT","air",0.132
"jgrnd","SEN_MRT","arf",0.132
"jgrnd","SEN_SEN","air",0.126
"jgrnd","SEN_SEN","arf",0.126
"jgrnd","SEU_USA","air",0.09
"jgrnd","SEU_USA","arf",0.09
"jgrnd","SKP_KOR","air",0.096
"jgrnd","SKP_KOR","arf",0.096
"jgrnd","SON_CHM","air",0.114
"jgrnd","SON_CHM","arf",0.114
"jgrnd","SRL_LKA","air",0.12
"jgrnd","SRL_LKA","arf",0.12
"jgrnd","SYD_KAZ","air",0.132
"jgrnd","SYD_KAZ","arf",0.132
"jgrnd","SYD_KGZ","air",0.132
"jgrnd","SYD_KGZ","arf",0.132
"jgrnd","SYD_TJK","air",0.132
"jgrnd","SYD_TJK","arf",0.132
"jgrnd","SYD_UZB","air",0.132
"jgrnd","SYD_UZB","arf",0.132
"jgrnd","TIE_ARG","air",0.06
"jgrnd","TIE_ARG","arf",0.06
"jgrnd","TIG_IRN","air",0.084
"jgrnd","TIG_IRN","arf",0.084
"jgrnd","TIG_SYR","air",0.084
"jgrnd","TIG_SYR","arf",0.084
"jgrnd","TIG_TUR","air",0.096
"jgrnd","TIG_TUR","arf",0.096
"jgrnd","TLS_TLS","air",0.114
"jgrnd","TLS_TLS","arf",0.114
"jgrnd","TMM_MMR","air",0.09
"jgrnd","TMM_MMR","arf",0.09
"jgrnd","TOC_BRA","air",0.102
"jgrnd","TOC_BRA","arf",0.102
"jgrnd","TWN_CHM","air",0.114
"jgrnd","TWN_CHM","arf",0.114
"jgrnd","UME_MEX","air",0.114
"jgrnd","UME_MEX","arf",0.114
"jgrnd","URA_KAZ","air",0.132
"jgrnd","URA_KAZ","arf",0.132
"jgrnd","URU_BRA","air",0.102
"jgrnd","URU_BRA","arf",0.102
"jgrnd","URU_URY","air",0.12
"jgrnd","URU_URY","arf",0.12
"jgrnd","USN_USA","air",0.09
"jgrnd","USN_USA","arf",0.09
"jgrnd","VOT_BEN","air",0.126
"jgrnd","VOT_BEN","arf",0.126
"jgrnd","VOT_BFA","air",0.132
"jgrnd","VOT_BFA","arf",0.132
"jgrnd","VOT_CIV","air",0.126
"jgrnd","VOT_CIV","arf",0.126
"jgrnd","VOT_GHA","air",0.126
"jgrnd","VOT_GHA","arf",0.126
"jgrnd","VOT_MLI","air",0.132
"jgrnd","VOT_MLI","arf",0.132
"jgrnd","VOT_TGO","air",0.126
"jgrnd","VOT_TGO","arf",0.126
"jgrnd","VUT_VUT","air",0.114
"jgrnd","VUT_VUT","arf",0.114
"jgrnd","WAC_CIV","air",0.126
"jgrnd","WAC_CIV","arf",0.126
"jgrnd","WAC_GIN","air",0.126
"jgrnd","WAC_GIN","arf",0.126
"jgrnd","WAC_GMB","air",0.126
"jgrnd","WAC_GMB","arf",0.126
"jgrnd","WAC_GNB","air",0.126
"jgrnd","WAC_GNB","arf",0.126
"jgrnd","WAC_LBR","air",0.126
"jgrnd","WAC_LBR","arf",0.126
"jgrnd","WAC_SEN","air",0.126
"jgrnd","WAC_SEN","arf",0.126
"jgrnd","WAC_SLE","air",0.126
"jgrnd","WAC_SLE","arf",0.126
"jgrnd","WAI_IRN","air",0.084
"jgrnd","WAI_IRN","arf",0.084
"jgrnd","WAI_PAK","air",0.108
"jgrnd","WAI_PAK","arf",0.108
"jgrnd","WAU_AUS","air",0.078
"jgrnd","WAU_AUS","arf",0.078
"jgrnd","WGM_USA","air",0.09
"jgrnd","WGM_USA","arf",0.09
"jgrnd","YEM_YEM","air",0.084
"jgrnd","YEM_YEM","arf",0.084
"jgrnd","YHE_CHM","air",0.114
"jgrnd","YHE_CHM","arf",0.114
"jgrnd","YRD_CHM","air",0.114
"jgrnd","YRD_CHM","arf",0.114
"jgrnd","YRD_VNM","air",0.102
"jgrnd","YRD_VNM","arf",0.102
"jgrnd","YUC_MEX","air",0.114
"jgrnd","YUC_MEX","arf",0.114
"jgrnd","ZAM_AGO","air",0.162
"jgrnd","ZAM_AGO","arf",0.162
"jgrnd","ZAM_BWA","air",0.162
"jgrnd","ZAM_BWA","arf",0.162
"jgrnd","ZAM_COD","air",0.126
"jgrnd","ZAM_COD","arf",0.126
"jgrnd","ZAM_MOZ","air",0.162
"jgrnd","ZAM_MOZ","arf",0.162
"jgrnd","ZAM_MWI","air",0.162
"jgrnd","ZAM_MWI","arf",0.162
"jgrnd","ZAM_NAM","air",0.162
"jgrnd","ZAM_NAM","arf",0.162
"jgrnd","ZAM_TZA","air",0.162
"jgrnd","ZAM_TZA","arf",0.162
"jgrnd","ZAM_ZMB","air",0.162
"jgrnd","ZAM_ZMB","arf",0.162
"jgrnd","ZAM_ZWE","air",0.162
"jgrnd","ZAM_ZWE","arf",0.162
"jgrnd","ZHJ_CHM","air",0.114
"jgrnd","ZHJ_CHM","arf",0.114
"jgdnt","ALK_USA","air",0.045
"jgdnt","ALK_USA","arf",0.045
"jgdnt","AMA_BOL","air",0.06
"jgdnt","AMA_BOL","arf",0.06
"jgdnt","AMA_BRA","air",0.051
"jgdnt","AMA_BRA","arf",0.051
"jgdnt","AMR_CHM","air",0.057
"jgdnt","AMR_CHM","arf",0.057
"jgdnt","ARA_IRQ","air",0.042
"jgdnt","ARA_IRQ","arf",0.042
"jgdnt","ARK_USA","air",0.045
"jgdnt","ARK_USA","arf",0.045
"jgdnt","BOR_IDN","air",0.042
"jgdnt","BOR_IDN","arf",0.042
"jgdnt","BOR_MYS","air",0.033
"jgdnt","BOR_MYS","arf",0.033
"jgdnt","BRT_BGD","air",0.069
"jgdnt","BRT_BGD","arf",0.069
"jgdnt","BRT_CHM","air",0.057
"jgdnt","BRT_CHM","arf",0.057
"jgdnt","BRT_IND","air",0.063
"jgdnt","BRT_IND","arf",0.063
"jgdnt","CAF_AGO","air",0.081
"jgdnt","CAF_AGO","arf",0.081
"jgdnt","CAF_CAF","air",0.063
"jgdnt","CAF_CAF","arf",0.063
"jgdnt","CAF_CMR","air",0.063
"jgdnt","CAF_CMR","arf",0.063
"jgdnt","CAF_COG","air",0.063
"jgdnt","CAF_COG","arf",0.063
"jgdnt","CAL_USA","air",0.045
"jgdnt","CAL_USA","arf",0.045
"jgdnt","CAU_AUS","air",0.039
"jgdnt","CAU_AUS","arf",0.039
"jgdnt","CAV_IND","air",0.063
"jgdnt","CAV_IND","arf",0.063
"jgdnt","CHJ_CHM","air",0.057
"jgdnt","CHJ_CHM","arf",0.057
"jgdnt","CHO_IND","air",0.063
"jgdnt","CHO_IND","arf",0.063
"jgdnt","COB_USA","air",0.045
"jgdnt","COB_USA","arf",0.045
"jgdnt","COL_USA","air",0.045
"jgdnt","COL_USA","arf",0.045
"jgdnt","CON_AGO","air",0.081
"jgdnt","CON_AGO","arf",0.081
"jgdnt","CON_CAF","air",0.063
"jgdnt","CON_CAF","arf",0.063
"jgdnt","CON_COD","air",0.063
"jgdnt","CON_COD","arf",0.063
"jgdnt","CON_COG","air",0.063
"jgdnt","CON_COG","arf",0.063
"jgdnt","CRB_CRB","air",0.057
"jgdnt","CRB_CRB","arf",0.057
"jgdnt","CUB_CUB","air",0.06
"jgdnt","CUB_CUB","arf",0.06
"jgdnt","DOM_DOM","air",0.06
"jgdnt","DOM_DOM","arf",0.06
"jgdnt","EAC_BDI","air",0.081
"jgdnt","EAC_BDI","arf",0.081
"jgdnt","EAC_COD","air",0.063
"jgdnt","EAC_COD","arf",0.063
"jgdnt","EAC_RWA","air",0.081
"jgdnt","EAC_RWA","arf",0.081
"jgdnt","EAC_TZA","air",0.081
"jgdnt","EAC_TZA","arf",0.081
"jgdnt","EAU_AUS","air",0.039
"jgdnt","EAU_AUS","arf",0.039
"jgdnt","EGH_IND","air",0.063
"jgdnt","EGH_IND","arf",0.063
"jgdnt","EME_EGY","air",0.057
"jgdnt","EME_EGY","arf",0.057
"jgdnt","EME_LBN","air",0.042
"jgdnt","EME_LBN","arf",0.042
"jgdnt","GAN_BGD","air",0.069
"jgdnt","GAN_BGD","arf",0.069
"jgdnt","GAN_CHM","air",0.057
"jgdnt","GAN_CHM","arf",0.057
"jgdnt","GAN_IND","air",0.063
"jgdnt","GAN_IND","arf",0.063
"jgdnt","GBA_USA","air",0.045
"jgdnt","GBA_USA","arf",0.045
"jgdnt","GLA_USA","air",0.045
"jgdnt","GLA_USA","arf",0.045
"jgdnt","GOD_IND","air",0.063
"jgdnt","GOD_IND","arf",0.063
"jgdnt","GTM_GTM","air",0.06
"jgdnt","GTM_GTM","arf",0.06
"jgdnt","HAI_CHM","air",0.057
"jgdnt","HAI_CHM","arf",0.057
"jgdnt","HOA_ETH","air",0.066
"jgdnt","HOA_ETH","arf",0.066
"jgdnt","HUA_CHM","air",0.057
"jgdnt","HUA_CHM","arf",0.057
"jgdnt","HUN_CHM","air",0.057
"jgdnt","HUN_CHM","arf",0.057
"jgdnt","HWI_USA","air",0.045
"jgdnt","HWI_USA","arf",0.045
"jgdnt","IEC_IND","air",0.063
"jgdnt","IEC_IND","arf",0.063
"jgdnt","IND_CHM","air",0.057
"jgdnt","IND_CHM","arf",0.057
"jgdnt","IND_IND","air",0.063
"jgdnt","IND_IND","arf",0.063
"jgdnt","IND_PAK","air",0.054
"jgdnt","IND_PAK","arf",0.054
"jgdnt","INE_IDN","air",0.042
"jgdnt","INE_IDN","arf",0.042
"jgdnt","INW_IDN","air",0.042
"jgdnt","INW_IDN","arf",0.042
"jgdnt","KAL_ZAF","air",0.057
"jgdnt","KAL_ZAF","arf",0.057
"jgdnt","KRI_IND","air",0.063
"jgdnt","KRI_IND","arf",0.063
"jgdnt","LAJ_CHM","air",0.057
"jgdnt","LAJ_CHM","arf",0.057
"jgdnt","LCB_CAF","air",0.063
"jgdnt","LCB_CAF","arf",0.063
"jgdnt","LCB_CMR","air",0.063
"jgdnt","LCB_CMR","arf",0.063
"jgdnt","LCB_NER","air",0.066
"jgdnt","LCB_NER","arf",0.066
"jgdnt","LCB_NGA","air",0.054
"jgdnt","LCB_NGA","arf",0.054
"jgdnt","LCB_TCD","air",0.066
"jgdnt","LCB_TCD","arf",0.066
"jgdnt","LIM_MOZ","air",0.081
"jgdnt","LIM_MOZ","arf",0.081
"jgdnt","LIM_ZAF","air",0.057
"jgdnt","LIM_ZAF","arf",0.057
"jgdnt","LIM_ZWE","air",0.081
"jgdnt","LIM_ZWE","arf",0.081
"jgdnt","LMO_CHM","air",0.057
"jgdnt","LMO_CHM","arf",0.057
"jgdnt","LUN_IND","air",0.063
"jgdnt","LUN_IND","arf",0.063
"jgdnt","MAD_MDG","air",0.081
"jgdnt","MAD_MDG","arf",0.081
"jgdnt","MAT_IND","air",0.063
"jgdnt","MAT_IND","arf",0.063
"jgdnt","MAU_AUS","air",0.039
"jgdnt","MAU_AUS","arf",0.039
"jgdnt","MEK_KHM","air",0.048
"jgdnt","MEK_KHM","arf",0.048
"jgdnt","MEK_LAO","air",0.048
"jgdnt","MEK_LAO","arf",0.048
"jgdnt","MEK_MMR","air",0.045
"jgdnt","MEK_MMR","arf",0.045
"jgdnt","MEK_THA","air",0.048
"jgdnt","MEK_THA","arf",0.048
"jgdnt","MEK_VNM","air",0.051
"jgdnt","MEK_VNM","arf",0.051
"jgdnt","MHN_IND","air",0.063
"jgdnt","MHN_IND","arf",0.063
"jgdnt","MIM_MEX","air",0.057
"jgdnt","MIM_MEX","arf",0.057
"jgdnt","MIS_USA","air",0.045
"jgdnt","MIS_USA","arf",0.045
"jgdnt","MOU_USA","air",0.045
"jgdnt","MOU_USA","arf",0.045
"jgdnt","NAC_DZA","air",0.042
"jgdnt","NAC_DZA","arf",0.042
"jgdnt","NAC_EGY","air",0.057
"jgdnt","NAC_EGY","arf",0.057
"jgdnt","NEB_BRA","air",0.051
"jgdnt","NEB_BRA","arf",0.051
"jgdnt","NIC_NIC","air",0.06
"jgdnt","NIC_NIC","arf",0.06
"jgdnt","NIG_BEN","air",0.063
"jgdnt","NIG_BEN","arf",0.063
"jgdnt","NIG_BFA","air",0.066
"jgdnt","NIG_BFA","arf",0.066
"jgdnt","NIG_CIV","air",0.063
"jgdnt","NIG_CIV","arf",0.063
"jgdnt","NIG_CMR","air",0.063
"jgdnt","NIG_CMR","arf",0.063
"jgdnt","NIG_GIN","air",0.063
"jgdnt","NIG_GIN","arf",0.063
"jgdnt","NIG_MLI","air",0.066
"jgdnt","NIG_MLI","arf",0.066
"jgdnt","NIG_NER","air",0.066
"jgdnt","NIG_NER","arf",0.066
"jgdnt","NIG_NGA","air",0.054
"jgdnt","NIG_NGA","arf",0.054
"jgdnt","NIG_TCD","air",0.066
"jgdnt","NIG_TCD","arf",0.066
"jgdnt","NLL_EGY","air",0.057
"jgdnt","NLL_EGY","arf",0.057
"jgdnt","NLL_ETH","air",0.066
"jgdnt","NLL_ETH","arf",0.066
"jgdnt","NLL_SDN","air",0.066
"jgdnt","NLL_SDN","arf",0.066
"jgdnt","NLL_UGA","air",0.081
"jgdnt","NLL_UGA","arf",0.081
"jgdnt","NWA_MOR","air",0.042
"jgdnt","NWA_MOR","arf",0.042
"jgdnt","OBB_CHM","air",0.057
"jgdnt","OBB_CHM","arf",0.057
"jgdnt","OHI_USA","air",0.045
"jgdnt","OHI_USA","arf",0.045
"jgdnt","ORA_ZAF","air",0.057
"jgdnt","ORA_ZAF","arf",0.057
"jgdnt","ORI_VEN","air",0.06
"jgdnt","ORI_VEN","arf",0.06
"jgdnt","PAR_ARG","air",0.03
"jgdnt","PAR_ARG","arf",0.03
"jgdnt","PAR_BOL","air",0.06
"jgdnt","PAR_BOL","arf",0.06
"jgdnt","PAR_BRA","air",0.051
"jgdnt","PAR_BRA","arf",0.051
"jgdnt","PAR_PRY","air",0.06
"jgdnt","PAR_PRY","arf",0.06
"jgdnt","PHI_PHL","air",0.048
"jgdnt","PHI_PHL","arf",0.048
"jgdnt","RIC_ARG","air",0.03
"jgdnt","RIC_ARG","arf",0.03
"jgdnt","RIG_MEX","air",0.057
"jgdnt","RIG_MEX","arf",0.057
"jgdnt","RIG_USA","air",0.045
"jgdnt","RIG_USA","arf",0.045
"jgdnt","RVE_VEN","air",0.06
"jgdnt","RVE_VEN","arf",0.06
"jgdnt","RVN_VNM","air",0.051
"jgdnt","RVN_VNM","arf",0.051
"jgdnt","RWI_USA","air",0.045
"jgdnt","RWI_USA","arf",0.045
"jgdnt","SAC_ZAF","air",0.057
"jgdnt","SAC_ZAF","arf",0.057
"jgdnt","SAF_MOZ","air",0.081
"jgdnt","SAF_MOZ","arf",0.081
"jgdnt","SAF_TZA","air",0.081
"jgdnt","SAF_TZA","arf",0.081
"jgdnt","SAF_ZWE","air",0.081
"jgdnt","SAF_ZWE","arf",0.081
"jgdnt","SAH_DZA","air",0.042
"jgdnt","SAH_DZA","arf",0.042
"jgdnt","SAH_EGY","air",0.057
"jgdnt","SAH_EGY","arf",0.057
"jgdnt","SAH_MLI","air",0.066
"jgdnt","SAH_MLI","arf",0.066
"jgdnt","SAH_MOR","air",0.042
"jgdnt","SAH_MOR","arf",0.042
"jgdnt","SAH_NER","air",0.066
"jgdnt","SAH_NER","arf",0.066
"jgdnt","SAH_SDN","air",0.066
"jgdnt","SAH_SDN","arf",0.066
"jgdnt","SAH_TCD","air",0.066
"jgdnt","SAH_TCD","arf",0.066
"jgdnt","SAL_ARG","air",0.03
"jgdnt","SAL_ARG","arf",0.03
"jgdnt","SAN_BRA","air",0.051
"jgdnt","SAN_BRA","arf",0.051
"jgdnt","SAU_SAU","air",0.042
"jgdnt","SAU_SAU","arf",0.042
"jgdnt","SAY_IND","air",0.063
"jgdnt","SAY_IND","arf",0.063
"jgdnt","SEN_GIN","air",0.063
"jgdnt","SEN_GIN","arf",0.063
"jgdnt","SEN_MLI","air",0.066
"jgdnt","SEN_MLI","arf",0.066
"jgdnt","SEN_SEN","air",0.063
"jgdnt","SEN_SEN","arf",0.063
"jgdnt","SEU_USA","air",0.045
"jgdnt","SEU_USA","arf",0.045
"jgdnt","SKP_KOR","air",0.048
"jgdnt","SKP_KOR","arf",0.048
"jgdnt","SON_CHM","air",0.057
"jgdnt","SON_CHM","arf",0.057
"jgdnt","SRL_LKA","air",0.06
"jgdnt","SRL_LKA","arf",0.06
"jgdnt","TIE_ARG","air",0.03
"jgdnt","TIE_ARG","arf",0.03
"jgdnt","TIG_IRQ","air",0.042
"jgdnt","TIG_IRQ","arf",0.042
"jgdnt","TMM_BGD","air",0.069
"jgdnt","TMM_BGD","arf",0.069
"jgdnt","TMM_MMR","air",0.045
"jgdnt","TMM_MMR","arf",0.045
"jgdnt","TMM_MYS","air",0.033
"jgdnt","TMM_MYS","arf",0.033
"jgdnt","TMM_THA","air",0.048
"jgdnt","TMM_THA","arf",0.048
"jgdnt","TOC_BRA","air",0.051
"jgdnt","TOC_BRA","arf",0.051
"jgdnt","TWN_CHM","air",0.057
"jgdnt","TWN_CHM","arf",0.057
"jgdnt","UME_MEX","air",0.057
"jgdnt","UME_MEX","arf",0.057
"jgdnt","URU_BRA","air",0.051
"jgdnt","URU_BRA","arf",0.051
"jgdnt","USN_USA","air",0.045
"jgdnt","USN_USA","arf",0.045
"jgdnt","VOT_BEN","air",0.063
"jgdnt","VOT_BEN","arf",0.063
"jgdnt","VOT_BFA","air",0.066
"jgdnt","VOT_BFA","arf",0.066
"jgdnt","VOT_CIV","air",0.063
"jgdnt","VOT_CIV","arf",0.063
"jgdnt","VOT_GHA","air",0.063
"jgdnt","VOT_GHA","arf",0.063
"jgdnt","VOT_MLI","air",0.066
"jgdnt","VOT_MLI","arf",0.066
"jgdnt","VOT_TGO","air",0.063
"jgdnt","VOT_TGO","arf",0.063
"jgdnt","WAC_CIV","air",0.063
"jgdnt","WAC_CIV","arf",0.063
"jgdnt","WAC_GIN","air",0.063
"jgdnt","WAC_GIN","arf",0.063
"jgdnt","WAC_GMB","air",0.063
"jgdnt","WAC_GMB","arf",0.063
"jgdnt","WAC_GNB","air",0.063
"jgdnt","WAC_GNB","arf",0.063
"jgdnt","WAC_SEN","air",0.063
"jgdnt","WAC_SEN","arf",0.063
"jgdnt","WAC_SLE","air",0.063
"jgdnt","WAC_SLE","arf",0.063
"jgdnt","WAI_PAK","air",0.054
"jgdnt","WAI_PAK","arf",0.054
"jgdnt","WAU_AUS","air",0.039
"jgdnt","WAU_AUS","arf",0.039
"jgdnt","WGM_USA","air",0.045
"jgdnt","WGM_USA","arf",0.045
"jgdnt","YHE_CHM","air",0.057
"jgdnt","YHE_CHM","arf",0.057
"jgdnt","YRD_CHM","air",0.057
"jgdnt","YRD_CHM","arf",0.057
"jgdnt","YRD_VNM","air",0.051
"jgdnt","YRD_VNM","arf",0.051
"jgdnt","YUC_MEX","air",0.057
"jgdnt","YUC_MEX","arf",0.057
"jgdnt","ZAM_AGO","air",0.081
"jgdnt","ZAM_AGO","arf",0.081
"jgdnt","ZAM_COD","air",0.063
"jgdnt","ZAM_COD","arf",0.063
"jgdnt","ZAM_MOZ","air",0.081
"jgdnt","ZAM_MOZ","arf",0.081
"jgdnt","ZAM_MWI","air",0.081
"jgdnt","ZAM_MWI","arf",0.081
"jgdnt","ZAM_TZA","air",0.081
"jgdnt","ZAM_TZA","arf",0.081
"jgdnt","ZAM_ZMB","air",0.081
"jgdnt","ZAM_ZMB","arf",0.081
"jgdnt","ZAM_ZWE","air",0.081
"jgdnt","ZAM_ZWE","arf",0.081
"jgdnt","ZHJ_CHM","air",0.057
"jgdnt","ZHJ_CHM","arf",0.057
"jrpsd","AMA_BOL","air",0.28
"jrpsd","AMA_BOL","arf",0.28
"jrpsd","AMA_BRA","air",0.24
"jrpsd","AMA_BRA","arf",0.24
"jrpsd","AMA_COL","air",0.26
"jrpsd","AMA_COL","arf",0.26
"jrpsd","AMA_ECU","air",0.28
"jrpsd","AMA_ECU","arf",0.28
"jrpsd","AMA_PER","air",0.28
"jrpsd","AMA_PER","arf",0.28
"jrpsd","AMD_AFG","air",0.26
"jrpsd","AMD_AFG","arf",0.26
"jrpsd","AMD_TJK","air",0.28
"jrpsd","AMD_TJK","arf",0.28
"jrpsd","AMD_UZB","air",0.28
"jrpsd","AMD_UZB","arf",0.28
"jrpsd","AMR_CHM","air",0.26
"jrpsd","AMR_CHM","arf",0.26
"jrpsd","AMR_RUS","air",0.22
"jrpsd","AMR_RUS","arf",0.22
"jrpsd","ARA_IRQ","air",0.2
"jrpsd","ARA_IRQ","arf",0.2
"jrpsd","BAL_BLT","air",0.22
"jrpsd","BAL_BLT","arf",0.22
"jrpsd","BAL_RUS","air",0.22
"jrpsd","BAL_RUS","arf",0.22
"jrpsd","BLA_RUS","air",0.22
"jrpsd","BLA_RUS","arf",0.22
"jrpsd","BLA_UKR","air",0.22
"jrpsd","BLA_UKR","arf",0.22
"jrpsd","BOR_MYS","air",0.14
"jrpsd","BOR_MYS","arf",0.14
"jrpsd","BRT_BTN","air",0.26
"jrpsd","BRT_BTN","arf",0.26
"jrpsd","BRT_CHM","air",0.26
"jrpsd","BRT_CHM","arf",0.26
"jrpsd","BRT_IND","air",0.28
"jrpsd","BRT_IND","arf",0.28
"jrpsd","CAF_AGO","air",0.38
"jrpsd","CAF_AGO","arf",0.38
"jrpsd","CAF_CAF","air",0.28
"jrpsd","CAF_CAF","arf",0.28
"jrpsd","CAF_CMR","air",0.28
"jrpsd","CAF_CMR","arf",0.28
"jrpsd","CAF_COG","air",0.28
"jrpsd","CAF_COG","arf",0.28
"jrpsd","CAN_CAN","air",0.26
"jrpsd","CAN_CAN","arf",0.26
"jrpsd","CAU_AUS","air",0.16
"jrpsd","CAU_AUS","arf",0.16
"jrpsd","CAV_IND","air",0.28
"jrpsd","CAV_IND","arf",0.28
"jrpsd","CHJ_CHM","air",0.26
"jrpsd","CHJ_CHM","arf",0.26
"jrpsd","CHO_IND","air",0.28
"jrpsd","CHO_IND","arf",0.28
"jrpsd","CHU_KAZ","air",0.28
"jrpsd","CHU_KAZ","arf",0.28
"jrpsd","CHU_KGZ","air",0.28
"jrpsd","CHU_KGZ","arf",0.28
"jrpsd","COB_CAN","air",0.26
"jrpsd","COB_CAN","arf",0.26
"jrpsd","CON_AGO","air",0.38
"jrpsd","CON_AGO","arf",0.38
"jrpsd","CON_CAF","air",0.28
"jrpsd","CON_CAF","arf",0.28
"jrpsd","CON_COD","air",0.28
"jrpsd","CON_COD","arf",0.28
"jrpsd","CON_COG","air",0.28
"jrpsd","CON_COG","arf",0.28
"jrpsd","CRI_CRI","air",0.28
"jrpsd","CRI_CRI","arf",0.28
"jrpsd","DAN_BGR","air",0.22
"jrpsd","DAN_BGR","arf",0.22
"jrpsd","DAN_CZE","air",0.22
"jrpsd","DAN_CZE","arf",0.22
"jrpsd","DAN_HRV","air",0.22
"jrpsd","DAN_HRV","arf",0.22
"jrpsd","DAN_HUN","air",0.22
"jrpsd","DAN_HUN","arf",0.22
"jrpsd","DAN_OBN","air",0.22
"jrpsd","DAN_OBN","arf",0.22
"jrpsd","DAN_ROU","air",0.22
"jrpsd","DAN_ROU","arf",0.22
"jrpsd","DAN_SVK","air",0.22
"jrpsd","DAN_SVK","arf",0.22
"jrpsd","DAN_UKR","air",0.22
"jrpsd","DAN_UKR","arf",0.22
"jrpsd","DNI_RUS","air",0.22
"jrpsd","DNI_RUS","arf",0.22
"jrpsd","DNI_UKR","air",0.22
"jrpsd","DNI_UKR","arf",0.22
"jrpsd","EAC_COD","air",0.28
"jrpsd","EAC_COD","arf",0.28
"jrpsd","EAC_TZA","air",0.38
"jrpsd","EAC_TZA","arf",0.38
"jrpsd","EAU_AUS","air",0.16
"jrpsd","EAU_AUS","arf",0.16
"jrpsd","EGH_IND","air",0.28
"jrpsd","EGH_IND","arf",0.28
"jrpsd","ELB_DNK","air",0.2
"jrpsd","ELB_DNK","arf",0.2
"jrpsd","EME_EGY","air",0.26
"jrpsd","EME_EGY","arf",0.26
"jrpsd","EME_JOR","air",0.2
"jrpsd","EME_JOR","arf",0.2
"jrpsd","EME_LBN","air",0.2
"jrpsd","EME_LBN","arf",0.2
"jrpsd","EME_PSE","air",0.28
"jrpsd","EME_PSE","arf",0.28
"jrpsd","EME_SYR","air",0.2
"jrpsd","EME_SYR","arf",0.2
"jrpsd","GAN_CHM","air",0.26
"jrpsd","GAN_CHM","arf",0.26
"jrpsd","GAN_IND","air",0.28
"jrpsd","GAN_IND","arf",0.28
"jrpsd","GLA_CAN","air",0.26
"jrpsd","GLA_CAN","arf",0.26
"jrpsd","GOD_IND","air",0.28
"jrpsd","GOD_IND","arf",0.28
"jrpsd","GTM_GTM","air",0.28
"jrpsd","GTM_GTM","arf",0.28
"jrpsd","HAI_CHM","air",0.26
"jrpsd","HAI_CHM","arf",0.26
"jrpsd","HND_HND","air",0.28
"jrpsd","HND_HND","arf",0.28
"jrpsd","HOA_ETH","air",0.32
"jrpsd","HOA_ETH","arf",0.32
"jrpsd","HOA_KEN","air",0.38
"jrpsd","HOA_KEN","arf",0.38
"jrpsd","HOA_SOM","air",0.32
"jrpsd","HOA_SOM","arf",0.32
"jrpsd","HTI_HTI","air",0.28
"jrpsd","HTI_HTI","arf",0.28
"jrpsd","HUA_CHM","air",0.26
"jrpsd","HUA_CHM","arf",0.26
"jrpsd","HUN_CHM","air",0.26
"jrpsd","HUN_CHM","arf",0.26
"jrpsd","IEC_IND","air",0.28
"jrpsd","IEC_IND","arf",0.28
"jrpsd","IND_CHM","air",0.26
"jrpsd","IND_CHM","arf",0.26
"jrpsd","IND_IND","air",0.28
"jrpsd","IND_IND","arf",0.28
"jrpsd","IRL_IRL","air",0.2
"jrpsd","IRL_IRL","arf",0.2
"jrpsd","KAL_ZAF","air",0.26
"jrpsd","KAL_ZAF","arf",0.26
"jrpsd","KRI_IND","air",0.28
"jrpsd","KRI_IND","arf",0.28
"jrpsd","LAJ_CHM","air",0.26
"jrpsd","LAJ_CHM","arf",0.26
"jrpsd","LBA_KAZ","air",0.28
"jrpsd","LBA_KAZ","arf",0.28
"jrpsd","LCB_CAF","air",0.28
"jrpsd","LCB_CAF","arf",0.28
"jrpsd","LCB_CMR","air",0.28
"jrpsd","LCB_CMR","arf",0.28
"jrpsd","LCB_NER","air",0.32
"jrpsd","LCB_NER","arf",0.32
"jrpsd","LCB_NGA","air",0.26
"jrpsd","LCB_NGA","arf",0.26
"jrpsd","LCB_TCD","air",0.32
"jrpsd","LCB_TCD","arf",0.32
"jrpsd","LIM_MOZ","air",0.38
"jrpsd","LIM_MOZ","arf",0.38
"jrpsd","LIM_ZAF","air",0.26
"jrpsd","LIM_ZAF","arf",0.26
"jrpsd","LIM_ZWE","air",0.38
"jrpsd","LIM_ZWE","arf",0.38
"jrpsd","LMO_CHM","air",0.26
"jrpsd","LMO_CHM","arf",0.26
"jrpsd","LMO_MNG","air",0.26
"jrpsd","LMO_MNG","arf",0.26
"jrpsd","LTZ_KAZ","air",0.28
"jrpsd","LTZ_KAZ","arf",0.28
"jrpsd","LUN_IND","air",0.28
"jrpsd","LUN_IND","arf",0.28
"jrpsd","MAT_IND","air",0.28
"jrpsd","MAT_IND","arf",0.28
"jrpsd","MAU_AUS","air",0.16
"jrpsd","MAU_AUS","arf",0.16
"jrpsd","MCK_CAN","air",0.26
"jrpsd","MCK_CAN","arf",0.26
"jrpsd","MEK_KHM","air",0.22
"jrpsd","MEK_KHM","arf",0.22
"jrpsd","MEK_LAO","air",0.22
"jrpsd","MEK_LAO","arf",0.22
"jrpsd","MEK_MMR","air",0.2
"jrpsd","MEK_MMR","arf",0.2
"jrpsd","MEK_THA","air",0.22
"jrpsd","MEK_THA","arf",0.22
"jrpsd","MEK_VNM","air",0.22
"jrpsd","MEK_VNM","arf",0.22
"jrpsd","MHN_IND","air",0.28
"jrpsd","MHN_IND","arf",0.28
"jrpsd","NAC_EGY","air",0.26
"jrpsd","NAC_EGY","arf",0.26
"jrpsd","NAC_TUN","air",0.2
"jrpsd","NAC_TUN","arf",0.2
"jrpsd","NEB_BRA","air",0.24
"jrpsd","NEB_BRA","arf",0.24
"jrpsd","NER_RUS","air",0.22
"jrpsd","NER_RUS","arf",0.22
"jrpsd","NIC_NIC","air",0.28
"jrpsd","NIC_NIC","arf",0.28
"jrpsd","NIG_BEN","air",0.28
"jrpsd","NIG_BEN","arf",0.28
"jrpsd","NIG_BFA","air",0.32
"jrpsd","NIG_BFA","arf",0.32
"jrpsd","NIG_CIV","air",0.28
"jrpsd","NIG_CIV","arf",0.28
"jrpsd","NIG_CMR","air",0.28
"jrpsd","NIG_CMR","arf",0.28
"jrpsd","NIG_GIN","air",0.28
"jrpsd","NIG_GIN","arf",0.28
"jrpsd","NIG_MLI","air",0.32
"jrpsd","NIG_MLI","arf",0.32
"jrpsd","NIG_NER","air",0.32
"jrpsd","NIG_NER","arf",0.32
"jrpsd","NIG_NGA","air",0.26
"jrpsd","NIG_NGA","arf",0.26
"jrpsd","NIG_TCD","air",0.32
"jrpsd","NIG_TCD","arf",0.32
"jrpsd","NLL_EGY","air",0.26
"jrpsd","NLL_EGY","arf",0.26
"jrpsd","NLL_ERI","air",0.32
"jrpsd","NLL_ERI","arf",0.32
"jrpsd","NLL_ETH","air",0.32
"jrpsd","NLL_ETH","arf",0.32
"jrpsd","NLL_SDN","air",0.32
"jrpsd","NLL_SDN","arf",0.32
"jrpsd","NLL_UGA","air",0.38
"jrpsd","NLL_UGA","arf",0.38
"jrpsd","NWA_MOR","air",0.2
"jrpsd","NWA_MOR","arf",0.2
"jrpsd","NWS_COL","air",0.26
"jrpsd","NWS_COL","arf",0.26
"jrpsd","NWS_ECU","air",0.28
"jrpsd","NWS_ECU","arf",0.28
"jrpsd","NZE_NZL","air",0.26
"jrpsd","NZE_NZL","arf",0.26
"jrpsd","OBB_CHM","air",0.26
"jrpsd","OBB_CHM","arf",0.26
"jrpsd","OBB_KAZ","air",0.28
"jrpsd","OBB_KAZ","arf",0.28
"jrpsd","OBB_RUS","air",0.22
"jrpsd","OBB_RUS","arf",0.22
"jrpsd","ODE_POL","air",0.22
"jrpsd","ODE_POL","arf",0.22
"jrpsd","ODE_RUS","air",0.22
"jrpsd","ODE_RUS","arf",0.22
"jrpsd","ORA_ZAF","air",0.26
"jrpsd","ORA_ZAF","arf",0.26
"jrpsd","ORI_COL","air",0.26
"jrpsd","ORI_COL","arf",0.26
"jrpsd","ORI_VEN","air",0.28
"jrpsd","ORI_VEN","arf",0.28
"jrpsd","PAR_ARG","air",0.18
"jrpsd","PAR_ARG","arf",0.18
"jrpsd","PAR_BOL","air",0.28
"jrpsd","PAR_BOL","arf",0.28
"jrpsd","PAR_BRA","air",0.24
"jrpsd","PAR_BRA","arf",0.24
"jrpsd","PAR_PRY","air",0.28
"jrpsd","PAR_PRY","arf",0.28
"jrpsd","PEC_PER","air",0.28
"jrpsd","PEC_PER","arf",0.28
"jrpsd","RHI_CHP","air",0.2
"jrpsd","RHI_CHP","arf",0.2
"jrpsd","RIC_ARG","air",0.18
"jrpsd","RIC_ARG","arf",0.18
"jrpsd","RRS_RUS","air",0.22
"jrpsd","RRS_RUS","arf",0.22
"jrpsd","RVE_VEN","air",0.28
"jrpsd","RVE_VEN","arf",0.28
"jrpsd","RVN_VNM","air",0.22
"jrpsd","RVN_VNM","arf",0.22
"jrpsd","RWI_CAN","air",0.26
"jrpsd","RWI_CAN","arf",0.26
"jrpsd","SAC_ZAF","air",0.26
"jrpsd","SAC_ZAF","arf",0.26
"jrpsd","SAF_MOZ","air",0.38
"jrpsd","SAF_MOZ","arf",0.38
"jrpsd","SAF_TZA","air",0.38
"jrpsd","SAF_TZA","arf",0.38
"jrpsd","SAF_ZWE","air",0.38
"jrpsd","SAF_ZWE","arf",0.38
"jrpsd","SAH_EGY","air",0.26
"jrpsd","SAH_EGY","arf",0.26
"jrpsd","SAH_MLI","air",0.32
"jrpsd","SAH_MLI","arf",0.32
"jrpsd","SAH_MOR","air",0.2
"jrpsd","SAH_MOR","arf",0.2
"jrpsd","SAH_NER","air",0.32
"jrpsd","SAH_NER","arf",0.32
"jrpsd","SAH_SDN","air",0.32
"jrpsd","SAH_SDN","arf",0.32
"jrpsd","SAH_TCD","air",0.32
"jrpsd","SAH_TCD","arf",0.32
"jrpsd","SAL_ARG","air",0.18
"jrpsd","SAL_ARG","arf",0.18
"jrpsd","SAN_BRA","air",0.24
"jrpsd","SAN_BRA","arf",0.24
"jrpsd","SAU_SAU","air",0.2
"jrpsd","SAU_SAU","arf",0.2
"jrpsd","SAY_IND","air",0.28
"jrpsd","SAY_IND","arf",0.28
"jrpsd","SEN_GIN","air",0.28
"jrpsd","SEN_GIN","arf",0.28
"jrpsd","SEN_MLI","air",0.32
"jrpsd","SEN_MLI","arf",0.32
"jrpsd","SEN_SEN","air",0.28
"jrpsd","SEN_SEN","arf",0.28
"jrpsd","SLV_SLV","air",0.28
"jrpsd","SLV_SLV","arf",0.28
"jrpsd","SON_CHM","air",0.26
"jrpsd","SON_CHM","arf",0.26
"jrpsd","SPP_SPP","air",0.2
"jrpsd","SPP_SPP","arf",0.2
"jrpsd","SRL_LKA","air",0.26
"jrpsd","SRL_LKA","arf",0.26
"jrpsd","SWE_SWE","air",0.2
"jrpsd","SWE_SWE","arf",0.2
"jrpsd","SYD_KAZ","air",0.28
"jrpsd","SYD_KAZ","arf",0.28
"jrpsd","SYD_KGZ","air",0.28
"jrpsd","SYD_KGZ","arf",0.28
"jrpsd","SYD_TJK","air",0.28
"jrpsd","SYD_TJK","arf",0.28
"jrpsd","SYD_UZB","air",0.28
"jrpsd","SYD_UZB","arf",0.28
"jrpsd","TIE_ARG","air",0.18
"jrpsd","TIE_ARG","arf",0.18
"jrpsd","TIG_IRQ","air",0.2
"jrpsd","TIG_IRQ","arf",0.2
"jrpsd","TIG_SYR","air",0.2
"jrpsd","TIG_SYR","arf",0.2
"jrpsd","TMM_MMR","air",0.2
"jrpsd","TMM_MMR","arf",0.2
"jrpsd","TMM_MYS","air",0.14
"jrpsd","TMM_MYS","arf",0.14
"jrpsd","TMM_THA","air",0.22
"jrpsd","TMM_THA","arf",0.22
"jrpsd","TOC_BRA","air",0.24
"jrpsd","TOC_BRA","arf",0.24
"jrpsd","TWN_CHM","air",0.26
"jrpsd","TWN_CHM","arf",0.26
"jrpsd","UMO_MNG","air",0.26
"jrpsd","UMO_MNG","arf",0.26
"jrpsd","UMO_RUS","air",0.22
"jrpsd","UMO_RUS","arf",0.22
"jrpsd","URA_KAZ","air",0.28
"jrpsd","URA_KAZ","arf",0.28
"jrpsd","URA_RUS","air",0.22
"jrpsd","URA_RUS","arf",0.22
"jrpsd","URU_BRA","air",0.24
"jrpsd","URU_BRA","arf",0.24
"jrpsd","URU_URY","air",0.28
"jrpsd","URU_URY","arf",0.28
"jrpsd","VOG_RUS","air",0.22
"jrpsd","VOG_RUS","arf",0.22
"jrpsd","VOT_BEN","air",0.28
"jrpsd","VOT_BEN","arf",0.28
"jrpsd","VOT_BFA","air",0.32
"jrpsd","VOT_BFA","arf",0.32
"jrpsd","VOT_CIV","air",0.28
"jrpsd","VOT_CIV","arf",0.28
"jrpsd","VOT_MLI","air",0.32
"jrpsd","VOT_MLI","arf",0.32
"jrpsd","VOT_TGO","air",0.28
"jrpsd","VOT_TGO","arf",0.28
"jrpsd","WAC_CIV","air",0.28
"jrpsd","WAC_CIV","arf",0.28
"jrpsd","WAC_GIN","air",0.28
"jrpsd","WAC_GIN","arf",0.28
"jrpsd","WAC_GMB","air",0.28
"jrpsd","WAC_GMB","arf",0.28
"jrpsd","WAC_SEN","air",0.28
"jrpsd","WAC_SEN","arf",0.28
"jrpsd","WAC_SLE","air",0.28
"jrpsd","WAC_SLE","arf",0.28
"jrpsd","WAI_AFG","air",0.26
"jrpsd","WAI_AFG","arf",0.26
"jrpsd","WAU_AUS","air",0.16
"jrpsd","WAU_AUS","arf",0.16
"jrpsd","YEM_YEM","air",0.2
"jrpsd","YEM_YEM","arf",0.2
"jrpsd","YEN_RUS","air",0.22
"jrpsd","YEN_RUS","arf",0.22
"jrpsd","YHE_CHM","air",0.26
"jrpsd","YHE_CHM","arf",0.26
"jrpsd","YRD_CHM","air",0.26
"jrpsd","YRD_CHM","arf",0.26
"jrpsd","YRD_VNM","air",0.22
"jrpsd","YRD_VNM","arf",0.22
"jrpsd","ZAM_AGO","air",0.38
"jrpsd","ZAM_AGO","arf",0.38
"jrpsd","ZAM_COD","air",0.28
"jrpsd","ZAM_COD","arf",0.28
"jrpsd","ZAM_MOZ","air",0.38
"jrpsd","ZAM_MOZ","arf",0.38
"jrpsd","ZAM_MWI","air",0.38
"jrpsd","ZAM_MWI","arf",0.38
"jrpsd","ZAM_TZA","air",0.38
"jrpsd","ZAM_TZA","arf",0.38
"jrpsd","ZAM_ZWE","air",0.38
"jrpsd","ZAM_ZWE","arf",0.38
"jrpsd","ZHJ_CHM","air",0.26
"jrpsd","ZHJ_CHM","arf",0.26
"jrpnt","ALK_USA","air",0.05
"jrpnt","ALK_USA","arf",0.05
"jrpnt","AMA_BRA","air",0.06
"jrpnt","AMA_BRA","arf",0.06
"jrpnt","AMD_UZB","air",0.07
"jrpnt","AMD_UZB","arf",0.07
"jrpnt","AMR_CHM","air",0.065
"jrpnt","AMR_CHM","arf",0.065
"jrpnt","AMR_RUS","air",0.055
"jrpnt","AMR_RUS","arf",0.055
"jrpnt","ARK_USA","air",0.05
"jrpnt","ARK_USA","arf",0.05
"jrpnt","BAL_BLT","air",0.055
"jrpnt","BAL_BLT","arf",0.055
"jrpnt","BAL_RUS","air",0.055
"jrpnt","BAL_RUS","arf",0.055
"jrpnt","BLA_RUS","air",0.055
"jrpnt","BLA_RUS","arf",0.055
"jrpnt","BLA_TUR","air",0.055
"jrpnt","BLA_TUR","arf",0.055
"jrpnt","BLA_UKR","air",0.055
"jrpnt","BLA_UKR","arf",0.055
"jrpnt","BOR_MYS","air",0.035
"jrpnt","BOR_MYS","arf",0.035
"jrpnt","BRT_BGD","air",0.075
"jrpnt","BRT_BGD","arf",0.075
"jrpnt","BRT_CHM","air",0.065
"jrpnt","BRT_CHM","arf",0.065
"jrpnt","BRT_IND","air",0.07
"jrpnt","BRT_IND","arf",0.07
"jrpnt","CAL_USA","air",0.05
"jrpnt","CAL_USA","arf",0.05
"jrpnt","CAN_CAN","air",0.065
"jrpnt","CAN_CAN","arf",0.065
"jrpnt","CAU_AUS","air",0.04
"jrpnt","CAU_AUS","arf",0.04
"jrpnt","CAV_IND","air",0.07
"jrpnt","CAV_IND","arf",0.07
"jrpnt","CHC_CHL","air",0.07
"jrpnt","CHC_CHL","arf",0.07
"jrpnt","CHJ_CHM","air",0.065
"jrpnt","CHJ_CHM","arf",0.065
"jrpnt","CHO_IND","air",0.07
"jrpnt","CHO_IND","arf",0.07
"jrpnt","CHU_KAZ","air",0.07
"jrpnt","CHU_KAZ","arf",0.07
"jrpnt","COB_CAN","air",0.065
"jrpnt","COB_CAN","arf",0.065
"jrpnt","COB_USA","air",0.05
"jrpnt","COB_USA","arf",0.05
"jrpnt","COL_USA","air",0.05
"jrpnt","COL_USA","arf",0.05
"jrpnt","DAN_AUT","air",0.05
"jrpnt","DAN_AUT","arf",0.05
"jrpnt","DAN_BGR","air",0.055
"jrpnt","DAN_BGR","arf",0.055
"jrpnt","DAN_CZE","air",0.055
"jrpnt","DAN_CZE","arf",0.055
"jrpnt","DAN_DEU","air",0.05
"jrpnt","DAN_DEU","arf",0.05
"jrpnt","DAN_HRV","air",0.055
"jrpnt","DAN_HRV","arf",0.055
"jrpnt","DAN_HUN","air",0.055
"jrpnt","DAN_HUN","arf",0.055
"jrpnt","DAN_MDA","air",0.055
"jrpnt","DAN_MDA","arf",0.055
"jrpnt","DAN_OBN","air",0.055
"jrpnt","DAN_OBN","arf",0.055
"jrpnt","DAN_ROU","air",0.055
"jrpnt","DAN_ROU","arf",0.055
"jrpnt","DAN_SVK","air",0.055
"jrpnt","DAN_SVK","arf",0.055
"jrpnt","DAN_SVN","air",0.055
"jrpnt","DAN_SVN","arf",0.055
"jrpnt","DAN_TUR","air",0.055
"jrpnt","DAN_TUR","arf",0.055
"jrpnt","DAN_UKR","air",0.055
"jrpnt","DAN_UKR","arf",0.055
"jrpnt","DNI_BLR","air",0.055
"jrpnt","DNI_BLR","arf",0.055
"jrpnt","DNI_RUS","air",0.055
"jrpnt","DNI_RUS","arf",0.055
"jrpnt","DNI_UKR","air",0.055
"jrpnt","DNI_UKR","arf",0.055
"jrpnt","EAU_AUS","air",0.04
"jrpnt","EAU_AUS","arf",0.04
"jrpnt","EGH_IND","air",0.07
"jrpnt","EGH_IND","arf",0.07
"jrpnt","ELB_DEU","air",0.05
"jrpnt","ELB_DEU","arf",0.05
"jrpnt","ELB_DNK","air",0.05
"jrpnt","ELB_DNK","arf",0.05
"jrpnt","EME_ISR","air",0.065
"jrpnt","EME_ISR","arf",0.065
"jrpnt","EME_TUR","air",0.055
"jrpnt","EME_TUR","arf",0.055
"jrpnt","FNP_FNP","air",0.05
"jrpnt","FNP_FNP","arf",0.05
"jrpnt","GAN_BGD","air",0.075
"jrpnt","GAN_BGD","arf",0.075
"jrpnt","GAN_CHM","air",0.065
"jrpnt","GAN_CHM","arf",0.065
"jrpnt","GAN_IND","air",0.07
"jrpnt","GAN_IND","arf",0.07
"jrpnt","GAN_NPL","air",0.065
"jrpnt","GAN_NPL","arf",0.065
"jrpnt","GBA_USA","air",0.05
"jrpnt","GBA_USA","arf",0.05
"jrpnt","GLA_CAN","air",0.065
"jrpnt","GLA_CAN","arf",0.065
"jrpnt","GLA_USA","air",0.05
"jrpnt","GLA_USA","arf",0.05
"jrpnt","GOD_IND","air",0.07
"jrpnt","GOD_IND","arf",0.07
"jrpnt","GRC_GRC","air",0.055
"jrpnt","GRC_GRC","arf",0.055
"jrpnt","HAI_CHM","air",0.065
"jrpnt","HAI_CHM","arf",0.065
"jrpnt","HOA_ETH","air",0.08
"jrpnt","HOA_ETH","arf",0.08
"jrpnt","HUA_CHM","air",0.065
"jrpnt","HUA_CHM","arf",0.065
"jrpnt","HUN_CHM","air",0.065
"jrpnt","HUN_CHM","arf",0.065
"jrpnt","HWI_USA","air",0.05
"jrpnt","HWI_USA","arf",0.05
"jrpnt","IEC_IND","air",0.07
"jrpnt","IEC_IND","arf",0.07
"jrpnt","IND_CHM","air",0.065
"jrpnt","IND_CHM","arf",0.065
"jrpnt","IND_IND","air",0.07
"jrpnt","IND_IND","arf",0.07
"jrpnt","IND_PAK","air",0.06
"jrpnt","IND_PAK","arf",0.06
"jrpnt","IRL_IRL","air",0.05
"jrpnt","IRL_IRL","arf",0.05
"jrpnt","ITA_ITP","air",0.05
"jrpnt","ITA_ITP","arf",0.05
"jrpnt","JAP_JPN","air",0.05
"jrpnt","JAP_JPN","arf",0.05
"jrpnt","KAL_ZAF","air",0.065
"jrpnt","KAL_ZAF","arf",0.065
"jrpnt","KRI_IND","air",0.07
"jrpnt","KRI_IND","arf",0.07
"jrpnt","LAJ_CHM","air",0.065
"jrpnt","LAJ_CHM","arf",0.065
"jrpnt","LBA_KAZ","air",0.07
"jrpnt","LBA_KAZ","arf",0.07
"jrpnt","LBO_FRP","air",0.05
"jrpnt","LBO_FRP","arf",0.05
"jrpnt","LIM_ZAF","air",0.065
"jrpnt","LIM_ZAF","arf",0.065
"jrpnt","LMO_CHM","air",0.065
"jrpnt","LMO_CHM","arf",0.065
"jrpnt","LTZ_KAZ","air",0.07
"jrpnt","LTZ_KAZ","arf",0.07
"jrpnt","LUN_IND","air",0.07
"jrpnt","LUN_IND","arf",0.07
"jrpnt","MAT_IND","air",0.07
"jrpnt","MAT_IND","arf",0.07
"jrpnt","MAU_AUS","air",0.04
"jrpnt","MAU_AUS","arf",0.04
"jrpnt","MCK_CAN","air",0.065
"jrpnt","MCK_CAN","arf",0.065
"jrpnt","MEK_MMR","air",0.05
"jrpnt","MEK_MMR","arf",0.05
"jrpnt","MHN_IND","air",0.07
"jrpnt","MHN_IND","arf",0.07
"jrpnt","MIM_MEX","air",0.07
"jrpnt","MIM_MEX","arf",0.07
"jrpnt","MIS_USA","air",0.05
"jrpnt","MIS_USA","arf",0.05
"jrpnt","MOU_USA","air",0.05
"jrpnt","MOU_USA","arf",0.05
"jrpnt","NAC_DZA","air",0.05
"jrpnt","NAC_DZA","arf",0.05
"jrpnt","NEB_BRA","air",0.06
"jrpnt","NEB_BRA","arf",0.06
"jrpnt","NER_RUS","air",0.055
"jrpnt","NER_RUS","arf",0.055
"jrpnt","NLL_ETH","air",0.08
"jrpnt","NLL_ETH","arf",0.08
"jrpnt","NOR_NOR","air",0.05
"jrpnt","NOR_NOR","arf",0.05
"jrpnt","NWA_MOR","air",0.05
"jrpnt","NWA_MOR","arf",0.05
"jrpnt","OBB_CHM","air",0.065
"jrpnt","OBB_CHM","arf",0.065
"jrpnt","OBB_KAZ","air",0.07
"jrpnt","OBB_KAZ","arf",0.07
"jrpnt","OBB_RUS","air",0.055
"jrpnt","OBB_RUS","arf",0.055
"jrpnt","ODE_DEU","air",0.05
"jrpnt","ODE_DEU","arf",0.05
"jrpnt","ODE_POL","air",0.055
"jrpnt","ODE_POL","arf",0.055
"jrpnt","ODE_RUS","air",0.055
"jrpnt","ODE_RUS","arf",0.055
"jrpnt","OHI_USA","air",0.05
"jrpnt","OHI_USA","arf",0.05
"jrpnt","ORA_ZAF","air",0.065
"jrpnt","ORA_ZAF","arf",0.065
"jrpnt","PAR_ARG","air",0.045
"jrpnt","PAR_ARG","arf",0.045
"jrpnt","PAR_BRA","air",0.06
"jrpnt","PAR_BRA","arf",0.06
"jrpnt","PAR_PRY","air",0.07
"jrpnt","PAR_PRY","arf",0.07
"jrpnt","RHI_BLX","air",0.05
"jrpnt","RHI_BLX","arf",0.05
"jrpnt","RHI_CHP","air",0.05
"jrpnt","RHI_CHP","arf",0.05
"jrpnt","RHI_DEU","air",0.05
"jrpnt","RHI_DEU","arf",0.05
"jrpnt","RHI_FRP","air",0.05
"jrpnt","RHI_FRP","arf",0.05
"jrpnt","RHI_NLD","air",0.05
"jrpnt","RHI_NLD","arf",0.05
"jrpnt","RHO_FRP","air",0.05
"jrpnt","RHO_FRP","arf",0.05
"jrpnt","RIC_ARG","air",0.045
"jrpnt","RIC_ARG","arf",0.045
"jrpnt","RIG_MEX","air",0.07
"jrpnt","RIG_MEX","arf",0.07
"jrpnt","RIG_USA","air",0.05
"jrpnt","RIG_USA","arf",0.05
"jrpnt","RRS_RUS","air",0.055
"jrpnt","RRS_RUS","arf",0.055
"jrpnt","RWI_CAN","air",0.065
"jrpnt","RWI_CAN","arf",0.065
"jrpnt","RWI_USA","air",0.05
"jrpnt","RWI_USA","arf",0.05
"jrpnt","SAC_ZAF","air",0.065
"jrpnt","SAC_ZAF","arf",0.065
"jrpnt","SAH_DZA","air",0.05
"jrpnt","SAH_DZA","arf",0.05
"jrpnt","SAH_MOR","air",0.05
"jrpnt","SAH_MOR","arf",0.05
"jrpnt","SAL_ARG","air",0.045
"jrpnt","SAL_ARG","arf",0.045
"jrpnt","SAN_BRA","air",0.06
"jrpnt","SAN_BRA","arf",0.06
"jrpnt","SAY_IND","air",0.07
"jrpnt","SAY_IND","arf",0.07
"jrpnt","SEI_FRP","air",0.05
"jrpnt","SEI_FRP","arf",0.05
"jrpnt","SEU_USA","air",0.05
"jrpnt","SEU_USA","arf",0.05
"jrpnt","SKP_KOR","air",0.05
"jrpnt","SKP_KOR","arf",0.05
"jrpnt","SON_CHM","air",0.065
"jrpnt","SON_CHM","arf",0.065
"jrpnt","SPP_SPP","air",0.05
"jrpnt","SPP_SPP","arf",0.05
"jrpnt","SWE_SWE","air",0.05
"jrpnt","SWE_SWE","arf",0.05
"jrpnt","SYD_KAZ","air",0.07
"jrpnt","SYD_KAZ","arf",0.07
"jrpnt","SYD_UZB","air",0.07
"jrpnt","SYD_UZB","arf",0.07
"jrpnt","TIE_ARG","air",0.045
"jrpnt","TIE_ARG","arf",0.045
"jrpnt","TIG_IRN","air",0.05
"jrpnt","TIG_IRN","arf",0.05
"jrpnt","TIG_TUR","air",0.055
"jrpnt","TIG_TUR","arf",0.055
"jrpnt","TMM_BGD","air",0.075
"jrpnt","TMM_BGD","arf",0.075
"jrpnt","TMM_MMR","air",0.05
"jrpnt","TMM_MMR","arf",0.05
"jrpnt","TMM_MYS","air",0.035
"jrpnt","TMM_MYS","arf",0.035
"jrpnt","TOC_BRA","air",0.06
"jrpnt","TOC_BRA","arf",0.06
"jrpnt","TWN_CHM","air",0.065
"jrpnt","TWN_CHM","arf",0.065
"jrpnt","UKP_UKP","air",0.05
"jrpnt","UKP_UKP","arf",0.05
"jrpnt","UME_MEX","air",0.07
"jrpnt","UME_MEX","arf",0.07
"jrpnt","UMO_RUS","air",0.055
"jrpnt","UMO_RUS","arf",0.055
"jrpnt","URA_KAZ","air",0.07
"jrpnt","URA_KAZ","arf",0.07
"jrpnt","URA_RUS","air",0.055
"jrpnt","URA_RUS","arf",0.055
"jrpnt","URU_BRA","air",0.06
"jrpnt","URU_BRA","arf",0.06
"jrpnt","URU_URY","air",0.07
"jrpnt","URU_URY","arf",0.07
"jrpnt","USN_USA","air",0.05
"jrpnt","USN_USA","arf",0.05
"jrpnt","VOG_RUS","air",0.055
"jrpnt","VOG_RUS","arf",0.055
"jrpnt","WAI_IRN","air",0.05
"jrpnt","WAI_IRN","arf",0.05
"jrpnt","WAI_PAK","air",0.06
"jrpnt","WAI_PAK","arf",0.06
"jrpnt","WAU_AUS","air",0.04
"jrpnt","WAU_AUS","arf",0.04
"jrpnt","WGM_USA","air",0.05
"jrpnt","WGM_USA","arf",0.05
"jrpnt","YEN_RUS","air",0.055
"jrpnt","YEN_RUS","arf",0.055
"jrpnt","YHE_CHM","air",0.065
"jrpnt","YHE_CHM","arf",0.065
"jrpnt","YRD_CHM","air",0.065
"jrpnt","YRD_CHM","arf",0.065
"jrpnt","YUC_MEX","air",0.07
"jrpnt","YUC_MEX","arf",0.07
"jrpnt","ZHJ_CHM","air",0.065
"jrpnt","ZHJ_CHM","arf",0.065
"jsoyb","ALB_ALB","air",0.11
"jsoyb","ALB_ALB","arf",0.11
"jsoyb","ALK_USA","air",0.1
"jsoyb","ALK_USA","arf",0.1
"jsoyb","AMA_BOL","air",0.14
"jsoyb","AMA_BOL","arf",0.14
"jsoyb","AMA_BRA","air",0.12
"jsoyb","AMA_BRA","arf",0.12
"jsoyb","AMD_AFG","air",0.13
"jsoyb","AMD_AFG","arf",0.13
"jsoyb","AMD_TJK","air",0.14
"jsoyb","AMD_TJK","arf",0.14
"jsoyb","AMD_UZB","air",0.14
"jsoyb","AMD_UZB","arf",0.14
"jsoyb","AMR_RUS","air",0.11
"jsoyb","AMR_RUS","arf",0.11
"jsoyb","ARK_USA","air",0.1
"jsoyb","ARK_USA","arf",0.1
"jsoyb","BAL_RUS","air",0.11
"jsoyb","BAL_RUS","arf",0.11
"jsoyb","BLA_RUS","air",0.11
"jsoyb","BLA_RUS","arf",0.11
"jsoyb","BLA_UKR","air",0.11
"jsoyb","BLA_UKR","arf",0.11
"jsoyb","BLZ_BLZ","air",0.14
"jsoyb","BLZ_BLZ","arf",0.14
"jsoyb","BOR_IDN","air",0.09
"jsoyb","BOR_IDN","arf",0.09
"jsoyb","BRT_BTN","air",0.13
"jsoyb","BRT_BTN","arf",0.13
"jsoyb","BRT_IND","air",0.14
"jsoyb","BRT_IND","arf",0.14
"jsoyb","CAF_AGO","air",0.19
"jsoyb","CAF_AGO","arf",0.19
"jsoyb","CAF_CMR","air",0.14
"jsoyb","CAF_CMR","arf",0.14
"jsoyb","CAL_USA","air",0.1
"jsoyb","CAL_USA","arf",0.1
"jsoyb","CAN_CAN","air",0.13
"jsoyb","CAN_CAN","arf",0.13
"jsoyb","CAV_IND","air",0.14
"jsoyb","CAV_IND","arf",0.14
"jsoyb","CHO_IND","air",0.14
"jsoyb","CHO_IND","arf",0.14
"jsoyb","CHU_KAZ","air",0.14
"jsoyb","CHU_KAZ","arf",0.14
"jsoyb","CHU_KGZ","air",0.14
"jsoyb","CHU_KGZ","arf",0.14
"jsoyb","COB_CAN","air",0.13
"jsoyb","COB_CAN","arf",0.13
"jsoyb","COB_USA","air",0.1
"jsoyb","COB_USA","arf",0.1
"jsoyb","COL_USA","air",0.1
"jsoyb","COL_USA","arf",0.1
"jsoyb","CON_AGO","air",0.19
"jsoyb","CON_AGO","arf",0.19
"jsoyb","CON_COD","air",0.14
"jsoyb","CON_COD","arf",0.14
"jsoyb","DAN_AUT","air",0.1
"jsoyb","DAN_AUT","arf",0.1
"jsoyb","DAN_CZE","air",0.11
"jsoyb","DAN_CZE","arf",0.11
"jsoyb","DAN_HUN","air",0.11
"jsoyb","DAN_HUN","arf",0.11
"jsoyb","DAN_MDA","air",0.11
"jsoyb","DAN_MDA","arf",0.11
"jsoyb","DAN_OBN","air",0.11
"jsoyb","DAN_OBN","arf",0.11
"jsoyb","DAN_ROU","air",0.11
"jsoyb","DAN_ROU","arf",0.11
"jsoyb","DAN_SVK","air",0.11
"jsoyb","DAN_SVK","arf",0.11
"jsoyb","DAN_SVN","air",0.11
"jsoyb","DAN_SVN","arf",0.11
"jsoyb","DAN_UKR","air",0.11
"jsoyb","DAN_UKR","arf",0.11
"jsoyb","DNI_RUS","air",0.11
"jsoyb","DNI_RUS","arf",0.11
"jsoyb","DNI_UKR","air",0.11
"jsoyb","DNI_UKR","arf",0.11
"jsoyb","EAC_BDI","air",0.19
"jsoyb","EAC_BDI","arf",0.19
"jsoyb","EAC_COD","air",0.14
"jsoyb","EAC_COD","arf",0.14
"jsoyb","EAC_RWA","air",0.19
"jsoyb","EAC_RWA","arf",0.19
"jsoyb","EAC_TZA","air",0.19
"jsoyb","EAC_TZA","arf",0.19
"jsoyb","EGH_IND","air",0.14
"jsoyb","EGH_IND","arf",0.14
"jsoyb","GAN_IND","air",0.14
"jsoyb","GAN_IND","arf",0.14
"jsoyb","GBA_USA","air",0.1
"jsoyb","GBA_USA","arf",0.1
"jsoyb","GLA_CAN","air",0.13
"jsoyb","GLA_CAN","arf",0.13
"jsoyb","GLA_USA","air",0.1
"jsoyb","GLA_USA","arf",0.1
"jsoyb","GOD_IND","air",0.14
"jsoyb","GOD_IND","arf",0.14
"jsoyb","GSA_GSA","air",0.14
"jsoyb","GSA_GSA","arf",0.14
"jsoyb","GTM_GTM","air",0.14
"jsoyb","GTM_GTM","arf",0.14
"jsoyb","HOA_ETH","air",0.16
"jsoyb","HOA_ETH","arf",0.16
"jsoyb","HOA_KEN","air",0.19
"jsoyb","HOA_KEN","arf",0.19
"jsoyb","HWI_USA","air",0.1
"jsoyb","HWI_USA","arf",0.1
"jsoyb","IEC_IND","air",0.14
"jsoyb","IEC_IND","arf",0.14
"jsoyb","IND_IND","air",0.14
"jsoyb","IND_IND","arf",0.14
"jsoyb","INE_IDN","air",0.09
"jsoyb","INE_IDN","arf",0.09
"jsoyb","INW_IDN","air",0.09
"jsoyb","INW_IDN","arf",0.09
"jsoyb","KAL_ZAF","air",0.13
"jsoyb","KAL_ZAF","arf",0.13
"jsoyb","KRI_IND","air",0.14
"jsoyb","KRI_IND","arf",0.14
"jsoyb","LBA_KAZ","air",0.14
"jsoyb","LBA_KAZ","arf",0.14
"jsoyb","LCB_CMR","air",0.14
"jsoyb","LCB_CMR","arf",0.14
"jsoyb","LCB_NGA","air",0.13
"jsoyb","LCB_NGA","arf",0.13
"jsoyb","LIM_MOZ","air",0.19
"jsoyb","LIM_MOZ","arf",0.19
"jsoyb","LIM_ZAF","air",0.13
"jsoyb","LIM_ZAF","arf",0.13
"jsoyb","LTZ_KAZ","air",0.14
"jsoyb","LTZ_KAZ","arf",0.14
"jsoyb","LUN_IND","air",0.14
"jsoyb","LUN_IND","arf",0.14
"jsoyb","MAD_MDG","air",0.19
"jsoyb","MAD_MDG","arf",0.19
"jsoyb","MAT_IND","air",0.14
"jsoyb","MAT_IND","arf",0.14
"jsoyb","MCK_CAN","air",0.13
"jsoyb","MCK_CAN","arf",0.13
"jsoyb","MHN_IND","air",0.14
"jsoyb","MHN_IND","arf",0.14
"jsoyb","MIS_USA","air",0.1
"jsoyb","MIS_USA","arf",0.1
"jsoyb","MOU_USA","air",0.1
"jsoyb","MOU_USA","arf",0.1
"jsoyb","NEB_BRA","air",0.12
"jsoyb","NEB_BRA","arf",0.12
"jsoyb","NER_RUS","air",0.11
"jsoyb","NER_RUS","arf",0.11
"jsoyb","NIC_NIC","air",0.14
"jsoyb","NIC_NIC","arf",0.14
"jsoyb","NIG_BEN","air",0.14
"jsoyb","NIG_BEN","arf",0.14
"jsoyb","NIG_BFA","air",0.16
"jsoyb","NIG_BFA","arf",0.16
"jsoyb","NIG_CIV","air",0.14
"jsoyb","NIG_CIV","arf",0.14
"jsoyb","NIG_CMR","air",0.14
"jsoyb","NIG_CMR","arf",0.14
"jsoyb","NIG_MLI","air",0.16
"jsoyb","NIG_MLI","arf",0.16
"jsoyb","NIG_NGA","air",0.13
"jsoyb","NIG_NGA","arf",0.13
"jsoyb","NKP_PRK","air",0.13
"jsoyb","NKP_PRK","arf",0.13
"jsoyb","NLL_ETH","air",0.16
"jsoyb","NLL_ETH","arf",0.16
"jsoyb","NLL_UGA","air",0.19
"jsoyb","NLL_UGA","arf",0.19
"jsoyb","OBB_KAZ","air",0.14
"jsoyb","OBB_KAZ","arf",0.14
"jsoyb","OBB_RUS","air",0.11
"jsoyb","OBB_RUS","arf",0.11
"jsoyb","ODE_RUS","air",0.11
"jsoyb","ODE_RUS","arf",0.11
"jsoyb","OHI_USA","air",0.1
"jsoyb","OHI_USA","arf",0.1
"jsoyb","OPO_OPO","air",0.13
"jsoyb","OPO_OPO","arf",0.13
"jsoyb","ORA_ZAF","air",0.13
"jsoyb","ORA_ZAF","arf",0.13
"jsoyb","PAN_PAN","air",0.14
"jsoyb","PAN_PAN","arf",0.14
"jsoyb","PAR_ARG","air",0.09
"jsoyb","PAR_ARG","arf",0.09
"jsoyb","PAR_BOL","air",0.14
"jsoyb","PAR_BOL","arf",0.14
"jsoyb","PAR_BRA","air",0.12
"jsoyb","PAR_BRA","arf",0.12
"jsoyb","PAR_PRY","air",0.14
"jsoyb","PAR_PRY","arf",0.14
"jsoyb","RIC_ARG","air",0.09
"jsoyb","RIC_ARG","arf",0.09
"jsoyb","RIG_USA","air",0.1
"jsoyb","RIG_USA","arf",0.1
"jsoyb","RRS_RUS","air",0.11
"jsoyb","RRS_RUS","arf",0.11
"jsoyb","RWI_CAN","air",0.13
"jsoyb","RWI_CAN","arf",0.13
"jsoyb","RWI_USA","air",0.1
"jsoyb","RWI_USA","arf",0.1
"jsoyb","SAC_ZAF","air",0.13
"jsoyb","SAC_ZAF","arf",0.13
"jsoyb","SAF_MOZ","air",0.19
"jsoyb","SAF_MOZ","arf",0.19
"jsoyb","SAF_TZA","air",0.19
"jsoyb","SAF_TZA","arf",0.19
"jsoyb","SAH_MLI","air",0.16
"jsoyb","SAH_MLI","arf",0.16
"jsoyb","SAL_ARG","air",0.09
"jsoyb","SAL_ARG","arf",0.09
"jsoyb","SAN_BRA","air",0.12
"jsoyb","SAN_BRA","arf",0.12
"jsoyb","SAY_IND","air",0.14
"jsoyb","SAY_IND","arf",0.14
"jsoyb","SEN_MLI","air",0.16
"jsoyb","SEN_MLI","arf",0.16
"jsoyb","SEU_USA","air",0.1
"jsoyb","SEU_USA","arf",0.1
"jsoyb","SLV_SLV","air",0.14
"jsoyb","SLV_SLV","arf",0.14
"jsoyb","SYD_KAZ","air",0.14
"jsoyb","SYD_KAZ","arf",0.14
"jsoyb","SYD_KGZ","air",0.14
"jsoyb","SYD_KGZ","arf",0.14
"jsoyb","SYD_TJK","air",0.14
"jsoyb","SYD_TJK","arf",0.14
"jsoyb","SYD_UZB","air",0.14
"jsoyb","SYD_UZB","arf",0.14
"jsoyb","TIE_ARG","air",0.09
"jsoyb","TIE_ARG","arf",0.09
"jsoyb","TLS_TLS","air",0.13
"jsoyb","TLS_TLS","arf",0.13
"jsoyb","TOC_BRA","air",0.12
"jsoyb","TOC_BRA","arf",0.12
"jsoyb","UMO_RUS","air",0.11
"jsoyb","UMO_RUS","arf",0.11
"jsoyb","URA_KAZ","air",0.14
"jsoyb","URA_KAZ","arf",0.14
"jsoyb","URA_RUS","air",0.11
"jsoyb","URA_RUS","arf",0.11
"jsoyb","URU_BRA","air",0.12
"jsoyb","URU_BRA","arf",0.12
"jsoyb","URU_URY","air",0.14
"jsoyb","URU_URY","arf",0.14
"jsoyb","USN_USA","air",0.1
"jsoyb","USN_USA","arf",0.1
"jsoyb","VOG_RUS","air",0.11
"jsoyb","VOG_RUS","arf",0.11
"jsoyb","VOT_BEN","air",0.14
"jsoyb","VOT_BEN","arf",0.14
"jsoyb","VOT_BFA","air",0.16
"jsoyb","VOT_BFA","arf",0.16
"jsoyb","VOT_CIV","air",0.14
"jsoyb","VOT_CIV","arf",0.14
"jsoyb","VOT_GHA","air",0.14
"jsoyb","VOT_GHA","arf",0.14
"jsoyb","VOT_MLI","air",0.16
"jsoyb","VOT_MLI","arf",0.16
"jsoyb","VOT_TGO","air",0.14
"jsoyb","VOT_TGO","arf",0.14
"jsoyb","WAC_CIV","air",0.14
"jsoyb","WAC_CIV","arf",0.14
"jsoyb","WAC_LBR","air",0.14
"jsoyb","WAC_LBR","arf",0.14
"jsoyb","WAI_AFG","air",0.13
"jsoyb","WAI_AFG","arf",0.13
"jsoyb","WGM_USA","air",0.1
"jsoyb","WGM_USA","arf",0.1
"jsoyb","YEN_RUS","air",0.11
"jsoyb","YEN_RUS","arf",0.11
"jsoyb","ZAM_AGO","air",0.19
"jsoyb","ZAM_AGO","arf",0.19
"jsoyb","ZAM_COD","air",0.14
"jsoyb","ZAM_COD","arf",0.14
"jsoyb","ZAM_MOZ","air",0.19
"jsoyb","ZAM_MOZ","arf",0.19
"jsoyb","ZAM_MWI","air",0.19
"jsoyb","ZAM_MWI","arf",0.19
"jsoyb","ZAM_TZA","air",0.19
"jsoyb","ZAM_TZA","arf",0.19
"jsoyb","ZAM_ZMB","air",0.19
"jsoyb","ZAM_ZMB","arf",0.19
"jsbnt","ALK_USA","air",0.05
"jsbnt","ALK_USA","arf",0.05
"jsbnt","AMA_BOL","air",0.07
"jsbnt","AMA_BOL","arf",0.07
"jsbnt","AMA_BRA","air",0.06
"jsbnt","AMA_BRA","arf",0.06
"jsbnt","AMA_COL","air",0.065
"jsbnt","AMA_COL","arf",0.065
"jsbnt","AMA_ECU","air",0.07
"jsbnt","AMA_ECU","arf",0.07
"jsbnt","AMA_PER","air",0.07
"jsbnt","AMA_PER","arf",0.07
"jsbnt","AMD_UZB","air",0.07
"jsbnt","AMD_UZB","arf",0.07
"jsbnt","AMR_CHM","air",0.065
"jsbnt","AMR_CHM","arf",0.065
"jsbnt","AMR_RUS","air",0.055
"jsbnt","AMR_RUS","arf",0.055
"jsbnt","ARA_IRQ","air",0.05
"jsbnt","ARA_IRQ","arf",0.05
"jsbnt","ARK_USA","air",0.05
"jsbnt","ARK_USA","arf",0.05
"jsbnt","AZE_AZE","air",0.055
"jsbnt","AZE_AZE","arf",0.055
"jsbnt","BAL_BLT","air",0.055
"jsbnt","BAL_BLT","arf",0.055
"jsbnt","BAL_RUS","air",0.055
"jsbnt","BAL_RUS","arf",0.055
"jsbnt","BLA_RUS","air",0.055
"jsbnt","BLA_RUS","arf",0.055
"jsbnt","BLA_TUR","air",0.055
"jsbnt","BLA_TUR","arf",0.055
"jsbnt","BLA_UKR","air",0.055
"jsbnt","BLA_UKR","arf",0.055
"jsbnt","BLZ_BLZ","air",0.07
"jsbnt","BLZ_BLZ","arf",0.07
"jsbnt","BRT_BGD","air",0.075
"jsbnt","BRT_BGD","arf",0.075
"jsbnt","BRT_CHM","air",0.065
"jsbnt","BRT_CHM","arf",0.065
"jsbnt","BRT_IND","air",0.07
"jsbnt","BRT_IND","arf",0.07
"jsbnt","CAF_CMR","air",0.07
"jsbnt","CAF_CMR","arf",0.07
"jsbnt","CAF_GAB","air",0.07
"jsbnt","CAF_GAB","arf",0.07
"jsbnt","CAL_USA","air",0.05
"jsbnt","CAL_USA","arf",0.05
"jsbnt","CAN_CAN","air",0.065
"jsbnt","CAN_CAN","arf",0.065
"jsbnt","CAU_AUS","air",0.04
"jsbnt","CAU_AUS","arf",0.04
"jsbnt","CAV_IND","air",0.07
"jsbnt","CAV_IND","arf",0.07
"jsbnt","CHJ_CHM","air",0.065
"jsbnt","CHJ_CHM","arf",0.065
"jsbnt","CHO_IND","air",0.07
"jsbnt","CHO_IND","arf",0.07
"jsbnt","CHU_KAZ","air",0.07
"jsbnt","CHU_KAZ","arf",0.07
"jsbnt","COB_CAN","air",0.065
"jsbnt","COB_CAN","arf",0.065
"jsbnt","COB_USA","air",0.05
"jsbnt","COB_USA","arf",0.05
"jsbnt","COL_USA","air",0.05
"jsbnt","COL_USA","arf",0.05
"jsbnt","CUB_CUB","air",0.07
"jsbnt","CUB_CUB","arf",0.07
"jsbnt","DAN_AUT","air",0.05
"jsbnt","DAN_AUT","arf",0.05
"jsbnt","DAN_BGR","air",0.055
"jsbnt","DAN_BGR","arf",0.055
"jsbnt","DAN_CZE","air",0.055
"jsbnt","DAN_CZE","arf",0.055
"jsbnt","DAN_DEU","air",0.05
"jsbnt","DAN_DEU","arf",0.05
"jsbnt","DAN_HRV","air",0.055
"jsbnt","DAN_HRV","arf",0.055
"jsbnt","DAN_HUN","air",0.055
"jsbnt","DAN_HUN","arf",0.055
"jsbnt","DAN_MDA","air",0.055
"jsbnt","DAN_MDA","arf",0.055
"jsbnt","DAN_OBN","air",0.055
"jsbnt","DAN_OBN","arf",0.055
"jsbnt","DAN_ROU","air",0.055
"jsbnt","DAN_ROU","arf",0.055
"jsbnt","DAN_SVK","air",0.055
"jsbnt","DAN_SVK","arf",0.055
"jsbnt","DAN_TUR","air",0.055
"jsbnt","DAN_TUR","arf",0.055
"jsbnt","DAN_UKR","air",0.055
"jsbnt","DAN_UKR","arf",0.055
"jsbnt","DNI_RUS","air",0.055
"jsbnt","DNI_RUS","arf",0.055
"jsbnt","DNI_UKR","air",0.055
"jsbnt","DNI_UKR","arf",0.055
"jsbnt","EAU_AUS","air",0.04
"jsbnt","EAU_AUS","arf",0.04
"jsbnt","EGH_IND","air",0.07
"jsbnt","EGH_IND","arf",0.07
"jsbnt","ELB_DEU","air",0.05
"jsbnt","ELB_DEU","arf",0.05
"jsbnt","EME_EGY","air",0.065
"jsbnt","EME_EGY","arf",0.065
"jsbnt","EME_SYR","air",0.05
"jsbnt","EME_SYR","arf",0.05
"jsbnt","EME_TUR","air",0.055
"jsbnt","EME_TUR","arf",0.055
"jsbnt","GAN_BGD","air",0.075
"jsbnt","GAN_BGD","arf",0.075
"jsbnt","GAN_CHM","air",0.065
"jsbnt","GAN_CHM","arf",0.065
"jsbnt","GAN_IND","air",0.07
"jsbnt","GAN_IND","arf",0.07
"jsbnt","GAN_NPL","air",0.065
"jsbnt","GAN_NPL","arf",0.065
"jsbnt","GBA_USA","air",0.05
"jsbnt","GBA_USA","arf",0.05
"jsbnt","GEO_GEO","air",0.055
"jsbnt","GEO_GEO","arf",0.055
"jsbnt","GLA_CAN","air",0.065
"jsbnt","GLA_CAN","arf",0.065
"jsbnt","GLA_USA","air",0.05
"jsbnt","GLA_USA","arf",0.05
"jsbnt","GOD_IND","air",0.07
"jsbnt","GOD_IND","arf",0.07
"jsbnt","GRC_GRC","air",0.055
"jsbnt","GRC_GRC","arf",0.055
"jsbnt","GTM_GTM","air",0.07
"jsbnt","GTM_GTM","arf",0.07
"jsbnt","HAI_CHM","air",0.065
"jsbnt","HAI_CHM","arf",0.065
"jsbnt","HND_HND","air",0.07
"jsbnt","HND_HND","arf",0.07
"jsbnt","HOA_ETH","air",0.08
"jsbnt","HOA_ETH","arf",0.08
"jsbnt","HUA_CHM","air",0.065
"jsbnt","HUA_CHM","arf",0.065
"jsbnt","HUN_CHM","air",0.065
"jsbnt","HUN_CHM","arf",0.065
"jsbnt","HWI_USA","air",0.05
"jsbnt","HWI_USA","arf",0.05
"jsbnt","IEC_IND","air",0.07
"jsbnt","IEC_IND","arf",0.07
"jsbnt","IND_CHM","air",0.065
"jsbnt","IND_CHM","arf",0.065
"jsbnt","IND_IND","air",0.07
"jsbnt","IND_IND","arf",0.07
"jsbnt","IND_PAK","air",0.06
"jsbnt","IND_PAK","arf",0.06
"jsbnt","ITA_ITP","air",0.05
"jsbnt","ITA_ITP","arf",0.05
"jsbnt","JAP_JPN","air",0.05
"jsbnt","JAP_JPN","arf",0.05
"jsbnt","KAL_ZAF","air",0.065
"jsbnt","KAL_ZAF","arf",0.065
"jsbnt","KRI_IND","air",0.07
"jsbnt","KRI_IND","arf",0.07
"jsbnt","LAJ_CHM","air",0.065
"jsbnt","LAJ_CHM","arf",0.065
"jsbnt","LBA_KAZ","air",0.07
"jsbnt","LBA_KAZ","arf",0.07
"jsbnt","LBO_FRP","air",0.05
"jsbnt","LBO_FRP","arf",0.05
"jsbnt","LCB_CMR","air",0.07
"jsbnt","LCB_CMR","arf",0.07
"jsbnt","LCB_NGA","air",0.065
"jsbnt","LCB_NGA","arf",0.065
"jsbnt","LIM_MOZ","air",0.095
"jsbnt","LIM_MOZ","arf",0.095
"jsbnt","LIM_ZAF","air",0.065
"jsbnt","LIM_ZAF","arf",0.065
"jsbnt","LIM_ZWE","air",0.095
"jsbnt","LIM_ZWE","arf",0.095
"jsbnt","LMO_CHM","air",0.065
"jsbnt","LMO_CHM","arf",0.065
"jsbnt","LTZ_KAZ","air",0.07
"jsbnt","LTZ_KAZ","arf",0.07
"jsbnt","LUN_IND","air",0.07
"jsbnt","LUN_IND","arf",0.07
"jsbnt","MAT_IND","air",0.07
"jsbnt","MAT_IND","arf",0.07
"jsbnt","MAU_AUS","air",0.04
"jsbnt","MAU_AUS","arf",0.04
"jsbnt","MCK_CAN","air",0.065
"jsbnt","MCK_CAN","arf",0.065
"jsbnt","MEK_KHM","air",0.055
"jsbnt","MEK_KHM","arf",0.055
"jsbnt","MEK_LAO","air",0.055
"jsbnt","MEK_LAO","arf",0.055
"jsbnt","MEK_MMR","air",0.05
"jsbnt","MEK_MMR","arf",0.05
"jsbnt","MEK_THA","air",0.055
"jsbnt","MEK_THA","arf",0.055
"jsbnt","MEK_VNM","air",0.055
"jsbnt","MEK_VNM","arf",0.055
"jsbnt","MHN_IND","air",0.07
"jsbnt","MHN_IND","arf",0.07
"jsbnt","MIM_MEX","air",0.07
"jsbnt","MIM_MEX","arf",0.07
"jsbnt","MIS_USA","air",0.05
"jsbnt","MIS_USA","arf",0.05
"jsbnt","MOU_USA","air",0.05
"jsbnt","MOU_USA","arf",0.05
"jsbnt","NAC_EGY","air",0.065
"jsbnt","NAC_EGY","arf",0.065
"jsbnt","NEB_BRA","air",0.06
"jsbnt","NEB_BRA","arf",0.06
"jsbnt","NER_RUS","air",0.055
"jsbnt","NER_RUS","arf",0.055
"jsbnt","NIC_NIC","air",0.07
"jsbnt","NIC_NIC","arf",0.07
"jsbnt","NIG_BEN","air",0.07
"jsbnt","NIG_BEN","arf",0.07
"jsbnt","NIG_CMR","air",0.07
"jsbnt","NIG_CMR","arf",0.07
"jsbnt","NIG_NGA","air",0.065
"jsbnt","NIG_NGA","arf",0.065
"jsbnt","NLL_EGY","air",0.065
"jsbnt","NLL_EGY","arf",0.065
"jsbnt","NLL_ETH","air",0.08
"jsbnt","NLL_ETH","arf",0.08
"jsbnt","NLL_UGA","air",0.095
"jsbnt","NLL_UGA","arf",0.095
"jsbnt","NWA_MOR","air",0.05
"jsbnt","NWA_MOR","arf",0.05
"jsbnt","NWS_COL","air",0.065
"jsbnt","NWS_COL","arf",0.065
"jsbnt","NWS_ECU","air",0.07
"jsbnt","NWS_ECU","arf",0.07
"jsbnt","OBB_CHM","air",0.065
"jsbnt","OBB_CHM","arf",0.065
"jsbnt","OBB_KAZ","air",0.07
"jsbnt","OBB_KAZ","arf",0.07
"jsbnt","OBB_RUS","air",0.055
"jsbnt","OBB_RUS","arf",0.055
"jsbnt","ODE_DEU","air",0.05
"jsbnt","ODE_DEU","arf",0.05
"jsbnt","ODE_POL","air",0.055
"jsbnt","ODE_POL","arf",0.055
"jsbnt","ODE_RUS","air",0.055
"jsbnt","ODE_RUS","arf",0.055
"jsbnt","OHI_USA","air",0.05
"jsbnt","OHI_USA","arf",0.05
"jsbnt","ORA_ZAF","air",0.065
"jsbnt","ORA_ZAF","arf",0.065
"jsbnt","ORI_COL","air",0.065
"jsbnt","ORI_COL","arf",0.065
"jsbnt","ORI_VEN","air",0.07
"jsbnt","ORI_VEN","arf",0.07
"jsbnt","PAR_ARG","air",0.045
"jsbnt","PAR_ARG","arf",0.045
"jsbnt","PAR_BOL","air",0.07
"jsbnt","PAR_BOL","arf",0.07
"jsbnt","PAR_BRA","air",0.06
"jsbnt","PAR_BRA","arf",0.06
"jsbnt","PAR_PRY","air",0.07
"jsbnt","PAR_PRY","arf",0.07
"jsbnt","PEC_PER","air",0.07
"jsbnt","PEC_PER","arf",0.07
"jsbnt","PHI_PHL","air",0.05
"jsbnt","PHI_PHL","arf",0.05
"jsbnt","RHI_BLX","air",0.05
"jsbnt","RHI_BLX","arf",0.05
"jsbnt","RHI_CHP","air",0.05
"jsbnt","RHI_CHP","arf",0.05
"jsbnt","RHI_DEU","air",0.05
"jsbnt","RHI_DEU","arf",0.05
"jsbnt","RHI_FRP","air",0.05
"jsbnt","RHI_FRP","arf",0.05
"jsbnt","RHO_FRP","air",0.05
"jsbnt","RHO_FRP","arf",0.05
"jsbnt","RIC_ARG","air",0.045
"jsbnt","RIC_ARG","arf",0.045
"jsbnt","RIG_MEX","air",0.07
"jsbnt","RIG_MEX","arf",0.07
"jsbnt","RIG_USA","air",0.05
"jsbnt","RIG_USA","arf",0.05
"jsbnt","RRS_RUS","air",0.055
"jsbnt","RRS_RUS","arf",0.055
"jsbnt","RVE_VEN","air",0.07
"jsbnt","RVE_VEN","arf",0.07
"jsbnt","RVN_VNM","air",0.055
"jsbnt","RVN_VNM","arf",0.055
"jsbnt","RWI_CAN","air",0.065
"jsbnt","RWI_CAN","arf",0.065
"jsbnt","RWI_USA","air",0.05
"jsbnt","RWI_USA","arf",0.05
"jsbnt","SAC_ZAF","air",0.065
"jsbnt","SAC_ZAF","arf",0.065
"jsbnt","SAF_MOZ","air",0.095
"jsbnt","SAF_MOZ","arf",0.095
"jsbnt","SAF_ZWE","air",0.095
"jsbnt","SAF_ZWE","arf",0.095
"jsbnt","SAH_EGY","air",0.065
"jsbnt","SAH_EGY","arf",0.065
"jsbnt","SAH_MOR","air",0.05
"jsbnt","SAH_MOR","arf",0.05
"jsbnt","SAL_ARG","air",0.045
"jsbnt","SAL_ARG","arf",0.045
"jsbnt","SAN_BRA","air",0.06
"jsbnt","SAN_BRA","arf",0.06
"jsbnt","SAY_IND","air",0.07
"jsbnt","SAY_IND","arf",0.07
"jsbnt","SEI_FRP","air",0.05
"jsbnt","SEI_FRP","arf",0.05
"jsbnt","SEU_USA","air",0.05
"jsbnt","SEU_USA","arf",0.05
"jsbnt","SKP_KOR","air",0.05
"jsbnt","SKP_KOR","arf",0.05
"jsbnt","SON_CHM","air",0.065
"jsbnt","SON_CHM","arf",0.065
"jsbnt","SPP_SPP","air",0.05
"jsbnt","SPP_SPP","arf",0.05
"jsbnt","SRL_LKA","air",0.065
"jsbnt","SRL_LKA","arf",0.065
"jsbnt","SYD_KAZ","air",0.07
"jsbnt","SYD_KAZ","arf",0.07
"jsbnt","SYD_UZB","air",0.07
"jsbnt","SYD_UZB","arf",0.07
"jsbnt","TIE_ARG","air",0.045
"jsbnt","TIE_ARG","arf",0.045
"jsbnt","TIG_IRN","air",0.05
"jsbnt","TIG_IRN","arf",0.05
"jsbnt","TIG_IRQ","air",0.05
"jsbnt","TIG_IRQ","arf",0.05
"jsbnt","TIG_SYR","air",0.05
"jsbnt","TIG_SYR","arf",0.05
"jsbnt","TIG_TUR","air",0.055
"jsbnt","TIG_TUR","arf",0.055
"jsbnt","TMM_BGD","air",0.075
"jsbnt","TMM_BGD","arf",0.075
"jsbnt","TMM_MMR","air",0.05
"jsbnt","TMM_MMR","arf",0.05
"jsbnt","TMM_THA","air",0.055
"jsbnt","TMM_THA","arf",0.055
"jsbnt","TOC_BRA","air",0.06
"jsbnt","TOC_BRA","arf",0.06
"jsbnt","TWN_CHM","air",0.065
"jsbnt","TWN_CHM","arf",0.065
"jsbnt","UME_MEX","air",0.07
"jsbnt","UME_MEX","arf",0.07
"jsbnt","UMO_RUS","air",0.055
"jsbnt","UMO_RUS","arf",0.055
"jsbnt","URA_KAZ","air",0.07
"jsbnt","URA_KAZ","arf",0.07
"jsbnt","URA_RUS","air",0.055
"jsbnt","URA_RUS","arf",0.055
"jsbnt","URU_BRA","air",0.06
"jsbnt","URU_BRA","arf",0.06
"jsbnt","URU_URY","air",0.07
"jsbnt","URU_URY","arf",0.07
"jsbnt","USN_USA","air",0.05
"jsbnt","USN_USA","arf",0.05
"jsbnt","VOG_RUS","air",0.055
"jsbnt","VOG_RUS","arf",0.055
"jsbnt","VOT_BEN","air",0.07
"jsbnt","VOT_BEN","arf",0.07
"jsbnt","VOT_GHA","air",0.07
"jsbnt","VOT_GHA","arf",0.07
"jsbnt","VOT_TGO","air",0.07
"jsbnt","VOT_TGO","arf",0.07
"jsbnt","WAI_IRN","air",0.05
"jsbnt","WAI_IRN","arf",0.05
"jsbnt","WAI_PAK","air",0.06
"jsbnt","WAI_PAK","arf",0.06
"jsbnt","WAU_AUS","air",0.04
"jsbnt","WAU_AUS","arf",0.04
"jsbnt","WGM_USA","air",0.05
"jsbnt","WGM_USA","arf",0.05
"jsbnt","YEN_RUS","air",0.055
"jsbnt","YEN_RUS","arf",0.055
"jsbnt","YHE_CHM","air",0.065
"jsbnt","YHE_CHM","arf",0.065
"jsbnt","YRD_CHM","air",0.065
"jsbnt","YRD_CHM","arf",0.065
"jsbnt","YRD_VNM","air",0.055
"jsbnt","YRD_VNM","arf",0.055
"jsbnt","YUC_MEX","air",0.07
"jsbnt","YUC_MEX","arf",0.07
"jsbnt","ZAM_MOZ","air",0.095
"jsbnt","ZAM_MOZ","arf",0.095
"jsbnt","ZAM_MWI","air",0.095
"jsbnt","ZAM_MWI","arf",0.095
"jsbnt","ZAM_ZMB","air",0.095
"jsbnt","ZAM_ZMB","arf",0.095
"jsbnt","ZAM_ZWE","air",0.095
"jsbnt","ZAM_ZWE","arf",0.095
"jsbnt","ZHJ_CHM","air",0.065
"jsbnt","ZHJ_CHM","arf",0.065
"jsnfl","ALK_USA","air",0.1
"jsnfl","ALK_USA","arf",0.1
"jsnfl","AMA_BOL","air",0.14
"jsnfl","AMA_BOL","arf",0.14
"jsnfl","AMA_ECU","air",0.14
"jsnfl","AMA_ECU","arf",0.14
"jsnfl","AMR_CHM","air",0.13
"jsnfl","AMR_CHM","arf",0.13
"jsnfl","AMR_RUS","air",0.11
"jsnfl","AMR_RUS","arf",0.11
"jsnfl","ARK_USA","air",0.1
"jsnfl","ARK_USA","arf",0.1
"jsnfl","BAL_RUS","air",0.11
"jsnfl","BAL_RUS","arf",0.11
"jsnfl","BLA_RUS","air",0.11
"jsnfl","BLA_RUS","arf",0.11
"jsnfl","BLA_UKR","air",0.11
"jsnfl","BLA_UKR","arf",0.11
"jsnfl","BRT_BTN","air",0.13
"jsnfl","BRT_BTN","arf",0.13
"jsnfl","BRT_CHM","air",0.13
"jsnfl","BRT_CHM","arf",0.13
"jsnfl","CAF_AGO","air",0.19
"jsnfl","CAF_AGO","arf",0.19
"jsnfl","CAF_NAM","air",0.19
"jsnfl","CAF_NAM","arf",0.19
"jsnfl","CAL_USA","air",0.1
"jsnfl","CAL_USA","arf",0.1
"jsnfl","CAN_CAN","air",0.13
"jsnfl","CAN_CAN","arf",0.13
"jsnfl","CHJ_CHM","air",0.13
"jsnfl","CHJ_CHM","arf",0.13
"jsnfl","CHU_KAZ","air",0.14
"jsnfl","CHU_KAZ","arf",0.14
"jsnfl","CHU_KGZ","air",0.14
"jsnfl","CHU_KGZ","arf",0.14
"jsnfl","COB_CAN","air",0.13
"jsnfl","COB_CAN","arf",0.13
"jsnfl","COB_USA","air",0.1
"jsnfl","COB_USA","arf",0.1
"jsnfl","COL_USA","air",0.1
"jsnfl","COL_USA","arf",0.1
"jsnfl","CON_AGO","air",0.19
"jsnfl","CON_AGO","arf",0.19
"jsnfl","CRB_CRB","air",0.13
"jsnfl","CRB_CRB","arf",0.13
"jsnfl","DAN_BGR","air",0.11
"jsnfl","DAN_BGR","arf",0.11
"jsnfl","DAN_HRV","air",0.11
"jsnfl","DAN_HRV","arf",0.11
"jsnfl","DAN_HUN","air",0.11
"jsnfl","DAN_HUN","arf",0.11
"jsnfl","DAN_MDA","air",0.11
"jsnfl","DAN_MDA","arf",0.11
"jsnfl","DAN_OBN","air",0.11
"jsnfl","DAN_OBN","arf",0.11
"jsnfl","DAN_ROU","air",0.11
"jsnfl","DAN_ROU","arf",0.11
"jsnfl","DAN_SVK","air",0.11
"jsnfl","DAN_SVK","arf",0.11
"jsnfl","DAN_SVN","air",0.11
"jsnfl","DAN_SVN","arf",0.11
"jsnfl","DAN_UKR","air",0.11
"jsnfl","DAN_UKR","arf",0.11
"jsnfl","DNI_RUS","air",0.11
"jsnfl","DNI_RUS","arf",0.11
"jsnfl","DNI_UKR","air",0.11
"jsnfl","DNI_UKR","arf",0.11
"jsnfl","EAC_TZA","air",0.19
"jsnfl","EAC_TZA","arf",0.19
"jsnfl","EME_PSE","air",0.14
"jsnfl","EME_PSE","arf",0.14
"jsnfl","EME_SYR","air",0.1
"jsnfl","EME_SYR","arf",0.1
"jsnfl","GAN_CHM","air",0.13
"jsnfl","GAN_CHM","arf",0.13
"jsnfl","GBA_USA","air",0.1
"jsnfl","GBA_USA","arf",0.1
"jsnfl","GLA_CAN","air",0.13
"jsnfl","GLA_CAN","arf",0.13
"jsnfl","GLA_USA","air",0.1
"jsnfl","GLA_USA","arf",0.1
"jsnfl","GRC_GRC","air",0.11
"jsnfl","GRC_GRC","arf",0.11
"jsnfl","HAI_CHM","air",0.13
"jsnfl","HAI_CHM","arf",0.13
"jsnfl","HOA_ETH","air",0.16
"jsnfl","HOA_ETH","arf",0.16
"jsnfl","HUA_CHM","air",0.13
"jsnfl","HUA_CHM","arf",0.13
"jsnfl","HUN_CHM","air",0.13
"jsnfl","HUN_CHM","arf",0.13
"jsnfl","HWI_USA","air",0.1
"jsnfl","HWI_USA","arf",0.1
"jsnfl","IND_CHM","air",0.13
"jsnfl","IND_CHM","arf",0.13
"jsnfl","KAL_BWA","air",0.19
"jsnfl","KAL_BWA","arf",0.19
"jsnfl","KAL_NAM","air",0.19
"jsnfl","KAL_NAM","arf",0.19
"jsnfl","LAJ_CHM","air",0.13
"jsnfl","LAJ_CHM","arf",0.13
"jsnfl","LBA_KAZ","air",0.14
"jsnfl","LBA_KAZ","arf",0.14
"jsnfl","LBO_FRP","air",0.1
"jsnfl","LBO_FRP","arf",0.1
"jsnfl","LIM_BWA","air",0.19
"jsnfl","LIM_BWA","arf",0.19
"jsnfl","LIM_ZWE","air",0.19
"jsnfl","LIM_ZWE","arf",0.19
"jsnfl","LMO_CHM","air",0.13
"jsnfl","LMO_CHM","arf",0.13
"jsnfl","LTZ_KAZ","air",0.14
"jsnfl","LTZ_KAZ","arf",0.14
"jsnfl","MCK_CAN","air",0.13
"jsnfl","MCK_CAN","arf",0.13
"jsnfl","MEK_MMR","air",0.1
"jsnfl","MEK_MMR","arf",0.1
"jsnfl","MIS_USA","air",0.1
"jsnfl","MIS_USA","arf",0.1
"jsnfl","MOU_USA","air",0.1
"jsnfl","MOU_USA","arf",0.1
"jsnfl","NER_RUS","air",0.11
"jsnfl","NER_RUS","arf",0.11
"jsnfl","NLL_ETH","air",0.16
"jsnfl","NLL_ETH","arf",0.16
"jsnfl","NLL_SDN","air",0.16
"jsnfl","NLL_SDN","arf",0.16
"jsnfl","NLL_UGA","air",0.19
"jsnfl","NLL_UGA","arf",0.19
"jsnfl","NWS_ECU","air",0.14
"jsnfl","NWS_ECU","arf",0.14
"jsnfl","OBB_CHM","air",0.13
"jsnfl","OBB_CHM","arf",0.13
"jsnfl","OBB_KAZ","air",0.14
"jsnfl","OBB_KAZ","arf",0.14
"jsnfl","OBB_RUS","air",0.11
"jsnfl","OBB_RUS","arf",0.11
"jsnfl","ODE_RUS","air",0.11
"jsnfl","ODE_RUS","arf",0.11
"jsnfl","OHI_USA","air",0.1
"jsnfl","OHI_USA","arf",0.1
"jsnfl","ORA_NAM","air",0.19
"jsnfl","ORA_NAM","arf",0.19
"jsnfl","PAR_ARG","air",0.09
"jsnfl","PAR_ARG","arf",0.09
"jsnfl","PAR_BOL","air",0.14
"jsnfl","PAR_BOL","arf",0.14
"jsnfl","RHI_FRP","air",0.1
"jsnfl","RHI_FRP","arf",0.1
"jsnfl","RHO_FRP","air",0.1
"jsnfl","RHO_FRP","arf",0.1
"jsnfl","RIC_ARG","air",0.09
"jsnfl","RIC_ARG","arf",0.09
"jsnfl","RIG_USA","air",0.1
"jsnfl","RIG_USA","arf",0.1
"jsnfl","RRS_RUS","air",0.11
"jsnfl","RRS_RUS","arf",0.11
"jsnfl","RWI_CAN","air",0.13
"jsnfl","RWI_CAN","arf",0.13
"jsnfl","RWI_USA","air",0.1
"jsnfl","RWI_USA","arf",0.1
"jsnfl","SAF_TZA","air",0.19
"jsnfl","SAF_TZA","arf",0.19
"jsnfl","SAF_ZWE","air",0.19
"jsnfl","SAF_ZWE","arf",0.19
"jsnfl","SAH_SDN","air",0.16
"jsnfl","SAH_SDN","arf",0.16
"jsnfl","SAL_ARG","air",0.09
"jsnfl","SAL_ARG","arf",0.09
"jsnfl","SEI_FRP","air",0.1
"jsnfl","SEI_FRP","arf",0.1
"jsnfl","SEU_USA","air",0.1
"jsnfl","SEU_USA","arf",0.1
"jsnfl","SON_CHM","air",0.13
"jsnfl","SON_CHM","arf",0.13
"jsnfl","SYD_KAZ","air",0.14
"jsnfl","SYD_KAZ","arf",0.14
"jsnfl","SYD_KGZ","air",0.14
"jsnfl","SYD_KGZ","arf",0.14
"jsnfl","TIE_ARG","air",0.09
"jsnfl","TIE_ARG","arf",0.09
"jsnfl","TIG_SYR","air",0.1
"jsnfl","TIG_SYR","arf",0.1
"jsnfl","TMM_MMR","air",0.1
"jsnfl","TMM_MMR","arf",0.1
"jsnfl","TWN_CHM","air",0.13
"jsnfl","TWN_CHM","arf",0.13
"jsnfl","UMO_RUS","air",0.11
"jsnfl","UMO_RUS","arf",0.11
"jsnfl","URA_KAZ","air",0.14
"jsnfl","URA_KAZ","arf",0.14
"jsnfl","URA_RUS","air",0.11
"jsnfl","URA_RUS","arf",0.11
"jsnfl","USN_USA","air",0.1
"jsnfl","USN_USA","arf",0.1
"jsnfl","VOG_RUS","air",0.11
"jsnfl","VOG_RUS","arf",0.11
"jsnfl","WGM_USA","air",0.1
"jsnfl","WGM_USA","arf",0.1
"jsnfl","YEN_RUS","air",0.11
"jsnfl","YEN_RUS","arf",0.11
"jsnfl","YHE_CHM","air",0.13
"jsnfl","YHE_CHM","arf",0.13
"jsnfl","YRD_CHM","air",0.13
"jsnfl","YRD_CHM","arf",0.13
"jsnfl","ZAM_AGO","air",0.19
"jsnfl","ZAM_AGO","arf",0.19
"jsnfl","ZAM_BWA","air",0.19
"jsnfl","ZAM_BWA","arf",0.19
"jsnfl","ZAM_MWI","air",0.19
"jsnfl","ZAM_MWI","arf",0.19
"jsnfl","ZAM_NAM","air",0.19
"jsnfl","ZAM_NAM","arf",0.19
"jsnfl","ZAM_TZA","air",0.19
"jsnfl","ZAM_TZA","arf",0.19
"jsnfl","ZAM_ZMB","air",0.19
"jsnfl","ZAM_ZMB","arf",0.19
"jsnfl","ZAM_ZWE","air",0.19
"jsnfl","ZAM_ZWE","arf",0.19
"jsnfl","ZHJ_CHM","air",0.13
"jsnfl","ZHJ_CHM","arf",0.13
"jsfnt","ALB_ALB","air",0.055
"jsfnt","ALB_ALB","arf",0.055
"jsfnt","ALK_USA","air",0.05
"jsfnt","ALK_USA","arf",0.05
"jsfnt","AMA_BOL","air",0.07
"jsfnt","AMA_BOL","arf",0.07
"jsfnt","AMA_BRA","air",0.06
"jsfnt","AMA_BRA","arf",0.06
"jsfnt","AMD_AFG","air",0.065
"jsfnt","AMD_AFG","arf",0.065
"jsfnt","AMD_TJK","air",0.07
"jsfnt","AMD_TJK","arf",0.07
"jsfnt","AMD_UZB","air",0.07
"jsfnt","AMD_UZB","arf",0.07
"jsfnt","AMR_CHM","air",0.065
"jsfnt","AMR_CHM","arf",0.065
"jsfnt","AMR_RUS","air",0.055
"jsfnt","AMR_RUS","arf",0.055
"jsfnt","ARA_IRQ","air",0.05
"jsfnt","ARA_IRQ","arf",0.05
"jsfnt","ARK_USA","air",0.05
"jsfnt","ARK_USA","arf",0.05
"jsfnt","AZE_AZE","air",0.055
"jsfnt","AZE_AZE","arf",0.055
"jsfnt","BAL_RUS","air",0.055
"jsfnt","BAL_RUS","arf",0.055
"jsfnt","BLA_RUS","air",0.055
"jsfnt","BLA_RUS","arf",0.055
"jsfnt","BLA_TUR","air",0.055
"jsfnt","BLA_TUR","arf",0.055
"jsfnt","BLA_UKR","air",0.055
"jsfnt","BLA_UKR","arf",0.055
"jsfnt","BRT_CHM","air",0.065
"jsfnt","BRT_CHM","arf",0.065
"jsfnt","BRT_IND","air",0.07
"jsfnt","BRT_IND","arf",0.07
"jsfnt","CAF_AGO","air",0.095
"jsfnt","CAF_AGO","arf",0.095
"jsfnt","CAL_USA","air",0.05
"jsfnt","CAL_USA","arf",0.05
"jsfnt","CAN_CAN","air",0.065
"jsfnt","CAN_CAN","arf",0.065
"jsfnt","CAU_AUS","air",0.04
"jsfnt","CAU_AUS","arf",0.04
"jsfnt","CAV_IND","air",0.07
"jsfnt","CAV_IND","arf",0.07
"jsfnt","CHC_CHL","air",0.07
"jsfnt","CHC_CHL","arf",0.07
"jsfnt","CHJ_CHM","air",0.065
"jsfnt","CHJ_CHM","arf",0.065
"jsfnt","CHO_IND","air",0.07
"jsfnt","CHO_IND","arf",0.07
"jsfnt","CHU_KAZ","air",0.07
"jsfnt","CHU_KAZ","arf",0.07
"jsfnt","COB_CAN","air",0.065
"jsfnt","COB_CAN","arf",0.065
"jsfnt","COB_USA","air",0.05
"jsfnt","COB_USA","arf",0.05
"jsfnt","COL_USA","air",0.05
"jsfnt","COL_USA","arf",0.05
"jsfnt","CON_AGO","air",0.095
"jsfnt","CON_AGO","arf",0.095
"jsfnt","DAN_AUT","air",0.05
"jsfnt","DAN_AUT","arf",0.05
"jsfnt","DAN_BGR","air",0.055
"jsfnt","DAN_BGR","arf",0.055
"jsfnt","DAN_CZE","air",0.055
"jsfnt","DAN_CZE","arf",0.055
"jsfnt","DAN_DEU","air",0.05
"jsfnt","DAN_DEU","arf",0.05
"jsfnt","DAN_HRV","air",0.055
"jsfnt","DAN_HRV","arf",0.055
"jsfnt","DAN_HUN","air",0.055
"jsfnt","DAN_HUN","arf",0.055
"jsfnt","DAN_MDA","air",0.055
"jsfnt","DAN_MDA","arf",0.055
"jsfnt","DAN_OBN","air",0.055
"jsfnt","DAN_OBN","arf",0.055
"jsfnt","DAN_ROU","air",0.055
"jsfnt","DAN_ROU","arf",0.055
"jsfnt","DAN_SVK","air",0.055
"jsfnt","DAN_SVK","arf",0.055
"jsfnt","DAN_TUR","air",0.055
"jsfnt","DAN_TUR","arf",0.055
"jsfnt","DAN_UKR","air",0.055
"jsfnt","DAN_UKR","arf",0.055
"jsfnt","DNI_BLR","air",0.055
"jsfnt","DNI_BLR","arf",0.055
"jsfnt","DNI_RUS","air",0.055
"jsfnt","DNI_RUS","arf",0.055
"jsfnt","DNI_UKR","air",0.055
"jsfnt","DNI_UKR","arf",0.055
"jsfnt","EAC_TZA","air",0.095
"jsfnt","EAC_TZA","arf",0.095
"jsfnt","EAU_AUS","air",0.04
"jsfnt","EAU_AUS","arf",0.04
"jsfnt","EGH_IND","air",0.07
"jsfnt","EGH_IND","arf",0.07
"jsfnt","ELB_DEU","air",0.05
"jsfnt","ELB_DEU","arf",0.05
"jsfnt","EME_EGY","air",0.065
"jsfnt","EME_EGY","arf",0.065
"jsfnt","EME_ISR","air",0.065
"jsfnt","EME_ISR","arf",0.065
"jsfnt","EME_SYR","air",0.05
"jsfnt","EME_SYR","arf",0.05
"jsfnt","EME_TUR","air",0.055
"jsfnt","EME_TUR","arf",0.055
"jsfnt","GAN_CHM","air",0.065
"jsfnt","GAN_CHM","arf",0.065
"jsfnt","GAN_IND","air",0.07
"jsfnt","GAN_IND","arf",0.07
"jsfnt","GBA_USA","air",0.05
"jsfnt","GBA_USA","arf",0.05
"jsfnt","GEO_GEO","air",0.055
"jsfnt","GEO_GEO","arf",0.055
"jsfnt","GLA_CAN","air",0.065
"jsfnt","GLA_CAN","arf",0.065
"jsfnt","GLA_USA","air",0.05
"jsfnt","GLA_USA","arf",0.05
"jsfnt","GOD_IND","air",0.07
"jsfnt","GOD_IND","arf",0.07
"jsfnt","GRC_GRC","air",0.055
"jsfnt","GRC_GRC","arf",0.055
"jsfnt","HAI_CHM","air",0.065
"jsfnt","HAI_CHM","arf",0.065
"jsfnt","HOA_KEN","air",0.095
"jsfnt","HOA_KEN","arf",0.095
"jsfnt","HUA_CHM","air",0.065
"jsfnt","HUA_CHM","arf",0.065
"jsfnt","HUN_CHM","air",0.065
"jsfnt","HUN_CHM","arf",0.065
"jsfnt","HWI_USA","air",0.05
"jsfnt","HWI_USA","arf",0.05
"jsfnt","IEC_IND","air",0.07
"jsfnt","IEC_IND","arf",0.07
"jsfnt","IND_CHM","air",0.065
"jsfnt","IND_CHM","arf",0.065
"jsfnt","IND_IND","air",0.07
"jsfnt","IND_IND","arf",0.07
"jsfnt","IND_PAK","air",0.06
"jsfnt","IND_PAK","arf",0.06
"jsfnt","ITA_ITP","air",0.05
"jsfnt","ITA_ITP","arf",0.05
"jsfnt","KAL_ZAF","air",0.065
"jsfnt","KAL_ZAF","arf",0.065
"jsfnt","KRI_IND","air",0.07
"jsfnt","KRI_IND","arf",0.07
"jsfnt","LAJ_CHM","air",0.065
"jsfnt","LAJ_CHM","arf",0.065
"jsfnt","LBA_KAZ","air",0.07
"jsfnt","LBA_KAZ","arf",0.07
"jsfnt","LBO_FRP","air",0.05
"jsfnt","LBO_FRP","arf",0.05
"jsfnt","LIM_MOZ","air",0.095
"jsfnt","LIM_MOZ","arf",0.095
"jsfnt","LIM_ZAF","air",0.065
"jsfnt","LIM_ZAF","arf",0.065
"jsfnt","LIM_ZWE","air",0.095
"jsfnt","LIM_ZWE","arf",0.095
"jsfnt","LMO_CHM","air",0.065
"jsfnt","LMO_CHM","arf",0.065
"jsfnt","LTZ_KAZ","air",0.07
"jsfnt","LTZ_KAZ","arf",0.07
"jsfnt","LUN_IND","air",0.07
"jsfnt","LUN_IND","arf",0.07
"jsfnt","MAT_IND","air",0.07
"jsfnt","MAT_IND","arf",0.07
"jsfnt","MAU_AUS","air",0.04
"jsfnt","MAU_AUS","arf",0.04
"jsfnt","MCK_CAN","air",0.065
"jsfnt","MCK_CAN","arf",0.065
"jsfnt","MEK_MMR","air",0.05
"jsfnt","MEK_MMR","arf",0.05
"jsfnt","MEK_THA","air",0.055
"jsfnt","MEK_THA","arf",0.055
"jsfnt","MHN_IND","air",0.07
"jsfnt","MHN_IND","arf",0.07
"jsfnt","MIM_MEX","air",0.07
"jsfnt","MIM_MEX","arf",0.07
"jsfnt","MIS_USA","air",0.05
"jsfnt","MIS_USA","arf",0.05
"jsfnt","MOU_USA","air",0.05
"jsfnt","MOU_USA","arf",0.05
"jsfnt","NAC_DZA","air",0.05
"jsfnt","NAC_DZA","arf",0.05
"jsfnt","NAC_EGY","air",0.065
"jsfnt","NAC_EGY","arf",0.065
"jsfnt","NAC_TUN","air",0.05
"jsfnt","NAC_TUN","arf",0.05
"jsfnt","NEB_BRA","air",0.06
"jsfnt","NEB_BRA","arf",0.06
"jsfnt","NER_RUS","air",0.055
"jsfnt","NER_RUS","arf",0.055
"jsfnt","NLL_EGY","air",0.065
"jsfnt","NLL_EGY","arf",0.065
"jsfnt","NLL_SDN","air",0.08
"jsfnt","NLL_SDN","arf",0.08
"jsfnt","NLL_UGA","air",0.095
"jsfnt","NLL_UGA","arf",0.095
"jsfnt","NWA_MOR","air",0.05
"jsfnt","NWA_MOR","arf",0.05
"jsfnt","OBB_CHM","air",0.065
"jsfnt","OBB_CHM","arf",0.065
"jsfnt","OBB_KAZ","air",0.07
"jsfnt","OBB_KAZ","arf",0.07
"jsfnt","OBB_RUS","air",0.055
"jsfnt","OBB_RUS","arf",0.055
"jsfnt","ODE_DEU","air",0.05
"jsfnt","ODE_DEU","arf",0.05
"jsfnt","ODE_POL","air",0.055
"jsfnt","ODE_POL","arf",0.055
"jsfnt","ODE_RUS","air",0.055
"jsfnt","ODE_RUS","arf",0.055
"jsfnt","OHI_USA","air",0.05
"jsfnt","OHI_USA","arf",0.05
"jsfnt","ORA_ZAF","air",0.065
"jsfnt","ORA_ZAF","arf",0.065
"jsfnt","ORI_VEN","air",0.07
"jsfnt","ORI_VEN","arf",0.07
"jsfnt","PAR_ARG","air",0.045
"jsfnt","PAR_ARG","arf",0.045
"jsfnt","PAR_BOL","air",0.07
"jsfnt","PAR_BOL","arf",0.07
"jsfnt","PAR_BRA","air",0.06
"jsfnt","PAR_BRA","arf",0.06
"jsfnt","PAR_PRY","air",0.07
"jsfnt","PAR_PRY","arf",0.07
"jsfnt","PRT_PRT","air",0.05
"jsfnt","PRT_PRT","arf",0.05
"jsfnt","RHI_BLX","air",0.05
"jsfnt","RHI_BLX","arf",0.05
"jsfnt","RHI_CHP","air",0.05
"jsfnt","RHI_CHP","arf",0.05
"jsfnt","RHI_DEU","air",0.05
"jsfnt","RHI_DEU","arf",0.05
"jsfnt","RHI_FRP","air",0.05
"jsfnt","RHI_FRP","arf",0.05
"jsfnt","RHO_FRP","air",0.05
"jsfnt","RHO_FRP","arf",0.05
"jsfnt","RIC_ARG","air",0.045
"jsfnt","RIC_ARG","arf",0.045
"jsfnt","RIG_MEX","air",0.07
"jsfnt","RIG_MEX","arf",0.07
"jsfnt","RIG_USA","air",0.05
"jsfnt","RIG_USA","arf",0.05
"jsfnt","RRS_RUS","air",0.055
"jsfnt","RRS_RUS","arf",0.055
"jsfnt","RVE_VEN","air",0.07
"jsfnt","RVE_VEN","arf",0.07
"jsfnt","RWI_CAN","air",0.065
"jsfnt","RWI_CAN","arf",0.065
"jsfnt","RWI_USA","air",0.05
"jsfnt","RWI_USA","arf",0.05
"jsfnt","SAC_ZAF","air",0.065
"jsfnt","SAC_ZAF","arf",0.065
"jsfnt","SAF_MOZ","air",0.095
"jsfnt","SAF_MOZ","arf",0.095
"jsfnt","SAF_TZA","air",0.095
"jsfnt","SAF_TZA","arf",0.095
"jsfnt","SAF_ZWE","air",0.095
"jsfnt","SAF_ZWE","arf",0.095
"jsfnt","SAH_DZA","air",0.05
"jsfnt","SAH_DZA","arf",0.05
"jsfnt","SAH_EGY","air",0.065
"jsfnt","SAH_EGY","arf",0.065
"jsfnt","SAH_MOR","air",0.05
"jsfnt","SAH_MOR","arf",0.05
"jsfnt","SAH_SDN","air",0.08
"jsfnt","SAH_SDN","arf",0.08
"jsfnt","SAL_ARG","air",0.045
"jsfnt","SAL_ARG","arf",0.045
"jsfnt","SAN_BRA","air",0.06
"jsfnt","SAN_BRA","arf",0.06
"jsfnt","SAY_IND","air",0.07
"jsfnt","SAY_IND","arf",0.07
"jsfnt","SEI_FRP","air",0.05
"jsfnt","SEI_FRP","arf",0.05
"jsfnt","SEU_USA","air",0.05
"jsfnt","SEU_USA","arf",0.05
"jsfnt","SON_CHM","air",0.065
"jsfnt","SON_CHM","arf",0.065
"jsfnt","SPP_SPP","air",0.05
"jsfnt","SPP_SPP","arf",0.05
"jsfnt","SYD_KAZ","air",0.07
"jsfnt","SYD_KAZ","arf",0.07
"jsfnt","SYD_TJK","air",0.07
"jsfnt","SYD_TJK","arf",0.07
"jsfnt","SYD_UZB","air",0.07
"jsfnt","SYD_UZB","arf",0.07
"jsfnt","TIE_ARG","air",0.045
"jsfnt","TIE_ARG","arf",0.045
"jsfnt","TIG_IRN","air",0.05
"jsfnt","TIG_IRN","arf",0.05
"jsfnt","TIG_IRQ","air",0.05
"jsfnt","TIG_IRQ","arf",0.05
"jsfnt","TIG_SYR","air",0.05
"jsfnt","TIG_SYR","arf",0.05
"jsfnt","TIG_TUR","air",0.055
"jsfnt","TIG_TUR","arf",0.055
"jsfnt","TMM_MMR","air",0.05
"jsfnt","TMM_MMR","arf",0.05
"jsfnt","TMM_THA","air",0.055
"jsfnt","TMM_THA","arf",0.055
"jsfnt","TOC_BRA","air",0.06
"jsfnt","TOC_BRA","arf",0.06
"jsfnt","TWN_CHM","air",0.065
"jsfnt","TWN_CHM","arf",0.065
"jsfnt","UME_MEX","air",0.07
"jsfnt","UME_MEX","arf",0.07
"jsfnt","UMO_RUS","air",0.055
"jsfnt","UMO_RUS","arf",0.055
"jsfnt","URA_KAZ","air",0.07
"jsfnt","URA_KAZ","arf",0.07
"jsfnt","URA_RUS","air",0.055
"jsfnt","URA_RUS","arf",0.055
"jsfnt","URU_BRA","air",0.06
"jsfnt","URU_BRA","arf",0.06
"jsfnt","URU_URY","air",0.07
"jsfnt","URU_URY","arf",0.07
"jsfnt","USN_USA","air",0.05
"jsfnt","USN_USA","arf",0.05
"jsfnt","VOG_RUS","air",0.055
"jsfnt","VOG_RUS","arf",0.055
"jsfnt","WAI_AFG","air",0.065
"jsfnt","WAI_AFG","arf",0.065
"jsfnt","WAI_IRN","air",0.05
"jsfnt","WAI_IRN","arf",0.05
"jsfnt","WAI_PAK","air",0.06
"jsfnt","WAI_PAK","arf",0.06
"jsfnt","WAU_AUS","air",0.04
"jsfnt","WAU_AUS","arf",0.04
"jsfnt","WGM_USA","air",0.05
"jsfnt","WGM_USA","arf",0.05
"jsfnt","YEN_RUS","air",0.055
"jsfnt","YEN_RUS","arf",0.055
"jsfnt","YHE_CHM","air",0.065
"jsfnt","YHE_CHM","arf",0.065
"jsfnt","YRD_CHM","air",0.065
"jsfnt","YRD_CHM","arf",0.065
"jsfnt","YUC_MEX","air",0.07
"jsfnt","YUC_MEX","arf",0.07
"jsfnt","ZAM_AGO","air",0.095
"jsfnt","ZAM_AGO","arf",0.095
"jsfnt","ZAM_MOZ","air",0.095
"jsfnt","ZAM_MOZ","arf",0.095
"jsfnt","ZAM_MWI","air",0.095
"jsfnt","ZAM_MWI","arf",0.095
"jsfnt","ZAM_TZA","air",0.095
"jsfnt","ZAM_TZA","arf",0.095
"jsfnt","ZAM_ZMB","air",0.095
"jsfnt","ZAM_ZMB","arf",0.095
"jsfnt","ZAM_ZWE","air",0.095
"jsfnt","ZAM_ZWE","arf",0.095
"jsfnt","ZHJ_CHM","air",0.065
"jsfnt","ZHJ_CHM","arf",0.065
"jpalm","AMA_BRA","air",0.06
"jpalm","AMA_BRA","arf",0.06
"jpalm","AMA_COL","air",0.065
"jpalm","AMA_COL","arf",0.065
"jpalm","AMA_ECU","air",0.07
"jpalm","AMA_ECU","arf",0.07
"jpalm","AMA_PER","air",0.07
"jpalm","AMA_PER","arf",0.07
"jpalm","AMR_CHM","air",0.065
"jpalm","AMR_CHM","arf",0.065
"jpalm","BOR_IDN","air",0.045
"jpalm","BOR_IDN","arf",0.045
"jpalm","BOR_MYS","air",0.035
"jpalm","BOR_MYS","arf",0.035
"jpalm","BRT_CHM","air",0.065
"jpalm","BRT_CHM","arf",0.065
"jpalm","CAF_AGO","air",0.095
"jpalm","CAF_AGO","arf",0.095
"jpalm","CAF_CMR","air",0.07
"jpalm","CAF_CMR","arf",0.07
"jpalm","CAF_COG","air",0.07
"jpalm","CAF_COG","arf",0.07
"jpalm","CHJ_CHM","air",0.065
"jpalm","CHJ_CHM","arf",0.065
"jpalm","CON_AGO","air",0.095
"jpalm","CON_AGO","arf",0.095
"jpalm","CON_COD","air",0.07
"jpalm","CON_COD","arf",0.07
"jpalm","CON_COG","air",0.07
"jpalm","CON_COG","arf",0.07
"jpalm","CRI_CRI","air",0.07
"jpalm","CRI_CRI","arf",0.07
"jpalm","DOM_DOM","air",0.07
"jpalm","DOM_DOM","arf",0.07
"jpalm","EAC_BDI","air",0.095
"jpalm","EAC_BDI","arf",0.095
"jpalm","EAC_COD","air",0.07
"jpalm","EAC_COD","arf",0.07
"jpalm","EAC_TZA","air",0.095
"jpalm","EAC_TZA","arf",0.095
"jpalm","GAN_CHM","air",0.065
"jpalm","GAN_CHM","arf",0.065
"jpalm","GTM_GTM","air",0.07
"jpalm","GTM_GTM","arf",0.07
"jpalm","HAI_CHM","air",0.065
"jpalm","HAI_CHM","arf",0.065
"jpalm","HND_HND","air",0.07
"jpalm","HND_HND","arf",0.07
"jpalm","HUA_CHM","air",0.065
"jpalm","HUA_CHM","arf",0.065
"jpalm","HUN_CHM","air",0.065
"jpalm","HUN_CHM","arf",0.065
"jpalm","IND_CHM","air",0.065
"jpalm","IND_CHM","arf",0.065
"jpalm","INE_IDN","air",0.045
"jpalm","INE_IDN","arf",0.045
"jpalm","INW_IDN","air",0.045
"jpalm","INW_IDN","arf",0.045
"jpalm","LAJ_CHM","air",0.065
"jpalm","LAJ_CHM","arf",0.065
"jpalm","LCB_CMR","air",0.07
"jpalm","LCB_CMR","arf",0.07
"jpalm","LCB_NGA","air",0.065
"jpalm","LCB_NGA","arf",0.065
"jpalm","LMO_CHM","air",0.065
"jpalm","LMO_CHM","arf",0.065
"jpalm","MEK_KHM","air",0.055
"jpalm","MEK_KHM","arf",0.055
"jpalm","MEK_THA","air",0.055
"jpalm","MEK_THA","arf",0.055
"jpalm","MIM_MEX","air",0.07
"jpalm","MIM_MEX","arf",0.07
"jpalm","NEB_BRA","air",0.06
"jpalm","NEB_BRA","arf",0.06
"jpalm","NIC_NIC","air",0.07
"jpalm","NIC_NIC","arf",0.07
"jpalm","NIG_BEN","air",0.07
"jpalm","NIG_BEN","arf",0.07
"jpalm","NIG_CIV","air",0.07
"jpalm","NIG_CIV","arf",0.07
"jpalm","NIG_CMR","air",0.07
"jpalm","NIG_CMR","arf",0.07
"jpalm","NIG_GIN","air",0.07
"jpalm","NIG_GIN","arf",0.07
"jpalm","NIG_NGA","air",0.065
"jpalm","NIG_NGA","arf",0.065
"jpalm","NWS_COL","air",0.065
"jpalm","NWS_COL","arf",0.065
"jpalm","NWS_ECU","air",0.07
"jpalm","NWS_ECU","arf",0.07
"jpalm","OBB_CHM","air",0.065
"jpalm","OBB_CHM","arf",0.065
"jpalm","ORI_COL","air",0.065
"jpalm","ORI_COL","arf",0.065
"jpalm","ORI_VEN","air",0.07
"jpalm","ORI_VEN","arf",0.07
"jpalm","PAN_PAN","air",0.07
"jpalm","PAN_PAN","arf",0.07
"jpalm","PAO_PNG","air",0.065
"jpalm","PAO_PNG","arf",0.065
"jpalm","PAR_BRA","air",0.06
"jpalm","PAR_BRA","arf",0.06
"jpalm","PEC_PER","air",0.07
"jpalm","PEC_PER","arf",0.07
"jpalm","PHI_PHL","air",0.05
"jpalm","PHI_PHL","arf",0.05
"jpalm","RIG_MEX","air",0.07
"jpalm","RIG_MEX","arf",0.07
"jpalm","RVE_VEN","air",0.07
"jpalm","RVE_VEN","arf",0.07
"jpalm","SAF_TZA","air",0.095
"jpalm","SAF_TZA","arf",0.095
"jpalm","SAN_BRA","air",0.06
"jpalm","SAN_BRA","arf",0.06
"jpalm","SEN_GIN","air",0.07
"jpalm","SEN_GIN","arf",0.07
"jpalm","SEN_SEN","air",0.07
"jpalm","SEN_SEN","arf",0.07
"jpalm","SLB_SLB","air",0.065
"jpalm","SLB_SLB","arf",0.065
"jpalm","SON_CHM","air",0.065
"jpalm","SON_CHM","arf",0.065
"jpalm","TMM_MYS","air",0.035
"jpalm","TMM_MYS","arf",0.035
"jpalm","TMM_THA","air",0.055
"jpalm","TMM_THA","arf",0.055
"jpalm","TOC_BRA","air",0.06
"jpalm","TOC_BRA","arf",0.06
"jpalm","TWN_CHM","air",0.065
"jpalm","TWN_CHM","arf",0.065
"jpalm","UME_MEX","air",0.07
"jpalm","UME_MEX","arf",0.07
"jpalm","URU_BRA","air",0.06
"jpalm","URU_BRA","arf",0.06
"jpalm","VOT_BEN","air",0.07
"jpalm","VOT_BEN","arf",0.07
"jpalm","VOT_CIV","air",0.07
"jpalm","VOT_CIV","arf",0.07
"jpalm","VOT_GHA","air",0.07
"jpalm","VOT_GHA","arf",0.07
"jpalm","VOT_TGO","air",0.07
"jpalm","VOT_TGO","arf",0.07
"jpalm","WAC_CIV","air",0.07
"jpalm","WAC_CIV","arf",0.07
"jpalm","WAC_GIN","air",0.07
"jpalm","WAC_GIN","arf",0.07
"jpalm","WAC_LBR","air",0.07
"jpalm","WAC_LBR","arf",0.07
"jpalm","WAC_SEN","air",0.07
"jpalm","WAC_SEN","arf",0.07
"jpalm","WAC_SLE","air",0.07
"jpalm","WAC_SLE","arf",0.07
"jpalm","YHE_CHM","air",0.065
"jpalm","YHE_CHM","arf",0.065
"jpalm","YRD_CHM","air",0.065
"jpalm","YRD_CHM","arf",0.065
"jpalm","YUC_MEX","air",0.07
"jpalm","YUC_MEX","arf",0.07
"jpalm","ZAM_AGO","air",0.095
"jpalm","ZAM_AGO","arf",0.095
"jpalm","ZAM_COD","air",0.07
"jpalm","ZAM_COD","arf",0.07
"jpalm","ZAM_TZA","air",0.095
"jpalm","ZAM_TZA","arf",0.095
"jpalm","ZHJ_CHM","air",0.065
"jpalm","ZHJ_CHM","arf",0.065
"jplol","ALB_ALB","air",0.11
"jplol","ALB_ALB","arf",0.11
"jplol","ALK_USA","air",0.1
"jplol","ALK_USA","arf",0.1
"jplol","AMA_BOL","air",0.14
"jplol","AMA_BOL","arf",0.14
"jplol","AMA_BRA","air",0.12
"jplol","AMA_BRA","arf",0.12
"jplol","AMA_COL","air",0.13
"jplol","AMA_COL","arf",0.13
"jplol","AMA_ECU","air",0.14
"jplol","AMA_ECU","arf",0.14
"jplol","AMA_PER","air",0.14
"jplol","AMA_PER","arf",0.14
"jplol","AMD_AFG","air",0.13
"jplol","AMD_AFG","arf",0.13
"jplol","AMD_TJK","air",0.14
"jplol","AMD_TJK","arf",0.14
"jplol","AMD_TKM","air",0.14
"jplol","AMD_TKM","arf",0.14
"jplol","AMD_UZB","air",0.14
"jplol","AMD_UZB","arf",0.14
"jplol","AMR_CHM","air",0.13
"jplol","AMR_CHM","arf",0.13
"jplol","AMR_RUS","air",0.11
"jplol","AMR_RUS","arf",0.11
"jplol","ARA_IRQ","air",0.1
"jplol","ARA_IRQ","arf",0.1
"jplol","ARK_USA","air",0.1
"jplol","ARK_USA","arf",0.1
"jplol","ARM_ARM","air",0.11
"jplol","ARM_ARM","arf",0.11
"jplol","AZE_AZE","air",0.11
"jplol","AZE_AZE","arf",0.11
"jplol","BAL_BLT","air",0.11
"jplol","BAL_BLT","arf",0.11
"jplol","BAL_RUS","air",0.11
"jplol","BAL_RUS","arf",0.11
"jplol","BLA_RUS","air",0.11
"jplol","BLA_RUS","arf",0.11
"jplol","BLA_TUR","air",0.11
"jplol","BLA_TUR","arf",0.11
"jplol","BLA_UKR","air",0.11
"jplol","BLA_UKR","arf",0.11
"jplol","BLZ_BLZ","air",0.14
"jplol","BLZ_BLZ","arf",0.14
"jplol","BOR_IDN","air",0.09
"jplol","BOR_IDN","arf",0.09
"jplol","BOR_MYS","air",0.07
"jplol","BOR_MYS","arf",0.07
"jplol","BRT_BGD","air",0.15
"jplol","BRT_BGD","arf",0.15
"jplol","BRT_BTN","air",0.13
"jplol","BRT_BTN","arf",0.13
"jplol","BRT_CHM","air",0.13
"jplol","BRT_CHM","arf",0.13
"jplol","BRT_IND","air",0.14
"jplol","BRT_IND","arf",0.14
"jplol","CAF_AGO","air",0.19
"jplol","CAF_AGO","arf",0.19
"jplol","CAF_CAF","air",0.14
"jplol","CAF_CAF","arf",0.14
"jplol","CAF_CMR","air",0.14
"jplol","CAF_CMR","arf",0.14
"jplol","CAF_COG","air",0.14
"jplol","CAF_COG","arf",0.14
"jplol","CAF_GAB","air",0.14
"jplol","CAF_GAB","arf",0.14
"jplol","CAF_GNQ","air",0.14
"jplol","CAF_GNQ","arf",0.14
"jplol","CAF_NAM","air",0.19
"jplol","CAF_NAM","arf",0.19
"jplol","CAL_USA","air",0.1
"jplol","CAL_USA","arf",0.1
"jplol","CAN_CAN","air",0.13
"jplol","CAN_CAN","arf",0.13
"jplol","CAU_AUS","air",0.08
"jplol","CAU_AUS","arf",0.08
"jplol","CAV_IND","air",0.14
"jplol","CAV_IND","arf",0.14
"jplol","CHC_CHL","air",0.14
"jplol","CHC_CHL","arf",0.14
"jplol","CHJ_CHM","air",0.13
"jplol","CHJ_CHM","arf",0.13
"jplol","CHO_IND","air",0.14
"jplol","CHO_IND","arf",0.14
"jplol","CHU_KAZ","air",0.14
"jplol","CHU_KAZ","arf",0.14
"jplol","CHU_KGZ","air",0.14
"jplol","CHU_KGZ","arf",0.14
"jplol","COB_CAN","air",0.13
"jplol","COB_CAN","arf",0.13
"jplol","COB_USA","air",0.1
"jplol","COB_USA","arf",0.1
"jplol","COL_USA","air",0.1
"jplol","COL_USA","arf",0.1
"jplol","CON_AGO","air",0.19
"jplol","CON_AGO","arf",0.19
"jplol","CON_CAF","air",0.14
"jplol","CON_CAF","arf",0.14
"jplol","CON_COD","air",0.14
"jplol","CON_COD","arf",0.14
"jplol","CON_COG","air",0.14
"jplol","CON_COG","arf",0.14
"jplol","CRB_CRB","air",0.13
"jplol","CRB_CRB","arf",0.13
"jplol","CRI_CRI","air",0.14
"jplol","CRI_CRI","arf",0.14
"jplol","CUB_CUB","air",0.14
"jplol","CUB_CUB","arf",0.14
"jplol","DAN_AUT","air",0.1
"jplol","DAN_AUT","arf",0.1
"jplol","DAN_BGR","air",0.11
"jplol","DAN_BGR","arf",0.11
"jplol","DAN_CZE","air",0.11
"jplol","DAN_CZE","arf",0.11
"jplol","DAN_DEU","air",0.1
"jplol","DAN_DEU","arf",0.1
"jplol","DAN_HRV","air",0.11
"jplol","DAN_HRV","arf",0.11
"jplol","DAN_HUN","air",0.11
"jplol","DAN_HUN","arf",0.11
"jplol","DAN_MDA","air",0.11
"jplol","DAN_MDA","arf",0.11
"jplol","DAN_OBN","air",0.11
"jplol","DAN_OBN","arf",0.11
"jplol","DAN_ROU","air",0.11
"jplol","DAN_ROU","arf",0.11
"jplol","DAN_SVK","air",0.11
"jplol","DAN_SVK","arf",0.11
"jplol","DAN_SVN","air",0.11
"jplol","DAN_SVN","arf",0.11
"jplol","DAN_TUR","air",0.11
"jplol","DAN_TUR","arf",0.11
"jplol","DAN_UKR","air",0.11
"jplol","DAN_UKR","arf",0.11
"jplol","DNI_BLR","air",0.11
"jplol","DNI_BLR","arf",0.11
"jplol","DNI_RUS","air",0.11
"jplol","DNI_RUS","arf",0.11
"jplol","DNI_UKR","air",0.11
"jplol","DNI_UKR","arf",0.11
"jplol","DOM_DOM","air",0.14
"jplol","DOM_DOM","arf",0.14
"jplol","EAC_BDI","air",0.19
"jplol","EAC_BDI","arf",0.19
"jplol","EAC_COD","air",0.14
"jplol","EAC_COD","arf",0.14
"jplol","EAC_RWA","air",0.19
"jplol","EAC_RWA","arf",0.19
"jplol","EAC_TZA","air",0.19
"jplol","EAC_TZA","arf",0.19
"jplol","EAU_AUS","air",0.08
"jplol","EAU_AUS","arf",0.08
"jplol","EGH_IND","air",0.14
"jplol","EGH_IND","arf",0.14
"jplol","ELB_DEU","air",0.1
"jplol","ELB_DEU","arf",0.1
"jplol","ELB_DNK","air",0.1
"jplol","ELB_DNK","arf",0.1
"jplol","EME_CYP","air",0.1
"jplol","EME_CYP","arf",0.1
"jplol","EME_EGY","air",0.13
"jplol","EME_EGY","arf",0.13
"jplol","EME_ISR","air",0.13
"jplol","EME_ISR","arf",0.13
"jplol","EME_JOR","air",0.1
"jplol","EME_JOR","arf",0.1
"jplol","EME_LBN","air",0.1
"jplol","EME_LBN","arf",0.1
"jplol","EME_PSE","air",0.14
"jplol","EME_PSE","arf",0.14
"jplol","EME_SYR","air",0.1
"jplol","EME_SYR","arf",0.1
"jplol","EME_TUR","air",0.11
"jplol","EME_TUR","arf",0.11
"jplol","FJI_FJI","air",0.13
"jplol","FJI_FJI","arf",0.13
"jplol","FNP_FNP","air",0.1
"jplol","FNP_FNP","arf",0.1
"jplol","GAN_BGD","air",0.15
"jplol","GAN_BGD","arf",0.15
"jplol","GAN_CHM","air",0.13
"jplol","GAN_CHM","arf",0.13
"jplol","GAN_IND","air",0.14
"jplol","GAN_IND","arf",0.14
"jplol","GAN_NPL","air",0.13
"jplol","GAN_NPL","arf",0.13
"jplol","GBA_USA","air",0.1
"jplol","GBA_USA","arf",0.1
"jplol","GEO_GEO","air",0.11
"jplol","GEO_GEO","arf",0.11
"jplol","GLA_CAN","air",0.13
"jplol","GLA_CAN","arf",0.13
"jplol","GLA_USA","air",0.1
"jplol","GLA_USA","arf",0.1
"jplol","GOD_IND","air",0.14
"jplol","GOD_IND","arf",0.14
"jplol","GRC_GRC","air",0.11
"jplol","GRC_GRC","arf",0.11
"jplol","GSA_GSA","air",0.14
"jplol","GSA_GSA","arf",0.14
"jplol","GTM_GTM","air",0.14
"jplol","GTM_GTM","arf",0.14
"jplol","HAI_CHM","air",0.13
"jplol","HAI_CHM","arf",0.13
"jplol","HND_HND","air",0.14
"jplol","HND_HND","arf",0.14
"jplol","HOA_ETH","air",0.16
"jplol","HOA_ETH","arf",0.16
"jplol","HOA_KEN","air",0.19
"jplol","HOA_KEN","arf",0.19
"jplol","HOA_SOM","air",0.16
"jplol","HOA_SOM","arf",0.16
"jplol","HTI_HTI","air",0.14
"jplol","HTI_HTI","arf",0.14
"jplol","HUA_CHM","air",0.13
"jplol","HUA_CHM","arf",0.13
"jplol","HUN_CHM","air",0.13
"jplol","HUN_CHM","arf",0.13
"jplol","HWI_USA","air",0.1
"jplol","HWI_USA","arf",0.1
"jplol","IEC_IND","air",0.14
"jplol","IEC_IND","arf",0.14
"jplol","IND_CHM","air",0.13
"jplol","IND_CHM","arf",0.13
"jplol","IND_IND","air",0.14
"jplol","IND_IND","arf",0.14
"jplol","IND_PAK","air",0.12
"jplol","IND_PAK","arf",0.12
"jplol","INE_IDN","air",0.09
"jplol","INE_IDN","arf",0.09
"jplol","INW_IDN","air",0.09
"jplol","INW_IDN","arf",0.09
"jplol","IRL_IRL","air",0.1
"jplol","IRL_IRL","arf",0.1
"jplol","ISL_ISL","air",0.1
"jplol","ISL_ISL","arf",0.1
"jplol","ITA_ITP","air",0.1
"jplol","ITA_ITP","arf",0.1
"jplol","JAM_JAM","air",0.13
"jplol","JAM_JAM","arf",0.13
"jplol","JAP_JPN","air",0.1
"jplol","JAP_JPN","arf",0.1
"jplol","KAL_BWA","air",0.19
"jplol","KAL_BWA","arf",0.19
"jplol","KAL_NAM","air",0.19
"jplol","KAL_NAM","arf",0.19
"jplol","KAL_ZAF","air",0.13
"jplol","KAL_ZAF","arf",0.13
"jplol","KRI_IND","air",0.14
"jplol","KRI_IND","arf",0.14
"jplol","LAJ_CHM","air",0.13
"jplol","LAJ_CHM","arf",0.13
"jplol","LBA_KAZ","air",0.14
"jplol","LBA_KAZ","arf",0.14
"jplol","LBO_FRP","air",0.1
"jplol","LBO_FRP","arf",0.1
"jplol","LCB_CAF","air",0.14
"jplol","LCB_CAF","arf",0.14
"jplol","LCB_CMR","air",0.14
"jplol","LCB_CMR","arf",0.14
"jplol","LCB_NER","air",0.16
"jplol","LCB_NER","arf",0.16
"jplol","LCB_NGA","air",0.13
"jplol","LCB_NGA","arf",0.13
"jplol","LCB_TCD","air",0.16
"jplol","LCB_TCD","arf",0.16
"jplol","LIM_BWA","air",0.19
"jplol","LIM_BWA","arf",0.19
"jplol","LIM_MOZ","air",0.19
"jplol","LIM_MOZ","arf",0.19
"jplol","LIM_ZAF","air",0.13
"jplol","LIM_ZAF","arf",0.13
"jplol","LIM_ZWE","air",0.19
"jplol","LIM_ZWE","arf",0.19
"jplol","LMO_CHM","air",0.13
"jplol","LMO_CHM","arf",0.13
"jplol","LMO_MNG","air",0.13
"jplol","LMO_MNG","arf",0.13
"jplol","LTZ_KAZ","air",0.14
"jplol","LTZ_KAZ","arf",0.14
"jplol","LUN_IND","air",0.14
"jplol","LUN_IND","arf",0.14
"jplol","MAD_MDG","air",0.19
"jplol","MAD_MDG","arf",0.19
"jplol","MAT_IND","air",0.14
"jplol","MAT_IND","arf",0.14
"jplol","MAU_AUS","air",0.08
"jplol","MAU_AUS","arf",0.08
"jplol","MCK_CAN","air",0.13
"jplol","MCK_CAN","arf",0.13
"jplol","MEK_KHM","air",0.11
"jplol","MEK_KHM","arf",0.11
"jplol","MEK_LAO","air",0.11
"jplol","MEK_LAO","arf",0.11
"jplol","MEK_MMR","air",0.1
"jplol","MEK_MMR","arf",0.1
"jplol","MEK_THA","air",0.11
"jplol","MEK_THA","arf",0.11
"jplol","MEK_VNM","air",0.11
"jplol","MEK_VNM","arf",0.11
"jplol","MHN_IND","air",0.14
"jplol","MHN_IND","arf",0.14
"jplol","MIM_MEX","air",0.14
"jplol","MIM_MEX","arf",0.14
"jplol","MIS_USA","air",0.1
"jplol","MIS_USA","arf",0.1
"jplol","MOU_USA","air",0.1
"jplol","MOU_USA","arf",0.1
"jplol","NAC_DZA","air",0.1
"jplol","NAC_DZA","arf",0.1
"jplol","NAC_EGY","air",0.13
"jplol","NAC_EGY","arf",0.13
"jplol","NAC_LBY","air",0.1
"jplol","NAC_LBY","arf",0.1
"jplol","NAC_TUN","air",0.1
"jplol","NAC_TUN","arf",0.1
"jplol","NEB_BRA","air",0.12
"jplol","NEB_BRA","arf",0.12
"jplol","NER_RUS","air",0.11
"jplol","NER_RUS","arf",0.11
"jplol","NIC_NIC","air",0.14
"jplol","NIC_NIC","arf",0.14
"jplol","NIG_BEN","air",0.14
"jplol","NIG_BEN","arf",0.14
"jplol","NIG_BFA","air",0.16
"jplol","NIG_BFA","arf",0.16
"jplol","NIG_CIV","air",0.14
"jplol","NIG_CIV","arf",0.14
"jplol","NIG_CMR","air",0.14
"jplol","NIG_CMR","arf",0.14
"jplol","NIG_GIN","air",0.14
"jplol","NIG_GIN","arf",0.14
"jplol","NIG_MLI","air",0.16
"jplol","NIG_MLI","arf",0.16
"jplol","NIG_NER","air",0.16
"jplol","NIG_NER","arf",0.16
"jplol","NIG_NGA","air",0.13
"jplol","NIG_NGA","arf",0.13
"jplol","NIG_TCD","air",0.16
"jplol","NIG_TCD","arf",0.16
"jplol","NKP_PRK","air",0.13
"jplol","NKP_PRK","arf",0.13
"jplol","NLL_DJI","air",0.16
"jplol","NLL_DJI","arf",0.16
"jplol","NLL_EGY","air",0.13
"jplol","NLL_EGY","arf",0.13
"jplol","NLL_ERI","air",0.16
"jplol","NLL_ERI","arf",0.16
"jplol","NLL_ETH","air",0.16
"jplol","NLL_ETH","arf",0.16
"jplol","NLL_SDN","air",0.16
"jplol","NLL_SDN","arf",0.16
"jplol","NLL_UGA","air",0.19
"jplol","NLL_UGA","arf",0.19
"jplol","NOR_NOR","air",0.1
"jplol","NOR_NOR","arf",0.1
"jplol","NWA_MOR","air",0.1
"jplol","NWA_MOR","arf",0.1
"jplol","NWA_MRT","air",0.16
"jplol","NWA_MRT","arf",0.16
"jplol","NWS_COL","air",0.13
"jplol","NWS_COL","arf",0.13
"jplol","NWS_ECU","air",0.14
"jplol","NWS_ECU","arf",0.14
"jplol","NZE_NZL","air",0.13
"jplol","NZE_NZL","arf",0.13
"jplol","OAO_OAO","air",0.13
"jplol","OAO_OAO","arf",0.13
"jplol","OBB_CHM","air",0.13
"jplol","OBB_CHM","arf",0.13
"jplol","OBB_KAZ","air",0.14
"jplol","OBB_KAZ","arf",0.14
"jplol","OBB_RUS","air",0.11
"jplol","OBB_RUS","arf",0.11
"jplol","ODE_DEU","air",0.1
"jplol","ODE_DEU","arf",0.1
"jplol","ODE_POL","air",0.11
"jplol","ODE_POL","arf",0.11
"jplol","ODE_RUS","air",0.11
"jplol","ODE_RUS","arf",0.11
"jplol","OHI_USA","air",0.1
"jplol","OHI_USA","arf",0.1
"jplol","OIO_OIO","air",0.13
"jplol","OIO_OIO","arf",0.13
"jplol","OPO_OPO","air",0.13
"jplol","OPO_OPO","arf",0.13
"jplol","ORA_LSO","air",0.19
"jplol","ORA_LSO","arf",0.19
"jplol","ORA_NAM","air",0.19
"jplol","ORA_NAM","arf",0.19
"jplol","ORA_ZAF","air",0.13
"jplol","ORA_ZAF","arf",0.13
"jplol","ORI_COL","air",0.13
"jplol","ORI_COL","arf",0.13
"jplol","ORI_VEN","air",0.14
"jplol","ORI_VEN","arf",0.14
"jplol","PAN_PAN","air",0.14
"jplol","PAN_PAN","arf",0.14
"jplol","PAO_PNG","air",0.13
"jplol","PAO_PNG","arf",0.13
"jplol","PAR_ARG","air",0.09
"jplol","PAR_ARG","arf",0.09
"jplol","PAR_BOL","air",0.14
"jplol","PAR_BOL","arf",0.14
"jplol","PAR_BRA","air",0.12
"jplol","PAR_BRA","arf",0.12
"jplol","PAR_PRY","air",0.14
"jplol","PAR_PRY","arf",0.14
"jplol","PEC_PER","air",0.14
"jplol","PEC_PER","arf",0.14
"jplol","PHI_PHL","air",0.1
"jplol","PHI_PHL","arf",0.1
"jplol","PRT_PRT","air",0.1
"jplol","PRT_PRT","arf",0.1
"jplol","RAP_RAP","air",0.1
"jplol","RAP_RAP","arf",0.1
"jplol","RHI_BLX","air",0.1
"jplol","RHI_BLX","arf",0.1
"jplol","RHI_CHP","air",0.1
"jplol","RHI_CHP","arf",0.1
"jplol","RHI_DEU","air",0.1
"jplol","RHI_DEU","arf",0.1
"jplol","RHI_FRP","air",0.1
"jplol","RHI_FRP","arf",0.1
"jplol","RHI_NLD","air",0.1
"jplol","RHI_NLD","arf",0.1
"jplol","RHO_FRP","air",0.1
"jplol","RHO_FRP","arf",0.1
"jplol","RIC_ARG","air",0.09
"jplol","RIC_ARG","arf",0.09
"jplol","RIG_MEX","air",0.14
"jplol","RIG_MEX","arf",0.14
"jplol","RIG_USA","air",0.1
"jplol","RIG_USA","arf",0.1
"jplol","RRS_RUS","air",0.11
"jplol","RRS_RUS","arf",0.11
"jplol","RVE_VEN","air",0.14
"jplol","RVE_VEN","arf",0.14
"jplol","RVN_VNM","air",0.11
"jplol","RVN_VNM","arf",0.11
"jplol","RWI_CAN","air",0.13
"jplol","RWI_CAN","arf",0.13
"jplol","RWI_USA","air",0.1
"jplol","RWI_USA","arf",0.1
"jplol","SAC_SWZ","air",0.19
"jplol","SAC_SWZ","arf",0.19
"jplol","SAC_ZAF","air",0.13
"jplol","SAC_ZAF","arf",0.13
"jplol","SAF_MOZ","air",0.19
"jplol","SAF_MOZ","arf",0.19
"jplol","SAF_TZA","air",0.19
"jplol","SAF_TZA","arf",0.19
"jplol","SAF_ZWE","air",0.19
"jplol","SAF_ZWE","arf",0.19
"jplol","SAH_DZA","air",0.1
"jplol","SAH_DZA","arf",0.1
"jplol","SAH_EGY","air",0.13
"jplol","SAH_EGY","arf",0.13
"jplol","SAH_LBY","air",0.1
"jplol","SAH_LBY","arf",0.1
"jplol","SAH_MLI","air",0.16
"jplol","SAH_MLI","arf",0.16
"jplol","SAH_MOR","air",0.1
"jplol","SAH_MOR","arf",0.1
"jplol","SAH_MRT","air",0.16
"jplol","SAH_MRT","arf",0.16
"jplol","SAH_NER","air",0.16
"jplol","SAH_NER","arf",0.16
"jplol","SAH_SDN","air",0.16
"jplol","SAH_SDN","arf",0.16
"jplol","SAH_TCD","air",0.16
"jplol","SAH_TCD","arf",0.16
"jplol","SAL_ARG","air",0.09
"jplol","SAL_ARG","arf",0.09
"jplol","SAN_BRA","air",0.12
"jplol","SAN_BRA","arf",0.12
"jplol","SAU_SAU","air",0.1
"jplol","SAU_SAU","arf",0.1
"jplol","SAY_IND","air",0.14
"jplol","SAY_IND","arf",0.14
"jplol","SEI_FRP","air",0.1
"jplol","SEI_FRP","arf",0.1
"jplol","SEN_GIN","air",0.14
"jplol","SEN_GIN","arf",0.14
"jplol","SEN_MLI","air",0.16
"jplol","SEN_MLI","arf",0.16
"jplol","SEN_MRT","air",0.16
"jplol","SEN_MRT","arf",0.16
"jplol","SEN_SEN","air",0.14
"jplol","SEN_SEN","arf",0.14
"jplol","SEU_USA","air",0.1
"jplol","SEU_USA","arf",0.1
"jplol","SKP_KOR","air",0.1
"jplol","SKP_KOR","arf",0.1
"jplol","SLB_SLB","air",0.13
"jplol","SLB_SLB","arf",0.13
"jplol","SLV_SLV","air",0.14
"jplol","SLV_SLV","arf",0.14
"jplol","SON_CHM","air",0.13
"jplol","SON_CHM","arf",0.13
"jplol","SPP_SPP","air",0.1
"jplol","SPP_SPP","arf",0.1
"jplol","SRL_LKA","air",0.13
"jplol","SRL_LKA","arf",0.13
"jplol","SWE_SWE","air",0.1
"jplol","SWE_SWE","arf",0.1
"jplol","SYD_KAZ","air",0.14
"jplol","SYD_KAZ","arf",0.14
"jplol","SYD_KGZ","air",0.14
"jplol","SYD_KGZ","arf",0.14
"jplol","SYD_TJK","air",0.14
"jplol","SYD_TJK","arf",0.14
"jplol","SYD_UZB","air",0.14
"jplol","SYD_UZB","arf",0.14
"jplol","TIE_ARG","air",0.09
"jplol","TIE_ARG","arf",0.09
"jplol","TIG_IRN","air",0.1
"jplol","TIG_IRN","arf",0.1
"jplol","TIG_IRQ","air",0.1
"jplol","TIG_IRQ","arf",0.1
"jplol","TIG_SYR","air",0.1
"jplol","TIG_SYR","arf",0.1
"jplol","TIG_TUR","air",0.11
"jplol","TIG_TUR","arf",0.11
"jplol","TLS_TLS","air",0.13
"jplol","TLS_TLS","arf",0.13
"jplol","TMM_BGD","air",0.15
"jplol","TMM_BGD","arf",0.15
"jplol","TMM_MMR","air",0.1
"jplol","TMM_MMR","arf",0.1
"jplol","TMM_MYS","air",0.07
"jplol","TMM_MYS","arf",0.07
"jplol","TMM_OSA","air",0.11
"jplol","TMM_OSA","arf",0.11
"jplol","TMM_THA","air",0.11
"jplol","TMM_THA","arf",0.11
"jplol","TOC_BRA","air",0.12
"jplol","TOC_BRA","arf",0.12
"jplol","TWN_CHM","air",0.13
"jplol","TWN_CHM","arf",0.13
"jplol","UKP_UKP","air",0.1
"jplol","UKP_UKP","arf",0.1
"jplol","UME_MEX","air",0.14
"jplol","UME_MEX","arf",0.14
"jplol","UMO_MNG","air",0.13
"jplol","UMO_MNG","arf",0.13
"jplol","UMO_RUS","air",0.11
"jplol","UMO_RUS","arf",0.11
"jplol","URA_KAZ","air",0.14
"jplol","URA_KAZ","arf",0.14
"jplol","URA_RUS","air",0.11
"jplol","URA_RUS","arf",0.11
"jplol","URA_TKM","air",0.14
"jplol","URA_TKM","arf",0.14
"jplol","URU_BRA","air",0.12
"jplol","URU_BRA","arf",0.12
"jplol","URU_URY","air",0.14
"jplol","URU_URY","arf",0.14
"jplol","USN_USA","air",0.1
"jplol","USN_USA","arf",0.1
"jplol","VOG_RUS","air",0.11
"jplol","VOG_RUS","arf",0.11
"jplol","VOT_BEN","air",0.14
"jplol","VOT_BEN","arf",0.14
"jplol","VOT_BFA","air",0.16
"jplol","VOT_BFA","arf",0.16
"jplol","VOT_CIV","air",0.14
"jplol","VOT_CIV","arf",0.14
"jplol","VOT_GHA","air",0.14
"jplol","VOT_GHA","arf",0.14
"jplol","VOT_MLI","air",0.16
"jplol","VOT_MLI","arf",0.16
"jplol","VOT_TGO","air",0.14
"jplol","VOT_TGO","arf",0.14
"jplol","VUT_VUT","air",0.13
"jplol","VUT_VUT","arf",0.13
"jplol","WAC_CIV","air",0.14
"jplol","WAC_CIV","arf",0.14
"jplol","WAC_GIN","air",0.14
"jplol","WAC_GIN","arf",0.14
"jplol","WAC_GMB","air",0.14
"jplol","WAC_GMB","arf",0.14
"jplol","WAC_GNB","air",0.14
"jplol","WAC_GNB","arf",0.14
"jplol","WAC_LBR","air",0.14
"jplol","WAC_LBR","arf",0.14
"jplol","WAC_SEN","air",0.14
"jplol","WAC_SEN","arf",0.14
"jplol","WAC_SLE","air",0.14
"jplol","WAC_SLE","arf",0.14
"jplol","WAI_AFG","air",0.13
"jplol","WAI_AFG","arf",0.13
"jplol","WAI_IRN","air",0.1
"jplol","WAI_IRN","arf",0.1
"jplol","WAI_PAK","air",0.12
"jplol","WAI_PAK","arf",0.12
"jplol","WAI_TKM","air",0.14
"jplol","WAI_TKM","arf",0.14
"jplol","WAU_AUS","air",0.08
"jplol","WAU_AUS","arf",0.08
"jplol","WGM_USA","air",0.1
"jplol","WGM_USA","arf",0.1
"jplol","YEM_YEM","air",0.1
"jplol","YEM_YEM","arf",0.1
"jplol","YEN_RUS","air",0.11
"jplol","YEN_RUS","arf",0.11
"jplol","YHE_CHM","air",0.13
"jplol","YHE_CHM","arf",0.13
"jplol","YRD_CHM","air",0.13
"jplol","YRD_CHM","arf",0.13
"jplol","YRD_VNM","air",0.11
"jplol","YRD_VNM","arf",0.11
"jplol","YUC_MEX","air",0.14
"jplol","YUC_MEX","arf",0.14
"jplol","ZAM_AGO","air",0.19
"jplol","ZAM_AGO","arf",0.19
"jplol","ZAM_BWA","air",0.19
"jplol","ZAM_BWA","arf",0.19
"jplol","ZAM_COD","air",0.14
"jplol","ZAM_COD","arf",0.14
"jplol","ZAM_MOZ","air",0.19
"jplol","ZAM_MOZ","arf",0.19
"jplol","ZAM_MWI","air",0.19
"jplol","ZAM_MWI","arf",0.19
"jplol","ZAM_NAM","air",0.19
"jplol","ZAM_NAM","arf",0.19
"jplol","ZAM_TZA","air",0.19
"jplol","ZAM_TZA","arf",0.19
"jplol","ZAM_ZMB","air",0.19
"jplol","ZAM_ZMB","arf",0.19
"jplol","ZAM_ZWE","air",0.19
"jplol","ZAM_ZWE","arf",0.19
"jplol","ZHJ_CHM","air",0.13
"jplol","ZHJ_CHM","arf",0.13
"jtols","ALB_ALB","air",0.22
"jtols","ALB_ALB","arf",0.22
"jtols","AMA_BOL","air",0.28
"jtols","AMA_BOL","arf",0.28
"jtols","AMA_PER","air",0.28
"jtols","AMA_PER","arf",0.28
"jtols","AMR_RUS","air",0.22
"jtols","AMR_RUS","arf",0.22
"jtols","ARA_IRQ","air",0.2
"jtols","ARA_IRQ","arf",0.2
"jtols","ARM_ARM","air",0.22
"jtols","ARM_ARM","arf",0.22
"jtols","BAL_BLT","air",0.22
"jtols","BAL_BLT","arf",0.22
"jtols","BAL_RUS","air",0.22
"jtols","BAL_RUS","arf",0.22
"jtols","BLA_RUS","air",0.22
"jtols","BLA_RUS","arf",0.22
"jtols","BLZ_BLZ","air",0.28
"jtols","BLZ_BLZ","arf",0.28
"jtols","BOR_IDN","air",0.18
"jtols","BOR_IDN","arf",0.18
"jtols","BRT_BGD","air",0.3
"jtols","BRT_BGD","arf",0.3
"jtols","BRT_IND","air",0.28
"jtols","BRT_IND","arf",0.28
"jtols","CAF_COG","air",0.28
"jtols","CAF_COG","arf",0.28
"jtols","CAF_GNQ","air",0.28
"jtols","CAF_GNQ","arf",0.28
"jtols","CAV_IND","air",0.28
"jtols","CAV_IND","arf",0.28
"jtols","CHO_IND","air",0.28
"jtols","CHO_IND","arf",0.28
"jtols","CHU_KAZ","air",0.28
"jtols","CHU_KAZ","arf",0.28
"jtols","CHU_KGZ","air",0.28
"jtols","CHU_KGZ","arf",0.28
"jtols","CON_COD","air",0.28
"jtols","CON_COD","arf",0.28
"jtols","CON_COG","air",0.28
"jtols","CON_COG","arf",0.28
"jtols","CRB_CRB","air",0.26
"jtols","CRB_CRB","arf",0.26
"jtols","CUB_CUB","air",0.28
"jtols","CUB_CUB","arf",0.28
"jtols","DAN_HRV","air",0.22
"jtols","DAN_HRV","arf",0.22
"jtols","DNI_RUS","air",0.22
"jtols","DNI_RUS","arf",0.22
"jtols","DOM_DOM","air",0.28
"jtols","DOM_DOM","arf",0.28
"jtols","EAC_COD","air",0.28
"jtols","EAC_COD","arf",0.28
"jtols","EAC_TZA","air",0.38
"jtols","EAC_TZA","arf",0.38
"jtols","EGH_IND","air",0.28
"jtols","EGH_IND","arf",0.28
"jtols","EME_CYP","air",0.2
"jtols","EME_CYP","arf",0.2
"jtols","EME_EGY","air",0.26
"jtols","EME_EGY","arf",0.26
"jtols","EME_ISR","air",0.26
"jtols","EME_ISR","arf",0.26
"jtols","EME_JOR","air",0.2
"jtols","EME_JOR","arf",0.2
"jtols","EME_LBN","air",0.2
"jtols","EME_LBN","arf",0.2
"jtols","EME_PSE","air",0.28
"jtols","EME_PSE","arf",0.28
"jtols","EME_SYR","air",0.2
"jtols","EME_SYR","arf",0.2
"jtols","GAN_BGD","air",0.3
"jtols","GAN_BGD","arf",0.3
"jtols","GAN_IND","air",0.28
"jtols","GAN_IND","arf",0.28
"jtols","GOD_IND","air",0.28
"jtols","GOD_IND","arf",0.28
"jtols","GRC_GRC","air",0.22
"jtols","GRC_GRC","arf",0.22
"jtols","GSA_GSA","air",0.28
"jtols","GSA_GSA","arf",0.28
"jtols","HOA_SOM","air",0.32
"jtols","HOA_SOM","arf",0.32
"jtols","HTI_HTI","air",0.28
"jtols","HTI_HTI","arf",0.28
"jtols","IEC_IND","air",0.28
"jtols","IEC_IND","arf",0.28
"jtols","IND_IND","air",0.28
"jtols","IND_IND","arf",0.28
"jtols","INE_IDN","air",0.18
"jtols","INE_IDN","arf",0.18
"jtols","INW_IDN","air",0.18
"jtols","INW_IDN","arf",0.18
"jtols","ITA_ITP","air",0.2
"jtols","ITA_ITP","arf",0.2
"jtols","JAM_JAM","air",0.26
"jtols","JAM_JAM","arf",0.26
"jtols","KRI_IND","air",0.28
"jtols","KRI_IND","arf",0.28
"jtols","LBA_KAZ","air",0.28
"jtols","LBA_KAZ","arf",0.28
"jtols","LCB_NER","air",0.32
"jtols","LCB_NER","arf",0.32
"jtols","LIM_MOZ","air",0.38
"jtols","LIM_MOZ","arf",0.38
"jtols","LTZ_KAZ","air",0.28
"jtols","LTZ_KAZ","arf",0.28
"jtols","LUN_IND","air",0.28
"jtols","LUN_IND","arf",0.28
"jtols","MAD_MDG","air",0.38
"jtols","MAD_MDG","arf",0.38
"jtols","MAT_IND","air",0.28
"jtols","MAT_IND","arf",0.28
"jtols","MEK_KHM","air",0.22
"jtols","MEK_KHM","arf",0.22
"jtols","MEK_MMR","air",0.2
"jtols","MEK_MMR","arf",0.2
"jtols","MEK_THA","air",0.22
"jtols","MEK_THA","arf",0.22
"jtols","MEK_VNM","air",0.22
"jtols","MEK_VNM","arf",0.22
"jtols","MHN_IND","air",0.28
"jtols","MHN_IND","arf",0.28
"jtols","NAC_DZA","air",0.2
"jtols","NAC_DZA","arf",0.2
"jtols","NAC_EGY","air",0.26
"jtols","NAC_EGY","arf",0.26
"jtols","NAC_LBY","air",0.2
"jtols","NAC_LBY","arf",0.2
"jtols","NAC_TUN","air",0.2
"jtols","NAC_TUN","arf",0.2
"jtols","NER_RUS","air",0.22
"jtols","NER_RUS","arf",0.22
"jtols","NIC_NIC","air",0.28
"jtols","NIC_NIC","arf",0.28
"jtols","NIG_GIN","air",0.28
"jtols","NIG_GIN","arf",0.28
"jtols","NIG_NER","air",0.32
"jtols","NIG_NER","arf",0.32
"jtols","NLL_EGY","air",0.26
"jtols","NLL_EGY","arf",0.26
"jtols","NLL_ERI","air",0.32
"jtols","NLL_ERI","arf",0.32
"jtols","NWA_MOR","air",0.2
"jtols","NWA_MOR","arf",0.2
"jtols","OAO_OAO","air",0.26
"jtols","OAO_OAO","arf",0.26
"jtols","OBB_KAZ","air",0.28
"jtols","OBB_KAZ","arf",0.28
"jtols","OBB_RUS","air",0.22
"jtols","OBB_RUS","arf",0.22
"jtols","ODE_RUS","air",0.22
"jtols","ODE_RUS","arf",0.22
"jtols","OIO_OIO","air",0.26
"jtols","OIO_OIO","arf",0.26
"jtols","OPO_OPO","air",0.26
"jtols","OPO_OPO","arf",0.26
"jtols","PAN_PAN","air",0.28
"jtols","PAN_PAN","arf",0.28
"jtols","PAO_PNG","air",0.26
"jtols","PAO_PNG","arf",0.26
"jtols","PAR_BOL","air",0.28
"jtols","PAR_BOL","arf",0.28
"jtols","PEC_PER","air",0.28
"jtols","PEC_PER","arf",0.28
"jtols","PHI_PHL","air",0.2
"jtols","PHI_PHL","arf",0.2
"jtols","PRT_PRT","air",0.2
"jtols","PRT_PRT","arf",0.2
"jtols","RAP_RAP","air",0.2
"jtols","RAP_RAP","arf",0.2
"jtols","RRS_RUS","air",0.22
"jtols","RRS_RUS","arf",0.22
"jtols","RVN_VNM","air",0.22
"jtols","RVN_VNM","arf",0.22
"jtols","SAF_MOZ","air",0.38
"jtols","SAF_MOZ","arf",0.38
"jtols","SAF_TZA","air",0.38
"jtols","SAF_TZA","arf",0.38
"jtols","SAH_DZA","air",0.2
"jtols","SAH_DZA","arf",0.2
"jtols","SAH_EGY","air",0.26
"jtols","SAH_EGY","arf",0.26
"jtols","SAH_LBY","air",0.2
"jtols","SAH_LBY","arf",0.2
"jtols","SAH_MOR","air",0.2
"jtols","SAH_MOR","arf",0.2
"jtols","SAH_NER","air",0.32
"jtols","SAH_NER","arf",0.32
"jtols","SAU_SAU","air",0.2
"jtols","SAU_SAU","arf",0.2
"jtols","SAY_IND","air",0.28
"jtols","SAY_IND","arf",0.28
"jtols","SEN_GIN","air",0.28
"jtols","SEN_GIN","arf",0.28
"jtols","SEN_SEN","air",0.28
"jtols","SEN_SEN","arf",0.28
"jtols","SLB_SLB","air",0.26
"jtols","SLB_SLB","arf",0.26
"jtols","SLV_SLV","air",0.28
"jtols","SLV_SLV","arf",0.28
"jtols","SPP_SPP","air",0.2
"jtols","SPP_SPP","arf",0.2
"jtols","SRL_LKA","air",0.26
"jtols","SRL_LKA","arf",0.26
"jtols","SYD_KAZ","air",0.28
"jtols","SYD_KAZ","arf",0.28
"jtols","SYD_KGZ","air",0.28
"jtols","SYD_KGZ","arf",0.28
"jtols","TIG_IRQ","air",0.2
"jtols","TIG_IRQ","arf",0.2
"jtols","TIG_SYR","air",0.2
"jtols","TIG_SYR","arf",0.2
"jtols","TLS_TLS","air",0.26
"jtols","TLS_TLS","arf",0.26
"jtols","TMM_BGD","air",0.3
"jtols","TMM_BGD","arf",0.3
"jtols","TMM_MMR","air",0.2
"jtols","TMM_MMR","arf",0.2
"jtols","TMM_OSA","air",0.22
"jtols","TMM_OSA","arf",0.22
"jtols","TMM_THA","air",0.22
"jtols","TMM_THA","arf",0.22
"jtols","UMO_RUS","air",0.22
"jtols","UMO_RUS","arf",0.22
"jtols","URA_KAZ","air",0.28
"jtols","URA_KAZ","arf",0.28
"jtols","URA_RUS","air",0.22
"jtols","URA_RUS","arf",0.22
"jtols","URU_URY","air",0.28
"jtols","URU_URY","arf",0.28
"jtols","VOG_RUS","air",0.22
"jtols","VOG_RUS","arf",0.22
"jtols","VOT_GHA","air",0.28
"jtols","VOT_GHA","arf",0.28
"jtols","VUT_VUT","air",0.26
"jtols","VUT_VUT","arf",0.26
"jtols","WAC_GIN","air",0.28
"jtols","WAC_GIN","arf",0.28
"jtols","WAC_GNB","air",0.28
"jtols","WAC_GNB","arf",0.28
"jtols","WAC_LBR","air",0.28
"jtols","WAC_LBR","arf",0.28
"jtols","WAC_SEN","air",0.28
"jtols","WAC_SEN","arf",0.28
"jtols","WAC_SLE","air",0.28
"jtols","WAC_SLE","arf",0.28
"jtols","YEN_RUS","air",0.22
"jtols","YEN_RUS","arf",0.22
"jtols","YRD_VNM","air",0.22
"jtols","YRD_VNM","arf",0.22
"jtols","ZAM_COD","air",0.28
"jtols","ZAM_COD","arf",0.28
"jtols","ZAM_MOZ","air",0.38
"jtols","ZAM_MOZ","arf",0.38
"jtols","ZAM_TZA","air",0.38
"jtols","ZAM_TZA","arf",0.38
"jtont","ALB_ALB","air",0.055
"jtont","ALB_ALB","arf",0.055
"jtont","ALK_USA","air",0.05
"jtont","ALK_USA","arf",0.05
"jtont","AMA_BRA","air",0.06
"jtont","AMA_BRA","arf",0.06
"jtont","AMA_COL","air",0.065
"jtont","AMA_COL","arf",0.065
"jtont","AMA_ECU","air",0.07
"jtont","AMA_ECU","arf",0.07
"jtont","AMA_PER","air",0.07
"jtont","AMA_PER","arf",0.07
"jtont","AMD_AFG","air",0.065
"jtont","AMD_AFG","arf",0.065
"jtont","AMD_UZB","air",0.07
"jtont","AMD_UZB","arf",0.07
"jtont","AMR_CHM","air",0.065
"jtont","AMR_CHM","arf",0.065
"jtont","AMR_RUS","air",0.055
"jtont","AMR_RUS","arf",0.055
"jtont","ARA_IRQ","air",0.05
"jtont","ARA_IRQ","arf",0.05
"jtont","ARK_USA","air",0.05
"jtont","ARK_USA","arf",0.05
"jtont","AZE_AZE","air",0.055
"jtont","AZE_AZE","arf",0.055
"jtont","BAL_RUS","air",0.055
"jtont","BAL_RUS","arf",0.055
"jtont","BLA_RUS","air",0.055
"jtont","BLA_RUS","arf",0.055
"jtont","BLA_TUR","air",0.055
"jtont","BLA_TUR","arf",0.055
"jtont","BLA_UKR","air",0.055
"jtont","BLA_UKR","arf",0.055
"jtont","BOR_IDN","air",0.045
"jtont","BOR_IDN","arf",0.045
"jtont","BOR_MYS","air",0.035
"jtont","BOR_MYS","arf",0.035
"jtont","BRT_BGD","air",0.075
"jtont","BRT_BGD","arf",0.075
"jtont","BRT_CHM","air",0.065
"jtont","BRT_CHM","arf",0.065
"jtont","BRT_IND","air",0.07
"jtont","BRT_IND","arf",0.07
"jtont","CAF_CAF","air",0.07
"jtont","CAF_CAF","arf",0.07
"jtont","CAF_CMR","air",0.07
"jtont","CAF_CMR","arf",0.07
"jtont","CAL_USA","air",0.05
"jtont","CAL_USA","arf",0.05
"jtont","CAN_CAN","air",0.065
"jtont","CAN_CAN","arf",0.065
"jtont","CAU_AUS","air",0.04
"jtont","CAU_AUS","arf",0.04
"jtont","CAV_IND","air",0.07
"jtont","CAV_IND","arf",0.07
"jtont","CHC_CHL","air",0.07
"jtont","CHC_CHL","arf",0.07
"jtont","CHJ_CHM","air",0.065
"jtont","CHJ_CHM","arf",0.065
"jtont","CHO_IND","air",0.07
"jtont","CHO_IND","arf",0.07
"jtont","CHU_KAZ","air",0.07
"jtont","CHU_KAZ","arf",0.07
"jtont","COB_CAN","air",0.065
"jtont","COB_CAN","arf",0.065
"jtont","COB_USA","air",0.05
"jtont","COB_USA","arf",0.05
"jtont","COL_USA","air",0.05
"jtont","COL_USA","arf",0.05
"jtont","CON_CAF","air",0.07
"jtont","CON_CAF","arf",0.07
"jtont","CRB_CRB","air",0.065
"jtont","CRB_CRB","arf",0.065
"jtont","CRI_CRI","air",0.07
"jtont","CRI_CRI","arf",0.07
"jtont","DAN_AUT","air",0.05
"jtont","DAN_AUT","arf",0.05
"jtont","DAN_BGR","air",0.055
"jtont","DAN_BGR","arf",0.055
"jtont","DAN_CZE","air",0.055
"jtont","DAN_CZE","arf",0.055
"jtont","DAN_HRV","air",0.055
"jtont","DAN_HRV","arf",0.055
"jtont","DAN_HUN","air",0.055
"jtont","DAN_HUN","arf",0.055
"jtont","DAN_OBN","air",0.055
"jtont","DAN_OBN","arf",0.055
"jtont","DAN_ROU","air",0.055
"jtont","DAN_ROU","arf",0.055
"jtont","DAN_SVK","air",0.055
"jtont","DAN_SVK","arf",0.055
"jtont","DAN_SVN","air",0.055
"jtont","DAN_SVN","arf",0.055
"jtont","DAN_TUR","air",0.055
"jtont","DAN_TUR","arf",0.055
"jtont","DAN_UKR","air",0.055
"jtont","DAN_UKR","arf",0.055
"jtont","DNI_BLR","air",0.055
"jtont","DNI_BLR","arf",0.055
"jtont","DNI_RUS","air",0.055
"jtont","DNI_RUS","arf",0.055
"jtont","DNI_UKR","air",0.055
"jtont","DNI_UKR","arf",0.055
"jtont","DOM_DOM","air",0.07
"jtont","DOM_DOM","arf",0.07
"jtont","EAC_TZA","air",0.095
"jtont","EAC_TZA","arf",0.095
"jtont","EAU_AUS","air",0.04
"jtont","EAU_AUS","arf",0.04
"jtont","EGH_IND","air",0.07
"jtont","EGH_IND","arf",0.07
"jtont","EME_CYP","air",0.05
"jtont","EME_CYP","arf",0.05
"jtont","EME_EGY","air",0.065
"jtont","EME_EGY","arf",0.065
"jtont","EME_ISR","air",0.065
"jtont","EME_ISR","arf",0.065
"jtont","EME_JOR","air",0.05
"jtont","EME_JOR","arf",0.05
"jtont","EME_LBN","air",0.05
"jtont","EME_LBN","arf",0.05
"jtont","EME_SYR","air",0.05
"jtont","EME_SYR","arf",0.05
"jtont","EME_TUR","air",0.055
"jtont","EME_TUR","arf",0.055
"jtont","FJI_FJI","air",0.065
"jtont","FJI_FJI","arf",0.065
"jtont","FNP_FNP","air",0.05
"jtont","FNP_FNP","arf",0.05
"jtont","GAN_BGD","air",0.075
"jtont","GAN_BGD","arf",0.075
"jtont","GAN_CHM","air",0.065
"jtont","GAN_CHM","arf",0.065
"jtont","GAN_IND","air",0.07
"jtont","GAN_IND","arf",0.07
"jtont","GAN_NPL","air",0.065
"jtont","GAN_NPL","arf",0.065
"jtont","GBA_USA","air",0.05
"jtont","GBA_USA","arf",0.05
"jtont","GLA_CAN","air",0.065
"jtont","GLA_CAN","arf",0.065
"jtont","GLA_USA","air",0.05
"jtont","GLA_USA","arf",0.05
"jtont","GOD_IND","air",0.07
"jtont","GOD_IND","arf",0.07
"jtont","GRC_GRC","air",0.055
"jtont","GRC_GRC","arf",0.055
"jtont","GSA_GSA","air",0.07
"jtont","GSA_GSA","arf",0.07
"jtont","GTM_GTM","air",0.07
"jtont","GTM_GTM","arf",0.07
"jtont","HAI_CHM","air",0.065
"jtont","HAI_CHM","arf",0.065
"jtont","HND_HND","air",0.07
"jtont","HND_HND","arf",0.07
"jtont","HOA_ETH","air",0.08
"jtont","HOA_ETH","arf",0.08
"jtont","HOA_KEN","air",0.095
"jtont","HOA_KEN","arf",0.095
"jtont","HOA_SOM","air",0.08
"jtont","HOA_SOM","arf",0.08
"jtont","HTI_HTI","air",0.07
"jtont","HTI_HTI","arf",0.07
"jtont","HUA_CHM","air",0.065
"jtont","HUA_CHM","arf",0.065
"jtont","HUN_CHM","air",0.065
"jtont","HUN_CHM","arf",0.065
"jtont","HWI_USA","air",0.05
"jtont","HWI_USA","arf",0.05
"jtont","IEC_IND","air",0.07
"jtont","IEC_IND","arf",0.07
"jtont","IND_CHM","air",0.065
"jtont","IND_CHM","arf",0.065
"jtont","IND_IND","air",0.07
"jtont","IND_IND","arf",0.07
"jtont","IND_PAK","air",0.06
"jtont","IND_PAK","arf",0.06
"jtont","INE_IDN","air",0.045
"jtont","INE_IDN","arf",0.045
"jtont","INW_IDN","air",0.045
"jtont","INW_IDN","arf",0.045
"jtont","ITA_ITP","air",0.05
"jtont","ITA_ITP","arf",0.05
"jtont","JAM_JAM","air",0.065
"jtont","JAM_JAM","arf",0.065
"jtont","KAL_ZAF","air",0.065
"jtont","KAL_ZAF","arf",0.065
"jtont","KRI_IND","air",0.07
"jtont","KRI_IND","arf",0.07
"jtont","LAJ_CHM","air",0.065
"jtont","LAJ_CHM","arf",0.065
"jtont","LBA_KAZ","air",0.07
"jtont","LBA_KAZ","arf",0.07
"jtont","LBO_FRP","air",0.05
"jtont","LBO_FRP","arf",0.05
"jtont","LCB_CAF","air",0.07
"jtont","LCB_CAF","arf",0.07
"jtont","LCB_CMR","air",0.07
"jtont","LCB_CMR","arf",0.07
"jtont","LCB_NGA","air",0.065
"jtont","LCB_NGA","arf",0.065
"jtont","LIM_MOZ","air",0.095
"jtont","LIM_MOZ","arf",0.095
"jtont","LIM_ZAF","air",0.065
"jtont","LIM_ZAF","arf",0.065
"jtont","LIM_ZWE","air",0.095
"jtont","LIM_ZWE","arf",0.095
"jtont","LMO_CHM","air",0.065
"jtont","LMO_CHM","arf",0.065
"jtont","LTZ_KAZ","air",0.07
"jtont","LTZ_KAZ","arf",0.07
"jtont","LUN_IND","air",0.07
"jtont","LUN_IND","arf",0.07
"jtont","MAD_MDG","air",0.095
"jtont","MAD_MDG","arf",0.095
"jtont","MAT_IND","air",0.07
"jtont","MAT_IND","arf",0.07
"jtont","MAU_AUS","air",0.04
"jtont","MAU_AUS","arf",0.04
"jtont","MCK_CAN","air",0.065
"jtont","MCK_CAN","arf",0.065
"jtont","MEK_KHM","air",0.055
"jtont","MEK_KHM","arf",0.055
"jtont","MEK_MMR","air",0.05
"jtont","MEK_MMR","arf",0.05
"jtont","MEK_THA","air",0.055
"jtont","MEK_THA","arf",0.055
"jtont","MEK_VNM","air",0.055
"jtont","MEK_VNM","arf",0.055
"jtont","MHN_IND","air",0.07
"jtont","MHN_IND","arf",0.07
"jtont","MIM_MEX","air",0.07
"jtont","MIM_MEX","arf",0.07
"jtont","MIS_USA","air",0.05
"jtont","MIS_USA","arf",0.05
"jtont","MOU_USA","air",0.05
"jtont","MOU_USA","arf",0.05
"jtont","NAC_DZA","air",0.05
"jtont","NAC_DZA","arf",0.05
"jtont","NAC_EGY","air",0.065
"jtont","NAC_EGY","arf",0.065
"jtont","NAC_LBY","air",0.05
"jtont","NAC_LBY","arf",0.05
"jtont","NAC_TUN","air",0.05
"jtont","NAC_TUN","arf",0.05
"jtont","NEB_BRA","air",0.06
"jtont","NEB_BRA","arf",0.06
"jtont","NER_RUS","air",0.055
"jtont","NER_RUS","arf",0.055
"jtont","NIG_BEN","air",0.07
"jtont","NIG_BEN","arf",0.07
"jtont","NIG_CIV","air",0.07
"jtont","NIG_CIV","arf",0.07
"jtont","NIG_CMR","air",0.07
"jtont","NIG_CMR","arf",0.07
"jtont","NIG_GIN","air",0.07
"jtont","NIG_GIN","arf",0.07
"jtont","NIG_NGA","air",0.065
"jtont","NIG_NGA","arf",0.065
"jtont","NLL_EGY","air",0.065
"jtont","NLL_EGY","arf",0.065
"jtont","NLL_ETH","air",0.08
"jtont","NLL_ETH","arf",0.08
"jtont","NLL_SDN","air",0.08
"jtont","NLL_SDN","arf",0.08
"jtont","NLL_UGA","air",0.095
"jtont","NLL_UGA","arf",0.095
"jtont","NWA_MOR","air",0.05
"jtont","NWA_MOR","arf",0.05
"jtont","NWS_COL","air",0.065
"jtont","NWS_COL","arf",0.065
"jtont","NWS_ECU","air",0.07
"jtont","NWS_ECU","arf",0.07
"jtont","NZE_NZL","air",0.065
"jtont","NZE_NZL","arf",0.065
"jtont","OBB_CHM","air",0.065
"jtont","OBB_CHM","arf",0.065
"jtont","OBB_KAZ","air",0.07
"jtont","OBB_KAZ","arf",0.07
"jtont","OBB_RUS","air",0.055
"jtont","OBB_RUS","arf",0.055
"jtont","ODE_POL","air",0.055
"jtont","ODE_POL","arf",0.055
"jtont","ODE_RUS","air",0.055
"jtont","ODE_RUS","arf",0.055
"jtont","OHI_USA","air",0.05
"jtont","OHI_USA","arf",0.05
"jtont","OPO_OPO","air",0.065
"jtont","OPO_OPO","arf",0.065
"jtont","ORA_ZAF","air",0.065
"jtont","ORA_ZAF","arf",0.065
"jtont","ORI_COL","air",0.065
"jtont","ORI_COL","arf",0.065
"jtont","ORI_VEN","air",0.07
"jtont","ORI_VEN","arf",0.07
"jtont","PAN_PAN","air",0.07
"jtont","PAN_PAN","arf",0.07
"jtont","PAO_PNG","air",0.065
"jtont","PAO_PNG","arf",0.065
"jtont","PAR_ARG","air",0.045
"jtont","PAR_ARG","arf",0.045
"jtont","PAR_BRA","air",0.06
"jtont","PAR_BRA","arf",0.06
"jtont","PEC_PER","air",0.07
"jtont","PEC_PER","arf",0.07
"jtont","PHI_PHL","air",0.05
"jtont","PHI_PHL","arf",0.05
"jtont","PRT_PRT","air",0.05
"jtont","PRT_PRT","arf",0.05
"jtont","RHI_BLX","air",0.05
"jtont","RHI_BLX","arf",0.05
"jtont","RHI_CHP","air",0.05
"jtont","RHI_CHP","arf",0.05
"jtont","RHI_FRP","air",0.05
"jtont","RHI_FRP","arf",0.05
"jtont","RHO_FRP","air",0.05
"jtont","RHO_FRP","arf",0.05
"jtont","RIC_ARG","air",0.045
"jtont","RIC_ARG","arf",0.045
"jtont","RIG_MEX","air",0.07
"jtont","RIG_MEX","arf",0.07
"jtont","RIG_USA","air",0.05
"jtont","RIG_USA","arf",0.05
"jtont","RRS_RUS","air",0.055
"jtont","RRS_RUS","arf",0.055
"jtont","RVE_VEN","air",0.07
"jtont","RVE_VEN","arf",0.07
"jtont","RVN_VNM","air",0.055
"jtont","RVN_VNM","arf",0.055
"jtont","RWI_CAN","air",0.065
"jtont","RWI_CAN","arf",0.065
"jtont","RWI_USA","air",0.05
"jtont","RWI_USA","arf",0.05
"jtont","SAC_ZAF","air",0.065
"jtont","SAC_ZAF","arf",0.065
"jtont","SAF_MOZ","air",0.095
"jtont","SAF_MOZ","arf",0.095
"jtont","SAF_TZA","air",0.095
"jtont","SAF_TZA","arf",0.095
"jtont","SAF_ZWE","air",0.095
"jtont","SAF_ZWE","arf",0.095
"jtont","SAH_DZA","air",0.05
"jtont","SAH_DZA","arf",0.05
"jtont","SAH_EGY","air",0.065
"jtont","SAH_EGY","arf",0.065
"jtont","SAH_LBY","air",0.05
"jtont","SAH_LBY","arf",0.05
"jtont","SAH_MOR","air",0.05
"jtont","SAH_MOR","arf",0.05
"jtont","SAH_SDN","air",0.08
"jtont","SAH_SDN","arf",0.08
"jtont","SAL_ARG","air",0.045
"jtont","SAL_ARG","arf",0.045
"jtont","SAN_BRA","air",0.06
"jtont","SAN_BRA","arf",0.06
"jtont","SAU_SAU","air",0.05
"jtont","SAU_SAU","arf",0.05
"jtont","SAY_IND","air",0.07
"jtont","SAY_IND","arf",0.07
"jtont","SEI_FRP","air",0.05
"jtont","SEI_FRP","arf",0.05
"jtont","SEN_GIN","air",0.07
"jtont","SEN_GIN","arf",0.07
"jtont","SEU_USA","air",0.05
"jtont","SEU_USA","arf",0.05
"jtont","SKP_KOR","air",0.05
"jtont","SKP_KOR","arf",0.05
"jtont","SLB_SLB","air",0.065
"jtont","SLB_SLB","arf",0.065
"jtont","SLV_SLV","air",0.07
"jtont","SLV_SLV","arf",0.07
"jtont","SON_CHM","air",0.065
"jtont","SON_CHM","arf",0.065
"jtont","SPP_SPP","air",0.05
"jtont","SPP_SPP","arf",0.05
"jtont","SRL_LKA","air",0.065
"jtont","SRL_LKA","arf",0.065
"jtont","SWE_SWE","air",0.05
"jtont","SWE_SWE","arf",0.05
"jtont","SYD_KAZ","air",0.07
"jtont","SYD_KAZ","arf",0.07
"jtont","SYD_UZB","air",0.07
"jtont","SYD_UZB","arf",0.07
"jtont","TIE_ARG","air",0.045
"jtont","TIE_ARG","arf",0.045
"jtont","TIG_IRN","air",0.05
"jtont","TIG_IRN","arf",0.05
"jtont","TIG_IRQ","air",0.05
"jtont","TIG_IRQ","arf",0.05
"jtont","TIG_SYR","air",0.05
"jtont","TIG_SYR","arf",0.05
"jtont","TIG_TUR","air",0.055
"jtont","TIG_TUR","arf",0.055
"jtont","TLS_TLS","air",0.065
"jtont","TLS_TLS","arf",0.065
"jtont","TMM_BGD","air",0.075
"jtont","TMM_BGD","arf",0.075
"jtont","TMM_MMR","air",0.05
"jtont","TMM_MMR","arf",0.05
"jtont","TMM_MYS","air",0.035
"jtont","TMM_MYS","arf",0.035
"jtont","TMM_THA","air",0.055
"jtont","TMM_THA","arf",0.055
"jtont","TOC_BRA","air",0.06
"jtont","TOC_BRA","arf",0.06
"jtont","TWN_CHM","air",0.065
"jtont","TWN_CHM","arf",0.065
"jtont","UKP_UKP","air",0.05
"jtont","UKP_UKP","arf",0.05
"jtont","UME_MEX","air",0.07
"jtont","UME_MEX","arf",0.07
"jtont","UMO_RUS","air",0.055
"jtont","UMO_RUS","arf",0.055
"jtont","URA_KAZ","air",0.07
"jtont","URA_KAZ","arf",0.07
"jtont","URA_RUS","air",0.055
"jtont","URA_RUS","arf",0.055
"jtont","URU_BRA","air",0.06
"jtont","URU_BRA","arf",0.06
"jtont","URU_URY","air",0.07
"jtont","URU_URY","arf",0.07
"jtont","USN_USA","air",0.05
"jtont","USN_USA","arf",0.05
"jtont","VOG_RUS","air",0.055
"jtont","VOG_RUS","arf",0.055
"jtont","VOT_BEN","air",0.07
"jtont","VOT_BEN","arf",0.07
"jtont","VOT_CIV","air",0.07
"jtont","VOT_CIV","arf",0.07
"jtont","VOT_GHA","air",0.07
"jtont","VOT_GHA","arf",0.07
"jtont","VOT_TGO","air",0.07
"jtont","VOT_TGO","arf",0.07
"jtont","VUT_VUT","air",0.065
"jtont","VUT_VUT","arf",0.065
"jtont","WAC_CIV","air",0.07
"jtont","WAC_CIV","arf",0.07
"jtont","WAC_GIN","air",0.07
"jtont","WAC_GIN","arf",0.07
"jtont","WAC_GNB","air",0.07
"jtont","WAC_GNB","arf",0.07
"jtont","WAI_AFG","air",0.065
"jtont","WAI_AFG","arf",0.065
"jtont","WAI_IRN","air",0.05
"jtont","WAI_IRN","arf",0.05
"jtont","WAI_PAK","air",0.06
"jtont","WAI_PAK","arf",0.06
"jtont","WAU_AUS","air",0.04
"jtont","WAU_AUS","arf",0.04
"jtont","WGM_USA","air",0.05
"jtont","WGM_USA","arf",0.05
"jtont","YEN_RUS","air",0.055
"jtont","YEN_RUS","arf",0.055
"jtont","YHE_CHM","air",0.065
"jtont","YHE_CHM","arf",0.065
"jtont","YRD_CHM","air",0.065
"jtont","YRD_CHM","arf",0.065
"jtont","YRD_VNM","air",0.055
"jtont","YRD_VNM","arf",0.055
"jtont","YUC_MEX","air",0.07
"jtont","YUC_MEX","arf",0.07
"jtont","ZAM_MOZ","air",0.095
"jtont","ZAM_MOZ","arf",0.095
"jtont","ZAM_TZA","air",0.095
"jtont","ZAM_TZA","arf",0.095
"jtont","ZAM_ZWE","air",0.095
"jtont","ZAM_ZWE","arf",0.095
"jtont","ZHJ_CHM","air",0.065
"jtont","ZHJ_CHM","arf",0.065
"jcoco","AMA_BOL","air",0.185
"jcoco","AMA_BOL","arf",0.185
"jcoco","AMA_BRA","air",0.165
"jcoco","AMA_BRA","arf",0.165
"jcoco","AMA_COL","air",0.172
"jcoco","AMA_COL","arf",0.172
"jcoco","AMA_ECU","air",0.185
"jcoco","AMA_ECU","arf",0.185
"jcoco","AMA_PER","air",0.185
"jcoco","AMA_PER","arf",0.185
"jcoco","BLZ_BLZ","air",0.185
"jcoco","BLZ_BLZ","arf",0.185
"jcoco","BOR_IDN","air",0.132
"jcoco","BOR_IDN","arf",0.132
"jcoco","BOR_MYS","air",0.106
"jcoco","BOR_MYS","arf",0.106
"jcoco","BRT_IND","air",0.205
"jcoco","BRT_IND","arf",0.205
"jcoco","CAF_AGO","air",0.251
"jcoco","CAF_AGO","arf",0.251
"jcoco","CAF_CAF","air",0.191
"jcoco","CAF_CAF","arf",0.191
"jcoco","CAF_CMR","air",0.191
"jcoco","CAF_CMR","arf",0.191
"jcoco","CAF_COG","air",0.191
"jcoco","CAF_COG","arf",0.191
"jcoco","CAF_GAB","air",0.191
"jcoco","CAF_GAB","arf",0.191
"jcoco","CAF_GNQ","air",0.191
"jcoco","CAF_GNQ","arf",0.191
"jcoco","CAV_IND","air",0.205
"jcoco","CAV_IND","arf",0.205
"jcoco","CHO_IND","air",0.205
"jcoco","CHO_IND","arf",0.205
"jcoco","CON_AGO","air",0.251
"jcoco","CON_AGO","arf",0.251
"jcoco","CON_CAF","air",0.191
"jcoco","CON_CAF","arf",0.191
"jcoco","CON_COD","air",0.191
"jcoco","CON_COD","arf",0.191
"jcoco","CON_COG","air",0.191
"jcoco","CON_COG","arf",0.191
"jcoco","CRB_CRB","air",0.172
"jcoco","CRB_CRB","arf",0.172
"jcoco","CRI_CRI","air",0.185
"jcoco","CRI_CRI","arf",0.185
"jcoco","CUB_CUB","air",0.185
"jcoco","CUB_CUB","arf",0.185
"jcoco","DOM_DOM","air",0.185
"jcoco","DOM_DOM","arf",0.185
"jcoco","EAC_COD","air",0.191
"jcoco","EAC_COD","arf",0.191
"jcoco","EAC_TZA","air",0.244
"jcoco","EAC_TZA","arf",0.244
"jcoco","EGH_IND","air",0.205
"jcoco","EGH_IND","arf",0.205
"jcoco","FJI_FJI","air",0.172
"jcoco","FJI_FJI","arf",0.172
"jcoco","GAN_IND","air",0.205
"jcoco","GAN_IND","arf",0.205
"jcoco","GOD_IND","air",0.205
"jcoco","GOD_IND","arf",0.205
"jcoco","GSA_GSA","air",0.185
"jcoco","GSA_GSA","arf",0.185
"jcoco","GTM_GTM","air",0.185
"jcoco","GTM_GTM","arf",0.185
"jcoco","HND_HND","air",0.185
"jcoco","HND_HND","arf",0.185
"jcoco","HTI_HTI","air",0.185
"jcoco","HTI_HTI","arf",0.185
"jcoco","IEC_IND","air",0.205
"jcoco","IEC_IND","arf",0.205
"jcoco","IND_IND","air",0.205
"jcoco","IND_IND","arf",0.205
"jcoco","INE_IDN","air",0.132
"jcoco","INE_IDN","arf",0.132
"jcoco","INW_IDN","air",0.132
"jcoco","INW_IDN","arf",0.132
"jcoco","JAM_JAM","air",0.172
"jcoco","JAM_JAM","arf",0.172
"jcoco","KRI_IND","air",0.205
"jcoco","KRI_IND","arf",0.205
"jcoco","LCB_CAF","air",0.191
"jcoco","LCB_CAF","arf",0.191
"jcoco","LCB_CMR","air",0.191
"jcoco","LCB_CMR","arf",0.191
"jcoco","LCB_NGA","air",0.158
"jcoco","LCB_NGA","arf",0.158
"jcoco","LUN_IND","air",0.205
"jcoco","LUN_IND","arf",0.205
"jcoco","MAD_MDG","air",0.251
"jcoco","MAD_MDG","arf",0.251
"jcoco","MAT_IND","air",0.205
"jcoco","MAT_IND","arf",0.205
"jcoco","MEK_THA","air",0.152
"jcoco","MEK_THA","arf",0.152
"jcoco","MEK_VNM","air",0.158
"jcoco","MEK_VNM","arf",0.158
"jcoco","MHN_IND","air",0.205
"jcoco","MHN_IND","arf",0.205
"jcoco","MIM_MEX","air",0.185
"jcoco","MIM_MEX","arf",0.185
"jcoco","NEB_BRA","air",0.165
"jcoco","NEB_BRA","arf",0.165
"jcoco","NIC_NIC","air",0.185
"jcoco","NIC_NIC","arf",0.185
"jcoco","NIG_CIV","air",0.191
"jcoco","NIG_CIV","arf",0.191
"jcoco","NIG_CMR","air",0.191
"jcoco","NIG_CMR","arf",0.191
"jcoco","NIG_GIN","air",0.191
"jcoco","NIG_GIN","arf",0.191
"jcoco","NIG_NGA","air",0.158
"jcoco","NIG_NGA","arf",0.158
"jcoco","NLL_UGA","air",0.244
"jcoco","NLL_UGA","arf",0.244
"jcoco","NWS_COL","air",0.172
"jcoco","NWS_COL","arf",0.172
"jcoco","NWS_ECU","air",0.185
"jcoco","NWS_ECU","arf",0.185
"jcoco","OAO_OAO","air",0.172
"jcoco","OAO_OAO","arf",0.172
"jcoco","OIO_OIO","air",0.172
"jcoco","OIO_OIO","arf",0.172
"jcoco","OPO_OPO","air",0.172
"jcoco","OPO_OPO","arf",0.172
"jcoco","ORI_COL","air",0.172
"jcoco","ORI_COL","arf",0.172
"jcoco","ORI_VEN","air",0.185
"jcoco","ORI_VEN","arf",0.185
"jcoco","PAN_PAN","air",0.185
"jcoco","PAN_PAN","arf",0.185
"jcoco","PAO_PNG","air",0.172
"jcoco","PAO_PNG","arf",0.172
"jcoco","PAR_BOL","air",0.185
"jcoco","PAR_BOL","arf",0.185
"jcoco","PAR_BRA","air",0.165
"jcoco","PAR_BRA","arf",0.165
"jcoco","PEC_PER","air",0.185
"jcoco","PEC_PER","arf",0.185
"jcoco","PHI_PHL","air",0.145
"jcoco","PHI_PHL","arf",0.145
"jcoco","RIG_MEX","air",0.185
"jcoco","RIG_MEX","arf",0.185
"jcoco","RVE_VEN","air",0.185
"jcoco","RVE_VEN","arf",0.185
"jcoco","RVN_VNM","air",0.158
"jcoco","RVN_VNM","arf",0.158
"jcoco","SAF_TZA","air",0.244
"jcoco","SAF_TZA","arf",0.244
"jcoco","SAN_BRA","air",0.165
"jcoco","SAN_BRA","arf",0.165
"jcoco","SAY_IND","air",0.205
"jcoco","SAY_IND","arf",0.205
"jcoco","SEN_GIN","air",0.191
"jcoco","SEN_GIN","arf",0.191
"jcoco","SLB_SLB","air",0.172
"jcoco","SLB_SLB","arf",0.172
"jcoco","SLV_SLV","air",0.185
"jcoco","SLV_SLV","arf",0.185
"jcoco","SRL_LKA","air",0.185
"jcoco","SRL_LKA","arf",0.185
"jcoco","TLS_TLS","air",0.172
"jcoco","TLS_TLS","arf",0.172
"jcoco","TMM_MYS","air",0.106
"jcoco","TMM_MYS","arf",0.106
"jcoco","TMM_THA","air",0.152
"jcoco","TMM_THA","arf",0.152
"jcoco","TOC_BRA","air",0.165
"jcoco","TOC_BRA","arf",0.165
"jcoco","UME_MEX","air",0.185
"jcoco","UME_MEX","arf",0.185
"jcoco","URU_BRA","air",0.165
"jcoco","URU_BRA","arf",0.165
"jcoco","VOT_CIV","air",0.191
"jcoco","VOT_CIV","arf",0.191
"jcoco","VOT_GHA","air",0.191
"jcoco","VOT_GHA","arf",0.191
"jcoco","VOT_TGO","air",0.191
"jcoco","VOT_TGO","arf",0.191
"jcoco","VUT_VUT","air",0.172
"jcoco","VUT_VUT","arf",0.172
"jcoco","WAC_CIV","air",0.191
"jcoco","WAC_CIV","arf",0.191
"jcoco","WAC_GIN","air",0.191
"jcoco","WAC_GIN","arf",0.191
"jcoco","WAC_LBR","air",0.191
"jcoco","WAC_LBR","arf",0.191
"jcoco","WAC_SLE","air",0.191
"jcoco","WAC_SLE","arf",0.191
"jcoco","YRD_VNM","air",0.158
"jcoco","YRD_VNM","arf",0.158
"jcoco","YUC_MEX","air",0.185
"jcoco","YUC_MEX","arf",0.185
"jcoco","ZAM_AGO","air",0.251
"jcoco","ZAM_AGO","arf",0.251
"jcoco","ZAM_COD","air",0.191
"jcoco","ZAM_COD","arf",0.191
"jcoco","ZAM_TZA","air",0.244
"jcoco","ZAM_TZA","arf",0.244
"jcafe","ALK_USA","air",0.132
"jcafe","ALK_USA","arf",0.132
"jcafe","AMA_BOL","air",0.185
"jcafe","AMA_BOL","arf",0.185
"jcafe","AMA_BRA","air",0.165
"jcafe","AMA_BRA","arf",0.165
"jcafe","AMA_COL","air",0.172
"jcafe","AMA_COL","arf",0.172
"jcafe","AMA_ECU","air",0.185
"jcafe","AMA_ECU","arf",0.185
"jcafe","AMA_PER","air",0.185
"jcafe","AMA_PER","arf",0.185
"jcafe","AMR_CHM","air",0.178
"jcafe","AMR_CHM","arf",0.178
"jcafe","ARK_USA","air",0.132
"jcafe","ARK_USA","arf",0.132
"jcafe","BLZ_BLZ","air",0.185
"jcafe","BLZ_BLZ","arf",0.185
"jcafe","BOR_IDN","air",0.132
"jcafe","BOR_IDN","arf",0.132
"jcafe","BOR_MYS","air",0.106
"jcafe","BOR_MYS","arf",0.106
"jcafe","BRT_CHM","air",0.178
"jcafe","BRT_CHM","arf",0.178
"jcafe","BRT_IND","air",0.205
"jcafe","BRT_IND","arf",0.205
"jcafe","CAF_AGO","air",0.251
"jcafe","CAF_AGO","arf",0.251
"jcafe","CAF_CAF","air",0.191
"jcafe","CAF_CAF","arf",0.191
"jcafe","CAF_CMR","air",0.191
"jcafe","CAF_CMR","arf",0.191
"jcafe","CAF_COG","air",0.191
"jcafe","CAF_COG","arf",0.191
"jcafe","CAF_GAB","air",0.191
"jcafe","CAF_GAB","arf",0.191
"jcafe","CAF_GNQ","air",0.191
"jcafe","CAF_GNQ","arf",0.191
"jcafe","CAL_USA","air",0.132
"jcafe","CAL_USA","arf",0.132
"jcafe","CAV_IND","air",0.205
"jcafe","CAV_IND","arf",0.205
"jcafe","CHJ_CHM","air",0.178
"jcafe","CHJ_CHM","arf",0.178
"jcafe","CHO_IND","air",0.205
"jcafe","CHO_IND","arf",0.205
"jcafe","COB_USA","air",0.132
"jcafe","COB_USA","arf",0.132
"jcafe","COL_USA","air",0.132
"jcafe","COL_USA","arf",0.132
"jcafe","CON_AGO","air",0.251
"jcafe","CON_AGO","arf",0.251
"jcafe","CON_CAF","air",0.191
"jcafe","CON_CAF","arf",0.191
"jcafe","CON_COD","air",0.191
"jcafe","CON_COD","arf",0.191
"jcafe","CON_COG","air",0.191
"jcafe","CON_COG","arf",0.191
"jcafe","CRB_CRB","air",0.172
"jcafe","CRB_CRB","arf",0.172
"jcafe","CRI_CRI","air",0.185
"jcafe","CRI_CRI","arf",0.185
"jcafe","CUB_CUB","air",0.185
"jcafe","CUB_CUB","arf",0.185
"jcafe","DOM_DOM","air",0.185
"jcafe","DOM_DOM","arf",0.185
"jcafe","EAC_BDI","air",0.244
"jcafe","EAC_BDI","arf",0.244
"jcafe","EAC_COD","air",0.191
"jcafe","EAC_COD","arf",0.191
"jcafe","EAC_RWA","air",0.244
"jcafe","EAC_RWA","arf",0.244
"jcafe","EAC_TZA","air",0.244
"jcafe","EAC_TZA","arf",0.244
"jcafe","EGH_IND","air",0.205
"jcafe","EGH_IND","arf",0.205
"jcafe","FJI_FJI","air",0.172
"jcafe","FJI_FJI","arf",0.172
"jcafe","GAN_CHM","air",0.178
"jcafe","GAN_CHM","arf",0.178
"jcafe","GAN_IND","air",0.205
"jcafe","GAN_IND","arf",0.205
"jcafe","GAN_NPL","air",0.185
"jcafe","GAN_NPL","arf",0.185
"jcafe","GBA_USA","air",0.132
"jcafe","GBA_USA","arf",0.132
"jcafe","GLA_USA","air",0.132
"jcafe","GLA_USA","arf",0.132
"jcafe","GOD_IND","air",0.205
"jcafe","GOD_IND","arf",0.205
"jcafe","GSA_GSA","air",0.185
"jcafe","GSA_GSA","arf",0.185
"jcafe","GTM_GTM","air",0.185
"jcafe","GTM_GTM","arf",0.185
"jcafe","HAI_CHM","air",0.178
"jcafe","HAI_CHM","arf",0.178
"jcafe","HND_HND","air",0.185
"jcafe","HND_HND","arf",0.185
"jcafe","HOA_ETH","air",0.198
"jcafe","HOA_ETH","arf",0.198
"jcafe","HOA_KEN","air",0.244
"jcafe","HOA_KEN","arf",0.244
"jcafe","HTI_HTI","air",0.185
"jcafe","HTI_HTI","arf",0.185
"jcafe","HUA_CHM","air",0.178
"jcafe","HUA_CHM","arf",0.178
"jcafe","HUN_CHM","air",0.178
"jcafe","HUN_CHM","arf",0.178
"jcafe","HWI_USA","air",0.132
"jcafe","HWI_USA","arf",0.132
"jcafe","IEC_IND","air",0.205
"jcafe","IEC_IND","arf",0.205
"jcafe","IND_CHM","air",0.178
"jcafe","IND_CHM","arf",0.178
"jcafe","IND_IND","air",0.205
"jcafe","IND_IND","arf",0.205
"jcafe","INE_IDN","air",0.132
"jcafe","INE_IDN","arf",0.132
"jcafe","INW_IDN","air",0.132
"jcafe","INW_IDN","arf",0.132
"jcafe","JAM_JAM","air",0.172
"jcafe","JAM_JAM","arf",0.172
"jcafe","KRI_IND","air",0.205
"jcafe","KRI_IND","arf",0.205
"jcafe","LAJ_CHM","air",0.178
"jcafe","LAJ_CHM","arf",0.178
"jcafe","LCB_CAF","air",0.191
"jcafe","LCB_CAF","arf",0.191
"jcafe","LCB_CMR","air",0.191
"jcafe","LCB_CMR","arf",0.191
"jcafe","LCB_NGA","air",0.158
"jcafe","LCB_NGA","arf",0.158
"jcafe","LIM_MOZ","air",0.251
"jcafe","LIM_MOZ","arf",0.251
"jcafe","LIM_ZWE","air",0.251
"jcafe","LIM_ZWE","arf",0.251
"jcafe","LMO_CHM","air",0.178
"jcafe","LMO_CHM","arf",0.178
"jcafe","LUN_IND","air",0.205
"jcafe","LUN_IND","arf",0.205
"jcafe","MAD_MDG","air",0.251
"jcafe","MAD_MDG","arf",0.251
"jcafe","MAT_IND","air",0.205
"jcafe","MAT_IND","arf",0.205
"jcafe","MEK_KHM","air",0.139
"jcafe","MEK_KHM","arf",0.139
"jcafe","MEK_LAO","air",0.139
"jcafe","MEK_LAO","arf",0.139
"jcafe","MEK_MMR","air",0.132
"jcafe","MEK_MMR","arf",0.132
"jcafe","MEK_THA","air",0.152
"jcafe","MEK_THA","arf",0.152
"jcafe","MEK_VNM","air",0.158
"jcafe","MEK_VNM","arf",0.158
"jcafe","MHN_IND","air",0.205
"jcafe","MHN_IND","arf",0.205
"jcafe","MIM_MEX","air",0.185
"jcafe","MIM_MEX","arf",0.185
"jcafe","MIS_USA","air",0.132
"jcafe","MIS_USA","arf",0.132
"jcafe","MOU_USA","air",0.132
"jcafe","MOU_USA","arf",0.132
"jcafe","NEB_BRA","air",0.165
"jcafe","NEB_BRA","arf",0.165
"jcafe","NIC_NIC","air",0.185
"jcafe","NIC_NIC","arf",0.185
"jcafe","NIG_BEN","air",0.191
"jcafe","NIG_BEN","arf",0.191
"jcafe","NIG_CIV","air",0.191
"jcafe","NIG_CIV","arf",0.191
"jcafe","NIG_CMR","air",0.191
"jcafe","NIG_CMR","arf",0.191
"jcafe","NIG_GIN","air",0.191
"jcafe","NIG_GIN","arf",0.191
"jcafe","NIG_NGA","air",0.158
"jcafe","NIG_NGA","arf",0.158
"jcafe","NLL_ETH","air",0.198
"jcafe","NLL_ETH","arf",0.198
"jcafe","NLL_UGA","air",0.244
"jcafe","NLL_UGA","arf",0.244
"jcafe","NWS_COL","air",0.172
"jcafe","NWS_COL","arf",0.172
"jcafe","NWS_ECU","air",0.185
"jcafe","NWS_ECU","arf",0.185
"jcafe","OAO_OAO","air",0.172
"jcafe","OAO_OAO","arf",0.172
"jcafe","OBB_CHM","air",0.178
"jcafe","OBB_CHM","arf",0.178
"jcafe","OHI_USA","air",0.132
"jcafe","OHI_USA","arf",0.132
"jcafe","OIO_OIO","air",0.172
"jcafe","OIO_OIO","arf",0.172
"jcafe","OPO_OPO","air",0.172
"jcafe","OPO_OPO","arf",0.172
"jcafe","ORI_COL","air",0.172
"jcafe","ORI_COL","arf",0.172
"jcafe","ORI_VEN","air",0.185
"jcafe","ORI_VEN","arf",0.185
"jcafe","PAN_PAN","air",0.185
"jcafe","PAN_PAN","arf",0.185
"jcafe","PAO_PNG","air",0.172
"jcafe","PAO_PNG","arf",0.172
"jcafe","PAR_BOL","air",0.185
"jcafe","PAR_BOL","arf",0.185
"jcafe","PAR_BRA","air",0.165
"jcafe","PAR_BRA","arf",0.165
"jcafe","PAR_PRY","air",0.185
"jcafe","PAR_PRY","arf",0.185
"jcafe","PEC_PER","air",0.185
"jcafe","PEC_PER","arf",0.185
"jcafe","PHI_PHL","air",0.145
"jcafe","PHI_PHL","arf",0.145
"jcafe","RIG_MEX","air",0.185
"jcafe","RIG_MEX","arf",0.185
"jcafe","RIG_USA","air",0.132
"jcafe","RIG_USA","arf",0.132
"jcafe","RVE_VEN","air",0.185
"jcafe","RVE_VEN","arf",0.185
"jcafe","RVN_VNM","air",0.158
"jcafe","RVN_VNM","arf",0.158
"jcafe","RWI_USA","air",0.132
"jcafe","RWI_USA","arf",0.132
"jcafe","SAF_MOZ","air",0.251
"jcafe","SAF_MOZ","arf",0.251
"jcafe","SAF_TZA","air",0.244
"jcafe","SAF_TZA","arf",0.244
"jcafe","SAF_ZWE","air",0.251
"jcafe","SAF_ZWE","arf",0.251
"jcafe","SAN_BRA","air",0.165
"jcafe","SAN_BRA","arf",0.165
"jcafe","SAY_IND","air",0.205
"jcafe","SAY_IND","arf",0.205
"jcafe","SEN_GIN","air",0.191
"jcafe","SEN_GIN","arf",0.191
"jcafe","SEU_USA","air",0.132
"jcafe","SEU_USA","arf",0.132
"jcafe","SLV_SLV","air",0.185
"jcafe","SLV_SLV","arf",0.185
"jcafe","SON_CHM","air",0.178
"jcafe","SON_CHM","arf",0.178
"jcafe","SRL_LKA","air",0.185
"jcafe","SRL_LKA","arf",0.185
"jcafe","TLS_TLS","air",0.172
"jcafe","TLS_TLS","arf",0.172
"jcafe","TMM_MMR","air",0.132
"jcafe","TMM_MMR","arf",0.132
"jcafe","TMM_MYS","air",0.106
"jcafe","TMM_MYS","arf",0.106
"jcafe","TMM_THA","air",0.152
"jcafe","TMM_THA","arf",0.152
"jcafe","TOC_BRA","air",0.165
"jcafe","TOC_BRA","arf",0.165
"jcafe","TWN_CHM","air",0.178
"jcafe","TWN_CHM","arf",0.178
"jcafe","UME_MEX","air",0.185
"jcafe","UME_MEX","arf",0.185
"jcafe","URU_BRA","air",0.165
"jcafe","URU_BRA","arf",0.165
"jcafe","USN_USA","air",0.132
"jcafe","USN_USA","arf",0.132
"jcafe","VOT_BEN","air",0.191
"jcafe","VOT_BEN","arf",0.191
"jcafe","VOT_CIV","air",0.191
"jcafe","VOT_CIV","arf",0.191
"jcafe","VOT_GHA","air",0.191
"jcafe","VOT_GHA","arf",0.191
"jcafe","VOT_TGO","air",0.191
"jcafe","VOT_TGO","arf",0.191
"jcafe","VUT_VUT","air",0.172
"jcafe","VUT_VUT","arf",0.172
"jcafe","WAC_CIV","air",0.191
"jcafe","WAC_CIV","arf",0.191
"jcafe","WAC_GIN","air",0.191
"jcafe","WAC_GIN","arf",0.191
"jcafe","WAC_LBR","air",0.191
"jcafe","WAC_LBR","arf",0.191
"jcafe","WAC_SLE","air",0.191
"jcafe","WAC_SLE","arf",0.191
"jcafe","WGM_USA","air",0.132
"jcafe","WGM_USA","arf",0.132
"jcafe","YEM_YEM","air",0.139
"jcafe","YEM_YEM","arf",0.139
"jcafe","YHE_CHM","air",0.178
"jcafe","YHE_CHM","arf",0.178
"jcafe","YRD_CHM","air",0.178
"jcafe","YRD_CHM","arf",0.178
"jcafe","YRD_VNM","air",0.158
"jcafe","YRD_VNM","arf",0.158
"jcafe","YUC_MEX","air",0.185
"jcafe","YUC_MEX","arf",0.185
"jcafe","ZAM_AGO","air",0.251
"jcafe","ZAM_AGO","arf",0.251
"jcafe","ZAM_COD","air",0.191
"jcafe","ZAM_COD","arf",0.191
"jcafe","ZAM_MOZ","air",0.251
"jcafe","ZAM_MOZ","arf",0.251
"jcafe","ZAM_MWI","air",0.251
"jcafe","ZAM_MWI","arf",0.251
"jcafe","ZAM_TZA","air",0.244
"jcafe","ZAM_TZA","arf",0.244
"jcafe","ZAM_ZMB","air",0.251
"jcafe","ZAM_ZMB","arf",0.251
"jcafe","ZAM_ZWE","air",0.251
"jcafe","ZAM_ZWE","arf",0.251
"jcafe","ZHJ_CHM","air",0.178
"jcafe","ZHJ_CHM","arf",0.178
"jcott","ALB_ALB","air",0.102
"jcott","ALB_ALB","arf",0.102
"jcott","ALK_USA","air",0.09
"jcott","ALK_USA","arf",0.09
"jcott","AMA_BOL","air",0.12
"jcott","AMA_BOL","arf",0.12
"jcott","AMA_BRA","air",0.102
"jcott","AMA_BRA","arf",0.102
"jcott","AMA_COL","air",0.108
"jcott","AMA_COL","arf",0.108
"jcott","AMA_ECU","air",0.12
"jcott","AMA_ECU","arf",0.12
"jcott","AMA_PER","air",0.12
"jcott","AMA_PER","arf",0.12
"jcott","AMD_AFG","air",0.12
"jcott","AMD_AFG","arf",0.12
"jcott","AMD_TJK","air",0.132
"jcott","AMD_TJK","arf",0.132
"jcott","AMD_TKM","air",0.132
"jcott","AMD_TKM","arf",0.132
"jcott","AMD_UZB","air",0.132
"jcott","AMD_UZB","arf",0.132
"jcott","AMR_CHM","air",0.114
"jcott","AMR_CHM","arf",0.114
"jcott","ARA_IRQ","air",0.084
"jcott","ARA_IRQ","arf",0.084
"jcott","ARK_USA","air",0.09
"jcott","ARK_USA","arf",0.09
"jcott","AZE_AZE","air",0.09
"jcott","AZE_AZE","arf",0.09
"jcott","BLA_TUR","air",0.096
"jcott","BLA_TUR","arf",0.096
"jcott","BOR_IDN","air",0.084
"jcott","BOR_IDN","arf",0.084
"jcott","BRT_BGD","air",0.138
"jcott","BRT_BGD","arf",0.138
"jcott","BRT_CHM","air",0.114
"jcott","BRT_CHM","arf",0.114
"jcott","BRT_IND","air",0.126
"jcott","BRT_IND","arf",0.126
"jcott","CAF_AGO","air",0.162
"jcott","CAF_AGO","arf",0.162
"jcott","CAF_CAF","air",0.126
"jcott","CAF_CAF","arf",0.126
"jcott","CAF_CMR","air",0.126
"jcott","CAF_CMR","arf",0.126
"jcott","CAL_USA","air",0.09
"jcott","CAL_USA","arf",0.09
"jcott","CAU_AUS","air",0.078
"jcott","CAU_AUS","arf",0.078
"jcott","CAV_IND","air",0.126
"jcott","CAV_IND","arf",0.126
"jcott","CHJ_CHM","air",0.114
"jcott","CHJ_CHM","arf",0.114
"jcott","CHO_IND","air",0.126
"jcott","CHO_IND","arf",0.126
"jcott","CHU_KAZ","air",0.132
"jcott","CHU_KAZ","arf",0.132
"jcott","CHU_KGZ","air",0.132
"jcott","CHU_KGZ","arf",0.132
"jcott","COB_USA","air",0.09
"jcott","COB_USA","arf",0.09
"jcott","COL_USA","air",0.09
"jcott","COL_USA","arf",0.09
"jcott","CON_AGO","air",0.162
"jcott","CON_AGO","arf",0.162
"jcott","CON_CAF","air",0.126
"jcott","CON_CAF","arf",0.126
"jcott","CON_COD","air",0.126
"jcott","CON_COD","arf",0.126
"jcott","CRB_CRB","air",0.114
"jcott","CRB_CRB","arf",0.114
"jcott","CRI_CRI","air",0.12
"jcott","CRI_CRI","arf",0.12
"jcott","DAN_BGR","air",0.102
"jcott","DAN_BGR","arf",0.102
"jcott","DAN_TUR","air",0.096
"jcott","DAN_TUR","arf",0.096
"jcott","EAC_BDI","air",0.162
"jcott","EAC_BDI","arf",0.162
"jcott","EAC_COD","air",0.126
"jcott","EAC_COD","arf",0.126
"jcott","EAC_TZA","air",0.162
"jcott","EAC_TZA","arf",0.162
"jcott","EAU_AUS","air",0.078
"jcott","EAU_AUS","arf",0.078
"jcott","EGH_IND","air",0.126
"jcott","EGH_IND","arf",0.126
"jcott","EME_EGY","air",0.114
"jcott","EME_EGY","arf",0.114
"jcott","EME_ISR","air",0.114
"jcott","EME_ISR","arf",0.114
"jcott","EME_SYR","air",0.084
"jcott","EME_SYR","arf",0.084
"jcott","EME_TUR","air",0.096
"jcott","EME_TUR","arf",0.096
"jcott","GAN_BGD","air",0.138
"jcott","GAN_BGD","arf",0.138
"jcott","GAN_CHM","air",0.114
"jcott","GAN_CHM","arf",0.114
"jcott","GAN_IND","air",0.126
"jcott","GAN_IND","arf",0.126
"jcott","GAN_NPL","air",0.12
"jcott","GAN_NPL","arf",0.12
"jcott","GBA_USA","air",0.09
"jcott","GBA_USA","arf",0.09
"jcott","GLA_USA","air",0.09
"jcott","GLA_USA","arf",0.09
"jcott","GOD_IND","air",0.126
"jcott","GOD_IND","arf",0.126
"jcott","GRC_GRC","air",0.102
"jcott","GRC_GRC","arf",0.102
"jcott","GTM_GTM","air",0.12
"jcott","GTM_GTM","arf",0.12
"jcott","HAI_CHM","air",0.114
"jcott","HAI_CHM","arf",0.114
"jcott","HND_HND","air",0.12
"jcott","HND_HND","arf",0.12
"jcott","HOA_ETH","air",0.132
"jcott","HOA_ETH","arf",0.132
"jcott","HOA_KEN","air",0.162
"jcott","HOA_KEN","arf",0.162
"jcott","HOA_SOM","air",0.132
"jcott","HOA_SOM","arf",0.132
"jcott","HTI_HTI","air",0.12
"jcott","HTI_HTI","arf",0.12
"jcott","HUA_CHM","air",0.114
"jcott","HUA_CHM","arf",0.114
"jcott","HUN_CHM","air",0.114
"jcott","HUN_CHM","arf",0.114
"jcott","HWI_USA","air",0.09
"jcott","HWI_USA","arf",0.09
"jcott","IEC_IND","air",0.126
"jcott","IEC_IND","arf",0.126
"jcott","IND_CHM","air",0.114
"jcott","IND_CHM","arf",0.114
"jcott","IND_IND","air",0.126
"jcott","IND_IND","arf",0.126
"jcott","IND_PAK","air",0.108
"jcott","IND_PAK","arf",0.108
"jcott","INE_IDN","air",0.084
"jcott","INE_IDN","arf",0.084
"jcott","INW_IDN","air",0.084
"jcott","INW_IDN","arf",0.084
"jcott","KAL_BWA","air",0.162
"jcott","KAL_BWA","arf",0.162
"jcott","KAL_ZAF","air",0.114
"jcott","KAL_ZAF","arf",0.114
"jcott","KRI_IND","air",0.126
"jcott","KRI_IND","arf",0.126
"jcott","LAJ_CHM","air",0.114
"jcott","LAJ_CHM","arf",0.114
"jcott","LBA_KAZ","air",0.132
"jcott","LBA_KAZ","arf",0.132
"jcott","LCB_CAF","air",0.126
"jcott","LCB_CAF","arf",0.126
"jcott","LCB_CMR","air",0.126
"jcott","LCB_CMR","arf",0.126
"jcott","LCB_NER","air",0.132
"jcott","LCB_NER","arf",0.132
"jcott","LCB_NGA","air",0.108
"jcott","LCB_NGA","arf",0.108
"jcott","LCB_TCD","air",0.132
"jcott","LCB_TCD","arf",0.132
"jcott","LIM_BWA","air",0.162
"jcott","LIM_BWA","arf",0.162
"jcott","LIM_MOZ","air",0.162
"jcott","LIM_MOZ","arf",0.162
"jcott","LIM_ZAF","air",0.114
"jcott","LIM_ZAF","arf",0.114
"jcott","LIM_ZWE","air",0.162
"jcott","LIM_ZWE","arf",0.162
"jcott","LMO_CHM","air",0.114
"jcott","LMO_CHM","arf",0.114
"jcott","LTZ_KAZ","air",0.132
"jcott","LTZ_KAZ","arf",0.132
"jcott","LUN_IND","air",0.126
"jcott","LUN_IND","arf",0.126
"jcott","MAD_MDG","air",0.162
"jcott","MAD_MDG","arf",0.162
"jcott","MAT_IND","air",0.126
"jcott","MAT_IND","arf",0.126
"jcott","MAU_AUS","air",0.078
"jcott","MAU_AUS","arf",0.078
"jcott","MEK_KHM","air",0.096
"jcott","MEK_KHM","arf",0.096
"jcott","MEK_LAO","air",0.096
"jcott","MEK_LAO","arf",0.096
"jcott","MEK_MMR","air",0.09
"jcott","MEK_MMR","arf",0.09
"jcott","MEK_THA","air",0.096
"jcott","MEK_THA","arf",0.096
"jcott","MEK_VNM","air",0.102
"jcott","MEK_VNM","arf",0.102
"jcott","MHN_IND","air",0.126
"jcott","MHN_IND","arf",0.126
"jcott","MIM_MEX","air",0.114
"jcott","MIM_MEX","arf",0.114
"jcott","MIS_USA","air",0.09
"jcott","MIS_USA","arf",0.09
"jcott","MOU_USA","air",0.09
"jcott","MOU_USA","arf",0.09
"jcott","NAC_DZA","air",0.084
"jcott","NAC_DZA","arf",0.084
"jcott","NAC_EGY","air",0.114
"jcott","NAC_EGY","arf",0.114
"jcott","NAC_TUN","air",0.084
"jcott","NAC_TUN","arf",0.084
"jcott","NEB_BRA","air",0.102
"jcott","NEB_BRA","arf",0.102
"jcott","NIC_NIC","air",0.12
"jcott","NIC_NIC","arf",0.12
"jcott","NIG_BEN","air",0.126
"jcott","NIG_BEN","arf",0.126
"jcott","NIG_BFA","air",0.132
"jcott","NIG_BFA","arf",0.132
"jcott","NIG_CIV","air",0.126
"jcott","NIG_CIV","arf",0.126
"jcott","NIG_CMR","air",0.126
"jcott","NIG_CMR","arf",0.126
"jcott","NIG_GIN","air",0.126
"jcott","NIG_GIN","arf",0.126
"jcott","NIG_MLI","air",0.132
"jcott","NIG_MLI","arf",0.132
"jcott","NIG_NER","air",0.132
"jcott","NIG_NER","arf",0.132
"jcott","NIG_NGA","air",0.108
"jcott","NIG_NGA","arf",0.108
"jcott","NIG_TCD","air",0.132
"jcott","NIG_TCD","arf",0.132
"jcott","NKP_PRK","air",0.12
"jcott","NKP_PRK","arf",0.12
"jcott","NLL_EGY","air",0.114
"jcott","NLL_EGY","arf",0.114
"jcott","NLL_ETH","air",0.132
"jcott","NLL_ETH","arf",0.132
"jcott","NLL_SDN","air",0.132
"jcott","NLL_SDN","arf",0.132
"jcott","NLL_UGA","air",0.162
"jcott","NLL_UGA","arf",0.162
"jcott","NWA_MOR","air",0.084
"jcott","NWA_MOR","arf",0.084
"jcott","NWS_COL","air",0.108
"jcott","NWS_COL","arf",0.108
"jcott","NWS_ECU","air",0.12
"jcott","NWS_ECU","arf",0.12
"jcott","OBB_CHM","air",0.114
"jcott","OBB_CHM","arf",0.114
"jcott","OBB_KAZ","air",0.132
"jcott","OBB_KAZ","arf",0.132
"jcott","OHI_USA","air",0.09
"jcott","OHI_USA","arf",0.09
"jcott","ORA_ZAF","air",0.114
"jcott","ORA_ZAF","arf",0.114
"jcott","ORI_COL","air",0.108
"jcott","ORI_COL","arf",0.108
"jcott","ORI_VEN","air",0.12
"jcott","ORI_VEN","arf",0.12
"jcott","PAR_ARG","air",0.06
"jcott","PAR_ARG","arf",0.06
"jcott","PAR_BOL","air",0.12
"jcott","PAR_BOL","arf",0.12
"jcott","PAR_BRA","air",0.102
"jcott","PAR_BRA","arf",0.102
"jcott","PAR_PRY","air",0.12
"jcott","PAR_PRY","arf",0.12
"jcott","PEC_PER","air",0.12
"jcott","PEC_PER","arf",0.12
"jcott","PHI_PHL","air",0.096
"jcott","PHI_PHL","arf",0.096
"jcott","RIC_ARG","air",0.06
"jcott","RIC_ARG","arf",0.06
"jcott","RIG_MEX","air",0.114
"jcott","RIG_MEX","arf",0.114
"jcott","RIG_USA","air",0.09
"jcott","RIG_USA","arf",0.09
"jcott","RVE_VEN","air",0.12
"jcott","RVE_VEN","arf",0.12
"jcott","RVN_VNM","air",0.102
"jcott","RVN_VNM","arf",0.102
"jcott","RWI_USA","air",0.09
"jcott","RWI_USA","arf",0.09
"jcott","SAC_SWZ","air",0.162
"jcott","SAC_SWZ","arf",0.162
"jcott","SAC_ZAF","air",0.114
"jcott","SAC_ZAF","arf",0.114
"jcott","SAF_MOZ","air",0.162
"jcott","SAF_MOZ","arf",0.162
"jcott","SAF_TZA","air",0.162
"jcott","SAF_TZA","arf",0.162
"jcott","SAF_ZWE","air",0.162
"jcott","SAF_ZWE","arf",0.162
"jcott","SAH_DZA","air",0.084
"jcott","SAH_DZA","arf",0.084
"jcott","SAH_EGY","air",0.114
"jcott","SAH_EGY","arf",0.114
"jcott","SAH_MLI","air",0.132
"jcott","SAH_MLI","arf",0.132
"jcott","SAH_MOR","air",0.084
"jcott","SAH_MOR","arf",0.084
"jcott","SAH_NER","air",0.132
"jcott","SAH_NER","arf",0.132
"jcott","SAH_SDN","air",0.132
"jcott","SAH_SDN","arf",0.132
"jcott","SAH_TCD","air",0.132
"jcott","SAH_TCD","arf",0.132
"jcott","SAL_ARG","air",0.06
"jcott","SAL_ARG","arf",0.06
"jcott","SAN_BRA","air",0.102
"jcott","SAN_BRA","arf",0.102
"jcott","SAY_IND","air",0.126
"jcott","SAY_IND","arf",0.126
"jcott","SEN_GIN","air",0.126
"jcott","SEN_GIN","arf",0.126
"jcott","SEN_MLI","air",0.132
"jcott","SEN_MLI","arf",0.132
"jcott","SEN_SEN","air",0.126
"jcott","SEN_SEN","arf",0.126
"jcott","SEU_USA","air",0.09
"jcott","SEU_USA","arf",0.09
"jcott","SLV_SLV","air",0.12
"jcott","SLV_SLV","arf",0.12
"jcott","SON_CHM","air",0.114
"jcott","SON_CHM","arf",0.114
"jcott","SPP_SPP","air",0.084
"jcott","SPP_SPP","arf",0.084
"jcott","SYD_KAZ","air",0.132
"jcott","SYD_KAZ","arf",0.132
"jcott","SYD_KGZ","air",0.132
"jcott","SYD_KGZ","arf",0.132
"jcott","SYD_TJK","air",0.132
"jcott","SYD_TJK","arf",0.132
"jcott","SYD_UZB","air",0.132
"jcott","SYD_UZB","arf",0.132
"jcott","TIE_ARG","air",0.06
"jcott","TIE_ARG","arf",0.06
"jcott","TIG_IRN","air",0.084
"jcott","TIG_IRN","arf",0.084
"jcott","TIG_IRQ","air",0.084
"jcott","TIG_IRQ","arf",0.084
"jcott","TIG_SYR","air",0.084
"jcott","TIG_SYR","arf",0.084
"jcott","TIG_TUR","air",0.096
"jcott","TIG_TUR","arf",0.096
"jcott","TMM_BGD","air",0.138
"jcott","TMM_BGD","arf",0.138
"jcott","TMM_MMR","air",0.09
"jcott","TMM_MMR","arf",0.09
"jcott","TMM_THA","air",0.096
"jcott","TMM_THA","arf",0.096
"jcott","TOC_BRA","air",0.102
"jcott","TOC_BRA","arf",0.102
"jcott","TWN_CHM","air",0.114
"jcott","TWN_CHM","arf",0.114
"jcott","UME_MEX","air",0.114
"jcott","UME_MEX","arf",0.114
"jcott","URA_KAZ","air",0.132
"jcott","URA_KAZ","arf",0.132
"jcott","URA_TKM","air",0.132
"jcott","URA_TKM","arf",0.132
"jcott","URU_BRA","air",0.102
"jcott","URU_BRA","arf",0.102
"jcott","USN_USA","air",0.09
"jcott","USN_USA","arf",0.09
"jcott","VOT_BEN","air",0.126
"jcott","VOT_BEN","arf",0.126
"jcott","VOT_BFA","air",0.132
"jcott","VOT_BFA","arf",0.132
"jcott","VOT_CIV","air",0.126
"jcott","VOT_CIV","arf",0.126
"jcott","VOT_GHA","air",0.126
"jcott","VOT_GHA","arf",0.126
"jcott","VOT_MLI","air",0.132
"jcott","VOT_MLI","arf",0.132
"jcott","VOT_TGO","air",0.126
"jcott","VOT_TGO","arf",0.126
"jcott","WAC_CIV","air",0.126
"jcott","WAC_CIV","arf",0.126
"jcott","WAC_GIN","air",0.126
"jcott","WAC_GIN","arf",0.126
"jcott","WAC_GMB","air",0.126
"jcott","WAC_GMB","arf",0.126
"jcott","WAC_GNB","air",0.126
"jcott","WAC_GNB","arf",0.126
"jcott","WAC_SEN","air",0.126
"jcott","WAC_SEN","arf",0.126
"jcott","WAI_AFG","air",0.12
"jcott","WAI_AFG","arf",0.12
"jcott","WAI_IRN","air",0.084
"jcott","WAI_IRN","arf",0.084
"jcott","WAI_PAK","air",0.108
"jcott","WAI_PAK","arf",0.108
"jcott","WAI_TKM","air",0.132
"jcott","WAI_TKM","arf",0.132
"jcott","WAU_AUS","air",0.078
"jcott","WAU_AUS","arf",0.078
"jcott","WGM_USA","air",0.09
"jcott","WGM_USA","arf",0.09
"jcott","YEM_YEM","air",0.084
"jcott","YEM_YEM","arf",0.084
"jcott","YHE_CHM","air",0.114
"jcott","YHE_CHM","arf",0.114
"jcott","YRD_CHM","air",0.114
"jcott","YRD_CHM","arf",0.114
"jcott","YRD_VNM","air",0.102
"jcott","YRD_VNM","arf",0.102
"jcott","YUC_MEX","air",0.114
"jcott","YUC_MEX","arf",0.114
"jcott","ZAM_AGO","air",0.162
"jcott","ZAM_AGO","arf",0.162
"jcott","ZAM_BWA","air",0.162
"jcott","ZAM_BWA","arf",0.162
"jcott","ZAM_COD","air",0.126
"jcott","ZAM_COD","arf",0.126
"jcott","ZAM_MOZ","air",0.162
"jcott","ZAM_MOZ","arf",0.162
"jcott","ZAM_MWI","air",0.162
"jcott","ZAM_MWI","arf",0.162
"jcott","ZAM_TZA","air",0.162
"jcott","ZAM_TZA","arf",0.162
"jcott","ZAM_ZMB","air",0.162
"jcott","ZAM_ZMB","arf",0.162
"jcott","ZAM_ZWE","air",0.162
"jcott","ZAM_ZWE","arf",0.162
"jcott","ZHJ_CHM","air",0.114
"jcott","ZHJ_CHM","arf",0.114
"jteas","AMA_BOL","air",0.185
"jteas","AMA_BOL","arf",0.185
"jteas","AMA_BRA","air",0.165
"jteas","AMA_BRA","arf",0.165
"jteas","AMA_COL","air",0.172
"jteas","AMA_COL","arf",0.172
"jteas","AMA_ECU","air",0.185
"jteas","AMA_ECU","arf",0.185
"jteas","AMA_PER","air",0.185
"jteas","AMA_PER","arf",0.185
"jteas","AMR_CHM","air",0.178
"jteas","AMR_CHM","arf",0.178
"jteas","AMR_RUS","air",0.125
"jteas","AMR_RUS","arf",0.125
"jteas","AZE_AZE","air",0.125
"jteas","AZE_AZE","arf",0.125
"jteas","BAL_RUS","air",0.125
"jteas","BAL_RUS","arf",0.125
"jteas","BLA_RUS","air",0.125
"jteas","BLA_RUS","arf",0.125
"jteas","BLA_TUR","air",0.152
"jteas","BLA_TUR","arf",0.152
"jteas","BOR_IDN","air",0.132
"jteas","BOR_IDN","arf",0.132
"jteas","BOR_MYS","air",0.106
"jteas","BOR_MYS","arf",0.106
"jteas","BRT_BGD","air",0.218
"jteas","BRT_BGD","arf",0.218
"jteas","BRT_CHM","air",0.178
"jteas","BRT_CHM","arf",0.178
"jteas","BRT_IND","air",0.205
"jteas","BRT_IND","arf",0.205
"jteas","CAF_CMR","air",0.191
"jteas","CAF_CMR","arf",0.191
"jteas","CAV_IND","air",0.205
"jteas","CAV_IND","arf",0.205
"jteas","CHJ_CHM","air",0.178
"jteas","CHJ_CHM","arf",0.178
"jteas","CHO_IND","air",0.205
"jteas","CHO_IND","arf",0.205
"jteas","CON_COD","air",0.191
"jteas","CON_COD","arf",0.191
"jteas","DAN_OBN","air",0.139
"jteas","DAN_OBN","arf",0.139
"jteas","DAN_TUR","air",0.152
"jteas","DAN_TUR","arf",0.152
"jteas","DNI_RUS","air",0.125
"jteas","DNI_RUS","arf",0.125
"jteas","EAC_BDI","air",0.244
"jteas","EAC_BDI","arf",0.244
"jteas","EAC_COD","air",0.191
"jteas","EAC_COD","arf",0.191
"jteas","EAC_RWA","air",0.244
"jteas","EAC_RWA","arf",0.244
"jteas","EAC_TZA","air",0.244
"jteas","EAC_TZA","arf",0.244
"jteas","EGH_IND","air",0.205
"jteas","EGH_IND","arf",0.205
"jteas","EME_TUR","air",0.152
"jteas","EME_TUR","arf",0.152
"jteas","GAN_BGD","air",0.218
"jteas","GAN_BGD","arf",0.218
"jteas","GAN_CHM","air",0.178
"jteas","GAN_CHM","arf",0.178
"jteas","GAN_IND","air",0.205
"jteas","GAN_IND","arf",0.205
"jteas","GAN_NPL","air",0.185
"jteas","GAN_NPL","arf",0.185
"jteas","GEO_GEO","air",0.125
"jteas","GEO_GEO","arf",0.125
"jteas","GOD_IND","air",0.205
"jteas","GOD_IND","arf",0.205
"jteas","GTM_GTM","air",0.185
"jteas","GTM_GTM","arf",0.185
"jteas","HAI_CHM","air",0.178
"jteas","HAI_CHM","arf",0.178
"jteas","HOA_ETH","air",0.198
"jteas","HOA_ETH","arf",0.198
"jteas","HOA_KEN","air",0.244
"jteas","HOA_KEN","arf",0.244
"jteas","HUA_CHM","air",0.178
"jteas","HUA_CHM","arf",0.178
"jteas","HUN_CHM","air",0.178
"jteas","HUN_CHM","arf",0.178
"jteas","IEC_IND","air",0.205
"jteas","IEC_IND","arf",0.205
"jteas","IND_CHM","air",0.178
"jteas","IND_CHM","arf",0.178
"jteas","IND_IND","air",0.205
"jteas","IND_IND","arf",0.205
"jteas","INE_IDN","air",0.132
"jteas","INE_IDN","arf",0.132
"jteas","INW_IDN","air",0.132
"jteas","INW_IDN","arf",0.132
"jteas","JAP_JPN","air",0.119
"jteas","JAP_JPN","arf",0.119
"jteas","KAL_ZAF","air",0.158
"jteas","KAL_ZAF","arf",0.158
"jteas","KRI_IND","air",0.205
"jteas","KRI_IND","arf",0.205
"jteas","LAJ_CHM","air",0.178
"jteas","LAJ_CHM","arf",0.178
"jteas","LCB_CMR","air",0.191
"jteas","LCB_CMR","arf",0.191
"jteas","LIM_MOZ","air",0.251
"jteas","LIM_MOZ","arf",0.251
"jteas","LIM_ZAF","air",0.158
"jteas","LIM_ZAF","arf",0.158
"jteas","LIM_ZWE","air",0.251
"jteas","LIM_ZWE","arf",0.251
"jteas","LMO_CHM","air",0.178
"jteas","LMO_CHM","arf",0.178
"jteas","LUN_IND","air",0.205
"jteas","LUN_IND","arf",0.205
"jteas","MAD_MDG","air",0.251
"jteas","MAD_MDG","arf",0.251
"jteas","MAT_IND","air",0.205
"jteas","MAT_IND","arf",0.205
"jteas","MEK_LAO","air",0.139
"jteas","MEK_LAO","arf",0.139
"jteas","MEK_MMR","air",0.132
"jteas","MEK_MMR","arf",0.132
"jteas","MEK_THA","air",0.152
"jteas","MEK_THA","arf",0.152
"jteas","MEK_VNM","air",0.158
"jteas","MEK_VNM","arf",0.158
"jteas","MHN_IND","air",0.205
"jteas","MHN_IND","arf",0.205
"jteas","NEB_BRA","air",0.165
"jteas","NEB_BRA","arf",0.165
"jteas","NER_RUS","air",0.125
"jteas","NER_RUS","arf",0.125
"jteas","NIG_CMR","air",0.191
"jteas","NIG_CMR","arf",0.191
"jteas","NIG_MLI","air",0.198
"jteas","NIG_MLI","arf",0.198
"jteas","NLL_ETH","air",0.198
"jteas","NLL_ETH","arf",0.198
"jteas","NLL_UGA","air",0.244
"jteas","NLL_UGA","arf",0.244
"jteas","NWS_COL","air",0.172
"jteas","NWS_COL","arf",0.172
"jteas","NWS_ECU","air",0.185
"jteas","NWS_ECU","arf",0.185
"jteas","OBB_CHM","air",0.178
"jteas","OBB_CHM","arf",0.178
"jteas","OBB_RUS","air",0.125
"jteas","OBB_RUS","arf",0.125
"jteas","ODE_RUS","air",0.125
"jteas","ODE_RUS","arf",0.125
"jteas","OIO_OIO","air",0.172
"jteas","OIO_OIO","arf",0.172
"jteas","ORA_ZAF","air",0.158
"jteas","ORA_ZAF","arf",0.158
"jteas","ORI_COL","air",0.172
"jteas","ORI_COL","arf",0.172
"jteas","PAO_PNG","air",0.172
"jteas","PAO_PNG","arf",0.172
"jteas","PAR_ARG","air",0.099
"jteas","PAR_ARG","arf",0.099
"jteas","PAR_BOL","air",0.185
"jteas","PAR_BOL","arf",0.185
"jteas","PAR_BRA","air",0.165
"jteas","PAR_BRA","arf",0.165
"jteas","PEC_PER","air",0.185
"jteas","PEC_PER","arf",0.185
"jteas","RIC_ARG","air",0.099
"jteas","RIC_ARG","arf",0.099
"jteas","RRS_RUS","air",0.125
"jteas","RRS_RUS","arf",0.125
"jteas","RVN_VNM","air",0.158
"jteas","RVN_VNM","arf",0.158
"jteas","SAC_ZAF","air",0.158
"jteas","SAC_ZAF","arf",0.158
"jteas","SAF_MOZ","air",0.251
"jteas","SAF_MOZ","arf",0.251
"jteas","SAF_TZA","air",0.244
"jteas","SAF_TZA","arf",0.244
"jteas","SAF_ZWE","air",0.251
"jteas","SAF_ZWE","arf",0.251
"jteas","SAH_MLI","air",0.198
"jteas","SAH_MLI","arf",0.198
"jteas","SAL_ARG","air",0.099
"jteas","SAL_ARG","arf",0.099
"jteas","SAN_BRA","air",0.165
"jteas","SAN_BRA","arf",0.165
"jteas","SAY_IND","air",0.205
"jteas","SAY_IND","arf",0.205
"jteas","SEN_MLI","air",0.198
"jteas","SEN_MLI","arf",0.198
"jteas","SKP_KOR","air",0.158
"jteas","SKP_KOR","arf",0.158
"jteas","SLV_SLV","air",0.185
"jteas","SLV_SLV","arf",0.185
"jteas","SON_CHM","air",0.178
"jteas","SON_CHM","arf",0.178
"jteas","SRL_LKA","air",0.185
"jteas","SRL_LKA","arf",0.185
"jteas","TIE_ARG","air",0.099
"jteas","TIE_ARG","arf",0.099
"jteas","TIG_IRN","air",0.139
"jteas","TIG_IRN","arf",0.139
"jteas","TIG_TUR","air",0.152
"jteas","TIG_TUR","arf",0.152
"jteas","TMM_BGD","air",0.218
"jteas","TMM_BGD","arf",0.218
"jteas","TMM_MMR","air",0.132
"jteas","TMM_MMR","arf",0.132
"jteas","TMM_MYS","air",0.106
"jteas","TMM_MYS","arf",0.106
"jteas","TMM_THA","air",0.152
"jteas","TMM_THA","arf",0.152
"jteas","TOC_BRA","air",0.165
"jteas","TOC_BRA","arf",0.165
"jteas","TWN_CHM","air",0.178
"jteas","TWN_CHM","arf",0.178
"jteas","UMO_RUS","air",0.125
"jteas","UMO_RUS","arf",0.125
"jteas","URA_RUS","air",0.125
"jteas","URA_RUS","arf",0.125
"jteas","URU_BRA","air",0.165
"jteas","URU_BRA","arf",0.165
"jteas","VOG_RUS","air",0.125
"jteas","VOG_RUS","arf",0.125
"jteas","VOT_MLI","air",0.198
"jteas","VOT_MLI","arf",0.198
"jteas","WAI_IRN","air",0.139
"jteas","WAI_IRN","arf",0.139
"jteas","YEN_RUS","air",0.125
"jteas","YEN_RUS","arf",0.125
"jteas","YHE_CHM","air",0.178
"jteas","YHE_CHM","arf",0.178
"jteas","YRD_CHM","air",0.178
"jteas","YRD_CHM","arf",0.178
"jteas","YRD_VNM","air",0.158
"jteas","YRD_VNM","arf",0.158
"jteas","ZAM_COD","air",0.191
"jteas","ZAM_COD","arf",0.191
"jteas","ZAM_MOZ","air",0.251
"jteas","ZAM_MOZ","arf",0.251
"jteas","ZAM_MWI","air",0.251
"jteas","ZAM_MWI","arf",0.251
"jteas","ZAM_TZA","air",0.244
"jteas","ZAM_TZA","arf",0.244
"jteas","ZAM_ZMB","air",0.251
"jteas","ZAM_ZMB","arf",0.251
"jteas","ZAM_ZWE","air",0.251
"jteas","ZAM_ZWE","arf",0.251
"jteas","ZHJ_CHM","air",0.178
"jteas","ZHJ_CHM","arf",0.178
"jothr","ALB_ALB","air",0.102
"jothr","ALB_ALB","arf",0.102
"jothr","ALK_USA","air",0.09
"jothr","ALK_USA","arf",0.09
"jothr","AMA_BOL","air",0.12
"jothr","AMA_BOL","arf",0.12
"jothr","AMA_BRA","air",0.102
"jothr","AMA_BRA","arf",0.102
"jothr","AMA_COL","air",0.108
"jothr","AMA_COL","arf",0.108
"jothr","AMA_ECU","air",0.12
"jothr","AMA_ECU","arf",0.12
"jothr","AMA_PER","air",0.12
"jothr","AMA_PER","arf",0.12
"jothr","AMD_AFG","air",0.12
"jothr","AMD_AFG","arf",0.12
"jothr","AMD_TJK","air",0.132
"jothr","AMD_TJK","arf",0.132
"jothr","AMD_TKM","air",0.132
"jothr","AMD_TKM","arf",0.132
"jothr","AMD_UZB","air",0.132
"jothr","AMD_UZB","arf",0.132
"jothr","AMR_CHM","air",0.114
"jothr","AMR_CHM","arf",0.114
"jothr","AMR_RUS","air",0.09
"jothr","AMR_RUS","arf",0.09
"jothr","ARA_IRQ","air",0.084
"jothr","ARA_IRQ","arf",0.084
"jothr","ARK_USA","air",0.09
"jothr","ARK_USA","arf",0.09
"jothr","AZE_AZE","air",0.09
"jothr","AZE_AZE","arf",0.09
"jothr","BAL_RUS","air",0.09
"jothr","BAL_RUS","arf",0.09
"jothr","BLA_RUS","air",0.09
"jothr","BLA_RUS","arf",0.09
"jothr","BLA_TUR","air",0.096
"jothr","BLA_TUR","arf",0.096
"jothr","BLA_UKR","air",0.09
"jothr","BLA_UKR","arf",0.09
"jothr","BOR_IDN","air",0.084
"jothr","BOR_IDN","arf",0.084
"jothr","BOR_MYS","air",0.066
"jothr","BOR_MYS","arf",0.066
"jothr","BRT_BGD","air",0.138
"jothr","BRT_BGD","arf",0.138
"jothr","BRT_BTN","air",0.12
"jothr","BRT_BTN","arf",0.12
"jothr","BRT_CHM","air",0.114
"jothr","BRT_CHM","arf",0.114
"jothr","BRT_IND","air",0.126
"jothr","BRT_IND","arf",0.126
"jothr","CAF_AGO","air",0.162
"jothr","CAF_AGO","arf",0.162
"jothr","CAF_CAF","air",0.126
"jothr","CAF_CAF","arf",0.126
"jothr","CAF_CMR","air",0.126
"jothr","CAF_CMR","arf",0.126
"jothr","CAF_COG","air",0.126
"jothr","CAF_COG","arf",0.126
"jothr","CAF_GAB","air",0.126
"jothr","CAF_GAB","arf",0.126
"jothr","CAL_USA","air",0.09
"jothr","CAL_USA","arf",0.09
"jothr","CAN_CAN","air",0.114
"jothr","CAN_CAN","arf",0.114
"jothr","CAU_AUS","air",0.078
"jothr","CAU_AUS","arf",0.078
"jothr","CAV_IND","air",0.126
"jothr","CAV_IND","arf",0.126
"jothr","CHC_CHL","air",0.12
"jothr","CHC_CHL","arf",0.12
"jothr","CHJ_CHM","air",0.114
"jothr","CHJ_CHM","arf",0.114
"jothr","CHO_IND","air",0.126
"jothr","CHO_IND","arf",0.126
"jothr","CHU_KAZ","air",0.132
"jothr","CHU_KAZ","arf",0.132
"jothr","CHU_KGZ","air",0.132
"jothr","CHU_KGZ","arf",0.132
"jothr","COB_CAN","air",0.114
"jothr","COB_CAN","arf",0.114
"jothr","COB_USA","air",0.09
"jothr","COB_USA","arf",0.09
"jothr","COL_USA","air",0.09
"jothr","COL_USA","arf",0.09
"jothr","CON_AGO","air",0.162
"jothr","CON_AGO","arf",0.162
"jothr","CON_CAF","air",0.126
"jothr","CON_CAF","arf",0.126
"jothr","CON_COG","air",0.126
"jothr","CON_COG","arf",0.126
"jothr","CRI_CRI","air",0.12
"jothr","CRI_CRI","arf",0.12
"jothr","CUB_CUB","air",0.12
"jothr","CUB_CUB","arf",0.12
"jothr","DAN_BGR","air",0.102
"jothr","DAN_BGR","arf",0.102
"jothr","DAN_HRV","air",0.102
"jothr","DAN_HRV","arf",0.102
"jothr","DAN_HUN","air",0.102
"jothr","DAN_HUN","arf",0.102
"jothr","DAN_MDA","air",0.102
"jothr","DAN_MDA","arf",0.102
"jothr","DAN_OBN","air",0.102
"jothr","DAN_OBN","arf",0.102
"jothr","DAN_ROU","air",0.102
"jothr","DAN_ROU","arf",0.102
"jothr","DAN_SVN","air",0.102
"jothr","DAN_SVN","arf",0.102
"jothr","DAN_TUR","air",0.096
"jothr","DAN_TUR","arf",0.096
"jothr","DAN_UKR","air",0.09
"jothr","DAN_UKR","arf",0.09
"jothr","DNI_BLR","air",0.09
"jothr","DNI_BLR","arf",0.09
"jothr","DNI_RUS","air",0.09
"jothr","DNI_RUS","arf",0.09
"jothr","DNI_UKR","air",0.09
"jothr","DNI_UKR","arf",0.09
"jothr","DOM_DOM","air",0.12
"jothr","DOM_DOM","arf",0.12
"jothr","EAC_TZA","air",0.162
"jothr","EAC_TZA","arf",0.162
"jothr","EAU_AUS","air",0.078
"jothr","EAU_AUS","arf",0.078
"jothr","EGH_IND","air",0.126
"jothr","EGH_IND","arf",0.126
"jothr","EME_CYP","air",0.084
"jothr","EME_CYP","arf",0.084
"jothr","EME_EGY","air",0.114
"jothr","EME_EGY","arf",0.114
"jothr","EME_ISR","air",0.114
"jothr","EME_ISR","arf",0.114
"jothr","EME_JOR","air",0.084
"jothr","EME_JOR","arf",0.084
"jothr","EME_LBN","air",0.084
"jothr","EME_LBN","arf",0.084
"jothr","EME_SYR","air",0.084
"jothr","EME_SYR","arf",0.084
"jothr","EME_TUR","air",0.096
"jothr","EME_TUR","arf",0.096
"jothr","GAN_BGD","air",0.138
"jothr","GAN_BGD","arf",0.138
"jothr","GAN_CHM","air",0.114
"jothr","GAN_CHM","arf",0.114
"jothr","GAN_IND","air",0.126
"jothr","GAN_IND","arf",0.126
"jothr","GAN_NPL","air",0.12
"jothr","GAN_NPL","arf",0.12
"jothr","GBA_USA","air",0.09
"jothr","GBA_USA","arf",0.09
"jothr","GEO_GEO","air",0.09
"jothr","GEO_GEO","arf",0.09
"jothr","GLA_CAN","air",0.114
"jothr","GLA_CAN","arf",0.114
"jothr","GLA_USA","air",0.09
"jothr","GLA_USA","arf",0.09
"jothr","GOD_IND","air",0.126
"jothr","GOD_IND","arf",0.126
"jothr","GRC_GRC","air",0.102
"jothr","GRC_GRC","arf",0.102
"jothr","GTM_GTM","air",0.12
"jothr","GTM_GTM","arf",0.12
"jothr","HAI_CHM","air",0.114
"jothr","HAI_CHM","arf",0.114
"jothr","HOA_ETH","air",0.132
"jothr","HOA_ETH","arf",0.132
"jothr","HOA_KEN","air",0.162
"jothr","HOA_KEN","arf",0.162
"jothr","HTI_HTI","air",0.12
"jothr","HTI_HTI","arf",0.12
"jothr","HUA_CHM","air",0.114
"jothr","HUA_CHM","arf",0.114
"jothr","HUN_CHM","air",0.114
"jothr","HUN_CHM","arf",0.114
"jothr","HWI_USA","air",0.09
"jothr","HWI_USA","arf",0.09
"jothr","IEC_IND","air",0.126
"jothr","IEC_IND","arf",0.126
"jothr","IND_CHM","air",0.114
"jothr","IND_CHM","arf",0.114
"jothr","IND_IND","air",0.126
"jothr","IND_IND","arf",0.126
"jothr","IND_PAK","air",0.108
"jothr","IND_PAK","arf",0.108
"jothr","INE_IDN","air",0.084
"jothr","INE_IDN","arf",0.084
"jothr","INW_IDN","air",0.084
"jothr","INW_IDN","arf",0.084
"jothr","ITA_ITP","air",0.084
"jothr","ITA_ITP","arf",0.084
"jothr","JAM_JAM","air",0.114
"jothr","JAM_JAM","arf",0.114
"jothr","JAP_JPN","air",0.084
"jothr","JAP_JPN","arf",0.084
"jothr","KAL_ZAF","air",0.114
"jothr","KAL_ZAF","arf",0.114
"jothr","KRI_IND","air",0.126
"jothr","KRI_IND","arf",0.126
"jothr","LAJ_CHM","air",0.114
"jothr","LAJ_CHM","arf",0.114
"jothr","LBA_KAZ","air",0.132
"jothr","LBA_KAZ","arf",0.132
"jothr","LBO_FRP","air",0.084
"jothr","LBO_FRP","arf",0.084
"jothr","LCB_CAF","air",0.126
"jothr","LCB_CAF","arf",0.126
"jothr","LCB_CMR","air",0.126
"jothr","LCB_CMR","arf",0.126
"jothr","LCB_NGA","air",0.108
"jothr","LCB_NGA","arf",0.108
"jothr","LIM_MOZ","air",0.162
"jothr","LIM_MOZ","arf",0.162
"jothr","LIM_ZAF","air",0.114
"jothr","LIM_ZAF","arf",0.114
"jothr","LIM_ZWE","air",0.162
"jothr","LIM_ZWE","arf",0.162
"jothr","LMO_CHM","air",0.114
"jothr","LMO_CHM","arf",0.114
"jothr","LMO_MNG","air",0.12
"jothr","LMO_MNG","arf",0.12
"jothr","LTZ_KAZ","air",0.132
"jothr","LTZ_KAZ","arf",0.132
"jothr","LUN_IND","air",0.126
"jothr","LUN_IND","arf",0.126
"jothr","MAD_MDG","air",0.162
"jothr","MAD_MDG","arf",0.162
"jothr","MAT_IND","air",0.126
"jothr","MAT_IND","arf",0.126
"jothr","MAU_AUS","air",0.078
"jothr","MAU_AUS","arf",0.078
"jothr","MCK_CAN","air",0.114
"jothr","MCK_CAN","arf",0.114
"jothr","MEK_KHM","air",0.096
"jothr","MEK_KHM","arf",0.096
"jothr","MEK_LAO","air",0.096
"jothr","MEK_LAO","arf",0.096
"jothr","MEK_MMR","air",0.09
"jothr","MEK_MMR","arf",0.09
"jothr","MEK_THA","air",0.096
"jothr","MEK_THA","arf",0.096
"jothr","MEK_VNM","air",0.102
"jothr","MEK_VNM","arf",0.102
"jothr","MHN_IND","air",0.126
"jothr","MHN_IND","arf",0.126
"jothr","MIM_MEX","air",0.114
"jothr","MIM_MEX","arf",0.114
"jothr","MIS_USA","air",0.09
"jothr","MIS_USA","arf",0.09
"jothr","MOU_USA","air",0.09
"jothr","MOU_USA","arf",0.09
"jothr","NAC_DZA","air",0.084
"jothr","NAC_DZA","arf",0.084
"jothr","NAC_EGY","air",0.114
"jothr","NAC_EGY","arf",0.114
"jothr","NAC_LBY","air",0.084
"jothr","NAC_LBY","arf",0.084
"jothr","NAC_TUN","air",0.084
"jothr","NAC_TUN","arf",0.084
"jothr","NEB_BRA","air",0.102
"jothr","NEB_BRA","arf",0.102
"jothr","NER_RUS","air",0.09
"jothr","NER_RUS","arf",0.09
"jothr","NIG_BEN","air",0.126
"jothr","NIG_BEN","arf",0.126
"jothr","NIG_BFA","air",0.132
"jothr","NIG_BFA","arf",0.132
"jothr","NIG_CIV","air",0.126
"jothr","NIG_CIV","arf",0.126
"jothr","NIG_CMR","air",0.126
"jothr","NIG_CMR","arf",0.126
"jothr","NIG_GIN","air",0.126
"jothr","NIG_GIN","arf",0.126
"jothr","NIG_MLI","air",0.132
"jothr","NIG_MLI","arf",0.132
"jothr","NIG_NGA","air",0.108
"jothr","NIG_NGA","arf",0.108
"jothr","NKP_PRK","air",0.12
"jothr","NKP_PRK","arf",0.12
"jothr","NLL_EGY","air",0.114
"jothr","NLL_EGY","arf",0.114
"jothr","NLL_ETH","air",0.132
"jothr","NLL_ETH","arf",0.132
"jothr","NLL_UGA","air",0.162
"jothr","NLL_UGA","arf",0.162
"jothr","NWA_MOR","air",0.084
"jothr","NWA_MOR","arf",0.084
"jothr","NWS_COL","air",0.108
"jothr","NWS_COL","arf",0.108
"jothr","NWS_ECU","air",0.12
"jothr","NWS_ECU","arf",0.12
"jothr","NZE_NZL","air",0.114
"jothr","NZE_NZL","arf",0.114
"jothr","OBB_CHM","air",0.114
"jothr","OBB_CHM","arf",0.114
"jothr","OBB_KAZ","air",0.132
"jothr","OBB_KAZ","arf",0.132
"jothr","OBB_RUS","air",0.09
"jothr","OBB_RUS","arf",0.09
"jothr","ODE_RUS","air",0.09
"jothr","ODE_RUS","arf",0.09
"jothr","OHI_USA","air",0.09
"jothr","OHI_USA","arf",0.09
"jothr","OIO_OIO","air",0.114
"jothr","OIO_OIO","arf",0.114
"jothr","OPO_OPO","air",0.114
"jothr","OPO_OPO","arf",0.114
"jothr","ORA_ZAF","air",0.114
"jothr","ORA_ZAF","arf",0.114
"jothr","ORI_COL","air",0.108
"jothr","ORI_COL","arf",0.108
"jothr","ORI_VEN","air",0.12
"jothr","ORI_VEN","arf",0.12
"jothr","PAO_PNG","air",0.114
"jothr","PAO_PNG","arf",0.114
"jothr","PAR_ARG","air",0.06
"jothr","PAR_ARG","arf",0.06
"jothr","PAR_BOL","air",0.12
"jothr","PAR_BOL","arf",0.12
"jothr","PAR_BRA","air",0.102
"jothr","PAR_BRA","arf",0.102
"jothr","PAR_PRY","air",0.12
"jothr","PAR_PRY","arf",0.12
"jothr","PEC_PER","air",0.12
"jothr","PEC_PER","arf",0.12
"jothr","PHI_PHL","air",0.096
"jothr","PHI_PHL","arf",0.096
"jothr","PRT_PRT","air",0.084
"jothr","PRT_PRT","arf",0.084
"jothr","RAP_RAP","air",0.084
"jothr","RAP_RAP","arf",0.084
"jothr","RHI_CHP","air",0.084
"jothr","RHI_CHP","arf",0.084
"jothr","RHI_FRP","air",0.084
"jothr","RHI_FRP","arf",0.084
"jothr","RHO_FRP","air",0.084
"jothr","RHO_FRP","arf",0.084
"jothr","RIC_ARG","air",0.06
"jothr","RIC_ARG","arf",0.06
"jothr","RIG_MEX","air",0.114
"jothr","RIG_MEX","arf",0.114
"jothr","RIG_USA","air",0.09
"jothr","RIG_USA","arf",0.09
"jothr","RRS_RUS","air",0.09
"jothr","RRS_RUS","arf",0.09
"jothr","RVE_VEN","air",0.12
"jothr","RVE_VEN","arf",0.12
"jothr","RVN_VNM","air",0.102
"jothr","RVN_VNM","arf",0.102
"jothr","RWI_CAN","air",0.114
"jothr","RWI_CAN","arf",0.114
"jothr","RWI_USA","air",0.09
"jothr","RWI_USA","arf",0.09
"jothr","SAC_SWZ","air",0.162
"jothr","SAC_SWZ","arf",0.162
"jothr","SAC_ZAF","air",0.114
"jothr","SAC_ZAF","arf",0.114
"jothr","SAF_MOZ","air",0.162
"jothr","SAF_MOZ","arf",0.162
"jothr","SAF_TZA","air",0.162
"jothr","SAF_TZA","arf",0.162
"jothr","SAF_ZWE","air",0.162
"jothr","SAF_ZWE","arf",0.162
"jothr","SAH_DZA","air",0.084
"jothr","SAH_DZA","arf",0.084
"jothr","SAH_EGY","air",0.114
"jothr","SAH_EGY","arf",0.114
"jothr","SAH_LBY","air",0.084
"jothr","SAH_LBY","arf",0.084
"jothr","SAH_MLI","air",0.132
"jothr","SAH_MLI","arf",0.132
"jothr","SAH_MOR","air",0.084
"jothr","SAH_MOR","arf",0.084
"jothr","SAL_ARG","air",0.06
"jothr","SAL_ARG","arf",0.06
"jothr","SAN_BRA","air",0.102
"jothr","SAN_BRA","arf",0.102
"jothr","SAY_IND","air",0.126
"jothr","SAY_IND","arf",0.126
"jothr","SEI_FRP","air",0.084
"jothr","SEI_FRP","arf",0.084
"jothr","SEN_GIN","air",0.126
"jothr","SEN_GIN","arf",0.126
"jothr","SEN_MLI","air",0.132
"jothr","SEN_MLI","arf",0.132
"jothr","SEN_SEN","air",0.126
"jothr","SEN_SEN","arf",0.126
"jothr","SEU_USA","air",0.09
"jothr","SEU_USA","arf",0.09
"jothr","SKP_KOR","air",0.096
"jothr","SKP_KOR","arf",0.096
"jothr","SLB_SLB","air",0.114
"jothr","SLB_SLB","arf",0.114
"jothr","SLV_SLV","air",0.12
"jothr","SLV_SLV","arf",0.12
"jothr","SON_CHM","air",0.114
"jothr","SON_CHM","arf",0.114
"jothr","SPP_SPP","air",0.084
"jothr","SPP_SPP","arf",0.084
"jothr","SRL_LKA","air",0.12
"jothr","SRL_LKA","arf",0.12
"jothr","SYD_KAZ","air",0.132
"jothr","SYD_KAZ","arf",0.132
"jothr","SYD_KGZ","air",0.132
"jothr","SYD_KGZ","arf",0.132
"jothr","SYD_TJK","air",0.132
"jothr","SYD_TJK","arf",0.132
"jothr","SYD_UZB","air",0.132
"jothr","SYD_UZB","arf",0.132
"jothr","TIE_ARG","air",0.06
"jothr","TIE_ARG","arf",0.06
"jothr","TIG_IRN","air",0.084
"jothr","TIG_IRN","arf",0.084
"jothr","TIG_IRQ","air",0.084
"jothr","TIG_IRQ","arf",0.084
"jothr","TIG_SYR","air",0.084
"jothr","TIG_SYR","arf",0.084
"jothr","TIG_TUR","air",0.096
"jothr","TIG_TUR","arf",0.096
"jothr","TMM_BGD","air",0.138
"jothr","TMM_BGD","arf",0.138
"jothr","TMM_MMR","air",0.09
"jothr","TMM_MMR","arf",0.09
"jothr","TMM_MYS","air",0.066
"jothr","TMM_MYS","arf",0.066
"jothr","TMM_OSA","air",0.096
"jothr","TMM_OSA","arf",0.096
"jothr","TMM_THA","air",0.096
"jothr","TMM_THA","arf",0.096
"jothr","TOC_BRA","air",0.102
"jothr","TOC_BRA","arf",0.102
"jothr","TWN_CHM","air",0.114
"jothr","TWN_CHM","arf",0.114
"jothr","UME_MEX","air",0.114
"jothr","UME_MEX","arf",0.114
"jothr","UMO_MNG","air",0.12
"jothr","UMO_MNG","arf",0.12
"jothr","UMO_RUS","air",0.09
"jothr","UMO_RUS","arf",0.09
"jothr","URA_KAZ","air",0.132
"jothr","URA_KAZ","arf",0.132
"jothr","URA_RUS","air",0.09
"jothr","URA_RUS","arf",0.09
"jothr","URA_TKM","air",0.132
"jothr","URA_TKM","arf",0.132
"jothr","URU_BRA","air",0.102
"jothr","URU_BRA","arf",0.102
"jothr","USN_USA","air",0.09
"jothr","USN_USA","arf",0.09
"jothr","VOG_RUS","air",0.09
"jothr","VOG_RUS","arf",0.09
"jothr","VOT_BEN","air",0.126
"jothr","VOT_BEN","arf",0.126
"jothr","VOT_BFA","air",0.132
"jothr","VOT_BFA","arf",0.132
"jothr","VOT_CIV","air",0.126
"jothr","VOT_CIV","arf",0.126
"jothr","VOT_GHA","air",0.126
"jothr","VOT_GHA","arf",0.126
"jothr","VOT_MLI","air",0.132
"jothr","VOT_MLI","arf",0.132
"jothr","WAC_CIV","air",0.126
"jothr","WAC_CIV","arf",0.126
"jothr","WAC_GIN","air",0.126
"jothr","WAC_GIN","arf",0.126
"jothr","WAC_GNB","air",0.126
"jothr","WAC_GNB","arf",0.126
"jothr","WAC_LBR","air",0.126
"jothr","WAC_LBR","arf",0.126
"jothr","WAC_SEN","air",0.126
"jothr","WAC_SEN","arf",0.126
"jothr","WAC_SLE","air",0.126
"jothr","WAC_SLE","arf",0.126
"jothr","WAI_AFG","air",0.12
"jothr","WAI_AFG","arf",0.12
"jothr","WAI_IRN","air",0.084
"jothr","WAI_IRN","arf",0.084
"jothr","WAI_PAK","air",0.108
"jothr","WAI_PAK","arf",0.108
"jothr","WAI_TKM","air",0.132
"jothr","WAI_TKM","arf",0.132
"jothr","WAU_AUS","air",0.078
"jothr","WAU_AUS","arf",0.078
"jothr","WGM_USA","air",0.09
"jothr","WGM_USA","arf",0.09
"jothr","YEM_YEM","air",0.084
"jothr","YEM_YEM","arf",0.084
"jothr","YEN_RUS","air",0.09
"jothr","YEN_RUS","arf",0.09
"jothr","YHE_CHM","air",0.114
"jothr","YHE_CHM","arf",0.114
"jothr","YRD_CHM","air",0.114
"jothr","YRD_CHM","arf",0.114
"jothr","YRD_VNM","air",0.102
"jothr","YRD_VNM","arf",0.102
"jothr","YUC_MEX","air",0.114
"jothr","YUC_MEX","arf",0.114
"jothr","ZAM_AGO","air",0.162
"jothr","ZAM_AGO","arf",0.162
"jothr","ZAM_MOZ","air",0.162
"jothr","ZAM_MOZ","arf",0.162
"jothr","ZAM_MWI","air",0.162
"jothr","ZAM_MWI","arf",0.162
"jothr","ZAM_TZA","air",0.162
"jothr","ZAM_TZA","arf",0.162
"jothr","ZAM_ZWE","air",0.162
"jothr","ZAM_ZWE","arf",0.162
"jothr","ZHJ_CHM","air",0.114
"jothr","ZHJ_CHM","arf",0.114
"jfodr","ALB_ALB","gir",0.102
"jfodr","ALK_USA","gir",0.09
"jfodr","AMA_BOL","gir",0.12
"jfodr","AMA_COL","gir",0.108
"jfodr","AMA_PER","gir",0.12
"jfodr","AMD_TJK","gir",0.132
"jfodr","AMD_TKM","gir",0.132
"jfodr","AMD_UZB","gir",0.132
"jfodr","AMR_RUS","gir",0.09
"jfodr","ARK_USA","gir",0.09
"jfodr","ARM_ARM","gir",0.09
"jfodr","BAL_RUS","gir",0.09
"jfodr","BLA_RUS","gir",0.09
"jfodr","BLA_UKR","gir",0.09
"jfodr","CAL_USA","gir",0.09
"jfodr","CAN_CAN","gir",0.114
"jfodr","CAU_AUS","gir",0.078
"jfodr","CHC_CHL","gir",0.12
"jfodr","CHU_KAZ","gir",0.132
"jfodr","CHU_KGZ","gir",0.132
"jfodr","COB_USA","gir",0.09
"jfodr","COL_USA","gir",0.09
"jfodr","CRI_CRI","gir",0.12
"jfodr","DAN_AUT","gir",0.084
"jfodr","DAN_BGR","gir",0.102
"jfodr","DAN_OBN","gir",0.102
"jfodr","DAN_ROU","gir",0.102
"jfodr","DAN_SVK","gir",0.102
"jfodr","DAN_SVN","gir",0.102
"jfodr","DAN_UKR","gir",0.09
"jfodr","DNI_RUS","gir",0.09
"jfodr","DNI_UKR","gir",0.09
"jfodr","DOM_DOM","gir",0.12
"jfodr","EAU_AUS","gir",0.078
"jfodr","ELB_DNK","gir",0.084
"jfodr","EME_CYP","gir",0.084
"jfodr","EME_EGY","gir",0.114
"jfodr","EME_SYR","gir",0.084
"jfodr","GAN_NPL","gir",0.12
"jfodr","GBA_USA","gir",0.09
"jfodr","GEO_GEO","gir",0.09
"jfodr","GLA_USA","gir",0.09
"jfodr","GRC_GRC","gir",0.102
"jfodr","HWI_USA","gir",0.09
"jfodr","IND_PAK","gir",0.108
"jfodr","ITA_ITP","gir",0.084
"jfodr","JAM_JAM","gir",0.114
"jfodr","KAL_ZAF","gir",0.114
"jfodr","LBA_KAZ","gir",0.132
"jfodr","LBO_FRP","gir",0.084
"jfodr","LIM_BWA","gir",0.162
"jfodr","LIM_ZAF","gir",0.114
"jfodr","LIM_ZWE","gir",0.162
"jfodr","LMO_MNG","gir",0.12
"jfodr","LTZ_KAZ","gir",0.132
"jfodr","MAU_AUS","gir",0.078
"jfodr","MIS_USA","gir",0.09
"jfodr","MOU_USA","gir",0.09
"jfodr","NAC_EGY","gir",0.114
"jfodr","NAC_LBY","gir",0.084
"jfodr","NER_RUS","gir",0.09
"jfodr","NIC_NIC","gir",0.12
"jfodr","NLL_EGY","gir",0.114
"jfodr","NWA_MOR","gir",0.084
"jfodr","NZE_NZL","gir",0.114
"jfodr","OBB_KAZ","gir",0.132
"jfodr","OBB_RUS","gir",0.09
"jfodr","ODE_RUS","gir",0.09
"jfodr","OHI_USA","gir",0.09
"jfodr","ORA_NAM","gir",0.162
"jfodr","ORA_ZAF","gir",0.114
"jfodr","PAN_PAN","gir",0.12
"jfodr","PEC_PER","gir",0.12
"jfodr","RAP_RAP","gir",0.084
"jfodr","RHI_BLX","gir",0.084
"jfodr","RHI_FRP","gir",0.084
"jfodr","RHO_FRP","gir",0.084
"jfodr","RIG_MEX","gir",0.114
"jfodr","RIG_USA","gir",0.09
"jfodr","RRS_RUS","gir",0.09
"jfodr","RWI_CAN","gir",0.114
"jfodr","RWI_USA","gir",0.09
"jfodr","SAC_ZAF","gir",0.114
"jfodr","SAH_EGY","gir",0.114
"jfodr","SAH_LBY","gir",0.084
"jfodr","SAH_MOR","gir",0.084
"jfodr","SAU_SAU","gir",0.084
"jfodr","SEI_FRP","gir",0.084
"jfodr","SEU_USA","gir",0.09
"jfodr","SKP_KOR","gir",0.096
"jfodr","SPP_SPP","gir",0.084
"jfodr","SYD_KAZ","gir",0.132
"jfodr","SYD_KGZ","gir",0.132
"jfodr","SYD_UZB","gir",0.132
"jfodr","TIE_ARG","gir",0.06
"jfodr","TIG_IRN","gir",0.084
"jfodr","TIG_SYR","gir",0.084
"jfodr","UME_MEX","gir",0.114
"jfodr","UMO_MNG","gir",0.12
"jfodr","UMO_RUS","gir",0.09
"jfodr","URA_KAZ","gir",0.132
"jfodr","URA_RUS","gir",0.09
"jfodr","URU_URY","gir",0.12
"jfodr","USN_USA","gir",0.09
"jfodr","VOG_RUS","gir",0.09
"jfodr","WAI_IRN","gir",0.084
"jfodr","WAI_TKM","gir",0.132
"jfodr","WAU_AUS","gir",0.078
"jfodr","WGM_USA","gir",0.09
"jfodr","YEM_YEM","gir",0.084
"jfodr","YEN_RUS","gir",0.09
"jpstr","ALK_USA","gir",0.09
"jpstr","AMA_BRA","gir",0.102
"jpstr","AMD_TJK","gir",0.132
"jpstr","AMD_TKM","gir",0.132
"jpstr","AMD_UZB","gir",0.132
"jpstr","AMR_CHM","gir",0.114
"jpstr","AMR_RUS","gir",0.09
"jpstr","ARK_USA","gir",0.09
"jpstr","BAL_BLT","gir",0.09
"jpstr","BAL_RUS","gir",0.09
"jpstr","BLA_RUS","gir",0.09
"jpstr","BLA_TUR","gir",0.096
"jpstr","BLA_UKR","gir",0.09
"jpstr","CAL_USA","gir",0.09
"jpstr","CAU_AUS","gir",0.078
"jpstr","CHC_CHL","gir",0.12
"jpstr","CHU_KAZ","gir",0.132
"jpstr","CHU_KGZ","gir",0.132
"jpstr","COB_USA","gir",0.09
"jpstr","COL_USA","gir",0.09
"jpstr","CRI_CRI","gir",0.12
"jpstr","DAN_HUN","gir",0.102
"jpstr","DAN_MDA","gir",0.102
"jpstr","DAN_OBN","gir",0.102
"jpstr","DAN_SVN","gir",0.102
"jpstr","DAN_TUR","gir",0.096
"jpstr","DAN_UKR","gir",0.09
"jpstr","DNI_BLR","gir",0.09
"jpstr","DNI_RUS","gir",0.09
"jpstr","DNI_UKR","gir",0.09
"jpstr","EAU_AUS","gir",0.078
"jpstr","EME_TUR","gir",0.096
"jpstr","GBA_USA","gir",0.09
"jpstr","GLA_USA","gir",0.09
"jpstr","GRC_GRC","gir",0.102
"jpstr","HWI_USA","gir",0.09
"jpstr","ITA_ITP","gir",0.084
"jpstr","JAP_JPN","gir",0.084
"jpstr","LBA_KAZ","gir",0.132
"jpstr","LBO_FRP","gir",0.084
"jpstr","LTZ_KAZ","gir",0.132
"jpstr","MAU_AUS","gir",0.078
"jpstr","MIS_USA","gir",0.09
"jpstr","MOU_USA","gir",0.09
"jpstr","NAC_DZA","gir",0.084
"jpstr","NAC_TUN","gir",0.084
"jpstr","NER_RUS","gir",0.09
"jpstr","NWA_MOR","gir",0.084
"jpstr","NZE_NZL","gir",0.114
"jpstr","OBB_KAZ","gir",0.132
"jpstr","OBB_RUS","gir",0.09
"jpstr","ODE_POL","gir",0.102
"jpstr","ODE_RUS","gir",0.09
"jpstr","OHI_USA","gir",0.09
"jpstr","ORI_VEN","gir",0.12
"jpstr","PAN_PAN","gir",0.12
"jpstr","PAR_BRA","gir",0.102
"jpstr","PRT_PRT","gir",0.084
"jpstr","RAP_RAP","gir",0.084
"jpstr","RHI_CHP","gir",0.084
"jpstr","RHI_DEU","gir",0.084
"jpstr","RHI_FRP","gir",0.084
"jpstr","RHI_NLD","gir",0.084
"jpstr","RHO_FRP","gir",0.084
"jpstr","RIG_MEX","gir",0.114
"jpstr","RIG_USA","gir",0.09
"jpstr","RRS_RUS","gir",0.09
"jpstr","RVE_VEN","gir",0.12
"jpstr","RWI_USA","gir",0.09
"jpstr","SAH_MOR","gir",0.084
"jpstr","SEI_FRP","gir",0.084
"jpstr","SEU_USA","gir",0.09
"jpstr","SLV_SLV","gir",0.12
"jpstr","SPP_SPP","gir",0.084
"jpstr","SWE_SWE","gir",0.084
"jpstr","SYD_KAZ","gir",0.132
"jpstr","SYD_KGZ","gir",0.132
"jpstr","SYD_UZB","gir",0.132
"jpstr","TIG_TUR","gir",0.096
"jpstr","UKP_UKP","gir",0.084
"jpstr","UME_MEX","gir",0.114
"jpstr","UMO_RUS","gir",0.09
"jpstr","URA_KAZ","gir",0.132
"jpstr","URA_RUS","gir",0.09
"jpstr","URU_BRA","gir",0.102
"jpstr","URU_URY","gir",0.12
"jpstr","USN_USA","gir",0.09
"jpstr","VOG_RUS","gir",0.09
"jpstr","WAI_TKM","gir",0.132
"jpstr","WAU_AUS","gir",0.078
"jpstr","WGM_USA","gir",0.09
"jpstr","YEN_RUS","gir",0.09
