"C","CC","CTY","Val"
"cbeef","cbeef","ARG",-0.302887770921256
"cbeef","cbeef","ARM",-0.17729798814
"cbeef","cbeef","BGR",-0.232724963722447
"cbeef","cbeef","BLR",-0.253156842490651
"cbeef","cbeef","BLT",-0.253156842490651
"cbeef","cbeef","CHM",-0.35376997010807
"cbeef","cbeef","COL",-0.30141828872498
"cbeef","cbeef","CYP",-0.230091272764645
"cbeef","cbeef","DEU",-0.289975776451971
"cbeef","cbeef","GTM",-0.323654338486389
"cbeef","cbeef","HUN",-0.232724963722447
"cbeef","cbeef","IRL",-0.289925349108818
"cbeef","cbeef","IRN",-0.189127965275508
"cbeef","cbeef","JOR",-0.191597941279001
"cbeef","cbeef","JPN",-0.327964415528638
"cbeef","cbeef","KAZ",-0.252869309983313
"cbeef","cbeef","MNG",-0.148100553588099
"cbeef","cbeef","PAN",-0.323654338486389
"cbeef","cbeef","PER",-0.319546953734502
"cbeef","cbeef","RAP",-0.207140440665935
"cbeef","cbeef","ROU",-0.232724963722447
"cbeef","cbeef","RUS",-0.254120263430906
"cbeef","cbeef","SAU",-0.207140440665935
"cbeef","cbeef","SDN",-0.364592845619606
"cbeef","cbeef","SPP",-0.289951539967305
"cbeef","cbeef","TCD",-0.44875
"cbeef","cbeef","TJK",-0.17729798814
"cbeef","cbeef","TKM",-0.252337401047197
"cbeef","cbeef","UKR",-0.253121215836727
"cbeef","cbeef","VEN",-0.327824012237465
"cbeef","cpork","BLT",0.03
"cbeef","cpork","CYP",0.03
"cbeef","cpork","JPN",0.03
"cbeef","cpork","PAN",0.03
"cbeef","cpork","PER",0.03
"cbeef","cpork","ROU",0.03
"cbeef","cpork","RUS",0.03
"cbeef","clamb","IRN",0.03
"cbeef","clamb","MNG",0.03
"cbeef","clamb","PER",0.03
"cbeef","clamb","RAP",0.03
"cbeef","clamb","ROU",0.03
"cbeef","clamb","SDN",0.03
"cbeef","clamb","TCD",0.03
"cbeef","clamb","TJK",0.03
"cbeef","clamb","TKM",0.03
"cbeef","cpoul","BGR",0.03
"cbeef","cpoul","BLR",0.03
"cbeef","cpoul","BLT",0.03
"cbeef","cpoul","CYP",0.03
"cbeef","cpoul","DEU",0.03
"cbeef","cpoul","GTM",0.03
"cbeef","cpoul","HUN",0.03
"cbeef","cpoul","IRL",0.03
"cbeef","cpoul","JPN",0.03
"cbeef","cpoul","PAN",0.03
"cbeef","cpoul","PER",0.03
"cbeef","cpoul","RAP",0.03
"cbeef","cpoul","ROU",0.03
"cbeef","cpoul","RUS",0.03
"cbeef","cpoul","SPP",0.03
"cbeef","cpoul","TCD",0.03
"cbeef","cpoul","TJK",0.03
"cbeef","cpoul","TKM",0.03
"cbeef","cpoul","UKR",0.03
"cbeef","ceggs","ARG",0.003
"cbeef","ceggs","ARM",0.003
"cbeef","ceggs","BGR",0.003
"cbeef","ceggs","BLR",0.003
"cbeef","ceggs","BLT",0.003
"cbeef","ceggs","CHM",0.003
"cbeef","ceggs","COL",0.003
"cbeef","ceggs","CYP",0.003
"cbeef","ceggs","DEU",0.003
"cbeef","ceggs","GTM",0.003
"cbeef","ceggs","HUN",0.003
"cbeef","ceggs","IRL",0.003
"cbeef","ceggs","IRN",0.003
"cbeef","ceggs","JOR",0.003
"cbeef","ceggs","JPN",0.003
"cbeef","ceggs","KAZ",0.003
"cbeef","ceggs","MNG",0.003
"cbeef","ceggs","PAN",0.003
"cbeef","ceggs","PER",0.003
"cbeef","ceggs","RAP",0.003
"cbeef","ceggs","ROU",0.003
"cbeef","ceggs","RUS",0.003
"cbeef","ceggs","SAU",0.003
"cbeef","ceggs","SDN",0.003
"cbeef","ceggs","SPP",0.003
"cbeef","ceggs","TJK",0.003
"cbeef","ceggs","TKM",0.003
"cbeef","ceggs","UKR",0.003
"cbeef","ceggs","VEN",0.003
"cbeef","cmilk","ARG",0.003
"cbeef","cmilk","ARM",0.003
"cbeef","cmilk","BGR",0.003
"cbeef","cmilk","BLR",0.003
"cbeef","cmilk","BLT",0.003
"cbeef","cmilk","CHM",0.003
"cbeef","cmilk","COL",0.003
"cbeef","cmilk","CYP",0.003
"cbeef","cmilk","DEU",0.003
"cbeef","cmilk","GTM",0.003
"cbeef","cmilk","HUN",0.003
"cbeef","cmilk","IRL",0.003
"cbeef","cmilk","IRN",0.003
"cbeef","cmilk","JOR",0.003
"cbeef","cmilk","JPN",0.003
"cbeef","cmilk","KAZ",0.003
"cbeef","cmilk","MNG",0.003
"cbeef","cmilk","PAN",0.003
"cbeef","cmilk","PER",0.003
"cbeef","cmilk","RAP",0.003
"cbeef","cmilk","ROU",0.003
"cbeef","cmilk","RUS",0.003
"cbeef","cmilk","SAU",0.003
"cbeef","cmilk","SDN",0.003
"cbeef","cmilk","SPP",0.003
"cbeef","cmilk","TCD",0.003
"cbeef","cmilk","TJK",0.003
"cbeef","cmilk","TKM",0.003
"cbeef","cmilk","UKR",0.003
"cbeef","cmilk","VEN",0.003
"cbeef","cgrnd","ARG",0.003
"cbeef","cgrnd","CHM",0.003
"cbeef","cgrnd","COL",0.003
"cbeef","cgrnd","GTM",0.003
"cbeef","cgrnd","HUN",0.003
"cbeef","cgrnd","IRN",0.003
"cbeef","cgrnd","JOR",0.003
"cbeef","cgrnd","JPN",0.003
"cbeef","cgrnd","RAP",0.003
"cbeef","cgrnd","RUS",0.003
"cbeef","cgrnd","SDN",0.003
"cbeef","cgrnd","TCD",0.003
"cbeef","cgrnd","TJK",0.003
"cbeef","cgdol","CHM",0.003
"cbeef","crpol","BGR",0.003
"cbeef","crpol","BLR",0.003
"cbeef","crpol","BLT",0.003
"cbeef","crpol","CHM",0.003
"cbeef","crpol","COL",0.003
"cbeef","crpol","DEU",0.003
"cbeef","crpol","GTM",0.003
"cbeef","crpol","HUN",0.003
"cbeef","crpol","IRL",0.003
"cbeef","crpol","JPN",0.003
"cbeef","crpol","PER",0.003
"cbeef","crpol","RAP",0.003
"cbeef","crpol","ROU",0.003
"cbeef","crpol","RUS",0.003
"cbeef","crpol","SPP",0.003
"cbeef","crpol","UKR",0.003
"cbeef","csoyb","ARG",0.003
"cbeef","csoyb","BLR",0.003
"cbeef","csoyb","CHM",0.003
"cbeef","csoyb","GTM",0.003
"cbeef","csoyb","HUN",0.003
"cbeef","csoyb","IRL",0.003
"cbeef","csoyb","KAZ",0.003
"cbeef","csoyb","RAP",0.003
"cbeef","csoyb","ROU",0.003
"cbeef","csoyb","RUS",0.003
"cbeef","csoyb","SAU",0.003
"cbeef","csoyb","UKR",0.003
"cbeef","csbol","ARG",0.003
"cbeef","csbol","BGR",0.003
"cbeef","csbol","CHM",0.003
"cbeef","csbol","COL",0.003
"cbeef","csbol","CYP",0.003
"cbeef","csbol","DEU",0.003
"cbeef","csbol","GTM",0.003
"cbeef","csbol","IRL",0.003
"cbeef","csbol","IRN",0.003
"cbeef","csbol","JPN",0.003
"cbeef","csbol","PAN",0.003
"cbeef","csbol","PER",0.003
"cbeef","csbol","RAP",0.003
"cbeef","csbol","ROU",0.003
"cbeef","csbol","RUS",0.003
"cbeef","csbol","SAU",0.003
"cbeef","csbol","SPP",0.003
"cbeef","csbol","VEN",0.003
"cbeef","csfol","ARG",0.003
"cbeef","csfol","ARM",0.003
"cbeef","csfol","BGR",0.003
"cbeef","csfol","BLR",0.003
"cbeef","csfol","BLT",0.003
"cbeef","csfol","CHM",0.003
"cbeef","csfol","COL",0.003
"cbeef","csfol","CYP",0.003
"cbeef","csfol","DEU",0.003
"cbeef","csfol","HUN",0.003
"cbeef","csfol","IRN",0.003
"cbeef","csfol","KAZ",0.003
"cbeef","csfol","PER",0.003
"cbeef","csfol","RAP",0.003
"cbeef","csfol","ROU",0.003
"cbeef","csfol","RUS",0.003
"cbeef","csfol","SAU",0.003
"cbeef","csfol","SPP",0.003
"cbeef","csfol","TJK",0.003
"cbeef","csfol","TKM",0.003
"cbeef","csfol","UKR",0.003
"cbeef","csfol","VEN",0.003
"cbeef","cplol","ARG",0.003
"cbeef","cplol","ARM",0.003
"cbeef","cplol","BGR",0.003
"cbeef","cplol","BLR",0.003
"cbeef","cplol","BLT",0.003
"cbeef","cplol","CHM",0.003
"cbeef","cplol","COL",0.003
"cbeef","cplol","CYP",0.003
"cbeef","cplol","DEU",0.003
"cbeef","cplol","GTM",0.003
"cbeef","cplol","HUN",0.003
"cbeef","cplol","IRL",0.003
"cbeef","cplol","IRN",0.003
"cbeef","cplol","JOR",0.003
"cbeef","cplol","JPN",0.003
"cbeef","cplol","KAZ",0.003
"cbeef","cplol","PAN",0.003
"cbeef","cplol","PER",0.003
"cbeef","cplol","RAP",0.003
"cbeef","cplol","ROU",0.003
"cbeef","cplol","RUS",0.003
"cbeef","cplol","SAU",0.003
"cbeef","cplol","SPP",0.003
"cbeef","cplol","TKM",0.003
"cbeef","cplol","UKR",0.003
"cbeef","cplol","VEN",0.003
"cbeef","ctool","ARG",0.003
"cbeef","ctool","BGR",0.003
"cbeef","ctool","BLR",0.003
"cbeef","ctool","BLT",0.003
"cbeef","ctool","CHM",0.003
"cbeef","ctool","COL",0.003
"cbeef","ctool","CYP",0.003
"cbeef","ctool","DEU",0.003
"cbeef","ctool","GTM",0.003
"cbeef","ctool","HUN",0.003
"cbeef","ctool","IRL",0.003
"cbeef","ctool","IRN",0.003
"cbeef","ctool","JOR",0.003
"cbeef","ctool","JPN",0.003
"cbeef","ctool","KAZ",0.003
"cbeef","ctool","PAN",0.003
"cbeef","ctool","PER",0.003
"cbeef","ctool","RAP",0.003
"cbeef","ctool","ROU",0.003
"cbeef","ctool","RUS",0.003
"cbeef","ctool","SAU",0.003
"cbeef","ctool","SPP",0.003
"cbeef","ctool","TCD",0.003
"cbeef","ctool","TJK",0.003
"cbeef","ctool","TKM",0.003
"cbeef","ctool","UKR",0.003
"cbeef","ctool","VEN",0.003
"cpork","cbeef","BLT",0.03
"cpork","cbeef","CYP",0.03
"cpork","cbeef","JPN",0.03
"cpork","cbeef","PAN",0.03
"cpork","cbeef","PER",0.03
"cpork","cbeef","ROU",0.03
"cpork","cbeef","RUS",0.03
"cpork","cpork","BLT",-0.361122814474483
"cpork","cpork","CAN",-0.249982094038124
"cpork","cpork","CYP",-0.0986948073701708
"cpork","cpork","ITP",-0.38999605844153
"cpork","cpork","JPN",-0.402844964971586
"cpork","cpork","MMR",-0.207946514001842
"cpork","cpork","PAN",-0.468367274074974
"cpork","cpork","PER",-0.468348519375078
"cpork","cpork","ROU",-0.35601889478732
"cpork","cpork","RUS",-0.362973668495885
"cpork","clamb","ITP",0.03
"cpork","clamb","PER",0.03
"cpork","clamb","ROU",0.03
"cpork","cpoul","BLT",0.03
"cpork","cpoul","CYP",0.03
"cpork","cpoul","ITP",0.03
"cpork","cpoul","JPN",0.03
"cpork","cpoul","MMR",0.03
"cpork","cpoul","PAN",0.03
"cpork","cpoul","PER",0.03
"cpork","cpoul","ROU",0.03
"cpork","cpoul","RUS",0.03
"cpork","ceggs","BLT",0.003
"cpork","ceggs","CAN",0.003
"cpork","ceggs","CYP",0.003
"cpork","ceggs","ITP",0.003
"cpork","ceggs","JPN",0.003
"cpork","ceggs","MMR",0.003
"cpork","ceggs","PAN",0.003
"cpork","ceggs","PER",0.003
"cpork","ceggs","ROU",0.003
"cpork","ceggs","RUS",0.003
"cpork","cmilk","BLT",0.003
"cpork","cmilk","CAN",0.003
"cpork","cmilk","CYP",0.003
"cpork","cmilk","ITP",0.003
"cpork","cmilk","JPN",0.003
"cpork","cmilk","MMR",0.003
"cpork","cmilk","PAN",0.003
"cpork","cmilk","PER",0.003
"cpork","cmilk","ROU",0.003
"cpork","cmilk","RUS",0.003
"cpork","cgrnd","ITP",0.003
"cpork","cgrnd","JPN",0.003
"cpork","cgrnd","MMR",0.003
"cpork","cgrnd","RUS",0.003
"cpork","crpol","BLT",0.003
"cpork","crpol","CAN",0.003
"cpork","crpol","ITP",0.003
"cpork","crpol","JPN",0.003
"cpork","crpol","MMR",0.003
"cpork","crpol","PER",0.003
"cpork","crpol","ROU",0.003
"cpork","crpol","RUS",0.003
"cpork","csoyb","CAN",0.003
"cpork","csoyb","ROU",0.003
"cpork","csoyb","RUS",0.003
"cpork","csbol","CAN",0.003
"cpork","csbol","CYP",0.003
"cpork","csbol","ITP",0.003
"cpork","csbol","JPN",0.003
"cpork","csbol","PAN",0.003
"cpork","csbol","PER",0.003
"cpork","csbol","ROU",0.003
"cpork","csbol","RUS",0.003
"cpork","csfol","BLT",0.003
"cpork","csfol","CAN",0.003
"cpork","csfol","CYP",0.003
"cpork","csfol","ITP",0.003
"cpork","csfol","MMR",0.003
"cpork","csfol","PER",0.003
"cpork","csfol","ROU",0.003
"cpork","csfol","RUS",0.003
"cpork","cplol","BLT",0.003
"cpork","cplol","CAN",0.003
"cpork","cplol","CYP",0.003
"cpork","cplol","ITP",0.003
"cpork","cplol","JPN",0.003
"cpork","cplol","MMR",0.003
"cpork","cplol","PAN",0.003
"cpork","cplol","PER",0.003
"cpork","cplol","ROU",0.003
"cpork","cplol","RUS",0.003
"cpork","ctool","BLT",0.003
"cpork","ctool","CAN",0.003
"cpork","ctool","CYP",0.003
"cpork","ctool","ITP",0.003
"cpork","ctool","JPN",0.003
"cpork","ctool","MMR",0.003
"cpork","ctool","PAN",0.003
"cpork","ctool","PER",0.003
"cpork","ctool","ROU",0.003
"cpork","ctool","RUS",0.003
"clamb","cbeef","IRN",0.03
"clamb","cbeef","MNG",0.03
"clamb","cbeef","PER",0.03
"clamb","cbeef","RAP",0.03
"clamb","cbeef","ROU",0.03
"clamb","cbeef","SDN",0.03
"clamb","cbeef","TCD",0.03
"clamb","cbeef","TJK",0.03
"clamb","cbeef","TKM",0.03
"clamb","cpork","ITP",0.03
"clamb","cpork","PER",0.03
"clamb","cpork","ROU",0.03
"clamb","clamb","IRN",-0.570052009526452
"clamb","clamb","ITP",-0.407977368697422
"clamb","clamb","KGZ",-0.35957340678061
"clamb","clamb","MNG",-0.490399882622493
"clamb","clamb","PER",-0.373111090535687
"clamb","clamb","RAP",-0.570065271288972
"clamb","clamb","ROU",-0.359978978781962
"clamb","clamb","SDN",-0.372222203705014
"clamb","clamb","TCD",-0.375028663765666
"clamb","clamb","TJK",-0.354032775114429
"clamb","clamb","TKM",-0.355211425711762
"clamb","clamb","USA",-0.207924427942048
"clamb","cpoul","ITP",0.03
"clamb","cpoul","PER",0.03
"clamb","cpoul","RAP",0.03
"clamb","cpoul","ROU",0.03
"clamb","cpoul","TCD",0.03
"clamb","cpoul","TJK",0.03
"clamb","cpoul","TKM",0.03
"clamb","cpoul","USA",0.03
"clamb","ceggs","IRN",0.003
"clamb","ceggs","ITP",0.003
"clamb","ceggs","KGZ",0.003
"clamb","ceggs","MNG",0.003
"clamb","ceggs","PER",0.003
"clamb","ceggs","RAP",0.003
"clamb","ceggs","ROU",0.003
"clamb","ceggs","SDN",0.003
"clamb","ceggs","TJK",0.003
"clamb","ceggs","TKM",0.003
"clamb","ceggs","USA",0.003
"clamb","cmilk","IRN",0.003
"clamb","cmilk","ITP",0.003
"clamb","cmilk","KGZ",0.003
"clamb","cmilk","MNG",0.003
"clamb","cmilk","PER",0.003
"clamb","cmilk","RAP",0.003
"clamb","cmilk","ROU",0.003
"clamb","cmilk","SDN",0.003
"clamb","cmilk","TCD",0.003
"clamb","cmilk","TJK",0.003
"clamb","cmilk","TKM",0.003
"clamb","cmilk","USA",0.003
"clamb","cgrnd","IRN",0.003
"clamb","cgrnd","ITP",0.003
"clamb","cgrnd","RAP",0.003
"clamb","cgrnd","SDN",0.003
"clamb","cgrnd","TCD",0.003
"clamb","cgrnd","TJK",0.003
"clamb","cgrnd","USA",0.003
"clamb","cgdol","USA",0.003
"clamb","crpol","ITP",0.003
"clamb","crpol","PER",0.003
"clamb","crpol","RAP",0.003
"clamb","crpol","ROU",0.003
"clamb","crpol","USA",0.003
"clamb","csoyb","RAP",0.003
"clamb","csoyb","ROU",0.003
"clamb","csoyb","USA",0.003
"clamb","csbol","IRN",0.003
"clamb","csbol","ITP",0.003
"clamb","csbol","PER",0.003
"clamb","csbol","RAP",0.003
"clamb","csbol","ROU",0.003
"clamb","csbol","USA",0.003
"clamb","csfol","IRN",0.003
"clamb","csfol","ITP",0.003
"clamb","csfol","KGZ",0.003
"clamb","csfol","PER",0.003
"clamb","csfol","RAP",0.003
"clamb","csfol","ROU",0.003
"clamb","csfol","TJK",0.003
"clamb","csfol","TKM",0.003
"clamb","csfol","USA",0.003
"clamb","cplol","IRN",0.003
"clamb","cplol","ITP",0.003
"clamb","cplol","KGZ",0.003
"clamb","cplol","PER",0.003
"clamb","cplol","RAP",0.003
"clamb","cplol","ROU",0.003
"clamb","cplol","TKM",0.003
"clamb","cplol","USA",0.003
"clamb","ctool","IRN",0.003
"clamb","ctool","ITP",0.003
"clamb","ctool","PER",0.003
"clamb","ctool","RAP",0.003
"clamb","ctool","ROU",0.003
"clamb","ctool","TCD",0.003
"clamb","ctool","TJK",0.003
"clamb","ctool","TKM",0.003
"clamb","ctool","USA",0.003
"cpoul","cbeef","BGR",0.03
"cpoul","cbeef","BLR",0.03
"cpoul","cbeef","BLT",0.03
"cpoul","cbeef","CYP",0.03
"cpoul","cbeef","DEU",0.03
"cpoul","cbeef","GTM",0.03
"cpoul","cbeef","HUN",0.03
"cpoul","cbeef","IRL",0.03
"cpoul","cbeef","JPN",0.03
"cpoul","cbeef","PAN",0.03
"cpoul","cbeef","PER",0.03
"cpoul","cbeef","RAP",0.03
"cpoul","cbeef","ROU",0.03
"cpoul","cbeef","RUS",0.03
"cpoul","cbeef","SPP",0.03
"cpoul","cbeef","TCD",0.03
"cpoul","cbeef","TJK",0.03
"cpoul","cbeef","TKM",0.03
"cpoul","cbeef","UKR",0.03
"cpoul","cpork","BLT",0.03
"cpoul","cpork","CYP",0.03
"cpoul","cpork","ITP",0.03
"cpoul","cpork","JPN",0.03
"cpoul","cpork","MMR",0.03
"cpoul","cpork","PAN",0.03
"cpoul","cpork","PER",0.03
"cpoul","cpork","ROU",0.03
"cpoul","cpork","RUS",0.03
"cpoul","clamb","ITP",0.03
"cpoul","clamb","PER",0.03
"cpoul","clamb","RAP",0.03
"cpoul","clamb","ROU",0.03
"cpoul","clamb","TCD",0.03
"cpoul","clamb","TJK",0.03
"cpoul","clamb","TKM",0.03
"cpoul","clamb","USA",0.03
"cpoul","cpoul","AUT",-0.253445690049546
"cpoul","cpoul","BGR",-0.246622659569812
"cpoul","cpoul","BLR",-0.261541695873708
"cpoul","cpoul","BLT",-0.261541695873708
"cpoul","cpoul","BLX",-0.246673573372399
"cpoul","cpoul","BRA",-0.30424159026178
"cpoul","cpoul","CYP",-0.258099897628484
"cpoul","cpoul","CZE",-0.246622659569812
"cpoul","cpoul","DEU",-0.24692817022616
"cpoul","cpoul","DNK",-0.252617306229849
"cpoul","cpoul","FJI",-0.269486765608214
"cpoul","cpoul","FNP",-0.252617306229849
"cpoul","cpoul","FRP",-0.246532685361048
"cpoul","cpoul","GRC",-0.246919536353555
"cpoul","cpoul","GTM",-0.325964459191874
"cpoul","cpoul","HUN",-0.246622659569812
"cpoul","cpoul","IRL",-0.245690117963935
"cpoul","cpoul","ISR",-0.253276661498471
"cpoul","cpoul","ITP",-0.247202381743267
"cpoul","cpoul","JPN",-0.262126619962114
"cpoul","cpoul","MMR",-0.223078252901622
"cpoul","cpoul","NLD",-0.247102324225737
"cpoul","cpoul","NOR",-0.252617306229849
"cpoul","cpoul","NZL",-0.251443268848203
"cpoul","cpoul","OBN",-0.246919536353555
"cpoul","cpoul","PAN",-0.325964459191874
"cpoul","cpoul","PER",-0.325678142843991
"cpoul","cpoul","POL",-0.24751662153492
"cpoul","cpoul","PRT",-0.246219267542512
"cpoul","cpoul","RAP",-0.257251436536346
"cpoul","cpoul","ROU",-0.246622659569812
"cpoul","cpoul","RUS",-0.26220976198395
"cpoul","cpoul","SPP",-0.246219267542512
"cpoul","cpoul","SVK",-0.246622659569812
"cpoul","cpoul","SVN",-0.246919536353555
"cpoul","cpoul","SWE",-0.252617306229849
"cpoul","cpoul","TCD",-0.301597130200581
"cpoul","cpoul","THA",-0.1593634582771
"cpoul","cpoul","TJK",-0.26029894444987
"cpoul","cpoul","TKM",-0.257883810811474
"cpoul","cpoul","UKP",-0.245690117963935
"cpoul","cpoul","UKR",-0.261309238509299
"cpoul","cpoul","URY",-0.327638844475222
"cpoul","cpoul","USA",-0.217969472845169
"cpoul","ceggs","AUT",0.003
"cpoul","ceggs","BGR",0.003
"cpoul","ceggs","BLR",0.003
"cpoul","ceggs","BLT",0.003
"cpoul","ceggs","BLX",0.003
"cpoul","ceggs","BRA",0.003
"cpoul","ceggs","CYP",0.003
"cpoul","ceggs","CZE",0.003
"cpoul","ceggs","DEU",0.003
"cpoul","ceggs","DNK",0.003
"cpoul","ceggs","FJI",0.003
"cpoul","ceggs","FNP",0.003
"cpoul","ceggs","FRP",0.003
"cpoul","ceggs","GRC",0.003
"cpoul","ceggs","GTM",0.003
"cpoul","ceggs","HUN",0.003
"cpoul","ceggs","IRL",0.003
"cpoul","ceggs","ISR",0.003
"cpoul","ceggs","ITP",0.003
"cpoul","ceggs","JPN",0.003
"cpoul","ceggs","MMR",0.003
"cpoul","ceggs","NLD",0.003
"cpoul","ceggs","NOR",0.003
"cpoul","ceggs","NZL",0.003
"cpoul","ceggs","OBN",0.003
"cpoul","ceggs","PAN",0.003
"cpoul","ceggs","PER",0.003
"cpoul","ceggs","POL",0.003
"cpoul","ceggs","PRT",0.003
"cpoul","ceggs","RAP",0.003
"cpoul","ceggs","ROU",0.003
"cpoul","ceggs","RUS",0.003
"cpoul","ceggs","SPP",0.003
"cpoul","ceggs","SVK",0.003
"cpoul","ceggs","SVN",0.003
"cpoul","ceggs","SWE",0.003
"cpoul","ceggs","THA",0.003
"cpoul","ceggs","TJK",0.003
"cpoul","ceggs","TKM",0.003
"cpoul","ceggs","UKP",0.003
"cpoul","ceggs","UKR",0.003
"cpoul","ceggs","URY",0.003
"cpoul","ceggs","USA",0.003
"cpoul","cmilk","AUT",0.003
"cpoul","cmilk","BGR",0.003
"cpoul","cmilk","BLR",0.003
"cpoul","cmilk","BLT",0.003
"cpoul","cmilk","BLX",0.003
"cpoul","cmilk","BRA",0.003
"cpoul","cmilk","CYP",0.003
"cpoul","cmilk","CZE",0.003
"cpoul","cmilk","DEU",0.003
"cpoul","cmilk","DNK",0.003
"cpoul","cmilk","FJI",0.003
"cpoul","cmilk","FNP",0.003
"cpoul","cmilk","FRP",0.003
"cpoul","cmilk","GRC",0.003
"cpoul","cmilk","GTM",0.003
"cpoul","cmilk","HUN",0.003
"cpoul","cmilk","IRL",0.003
"cpoul","cmilk","ISR",0.003
"cpoul","cmilk","ITP",0.003
"cpoul","cmilk","JPN",0.003
"cpoul","cmilk","MMR",0.003
"cpoul","cmilk","NLD",0.003
"cpoul","cmilk","NOR",0.003
"cpoul","cmilk","NZL",0.003
"cpoul","cmilk","OBN",0.003
"cpoul","cmilk","PAN",0.003
"cpoul","cmilk","PER",0.003
"cpoul","cmilk","POL",0.003
"cpoul","cmilk","PRT",0.003
"cpoul","cmilk","RAP",0.003
"cpoul","cmilk","ROU",0.003
"cpoul","cmilk","RUS",0.003
"cpoul","cmilk","SPP",0.003
"cpoul","cmilk","SVK",0.003
"cpoul","cmilk","SVN",0.003
"cpoul","cmilk","SWE",0.003
"cpoul","cmilk","TCD",0.003
"cpoul","cmilk","THA",0.003
"cpoul","cmilk","TJK",0.003
"cpoul","cmilk","TKM",0.003
"cpoul","cmilk","UKP",0.003
"cpoul","cmilk","UKR",0.003
"cpoul","cmilk","URY",0.003
"cpoul","cmilk","USA",0.003
"cpoul","cgrnd","BLX",0.003
"cpoul","cgrnd","BRA",0.003
"cpoul","cgrnd","CZE",0.003
"cpoul","cgrnd","DNK",0.003
"cpoul","cgrnd","GRC",0.003
"cpoul","cgrnd","GTM",0.003
"cpoul","cgrnd","HUN",0.003
"cpoul","cgrnd","ISR",0.003
"cpoul","cgrnd","ITP",0.003
"cpoul","cgrnd","JPN",0.003
"cpoul","cgrnd","MMR",0.003
"cpoul","cgrnd","NLD",0.003
"cpoul","cgrnd","POL",0.003
"cpoul","cgrnd","PRT",0.003
"cpoul","cgrnd","RAP",0.003
"cpoul","cgrnd","RUS",0.003
"cpoul","cgrnd","SVK",0.003
"cpoul","cgrnd","TCD",0.003
"cpoul","cgrnd","TJK",0.003
"cpoul","cgrnd","URY",0.003
"cpoul","cgrnd","USA",0.003
"cpoul","cgdol","BLX",0.003
"cpoul","cgdol","POL",0.003
"cpoul","cgdol","PRT",0.003
"cpoul","cgdol","USA",0.003
"cpoul","crpol","AUT",0.003
"cpoul","crpol","BGR",0.003
"cpoul","crpol","BLR",0.003
"cpoul","crpol","BLT",0.003
"cpoul","crpol","BLX",0.003
"cpoul","crpol","BRA",0.003
"cpoul","crpol","CZE",0.003
"cpoul","crpol","DEU",0.003
"cpoul","crpol","DNK",0.003
"cpoul","crpol","FNP",0.003
"cpoul","crpol","FRP",0.003
"cpoul","crpol","GRC",0.003
"cpoul","crpol","GTM",0.003
"cpoul","crpol","HUN",0.003
"cpoul","crpol","IRL",0.003
"cpoul","crpol","ISR",0.003
"cpoul","crpol","ITP",0.003
"cpoul","crpol","JPN",0.003
"cpoul","crpol","MMR",0.003
"cpoul","crpol","NLD",0.003
"cpoul","crpol","NOR",0.003
"cpoul","crpol","NZL",0.003
"cpoul","crpol","OBN",0.003
"cpoul","crpol","PER",0.003
"cpoul","crpol","POL",0.003
"cpoul","crpol","PRT",0.003
"cpoul","crpol","RAP",0.003
"cpoul","crpol","ROU",0.003
"cpoul","crpol","RUS",0.003
"cpoul","crpol","SPP",0.003
"cpoul","crpol","SVK",0.003
"cpoul","crpol","SVN",0.003
"cpoul","crpol","SWE",0.003
"cpoul","crpol","THA",0.003
"cpoul","crpol","UKP",0.003
"cpoul","crpol","UKR",0.003
"cpoul","crpol","URY",0.003
"cpoul","crpol","USA",0.003
"cpoul","csoyb","AUT",0.003
"cpoul","csoyb","BLR",0.003
"cpoul","csoyb","BRA",0.003
"cpoul","csoyb","CZE",0.003
"cpoul","csoyb","DNK",0.003
"cpoul","csoyb","FNP",0.003
"cpoul","csoyb","GTM",0.003
"cpoul","csoyb","HUN",0.003
"cpoul","csoyb","IRL",0.003
"cpoul","csoyb","ISR",0.003
"cpoul","csoyb","NLD",0.003
"cpoul","csoyb","NOR",0.003
"cpoul","csoyb","OBN",0.003
"cpoul","csoyb","PRT",0.003
"cpoul","csoyb","RAP",0.003
"cpoul","csoyb","ROU",0.003
"cpoul","csoyb","RUS",0.003
"cpoul","csoyb","SVK",0.003
"cpoul","csoyb","SVN",0.003
"cpoul","csoyb","SWE",0.003
"cpoul","csoyb","UKP",0.003
"cpoul","csoyb","UKR",0.003
"cpoul","csoyb","URY",0.003
"cpoul","csoyb","USA",0.003
"cpoul","csbol","AUT",0.003
"cpoul","csbol","BGR",0.003
"cpoul","csbol","BLX",0.003
"cpoul","csbol","BRA",0.003
"cpoul","csbol","CYP",0.003
"cpoul","csbol","CZE",0.003
"cpoul","csbol","DEU",0.003
"cpoul","csbol","DNK",0.003
"cpoul","csbol","FNP",0.003
"cpoul","csbol","GRC",0.003
"cpoul","csbol","GTM",0.003
"cpoul","csbol","IRL",0.003
"cpoul","csbol","ISR",0.003
"cpoul","csbol","ITP",0.003
"cpoul","csbol","JPN",0.003
"cpoul","csbol","NLD",0.003
"cpoul","csbol","NOR",0.003
"cpoul","csbol","NZL",0.003
"cpoul","csbol","OBN",0.003
"cpoul","csbol","PAN",0.003
"cpoul","csbol","PER",0.003
"cpoul","csbol","POL",0.003
"cpoul","csbol","PRT",0.003
"cpoul","csbol","RAP",0.003
"cpoul","csbol","ROU",0.003
"cpoul","csbol","RUS",0.003
"cpoul","csbol","SPP",0.003
"cpoul","csbol","SVN",0.003
"cpoul","csbol","SWE",0.003
"cpoul","csbol","THA",0.003
"cpoul","csbol","UKP",0.003
"cpoul","csbol","USA",0.003
"cpoul","csfol","AUT",0.003
"cpoul","csfol","BGR",0.003
"cpoul","csfol","BLR",0.003
"cpoul","csfol","BLT",0.003
"cpoul","csfol","BLX",0.003
"cpoul","csfol","CYP",0.003
"cpoul","csfol","CZE",0.003
"cpoul","csfol","DEU",0.003
"cpoul","csfol","DNK",0.003
"cpoul","csfol","FRP",0.003
"cpoul","csfol","GRC",0.003
"cpoul","csfol","HUN",0.003
"cpoul","csfol","ISR",0.003
"cpoul","csfol","ITP",0.003
"cpoul","csfol","MMR",0.003
"cpoul","csfol","NLD",0.003
"cpoul","csfol","NZL",0.003
"cpoul","csfol","OBN",0.003
"cpoul","csfol","PER",0.003
"cpoul","csfol","PRT",0.003
"cpoul","csfol","RAP",0.003
"cpoul","csfol","ROU",0.003
"cpoul","csfol","RUS",0.003
"cpoul","csfol","SPP",0.003
"cpoul","csfol","SVK",0.003
"cpoul","csfol","SVN",0.003
"cpoul","csfol","TJK",0.003
"cpoul","csfol","TKM",0.003
"cpoul","csfol","UKP",0.003
"cpoul","csfol","UKR",0.003
"cpoul","csfol","URY",0.003
"cpoul","csfol","USA",0.003
"cpoul","cplol","AUT",0.003
"cpoul","cplol","BGR",0.003
"cpoul","cplol","BLR",0.003
"cpoul","cplol","BLT",0.003
"cpoul","cplol","BLX",0.003
"cpoul","cplol","BRA",0.003
"cpoul","cplol","CYP",0.003
"cpoul","cplol","CZE",0.003
"cpoul","cplol","DEU",0.003
"cpoul","cplol","DNK",0.003
"cpoul","cplol","FJI",0.003
"cpoul","cplol","FNP",0.003
"cpoul","cplol","FRP",0.003
"cpoul","cplol","GRC",0.003
"cpoul","cplol","GTM",0.003
"cpoul","cplol","HUN",0.003
"cpoul","cplol","IRL",0.003
"cpoul","cplol","ITP",0.003
"cpoul","cplol","JPN",0.003
"cpoul","cplol","MMR",0.003
"cpoul","cplol","NLD",0.003
"cpoul","cplol","NOR",0.003
"cpoul","cplol","NZL",0.003
"cpoul","cplol","OBN",0.003
"cpoul","cplol","PAN",0.003
"cpoul","cplol","PER",0.003
"cpoul","cplol","POL",0.003
"cpoul","cplol","PRT",0.003
"cpoul","cplol","RAP",0.003
"cpoul","cplol","ROU",0.003
"cpoul","cplol","RUS",0.003
"cpoul","cplol","SPP",0.003
"cpoul","cplol","SVK",0.003
"cpoul","cplol","SVN",0.003
"cpoul","cplol","SWE",0.003
"cpoul","cplol","THA",0.003
"cpoul","cplol","TKM",0.003
"cpoul","cplol","UKP",0.003
"cpoul","cplol","UKR",0.003
"cpoul","cplol","URY",0.003
"cpoul","cplol","USA",0.003
"cpoul","ctool","AUT",0.003
"cpoul","ctool","BGR",0.003
"cpoul","ctool","BLR",0.003
"cpoul","ctool","BLT",0.003
"cpoul","ctool","BLX",0.003
"cpoul","ctool","BRA",0.003
"cpoul","ctool","CYP",0.003
"cpoul","ctool","CZE",0.003
"cpoul","ctool","DEU",0.003
"cpoul","ctool","DNK",0.003
"cpoul","ctool","FJI",0.003
"cpoul","ctool","FNP",0.003
"cpoul","ctool","FRP",0.003
"cpoul","ctool","GRC",0.003
"cpoul","ctool","GTM",0.003
"cpoul","ctool","HUN",0.003
"cpoul","ctool","IRL",0.003
"cpoul","ctool","ISR",0.003
"cpoul","ctool","ITP",0.003
"cpoul","ctool","JPN",0.003
"cpoul","ctool","MMR",0.003
"cpoul","ctool","NLD",0.003
"cpoul","ctool","NOR",0.003
"cpoul","ctool","NZL",0.003
"cpoul","ctool","OBN",0.003
"cpoul","ctool","PAN",0.003
"cpoul","ctool","PER",0.003
"cpoul","ctool","POL",0.003
"cpoul","ctool","PRT",0.003
"cpoul","ctool","RAP",0.003
"cpoul","ctool","ROU",0.003
"cpoul","ctool","RUS",0.003
"cpoul","ctool","SPP",0.003
"cpoul","ctool","SVK",0.003
"cpoul","ctool","SVN",0.003
"cpoul","ctool","SWE",0.003
"cpoul","ctool","TCD",0.003
"cpoul","ctool","THA",0.003
"cpoul","ctool","TJK",0.003
"cpoul","ctool","TKM",0.003
"cpoul","ctool","UKP",0.003
"cpoul","ctool","UKR",0.003
"cpoul","ctool","URY",0.003
"cpoul","ctool","USA",0.003
"ceggs","cbeef","ARG",0.003
"ceggs","cbeef","ARM",0.003
"ceggs","cbeef","BGR",0.003
"ceggs","cbeef","BLR",0.003
"ceggs","cbeef","BLT",0.003
"ceggs","cbeef","CHM",0.003
"ceggs","cbeef","COL",0.003
"ceggs","cbeef","CYP",0.003
"ceggs","cbeef","DEU",0.003
"ceggs","cbeef","GTM",0.003
"ceggs","cbeef","HUN",0.003
"ceggs","cbeef","IRL",0.003
"ceggs","cbeef","IRN",0.003
"ceggs","cbeef","JOR",0.003
"ceggs","cbeef","JPN",0.003
"ceggs","cbeef","KAZ",0.003
"ceggs","cbeef","MNG",0.003
"ceggs","cbeef","PAN",0.003
"ceggs","cbeef","PER",0.003
"ceggs","cbeef","RAP",0.003
"ceggs","cbeef","ROU",0.003
"ceggs","cbeef","RUS",0.003
"ceggs","cbeef","SAU",0.003
"ceggs","cbeef","SDN",0.003
"ceggs","cbeef","SPP",0.003
"ceggs","cbeef","TJK",0.003
"ceggs","cbeef","TKM",0.003
"ceggs","cbeef","UKR",0.003
"ceggs","cbeef","VEN",0.003
"ceggs","cpork","BLT",0.003
"ceggs","cpork","CAN",0.003
"ceggs","cpork","CYP",0.003
"ceggs","cpork","ITP",0.003
"ceggs","cpork","JPN",0.003
"ceggs","cpork","MMR",0.003
"ceggs","cpork","PAN",0.003
"ceggs","cpork","PER",0.003
"ceggs","cpork","ROU",0.003
"ceggs","cpork","RUS",0.003
"ceggs","clamb","IRN",0.003
"ceggs","clamb","ITP",0.003
"ceggs","clamb","KGZ",0.003
"ceggs","clamb","MNG",0.003
"ceggs","clamb","PER",0.003
"ceggs","clamb","RAP",0.003
"ceggs","clamb","ROU",0.003
"ceggs","clamb","SDN",0.003
"ceggs","clamb","TJK",0.003
"ceggs","clamb","TKM",0.003
"ceggs","clamb","USA",0.003
"ceggs","cpoul","AUT",0.003
"ceggs","cpoul","BGR",0.003
"ceggs","cpoul","BLR",0.003
"ceggs","cpoul","BLT",0.003
"ceggs","cpoul","BLX",0.003
"ceggs","cpoul","BRA",0.003
"ceggs","cpoul","CYP",0.003
"ceggs","cpoul","CZE",0.003
"ceggs","cpoul","DEU",0.003
"ceggs","cpoul","DNK",0.003
"ceggs","cpoul","FJI",0.003
"ceggs","cpoul","FNP",0.003
"ceggs","cpoul","FRP",0.003
"ceggs","cpoul","GRC",0.003
"ceggs","cpoul","GTM",0.003
"ceggs","cpoul","HUN",0.003
"ceggs","cpoul","IRL",0.003
"ceggs","cpoul","ISR",0.003
"ceggs","cpoul","ITP",0.003
"ceggs","cpoul","JPN",0.003
"ceggs","cpoul","MMR",0.003
"ceggs","cpoul","NLD",0.003
"ceggs","cpoul","NOR",0.003
"ceggs","cpoul","NZL",0.003
"ceggs","cpoul","OBN",0.003
"ceggs","cpoul","PAN",0.003
"ceggs","cpoul","PER",0.003
"ceggs","cpoul","POL",0.003
"ceggs","cpoul","PRT",0.003
"ceggs","cpoul","RAP",0.003
"ceggs","cpoul","ROU",0.003
"ceggs","cpoul","RUS",0.003
"ceggs","cpoul","SPP",0.003
"ceggs","cpoul","SVK",0.003
"ceggs","cpoul","SVN",0.003
"ceggs","cpoul","SWE",0.003
"ceggs","cpoul","THA",0.003
"ceggs","cpoul","TJK",0.003
"ceggs","cpoul","TKM",0.003
"ceggs","cpoul","UKP",0.003
"ceggs","cpoul","UKR",0.003
"ceggs","cpoul","URY",0.003
"ceggs","cpoul","USA",0.003
"ceggs","ceggs","AFG",-0.32
"ceggs","ceggs","AGO",-0.174972185427069
"ceggs","ceggs","ALB",-0.148171528165771
"ceggs","ceggs","ARG",-0.203120611863319
"ceggs","ceggs","ARM",-0.0584308368727509
"ceggs","ceggs","AUS",-0.0649689354858594
"ceggs","ceggs","AUT",-0.334981496310114
"ceggs","ceggs","AZE",-0.0584308368727509
"ceggs","ceggs","BEN",-0.22499109364704
"ceggs","ceggs","BFA",-0.274979654181446
"ceggs","ceggs","BGD",-0.317449100264134
"ceggs","ceggs","BGR",-0.148266639026626
"ceggs","ceggs","BLR",-0.0583377004287964
"ceggs","ceggs","BLT",-0.0583377004287964
"ceggs","ceggs","BLX",-0.334984245405033
"ceggs","ceggs","BLZ",-0.222177366290733
"ceggs","ceggs","BOL",-0.223213620708312
"ceggs","ceggs","BRA",-0.223961474345519
"ceggs","ceggs","CAN",-0.0824715778382912
"ceggs","ceggs","CHL",-0.223418189339205
"ceggs","ceggs","CHM",-0.253896545072968
"ceggs","ceggs","CHP",-0.334981496310114
"ceggs","ceggs","CIV",-0.225
"ceggs","ceggs","CMR",-0.224986719361592
"ceggs","ceggs","COD",-0.224988360053812
"ceggs","ceggs","COL",-0.221859062873542
"ceggs","ceggs","CRB",-0.339486765608213
"ceggs","ceggs","CRI",-0.222177366290733
"ceggs","ceggs","CUB",-0.222177366290733
"ceggs","ceggs","CYP",-0.181809228738579
"ceggs","ceggs","CZE",-0.148266639026626
"ceggs","ceggs","DEU",-0.334989513615572
"ceggs","ceggs","DNK",-0.334971634603298
"ceggs","ceggs","DOM",-0.222177366290733
"ceggs","ceggs","DZA",-0.181514711999901
"ceggs","ceggs","ECU",-0.222834369631519
"ceggs","ceggs","EGY",-0.211237604215334
"ceggs","ceggs","ETH",-0.274991913439481
"ceggs","ceggs","FJI",-0.339486765608213
"ceggs","ceggs","FNP",-0.334971634603298
"ceggs","ceggs","FRP",-0.33498441527616
"ceggs","ceggs","GEO",-0.0584308368727509
"ceggs","ceggs","GHA",-0.224990981927933
"ceggs","ceggs","GIN",-0.224987142257814
"ceggs","ceggs","GRC",-0.148171528165771
"ceggs","ceggs","GSA",-0.224086010145841
"ceggs","ceggs","GTM",-0.222177366290733
"ceggs","ceggs","HND",-0.222177366290733
"ceggs","ceggs","HRV",-0.148171528165771
"ceggs","ceggs","HTI",-0.222177366290733
"ceggs","ceggs","HUN",-0.148266639026626
"ceggs","ceggs","IDN",-0.274409511768648
"ceggs","ceggs","IND",-0.173199336145518
"ceggs","ceggs","IRL",-0.334967683596891
"ceggs","ceggs","IRN",-0.181407347819993
"ceggs","ceggs","IRQ",-0.180983115445525
"ceggs","ceggs","ISL",-0.334971634603298
"ceggs","ceggs","ISR",-0.0824991178795182
"ceggs","ceggs","ITP",-0.334995307668488
"ceggs","ceggs","JAM",-0.339486765608213
"ceggs","ceggs","JOR",-0.181375075690554
"ceggs","ceggs","JPN",-0.379414681844134
"ceggs","ceggs","KAZ",-0.058309479052261
"ceggs","ceggs","KEN",-0.224988829593338
"ceggs","ceggs","KGZ",-0.0584351612324431
"ceggs","ceggs","KHM",-0.299141193569519
"ceggs","ceggs","KOR",-0.413990094892031
"ceggs","ceggs","LAO",-0.299141193569519
"ceggs","ceggs","LBN",-0.181686564886287
"ceggs","ceggs","LBR",-0.225
"ceggs","ceggs","LBY",-0.181537873260643
"ceggs","ceggs","LKA",-0.318060401119955
"ceggs","ceggs","MDA",-0.148266639026626
"ceggs","ceggs","MDG",-0.175
"ceggs","ceggs","MEX",-0.203035185199738
"ceggs","ceggs","MLI",-0.274985026343731
"ceggs","ceggs","MMR",-0.349597403065487
"ceggs","ceggs","MNG",-0.402677297744498
"ceggs","ceggs","MOR",-0.181628016804841
"ceggs","ceggs","MOZ",-0.174982261192633
"ceggs","ceggs","MRT",-0.274987228580785
"ceggs","ceggs","MWI",-0.174999773142276
"ceggs","ceggs","MYS",-0.254336844943893
"ceggs","ceggs","NAM",-0.174989580995116
"ceggs","ceggs","NER",-0.27499562068494
"ceggs","ceggs","NGA",-0.239986746569089
"ceggs","ceggs","NIC",-0.222177366290733
"ceggs","ceggs","NLD",-0.33499347961857
"ceggs","ceggs","NOR",-0.334971634603298
"ceggs","ceggs","NPL",-0.318423732221754
"ceggs","ceggs","NZL",-0.0824724221438354
"ceggs","ceggs","OBN",-0.148171528165771
"ceggs","ceggs","OIO",-0.339486765608213
"ceggs","ceggs","PAK",-0.198413896724875
"ceggs","ceggs","PAN",-0.222177366290733
"ceggs","ceggs","PER",-0.223209156946653
"ceggs","ceggs","PHL",-0.249503105129146
"ceggs","ceggs","PNG",-0.34
"ceggs","ceggs","POL",-0.148682862566578
"ceggs","ceggs","PRT",-0.334979021630868
"ceggs","ceggs","PRY",-0.223213620708312
"ceggs","ceggs","RAP",-0.181752897946849
"ceggs","ceggs","ROU",-0.148266639026626
"ceggs","ceggs","RUS",-0.0584454407134947
"ceggs","ceggs","RWA",-0.224990456826587
"ceggs","ceggs","SAU",-0.181752897946849
"ceggs","ceggs","SDN",-0.267692832380099
"ceggs","ceggs","SEN",-0.224992430371313
"ceggs","ceggs","SLE",-0.224973893556669
"ceggs","ceggs","SLV",-0.222177366290733
"ceggs","ceggs","SPP",-0.334979021630868
"ceggs","ceggs","SVK",-0.148266639026626
"ceggs","ceggs","SVN",-0.148171528165771
"ceggs","ceggs","SWE",-0.334971634603298
"ceggs","ceggs","SWZ",-0.174996905527602
"ceggs","ceggs","SYR",-0.181746771832614
"ceggs","ceggs","TGO",-0.225
"ceggs","ceggs","THA",-0.3
"ceggs","ceggs","TJK",-0.0583678195275716
"ceggs","ceggs","TKM",-0.0586619315199725
"ceggs","ceggs","TUN",-0.181624031919967
"ceggs","ceggs","TUR",-0.159135064178667
"ceggs","ceggs","TZA",-0.224989192625818
"ceggs","ceggs","UGA",-0.224971975215623
"ceggs","ceggs","UKP",-0.334967683596891
"ceggs","ceggs","UKR",-0.0582999741640853
"ceggs","ceggs","URY",-0.223519823357143
"ceggs","ceggs","USA",-0.155
"ceggs","ceggs","UZB",-0.0583031800787986
"ceggs","ceggs","VEN",-0.224086010145841
"ceggs","ceggs","VNM",-0.264061524557514
"ceggs","ceggs","YEM",-0.181752897946849
"ceggs","ceggs","ZAF",-0.0824958440530194
"ceggs","ceggs","ZMB",-0.174989932577905
"ceggs","ceggs","ZWE",-0.175
"ceggs","cmilk","AFG",0.0015
"ceggs","cmilk","AGO",0.0015
"ceggs","cmilk","ALB",0.0015
"ceggs","cmilk","ARG",0.0015
"ceggs","cmilk","ARM",0.0015
"ceggs","cmilk","AUS",0.0015
"ceggs","cmilk","AUT",0.0015
"ceggs","cmilk","AZE",0.0015
"ceggs","cmilk","BEN",0.0015
"ceggs","cmilk","BFA",0.0015
"ceggs","cmilk","BGD",0.0015
"ceggs","cmilk","BGR",0.0015
"ceggs","cmilk","BLR",0.0015
"ceggs","cmilk","BLT",0.0015
"ceggs","cmilk","BLX",0.0015
"ceggs","cmilk","BLZ",0.0015
"ceggs","cmilk","BOL",0.0015
"ceggs","cmilk","BRA",0.0015
"ceggs","cmilk","CAN",0.0015
"ceggs","cmilk","CHL",0.0015
"ceggs","cmilk","CHM",0.0015
"ceggs","cmilk","CHP",0.0015
"ceggs","cmilk","CIV",0.0015
"ceggs","cmilk","CMR",0.0015
"ceggs","cmilk","COL",0.0015
"ceggs","cmilk","CRB",0.0015
"ceggs","cmilk","CRI",0.0015
"ceggs","cmilk","CUB",0.0015
"ceggs","cmilk","CYP",0.0015
"ceggs","cmilk","CZE",0.0015
"ceggs","cmilk","DEU",0.0015
"ceggs","cmilk","DNK",0.0015
"ceggs","cmilk","DOM",0.0015
"ceggs","cmilk","DZA",0.0015
"ceggs","cmilk","ECU",0.0015
"ceggs","cmilk","EGY",0.0015
"ceggs","cmilk","ETH",0.0015
"ceggs","cmilk","FJI",0.0015
"ceggs","cmilk","FNP",0.0015
"ceggs","cmilk","FRP",0.0015
"ceggs","cmilk","GEO",0.0015
"ceggs","cmilk","GHA",0.0015
"ceggs","cmilk","GIN",0.0015
"ceggs","cmilk","GRC",0.0015
"ceggs","cmilk","GSA",0.0015
"ceggs","cmilk","GTM",0.0015
"ceggs","cmilk","HND",0.0015
"ceggs","cmilk","HRV",0.0015
"ceggs","cmilk","HTI",0.0015
"ceggs","cmilk","HUN",0.0015
"ceggs","cmilk","IDN",0.0015
"ceggs","cmilk","IND",0.0015
"ceggs","cmilk","IRL",0.0015
"ceggs","cmilk","IRN",0.0015
"ceggs","cmilk","IRQ",0.0015
"ceggs","cmilk","ISL",0.0015
"ceggs","cmilk","ISR",0.0015
"ceggs","cmilk","ITP",0.0015
"ceggs","cmilk","JAM",0.0015
"ceggs","cmilk","JOR",0.0015
"ceggs","cmilk","JPN",0.0015
"ceggs","cmilk","KAZ",0.0015
"ceggs","cmilk","KEN",0.0015
"ceggs","cmilk","KGZ",0.0015
"ceggs","cmilk","KHM",0.0015
"ceggs","cmilk","KOR",0.0015
"ceggs","cmilk","LAO",0.0015
"ceggs","cmilk","LBN",0.0015
"ceggs","cmilk","LBR",0.0015
"ceggs","cmilk","LBY",0.0015
"ceggs","cmilk","LKA",0.0015
"ceggs","cmilk","MDA",0.0015
"ceggs","cmilk","MDG",0.0015
"ceggs","cmilk","MEX",0.0015
"ceggs","cmilk","MLI",0.0015
"ceggs","cmilk","MMR",0.0015
"ceggs","cmilk","MNG",0.0015
"ceggs","cmilk","MOR",0.0015
"ceggs","cmilk","MOZ",0.0015
"ceggs","cmilk","MRT",0.0015
"ceggs","cmilk","MWI",0.0015
"ceggs","cmilk","MYS",0.0015
"ceggs","cmilk","NAM",0.0015
"ceggs","cmilk","NER",0.0015
"ceggs","cmilk","NGA",0.0015
"ceggs","cmilk","NIC",0.0015
"ceggs","cmilk","NLD",0.0015
"ceggs","cmilk","NOR",0.0015
"ceggs","cmilk","NPL",0.0015
"ceggs","cmilk","NZL",0.0015
"ceggs","cmilk","OBN",0.0015
"ceggs","cmilk","OIO",0.0015
"ceggs","cmilk","PAK",0.0015
"ceggs","cmilk","PAN",0.0015
"ceggs","cmilk","PER",0.0015
"ceggs","cmilk","PHL",0.0015
"ceggs","cmilk","POL",0.0015
"ceggs","cmilk","PRT",0.0015
"ceggs","cmilk","PRY",0.0015
"ceggs","cmilk","RAP",0.0015
"ceggs","cmilk","ROU",0.0015
"ceggs","cmilk","RUS",0.0015
"ceggs","cmilk","RWA",0.0015
"ceggs","cmilk","SAU",0.0015
"ceggs","cmilk","SDN",0.0015
"ceggs","cmilk","SEN",0.0015
"ceggs","cmilk","SLE",0.0015
"ceggs","cmilk","SLV",0.0015
"ceggs","cmilk","SPP",0.0015
"ceggs","cmilk","SVK",0.0015
"ceggs","cmilk","SVN",0.0015
"ceggs","cmilk","SWE",0.0015
"ceggs","cmilk","SWZ",0.0015
"ceggs","cmilk","SYR",0.0015
"ceggs","cmilk","TGO",0.0015
"ceggs","cmilk","THA",0.0015
"ceggs","cmilk","TJK",0.0015
"ceggs","cmilk","TKM",0.0015
"ceggs","cmilk","TUN",0.0015
"ceggs","cmilk","TUR",0.0015
"ceggs","cmilk","TZA",0.0015
"ceggs","cmilk","UGA",0.0015
"ceggs","cmilk","UKP",0.0015
"ceggs","cmilk","UKR",0.0015
"ceggs","cmilk","URY",0.0015
"ceggs","cmilk","USA",0.0015
"ceggs","cmilk","UZB",0.0015
"ceggs","cmilk","VEN",0.0015
"ceggs","cmilk","VNM",0.0015
"ceggs","cmilk","YEM",0.0015
"ceggs","cmilk","ZAF",0.0015
"ceggs","cmilk","ZMB",0.0015
"ceggs","cmilk","ZWE",0.0015
"ceggs","cgrnd","AGO",0.003
"ceggs","cgrnd","ALB",0.003
"ceggs","cgrnd","ARG",0.003
"ceggs","cgrnd","AUS",0.003
"ceggs","cgrnd","BEN",0.003
"ceggs","cgrnd","BFA",0.003
"ceggs","cgrnd","BGD",0.003
"ceggs","cgrnd","BLX",0.003
"ceggs","cgrnd","BOL",0.003
"ceggs","cgrnd","BRA",0.003
"ceggs","cgrnd","CHM",0.003
"ceggs","cgrnd","CHP",0.003
"ceggs","cgrnd","CIV",0.003
"ceggs","cgrnd","CMR",0.003
"ceggs","cgrnd","COD",0.003
"ceggs","cgrnd","COL",0.003
"ceggs","cgrnd","CZE",0.003
"ceggs","cgrnd","DNK",0.003
"ceggs","cgrnd","DOM",0.003
"ceggs","cgrnd","ECU",0.003
"ceggs","cgrnd","EGY",0.003
"ceggs","cgrnd","ETH",0.003
"ceggs","cgrnd","GHA",0.003
"ceggs","cgrnd","GIN",0.003
"ceggs","cgrnd","GRC",0.003
"ceggs","cgrnd","GTM",0.003
"ceggs","cgrnd","HTI",0.003
"ceggs","cgrnd","HUN",0.003
"ceggs","cgrnd","IDN",0.003
"ceggs","cgrnd","IND",0.003
"ceggs","cgrnd","IRN",0.003
"ceggs","cgrnd","ISR",0.003
"ceggs","cgrnd","ITP",0.003
"ceggs","cgrnd","JOR",0.003
"ceggs","cgrnd","JPN",0.003
"ceggs","cgrnd","KEN",0.003
"ceggs","cgrnd","KHM",0.003
"ceggs","cgrnd","KOR",0.003
"ceggs","cgrnd","LAO",0.003
"ceggs","cgrnd","LBR",0.003
"ceggs","cgrnd","LBY",0.003
"ceggs","cgrnd","LKA",0.003
"ceggs","cgrnd","MDG",0.003
"ceggs","cgrnd","MEX",0.003
"ceggs","cgrnd","MLI",0.003
"ceggs","cgrnd","MMR",0.003
"ceggs","cgrnd","MOR",0.003
"ceggs","cgrnd","MOZ",0.003
"ceggs","cgrnd","MRT",0.003
"ceggs","cgrnd","MWI",0.003
"ceggs","cgrnd","NER",0.003
"ceggs","cgrnd","NGA",0.003
"ceggs","cgrnd","NIC",0.003
"ceggs","cgrnd","NLD",0.003
"ceggs","cgrnd","NPL",0.003
"ceggs","cgrnd","PAK",0.003
"ceggs","cgrnd","PHL",0.003
"ceggs","cgrnd","POL",0.003
"ceggs","cgrnd","PRT",0.003
"ceggs","cgrnd","PRY",0.003
"ceggs","cgrnd","RAP",0.003
"ceggs","cgrnd","RUS",0.003
"ceggs","cgrnd","RWA",0.003
"ceggs","cgrnd","SDN",0.003
"ceggs","cgrnd","SEN",0.003
"ceggs","cgrnd","SLE",0.003
"ceggs","cgrnd","SVK",0.003
"ceggs","cgrnd","SYR",0.003
"ceggs","cgrnd","TGO",0.003
"ceggs","cgrnd","TJK",0.003
"ceggs","cgrnd","TUR",0.003
"ceggs","cgrnd","TZA",0.003
"ceggs","cgrnd","UGA",0.003
"ceggs","cgrnd","URY",0.003
"ceggs","cgrnd","USA",0.003
"ceggs","cgrnd","UZB",0.003
"ceggs","cgrnd","VNM",0.003
"ceggs","cgrnd","ZMB",0.003
"ceggs","cgrnd","ZWE",0.003
"ceggs","cgdol","BLX",0.003
"ceggs","cgdol","CHM",0.003
"ceggs","cgdol","GIN",0.003
"ceggs","cgdol","MWI",0.003
"ceggs","cgdol","POL",0.003
"ceggs","cgdol","PRT",0.003
"ceggs","cgdol","USA",0.003
"ceggs","cgdol","VNM",0.003
"ceggs","cgdol","ZAF",0.003
"ceggs","crpol","AUS",0.003
"ceggs","crpol","AUT",0.003
"ceggs","crpol","BGR",0.003
"ceggs","crpol","BLR",0.003
"ceggs","crpol","BLT",0.003
"ceggs","crpol","BLX",0.003
"ceggs","crpol","BRA",0.003
"ceggs","crpol","CAN",0.003
"ceggs","crpol","CHL",0.003
"ceggs","crpol","CHM",0.003
"ceggs","crpol","CHP",0.003
"ceggs","crpol","COL",0.003
"ceggs","crpol","CRB",0.003
"ceggs","crpol","CRI",0.003
"ceggs","crpol","CZE",0.003
"ceggs","crpol","DEU",0.003
"ceggs","crpol","DNK",0.003
"ceggs","crpol","DZA",0.003
"ceggs","crpol","ECU",0.003
"ceggs","crpol","EGY",0.003
"ceggs","crpol","FNP",0.003
"ceggs","crpol","FRP",0.003
"ceggs","crpol","GRC",0.003
"ceggs","crpol","GTM",0.003
"ceggs","crpol","HND",0.003
"ceggs","crpol","HTI",0.003
"ceggs","crpol","HUN",0.003
"ceggs","crpol","IDN",0.003
"ceggs","crpol","IND",0.003
"ceggs","crpol","IRL",0.003
"ceggs","crpol","ISL",0.003
"ceggs","crpol","ISR",0.003
"ceggs","crpol","ITP",0.003
"ceggs","crpol","JPN",0.003
"ceggs","crpol","MEX",0.003
"ceggs","crpol","MMR",0.003
"ceggs","crpol","MOR",0.003
"ceggs","crpol","NIC",0.003
"ceggs","crpol","NLD",0.003
"ceggs","crpol","NOR",0.003
"ceggs","crpol","NPL",0.003
"ceggs","crpol","NZL",0.003
"ceggs","crpol","OBN",0.003
"ceggs","crpol","PAK",0.003
"ceggs","crpol","PER",0.003
"ceggs","crpol","POL",0.003
"ceggs","crpol","PRT",0.003
"ceggs","crpol","PRY",0.003
"ceggs","crpol","RAP",0.003
"ceggs","crpol","ROU",0.003
"ceggs","crpol","RUS",0.003
"ceggs","crpol","SLV",0.003
"ceggs","crpol","SPP",0.003
"ceggs","crpol","SVK",0.003
"ceggs","crpol","SVN",0.003
"ceggs","crpol","SWE",0.003
"ceggs","crpol","THA",0.003
"ceggs","crpol","TUR",0.003
"ceggs","crpol","UKP",0.003
"ceggs","crpol","UKR",0.003
"ceggs","crpol","URY",0.003
"ceggs","crpol","USA",0.003
"ceggs","crpol","ZAF",0.003
"ceggs","csoyb","AGO",0.003
"ceggs","csoyb","ALB",0.003
"ceggs","csoyb","ARG",0.003
"ceggs","csoyb","AUT",0.003
"ceggs","csoyb","BEN",0.003
"ceggs","csoyb","BFA",0.003
"ceggs","csoyb","BLR",0.003
"ceggs","csoyb","BLZ",0.003
"ceggs","csoyb","BOL",0.003
"ceggs","csoyb","BRA",0.003
"ceggs","csoyb","CAN",0.003
"ceggs","csoyb","CHL",0.003
"ceggs","csoyb","CHM",0.003
"ceggs","csoyb","CMR",0.003
"ceggs","csoyb","COD",0.003
"ceggs","csoyb","CRB",0.003
"ceggs","csoyb","CRI",0.003
"ceggs","csoyb","CZE",0.003
"ceggs","csoyb","DNK",0.003
"ceggs","csoyb","DOM",0.003
"ceggs","csoyb","ETH",0.003
"ceggs","csoyb","FNP",0.003
"ceggs","csoyb","GEO",0.003
"ceggs","csoyb","GHA",0.003
"ceggs","csoyb","GTM",0.003
"ceggs","csoyb","HUN",0.003
"ceggs","csoyb","IDN",0.003
"ceggs","csoyb","IRL",0.003
"ceggs","csoyb","ISR",0.003
"ceggs","csoyb","KAZ",0.003
"ceggs","csoyb","KEN",0.003
"ceggs","csoyb","LBN",0.003
"ceggs","csoyb","MLI",0.003
"ceggs","csoyb","MWI",0.003
"ceggs","csoyb","MYS",0.003
"ceggs","csoyb","NGA",0.003
"ceggs","csoyb","NIC",0.003
"ceggs","csoyb","NLD",0.003
"ceggs","csoyb","NOR",0.003
"ceggs","csoyb","OBN",0.003
"ceggs","csoyb","PRT",0.003
"ceggs","csoyb","PRY",0.003
"ceggs","csoyb","RAP",0.003
"ceggs","csoyb","ROU",0.003
"ceggs","csoyb","RUS",0.003
"ceggs","csoyb","RWA",0.003
"ceggs","csoyb","SAU",0.003
"ceggs","csoyb","SVK",0.003
"ceggs","csoyb","SVN",0.003
"ceggs","csoyb","SWE",0.003
"ceggs","csoyb","SYR",0.003
"ceggs","csoyb","TGO",0.003
"ceggs","csoyb","TUN",0.003
"ceggs","csoyb","TZA",0.003
"ceggs","csoyb","UGA",0.003
"ceggs","csoyb","UKP",0.003
"ceggs","csoyb","UKR",0.003
"ceggs","csoyb","URY",0.003
"ceggs","csoyb","USA",0.003
"ceggs","csoyb","UZB",0.003
"ceggs","csoyb","ZAF",0.003
"ceggs","csoyb","ZMB",0.003
"ceggs","csbol","ARG",0.003
"ceggs","csbol","AUS",0.003
"ceggs","csbol","AUT",0.003
"ceggs","csbol","BGD",0.003
"ceggs","csbol","BGR",0.003
"ceggs","csbol","BLX",0.003
"ceggs","csbol","BOL",0.003
"ceggs","csbol","BRA",0.003
"ceggs","csbol","CAN",0.003
"ceggs","csbol","CHL",0.003
"ceggs","csbol","CHM",0.003
"ceggs","csbol","COL",0.003
"ceggs","csbol","CRB",0.003
"ceggs","csbol","CRI",0.003
"ceggs","csbol","CUB",0.003
"ceggs","csbol","CYP",0.003
"ceggs","csbol","CZE",0.003
"ceggs","csbol","DEU",0.003
"ceggs","csbol","DNK",0.003
"ceggs","csbol","DOM",0.003
"ceggs","csbol","ECU",0.003
"ceggs","csbol","EGY",0.003
"ceggs","csbol","FNP",0.003
"ceggs","csbol","GRC",0.003
"ceggs","csbol","GSA",0.003
"ceggs","csbol","GTM",0.003
"ceggs","csbol","HND",0.003
"ceggs","csbol","HRV",0.003
"ceggs","csbol","IND",0.003
"ceggs","csbol","IRL",0.003
"ceggs","csbol","IRN",0.003
"ceggs","csbol","IRQ",0.003
"ceggs","csbol","ISL",0.003
"ceggs","csbol","ISR",0.003
"ceggs","csbol","ITP",0.003
"ceggs","csbol","JAM",0.003
"ceggs","csbol","JPN",0.003
"ceggs","csbol","KOR",0.003
"ceggs","csbol","MEX",0.003
"ceggs","csbol","MOR",0.003
"ceggs","csbol","MRT",0.003
"ceggs","csbol","NIC",0.003
"ceggs","csbol","NLD",0.003
"ceggs","csbol","NOR",0.003
"ceggs","csbol","NPL",0.003
"ceggs","csbol","NZL",0.003
"ceggs","csbol","OBN",0.003
"ceggs","csbol","OIO",0.003
"ceggs","csbol","PAK",0.003
"ceggs","csbol","PAN",0.003
"ceggs","csbol","PER",0.003
"ceggs","csbol","PHL",0.003
"ceggs","csbol","POL",0.003
"ceggs","csbol","PRT",0.003
"ceggs","csbol","RAP",0.003
"ceggs","csbol","ROU",0.003
"ceggs","csbol","RUS",0.003
"ceggs","csbol","SAU",0.003
"ceggs","csbol","SEN",0.003
"ceggs","csbol","SLV",0.003
"ceggs","csbol","SPP",0.003
"ceggs","csbol","SVN",0.003
"ceggs","csbol","SWE",0.003
"ceggs","csbol","THA",0.003
"ceggs","csbol","TUN",0.003
"ceggs","csbol","TUR",0.003
"ceggs","csbol","UKP",0.003
"ceggs","csbol","USA",0.003
"ceggs","csbol","UZB",0.003
"ceggs","csbol","VEN",0.003
"ceggs","csbol","ZAF",0.003
"ceggs","csbol","ZWE",0.003
"ceggs","csfol","ALB",0.003
"ceggs","csfol","ARG",0.003
"ceggs","csfol","ARM",0.003
"ceggs","csfol","AUS",0.003
"ceggs","csfol","AUT",0.003
"ceggs","csfol","AZE",0.003
"ceggs","csfol","BGR",0.003
"ceggs","csfol","BLR",0.003
"ceggs","csfol","BLT",0.003
"ceggs","csfol","BLX",0.003
"ceggs","csfol","BOL",0.003
"ceggs","csfol","CAN",0.003
"ceggs","csfol","CHL",0.003
"ceggs","csfol","CHM",0.003
"ceggs","csfol","CHP",0.003
"ceggs","csfol","COL",0.003
"ceggs","csfol","CYP",0.003
"ceggs","csfol","CZE",0.003
"ceggs","csfol","DEU",0.003
"ceggs","csfol","DNK",0.003
"ceggs","csfol","EGY",0.003
"ceggs","csfol","FRP",0.003
"ceggs","csfol","GEO",0.003
"ceggs","csfol","GRC",0.003
"ceggs","csfol","GSA",0.003
"ceggs","csfol","HRV",0.003
"ceggs","csfol","HUN",0.003
"ceggs","csfol","IND",0.003
"ceggs","csfol","IRN",0.003
"ceggs","csfol","IRQ",0.003
"ceggs","csfol","ISR",0.003
"ceggs","csfol","ITP",0.003
"ceggs","csfol","KAZ",0.003
"ceggs","csfol","KGZ",0.003
"ceggs","csfol","LBN",0.003
"ceggs","csfol","MEX",0.003
"ceggs","csfol","MMR",0.003
"ceggs","csfol","MOR",0.003
"ceggs","csfol","NLD",0.003
"ceggs","csfol","NPL",0.003
"ceggs","csfol","NZL",0.003
"ceggs","csfol","OBN",0.003
"ceggs","csfol","OIO",0.003
"ceggs","csfol","PAK",0.003
"ceggs","csfol","PER",0.003
"ceggs","csfol","PRT",0.003
"ceggs","csfol","RAP",0.003
"ceggs","csfol","ROU",0.003
"ceggs","csfol","RUS",0.003
"ceggs","csfol","SAU",0.003
"ceggs","csfol","SPP",0.003
"ceggs","csfol","SVK",0.003
"ceggs","csfol","SVN",0.003
"ceggs","csfol","TJK",0.003
"ceggs","csfol","TKM",0.003
"ceggs","csfol","TUN",0.003
"ceggs","csfol","TUR",0.003
"ceggs","csfol","UKP",0.003
"ceggs","csfol","UKR",0.003
"ceggs","csfol","URY",0.003
"ceggs","csfol","USA",0.003
"ceggs","csfol","UZB",0.003
"ceggs","csfol","VEN",0.003
"ceggs","csfol","ZAF",0.003
"ceggs","cplol","AGO",0.003
"ceggs","cplol","ALB",0.003
"ceggs","cplol","ARG",0.003
"ceggs","cplol","ARM",0.003
"ceggs","cplol","AUS",0.003
"ceggs","cplol","AUT",0.003
"ceggs","cplol","AZE",0.003
"ceggs","cplol","BEN",0.003
"ceggs","cplol","BGD",0.003
"ceggs","cplol","BGR",0.003
"ceggs","cplol","BLR",0.003
"ceggs","cplol","BLT",0.003
"ceggs","cplol","BLX",0.003
"ceggs","cplol","BOL",0.003
"ceggs","cplol","BRA",0.003
"ceggs","cplol","CAN",0.003
"ceggs","cplol","CHL",0.003
"ceggs","cplol","CHM",0.003
"ceggs","cplol","CHP",0.003
"ceggs","cplol","CIV",0.003
"ceggs","cplol","CMR",0.003
"ceggs","cplol","COD",0.003
"ceggs","cplol","COL",0.003
"ceggs","cplol","CRB",0.003
"ceggs","cplol","CRI",0.003
"ceggs","cplol","CYP",0.003
"ceggs","cplol","CZE",0.003
"ceggs","cplol","DEU",0.003
"ceggs","cplol","DNK",0.003
"ceggs","cplol","DOM",0.003
"ceggs","cplol","DZA",0.003
"ceggs","cplol","ECU",0.003
"ceggs","cplol","EGY",0.003
"ceggs","cplol","ETH",0.003
"ceggs","cplol","FJI",0.003
"ceggs","cplol","FNP",0.003
"ceggs","cplol","FRP",0.003
"ceggs","cplol","GEO",0.003
"ceggs","cplol","GHA",0.003
"ceggs","cplol","GIN",0.003
"ceggs","cplol","GRC",0.003
"ceggs","cplol","GSA",0.003
"ceggs","cplol","GTM",0.003
"ceggs","cplol","HND",0.003
"ceggs","cplol","HRV",0.003
"ceggs","cplol","HTI",0.003
"ceggs","cplol","HUN",0.003
"ceggs","cplol","IDN",0.003
"ceggs","cplol","IND",0.003
"ceggs","cplol","IRL",0.003
"ceggs","cplol","IRN",0.003
"ceggs","cplol","IRQ",0.003
"ceggs","cplol","ITP",0.003
"ceggs","cplol","JAM",0.003
"ceggs","cplol","JOR",0.003
"ceggs","cplol","JPN",0.003
"ceggs","cplol","KAZ",0.003
"ceggs","cplol","KEN",0.003
"ceggs","cplol","KGZ",0.003
"ceggs","cplol","KOR",0.003
"ceggs","cplol","LBN",0.003
"ceggs","cplol","LBR",0.003
"ceggs","cplol","LBY",0.003
"ceggs","cplol","LKA",0.003
"ceggs","cplol","MDA",0.003
"ceggs","cplol","MDG",0.003
"ceggs","cplol","MEX",0.003
"ceggs","cplol","MLI",0.003
"ceggs","cplol","MMR",0.003
"ceggs","cplol","MOR",0.003
"ceggs","cplol","MOZ",0.003
"ceggs","cplol","MRT",0.003
"ceggs","cplol","MWI",0.003
"ceggs","cplol","MYS",0.003
"ceggs","cplol","NAM",0.003
"ceggs","cplol","NGA",0.003
"ceggs","cplol","NIC",0.003
"ceggs","cplol","NLD",0.003
"ceggs","cplol","NOR",0.003
"ceggs","cplol","NPL",0.003
"ceggs","cplol","NZL",0.003
"ceggs","cplol","OBN",0.003
"ceggs","cplol","OIO",0.003
"ceggs","cplol","PAK",0.003
"ceggs","cplol","PAN",0.003
"ceggs","cplol","PER",0.003
"ceggs","cplol","PHL",0.003
"ceggs","cplol","PNG",0.003
"ceggs","cplol","POL",0.003
"ceggs","cplol","PRT",0.003
"ceggs","cplol","RAP",0.003
"ceggs","cplol","ROU",0.003
"ceggs","cplol","RUS",0.003
"ceggs","cplol","SAU",0.003
"ceggs","cplol","SEN",0.003
"ceggs","cplol","SLE",0.003
"ceggs","cplol","SLV",0.003
"ceggs","cplol","SPP",0.003
"ceggs","cplol","SVK",0.003
"ceggs","cplol","SVN",0.003
"ceggs","cplol","SWE",0.003
"ceggs","cplol","SYR",0.003
"ceggs","cplol","TGO",0.003
"ceggs","cplol","THA",0.003
"ceggs","cplol","TKM",0.003
"ceggs","cplol","TUN",0.003
"ceggs","cplol","TUR",0.003
"ceggs","cplol","TZA",0.003
"ceggs","cplol","UGA",0.003
"ceggs","cplol","UKP",0.003
"ceggs","cplol","UKR",0.003
"ceggs","cplol","URY",0.003
"ceggs","cplol","USA",0.003
"ceggs","cplol","UZB",0.003
"ceggs","cplol","VEN",0.003
"ceggs","cplol","VNM",0.003
"ceggs","cplol","ZAF",0.003
"ceggs","cplol","ZMB",0.003
"ceggs","cplol","ZWE",0.003
"ceggs","cpkol","MYS",0.003
"ceggs","ctool","AFG",0.003
"ceggs","ctool","AGO",0.003
"ceggs","ctool","ALB",0.003
"ceggs","ctool","ARG",0.003
"ceggs","ctool","AUS",0.003
"ceggs","ctool","AUT",0.003
"ceggs","ctool","AZE",0.003
"ceggs","ctool","BEN",0.003
"ceggs","ctool","BFA",0.003
"ceggs","ctool","BGD",0.003
"ceggs","ctool","BGR",0.003
"ceggs","ctool","BLR",0.003
"ceggs","ctool","BLT",0.003
"ceggs","ctool","BLX",0.003
"ceggs","ctool","BLZ",0.003
"ceggs","ctool","BOL",0.003
"ceggs","ctool","BRA",0.003
"ceggs","ctool","CAN",0.003
"ceggs","ctool","CHL",0.003
"ceggs","ctool","CHM",0.003
"ceggs","ctool","CHP",0.003
"ceggs","ctool","CIV",0.003
"ceggs","ctool","COD",0.003
"ceggs","ctool","COL",0.003
"ceggs","ctool","CRB",0.003
"ceggs","ctool","CRI",0.003
"ceggs","ctool","CYP",0.003
"ceggs","ctool","CZE",0.003
"ceggs","ctool","DEU",0.003
"ceggs","ctool","DNK",0.003
"ceggs","ctool","DOM",0.003
"ceggs","ctool","DZA",0.003
"ceggs","ctool","ECU",0.003
"ceggs","ctool","EGY",0.003
"ceggs","ctool","ETH",0.003
"ceggs","ctool","FJI",0.003
"ceggs","ctool","FNP",0.003
"ceggs","ctool","FRP",0.003
"ceggs","ctool","GHA",0.003
"ceggs","ctool","GIN",0.003
"ceggs","ctool","GRC",0.003
"ceggs","ctool","GSA",0.003
"ceggs","ctool","GTM",0.003
"ceggs","ctool","HND",0.003
"ceggs","ctool","HRV",0.003
"ceggs","ctool","HTI",0.003
"ceggs","ctool","HUN",0.003
"ceggs","ctool","IDN",0.003
"ceggs","ctool","IND",0.003
"ceggs","ctool","IRL",0.003
"ceggs","ctool","IRN",0.003
"ceggs","ctool","IRQ",0.003
"ceggs","ctool","ISL",0.003
"ceggs","ctool","ISR",0.003
"ceggs","ctool","ITP",0.003
"ceggs","ctool","JAM",0.003
"ceggs","ctool","JOR",0.003
"ceggs","ctool","JPN",0.003
"ceggs","ctool","KAZ",0.003
"ceggs","ctool","KEN",0.003
"ceggs","ctool","KHM",0.003
"ceggs","ctool","KOR",0.003
"ceggs","ctool","LBN",0.003
"ceggs","ctool","LBY",0.003
"ceggs","ctool","LKA",0.003
"ceggs","ctool","MDA",0.003
"ceggs","ctool","MDG",0.003
"ceggs","ctool","MEX",0.003
"ceggs","ctool","MLI",0.003
"ceggs","ctool","MMR",0.003
"ceggs","ctool","MOR",0.003
"ceggs","ctool","MOZ",0.003
"ceggs","ctool","MWI",0.003
"ceggs","ctool","MYS",0.003
"ceggs","ctool","NER",0.003
"ceggs","ctool","NGA",0.003
"ceggs","ctool","NLD",0.003
"ceggs","ctool","NOR",0.003
"ceggs","ctool","NPL",0.003
"ceggs","ctool","NZL",0.003
"ceggs","ctool","OBN",0.003
"ceggs","ctool","OIO",0.003
"ceggs","ctool","PAK",0.003
"ceggs","ctool","PAN",0.003
"ceggs","ctool","PER",0.003
"ceggs","ctool","PHL",0.003
"ceggs","ctool","POL",0.003
"ceggs","ctool","PRT",0.003
"ceggs","ctool","PRY",0.003
"ceggs","ctool","RAP",0.003
"ceggs","ctool","ROU",0.003
"ceggs","ctool","RUS",0.003
"ceggs","ctool","RWA",0.003
"ceggs","ctool","SAU",0.003
"ceggs","ctool","SEN",0.003
"ceggs","ctool","SLV",0.003
"ceggs","ctool","SPP",0.003
"ceggs","ctool","SVK",0.003
"ceggs","ctool","SVN",0.003
"ceggs","ctool","SWE",0.003
"ceggs","ctool","SYR",0.003
"ceggs","ctool","THA",0.003
"ceggs","ctool","TJK",0.003
"ceggs","ctool","TKM",0.003
"ceggs","ctool","TUN",0.003
"ceggs","ctool","TUR",0.003
"ceggs","ctool","TZA",0.003
"ceggs","ctool","UGA",0.003
"ceggs","ctool","UKP",0.003
"ceggs","ctool","UKR",0.003
"ceggs","ctool","URY",0.003
"ceggs","ctool","USA",0.003
"ceggs","ctool","UZB",0.003
"ceggs","ctool","VEN",0.003
"ceggs","ctool","VNM",0.003
"ceggs","ctool","ZAF",0.003
"ceggs","ctool","ZWE",0.003
"cmilk","cbeef","ARG",0.003
"cmilk","cbeef","ARM",0.003
"cmilk","cbeef","BGR",0.003
"cmilk","cbeef","BLR",0.003
"cmilk","cbeef","BLT",0.003
"cmilk","cbeef","CHM",0.003
"cmilk","cbeef","COL",0.003
"cmilk","cbeef","CYP",0.003
"cmilk","cbeef","DEU",0.003
"cmilk","cbeef","GTM",0.003
"cmilk","cbeef","HUN",0.003
"cmilk","cbeef","IRL",0.003
"cmilk","cbeef","IRN",0.003
"cmilk","cbeef","JOR",0.003
"cmilk","cbeef","JPN",0.003
"cmilk","cbeef","KAZ",0.003
"cmilk","cbeef","MNG",0.003
"cmilk","cbeef","PAN",0.003
"cmilk","cbeef","PER",0.003
"cmilk","cbeef","RAP",0.003
"cmilk","cbeef","ROU",0.003
"cmilk","cbeef","RUS",0.003
"cmilk","cbeef","SAU",0.003
"cmilk","cbeef","SDN",0.003
"cmilk","cbeef","SPP",0.003
"cmilk","cbeef","TCD",0.003
"cmilk","cbeef","TJK",0.003
"cmilk","cbeef","TKM",0.003
"cmilk","cbeef","UKR",0.003
"cmilk","cbeef","VEN",0.003
"cmilk","cpork","BLT",0.003
"cmilk","cpork","CAN",0.003
"cmilk","cpork","CYP",0.003
"cmilk","cpork","ITP",0.003
"cmilk","cpork","JPN",0.003
"cmilk","cpork","MMR",0.003
"cmilk","cpork","PAN",0.003
"cmilk","cpork","PER",0.003
"cmilk","cpork","ROU",0.003
"cmilk","cpork","RUS",0.003
"cmilk","clamb","IRN",0.003
"cmilk","clamb","ITP",0.003
"cmilk","clamb","KGZ",0.003
"cmilk","clamb","MNG",0.003
"cmilk","clamb","PER",0.003
"cmilk","clamb","RAP",0.003
"cmilk","clamb","ROU",0.003
"cmilk","clamb","SDN",0.003
"cmilk","clamb","TCD",0.003
"cmilk","clamb","TJK",0.003
"cmilk","clamb","TKM",0.003
"cmilk","clamb","USA",0.003
"cmilk","cpoul","AUT",0.003
"cmilk","cpoul","BGR",0.003
"cmilk","cpoul","BLR",0.003
"cmilk","cpoul","BLT",0.003
"cmilk","cpoul","BLX",0.003
"cmilk","cpoul","BRA",0.003
"cmilk","cpoul","CYP",0.003
"cmilk","cpoul","CZE",0.003
"cmilk","cpoul","DEU",0.003
"cmilk","cpoul","DNK",0.003
"cmilk","cpoul","FJI",0.003
"cmilk","cpoul","FNP",0.003
"cmilk","cpoul","FRP",0.003
"cmilk","cpoul","GRC",0.003
"cmilk","cpoul","GTM",0.003
"cmilk","cpoul","HUN",0.003
"cmilk","cpoul","IRL",0.003
"cmilk","cpoul","ISR",0.003
"cmilk","cpoul","ITP",0.003
"cmilk","cpoul","JPN",0.003
"cmilk","cpoul","MMR",0.003
"cmilk","cpoul","NLD",0.003
"cmilk","cpoul","NOR",0.003
"cmilk","cpoul","NZL",0.003
"cmilk","cpoul","OBN",0.003
"cmilk","cpoul","PAN",0.003
"cmilk","cpoul","PER",0.003
"cmilk","cpoul","POL",0.003
"cmilk","cpoul","PRT",0.003
"cmilk","cpoul","RAP",0.003
"cmilk","cpoul","ROU",0.003
"cmilk","cpoul","RUS",0.003
"cmilk","cpoul","SPP",0.003
"cmilk","cpoul","SVK",0.003
"cmilk","cpoul","SVN",0.003
"cmilk","cpoul","SWE",0.003
"cmilk","cpoul","TCD",0.003
"cmilk","cpoul","THA",0.003
"cmilk","cpoul","TJK",0.003
"cmilk","cpoul","TKM",0.003
"cmilk","cpoul","UKP",0.003
"cmilk","cpoul","UKR",0.003
"cmilk","cpoul","URY",0.003
"cmilk","cpoul","USA",0.003
"cmilk","ceggs","AFG",0.0015
"cmilk","ceggs","AGO",0.0015
"cmilk","ceggs","ALB",0.0015
"cmilk","ceggs","ARG",0.0015
"cmilk","ceggs","ARM",0.0015
"cmilk","ceggs","AUS",0.0015
"cmilk","ceggs","AUT",0.0015
"cmilk","ceggs","AZE",0.0015
"cmilk","ceggs","BEN",0.0015
"cmilk","ceggs","BFA",0.0015
"cmilk","ceggs","BGD",0.0015
"cmilk","ceggs","BGR",0.0015
"cmilk","ceggs","BLR",0.0015
"cmilk","ceggs","BLT",0.0015
"cmilk","ceggs","BLX",0.0015
"cmilk","ceggs","BLZ",0.0015
"cmilk","ceggs","BOL",0.0015
"cmilk","ceggs","BRA",0.0015
"cmilk","ceggs","CAN",0.0015
"cmilk","ceggs","CHL",0.0015
"cmilk","ceggs","CHM",0.0015
"cmilk","ceggs","CHP",0.0015
"cmilk","ceggs","CIV",0.0015
"cmilk","ceggs","CMR",0.0015
"cmilk","ceggs","COL",0.0015
"cmilk","ceggs","CRB",0.0015
"cmilk","ceggs","CRI",0.0015
"cmilk","ceggs","CUB",0.0015
"cmilk","ceggs","CYP",0.0015
"cmilk","ceggs","CZE",0.0015
"cmilk","ceggs","DEU",0.0015
"cmilk","ceggs","DNK",0.0015
"cmilk","ceggs","DOM",0.0015
"cmilk","ceggs","DZA",0.0015
"cmilk","ceggs","ECU",0.0015
"cmilk","ceggs","EGY",0.0015
"cmilk","ceggs","ETH",0.0015
"cmilk","ceggs","FJI",0.0015
"cmilk","ceggs","FNP",0.0015
"cmilk","ceggs","FRP",0.0015
"cmilk","ceggs","GEO",0.0015
"cmilk","ceggs","GHA",0.0015
"cmilk","ceggs","GIN",0.0015
"cmilk","ceggs","GRC",0.0015
"cmilk","ceggs","GSA",0.0015
"cmilk","ceggs","GTM",0.0015
"cmilk","ceggs","HND",0.0015
"cmilk","ceggs","HRV",0.0015
"cmilk","ceggs","HTI",0.0015
"cmilk","ceggs","HUN",0.0015
"cmilk","ceggs","IDN",0.0015
"cmilk","ceggs","IND",0.0015
"cmilk","ceggs","IRL",0.0015
"cmilk","ceggs","IRN",0.0015
"cmilk","ceggs","IRQ",0.0015
"cmilk","ceggs","ISL",0.0015
"cmilk","ceggs","ISR",0.0015
"cmilk","ceggs","ITP",0.0015
"cmilk","ceggs","JAM",0.0015
"cmilk","ceggs","JOR",0.0015
"cmilk","ceggs","JPN",0.0015
"cmilk","ceggs","KAZ",0.0015
"cmilk","ceggs","KEN",0.0015
"cmilk","ceggs","KGZ",0.0015
"cmilk","ceggs","KHM",0.0015
"cmilk","ceggs","KOR",0.0015
"cmilk","ceggs","LAO",0.0015
"cmilk","ceggs","LBN",0.0015
"cmilk","ceggs","LBR",0.0015
"cmilk","ceggs","LBY",0.0015
"cmilk","ceggs","LKA",0.0015
"cmilk","ceggs","MDA",0.0015
"cmilk","ceggs","MDG",0.0015
"cmilk","ceggs","MEX",0.0015
"cmilk","ceggs","MLI",0.0015
"cmilk","ceggs","MMR",0.0015
"cmilk","ceggs","MNG",0.0015
"cmilk","ceggs","MOR",0.0015
"cmilk","ceggs","MOZ",0.0015
"cmilk","ceggs","MRT",0.0015
"cmilk","ceggs","MWI",0.0015
"cmilk","ceggs","MYS",0.0015
"cmilk","ceggs","NAM",0.0015
"cmilk","ceggs","NER",0.0015
"cmilk","ceggs","NGA",0.0015
"cmilk","ceggs","NIC",0.0015
"cmilk","ceggs","NLD",0.0015
"cmilk","ceggs","NOR",0.0015
"cmilk","ceggs","NPL",0.0015
"cmilk","ceggs","NZL",0.0015
"cmilk","ceggs","OBN",0.0015
"cmilk","ceggs","OIO",0.0015
"cmilk","ceggs","PAK",0.0015
"cmilk","ceggs","PAN",0.0015
"cmilk","ceggs","PER",0.0015
"cmilk","ceggs","PHL",0.0015
"cmilk","ceggs","POL",0.0015
"cmilk","ceggs","PRT",0.0015
"cmilk","ceggs","PRY",0.0015
"cmilk","ceggs","RAP",0.0015
"cmilk","ceggs","ROU",0.0015
"cmilk","ceggs","RUS",0.0015
"cmilk","ceggs","RWA",0.0015
"cmilk","ceggs","SAU",0.0015
"cmilk","ceggs","SDN",0.0015
"cmilk","ceggs","SEN",0.0015
"cmilk","ceggs","SLE",0.0015
"cmilk","ceggs","SLV",0.0015
"cmilk","ceggs","SPP",0.0015
"cmilk","ceggs","SVK",0.0015
"cmilk","ceggs","SVN",0.0015
"cmilk","ceggs","SWE",0.0015
"cmilk","ceggs","SWZ",0.0015
"cmilk","ceggs","SYR",0.0015
"cmilk","ceggs","TGO",0.0015
"cmilk","ceggs","THA",0.0015
"cmilk","ceggs","TJK",0.0015
"cmilk","ceggs","TKM",0.0015
"cmilk","ceggs","TUN",0.0015
"cmilk","ceggs","TUR",0.0015
"cmilk","ceggs","TZA",0.0015
"cmilk","ceggs","UGA",0.0015
"cmilk","ceggs","UKP",0.0015
"cmilk","ceggs","UKR",0.0015
"cmilk","ceggs","URY",0.0015
"cmilk","ceggs","USA",0.0015
"cmilk","ceggs","UZB",0.0015
"cmilk","ceggs","VEN",0.0015
"cmilk","ceggs","VNM",0.0015
"cmilk","ceggs","YEM",0.0015
"cmilk","ceggs","ZAF",0.0015
"cmilk","ceggs","ZMB",0.0015
"cmilk","ceggs","ZWE",0.0015
"cmilk","cmilk","AFG",-0.8
"cmilk","cmilk","AGO",-0.7
"cmilk","cmilk","ALB",-0.37
"cmilk","cmilk","ARG",-0.45
"cmilk","cmilk","ARM",-0.34
"cmilk","cmilk","AUS",-0.32
"cmilk","cmilk","AUT",-0.32
"cmilk","cmilk","AZE",-0.34
"cmilk","cmilk","BDI",-0.7
"cmilk","cmilk","BEN",-0.7
"cmilk","cmilk","BFA",-0.7
"cmilk","cmilk","BGD",-0.8
"cmilk","cmilk","BGR",-0.37
"cmilk","cmilk","BLR",-0.34
"cmilk","cmilk","BLT",-0.34
"cmilk","cmilk","BLX",-0.32
"cmilk","cmilk","BLZ",-0.37
"cmilk","cmilk","BOL",-0.37
"cmilk","cmilk","BRA",-0.4
"cmilk","cmilk","BTN",-0.8
"cmilk","cmilk","BWA",-0.7
"cmilk","cmilk","CAF",-0.7
"cmilk","cmilk","CAN",-0.35
"cmilk","cmilk","CHL",-0.37
"cmilk","cmilk","CHM",-0.68
"cmilk","cmilk","CHP",-0.32
"cmilk","cmilk","CIV",-0.7
"cmilk","cmilk","CMR",-0.7
"cmilk","cmilk","COG",-0.7
"cmilk","cmilk","COL",-0.37
"cmilk","cmilk","CRB",-0.96
"cmilk","cmilk","CRI",-0.37
"cmilk","cmilk","CUB",-0.37
"cmilk","cmilk","CYP",-0.7
"cmilk","cmilk","CZE",-0.37
"cmilk","cmilk","DEU",-0.32
"cmilk","cmilk","DJI",-0.7
"cmilk","cmilk","DNK",-0.32
"cmilk","cmilk","DOM",-0.37
"cmilk","cmilk","DZA",-0.7
"cmilk","cmilk","ECU",-0.37
"cmilk","cmilk","EGY",-0.53
"cmilk","cmilk","ETH",-0.7
"cmilk","cmilk","FJI",-0.96
"cmilk","cmilk","FNP",-0.32
"cmilk","cmilk","FRP",-0.32
"cmilk","cmilk","GAB",-0.7
"cmilk","cmilk","GEO",-0.34
"cmilk","cmilk","GHA",-0.7
"cmilk","cmilk","GIN",-0.7
"cmilk","cmilk","GMB",-0.7
"cmilk","cmilk","GNB",-0.7
"cmilk","cmilk","GRC",-0.37
"cmilk","cmilk","GSA",-0.37
"cmilk","cmilk","GTM",-0.37
"cmilk","cmilk","HND",-0.37
"cmilk","cmilk","HRV",-0.37
"cmilk","cmilk","HTI",-0.37
"cmilk","cmilk","HUN",-0.37
"cmilk","cmilk","IDN",-0.8
"cmilk","cmilk","IND",-0.54
"cmilk","cmilk","IRL",-0.32
"cmilk","cmilk","IRN",-0.7
"cmilk","cmilk","IRQ",-0.7
"cmilk","cmilk","ISL",-0.32
"cmilk","cmilk","ISR",-0.35
"cmilk","cmilk","ITP",-0.32
"cmilk","cmilk","JAM",-0.96
"cmilk","cmilk","JOR",-0.7
"cmilk","cmilk","JPN",-0.35
"cmilk","cmilk","KAZ",-0.34
"cmilk","cmilk","KEN",-0.7
"cmilk","cmilk","KGZ",-0.34
"cmilk","cmilk","KHM",-0.85
"cmilk","cmilk","KOR",-0.8
"cmilk","cmilk","LAO",-0.85
"cmilk","cmilk","LBN",-0.7
"cmilk","cmilk","LBR",-0.7
"cmilk","cmilk","LBY",-0.7
"cmilk","cmilk","LKA",-0.8
"cmilk","cmilk","LSO",-0.7
"cmilk","cmilk","MDA",-0.37
"cmilk","cmilk","MDG",-0.7
"cmilk","cmilk","MEX",-0.53
"cmilk","cmilk","MLI",-0.7
"cmilk","cmilk","MMR",-0.85
"cmilk","cmilk","MNG",-0.89
"cmilk","cmilk","MOR",-0.7
"cmilk","cmilk","MOZ",-0.7
"cmilk","cmilk","MRT",-0.7
"cmilk","cmilk","MWI",-0.7
"cmilk","cmilk","MYS",-0.7
"cmilk","cmilk","NAM",-0.7
"cmilk","cmilk","NER",-0.7
"cmilk","cmilk","NGA",-0.7
"cmilk","cmilk","NIC",-0.37
"cmilk","cmilk","NLD",-0.32
"cmilk","cmilk","NOR",-0.32
"cmilk","cmilk","NPL",-0.8
"cmilk","cmilk","NZL",-0.35
"cmilk","cmilk","OBN",-0.37
"cmilk","cmilk","OIO",-0.96
"cmilk","cmilk","PAK",-0.3
"cmilk","cmilk","PAN",-0.37
"cmilk","cmilk","PER",-0.37
"cmilk","cmilk","PHL",-0.8
"cmilk","cmilk","POL",-0.37
"cmilk","cmilk","PRT",-0.32
"cmilk","cmilk","PRY",-0.37
"cmilk","cmilk","RAP",-0.7
"cmilk","cmilk","ROU",-0.37
"cmilk","cmilk","RUS",-0.34
"cmilk","cmilk","RWA",-0.7
"cmilk","cmilk","SAU",-0.7
"cmilk","cmilk","SDN",-0.7
"cmilk","cmilk","SEN",-0.7
"cmilk","cmilk","SLE",-0.7
"cmilk","cmilk","SLV",-0.37
"cmilk","cmilk","SOM",-0.7
"cmilk","cmilk","SPP",-0.32
"cmilk","cmilk","SVK",-0.37
"cmilk","cmilk","SVN",-0.37
"cmilk","cmilk","SWE",-0.32
"cmilk","cmilk","SWZ",-0.7
"cmilk","cmilk","SYR",-0.7
"cmilk","cmilk","TCD",-0.7
"cmilk","cmilk","TGO",-0.7
"cmilk","cmilk","THA",-0.84
"cmilk","cmilk","TJK",-0.34
"cmilk","cmilk","TKM",-0.34
"cmilk","cmilk","TUN",-0.7
"cmilk","cmilk","TUR",-0.7
"cmilk","cmilk","TZA",-0.7
"cmilk","cmilk","UGA",-0.7
"cmilk","cmilk","UKP",-0.32
"cmilk","cmilk","UKR",-0.34
"cmilk","cmilk","URY",-0.37
"cmilk","cmilk","USA",-0.17
"cmilk","cmilk","UZB",-0.34
"cmilk","cmilk","VEN",-0.37
"cmilk","cmilk","VNM",-0.85
"cmilk","cmilk","YEM",-0.7
"cmilk","cmilk","ZAF",-0.35
"cmilk","cmilk","ZMB",-0.7
"cmilk","cmilk","ZWE",-0.7
"cmilk","cgrnd","AGO",0.003
"cmilk","cgrnd","ALB",0.003
"cmilk","cgrnd","ARG",0.003
"cmilk","cgrnd","AUS",0.003
"cmilk","cgrnd","BDI",0.003
"cmilk","cgrnd","BEN",0.003
"cmilk","cgrnd","BFA",0.003
"cmilk","cgrnd","BGD",0.003
"cmilk","cgrnd","BLX",0.003
"cmilk","cgrnd","BOL",0.003
"cmilk","cgrnd","BRA",0.003
"cmilk","cgrnd","BWA",0.003
"cmilk","cgrnd","CAF",0.003
"cmilk","cgrnd","CHM",0.003
"cmilk","cgrnd","CHP",0.003
"cmilk","cgrnd","CIV",0.003
"cmilk","cgrnd","CMR",0.003
"cmilk","cgrnd","COG",0.003
"cmilk","cgrnd","COL",0.003
"cmilk","cgrnd","CZE",0.003
"cmilk","cgrnd","DNK",0.003
"cmilk","cgrnd","DOM",0.003
"cmilk","cgrnd","ECU",0.003
"cmilk","cgrnd","EGY",0.003
"cmilk","cgrnd","ETH",0.003
"cmilk","cgrnd","GAB",0.003
"cmilk","cgrnd","GHA",0.003
"cmilk","cgrnd","GIN",0.003
"cmilk","cgrnd","GNB",0.003
"cmilk","cgrnd","GRC",0.003
"cmilk","cgrnd","GTM",0.003
"cmilk","cgrnd","HTI",0.003
"cmilk","cgrnd","HUN",0.003
"cmilk","cgrnd","IDN",0.003
"cmilk","cgrnd","IND",0.003
"cmilk","cgrnd","IRN",0.003
"cmilk","cgrnd","ISR",0.003
"cmilk","cgrnd","ITP",0.003
"cmilk","cgrnd","JOR",0.003
"cmilk","cgrnd","JPN",0.003
"cmilk","cgrnd","KEN",0.003
"cmilk","cgrnd","KHM",0.003
"cmilk","cgrnd","KOR",0.003
"cmilk","cgrnd","LAO",0.003
"cmilk","cgrnd","LBR",0.003
"cmilk","cgrnd","LBY",0.003
"cmilk","cgrnd","LKA",0.003
"cmilk","cgrnd","MDG",0.003
"cmilk","cgrnd","MEX",0.003
"cmilk","cgrnd","MLI",0.003
"cmilk","cgrnd","MMR",0.003
"cmilk","cgrnd","MOR",0.003
"cmilk","cgrnd","MOZ",0.003
"cmilk","cgrnd","MRT",0.003
"cmilk","cgrnd","MWI",0.003
"cmilk","cgrnd","NER",0.003
"cmilk","cgrnd","NGA",0.003
"cmilk","cgrnd","NIC",0.003
"cmilk","cgrnd","NLD",0.003
"cmilk","cgrnd","NPL",0.003
"cmilk","cgrnd","PAK",0.003
"cmilk","cgrnd","PHL",0.003
"cmilk","cgrnd","POL",0.003
"cmilk","cgrnd","PRT",0.003
"cmilk","cgrnd","PRY",0.003
"cmilk","cgrnd","RAP",0.003
"cmilk","cgrnd","RUS",0.003
"cmilk","cgrnd","RWA",0.003
"cmilk","cgrnd","SDN",0.003
"cmilk","cgrnd","SEN",0.003
"cmilk","cgrnd","SLE",0.003
"cmilk","cgrnd","SOM",0.003
"cmilk","cgrnd","SVK",0.003
"cmilk","cgrnd","SYR",0.003
"cmilk","cgrnd","TCD",0.003
"cmilk","cgrnd","TGO",0.003
"cmilk","cgrnd","TJK",0.003
"cmilk","cgrnd","TUR",0.003
"cmilk","cgrnd","TZA",0.003
"cmilk","cgrnd","UGA",0.003
"cmilk","cgrnd","URY",0.003
"cmilk","cgrnd","USA",0.003
"cmilk","cgrnd","UZB",0.003
"cmilk","cgrnd","VNM",0.003
"cmilk","cgrnd","ZMB",0.003
"cmilk","cgrnd","ZWE",0.003
"cmilk","cgdol","BLX",0.003
"cmilk","cgdol","CHM",0.003
"cmilk","cgdol","GIN",0.003
"cmilk","cgdol","MWI",0.003
"cmilk","cgdol","POL",0.003
"cmilk","cgdol","PRT",0.003
"cmilk","cgdol","USA",0.003
"cmilk","cgdol","VNM",0.003
"cmilk","cgdol","ZAF",0.003
"cmilk","crpol","AUS",0.003
"cmilk","crpol","AUT",0.003
"cmilk","crpol","BGR",0.003
"cmilk","crpol","BLR",0.003
"cmilk","crpol","BLT",0.003
"cmilk","crpol","BLX",0.003
"cmilk","crpol","BRA",0.003
"cmilk","crpol","CAN",0.003
"cmilk","crpol","CHL",0.003
"cmilk","crpol","CHM",0.003
"cmilk","crpol","CHP",0.003
"cmilk","crpol","COL",0.003
"cmilk","crpol","CRB",0.003
"cmilk","crpol","CRI",0.003
"cmilk","crpol","CZE",0.003
"cmilk","crpol","DEU",0.003
"cmilk","crpol","DNK",0.003
"cmilk","crpol","DZA",0.003
"cmilk","crpol","ECU",0.003
"cmilk","crpol","EGY",0.003
"cmilk","crpol","FNP",0.003
"cmilk","crpol","FRP",0.003
"cmilk","crpol","GRC",0.003
"cmilk","crpol","GTM",0.003
"cmilk","crpol","HND",0.003
"cmilk","crpol","HTI",0.003
"cmilk","crpol","HUN",0.003
"cmilk","crpol","IDN",0.003
"cmilk","crpol","IND",0.003
"cmilk","crpol","IRL",0.003
"cmilk","crpol","ISL",0.003
"cmilk","crpol","ISR",0.003
"cmilk","crpol","ITP",0.003
"cmilk","crpol","JPN",0.003
"cmilk","crpol","MEX",0.003
"cmilk","crpol","MMR",0.003
"cmilk","crpol","MOR",0.003
"cmilk","crpol","NIC",0.003
"cmilk","crpol","NLD",0.003
"cmilk","crpol","NOR",0.003
"cmilk","crpol","NPL",0.003
"cmilk","crpol","NZL",0.003
"cmilk","crpol","OBN",0.003
"cmilk","crpol","PAK",0.003
"cmilk","crpol","PER",0.003
"cmilk","crpol","POL",0.003
"cmilk","crpol","PRT",0.003
"cmilk","crpol","PRY",0.003
"cmilk","crpol","RAP",0.003
"cmilk","crpol","ROU",0.003
"cmilk","crpol","RUS",0.003
"cmilk","crpol","SLV",0.003
"cmilk","crpol","SPP",0.003
"cmilk","crpol","SVK",0.003
"cmilk","crpol","SVN",0.003
"cmilk","crpol","SWE",0.003
"cmilk","crpol","THA",0.003
"cmilk","crpol","TUR",0.003
"cmilk","crpol","UKP",0.003
"cmilk","crpol","UKR",0.003
"cmilk","crpol","URY",0.003
"cmilk","crpol","USA",0.003
"cmilk","crpol","ZAF",0.003
"cmilk","csoyb","AGO",0.003
"cmilk","csoyb","ALB",0.003
"cmilk","csoyb","ARG",0.003
"cmilk","csoyb","AUT",0.003
"cmilk","csoyb","BEN",0.003
"cmilk","csoyb","BFA",0.003
"cmilk","csoyb","BLR",0.003
"cmilk","csoyb","BLZ",0.003
"cmilk","csoyb","BOL",0.003
"cmilk","csoyb","BRA",0.003
"cmilk","csoyb","CAN",0.003
"cmilk","csoyb","CHL",0.003
"cmilk","csoyb","CHM",0.003
"cmilk","csoyb","CMR",0.003
"cmilk","csoyb","CRB",0.003
"cmilk","csoyb","CRI",0.003
"cmilk","csoyb","CZE",0.003
"cmilk","csoyb","DNK",0.003
"cmilk","csoyb","DOM",0.003
"cmilk","csoyb","ETH",0.003
"cmilk","csoyb","FNP",0.003
"cmilk","csoyb","GEO",0.003
"cmilk","csoyb","GHA",0.003
"cmilk","csoyb","GTM",0.003
"cmilk","csoyb","HUN",0.003
"cmilk","csoyb","IDN",0.003
"cmilk","csoyb","IRL",0.003
"cmilk","csoyb","ISR",0.003
"cmilk","csoyb","KAZ",0.003
"cmilk","csoyb","KEN",0.003
"cmilk","csoyb","LBN",0.003
"cmilk","csoyb","MLI",0.003
"cmilk","csoyb","MWI",0.003
"cmilk","csoyb","MYS",0.003
"cmilk","csoyb","NGA",0.003
"cmilk","csoyb","NIC",0.003
"cmilk","csoyb","NLD",0.003
"cmilk","csoyb","NOR",0.003
"cmilk","csoyb","OBN",0.003
"cmilk","csoyb","PRT",0.003
"cmilk","csoyb","PRY",0.003
"cmilk","csoyb","RAP",0.003
"cmilk","csoyb","ROU",0.003
"cmilk","csoyb","RUS",0.003
"cmilk","csoyb","RWA",0.003
"cmilk","csoyb","SAU",0.003
"cmilk","csoyb","SVK",0.003
"cmilk","csoyb","SVN",0.003
"cmilk","csoyb","SWE",0.003
"cmilk","csoyb","SYR",0.003
"cmilk","csoyb","TGO",0.003
"cmilk","csoyb","TUN",0.003
"cmilk","csoyb","TZA",0.003
"cmilk","csoyb","UGA",0.003
"cmilk","csoyb","UKP",0.003
"cmilk","csoyb","UKR",0.003
"cmilk","csoyb","URY",0.003
"cmilk","csoyb","USA",0.003
"cmilk","csoyb","UZB",0.003
"cmilk","csoyb","ZAF",0.003
"cmilk","csoyb","ZMB",0.003
"cmilk","csbol","ARG",0.003
"cmilk","csbol","AUS",0.003
"cmilk","csbol","AUT",0.003
"cmilk","csbol","BGD",0.003
"cmilk","csbol","BGR",0.003
"cmilk","csbol","BLX",0.003
"cmilk","csbol","BOL",0.003
"cmilk","csbol","BRA",0.003
"cmilk","csbol","CAN",0.003
"cmilk","csbol","CHL",0.003
"cmilk","csbol","CHM",0.003
"cmilk","csbol","COL",0.003
"cmilk","csbol","CRB",0.003
"cmilk","csbol","CRI",0.003
"cmilk","csbol","CUB",0.003
"cmilk","csbol","CYP",0.003
"cmilk","csbol","CZE",0.003
"cmilk","csbol","DEU",0.003
"cmilk","csbol","DNK",0.003
"cmilk","csbol","DOM",0.003
"cmilk","csbol","ECU",0.003
"cmilk","csbol","EGY",0.003
"cmilk","csbol","FNP",0.003
"cmilk","csbol","GRC",0.003
"cmilk","csbol","GSA",0.003
"cmilk","csbol","GTM",0.003
"cmilk","csbol","HND",0.003
"cmilk","csbol","HRV",0.003
"cmilk","csbol","IND",0.003
"cmilk","csbol","IRL",0.003
"cmilk","csbol","IRN",0.003
"cmilk","csbol","IRQ",0.003
"cmilk","csbol","ISL",0.003
"cmilk","csbol","ISR",0.003
"cmilk","csbol","ITP",0.003
"cmilk","csbol","JAM",0.003
"cmilk","csbol","JPN",0.003
"cmilk","csbol","KOR",0.003
"cmilk","csbol","MEX",0.003
"cmilk","csbol","MOR",0.003
"cmilk","csbol","MRT",0.003
"cmilk","csbol","NIC",0.003
"cmilk","csbol","NLD",0.003
"cmilk","csbol","NOR",0.003
"cmilk","csbol","NPL",0.003
"cmilk","csbol","NZL",0.003
"cmilk","csbol","OBN",0.003
"cmilk","csbol","OIO",0.003
"cmilk","csbol","PAK",0.003
"cmilk","csbol","PAN",0.003
"cmilk","csbol","PER",0.003
"cmilk","csbol","PHL",0.003
"cmilk","csbol","POL",0.003
"cmilk","csbol","PRT",0.003
"cmilk","csbol","RAP",0.003
"cmilk","csbol","ROU",0.003
"cmilk","csbol","RUS",0.003
"cmilk","csbol","SAU",0.003
"cmilk","csbol","SEN",0.003
"cmilk","csbol","SLV",0.003
"cmilk","csbol","SPP",0.003
"cmilk","csbol","SVN",0.003
"cmilk","csbol","SWE",0.003
"cmilk","csbol","THA",0.003
"cmilk","csbol","TUN",0.003
"cmilk","csbol","TUR",0.003
"cmilk","csbol","UKP",0.003
"cmilk","csbol","USA",0.003
"cmilk","csbol","UZB",0.003
"cmilk","csbol","VEN",0.003
"cmilk","csbol","ZAF",0.003
"cmilk","csbol","ZWE",0.003
"cmilk","csfol","ALB",0.003
"cmilk","csfol","ARG",0.003
"cmilk","csfol","ARM",0.003
"cmilk","csfol","AUS",0.003
"cmilk","csfol","AUT",0.003
"cmilk","csfol","AZE",0.003
"cmilk","csfol","BGR",0.003
"cmilk","csfol","BLR",0.003
"cmilk","csfol","BLT",0.003
"cmilk","csfol","BLX",0.003
"cmilk","csfol","BOL",0.003
"cmilk","csfol","CAN",0.003
"cmilk","csfol","CHL",0.003
"cmilk","csfol","CHM",0.003
"cmilk","csfol","CHP",0.003
"cmilk","csfol","COL",0.003
"cmilk","csfol","CYP",0.003
"cmilk","csfol","CZE",0.003
"cmilk","csfol","DEU",0.003
"cmilk","csfol","DNK",0.003
"cmilk","csfol","EGY",0.003
"cmilk","csfol","FRP",0.003
"cmilk","csfol","GEO",0.003
"cmilk","csfol","GRC",0.003
"cmilk","csfol","GSA",0.003
"cmilk","csfol","HRV",0.003
"cmilk","csfol","HUN",0.003
"cmilk","csfol","IND",0.003
"cmilk","csfol","IRN",0.003
"cmilk","csfol","IRQ",0.003
"cmilk","csfol","ISR",0.003
"cmilk","csfol","ITP",0.003
"cmilk","csfol","KAZ",0.003
"cmilk","csfol","KGZ",0.003
"cmilk","csfol","LBN",0.003
"cmilk","csfol","MEX",0.003
"cmilk","csfol","MMR",0.003
"cmilk","csfol","MOR",0.003
"cmilk","csfol","NLD",0.003
"cmilk","csfol","NPL",0.003
"cmilk","csfol","NZL",0.003
"cmilk","csfol","OBN",0.003
"cmilk","csfol","OIO",0.003
"cmilk","csfol","PAK",0.003
"cmilk","csfol","PER",0.003
"cmilk","csfol","PRT",0.003
"cmilk","csfol","RAP",0.003
"cmilk","csfol","ROU",0.003
"cmilk","csfol","RUS",0.003
"cmilk","csfol","SAU",0.003
"cmilk","csfol","SPP",0.003
"cmilk","csfol","SVK",0.003
"cmilk","csfol","SVN",0.003
"cmilk","csfol","TJK",0.003
"cmilk","csfol","TKM",0.003
"cmilk","csfol","TUN",0.003
"cmilk","csfol","TUR",0.003
"cmilk","csfol","UKP",0.003
"cmilk","csfol","UKR",0.003
"cmilk","csfol","URY",0.003
"cmilk","csfol","USA",0.003
"cmilk","csfol","UZB",0.003
"cmilk","csfol","VEN",0.003
"cmilk","csfol","ZAF",0.003
"cmilk","cplol","AGO",0.003
"cmilk","cplol","ALB",0.003
"cmilk","cplol","ARG",0.003
"cmilk","cplol","ARM",0.003
"cmilk","cplol","AUS",0.003
"cmilk","cplol","AUT",0.003
"cmilk","cplol","AZE",0.003
"cmilk","cplol","BEN",0.003
"cmilk","cplol","BGD",0.003
"cmilk","cplol","BGR",0.003
"cmilk","cplol","BLR",0.003
"cmilk","cplol","BLT",0.003
"cmilk","cplol","BLX",0.003
"cmilk","cplol","BOL",0.003
"cmilk","cplol","BRA",0.003
"cmilk","cplol","CAN",0.003
"cmilk","cplol","CHL",0.003
"cmilk","cplol","CHM",0.003
"cmilk","cplol","CHP",0.003
"cmilk","cplol","CIV",0.003
"cmilk","cplol","CMR",0.003
"cmilk","cplol","COG",0.003
"cmilk","cplol","COL",0.003
"cmilk","cplol","CRB",0.003
"cmilk","cplol","CRI",0.003
"cmilk","cplol","CYP",0.003
"cmilk","cplol","CZE",0.003
"cmilk","cplol","DEU",0.003
"cmilk","cplol","DJI",0.003
"cmilk","cplol","DNK",0.003
"cmilk","cplol","DOM",0.003
"cmilk","cplol","DZA",0.003
"cmilk","cplol","ECU",0.003
"cmilk","cplol","EGY",0.003
"cmilk","cplol","ETH",0.003
"cmilk","cplol","FJI",0.003
"cmilk","cplol","FNP",0.003
"cmilk","cplol","FRP",0.003
"cmilk","cplol","GAB",0.003
"cmilk","cplol","GEO",0.003
"cmilk","cplol","GHA",0.003
"cmilk","cplol","GIN",0.003
"cmilk","cplol","GNB",0.003
"cmilk","cplol","GRC",0.003
"cmilk","cplol","GSA",0.003
"cmilk","cplol","GTM",0.003
"cmilk","cplol","HND",0.003
"cmilk","cplol","HRV",0.003
"cmilk","cplol","HTI",0.003
"cmilk","cplol","HUN",0.003
"cmilk","cplol","IDN",0.003
"cmilk","cplol","IND",0.003
"cmilk","cplol","IRL",0.003
"cmilk","cplol","IRN",0.003
"cmilk","cplol","IRQ",0.003
"cmilk","cplol","ITP",0.003
"cmilk","cplol","JAM",0.003
"cmilk","cplol","JOR",0.003
"cmilk","cplol","JPN",0.003
"cmilk","cplol","KAZ",0.003
"cmilk","cplol","KEN",0.003
"cmilk","cplol","KGZ",0.003
"cmilk","cplol","KOR",0.003
"cmilk","cplol","LBN",0.003
"cmilk","cplol","LBR",0.003
"cmilk","cplol","LBY",0.003
"cmilk","cplol","LKA",0.003
"cmilk","cplol","MDA",0.003
"cmilk","cplol","MDG",0.003
"cmilk","cplol","MEX",0.003
"cmilk","cplol","MLI",0.003
"cmilk","cplol","MMR",0.003
"cmilk","cplol","MOR",0.003
"cmilk","cplol","MOZ",0.003
"cmilk","cplol","MRT",0.003
"cmilk","cplol","MWI",0.003
"cmilk","cplol","MYS",0.003
"cmilk","cplol","NAM",0.003
"cmilk","cplol","NGA",0.003
"cmilk","cplol","NIC",0.003
"cmilk","cplol","NLD",0.003
"cmilk","cplol","NOR",0.003
"cmilk","cplol","NPL",0.003
"cmilk","cplol","NZL",0.003
"cmilk","cplol","OBN",0.003
"cmilk","cplol","OIO",0.003
"cmilk","cplol","PAK",0.003
"cmilk","cplol","PAN",0.003
"cmilk","cplol","PER",0.003
"cmilk","cplol","PHL",0.003
"cmilk","cplol","POL",0.003
"cmilk","cplol","PRT",0.003
"cmilk","cplol","RAP",0.003
"cmilk","cplol","ROU",0.003
"cmilk","cplol","RUS",0.003
"cmilk","cplol","SAU",0.003
"cmilk","cplol","SEN",0.003
"cmilk","cplol","SLE",0.003
"cmilk","cplol","SLV",0.003
"cmilk","cplol","SOM",0.003
"cmilk","cplol","SPP",0.003
"cmilk","cplol","SVK",0.003
"cmilk","cplol","SVN",0.003
"cmilk","cplol","SWE",0.003
"cmilk","cplol","SYR",0.003
"cmilk","cplol","TGO",0.003
"cmilk","cplol","THA",0.003
"cmilk","cplol","TKM",0.003
"cmilk","cplol","TUN",0.003
"cmilk","cplol","TUR",0.003
"cmilk","cplol","TZA",0.003
"cmilk","cplol","UGA",0.003
"cmilk","cplol","UKP",0.003
"cmilk","cplol","UKR",0.003
"cmilk","cplol","URY",0.003
"cmilk","cplol","USA",0.003
"cmilk","cplol","UZB",0.003
"cmilk","cplol","VEN",0.003
"cmilk","cplol","VNM",0.003
"cmilk","cplol","ZAF",0.003
"cmilk","cplol","ZMB",0.003
"cmilk","cplol","ZWE",0.003
"cmilk","cpkol","MYS",0.003
"cmilk","ctool","AFG",0.003
"cmilk","ctool","AGO",0.003
"cmilk","ctool","ALB",0.003
"cmilk","ctool","ARG",0.003
"cmilk","ctool","AUS",0.003
"cmilk","ctool","AUT",0.003
"cmilk","ctool","AZE",0.003
"cmilk","ctool","BEN",0.003
"cmilk","ctool","BFA",0.003
"cmilk","ctool","BGD",0.003
"cmilk","ctool","BGR",0.003
"cmilk","ctool","BLR",0.003
"cmilk","ctool","BLT",0.003
"cmilk","ctool","BLX",0.003
"cmilk","ctool","BLZ",0.003
"cmilk","ctool","BOL",0.003
"cmilk","ctool","BRA",0.003
"cmilk","ctool","BTN",0.003
"cmilk","ctool","CAN",0.003
"cmilk","ctool","CHL",0.003
"cmilk","ctool","CHM",0.003
"cmilk","ctool","CHP",0.003
"cmilk","ctool","CIV",0.003
"cmilk","ctool","COG",0.003
"cmilk","ctool","COL",0.003
"cmilk","ctool","CRB",0.003
"cmilk","ctool","CRI",0.003
"cmilk","ctool","CYP",0.003
"cmilk","ctool","CZE",0.003
"cmilk","ctool","DEU",0.003
"cmilk","ctool","DJI",0.003
"cmilk","ctool","DNK",0.003
"cmilk","ctool","DOM",0.003
"cmilk","ctool","DZA",0.003
"cmilk","ctool","ECU",0.003
"cmilk","ctool","EGY",0.003
"cmilk","ctool","ETH",0.003
"cmilk","ctool","FJI",0.003
"cmilk","ctool","FNP",0.003
"cmilk","ctool","FRP",0.003
"cmilk","ctool","GHA",0.003
"cmilk","ctool","GIN",0.003
"cmilk","ctool","GMB",0.003
"cmilk","ctool","GNB",0.003
"cmilk","ctool","GRC",0.003
"cmilk","ctool","GSA",0.003
"cmilk","ctool","GTM",0.003
"cmilk","ctool","HND",0.003
"cmilk","ctool","HRV",0.003
"cmilk","ctool","HTI",0.003
"cmilk","ctool","HUN",0.003
"cmilk","ctool","IDN",0.003
"cmilk","ctool","IND",0.003
"cmilk","ctool","IRL",0.003
"cmilk","ctool","IRN",0.003
"cmilk","ctool","IRQ",0.003
"cmilk","ctool","ISL",0.003
"cmilk","ctool","ISR",0.003
"cmilk","ctool","ITP",0.003
"cmilk","ctool","JAM",0.003
"cmilk","ctool","JOR",0.003
"cmilk","ctool","JPN",0.003
"cmilk","ctool","KAZ",0.003
"cmilk","ctool","KEN",0.003
"cmilk","ctool","KHM",0.003
"cmilk","ctool","KOR",0.003
"cmilk","ctool","LBN",0.003
"cmilk","ctool","LBY",0.003
"cmilk","ctool","LKA",0.003
"cmilk","ctool","MDA",0.003
"cmilk","ctool","MDG",0.003
"cmilk","ctool","MEX",0.003
"cmilk","ctool","MLI",0.003
"cmilk","ctool","MMR",0.003
"cmilk","ctool","MOR",0.003
"cmilk","ctool","MOZ",0.003
"cmilk","ctool","MWI",0.003
"cmilk","ctool","MYS",0.003
"cmilk","ctool","NER",0.003
"cmilk","ctool","NGA",0.003
"cmilk","ctool","NLD",0.003
"cmilk","ctool","NOR",0.003
"cmilk","ctool","NPL",0.003
"cmilk","ctool","NZL",0.003
"cmilk","ctool","OBN",0.003
"cmilk","ctool","OIO",0.003
"cmilk","ctool","PAK",0.003
"cmilk","ctool","PAN",0.003
"cmilk","ctool","PER",0.003
"cmilk","ctool","PHL",0.003
"cmilk","ctool","POL",0.003
"cmilk","ctool","PRT",0.003
"cmilk","ctool","PRY",0.003
"cmilk","ctool","RAP",0.003
"cmilk","ctool","ROU",0.003
"cmilk","ctool","RUS",0.003
"cmilk","ctool","RWA",0.003
"cmilk","ctool","SAU",0.003
"cmilk","ctool","SEN",0.003
"cmilk","ctool","SLV",0.003
"cmilk","ctool","SPP",0.003
"cmilk","ctool","SVK",0.003
"cmilk","ctool","SVN",0.003
"cmilk","ctool","SWE",0.003
"cmilk","ctool","SYR",0.003
"cmilk","ctool","TCD",0.003
"cmilk","ctool","THA",0.003
"cmilk","ctool","TJK",0.003
"cmilk","ctool","TKM",0.003
"cmilk","ctool","TUN",0.003
"cmilk","ctool","TUR",0.003
"cmilk","ctool","TZA",0.003
"cmilk","ctool","UGA",0.003
"cmilk","ctool","UKP",0.003
"cmilk","ctool","UKR",0.003
"cmilk","ctool","URY",0.003
"cmilk","ctool","USA",0.003
"cmilk","ctool","UZB",0.003
"cmilk","ctool","VEN",0.003
"cmilk","ctool","VNM",0.003
"cmilk","ctool","ZAF",0.003
"cmilk","ctool","ZWE",0.003
"cbarl","cbarl","AFG",-0.285
"cbarl","cbarl","AGO",-0.309739418681606
"cbarl","cbarl","ALB",-0.1
"cbarl","cbarl","ARG",-0.199635785154319
"cbarl","cbarl","ARM",-0.085
"cbarl","cbarl","AUS",-0.217634814881045
"cbarl","cbarl","AUT",-0.26
"cbarl","cbarl","AZE",-0.085
"cbarl","cbarl","BDI",-0.335
"cbarl","cbarl","BEN",-0.339429308635778
"cbarl","cbarl","BFA",-0.248011838375783
"cbarl","cbarl","BGD",-0.250491411697152
"cbarl","cbarl","BGR",-0.1
"cbarl","cbarl","BLR",-0.11819865876
"cbarl","cbarl","BLT",-0.11819865876
"cbarl","cbarl","BLX",-0.2584709435248
"cbarl","cbarl","BLZ",-0.21
"cbarl","cbarl","BOL",-0.209038335286036
"cbarl","cbarl","BRA",-0.174751440211045
"cbarl","cbarl","BWA",-0.31183510431332
"cbarl","cbarl","CAF",-0.34
"cbarl","cbarl","CAN",-0.231034699821998
"cbarl","cbarl","CHL",-0.206958120819179
"cbarl","cbarl","CHM",-0.12726614529812
"cbarl","cbarl","CHP",-0.26
"cbarl","cbarl","CIV",-0.34
"cbarl","cbarl","CMR",-0.339126549491647
"cbarl","cbarl","COD",-0.339255037712651
"cbarl","cbarl","COG",-0.338593284956915
"cbarl","cbarl","COL",-0.218592558909562
"cbarl","cbarl","CRB",-0.16
"cbarl","cbarl","CRI",-0.21
"cbarl","cbarl","CUB",-0.21
"cbarl","cbarl","CYP",-0.123969850422424
"cbarl","cbarl","CZE",-0.1
"cbarl","cbarl","DEU",-0.259177838073646
"cbarl","cbarl","DNK",-0.255606059204542
"cbarl","cbarl","DOM",-0.21
"cbarl","cbarl","DZA",-0.12287244378108
"cbarl","cbarl","ECU",-0.206244337947699
"cbarl","cbarl","EGY",-0.166480527200524
"cbarl","cbarl","ETH",-0.247990955905283
"cbarl","cbarl","FJI",-0.16
"cbarl","cbarl","FNP",-0.255606059204542
"cbarl","cbarl","FRP",-0.258749503813361
"cbarl","cbarl","GAB",-0.34
"cbarl","cbarl","GEO",-0.085
"cbarl","cbarl","GHA",-0.338129024073102
"cbarl","cbarl","GIN",-0.339171025667682
"cbarl","cbarl","GNB",-0.34
"cbarl","cbarl","GRC",-0.1
"cbarl","cbarl","GSA",-0.21
"cbarl","cbarl","GTM",-0.21
"cbarl","cbarl","HND",-0.21
"cbarl","cbarl","HRV",-0.1
"cbarl","cbarl","HTI",-0.21
"cbarl","cbarl","HUN",-0.1
"cbarl","cbarl","IDN",-0.287243549136853
"cbarl","cbarl","IND",-0.221152889052643
"cbarl","cbarl","IRL",-0.257099186324131
"cbarl","cbarl","IRN",-0.122202158713854
"cbarl","cbarl","IRQ",-0.124285497741256
"cbarl","cbarl","ISL",-0.255606059204542
"cbarl","cbarl","ISR",-0.234909352316559
"cbarl","cbarl","ITP",-0.259598234876172
"cbarl","cbarl","JAM",-0.16
"cbarl","cbarl","JOR",-0.125
"cbarl","cbarl","JPN",-0.0999999999999973
"cbarl","cbarl","KAZ",-0.11819865876
"cbarl","cbarl","KEN",-0.333422738838686
"cbarl","cbarl","KGZ",-0.0849999999999991
"cbarl","cbarl","KHM",-0.233277642419097
"cbarl","cbarl","KOR",-0.14
"cbarl","cbarl","LAO",-0.233277642419097
"cbarl","cbarl","LBN",-0.123465241609119
"cbarl","cbarl","LBR",-0.34
"cbarl","cbarl","LBY",-0.125
"cbarl","cbarl","LKA",-0.281978048589717
"cbarl","cbarl","LSO",-0.313751578443213
"cbarl","cbarl","MDA",-0.1
"cbarl","cbarl","MDG",-0.315
"cbarl","cbarl","MEX",-0.185
"cbarl","cbarl","MLI",-0.246362956366505
"cbarl","cbarl","MMR",-0.253277956953654
"cbarl","cbarl","MNG",-0.185
"cbarl","cbarl","MOR",-0.123131755995462
"cbarl","cbarl","MOZ",-0.310671408547701
"cbarl","cbarl","MWI",-0.315
"cbarl","cbarl","MYS",-0.145
"cbarl","cbarl","NAM",-0.313015875898811
"cbarl","cbarl","NER",-0.249582472104221
"cbarl","cbarl","NGA",-0.334341568008261
"cbarl","cbarl","NIC",-0.21
"cbarl","cbarl","NLD",-0.25949562594669
"cbarl","cbarl","NOR",-0.255606059204542
"cbarl","cbarl","NPL",-0.284267057100863
"cbarl","cbarl","NZL",-0.235
"cbarl","cbarl","OBN",-0.1
"cbarl","cbarl","OIO",-0.16
"cbarl","cbarl","OPO",-0.16
"cbarl","cbarl","PAK",-0.165
"cbarl","cbarl","PAN",-0.21
"cbarl","cbarl","PER",-0.207206761159409
"cbarl","cbarl","PHL",-0.165768707416546
"cbarl","cbarl","PNG",-0.16
"cbarl","cbarl","POL",-0.1
"cbarl","cbarl","PRT",-0.258031335306976
"cbarl","cbarl","PRY",-0.209038335286036
"cbarl","cbarl","RAP",-0.123958938282765
"cbarl","cbarl","ROU",-0.1
"cbarl","cbarl","RUS",-0.11819865876
"cbarl","cbarl","RWA",-0.330237364843416
"cbarl","cbarl","SAU",-0.123958938282765
"cbarl","cbarl","SEN",-0.338586320748309
"cbarl","cbarl","SLB",-0.16
"cbarl","cbarl","SLE",-0.34
"cbarl","cbarl","SLV",-0.21
"cbarl","cbarl","SPP",-0.258031335306976
"cbarl","cbarl","SVK",-0.1
"cbarl","cbarl","SVN",-0.1
"cbarl","cbarl","SWE",-0.255606059204542
"cbarl","cbarl","SWZ",-0.314344396829555
"cbarl","cbarl","SYR",-0.124193988292606
"cbarl","cbarl","TCD",-0.25
"cbarl","cbarl","TGO",-0.34
"cbarl","cbarl","THA",-0.175
"cbarl","cbarl","TJK",-0.085
"cbarl","cbarl","TKM",-0.085
"cbarl","cbarl","TUN",-0.123027266447989
"cbarl","cbarl","TUR",-0.119566005472355
"cbarl","cbarl","TZA",-0.335
"cbarl","cbarl","UGA",-0.331005211600056
"cbarl","cbarl","UKP",-0.257099186324131
"cbarl","cbarl","UKR",-0.11819865876
"cbarl","cbarl","URY",-0.21
"cbarl","cbarl","USA",-0.255
"cbarl","cbarl","UZB",-0.11819865876
"cbarl","cbarl","VEN",-0.21
"cbarl","cbarl","VNM",-0.262199049639761
"cbarl","cbarl","YEM",-0.123958938282765
"cbarl","cbarl","ZAF",-0.229788170767736
"cbarl","cbarl","ZMB",-0.313060978721459
"cbarl","cbarl","ZWE",-0.315
"cbarl","cmaiz","AFG",0.00375
"cbarl","cmaiz","AGO",0.00375
"cbarl","cmaiz","ALB",0.00375
"cbarl","cmaiz","ARG",0.00375
"cbarl","cmaiz","ARM",0.00375
"cbarl","cmaiz","AUS",0.00375
"cbarl","cmaiz","AUT",0.00375
"cbarl","cmaiz","AZE",0.00375
"cbarl","cmaiz","BDI",0.00375
"cbarl","cmaiz","BEN",0.00375
"cbarl","cmaiz","BFA",0.00375
"cbarl","cmaiz","BGD",0.00375
"cbarl","cmaiz","BGR",0.00375
"cbarl","cmaiz","BLR",0.00375
"cbarl","cmaiz","BLT",0.00375
"cbarl","cmaiz","BLX",0.00375
"cbarl","cmaiz","BLZ",0.00375
"cbarl","cmaiz","BOL",0.00375
"cbarl","cmaiz","BRA",0.00375
"cbarl","cmaiz","BWA",0.00375
"cbarl","cmaiz","CAF",0.00375
"cbarl","cmaiz","CAN",0.00375
"cbarl","cmaiz","CHL",0.00375
"cbarl","cmaiz","CHM",0.00375
"cbarl","cmaiz","CHP",0.00375
"cbarl","cmaiz","CIV",0.00375
"cbarl","cmaiz","CMR",0.00375
"cbarl","cmaiz","COD",0.00375
"cbarl","cmaiz","COG",0.00375
"cbarl","cmaiz","COL",0.00375
"cbarl","cmaiz","CRB",0.00375
"cbarl","cmaiz","CRI",0.00375
"cbarl","cmaiz","CUB",0.00375
"cbarl","cmaiz","CYP",0.00375
"cbarl","cmaiz","CZE",0.00375
"cbarl","cmaiz","DEU",0.00375
"cbarl","cmaiz","DNK",0.00375
"cbarl","cmaiz","DOM",0.00375
"cbarl","cmaiz","DZA",0.00375
"cbarl","cmaiz","ECU",0.00375
"cbarl","cmaiz","EGY",0.00375
"cbarl","cmaiz","ETH",0.00375
"cbarl","cmaiz","FNP",0.00375
"cbarl","cmaiz","FRP",0.00375
"cbarl","cmaiz","GAB",0.00375
"cbarl","cmaiz","GEO",0.00375
"cbarl","cmaiz","GHA",0.00375
"cbarl","cmaiz","GIN",0.00375
"cbarl","cmaiz","GNB",0.00375
"cbarl","cmaiz","GRC",0.00375
"cbarl","cmaiz","GSA",0.00375
"cbarl","cmaiz","GTM",0.00375
"cbarl","cmaiz","HND",0.00375
"cbarl","cmaiz","HRV",0.00375
"cbarl","cmaiz","HTI",0.00375
"cbarl","cmaiz","HUN",0.00375
"cbarl","cmaiz","IDN",0.00375
"cbarl","cmaiz","IND",0.00375
"cbarl","cmaiz","IRL",0.00375
"cbarl","cmaiz","IRN",0.00375
"cbarl","cmaiz","IRQ",0.00375
"cbarl","cmaiz","ISL",0.00375
"cbarl","cmaiz","ISR",0.00375
"cbarl","cmaiz","ITP",0.00375
"cbarl","cmaiz","JAM",0.00375
"cbarl","cmaiz","JOR",0.00375
"cbarl","cmaiz","JPN",0.00375
"cbarl","cmaiz","KAZ",0.00375
"cbarl","cmaiz","KEN",0.00375
"cbarl","cmaiz","KGZ",0.00375
"cbarl","cmaiz","KHM",0.00375
"cbarl","cmaiz","KOR",0.00375
"cbarl","cmaiz","LAO",0.00375
"cbarl","cmaiz","LBN",0.00375
"cbarl","cmaiz","LBY",0.00375
"cbarl","cmaiz","LKA",0.00375
"cbarl","cmaiz","LSO",0.00375
"cbarl","cmaiz","MDA",0.00375
"cbarl","cmaiz","MDG",0.00375
"cbarl","cmaiz","MEX",0.00375
"cbarl","cmaiz","MLI",0.00375
"cbarl","cmaiz","MMR",0.00375
"cbarl","cmaiz","MOR",0.00375
"cbarl","cmaiz","MOZ",0.00375
"cbarl","cmaiz","MWI",0.00375
"cbarl","cmaiz","MYS",0.00375
"cbarl","cmaiz","NAM",0.00375
"cbarl","cmaiz","NER",0.00375
"cbarl","cmaiz","NGA",0.00375
"cbarl","cmaiz","NIC",0.00375
"cbarl","cmaiz","NLD",0.00375
"cbarl","cmaiz","NOR",0.00375
"cbarl","cmaiz","NPL",0.00375
"cbarl","cmaiz","NZL",0.00375
"cbarl","cmaiz","OBN",0.00375
"cbarl","cmaiz","OIO",0.00375
"cbarl","cmaiz","OPO",0.00375
"cbarl","cmaiz","PAK",0.00375
"cbarl","cmaiz","PAN",0.00375
"cbarl","cmaiz","PER",0.00375
"cbarl","cmaiz","PHL",0.00375
"cbarl","cmaiz","PNG",0.00375
"cbarl","cmaiz","POL",0.00375
"cbarl","cmaiz","PRT",0.00375
"cbarl","cmaiz","PRY",0.00375
"cbarl","cmaiz","RAP",0.00375
"cbarl","cmaiz","ROU",0.00375
"cbarl","cmaiz","RUS",0.00375
"cbarl","cmaiz","RWA",0.00375
"cbarl","cmaiz","SAU",0.00375
"cbarl","cmaiz","SEN",0.00375
"cbarl","cmaiz","SLE",0.00375
"cbarl","cmaiz","SLV",0.00375
"cbarl","cmaiz","SPP",0.00375
"cbarl","cmaiz","SVK",0.00375
"cbarl","cmaiz","SVN",0.00375
"cbarl","cmaiz","SWE",0.00375
"cbarl","cmaiz","SWZ",0.00375
"cbarl","cmaiz","SYR",0.00375
"cbarl","cmaiz","TCD",0.00375
"cbarl","cmaiz","TGO",0.00375
"cbarl","cmaiz","THA",0.00375
"cbarl","cmaiz","TJK",0.00375
"cbarl","cmaiz","TKM",0.00375
"cbarl","cmaiz","TUN",0.00375
"cbarl","cmaiz","TUR",0.00375
"cbarl","cmaiz","TZA",0.00375
"cbarl","cmaiz","UGA",0.00375
"cbarl","cmaiz","UKP",0.00375
"cbarl","cmaiz","UKR",0.00375
"cbarl","cmaiz","URY",0.00375
"cbarl","cmaiz","USA",0.00375
"cbarl","cmaiz","UZB",0.00375
"cbarl","cmaiz","VEN",0.00375
"cbarl","cmaiz","VNM",0.00375
"cbarl","cmaiz","YEM",0.00375
"cbarl","cmaiz","ZAF",0.00375
"cbarl","cmaiz","ZMB",0.00375
"cbarl","cmaiz","ZWE",0.00375
"cbarl","cmill","AGO",0.003
"cbarl","cmill","AUS",0.003
"cbarl","cmill","BDI",0.003
"cbarl","cmill","BEN",0.003
"cbarl","cmill","BFA",0.003
"cbarl","cmill","BGD",0.003
"cbarl","cmill","BLR",0.003
"cbarl","cmill","CAF",0.003
"cbarl","cmill","CHM",0.003
"cbarl","cmill","CIV",0.003
"cbarl","cmill","CMR",0.003
"cbarl","cmill","COD",0.003
"cbarl","cmill","COG",0.003
"cbarl","cmill","ETH",0.003
"cbarl","cmill","GHA",0.003
"cbarl","cmill","GIN",0.003
"cbarl","cmill","GNB",0.003
"cbarl","cmill","IND",0.003
"cbarl","cmill","IRN",0.003
"cbarl","cmill","IRQ",0.003
"cbarl","cmill","KAZ",0.003
"cbarl","cmill","KEN",0.003
"cbarl","cmill","MLI",0.003
"cbarl","cmill","MMR",0.003
"cbarl","cmill","MOR",0.003
"cbarl","cmill","MOZ",0.003
"cbarl","cmill","MWI",0.003
"cbarl","cmill","NAM",0.003
"cbarl","cmill","NER",0.003
"cbarl","cmill","NGA",0.003
"cbarl","cmill","NPL",0.003
"cbarl","cmill","PAK",0.003
"cbarl","cmill","POL",0.003
"cbarl","cmill","RUS",0.003
"cbarl","cmill","SAU",0.003
"cbarl","cmill","SEN",0.003
"cbarl","cmill","SLE",0.003
"cbarl","cmill","TCD",0.003
"cbarl","cmill","TGO",0.003
"cbarl","cmill","TUR",0.003
"cbarl","cmill","TZA",0.003
"cbarl","cmill","UGA",0.003
"cbarl","cmill","UKR",0.003
"cbarl","cmill","USA",0.003
"cbarl","cmill","UZB",0.003
"cbarl","cmill","YEM",0.003
"cbarl","cmill","ZMB",0.003
"cbarl","cmill","ZWE",0.003
"cbarl","crice","AFG",0.003
"cbarl","crice","AGO",0.003
"cbarl","crice","ARG",0.003
"cbarl","crice","AUS",0.003
"cbarl","crice","AUT",0.003
"cbarl","crice","AZE",0.003
"cbarl","crice","BDI",0.003
"cbarl","crice","BEN",0.003
"cbarl","crice","BFA",0.003
"cbarl","crice","BGD",0.003
"cbarl","crice","BGR",0.003
"cbarl","crice","BLX",0.003
"cbarl","crice","BLZ",0.003
"cbarl","crice","BOL",0.003
"cbarl","crice","BRA",0.003
"cbarl","crice","BWA",0.003
"cbarl","crice","CAF",0.003
"cbarl","crice","CAN",0.003
"cbarl","crice","CHL",0.003
"cbarl","crice","CHM",0.003
"cbarl","crice","CHP",0.003
"cbarl","crice","CIV",0.003
"cbarl","crice","CMR",0.003
"cbarl","crice","COD",0.003
"cbarl","crice","COG",0.003
"cbarl","crice","COL",0.003
"cbarl","crice","CRB",0.003
"cbarl","crice","CRI",0.003
"cbarl","crice","CUB",0.003
"cbarl","crice","CZE",0.003
"cbarl","crice","DEU",0.003
"cbarl","crice","DNK",0.003
"cbarl","crice","DOM",0.003
"cbarl","crice","ECU",0.003
"cbarl","crice","EGY",0.003
"cbarl","crice","ETH",0.003
"cbarl","crice","FJI",0.003
"cbarl","crice","FNP",0.003
"cbarl","crice","FRP",0.003
"cbarl","crice","GHA",0.003
"cbarl","crice","GIN",0.003
"cbarl","crice","GNB",0.003
"cbarl","crice","GRC",0.003
"cbarl","crice","GSA",0.003
"cbarl","crice","GTM",0.003
"cbarl","crice","HND",0.003
"cbarl","crice","HTI",0.003
"cbarl","crice","HUN",0.003
"cbarl","crice","IDN",0.003
"cbarl","crice","IND",0.003
"cbarl","crice","IRL",0.003
"cbarl","crice","IRN",0.003
"cbarl","crice","IRQ",0.003
"cbarl","crice","ITP",0.003
"cbarl","crice","JAM",0.003
"cbarl","crice","JPN",0.003
"cbarl","crice","KAZ",0.003
"cbarl","crice","KEN",0.003
"cbarl","crice","KGZ",0.003
"cbarl","crice","KHM",0.003
"cbarl","crice","KOR",0.003
"cbarl","crice","LAO",0.003
"cbarl","crice","LBR",0.003
"cbarl","crice","LBY",0.003
"cbarl","crice","LKA",0.003
"cbarl","crice","MDG",0.003
"cbarl","crice","MEX",0.003
"cbarl","crice","MLI",0.003
"cbarl","crice","MMR",0.003
"cbarl","crice","MOR",0.003
"cbarl","crice","MOZ",0.003
"cbarl","crice","MWI",0.003
"cbarl","crice","MYS",0.003
"cbarl","crice","NAM",0.003
"cbarl","crice","NER",0.003
"cbarl","crice","NGA",0.003
"cbarl","crice","NIC",0.003
"cbarl","crice","NLD",0.003
"cbarl","crice","NPL",0.003
"cbarl","crice","NZL",0.003
"cbarl","crice","OBN",0.003
"cbarl","crice","OIO",0.003
"cbarl","crice","PAK",0.003
"cbarl","crice","PAN",0.003
"cbarl","crice","PER",0.003
"cbarl","crice","PHL",0.003
"cbarl","crice","POL",0.003
"cbarl","crice","PRT",0.003
"cbarl","crice","PRY",0.003
"cbarl","crice","RAP",0.003
"cbarl","crice","ROU",0.003
"cbarl","crice","RUS",0.003
"cbarl","crice","RWA",0.003
"cbarl","crice","SAU",0.003
"cbarl","crice","SEN",0.003
"cbarl","crice","SLE",0.003
"cbarl","crice","SLV",0.003
"cbarl","crice","SPP",0.003
"cbarl","crice","SWE",0.003
"cbarl","crice","SYR",0.003
"cbarl","crice","TCD",0.003
"cbarl","crice","TGO",0.003
"cbarl","crice","THA",0.003
"cbarl","crice","TJK",0.003
"cbarl","crice","TKM",0.003
"cbarl","crice","TUN",0.003
"cbarl","crice","TUR",0.003
"cbarl","crice","TZA",0.003
"cbarl","crice","UGA",0.003
"cbarl","crice","UKP",0.003
"cbarl","crice","UKR",0.003
"cbarl","crice","URY",0.003
"cbarl","crice","USA",0.003
"cbarl","crice","UZB",0.003
"cbarl","crice","VEN",0.003
"cbarl","crice","VNM",0.003
"cbarl","crice","ZAF",0.003
"cbarl","crice","ZMB",0.003
"cbarl","crice","ZWE",0.003
"cbarl","csorg","AGO",0.003
"cbarl","csorg","ARG",0.003
"cbarl","csorg","AUS",0.003
"cbarl","csorg","AUT",0.003
"cbarl","csorg","BDI",0.003
"cbarl","csorg","BEN",0.003
"cbarl","csorg","BFA",0.003
"cbarl","csorg","BGR",0.003
"cbarl","csorg","BLZ",0.003
"cbarl","csorg","BOL",0.003
"cbarl","csorg","BRA",0.003
"cbarl","csorg","BWA",0.003
"cbarl","csorg","CAF",0.003
"cbarl","csorg","CHM",0.003
"cbarl","csorg","CIV",0.003
"cbarl","csorg","CMR",0.003
"cbarl","csorg","CUB",0.003
"cbarl","csorg","ECU",0.003
"cbarl","csorg","EGY",0.003
"cbarl","csorg","ETH",0.003
"cbarl","csorg","FRP",0.003
"cbarl","csorg","GHA",0.003
"cbarl","csorg","GIN",0.003
"cbarl","csorg","GNB",0.003
"cbarl","csorg","GTM",0.003
"cbarl","csorg","HND",0.003
"cbarl","csorg","HTI",0.003
"cbarl","csorg","HUN",0.003
"cbarl","csorg","IND",0.003
"cbarl","csorg","IRQ",0.003
"cbarl","csorg","ISR",0.003
"cbarl","csorg","ITP",0.003
"cbarl","csorg","KAZ",0.003
"cbarl","csorg","KEN",0.003
"cbarl","csorg","LSO",0.003
"cbarl","csorg","MDA",0.003
"cbarl","csorg","MEX",0.003
"cbarl","csorg","MLI",0.003
"cbarl","csorg","MMR",0.003
"cbarl","csorg","MOR",0.003
"cbarl","csorg","MOZ",0.003
"cbarl","csorg","MWI",0.003
"cbarl","csorg","NAM",0.003
"cbarl","csorg","NER",0.003
"cbarl","csorg","NGA",0.003
"cbarl","csorg","NIC",0.003
"cbarl","csorg","PAK",0.003
"cbarl","csorg","PNG",0.003
"cbarl","csorg","POL",0.003
"cbarl","csorg","PRY",0.003
"cbarl","csorg","RAP",0.003
"cbarl","csorg","ROU",0.003
"cbarl","csorg","RUS",0.003
"cbarl","csorg","RWA",0.003
"cbarl","csorg","SAU",0.003
"cbarl","csorg","SEN",0.003
"cbarl","csorg","SLE",0.003
"cbarl","csorg","SLV",0.003
"cbarl","csorg","SPP",0.003
"cbarl","csorg","SVK",0.003
"cbarl","csorg","SWZ",0.003
"cbarl","csorg","SYR",0.003
"cbarl","csorg","TCD",0.003
"cbarl","csorg","TGO",0.003
"cbarl","csorg","THA",0.003
"cbarl","csorg","TUR",0.003
"cbarl","csorg","TZA",0.003
"cbarl","csorg","UGA",0.003
"cbarl","csorg","UKR",0.003
"cbarl","csorg","URY",0.003
"cbarl","csorg","USA",0.003
"cbarl","csorg","UZB",0.003
"cbarl","csorg","VEN",0.003
"cbarl","csorg","YEM",0.003
"cbarl","csorg","ZAF",0.003
"cbarl","csorg","ZMB",0.003
"cbarl","csorg","ZWE",0.003
"cbarl","cwhea","AFG",0.003
"cbarl","cwhea","AGO",0.003
"cbarl","cwhea","ALB",0.003
"cbarl","cwhea","ARG",0.003
"cbarl","cwhea","ARM",0.003
"cbarl","cwhea","AUS",0.003
"cbarl","cwhea","AUT",0.003
"cbarl","cwhea","AZE",0.003
"cbarl","cwhea","BDI",0.003
"cbarl","cwhea","BEN",0.003
"cbarl","cwhea","BFA",0.003
"cbarl","cwhea","BGD",0.003
"cbarl","cwhea","BGR",0.003
"cbarl","cwhea","BLR",0.003
"cbarl","cwhea","BLT",0.003
"cbarl","cwhea","BLX",0.003
"cbarl","cwhea","BLZ",0.003
"cbarl","cwhea","BOL",0.003
"cbarl","cwhea","BRA",0.003
"cbarl","cwhea","BWA",0.003
"cbarl","cwhea","CAN",0.003
"cbarl","cwhea","CHL",0.003
"cbarl","cwhea","CHM",0.003
"cbarl","cwhea","CHP",0.003
"cbarl","cwhea","CIV",0.003
"cbarl","cwhea","CMR",0.003
"cbarl","cwhea","COD",0.003
"cbarl","cwhea","COL",0.003
"cbarl","cwhea","CRB",0.003
"cbarl","cwhea","CRI",0.003
"cbarl","cwhea","CUB",0.003
"cbarl","cwhea","CYP",0.003
"cbarl","cwhea","CZE",0.003
"cbarl","cwhea","DEU",0.003
"cbarl","cwhea","DNK",0.003
"cbarl","cwhea","DOM",0.003
"cbarl","cwhea","DZA",0.003
"cbarl","cwhea","ECU",0.003
"cbarl","cwhea","EGY",0.003
"cbarl","cwhea","ETH",0.003
"cbarl","cwhea","FNP",0.003
"cbarl","cwhea","FRP",0.003
"cbarl","cwhea","GAB",0.003
"cbarl","cwhea","GEO",0.003
"cbarl","cwhea","GHA",0.003
"cbarl","cwhea","GRC",0.003
"cbarl","cwhea","GSA",0.003
"cbarl","cwhea","GTM",0.003
"cbarl","cwhea","HRV",0.003
"cbarl","cwhea","HUN",0.003
"cbarl","cwhea","IDN",0.003
"cbarl","cwhea","IND",0.003
"cbarl","cwhea","IRL",0.003
"cbarl","cwhea","IRN",0.003
"cbarl","cwhea","IRQ",0.003
"cbarl","cwhea","ISL",0.003
"cbarl","cwhea","ISR",0.003
"cbarl","cwhea","ITP",0.003
"cbarl","cwhea","JOR",0.003
"cbarl","cwhea","JPN",0.003
"cbarl","cwhea","KAZ",0.003
"cbarl","cwhea","KEN",0.003
"cbarl","cwhea","KGZ",0.003
"cbarl","cwhea","KOR",0.003
"cbarl","cwhea","LBN",0.003
"cbarl","cwhea","LBY",0.003
"cbarl","cwhea","LKA",0.003
"cbarl","cwhea","LSO",0.003
"cbarl","cwhea","MDA",0.003
"cbarl","cwhea","MDG",0.003
"cbarl","cwhea","MEX",0.003
"cbarl","cwhea","MLI",0.003
"cbarl","cwhea","MMR",0.003
"cbarl","cwhea","MNG",0.003
"cbarl","cwhea","MOR",0.003
"cbarl","cwhea","MOZ",0.003
"cbarl","cwhea","MWI",0.003
"cbarl","cwhea","MYS",0.003
"cbarl","cwhea","NGA",0.003
"cbarl","cwhea","NIC",0.003
"cbarl","cwhea","NLD",0.003
"cbarl","cwhea","NOR",0.003
"cbarl","cwhea","NPL",0.003
"cbarl","cwhea","NZL",0.003
"cbarl","cwhea","OBN",0.003
"cbarl","cwhea","OPO",0.003
"cbarl","cwhea","PAK",0.003
"cbarl","cwhea","PAN",0.003
"cbarl","cwhea","PER",0.003
"cbarl","cwhea","PHL",0.003
"cbarl","cwhea","POL",0.003
"cbarl","cwhea","PRT",0.003
"cbarl","cwhea","PRY",0.003
"cbarl","cwhea","RAP",0.003
"cbarl","cwhea","ROU",0.003
"cbarl","cwhea","RUS",0.003
"cbarl","cwhea","RWA",0.003
"cbarl","cwhea","SAU",0.003
"cbarl","cwhea","SEN",0.003
"cbarl","cwhea","SLE",0.003
"cbarl","cwhea","SLV",0.003
"cbarl","cwhea","SPP",0.003
"cbarl","cwhea","SVK",0.003
"cbarl","cwhea","SVN",0.003
"cbarl","cwhea","SWE",0.003
"cbarl","cwhea","SWZ",0.003
"cbarl","cwhea","SYR",0.003
"cbarl","cwhea","THA",0.003
"cbarl","cwhea","TJK",0.003
"cbarl","cwhea","TKM",0.003
"cbarl","cwhea","TUN",0.003
"cbarl","cwhea","TUR",0.003
"cbarl","cwhea","TZA",0.003
"cbarl","cwhea","UGA",0.003
"cbarl","cwhea","UKP",0.003
"cbarl","cwhea","UKR",0.003
"cbarl","cwhea","URY",0.003
"cbarl","cwhea","USA",0.003
"cbarl","cwhea","UZB",0.003
"cbarl","cwhea","VEN",0.003
"cbarl","cwhea","VNM",0.003
"cbarl","cwhea","YEM",0.003
"cbarl","cwhea","ZAF",0.003
"cbarl","cwhea","ZMB",0.003
"cbarl","cwhea","ZWE",0.003
"cbarl","cocer","ALB",0.003
"cbarl","cocer","ARG",0.003
"cbarl","cocer","ARM",0.003
"cbarl","cocer","AUS",0.003
"cbarl","cocer","AUT",0.003
"cbarl","cocer","AZE",0.003
"cbarl","cocer","BDI",0.003
"cbarl","cocer","BFA",0.003
"cbarl","cocer","BGD",0.003
"cbarl","cocer","BGR",0.003
"cbarl","cocer","BLR",0.003
"cbarl","cocer","BLT",0.003
"cbarl","cocer","BLX",0.003
"cbarl","cocer","BOL",0.003
"cbarl","cocer","BRA",0.003
"cbarl","cocer","CAN",0.003
"cbarl","cocer","CHL",0.003
"cbarl","cocer","CHM",0.003
"cbarl","cocer","CHP",0.003
"cbarl","cocer","CIV",0.003
"cbarl","cocer","CZE",0.003
"cbarl","cocer","DEU",0.003
"cbarl","cocer","DNK",0.003
"cbarl","cocer","DZA",0.003
"cbarl","cocer","ECU",0.003
"cbarl","cocer","EGY",0.003
"cbarl","cocer","ETH",0.003
"cbarl","cocer","FNP",0.003
"cbarl","cocer","FRP",0.003
"cbarl","cocer","GEO",0.003
"cbarl","cocer","GIN",0.003
"cbarl","cocer","GRC",0.003
"cbarl","cocer","HRV",0.003
"cbarl","cocer","HUN",0.003
"cbarl","cocer","IRL",0.003
"cbarl","cocer","ITP",0.003
"cbarl","cocer","JPN",0.003
"cbarl","cocer","KAZ",0.003
"cbarl","cocer","KOR",0.003
"cbarl","cocer","MDA",0.003
"cbarl","cocer","MEX",0.003
"cbarl","cocer","MLI",0.003
"cbarl","cocer","MMR",0.003
"cbarl","cocer","MNG",0.003
"cbarl","cocer","MOR",0.003
"cbarl","cocer","NER",0.003
"cbarl","cocer","NGA",0.003
"cbarl","cocer","NLD",0.003
"cbarl","cocer","NOR",0.003
"cbarl","cocer","NPL",0.003
"cbarl","cocer","NZL",0.003
"cbarl","cocer","OBN",0.003
"cbarl","cocer","PER",0.003
"cbarl","cocer","POL",0.003
"cbarl","cocer","PRT",0.003
"cbarl","cocer","ROU",0.003
"cbarl","cocer","RUS",0.003
"cbarl","cocer","SLE",0.003
"cbarl","cocer","SPP",0.003
"cbarl","cocer","SVK",0.003
"cbarl","cocer","SVN",0.003
"cbarl","cocer","SWE",0.003
"cbarl","cocer","TCD",0.003
"cbarl","cocer","TGO",0.003
"cbarl","cocer","THA",0.003
"cbarl","cocer","TJK",0.003
"cbarl","cocer","TUN",0.003
"cbarl","cocer","TUR",0.003
"cbarl","cocer","TZA",0.003
"cbarl","cocer","UKP",0.003
"cbarl","cocer","UKR",0.003
"cbarl","cocer","URY",0.003
"cbarl","cocer","USA",0.003
"cbarl","cocer","UZB",0.003
"cbarl","cocer","ZAF",0.003
"cbarl","ccass","AGO",0.003
"cbarl","ccass","ARG",0.003
"cbarl","ccass","AUS",0.003
"cbarl","ccass","AUT",0.003
"cbarl","ccass","BDI",0.003
"cbarl","ccass","BEN",0.003
"cbarl","ccass","BFA",0.003
"cbarl","ccass","BGD",0.003
"cbarl","ccass","BLR",0.003
"cbarl","ccass","BLX",0.003
"cbarl","ccass","BOL",0.003
"cbarl","ccass","BRA",0.003
"cbarl","ccass","CAF",0.003
"cbarl","ccass","CAN",0.003
"cbarl","ccass","CHL",0.003
"cbarl","ccass","CHM",0.003
"cbarl","ccass","CHP",0.003
"cbarl","ccass","CIV",0.003
"cbarl","ccass","CMR",0.003
"cbarl","ccass","COD",0.003
"cbarl","ccass","COG",0.003
"cbarl","ccass","COL",0.003
"cbarl","ccass","CRI",0.003
"cbarl","ccass","CUB",0.003
"cbarl","ccass","CZE",0.003
"cbarl","ccass","DEU",0.003
"cbarl","ccass","DOM",0.003
"cbarl","ccass","ECU",0.003
"cbarl","ccass","FJI",0.003
"cbarl","ccass","FRP",0.003
"cbarl","ccass","GAB",0.003
"cbarl","ccass","GHA",0.003
"cbarl","ccass","GIN",0.003
"cbarl","ccass","GNB",0.003
"cbarl","ccass","GSA",0.003
"cbarl","ccass","GTM",0.003
"cbarl","ccass","HND",0.003
"cbarl","ccass","HTI",0.003
"cbarl","ccass","HUN",0.003
"cbarl","ccass","IDN",0.003
"cbarl","ccass","IND",0.003
"cbarl","ccass","IRL",0.003
"cbarl","ccass","ISR",0.003
"cbarl","ccass","ITP",0.003
"cbarl","ccass","JAM",0.003
"cbarl","ccass","JPN",0.003
"cbarl","ccass","KEN",0.003
"cbarl","ccass","KHM",0.003
"cbarl","ccass","KOR",0.003
"cbarl","ccass","LAO",0.003
"cbarl","ccass","LBN",0.003
"cbarl","ccass","LBR",0.003
"cbarl","ccass","LKA",0.003
"cbarl","ccass","MDG",0.003
"cbarl","ccass","MEX",0.003
"cbarl","ccass","MLI",0.003
"cbarl","ccass","MMR",0.003
"cbarl","ccass","MOZ",0.003
"cbarl","ccass","MWI",0.003
"cbarl","ccass","MYS",0.003
"cbarl","ccass","NER",0.003
"cbarl","ccass","NGA",0.003
"cbarl","ccass","NIC",0.003
"cbarl","ccass","NOR",0.003
"cbarl","ccass","NZL",0.003
"cbarl","ccass","OIO",0.003
"cbarl","ccass","OPO",0.003
"cbarl","ccass","PAK",0.003
"cbarl","ccass","PAN",0.003
"cbarl","ccass","PER",0.003
"cbarl","ccass","PHL",0.003
"cbarl","ccass","PNG",0.003
"cbarl","ccass","POL",0.003
"cbarl","ccass","PRT",0.003
"cbarl","ccass","PRY",0.003
"cbarl","ccass","RAP",0.003
"cbarl","ccass","RUS",0.003
"cbarl","ccass","RWA",0.003
"cbarl","ccass","SEN",0.003
"cbarl","ccass","SLE",0.003
"cbarl","ccass","SLV",0.003
"cbarl","ccass","SPP",0.003
"cbarl","ccass","SWE",0.003
"cbarl","ccass","TCD",0.003
"cbarl","ccass","TGO",0.003
"cbarl","ccass","THA",0.003
"cbarl","ccass","TZA",0.003
"cbarl","ccass","UGA",0.003
"cbarl","ccass","UKP",0.003
"cbarl","ccass","URY",0.003
"cbarl","ccass","USA",0.003
"cbarl","ccass","VEN",0.003
"cbarl","ccass","VNM",0.003
"cbarl","ccass","ZAF",0.003
"cbarl","ccass","ZMB",0.003
"cbarl","ccass","ZWE",0.003
"cbarl","cpota","AFG",0.003
"cbarl","cpota","AGO",0.003
"cbarl","cpota","ALB",0.003
"cbarl","cpota","ARG",0.003
"cbarl","cpota","ARM",0.003
"cbarl","cpota","AUS",0.003
"cbarl","cpota","AUT",0.003
"cbarl","cpota","AZE",0.003
"cbarl","cpota","BDI",0.003
"cbarl","cpota","BFA",0.003
"cbarl","cpota","BGD",0.003
"cbarl","cpota","BGR",0.003
"cbarl","cpota","BLR",0.003
"cbarl","cpota","BLT",0.003
"cbarl","cpota","BLX",0.003
"cbarl","cpota","BOL",0.003
"cbarl","cpota","BRA",0.003
"cbarl","cpota","BWA",0.003
"cbarl","cpota","CAF",0.003
"cbarl","cpota","CAN",0.003
"cbarl","cpota","CHL",0.003
"cbarl","cpota","CHM",0.003
"cbarl","cpota","CHP",0.003
"cbarl","cpota","CIV",0.003
"cbarl","cpota","CMR",0.003
"cbarl","cpota","COD",0.003
"cbarl","cpota","COG",0.003
"cbarl","cpota","COL",0.003
"cbarl","cpota","CRB",0.003
"cbarl","cpota","CRI",0.003
"cbarl","cpota","CUB",0.003
"cbarl","cpota","CYP",0.003
"cbarl","cpota","CZE",0.003
"cbarl","cpota","DEU",0.003
"cbarl","cpota","DNK",0.003
"cbarl","cpota","DOM",0.003
"cbarl","cpota","DZA",0.003
"cbarl","cpota","ECU",0.003
"cbarl","cpota","EGY",0.003
"cbarl","cpota","ETH",0.003
"cbarl","cpota","FNP",0.003
"cbarl","cpota","FRP",0.003
"cbarl","cpota","GEO",0.003
"cbarl","cpota","GIN",0.003
"cbarl","cpota","GRC",0.003
"cbarl","cpota","GSA",0.003
"cbarl","cpota","GTM",0.003
"cbarl","cpota","HND",0.003
"cbarl","cpota","HRV",0.003
"cbarl","cpota","HTI",0.003
"cbarl","cpota","HUN",0.003
"cbarl","cpota","IDN",0.003
"cbarl","cpota","IND",0.003
"cbarl","cpota","IRL",0.003
"cbarl","cpota","IRN",0.003
"cbarl","cpota","IRQ",0.003
"cbarl","cpota","ISL",0.003
"cbarl","cpota","ISR",0.003
"cbarl","cpota","ITP",0.003
"cbarl","cpota","JAM",0.003
"cbarl","cpota","JOR",0.003
"cbarl","cpota","JPN",0.003
"cbarl","cpota","KAZ",0.003
"cbarl","cpota","KEN",0.003
"cbarl","cpota","KGZ",0.003
"cbarl","cpota","KHM",0.003
"cbarl","cpota","KOR",0.003
"cbarl","cpota","LBN",0.003
"cbarl","cpota","LBY",0.003
"cbarl","cpota","LKA",0.003
"cbarl","cpota","LSO",0.003
"cbarl","cpota","MDA",0.003
"cbarl","cpota","MDG",0.003
"cbarl","cpota","MEX",0.003
"cbarl","cpota","MLI",0.003
"cbarl","cpota","MMR",0.003
"cbarl","cpota","MNG",0.003
"cbarl","cpota","MOR",0.003
"cbarl","cpota","MOZ",0.003
"cbarl","cpota","MWI",0.003
"cbarl","cpota","MYS",0.003
"cbarl","cpota","NAM",0.003
"cbarl","cpota","NER",0.003
"cbarl","cpota","NGA",0.003
"cbarl","cpota","NIC",0.003
"cbarl","cpota","NLD",0.003
"cbarl","cpota","NOR",0.003
"cbarl","cpota","NPL",0.003
"cbarl","cpota","NZL",0.003
"cbarl","cpota","OBN",0.003
"cbarl","cpota","OIO",0.003
"cbarl","cpota","PAK",0.003
"cbarl","cpota","PAN",0.003
"cbarl","cpota","PER",0.003
"cbarl","cpota","PHL",0.003
"cbarl","cpota","POL",0.003
"cbarl","cpota","PRT",0.003
"cbarl","cpota","PRY",0.003
"cbarl","cpota","RAP",0.003
"cbarl","cpota","ROU",0.003
"cbarl","cpota","RUS",0.003
"cbarl","cpota","RWA",0.003
"cbarl","cpota","SAU",0.003
"cbarl","cpota","SEN",0.003
"cbarl","cpota","SLV",0.003
"cbarl","cpota","SPP",0.003
"cbarl","cpota","SVK",0.003
"cbarl","cpota","SVN",0.003
"cbarl","cpota","SWE",0.003
"cbarl","cpota","SWZ",0.003
"cbarl","cpota","SYR",0.003
"cbarl","cpota","TCD",0.003
"cbarl","cpota","THA",0.003
"cbarl","cpota","TJK",0.003
"cbarl","cpota","TKM",0.003
"cbarl","cpota","TUN",0.003
"cbarl","cpota","TUR",0.003
"cbarl","cpota","TZA",0.003
"cbarl","cpota","UGA",0.003
"cbarl","cpota","UKP",0.003
"cbarl","cpota","UKR",0.003
"cbarl","cpota","URY",0.003
"cbarl","cpota","USA",0.003
"cbarl","cpota","UZB",0.003
"cbarl","cpota","VEN",0.003
"cbarl","cpota","VNM",0.003
"cbarl","cpota","YEM",0.003
"cbarl","cpota","ZAF",0.003
"cbarl","cpota","ZMB",0.003
"cbarl","cpota","ZWE",0.003
"cbarl","cswpt","AGO",0.003
"cbarl","cswpt","ARG",0.003
"cbarl","cswpt","AUS",0.003
"cbarl","cswpt","BDI",0.003
"cbarl","cswpt","BEN",0.003
"cbarl","cswpt","BFA",0.003
"cbarl","cswpt","BGD",0.003
"cbarl","cswpt","BOL",0.003
"cbarl","cswpt","BRA",0.003
"cbarl","cswpt","CAN",0.003
"cbarl","cswpt","CHL",0.003
"cbarl","cswpt","CHM",0.003
"cbarl","cswpt","CIV",0.003
"cbarl","cswpt","CMR",0.003
"cbarl","cswpt","COD",0.003
"cbarl","cswpt","COG",0.003
"cbarl","cswpt","CUB",0.003
"cbarl","cswpt","DOM",0.003
"cbarl","cswpt","EGY",0.003
"cbarl","cswpt","ETH",0.003
"cbarl","cswpt","FJI",0.003
"cbarl","cswpt","GHA",0.003
"cbarl","cswpt","GIN",0.003
"cbarl","cswpt","GSA",0.003
"cbarl","cswpt","HND",0.003
"cbarl","cswpt","HTI",0.003
"cbarl","cswpt","IDN",0.003
"cbarl","cswpt","IND",0.003
"cbarl","cswpt","ISR",0.003
"cbarl","cswpt","JAM",0.003
"cbarl","cswpt","JPN",0.003
"cbarl","cswpt","KEN",0.003
"cbarl","cswpt","KHM",0.003
"cbarl","cswpt","KOR",0.003
"cbarl","cswpt","LAO",0.003
"cbarl","cswpt","LBR",0.003
"cbarl","cswpt","LKA",0.003
"cbarl","cswpt","MDG",0.003
"cbarl","cswpt","MEX",0.003
"cbarl","cswpt","MLI",0.003
"cbarl","cswpt","MMR",0.003
"cbarl","cswpt","MOR",0.003
"cbarl","cswpt","MOZ",0.003
"cbarl","cswpt","MWI",0.003
"cbarl","cswpt","MYS",0.003
"cbarl","cswpt","NER",0.003
"cbarl","cswpt","NGA",0.003
"cbarl","cswpt","NLD",0.003
"cbarl","cswpt","NZL",0.003
"cbarl","cswpt","OIO",0.003
"cbarl","cswpt","PAK",0.003
"cbarl","cswpt","PER",0.003
"cbarl","cswpt","PHL",0.003
"cbarl","cswpt","PNG",0.003
"cbarl","cswpt","PRY",0.003
"cbarl","cswpt","RWA",0.003
"cbarl","cswpt","SEN",0.003
"cbarl","cswpt","SLB",0.003
"cbarl","cswpt","SLE",0.003
"cbarl","cswpt","SPP",0.003
"cbarl","cswpt","TCD",0.003
"cbarl","cswpt","TGO",0.003
"cbarl","cswpt","THA",0.003
"cbarl","cswpt","TZA",0.003
"cbarl","cswpt","UGA",0.003
"cbarl","cswpt","URY",0.003
"cbarl","cswpt","USA",0.003
"cbarl","cswpt","VEN",0.003
"cbarl","cswpt","VNM",0.003
"cbarl","cswpt","ZAF",0.003
"cbarl","cswpt","ZMB",0.003
"cbarl","cswpt","ZWE",0.003
"cbarl","cyams","BEN",0.003
"cbarl","cyams","BFA",0.003
"cbarl","cyams","BRA",0.003
"cbarl","cyams","CAF",0.003
"cbarl","cyams","CIV",0.003
"cbarl","cyams","CMR",0.003
"cbarl","cyams","COD",0.003
"cbarl","cyams","COG",0.003
"cbarl","cyams","COL",0.003
"cbarl","cyams","CRB",0.003
"cbarl","cyams","CRI",0.003
"cbarl","cyams","CUB",0.003
"cbarl","cyams","DOM",0.003
"cbarl","cyams","ETH",0.003
"cbarl","cyams","GAB",0.003
"cbarl","cyams","GHA",0.003
"cbarl","cyams","GIN",0.003
"cbarl","cyams","HTI",0.003
"cbarl","cyams","JAM",0.003
"cbarl","cyams","JPN",0.003
"cbarl","cyams","KEN",0.003
"cbarl","cyams","LBR",0.003
"cbarl","cyams","MLI",0.003
"cbarl","cyams","MYS",0.003
"cbarl","cyams","NGA",0.003
"cbarl","cyams","OIO",0.003
"cbarl","cyams","PAN",0.003
"cbarl","cyams","PNG",0.003
"cbarl","cyams","RAP",0.003
"cbarl","cyams","RWA",0.003
"cbarl","cyams","SEN",0.003
"cbarl","cyams","SLB",0.003
"cbarl","cyams","TCD",0.003
"cbarl","cyams","TGO",0.003
"cbarl","cyams","TZA",0.003
"cbarl","cyams","VEN",0.003
"cbarl","corat","BDI",0.003
"cbarl","corat","BOL",0.003
"cbarl","corat","BWA",0.003
"cbarl","corat","CAF",0.003
"cbarl","corat","CHM",0.003
"cbarl","corat","CIV",0.003
"cbarl","corat","CMR",0.003
"cbarl","corat","COD",0.003
"cbarl","corat","COG",0.003
"cbarl","corat","COL",0.003
"cbarl","corat","CRB",0.003
"cbarl","corat","CRI",0.003
"cbarl","corat","CUB",0.003
"cbarl","corat","DOM",0.003
"cbarl","corat","ECU",0.003
"cbarl","corat","EGY",0.003
"cbarl","corat","ETH",0.003
"cbarl","corat","FJI",0.003
"cbarl","corat","GAB",0.003
"cbarl","corat","GHA",0.003
"cbarl","corat","GIN",0.003
"cbarl","corat","GNB",0.003
"cbarl","corat","GSA",0.003
"cbarl","corat","HND",0.003
"cbarl","corat","HTI",0.003
"cbarl","corat","IDN",0.003
"cbarl","corat","JAM",0.003
"cbarl","corat","JPN",0.003
"cbarl","corat","KEN",0.003
"cbarl","corat","KHM",0.003
"cbarl","corat","LAO",0.003
"cbarl","corat","LBR",0.003
"cbarl","corat","MDG",0.003
"cbarl","corat","MEX",0.003
"cbarl","corat","MOZ",0.003
"cbarl","corat","MYS",0.003
"cbarl","corat","NAM",0.003
"cbarl","corat","NGA",0.003
"cbarl","corat","NIC",0.003
"cbarl","corat","NPL",0.003
"cbarl","corat","OIO",0.003
"cbarl","corat","OPO",0.003
"cbarl","corat","PAK",0.003
"cbarl","corat","PAN",0.003
"cbarl","corat","PER",0.003
"cbarl","corat","PHL",0.003
"cbarl","corat","PNG",0.003
"cbarl","corat","RWA",0.003
"cbarl","corat","SLB",0.003
"cbarl","corat","SLV",0.003
"cbarl","corat","SWZ",0.003
"cbarl","corat","TCD",0.003
"cbarl","corat","TGO",0.003
"cbarl","corat","THA",0.003
"cbarl","corat","USA",0.003
"cbarl","corat","VEN",0.003
"cbarl","cplnt","BGD",0.003
"cbarl","cplnt","BLZ",0.003
"cbarl","cplnt","BOL",0.003
"cbarl","cplnt","CAF",0.003
"cbarl","cplnt","CIV",0.003
"cbarl","cplnt","CMR",0.003
"cbarl","cplnt","COD",0.003
"cbarl","cplnt","COG",0.003
"cbarl","cplnt","COL",0.003
"cbarl","cplnt","CRB",0.003
"cbarl","cplnt","CRI",0.003
"cbarl","cplnt","CUB",0.003
"cbarl","cplnt","DOM",0.003
"cbarl","cplnt","ECU",0.003
"cbarl","cplnt","FJI",0.003
"cbarl","cplnt","GAB",0.003
"cbarl","cplnt","GHA",0.003
"cbarl","cplnt","GIN",0.003
"cbarl","cplnt","GNB",0.003
"cbarl","cplnt","GSA",0.003
"cbarl","cplnt","GTM",0.003
"cbarl","cplnt","HND",0.003
"cbarl","cplnt","HTI",0.003
"cbarl","cplnt","JAM",0.003
"cbarl","cplnt","KEN",0.003
"cbarl","cplnt","LBR",0.003
"cbarl","cplnt","LKA",0.003
"cbarl","cplnt","MMR",0.003
"cbarl","cplnt","MWI",0.003
"cbarl","cplnt","NGA",0.003
"cbarl","cplnt","NIC",0.003
"cbarl","cplnt","OBN",0.003
"cbarl","cplnt","PAN",0.003
"cbarl","cplnt","PHL",0.003
"cbarl","cplnt","RAP",0.003
"cbarl","cplnt","RWA",0.003
"cbarl","cplnt","SLE",0.003
"cbarl","cplnt","SLV",0.003
"cbarl","cplnt","SPP",0.003
"cbarl","cplnt","TZA",0.003
"cbarl","cplnt","UGA",0.003
"cbarl","cplnt","VEN",0.003
"cbarl","csugr","AGO",0.003
"cbarl","csugr","ARG",0.003
"cbarl","csugr","ARM",0.003
"cbarl","csugr","AUS",0.003
"cbarl","csugr","AUT",0.003
"cbarl","csugr","AZE",0.003
"cbarl","csugr","BGD",0.003
"cbarl","csugr","BGR",0.003
"cbarl","csugr","BLR",0.003
"cbarl","csugr","BLT",0.003
"cbarl","csugr","BLX",0.003
"cbarl","csugr","BOL",0.003
"cbarl","csugr","BRA",0.003
"cbarl","csugr","BWA",0.003
"cbarl","csugr","CHM",0.003
"cbarl","csugr","CMR",0.003
"cbarl","csugr","COL",0.003
"cbarl","csugr","CRB",0.003
"cbarl","csugr","CRI",0.003
"cbarl","csugr","CZE",0.003
"cbarl","csugr","DEU",0.003
"cbarl","csugr","DNK",0.003
"cbarl","csugr","DZA",0.003
"cbarl","csugr","ECU",0.003
"cbarl","csugr","EGY",0.003
"cbarl","csugr","FJI",0.003
"cbarl","csugr","FNP",0.003
"cbarl","csugr","FRP",0.003
"cbarl","csugr","GEO",0.003
"cbarl","csugr","GRC",0.003
"cbarl","csugr","GSA",0.003
"cbarl","csugr","GTM",0.003
"cbarl","csugr","HND",0.003
"cbarl","csugr","HRV",0.003
"cbarl","csugr","HUN",0.003
"cbarl","csugr","IDN",0.003
"cbarl","csugr","IND",0.003
"cbarl","csugr","IRN",0.003
"cbarl","csugr","IRQ",0.003
"cbarl","csugr","ISR",0.003
"cbarl","csugr","ITP",0.003
"cbarl","csugr","JOR",0.003
"cbarl","csugr","KEN",0.003
"cbarl","csugr","KGZ",0.003
"cbarl","csugr","KHM",0.003
"cbarl","csugr","KOR",0.003
"cbarl","csugr","LAO",0.003
"cbarl","csugr","LBN",0.003
"cbarl","csugr","LKA",0.003
"cbarl","csugr","MDA",0.003
"cbarl","csugr","MEX",0.003
"cbarl","csugr","MNG",0.003
"cbarl","csugr","MOR",0.003
"cbarl","csugr","MYS",0.003
"cbarl","csugr","NAM",0.003
"cbarl","csugr","NIC",0.003
"cbarl","csugr","NLD",0.003
"cbarl","csugr","NPL",0.003
"cbarl","csugr","NZL",0.003
"cbarl","csugr","OBN",0.003
"cbarl","csugr","OIO",0.003
"cbarl","csugr","OPO",0.003
"cbarl","csugr","PAK",0.003
"cbarl","csugr","PAN",0.003
"cbarl","csugr","PER",0.003
"cbarl","csugr","POL",0.003
"cbarl","csugr","PRY",0.003
"cbarl","csugr","RAP",0.003
"cbarl","csugr","ROU",0.003
"cbarl","csugr","RUS",0.003
"cbarl","csugr","RWA",0.003
"cbarl","csugr","SAU",0.003
"cbarl","csugr","SLV",0.003
"cbarl","csugr","SPP",0.003
"cbarl","csugr","SVK",0.003
"cbarl","csugr","SVN",0.003
"cbarl","csugr","SWE",0.003
"cbarl","csugr","SYR",0.003
"cbarl","csugr","TGO",0.003
"cbarl","csugr","THA",0.003
"cbarl","csugr","TUR",0.003
"cbarl","csugr","TZA",0.003
"cbarl","csugr","UGA",0.003
"cbarl","csugr","UKR",0.003
"cbarl","csugr","URY",0.003
"cbarl","csugr","USA",0.003
"cbarl","csugr","UZB",0.003
"cbarl","csugr","VEN",0.003
"cbarl","csugr","VNM",0.003
"cbarl","csugr","ZAF",0.003
"cbarl","csugr","ZMB",0.003
"cbarl","csugr","ZWE",0.003
"cmaiz","cbarl","AFG",0.00375
"cmaiz","cbarl","AGO",0.00375
"cmaiz","cbarl","ALB",0.00375
"cmaiz","cbarl","ARG",0.00375
"cmaiz","cbarl","ARM",0.00375
"cmaiz","cbarl","AUS",0.00375
"cmaiz","cbarl","AUT",0.00375
"cmaiz","cbarl","AZE",0.00375
"cmaiz","cbarl","BDI",0.00375
"cmaiz","cbarl","BEN",0.00375
"cmaiz","cbarl","BFA",0.00375
"cmaiz","cbarl","BGD",0.00375
"cmaiz","cbarl","BGR",0.00375
"cmaiz","cbarl","BLR",0.00375
"cmaiz","cbarl","BLT",0.00375
"cmaiz","cbarl","BLX",0.00375
"cmaiz","cbarl","BLZ",0.00375
"cmaiz","cbarl","BOL",0.00375
"cmaiz","cbarl","BRA",0.00375
"cmaiz","cbarl","BWA",0.00375
"cmaiz","cbarl","CAF",0.00375
"cmaiz","cbarl","CAN",0.00375
"cmaiz","cbarl","CHL",0.00375
"cmaiz","cbarl","CHM",0.00375
"cmaiz","cbarl","CHP",0.00375
"cmaiz","cbarl","CIV",0.00375
"cmaiz","cbarl","CMR",0.00375
"cmaiz","cbarl","COD",0.00375
"cmaiz","cbarl","COG",0.00375
"cmaiz","cbarl","COL",0.00375
"cmaiz","cbarl","CRB",0.00375
"cmaiz","cbarl","CRI",0.00375
"cmaiz","cbarl","CUB",0.00375
"cmaiz","cbarl","CYP",0.00375
"cmaiz","cbarl","CZE",0.00375
"cmaiz","cbarl","DEU",0.00375
"cmaiz","cbarl","DNK",0.00375
"cmaiz","cbarl","DOM",0.00375
"cmaiz","cbarl","DZA",0.00375
"cmaiz","cbarl","ECU",0.00375
"cmaiz","cbarl","EGY",0.00375
"cmaiz","cbarl","ETH",0.00375
"cmaiz","cbarl","FNP",0.00375
"cmaiz","cbarl","FRP",0.00375
"cmaiz","cbarl","GAB",0.00375
"cmaiz","cbarl","GEO",0.00375
"cmaiz","cbarl","GHA",0.00375
"cmaiz","cbarl","GIN",0.00375
"cmaiz","cbarl","GNB",0.00375
"cmaiz","cbarl","GRC",0.00375
"cmaiz","cbarl","GSA",0.00375
"cmaiz","cbarl","GTM",0.00375
"cmaiz","cbarl","HND",0.00375
"cmaiz","cbarl","HRV",0.00375
"cmaiz","cbarl","HTI",0.00375
"cmaiz","cbarl","HUN",0.00375
"cmaiz","cbarl","IDN",0.00375
"cmaiz","cbarl","IND",0.00375
"cmaiz","cbarl","IRL",0.00375
"cmaiz","cbarl","IRN",0.00375
"cmaiz","cbarl","IRQ",0.00375
"cmaiz","cbarl","ISL",0.00375
"cmaiz","cbarl","ISR",0.00375
"cmaiz","cbarl","ITP",0.00375
"cmaiz","cbarl","JAM",0.00375
"cmaiz","cbarl","JOR",0.00375
"cmaiz","cbarl","JPN",0.00375
"cmaiz","cbarl","KAZ",0.00375
"cmaiz","cbarl","KEN",0.00375
"cmaiz","cbarl","KGZ",0.00375
"cmaiz","cbarl","KHM",0.00375
"cmaiz","cbarl","KOR",0.00375
"cmaiz","cbarl","LAO",0.00375
"cmaiz","cbarl","LBN",0.00375
"cmaiz","cbarl","LBY",0.00375
"cmaiz","cbarl","LKA",0.00375
"cmaiz","cbarl","LSO",0.00375
"cmaiz","cbarl","MDA",0.00375
"cmaiz","cbarl","MDG",0.00375
"cmaiz","cbarl","MEX",0.00375
"cmaiz","cbarl","MLI",0.00375
"cmaiz","cbarl","MMR",0.00375
"cmaiz","cbarl","MOR",0.00375
"cmaiz","cbarl","MOZ",0.00375
"cmaiz","cbarl","MWI",0.00375
"cmaiz","cbarl","MYS",0.00375
"cmaiz","cbarl","NAM",0.00375
"cmaiz","cbarl","NER",0.00375
"cmaiz","cbarl","NGA",0.00375
"cmaiz","cbarl","NIC",0.00375
"cmaiz","cbarl","NLD",0.00375
"cmaiz","cbarl","NOR",0.00375
"cmaiz","cbarl","NPL",0.00375
"cmaiz","cbarl","NZL",0.00375
"cmaiz","cbarl","OBN",0.00375
"cmaiz","cbarl","OIO",0.00375
"cmaiz","cbarl","OPO",0.00375
"cmaiz","cbarl","PAK",0.00375
"cmaiz","cbarl","PAN",0.00375
"cmaiz","cbarl","PER",0.00375
"cmaiz","cbarl","PHL",0.00375
"cmaiz","cbarl","PNG",0.00375
"cmaiz","cbarl","POL",0.00375
"cmaiz","cbarl","PRT",0.00375
"cmaiz","cbarl","PRY",0.00375
"cmaiz","cbarl","RAP",0.00375
"cmaiz","cbarl","ROU",0.00375
"cmaiz","cbarl","RUS",0.00375
"cmaiz","cbarl","RWA",0.00375
"cmaiz","cbarl","SAU",0.00375
"cmaiz","cbarl","SEN",0.00375
"cmaiz","cbarl","SLE",0.00375
"cmaiz","cbarl","SLV",0.00375
"cmaiz","cbarl","SPP",0.00375
"cmaiz","cbarl","SVK",0.00375
"cmaiz","cbarl","SVN",0.00375
"cmaiz","cbarl","SWE",0.00375
"cmaiz","cbarl","SWZ",0.00375
"cmaiz","cbarl","SYR",0.00375
"cmaiz","cbarl","TCD",0.00375
"cmaiz","cbarl","TGO",0.00375
"cmaiz","cbarl","THA",0.00375
"cmaiz","cbarl","TJK",0.00375
"cmaiz","cbarl","TKM",0.00375
"cmaiz","cbarl","TUN",0.00375
"cmaiz","cbarl","TUR",0.00375
"cmaiz","cbarl","TZA",0.00375
"cmaiz","cbarl","UGA",0.00375
"cmaiz","cbarl","UKP",0.00375
"cmaiz","cbarl","UKR",0.00375
"cmaiz","cbarl","URY",0.00375
"cmaiz","cbarl","USA",0.00375
"cmaiz","cbarl","UZB",0.00375
"cmaiz","cbarl","VEN",0.00375
"cmaiz","cbarl","VNM",0.00375
"cmaiz","cbarl","YEM",0.00375
"cmaiz","cbarl","ZAF",0.00375
"cmaiz","cbarl","ZMB",0.00375
"cmaiz","cbarl","ZWE",0.00375
"cmaiz","cmaiz","AFG",-0.34375
"cmaiz","cmaiz","AGO",-0.436848546704008
"cmaiz","cmaiz","ALB",-0.124999999999999
"cmaiz","cmaiz","ARG",-0.299453677731478
"cmaiz","cmaiz","ARM",-0.132281579429359
"cmaiz","cmaiz","AUS",-0.2875
"cmaiz","cmaiz","AUT",-0.299999999999999
"cmaiz","cmaiz","AZE",-0.132281579429359
"cmaiz","cmaiz","BDI",-0.48125
"cmaiz","cmaiz","BEN",-0.480590222566976
"cmaiz","cmaiz","BFA",-0.372581070023882
"cmaiz","cmaiz","BGD",-0.319364264621416
"cmaiz","cmaiz","BGR",-0.125
"cmaiz","cmaiz","BLR",-0.129686782744321
"cmaiz","cmaiz","BLT",-0.129686782744321
"cmaiz","cmaiz","BLX",-0.298634771004284
"cmaiz","cmaiz","BLZ",-0.293280258729984
"cmaiz","cmaiz","BOL",-0.293457168762775
"cmaiz","cmaiz","BRA",-0.175
"cmaiz","cmaiz","BTN",-0.340185462761807
"cmaiz","cmaiz","BWA",-0.44208776078322
"cmaiz","cmaiz","CAF",-0.48125
"cmaiz","cmaiz","CAN",-0.297934739490624
"cmaiz","cmaiz","CHL",-0.292823116183967
"cmaiz","cmaiz","CHM",-0.175
"cmaiz","cmaiz","CHP",-0.299999999999999
"cmaiz","cmaiz","CIV",-0.48125
"cmaiz","cmaiz","CMR",-0.479885342438717
"cmaiz","cmaiz","COD",-0.480085996426015
"cmaiz","cmaiz","COG",-0.47905200774518
"cmaiz","cmaiz","COL",-0.255780852969854
"cmaiz","cmaiz","CRB",-0.175
"cmaiz","cmaiz","CRI",-0.293280258729984
"cmaiz","cmaiz","CUB",-0.293280258729984
"cmaiz","cmaiz","CYP",-0.14871231302803
"cmaiz","cmaiz","CZE",-0.125
"cmaiz","cmaiz","DEU",-0.299265926851464
"cmaiz","cmaiz","DJI",-0.479173898627121
"cmaiz","cmaiz","DNK",-0.3
"cmaiz","cmaiz","DOM",-0.293280258729984
"cmaiz","cmaiz","DZA",-0.14734055472635
"cmaiz","cmaiz","ECU",-0.292606383987678
"cmaiz","cmaiz","EGY",-0.184374366093384
"cmaiz","cmaiz","ETH",-0.372555663018096
"cmaiz","cmaiz","FNP",-0.3
"cmaiz","cmaiz","FRP",-0.298883485547644
"cmaiz","cmaiz","GAB",-0.48125
"cmaiz","cmaiz","GEO",-0.132281579429359
"cmaiz","cmaiz","GHA",-0.478326600114277
"cmaiz","cmaiz","GIN",-0.479954727605762
"cmaiz","cmaiz","GMB",-0.480518316508558
"cmaiz","cmaiz","GNB",-0.48125
"cmaiz","cmaiz","GRC",-0.124999999999999
"cmaiz","cmaiz","GSA",-0.293599792475378
"cmaiz","cmaiz","GTM",-0.293280258729984
"cmaiz","cmaiz","HND",-0.293280258729984
"cmaiz","cmaiz","HRV",-0.124999999999999
"cmaiz","cmaiz","HTI",-0.293280258729984
"cmaiz","cmaiz","HUN",-0.125
"cmaiz","cmaiz","IDN",-0.425737098275415
"cmaiz","cmaiz","IND",-0.26875
"cmaiz","cmaiz","IRL",-0.297409987789398
"cmaiz","cmaiz","IRN",-0.146502698392317
"cmaiz","cmaiz","IRQ",-0.14910687217657
"cmaiz","cmaiz","ISL",-0.3
"cmaiz","cmaiz","ISR",-0.299929496246213
"cmaiz","cmaiz","ITP",-0.299639723311919
"cmaiz","cmaiz","JAM",-0.175
"cmaiz","cmaiz","JOR",-0.147833501924009
"cmaiz","cmaiz","JPN",-0.1125
"cmaiz","cmaiz","KAZ",-0.133515253636197
"cmaiz","cmaiz","KEN",-0.479518475771013
"cmaiz","cmaiz","KGZ",-0.134385236693307
"cmaiz","cmaiz","KHM",-0.279365862147679
"cmaiz","cmaiz","KOR",-0.155267767985781
"cmaiz","cmaiz","LAO",-0.279365862147679
"cmaiz","cmaiz","LBN",-0.148081552011399
"cmaiz","cmaiz","LBY",-0.147676903913323
"cmaiz","cmaiz","LKA",-0.341345099357322
"cmaiz","cmaiz","LSO",-0.446878946108032
"cmaiz","cmaiz","MDA",-0.125
"cmaiz","cmaiz","MDG",-0.45
"cmaiz","cmaiz","MEX",-0.293119157475268
"cmaiz","cmaiz","MLI",-0.370574930245915
"cmaiz","cmaiz","MMR",-0.286478449040291
"cmaiz","cmaiz","MOR",-0.147664694994327
"cmaiz","cmaiz","MOZ",-0.439178521369399
"cmaiz","cmaiz","MRT",-0.373636371049276
"cmaiz","cmaiz","MWI",-0.449968388904558
"cmaiz","cmaiz","MYS",-0.180343700159102
"cmaiz","cmaiz","NAM",-0.445039689747028
"cmaiz","cmaiz","NER",-0.374492007726808
"cmaiz","cmaiz","NGA",-0.495048872007236
"cmaiz","cmaiz","NIC",-0.293280258729984
"cmaiz","cmaiz","NLD",-0.29954966602383
"cmaiz","cmaiz","NOR",-0.3
"cmaiz","cmaiz","NPL",-0.343166716349844
"cmaiz","cmaiz","NZL",-0.3
"cmaiz","cmaiz","OBN",-0.124999999999999
"cmaiz","cmaiz","OIO",-0.175
"cmaiz","cmaiz","OPO",-0.175
"cmaiz","cmaiz","PAK",-0.185394365412842
"cmaiz","cmaiz","PAN",-0.293280258729984
"cmaiz","cmaiz","PER",-0.29289944619087
"cmaiz","cmaiz","PHL",-0.211521259117447
"cmaiz","cmaiz","PNG",-0.175
"cmaiz","cmaiz","POL",-0.125
"cmaiz","cmaiz","PRT",-0.298242263666943
"cmaiz","cmaiz","PRY",-0.293457168762775
"cmaiz","cmaiz","RAP",-0.148698672853457
"cmaiz","cmaiz","ROU",-0.125
"cmaiz","cmaiz","RUS",-0.137499999999991
"cmaiz","cmaiz","RWA",-0.476021558211189
"cmaiz","cmaiz","SAU",-0.148698672853457
"cmaiz","cmaiz","SDN",-0.37100665779352
"cmaiz","cmaiz","SEN",-0.479040999686803
"cmaiz","cmaiz","SLE",-0.47118991399818
"cmaiz","cmaiz","SLV",-0.293280258729984
"cmaiz","cmaiz","SOM",-0.375
"cmaiz","cmaiz","SPP",-0.298242263666943
"cmaiz","cmaiz","SVK",-0.125
"cmaiz","cmaiz","SVN",-0.124999999999999
"cmaiz","cmaiz","SWE",-0.3
"cmaiz","cmaiz","SWZ",-0.448360992073888
"cmaiz","cmaiz","SYR",-0.14899248536503
"cmaiz","cmaiz","TCD",-0.375
"cmaiz","cmaiz","TGO",-0.48125
"cmaiz","cmaiz","THA",-0.195765627831372
"cmaiz","cmaiz","TJK",-0.128084227429431
"cmaiz","cmaiz","TKM",-0.137199693380945
"cmaiz","cmaiz","TLS",-0.175
"cmaiz","cmaiz","TUN",-0.147534083059986
"cmaiz","cmaiz","TUR",-0.141544645078001
"cmaiz","cmaiz","TZA",-0.473528050371831
"cmaiz","cmaiz","UGA",-0.476864503752821
"cmaiz","cmaiz","UKP",-0.297409987789398
"cmaiz","cmaiz","UKR",-0.129473051640969
"cmaiz","cmaiz","URY",-0.293505477234625
"cmaiz","cmaiz","USA",-0.247975123644329
"cmaiz","cmaiz","UZB",-0.133006162213273
"cmaiz","cmaiz","VEN",-0.293599792475378
"cmaiz","cmaiz","VNM",-0.428998597062407
"cmaiz","cmaiz","YEM",-0.148698672853457
"cmaiz","cmaiz","ZAF",-0.29670970376751
"cmaiz","cmaiz","ZMB",-0.445152446803648
"cmaiz","cmaiz","ZWE",-0.45
"cmaiz","cmill","AGO",0.00375
"cmaiz","cmill","AUS",0.00375
"cmaiz","cmill","BDI",0.00375
"cmaiz","cmill","BEN",0.00375
"cmaiz","cmill","BFA",0.00375
"cmaiz","cmill","BGD",0.00375
"cmaiz","cmill","BLR",0.00375
"cmaiz","cmill","CAF",0.00375
"cmaiz","cmill","CHM",0.00375
"cmaiz","cmill","CIV",0.00375
"cmaiz","cmill","CMR",0.00375
"cmaiz","cmill","COD",0.00375
"cmaiz","cmill","COG",0.00375
"cmaiz","cmill","ETH",0.00375
"cmaiz","cmill","GHA",0.00375
"cmaiz","cmill","GIN",0.00375
"cmaiz","cmill","GMB",0.00375
"cmaiz","cmill","GNB",0.00375
"cmaiz","cmill","IND",0.00375
"cmaiz","cmill","IRN",0.00375
"cmaiz","cmill","IRQ",0.00375
"cmaiz","cmill","KAZ",0.00375
"cmaiz","cmill","KEN",0.00375
"cmaiz","cmill","MLI",0.00375
"cmaiz","cmill","MMR",0.00375
"cmaiz","cmill","MOR",0.00375
"cmaiz","cmill","MOZ",0.00375
"cmaiz","cmill","MRT",0.00375
"cmaiz","cmill","MWI",0.00375
"cmaiz","cmill","NAM",0.00375
"cmaiz","cmill","NER",0.00375
"cmaiz","cmill","NGA",0.00375
"cmaiz","cmill","NPL",0.00375
"cmaiz","cmill","PAK",0.00375
"cmaiz","cmill","POL",0.00375
"cmaiz","cmill","RUS",0.00375
"cmaiz","cmill","SAU",0.00375
"cmaiz","cmill","SDN",0.00375
"cmaiz","cmill","SEN",0.00375
"cmaiz","cmill","SLE",0.00375
"cmaiz","cmill","TCD",0.00375
"cmaiz","cmill","TGO",0.00375
"cmaiz","cmill","TUR",0.00375
"cmaiz","cmill","TZA",0.00375
"cmaiz","cmill","UGA",0.00375
"cmaiz","cmill","UKR",0.00375
"cmaiz","cmill","USA",0.00375
"cmaiz","cmill","UZB",0.00375
"cmaiz","cmill","YEM",0.00375
"cmaiz","cmill","ZMB",0.00375
"cmaiz","cmill","ZWE",0.00375
"cmaiz","crice","AFG",0.00375
"cmaiz","crice","AGO",0.00375
"cmaiz","crice","ARG",0.00375
"cmaiz","crice","AUS",0.00375
"cmaiz","crice","AUT",0.00375
"cmaiz","crice","AZE",0.00375
"cmaiz","crice","BDI",0.00375
"cmaiz","crice","BEN",0.00375
"cmaiz","crice","BFA",0.00375
"cmaiz","crice","BGD",0.00375
"cmaiz","crice","BGR",0.00375
"cmaiz","crice","BLX",0.00375
"cmaiz","crice","BLZ",0.00375
"cmaiz","crice","BOL",0.00375
"cmaiz","crice","BRA",0.00375
"cmaiz","crice","BTN",0.00375
"cmaiz","crice","BWA",0.00375
"cmaiz","crice","CAF",0.00375
"cmaiz","crice","CAN",0.00375
"cmaiz","crice","CHL",0.00375
"cmaiz","crice","CHM",0.00375
"cmaiz","crice","CHP",0.00375
"cmaiz","crice","CIV",0.00375
"cmaiz","crice","CMR",0.00375
"cmaiz","crice","COD",0.00375
"cmaiz","crice","COG",0.00375
"cmaiz","crice","COL",0.00375
"cmaiz","crice","CRB",0.00375
"cmaiz","crice","CRI",0.00375
"cmaiz","crice","CUB",0.00375
"cmaiz","crice","CZE",0.00375
"cmaiz","crice","DEU",0.00375
"cmaiz","crice","DNK",0.00375
"cmaiz","crice","DOM",0.00375
"cmaiz","crice","ECU",0.00375
"cmaiz","crice","EGY",0.00375
"cmaiz","crice","ETH",0.00375
"cmaiz","crice","FNP",0.00375
"cmaiz","crice","FRP",0.00375
"cmaiz","crice","GHA",0.00375
"cmaiz","crice","GIN",0.00375
"cmaiz","crice","GMB",0.00375
"cmaiz","crice","GNB",0.00375
"cmaiz","crice","GRC",0.00375
"cmaiz","crice","GSA",0.00375
"cmaiz","crice","GTM",0.00375
"cmaiz","crice","HND",0.00375
"cmaiz","crice","HTI",0.00375
"cmaiz","crice","HUN",0.00375
"cmaiz","crice","IDN",0.00375
"cmaiz","crice","IND",0.00375
"cmaiz","crice","IRL",0.00375
"cmaiz","crice","IRN",0.00375
"cmaiz","crice","IRQ",0.00375
"cmaiz","crice","ITP",0.00375
"cmaiz","crice","JAM",0.00375
"cmaiz","crice","JPN",0.00375
"cmaiz","crice","KAZ",0.00375
"cmaiz","crice","KEN",0.00375
"cmaiz","crice","KGZ",0.00375
"cmaiz","crice","KHM",0.00375
"cmaiz","crice","KOR",0.00375
"cmaiz","crice","LAO",0.00375
"cmaiz","crice","LBY",0.00375
"cmaiz","crice","LKA",0.00375
"cmaiz","crice","MDG",0.00375
"cmaiz","crice","MEX",0.00375
"cmaiz","crice","MLI",0.00375
"cmaiz","crice","MMR",0.00375
"cmaiz","crice","MOR",0.00375
"cmaiz","crice","MOZ",0.00375
"cmaiz","crice","MRT",0.00375
"cmaiz","crice","MWI",0.00375
"cmaiz","crice","MYS",0.00375
"cmaiz","crice","NAM",0.00375
"cmaiz","crice","NER",0.00375
"cmaiz","crice","NGA",0.00375
"cmaiz","crice","NIC",0.00375
"cmaiz","crice","NLD",0.00375
"cmaiz","crice","NPL",0.00375
"cmaiz","crice","NZL",0.00375
"cmaiz","crice","OBN",0.00375
"cmaiz","crice","OIO",0.00375
"cmaiz","crice","PAK",0.00375
"cmaiz","crice","PAN",0.00375
"cmaiz","crice","PER",0.00375
"cmaiz","crice","PHL",0.00375
"cmaiz","crice","POL",0.00375
"cmaiz","crice","PRT",0.00375
"cmaiz","crice","PRY",0.00375
"cmaiz","crice","RAP",0.00375
"cmaiz","crice","ROU",0.00375
"cmaiz","crice","RUS",0.00375
"cmaiz","crice","RWA",0.00375
"cmaiz","crice","SAU",0.00375
"cmaiz","crice","SDN",0.00375
"cmaiz","crice","SEN",0.00375
"cmaiz","crice","SLE",0.00375
"cmaiz","crice","SLV",0.00375
"cmaiz","crice","SPP",0.00375
"cmaiz","crice","SWE",0.00375
"cmaiz","crice","SYR",0.00375
"cmaiz","crice","TCD",0.00375
"cmaiz","crice","TGO",0.00375
"cmaiz","crice","THA",0.00375
"cmaiz","crice","TJK",0.00375
"cmaiz","crice","TKM",0.00375
"cmaiz","crice","TLS",0.00375
"cmaiz","crice","TUN",0.00375
"cmaiz","crice","TUR",0.00375
"cmaiz","crice","TZA",0.00375
"cmaiz","crice","UGA",0.00375
"cmaiz","crice","UKP",0.00375
"cmaiz","crice","UKR",0.00375
"cmaiz","crice","URY",0.00375
"cmaiz","crice","USA",0.00375
"cmaiz","crice","UZB",0.00375
"cmaiz","crice","VEN",0.00375
"cmaiz","crice","VNM",0.00375
"cmaiz","crice","ZAF",0.00375
"cmaiz","crice","ZMB",0.00375
"cmaiz","crice","ZWE",0.00375
"cmaiz","csorg","AGO",0.00375
"cmaiz","csorg","ARG",0.00375
"cmaiz","csorg","AUS",0.00375
"cmaiz","csorg","AUT",0.00375
"cmaiz","csorg","BDI",0.00375
"cmaiz","csorg","BEN",0.00375
"cmaiz","csorg","BFA",0.00375
"cmaiz","csorg","BGR",0.00375
"cmaiz","csorg","BLZ",0.00375
"cmaiz","csorg","BOL",0.00375
"cmaiz","csorg","BRA",0.00375
"cmaiz","csorg","BWA",0.00375
"cmaiz","csorg","CAF",0.00375
"cmaiz","csorg","CHM",0.00375
"cmaiz","csorg","CIV",0.00375
"cmaiz","csorg","CMR",0.00375
"cmaiz","csorg","CUB",0.00375
"cmaiz","csorg","ECU",0.00375
"cmaiz","csorg","EGY",0.00375
"cmaiz","csorg","ETH",0.00375
"cmaiz","csorg","FRP",0.00375
"cmaiz","csorg","GHA",0.00375
"cmaiz","csorg","GIN",0.00375
"cmaiz","csorg","GMB",0.00375
"cmaiz","csorg","GNB",0.00375
"cmaiz","csorg","GTM",0.00375
"cmaiz","csorg","HND",0.00375
"cmaiz","csorg","HTI",0.00375
"cmaiz","csorg","HUN",0.00375
"cmaiz","csorg","IND",0.00375
"cmaiz","csorg","IRQ",0.00375
"cmaiz","csorg","ISR",0.00375
"cmaiz","csorg","ITP",0.00375
"cmaiz","csorg","KAZ",0.00375
"cmaiz","csorg","KEN",0.00375
"cmaiz","csorg","LSO",0.00375
"cmaiz","csorg","MDA",0.00375
"cmaiz","csorg","MEX",0.00375
"cmaiz","csorg","MLI",0.00375
"cmaiz","csorg","MMR",0.00375
"cmaiz","csorg","MOR",0.00375
"cmaiz","csorg","MOZ",0.00375
"cmaiz","csorg","MRT",0.00375
"cmaiz","csorg","MWI",0.00375
"cmaiz","csorg","NAM",0.00375
"cmaiz","csorg","NER",0.00375
"cmaiz","csorg","NGA",0.00375
"cmaiz","csorg","NIC",0.00375
"cmaiz","csorg","PAK",0.00375
"cmaiz","csorg","PNG",0.00375
"cmaiz","csorg","POL",0.00375
"cmaiz","csorg","PRY",0.00375
"cmaiz","csorg","RAP",0.00375
"cmaiz","csorg","ROU",0.00375
"cmaiz","csorg","RUS",0.00375
"cmaiz","csorg","RWA",0.00375
"cmaiz","csorg","SAU",0.00375
"cmaiz","csorg","SDN",0.00375
"cmaiz","csorg","SEN",0.00375
"cmaiz","csorg","SLE",0.00375
"cmaiz","csorg","SLV",0.00375
"cmaiz","csorg","SOM",0.00375
"cmaiz","csorg","SPP",0.00375
"cmaiz","csorg","SVK",0.00375
"cmaiz","csorg","SWZ",0.00375
"cmaiz","csorg","SYR",0.00375
"cmaiz","csorg","TCD",0.00375
"cmaiz","csorg","TGO",0.00375
"cmaiz","csorg","THA",0.00375
"cmaiz","csorg","TUR",0.00375
"cmaiz","csorg","TZA",0.00375
"cmaiz","csorg","UGA",0.00375
"cmaiz","csorg","UKR",0.00375
"cmaiz","csorg","URY",0.00375
"cmaiz","csorg","USA",0.00375
"cmaiz","csorg","UZB",0.00375
"cmaiz","csorg","VEN",0.00375
"cmaiz","csorg","YEM",0.00375
"cmaiz","csorg","ZAF",0.00375
"cmaiz","csorg","ZMB",0.00375
"cmaiz","csorg","ZWE",0.00375
"cmaiz","cwhea","AFG",0.0045
"cmaiz","cwhea","AGO",0.0045
"cmaiz","cwhea","ALB",0.0045
"cmaiz","cwhea","ARG",0.0045
"cmaiz","cwhea","ARM",0.0045
"cmaiz","cwhea","AUS",0.0045
"cmaiz","cwhea","AUT",0.0045
"cmaiz","cwhea","AZE",0.0045
"cmaiz","cwhea","BDI",0.0045
"cmaiz","cwhea","BEN",0.0045
"cmaiz","cwhea","BFA",0.0045
"cmaiz","cwhea","BGD",0.0045
"cmaiz","cwhea","BGR",0.0045
"cmaiz","cwhea","BLR",0.0045
"cmaiz","cwhea","BLT",0.0045
"cmaiz","cwhea","BLX",0.0045
"cmaiz","cwhea","BLZ",0.0045
"cmaiz","cwhea","BOL",0.0045
"cmaiz","cwhea","BRA",0.0045
"cmaiz","cwhea","BTN",0.0045
"cmaiz","cwhea","BWA",0.0045
"cmaiz","cwhea","CAN",0.0045
"cmaiz","cwhea","CHL",0.0045
"cmaiz","cwhea","CHM",0.0045
"cmaiz","cwhea","CHP",0.0045
"cmaiz","cwhea","CIV",0.0045
"cmaiz","cwhea","CMR",0.0045
"cmaiz","cwhea","COD",0.0045
"cmaiz","cwhea","COL",0.0045
"cmaiz","cwhea","CRB",0.0045
"cmaiz","cwhea","CRI",0.0045
"cmaiz","cwhea","CUB",0.0045
"cmaiz","cwhea","CYP",0.0045
"cmaiz","cwhea","CZE",0.0045
"cmaiz","cwhea","DEU",0.0045
"cmaiz","cwhea","DNK",0.0045
"cmaiz","cwhea","DOM",0.0045
"cmaiz","cwhea","DZA",0.0045
"cmaiz","cwhea","ECU",0.0045
"cmaiz","cwhea","EGY",0.0045
"cmaiz","cwhea","ETH",0.0045
"cmaiz","cwhea","FNP",0.0045
"cmaiz","cwhea","FRP",0.0045
"cmaiz","cwhea","GAB",0.0045
"cmaiz","cwhea","GEO",0.0045
"cmaiz","cwhea","GHA",0.0045
"cmaiz","cwhea","GRC",0.0045
"cmaiz","cwhea","GSA",0.0045
"cmaiz","cwhea","GTM",0.0045
"cmaiz","cwhea","HRV",0.0045
"cmaiz","cwhea","HUN",0.0045
"cmaiz","cwhea","IDN",0.0045
"cmaiz","cwhea","IND",0.0045
"cmaiz","cwhea","IRL",0.0045
"cmaiz","cwhea","IRN",0.0045
"cmaiz","cwhea","IRQ",0.0045
"cmaiz","cwhea","ISL",0.0045
"cmaiz","cwhea","ISR",0.0045
"cmaiz","cwhea","ITP",0.0045
"cmaiz","cwhea","JOR",0.0045
"cmaiz","cwhea","JPN",0.0045
"cmaiz","cwhea","KAZ",0.0045
"cmaiz","cwhea","KEN",0.0045
"cmaiz","cwhea","KGZ",0.0045
"cmaiz","cwhea","KOR",0.0045
"cmaiz","cwhea","LBN",0.0045
"cmaiz","cwhea","LBY",0.0045
"cmaiz","cwhea","LKA",0.0045
"cmaiz","cwhea","LSO",0.0045
"cmaiz","cwhea","MDA",0.0045
"cmaiz","cwhea","MDG",0.0045
"cmaiz","cwhea","MEX",0.0045
"cmaiz","cwhea","MLI",0.0045
"cmaiz","cwhea","MMR",0.0045
"cmaiz","cwhea","MOR",0.0045
"cmaiz","cwhea","MOZ",0.0045
"cmaiz","cwhea","MRT",0.0045
"cmaiz","cwhea","MWI",0.0045
"cmaiz","cwhea","MYS",0.0045
"cmaiz","cwhea","NGA",0.0045
"cmaiz","cwhea","NIC",0.0045
"cmaiz","cwhea","NLD",0.0045
"cmaiz","cwhea","NOR",0.0045
"cmaiz","cwhea","NPL",0.0045
"cmaiz","cwhea","NZL",0.0045
"cmaiz","cwhea","OBN",0.0045
"cmaiz","cwhea","OPO",0.0045
"cmaiz","cwhea","PAK",0.0045
"cmaiz","cwhea","PAN",0.0045
"cmaiz","cwhea","PER",0.0045
"cmaiz","cwhea","PHL",0.0045
"cmaiz","cwhea","POL",0.0045
"cmaiz","cwhea","PRT",0.0045
"cmaiz","cwhea","PRY",0.0045
"cmaiz","cwhea","RAP",0.0045
"cmaiz","cwhea","ROU",0.0045
"cmaiz","cwhea","RUS",0.0045
"cmaiz","cwhea","RWA",0.0045
"cmaiz","cwhea","SAU",0.0045
"cmaiz","cwhea","SDN",0.0045
"cmaiz","cwhea","SEN",0.0045
"cmaiz","cwhea","SLE",0.0045
"cmaiz","cwhea","SLV",0.0045
"cmaiz","cwhea","SOM",0.0045
"cmaiz","cwhea","SPP",0.0045
"cmaiz","cwhea","SVK",0.0045
"cmaiz","cwhea","SVN",0.0045
"cmaiz","cwhea","SWE",0.0045
"cmaiz","cwhea","SWZ",0.0045
"cmaiz","cwhea","SYR",0.0045
"cmaiz","cwhea","THA",0.0045
"cmaiz","cwhea","TJK",0.0045
"cmaiz","cwhea","TKM",0.0045
"cmaiz","cwhea","TUN",0.0045
"cmaiz","cwhea","TUR",0.0045
"cmaiz","cwhea","TZA",0.0045
"cmaiz","cwhea","UGA",0.0045
"cmaiz","cwhea","UKP",0.0045
"cmaiz","cwhea","UKR",0.0045
"cmaiz","cwhea","URY",0.0045
"cmaiz","cwhea","USA",0.0045
"cmaiz","cwhea","UZB",0.0045
"cmaiz","cwhea","VEN",0.0045
"cmaiz","cwhea","VNM",0.0045
"cmaiz","cwhea","YEM",0.0045
"cmaiz","cwhea","ZAF",0.0045
"cmaiz","cwhea","ZMB",0.0045
"cmaiz","cwhea","ZWE",0.0045
"cmaiz","cocer","ALB",0.00375
"cmaiz","cocer","ARG",0.00375
"cmaiz","cocer","ARM",0.00375
"cmaiz","cocer","AUS",0.00375
"cmaiz","cocer","AUT",0.00375
"cmaiz","cocer","AZE",0.00375
"cmaiz","cocer","BDI",0.00375
"cmaiz","cocer","BFA",0.00375
"cmaiz","cocer","BGD",0.00375
"cmaiz","cocer","BGR",0.00375
"cmaiz","cocer","BLR",0.00375
"cmaiz","cocer","BLT",0.00375
"cmaiz","cocer","BLX",0.00375
"cmaiz","cocer","BOL",0.00375
"cmaiz","cocer","BRA",0.00375
"cmaiz","cocer","CAN",0.00375
"cmaiz","cocer","CHL",0.00375
"cmaiz","cocer","CHM",0.00375
"cmaiz","cocer","CHP",0.00375
"cmaiz","cocer","CIV",0.00375
"cmaiz","cocer","CZE",0.00375
"cmaiz","cocer","DEU",0.00375
"cmaiz","cocer","DNK",0.00375
"cmaiz","cocer","DZA",0.00375
"cmaiz","cocer","ECU",0.00375
"cmaiz","cocer","EGY",0.00375
"cmaiz","cocer","ETH",0.00375
"cmaiz","cocer","FNP",0.00375
"cmaiz","cocer","FRP",0.00375
"cmaiz","cocer","GEO",0.00375
"cmaiz","cocer","GIN",0.00375
"cmaiz","cocer","GRC",0.00375
"cmaiz","cocer","HRV",0.00375
"cmaiz","cocer","HUN",0.00375
"cmaiz","cocer","IRL",0.00375
"cmaiz","cocer","ITP",0.00375
"cmaiz","cocer","JPN",0.00375
"cmaiz","cocer","KAZ",0.00375
"cmaiz","cocer","KOR",0.00375
"cmaiz","cocer","MDA",0.00375
"cmaiz","cocer","MEX",0.00375
"cmaiz","cocer","MLI",0.00375
"cmaiz","cocer","MMR",0.00375
"cmaiz","cocer","MOR",0.00375
"cmaiz","cocer","NER",0.00375
"cmaiz","cocer","NGA",0.00375
"cmaiz","cocer","NLD",0.00375
"cmaiz","cocer","NOR",0.00375
"cmaiz","cocer","NPL",0.00375
"cmaiz","cocer","NZL",0.00375
"cmaiz","cocer","OBN",0.00375
"cmaiz","cocer","PER",0.00375
"cmaiz","cocer","POL",0.00375
"cmaiz","cocer","PRT",0.00375
"cmaiz","cocer","ROU",0.00375
"cmaiz","cocer","RUS",0.00375
"cmaiz","cocer","SLE",0.00375
"cmaiz","cocer","SPP",0.00375
"cmaiz","cocer","SVK",0.00375
"cmaiz","cocer","SVN",0.00375
"cmaiz","cocer","SWE",0.00375
"cmaiz","cocer","TCD",0.00375
"cmaiz","cocer","TGO",0.00375
"cmaiz","cocer","THA",0.00375
"cmaiz","cocer","TJK",0.00375
"cmaiz","cocer","TUN",0.00375
"cmaiz","cocer","TUR",0.00375
"cmaiz","cocer","TZA",0.00375
"cmaiz","cocer","UKP",0.00375
"cmaiz","cocer","UKR",0.00375
"cmaiz","cocer","URY",0.00375
"cmaiz","cocer","USA",0.00375
"cmaiz","cocer","UZB",0.00375
"cmaiz","cocer","ZAF",0.00375
"cmaiz","ccass","AGO",0.00375
"cmaiz","ccass","ARG",0.00375
"cmaiz","ccass","AUS",0.00375
"cmaiz","ccass","AUT",0.00375
"cmaiz","ccass","BDI",0.00375
"cmaiz","ccass","BEN",0.00375
"cmaiz","ccass","BFA",0.00375
"cmaiz","ccass","BGD",0.00375
"cmaiz","ccass","BLR",0.00375
"cmaiz","ccass","BLX",0.00375
"cmaiz","ccass","BOL",0.00375
"cmaiz","ccass","BRA",0.00375
"cmaiz","ccass","CAF",0.00375
"cmaiz","ccass","CAN",0.00375
"cmaiz","ccass","CHL",0.00375
"cmaiz","ccass","CHM",0.00375
"cmaiz","ccass","CHP",0.00375
"cmaiz","ccass","CIV",0.00375
"cmaiz","ccass","CMR",0.00375
"cmaiz","ccass","COD",0.00375
"cmaiz","ccass","COG",0.00375
"cmaiz","ccass","COL",0.00375
"cmaiz","ccass","CRI",0.00375
"cmaiz","ccass","CUB",0.00375
"cmaiz","ccass","CZE",0.00375
"cmaiz","ccass","DEU",0.00375
"cmaiz","ccass","DOM",0.00375
"cmaiz","ccass","ECU",0.00375
"cmaiz","ccass","FRP",0.00375
"cmaiz","ccass","GAB",0.00375
"cmaiz","ccass","GHA",0.00375
"cmaiz","ccass","GIN",0.00375
"cmaiz","ccass","GMB",0.00375
"cmaiz","ccass","GNB",0.00375
"cmaiz","ccass","GSA",0.00375
"cmaiz","ccass","GTM",0.00375
"cmaiz","ccass","HND",0.00375
"cmaiz","ccass","HTI",0.00375
"cmaiz","ccass","HUN",0.00375
"cmaiz","ccass","IDN",0.00375
"cmaiz","ccass","IND",0.00375
"cmaiz","ccass","IRL",0.00375
"cmaiz","ccass","ISR",0.00375
"cmaiz","ccass","ITP",0.00375
"cmaiz","ccass","JAM",0.00375
"cmaiz","ccass","JPN",0.00375
"cmaiz","ccass","KEN",0.00375
"cmaiz","ccass","KHM",0.00375
"cmaiz","ccass","KOR",0.00375
"cmaiz","ccass","LAO",0.00375
"cmaiz","ccass","LBN",0.00375
"cmaiz","ccass","LKA",0.00375
"cmaiz","ccass","MDG",0.00375
"cmaiz","ccass","MEX",0.00375
"cmaiz","ccass","MLI",0.00375
"cmaiz","ccass","MMR",0.00375
"cmaiz","ccass","MOZ",0.00375
"cmaiz","ccass","MWI",0.00375
"cmaiz","ccass","MYS",0.00375
"cmaiz","ccass","NER",0.00375
"cmaiz","ccass","NGA",0.00375
"cmaiz","ccass","NIC",0.00375
"cmaiz","ccass","NOR",0.00375
"cmaiz","ccass","NZL",0.00375
"cmaiz","ccass","OIO",0.00375
"cmaiz","ccass","OPO",0.00375
"cmaiz","ccass","PAK",0.00375
"cmaiz","ccass","PAN",0.00375
"cmaiz","ccass","PER",0.00375
"cmaiz","ccass","PHL",0.00375
"cmaiz","ccass","PNG",0.00375
"cmaiz","ccass","POL",0.00375
"cmaiz","ccass","PRT",0.00375
"cmaiz","ccass","PRY",0.00375
"cmaiz","ccass","RAP",0.00375
"cmaiz","ccass","RUS",0.00375
"cmaiz","ccass","RWA",0.00375
"cmaiz","ccass","SEN",0.00375
"cmaiz","ccass","SLE",0.00375
"cmaiz","ccass","SLV",0.00375
"cmaiz","ccass","SOM",0.00375
"cmaiz","ccass","SPP",0.00375
"cmaiz","ccass","SWE",0.00375
"cmaiz","ccass","TCD",0.00375
"cmaiz","ccass","TGO",0.00375
"cmaiz","ccass","THA",0.00375
"cmaiz","ccass","TLS",0.00375
"cmaiz","ccass","TZA",0.00375
"cmaiz","ccass","UGA",0.00375
"cmaiz","ccass","UKP",0.00375
"cmaiz","ccass","URY",0.00375
"cmaiz","ccass","USA",0.00375
"cmaiz","ccass","VEN",0.00375
"cmaiz","ccass","VNM",0.00375
"cmaiz","ccass","ZAF",0.00375
"cmaiz","ccass","ZMB",0.00375
"cmaiz","ccass","ZWE",0.00375
"cmaiz","cpota","AFG",0.00375
"cmaiz","cpota","AGO",0.00375
"cmaiz","cpota","ALB",0.00375
"cmaiz","cpota","ARG",0.00375
"cmaiz","cpota","ARM",0.00375
"cmaiz","cpota","AUS",0.00375
"cmaiz","cpota","AUT",0.00375
"cmaiz","cpota","AZE",0.00375
"cmaiz","cpota","BDI",0.00375
"cmaiz","cpota","BFA",0.00375
"cmaiz","cpota","BGD",0.00375
"cmaiz","cpota","BGR",0.00375
"cmaiz","cpota","BLR",0.00375
"cmaiz","cpota","BLT",0.00375
"cmaiz","cpota","BLX",0.00375
"cmaiz","cpota","BOL",0.00375
"cmaiz","cpota","BRA",0.00375
"cmaiz","cpota","BTN",0.00375
"cmaiz","cpota","BWA",0.00375
"cmaiz","cpota","CAF",0.00375
"cmaiz","cpota","CAN",0.00375
"cmaiz","cpota","CHL",0.00375
"cmaiz","cpota","CHM",0.00375
"cmaiz","cpota","CHP",0.00375
"cmaiz","cpota","CIV",0.00375
"cmaiz","cpota","CMR",0.00375
"cmaiz","cpota","COD",0.00375
"cmaiz","cpota","COG",0.00375
"cmaiz","cpota","COL",0.00375
"cmaiz","cpota","CRB",0.00375
"cmaiz","cpota","CRI",0.00375
"cmaiz","cpota","CUB",0.00375
"cmaiz","cpota","CYP",0.00375
"cmaiz","cpota","CZE",0.00375
"cmaiz","cpota","DEU",0.00375
"cmaiz","cpota","DNK",0.00375
"cmaiz","cpota","DOM",0.00375
"cmaiz","cpota","DZA",0.00375
"cmaiz","cpota","ECU",0.00375
"cmaiz","cpota","EGY",0.00375
"cmaiz","cpota","ETH",0.00375
"cmaiz","cpota","FNP",0.00375
"cmaiz","cpota","FRP",0.00375
"cmaiz","cpota","GEO",0.00375
"cmaiz","cpota","GIN",0.00375
"cmaiz","cpota","GRC",0.00375
"cmaiz","cpota","GSA",0.00375
"cmaiz","cpota","GTM",0.00375
"cmaiz","cpota","HND",0.00375
"cmaiz","cpota","HRV",0.00375
"cmaiz","cpota","HTI",0.00375
"cmaiz","cpota","HUN",0.00375
"cmaiz","cpota","IDN",0.00375
"cmaiz","cpota","IND",0.00375
"cmaiz","cpota","IRL",0.00375
"cmaiz","cpota","IRN",0.00375
"cmaiz","cpota","IRQ",0.00375
"cmaiz","cpota","ISL",0.00375
"cmaiz","cpota","ISR",0.00375
"cmaiz","cpota","ITP",0.00375
"cmaiz","cpota","JAM",0.00375
"cmaiz","cpota","JOR",0.00375
"cmaiz","cpota","JPN",0.00375
"cmaiz","cpota","KAZ",0.00375
"cmaiz","cpota","KEN",0.00375
"cmaiz","cpota","KGZ",0.00375
"cmaiz","cpota","KHM",0.00375
"cmaiz","cpota","KOR",0.00375
"cmaiz","cpota","LBN",0.00375
"cmaiz","cpota","LBY",0.00375
"cmaiz","cpota","LKA",0.00375
"cmaiz","cpota","LSO",0.00375
"cmaiz","cpota","MDA",0.00375
"cmaiz","cpota","MDG",0.00375
"cmaiz","cpota","MEX",0.00375
"cmaiz","cpota","MLI",0.00375
"cmaiz","cpota","MMR",0.00375
"cmaiz","cpota","MOR",0.00375
"cmaiz","cpota","MOZ",0.00375
"cmaiz","cpota","MRT",0.00375
"cmaiz","cpota","MWI",0.00375
"cmaiz","cpota","MYS",0.00375
"cmaiz","cpota","NAM",0.00375
"cmaiz","cpota","NER",0.00375
"cmaiz","cpota","NGA",0.00375
"cmaiz","cpota","NIC",0.00375
"cmaiz","cpota","NLD",0.00375
"cmaiz","cpota","NOR",0.00375
"cmaiz","cpota","NPL",0.00375
"cmaiz","cpota","NZL",0.00375
"cmaiz","cpota","OBN",0.00375
"cmaiz","cpota","OIO",0.00375
"cmaiz","cpota","PAK",0.00375
"cmaiz","cpota","PAN",0.00375
"cmaiz","cpota","PER",0.00375
"cmaiz","cpota","PHL",0.00375
"cmaiz","cpota","POL",0.00375
"cmaiz","cpota","PRT",0.00375
"cmaiz","cpota","PRY",0.00375
"cmaiz","cpota","RAP",0.00375
"cmaiz","cpota","ROU",0.00375
"cmaiz","cpota","RUS",0.00375
"cmaiz","cpota","RWA",0.00375
"cmaiz","cpota","SAU",0.00375
"cmaiz","cpota","SDN",0.00375
"cmaiz","cpota","SEN",0.00375
"cmaiz","cpota","SLV",0.00375
"cmaiz","cpota","SOM",0.00375
"cmaiz","cpota","SPP",0.00375
"cmaiz","cpota","SVK",0.00375
"cmaiz","cpota","SVN",0.00375
"cmaiz","cpota","SWE",0.00375
"cmaiz","cpota","SWZ",0.00375
"cmaiz","cpota","SYR",0.00375
"cmaiz","cpota","TCD",0.00375
"cmaiz","cpota","THA",0.00375
"cmaiz","cpota","TJK",0.00375
"cmaiz","cpota","TKM",0.00375
"cmaiz","cpota","TUN",0.00375
"cmaiz","cpota","TUR",0.00375
"cmaiz","cpota","TZA",0.00375
"cmaiz","cpota","UGA",0.00375
"cmaiz","cpota","UKP",0.00375
"cmaiz","cpota","UKR",0.00375
"cmaiz","cpota","URY",0.00375
"cmaiz","cpota","USA",0.00375
"cmaiz","cpota","UZB",0.00375
"cmaiz","cpota","VEN",0.00375
"cmaiz","cpota","VNM",0.00375
"cmaiz","cpota","YEM",0.00375
"cmaiz","cpota","ZAF",0.00375
"cmaiz","cpota","ZMB",0.00375
"cmaiz","cpota","ZWE",0.00375
"cmaiz","cswpt","AGO",0.00375
"cmaiz","cswpt","ARG",0.00375
"cmaiz","cswpt","AUS",0.00375
"cmaiz","cswpt","BDI",0.00375
"cmaiz","cswpt","BEN",0.00375
"cmaiz","cswpt","BFA",0.00375
"cmaiz","cswpt","BGD",0.00375
"cmaiz","cswpt","BOL",0.00375
"cmaiz","cswpt","BRA",0.00375
"cmaiz","cswpt","CAN",0.00375
"cmaiz","cswpt","CHL",0.00375
"cmaiz","cswpt","CHM",0.00375
"cmaiz","cswpt","CIV",0.00375
"cmaiz","cswpt","CMR",0.00375
"cmaiz","cswpt","COD",0.00375
"cmaiz","cswpt","COG",0.00375
"cmaiz","cswpt","CUB",0.00375
"cmaiz","cswpt","DOM",0.00375
"cmaiz","cswpt","EGY",0.00375
"cmaiz","cswpt","ETH",0.00375
"cmaiz","cswpt","GHA",0.00375
"cmaiz","cswpt","GIN",0.00375
"cmaiz","cswpt","GSA",0.00375
"cmaiz","cswpt","HND",0.00375
"cmaiz","cswpt","HTI",0.00375
"cmaiz","cswpt","IDN",0.00375
"cmaiz","cswpt","IND",0.00375
"cmaiz","cswpt","ISR",0.00375
"cmaiz","cswpt","JAM",0.00375
"cmaiz","cswpt","JPN",0.00375
"cmaiz","cswpt","KEN",0.00375
"cmaiz","cswpt","KHM",0.00375
"cmaiz","cswpt","KOR",0.00375
"cmaiz","cswpt","LAO",0.00375
"cmaiz","cswpt","LKA",0.00375
"cmaiz","cswpt","MDG",0.00375
"cmaiz","cswpt","MEX",0.00375
"cmaiz","cswpt","MLI",0.00375
"cmaiz","cswpt","MMR",0.00375
"cmaiz","cswpt","MOR",0.00375
"cmaiz","cswpt","MOZ",0.00375
"cmaiz","cswpt","MRT",0.00375
"cmaiz","cswpt","MWI",0.00375
"cmaiz","cswpt","MYS",0.00375
"cmaiz","cswpt","NER",0.00375
"cmaiz","cswpt","NGA",0.00375
"cmaiz","cswpt","NLD",0.00375
"cmaiz","cswpt","NZL",0.00375
"cmaiz","cswpt","OIO",0.00375
"cmaiz","cswpt","PAK",0.00375
"cmaiz","cswpt","PER",0.00375
"cmaiz","cswpt","PHL",0.00375
"cmaiz","cswpt","PNG",0.00375
"cmaiz","cswpt","PRY",0.00375
"cmaiz","cswpt","RWA",0.00375
"cmaiz","cswpt","SDN",0.00375
"cmaiz","cswpt","SEN",0.00375
"cmaiz","cswpt","SLE",0.00375
"cmaiz","cswpt","SOM",0.00375
"cmaiz","cswpt","SPP",0.00375
"cmaiz","cswpt","TCD",0.00375
"cmaiz","cswpt","TGO",0.00375
"cmaiz","cswpt","THA",0.00375
"cmaiz","cswpt","TZA",0.00375
"cmaiz","cswpt","UGA",0.00375
"cmaiz","cswpt","URY",0.00375
"cmaiz","cswpt","USA",0.00375
"cmaiz","cswpt","VEN",0.00375
"cmaiz","cswpt","VNM",0.00375
"cmaiz","cswpt","ZAF",0.00375
"cmaiz","cswpt","ZMB",0.00375
"cmaiz","cswpt","ZWE",0.00375
"cmaiz","cyams","BEN",0.00375
"cmaiz","cyams","BFA",0.00375
"cmaiz","cyams","BRA",0.00375
"cmaiz","cyams","CAF",0.00375
"cmaiz","cyams","CIV",0.00375
"cmaiz","cyams","CMR",0.00375
"cmaiz","cyams","COD",0.00375
"cmaiz","cyams","COG",0.00375
"cmaiz","cyams","COL",0.00375
"cmaiz","cyams","CRB",0.00375
"cmaiz","cyams","CRI",0.00375
"cmaiz","cyams","CUB",0.00375
"cmaiz","cyams","DOM",0.00375
"cmaiz","cyams","ETH",0.00375
"cmaiz","cyams","GAB",0.00375
"cmaiz","cyams","GHA",0.00375
"cmaiz","cyams","GIN",0.00375
"cmaiz","cyams","HTI",0.00375
"cmaiz","cyams","JAM",0.00375
"cmaiz","cyams","JPN",0.00375
"cmaiz","cyams","KEN",0.00375
"cmaiz","cyams","MLI",0.00375
"cmaiz","cyams","MYS",0.00375
"cmaiz","cyams","NGA",0.00375
"cmaiz","cyams","OIO",0.00375
"cmaiz","cyams","PAN",0.00375
"cmaiz","cyams","PNG",0.00375
"cmaiz","cyams","RAP",0.00375
"cmaiz","cyams","RWA",0.00375
"cmaiz","cyams","SDN",0.00375
"cmaiz","cyams","SEN",0.00375
"cmaiz","cyams","TCD",0.00375
"cmaiz","cyams","TGO",0.00375
"cmaiz","cyams","TZA",0.00375
"cmaiz","cyams","VEN",0.00375
"cmaiz","corat","BDI",0.00375
"cmaiz","corat","BOL",0.00375
"cmaiz","corat","BTN",0.00375
"cmaiz","corat","BWA",0.00375
"cmaiz","corat","CAF",0.00375
"cmaiz","corat","CHM",0.00375
"cmaiz","corat","CIV",0.00375
"cmaiz","corat","CMR",0.00375
"cmaiz","corat","COD",0.00375
"cmaiz","corat","COG",0.00375
"cmaiz","corat","COL",0.00375
"cmaiz","corat","CRB",0.00375
"cmaiz","corat","CRI",0.00375
"cmaiz","corat","CUB",0.00375
"cmaiz","corat","DOM",0.00375
"cmaiz","corat","ECU",0.00375
"cmaiz","corat","EGY",0.00375
"cmaiz","corat","ETH",0.00375
"cmaiz","corat","GAB",0.00375
"cmaiz","corat","GHA",0.00375
"cmaiz","corat","GIN",0.00375
"cmaiz","corat","GNB",0.00375
"cmaiz","corat","GSA",0.00375
"cmaiz","corat","HND",0.00375
"cmaiz","corat","HTI",0.00375
"cmaiz","corat","IDN",0.00375
"cmaiz","corat","JAM",0.00375
"cmaiz","corat","JPN",0.00375
"cmaiz","corat","KEN",0.00375
"cmaiz","corat","KHM",0.00375
"cmaiz","corat","LAO",0.00375
"cmaiz","corat","MDG",0.00375
"cmaiz","corat","MEX",0.00375
"cmaiz","corat","MOZ",0.00375
"cmaiz","corat","MYS",0.00375
"cmaiz","corat","NAM",0.00375
"cmaiz","corat","NGA",0.00375
"cmaiz","corat","NIC",0.00375
"cmaiz","corat","NPL",0.00375
"cmaiz","corat","OIO",0.00375
"cmaiz","corat","OPO",0.00375
"cmaiz","corat","PAK",0.00375
"cmaiz","corat","PAN",0.00375
"cmaiz","corat","PER",0.00375
"cmaiz","corat","PHL",0.00375
"cmaiz","corat","PNG",0.00375
"cmaiz","corat","RWA",0.00375
"cmaiz","corat","SLV",0.00375
"cmaiz","corat","SWZ",0.00375
"cmaiz","corat","TCD",0.00375
"cmaiz","corat","TGO",0.00375
"cmaiz","corat","THA",0.00375
"cmaiz","corat","TLS",0.00375
"cmaiz","corat","USA",0.00375
"cmaiz","corat","VEN",0.00375
"cmaiz","cplnt","BGD",0.00375
"cmaiz","cplnt","BLZ",0.00375
"cmaiz","cplnt","BOL",0.00375
"cmaiz","cplnt","CAF",0.00375
"cmaiz","cplnt","CIV",0.00375
"cmaiz","cplnt","CMR",0.00375
"cmaiz","cplnt","COD",0.00375
"cmaiz","cplnt","COG",0.00375
"cmaiz","cplnt","COL",0.00375
"cmaiz","cplnt","CRB",0.00375
"cmaiz","cplnt","CRI",0.00375
"cmaiz","cplnt","CUB",0.00375
"cmaiz","cplnt","DOM",0.00375
"cmaiz","cplnt","ECU",0.00375
"cmaiz","cplnt","GAB",0.00375
"cmaiz","cplnt","GHA",0.00375
"cmaiz","cplnt","GIN",0.00375
"cmaiz","cplnt","GNB",0.00375
"cmaiz","cplnt","GSA",0.00375
"cmaiz","cplnt","GTM",0.00375
"cmaiz","cplnt","HND",0.00375
"cmaiz","cplnt","HTI",0.00375
"cmaiz","cplnt","JAM",0.00375
"cmaiz","cplnt","KEN",0.00375
"cmaiz","cplnt","LKA",0.00375
"cmaiz","cplnt","MMR",0.00375
"cmaiz","cplnt","MWI",0.00375
"cmaiz","cplnt","NGA",0.00375
"cmaiz","cplnt","NIC",0.00375
"cmaiz","cplnt","OBN",0.00375
"cmaiz","cplnt","PAN",0.00375
"cmaiz","cplnt","PHL",0.00375
"cmaiz","cplnt","RAP",0.00375
"cmaiz","cplnt","RWA",0.00375
"cmaiz","cplnt","SLE",0.00375
"cmaiz","cplnt","SLV",0.00375
"cmaiz","cplnt","SPP",0.00375
"cmaiz","cplnt","TZA",0.00375
"cmaiz","cplnt","UGA",0.00375
"cmaiz","cplnt","VEN",0.00375
"cmaiz","csugr","AGO",0.00375
"cmaiz","csugr","ARG",0.00375
"cmaiz","csugr","ARM",0.00375
"cmaiz","csugr","AUS",0.00375
"cmaiz","csugr","AUT",0.00375
"cmaiz","csugr","AZE",0.00375
"cmaiz","csugr","BGD",0.00375
"cmaiz","csugr","BGR",0.00375
"cmaiz","csugr","BLR",0.00375
"cmaiz","csugr","BLT",0.00375
"cmaiz","csugr","BLX",0.00375
"cmaiz","csugr","BOL",0.00375
"cmaiz","csugr","BRA",0.00375
"cmaiz","csugr","BTN",0.00375
"cmaiz","csugr","BWA",0.00375
"cmaiz","csugr","CHM",0.00375
"cmaiz","csugr","CMR",0.00375
"cmaiz","csugr","COL",0.00375
"cmaiz","csugr","CRB",0.00375
"cmaiz","csugr","CRI",0.00375
"cmaiz","csugr","CZE",0.00375
"cmaiz","csugr","DEU",0.00375
"cmaiz","csugr","DNK",0.00375
"cmaiz","csugr","DZA",0.00375
"cmaiz","csugr","ECU",0.00375
"cmaiz","csugr","EGY",0.00375
"cmaiz","csugr","FNP",0.00375
"cmaiz","csugr","FRP",0.00375
"cmaiz","csugr","GEO",0.00375
"cmaiz","csugr","GMB",0.00375
"cmaiz","csugr","GRC",0.00375
"cmaiz","csugr","GSA",0.00375
"cmaiz","csugr","GTM",0.00375
"cmaiz","csugr","HND",0.00375
"cmaiz","csugr","HRV",0.00375
"cmaiz","csugr","HUN",0.00375
"cmaiz","csugr","IDN",0.00375
"cmaiz","csugr","IND",0.00375
"cmaiz","csugr","IRN",0.00375
"cmaiz","csugr","IRQ",0.00375
"cmaiz","csugr","ISR",0.00375
"cmaiz","csugr","ITP",0.00375
"cmaiz","csugr","JOR",0.00375
"cmaiz","csugr","KEN",0.00375
"cmaiz","csugr","KGZ",0.00375
"cmaiz","csugr","KHM",0.00375
"cmaiz","csugr","KOR",0.00375
"cmaiz","csugr","LAO",0.00375
"cmaiz","csugr","LBN",0.00375
"cmaiz","csugr","LKA",0.00375
"cmaiz","csugr","MDA",0.00375
"cmaiz","csugr","MEX",0.00375
"cmaiz","csugr","MOR",0.00375
"cmaiz","csugr","MRT",0.00375
"cmaiz","csugr","MYS",0.00375
"cmaiz","csugr","NAM",0.00375
"cmaiz","csugr","NIC",0.00375
"cmaiz","csugr","NLD",0.00375
"cmaiz","csugr","NPL",0.00375
"cmaiz","csugr","NZL",0.00375
"cmaiz","csugr","OBN",0.00375
"cmaiz","csugr","OIO",0.00375
"cmaiz","csugr","OPO",0.00375
"cmaiz","csugr","PAK",0.00375
"cmaiz","csugr","PAN",0.00375
"cmaiz","csugr","PER",0.00375
"cmaiz","csugr","POL",0.00375
"cmaiz","csugr","PRY",0.00375
"cmaiz","csugr","RAP",0.00375
"cmaiz","csugr","ROU",0.00375
"cmaiz","csugr","RUS",0.00375
"cmaiz","csugr","RWA",0.00375
"cmaiz","csugr","SAU",0.00375
"cmaiz","csugr","SLV",0.00375
"cmaiz","csugr","SPP",0.00375
"cmaiz","csugr","SVK",0.00375
"cmaiz","csugr","SVN",0.00375
"cmaiz","csugr","SWE",0.00375
"cmaiz","csugr","SYR",0.00375
"cmaiz","csugr","TGO",0.00375
"cmaiz","csugr","THA",0.00375
"cmaiz","csugr","TUR",0.00375
"cmaiz","csugr","TZA",0.00375
"cmaiz","csugr","UGA",0.00375
"cmaiz","csugr","UKR",0.00375
"cmaiz","csugr","URY",0.00375
"cmaiz","csugr","USA",0.00375
"cmaiz","csugr","UZB",0.00375
"cmaiz","csugr","VEN",0.00375
"cmaiz","csugr","VNM",0.00375
"cmaiz","csugr","ZAF",0.00375
"cmaiz","csugr","ZMB",0.00375
"cmaiz","csugr","ZWE",0.00375
"cmill","cbarl","AGO",0.003
"cmill","cbarl","AUS",0.003
"cmill","cbarl","BDI",0.003
"cmill","cbarl","BEN",0.003
"cmill","cbarl","BFA",0.003
"cmill","cbarl","BGD",0.003
"cmill","cbarl","BLR",0.003
"cmill","cbarl","CAF",0.003
"cmill","cbarl","CHM",0.003
"cmill","cbarl","CIV",0.003
"cmill","cbarl","CMR",0.003
"cmill","cbarl","COD",0.003
"cmill","cbarl","COG",0.003
"cmill","cbarl","ETH",0.003
"cmill","cbarl","GHA",0.003
"cmill","cbarl","GIN",0.003
"cmill","cbarl","GNB",0.003
"cmill","cbarl","IND",0.003
"cmill","cbarl","IRN",0.003
"cmill","cbarl","IRQ",0.003
"cmill","cbarl","KAZ",0.003
"cmill","cbarl","KEN",0.003
"cmill","cbarl","MLI",0.003
"cmill","cbarl","MMR",0.003
"cmill","cbarl","MOR",0.003
"cmill","cbarl","MOZ",0.003
"cmill","cbarl","MWI",0.003
"cmill","cbarl","NAM",0.003
"cmill","cbarl","NER",0.003
"cmill","cbarl","NGA",0.003
"cmill","cbarl","NPL",0.003
"cmill","cbarl","PAK",0.003
"cmill","cbarl","POL",0.003
"cmill","cbarl","RUS",0.003
"cmill","cbarl","SAU",0.003
"cmill","cbarl","SEN",0.003
"cmill","cbarl","SLE",0.003
"cmill","cbarl","TCD",0.003
"cmill","cbarl","TGO",0.003
"cmill","cbarl","TUR",0.003
"cmill","cbarl","TZA",0.003
"cmill","cbarl","UGA",0.003
"cmill","cbarl","UKR",0.003
"cmill","cbarl","USA",0.003
"cmill","cbarl","UZB",0.003
"cmill","cbarl","YEM",0.003
"cmill","cbarl","ZMB",0.003
"cmill","cbarl","ZWE",0.003
"cmill","cmaiz","AGO",0.00375
"cmill","cmaiz","AUS",0.00375
"cmill","cmaiz","BDI",0.00375
"cmill","cmaiz","BEN",0.00375
"cmill","cmaiz","BFA",0.00375
"cmill","cmaiz","BGD",0.00375
"cmill","cmaiz","BLR",0.00375
"cmill","cmaiz","CAF",0.00375
"cmill","cmaiz","CHM",0.00375
"cmill","cmaiz","CIV",0.00375
"cmill","cmaiz","CMR",0.00375
"cmill","cmaiz","COD",0.00375
"cmill","cmaiz","COG",0.00375
"cmill","cmaiz","ETH",0.00375
"cmill","cmaiz","GHA",0.00375
"cmill","cmaiz","GIN",0.00375
"cmill","cmaiz","GMB",0.00375
"cmill","cmaiz","GNB",0.00375
"cmill","cmaiz","IND",0.00375
"cmill","cmaiz","IRN",0.00375
"cmill","cmaiz","IRQ",0.00375
"cmill","cmaiz","KAZ",0.00375
"cmill","cmaiz","KEN",0.00375
"cmill","cmaiz","MLI",0.00375
"cmill","cmaiz","MMR",0.00375
"cmill","cmaiz","MOR",0.00375
"cmill","cmaiz","MOZ",0.00375
"cmill","cmaiz","MRT",0.00375
"cmill","cmaiz","MWI",0.00375
"cmill","cmaiz","NAM",0.00375
"cmill","cmaiz","NER",0.00375
"cmill","cmaiz","NGA",0.00375
"cmill","cmaiz","NPL",0.00375
"cmill","cmaiz","PAK",0.00375
"cmill","cmaiz","POL",0.00375
"cmill","cmaiz","RUS",0.00375
"cmill","cmaiz","SAU",0.00375
"cmill","cmaiz","SDN",0.00375
"cmill","cmaiz","SEN",0.00375
"cmill","cmaiz","SLE",0.00375
"cmill","cmaiz","TCD",0.00375
"cmill","cmaiz","TGO",0.00375
"cmill","cmaiz","TUR",0.00375
"cmill","cmaiz","TZA",0.00375
"cmill","cmaiz","UGA",0.00375
"cmill","cmaiz","UKR",0.00375
"cmill","cmaiz","USA",0.00375
"cmill","cmaiz","UZB",0.00375
"cmill","cmaiz","YEM",0.00375
"cmill","cmaiz","ZMB",0.00375
"cmill","cmaiz","ZWE",0.00375
"cmill","cmill","AGO",-0.298012706159354
"cmill","cmill","AUS",-0.214425550760396
"cmill","cmill","BDI",-0.335
"cmill","cmill","BEN",-0.339048847726292
"cmill","cmill","BFA",-0.244997967174184
"cmill","cmill","BGD",-0.247485686161862
"cmill","cmill","BLR",-0.0775935850510541
"cmill","cmill","CAF",-0.34
"cmill","cmill","CHM",-0.125443575496908
"cmill","cmill","CIV",-0.34
"cmill","cmill","CMR",-0.338544365267965
"cmill","cmill","COD",-0.338758396187751
"cmill","cmill","COG",-0.337655474928192
"cmill","cmill","ETH",-0.245981911810593
"cmill","cmill","GHA",-0.33688170678857
"cmill","cmill","GIN",-0.3386183761128
"cmill","cmill","GMB",-0.338487854117686
"cmill","cmill","GNB",-0.34
"cmill","cmill","IND",-0.23
"cmill","cmill","IRN",-0.118005396784634
"cmill","cmill","IRQ",-0.12321374435314
"cmill","cmill","KAZ",-0.11819865876
"cmill","cmill","KEN",-0.331134353282925
"cmill","cmill","MLI",-0.239968766582855
"cmill","cmill","MMR",-0.252833315049362
"cmill","cmill","MOR",-0.120329389981539
"cmill","cmill","MOZ",-0.307785680912863
"cmill","cmill","MRT",-0.248132015135995
"cmill","cmill","MWI",-0.315
"cmill","cmill","NAM",-0.308592932589911
"cmill","cmill","NER",-0.248929637135266
"cmill","cmill","NGA",-0.329751907656824
"cmill","cmill","NPL",-0.283534114201724
"cmill","cmill","PAK",-0.164999999999998
"cmill","cmill","POL",-0.1
"cmill","cmill","RUS",-0.0791056646980451
"cmill","cmill","SAU",-0.122397345706914
"cmill","cmill","SDN",-0.231647949240762
"cmill","cmill","SEN",-0.335434732686059
"cmill","cmill","SLE",-0.339999999999999
"cmill","cmill","TCD",-0.25
"cmill","cmill","TGO",-0.34
"cmill","cmill","TUR",-0.12140813676618
"cmill","cmill","TZA",-0.334999999999995
"cmill","cmill","UGA",-0.325204219234132
"cmill","cmill","UKR",-0.0772841675063371
"cmill","cmill","USA",-0.255
"cmill","cmill","UZB",-0.0817505972381143
"cmill","cmill","YEM",-0.122397345706914
"cmill","cmill","ZMB",-0.311768297869099
"cmill","cmill","ZWE",-0.315
"cmill","crice","AGO",0.003
"cmill","crice","AUS",0.003
"cmill","crice","BDI",0.003
"cmill","crice","BEN",0.003
"cmill","crice","BFA",0.003
"cmill","crice","BGD",0.003
"cmill","crice","CAF",0.003
"cmill","crice","CHM",0.003
"cmill","crice","CIV",0.003
"cmill","crice","CMR",0.003
"cmill","crice","COD",0.003
"cmill","crice","COG",0.003
"cmill","crice","ETH",0.003
"cmill","crice","GHA",0.003
"cmill","crice","GIN",0.003
"cmill","crice","GMB",0.003
"cmill","crice","GNB",0.003
"cmill","crice","IND",0.003
"cmill","crice","IRN",0.003
"cmill","crice","IRQ",0.003
"cmill","crice","KAZ",0.003
"cmill","crice","KEN",0.003
"cmill","crice","MLI",0.003
"cmill","crice","MMR",0.003
"cmill","crice","MOR",0.003
"cmill","crice","MOZ",0.003
"cmill","crice","MRT",0.003
"cmill","crice","MWI",0.003
"cmill","crice","NAM",0.003
"cmill","crice","NER",0.003
"cmill","crice","NGA",0.003
"cmill","crice","NPL",0.003
"cmill","crice","PAK",0.003
"cmill","crice","POL",0.003
"cmill","crice","RUS",0.003
"cmill","crice","SAU",0.003
"cmill","crice","SDN",0.003
"cmill","crice","SEN",0.003
"cmill","crice","SLE",0.003
"cmill","crice","TCD",0.003
"cmill","crice","TGO",0.003
"cmill","crice","TUR",0.003
"cmill","crice","TZA",0.003
"cmill","crice","UGA",0.003
"cmill","crice","UKR",0.003
"cmill","crice","USA",0.003
"cmill","crice","UZB",0.003
"cmill","crice","ZMB",0.003
"cmill","crice","ZWE",0.003
"cmill","csorg","AGO",0.003
"cmill","csorg","AUS",0.003
"cmill","csorg","BDI",0.003
"cmill","csorg","BEN",0.003
"cmill","csorg","BFA",0.003
"cmill","csorg","CAF",0.003
"cmill","csorg","CHM",0.003
"cmill","csorg","CIV",0.003
"cmill","csorg","CMR",0.003
"cmill","csorg","ETH",0.003
"cmill","csorg","GHA",0.003
"cmill","csorg","GIN",0.003
"cmill","csorg","GMB",0.003
"cmill","csorg","GNB",0.003
"cmill","csorg","IND",0.003
"cmill","csorg","IRQ",0.003
"cmill","csorg","KAZ",0.003
"cmill","csorg","KEN",0.003
"cmill","csorg","MLI",0.003
"cmill","csorg","MMR",0.003
"cmill","csorg","MOR",0.003
"cmill","csorg","MOZ",0.003
"cmill","csorg","MRT",0.003
"cmill","csorg","MWI",0.003
"cmill","csorg","NAM",0.003
"cmill","csorg","NER",0.003
"cmill","csorg","NGA",0.003
"cmill","csorg","PAK",0.003
"cmill","csorg","POL",0.003
"cmill","csorg","RUS",0.003
"cmill","csorg","SAU",0.003
"cmill","csorg","SDN",0.003
"cmill","csorg","SEN",0.003
"cmill","csorg","SLE",0.003
"cmill","csorg","TCD",0.003
"cmill","csorg","TGO",0.003
"cmill","csorg","TUR",0.003
"cmill","csorg","TZA",0.003
"cmill","csorg","UGA",0.003
"cmill","csorg","UKR",0.003
"cmill","csorg","USA",0.003
"cmill","csorg","UZB",0.003
"cmill","csorg","YEM",0.003
"cmill","csorg","ZMB",0.003
"cmill","csorg","ZWE",0.003
"cmill","cwhea","AGO",0.003
"cmill","cwhea","AUS",0.003
"cmill","cwhea","BDI",0.003
"cmill","cwhea","BEN",0.003
"cmill","cwhea","BFA",0.003
"cmill","cwhea","BGD",0.003
"cmill","cwhea","BLR",0.003
"cmill","cwhea","CHM",0.003
"cmill","cwhea","CIV",0.003
"cmill","cwhea","CMR",0.003
"cmill","cwhea","COD",0.003
"cmill","cwhea","ETH",0.003
"cmill","cwhea","GHA",0.003
"cmill","cwhea","IND",0.003
"cmill","cwhea","IRN",0.003
"cmill","cwhea","IRQ",0.003
"cmill","cwhea","KAZ",0.003
"cmill","cwhea","KEN",0.003
"cmill","cwhea","MLI",0.003
"cmill","cwhea","MMR",0.003
"cmill","cwhea","MOR",0.003
"cmill","cwhea","MOZ",0.003
"cmill","cwhea","MRT",0.003
"cmill","cwhea","MWI",0.003
"cmill","cwhea","NGA",0.003
"cmill","cwhea","NPL",0.003
"cmill","cwhea","PAK",0.003
"cmill","cwhea","POL",0.003
"cmill","cwhea","RUS",0.003
"cmill","cwhea","SAU",0.003
"cmill","cwhea","SDN",0.003
"cmill","cwhea","SEN",0.003
"cmill","cwhea","SLE",0.003
"cmill","cwhea","TUR",0.003
"cmill","cwhea","TZA",0.003
"cmill","cwhea","UGA",0.003
"cmill","cwhea","UKR",0.003
"cmill","cwhea","USA",0.003
"cmill","cwhea","UZB",0.003
"cmill","cwhea","YEM",0.003
"cmill","cwhea","ZMB",0.003
"cmill","cwhea","ZWE",0.003
"cmill","cocer","AUS",0.003
"cmill","cocer","BDI",0.003
"cmill","cocer","BFA",0.003
"cmill","cocer","BGD",0.003
"cmill","cocer","BLR",0.003
"cmill","cocer","CHM",0.003
"cmill","cocer","CIV",0.003
"cmill","cocer","ETH",0.003
"cmill","cocer","GIN",0.003
"cmill","cocer","KAZ",0.003
"cmill","cocer","MLI",0.003
"cmill","cocer","MMR",0.003
"cmill","cocer","MOR",0.003
"cmill","cocer","NER",0.003
"cmill","cocer","NGA",0.003
"cmill","cocer","NPL",0.003
"cmill","cocer","POL",0.003
"cmill","cocer","RUS",0.003
"cmill","cocer","SLE",0.003
"cmill","cocer","TCD",0.003
"cmill","cocer","TGO",0.003
"cmill","cocer","TUR",0.003
"cmill","cocer","TZA",0.003
"cmill","cocer","UKR",0.003
"cmill","cocer","USA",0.003
"cmill","cocer","UZB",0.003
"cmill","ccass","AGO",0.003
"cmill","ccass","AUS",0.003
"cmill","ccass","BDI",0.003
"cmill","ccass","BEN",0.003
"cmill","ccass","BFA",0.003
"cmill","ccass","BGD",0.003
"cmill","ccass","BLR",0.003
"cmill","ccass","CAF",0.003
"cmill","ccass","CHM",0.003
"cmill","ccass","CIV",0.003
"cmill","ccass","CMR",0.003
"cmill","ccass","COD",0.003
"cmill","ccass","COG",0.003
"cmill","ccass","GHA",0.003
"cmill","ccass","GIN",0.003
"cmill","ccass","GMB",0.003
"cmill","ccass","GNB",0.003
"cmill","ccass","IND",0.003
"cmill","ccass","KEN",0.003
"cmill","ccass","MLI",0.003
"cmill","ccass","MMR",0.003
"cmill","ccass","MOZ",0.003
"cmill","ccass","MWI",0.003
"cmill","ccass","NER",0.003
"cmill","ccass","NGA",0.003
"cmill","ccass","PAK",0.003
"cmill","ccass","POL",0.003
"cmill","ccass","RUS",0.003
"cmill","ccass","SEN",0.003
"cmill","ccass","SLE",0.003
"cmill","ccass","TCD",0.003
"cmill","ccass","TGO",0.003
"cmill","ccass","TZA",0.003
"cmill","ccass","UGA",0.003
"cmill","ccass","USA",0.003
"cmill","ccass","ZMB",0.003
"cmill","ccass","ZWE",0.003
"cmill","cpota","AGO",0.003
"cmill","cpota","AUS",0.003
"cmill","cpota","BDI",0.003
"cmill","cpota","BFA",0.003
"cmill","cpota","BGD",0.003
"cmill","cpota","BLR",0.003
"cmill","cpota","CAF",0.003
"cmill","cpota","CHM",0.003
"cmill","cpota","CIV",0.003
"cmill","cpota","CMR",0.003
"cmill","cpota","COD",0.003
"cmill","cpota","COG",0.003
"cmill","cpota","ETH",0.003
"cmill","cpota","GIN",0.003
"cmill","cpota","IND",0.003
"cmill","cpota","IRN",0.003
"cmill","cpota","IRQ",0.003
"cmill","cpota","KAZ",0.003
"cmill","cpota","KEN",0.003
"cmill","cpota","MLI",0.003
"cmill","cpota","MMR",0.003
"cmill","cpota","MOR",0.003
"cmill","cpota","MOZ",0.003
"cmill","cpota","MRT",0.003
"cmill","cpota","MWI",0.003
"cmill","cpota","NAM",0.003
"cmill","cpota","NER",0.003
"cmill","cpota","NGA",0.003
"cmill","cpota","NPL",0.003
"cmill","cpota","PAK",0.003
"cmill","cpota","POL",0.003
"cmill","cpota","RUS",0.003
"cmill","cpota","SAU",0.003
"cmill","cpota","SDN",0.003
"cmill","cpota","SEN",0.003
"cmill","cpota","TCD",0.003
"cmill","cpota","TUR",0.003
"cmill","cpota","TZA",0.003
"cmill","cpota","UGA",0.003
"cmill","cpota","UKR",0.003
"cmill","cpota","USA",0.003
"cmill","cpota","UZB",0.003
"cmill","cpota","YEM",0.003
"cmill","cpota","ZMB",0.003
"cmill","cpota","ZWE",0.003
"cmill","cswpt","AGO",0.003
"cmill","cswpt","AUS",0.003
"cmill","cswpt","BDI",0.003
"cmill","cswpt","BEN",0.003
"cmill","cswpt","BFA",0.003
"cmill","cswpt","BGD",0.003
"cmill","cswpt","CHM",0.003
"cmill","cswpt","CIV",0.003
"cmill","cswpt","CMR",0.003
"cmill","cswpt","COD",0.003
"cmill","cswpt","COG",0.003
"cmill","cswpt","ETH",0.003
"cmill","cswpt","GHA",0.003
"cmill","cswpt","GIN",0.003
"cmill","cswpt","IND",0.003
"cmill","cswpt","KEN",0.003
"cmill","cswpt","MLI",0.003
"cmill","cswpt","MMR",0.003
"cmill","cswpt","MOR",0.003
"cmill","cswpt","MOZ",0.003
"cmill","cswpt","MRT",0.003
"cmill","cswpt","MWI",0.003
"cmill","cswpt","NER",0.003
"cmill","cswpt","NGA",0.003
"cmill","cswpt","PAK",0.003
"cmill","cswpt","SDN",0.003
"cmill","cswpt","SEN",0.003
"cmill","cswpt","SLE",0.003
"cmill","cswpt","TCD",0.003
"cmill","cswpt","TGO",0.003
"cmill","cswpt","TZA",0.003
"cmill","cswpt","UGA",0.003
"cmill","cswpt","USA",0.003
"cmill","cswpt","ZMB",0.003
"cmill","cswpt","ZWE",0.003
"cmill","cyams","BEN",0.003
"cmill","cyams","BFA",0.003
"cmill","cyams","CAF",0.003
"cmill","cyams","CIV",0.003
"cmill","cyams","CMR",0.003
"cmill","cyams","COD",0.003
"cmill","cyams","COG",0.003
"cmill","cyams","ETH",0.003
"cmill","cyams","GHA",0.003
"cmill","cyams","GIN",0.003
"cmill","cyams","KEN",0.003
"cmill","cyams","MLI",0.003
"cmill","cyams","NGA",0.003
"cmill","cyams","SDN",0.003
"cmill","cyams","SEN",0.003
"cmill","cyams","TCD",0.003
"cmill","cyams","TGO",0.003
"cmill","cyams","TZA",0.003
"cmill","corat","BDI",0.003
"cmill","corat","CAF",0.003
"cmill","corat","CHM",0.003
"cmill","corat","CIV",0.003
"cmill","corat","CMR",0.003
"cmill","corat","COD",0.003
"cmill","corat","COG",0.003
"cmill","corat","ETH",0.003
"cmill","corat","GHA",0.003
"cmill","corat","GIN",0.003
"cmill","corat","GNB",0.003
"cmill","corat","KEN",0.003
"cmill","corat","MOZ",0.003
"cmill","corat","NAM",0.003
"cmill","corat","NGA",0.003
"cmill","corat","NPL",0.003
"cmill","corat","PAK",0.003
"cmill","corat","TCD",0.003
"cmill","corat","TGO",0.003
"cmill","corat","USA",0.003
"cmill","cplnt","BGD",0.003
"cmill","cplnt","CAF",0.003
"cmill","cplnt","CIV",0.003
"cmill","cplnt","CMR",0.003
"cmill","cplnt","COD",0.003
"cmill","cplnt","COG",0.003
"cmill","cplnt","GHA",0.003
"cmill","cplnt","GIN",0.003
"cmill","cplnt","GNB",0.003
"cmill","cplnt","KEN",0.003
"cmill","cplnt","MMR",0.003
"cmill","cplnt","MWI",0.003
"cmill","cplnt","NGA",0.003
"cmill","cplnt","SLE",0.003
"cmill","cplnt","TZA",0.003
"cmill","cplnt","UGA",0.003
"cmill","csugr","AGO",0.003
"cmill","csugr","AUS",0.003
"cmill","csugr","BGD",0.003
"cmill","csugr","BLR",0.003
"cmill","csugr","CHM",0.003
"cmill","csugr","CMR",0.003
"cmill","csugr","GMB",0.003
"cmill","csugr","IND",0.003
"cmill","csugr","IRN",0.003
"cmill","csugr","IRQ",0.003
"cmill","csugr","KEN",0.003
"cmill","csugr","MOR",0.003
"cmill","csugr","MRT",0.003
"cmill","csugr","NAM",0.003
"cmill","csugr","NPL",0.003
"cmill","csugr","PAK",0.003
"cmill","csugr","POL",0.003
"cmill","csugr","RUS",0.003
"cmill","csugr","SAU",0.003
"cmill","csugr","TGO",0.003
"cmill","csugr","TUR",0.003
"cmill","csugr","TZA",0.003
"cmill","csugr","UGA",0.003
"cmill","csugr","UKR",0.003
"cmill","csugr","USA",0.003
"cmill","csugr","UZB",0.003
"cmill","csugr","ZMB",0.003
"cmill","csugr","ZWE",0.003
"crice","cbarl","AFG",0.003
"crice","cbarl","AGO",0.003
"crice","cbarl","ARG",0.003
"crice","cbarl","AUS",0.003
"crice","cbarl","AUT",0.003
"crice","cbarl","AZE",0.003
"crice","cbarl","BDI",0.003
"crice","cbarl","BEN",0.003
"crice","cbarl","BFA",0.003
"crice","cbarl","BGD",0.003
"crice","cbarl","BGR",0.003
"crice","cbarl","BLX",0.003
"crice","cbarl","BLZ",0.003
"crice","cbarl","BOL",0.003
"crice","cbarl","BRA",0.003
"crice","cbarl","BWA",0.003
"crice","cbarl","CAF",0.003
"crice","cbarl","CAN",0.003
"crice","cbarl","CHL",0.003
"crice","cbarl","CHM",0.003
"crice","cbarl","CHP",0.003
"crice","cbarl","CIV",0.003
"crice","cbarl","CMR",0.003
"crice","cbarl","COD",0.003
"crice","cbarl","COG",0.003
"crice","cbarl","COL",0.003
"crice","cbarl","CRB",0.003
"crice","cbarl","CRI",0.003
"crice","cbarl","CUB",0.003
"crice","cbarl","CZE",0.003
"crice","cbarl","DEU",0.003
"crice","cbarl","DNK",0.003
"crice","cbarl","DOM",0.003
"crice","cbarl","ECU",0.003
"crice","cbarl","EGY",0.003
"crice","cbarl","ETH",0.003
"crice","cbarl","FJI",0.003
"crice","cbarl","FNP",0.003
"crice","cbarl","FRP",0.003
"crice","cbarl","GHA",0.003
"crice","cbarl","GIN",0.003
"crice","cbarl","GNB",0.003
"crice","cbarl","GRC",0.003
"crice","cbarl","GSA",0.003
"crice","cbarl","GTM",0.003
"crice","cbarl","HND",0.003
"crice","cbarl","HTI",0.003
"crice","cbarl","HUN",0.003
"crice","cbarl","IDN",0.003
"crice","cbarl","IND",0.003
"crice","cbarl","IRL",0.003
"crice","cbarl","IRN",0.003
"crice","cbarl","IRQ",0.003
"crice","cbarl","ITP",0.003
"crice","cbarl","JAM",0.003
"crice","cbarl","JPN",0.003
"crice","cbarl","KAZ",0.003
"crice","cbarl","KEN",0.003
"crice","cbarl","KGZ",0.003
"crice","cbarl","KHM",0.003
"crice","cbarl","KOR",0.003
"crice","cbarl","LAO",0.003
"crice","cbarl","LBR",0.003
"crice","cbarl","LBY",0.003
"crice","cbarl","LKA",0.003
"crice","cbarl","MDG",0.003
"crice","cbarl","MEX",0.003
"crice","cbarl","MLI",0.003
"crice","cbarl","MMR",0.003
"crice","cbarl","MOR",0.003
"crice","cbarl","MOZ",0.003
"crice","cbarl","MWI",0.003
"crice","cbarl","MYS",0.003
"crice","cbarl","NAM",0.003
"crice","cbarl","NER",0.003
"crice","cbarl","NGA",0.003
"crice","cbarl","NIC",0.003
"crice","cbarl","NLD",0.003
"crice","cbarl","NPL",0.003
"crice","cbarl","NZL",0.003
"crice","cbarl","OBN",0.003
"crice","cbarl","OIO",0.003
"crice","cbarl","PAK",0.003
"crice","cbarl","PAN",0.003
"crice","cbarl","PER",0.003
"crice","cbarl","PHL",0.003
"crice","cbarl","POL",0.003
"crice","cbarl","PRT",0.003
"crice","cbarl","PRY",0.003
"crice","cbarl","RAP",0.003
"crice","cbarl","ROU",0.003
"crice","cbarl","RUS",0.003
"crice","cbarl","RWA",0.003
"crice","cbarl","SAU",0.003
"crice","cbarl","SEN",0.003
"crice","cbarl","SLE",0.003
"crice","cbarl","SLV",0.003
"crice","cbarl","SPP",0.003
"crice","cbarl","SWE",0.003
"crice","cbarl","SYR",0.003
"crice","cbarl","TCD",0.003
"crice","cbarl","TGO",0.003
"crice","cbarl","THA",0.003
"crice","cbarl","TJK",0.003
"crice","cbarl","TKM",0.003
"crice","cbarl","TUN",0.003
"crice","cbarl","TUR",0.003
"crice","cbarl","TZA",0.003
"crice","cbarl","UGA",0.003
"crice","cbarl","UKP",0.003
"crice","cbarl","UKR",0.003
"crice","cbarl","URY",0.003
"crice","cbarl","USA",0.003
"crice","cbarl","UZB",0.003
"crice","cbarl","VEN",0.003
"crice","cbarl","VNM",0.003
"crice","cbarl","ZAF",0.003
"crice","cbarl","ZMB",0.003
"crice","cbarl","ZWE",0.003
"crice","cmaiz","AFG",0.00375
"crice","cmaiz","AGO",0.00375
"crice","cmaiz","ARG",0.00375
"crice","cmaiz","AUS",0.00375
"crice","cmaiz","AUT",0.00375
"crice","cmaiz","AZE",0.00375
"crice","cmaiz","BDI",0.00375
"crice","cmaiz","BEN",0.00375
"crice","cmaiz","BFA",0.00375
"crice","cmaiz","BGD",0.00375
"crice","cmaiz","BGR",0.00375
"crice","cmaiz","BLX",0.00375
"crice","cmaiz","BLZ",0.00375
"crice","cmaiz","BOL",0.00375
"crice","cmaiz","BRA",0.00375
"crice","cmaiz","BTN",0.00375
"crice","cmaiz","BWA",0.00375
"crice","cmaiz","CAF",0.00375
"crice","cmaiz","CAN",0.00375
"crice","cmaiz","CHL",0.00375
"crice","cmaiz","CHM",0.00375
"crice","cmaiz","CHP",0.00375
"crice","cmaiz","CIV",0.00375
"crice","cmaiz","CMR",0.00375
"crice","cmaiz","COD",0.00375
"crice","cmaiz","COG",0.00375
"crice","cmaiz","COL",0.00375
"crice","cmaiz","CRB",0.00375
"crice","cmaiz","CRI",0.00375
"crice","cmaiz","CUB",0.00375
"crice","cmaiz","CZE",0.00375
"crice","cmaiz","DEU",0.00375
"crice","cmaiz","DNK",0.00375
"crice","cmaiz","DOM",0.00375
"crice","cmaiz","ECU",0.00375
"crice","cmaiz","EGY",0.00375
"crice","cmaiz","ETH",0.00375
"crice","cmaiz","FNP",0.00375
"crice","cmaiz","FRP",0.00375
"crice","cmaiz","GHA",0.00375
"crice","cmaiz","GIN",0.00375
"crice","cmaiz","GMB",0.00375
"crice","cmaiz","GNB",0.00375
"crice","cmaiz","GRC",0.00375
"crice","cmaiz","GSA",0.00375
"crice","cmaiz","GTM",0.00375
"crice","cmaiz","HND",0.00375
"crice","cmaiz","HTI",0.00375
"crice","cmaiz","HUN",0.00375
"crice","cmaiz","IDN",0.00375
"crice","cmaiz","IND",0.00375
"crice","cmaiz","IRL",0.00375
"crice","cmaiz","IRN",0.00375
"crice","cmaiz","IRQ",0.00375
"crice","cmaiz","ITP",0.00375
"crice","cmaiz","JAM",0.00375
"crice","cmaiz","JPN",0.00375
"crice","cmaiz","KAZ",0.00375
"crice","cmaiz","KEN",0.00375
"crice","cmaiz","KGZ",0.00375
"crice","cmaiz","KHM",0.00375
"crice","cmaiz","KOR",0.00375
"crice","cmaiz","LAO",0.00375
"crice","cmaiz","LBY",0.00375
"crice","cmaiz","LKA",0.00375
"crice","cmaiz","MDG",0.00375
"crice","cmaiz","MEX",0.00375
"crice","cmaiz","MLI",0.00375
"crice","cmaiz","MMR",0.00375
"crice","cmaiz","MOR",0.00375
"crice","cmaiz","MOZ",0.00375
"crice","cmaiz","MRT",0.00375
"crice","cmaiz","MWI",0.00375
"crice","cmaiz","MYS",0.00375
"crice","cmaiz","NAM",0.00375
"crice","cmaiz","NER",0.00375
"crice","cmaiz","NGA",0.00375
"crice","cmaiz","NIC",0.00375
"crice","cmaiz","NLD",0.00375
"crice","cmaiz","NPL",0.00375
"crice","cmaiz","NZL",0.00375
"crice","cmaiz","OBN",0.00375
"crice","cmaiz","OIO",0.00375
"crice","cmaiz","PAK",0.00375
"crice","cmaiz","PAN",0.00375
"crice","cmaiz","PER",0.00375
"crice","cmaiz","PHL",0.00375
"crice","cmaiz","POL",0.00375
"crice","cmaiz","PRT",0.00375
"crice","cmaiz","PRY",0.00375
"crice","cmaiz","RAP",0.00375
"crice","cmaiz","ROU",0.00375
"crice","cmaiz","RUS",0.00375
"crice","cmaiz","RWA",0.00375
"crice","cmaiz","SAU",0.00375
"crice","cmaiz","SDN",0.00375
"crice","cmaiz","SEN",0.00375
"crice","cmaiz","SLE",0.00375
"crice","cmaiz","SLV",0.00375
"crice","cmaiz","SPP",0.00375
"crice","cmaiz","SWE",0.00375
"crice","cmaiz","SYR",0.00375
"crice","cmaiz","TCD",0.00375
"crice","cmaiz","TGO",0.00375
"crice","cmaiz","THA",0.00375
"crice","cmaiz","TJK",0.00375
"crice","cmaiz","TKM",0.00375
"crice","cmaiz","TLS",0.00375
"crice","cmaiz","TUN",0.00375
"crice","cmaiz","TUR",0.00375
"crice","cmaiz","TZA",0.00375
"crice","cmaiz","UGA",0.00375
"crice","cmaiz","UKP",0.00375
"crice","cmaiz","UKR",0.00375
"crice","cmaiz","URY",0.00375
"crice","cmaiz","USA",0.00375
"crice","cmaiz","UZB",0.00375
"crice","cmaiz","VEN",0.00375
"crice","cmaiz","VNM",0.00375
"crice","cmaiz","ZAF",0.00375
"crice","cmaiz","ZMB",0.00375
"crice","cmaiz","ZWE",0.00375
"crice","cmill","AGO",0.003
"crice","cmill","AUS",0.003
"crice","cmill","BDI",0.003
"crice","cmill","BEN",0.003
"crice","cmill","BFA",0.003
"crice","cmill","BGD",0.003
"crice","cmill","CAF",0.003
"crice","cmill","CHM",0.003
"crice","cmill","CIV",0.003
"crice","cmill","CMR",0.003
"crice","cmill","COD",0.003
"crice","cmill","COG",0.003
"crice","cmill","ETH",0.003
"crice","cmill","GHA",0.003
"crice","cmill","GIN",0.003
"crice","cmill","GMB",0.003
"crice","cmill","GNB",0.003
"crice","cmill","IND",0.003
"crice","cmill","IRN",0.003
"crice","cmill","IRQ",0.003
"crice","cmill","KAZ",0.003
"crice","cmill","KEN",0.003
"crice","cmill","MLI",0.003
"crice","cmill","MMR",0.003
"crice","cmill","MOR",0.003
"crice","cmill","MOZ",0.003
"crice","cmill","MRT",0.003
"crice","cmill","MWI",0.003
"crice","cmill","NAM",0.003
"crice","cmill","NER",0.003
"crice","cmill","NGA",0.003
"crice","cmill","NPL",0.003
"crice","cmill","PAK",0.003
"crice","cmill","POL",0.003
"crice","cmill","RUS",0.003
"crice","cmill","SAU",0.003
"crice","cmill","SDN",0.003
"crice","cmill","SEN",0.003
"crice","cmill","SLE",0.003
"crice","cmill","TCD",0.003
"crice","cmill","TGO",0.003
"crice","cmill","TUR",0.003
"crice","cmill","TZA",0.003
"crice","cmill","UGA",0.003
"crice","cmill","UKR",0.003
"crice","cmill","USA",0.003
"crice","cmill","UZB",0.003
"crice","cmill","ZMB",0.003
"crice","cmill","ZWE",0.003
"crice","crice","AFG",-0.26
"crice","crice","AGO",-0.395793982692889
"crice","crice","ARG",-0.323725248040116
"crice","crice","AUS",-0.393340220969154
"crice","crice","AUT",-0.382542642641098
"crice","crice","AZE",-0.328966767936359
"crice","crice","BDI",-0.46
"crice","crice","BEN",-0.429001290112606
"crice","crice","BFA",-0.446437877089974
"crice","crice","BGD",-0.246625150276214
"crice","crice","BGR",-0.268965550551948
"crice","crice","BLX",-0.383169500962544
"crice","crice","BLZ",-0.288116534721802
"crice","crice","BOL",-0.288825869679991
"crice","crice","BRA",-0.234388489001125
"crice","crice","BTN",-0.256936905771448
"crice","crice","BWA",-0.39946143254831
"crice","crice","CAF",-0.43
"crice","crice","CAN",-0.377888320302032
"crice","crice","CHL",-0.286286062570306
"crice","crice","CHM",-0.25
"crice","crice","CHP",-0.382542642641098
"crice","crice","CIV",-0.43
"crice","crice","CMR",-0.427652788994563
"crice","crice","COD",-0.428696315997138
"crice","crice","COG",-0.427538248674602
"crice","crice","COL",-0.263160050028436
"crice","crice","CRB",-0.27
"crice","crice","CRI",-0.288116534721802
"crice","crice","CUB",-0.288116534721802
"crice","crice","CZE",-0.268965550551948
"crice","crice","DEU",-0.38401575472245
"crice","crice","DNK",-0.380739208925617
"crice","crice","DOM",-0.288116534721802
"crice","crice","ECU",-0.285414579922415
"crice","crice","EGY",-0.34
"crice","crice","ETH",-0.447187338267399
"crice","crice","FJI",-0.27
"crice","crice","FNP",-0.380739208925617
"crice","crice","FRP",-0.383502977422271
"crice","crice","GHA",-0.426725792127998
"crice","crice","GIN",-0.427772131482842
"crice","crice","GMB",-0.428741504394719
"crice","crice","GNB",-0.43
"crice","crice","GRC",-0.269060627396281
"crice","crice","GSA",-0.289397730888878
"crice","crice","GTM",-0.288116534721802
"crice","crice","HND",-0.288116534721802
"crice","crice","HTI",-0.288116534721802
"crice","crice","HUN",-0.268965550551948
"crice","crice","IDN",-0.297059785745757
"crice","crice","IND",-0.243136786659017
"crice","crice","IRL",-0.381527311628025
"crice","crice","IRN",-0.252786815434154
"crice","crice","IRQ",-0.258157923864176
"crice","crice","ITP",-0.384519029751761
"crice","crice","JAM",-0.27
"crice","crice","JPN",-0.135
"crice","crice","KAZ",-0.30574960387861
"crice","crice","KEN",-0.458583298358234
"crice","crice","KGZ",-0.306677585806189
"crice","crice","KHM",-0.264544682533391
"crice","crice","KOR",-0.156084724195093
"crice","crice","LAO",-0.264544682533391
"crice","crice","LBR",-0.43
"crice","crice","LBY",-0.25520861432123
"crice","crice","LKA",-0.257633554103146
"crice","crice","MDG",-0.405
"crice","crice","MEX",-0.348422893688171
"crice","crice","MLI",-0.443483630156656
"crice","crice","MMR",-0.319351396216066
"crice","crice","MOR",-0.255182845247979
"crice","crice","MOZ",-0.397424964958498
"crice","crice","MRT",-0.448692410595196
"crice","crice","MWI",-0.404977872233191
"crice","crice","MYS",-0.182679922143152
"crice","crice","NAM",-0.40152778282292
"crice","crice","NER",-0.449512884121598
"crice","crice","NGA",-0.475048872007244
"crice","crice","NIC",-0.288116534721802
"crice","crice","NLD",-0.384396192204751
"crice","crice","NPL",-0.259426043148679
"crice","crice","NZL",-0.376790312337929
"crice","crice","OBN",-0.269060627396281
"crice","crice","OIO",-0.27
"crice","crice","PAK",-0.259789436541459
"crice","crice","PAN",-0.288116534721802
"crice","crice","PER",-0.286589636318991
"crice","crice","PHL",-0.212912019450553
"crice","crice","POL",-0.26933421569042
"crice","crice","PRT",-0.382643227124638
"crice","crice","PRY",-0.288825869679991
"crice","crice","RAP",-0.257316012760255
"crice","crice","ROU",-0.268965550551948
"crice","crice","RUS",-0.326311658740329
"crice","crice","RWA",-0.455722183990963
"crice","crice","SAU",-0.257316012760255
"crice","crice","SDN",-0.445213459684012
"crice","crice","SEN",-0.426200519461301
"crice","crice","SLE",-0.412696652075244
"crice","crice","SLV",-0.288116534721802
"crice","crice","SPP",-0.382643227124638
"crice","crice","SWE",-0.380739208925617
"crice","crice","SYR",-0.257922001066874
"crice","crice","TCD",-0.4451986950997
"crice","crice","TGO",-0.43
"crice","crice","THA",-0.134410869959147
"crice","crice","TJK",-0.299956509258111
"crice","crice","TKM",-0.309679672940676
"crice","crice","TLS",-0.27
"crice","crice","TUN",-0.254914046311222
"crice","crice","TUR",-0.282243306347501
"crice","crice","TZA",-0.451049558385532
"crice","crice","UGA",-0.456411866706645
"crice","crice","UKP",-0.381527311628025
"crice","crice","UKR",-0.323028737755192
"crice","crice","URY",-0.289019566370444
"crice","crice","USA",-0.39827467678139
"crice","crice","UZB",-0.305206573027496
"crice","crice","VEN",-0.289397730888878
"crice","crice","VNM",-0.254948098532907
"crice","crice","ZAF",-0.375297069918436
"crice","crice","ZMB",-0.401606712762554
"crice","crice","ZWE",-0.405
"crice","csorg","AGO",0.003
"crice","csorg","ARG",0.003
"crice","csorg","AUS",0.003
"crice","csorg","AUT",0.003
"crice","csorg","BDI",0.003
"crice","csorg","BEN",0.003
"crice","csorg","BFA",0.003
"crice","csorg","BGR",0.003
"crice","csorg","BLZ",0.003
"crice","csorg","BOL",0.003
"crice","csorg","BRA",0.003
"crice","csorg","BWA",0.003
"crice","csorg","CAF",0.003
"crice","csorg","CHM",0.003
"crice","csorg","CIV",0.003
"crice","csorg","CMR",0.003
"crice","csorg","CUB",0.003
"crice","csorg","ECU",0.003
"crice","csorg","EGY",0.003
"crice","csorg","ETH",0.003
"crice","csorg","FRP",0.003
"crice","csorg","GHA",0.003
"crice","csorg","GIN",0.003
"crice","csorg","GMB",0.003
"crice","csorg","GNB",0.003
"crice","csorg","GTM",0.003
"crice","csorg","HND",0.003
"crice","csorg","HTI",0.003
"crice","csorg","HUN",0.003
"crice","csorg","IND",0.003
"crice","csorg","IRQ",0.003
"crice","csorg","ITP",0.003
"crice","csorg","KAZ",0.003
"crice","csorg","KEN",0.003
"crice","csorg","MEX",0.003
"crice","csorg","MLI",0.003
"crice","csorg","MMR",0.003
"crice","csorg","MOR",0.003
"crice","csorg","MOZ",0.003
"crice","csorg","MRT",0.003
"crice","csorg","MWI",0.003
"crice","csorg","NAM",0.003
"crice","csorg","NER",0.003
"crice","csorg","NGA",0.003
"crice","csorg","NIC",0.003
"crice","csorg","PAK",0.003
"crice","csorg","POL",0.003
"crice","csorg","PRY",0.003
"crice","csorg","RAP",0.003
"crice","csorg","ROU",0.003
"crice","csorg","RUS",0.003
"crice","csorg","RWA",0.003
"crice","csorg","SAU",0.003
"crice","csorg","SDN",0.003
"crice","csorg","SEN",0.003
"crice","csorg","SLE",0.003
"crice","csorg","SLV",0.003
"crice","csorg","SPP",0.003
"crice","csorg","SYR",0.003
"crice","csorg","TCD",0.003
"crice","csorg","TGO",0.003
"crice","csorg","THA",0.003
"crice","csorg","TUR",0.003
"crice","csorg","TZA",0.003
"crice","csorg","UGA",0.003
"crice","csorg","UKR",0.003
"crice","csorg","URY",0.003
"crice","csorg","USA",0.003
"crice","csorg","UZB",0.003
"crice","csorg","VEN",0.003
"crice","csorg","ZAF",0.003
"crice","csorg","ZMB",0.003
"crice","csorg","ZWE",0.003
"crice","cwhea","AFG",0.003
"crice","cwhea","AGO",0.003
"crice","cwhea","ARG",0.003
"crice","cwhea","AUS",0.003
"crice","cwhea","AUT",0.003
"crice","cwhea","AZE",0.003
"crice","cwhea","BDI",0.003
"crice","cwhea","BEN",0.003
"crice","cwhea","BFA",0.003
"crice","cwhea","BGD",0.003
"crice","cwhea","BGR",0.003
"crice","cwhea","BLX",0.003
"crice","cwhea","BLZ",0.003
"crice","cwhea","BOL",0.003
"crice","cwhea","BRA",0.003
"crice","cwhea","BTN",0.003
"crice","cwhea","BWA",0.003
"crice","cwhea","CAN",0.003
"crice","cwhea","CHL",0.003
"crice","cwhea","CHM",0.003
"crice","cwhea","CHP",0.003
"crice","cwhea","CIV",0.003
"crice","cwhea","CMR",0.003
"crice","cwhea","COD",0.003
"crice","cwhea","COL",0.003
"crice","cwhea","CRB",0.003
"crice","cwhea","CRI",0.003
"crice","cwhea","CUB",0.003
"crice","cwhea","CZE",0.003
"crice","cwhea","DEU",0.003
"crice","cwhea","DNK",0.003
"crice","cwhea","DOM",0.003
"crice","cwhea","ECU",0.003
"crice","cwhea","EGY",0.003
"crice","cwhea","ETH",0.003
"crice","cwhea","FNP",0.003
"crice","cwhea","FRP",0.003
"crice","cwhea","GHA",0.003
"crice","cwhea","GRC",0.003
"crice","cwhea","GSA",0.003
"crice","cwhea","GTM",0.003
"crice","cwhea","HUN",0.003
"crice","cwhea","IDN",0.003
"crice","cwhea","IND",0.003
"crice","cwhea","IRL",0.003
"crice","cwhea","IRN",0.003
"crice","cwhea","IRQ",0.003
"crice","cwhea","ITP",0.003
"crice","cwhea","JPN",0.003
"crice","cwhea","KAZ",0.003
"crice","cwhea","KEN",0.003
"crice","cwhea","KGZ",0.003
"crice","cwhea","KOR",0.003
"crice","cwhea","LBY",0.003
"crice","cwhea","LKA",0.003
"crice","cwhea","MDG",0.003
"crice","cwhea","MEX",0.003
"crice","cwhea","MLI",0.003
"crice","cwhea","MMR",0.003
"crice","cwhea","MOR",0.003
"crice","cwhea","MOZ",0.003
"crice","cwhea","MRT",0.003
"crice","cwhea","MWI",0.003
"crice","cwhea","MYS",0.003
"crice","cwhea","NGA",0.003
"crice","cwhea","NIC",0.003
"crice","cwhea","NLD",0.003
"crice","cwhea","NPL",0.003
"crice","cwhea","NZL",0.003
"crice","cwhea","OBN",0.003
"crice","cwhea","PAK",0.003
"crice","cwhea","PAN",0.003
"crice","cwhea","PER",0.003
"crice","cwhea","PHL",0.003
"crice","cwhea","POL",0.003
"crice","cwhea","PRT",0.003
"crice","cwhea","PRY",0.003
"crice","cwhea","RAP",0.003
"crice","cwhea","ROU",0.003
"crice","cwhea","RUS",0.003
"crice","cwhea","RWA",0.003
"crice","cwhea","SAU",0.003
"crice","cwhea","SDN",0.003
"crice","cwhea","SEN",0.003
"crice","cwhea","SLE",0.003
"crice","cwhea","SLV",0.003
"crice","cwhea","SPP",0.003
"crice","cwhea","SWE",0.003
"crice","cwhea","SYR",0.003
"crice","cwhea","THA",0.003
"crice","cwhea","TJK",0.003
"crice","cwhea","TKM",0.003
"crice","cwhea","TUN",0.003
"crice","cwhea","TUR",0.003
"crice","cwhea","TZA",0.003
"crice","cwhea","UGA",0.003
"crice","cwhea","UKP",0.003
"crice","cwhea","UKR",0.003
"crice","cwhea","URY",0.003
"crice","cwhea","USA",0.003
"crice","cwhea","UZB",0.003
"crice","cwhea","VEN",0.003
"crice","cwhea","VNM",0.003
"crice","cwhea","ZAF",0.003
"crice","cwhea","ZMB",0.003
"crice","cwhea","ZWE",0.003
"crice","cocer","ARG",0.003
"crice","cocer","AUS",0.003
"crice","cocer","AUT",0.003
"crice","cocer","AZE",0.003
"crice","cocer","BDI",0.003
"crice","cocer","BFA",0.003
"crice","cocer","BGD",0.003
"crice","cocer","BGR",0.003
"crice","cocer","BLX",0.003
"crice","cocer","BOL",0.003
"crice","cocer","BRA",0.003
"crice","cocer","CAN",0.003
"crice","cocer","CHL",0.003
"crice","cocer","CHM",0.003
"crice","cocer","CHP",0.003
"crice","cocer","CIV",0.003
"crice","cocer","CZE",0.003
"crice","cocer","DEU",0.003
"crice","cocer","DNK",0.003
"crice","cocer","ECU",0.003
"crice","cocer","EGY",0.003
"crice","cocer","ETH",0.003
"crice","cocer","FNP",0.003
"crice","cocer","FRP",0.003
"crice","cocer","GIN",0.003
"crice","cocer","GRC",0.003
"crice","cocer","HUN",0.003
"crice","cocer","IRL",0.003
"crice","cocer","ITP",0.003
"crice","cocer","JPN",0.003
"crice","cocer","KAZ",0.003
"crice","cocer","KOR",0.003
"crice","cocer","MEX",0.003
"crice","cocer","MLI",0.003
"crice","cocer","MMR",0.003
"crice","cocer","MOR",0.003
"crice","cocer","NER",0.003
"crice","cocer","NGA",0.003
"crice","cocer","NLD",0.003
"crice","cocer","NPL",0.003
"crice","cocer","NZL",0.003
"crice","cocer","OBN",0.003
"crice","cocer","PER",0.003
"crice","cocer","POL",0.003
"crice","cocer","PRT",0.003
"crice","cocer","ROU",0.003
"crice","cocer","RUS",0.003
"crice","cocer","SLE",0.003
"crice","cocer","SPP",0.003
"crice","cocer","SWE",0.003
"crice","cocer","TCD",0.003
"crice","cocer","TGO",0.003
"crice","cocer","THA",0.003
"crice","cocer","TJK",0.003
"crice","cocer","TUN",0.003
"crice","cocer","TUR",0.003
"crice","cocer","TZA",0.003
"crice","cocer","UKP",0.003
"crice","cocer","UKR",0.003
"crice","cocer","URY",0.003
"crice","cocer","USA",0.003
"crice","cocer","UZB",0.003
"crice","cocer","ZAF",0.003
"crice","ccass","AGO",0.003
"crice","ccass","ARG",0.003
"crice","ccass","AUS",0.003
"crice","ccass","AUT",0.003
"crice","ccass","BDI",0.003
"crice","ccass","BEN",0.003
"crice","ccass","BFA",0.003
"crice","ccass","BGD",0.003
"crice","ccass","BLX",0.003
"crice","ccass","BOL",0.003
"crice","ccass","BRA",0.003
"crice","ccass","CAF",0.003
"crice","ccass","CAN",0.003
"crice","ccass","CHL",0.003
"crice","ccass","CHM",0.003
"crice","ccass","CHP",0.003
"crice","ccass","CIV",0.003
"crice","ccass","CMR",0.003
"crice","ccass","COD",0.003
"crice","ccass","COG",0.003
"crice","ccass","COL",0.003
"crice","ccass","CRI",0.003
"crice","ccass","CUB",0.003
"crice","ccass","CZE",0.003
"crice","ccass","DEU",0.003
"crice","ccass","DOM",0.003
"crice","ccass","ECU",0.003
"crice","ccass","FJI",0.003
"crice","ccass","FRP",0.003
"crice","ccass","GHA",0.003
"crice","ccass","GIN",0.003
"crice","ccass","GMB",0.003
"crice","ccass","GNB",0.003
"crice","ccass","GSA",0.003
"crice","ccass","GTM",0.003
"crice","ccass","HND",0.003
"crice","ccass","HTI",0.003
"crice","ccass","HUN",0.003
"crice","ccass","IDN",0.003
"crice","ccass","IND",0.003
"crice","ccass","IRL",0.003
"crice","ccass","ITP",0.003
"crice","ccass","JAM",0.003
"crice","ccass","JPN",0.003
"crice","ccass","KEN",0.003
"crice","ccass","KHM",0.003
"crice","ccass","KOR",0.003
"crice","ccass","LAO",0.003
"crice","ccass","LBR",0.003
"crice","ccass","LKA",0.003
"crice","ccass","MDG",0.003
"crice","ccass","MEX",0.003
"crice","ccass","MLI",0.003
"crice","ccass","MMR",0.003
"crice","ccass","MOZ",0.003
"crice","ccass","MWI",0.003
"crice","ccass","MYS",0.003
"crice","ccass","NER",0.003
"crice","ccass","NGA",0.003
"crice","ccass","NIC",0.003
"crice","ccass","NZL",0.003
"crice","ccass","OIO",0.003
"crice","ccass","PAK",0.003
"crice","ccass","PAN",0.003
"crice","ccass","PER",0.003
"crice","ccass","PHL",0.003
"crice","ccass","POL",0.003
"crice","ccass","PRT",0.003
"crice","ccass","PRY",0.003
"crice","ccass","RAP",0.003
"crice","ccass","RUS",0.003
"crice","ccass","RWA",0.003
"crice","ccass","SEN",0.003
"crice","ccass","SLE",0.003
"crice","ccass","SLV",0.003
"crice","ccass","SPP",0.003
"crice","ccass","SWE",0.003
"crice","ccass","TCD",0.003
"crice","ccass","TGO",0.003
"crice","ccass","THA",0.003
"crice","ccass","TLS",0.003
"crice","ccass","TZA",0.003
"crice","ccass","UGA",0.003
"crice","ccass","UKP",0.003
"crice","ccass","URY",0.003
"crice","ccass","USA",0.003
"crice","ccass","VEN",0.003
"crice","ccass","VNM",0.003
"crice","ccass","ZAF",0.003
"crice","ccass","ZMB",0.003
"crice","ccass","ZWE",0.003
"crice","cpota","AFG",0.003
"crice","cpota","AGO",0.003
"crice","cpota","ARG",0.003
"crice","cpota","AUS",0.003
"crice","cpota","AUT",0.003
"crice","cpota","AZE",0.003
"crice","cpota","BDI",0.003
"crice","cpota","BFA",0.003
"crice","cpota","BGD",0.003
"crice","cpota","BGR",0.003
"crice","cpota","BLX",0.003
"crice","cpota","BOL",0.003
"crice","cpota","BRA",0.003
"crice","cpota","BTN",0.003
"crice","cpota","BWA",0.003
"crice","cpota","CAF",0.003
"crice","cpota","CAN",0.003
"crice","cpota","CHL",0.003
"crice","cpota","CHM",0.003
"crice","cpota","CHP",0.003
"crice","cpota","CIV",0.003
"crice","cpota","CMR",0.003
"crice","cpota","COD",0.003
"crice","cpota","COG",0.003
"crice","cpota","COL",0.003
"crice","cpota","CRB",0.003
"crice","cpota","CRI",0.003
"crice","cpota","CUB",0.003
"crice","cpota","CZE",0.003
"crice","cpota","DEU",0.003
"crice","cpota","DNK",0.003
"crice","cpota","DOM",0.003
"crice","cpota","ECU",0.003
"crice","cpota","EGY",0.003
"crice","cpota","ETH",0.003
"crice","cpota","FNP",0.003
"crice","cpota","FRP",0.003
"crice","cpota","GIN",0.003
"crice","cpota","GRC",0.003
"crice","cpota","GSA",0.003
"crice","cpota","GTM",0.003
"crice","cpota","HND",0.003
"crice","cpota","HTI",0.003
"crice","cpota","HUN",0.003
"crice","cpota","IDN",0.003
"crice","cpota","IND",0.003
"crice","cpota","IRL",0.003
"crice","cpota","IRN",0.003
"crice","cpota","IRQ",0.003
"crice","cpota","ITP",0.003
"crice","cpota","JAM",0.003
"crice","cpota","JPN",0.003
"crice","cpota","KAZ",0.003
"crice","cpota","KEN",0.003
"crice","cpota","KGZ",0.003
"crice","cpota","KHM",0.003
"crice","cpota","KOR",0.003
"crice","cpota","LBY",0.003
"crice","cpota","LKA",0.003
"crice","cpota","MDG",0.003
"crice","cpota","MEX",0.003
"crice","cpota","MLI",0.003
"crice","cpota","MMR",0.003
"crice","cpota","MOR",0.003
"crice","cpota","MOZ",0.003
"crice","cpota","MRT",0.003
"crice","cpota","MWI",0.003
"crice","cpota","MYS",0.003
"crice","cpota","NAM",0.003
"crice","cpota","NER",0.003
"crice","cpota","NGA",0.003
"crice","cpota","NIC",0.003
"crice","cpota","NLD",0.003
"crice","cpota","NPL",0.003
"crice","cpota","NZL",0.003
"crice","cpota","OBN",0.003
"crice","cpota","OIO",0.003
"crice","cpota","PAK",0.003
"crice","cpota","PAN",0.003
"crice","cpota","PER",0.003
"crice","cpota","PHL",0.003
"crice","cpota","POL",0.003
"crice","cpota","PRT",0.003
"crice","cpota","PRY",0.003
"crice","cpota","RAP",0.003
"crice","cpota","ROU",0.003
"crice","cpota","RUS",0.003
"crice","cpota","RWA",0.003
"crice","cpota","SAU",0.003
"crice","cpota","SDN",0.003
"crice","cpota","SEN",0.003
"crice","cpota","SLV",0.003
"crice","cpota","SPP",0.003
"crice","cpota","SWE",0.003
"crice","cpota","SYR",0.003
"crice","cpota","TCD",0.003
"crice","cpota","THA",0.003
"crice","cpota","TJK",0.003
"crice","cpota","TKM",0.003
"crice","cpota","TUN",0.003
"crice","cpota","TUR",0.003
"crice","cpota","TZA",0.003
"crice","cpota","UGA",0.003
"crice","cpota","UKP",0.003
"crice","cpota","UKR",0.003
"crice","cpota","URY",0.003
"crice","cpota","USA",0.003
"crice","cpota","UZB",0.003
"crice","cpota","VEN",0.003
"crice","cpota","VNM",0.003
"crice","cpota","ZAF",0.003
"crice","cpota","ZMB",0.003
"crice","cpota","ZWE",0.003
"crice","cswpt","AGO",0.003
"crice","cswpt","ARG",0.003
"crice","cswpt","AUS",0.003
"crice","cswpt","BDI",0.003
"crice","cswpt","BEN",0.003
"crice","cswpt","BFA",0.003
"crice","cswpt","BGD",0.003
"crice","cswpt","BOL",0.003
"crice","cswpt","BRA",0.003
"crice","cswpt","CAN",0.003
"crice","cswpt","CHL",0.003
"crice","cswpt","CHM",0.003
"crice","cswpt","CIV",0.003
"crice","cswpt","CMR",0.003
"crice","cswpt","COD",0.003
"crice","cswpt","COG",0.003
"crice","cswpt","CUB",0.003
"crice","cswpt","DOM",0.003
"crice","cswpt","EGY",0.003
"crice","cswpt","ETH",0.003
"crice","cswpt","FJI",0.003
"crice","cswpt","GHA",0.003
"crice","cswpt","GIN",0.003
"crice","cswpt","GSA",0.003
"crice","cswpt","HND",0.003
"crice","cswpt","HTI",0.003
"crice","cswpt","IDN",0.003
"crice","cswpt","IND",0.003
"crice","cswpt","JAM",0.003
"crice","cswpt","JPN",0.003
"crice","cswpt","KEN",0.003
"crice","cswpt","KHM",0.003
"crice","cswpt","KOR",0.003
"crice","cswpt","LAO",0.003
"crice","cswpt","LBR",0.003
"crice","cswpt","LKA",0.003
"crice","cswpt","MDG",0.003
"crice","cswpt","MEX",0.003
"crice","cswpt","MLI",0.003
"crice","cswpt","MMR",0.003
"crice","cswpt","MOR",0.003
"crice","cswpt","MOZ",0.003
"crice","cswpt","MRT",0.003
"crice","cswpt","MWI",0.003
"crice","cswpt","MYS",0.003
"crice","cswpt","NER",0.003
"crice","cswpt","NGA",0.003
"crice","cswpt","NLD",0.003
"crice","cswpt","NZL",0.003
"crice","cswpt","OIO",0.003
"crice","cswpt","PAK",0.003
"crice","cswpt","PER",0.003
"crice","cswpt","PHL",0.003
"crice","cswpt","PRY",0.003
"crice","cswpt","RWA",0.003
"crice","cswpt","SDN",0.003
"crice","cswpt","SEN",0.003
"crice","cswpt","SLE",0.003
"crice","cswpt","SPP",0.003
"crice","cswpt","TCD",0.003
"crice","cswpt","TGO",0.003
"crice","cswpt","THA",0.003
"crice","cswpt","TZA",0.003
"crice","cswpt","UGA",0.003
"crice","cswpt","URY",0.003
"crice","cswpt","USA",0.003
"crice","cswpt","VEN",0.003
"crice","cswpt","VNM",0.003
"crice","cswpt","ZAF",0.003
"crice","cswpt","ZMB",0.003
"crice","cswpt","ZWE",0.003
"crice","cyams","BEN",0.003
"crice","cyams","BFA",0.003
"crice","cyams","BRA",0.003
"crice","cyams","CAF",0.003
"crice","cyams","CIV",0.003
"crice","cyams","CMR",0.003
"crice","cyams","COD",0.003
"crice","cyams","COG",0.003
"crice","cyams","COL",0.003
"crice","cyams","CRB",0.003
"crice","cyams","CRI",0.003
"crice","cyams","CUB",0.003
"crice","cyams","DOM",0.003
"crice","cyams","ETH",0.003
"crice","cyams","GHA",0.003
"crice","cyams","GIN",0.003
"crice","cyams","HTI",0.003
"crice","cyams","JAM",0.003
"crice","cyams","JPN",0.003
"crice","cyams","KEN",0.003
"crice","cyams","LBR",0.003
"crice","cyams","MLI",0.003
"crice","cyams","MYS",0.003
"crice","cyams","NGA",0.003
"crice","cyams","OIO",0.003
"crice","cyams","PAN",0.003
"crice","cyams","RAP",0.003
"crice","cyams","RWA",0.003
"crice","cyams","SDN",0.003
"crice","cyams","SEN",0.003
"crice","cyams","TCD",0.003
"crice","cyams","TGO",0.003
"crice","cyams","TZA",0.003
"crice","cyams","VEN",0.003
"crice","corat","BDI",0.003
"crice","corat","BOL",0.003
"crice","corat","BTN",0.003
"crice","corat","BWA",0.003
"crice","corat","CAF",0.003
"crice","corat","CHM",0.003
"crice","corat","CIV",0.003
"crice","corat","CMR",0.003
"crice","corat","COD",0.003
"crice","corat","COG",0.003
"crice","corat","COL",0.003
"crice","corat","CRB",0.003
"crice","corat","CRI",0.003
"crice","corat","CUB",0.003
"crice","corat","DOM",0.003
"crice","corat","ECU",0.003
"crice","corat","EGY",0.003
"crice","corat","ETH",0.003
"crice","corat","FJI",0.003
"crice","corat","GHA",0.003
"crice","corat","GIN",0.003
"crice","corat","GNB",0.003
"crice","corat","GSA",0.003
"crice","corat","HND",0.003
"crice","corat","HTI",0.003
"crice","corat","IDN",0.003
"crice","corat","JAM",0.003
"crice","corat","JPN",0.003
"crice","corat","KEN",0.003
"crice","corat","KHM",0.003
"crice","corat","LAO",0.003
"crice","corat","LBR",0.003
"crice","corat","MDG",0.003
"crice","corat","MEX",0.003
"crice","corat","MOZ",0.003
"crice","corat","MYS",0.003
"crice","corat","NAM",0.003
"crice","corat","NGA",0.003
"crice","corat","NIC",0.003
"crice","corat","NPL",0.003
"crice","corat","OIO",0.003
"crice","corat","PAK",0.003
"crice","corat","PAN",0.003
"crice","corat","PER",0.003
"crice","corat","PHL",0.003
"crice","corat","RWA",0.003
"crice","corat","SLV",0.003
"crice","corat","TCD",0.003
"crice","corat","TGO",0.003
"crice","corat","THA",0.003
"crice","corat","TLS",0.003
"crice","corat","USA",0.003
"crice","corat","VEN",0.003
"crice","cplnt","BGD",0.003
"crice","cplnt","BLZ",0.003
"crice","cplnt","BOL",0.003
"crice","cplnt","CAF",0.003
"crice","cplnt","CIV",0.003
"crice","cplnt","CMR",0.003
"crice","cplnt","COD",0.003
"crice","cplnt","COG",0.003
"crice","cplnt","COL",0.003
"crice","cplnt","CRB",0.003
"crice","cplnt","CRI",0.003
"crice","cplnt","CUB",0.003
"crice","cplnt","DOM",0.003
"crice","cplnt","ECU",0.003
"crice","cplnt","FJI",0.003
"crice","cplnt","GHA",0.003
"crice","cplnt","GIN",0.003
"crice","cplnt","GNB",0.003
"crice","cplnt","GSA",0.003
"crice","cplnt","GTM",0.003
"crice","cplnt","HND",0.003
"crice","cplnt","HTI",0.003
"crice","cplnt","JAM",0.003
"crice","cplnt","KEN",0.003
"crice","cplnt","LBR",0.003
"crice","cplnt","LKA",0.003
"crice","cplnt","MMR",0.003
"crice","cplnt","MWI",0.003
"crice","cplnt","NGA",0.003
"crice","cplnt","NIC",0.003
"crice","cplnt","OBN",0.003
"crice","cplnt","PAN",0.003
"crice","cplnt","PHL",0.003
"crice","cplnt","RAP",0.003
"crice","cplnt","RWA",0.003
"crice","cplnt","SLE",0.003
"crice","cplnt","SLV",0.003
"crice","cplnt","SPP",0.003
"crice","cplnt","TZA",0.003
"crice","cplnt","UGA",0.003
"crice","cplnt","VEN",0.003
"crice","csugr","AGO",0.003
"crice","csugr","ARG",0.003
"crice","csugr","AUS",0.003
"crice","csugr","AUT",0.003
"crice","csugr","AZE",0.003
"crice","csugr","BGD",0.003
"crice","csugr","BGR",0.003
"crice","csugr","BLX",0.003
"crice","csugr","BOL",0.003
"crice","csugr","BRA",0.003
"crice","csugr","BTN",0.003
"crice","csugr","BWA",0.003
"crice","csugr","CHM",0.003
"crice","csugr","CMR",0.003
"crice","csugr","COL",0.003
"crice","csugr","CRB",0.003
"crice","csugr","CRI",0.003
"crice","csugr","CZE",0.003
"crice","csugr","DEU",0.003
"crice","csugr","DNK",0.003
"crice","csugr","ECU",0.003
"crice","csugr","EGY",0.003
"crice","csugr","FJI",0.003
"crice","csugr","FNP",0.003
"crice","csugr","FRP",0.003
"crice","csugr","GMB",0.003
"crice","csugr","GRC",0.003
"crice","csugr","GSA",0.003
"crice","csugr","GTM",0.003
"crice","csugr","HND",0.003
"crice","csugr","HUN",0.003
"crice","csugr","IDN",0.003
"crice","csugr","IND",0.003
"crice","csugr","IRN",0.003
"crice","csugr","IRQ",0.003
"crice","csugr","ITP",0.003
"crice","csugr","KEN",0.003
"crice","csugr","KGZ",0.003
"crice","csugr","KHM",0.003
"crice","csugr","KOR",0.003
"crice","csugr","LAO",0.003
"crice","csugr","LKA",0.003
"crice","csugr","MEX",0.003
"crice","csugr","MOR",0.003
"crice","csugr","MRT",0.003
"crice","csugr","MYS",0.003
"crice","csugr","NAM",0.003
"crice","csugr","NIC",0.003
"crice","csugr","NLD",0.003
"crice","csugr","NPL",0.003
"crice","csugr","NZL",0.003
"crice","csugr","OBN",0.003
"crice","csugr","OIO",0.003
"crice","csugr","PAK",0.003
"crice","csugr","PAN",0.003
"crice","csugr","PER",0.003
"crice","csugr","POL",0.003
"crice","csugr","PRY",0.003
"crice","csugr","RAP",0.003
"crice","csugr","ROU",0.003
"crice","csugr","RUS",0.003
"crice","csugr","RWA",0.003
"crice","csugr","SAU",0.003
"crice","csugr","SLV",0.003
"crice","csugr","SPP",0.003
"crice","csugr","SWE",0.003
"crice","csugr","SYR",0.003
"crice","csugr","TGO",0.003
"crice","csugr","THA",0.003
"crice","csugr","TUR",0.003
"crice","csugr","TZA",0.003
"crice","csugr","UGA",0.003
"crice","csugr","UKR",0.003
"crice","csugr","URY",0.003
"crice","csugr","USA",0.003
"crice","csugr","UZB",0.003
"crice","csugr","VEN",0.003
"crice","csugr","VNM",0.003
"crice","csugr","ZAF",0.003
"crice","csugr","ZMB",0.003
"crice","csugr","ZWE",0.003
"csorg","cbarl","AGO",0.003
"csorg","cbarl","ARG",0.003
"csorg","cbarl","AUS",0.003
"csorg","cbarl","AUT",0.003
"csorg","cbarl","BDI",0.003
"csorg","cbarl","BEN",0.003
"csorg","cbarl","BFA",0.003
"csorg","cbarl","BGR",0.003
"csorg","cbarl","BLZ",0.003
"csorg","cbarl","BOL",0.003
"csorg","cbarl","BRA",0.003
"csorg","cbarl","BWA",0.003
"csorg","cbarl","CAF",0.003
"csorg","cbarl","CHM",0.003
"csorg","cbarl","CIV",0.003
"csorg","cbarl","CMR",0.003
"csorg","cbarl","CUB",0.003
"csorg","cbarl","ECU",0.003
"csorg","cbarl","EGY",0.003
"csorg","cbarl","ETH",0.003
"csorg","cbarl","FRP",0.003
"csorg","cbarl","GHA",0.003
"csorg","cbarl","GIN",0.003
"csorg","cbarl","GNB",0.003
"csorg","cbarl","GTM",0.003
"csorg","cbarl","HND",0.003
"csorg","cbarl","HTI",0.003
"csorg","cbarl","HUN",0.003
"csorg","cbarl","IND",0.003
"csorg","cbarl","IRQ",0.003
"csorg","cbarl","ISR",0.003
"csorg","cbarl","ITP",0.003
"csorg","cbarl","KAZ",0.003
"csorg","cbarl","KEN",0.003
"csorg","cbarl","LSO",0.003
"csorg","cbarl","MDA",0.003
"csorg","cbarl","MEX",0.003
"csorg","cbarl","MLI",0.003
"csorg","cbarl","MMR",0.003
"csorg","cbarl","MOR",0.003
"csorg","cbarl","MOZ",0.003
"csorg","cbarl","MWI",0.003
"csorg","cbarl","NAM",0.003
"csorg","cbarl","NER",0.003
"csorg","cbarl","NGA",0.003
"csorg","cbarl","NIC",0.003
"csorg","cbarl","PAK",0.003
"csorg","cbarl","PNG",0.003
"csorg","cbarl","POL",0.003
"csorg","cbarl","PRY",0.003
"csorg","cbarl","RAP",0.003
"csorg","cbarl","ROU",0.003
"csorg","cbarl","RUS",0.003
"csorg","cbarl","RWA",0.003
"csorg","cbarl","SAU",0.003
"csorg","cbarl","SEN",0.003
"csorg","cbarl","SLE",0.003
"csorg","cbarl","SLV",0.003
"csorg","cbarl","SPP",0.003
"csorg","cbarl","SVK",0.003
"csorg","cbarl","SWZ",0.003
"csorg","cbarl","SYR",0.003
"csorg","cbarl","TCD",0.003
"csorg","cbarl","TGO",0.003
"csorg","cbarl","THA",0.003
"csorg","cbarl","TUR",0.003
"csorg","cbarl","TZA",0.003
"csorg","cbarl","UGA",0.003
"csorg","cbarl","UKR",0.003
"csorg","cbarl","URY",0.003
"csorg","cbarl","USA",0.003
"csorg","cbarl","UZB",0.003
"csorg","cbarl","VEN",0.003
"csorg","cbarl","YEM",0.003
"csorg","cbarl","ZAF",0.003
"csorg","cbarl","ZMB",0.003
"csorg","cbarl","ZWE",0.003
"csorg","cmaiz","AGO",0.00375
"csorg","cmaiz","ARG",0.00375
"csorg","cmaiz","AUS",0.00375
"csorg","cmaiz","AUT",0.00375
"csorg","cmaiz","BDI",0.00375
"csorg","cmaiz","BEN",0.00375
"csorg","cmaiz","BFA",0.00375
"csorg","cmaiz","BGR",0.00375
"csorg","cmaiz","BLZ",0.00375
"csorg","cmaiz","BOL",0.00375
"csorg","cmaiz","BRA",0.00375
"csorg","cmaiz","BWA",0.00375
"csorg","cmaiz","CAF",0.00375
"csorg","cmaiz","CHM",0.00375
"csorg","cmaiz","CIV",0.00375
"csorg","cmaiz","CMR",0.00375
"csorg","cmaiz","CUB",0.00375
"csorg","cmaiz","ECU",0.00375
"csorg","cmaiz","EGY",0.00375
"csorg","cmaiz","ETH",0.00375
"csorg","cmaiz","FRP",0.00375
"csorg","cmaiz","GHA",0.00375
"csorg","cmaiz","GIN",0.00375
"csorg","cmaiz","GMB",0.00375
"csorg","cmaiz","GNB",0.00375
"csorg","cmaiz","GTM",0.00375
"csorg","cmaiz","HND",0.00375
"csorg","cmaiz","HTI",0.00375
"csorg","cmaiz","HUN",0.00375
"csorg","cmaiz","IND",0.00375
"csorg","cmaiz","IRQ",0.00375
"csorg","cmaiz","ISR",0.00375
"csorg","cmaiz","ITP",0.00375
"csorg","cmaiz","KAZ",0.00375
"csorg","cmaiz","KEN",0.00375
"csorg","cmaiz","LSO",0.00375
"csorg","cmaiz","MDA",0.00375
"csorg","cmaiz","MEX",0.00375
"csorg","cmaiz","MLI",0.00375
"csorg","cmaiz","MMR",0.00375
"csorg","cmaiz","MOR",0.00375
"csorg","cmaiz","MOZ",0.00375
"csorg","cmaiz","MRT",0.00375
"csorg","cmaiz","MWI",0.00375
"csorg","cmaiz","NAM",0.00375
"csorg","cmaiz","NER",0.00375
"csorg","cmaiz","NGA",0.00375
"csorg","cmaiz","NIC",0.00375
"csorg","cmaiz","PAK",0.00375
"csorg","cmaiz","PNG",0.00375
"csorg","cmaiz","POL",0.00375
"csorg","cmaiz","PRY",0.00375
"csorg","cmaiz","RAP",0.00375
"csorg","cmaiz","ROU",0.00375
"csorg","cmaiz","RUS",0.00375
"csorg","cmaiz","RWA",0.00375
"csorg","cmaiz","SAU",0.00375
"csorg","cmaiz","SDN",0.00375
"csorg","cmaiz","SEN",0.00375
"csorg","cmaiz","SLE",0.00375
"csorg","cmaiz","SLV",0.00375
"csorg","cmaiz","SOM",0.00375
"csorg","cmaiz","SPP",0.00375
"csorg","cmaiz","SVK",0.00375
"csorg","cmaiz","SWZ",0.00375
"csorg","cmaiz","SYR",0.00375
"csorg","cmaiz","TCD",0.00375
"csorg","cmaiz","TGO",0.00375
"csorg","cmaiz","THA",0.00375
"csorg","cmaiz","TUR",0.00375
"csorg","cmaiz","TZA",0.00375
"csorg","cmaiz","UGA",0.00375
"csorg","cmaiz","UKR",0.00375
"csorg","cmaiz","URY",0.00375
"csorg","cmaiz","USA",0.00375
"csorg","cmaiz","UZB",0.00375
"csorg","cmaiz","VEN",0.00375
"csorg","cmaiz","YEM",0.00375
"csorg","cmaiz","ZAF",0.00375
"csorg","cmaiz","ZMB",0.00375
"csorg","cmaiz","ZWE",0.00375
"csorg","cmill","AGO",0.003
"csorg","cmill","AUS",0.003
"csorg","cmill","BDI",0.003
"csorg","cmill","BEN",0.003
"csorg","cmill","BFA",0.003
"csorg","cmill","CAF",0.003
"csorg","cmill","CHM",0.003
"csorg","cmill","CIV",0.003
"csorg","cmill","CMR",0.003
"csorg","cmill","ETH",0.003
"csorg","cmill","GHA",0.003
"csorg","cmill","GIN",0.003
"csorg","cmill","GMB",0.003
"csorg","cmill","GNB",0.003
"csorg","cmill","IND",0.003
"csorg","cmill","IRQ",0.003
"csorg","cmill","KAZ",0.003
"csorg","cmill","KEN",0.003
"csorg","cmill","MLI",0.003
"csorg","cmill","MMR",0.003
"csorg","cmill","MOR",0.003
"csorg","cmill","MOZ",0.003
"csorg","cmill","MRT",0.003
"csorg","cmill","MWI",0.003
"csorg","cmill","NAM",0.003
"csorg","cmill","NER",0.003
"csorg","cmill","NGA",0.003
"csorg","cmill","PAK",0.003
"csorg","cmill","POL",0.003
"csorg","cmill","RUS",0.003
"csorg","cmill","SAU",0.003
"csorg","cmill","SDN",0.003
"csorg","cmill","SEN",0.003
"csorg","cmill","SLE",0.003
"csorg","cmill","TCD",0.003
"csorg","cmill","TGO",0.003
"csorg","cmill","TUR",0.003
"csorg","cmill","TZA",0.003
"csorg","cmill","UGA",0.003
"csorg","cmill","UKR",0.003
"csorg","cmill","USA",0.003
"csorg","cmill","UZB",0.003
"csorg","cmill","YEM",0.003
"csorg","cmill","ZMB",0.003
"csorg","cmill","ZWE",0.003
"csorg","crice","AGO",0.003
"csorg","crice","ARG",0.003
"csorg","crice","AUS",0.003
"csorg","crice","AUT",0.003
"csorg","crice","BDI",0.003
"csorg","crice","BEN",0.003
"csorg","crice","BFA",0.003
"csorg","crice","BGR",0.003
"csorg","crice","BLZ",0.003
"csorg","crice","BOL",0.003
"csorg","crice","BRA",0.003
"csorg","crice","BWA",0.003
"csorg","crice","CAF",0.003
"csorg","crice","CHM",0.003
"csorg","crice","CIV",0.003
"csorg","crice","CMR",0.003
"csorg","crice","CUB",0.003
"csorg","crice","ECU",0.003
"csorg","crice","EGY",0.003
"csorg","crice","ETH",0.003
"csorg","crice","FRP",0.003
"csorg","crice","GHA",0.003
"csorg","crice","GIN",0.003
"csorg","crice","GMB",0.003
"csorg","crice","GNB",0.003
"csorg","crice","GTM",0.003
"csorg","crice","HND",0.003
"csorg","crice","HTI",0.003
"csorg","crice","HUN",0.003
"csorg","crice","IND",0.003
"csorg","crice","IRQ",0.003
"csorg","crice","ITP",0.003
"csorg","crice","KAZ",0.003
"csorg","crice","KEN",0.003
"csorg","crice","MEX",0.003
"csorg","crice","MLI",0.003
"csorg","crice","MMR",0.003
"csorg","crice","MOR",0.003
"csorg","crice","MOZ",0.003
"csorg","crice","MRT",0.003
"csorg","crice","MWI",0.003
"csorg","crice","NAM",0.003
"csorg","crice","NER",0.003
"csorg","crice","NGA",0.003
"csorg","crice","NIC",0.003
"csorg","crice","PAK",0.003
"csorg","crice","POL",0.003
"csorg","crice","PRY",0.003
"csorg","crice","RAP",0.003
"csorg","crice","ROU",0.003
"csorg","crice","RUS",0.003
"csorg","crice","RWA",0.003
"csorg","crice","SAU",0.003
"csorg","crice","SDN",0.003
"csorg","crice","SEN",0.003
"csorg","crice","SLE",0.003
"csorg","crice","SLV",0.003
"csorg","crice","SPP",0.003
"csorg","crice","SYR",0.003
"csorg","crice","TCD",0.003
"csorg","crice","TGO",0.003
"csorg","crice","THA",0.003
"csorg","crice","TUR",0.003
"csorg","crice","TZA",0.003
"csorg","crice","UGA",0.003
"csorg","crice","UKR",0.003
"csorg","crice","URY",0.003
"csorg","crice","USA",0.003
"csorg","crice","UZB",0.003
"csorg","crice","VEN",0.003
"csorg","crice","ZAF",0.003
"csorg","crice","ZMB",0.003
"csorg","crice","ZWE",0.003
"csorg","csorg","AGO",-0.306232364469344
"csorg","csorg","ARG",-0.198178925771594
"csorg","csorg","AUS",-0.214425550760396
"csorg","csorg","AUT",-0.26
"csorg","csorg","BDI",-0.335
"csorg","csorg","BEN",-0.339048847726289
"csorg","csorg","BFA",-0.243070955894115
"csorg","csorg","BGR",-0.1
"csorg","csorg","BLZ",-0.21
"csorg","csorg","BOL",-0.21
"csorg","csorg","BRA",-0.173757201055224
"csorg","csorg","BWA",-0.309954522058028
"csorg","csorg","CAF",-0.34
"csorg","csorg","CHM",-0.125443575496908
"csorg","csorg","CIV",-0.34
"csorg","csorg","CMR",-0.336085843496117
"csorg","csorg","CUB",-0.21
"csorg","csorg","ECU",-0.209513992314866
"csorg","csorg","EGY",-0.164742392063322
"csorg","csorg","ETH",-0.24447004878091
"csorg","csorg","FRP",-0.257499007626722
"csorg","csorg","GHA",-0.333958306902832
"csorg","csorg","GIN",-0.338618376112789
"csorg","csorg","GMB",-0.338487854117686
"csorg","csorg","GNB",-0.34
"csorg","csorg","GTM",-0.21
"csorg","csorg","HND",-0.21
"csorg","csorg","HTI",-0.21
"csorg","csorg","HUN",-0.1
"csorg","csorg","IND",-0.23
"csorg","csorg","IRQ",-0.12321374435314
"csorg","csorg","ISR",-0.234879136716687
"csorg","csorg","ITP",-0.259196469752345
"csorg","csorg","KAZ",-0.11819865876
"csorg","csorg","KEN",-0.330847116342008
"csorg","csorg","LSO",-0.310968638722853
"csorg","csorg","MDA",-0.1
"csorg","csorg","MEX",-0.185
"csorg","csorg","MLI",-0.238023563569123
"csorg","csorg","MMR",-0.252833315049362
"csorg","csorg","MOR",-0.120329390013371
"csorg","csorg","MOZ",-0.302406640425816
"csorg","csorg","MRT",-0.248132015135995
"csorg","csorg","MWI",-0.315
"csorg","csorg","NAM",-0.311693037548855
"csorg","csorg","NER",-0.249304120173708
"csorg","csorg","NGA",-0.313711232328407
"csorg","csorg","NIC",-0.21
"csorg","csorg","PAK",-0.165
"csorg","csorg","PNG",-0.16
"csorg","csorg","POL",-0.1
"csorg","csorg","PRY",-0.21
"csorg","csorg","RAP",-0.122397345706914
"csorg","csorg","ROU",-0.1
"csorg","csorg","RUS",-0.0791056646980451
"csorg","csorg","RWA",-0.32504182579328
"csorg","csorg","SAU",-0.122397345706914
"csorg","csorg","SDN",-0.23309879215686
"csorg","csorg","SEN",-0.337643732999257
"csorg","csorg","SLE",-0.34
"csorg","csorg","SLV",-0.21
"csorg","csorg","SOM",-0.25
"csorg","csorg","SPP",-0.256062670613953
"csorg","csorg","SVK",-0.1
"csorg","csorg","SWZ",-0.313907328049259
"csorg","csorg","SYR",-0.122984970731514
"csorg","csorg","TCD",-0.25
"csorg","csorg","TGO",-0.34
"csorg","csorg","THA",-0.175
"csorg","csorg","TUR",-0.12140813676618
"csorg","csorg","TZA",-0.334999999999992
"csorg","csorg","UGA",-0.324489287076339
"csorg","csorg","UKR",-0.0772841675063361
"csorg","csorg","URY",-0.21
"csorg","csorg","USA",-0.255
"csorg","csorg","UZB",-0.0817505972381143
"csorg","csorg","VEN",-0.21
"csorg","csorg","YEM",-0.122397345706914
"csorg","csorg","ZAF",-0.228395260511336
"csorg","csorg","ZMB",-0.311768297869099
"csorg","csorg","ZWE",-0.315
"csorg","cwhea","AGO",0.003
"csorg","cwhea","ARG",0.003
"csorg","cwhea","AUS",0.003
"csorg","cwhea","AUT",0.003
"csorg","cwhea","BDI",0.003
"csorg","cwhea","BEN",0.003
"csorg","cwhea","BFA",0.003
"csorg","cwhea","BGR",0.003
"csorg","cwhea","BLZ",0.003
"csorg","cwhea","BOL",0.003
"csorg","cwhea","BRA",0.003
"csorg","cwhea","BWA",0.003
"csorg","cwhea","CHM",0.003
"csorg","cwhea","CIV",0.003
"csorg","cwhea","CMR",0.003
"csorg","cwhea","CUB",0.003
"csorg","cwhea","ECU",0.003
"csorg","cwhea","EGY",0.003
"csorg","cwhea","ETH",0.003
"csorg","cwhea","FRP",0.003
"csorg","cwhea","GHA",0.003
"csorg","cwhea","GTM",0.003
"csorg","cwhea","HUN",0.003
"csorg","cwhea","IND",0.003
"csorg","cwhea","IRQ",0.003
"csorg","cwhea","ISR",0.003
"csorg","cwhea","ITP",0.003
"csorg","cwhea","KAZ",0.003
"csorg","cwhea","KEN",0.003
"csorg","cwhea","LSO",0.003
"csorg","cwhea","MDA",0.003
"csorg","cwhea","MEX",0.003
"csorg","cwhea","MLI",0.003
"csorg","cwhea","MMR",0.003
"csorg","cwhea","MOR",0.003
"csorg","cwhea","MOZ",0.003
"csorg","cwhea","MRT",0.003
"csorg","cwhea","MWI",0.003
"csorg","cwhea","NGA",0.003
"csorg","cwhea","NIC",0.003
"csorg","cwhea","PAK",0.003
"csorg","cwhea","POL",0.003
"csorg","cwhea","PRY",0.003
"csorg","cwhea","RAP",0.003
"csorg","cwhea","ROU",0.003
"csorg","cwhea","RUS",0.003
"csorg","cwhea","RWA",0.003
"csorg","cwhea","SAU",0.003
"csorg","cwhea","SDN",0.003
"csorg","cwhea","SEN",0.003
"csorg","cwhea","SLE",0.003
"csorg","cwhea","SLV",0.003
"csorg","cwhea","SOM",0.003
"csorg","cwhea","SPP",0.003
"csorg","cwhea","SVK",0.003
"csorg","cwhea","SWZ",0.003
"csorg","cwhea","SYR",0.003
"csorg","cwhea","THA",0.003
"csorg","cwhea","TUR",0.003
"csorg","cwhea","TZA",0.003
"csorg","cwhea","UGA",0.003
"csorg","cwhea","UKR",0.003
"csorg","cwhea","URY",0.003
"csorg","cwhea","USA",0.003
"csorg","cwhea","UZB",0.003
"csorg","cwhea","VEN",0.003
"csorg","cwhea","YEM",0.003
"csorg","cwhea","ZAF",0.003
"csorg","cwhea","ZMB",0.003
"csorg","cwhea","ZWE",0.003
"csorg","cocer","ARG",0.003
"csorg","cocer","AUS",0.003
"csorg","cocer","AUT",0.003
"csorg","cocer","BDI",0.003
"csorg","cocer","BFA",0.003
"csorg","cocer","BGR",0.003
"csorg","cocer","BOL",0.003
"csorg","cocer","BRA",0.003
"csorg","cocer","CHM",0.003
"csorg","cocer","CIV",0.003
"csorg","cocer","ECU",0.003
"csorg","cocer","EGY",0.003
"csorg","cocer","ETH",0.003
"csorg","cocer","FRP",0.003
"csorg","cocer","GIN",0.003
"csorg","cocer","HUN",0.003
"csorg","cocer","ITP",0.003
"csorg","cocer","KAZ",0.003
"csorg","cocer","MDA",0.003
"csorg","cocer","MEX",0.003
"csorg","cocer","MLI",0.003
"csorg","cocer","MMR",0.003
"csorg","cocer","MOR",0.003
"csorg","cocer","NER",0.003
"csorg","cocer","NGA",0.003
"csorg","cocer","POL",0.003
"csorg","cocer","ROU",0.003
"csorg","cocer","RUS",0.003
"csorg","cocer","SLE",0.003
"csorg","cocer","SPP",0.003
"csorg","cocer","SVK",0.003
"csorg","cocer","TCD",0.003
"csorg","cocer","TGO",0.003
"csorg","cocer","THA",0.003
"csorg","cocer","TUR",0.003
"csorg","cocer","TZA",0.003
"csorg","cocer","UKR",0.003
"csorg","cocer","URY",0.003
"csorg","cocer","USA",0.003
"csorg","cocer","UZB",0.003
"csorg","cocer","ZAF",0.003
"csorg","ccass","AGO",0.003
"csorg","ccass","ARG",0.003
"csorg","ccass","AUS",0.003
"csorg","ccass","AUT",0.003
"csorg","ccass","BDI",0.003
"csorg","ccass","BEN",0.003
"csorg","ccass","BFA",0.003
"csorg","ccass","BOL",0.003
"csorg","ccass","BRA",0.003
"csorg","ccass","CAF",0.003
"csorg","ccass","CHM",0.003
"csorg","ccass","CIV",0.003
"csorg","ccass","CMR",0.003
"csorg","ccass","CUB",0.003
"csorg","ccass","ECU",0.003
"csorg","ccass","FRP",0.003
"csorg","ccass","GHA",0.003
"csorg","ccass","GIN",0.003
"csorg","ccass","GMB",0.003
"csorg","ccass","GNB",0.003
"csorg","ccass","GTM",0.003
"csorg","ccass","HND",0.003
"csorg","ccass","HTI",0.003
"csorg","ccass","HUN",0.003
"csorg","ccass","IND",0.003
"csorg","ccass","ISR",0.003
"csorg","ccass","ITP",0.003
"csorg","ccass","KEN",0.003
"csorg","ccass","MEX",0.003
"csorg","ccass","MLI",0.003
"csorg","ccass","MMR",0.003
"csorg","ccass","MOZ",0.003
"csorg","ccass","MWI",0.003
"csorg","ccass","NER",0.003
"csorg","ccass","NGA",0.003
"csorg","ccass","NIC",0.003
"csorg","ccass","PAK",0.003
"csorg","ccass","PNG",0.003
"csorg","ccass","POL",0.003
"csorg","ccass","PRY",0.003
"csorg","ccass","RAP",0.003
"csorg","ccass","RUS",0.003
"csorg","ccass","RWA",0.003
"csorg","ccass","SEN",0.003
"csorg","ccass","SLE",0.003
"csorg","ccass","SLV",0.003
"csorg","ccass","SOM",0.003
"csorg","ccass","SPP",0.003
"csorg","ccass","TCD",0.003
"csorg","ccass","TGO",0.003
"csorg","ccass","THA",0.003
"csorg","ccass","TZA",0.003
"csorg","ccass","UGA",0.003
"csorg","ccass","URY",0.003
"csorg","ccass","USA",0.003
"csorg","ccass","VEN",0.003
"csorg","ccass","ZAF",0.003
"csorg","ccass","ZMB",0.003
"csorg","ccass","ZWE",0.003
"csorg","cpota","AGO",0.003
"csorg","cpota","ARG",0.003
"csorg","cpota","AUS",0.003
"csorg","cpota","AUT",0.003
"csorg","cpota","BDI",0.003
"csorg","cpota","BFA",0.003
"csorg","cpota","BGR",0.003
"csorg","cpota","BOL",0.003
"csorg","cpota","BRA",0.003
"csorg","cpota","BWA",0.003
"csorg","cpota","CAF",0.003
"csorg","cpota","CHM",0.003
"csorg","cpota","CIV",0.003
"csorg","cpota","CMR",0.003
"csorg","cpota","CUB",0.003
"csorg","cpota","ECU",0.003
"csorg","cpota","EGY",0.003
"csorg","cpota","ETH",0.003
"csorg","cpota","FRP",0.003
"csorg","cpota","GIN",0.003
"csorg","cpota","GTM",0.003
"csorg","cpota","HND",0.003
"csorg","cpota","HTI",0.003
"csorg","cpota","HUN",0.003
"csorg","cpota","IND",0.003
"csorg","cpota","IRQ",0.003
"csorg","cpota","ISR",0.003
"csorg","cpota","ITP",0.003
"csorg","cpota","KAZ",0.003
"csorg","cpota","KEN",0.003
"csorg","cpota","LSO",0.003
"csorg","cpota","MDA",0.003
"csorg","cpota","MEX",0.003
"csorg","cpota","MLI",0.003
"csorg","cpota","MMR",0.003
"csorg","cpota","MOR",0.003
"csorg","cpota","MOZ",0.003
"csorg","cpota","MRT",0.003
"csorg","cpota","MWI",0.003
"csorg","cpota","NAM",0.003
"csorg","cpota","NER",0.003
"csorg","cpota","NGA",0.003
"csorg","cpota","NIC",0.003
"csorg","cpota","PAK",0.003
"csorg","cpota","POL",0.003
"csorg","cpota","PRY",0.003
"csorg","cpota","RAP",0.003
"csorg","cpota","ROU",0.003
"csorg","cpota","RUS",0.003
"csorg","cpota","RWA",0.003
"csorg","cpota","SAU",0.003
"csorg","cpota","SDN",0.003
"csorg","cpota","SEN",0.003
"csorg","cpota","SLV",0.003
"csorg","cpota","SOM",0.003
"csorg","cpota","SPP",0.003
"csorg","cpota","SVK",0.003
"csorg","cpota","SWZ",0.003
"csorg","cpota","SYR",0.003
"csorg","cpota","TCD",0.003
"csorg","cpota","THA",0.003
"csorg","cpota","TUR",0.003
"csorg","cpota","TZA",0.003
"csorg","cpota","UGA",0.003
"csorg","cpota","UKR",0.003
"csorg","cpota","URY",0.003
"csorg","cpota","USA",0.003
"csorg","cpota","UZB",0.003
"csorg","cpota","VEN",0.003
"csorg","cpota","YEM",0.003
"csorg","cpota","ZAF",0.003
"csorg","cpota","ZMB",0.003
"csorg","cpota","ZWE",0.003
"csorg","cswpt","AGO",0.003
"csorg","cswpt","ARG",0.003
"csorg","cswpt","AUS",0.003
"csorg","cswpt","BDI",0.003
"csorg","cswpt","BEN",0.003
"csorg","cswpt","BFA",0.003
"csorg","cswpt","BOL",0.003
"csorg","cswpt","BRA",0.003
"csorg","cswpt","CHM",0.003
"csorg","cswpt","CIV",0.003
"csorg","cswpt","CMR",0.003
"csorg","cswpt","CUB",0.003
"csorg","cswpt","EGY",0.003
"csorg","cswpt","ETH",0.003
"csorg","cswpt","GHA",0.003
"csorg","cswpt","GIN",0.003
"csorg","cswpt","HND",0.003
"csorg","cswpt","HTI",0.003
"csorg","cswpt","IND",0.003
"csorg","cswpt","ISR",0.003
"csorg","cswpt","KEN",0.003
"csorg","cswpt","MEX",0.003
"csorg","cswpt","MLI",0.003
"csorg","cswpt","MMR",0.003
"csorg","cswpt","MOR",0.003
"csorg","cswpt","MOZ",0.003
"csorg","cswpt","MRT",0.003
"csorg","cswpt","MWI",0.003
"csorg","cswpt","NER",0.003
"csorg","cswpt","NGA",0.003
"csorg","cswpt","PAK",0.003
"csorg","cswpt","PNG",0.003
"csorg","cswpt","PRY",0.003
"csorg","cswpt","RWA",0.003
"csorg","cswpt","SDN",0.003
"csorg","cswpt","SEN",0.003
"csorg","cswpt","SLE",0.003
"csorg","cswpt","SOM",0.003
"csorg","cswpt","SPP",0.003
"csorg","cswpt","TCD",0.003
"csorg","cswpt","TGO",0.003
"csorg","cswpt","THA",0.003
"csorg","cswpt","TZA",0.003
"csorg","cswpt","UGA",0.003
"csorg","cswpt","URY",0.003
"csorg","cswpt","USA",0.003
"csorg","cswpt","VEN",0.003
"csorg","cswpt","ZAF",0.003
"csorg","cswpt","ZMB",0.003
"csorg","cswpt","ZWE",0.003
"csorg","cyams","BEN",0.003
"csorg","cyams","BFA",0.003
"csorg","cyams","BRA",0.003
"csorg","cyams","CAF",0.003
"csorg","cyams","CIV",0.003
"csorg","cyams","CMR",0.003
"csorg","cyams","CUB",0.003
"csorg","cyams","ETH",0.003
"csorg","cyams","GHA",0.003
"csorg","cyams","GIN",0.003
"csorg","cyams","HTI",0.003
"csorg","cyams","KEN",0.003
"csorg","cyams","MLI",0.003
"csorg","cyams","NGA",0.003
"csorg","cyams","PNG",0.003
"csorg","cyams","RAP",0.003
"csorg","cyams","RWA",0.003
"csorg","cyams","SDN",0.003
"csorg","cyams","SEN",0.003
"csorg","cyams","TCD",0.003
"csorg","cyams","TGO",0.003
"csorg","cyams","TZA",0.003
"csorg","cyams","VEN",0.003
"csorg","corat","BDI",0.003
"csorg","corat","BOL",0.003
"csorg","corat","BWA",0.003
"csorg","corat","CAF",0.003
"csorg","corat","CHM",0.003
"csorg","corat","CIV",0.003
"csorg","corat","CMR",0.003
"csorg","corat","CUB",0.003
"csorg","corat","ECU",0.003
"csorg","corat","EGY",0.003
"csorg","corat","ETH",0.003
"csorg","corat","GHA",0.003
"csorg","corat","GIN",0.003
"csorg","corat","GNB",0.003
"csorg","corat","HND",0.003
"csorg","corat","HTI",0.003
"csorg","corat","KEN",0.003
"csorg","corat","MEX",0.003
"csorg","corat","MOZ",0.003
"csorg","corat","NAM",0.003
"csorg","corat","NGA",0.003
"csorg","corat","NIC",0.003
"csorg","corat","PAK",0.003
"csorg","corat","PNG",0.003
"csorg","corat","RWA",0.003
"csorg","corat","SLV",0.003
"csorg","corat","SWZ",0.003
"csorg","corat","TCD",0.003
"csorg","corat","TGO",0.003
"csorg","corat","THA",0.003
"csorg","corat","USA",0.003
"csorg","corat","VEN",0.003
"csorg","cplnt","BLZ",0.003
"csorg","cplnt","BOL",0.003
"csorg","cplnt","CAF",0.003
"csorg","cplnt","CIV",0.003
"csorg","cplnt","CMR",0.003
"csorg","cplnt","CUB",0.003
"csorg","cplnt","ECU",0.003
"csorg","cplnt","GHA",0.003
"csorg","cplnt","GIN",0.003
"csorg","cplnt","GNB",0.003
"csorg","cplnt","GTM",0.003
"csorg","cplnt","HND",0.003
"csorg","cplnt","HTI",0.003
"csorg","cplnt","KEN",0.003
"csorg","cplnt","MMR",0.003
"csorg","cplnt","MWI",0.003
"csorg","cplnt","NGA",0.003
"csorg","cplnt","NIC",0.003
"csorg","cplnt","RAP",0.003
"csorg","cplnt","RWA",0.003
"csorg","cplnt","SLE",0.003
"csorg","cplnt","SLV",0.003
"csorg","cplnt","SPP",0.003
"csorg","cplnt","TZA",0.003
"csorg","cplnt","UGA",0.003
"csorg","cplnt","VEN",0.003
"csorg","csugr","AGO",0.003
"csorg","csugr","ARG",0.003
"csorg","csugr","AUS",0.003
"csorg","csugr","AUT",0.003
"csorg","csugr","BGR",0.003
"csorg","csugr","BOL",0.003
"csorg","csugr","BRA",0.003
"csorg","csugr","BWA",0.003
"csorg","csugr","CHM",0.003
"csorg","csugr","CMR",0.003
"csorg","csugr","ECU",0.003
"csorg","csugr","EGY",0.003
"csorg","csugr","FRP",0.003
"csorg","csugr","GMB",0.003
"csorg","csugr","GTM",0.003
"csorg","csugr","HND",0.003
"csorg","csugr","HUN",0.003
"csorg","csugr","IND",0.003
"csorg","csugr","IRQ",0.003
"csorg","csugr","ISR",0.003
"csorg","csugr","ITP",0.003
"csorg","csugr","KEN",0.003
"csorg","csugr","MDA",0.003
"csorg","csugr","MEX",0.003
"csorg","csugr","MOR",0.003
"csorg","csugr","MRT",0.003
"csorg","csugr","NAM",0.003
"csorg","csugr","NIC",0.003
"csorg","csugr","PAK",0.003
"csorg","csugr","POL",0.003
"csorg","csugr","PRY",0.003
"csorg","csugr","RAP",0.003
"csorg","csugr","ROU",0.003
"csorg","csugr","RUS",0.003
"csorg","csugr","RWA",0.003
"csorg","csugr","SAU",0.003
"csorg","csugr","SLV",0.003
"csorg","csugr","SPP",0.003
"csorg","csugr","SVK",0.003
"csorg","csugr","SYR",0.003
"csorg","csugr","TGO",0.003
"csorg","csugr","THA",0.003
"csorg","csugr","TUR",0.003
"csorg","csugr","TZA",0.003
"csorg","csugr","UGA",0.003
"csorg","csugr","UKR",0.003
"csorg","csugr","URY",0.003
"csorg","csugr","USA",0.003
"csorg","csugr","UZB",0.003
"csorg","csugr","VEN",0.003
"csorg","csugr","ZAF",0.003
"csorg","csugr","ZMB",0.003
"csorg","csugr","ZWE",0.003
"cwhea","cbarl","AFG",0.003
"cwhea","cbarl","AGO",0.003
"cwhea","cbarl","ALB",0.003
"cwhea","cbarl","ARG",0.003
"cwhea","cbarl","ARM",0.003
"cwhea","cbarl","AUS",0.003
"cwhea","cbarl","AUT",0.003
"cwhea","cbarl","AZE",0.003
"cwhea","cbarl","BDI",0.003
"cwhea","cbarl","BEN",0.003
"cwhea","cbarl","BFA",0.003
"cwhea","cbarl","BGD",0.003
"cwhea","cbarl","BGR",0.003
"cwhea","cbarl","BLR",0.003
"cwhea","cbarl","BLT",0.003
"cwhea","cbarl","BLX",0.003
"cwhea","cbarl","BLZ",0.003
"cwhea","cbarl","BOL",0.003
"cwhea","cbarl","BRA",0.003
"cwhea","cbarl","BWA",0.003
"cwhea","cbarl","CAN",0.003
"cwhea","cbarl","CHL",0.003
"cwhea","cbarl","CHM",0.003
"cwhea","cbarl","CHP",0.003
"cwhea","cbarl","CIV",0.003
"cwhea","cbarl","CMR",0.003
"cwhea","cbarl","COD",0.003
"cwhea","cbarl","COL",0.003
"cwhea","cbarl","CRB",0.003
"cwhea","cbarl","CRI",0.003
"cwhea","cbarl","CUB",0.003
"cwhea","cbarl","CYP",0.003
"cwhea","cbarl","CZE",0.003
"cwhea","cbarl","DEU",0.003
"cwhea","cbarl","DNK",0.003
"cwhea","cbarl","DOM",0.003
"cwhea","cbarl","DZA",0.003
"cwhea","cbarl","ECU",0.003
"cwhea","cbarl","EGY",0.003
"cwhea","cbarl","ETH",0.003
"cwhea","cbarl","FNP",0.003
"cwhea","cbarl","FRP",0.003
"cwhea","cbarl","GAB",0.003
"cwhea","cbarl","GEO",0.003
"cwhea","cbarl","GHA",0.003
"cwhea","cbarl","GRC",0.003
"cwhea","cbarl","GSA",0.003
"cwhea","cbarl","GTM",0.003
"cwhea","cbarl","HRV",0.003
"cwhea","cbarl","HUN",0.003
"cwhea","cbarl","IDN",0.003
"cwhea","cbarl","IND",0.003
"cwhea","cbarl","IRL",0.003
"cwhea","cbarl","IRN",0.003
"cwhea","cbarl","IRQ",0.003
"cwhea","cbarl","ISL",0.003
"cwhea","cbarl","ISR",0.003
"cwhea","cbarl","ITP",0.003
"cwhea","cbarl","JOR",0.003
"cwhea","cbarl","JPN",0.003
"cwhea","cbarl","KAZ",0.003
"cwhea","cbarl","KEN",0.003
"cwhea","cbarl","KGZ",0.003
"cwhea","cbarl","KOR",0.003
"cwhea","cbarl","LBN",0.003
"cwhea","cbarl","LBY",0.003
"cwhea","cbarl","LKA",0.003
"cwhea","cbarl","LSO",0.003
"cwhea","cbarl","MDA",0.003
"cwhea","cbarl","MDG",0.003
"cwhea","cbarl","MEX",0.003
"cwhea","cbarl","MLI",0.003
"cwhea","cbarl","MMR",0.003
"cwhea","cbarl","MNG",0.003
"cwhea","cbarl","MOR",0.003
"cwhea","cbarl","MOZ",0.003
"cwhea","cbarl","MWI",0.003
"cwhea","cbarl","MYS",0.003
"cwhea","cbarl","NGA",0.003
"cwhea","cbarl","NIC",0.003
"cwhea","cbarl","NLD",0.003
"cwhea","cbarl","NOR",0.003
"cwhea","cbarl","NPL",0.003
"cwhea","cbarl","NZL",0.003
"cwhea","cbarl","OBN",0.003
"cwhea","cbarl","OPO",0.003
"cwhea","cbarl","PAK",0.003
"cwhea","cbarl","PAN",0.003
"cwhea","cbarl","PER",0.003
"cwhea","cbarl","PHL",0.003
"cwhea","cbarl","POL",0.003
"cwhea","cbarl","PRT",0.003
"cwhea","cbarl","PRY",0.003
"cwhea","cbarl","RAP",0.003
"cwhea","cbarl","ROU",0.003
"cwhea","cbarl","RUS",0.003
"cwhea","cbarl","RWA",0.003
"cwhea","cbarl","SAU",0.003
"cwhea","cbarl","SEN",0.003
"cwhea","cbarl","SLE",0.003
"cwhea","cbarl","SLV",0.003
"cwhea","cbarl","SPP",0.003
"cwhea","cbarl","SVK",0.003
"cwhea","cbarl","SVN",0.003
"cwhea","cbarl","SWE",0.003
"cwhea","cbarl","SWZ",0.003
"cwhea","cbarl","SYR",0.003
"cwhea","cbarl","THA",0.003
"cwhea","cbarl","TJK",0.003
"cwhea","cbarl","TKM",0.003
"cwhea","cbarl","TUN",0.003
"cwhea","cbarl","TUR",0.003
"cwhea","cbarl","TZA",0.003
"cwhea","cbarl","UGA",0.003
"cwhea","cbarl","UKP",0.003
"cwhea","cbarl","UKR",0.003
"cwhea","cbarl","URY",0.003
"cwhea","cbarl","USA",0.003
"cwhea","cbarl","UZB",0.003
"cwhea","cbarl","VEN",0.003
"cwhea","cbarl","VNM",0.003
"cwhea","cbarl","YEM",0.003
"cwhea","cbarl","ZAF",0.003
"cwhea","cbarl","ZMB",0.003
"cwhea","cbarl","ZWE",0.003
"cwhea","cmaiz","AFG",0.0045
"cwhea","cmaiz","AGO",0.0045
"cwhea","cmaiz","ALB",0.0045
"cwhea","cmaiz","ARG",0.0045
"cwhea","cmaiz","ARM",0.0045
"cwhea","cmaiz","AUS",0.0045
"cwhea","cmaiz","AUT",0.0045
"cwhea","cmaiz","AZE",0.0045
"cwhea","cmaiz","BDI",0.0045
"cwhea","cmaiz","BEN",0.0045
"cwhea","cmaiz","BFA",0.0045
"cwhea","cmaiz","BGD",0.0045
"cwhea","cmaiz","BGR",0.0045
"cwhea","cmaiz","BLR",0.0045
"cwhea","cmaiz","BLT",0.0045
"cwhea","cmaiz","BLX",0.0045
"cwhea","cmaiz","BLZ",0.0045
"cwhea","cmaiz","BOL",0.0045
"cwhea","cmaiz","BRA",0.0045
"cwhea","cmaiz","BTN",0.0045
"cwhea","cmaiz","BWA",0.0045
"cwhea","cmaiz","CAN",0.0045
"cwhea","cmaiz","CHL",0.0045
"cwhea","cmaiz","CHM",0.0045
"cwhea","cmaiz","CHP",0.0045
"cwhea","cmaiz","CIV",0.0045
"cwhea","cmaiz","CMR",0.0045
"cwhea","cmaiz","COD",0.0045
"cwhea","cmaiz","COL",0.0045
"cwhea","cmaiz","CRB",0.0045
"cwhea","cmaiz","CRI",0.0045
"cwhea","cmaiz","CUB",0.0045
"cwhea","cmaiz","CYP",0.0045
"cwhea","cmaiz","CZE",0.0045
"cwhea","cmaiz","DEU",0.0045
"cwhea","cmaiz","DNK",0.0045
"cwhea","cmaiz","DOM",0.0045
"cwhea","cmaiz","DZA",0.0045
"cwhea","cmaiz","ECU",0.0045
"cwhea","cmaiz","EGY",0.0045
"cwhea","cmaiz","ETH",0.0045
"cwhea","cmaiz","FNP",0.0045
"cwhea","cmaiz","FRP",0.0045
"cwhea","cmaiz","GAB",0.0045
"cwhea","cmaiz","GEO",0.0045
"cwhea","cmaiz","GHA",0.0045
"cwhea","cmaiz","GRC",0.0045
"cwhea","cmaiz","GSA",0.0045
"cwhea","cmaiz","GTM",0.0045
"cwhea","cmaiz","HRV",0.0045
"cwhea","cmaiz","HUN",0.0045
"cwhea","cmaiz","IDN",0.0045
"cwhea","cmaiz","IND",0.0045
"cwhea","cmaiz","IRL",0.0045
"cwhea","cmaiz","IRN",0.0045
"cwhea","cmaiz","IRQ",0.0045
"cwhea","cmaiz","ISL",0.0045
"cwhea","cmaiz","ISR",0.0045
"cwhea","cmaiz","ITP",0.0045
"cwhea","cmaiz","JOR",0.0045
"cwhea","cmaiz","JPN",0.0045
"cwhea","cmaiz","KAZ",0.0045
"cwhea","cmaiz","KEN",0.0045
"cwhea","cmaiz","KGZ",0.0045
"cwhea","cmaiz","KOR",0.0045
"cwhea","cmaiz","LBN",0.0045
"cwhea","cmaiz","LBY",0.0045
"cwhea","cmaiz","LKA",0.0045
"cwhea","cmaiz","LSO",0.0045
"cwhea","cmaiz","MDA",0.0045
"cwhea","cmaiz","MDG",0.0045
"cwhea","cmaiz","MEX",0.0045
"cwhea","cmaiz","MLI",0.0045
"cwhea","cmaiz","MMR",0.0045
"cwhea","cmaiz","MOR",0.0045
"cwhea","cmaiz","MOZ",0.0045
"cwhea","cmaiz","MRT",0.0045
"cwhea","cmaiz","MWI",0.0045
"cwhea","cmaiz","MYS",0.0045
"cwhea","cmaiz","NGA",0.0045
"cwhea","cmaiz","NIC",0.0045
"cwhea","cmaiz","NLD",0.0045
"cwhea","cmaiz","NOR",0.0045
"cwhea","cmaiz","NPL",0.0045
"cwhea","cmaiz","NZL",0.0045
"cwhea","cmaiz","OBN",0.0045
"cwhea","cmaiz","OPO",0.0045
"cwhea","cmaiz","PAK",0.0045
"cwhea","cmaiz","PAN",0.0045
"cwhea","cmaiz","PER",0.0045
"cwhea","cmaiz","PHL",0.0045
"cwhea","cmaiz","POL",0.0045
"cwhea","cmaiz","PRT",0.0045
"cwhea","cmaiz","PRY",0.0045
"cwhea","cmaiz","RAP",0.0045
"cwhea","cmaiz","ROU",0.0045
"cwhea","cmaiz","RUS",0.0045
"cwhea","cmaiz","RWA",0.0045
"cwhea","cmaiz","SAU",0.0045
"cwhea","cmaiz","SDN",0.0045
"cwhea","cmaiz","SEN",0.0045
"cwhea","cmaiz","SLE",0.0045
"cwhea","cmaiz","SLV",0.0045
"cwhea","cmaiz","SOM",0.0045
"cwhea","cmaiz","SPP",0.0045
"cwhea","cmaiz","SVK",0.0045
"cwhea","cmaiz","SVN",0.0045
"cwhea","cmaiz","SWE",0.0045
"cwhea","cmaiz","SWZ",0.0045
"cwhea","cmaiz","SYR",0.0045
"cwhea","cmaiz","THA",0.0045
"cwhea","cmaiz","TJK",0.0045
"cwhea","cmaiz","TKM",0.0045
"cwhea","cmaiz","TUN",0.0045
"cwhea","cmaiz","TUR",0.0045
"cwhea","cmaiz","TZA",0.0045
"cwhea","cmaiz","UGA",0.0045
"cwhea","cmaiz","UKP",0.0045
"cwhea","cmaiz","UKR",0.0045
"cwhea","cmaiz","URY",0.0045
"cwhea","cmaiz","USA",0.0045
"cwhea","cmaiz","UZB",0.0045
"cwhea","cmaiz","VEN",0.0045
"cwhea","cmaiz","VNM",0.0045
"cwhea","cmaiz","YEM",0.0045
"cwhea","cmaiz","ZAF",0.0045
"cwhea","cmaiz","ZMB",0.0045
"cwhea","cmaiz","ZWE",0.0045
"cwhea","cmill","AGO",0.003
"cwhea","cmill","AUS",0.003
"cwhea","cmill","BDI",0.003
"cwhea","cmill","BEN",0.003
"cwhea","cmill","BFA",0.003
"cwhea","cmill","BGD",0.003
"cwhea","cmill","BLR",0.003
"cwhea","cmill","CHM",0.003
"cwhea","cmill","CIV",0.003
"cwhea","cmill","CMR",0.003
"cwhea","cmill","COD",0.003
"cwhea","cmill","ETH",0.003
"cwhea","cmill","GHA",0.003
"cwhea","cmill","IND",0.003
"cwhea","cmill","IRN",0.003
"cwhea","cmill","IRQ",0.003
"cwhea","cmill","KAZ",0.003
"cwhea","cmill","KEN",0.003
"cwhea","cmill","MLI",0.003
"cwhea","cmill","MMR",0.003
"cwhea","cmill","MOR",0.003
"cwhea","cmill","MOZ",0.003
"cwhea","cmill","MRT",0.003
"cwhea","cmill","MWI",0.003
"cwhea","cmill","NGA",0.003
"cwhea","cmill","NPL",0.003
"cwhea","cmill","PAK",0.003
"cwhea","cmill","POL",0.003
"cwhea","cmill","RUS",0.003
"cwhea","cmill","SAU",0.003
"cwhea","cmill","SDN",0.003
"cwhea","cmill","SEN",0.003
"cwhea","cmill","SLE",0.003
"cwhea","cmill","TUR",0.003
"cwhea","cmill","TZA",0.003
"cwhea","cmill","UGA",0.003
"cwhea","cmill","UKR",0.003
"cwhea","cmill","USA",0.003
"cwhea","cmill","UZB",0.003
"cwhea","cmill","YEM",0.003
"cwhea","cmill","ZMB",0.003
"cwhea","cmill","ZWE",0.003
"cwhea","crice","AFG",0.003
"cwhea","crice","AGO",0.003
"cwhea","crice","ARG",0.003
"cwhea","crice","AUS",0.003
"cwhea","crice","AUT",0.003
"cwhea","crice","AZE",0.003
"cwhea","crice","BDI",0.003
"cwhea","crice","BEN",0.003
"cwhea","crice","BFA",0.003
"cwhea","crice","BGD",0.003
"cwhea","crice","BGR",0.003
"cwhea","crice","BLX",0.003
"cwhea","crice","BLZ",0.003
"cwhea","crice","BOL",0.003
"cwhea","crice","BRA",0.003
"cwhea","crice","BTN",0.003
"cwhea","crice","BWA",0.003
"cwhea","crice","CAN",0.003
"cwhea","crice","CHL",0.003
"cwhea","crice","CHM",0.003
"cwhea","crice","CHP",0.003
"cwhea","crice","CIV",0.003
"cwhea","crice","CMR",0.003
"cwhea","crice","COD",0.003
"cwhea","crice","COL",0.003
"cwhea","crice","CRB",0.003
"cwhea","crice","CRI",0.003
"cwhea","crice","CUB",0.003
"cwhea","crice","CZE",0.003
"cwhea","crice","DEU",0.003
"cwhea","crice","DNK",0.003
"cwhea","crice","DOM",0.003
"cwhea","crice","ECU",0.003
"cwhea","crice","EGY",0.003
"cwhea","crice","ETH",0.003
"cwhea","crice","FNP",0.003
"cwhea","crice","FRP",0.003
"cwhea","crice","GHA",0.003
"cwhea","crice","GRC",0.003
"cwhea","crice","GSA",0.003
"cwhea","crice","GTM",0.003
"cwhea","crice","HUN",0.003
"cwhea","crice","IDN",0.003
"cwhea","crice","IND",0.003
"cwhea","crice","IRL",0.003
"cwhea","crice","IRN",0.003
"cwhea","crice","IRQ",0.003
"cwhea","crice","ITP",0.003
"cwhea","crice","JPN",0.003
"cwhea","crice","KAZ",0.003
"cwhea","crice","KEN",0.003
"cwhea","crice","KGZ",0.003
"cwhea","crice","KOR",0.003
"cwhea","crice","LBY",0.003
"cwhea","crice","LKA",0.003
"cwhea","crice","MDG",0.003
"cwhea","crice","MEX",0.003
"cwhea","crice","MLI",0.003
"cwhea","crice","MMR",0.003
"cwhea","crice","MOR",0.003
"cwhea","crice","MOZ",0.003
"cwhea","crice","MRT",0.003
"cwhea","crice","MWI",0.003
"cwhea","crice","MYS",0.003
"cwhea","crice","NGA",0.003
"cwhea","crice","NIC",0.003
"cwhea","crice","NLD",0.003
"cwhea","crice","NPL",0.003
"cwhea","crice","NZL",0.003
"cwhea","crice","OBN",0.003
"cwhea","crice","PAK",0.003
"cwhea","crice","PAN",0.003
"cwhea","crice","PER",0.003
"cwhea","crice","PHL",0.003
"cwhea","crice","POL",0.003
"cwhea","crice","PRT",0.003
"cwhea","crice","PRY",0.003
"cwhea","crice","RAP",0.003
"cwhea","crice","ROU",0.003
"cwhea","crice","RUS",0.003
"cwhea","crice","RWA",0.003
"cwhea","crice","SAU",0.003
"cwhea","crice","SDN",0.003
"cwhea","crice","SEN",0.003
"cwhea","crice","SLE",0.003
"cwhea","crice","SLV",0.003
"cwhea","crice","SPP",0.003
"cwhea","crice","SWE",0.003
"cwhea","crice","SYR",0.003
"cwhea","crice","THA",0.003
"cwhea","crice","TJK",0.003
"cwhea","crice","TKM",0.003
"cwhea","crice","TUN",0.003
"cwhea","crice","TUR",0.003
"cwhea","crice","TZA",0.003
"cwhea","crice","UGA",0.003
"cwhea","crice","UKP",0.003
"cwhea","crice","UKR",0.003
"cwhea","crice","URY",0.003
"cwhea","crice","USA",0.003
"cwhea","crice","UZB",0.003
"cwhea","crice","VEN",0.003
"cwhea","crice","VNM",0.003
"cwhea","crice","ZAF",0.003
"cwhea","crice","ZMB",0.003
"cwhea","crice","ZWE",0.003
"cwhea","csorg","AGO",0.003
"cwhea","csorg","ARG",0.003
"cwhea","csorg","AUS",0.003
"cwhea","csorg","AUT",0.003
"cwhea","csorg","BDI",0.003
"cwhea","csorg","BEN",0.003
"cwhea","csorg","BFA",0.003
"cwhea","csorg","BGR",0.003
"cwhea","csorg","BLZ",0.003
"cwhea","csorg","BOL",0.003
"cwhea","csorg","BRA",0.003
"cwhea","csorg","BWA",0.003
"cwhea","csorg","CHM",0.003
"cwhea","csorg","CIV",0.003
"cwhea","csorg","CMR",0.003
"cwhea","csorg","CUB",0.003
"cwhea","csorg","ECU",0.003
"cwhea","csorg","EGY",0.003
"cwhea","csorg","ETH",0.003
"cwhea","csorg","FRP",0.003
"cwhea","csorg","GHA",0.003
"cwhea","csorg","GTM",0.003
"cwhea","csorg","HUN",0.003
"cwhea","csorg","IND",0.003
"cwhea","csorg","IRQ",0.003
"cwhea","csorg","ISR",0.003
"cwhea","csorg","ITP",0.003
"cwhea","csorg","KAZ",0.003
"cwhea","csorg","KEN",0.003
"cwhea","csorg","LSO",0.003
"cwhea","csorg","MDA",0.003
"cwhea","csorg","MEX",0.003
"cwhea","csorg","MLI",0.003
"cwhea","csorg","MMR",0.003
"cwhea","csorg","MOR",0.003
"cwhea","csorg","MOZ",0.003
"cwhea","csorg","MRT",0.003
"cwhea","csorg","MWI",0.003
"cwhea","csorg","NGA",0.003
"cwhea","csorg","NIC",0.003
"cwhea","csorg","PAK",0.003
"cwhea","csorg","POL",0.003
"cwhea","csorg","PRY",0.003
"cwhea","csorg","RAP",0.003
"cwhea","csorg","ROU",0.003
"cwhea","csorg","RUS",0.003
"cwhea","csorg","RWA",0.003
"cwhea","csorg","SAU",0.003
"cwhea","csorg","SDN",0.003
"cwhea","csorg","SEN",0.003
"cwhea","csorg","SLE",0.003
"cwhea","csorg","SLV",0.003
"cwhea","csorg","SOM",0.003
"cwhea","csorg","SPP",0.003
"cwhea","csorg","SVK",0.003
"cwhea","csorg","SWZ",0.003
"cwhea","csorg","SYR",0.003
"cwhea","csorg","THA",0.003
"cwhea","csorg","TUR",0.003
"cwhea","csorg","TZA",0.003
"cwhea","csorg","UGA",0.003
"cwhea","csorg","UKR",0.003
"cwhea","csorg","URY",0.003
"cwhea","csorg","USA",0.003
"cwhea","csorg","UZB",0.003
"cwhea","csorg","VEN",0.003
"cwhea","csorg","YEM",0.003
"cwhea","csorg","ZAF",0.003
"cwhea","csorg","ZMB",0.003
"cwhea","csorg","ZWE",0.003
"cwhea","cwhea","AFG",-0.255
"cwhea","cwhea","AGO",-0.316386410028012
"cwhea","cwhea","ALB",-0.152480577562541
"cwhea","cwhea","ARG",-0.134822868662489
"cwhea","cwhea","ARM",-0.160841773253602
"cwhea","cwhea","AUS",-0.186099561442724
"cwhea","cwhea","AUT",-0.204618161128854
"cwhea","cwhea","AZE",-0.160841773253602
"cwhea","cwhea","BDI",-0.3375
"cwhea","cwhea","BEN",-0.343501935168914
"cwhea","cwhea","BFA",-0.335014797969758
"cwhea","cwhea","BGD",-0.25854509797994
"cwhea","cwhea","BGR",-0.152352095340471
"cwhea","cwhea","BLR",-0.160638787427918
"cwhea","cwhea","BLT",-0.160638787427918
"cwhea","cwhea","BLX",-0.204939380164133
"cwhea","cwhea","BLZ",-0.149871012243718
"cwhea","cwhea","BOL",-0.149919590534893
"cwhea","cwhea","BRA",-0.164854529234232
"cwhea","cwhea","BTN",-0.253421607126999
"cwhea","cwhea","BWA",-0.320315820587554
"cwhea","cwhea","CAN",-0.196426581926952
"cwhea","cwhea","CHL",-0.14974565368336
"cwhea","cwhea","CHM",-0.259082681622681
"cwhea","cwhea","CHP",-0.204618161128854
"cwhea","cwhea","CIV",-0.338319277397914
"cwhea","cwhea","CMR",-0.338627996518275
"cwhea","cwhea","COD",-0.343044473995706
"cwhea","cwhea","COL",-0.141988324791571
"cwhea","cwhea","CRB",-0.246034324179847
"cwhea","cwhea","CRI",-0.149871012243718
"cwhea","cwhea","CUB",-0.149871012243718
"cwhea","cwhea","CYP",-0.160106292527584
"cwhea","cwhea","CZE",-0.152352095340471
"cwhea","cwhea","DEU",-0.205545289777411
"cwhea","cwhea","DNK",-0.203753442729854
"cwhea","cwhea","DOM",-0.149871012243718
"cwhea","cwhea","DZA",-0.15888791395101
"cwhea","cwhea","ECU",-0.149685970825019
"cwhea","cwhea","EGY",-0.17625
"cwhea","cwhea","ETH",-0.336213571877716
"cwhea","cwhea","FNP",-0.203753442729854
"cwhea","cwhea","FRP",-0.205178146125738
"cwhea","cwhea","GAB",-0.339862142438017
"cwhea","cwhea","GEO",-0.160841773253602
"cwhea","cwhea","GHA",-0.337274613210499
"cwhea","cwhea","GRC",-0.152480577562541
"cwhea","cwhea","GSA",-0.149958754035861
"cwhea","cwhea","GTM",-0.149871012243718
"cwhea","cwhea","HRV",-0.152480577562541
"cwhea","cwhea","HUN",-0.152352095340471
"cwhea","cwhea","IDN",-0.285132158243241
"cwhea","cwhea","IND",-0.343501935168914
"cwhea","cwhea","IRL",-0.203763588277822
"cwhea","cwhea","IRN",-0.158143740428326
"cwhea","cwhea","IRQ",-0.160456735031327
"cwhea","cwhea","ISL",-0.203753442729854
"cwhea","cwhea","ISR",-0.198695611389936
"cwhea","cwhea","ITP",-0.205905629893862
"cwhea","cwhea","JOR",-0.159325743490131
"cwhea","cwhea","JPN",-0.217117667996339
"cwhea","cwhea","KAZ",-0.174656101454473
"cwhea","cwhea","KEN",-0.336965220213816
"cwhea","cwhea","KGZ",-0.175004094677519
"cwhea","cwhea","KOR",-0.230924226715013
"cwhea","cwhea","LBN",-0.159546058477129
"cwhea","cwhea","LBY",-0.159186655094516
"cwhea","cwhea","LKA",-0.253935099346416
"cwhea","cwhea","LSO",-0.323909209581305
"cwhea","cwhea","MDA",-0.152352095340471
"cwhea","cwhea","MDG",-0.32625
"cwhea","cwhea","MEX",-0.206015799712693
"cwhea","cwhea","MLI",-0.332953695458129
"cwhea","cwhea","MMR",-0.281830999638788
"cwhea","cwhea","MNG",-0.255253865453044
"cwhea","cwhea","MOR",-0.159175811285274
"cwhea","cwhea","MOZ",-0.318133891026939
"cwhea","cwhea","MRT",-0.336099011351996
"cwhea","cwhea","MWI",-0.326238145839209
"cwhea","cwhea","MYS",-0.242390579380753
"cwhea","cwhea","NGA",-0.333362271606029
"cwhea","cwhea","NIC",-0.149871012243718
"cwhea","cwhea","NLD",-0.205817679382877
"cwhea","cwhea","NOR",-0.203753442729854
"cwhea","cwhea","NPL",-0.254741719416905
"cwhea","cwhea","NZL",-0.196869323635505
"cwhea","cwhea","OBN",-0.152480577562541
"cwhea","cwhea","OPO",-0.246034324179847
"cwhea","cwhea","PAK",-0.164368309624386
"cwhea","cwhea","PAN",-0.149871012243718
"cwhea","cwhea","PER",-0.149766443711805
"cwhea","cwhea","PHL",-0.28581377735234
"cwhea","cwhea","POL",-0.152850291473541
"cwhea","cwhea","PRT",-0.204562573120266
"cwhea","cwhea","PRY",-0.149919590534893
"cwhea","cwhea","RAP",-0.16009417749503
"cwhea","cwhea","ROU",-0.152352095340471
"cwhea","cwhea","RUS",-0.160743534896774
"cwhea","cwhea","RWA",-0.33393515332581
"cwhea","cwhea","SAU",-0.16009417749503
"cwhea","cwhea","SDN",-0.333397251157724
"cwhea","cwhea","SEN",-0.338678187578973
"cwhea","cwhea","SLE",-0.328099055515675
"cwhea","cwhea","SLV",-0.149871012243718
"cwhea","cwhea","SOM",-0.3375
"cwhea","cwhea","SPP",-0.204562573120266
"cwhea","cwhea","SVK",-0.152352095340471
"cwhea","cwhea","SVN",-0.152480577562541
"cwhea","cwhea","SWE",-0.203753442729854
"cwhea","cwhea","SWZ",-0.325020744055416
"cwhea","cwhea","SYR",-0.160355138095798
"cwhea","cwhea","THA",-0.240872287040409
"cwhea","cwhea","TJK",-0.17248369097171
"cwhea","cwhea","TKM",-0.176129877352753
"cwhea","cwhea","TUN",-0.159059803397842
"cwhea","cwhea","TUR",-0.167426787046801
"cwhea","cwhea","TZA",-0.335657788776826
"cwhea","cwhea","UGA",-0.334509888922198
"cwhea","cwhea","UKP",-0.203763588277822
"cwhea","cwhea","UKR",-0.160622067665349
"cwhea","cwhea","URY",-0.14993285571254
"cwhea","cwhea","USA",-0.223411104834659
"cwhea","cwhea","UZB",-0.174452464885309
"cwhea","cwhea","VEN",-0.149958754035861
"cwhea","cwhea","VNM",-0.2915138423746
"cwhea","cwhea","YEM",-0.16009417749503
"cwhea","cwhea","ZAF",-0.196775822260506
"cwhea","cwhea","ZMB",-0.323068793214897
"cwhea","cwhea","ZWE",-0.32625
"cwhea","cocer","ALB",0.003
"cwhea","cocer","ARG",0.003
"cwhea","cocer","ARM",0.003
"cwhea","cocer","AUS",0.003
"cwhea","cocer","AUT",0.003
"cwhea","cocer","AZE",0.003
"cwhea","cocer","BDI",0.003
"cwhea","cocer","BFA",0.003
"cwhea","cocer","BGD",0.003
"cwhea","cocer","BGR",0.003
"cwhea","cocer","BLR",0.003
"cwhea","cocer","BLT",0.003
"cwhea","cocer","BLX",0.003
"cwhea","cocer","BOL",0.003
"cwhea","cocer","BRA",0.003
"cwhea","cocer","CAN",0.003
"cwhea","cocer","CHL",0.003
"cwhea","cocer","CHM",0.003
"cwhea","cocer","CHP",0.003
"cwhea","cocer","CIV",0.003
"cwhea","cocer","CZE",0.003
"cwhea","cocer","DEU",0.003
"cwhea","cocer","DNK",0.003
"cwhea","cocer","DZA",0.003
"cwhea","cocer","ECU",0.003
"cwhea","cocer","EGY",0.003
"cwhea","cocer","ETH",0.003
"cwhea","cocer","FNP",0.003
"cwhea","cocer","FRP",0.003
"cwhea","cocer","GEO",0.003
"cwhea","cocer","GRC",0.003
"cwhea","cocer","HRV",0.003
"cwhea","cocer","HUN",0.003
"cwhea","cocer","IRL",0.003
"cwhea","cocer","ITP",0.003
"cwhea","cocer","JPN",0.003
"cwhea","cocer","KAZ",0.003
"cwhea","cocer","KOR",0.003
"cwhea","cocer","MDA",0.003
"cwhea","cocer","MEX",0.003
"cwhea","cocer","MLI",0.003
"cwhea","cocer","MMR",0.003
"cwhea","cocer","MNG",0.003
"cwhea","cocer","MOR",0.003
"cwhea","cocer","NGA",0.003
"cwhea","cocer","NLD",0.003
"cwhea","cocer","NOR",0.003
"cwhea","cocer","NPL",0.003
"cwhea","cocer","NZL",0.003
"cwhea","cocer","OBN",0.003
"cwhea","cocer","PER",0.003
"cwhea","cocer","POL",0.003
"cwhea","cocer","PRT",0.003
"cwhea","cocer","ROU",0.003
"cwhea","cocer","RUS",0.003
"cwhea","cocer","SLE",0.003
"cwhea","cocer","SPP",0.003
"cwhea","cocer","SVK",0.003
"cwhea","cocer","SVN",0.003
"cwhea","cocer","SWE",0.003
"cwhea","cocer","THA",0.003
"cwhea","cocer","TJK",0.003
"cwhea","cocer","TUN",0.003
"cwhea","cocer","TUR",0.003
"cwhea","cocer","TZA",0.003
"cwhea","cocer","UKP",0.003
"cwhea","cocer","UKR",0.003
"cwhea","cocer","URY",0.003
"cwhea","cocer","USA",0.003
"cwhea","cocer","UZB",0.003
"cwhea","cocer","ZAF",0.003
"cwhea","ccass","AGO",0.003
"cwhea","ccass","ARG",0.003
"cwhea","ccass","AUS",0.003
"cwhea","ccass","AUT",0.003
"cwhea","ccass","BDI",0.003
"cwhea","ccass","BEN",0.003
"cwhea","ccass","BFA",0.003
"cwhea","ccass","BGD",0.003
"cwhea","ccass","BLR",0.003
"cwhea","ccass","BLX",0.003
"cwhea","ccass","BOL",0.003
"cwhea","ccass","BRA",0.003
"cwhea","ccass","CAN",0.003
"cwhea","ccass","CHL",0.003
"cwhea","ccass","CHM",0.003
"cwhea","ccass","CHP",0.003
"cwhea","ccass","CIV",0.003
"cwhea","ccass","CMR",0.003
"cwhea","ccass","COD",0.003
"cwhea","ccass","COL",0.003
"cwhea","ccass","CRI",0.003
"cwhea","ccass","CUB",0.003
"cwhea","ccass","CZE",0.003
"cwhea","ccass","DEU",0.003
"cwhea","ccass","DOM",0.003
"cwhea","ccass","ECU",0.003
"cwhea","ccass","FRP",0.003
"cwhea","ccass","GAB",0.003
"cwhea","ccass","GHA",0.003
"cwhea","ccass","GSA",0.003
"cwhea","ccass","GTM",0.003
"cwhea","ccass","HUN",0.003
"cwhea","ccass","IDN",0.003
"cwhea","ccass","IND",0.003
"cwhea","ccass","IRL",0.003
"cwhea","ccass","ISR",0.003
"cwhea","ccass","ITP",0.003
"cwhea","ccass","JPN",0.003
"cwhea","ccass","KEN",0.003
"cwhea","ccass","KOR",0.003
"cwhea","ccass","LBN",0.003
"cwhea","ccass","LKA",0.003
"cwhea","ccass","MDG",0.003
"cwhea","ccass","MEX",0.003
"cwhea","ccass","MLI",0.003
"cwhea","ccass","MMR",0.003
"cwhea","ccass","MOZ",0.003
"cwhea","ccass","MWI",0.003
"cwhea","ccass","MYS",0.003
"cwhea","ccass","NGA",0.003
"cwhea","ccass","NIC",0.003
"cwhea","ccass","NOR",0.003
"cwhea","ccass","NZL",0.003
"cwhea","ccass","OPO",0.003
"cwhea","ccass","PAK",0.003
"cwhea","ccass","PAN",0.003
"cwhea","ccass","PER",0.003
"cwhea","ccass","PHL",0.003
"cwhea","ccass","POL",0.003
"cwhea","ccass","PRT",0.003
"cwhea","ccass","PRY",0.003
"cwhea","ccass","RAP",0.003
"cwhea","ccass","RUS",0.003
"cwhea","ccass","RWA",0.003
"cwhea","ccass","SEN",0.003
"cwhea","ccass","SLE",0.003
"cwhea","ccass","SLV",0.003
"cwhea","ccass","SOM",0.003
"cwhea","ccass","SPP",0.003
"cwhea","ccass","SWE",0.003
"cwhea","ccass","THA",0.003
"cwhea","ccass","TZA",0.003
"cwhea","ccass","UGA",0.003
"cwhea","ccass","UKP",0.003
"cwhea","ccass","URY",0.003
"cwhea","ccass","USA",0.003
"cwhea","ccass","VEN",0.003
"cwhea","ccass","VNM",0.003
"cwhea","ccass","ZAF",0.003
"cwhea","ccass","ZMB",0.003
"cwhea","ccass","ZWE",0.003
"cwhea","cpota","AFG",0.003
"cwhea","cpota","AGO",0.003
"cwhea","cpota","ALB",0.003
"cwhea","cpota","ARG",0.003
"cwhea","cpota","ARM",0.003
"cwhea","cpota","AUS",0.003
"cwhea","cpota","AUT",0.003
"cwhea","cpota","AZE",0.003
"cwhea","cpota","BDI",0.003
"cwhea","cpota","BFA",0.003
"cwhea","cpota","BGD",0.003
"cwhea","cpota","BGR",0.003
"cwhea","cpota","BLR",0.003
"cwhea","cpota","BLT",0.003
"cwhea","cpota","BLX",0.003
"cwhea","cpota","BOL",0.003
"cwhea","cpota","BRA",0.003
"cwhea","cpota","BTN",0.003
"cwhea","cpota","BWA",0.003
"cwhea","cpota","CAN",0.003
"cwhea","cpota","CHL",0.003
"cwhea","cpota","CHM",0.003
"cwhea","cpota","CHP",0.003
"cwhea","cpota","CIV",0.003
"cwhea","cpota","CMR",0.003
"cwhea","cpota","COD",0.003
"cwhea","cpota","COL",0.003
"cwhea","cpota","CRB",0.003
"cwhea","cpota","CRI",0.003
"cwhea","cpota","CUB",0.003
"cwhea","cpota","CYP",0.003
"cwhea","cpota","CZE",0.003
"cwhea","cpota","DEU",0.003
"cwhea","cpota","DNK",0.003
"cwhea","cpota","DOM",0.003
"cwhea","cpota","DZA",0.003
"cwhea","cpota","ECU",0.003
"cwhea","cpota","EGY",0.003
"cwhea","cpota","ETH",0.003
"cwhea","cpota","FNP",0.003
"cwhea","cpota","FRP",0.003
"cwhea","cpota","GEO",0.003
"cwhea","cpota","GRC",0.003
"cwhea","cpota","GSA",0.003
"cwhea","cpota","GTM",0.003
"cwhea","cpota","HRV",0.003
"cwhea","cpota","HUN",0.003
"cwhea","cpota","IDN",0.003
"cwhea","cpota","IND",0.003
"cwhea","cpota","IRL",0.003
"cwhea","cpota","IRN",0.003
"cwhea","cpota","IRQ",0.003
"cwhea","cpota","ISL",0.003
"cwhea","cpota","ISR",0.003
"cwhea","cpota","ITP",0.003
"cwhea","cpota","JOR",0.003
"cwhea","cpota","JPN",0.003
"cwhea","cpota","KAZ",0.003
"cwhea","cpota","KEN",0.003
"cwhea","cpota","KGZ",0.003
"cwhea","cpota","KOR",0.003
"cwhea","cpota","LBN",0.003
"cwhea","cpota","LBY",0.003
"cwhea","cpota","LKA",0.003
"cwhea","cpota","LSO",0.003
"cwhea","cpota","MDA",0.003
"cwhea","cpota","MDG",0.003
"cwhea","cpota","MEX",0.003
"cwhea","cpota","MLI",0.003
"cwhea","cpota","MMR",0.003
"cwhea","cpota","MNG",0.003
"cwhea","cpota","MOR",0.003
"cwhea","cpota","MOZ",0.003
"cwhea","cpota","MRT",0.003
"cwhea","cpota","MWI",0.003
"cwhea","cpota","MYS",0.003
"cwhea","cpota","NGA",0.003
"cwhea","cpota","NIC",0.003
"cwhea","cpota","NLD",0.003
"cwhea","cpota","NOR",0.003
"cwhea","cpota","NPL",0.003
"cwhea","cpota","NZL",0.003
"cwhea","cpota","OBN",0.003
"cwhea","cpota","PAK",0.003
"cwhea","cpota","PAN",0.003
"cwhea","cpota","PER",0.003
"cwhea","cpota","PHL",0.003
"cwhea","cpota","POL",0.003
"cwhea","cpota","PRT",0.003
"cwhea","cpota","PRY",0.003
"cwhea","cpota","RAP",0.003
"cwhea","cpota","ROU",0.003
"cwhea","cpota","RUS",0.003
"cwhea","cpota","RWA",0.003
"cwhea","cpota","SAU",0.003
"cwhea","cpota","SDN",0.003
"cwhea","cpota","SEN",0.003
"cwhea","cpota","SLV",0.003
"cwhea","cpota","SOM",0.003
"cwhea","cpota","SPP",0.003
"cwhea","cpota","SVK",0.003
"cwhea","cpota","SVN",0.003
"cwhea","cpota","SWE",0.003
"cwhea","cpota","SWZ",0.003
"cwhea","cpota","SYR",0.003
"cwhea","cpota","THA",0.003
"cwhea","cpota","TJK",0.003
"cwhea","cpota","TKM",0.003
"cwhea","cpota","TUN",0.003
"cwhea","cpota","TUR",0.003
"cwhea","cpota","TZA",0.003
"cwhea","cpota","UGA",0.003
"cwhea","cpota","UKP",0.003
"cwhea","cpota","UKR",0.003
"cwhea","cpota","URY",0.003
"cwhea","cpota","USA",0.003
"cwhea","cpota","UZB",0.003
"cwhea","cpota","VEN",0.003
"cwhea","cpota","VNM",0.003
"cwhea","cpota","YEM",0.003
"cwhea","cpota","ZAF",0.003
"cwhea","cpota","ZMB",0.003
"cwhea","cpota","ZWE",0.003
"cwhea","cswpt","AGO",0.003
"cwhea","cswpt","ARG",0.003
"cwhea","cswpt","AUS",0.003
"cwhea","cswpt","BDI",0.003
"cwhea","cswpt","BEN",0.003
"cwhea","cswpt","BFA",0.003
"cwhea","cswpt","BGD",0.003
"cwhea","cswpt","BOL",0.003
"cwhea","cswpt","BRA",0.003
"cwhea","cswpt","CAN",0.003
"cwhea","cswpt","CHL",0.003
"cwhea","cswpt","CHM",0.003
"cwhea","cswpt","CIV",0.003
"cwhea","cswpt","CMR",0.003
"cwhea","cswpt","COD",0.003
"cwhea","cswpt","CUB",0.003
"cwhea","cswpt","DOM",0.003
"cwhea","cswpt","EGY",0.003
"cwhea","cswpt","ETH",0.003
"cwhea","cswpt","GHA",0.003
"cwhea","cswpt","GSA",0.003
"cwhea","cswpt","IDN",0.003
"cwhea","cswpt","IND",0.003
"cwhea","cswpt","ISR",0.003
"cwhea","cswpt","JPN",0.003
"cwhea","cswpt","KEN",0.003
"cwhea","cswpt","KOR",0.003
"cwhea","cswpt","LKA",0.003
"cwhea","cswpt","MDG",0.003
"cwhea","cswpt","MEX",0.003
"cwhea","cswpt","MLI",0.003
"cwhea","cswpt","MMR",0.003
"cwhea","cswpt","MOR",0.003
"cwhea","cswpt","MOZ",0.003
"cwhea","cswpt","MRT",0.003
"cwhea","cswpt","MWI",0.003
"cwhea","cswpt","MYS",0.003
"cwhea","cswpt","NGA",0.003
"cwhea","cswpt","NLD",0.003
"cwhea","cswpt","NZL",0.003
"cwhea","cswpt","PAK",0.003
"cwhea","cswpt","PER",0.003
"cwhea","cswpt","PHL",0.003
"cwhea","cswpt","PRY",0.003
"cwhea","cswpt","RWA",0.003
"cwhea","cswpt","SDN",0.003
"cwhea","cswpt","SEN",0.003
"cwhea","cswpt","SLE",0.003
"cwhea","cswpt","SOM",0.003
"cwhea","cswpt","SPP",0.003
"cwhea","cswpt","THA",0.003
"cwhea","cswpt","TZA",0.003
"cwhea","cswpt","UGA",0.003
"cwhea","cswpt","URY",0.003
"cwhea","cswpt","USA",0.003
"cwhea","cswpt","VEN",0.003
"cwhea","cswpt","VNM",0.003
"cwhea","cswpt","ZAF",0.003
"cwhea","cswpt","ZMB",0.003
"cwhea","cswpt","ZWE",0.003
"cwhea","cyams","BEN",0.003
"cwhea","cyams","BFA",0.003
"cwhea","cyams","BRA",0.003
"cwhea","cyams","CIV",0.003
"cwhea","cyams","CMR",0.003
"cwhea","cyams","COD",0.003
"cwhea","cyams","COL",0.003
"cwhea","cyams","CRB",0.003
"cwhea","cyams","CRI",0.003
"cwhea","cyams","CUB",0.003
"cwhea","cyams","DOM",0.003
"cwhea","cyams","ETH",0.003
"cwhea","cyams","GAB",0.003
"cwhea","cyams","GHA",0.003
"cwhea","cyams","JPN",0.003
"cwhea","cyams","KEN",0.003
"cwhea","cyams","MLI",0.003
"cwhea","cyams","MYS",0.003
"cwhea","cyams","NGA",0.003
"cwhea","cyams","PAN",0.003
"cwhea","cyams","RAP",0.003
"cwhea","cyams","RWA",0.003
"cwhea","cyams","SDN",0.003
"cwhea","cyams","SEN",0.003
"cwhea","cyams","TZA",0.003
"cwhea","cyams","VEN",0.003
"cwhea","corat","BDI",0.003
"cwhea","corat","BOL",0.003
"cwhea","corat","BTN",0.003
"cwhea","corat","BWA",0.003
"cwhea","corat","CHM",0.003
"cwhea","corat","CIV",0.003
"cwhea","corat","CMR",0.003
"cwhea","corat","COD",0.003
"cwhea","corat","COL",0.003
"cwhea","corat","CRB",0.003
"cwhea","corat","CRI",0.003
"cwhea","corat","CUB",0.003
"cwhea","corat","DOM",0.003
"cwhea","corat","ECU",0.003
"cwhea","corat","EGY",0.003
"cwhea","corat","ETH",0.003
"cwhea","corat","GAB",0.003
"cwhea","corat","GHA",0.003
"cwhea","corat","GSA",0.003
"cwhea","corat","IDN",0.003
"cwhea","corat","JPN",0.003
"cwhea","corat","KEN",0.003
"cwhea","corat","MDG",0.003
"cwhea","corat","MEX",0.003
"cwhea","corat","MOZ",0.003
"cwhea","corat","MYS",0.003
"cwhea","corat","NGA",0.003
"cwhea","corat","NIC",0.003
"cwhea","corat","NPL",0.003
"cwhea","corat","OPO",0.003
"cwhea","corat","PAK",0.003
"cwhea","corat","PAN",0.003
"cwhea","corat","PER",0.003
"cwhea","corat","PHL",0.003
"cwhea","corat","RWA",0.003
"cwhea","corat","SLV",0.003
"cwhea","corat","SWZ",0.003
"cwhea","corat","THA",0.003
"cwhea","corat","USA",0.003
"cwhea","corat","VEN",0.003
"cwhea","cplnt","BGD",0.003
"cwhea","cplnt","BLZ",0.003
"cwhea","cplnt","BOL",0.003
"cwhea","cplnt","CIV",0.003
"cwhea","cplnt","CMR",0.003
"cwhea","cplnt","COD",0.003
"cwhea","cplnt","COL",0.003
"cwhea","cplnt","CRB",0.003
"cwhea","cplnt","CRI",0.003
"cwhea","cplnt","CUB",0.003
"cwhea","cplnt","DOM",0.003
"cwhea","cplnt","ECU",0.003
"cwhea","cplnt","GAB",0.003
"cwhea","cplnt","GHA",0.003
"cwhea","cplnt","GSA",0.003
"cwhea","cplnt","GTM",0.003
"cwhea","cplnt","KEN",0.003
"cwhea","cplnt","LKA",0.003
"cwhea","cplnt","MMR",0.003
"cwhea","cplnt","MWI",0.003
"cwhea","cplnt","NGA",0.003
"cwhea","cplnt","NIC",0.003
"cwhea","cplnt","OBN",0.003
"cwhea","cplnt","PAN",0.003
"cwhea","cplnt","PHL",0.003
"cwhea","cplnt","RAP",0.003
"cwhea","cplnt","RWA",0.003
"cwhea","cplnt","SLE",0.003
"cwhea","cplnt","SLV",0.003
"cwhea","cplnt","SPP",0.003
"cwhea","cplnt","TZA",0.003
"cwhea","cplnt","UGA",0.003
"cwhea","cplnt","VEN",0.003
"cwhea","csugr","AGO",0.003
"cwhea","csugr","ARG",0.003
"cwhea","csugr","ARM",0.003
"cwhea","csugr","AUS",0.003
"cwhea","csugr","AUT",0.003
"cwhea","csugr","AZE",0.003
"cwhea","csugr","BGD",0.003
"cwhea","csugr","BGR",0.003
"cwhea","csugr","BLR",0.003
"cwhea","csugr","BLT",0.003
"cwhea","csugr","BLX",0.003
"cwhea","csugr","BOL",0.003
"cwhea","csugr","BRA",0.003
"cwhea","csugr","BTN",0.003
"cwhea","csugr","BWA",0.003
"cwhea","csugr","CHM",0.003
"cwhea","csugr","CMR",0.003
"cwhea","csugr","COL",0.003
"cwhea","csugr","CRB",0.003
"cwhea","csugr","CRI",0.003
"cwhea","csugr","CZE",0.003
"cwhea","csugr","DEU",0.003
"cwhea","csugr","DNK",0.003
"cwhea","csugr","DZA",0.003
"cwhea","csugr","ECU",0.003
"cwhea","csugr","EGY",0.003
"cwhea","csugr","FNP",0.003
"cwhea","csugr","FRP",0.003
"cwhea","csugr","GEO",0.003
"cwhea","csugr","GRC",0.003
"cwhea","csugr","GSA",0.003
"cwhea","csugr","GTM",0.003
"cwhea","csugr","HRV",0.003
"cwhea","csugr","HUN",0.003
"cwhea","csugr","IDN",0.003
"cwhea","csugr","IND",0.003
"cwhea","csugr","IRN",0.003
"cwhea","csugr","IRQ",0.003
"cwhea","csugr","ISR",0.003
"cwhea","csugr","ITP",0.003
"cwhea","csugr","JOR",0.003
"cwhea","csugr","KEN",0.003
"cwhea","csugr","KGZ",0.003
"cwhea","csugr","KOR",0.003
"cwhea","csugr","LBN",0.003
"cwhea","csugr","LKA",0.003
"cwhea","csugr","MDA",0.003
"cwhea","csugr","MEX",0.003
"cwhea","csugr","MNG",0.003
"cwhea","csugr","MOR",0.003
"cwhea","csugr","MRT",0.003
"cwhea","csugr","MYS",0.003
"cwhea","csugr","NIC",0.003
"cwhea","csugr","NLD",0.003
"cwhea","csugr","NPL",0.003
"cwhea","csugr","NZL",0.003
"cwhea","csugr","OBN",0.003
"cwhea","csugr","OPO",0.003
"cwhea","csugr","PAK",0.003
"cwhea","csugr","PAN",0.003
"cwhea","csugr","PER",0.003
"cwhea","csugr","POL",0.003
"cwhea","csugr","PRY",0.003
"cwhea","csugr","RAP",0.003
"cwhea","csugr","ROU",0.003
"cwhea","csugr","RUS",0.003
"cwhea","csugr","RWA",0.003
"cwhea","csugr","SAU",0.003
"cwhea","csugr","SLV",0.003
"cwhea","csugr","SPP",0.003
"cwhea","csugr","SVK",0.003
"cwhea","csugr","SVN",0.003
"cwhea","csugr","SWE",0.003
"cwhea","csugr","SYR",0.003
"cwhea","csugr","THA",0.003
"cwhea","csugr","TUR",0.003
"cwhea","csugr","TZA",0.003
"cwhea","csugr","UGA",0.003
"cwhea","csugr","UKR",0.003
"cwhea","csugr","URY",0.003
"cwhea","csugr","USA",0.003
"cwhea","csugr","UZB",0.003
"cwhea","csugr","VEN",0.003
"cwhea","csugr","VNM",0.003
"cwhea","csugr","ZAF",0.003
"cwhea","csugr","ZMB",0.003
"cwhea","csugr","ZWE",0.003
"cocer","cbarl","ALB",0.003
"cocer","cbarl","ARG",0.003
"cocer","cbarl","ARM",0.003
"cocer","cbarl","AUS",0.003
"cocer","cbarl","AUT",0.003
"cocer","cbarl","AZE",0.003
"cocer","cbarl","BDI",0.003
"cocer","cbarl","BFA",0.003
"cocer","cbarl","BGD",0.003
"cocer","cbarl","BGR",0.003
"cocer","cbarl","BLR",0.003
"cocer","cbarl","BLT",0.003
"cocer","cbarl","BLX",0.003
"cocer","cbarl","BOL",0.003
"cocer","cbarl","BRA",0.003
"cocer","cbarl","CAN",0.003
"cocer","cbarl","CHL",0.003
"cocer","cbarl","CHM",0.003
"cocer","cbarl","CHP",0.003
"cocer","cbarl","CIV",0.003
"cocer","cbarl","CZE",0.003
"cocer","cbarl","DEU",0.003
"cocer","cbarl","DNK",0.003
"cocer","cbarl","DZA",0.003
"cocer","cbarl","ECU",0.003
"cocer","cbarl","EGY",0.003
"cocer","cbarl","ETH",0.003
"cocer","cbarl","FNP",0.003
"cocer","cbarl","FRP",0.003
"cocer","cbarl","GEO",0.003
"cocer","cbarl","GIN",0.003
"cocer","cbarl","GRC",0.003
"cocer","cbarl","HRV",0.003
"cocer","cbarl","HUN",0.003
"cocer","cbarl","IRL",0.003
"cocer","cbarl","ITP",0.003
"cocer","cbarl","JPN",0.003
"cocer","cbarl","KAZ",0.003
"cocer","cbarl","KOR",0.003
"cocer","cbarl","MDA",0.003
"cocer","cbarl","MEX",0.003
"cocer","cbarl","MLI",0.003
"cocer","cbarl","MMR",0.003
"cocer","cbarl","MNG",0.003
"cocer","cbarl","MOR",0.003
"cocer","cbarl","NER",0.003
"cocer","cbarl","NGA",0.003
"cocer","cbarl","NLD",0.003
"cocer","cbarl","NOR",0.003
"cocer","cbarl","NPL",0.003
"cocer","cbarl","NZL",0.003
"cocer","cbarl","OBN",0.003
"cocer","cbarl","PER",0.003
"cocer","cbarl","POL",0.003
"cocer","cbarl","PRT",0.003
"cocer","cbarl","ROU",0.003
"cocer","cbarl","RUS",0.003
"cocer","cbarl","SLE",0.003
"cocer","cbarl","SPP",0.003
"cocer","cbarl","SVK",0.003
"cocer","cbarl","SVN",0.003
"cocer","cbarl","SWE",0.003
"cocer","cbarl","TCD",0.003
"cocer","cbarl","TGO",0.003
"cocer","cbarl","THA",0.003
"cocer","cbarl","TJK",0.003
"cocer","cbarl","TUN",0.003
"cocer","cbarl","TUR",0.003
"cocer","cbarl","TZA",0.003
"cocer","cbarl","UKP",0.003
"cocer","cbarl","UKR",0.003
"cocer","cbarl","URY",0.003
"cocer","cbarl","USA",0.003
"cocer","cbarl","UZB",0.003
"cocer","cbarl","ZAF",0.003
"cocer","cmaiz","ALB",0.00375
"cocer","cmaiz","ARG",0.00375
"cocer","cmaiz","ARM",0.00375
"cocer","cmaiz","AUS",0.00375
"cocer","cmaiz","AUT",0.00375
"cocer","cmaiz","AZE",0.00375
"cocer","cmaiz","BDI",0.00375
"cocer","cmaiz","BFA",0.00375
"cocer","cmaiz","BGD",0.00375
"cocer","cmaiz","BGR",0.00375
"cocer","cmaiz","BLR",0.00375
"cocer","cmaiz","BLT",0.00375
"cocer","cmaiz","BLX",0.00375
"cocer","cmaiz","BOL",0.00375
"cocer","cmaiz","BRA",0.00375
"cocer","cmaiz","CAN",0.00375
"cocer","cmaiz","CHL",0.00375
"cocer","cmaiz","CHM",0.00375
"cocer","cmaiz","CHP",0.00375
"cocer","cmaiz","CIV",0.00375
"cocer","cmaiz","CZE",0.00375
"cocer","cmaiz","DEU",0.00375
"cocer","cmaiz","DNK",0.00375
"cocer","cmaiz","DZA",0.00375
"cocer","cmaiz","ECU",0.00375
"cocer","cmaiz","EGY",0.00375
"cocer","cmaiz","ETH",0.00375
"cocer","cmaiz","FNP",0.00375
"cocer","cmaiz","FRP",0.00375
"cocer","cmaiz","GEO",0.00375
"cocer","cmaiz","GIN",0.00375
"cocer","cmaiz","GRC",0.00375
"cocer","cmaiz","HRV",0.00375
"cocer","cmaiz","HUN",0.00375
"cocer","cmaiz","IRL",0.00375
"cocer","cmaiz","ITP",0.00375
"cocer","cmaiz","JPN",0.00375
"cocer","cmaiz","KAZ",0.00375
"cocer","cmaiz","KOR",0.00375
"cocer","cmaiz","MDA",0.00375
"cocer","cmaiz","MEX",0.00375
"cocer","cmaiz","MLI",0.00375
"cocer","cmaiz","MMR",0.00375
"cocer","cmaiz","MOR",0.00375
"cocer","cmaiz","NER",0.00375
"cocer","cmaiz","NGA",0.00375
"cocer","cmaiz","NLD",0.00375
"cocer","cmaiz","NOR",0.00375
"cocer","cmaiz","NPL",0.00375
"cocer","cmaiz","NZL",0.00375
"cocer","cmaiz","OBN",0.00375
"cocer","cmaiz","PER",0.00375
"cocer","cmaiz","POL",0.00375
"cocer","cmaiz","PRT",0.00375
"cocer","cmaiz","ROU",0.00375
"cocer","cmaiz","RUS",0.00375
"cocer","cmaiz","SLE",0.00375
"cocer","cmaiz","SPP",0.00375
"cocer","cmaiz","SVK",0.00375
"cocer","cmaiz","SVN",0.00375
"cocer","cmaiz","SWE",0.00375
"cocer","cmaiz","TCD",0.00375
"cocer","cmaiz","TGO",0.00375
"cocer","cmaiz","THA",0.00375
"cocer","cmaiz","TJK",0.00375
"cocer","cmaiz","TUN",0.00375
"cocer","cmaiz","TUR",0.00375
"cocer","cmaiz","TZA",0.00375
"cocer","cmaiz","UKP",0.00375
"cocer","cmaiz","UKR",0.00375
"cocer","cmaiz","URY",0.00375
"cocer","cmaiz","USA",0.00375
"cocer","cmaiz","UZB",0.00375
"cocer","cmaiz","ZAF",0.00375
"cocer","cmill","AUS",0.003
"cocer","cmill","BDI",0.003
"cocer","cmill","BFA",0.003
"cocer","cmill","BGD",0.003
"cocer","cmill","BLR",0.003
"cocer","cmill","CHM",0.003
"cocer","cmill","CIV",0.003
"cocer","cmill","ETH",0.003
"cocer","cmill","GIN",0.003
"cocer","cmill","KAZ",0.003
"cocer","cmill","MLI",0.003
"cocer","cmill","MMR",0.003
"cocer","cmill","MOR",0.003
"cocer","cmill","NER",0.003
"cocer","cmill","NGA",0.003
"cocer","cmill","NPL",0.003
"cocer","cmill","POL",0.003
"cocer","cmill","RUS",0.003
"cocer","cmill","SLE",0.003
"cocer","cmill","TCD",0.003
"cocer","cmill","TGO",0.003
"cocer","cmill","TUR",0.003
"cocer","cmill","TZA",0.003
"cocer","cmill","UKR",0.003
"cocer","cmill","USA",0.003
"cocer","cmill","UZB",0.003
"cocer","crice","ARG",0.003
"cocer","crice","AUS",0.003
"cocer","crice","AUT",0.003
"cocer","crice","AZE",0.003
"cocer","crice","BDI",0.003
"cocer","crice","BFA",0.003
"cocer","crice","BGD",0.003
"cocer","crice","BGR",0.003
"cocer","crice","BLX",0.003
"cocer","crice","BOL",0.003
"cocer","crice","BRA",0.003
"cocer","crice","CAN",0.003
"cocer","crice","CHL",0.003
"cocer","crice","CHM",0.003
"cocer","crice","CHP",0.003
"cocer","crice","CIV",0.003
"cocer","crice","CZE",0.003
"cocer","crice","DEU",0.003
"cocer","crice","DNK",0.003
"cocer","crice","ECU",0.003
"cocer","crice","EGY",0.003
"cocer","crice","ETH",0.003
"cocer","crice","FNP",0.003
"cocer","crice","FRP",0.003
"cocer","crice","GIN",0.003
"cocer","crice","GRC",0.003
"cocer","crice","HUN",0.003
"cocer","crice","IRL",0.003
"cocer","crice","ITP",0.003
"cocer","crice","JPN",0.003
"cocer","crice","KAZ",0.003
"cocer","crice","KOR",0.003
"cocer","crice","MEX",0.003
"cocer","crice","MLI",0.003
"cocer","crice","MMR",0.003
"cocer","crice","MOR",0.003
"cocer","crice","NER",0.003
"cocer","crice","NGA",0.003
"cocer","crice","NLD",0.003
"cocer","crice","NPL",0.003
"cocer","crice","NZL",0.003
"cocer","crice","OBN",0.003
"cocer","crice","PER",0.003
"cocer","crice","POL",0.003
"cocer","crice","PRT",0.003
"cocer","crice","ROU",0.003
"cocer","crice","RUS",0.003
"cocer","crice","SLE",0.003
"cocer","crice","SPP",0.003
"cocer","crice","SWE",0.003
"cocer","crice","TCD",0.003
"cocer","crice","TGO",0.003
"cocer","crice","THA",0.003
"cocer","crice","TJK",0.003
"cocer","crice","TUN",0.003
"cocer","crice","TUR",0.003
"cocer","crice","TZA",0.003
"cocer","crice","UKP",0.003
"cocer","crice","UKR",0.003
"cocer","crice","URY",0.003
"cocer","crice","USA",0.003
"cocer","crice","UZB",0.003
"cocer","crice","ZAF",0.003
"cocer","csorg","ARG",0.003
"cocer","csorg","AUS",0.003
"cocer","csorg","AUT",0.003
"cocer","csorg","BDI",0.003
"cocer","csorg","BFA",0.003
"cocer","csorg","BGR",0.003
"cocer","csorg","BOL",0.003
"cocer","csorg","BRA",0.003
"cocer","csorg","CHM",0.003
"cocer","csorg","CIV",0.003
"cocer","csorg","ECU",0.003
"cocer","csorg","EGY",0.003
"cocer","csorg","ETH",0.003
"cocer","csorg","FRP",0.003
"cocer","csorg","GIN",0.003
"cocer","csorg","HUN",0.003
"cocer","csorg","ITP",0.003
"cocer","csorg","KAZ",0.003
"cocer","csorg","MDA",0.003
"cocer","csorg","MEX",0.003
"cocer","csorg","MLI",0.003
"cocer","csorg","MMR",0.003
"cocer","csorg","MOR",0.003
"cocer","csorg","NER",0.003
"cocer","csorg","NGA",0.003
"cocer","csorg","POL",0.003
"cocer","csorg","ROU",0.003
"cocer","csorg","RUS",0.003
"cocer","csorg","SLE",0.003
"cocer","csorg","SPP",0.003
"cocer","csorg","SVK",0.003
"cocer","csorg","TCD",0.003
"cocer","csorg","TGO",0.003
"cocer","csorg","THA",0.003
"cocer","csorg","TUR",0.003
"cocer","csorg","TZA",0.003
"cocer","csorg","UKR",0.003
"cocer","csorg","URY",0.003
"cocer","csorg","USA",0.003
"cocer","csorg","UZB",0.003
"cocer","csorg","ZAF",0.003
"cocer","cwhea","ALB",0.003
"cocer","cwhea","ARG",0.003
"cocer","cwhea","ARM",0.003
"cocer","cwhea","AUS",0.003
"cocer","cwhea","AUT",0.003
"cocer","cwhea","AZE",0.003
"cocer","cwhea","BDI",0.003
"cocer","cwhea","BFA",0.003
"cocer","cwhea","BGD",0.003
"cocer","cwhea","BGR",0.003
"cocer","cwhea","BLR",0.003
"cocer","cwhea","BLT",0.003
"cocer","cwhea","BLX",0.003
"cocer","cwhea","BOL",0.003
"cocer","cwhea","BRA",0.003
"cocer","cwhea","CAN",0.003
"cocer","cwhea","CHL",0.003
"cocer","cwhea","CHM",0.003
"cocer","cwhea","CHP",0.003
"cocer","cwhea","CIV",0.003
"cocer","cwhea","CZE",0.003
"cocer","cwhea","DEU",0.003
"cocer","cwhea","DNK",0.003
"cocer","cwhea","DZA",0.003
"cocer","cwhea","ECU",0.003
"cocer","cwhea","EGY",0.003
"cocer","cwhea","ETH",0.003
"cocer","cwhea","FNP",0.003
"cocer","cwhea","FRP",0.003
"cocer","cwhea","GEO",0.003
"cocer","cwhea","GRC",0.003
"cocer","cwhea","HRV",0.003
"cocer","cwhea","HUN",0.003
"cocer","cwhea","IRL",0.003
"cocer","cwhea","ITP",0.003
"cocer","cwhea","JPN",0.003
"cocer","cwhea","KAZ",0.003
"cocer","cwhea","KOR",0.003
"cocer","cwhea","MDA",0.003
"cocer","cwhea","MEX",0.003
"cocer","cwhea","MLI",0.003
"cocer","cwhea","MMR",0.003
"cocer","cwhea","MNG",0.003
"cocer","cwhea","MOR",0.003
"cocer","cwhea","NGA",0.003
"cocer","cwhea","NLD",0.003
"cocer","cwhea","NOR",0.003
"cocer","cwhea","NPL",0.003
"cocer","cwhea","NZL",0.003
"cocer","cwhea","OBN",0.003
"cocer","cwhea","PER",0.003
"cocer","cwhea","POL",0.003
"cocer","cwhea","PRT",0.003
"cocer","cwhea","ROU",0.003
"cocer","cwhea","RUS",0.003
"cocer","cwhea","SLE",0.003
"cocer","cwhea","SPP",0.003
"cocer","cwhea","SVK",0.003
"cocer","cwhea","SVN",0.003
"cocer","cwhea","SWE",0.003
"cocer","cwhea","THA",0.003
"cocer","cwhea","TJK",0.003
"cocer","cwhea","TUN",0.003
"cocer","cwhea","TUR",0.003
"cocer","cwhea","TZA",0.003
"cocer","cwhea","UKP",0.003
"cocer","cwhea","UKR",0.003
"cocer","cwhea","URY",0.003
"cocer","cwhea","USA",0.003
"cocer","cwhea","UZB",0.003
"cocer","cwhea","ZAF",0.003
"cocer","cocer","ALB",-0.1
"cocer","cocer","ARG",-0.199635785154319
"cocer","cocer","ARM",-0.085
"cocer","cocer","AUS",-0.217634814881045
"cocer","cocer","AUT",-0.26
"cocer","cocer","AZE",-0.085
"cocer","cocer","BDI",-0.335
"cocer","cocer","BFA",-0.248011838375783
"cocer","cocer","BGD",-0.250491411697152
"cocer","cocer","BGR",-0.1
"cocer","cocer","BLR",-0.11819865876
"cocer","cocer","BLT",-0.11819865876
"cocer","cocer","BLX",-0.2584709435248
"cocer","cocer","BOL",-0.209038335286036
"cocer","cocer","BRA",-0.174751440211045
"cocer","cocer","CAN",-0.231034699821998
"cocer","cocer","CHL",-0.206958120819179
"cocer","cocer","CHM",-0.12726614529812
"cocer","cocer","CHP",-0.26
"cocer","cocer","CIV",-0.34
"cocer","cocer","CZE",-0.1
"cocer","cocer","DEU",-0.259177838073646
"cocer","cocer","DNK",-0.255606059204542
"cocer","cocer","DZA",-0.12287244378108
"cocer","cocer","ECU",-0.206244337947699
"cocer","cocer","EGY",-0.166480527200524
"cocer","cocer","ETH",-0.247990955905283
"cocer","cocer","FNP",-0.255606059204542
"cocer","cocer","FRP",-0.258749503813361
"cocer","cocer","GEO",-0.085
"cocer","cocer","GIN",-0.339171025667682
"cocer","cocer","GRC",-0.1
"cocer","cocer","HRV",-0.1
"cocer","cocer","HUN",-0.1
"cocer","cocer","IRL",-0.257099186324131
"cocer","cocer","ITP",-0.259598234876172
"cocer","cocer","JPN",-0.0999999999999973
"cocer","cocer","KAZ",-0.11819865876
"cocer","cocer","KOR",-0.14
"cocer","cocer","MDA",-0.1
"cocer","cocer","MEX",-0.185
"cocer","cocer","MLI",-0.246362956366505
"cocer","cocer","MMR",-0.253277956953654
"cocer","cocer","MNG",-0.185
"cocer","cocer","MOR",-0.123131755995462
"cocer","cocer","NER",-0.249582472104221
"cocer","cocer","NGA",-0.334341568008261
"cocer","cocer","NLD",-0.25949562594669
"cocer","cocer","NOR",-0.255606059204542
"cocer","cocer","NPL",-0.284267057100863
"cocer","cocer","NZL",-0.235
"cocer","cocer","OBN",-0.1
"cocer","cocer","PER",-0.207206761159409
"cocer","cocer","POL",-0.1
"cocer","cocer","PRT",-0.258031335306976
"cocer","cocer","ROU",-0.1
"cocer","cocer","RUS",-0.11819865876
"cocer","cocer","SLE",-0.34
"cocer","cocer","SPP",-0.258031335306976
"cocer","cocer","SVK",-0.1
"cocer","cocer","SVN",-0.1
"cocer","cocer","SWE",-0.255606059204542
"cocer","cocer","TCD",-0.25
"cocer","cocer","TGO",-0.34
"cocer","cocer","THA",-0.175
"cocer","cocer","TJK",-0.085
"cocer","cocer","TUN",-0.123027266447989
"cocer","cocer","TUR",-0.119566005472355
"cocer","cocer","TZA",-0.335
"cocer","cocer","UKP",-0.257099186324131
"cocer","cocer","UKR",-0.11819865876
"cocer","cocer","URY",-0.21
"cocer","cocer","USA",-0.255
"cocer","cocer","UZB",-0.11819865876
"cocer","cocer","ZAF",-0.229788170767736
"cocer","ccass","ARG",0.003
"cocer","ccass","AUS",0.003
"cocer","ccass","AUT",0.003
"cocer","ccass","BDI",0.003
"cocer","ccass","BFA",0.003
"cocer","ccass","BGD",0.003
"cocer","ccass","BLR",0.003
"cocer","ccass","BLX",0.003
"cocer","ccass","BOL",0.003
"cocer","ccass","BRA",0.003
"cocer","ccass","CAN",0.003
"cocer","ccass","CHL",0.003
"cocer","ccass","CHM",0.003
"cocer","ccass","CHP",0.003
"cocer","ccass","CIV",0.003
"cocer","ccass","CZE",0.003
"cocer","ccass","DEU",0.003
"cocer","ccass","ECU",0.003
"cocer","ccass","FRP",0.003
"cocer","ccass","GIN",0.003
"cocer","ccass","HUN",0.003
"cocer","ccass","IRL",0.003
"cocer","ccass","ITP",0.003
"cocer","ccass","JPN",0.003
"cocer","ccass","KOR",0.003
"cocer","ccass","MEX",0.003
"cocer","ccass","MLI",0.003
"cocer","ccass","MMR",0.003
"cocer","ccass","NER",0.003
"cocer","ccass","NGA",0.003
"cocer","ccass","NOR",0.003
"cocer","ccass","NZL",0.003
"cocer","ccass","PER",0.003
"cocer","ccass","POL",0.003
"cocer","ccass","PRT",0.003
"cocer","ccass","RUS",0.003
"cocer","ccass","SLE",0.003
"cocer","ccass","SPP",0.003
"cocer","ccass","SWE",0.003
"cocer","ccass","TCD",0.003
"cocer","ccass","TGO",0.003
"cocer","ccass","THA",0.003
"cocer","ccass","TZA",0.003
"cocer","ccass","UKP",0.003
"cocer","ccass","URY",0.003
"cocer","ccass","USA",0.003
"cocer","ccass","ZAF",0.003
"cocer","cpota","ALB",0.003
"cocer","cpota","ARG",0.003
"cocer","cpota","ARM",0.003
"cocer","cpota","AUS",0.003
"cocer","cpota","AUT",0.003
"cocer","cpota","AZE",0.003
"cocer","cpota","BDI",0.003
"cocer","cpota","BFA",0.003
"cocer","cpota","BGD",0.003
"cocer","cpota","BGR",0.003
"cocer","cpota","BLR",0.003
"cocer","cpota","BLT",0.003
"cocer","cpota","BLX",0.003
"cocer","cpota","BOL",0.003
"cocer","cpota","BRA",0.003
"cocer","cpota","CAN",0.003
"cocer","cpota","CHL",0.003
"cocer","cpota","CHM",0.003
"cocer","cpota","CHP",0.003
"cocer","cpota","CIV",0.003
"cocer","cpota","CZE",0.003
"cocer","cpota","DEU",0.003
"cocer","cpota","DNK",0.003
"cocer","cpota","DZA",0.003
"cocer","cpota","ECU",0.003
"cocer","cpota","EGY",0.003
"cocer","cpota","ETH",0.003
"cocer","cpota","FNP",0.003
"cocer","cpota","FRP",0.003
"cocer","cpota","GEO",0.003
"cocer","cpota","GIN",0.003
"cocer","cpota","GRC",0.003
"cocer","cpota","HRV",0.003
"cocer","cpota","HUN",0.003
"cocer","cpota","IRL",0.003
"cocer","cpota","ITP",0.003
"cocer","cpota","JPN",0.003
"cocer","cpota","KAZ",0.003
"cocer","cpota","KOR",0.003
"cocer","cpota","MDA",0.003
"cocer","cpota","MEX",0.003
"cocer","cpota","MLI",0.003
"cocer","cpota","MMR",0.003
"cocer","cpota","MNG",0.003
"cocer","cpota","MOR",0.003
"cocer","cpota","NER",0.003
"cocer","cpota","NGA",0.003
"cocer","cpota","NLD",0.003
"cocer","cpota","NOR",0.003
"cocer","cpota","NPL",0.003
"cocer","cpota","NZL",0.003
"cocer","cpota","OBN",0.003
"cocer","cpota","PER",0.003
"cocer","cpota","POL",0.003
"cocer","cpota","PRT",0.003
"cocer","cpota","ROU",0.003
"cocer","cpota","RUS",0.003
"cocer","cpota","SPP",0.003
"cocer","cpota","SVK",0.003
"cocer","cpota","SVN",0.003
"cocer","cpota","SWE",0.003
"cocer","cpota","TCD",0.003
"cocer","cpota","THA",0.003
"cocer","cpota","TJK",0.003
"cocer","cpota","TUN",0.003
"cocer","cpota","TUR",0.003
"cocer","cpota","TZA",0.003
"cocer","cpota","UKP",0.003
"cocer","cpota","UKR",0.003
"cocer","cpota","URY",0.003
"cocer","cpota","USA",0.003
"cocer","cpota","UZB",0.003
"cocer","cpota","ZAF",0.003
"cocer","cswpt","ARG",0.003
"cocer","cswpt","AUS",0.003
"cocer","cswpt","BDI",0.003
"cocer","cswpt","BFA",0.003
"cocer","cswpt","BGD",0.003
"cocer","cswpt","BOL",0.003
"cocer","cswpt","BRA",0.003
"cocer","cswpt","CAN",0.003
"cocer","cswpt","CHL",0.003
"cocer","cswpt","CHM",0.003
"cocer","cswpt","CIV",0.003
"cocer","cswpt","EGY",0.003
"cocer","cswpt","ETH",0.003
"cocer","cswpt","GIN",0.003
"cocer","cswpt","JPN",0.003
"cocer","cswpt","KOR",0.003
"cocer","cswpt","MEX",0.003
"cocer","cswpt","MLI",0.003
"cocer","cswpt","MMR",0.003
"cocer","cswpt","MOR",0.003
"cocer","cswpt","NER",0.003
"cocer","cswpt","NGA",0.003
"cocer","cswpt","NLD",0.003
"cocer","cswpt","NZL",0.003
"cocer","cswpt","PER",0.003
"cocer","cswpt","SLE",0.003
"cocer","cswpt","SPP",0.003
"cocer","cswpt","TCD",0.003
"cocer","cswpt","TGO",0.003
"cocer","cswpt","THA",0.003
"cocer","cswpt","TZA",0.003
"cocer","cswpt","URY",0.003
"cocer","cswpt","USA",0.003
"cocer","cswpt","ZAF",0.003
"cocer","cyams","BFA",0.003
"cocer","cyams","BRA",0.003
"cocer","cyams","CIV",0.003
"cocer","cyams","ETH",0.003
"cocer","cyams","GIN",0.003
"cocer","cyams","JPN",0.003
"cocer","cyams","MLI",0.003
"cocer","cyams","NGA",0.003
"cocer","cyams","TCD",0.003
"cocer","cyams","TGO",0.003
"cocer","cyams","TZA",0.003
"cocer","corat","BDI",0.003
"cocer","corat","BOL",0.003
"cocer","corat","CHM",0.003
"cocer","corat","CIV",0.003
"cocer","corat","ECU",0.003
"cocer","corat","EGY",0.003
"cocer","corat","ETH",0.003
"cocer","corat","GIN",0.003
"cocer","corat","JPN",0.003
"cocer","corat","MEX",0.003
"cocer","corat","NGA",0.003
"cocer","corat","NPL",0.003
"cocer","corat","PER",0.003
"cocer","corat","TCD",0.003
"cocer","corat","TGO",0.003
"cocer","corat","THA",0.003
"cocer","corat","USA",0.003
"cocer","cplnt","BGD",0.003
"cocer","cplnt","BOL",0.003
"cocer","cplnt","CIV",0.003
"cocer","cplnt","ECU",0.003
"cocer","cplnt","GIN",0.003
"cocer","cplnt","MMR",0.003
"cocer","cplnt","NGA",0.003
"cocer","cplnt","OBN",0.003
"cocer","cplnt","SLE",0.003
"cocer","cplnt","SPP",0.003
"cocer","cplnt","TZA",0.003
"cocer","csugr","ARG",0.003
"cocer","csugr","ARM",0.003
"cocer","csugr","AUS",0.003
"cocer","csugr","AUT",0.003
"cocer","csugr","AZE",0.003
"cocer","csugr","BGD",0.003
"cocer","csugr","BGR",0.003
"cocer","csugr","BLR",0.003
"cocer","csugr","BLT",0.003
"cocer","csugr","BLX",0.003
"cocer","csugr","BOL",0.003
"cocer","csugr","BRA",0.003
"cocer","csugr","CHM",0.003
"cocer","csugr","CZE",0.003
"cocer","csugr","DEU",0.003
"cocer","csugr","DNK",0.003
"cocer","csugr","DZA",0.003
"cocer","csugr","ECU",0.003
"cocer","csugr","EGY",0.003
"cocer","csugr","FNP",0.003
"cocer","csugr","FRP",0.003
"cocer","csugr","GEO",0.003
"cocer","csugr","GRC",0.003
"cocer","csugr","HRV",0.003
"cocer","csugr","HUN",0.003
"cocer","csugr","ITP",0.003
"cocer","csugr","KOR",0.003
"cocer","csugr","MDA",0.003
"cocer","csugr","MEX",0.003
"cocer","csugr","MNG",0.003
"cocer","csugr","MOR",0.003
"cocer","csugr","NLD",0.003
"cocer","csugr","NPL",0.003
"cocer","csugr","NZL",0.003
"cocer","csugr","OBN",0.003
"cocer","csugr","PER",0.003
"cocer","csugr","POL",0.003
"cocer","csugr","ROU",0.003
"cocer","csugr","RUS",0.003
"cocer","csugr","SPP",0.003
"cocer","csugr","SVK",0.003
"cocer","csugr","SVN",0.003
"cocer","csugr","SWE",0.003
"cocer","csugr","TGO",0.003
"cocer","csugr","THA",0.003
"cocer","csugr","TUR",0.003
"cocer","csugr","TZA",0.003
"cocer","csugr","UKR",0.003
"cocer","csugr","URY",0.003
"cocer","csugr","USA",0.003
"cocer","csugr","UZB",0.003
"cocer","csugr","ZAF",0.003
"ccass","cbarl","AGO",0.003
"ccass","cbarl","ARG",0.003
"ccass","cbarl","AUS",0.003
"ccass","cbarl","AUT",0.003
"ccass","cbarl","BDI",0.003
"ccass","cbarl","BEN",0.003
"ccass","cbarl","BFA",0.003
"ccass","cbarl","BGD",0.003
"ccass","cbarl","BLR",0.003
"ccass","cbarl","BLX",0.003
"ccass","cbarl","BOL",0.003
"ccass","cbarl","BRA",0.003
"ccass","cbarl","CAF",0.003
"ccass","cbarl","CAN",0.003
"ccass","cbarl","CHL",0.003
"ccass","cbarl","CHM",0.003
"ccass","cbarl","CHP",0.003
"ccass","cbarl","CIV",0.003
"ccass","cbarl","CMR",0.003
"ccass","cbarl","COD",0.003
"ccass","cbarl","COG",0.003
"ccass","cbarl","COL",0.003
"ccass","cbarl","CRI",0.003
"ccass","cbarl","CUB",0.003
"ccass","cbarl","CZE",0.003
"ccass","cbarl","DEU",0.003
"ccass","cbarl","DOM",0.003
"ccass","cbarl","ECU",0.003
"ccass","cbarl","FJI",0.003
"ccass","cbarl","FRP",0.003
"ccass","cbarl","GAB",0.003
"ccass","cbarl","GHA",0.003
"ccass","cbarl","GIN",0.003
"ccass","cbarl","GNB",0.003
"ccass","cbarl","GSA",0.003
"ccass","cbarl","GTM",0.003
"ccass","cbarl","HND",0.003
"ccass","cbarl","HTI",0.003
"ccass","cbarl","HUN",0.003
"ccass","cbarl","IDN",0.003
"ccass","cbarl","IND",0.003
"ccass","cbarl","IRL",0.003
"ccass","cbarl","ISR",0.003
"ccass","cbarl","ITP",0.003
"ccass","cbarl","JAM",0.003
"ccass","cbarl","JPN",0.003
"ccass","cbarl","KEN",0.003
"ccass","cbarl","KHM",0.003
"ccass","cbarl","KOR",0.003
"ccass","cbarl","LAO",0.003
"ccass","cbarl","LBN",0.003
"ccass","cbarl","LBR",0.003
"ccass","cbarl","LKA",0.003
"ccass","cbarl","MDG",0.003
"ccass","cbarl","MEX",0.003
"ccass","cbarl","MLI",0.003
"ccass","cbarl","MMR",0.003
"ccass","cbarl","MOZ",0.003
"ccass","cbarl","MWI",0.003
"ccass","cbarl","MYS",0.003
"ccass","cbarl","NER",0.003
"ccass","cbarl","NGA",0.003
"ccass","cbarl","NIC",0.003
"ccass","cbarl","NOR",0.003
"ccass","cbarl","NZL",0.003
"ccass","cbarl","OIO",0.003
"ccass","cbarl","OPO",0.003
"ccass","cbarl","PAK",0.003
"ccass","cbarl","PAN",0.003
"ccass","cbarl","PER",0.003
"ccass","cbarl","PHL",0.003
"ccass","cbarl","PNG",0.003
"ccass","cbarl","POL",0.003
"ccass","cbarl","PRT",0.003
"ccass","cbarl","PRY",0.003
"ccass","cbarl","RAP",0.003
"ccass","cbarl","RUS",0.003
"ccass","cbarl","RWA",0.003
"ccass","cbarl","SEN",0.003
"ccass","cbarl","SLE",0.003
"ccass","cbarl","SLV",0.003
"ccass","cbarl","SPP",0.003
"ccass","cbarl","SWE",0.003
"ccass","cbarl","TCD",0.003
"ccass","cbarl","TGO",0.003
"ccass","cbarl","THA",0.003
"ccass","cbarl","TZA",0.003
"ccass","cbarl","UGA",0.003
"ccass","cbarl","UKP",0.003
"ccass","cbarl","URY",0.003
"ccass","cbarl","USA",0.003
"ccass","cbarl","VEN",0.003
"ccass","cbarl","VNM",0.003
"ccass","cbarl","ZAF",0.003
"ccass","cbarl","ZMB",0.003
"ccass","cbarl","ZWE",0.003
"ccass","cmaiz","AGO",0.00375
"ccass","cmaiz","ARG",0.00375
"ccass","cmaiz","AUS",0.00375
"ccass","cmaiz","AUT",0.00375
"ccass","cmaiz","BDI",0.00375
"ccass","cmaiz","BEN",0.00375
"ccass","cmaiz","BFA",0.00375
"ccass","cmaiz","BGD",0.00375
"ccass","cmaiz","BLR",0.00375
"ccass","cmaiz","BLX",0.00375
"ccass","cmaiz","BOL",0.00375
"ccass","cmaiz","BRA",0.00375
"ccass","cmaiz","CAF",0.00375
"ccass","cmaiz","CAN",0.00375
"ccass","cmaiz","CHL",0.00375
"ccass","cmaiz","CHM",0.00375
"ccass","cmaiz","CHP",0.00375
"ccass","cmaiz","CIV",0.00375
"ccass","cmaiz","CMR",0.00375
"ccass","cmaiz","COD",0.00375
"ccass","cmaiz","COG",0.00375
"ccass","cmaiz","COL",0.00375
"ccass","cmaiz","CRI",0.00375
"ccass","cmaiz","CUB",0.00375
"ccass","cmaiz","CZE",0.00375
"ccass","cmaiz","DEU",0.00375
"ccass","cmaiz","DOM",0.00375
"ccass","cmaiz","ECU",0.00375
"ccass","cmaiz","FRP",0.00375
"ccass","cmaiz","GAB",0.00375
"ccass","cmaiz","GHA",0.00375
"ccass","cmaiz","GIN",0.00375
"ccass","cmaiz","GMB",0.00375
"ccass","cmaiz","GNB",0.00375
"ccass","cmaiz","GSA",0.00375
"ccass","cmaiz","GTM",0.00375
"ccass","cmaiz","HND",0.00375
"ccass","cmaiz","HTI",0.00375
"ccass","cmaiz","HUN",0.00375
"ccass","cmaiz","IDN",0.00375
"ccass","cmaiz","IND",0.00375
"ccass","cmaiz","IRL",0.00375
"ccass","cmaiz","ISR",0.00375
"ccass","cmaiz","ITP",0.00375
"ccass","cmaiz","JAM",0.00375
"ccass","cmaiz","JPN",0.00375
"ccass","cmaiz","KEN",0.00375
"ccass","cmaiz","KHM",0.00375
"ccass","cmaiz","KOR",0.00375
"ccass","cmaiz","LAO",0.00375
"ccass","cmaiz","LBN",0.00375
"ccass","cmaiz","LKA",0.00375
"ccass","cmaiz","MDG",0.00375
"ccass","cmaiz","MEX",0.00375
"ccass","cmaiz","MLI",0.00375
"ccass","cmaiz","MMR",0.00375
"ccass","cmaiz","MOZ",0.00375
"ccass","cmaiz","MWI",0.00375
"ccass","cmaiz","MYS",0.00375
"ccass","cmaiz","NER",0.00375
"ccass","cmaiz","NGA",0.00375
"ccass","cmaiz","NIC",0.00375
"ccass","cmaiz","NOR",0.00375
"ccass","cmaiz","NZL",0.00375
"ccass","cmaiz","OIO",0.00375
"ccass","cmaiz","OPO",0.00375
"ccass","cmaiz","PAK",0.00375
"ccass","cmaiz","PAN",0.00375
"ccass","cmaiz","PER",0.00375
"ccass","cmaiz","PHL",0.00375
"ccass","cmaiz","PNG",0.00375
"ccass","cmaiz","POL",0.00375
"ccass","cmaiz","PRT",0.00375
"ccass","cmaiz","PRY",0.00375
"ccass","cmaiz","RAP",0.00375
"ccass","cmaiz","RUS",0.00375
"ccass","cmaiz","RWA",0.00375
"ccass","cmaiz","SEN",0.00375
"ccass","cmaiz","SLE",0.00375
"ccass","cmaiz","SLV",0.00375
"ccass","cmaiz","SOM",0.00375
"ccass","cmaiz","SPP",0.00375
"ccass","cmaiz","SWE",0.00375
"ccass","cmaiz","TCD",0.00375
"ccass","cmaiz","TGO",0.00375
"ccass","cmaiz","THA",0.00375
"ccass","cmaiz","TLS",0.00375
"ccass","cmaiz","TZA",0.00375
"ccass","cmaiz","UGA",0.00375
"ccass","cmaiz","UKP",0.00375
"ccass","cmaiz","URY",0.00375
"ccass","cmaiz","USA",0.00375
"ccass","cmaiz","VEN",0.00375
"ccass","cmaiz","VNM",0.00375
"ccass","cmaiz","ZAF",0.00375
"ccass","cmaiz","ZMB",0.00375
"ccass","cmaiz","ZWE",0.00375
"ccass","cmill","AGO",0.003
"ccass","cmill","AUS",0.003
"ccass","cmill","BDI",0.003
"ccass","cmill","BEN",0.003
"ccass","cmill","BFA",0.003
"ccass","cmill","BGD",0.003
"ccass","cmill","BLR",0.003
"ccass","cmill","CAF",0.003
"ccass","cmill","CHM",0.003
"ccass","cmill","CIV",0.003
"ccass","cmill","CMR",0.003
"ccass","cmill","COD",0.003
"ccass","cmill","COG",0.003
"ccass","cmill","GHA",0.003
"ccass","cmill","GIN",0.003
"ccass","cmill","GMB",0.003
"ccass","cmill","GNB",0.003
"ccass","cmill","IND",0.003
"ccass","cmill","KEN",0.003
"ccass","cmill","MLI",0.003
"ccass","cmill","MMR",0.003
"ccass","cmill","MOZ",0.003
"ccass","cmill","MWI",0.003
"ccass","cmill","NER",0.003
"ccass","cmill","NGA",0.003
"ccass","cmill","PAK",0.003
"ccass","cmill","POL",0.003
"ccass","cmill","RUS",0.003
"ccass","cmill","SEN",0.003
"ccass","cmill","SLE",0.003
"ccass","cmill","TCD",0.003
"ccass","cmill","TGO",0.003
"ccass","cmill","TZA",0.003
"ccass","cmill","UGA",0.003
"ccass","cmill","USA",0.003
"ccass","cmill","ZMB",0.003
"ccass","cmill","ZWE",0.003
"ccass","crice","AGO",0.003
"ccass","crice","ARG",0.003
"ccass","crice","AUS",0.003
"ccass","crice","AUT",0.003
"ccass","crice","BDI",0.003
"ccass","crice","BEN",0.003
"ccass","crice","BFA",0.003
"ccass","crice","BGD",0.003
"ccass","crice","BLX",0.003
"ccass","crice","BOL",0.003
"ccass","crice","BRA",0.003
"ccass","crice","CAF",0.003
"ccass","crice","CAN",0.003
"ccass","crice","CHL",0.003
"ccass","crice","CHM",0.003
"ccass","crice","CHP",0.003
"ccass","crice","CIV",0.003
"ccass","crice","CMR",0.003
"ccass","crice","COD",0.003
"ccass","crice","COG",0.003
"ccass","crice","COL",0.003
"ccass","crice","CRI",0.003
"ccass","crice","CUB",0.003
"ccass","crice","CZE",0.003
"ccass","crice","DEU",0.003
"ccass","crice","DOM",0.003
"ccass","crice","ECU",0.003
"ccass","crice","FJI",0.003
"ccass","crice","FRP",0.003
"ccass","crice","GHA",0.003
"ccass","crice","GIN",0.003
"ccass","crice","GMB",0.003
"ccass","crice","GNB",0.003
"ccass","crice","GSA",0.003
"ccass","crice","GTM",0.003
"ccass","crice","HND",0.003
"ccass","crice","HTI",0.003
"ccass","crice","HUN",0.003
"ccass","crice","IDN",0.003
"ccass","crice","IND",0.003
"ccass","crice","IRL",0.003
"ccass","crice","ITP",0.003
"ccass","crice","JAM",0.003
"ccass","crice","JPN",0.003
"ccass","crice","KEN",0.003
"ccass","crice","KHM",0.003
"ccass","crice","KOR",0.003
"ccass","crice","LAO",0.003
"ccass","crice","LBR",0.003
"ccass","crice","LKA",0.003
"ccass","crice","MDG",0.003
"ccass","crice","MEX",0.003
"ccass","crice","MLI",0.003
"ccass","crice","MMR",0.003
"ccass","crice","MOZ",0.003
"ccass","crice","MWI",0.003
"ccass","crice","MYS",0.003
"ccass","crice","NER",0.003
"ccass","crice","NGA",0.003
"ccass","crice","NIC",0.003
"ccass","crice","NZL",0.003
"ccass","crice","OIO",0.003
"ccass","crice","PAK",0.003
"ccass","crice","PAN",0.003
"ccass","crice","PER",0.003
"ccass","crice","PHL",0.003
"ccass","crice","POL",0.003
"ccass","crice","PRT",0.003
"ccass","crice","PRY",0.003
"ccass","crice","RAP",0.003
"ccass","crice","RUS",0.003
"ccass","crice","RWA",0.003
"ccass","crice","SEN",0.003
"ccass","crice","SLE",0.003
"ccass","crice","SLV",0.003
"ccass","crice","SPP",0.003
"ccass","crice","SWE",0.003
"ccass","crice","TCD",0.003
"ccass","crice","TGO",0.003
"ccass","crice","THA",0.003
"ccass","crice","TLS",0.003
"ccass","crice","TZA",0.003
"ccass","crice","UGA",0.003
"ccass","crice","UKP",0.003
"ccass","crice","URY",0.003
"ccass","crice","USA",0.003
"ccass","crice","VEN",0.003
"ccass","crice","VNM",0.003
"ccass","crice","ZAF",0.003
"ccass","crice","ZMB",0.003
"ccass","crice","ZWE",0.003
"ccass","csorg","AGO",0.003
"ccass","csorg","ARG",0.003
"ccass","csorg","AUS",0.003
"ccass","csorg","AUT",0.003
"ccass","csorg","BDI",0.003
"ccass","csorg","BEN",0.003
"ccass","csorg","BFA",0.003
"ccass","csorg","BOL",0.003
"ccass","csorg","BRA",0.003
"ccass","csorg","CAF",0.003
"ccass","csorg","CHM",0.003
"ccass","csorg","CIV",0.003
"ccass","csorg","CMR",0.003
"ccass","csorg","CUB",0.003
"ccass","csorg","ECU",0.003
"ccass","csorg","FRP",0.003
"ccass","csorg","GHA",0.003
"ccass","csorg","GIN",0.003
"ccass","csorg","GMB",0.003
"ccass","csorg","GNB",0.003
"ccass","csorg","GTM",0.003
"ccass","csorg","HND",0.003
"ccass","csorg","HTI",0.003
"ccass","csorg","HUN",0.003
"ccass","csorg","IND",0.003
"ccass","csorg","ISR",0.003
"ccass","csorg","ITP",0.003
"ccass","csorg","KEN",0.003
"ccass","csorg","MEX",0.003
"ccass","csorg","MLI",0.003
"ccass","csorg","MMR",0.003
"ccass","csorg","MOZ",0.003
"ccass","csorg","MWI",0.003
"ccass","csorg","NER",0.003
"ccass","csorg","NGA",0.003
"ccass","csorg","NIC",0.003
"ccass","csorg","PAK",0.003
"ccass","csorg","PNG",0.003
"ccass","csorg","POL",0.003
"ccass","csorg","PRY",0.003
"ccass","csorg","RAP",0.003
"ccass","csorg","RUS",0.003
"ccass","csorg","RWA",0.003
"ccass","csorg","SEN",0.003
"ccass","csorg","SLE",0.003
"ccass","csorg","SLV",0.003
"ccass","csorg","SOM",0.003
"ccass","csorg","SPP",0.003
"ccass","csorg","TCD",0.003
"ccass","csorg","TGO",0.003
"ccass","csorg","THA",0.003
"ccass","csorg","TZA",0.003
"ccass","csorg","UGA",0.003
"ccass","csorg","URY",0.003
"ccass","csorg","USA",0.003
"ccass","csorg","VEN",0.003
"ccass","csorg","ZAF",0.003
"ccass","csorg","ZMB",0.003
"ccass","csorg","ZWE",0.003
"ccass","cwhea","AGO",0.003
"ccass","cwhea","ARG",0.003
"ccass","cwhea","AUS",0.003
"ccass","cwhea","AUT",0.003
"ccass","cwhea","BDI",0.003
"ccass","cwhea","BEN",0.003
"ccass","cwhea","BFA",0.003
"ccass","cwhea","BGD",0.003
"ccass","cwhea","BLR",0.003
"ccass","cwhea","BLX",0.003
"ccass","cwhea","BOL",0.003
"ccass","cwhea","BRA",0.003
"ccass","cwhea","CAN",0.003
"ccass","cwhea","CHL",0.003
"ccass","cwhea","CHM",0.003
"ccass","cwhea","CHP",0.003
"ccass","cwhea","CIV",0.003
"ccass","cwhea","CMR",0.003
"ccass","cwhea","COD",0.003
"ccass","cwhea","COL",0.003
"ccass","cwhea","CRI",0.003
"ccass","cwhea","CUB",0.003
"ccass","cwhea","CZE",0.003
"ccass","cwhea","DEU",0.003
"ccass","cwhea","DOM",0.003
"ccass","cwhea","ECU",0.003
"ccass","cwhea","FRP",0.003
"ccass","cwhea","GAB",0.003
"ccass","cwhea","GHA",0.003
"ccass","cwhea","GSA",0.003
"ccass","cwhea","GTM",0.003
"ccass","cwhea","HUN",0.003
"ccass","cwhea","IDN",0.003
"ccass","cwhea","IND",0.003
"ccass","cwhea","IRL",0.003
"ccass","cwhea","ISR",0.003
"ccass","cwhea","ITP",0.003
"ccass","cwhea","JPN",0.003
"ccass","cwhea","KEN",0.003
"ccass","cwhea","KOR",0.003
"ccass","cwhea","LBN",0.003
"ccass","cwhea","LKA",0.003
"ccass","cwhea","MDG",0.003
"ccass","cwhea","MEX",0.003
"ccass","cwhea","MLI",0.003
"ccass","cwhea","MMR",0.003
"ccass","cwhea","MOZ",0.003
"ccass","cwhea","MWI",0.003
"ccass","cwhea","MYS",0.003
"ccass","cwhea","NGA",0.003
"ccass","cwhea","NIC",0.003
"ccass","cwhea","NOR",0.003
"ccass","cwhea","NZL",0.003
"ccass","cwhea","OPO",0.003
"ccass","cwhea","PAK",0.003
"ccass","cwhea","PAN",0.003
"ccass","cwhea","PER",0.003
"ccass","cwhea","PHL",0.003
"ccass","cwhea","POL",0.003
"ccass","cwhea","PRT",0.003
"ccass","cwhea","PRY",0.003
"ccass","cwhea","RAP",0.003
"ccass","cwhea","RUS",0.003
"ccass","cwhea","RWA",0.003
"ccass","cwhea","SEN",0.003
"ccass","cwhea","SLE",0.003
"ccass","cwhea","SLV",0.003
"ccass","cwhea","SOM",0.003
"ccass","cwhea","SPP",0.003
"ccass","cwhea","SWE",0.003
"ccass","cwhea","THA",0.003
"ccass","cwhea","TZA",0.003
"ccass","cwhea","UGA",0.003
"ccass","cwhea","UKP",0.003
"ccass","cwhea","URY",0.003
"ccass","cwhea","USA",0.003
"ccass","cwhea","VEN",0.003
"ccass","cwhea","VNM",0.003
"ccass","cwhea","ZAF",0.003
"ccass","cwhea","ZMB",0.003
"ccass","cwhea","ZWE",0.003
"ccass","cocer","ARG",0.003
"ccass","cocer","AUS",0.003
"ccass","cocer","AUT",0.003
"ccass","cocer","BDI",0.003
"ccass","cocer","BFA",0.003
"ccass","cocer","BGD",0.003
"ccass","cocer","BLR",0.003
"ccass","cocer","BLX",0.003
"ccass","cocer","BOL",0.003
"ccass","cocer","BRA",0.003
"ccass","cocer","CAN",0.003
"ccass","cocer","CHL",0.003
"ccass","cocer","CHM",0.003
"ccass","cocer","CHP",0.003
"ccass","cocer","CIV",0.003
"ccass","cocer","CZE",0.003
"ccass","cocer","DEU",0.003
"ccass","cocer","ECU",0.003
"ccass","cocer","FRP",0.003
"ccass","cocer","GIN",0.003
"ccass","cocer","HUN",0.003
"ccass","cocer","IRL",0.003
"ccass","cocer","ITP",0.003
"ccass","cocer","JPN",0.003
"ccass","cocer","KOR",0.003
"ccass","cocer","MEX",0.003
"ccass","cocer","MLI",0.003
"ccass","cocer","MMR",0.003
"ccass","cocer","NER",0.003
"ccass","cocer","NGA",0.003
"ccass","cocer","NOR",0.003
"ccass","cocer","NZL",0.003
"ccass","cocer","PER",0.003
"ccass","cocer","POL",0.003
"ccass","cocer","PRT",0.003
"ccass","cocer","RUS",0.003
"ccass","cocer","SLE",0.003
"ccass","cocer","SPP",0.003
"ccass","cocer","SWE",0.003
"ccass","cocer","TCD",0.003
"ccass","cocer","TGO",0.003
"ccass","cocer","THA",0.003
"ccass","cocer","TZA",0.003
"ccass","cocer","UKP",0.003
"ccass","cocer","URY",0.003
"ccass","cocer","USA",0.003
"ccass","cocer","ZAF",0.003
"ccass","ccass","AGO",-0.367182915904779
"ccass","ccass","ARG",-0.175
"ccass","ccass","AUS",-0.0799999999990414
"ccass","ccass","AUT",-0.19
"ccass","ccass","BDI",-0.37
"ccass","ccass","BEN",-0.323450746518347
"ccass","ccass","BFA",-0.354685113525975
"ccass","ccass","BGD",-0.14
"ccass","ccass","BLR",-0.0638244432525398
"ccass","ccass","BLX",-0.189999999999999
"ccass","ccass","BOL",-0.129129640923634
"ccass","ccass","BRA",-0.119644302066403
"ccass","ccass","CAF",-0.325
"ccass","ccass","CAN",-0.108539833394002
"ccass","ccass","CHL",-0.124185894864879
"ccass","ccass","CHM",-0.189715128053039
"ccass","ccass","CHP",-0.19
"ccass","ccass","CIV",-0.325
"ccass","ccass","CMR",-0.322791202521606
"ccass","ccass","COD",-0.323271060877964
"ccass","ccass","COG",-0.321961061405142
"ccass","ccass","COL",-0.15
"ccass","ccass","CRI",-0.127135356389668
"ccass","ccass","CUB",-0.127135356389668
"ccass","ccass","CZE",-0.104700092759449
"ccass","ccass","DEU",-0.189237355914768
"ccass","ccass","DOM",-0.127135356389668
"ccass","ccass","ECU",-0.122845959069475
"ccass","ccass","FJI",-0.13
"ccass","ccass","FRP",-0.188716923172369
"ccass","ccass","GAB",-0.325
"ccass","ccass","GHA",-0.317079726436282
"ccass","ccass","GIN",-0.320826787441896
"ccass","ccass","GMB",-0.322644550373377
"ccass","ccass","GNB",-0.325
"ccass","ccass","GSA",-0.13
"ccass","ccass","GTM",-0.127135356389668
"ccass","ccass","HND",-0.127135356389668
"ccass","ccass","HTI",-0.127135356389668
"ccass","ccass","HUN",-0.104700092759449
"ccass","ccass","IDN",-0.219348140875041
"ccass","ccass","IND",-0.219334729934366
"ccass","ccass","IRL",-0.185973319946234
"ccass","ccass","ISR",-0.109983580909396
"ccass","ccass","ITP",-0.189723063110517
"ccass","ccass","JAM",-0.13
"ccass","ccass","JPN",-0.0588709038232155
"ccass","ccass","KEN",-0.367925846089915
"ccass","ccass","KHM",-0.15
"ccass","ccass","KOR",-0.174999999999999
"ccass","ccass","LAO",-0.15
"ccass","ccass","LBN",-0.20728136420553
"ccass","ccass","LBR",-0.325
"ccass","ccass","LKA",-0.198527153523847
"ccass","ccass","MDG",-0.38
"ccass","ccass","MEX",-0.158379042390661
"ccass","ccass","MLI",-0.349943117714442
"ccass","ccass","MMR",-0.125
"ccass","ccass","MOZ",-0.354402101374193
"ccass","ccass","MWI",-0.379949515054046
"ccass","ccass","MYS",-0.15
"ccass","ccass","NER",-0.359041952482857
"ccass","ccass","NGA",-0.360377528813621
"ccass","ccass","NIC",-0.127135356389668
"ccass","ccass","NOR",-0.187730768263794
"ccass","ccass","NZL",-0.109530709633426
"ccass","ccass","OIO",-0.13
"ccass","ccass","OPO",-0.13
"ccass","ccass","PAK",-0.155
"ccass","ccass","PAN",-0.127135356389668
"ccass","ccass","PER",-0.124739544325399
"ccass","ccass","PHL",-0.185
"ccass","ccass","PNG",-0.13
"ccass","ccass","POL",-0.109999999999998
"ccass","ccass","PRT",-0.19
"ccass","ccass","PRY",-0.129129640923634
"ccass","ccass","RAP",-0.207299494620934
"ccass","ccass","RUS",-0.0699999999999952
"ccass","ccass","RWA",-0.362296348361636
"ccass","ccass","SEN",-0.32499999999999
"ccass","ccass","SLE",-0.313092716380096
"ccass","ccass","SLV",-0.127135356389668
"ccass","ccass","SOM",-0.36
"ccass","ccass","SPP",-0.19
"ccass","ccass","SWE",-0.187730768263794
"ccass","ccass","TCD",-0.327868850149685
"ccass","ccass","TGO",-0.325
"ccass","ccass","THA",-0.155
"ccass","ccass","TLS",-0.13
"ccass","ccass","TZA",-0.358518611291636
"ccass","ccass","UGA",-0.364711324939398
"ccass","ccass","UKP",-0.185973319946234
"ccass","ccass","URY",-0.128515444965454
"ccass","ccass","USA",-0.127851743702346
"ccass","ccass","VEN",-0.13
"ccass","ccass","VNM",-0.165
"ccass","ccass","ZAF",-0.11
"ccass","ccass","ZMB",-0.38
"ccass","ccass","ZWE",-0.38
"ccass","cpota","AGO",0.003
"ccass","cpota","ARG",0.003
"ccass","cpota","AUS",0.003
"ccass","cpota","AUT",0.003
"ccass","cpota","BDI",0.003
"ccass","cpota","BFA",0.003
"ccass","cpota","BGD",0.003
"ccass","cpota","BLR",0.003
"ccass","cpota","BLX",0.003
"ccass","cpota","BOL",0.003
"ccass","cpota","BRA",0.003
"ccass","cpota","CAF",0.003
"ccass","cpota","CAN",0.003
"ccass","cpota","CHL",0.003
"ccass","cpota","CHM",0.003
"ccass","cpota","CHP",0.003
"ccass","cpota","CIV",0.003
"ccass","cpota","CMR",0.003
"ccass","cpota","COD",0.003
"ccass","cpota","COG",0.003
"ccass","cpota","COL",0.003
"ccass","cpota","CRI",0.003
"ccass","cpota","CUB",0.003
"ccass","cpota","CZE",0.003
"ccass","cpota","DEU",0.003
"ccass","cpota","DOM",0.003
"ccass","cpota","ECU",0.003
"ccass","cpota","FRP",0.003
"ccass","cpota","GIN",0.003
"ccass","cpota","GSA",0.003
"ccass","cpota","GTM",0.003
"ccass","cpota","HND",0.003
"ccass","cpota","HTI",0.003
"ccass","cpota","HUN",0.003
"ccass","cpota","IDN",0.003
"ccass","cpota","IND",0.003
"ccass","cpota","IRL",0.003
"ccass","cpota","ISR",0.003
"ccass","cpota","ITP",0.003
"ccass","cpota","JAM",0.003
"ccass","cpota","JPN",0.003
"ccass","cpota","KEN",0.003
"ccass","cpota","KHM",0.003
"ccass","cpota","KOR",0.003
"ccass","cpota","LBN",0.003
"ccass","cpota","LKA",0.003
"ccass","cpota","MDG",0.003
"ccass","cpota","MEX",0.003
"ccass","cpota","MLI",0.003
"ccass","cpota","MMR",0.003
"ccass","cpota","MOZ",0.003
"ccass","cpota","MWI",0.003
"ccass","cpota","MYS",0.003
"ccass","cpota","NER",0.003
"ccass","cpota","NGA",0.003
"ccass","cpota","NIC",0.003
"ccass","cpota","NOR",0.003
"ccass","cpota","NZL",0.003
"ccass","cpota","OIO",0.003
"ccass","cpota","PAK",0.003
"ccass","cpota","PAN",0.003
"ccass","cpota","PER",0.003
"ccass","cpota","PHL",0.003
"ccass","cpota","POL",0.003
"ccass","cpota","PRT",0.003
"ccass","cpota","PRY",0.003
"ccass","cpota","RAP",0.003
"ccass","cpota","RUS",0.003
"ccass","cpota","RWA",0.003
"ccass","cpota","SEN",0.003
"ccass","cpota","SLV",0.003
"ccass","cpota","SOM",0.003
"ccass","cpota","SPP",0.003
"ccass","cpota","SWE",0.003
"ccass","cpota","TCD",0.003
"ccass","cpota","THA",0.003
"ccass","cpota","TZA",0.003
"ccass","cpota","UGA",0.003
"ccass","cpota","UKP",0.003
"ccass","cpota","URY",0.003
"ccass","cpota","USA",0.003
"ccass","cpota","VEN",0.003
"ccass","cpota","VNM",0.003
"ccass","cpota","ZAF",0.003
"ccass","cpota","ZMB",0.003
"ccass","cpota","ZWE",0.003
"ccass","cswpt","AGO",0.003
"ccass","cswpt","ARG",0.003
"ccass","cswpt","AUS",0.003
"ccass","cswpt","BDI",0.003
"ccass","cswpt","BEN",0.003
"ccass","cswpt","BFA",0.003
"ccass","cswpt","BGD",0.003
"ccass","cswpt","BOL",0.003
"ccass","cswpt","BRA",0.003
"ccass","cswpt","CAN",0.003
"ccass","cswpt","CHL",0.003
"ccass","cswpt","CHM",0.003
"ccass","cswpt","CIV",0.003
"ccass","cswpt","CMR",0.003
"ccass","cswpt","COD",0.003
"ccass","cswpt","COG",0.003
"ccass","cswpt","CUB",0.003
"ccass","cswpt","DOM",0.003
"ccass","cswpt","FJI",0.003
"ccass","cswpt","GHA",0.003
"ccass","cswpt","GIN",0.003
"ccass","cswpt","GSA",0.003
"ccass","cswpt","HND",0.003
"ccass","cswpt","HTI",0.003
"ccass","cswpt","IDN",0.003
"ccass","cswpt","IND",0.003
"ccass","cswpt","ISR",0.003
"ccass","cswpt","JAM",0.003
"ccass","cswpt","JPN",0.003
"ccass","cswpt","KEN",0.003
"ccass","cswpt","KHM",0.003
"ccass","cswpt","KOR",0.003
"ccass","cswpt","LAO",0.003
"ccass","cswpt","LBR",0.003
"ccass","cswpt","LKA",0.003
"ccass","cswpt","MDG",0.003
"ccass","cswpt","MEX",0.003
"ccass","cswpt","MLI",0.003
"ccass","cswpt","MMR",0.003
"ccass","cswpt","MOZ",0.003
"ccass","cswpt","MWI",0.003
"ccass","cswpt","MYS",0.003
"ccass","cswpt","NER",0.003
"ccass","cswpt","NGA",0.003
"ccass","cswpt","NZL",0.003
"ccass","cswpt","OIO",0.003
"ccass","cswpt","PAK",0.003
"ccass","cswpt","PER",0.003
"ccass","cswpt","PHL",0.003
"ccass","cswpt","PNG",0.003
"ccass","cswpt","PRY",0.003
"ccass","cswpt","RWA",0.003
"ccass","cswpt","SEN",0.003
"ccass","cswpt","SLE",0.003
"ccass","cswpt","SOM",0.003
"ccass","cswpt","SPP",0.003
"ccass","cswpt","TCD",0.003
"ccass","cswpt","TGO",0.003
"ccass","cswpt","THA",0.003
"ccass","cswpt","TZA",0.003
"ccass","cswpt","UGA",0.003
"ccass","cswpt","URY",0.003
"ccass","cswpt","USA",0.003
"ccass","cswpt","VEN",0.003
"ccass","cswpt","VNM",0.003
"ccass","cswpt","ZAF",0.003
"ccass","cswpt","ZMB",0.003
"ccass","cswpt","ZWE",0.003
"ccass","cyams","BEN",0.003
"ccass","cyams","BFA",0.003
"ccass","cyams","BRA",0.003
"ccass","cyams","CAF",0.003
"ccass","cyams","CIV",0.003
"ccass","cyams","CMR",0.003
"ccass","cyams","COD",0.003
"ccass","cyams","COG",0.003
"ccass","cyams","COL",0.003
"ccass","cyams","CRI",0.003
"ccass","cyams","CUB",0.003
"ccass","cyams","DOM",0.003
"ccass","cyams","GAB",0.003
"ccass","cyams","GHA",0.003
"ccass","cyams","GIN",0.003
"ccass","cyams","HTI",0.003
"ccass","cyams","JAM",0.003
"ccass","cyams","JPN",0.003
"ccass","cyams","KEN",0.003
"ccass","cyams","LBR",0.003
"ccass","cyams","MLI",0.003
"ccass","cyams","MYS",0.003
"ccass","cyams","NGA",0.003
"ccass","cyams","OIO",0.003
"ccass","cyams","PAN",0.003
"ccass","cyams","PNG",0.003
"ccass","cyams","RAP",0.003
"ccass","cyams","RWA",0.003
"ccass","cyams","SEN",0.003
"ccass","cyams","TCD",0.003
"ccass","cyams","TGO",0.003
"ccass","cyams","TZA",0.003
"ccass","cyams","VEN",0.003
"ccass","corat","BDI",0.003
"ccass","corat","BOL",0.003
"ccass","corat","CAF",0.003
"ccass","corat","CHM",0.003
"ccass","corat","CIV",0.003
"ccass","corat","CMR",0.003
"ccass","corat","COD",0.003
"ccass","corat","COG",0.003
"ccass","corat","COL",0.003
"ccass","corat","CRI",0.003
"ccass","corat","CUB",0.003
"ccass","corat","DOM",0.003
"ccass","corat","ECU",0.003
"ccass","corat","FJI",0.003
"ccass","corat","GAB",0.003
"ccass","corat","GHA",0.003
"ccass","corat","GIN",0.003
"ccass","corat","GNB",0.003
"ccass","corat","GSA",0.003
"ccass","corat","HND",0.003
"ccass","corat","HTI",0.003
"ccass","corat","IDN",0.003
"ccass","corat","JAM",0.003
"ccass","corat","JPN",0.003
"ccass","corat","KEN",0.003
"ccass","corat","KHM",0.003
"ccass","corat","LAO",0.003
"ccass","corat","LBR",0.003
"ccass","corat","MDG",0.003
"ccass","corat","MEX",0.003
"ccass","corat","MOZ",0.003
"ccass","corat","MYS",0.003
"ccass","corat","NGA",0.003
"ccass","corat","NIC",0.003
"ccass","corat","OIO",0.003
"ccass","corat","OPO",0.003
"ccass","corat","PAK",0.003
"ccass","corat","PAN",0.003
"ccass","corat","PER",0.003
"ccass","corat","PHL",0.003
"ccass","corat","PNG",0.003
"ccass","corat","RWA",0.003
"ccass","corat","SLV",0.003
"ccass","corat","TCD",0.003
"ccass","corat","TGO",0.003
"ccass","corat","THA",0.003
"ccass","corat","TLS",0.003
"ccass","corat","USA",0.003
"ccass","corat","VEN",0.003
"ccass","cplnt","BGD",0.003
"ccass","cplnt","BOL",0.003
"ccass","cplnt","CAF",0.003
"ccass","cplnt","CIV",0.003
"ccass","cplnt","CMR",0.003
"ccass","cplnt","COD",0.003
"ccass","cplnt","COG",0.003
"ccass","cplnt","COL",0.003
"ccass","cplnt","CRI",0.003
"ccass","cplnt","CUB",0.003
"ccass","cplnt","DOM",0.003
"ccass","cplnt","ECU",0.003
"ccass","cplnt","FJI",0.003
"ccass","cplnt","GAB",0.003
"ccass","cplnt","GHA",0.003
"ccass","cplnt","GIN",0.003
"ccass","cplnt","GNB",0.003
"ccass","cplnt","GSA",0.003
"ccass","cplnt","GTM",0.003
"ccass","cplnt","HND",0.003
"ccass","cplnt","HTI",0.003
"ccass","cplnt","JAM",0.003
"ccass","cplnt","KEN",0.003
"ccass","cplnt","LBR",0.003
"ccass","cplnt","LKA",0.003
"ccass","cplnt","MMR",0.003
"ccass","cplnt","MWI",0.003
"ccass","cplnt","NGA",0.003
"ccass","cplnt","NIC",0.003
"ccass","cplnt","PAN",0.003
"ccass","cplnt","PHL",0.003
"ccass","cplnt","RAP",0.003
"ccass","cplnt","RWA",0.003
"ccass","cplnt","SLE",0.003
"ccass","cplnt","SLV",0.003
"ccass","cplnt","SPP",0.003
"ccass","cplnt","TZA",0.003
"ccass","cplnt","UGA",0.003
"ccass","cplnt","VEN",0.003
"ccass","csugr","AGO",0.003
"ccass","csugr","ARG",0.003
"ccass","csugr","AUS",0.003
"ccass","csugr","AUT",0.003
"ccass","csugr","BGD",0.003
"ccass","csugr","BLR",0.003
"ccass","csugr","BLX",0.003
"ccass","csugr","BOL",0.003
"ccass","csugr","BRA",0.003
"ccass","csugr","CHM",0.003
"ccass","csugr","CMR",0.003
"ccass","csugr","COL",0.003
"ccass","csugr","CRI",0.003
"ccass","csugr","CZE",0.003
"ccass","csugr","DEU",0.003
"ccass","csugr","ECU",0.003
"ccass","csugr","FJI",0.003
"ccass","csugr","FRP",0.003
"ccass","csugr","GMB",0.003
"ccass","csugr","GSA",0.003
"ccass","csugr","GTM",0.003
"ccass","csugr","HND",0.003
"ccass","csugr","HUN",0.003
"ccass","csugr","IDN",0.003
"ccass","csugr","IND",0.003
"ccass","csugr","ISR",0.003
"ccass","csugr","ITP",0.003
"ccass","csugr","KEN",0.003
"ccass","csugr","KHM",0.003
"ccass","csugr","KOR",0.003
"ccass","csugr","LAO",0.003
"ccass","csugr","LBN",0.003
"ccass","csugr","LKA",0.003
"ccass","csugr","MEX",0.003
"ccass","csugr","MYS",0.003
"ccass","csugr","NIC",0.003
"ccass","csugr","NZL",0.003
"ccass","csugr","OIO",0.003
"ccass","csugr","OPO",0.003
"ccass","csugr","PAK",0.003
"ccass","csugr","PAN",0.003
"ccass","csugr","PER",0.003
"ccass","csugr","POL",0.003
"ccass","csugr","PRY",0.003
"ccass","csugr","RAP",0.003
"ccass","csugr","RUS",0.003
"ccass","csugr","RWA",0.003
"ccass","csugr","SLV",0.003
"ccass","csugr","SPP",0.003
"ccass","csugr","SWE",0.003
"ccass","csugr","TGO",0.003
"ccass","csugr","THA",0.003
"ccass","csugr","TZA",0.003
"ccass","csugr","UGA",0.003
"ccass","csugr","URY",0.003
"ccass","csugr","USA",0.003
"ccass","csugr","VEN",0.003
"ccass","csugr","VNM",0.003
"ccass","csugr","ZAF",0.003
"ccass","csugr","ZMB",0.003
"ccass","csugr","ZWE",0.003
"cpota","cbarl","AFG",0.003
"cpota","cbarl","AGO",0.003
"cpota","cbarl","ALB",0.003
"cpota","cbarl","ARG",0.003
"cpota","cbarl","ARM",0.003
"cpota","cbarl","AUS",0.003
"cpota","cbarl","AUT",0.003
"cpota","cbarl","AZE",0.003
"cpota","cbarl","BDI",0.003
"cpota","cbarl","BFA",0.003
"cpota","cbarl","BGD",0.003
"cpota","cbarl","BGR",0.003
"cpota","cbarl","BLR",0.003
"cpota","cbarl","BLT",0.003
"cpota","cbarl","BLX",0.003
"cpota","cbarl","BOL",0.003
"cpota","cbarl","BRA",0.003
"cpota","cbarl","BWA",0.003
"cpota","cbarl","CAF",0.003
"cpota","cbarl","CAN",0.003
"cpota","cbarl","CHL",0.003
"cpota","cbarl","CHM",0.003
"cpota","cbarl","CHP",0.003
"cpota","cbarl","CIV",0.003
"cpota","cbarl","CMR",0.003
"cpota","cbarl","COD",0.003
"cpota","cbarl","COG",0.003
"cpota","cbarl","COL",0.003
"cpota","cbarl","CRB",0.003
"cpota","cbarl","CRI",0.003
"cpota","cbarl","CUB",0.003
"cpota","cbarl","CYP",0.003
"cpota","cbarl","CZE",0.003
"cpota","cbarl","DEU",0.003
"cpota","cbarl","DNK",0.003
"cpota","cbarl","DOM",0.003
"cpota","cbarl","DZA",0.003
"cpota","cbarl","ECU",0.003
"cpota","cbarl","EGY",0.003
"cpota","cbarl","ETH",0.003
"cpota","cbarl","FNP",0.003
"cpota","cbarl","FRP",0.003
"cpota","cbarl","GEO",0.003
"cpota","cbarl","GIN",0.003
"cpota","cbarl","GRC",0.003
"cpota","cbarl","GSA",0.003
"cpota","cbarl","GTM",0.003
"cpota","cbarl","HND",0.003
"cpota","cbarl","HRV",0.003
"cpota","cbarl","HTI",0.003
"cpota","cbarl","HUN",0.003
"cpota","cbarl","IDN",0.003
"cpota","cbarl","IND",0.003
"cpota","cbarl","IRL",0.003
"cpota","cbarl","IRN",0.003
"cpota","cbarl","IRQ",0.003
"cpota","cbarl","ISL",0.003
"cpota","cbarl","ISR",0.003
"cpota","cbarl","ITP",0.003
"cpota","cbarl","JAM",0.003
"cpota","cbarl","JOR",0.003
"cpota","cbarl","JPN",0.003
"cpota","cbarl","KAZ",0.003
"cpota","cbarl","KEN",0.003
"cpota","cbarl","KGZ",0.003
"cpota","cbarl","KHM",0.003
"cpota","cbarl","KOR",0.003
"cpota","cbarl","LBN",0.003
"cpota","cbarl","LBY",0.003
"cpota","cbarl","LKA",0.003
"cpota","cbarl","LSO",0.003
"cpota","cbarl","MDA",0.003
"cpota","cbarl","MDG",0.003
"cpota","cbarl","MEX",0.003
"cpota","cbarl","MLI",0.003
"cpota","cbarl","MMR",0.003
"cpota","cbarl","MNG",0.003
"cpota","cbarl","MOR",0.003
"cpota","cbarl","MOZ",0.003
"cpota","cbarl","MWI",0.003
"cpota","cbarl","MYS",0.003
"cpota","cbarl","NAM",0.003
"cpota","cbarl","NER",0.003
"cpota","cbarl","NGA",0.003
"cpota","cbarl","NIC",0.003
"cpota","cbarl","NLD",0.003
"cpota","cbarl","NOR",0.003
"cpota","cbarl","NPL",0.003
"cpota","cbarl","NZL",0.003
"cpota","cbarl","OBN",0.003
"cpota","cbarl","OIO",0.003
"cpota","cbarl","PAK",0.003
"cpota","cbarl","PAN",0.003
"cpota","cbarl","PER",0.003
"cpota","cbarl","PHL",0.003
"cpota","cbarl","POL",0.003
"cpota","cbarl","PRT",0.003
"cpota","cbarl","PRY",0.003
"cpota","cbarl","RAP",0.003
"cpota","cbarl","ROU",0.003
"cpota","cbarl","RUS",0.003
"cpota","cbarl","RWA",0.003
"cpota","cbarl","SAU",0.003
"cpota","cbarl","SEN",0.003
"cpota","cbarl","SLV",0.003
"cpota","cbarl","SPP",0.003
"cpota","cbarl","SVK",0.003
"cpota","cbarl","SVN",0.003
"cpota","cbarl","SWE",0.003
"cpota","cbarl","SWZ",0.003
"cpota","cbarl","SYR",0.003
"cpota","cbarl","TCD",0.003
"cpota","cbarl","THA",0.003
"cpota","cbarl","TJK",0.003
"cpota","cbarl","TKM",0.003
"cpota","cbarl","TUN",0.003
"cpota","cbarl","TUR",0.003
"cpota","cbarl","TZA",0.003
"cpota","cbarl","UGA",0.003
"cpota","cbarl","UKP",0.003
"cpota","cbarl","UKR",0.003
"cpota","cbarl","URY",0.003
"cpota","cbarl","USA",0.003
"cpota","cbarl","UZB",0.003
"cpota","cbarl","VEN",0.003
"cpota","cbarl","VNM",0.003
"cpota","cbarl","YEM",0.003
"cpota","cbarl","ZAF",0.003
"cpota","cbarl","ZMB",0.003
"cpota","cbarl","ZWE",0.003
"cpota","cmaiz","AFG",0.00375
"cpota","cmaiz","AGO",0.00375
"cpota","cmaiz","ALB",0.00375
"cpota","cmaiz","ARG",0.00375
"cpota","cmaiz","ARM",0.00375
"cpota","cmaiz","AUS",0.00375
"cpota","cmaiz","AUT",0.00375
"cpota","cmaiz","AZE",0.00375
"cpota","cmaiz","BDI",0.00375
"cpota","cmaiz","BFA",0.00375
"cpota","cmaiz","BGD",0.00375
"cpota","cmaiz","BGR",0.00375
"cpota","cmaiz","BLR",0.00375
"cpota","cmaiz","BLT",0.00375
"cpota","cmaiz","BLX",0.00375
"cpota","cmaiz","BOL",0.00375
"cpota","cmaiz","BRA",0.00375
"cpota","cmaiz","BTN",0.00375
"cpota","cmaiz","BWA",0.00375
"cpota","cmaiz","CAF",0.00375
"cpota","cmaiz","CAN",0.00375
"cpota","cmaiz","CHL",0.00375
"cpota","cmaiz","CHM",0.00375
"cpota","cmaiz","CHP",0.00375
"cpota","cmaiz","CIV",0.00375
"cpota","cmaiz","CMR",0.00375
"cpota","cmaiz","COD",0.00375
"cpota","cmaiz","COG",0.00375
"cpota","cmaiz","COL",0.00375
"cpota","cmaiz","CRB",0.00375
"cpota","cmaiz","CRI",0.00375
"cpota","cmaiz","CUB",0.00375
"cpota","cmaiz","CYP",0.00375
"cpota","cmaiz","CZE",0.00375
"cpota","cmaiz","DEU",0.00375
"cpota","cmaiz","DNK",0.00375
"cpota","cmaiz","DOM",0.00375
"cpota","cmaiz","DZA",0.00375
"cpota","cmaiz","ECU",0.00375
"cpota","cmaiz","EGY",0.00375
"cpota","cmaiz","ETH",0.00375
"cpota","cmaiz","FNP",0.00375
"cpota","cmaiz","FRP",0.00375
"cpota","cmaiz","GEO",0.00375
"cpota","cmaiz","GIN",0.00375
"cpota","cmaiz","GRC",0.00375
"cpota","cmaiz","GSA",0.00375
"cpota","cmaiz","GTM",0.00375
"cpota","cmaiz","HND",0.00375
"cpota","cmaiz","HRV",0.00375
"cpota","cmaiz","HTI",0.00375
"cpota","cmaiz","HUN",0.00375
"cpota","cmaiz","IDN",0.00375
"cpota","cmaiz","IND",0.00375
"cpota","cmaiz","IRL",0.00375
"cpota","cmaiz","IRN",0.00375
"cpota","cmaiz","IRQ",0.00375
"cpota","cmaiz","ISL",0.00375
"cpota","cmaiz","ISR",0.00375
"cpota","cmaiz","ITP",0.00375
"cpota","cmaiz","JAM",0.00375
"cpota","cmaiz","JOR",0.00375
"cpota","cmaiz","JPN",0.00375
"cpota","cmaiz","KAZ",0.00375
"cpota","cmaiz","KEN",0.00375
"cpota","cmaiz","KGZ",0.00375
"cpota","cmaiz","KHM",0.00375
"cpota","cmaiz","KOR",0.00375
"cpota","cmaiz","LBN",0.00375
"cpota","cmaiz","LBY",0.00375
"cpota","cmaiz","LKA",0.00375
"cpota","cmaiz","LSO",0.00375
"cpota","cmaiz","MDA",0.00375
"cpota","cmaiz","MDG",0.00375
"cpota","cmaiz","MEX",0.00375
"cpota","cmaiz","MLI",0.00375
"cpota","cmaiz","MMR",0.00375
"cpota","cmaiz","MOR",0.00375
"cpota","cmaiz","MOZ",0.00375
"cpota","cmaiz","MRT",0.00375
"cpota","cmaiz","MWI",0.00375
"cpota","cmaiz","MYS",0.00375
"cpota","cmaiz","NAM",0.00375
"cpota","cmaiz","NER",0.00375
"cpota","cmaiz","NGA",0.00375
"cpota","cmaiz","NIC",0.00375
"cpota","cmaiz","NLD",0.00375
"cpota","cmaiz","NOR",0.00375
"cpota","cmaiz","NPL",0.00375
"cpota","cmaiz","NZL",0.00375
"cpota","cmaiz","OBN",0.00375
"cpota","cmaiz","OIO",0.00375
"cpota","cmaiz","PAK",0.00375
"cpota","cmaiz","PAN",0.00375
"cpota","cmaiz","PER",0.00375
"cpota","cmaiz","PHL",0.00375
"cpota","cmaiz","POL",0.00375
"cpota","cmaiz","PRT",0.00375
"cpota","cmaiz","PRY",0.00375
"cpota","cmaiz","RAP",0.00375
"cpota","cmaiz","ROU",0.00375
"cpota","cmaiz","RUS",0.00375
"cpota","cmaiz","RWA",0.00375
"cpota","cmaiz","SAU",0.00375
"cpota","cmaiz","SDN",0.00375
"cpota","cmaiz","SEN",0.00375
"cpota","cmaiz","SLV",0.00375
"cpota","cmaiz","SOM",0.00375
"cpota","cmaiz","SPP",0.00375
"cpota","cmaiz","SVK",0.00375
"cpota","cmaiz","SVN",0.00375
"cpota","cmaiz","SWE",0.00375
"cpota","cmaiz","SWZ",0.00375
"cpota","cmaiz","SYR",0.00375
"cpota","cmaiz","TCD",0.00375
"cpota","cmaiz","THA",0.00375
"cpota","cmaiz","TJK",0.00375
"cpota","cmaiz","TKM",0.00375
"cpota","cmaiz","TUN",0.00375
"cpota","cmaiz","TUR",0.00375
"cpota","cmaiz","TZA",0.00375
"cpota","cmaiz","UGA",0.00375
"cpota","cmaiz","UKP",0.00375
"cpota","cmaiz","UKR",0.00375
"cpota","cmaiz","URY",0.00375
"cpota","cmaiz","USA",0.00375
"cpota","cmaiz","UZB",0.00375
"cpota","cmaiz","VEN",0.00375
"cpota","cmaiz","VNM",0.00375
"cpota","cmaiz","YEM",0.00375
"cpota","cmaiz","ZAF",0.00375
"cpota","cmaiz","ZMB",0.00375
"cpota","cmaiz","ZWE",0.00375
"cpota","cmill","AGO",0.003
"cpota","cmill","AUS",0.003
"cpota","cmill","BDI",0.003
"cpota","cmill","BFA",0.003
"cpota","cmill","BGD",0.003
"cpota","cmill","BLR",0.003
"cpota","cmill","CAF",0.003
"cpota","cmill","CHM",0.003
"cpota","cmill","CIV",0.003
"cpota","cmill","CMR",0.003
"cpota","cmill","COD",0.003
"cpota","cmill","COG",0.003
"cpota","cmill","ETH",0.003
"cpota","cmill","GIN",0.003
"cpota","cmill","IND",0.003
"cpota","cmill","IRN",0.003
"cpota","cmill","IRQ",0.003
"cpota","cmill","KAZ",0.003
"cpota","cmill","KEN",0.003
"cpota","cmill","MLI",0.003
"cpota","cmill","MMR",0.003
"cpota","cmill","MOR",0.003
"cpota","cmill","MOZ",0.003
"cpota","cmill","MRT",0.003
"cpota","cmill","MWI",0.003
"cpota","cmill","NAM",0.003
"cpota","cmill","NER",0.003
"cpota","cmill","NGA",0.003
"cpota","cmill","NPL",0.003
"cpota","cmill","PAK",0.003
"cpota","cmill","POL",0.003
"cpota","cmill","RUS",0.003
"cpota","cmill","SAU",0.003
"cpota","cmill","SDN",0.003
"cpota","cmill","SEN",0.003
"cpota","cmill","TCD",0.003
"cpota","cmill","TUR",0.003
"cpota","cmill","TZA",0.003
"cpota","cmill","UGA",0.003
"cpota","cmill","UKR",0.003
"cpota","cmill","USA",0.003
"cpota","cmill","UZB",0.003
"cpota","cmill","YEM",0.003
"cpota","cmill","ZMB",0.003
"cpota","cmill","ZWE",0.003
"cpota","crice","AFG",0.003
"cpota","crice","AGO",0.003
"cpota","crice","ARG",0.003
"cpota","crice","AUS",0.003
"cpota","crice","AUT",0.003
"cpota","crice","AZE",0.003
"cpota","crice","BDI",0.003
"cpota","crice","BFA",0.003
"cpota","crice","BGD",0.003
"cpota","crice","BGR",0.003
"cpota","crice","BLX",0.003
"cpota","crice","BOL",0.003
"cpota","crice","BRA",0.003
"cpota","crice","BTN",0.003
"cpota","crice","BWA",0.003
"cpota","crice","CAF",0.003
"cpota","crice","CAN",0.003
"cpota","crice","CHL",0.003
"cpota","crice","CHM",0.003
"cpota","crice","CHP",0.003
"cpota","crice","CIV",0.003
"cpota","crice","CMR",0.003
"cpota","crice","COD",0.003
"cpota","crice","COG",0.003
"cpota","crice","COL",0.003
"cpota","crice","CRB",0.003
"cpota","crice","CRI",0.003
"cpota","crice","CUB",0.003
"cpota","crice","CZE",0.003
"cpota","crice","DEU",0.003
"cpota","crice","DNK",0.003
"cpota","crice","DOM",0.003
"cpota","crice","ECU",0.003
"cpota","crice","EGY",0.003
"cpota","crice","ETH",0.003
"cpota","crice","FNP",0.003
"cpota","crice","FRP",0.003
"cpota","crice","GIN",0.003
"cpota","crice","GRC",0.003
"cpota","crice","GSA",0.003
"cpota","crice","GTM",0.003
"cpota","crice","HND",0.003
"cpota","crice","HTI",0.003
"cpota","crice","HUN",0.003
"cpota","crice","IDN",0.003
"cpota","crice","IND",0.003
"cpota","crice","IRL",0.003
"cpota","crice","IRN",0.003
"cpota","crice","IRQ",0.003
"cpota","crice","ITP",0.003
"cpota","crice","JAM",0.003
"cpota","crice","JPN",0.003
"cpota","crice","KAZ",0.003
"cpota","crice","KEN",0.003
"cpota","crice","KGZ",0.003
"cpota","crice","KHM",0.003
"cpota","crice","KOR",0.003
"cpota","crice","LBY",0.003
"cpota","crice","LKA",0.003
"cpota","crice","MDG",0.003
"cpota","crice","MEX",0.003
"cpota","crice","MLI",0.003
"cpota","crice","MMR",0.003
"cpota","crice","MOR",0.003
"cpota","crice","MOZ",0.003
"cpota","crice","MRT",0.003
"cpota","crice","MWI",0.003
"cpota","crice","MYS",0.003
"cpota","crice","NAM",0.003
"cpota","crice","NER",0.003
"cpota","crice","NGA",0.003
"cpota","crice","NIC",0.003
"cpota","crice","NLD",0.003
"cpota","crice","NPL",0.003
"cpota","crice","NZL",0.003
"cpota","crice","OBN",0.003
"cpota","crice","OIO",0.003
"cpota","crice","PAK",0.003
"cpota","crice","PAN",0.003
"cpota","crice","PER",0.003
"cpota","crice","PHL",0.003
"cpota","crice","POL",0.003
"cpota","crice","PRT",0.003
"cpota","crice","PRY",0.003
"cpota","crice","RAP",0.003
"cpota","crice","ROU",0.003
"cpota","crice","RUS",0.003
"cpota","crice","RWA",0.003
"cpota","crice","SAU",0.003
"cpota","crice","SDN",0.003
"cpota","crice","SEN",0.003
"cpota","crice","SLV",0.003
"cpota","crice","SPP",0.003
"cpota","crice","SWE",0.003
"cpota","crice","SYR",0.003
"cpota","crice","TCD",0.003
"cpota","crice","THA",0.003
"cpota","crice","TJK",0.003
"cpota","crice","TKM",0.003
"cpota","crice","TUN",0.003
"cpota","crice","TUR",0.003
"cpota","crice","TZA",0.003
"cpota","crice","UGA",0.003
"cpota","crice","UKP",0.003
"cpota","crice","UKR",0.003
"cpota","crice","URY",0.003
"cpota","crice","USA",0.003
"cpota","crice","UZB",0.003
"cpota","crice","VEN",0.003
"cpota","crice","VNM",0.003
"cpota","crice","ZAF",0.003
"cpota","crice","ZMB",0.003
"cpota","crice","ZWE",0.003
"cpota","csorg","AGO",0.003
"cpota","csorg","ARG",0.003
"cpota","csorg","AUS",0.003
"cpota","csorg","AUT",0.003
"cpota","csorg","BDI",0.003
"cpota","csorg","BFA",0.003
"cpota","csorg","BGR",0.003
"cpota","csorg","BOL",0.003
"cpota","csorg","BRA",0.003
"cpota","csorg","BWA",0.003
"cpota","csorg","CAF",0.003
"cpota","csorg","CHM",0.003
"cpota","csorg","CIV",0.003
"cpota","csorg","CMR",0.003
"cpota","csorg","CUB",0.003
"cpota","csorg","ECU",0.003
"cpota","csorg","EGY",0.003
"cpota","csorg","ETH",0.003
"cpota","csorg","FRP",0.003
"cpota","csorg","GIN",0.003
"cpota","csorg","GTM",0.003
"cpota","csorg","HND",0.003
"cpota","csorg","HTI",0.003
"cpota","csorg","HUN",0.003
"cpota","csorg","IND",0.003
"cpota","csorg","IRQ",0.003
"cpota","csorg","ISR",0.003
"cpota","csorg","ITP",0.003
"cpota","csorg","KAZ",0.003
"cpota","csorg","KEN",0.003
"cpota","csorg","LSO",0.003
"cpota","csorg","MDA",0.003
"cpota","csorg","MEX",0.003
"cpota","csorg","MLI",0.003
"cpota","csorg","MMR",0.003
"cpota","csorg","MOR",0.003
"cpota","csorg","MOZ",0.003
"cpota","csorg","MRT",0.003
"cpota","csorg","MWI",0.003
"cpota","csorg","NAM",0.003
"cpota","csorg","NER",0.003
"cpota","csorg","NGA",0.003
"cpota","csorg","NIC",0.003
"cpota","csorg","PAK",0.003
"cpota","csorg","POL",0.003
"cpota","csorg","PRY",0.003
"cpota","csorg","RAP",0.003
"cpota","csorg","ROU",0.003
"cpota","csorg","RUS",0.003
"cpota","csorg","RWA",0.003
"cpota","csorg","SAU",0.003
"cpota","csorg","SDN",0.003
"cpota","csorg","SEN",0.003
"cpota","csorg","SLV",0.003
"cpota","csorg","SOM",0.003
"cpota","csorg","SPP",0.003
"cpota","csorg","SVK",0.003
"cpota","csorg","SWZ",0.003
"cpota","csorg","SYR",0.003
"cpota","csorg","TCD",0.003
"cpota","csorg","THA",0.003
"cpota","csorg","TUR",0.003
"cpota","csorg","TZA",0.003
"cpota","csorg","UGA",0.003
"cpota","csorg","UKR",0.003
"cpota","csorg","URY",0.003
"cpota","csorg","USA",0.003
"cpota","csorg","UZB",0.003
"cpota","csorg","VEN",0.003
"cpota","csorg","YEM",0.003
"cpota","csorg","ZAF",0.003
"cpota","csorg","ZMB",0.003
"cpota","csorg","ZWE",0.003
"cpota","cwhea","AFG",0.003
"cpota","cwhea","AGO",0.003
"cpota","cwhea","ALB",0.003
"cpota","cwhea","ARG",0.003
"cpota","cwhea","ARM",0.003
"cpota","cwhea","AUS",0.003
"cpota","cwhea","AUT",0.003
"cpota","cwhea","AZE",0.003
"cpota","cwhea","BDI",0.003
"cpota","cwhea","BFA",0.003
"cpota","cwhea","BGD",0.003
"cpota","cwhea","BGR",0.003
"cpota","cwhea","BLR",0.003
"cpota","cwhea","BLT",0.003
"cpota","cwhea","BLX",0.003
"cpota","cwhea","BOL",0.003
"cpota","cwhea","BRA",0.003
"cpota","cwhea","BTN",0.003
"cpota","cwhea","BWA",0.003
"cpota","cwhea","CAN",0.003
"cpota","cwhea","CHL",0.003
"cpota","cwhea","CHM",0.003
"cpota","cwhea","CHP",0.003
"cpota","cwhea","CIV",0.003
"cpota","cwhea","CMR",0.003
"cpota","cwhea","COD",0.003
"cpota","cwhea","COL",0.003
"cpota","cwhea","CRB",0.003
"cpota","cwhea","CRI",0.003
"cpota","cwhea","CUB",0.003
"cpota","cwhea","CYP",0.003
"cpota","cwhea","CZE",0.003
"cpota","cwhea","DEU",0.003
"cpota","cwhea","DNK",0.003
"cpota","cwhea","DOM",0.003
"cpota","cwhea","DZA",0.003
"cpota","cwhea","ECU",0.003
"cpota","cwhea","EGY",0.003
"cpota","cwhea","ETH",0.003
"cpota","cwhea","FNP",0.003
"cpota","cwhea","FRP",0.003
"cpota","cwhea","GEO",0.003
"cpota","cwhea","GRC",0.003
"cpota","cwhea","GSA",0.003
"cpota","cwhea","GTM",0.003
"cpota","cwhea","HRV",0.003
"cpota","cwhea","HUN",0.003
"cpota","cwhea","IDN",0.003
"cpota","cwhea","IND",0.003
"cpota","cwhea","IRL",0.003
"cpota","cwhea","IRN",0.003
"cpota","cwhea","IRQ",0.003
"cpota","cwhea","ISL",0.003
"cpota","cwhea","ISR",0.003
"cpota","cwhea","ITP",0.003
"cpota","cwhea","JOR",0.003
"cpota","cwhea","JPN",0.003
"cpota","cwhea","KAZ",0.003
"cpota","cwhea","KEN",0.003
"cpota","cwhea","KGZ",0.003
"cpota","cwhea","KOR",0.003
"cpota","cwhea","LBN",0.003
"cpota","cwhea","LBY",0.003
"cpota","cwhea","LKA",0.003
"cpota","cwhea","LSO",0.003
"cpota","cwhea","MDA",0.003
"cpota","cwhea","MDG",0.003
"cpota","cwhea","MEX",0.003
"cpota","cwhea","MLI",0.003
"cpota","cwhea","MMR",0.003
"cpota","cwhea","MNG",0.003
"cpota","cwhea","MOR",0.003
"cpota","cwhea","MOZ",0.003
"cpota","cwhea","MRT",0.003
"cpota","cwhea","MWI",0.003
"cpota","cwhea","MYS",0.003
"cpota","cwhea","NGA",0.003
"cpota","cwhea","NIC",0.003
"cpota","cwhea","NLD",0.003
"cpota","cwhea","NOR",0.003
"cpota","cwhea","NPL",0.003
"cpota","cwhea","NZL",0.003
"cpota","cwhea","OBN",0.003
"cpota","cwhea","PAK",0.003
"cpota","cwhea","PAN",0.003
"cpota","cwhea","PER",0.003
"cpota","cwhea","PHL",0.003
"cpota","cwhea","POL",0.003
"cpota","cwhea","PRT",0.003
"cpota","cwhea","PRY",0.003
"cpota","cwhea","RAP",0.003
"cpota","cwhea","ROU",0.003
"cpota","cwhea","RUS",0.003
"cpota","cwhea","RWA",0.003
"cpota","cwhea","SAU",0.003
"cpota","cwhea","SDN",0.003
"cpota","cwhea","SEN",0.003
"cpota","cwhea","SLV",0.003
"cpota","cwhea","SOM",0.003
"cpota","cwhea","SPP",0.003
"cpota","cwhea","SVK",0.003
"cpota","cwhea","SVN",0.003
"cpota","cwhea","SWE",0.003
"cpota","cwhea","SWZ",0.003
"cpota","cwhea","SYR",0.003
"cpota","cwhea","THA",0.003
"cpota","cwhea","TJK",0.003
"cpota","cwhea","TKM",0.003
"cpota","cwhea","TUN",0.003
"cpota","cwhea","TUR",0.003
"cpota","cwhea","TZA",0.003
"cpota","cwhea","UGA",0.003
"cpota","cwhea","UKP",0.003
"cpota","cwhea","UKR",0.003
"cpota","cwhea","URY",0.003
"cpota","cwhea","USA",0.003
"cpota","cwhea","UZB",0.003
"cpota","cwhea","VEN",0.003
"cpota","cwhea","VNM",0.003
"cpota","cwhea","YEM",0.003
"cpota","cwhea","ZAF",0.003
"cpota","cwhea","ZMB",0.003
"cpota","cwhea","ZWE",0.003
"cpota","cocer","ALB",0.003
"cpota","cocer","ARG",0.003
"cpota","cocer","ARM",0.003
"cpota","cocer","AUS",0.003
"cpota","cocer","AUT",0.003
"cpota","cocer","AZE",0.003
"cpota","cocer","BDI",0.003
"cpota","cocer","BFA",0.003
"cpota","cocer","BGD",0.003
"cpota","cocer","BGR",0.003
"cpota","cocer","BLR",0.003
"cpota","cocer","BLT",0.003
"cpota","cocer","BLX",0.003
"cpota","cocer","BOL",0.003
"cpota","cocer","BRA",0.003
"cpota","cocer","CAN",0.003
"cpota","cocer","CHL",0.003
"cpota","cocer","CHM",0.003
"cpota","cocer","CHP",0.003
"cpota","cocer","CIV",0.003
"cpota","cocer","CZE",0.003
"cpota","cocer","DEU",0.003
"cpota","cocer","DNK",0.003
"cpota","cocer","DZA",0.003
"cpota","cocer","ECU",0.003
"cpota","cocer","EGY",0.003
"cpota","cocer","ETH",0.003
"cpota","cocer","FNP",0.003
"cpota","cocer","FRP",0.003
"cpota","cocer","GEO",0.003
"cpota","cocer","GIN",0.003
"cpota","cocer","GRC",0.003
"cpota","cocer","HRV",0.003
"cpota","cocer","HUN",0.003
"cpota","cocer","IRL",0.003
"cpota","cocer","ITP",0.003
"cpota","cocer","JPN",0.003
"cpota","cocer","KAZ",0.003
"cpota","cocer","KOR",0.003
"cpota","cocer","MDA",0.003
"cpota","cocer","MEX",0.003
"cpota","cocer","MLI",0.003
"cpota","cocer","MMR",0.003
"cpota","cocer","MNG",0.003
"cpota","cocer","MOR",0.003
"cpota","cocer","NER",0.003
"cpota","cocer","NGA",0.003
"cpota","cocer","NLD",0.003
"cpota","cocer","NOR",0.003
"cpota","cocer","NPL",0.003
"cpota","cocer","NZL",0.003
"cpota","cocer","OBN",0.003
"cpota","cocer","PER",0.003
"cpota","cocer","POL",0.003
"cpota","cocer","PRT",0.003
"cpota","cocer","ROU",0.003
"cpota","cocer","RUS",0.003
"cpota","cocer","SPP",0.003
"cpota","cocer","SVK",0.003
"cpota","cocer","SVN",0.003
"cpota","cocer","SWE",0.003
"cpota","cocer","TCD",0.003
"cpota","cocer","THA",0.003
"cpota","cocer","TJK",0.003
"cpota","cocer","TUN",0.003
"cpota","cocer","TUR",0.003
"cpota","cocer","TZA",0.003
"cpota","cocer","UKP",0.003
"cpota","cocer","UKR",0.003
"cpota","cocer","URY",0.003
"cpota","cocer","USA",0.003
"cpota","cocer","UZB",0.003
"cpota","cocer","ZAF",0.003
"cpota","ccass","AGO",0.003
"cpota","ccass","ARG",0.003
"cpota","ccass","AUS",0.003
"cpota","ccass","AUT",0.003
"cpota","ccass","BDI",0.003
"cpota","ccass","BFA",0.003
"cpota","ccass","BGD",0.003
"cpota","ccass","BLR",0.003
"cpota","ccass","BLX",0.003
"cpota","ccass","BOL",0.003
"cpota","ccass","BRA",0.003
"cpota","ccass","CAF",0.003
"cpota","ccass","CAN",0.003
"cpota","ccass","CHL",0.003
"cpota","ccass","CHM",0.003
"cpota","ccass","CHP",0.003
"cpota","ccass","CIV",0.003
"cpota","ccass","CMR",0.003
"cpota","ccass","COD",0.003
"cpota","ccass","COG",0.003
"cpota","ccass","COL",0.003
"cpota","ccass","CRI",0.003
"cpota","ccass","CUB",0.003
"cpota","ccass","CZE",0.003
"cpota","ccass","DEU",0.003
"cpota","ccass","DOM",0.003
"cpota","ccass","ECU",0.003
"cpota","ccass","FRP",0.003
"cpota","ccass","GIN",0.003
"cpota","ccass","GSA",0.003
"cpota","ccass","GTM",0.003
"cpota","ccass","HND",0.003
"cpota","ccass","HTI",0.003
"cpota","ccass","HUN",0.003
"cpota","ccass","IDN",0.003
"cpota","ccass","IND",0.003
"cpota","ccass","IRL",0.003
"cpota","ccass","ISR",0.003
"cpota","ccass","ITP",0.003
"cpota","ccass","JAM",0.003
"cpota","ccass","JPN",0.003
"cpota","ccass","KEN",0.003
"cpota","ccass","KHM",0.003
"cpota","ccass","KOR",0.003
"cpota","ccass","LBN",0.003
"cpota","ccass","LKA",0.003
"cpota","ccass","MDG",0.003
"cpota","ccass","MEX",0.003
"cpota","ccass","MLI",0.003
"cpota","ccass","MMR",0.003
"cpota","ccass","MOZ",0.003
"cpota","ccass","MWI",0.003
"cpota","ccass","MYS",0.003
"cpota","ccass","NER",0.003
"cpota","ccass","NGA",0.003
"cpota","ccass","NIC",0.003
"cpota","ccass","NOR",0.003
"cpota","ccass","NZL",0.003
"cpota","ccass","OIO",0.003
"cpota","ccass","PAK",0.003
"cpota","ccass","PAN",0.003
"cpota","ccass","PER",0.003
"cpota","ccass","PHL",0.003
"cpota","ccass","POL",0.003
"cpota","ccass","PRT",0.003
"cpota","ccass","PRY",0.003
"cpota","ccass","RAP",0.003
"cpota","ccass","RUS",0.003
"cpota","ccass","RWA",0.003
"cpota","ccass","SEN",0.003
"cpota","ccass","SLV",0.003
"cpota","ccass","SOM",0.003
"cpota","ccass","SPP",0.003
"cpota","ccass","SWE",0.003
"cpota","ccass","TCD",0.003
"cpota","ccass","THA",0.003
"cpota","ccass","TZA",0.003
"cpota","ccass","UGA",0.003
"cpota","ccass","UKP",0.003
"cpota","ccass","URY",0.003
"cpota","ccass","USA",0.003
"cpota","ccass","VEN",0.003
"cpota","ccass","VNM",0.003
"cpota","ccass","ZAF",0.003
"cpota","ccass","ZMB",0.003
"cpota","ccass","ZWE",0.003
"cpota","cpota","AFG",-0.321651827249468
"cpota","cpota","AGO",-0.4
"cpota","cpota","ALB",-0.196952546942952
"cpota","cpota","ARG",-0.223120611863319
"cpota","cpota","ARM",-0.235
"cpota","cpota","AUS",-0.299691365717361
"cpota","cpota","AUT",-0.180074823222705
"cpota","cpota","AZE",-0.235
"cpota","cpota","BDI",-0.45
"cpota","cpota","BFA",-0.355969465243337
"cpota","cpota","BGD",-0.477269966881417
"cpota","cpota","BGR",-0.197111065044377
"cpota","cpota","BLR",-0.231511017319942
"cpota","cpota","BLT",-0.231511017319942
"cpota","cpota","BLX",-0.181458108150769
"cpota","cpota","BOL",-0.293213620708312
"cpota","cpota","BRA",-0.363632709075525
"cpota","cpota","BTN",-0.32133140672591
"cpota","cpota","BWA",-0.399648676447642
"cpota","cpota","CAF",-0.36
"cpota","cpota","CAN",-0.228774098186734
"cpota","cpota","CHL",-0.293418189339205
"cpota","cpota","CHM",-0.446666666666667
"cpota","cpota","CHP",-0.180074823222705
"cpota","cpota","CIV",-0.36
"cpota","cpota","CMR",-0.347265377860721
"cpota","cpota","COD",-0.35340838579457
"cpota","cpota","COG",-0.348389709413896
"cpota","cpota","COL",-0.276859062873542
"cpota","cpota","CRB",-0.29
"cpota","cpota","CRI",-0.292177366290873
"cpota","cpota","CUB",-0.292177366290873
"cpota","cpota","CYP",-0.398382188478132
"cpota","cpota","CZE",-0.197111065044377
"cpota","cpota","DEU",-0.182615230701084
"cpota","cpota","DNK",-0.176271684290428
"cpota","cpota","DOM",-0.292177366290873
"cpota","cpota","DZA",-0.4025
"cpota","cpota","ECU",-0.292834369631519
"cpota","cpota","EGY",-0.41
"cpota","cpota","ETH",-0.356746264666942
"cpota","cpota","FNP",-0.176271684290428
"cpota","cpota","FRP",-0.181414731677402
"cpota","cpota","GEO",-0.235
"cpota","cpota","GIN",-0.351201553506846
"cpota","cpota","GRC",-0.196952546942952
"cpota","cpota","GSA",-0.295
"cpota","cpota","GTM",-0.292177366290873
"cpota","cpota","HND",-0.292177366290873
"cpota","cpota","HRV",-0.196952546942952
"cpota","cpota","HTI",-0.292177366290873
"cpota","cpota","HUN",-0.197111065044377
"cpota","cpota","IDN",-0.461961382296944
"cpota","cpota","IND",-0.453333333333333
"cpota","cpota","IRL",-0.177210217272844
"cpota","cpota","IRN",-0.4025
"cpota","cpota","IRQ",-0.41
"cpota","cpota","ISL",-0.176271684290428
"cpota","cpota","ISR",-0.234784548293341
"cpota","cpota","ITP",-0.183957956187697
"cpota","cpota","JAM",-0.29
"cpota","cpota","JOR",-0.4025
"cpota","cpota","JPN",-0.217871570342307
"cpota","cpota","KAZ",-0.278221531895978
"cpota","cpota","KEN",-0.448461935266229
"cpota","cpota","KGZ",-0.285
"cpota","cpota","KHM",-0.331181508952867
"cpota","cpota","KOR",-0.372272464979781
"cpota","cpota","LBN",-0.399497244136027
"cpota","cpota","LBY",-0.4025
"cpota","cpota","LKA",-0.322767058320285
"cpota","cpota","LSO",-0.397715351466784
"cpota","cpota","MDA",-0.197111065044377
"cpota","cpota","MDG",-0.4
"cpota","cpota","MEX",-0.353379042390667
"cpota","cpota","MLI",-0.349757511015736
"cpota","cpota","MMR",-0.368305170317196
"cpota","cpota","MNG",-0.379999999999999
"cpota","cpota","MOR",-0.4025
"cpota","cpota","MOZ",-0.399637996565238
"cpota","cpota","MRT",-0.363816548026416
"cpota","cpota","MWI",-0.399971414816133
"cpota","cpota","MYS",-0.322204517268266
"cpota","cpota","NAM",-0.399764951323193
"cpota","cpota","NER",-0.362547605064979
"cpota","cpota","NGA",-0.252767625013447
"cpota","cpota","NIC",-0.292177366290873
"cpota","cpota","NLD",-0.183523853956966
"cpota","cpota","NOR",-0.176271684290428
"cpota","cpota","NPL",-0.32439713958089
"cpota","cpota","NZL",-0.22796910359537
"cpota","cpota","OBN",-0.196952546942952
"cpota","cpota","OIO",-0.29
"cpota","cpota","PAK",-0.47
"cpota","cpota","PAN",-0.292177366290873
"cpota","cpota","PER",-0.293209156946653
"cpota","cpota","PHL",-0.317604428302284
"cpota","cpota","POL",-0.197804770944296
"cpota","cpota","PRT",-0.18014425547064
"cpota","cpota","PRY",-0.293213620708312
"cpota","cpota","RAP",-0.398708224827085
"cpota","cpota","ROU",-0.197111065044377
"cpota","cpota","RUS",-0.231783600787119
"cpota","cpota","RWA",-0.446297865760261
"cpota","cpota","SAU",-0.398708224827085
"cpota","cpota","SDN",-0.360649212307376
"cpota","cpota","SEN",-0.344919116063213
"cpota","cpota","SLV",-0.292177366290873
"cpota","cpota","SOM",-0.365
"cpota","cpota","SPP",-0.18014425547064
"cpota","cpota","SVK",-0.197111065044377
"cpota","cpota","SVN",-0.196952546942952
"cpota","cpota","SWE",-0.176271684290428
"cpota","cpota","SWZ",-0.398720501058729
"cpota","cpota","SYR",-0.400785829143358
"cpota","cpota","TCD",-0.336638138435415
"cpota","cpota","THA",-0.332973403444559
"cpota","cpota","TJK",-0.285
"cpota","cpota","TKM",-0.285
"cpota","cpota","TUN",-0.4025
"cpota","cpota","TUR",-0.395
"cpota","cpota","TZA",-0.445499890083216
"cpota","cpota","UGA",-0.44830812396507
"cpota","cpota","UKP",-0.177210217272844
"cpota","cpota","UKR",-0.231696066598348
"cpota","cpota","URY",-0.293519823357143
"cpota","cpota","USA",-0.303222879295658
"cpota","cpota","UZB",-0.28124887822393
"cpota","cpota","VEN",-0.295
"cpota","cpota","VNM",-0.323805448141406
"cpota","cpota","YEM",-0.398708224827085
"cpota","cpota","ZAF",-0.16339226358
"cpota","cpota","ZMB",-0.399761132970491
"cpota","cpota","ZWE",-0.4
"cpota","cswpt","AGO",0.003
"cpota","cswpt","ARG",0.003
"cpota","cswpt","AUS",0.003
"cpota","cswpt","BDI",0.003
"cpota","cswpt","BFA",0.003
"cpota","cswpt","BGD",0.003
"cpota","cswpt","BOL",0.003
"cpota","cswpt","BRA",0.003
"cpota","cswpt","CAN",0.003
"cpota","cswpt","CHL",0.003
"cpota","cswpt","CHM",0.003
"cpota","cswpt","CIV",0.003
"cpota","cswpt","CMR",0.003
"cpota","cswpt","COD",0.003
"cpota","cswpt","COG",0.003
"cpota","cswpt","CUB",0.003
"cpota","cswpt","DOM",0.003
"cpota","cswpt","EGY",0.003
"cpota","cswpt","ETH",0.003
"cpota","cswpt","GIN",0.003
"cpota","cswpt","GSA",0.003
"cpota","cswpt","HND",0.003
"cpota","cswpt","HTI",0.003
"cpota","cswpt","IDN",0.003
"cpota","cswpt","IND",0.003
"cpota","cswpt","ISR",0.003
"cpota","cswpt","JAM",0.003
"cpota","cswpt","JPN",0.003
"cpota","cswpt","KEN",0.003
"cpota","cswpt","KHM",0.003
"cpota","cswpt","KOR",0.003
"cpota","cswpt","LKA",0.003
"cpota","cswpt","MDG",0.003
"cpota","cswpt","MEX",0.003
"cpota","cswpt","MLI",0.003
"cpota","cswpt","MMR",0.003
"cpota","cswpt","MOR",0.003
"cpota","cswpt","MOZ",0.003
"cpota","cswpt","MRT",0.003
"cpota","cswpt","MWI",0.003
"cpota","cswpt","MYS",0.003
"cpota","cswpt","NER",0.003
"cpota","cswpt","NGA",0.003
"cpota","cswpt","NLD",0.003
"cpota","cswpt","NZL",0.003
"cpota","cswpt","OIO",0.003
"cpota","cswpt","PAK",0.003
"cpota","cswpt","PER",0.003
"cpota","cswpt","PHL",0.003
"cpota","cswpt","PRY",0.003
"cpota","cswpt","RWA",0.003
"cpota","cswpt","SDN",0.003
"cpota","cswpt","SEN",0.003
"cpota","cswpt","SOM",0.003
"cpota","cswpt","SPP",0.003
"cpota","cswpt","TCD",0.003
"cpota","cswpt","THA",0.003
"cpota","cswpt","TZA",0.003
"cpota","cswpt","UGA",0.003
"cpota","cswpt","URY",0.003
"cpota","cswpt","USA",0.003
"cpota","cswpt","VEN",0.003
"cpota","cswpt","VNM",0.003
"cpota","cswpt","ZAF",0.003
"cpota","cswpt","ZMB",0.003
"cpota","cswpt","ZWE",0.003
"cpota","cyams","BFA",0.003
"cpota","cyams","BRA",0.003
"cpota","cyams","CAF",0.003
"cpota","cyams","CIV",0.003
"cpota","cyams","CMR",0.003
"cpota","cyams","COD",0.003
"cpota","cyams","COG",0.003
"cpota","cyams","COL",0.003
"cpota","cyams","CRB",0.003
"cpota","cyams","CRI",0.003
"cpota","cyams","CUB",0.003
"cpota","cyams","DOM",0.003
"cpota","cyams","ETH",0.003
"cpota","cyams","GIN",0.003
"cpota","cyams","HTI",0.003
"cpota","cyams","JAM",0.003
"cpota","cyams","JPN",0.003
"cpota","cyams","KEN",0.003
"cpota","cyams","MLI",0.003
"cpota","cyams","MYS",0.003
"cpota","cyams","NGA",0.003
"cpota","cyams","OIO",0.003
"cpota","cyams","PAN",0.003
"cpota","cyams","RAP",0.003
"cpota","cyams","RWA",0.003
"cpota","cyams","SDN",0.003
"cpota","cyams","SEN",0.003
"cpota","cyams","TCD",0.003
"cpota","cyams","TZA",0.003
"cpota","cyams","VEN",0.003
"cpota","corat","BDI",0.003
"cpota","corat","BOL",0.003
"cpota","corat","BTN",0.003
"cpota","corat","BWA",0.003
"cpota","corat","CAF",0.003
"cpota","corat","CHM",0.003
"cpota","corat","CIV",0.003
"cpota","corat","CMR",0.003
"cpota","corat","COD",0.003
"cpota","corat","COG",0.003
"cpota","corat","COL",0.003
"cpota","corat","CRB",0.003
"cpota","corat","CRI",0.003
"cpota","corat","CUB",0.003
"cpota","corat","DOM",0.003
"cpota","corat","ECU",0.003
"cpota","corat","EGY",0.003
"cpota","corat","ETH",0.003
"cpota","corat","GIN",0.003
"cpota","corat","GSA",0.003
"cpota","corat","HND",0.003
"cpota","corat","HTI",0.003
"cpota","corat","IDN",0.003
"cpota","corat","JAM",0.003
"cpota","corat","JPN",0.003
"cpota","corat","KEN",0.003
"cpota","corat","KHM",0.003
"cpota","corat","MDG",0.003
"cpota","corat","MEX",0.003
"cpota","corat","MOZ",0.003
"cpota","corat","MYS",0.003
"cpota","corat","NAM",0.003
"cpota","corat","NGA",0.003
"cpota","corat","NIC",0.003
"cpota","corat","NPL",0.003
"cpota","corat","OIO",0.003
"cpota","corat","PAK",0.003
"cpota","corat","PAN",0.003
"cpota","corat","PER",0.003
"cpota","corat","PHL",0.003
"cpota","corat","RWA",0.003
"cpota","corat","SLV",0.003
"cpota","corat","SWZ",0.003
"cpota","corat","TCD",0.003
"cpota","corat","THA",0.003
"cpota","corat","USA",0.003
"cpota","corat","VEN",0.003
"cpota","cplnt","BGD",0.003
"cpota","cplnt","BOL",0.003
"cpota","cplnt","CAF",0.003
"cpota","cplnt","CIV",0.003
"cpota","cplnt","CMR",0.003
"cpota","cplnt","COD",0.003
"cpota","cplnt","COG",0.003
"cpota","cplnt","COL",0.003
"cpota","cplnt","CRB",0.003
"cpota","cplnt","CRI",0.003
"cpota","cplnt","CUB",0.003
"cpota","cplnt","DOM",0.003
"cpota","cplnt","ECU",0.003
"cpota","cplnt","GIN",0.003
"cpota","cplnt","GSA",0.003
"cpota","cplnt","GTM",0.003
"cpota","cplnt","HND",0.003
"cpota","cplnt","HTI",0.003
"cpota","cplnt","JAM",0.003
"cpota","cplnt","KEN",0.003
"cpota","cplnt","LKA",0.003
"cpota","cplnt","MMR",0.003
"cpota","cplnt","MWI",0.003
"cpota","cplnt","NGA",0.003
"cpota","cplnt","NIC",0.003
"cpota","cplnt","OBN",0.003
"cpota","cplnt","PAN",0.003
"cpota","cplnt","PHL",0.003
"cpota","cplnt","RAP",0.003
"cpota","cplnt","RWA",0.003
"cpota","cplnt","SLV",0.003
"cpota","cplnt","SPP",0.003
"cpota","cplnt","TZA",0.003
"cpota","cplnt","UGA",0.003
"cpota","cplnt","VEN",0.003
"cpota","csugr","AGO",0.003
"cpota","csugr","ARG",0.003
"cpota","csugr","ARM",0.003
"cpota","csugr","AUS",0.003
"cpota","csugr","AUT",0.003
"cpota","csugr","AZE",0.003
"cpota","csugr","BGD",0.003
"cpota","csugr","BGR",0.003
"cpota","csugr","BLR",0.003
"cpota","csugr","BLT",0.003
"cpota","csugr","BLX",0.003
"cpota","csugr","BOL",0.003
"cpota","csugr","BRA",0.003
"cpota","csugr","BTN",0.003
"cpota","csugr","BWA",0.003
"cpota","csugr","CHM",0.003
"cpota","csugr","CMR",0.003
"cpota","csugr","COL",0.003
"cpota","csugr","CRB",0.003
"cpota","csugr","CRI",0.003
"cpota","csugr","CZE",0.003
"cpota","csugr","DEU",0.003
"cpota","csugr","DNK",0.003
"cpota","csugr","DZA",0.003
"cpota","csugr","ECU",0.003
"cpota","csugr","EGY",0.003
"cpota","csugr","FNP",0.003
"cpota","csugr","FRP",0.003
"cpota","csugr","GEO",0.003
"cpota","csugr","GRC",0.003
"cpota","csugr","GSA",0.003
"cpota","csugr","GTM",0.003
"cpota","csugr","HND",0.003
"cpota","csugr","HRV",0.003
"cpota","csugr","HUN",0.003
"cpota","csugr","IDN",0.003
"cpota","csugr","IND",0.003
"cpota","csugr","IRN",0.003
"cpota","csugr","IRQ",0.003
"cpota","csugr","ISR",0.003
"cpota","csugr","ITP",0.003
"cpota","csugr","JOR",0.003
"cpota","csugr","KEN",0.003
"cpota","csugr","KGZ",0.003
"cpota","csugr","KHM",0.003
"cpota","csugr","KOR",0.003
"cpota","csugr","LBN",0.003
"cpota","csugr","LKA",0.003
"cpota","csugr","MDA",0.003
"cpota","csugr","MEX",0.003
"cpota","csugr","MNG",0.003
"cpota","csugr","MOR",0.003
"cpota","csugr","MRT",0.003
"cpota","csugr","MYS",0.003
"cpota","csugr","NAM",0.003
"cpota","csugr","NIC",0.003
"cpota","csugr","NLD",0.003
"cpota","csugr","NPL",0.003
"cpota","csugr","NZL",0.003
"cpota","csugr","OBN",0.003
"cpota","csugr","OIO",0.003
"cpota","csugr","PAK",0.003
"cpota","csugr","PAN",0.003
"cpota","csugr","PER",0.003
"cpota","csugr","POL",0.003
"cpota","csugr","PRY",0.003
"cpota","csugr","RAP",0.003
"cpota","csugr","ROU",0.003
"cpota","csugr","RUS",0.003
"cpota","csugr","RWA",0.003
"cpota","csugr","SAU",0.003
"cpota","csugr","SLV",0.003
"cpota","csugr","SPP",0.003
"cpota","csugr","SVK",0.003
"cpota","csugr","SVN",0.003
"cpota","csugr","SWE",0.003
"cpota","csugr","SYR",0.003
"cpota","csugr","THA",0.003
"cpota","csugr","TUR",0.003
"cpota","csugr","TZA",0.003
"cpota","csugr","UGA",0.003
"cpota","csugr","UKR",0.003
"cpota","csugr","URY",0.003
"cpota","csugr","USA",0.003
"cpota","csugr","UZB",0.003
"cpota","csugr","VEN",0.003
"cpota","csugr","VNM",0.003
"cpota","csugr","ZAF",0.003
"cpota","csugr","ZMB",0.003
"cpota","csugr","ZWE",0.003
"cswpt","cbarl","AGO",0.003
"cswpt","cbarl","ARG",0.003
"cswpt","cbarl","AUS",0.003
"cswpt","cbarl","BDI",0.003
"cswpt","cbarl","BEN",0.003
"cswpt","cbarl","BFA",0.003
"cswpt","cbarl","BGD",0.003
"cswpt","cbarl","BOL",0.003
"cswpt","cbarl","BRA",0.003
"cswpt","cbarl","CAN",0.003
"cswpt","cbarl","CHL",0.003
"cswpt","cbarl","CHM",0.003
"cswpt","cbarl","CIV",0.003
"cswpt","cbarl","CMR",0.003
"cswpt","cbarl","COD",0.003
"cswpt","cbarl","COG",0.003
"cswpt","cbarl","CUB",0.003
"cswpt","cbarl","DOM",0.003
"cswpt","cbarl","EGY",0.003
"cswpt","cbarl","ETH",0.003
"cswpt","cbarl","FJI",0.003
"cswpt","cbarl","GHA",0.003
"cswpt","cbarl","GIN",0.003
"cswpt","cbarl","GSA",0.003
"cswpt","cbarl","HND",0.003
"cswpt","cbarl","HTI",0.003
"cswpt","cbarl","IDN",0.003
"cswpt","cbarl","IND",0.003
"cswpt","cbarl","ISR",0.003
"cswpt","cbarl","JAM",0.003
"cswpt","cbarl","JPN",0.003
"cswpt","cbarl","KEN",0.003
"cswpt","cbarl","KHM",0.003
"cswpt","cbarl","KOR",0.003
"cswpt","cbarl","LAO",0.003
"cswpt","cbarl","LBR",0.003
"cswpt","cbarl","LKA",0.003
"cswpt","cbarl","MDG",0.003
"cswpt","cbarl","MEX",0.003
"cswpt","cbarl","MLI",0.003
"cswpt","cbarl","MMR",0.003
"cswpt","cbarl","MOR",0.003
"cswpt","cbarl","MOZ",0.003
"cswpt","cbarl","MWI",0.003
"cswpt","cbarl","MYS",0.003
"cswpt","cbarl","NER",0.003
"cswpt","cbarl","NGA",0.003
"cswpt","cbarl","NLD",0.003
"cswpt","cbarl","NZL",0.003
"cswpt","cbarl","OIO",0.003
"cswpt","cbarl","PAK",0.003
"cswpt","cbarl","PER",0.003
"cswpt","cbarl","PHL",0.003
"cswpt","cbarl","PNG",0.003
"cswpt","cbarl","PRY",0.003
"cswpt","cbarl","RWA",0.003
"cswpt","cbarl","SEN",0.003
"cswpt","cbarl","SLB",0.003
"cswpt","cbarl","SLE",0.003
"cswpt","cbarl","SPP",0.003
"cswpt","cbarl","TCD",0.003
"cswpt","cbarl","TGO",0.003
"cswpt","cbarl","THA",0.003
"cswpt","cbarl","TZA",0.003
"cswpt","cbarl","UGA",0.003
"cswpt","cbarl","URY",0.003
"cswpt","cbarl","USA",0.003
"cswpt","cbarl","VEN",0.003
"cswpt","cbarl","VNM",0.003
"cswpt","cbarl","ZAF",0.003
"cswpt","cbarl","ZMB",0.003
"cswpt","cbarl","ZWE",0.003
"cswpt","cmaiz","AGO",0.00375
"cswpt","cmaiz","ARG",0.00375
"cswpt","cmaiz","AUS",0.00375
"cswpt","cmaiz","BDI",0.00375
"cswpt","cmaiz","BEN",0.00375
"cswpt","cmaiz","BFA",0.00375
"cswpt","cmaiz","BGD",0.00375
"cswpt","cmaiz","BOL",0.00375
"cswpt","cmaiz","BRA",0.00375
"cswpt","cmaiz","CAN",0.00375
"cswpt","cmaiz","CHL",0.00375
"cswpt","cmaiz","CHM",0.00375
"cswpt","cmaiz","CIV",0.00375
"cswpt","cmaiz","CMR",0.00375
"cswpt","cmaiz","COD",0.00375
"cswpt","cmaiz","COG",0.00375
"cswpt","cmaiz","CUB",0.00375
"cswpt","cmaiz","DOM",0.00375
"cswpt","cmaiz","EGY",0.00375
"cswpt","cmaiz","ETH",0.00375
"cswpt","cmaiz","GHA",0.00375
"cswpt","cmaiz","GIN",0.00375
"cswpt","cmaiz","GSA",0.00375
"cswpt","cmaiz","HND",0.00375
"cswpt","cmaiz","HTI",0.00375
"cswpt","cmaiz","IDN",0.00375
"cswpt","cmaiz","IND",0.00375
"cswpt","cmaiz","ISR",0.00375
"cswpt","cmaiz","JAM",0.00375
"cswpt","cmaiz","JPN",0.00375
"cswpt","cmaiz","KEN",0.00375
"cswpt","cmaiz","KHM",0.00375
"cswpt","cmaiz","KOR",0.00375
"cswpt","cmaiz","LAO",0.00375
"cswpt","cmaiz","LKA",0.00375
"cswpt","cmaiz","MDG",0.00375
"cswpt","cmaiz","MEX",0.00375
"cswpt","cmaiz","MLI",0.00375
"cswpt","cmaiz","MMR",0.00375
"cswpt","cmaiz","MOR",0.00375
"cswpt","cmaiz","MOZ",0.00375
"cswpt","cmaiz","MRT",0.00375
"cswpt","cmaiz","MWI",0.00375
"cswpt","cmaiz","MYS",0.00375
"cswpt","cmaiz","NER",0.00375
"cswpt","cmaiz","NGA",0.00375
"cswpt","cmaiz","NLD",0.00375
"cswpt","cmaiz","NZL",0.00375
"cswpt","cmaiz","OIO",0.00375
"cswpt","cmaiz","PAK",0.00375
"cswpt","cmaiz","PER",0.00375
"cswpt","cmaiz","PHL",0.00375
"cswpt","cmaiz","PNG",0.00375
"cswpt","cmaiz","PRY",0.00375
"cswpt","cmaiz","RWA",0.00375
"cswpt","cmaiz","SDN",0.00375
"cswpt","cmaiz","SEN",0.00375
"cswpt","cmaiz","SLE",0.00375
"cswpt","cmaiz","SOM",0.00375
"cswpt","cmaiz","SPP",0.00375
"cswpt","cmaiz","TCD",0.00375
"cswpt","cmaiz","TGO",0.00375
"cswpt","cmaiz","THA",0.00375
"cswpt","cmaiz","TZA",0.00375
"cswpt","cmaiz","UGA",0.00375
"cswpt","cmaiz","URY",0.00375
"cswpt","cmaiz","USA",0.00375
"cswpt","cmaiz","VEN",0.00375
"cswpt","cmaiz","VNM",0.00375
"cswpt","cmaiz","ZAF",0.00375
"cswpt","cmaiz","ZMB",0.00375
"cswpt","cmaiz","ZWE",0.00375
"cswpt","cmill","AGO",0.003
"cswpt","cmill","AUS",0.003
"cswpt","cmill","BDI",0.003
"cswpt","cmill","BEN",0.003
"cswpt","cmill","BFA",0.003
"cswpt","cmill","BGD",0.003
"cswpt","cmill","CHM",0.003
"cswpt","cmill","CIV",0.003
"cswpt","cmill","CMR",0.003
"cswpt","cmill","COD",0.003
"cswpt","cmill","COG",0.003
"cswpt","cmill","ETH",0.003
"cswpt","cmill","GHA",0.003
"cswpt","cmill","GIN",0.003
"cswpt","cmill","IND",0.003
"cswpt","cmill","KEN",0.003
"cswpt","cmill","MLI",0.003
"cswpt","cmill","MMR",0.003
"cswpt","cmill","MOR",0.003
"cswpt","cmill","MOZ",0.003
"cswpt","cmill","MRT",0.003
"cswpt","cmill","MWI",0.003
"cswpt","cmill","NER",0.003
"cswpt","cmill","NGA",0.003
"cswpt","cmill","PAK",0.003
"cswpt","cmill","SDN",0.003
"cswpt","cmill","SEN",0.003
"cswpt","cmill","SLE",0.003
"cswpt","cmill","TCD",0.003
"cswpt","cmill","TGO",0.003
"cswpt","cmill","TZA",0.003
"cswpt","cmill","UGA",0.003
"cswpt","cmill","USA",0.003
"cswpt","cmill","ZMB",0.003
"cswpt","cmill","ZWE",0.003
"cswpt","crice","AGO",0.003
"cswpt","crice","ARG",0.003
"cswpt","crice","AUS",0.003
"cswpt","crice","BDI",0.003
"cswpt","crice","BEN",0.003
"cswpt","crice","BFA",0.003
"cswpt","crice","BGD",0.003
"cswpt","crice","BOL",0.003
"cswpt","crice","BRA",0.003
"cswpt","crice","CAN",0.003
"cswpt","crice","CHL",0.003
"cswpt","crice","CHM",0.003
"cswpt","crice","CIV",0.003
"cswpt","crice","CMR",0.003
"cswpt","crice","COD",0.003
"cswpt","crice","COG",0.003
"cswpt","crice","CUB",0.003
"cswpt","crice","DOM",0.003
"cswpt","crice","EGY",0.003
"cswpt","crice","ETH",0.003
"cswpt","crice","FJI",0.003
"cswpt","crice","GHA",0.003
"cswpt","crice","GIN",0.003
"cswpt","crice","GSA",0.003
"cswpt","crice","HND",0.003
"cswpt","crice","HTI",0.003
"cswpt","crice","IDN",0.003
"cswpt","crice","IND",0.003
"cswpt","crice","JAM",0.003
"cswpt","crice","JPN",0.003
"cswpt","crice","KEN",0.003
"cswpt","crice","KHM",0.003
"cswpt","crice","KOR",0.003
"cswpt","crice","LAO",0.003
"cswpt","crice","LBR",0.003
"cswpt","crice","LKA",0.003
"cswpt","crice","MDG",0.003
"cswpt","crice","MEX",0.003
"cswpt","crice","MLI",0.003
"cswpt","crice","MMR",0.003
"cswpt","crice","MOR",0.003
"cswpt","crice","MOZ",0.003
"cswpt","crice","MRT",0.003
"cswpt","crice","MWI",0.003
"cswpt","crice","MYS",0.003
"cswpt","crice","NER",0.003
"cswpt","crice","NGA",0.003
"cswpt","crice","NLD",0.003
"cswpt","crice","NZL",0.003
"cswpt","crice","OIO",0.003
"cswpt","crice","PAK",0.003
"cswpt","crice","PER",0.003
"cswpt","crice","PHL",0.003
"cswpt","crice","PRY",0.003
"cswpt","crice","RWA",0.003
"cswpt","crice","SDN",0.003
"cswpt","crice","SEN",0.003
"cswpt","crice","SLE",0.003
"cswpt","crice","SPP",0.003
"cswpt","crice","TCD",0.003
"cswpt","crice","TGO",0.003
"cswpt","crice","THA",0.003
"cswpt","crice","TZA",0.003
"cswpt","crice","UGA",0.003
"cswpt","crice","URY",0.003
"cswpt","crice","USA",0.003
"cswpt","crice","VEN",0.003
"cswpt","crice","VNM",0.003
"cswpt","crice","ZAF",0.003
"cswpt","crice","ZMB",0.003
"cswpt","crice","ZWE",0.003
"cswpt","csorg","AGO",0.003
"cswpt","csorg","ARG",0.003
"cswpt","csorg","AUS",0.003
"cswpt","csorg","BDI",0.003
"cswpt","csorg","BEN",0.003
"cswpt","csorg","BFA",0.003
"cswpt","csorg","BOL",0.003
"cswpt","csorg","BRA",0.003
"cswpt","csorg","CHM",0.003
"cswpt","csorg","CIV",0.003
"cswpt","csorg","CMR",0.003
"cswpt","csorg","CUB",0.003
"cswpt","csorg","EGY",0.003
"cswpt","csorg","ETH",0.003
"cswpt","csorg","GHA",0.003
"cswpt","csorg","GIN",0.003
"cswpt","csorg","HND",0.003
"cswpt","csorg","HTI",0.003
"cswpt","csorg","IND",0.003
"cswpt","csorg","ISR",0.003
"cswpt","csorg","KEN",0.003
"cswpt","csorg","MEX",0.003
"cswpt","csorg","MLI",0.003
"cswpt","csorg","MMR",0.003
"cswpt","csorg","MOR",0.003
"cswpt","csorg","MOZ",0.003
"cswpt","csorg","MRT",0.003
"cswpt","csorg","MWI",0.003
"cswpt","csorg","NER",0.003
"cswpt","csorg","NGA",0.003
"cswpt","csorg","PAK",0.003
"cswpt","csorg","PNG",0.003
"cswpt","csorg","PRY",0.003
"cswpt","csorg","RWA",0.003
"cswpt","csorg","SDN",0.003
"cswpt","csorg","SEN",0.003
"cswpt","csorg","SLE",0.003
"cswpt","csorg","SOM",0.003
"cswpt","csorg","SPP",0.003
"cswpt","csorg","TCD",0.003
"cswpt","csorg","TGO",0.003
"cswpt","csorg","THA",0.003
"cswpt","csorg","TZA",0.003
"cswpt","csorg","UGA",0.003
"cswpt","csorg","URY",0.003
"cswpt","csorg","USA",0.003
"cswpt","csorg","VEN",0.003
"cswpt","csorg","ZAF",0.003
"cswpt","csorg","ZMB",0.003
"cswpt","csorg","ZWE",0.003
"cswpt","cwhea","AGO",0.003
"cswpt","cwhea","ARG",0.003
"cswpt","cwhea","AUS",0.003
"cswpt","cwhea","BDI",0.003
"cswpt","cwhea","BEN",0.003
"cswpt","cwhea","BFA",0.003
"cswpt","cwhea","BGD",0.003
"cswpt","cwhea","BOL",0.003
"cswpt","cwhea","BRA",0.003
"cswpt","cwhea","CAN",0.003
"cswpt","cwhea","CHL",0.003
"cswpt","cwhea","CHM",0.003
"cswpt","cwhea","CIV",0.003
"cswpt","cwhea","CMR",0.003
"cswpt","cwhea","COD",0.003
"cswpt","cwhea","CUB",0.003
"cswpt","cwhea","DOM",0.003
"cswpt","cwhea","EGY",0.003
"cswpt","cwhea","ETH",0.003
"cswpt","cwhea","GHA",0.003
"cswpt","cwhea","GSA",0.003
"cswpt","cwhea","IDN",0.003
"cswpt","cwhea","IND",0.003
"cswpt","cwhea","ISR",0.003
"cswpt","cwhea","JPN",0.003
"cswpt","cwhea","KEN",0.003
"cswpt","cwhea","KOR",0.003
"cswpt","cwhea","LKA",0.003
"cswpt","cwhea","MDG",0.003
"cswpt","cwhea","MEX",0.003
"cswpt","cwhea","MLI",0.003
"cswpt","cwhea","MMR",0.003
"cswpt","cwhea","MOR",0.003
"cswpt","cwhea","MOZ",0.003
"cswpt","cwhea","MRT",0.003
"cswpt","cwhea","MWI",0.003
"cswpt","cwhea","MYS",0.003
"cswpt","cwhea","NGA",0.003
"cswpt","cwhea","NLD",0.003
"cswpt","cwhea","NZL",0.003
"cswpt","cwhea","PAK",0.003
"cswpt","cwhea","PER",0.003
"cswpt","cwhea","PHL",0.003
"cswpt","cwhea","PRY",0.003
"cswpt","cwhea","RWA",0.003
"cswpt","cwhea","SDN",0.003
"cswpt","cwhea","SEN",0.003
"cswpt","cwhea","SLE",0.003
"cswpt","cwhea","SOM",0.003
"cswpt","cwhea","SPP",0.003
"cswpt","cwhea","THA",0.003
"cswpt","cwhea","TZA",0.003
"cswpt","cwhea","UGA",0.003
"cswpt","cwhea","URY",0.003
"cswpt","cwhea","USA",0.003
"cswpt","cwhea","VEN",0.003
"cswpt","cwhea","VNM",0.003
"cswpt","cwhea","ZAF",0.003
"cswpt","cwhea","ZMB",0.003
"cswpt","cwhea","ZWE",0.003
"cswpt","cocer","ARG",0.003
"cswpt","cocer","AUS",0.003
"cswpt","cocer","BDI",0.003
"cswpt","cocer","BFA",0.003
"cswpt","cocer","BGD",0.003
"cswpt","cocer","BOL",0.003
"cswpt","cocer","BRA",0.003
"cswpt","cocer","CAN",0.003
"cswpt","cocer","CHL",0.003
"cswpt","cocer","CHM",0.003
"cswpt","cocer","CIV",0.003
"cswpt","cocer","EGY",0.003
"cswpt","cocer","ETH",0.003
"cswpt","cocer","GIN",0.003
"cswpt","cocer","JPN",0.003
"cswpt","cocer","KOR",0.003
"cswpt","cocer","MEX",0.003
"cswpt","cocer","MLI",0.003
"cswpt","cocer","MMR",0.003
"cswpt","cocer","MOR",0.003
"cswpt","cocer","NER",0.003
"cswpt","cocer","NGA",0.003
"cswpt","cocer","NLD",0.003
"cswpt","cocer","NZL",0.003
"cswpt","cocer","PER",0.003
"cswpt","cocer","SLE",0.003
"cswpt","cocer","SPP",0.003
"cswpt","cocer","TCD",0.003
"cswpt","cocer","TGO",0.003
"cswpt","cocer","THA",0.003
"cswpt","cocer","TZA",0.003
"cswpt","cocer","URY",0.003
"cswpt","cocer","USA",0.003
"cswpt","cocer","ZAF",0.003
"cswpt","ccass","AGO",0.003
"cswpt","ccass","ARG",0.003
"cswpt","ccass","AUS",0.003
"cswpt","ccass","BDI",0.003
"cswpt","ccass","BEN",0.003
"cswpt","ccass","BFA",0.003
"cswpt","ccass","BGD",0.003
"cswpt","ccass","BOL",0.003
"cswpt","ccass","BRA",0.003
"cswpt","ccass","CAN",0.003
"cswpt","ccass","CHL",0.003
"cswpt","ccass","CHM",0.003
"cswpt","ccass","CIV",0.003
"cswpt","ccass","CMR",0.003
"cswpt","ccass","COD",0.003
"cswpt","ccass","COG",0.003
"cswpt","ccass","CUB",0.003
"cswpt","ccass","DOM",0.003
"cswpt","ccass","FJI",0.003
"cswpt","ccass","GHA",0.003
"cswpt","ccass","GIN",0.003
"cswpt","ccass","GSA",0.003
"cswpt","ccass","HND",0.003
"cswpt","ccass","HTI",0.003
"cswpt","ccass","IDN",0.003
"cswpt","ccass","IND",0.003
"cswpt","ccass","ISR",0.003
"cswpt","ccass","JAM",0.003
"cswpt","ccass","JPN",0.003
"cswpt","ccass","KEN",0.003
"cswpt","ccass","KHM",0.003
"cswpt","ccass","KOR",0.003
"cswpt","ccass","LAO",0.003
"cswpt","ccass","LBR",0.003
"cswpt","ccass","LKA",0.003
"cswpt","ccass","MDG",0.003
"cswpt","ccass","MEX",0.003
"cswpt","ccass","MLI",0.003
"cswpt","ccass","MMR",0.003
"cswpt","ccass","MOZ",0.003
"cswpt","ccass","MWI",0.003
"cswpt","ccass","MYS",0.003
"cswpt","ccass","NER",0.003
"cswpt","ccass","NGA",0.003
"cswpt","ccass","NZL",0.003
"cswpt","ccass","OIO",0.003
"cswpt","ccass","PAK",0.003
"cswpt","ccass","PER",0.003
"cswpt","ccass","PHL",0.003
"cswpt","ccass","PNG",0.003
"cswpt","ccass","PRY",0.003
"cswpt","ccass","RWA",0.003
"cswpt","ccass","SEN",0.003
"cswpt","ccass","SLE",0.003
"cswpt","ccass","SOM",0.003
"cswpt","ccass","SPP",0.003
"cswpt","ccass","TCD",0.003
"cswpt","ccass","TGO",0.003
"cswpt","ccass","THA",0.003
"cswpt","ccass","TZA",0.003
"cswpt","ccass","UGA",0.003
"cswpt","ccass","URY",0.003
"cswpt","ccass","USA",0.003
"cswpt","ccass","VEN",0.003
"cswpt","ccass","VNM",0.003
"cswpt","ccass","ZAF",0.003
"cswpt","ccass","ZMB",0.003
"cswpt","ccass","ZWE",0.003
"cswpt","cpota","AGO",0.003
"cswpt","cpota","ARG",0.003
"cswpt","cpota","AUS",0.003
"cswpt","cpota","BDI",0.003
"cswpt","cpota","BFA",0.003
"cswpt","cpota","BGD",0.003
"cswpt","cpota","BOL",0.003
"cswpt","cpota","BRA",0.003
"cswpt","cpota","CAN",0.003
"cswpt","cpota","CHL",0.003
"cswpt","cpota","CHM",0.003
"cswpt","cpota","CIV",0.003
"cswpt","cpota","CMR",0.003
"cswpt","cpota","COD",0.003
"cswpt","cpota","COG",0.003
"cswpt","cpota","CUB",0.003
"cswpt","cpota","DOM",0.003
"cswpt","cpota","EGY",0.003
"cswpt","cpota","ETH",0.003
"cswpt","cpota","GIN",0.003
"cswpt","cpota","GSA",0.003
"cswpt","cpota","HND",0.003
"cswpt","cpota","HTI",0.003
"cswpt","cpota","IDN",0.003
"cswpt","cpota","IND",0.003
"cswpt","cpota","ISR",0.003
"cswpt","cpota","JAM",0.003
"cswpt","cpota","JPN",0.003
"cswpt","cpota","KEN",0.003
"cswpt","cpota","KHM",0.003
"cswpt","cpota","KOR",0.003
"cswpt","cpota","LKA",0.003
"cswpt","cpota","MDG",0.003
"cswpt","cpota","MEX",0.003
"cswpt","cpota","MLI",0.003
"cswpt","cpota","MMR",0.003
"cswpt","cpota","MOR",0.003
"cswpt","cpota","MOZ",0.003
"cswpt","cpota","MRT",0.003
"cswpt","cpota","MWI",0.003
"cswpt","cpota","MYS",0.003
"cswpt","cpota","NER",0.003
"cswpt","cpota","NGA",0.003
"cswpt","cpota","NLD",0.003
"cswpt","cpota","NZL",0.003
"cswpt","cpota","OIO",0.003
"cswpt","cpota","PAK",0.003
"cswpt","cpota","PER",0.003
"cswpt","cpota","PHL",0.003
"cswpt","cpota","PRY",0.003
"cswpt","cpota","RWA",0.003
"cswpt","cpota","SDN",0.003
"cswpt","cpota","SEN",0.003
"cswpt","cpota","SOM",0.003
"cswpt","cpota","SPP",0.003
"cswpt","cpota","TCD",0.003
"cswpt","cpota","THA",0.003
"cswpt","cpota","TZA",0.003
"cswpt","cpota","UGA",0.003
"cswpt","cpota","URY",0.003
"cswpt","cpota","USA",0.003
"cswpt","cpota","VEN",0.003
"cswpt","cpota","VNM",0.003
"cswpt","cpota","ZAF",0.003
"cswpt","cpota","ZMB",0.003
"cswpt","cpota","ZWE",0.003
"cswpt","cswpt","AGO",-0.323828121690239
"cswpt","cswpt","ARG",-0.18
"cswpt","cswpt","AUS",-0.12
"cswpt","cswpt","BDI",-0.355
"cswpt","cswpt","BEN",-0.36627769922377
"cswpt","cswpt","BFA",-0.275424663105179
"cswpt","cswpt","BGD",-0.096026859370086
"cswpt","cswpt","BOL",-0.15
"cswpt","cswpt","BRA",-0.159275373894686
"cswpt","cswpt","CAN",-0.1377262270633
"cswpt","cswpt","CHL",-0.15
"cswpt","cswpt","CHM",-0.12
"cswpt","cswpt","CIV",-0.37
"cswpt","cswpt","CMR",-0.364125965081428
"cswpt","cswpt","COD",-0.366147679081755
"cswpt","cswpt","COG",-0.363200346396573
"cswpt","cswpt","CUB",-0.15
"cswpt","cswpt","DOM",-0.15
"cswpt","cswpt","EGY",-0.3
"cswpt","cswpt","ETH",-0.277812913477585
"cswpt","cswpt","FJI",-0.13
"cswpt","cswpt","GHA",-0.357515474097953
"cswpt","cswpt","GIN",-0.365095727105307
"cswpt","cswpt","GSA",-0.15
"cswpt","cswpt","HND",-0.15
"cswpt","cswpt","HTI",-0.15
"cswpt","cswpt","IDN",-0.228516485903572
"cswpt","cswpt","IND",-0.148982022643635
"cswpt","cswpt","ISR",-0.139958858132352
"cswpt","cswpt","JAM",-0.13
"cswpt","cswpt","JPN",-0.198605465050587
"cswpt","cswpt","KEN",-0.353340396725167
"cswpt","cswpt","KHM",-0.17
"cswpt","cswpt","KOR",-0.176919591676628
"cswpt","cswpt","LAO",-0.17
"cswpt","cswpt","LBR",-0.37
"cswpt","cswpt","LKA",-0.131430136472865
"cswpt","cswpt","MDG",-0.345
"cswpt","cswpt","MEX",-0.153379042390635
"cswpt","cswpt","MLI",-0.2765560956541
"cswpt","cswpt","MMR",-0.17
"cswpt","cswpt","MOR",-0.201179292489931
"cswpt","cswpt","MOZ",-0.322593064139402
"cswpt","cswpt","MRT",-0.279209055036405
"cswpt","cswpt","MWI",-0.344933838981955
"cswpt","cswpt","MYS",-0.0882996064395612
"cswpt","cswpt","NER",-0.279700275160149
"cswpt","cswpt","NGA",-0.336453774753728
"cswpt","cswpt","NLD",-0.108991517444379
"cswpt","cswpt","NZL",-0.14
"cswpt","cswpt","OIO",-0.13
"cswpt","cswpt","PAK",-0.105288406137736
"cswpt","cswpt","PER",-0.15
"cswpt","cswpt","PHL",-0.13
"cswpt","cswpt","PNG",-0.13
"cswpt","cswpt","PRY",-0.15
"cswpt","cswpt","RWA",-0.337089520104966
"cswpt","cswpt","SDN",-0.269802166983794
"cswpt","cswpt","SEN",-0.363581126740972
"cswpt","cswpt","SLB",-0.13
"cswpt","cswpt","SLE",-0.358835352402594
"cswpt","cswpt","SOM",-0.28
"cswpt","cswpt","SPP",-0.106350694775164
"cswpt","cswpt","TCD",-0.267175325250222
"cswpt","cswpt","TGO",-0.37
"cswpt","cswpt","THA",-0.1053229545184
"cswpt","cswpt","TZA",-0.353394332978695
"cswpt","cswpt","UGA",-0.342071279078656
"cswpt","cswpt","URY",-0.15
"cswpt","cswpt","USA",-0.107851743702346
"cswpt","cswpt","VEN",-0.15
"cswpt","cswpt","VNM",-0.2
"cswpt","cswpt","ZAF",-0.14
"cswpt","cswpt","ZMB",-0.332220885037766
"cswpt","cswpt","ZWE",-0.345
"cswpt","cyams","BEN",0.003
"cswpt","cyams","BFA",0.003
"cswpt","cyams","BRA",0.003
"cswpt","cyams","CIV",0.003
"cswpt","cyams","CMR",0.003
"cswpt","cyams","COD",0.003
"cswpt","cyams","COG",0.003
"cswpt","cyams","CUB",0.003
"cswpt","cyams","DOM",0.003
"cswpt","cyams","ETH",0.003
"cswpt","cyams","GHA",0.003
"cswpt","cyams","GIN",0.003
"cswpt","cyams","HTI",0.003
"cswpt","cyams","JAM",0.003
"cswpt","cyams","JPN",0.003
"cswpt","cyams","KEN",0.003
"cswpt","cyams","LBR",0.003
"cswpt","cyams","MLI",0.003
"cswpt","cyams","MYS",0.003
"cswpt","cyams","NGA",0.003
"cswpt","cyams","OIO",0.003
"cswpt","cyams","PNG",0.003
"cswpt","cyams","RWA",0.003
"cswpt","cyams","SDN",0.003
"cswpt","cyams","SEN",0.003
"cswpt","cyams","SLB",0.003
"cswpt","cyams","TCD",0.003
"cswpt","cyams","TGO",0.003
"cswpt","cyams","TZA",0.003
"cswpt","cyams","VEN",0.003
"cswpt","corat","BDI",0.003
"cswpt","corat","BOL",0.003
"cswpt","corat","CHM",0.003
"cswpt","corat","CIV",0.003
"cswpt","corat","CMR",0.003
"cswpt","corat","COD",0.003
"cswpt","corat","COG",0.003
"cswpt","corat","CUB",0.003
"cswpt","corat","DOM",0.003
"cswpt","corat","EGY",0.003
"cswpt","corat","ETH",0.003
"cswpt","corat","FJI",0.003
"cswpt","corat","GHA",0.003
"cswpt","corat","GIN",0.003
"cswpt","corat","GSA",0.003
"cswpt","corat","HND",0.003
"cswpt","corat","HTI",0.003
"cswpt","corat","IDN",0.003
"cswpt","corat","JAM",0.003
"cswpt","corat","JPN",0.003
"cswpt","corat","KEN",0.003
"cswpt","corat","KHM",0.003
"cswpt","corat","LAO",0.003
"cswpt","corat","LBR",0.003
"cswpt","corat","MDG",0.003
"cswpt","corat","MEX",0.003
"cswpt","corat","MOZ",0.003
"cswpt","corat","MYS",0.003
"cswpt","corat","NGA",0.003
"cswpt","corat","OIO",0.003
"cswpt","corat","PAK",0.003
"cswpt","corat","PER",0.003
"cswpt","corat","PHL",0.003
"cswpt","corat","PNG",0.003
"cswpt","corat","RWA",0.003
"cswpt","corat","SLB",0.003
"cswpt","corat","TCD",0.003
"cswpt","corat","TGO",0.003
"cswpt","corat","THA",0.003
"cswpt","corat","USA",0.003
"cswpt","corat","VEN",0.003
"cswpt","cplnt","BGD",0.003
"cswpt","cplnt","BOL",0.003
"cswpt","cplnt","CIV",0.003
"cswpt","cplnt","CMR",0.003
"cswpt","cplnt","COD",0.003
"cswpt","cplnt","COG",0.003
"cswpt","cplnt","CUB",0.003
"cswpt","cplnt","DOM",0.003
"cswpt","cplnt","FJI",0.003
"cswpt","cplnt","GHA",0.003
"cswpt","cplnt","GIN",0.003
"cswpt","cplnt","GSA",0.003
"cswpt","cplnt","HND",0.003
"cswpt","cplnt","HTI",0.003
"cswpt","cplnt","JAM",0.003
"cswpt","cplnt","KEN",0.003
"cswpt","cplnt","LBR",0.003
"cswpt","cplnt","LKA",0.003
"cswpt","cplnt","MMR",0.003
"cswpt","cplnt","MWI",0.003
"cswpt","cplnt","NGA",0.003
"cswpt","cplnt","PHL",0.003
"cswpt","cplnt","RWA",0.003
"cswpt","cplnt","SLE",0.003
"cswpt","cplnt","SPP",0.003
"cswpt","cplnt","TZA",0.003
"cswpt","cplnt","UGA",0.003
"cswpt","cplnt","VEN",0.003
"cswpt","csugr","AGO",0.003
"cswpt","csugr","ARG",0.003
"cswpt","csugr","AUS",0.003
"cswpt","csugr","BGD",0.003
"cswpt","csugr","BOL",0.003
"cswpt","csugr","BRA",0.003
"cswpt","csugr","CHM",0.003
"cswpt","csugr","CMR",0.003
"cswpt","csugr","EGY",0.003
"cswpt","csugr","FJI",0.003
"cswpt","csugr","GSA",0.003
"cswpt","csugr","HND",0.003
"cswpt","csugr","IDN",0.003
"cswpt","csugr","IND",0.003
"cswpt","csugr","ISR",0.003
"cswpt","csugr","KEN",0.003
"cswpt","csugr","KHM",0.003
"cswpt","csugr","KOR",0.003
"cswpt","csugr","LAO",0.003
"cswpt","csugr","LKA",0.003
"cswpt","csugr","MEX",0.003
"cswpt","csugr","MOR",0.003
"cswpt","csugr","MRT",0.003
"cswpt","csugr","MYS",0.003
"cswpt","csugr","NLD",0.003
"cswpt","csugr","NZL",0.003
"cswpt","csugr","OIO",0.003
"cswpt","csugr","PAK",0.003
"cswpt","csugr","PER",0.003
"cswpt","csugr","PRY",0.003
"cswpt","csugr","RWA",0.003
"cswpt","csugr","SPP",0.003
"cswpt","csugr","TGO",0.003
"cswpt","csugr","THA",0.003
"cswpt","csugr","TZA",0.003
"cswpt","csugr","UGA",0.003
"cswpt","csugr","URY",0.003
"cswpt","csugr","USA",0.003
"cswpt","csugr","VEN",0.003
"cswpt","csugr","VNM",0.003
"cswpt","csugr","ZAF",0.003
"cswpt","csugr","ZMB",0.003
"cswpt","csugr","ZWE",0.003
"cyams","cbarl","BEN",0.003
"cyams","cbarl","BFA",0.003
"cyams","cbarl","BRA",0.003
"cyams","cbarl","CAF",0.003
"cyams","cbarl","CIV",0.003
"cyams","cbarl","CMR",0.003
"cyams","cbarl","COD",0.003
"cyams","cbarl","COG",0.003
"cyams","cbarl","COL",0.003
"cyams","cbarl","CRB",0.003
"cyams","cbarl","CRI",0.003
"cyams","cbarl","CUB",0.003
"cyams","cbarl","DOM",0.003
"cyams","cbarl","ETH",0.003
"cyams","cbarl","GAB",0.003
"cyams","cbarl","GHA",0.003
"cyams","cbarl","GIN",0.003
"cyams","cbarl","HTI",0.003
"cyams","cbarl","JAM",0.003
"cyams","cbarl","JPN",0.003
"cyams","cbarl","KEN",0.003
"cyams","cbarl","LBR",0.003
"cyams","cbarl","MLI",0.003
"cyams","cbarl","MYS",0.003
"cyams","cbarl","NGA",0.003
"cyams","cbarl","OIO",0.003
"cyams","cbarl","PAN",0.003
"cyams","cbarl","PNG",0.003
"cyams","cbarl","RAP",0.003
"cyams","cbarl","RWA",0.003
"cyams","cbarl","SEN",0.003
"cyams","cbarl","SLB",0.003
"cyams","cbarl","TCD",0.003
"cyams","cbarl","TGO",0.003
"cyams","cbarl","TZA",0.003
"cyams","cbarl","VEN",0.003
"cyams","cmaiz","BEN",0.00375
"cyams","cmaiz","BFA",0.00375
"cyams","cmaiz","BRA",0.00375
"cyams","cmaiz","CAF",0.00375
"cyams","cmaiz","CIV",0.00375
"cyams","cmaiz","CMR",0.00375
"cyams","cmaiz","COD",0.00375
"cyams","cmaiz","COG",0.00375
"cyams","cmaiz","COL",0.00375
"cyams","cmaiz","CRB",0.00375
"cyams","cmaiz","CRI",0.00375
"cyams","cmaiz","CUB",0.00375
"cyams","cmaiz","DOM",0.00375
"cyams","cmaiz","ETH",0.00375
"cyams","cmaiz","GAB",0.00375
"cyams","cmaiz","GHA",0.00375
"cyams","cmaiz","GIN",0.00375
"cyams","cmaiz","HTI",0.00375
"cyams","cmaiz","JAM",0.00375
"cyams","cmaiz","JPN",0.00375
"cyams","cmaiz","KEN",0.00375
"cyams","cmaiz","MLI",0.00375
"cyams","cmaiz","MYS",0.00375
"cyams","cmaiz","NGA",0.00375
"cyams","cmaiz","OIO",0.00375
"cyams","cmaiz","PAN",0.00375
"cyams","cmaiz","PNG",0.00375
"cyams","cmaiz","RAP",0.00375
"cyams","cmaiz","RWA",0.00375
"cyams","cmaiz","SDN",0.00375
"cyams","cmaiz","SEN",0.00375
"cyams","cmaiz","TCD",0.00375
"cyams","cmaiz","TGO",0.00375
"cyams","cmaiz","TZA",0.00375
"cyams","cmaiz","VEN",0.00375
"cyams","cmill","BEN",0.003
"cyams","cmill","BFA",0.003
"cyams","cmill","CAF",0.003
"cyams","cmill","CIV",0.003
"cyams","cmill","CMR",0.003
"cyams","cmill","COD",0.003
"cyams","cmill","COG",0.003
"cyams","cmill","ETH",0.003
"cyams","cmill","GHA",0.003
"cyams","cmill","GIN",0.003
"cyams","cmill","KEN",0.003
"cyams","cmill","MLI",0.003
"cyams","cmill","NGA",0.003
"cyams","cmill","SDN",0.003
"cyams","cmill","SEN",0.003
"cyams","cmill","TCD",0.003
"cyams","cmill","TGO",0.003
"cyams","cmill","TZA",0.003
"cyams","crice","BEN",0.003
"cyams","crice","BFA",0.003
"cyams","crice","BRA",0.003
"cyams","crice","CAF",0.003
"cyams","crice","CIV",0.003
"cyams","crice","CMR",0.003
"cyams","crice","COD",0.003
"cyams","crice","COG",0.003
"cyams","crice","COL",0.003
"cyams","crice","CRB",0.003
"cyams","crice","CRI",0.003
"cyams","crice","CUB",0.003
"cyams","crice","DOM",0.003
"cyams","crice","ETH",0.003
"cyams","crice","GHA",0.003
"cyams","crice","GIN",0.003
"cyams","crice","HTI",0.003
"cyams","crice","JAM",0.003
"cyams","crice","JPN",0.003
"cyams","crice","KEN",0.003
"cyams","crice","LBR",0.003
"cyams","crice","MLI",0.003
"cyams","crice","MYS",0.003
"cyams","crice","NGA",0.003
"cyams","crice","OIO",0.003
"cyams","crice","PAN",0.003
"cyams","crice","RAP",0.003
"cyams","crice","RWA",0.003
"cyams","crice","SDN",0.003
"cyams","crice","SEN",0.003
"cyams","crice","TCD",0.003
"cyams","crice","TGO",0.003
"cyams","crice","TZA",0.003
"cyams","crice","VEN",0.003
"cyams","csorg","BEN",0.003
"cyams","csorg","BFA",0.003
"cyams","csorg","BRA",0.003
"cyams","csorg","CAF",0.003
"cyams","csorg","CIV",0.003
"cyams","csorg","CMR",0.003
"cyams","csorg","CUB",0.003
"cyams","csorg","ETH",0.003
"cyams","csorg","GHA",0.003
"cyams","csorg","GIN",0.003
"cyams","csorg","HTI",0.003
"cyams","csorg","KEN",0.003
"cyams","csorg","MLI",0.003
"cyams","csorg","NGA",0.003
"cyams","csorg","PNG",0.003
"cyams","csorg","RAP",0.003
"cyams","csorg","RWA",0.003
"cyams","csorg","SDN",0.003
"cyams","csorg","SEN",0.003
"cyams","csorg","TCD",0.003
"cyams","csorg","TGO",0.003
"cyams","csorg","TZA",0.003
"cyams","csorg","VEN",0.003
"cyams","cwhea","BEN",0.003
"cyams","cwhea","BFA",0.003
"cyams","cwhea","BRA",0.003
"cyams","cwhea","CIV",0.003
"cyams","cwhea","CMR",0.003
"cyams","cwhea","COD",0.003
"cyams","cwhea","COL",0.003
"cyams","cwhea","CRB",0.003
"cyams","cwhea","CRI",0.003
"cyams","cwhea","CUB",0.003
"cyams","cwhea","DOM",0.003
"cyams","cwhea","ETH",0.003
"cyams","cwhea","GAB",0.003
"cyams","cwhea","GHA",0.003
"cyams","cwhea","JPN",0.003
"cyams","cwhea","KEN",0.003
"cyams","cwhea","MLI",0.003
"cyams","cwhea","MYS",0.003
"cyams","cwhea","NGA",0.003
"cyams","cwhea","PAN",0.003
"cyams","cwhea","RAP",0.003
"cyams","cwhea","RWA",0.003
"cyams","cwhea","SDN",0.003
"cyams","cwhea","SEN",0.003
"cyams","cwhea","TZA",0.003
"cyams","cwhea","VEN",0.003
"cyams","cocer","BFA",0.003
"cyams","cocer","BRA",0.003
"cyams","cocer","CIV",0.003
"cyams","cocer","ETH",0.003
"cyams","cocer","GIN",0.003
"cyams","cocer","JPN",0.003
"cyams","cocer","MLI",0.003
"cyams","cocer","NGA",0.003
"cyams","cocer","TCD",0.003
"cyams","cocer","TGO",0.003
"cyams","cocer","TZA",0.003
"cyams","ccass","BEN",0.003
"cyams","ccass","BFA",0.003
"cyams","ccass","BRA",0.003
"cyams","ccass","CAF",0.003
"cyams","ccass","CIV",0.003
"cyams","ccass","CMR",0.003
"cyams","ccass","COD",0.003
"cyams","ccass","COG",0.003
"cyams","ccass","COL",0.003
"cyams","ccass","CRI",0.003
"cyams","ccass","CUB",0.003
"cyams","ccass","DOM",0.003
"cyams","ccass","GAB",0.003
"cyams","ccass","GHA",0.003
"cyams","ccass","GIN",0.003
"cyams","ccass","HTI",0.003
"cyams","ccass","JAM",0.003
"cyams","ccass","JPN",0.003
"cyams","ccass","KEN",0.003
"cyams","ccass","LBR",0.003
"cyams","ccass","MLI",0.003
"cyams","ccass","MYS",0.003
"cyams","ccass","NGA",0.003
"cyams","ccass","OIO",0.003
"cyams","ccass","PAN",0.003
"cyams","ccass","PNG",0.003
"cyams","ccass","RAP",0.003
"cyams","ccass","RWA",0.003
"cyams","ccass","SEN",0.003
"cyams","ccass","TCD",0.003
"cyams","ccass","TGO",0.003
"cyams","ccass","TZA",0.003
"cyams","ccass","VEN",0.003
"cyams","cpota","BFA",0.003
"cyams","cpota","BRA",0.003
"cyams","cpota","CAF",0.003
"cyams","cpota","CIV",0.003
"cyams","cpota","CMR",0.003
"cyams","cpota","COD",0.003
"cyams","cpota","COG",0.003
"cyams","cpota","COL",0.003
"cyams","cpota","CRB",0.003
"cyams","cpota","CRI",0.003
"cyams","cpota","CUB",0.003
"cyams","cpota","DOM",0.003
"cyams","cpota","ETH",0.003
"cyams","cpota","GIN",0.003
"cyams","cpota","HTI",0.003
"cyams","cpota","JAM",0.003
"cyams","cpota","JPN",0.003
"cyams","cpota","KEN",0.003
"cyams","cpota","MLI",0.003
"cyams","cpota","MYS",0.003
"cyams","cpota","NGA",0.003
"cyams","cpota","OIO",0.003
"cyams","cpota","PAN",0.003
"cyams","cpota","RAP",0.003
"cyams","cpota","RWA",0.003
"cyams","cpota","SDN",0.003
"cyams","cpota","SEN",0.003
"cyams","cpota","TCD",0.003
"cyams","cpota","TZA",0.003
"cyams","cpota","VEN",0.003
"cyams","cswpt","BEN",0.003
"cyams","cswpt","BFA",0.003
"cyams","cswpt","BRA",0.003
"cyams","cswpt","CIV",0.003
"cyams","cswpt","CMR",0.003
"cyams","cswpt","COD",0.003
"cyams","cswpt","COG",0.003
"cyams","cswpt","CUB",0.003
"cyams","cswpt","DOM",0.003
"cyams","cswpt","ETH",0.003
"cyams","cswpt","GHA",0.003
"cyams","cswpt","GIN",0.003
"cyams","cswpt","HTI",0.003
"cyams","cswpt","JAM",0.003
"cyams","cswpt","JPN",0.003
"cyams","cswpt","KEN",0.003
"cyams","cswpt","LBR",0.003
"cyams","cswpt","MLI",0.003
"cyams","cswpt","MYS",0.003
"cyams","cswpt","NGA",0.003
"cyams","cswpt","OIO",0.003
"cyams","cswpt","PNG",0.003
"cyams","cswpt","RWA",0.003
"cyams","cswpt","SDN",0.003
"cyams","cswpt","SEN",0.003
"cyams","cswpt","SLB",0.003
"cyams","cswpt","TCD",0.003
"cyams","cswpt","TGO",0.003
"cyams","cswpt","TZA",0.003
"cyams","cswpt","VEN",0.003
"cyams","cyams","BEN",-0.36627769922377
"cyams","cyams","BFA",-0.275424663105179
"cyams","cyams","BRA",-0.159275373894686
"cyams","cyams","CAF",-0.37
"cyams","cyams","CIV",-0.37
"cyams","cyams","CMR",-0.364125965081428
"cyams","cyams","COD",-0.366147679081755
"cyams","cyams","COG",-0.363200346396573
"cyams","cyams","COL",-0.175
"cyams","cyams","CRB",-0.13
"cyams","cyams","CRI",-0.15
"cyams","cyams","CUB",-0.15
"cyams","cyams","DOM",-0.15
"cyams","cyams","ETH",-0.277812913477585
"cyams","cyams","GAB",-0.37
"cyams","cyams","GHA",-0.357515474097953
"cyams","cyams","GIN",-0.365095727105307
"cyams","cyams","HTI",-0.15
"cyams","cyams","JAM",-0.13
"cyams","cyams","JPN",-0.198605465050587
"cyams","cyams","KEN",-0.353340396725167
"cyams","cyams","LBR",-0.37
"cyams","cyams","MLI",-0.2765560956541
"cyams","cyams","MYS",-0.0882996064395612
"cyams","cyams","NGA",-0.336453774753728
"cyams","cyams","OIO",-0.13
"cyams","cyams","PAN",-0.15
"cyams","cyams","PNG",-0.13
"cyams","cyams","RAP",-0.202299494620934
"cyams","cyams","RWA",-0.337089520104966
"cyams","cyams","SDN",-0.269802166983794
"cyams","cyams","SEN",-0.363581126740972
"cyams","cyams","SLB",-0.13
"cyams","cyams","TCD",-0.267175325250222
"cyams","cyams","TGO",-0.37
"cyams","cyams","TZA",-0.353394332978695
"cyams","cyams","VEN",-0.15
"cyams","corat","CAF",0.003
"cyams","corat","CIV",0.003
"cyams","corat","CMR",0.003
"cyams","corat","COD",0.003
"cyams","corat","COG",0.003
"cyams","corat","COL",0.003
"cyams","corat","CRB",0.003
"cyams","corat","CRI",0.003
"cyams","corat","CUB",0.003
"cyams","corat","DOM",0.003
"cyams","corat","ETH",0.003
"cyams","corat","GAB",0.003
"cyams","corat","GHA",0.003
"cyams","corat","GIN",0.003
"cyams","corat","HTI",0.003
"cyams","corat","JAM",0.003
"cyams","corat","JPN",0.003
"cyams","corat","KEN",0.003
"cyams","corat","LBR",0.003
"cyams","corat","MYS",0.003
"cyams","corat","NGA",0.003
"cyams","corat","OIO",0.003
"cyams","corat","PAN",0.003
"cyams","corat","PNG",0.003
"cyams","corat","RWA",0.003
"cyams","corat","SLB",0.003
"cyams","corat","TCD",0.003
"cyams","corat","TGO",0.003
"cyams","corat","VEN",0.003
"cyams","cplnt","CAF",0.003
"cyams","cplnt","CIV",0.003
"cyams","cplnt","CMR",0.003
"cyams","cplnt","COD",0.003
"cyams","cplnt","COG",0.003
"cyams","cplnt","COL",0.003
"cyams","cplnt","CRB",0.003
"cyams","cplnt","CRI",0.003
"cyams","cplnt","CUB",0.003
"cyams","cplnt","DOM",0.003
"cyams","cplnt","GAB",0.003
"cyams","cplnt","GHA",0.003
"cyams","cplnt","GIN",0.003
"cyams","cplnt","HTI",0.003
"cyams","cplnt","JAM",0.003
"cyams","cplnt","KEN",0.003
"cyams","cplnt","LBR",0.003
"cyams","cplnt","NGA",0.003
"cyams","cplnt","PAN",0.003
"cyams","cplnt","RAP",0.003
"cyams","cplnt","RWA",0.003
"cyams","cplnt","TZA",0.003
"cyams","cplnt","VEN",0.003
"cyams","csugr","BRA",0.003
"cyams","csugr","CMR",0.003
"cyams","csugr","COL",0.003
"cyams","csugr","CRB",0.003
"cyams","csugr","CRI",0.003
"cyams","csugr","KEN",0.003
"cyams","csugr","MYS",0.003
"cyams","csugr","OIO",0.003
"cyams","csugr","PAN",0.003
"cyams","csugr","RAP",0.003
"cyams","csugr","RWA",0.003
"cyams","csugr","TGO",0.003
"cyams","csugr","TZA",0.003
"cyams","csugr","VEN",0.003
"corat","cbarl","BDI",0.003
"corat","cbarl","BOL",0.003
"corat","cbarl","BWA",0.003
"corat","cbarl","CAF",0.003
"corat","cbarl","CHM",0.003
"corat","cbarl","CIV",0.003
"corat","cbarl","CMR",0.003
"corat","cbarl","COD",0.003
"corat","cbarl","COG",0.003
"corat","cbarl","COL",0.003
"corat","cbarl","CRB",0.003
"corat","cbarl","CRI",0.003
"corat","cbarl","CUB",0.003
"corat","cbarl","DOM",0.003
"corat","cbarl","ECU",0.003
"corat","cbarl","EGY",0.003
"corat","cbarl","ETH",0.003
"corat","cbarl","FJI",0.003
"corat","cbarl","GAB",0.003
"corat","cbarl","GHA",0.003
"corat","cbarl","GIN",0.003
"corat","cbarl","GNB",0.003
"corat","cbarl","GSA",0.003
"corat","cbarl","HND",0.003
"corat","cbarl","HTI",0.003
"corat","cbarl","IDN",0.003
"corat","cbarl","JAM",0.003
"corat","cbarl","JPN",0.003
"corat","cbarl","KEN",0.003
"corat","cbarl","KHM",0.003
"corat","cbarl","LAO",0.003
"corat","cbarl","LBR",0.003
"corat","cbarl","MDG",0.003
"corat","cbarl","MEX",0.003
"corat","cbarl","MOZ",0.003
"corat","cbarl","MYS",0.003
"corat","cbarl","NAM",0.003
"corat","cbarl","NGA",0.003
"corat","cbarl","NIC",0.003
"corat","cbarl","NPL",0.003
"corat","cbarl","OIO",0.003
"corat","cbarl","OPO",0.003
"corat","cbarl","PAK",0.003
"corat","cbarl","PAN",0.003
"corat","cbarl","PER",0.003
"corat","cbarl","PHL",0.003
"corat","cbarl","PNG",0.003
"corat","cbarl","RWA",0.003
"corat","cbarl","SLB",0.003
"corat","cbarl","SLV",0.003
"corat","cbarl","SWZ",0.003
"corat","cbarl","TCD",0.003
"corat","cbarl","TGO",0.003
"corat","cbarl","THA",0.003
"corat","cbarl","USA",0.003
"corat","cbarl","VEN",0.003
"corat","cmaiz","BDI",0.00375
"corat","cmaiz","BOL",0.00375
"corat","cmaiz","BTN",0.00375
"corat","cmaiz","BWA",0.00375
"corat","cmaiz","CAF",0.00375
"corat","cmaiz","CHM",0.00375
"corat","cmaiz","CIV",0.00375
"corat","cmaiz","CMR",0.00375
"corat","cmaiz","COD",0.00375
"corat","cmaiz","COG",0.00375
"corat","cmaiz","COL",0.00375
"corat","cmaiz","CRB",0.00375
"corat","cmaiz","CRI",0.00375
"corat","cmaiz","CUB",0.00375
"corat","cmaiz","DOM",0.00375
"corat","cmaiz","ECU",0.00375
"corat","cmaiz","EGY",0.00375
"corat","cmaiz","ETH",0.00375
"corat","cmaiz","GAB",0.00375
"corat","cmaiz","GHA",0.00375
"corat","cmaiz","GIN",0.00375
"corat","cmaiz","GNB",0.00375
"corat","cmaiz","GSA",0.00375
"corat","cmaiz","HND",0.00375
"corat","cmaiz","HTI",0.00375
"corat","cmaiz","IDN",0.00375
"corat","cmaiz","JAM",0.00375
"corat","cmaiz","JPN",0.00375
"corat","cmaiz","KEN",0.00375
"corat","cmaiz","KHM",0.00375
"corat","cmaiz","LAO",0.00375
"corat","cmaiz","MDG",0.00375
"corat","cmaiz","MEX",0.00375
"corat","cmaiz","MOZ",0.00375
"corat","cmaiz","MYS",0.00375
"corat","cmaiz","NAM",0.00375
"corat","cmaiz","NGA",0.00375
"corat","cmaiz","NIC",0.00375
"corat","cmaiz","NPL",0.00375
"corat","cmaiz","OIO",0.00375
"corat","cmaiz","OPO",0.00375
"corat","cmaiz","PAK",0.00375
"corat","cmaiz","PAN",0.00375
"corat","cmaiz","PER",0.00375
"corat","cmaiz","PHL",0.00375
"corat","cmaiz","PNG",0.00375
"corat","cmaiz","RWA",0.00375
"corat","cmaiz","SLV",0.00375
"corat","cmaiz","SWZ",0.00375
"corat","cmaiz","TCD",0.00375
"corat","cmaiz","TGO",0.00375
"corat","cmaiz","THA",0.00375
"corat","cmaiz","TLS",0.00375
"corat","cmaiz","USA",0.00375
"corat","cmaiz","VEN",0.00375
"corat","cmill","BDI",0.003
"corat","cmill","CAF",0.003
"corat","cmill","CHM",0.003
"corat","cmill","CIV",0.003
"corat","cmill","CMR",0.003
"corat","cmill","COD",0.003
"corat","cmill","COG",0.003
"corat","cmill","ETH",0.003
"corat","cmill","GHA",0.003
"corat","cmill","GIN",0.003
"corat","cmill","GNB",0.003
"corat","cmill","KEN",0.003
"corat","cmill","MOZ",0.003
"corat","cmill","NAM",0.003
"corat","cmill","NGA",0.003
"corat","cmill","NPL",0.003
"corat","cmill","PAK",0.003
"corat","cmill","TCD",0.003
"corat","cmill","TGO",0.003
"corat","cmill","USA",0.003
"corat","crice","BDI",0.003
"corat","crice","BOL",0.003
"corat","crice","BTN",0.003
"corat","crice","BWA",0.003
"corat","crice","CAF",0.003
"corat","crice","CHM",0.003
"corat","crice","CIV",0.003
"corat","crice","CMR",0.003
"corat","crice","COD",0.003
"corat","crice","COG",0.003
"corat","crice","COL",0.003
"corat","crice","CRB",0.003
"corat","crice","CRI",0.003
"corat","crice","CUB",0.003
"corat","crice","DOM",0.003
"corat","crice","ECU",0.003
"corat","crice","EGY",0.003
"corat","crice","ETH",0.003
"corat","crice","FJI",0.003
"corat","crice","GHA",0.003
"corat","crice","GIN",0.003
"corat","crice","GNB",0.003
"corat","crice","GSA",0.003
"corat","crice","HND",0.003
"corat","crice","HTI",0.003
"corat","crice","IDN",0.003
"corat","crice","JAM",0.003
"corat","crice","JPN",0.003
"corat","crice","KEN",0.003
"corat","crice","KHM",0.003
"corat","crice","LAO",0.003
"corat","crice","LBR",0.003
"corat","crice","MDG",0.003
"corat","crice","MEX",0.003
"corat","crice","MOZ",0.003
"corat","crice","MYS",0.003
"corat","crice","NAM",0.003
"corat","crice","NGA",0.003
"corat","crice","NIC",0.003
"corat","crice","NPL",0.003
"corat","crice","OIO",0.003
"corat","crice","PAK",0.003
"corat","crice","PAN",0.003
"corat","crice","PER",0.003
"corat","crice","PHL",0.003
"corat","crice","RWA",0.003
"corat","crice","SLV",0.003
"corat","crice","TCD",0.003
"corat","crice","TGO",0.003
"corat","crice","THA",0.003
"corat","crice","TLS",0.003
"corat","crice","USA",0.003
"corat","crice","VEN",0.003
"corat","csorg","BDI",0.003
"corat","csorg","BOL",0.003
"corat","csorg","BWA",0.003
"corat","csorg","CAF",0.003
"corat","csorg","CHM",0.003
"corat","csorg","CIV",0.003
"corat","csorg","CMR",0.003
"corat","csorg","CUB",0.003
"corat","csorg","ECU",0.003
"corat","csorg","EGY",0.003
"corat","csorg","ETH",0.003
"corat","csorg","GHA",0.003
"corat","csorg","GIN",0.003
"corat","csorg","GNB",0.003
"corat","csorg","HND",0.003
"corat","csorg","HTI",0.003
"corat","csorg","KEN",0.003
"corat","csorg","MEX",0.003
"corat","csorg","MOZ",0.003
"corat","csorg","NAM",0.003
"corat","csorg","NGA",0.003
"corat","csorg","NIC",0.003
"corat","csorg","PAK",0.003
"corat","csorg","PNG",0.003
"corat","csorg","RWA",0.003
"corat","csorg","SLV",0.003
"corat","csorg","SWZ",0.003
"corat","csorg","TCD",0.003
"corat","csorg","TGO",0.003
"corat","csorg","THA",0.003
"corat","csorg","USA",0.003
"corat","csorg","VEN",0.003
"corat","cwhea","BDI",0.003
"corat","cwhea","BOL",0.003
"corat","cwhea","BTN",0.003
"corat","cwhea","BWA",0.003
"corat","cwhea","CHM",0.003
"corat","cwhea","CIV",0.003
"corat","cwhea","CMR",0.003
"corat","cwhea","COD",0.003
"corat","cwhea","COL",0.003
"corat","cwhea","CRB",0.003
"corat","cwhea","CRI",0.003
"corat","cwhea","CUB",0.003
"corat","cwhea","DOM",0.003
"corat","cwhea","ECU",0.003
"corat","cwhea","EGY",0.003
"corat","cwhea","ETH",0.003
"corat","cwhea","GAB",0.003
"corat","cwhea","GHA",0.003
"corat","cwhea","GSA",0.003
"corat","cwhea","IDN",0.003
"corat","cwhea","JPN",0.003
"corat","cwhea","KEN",0.003
"corat","cwhea","MDG",0.003
"corat","cwhea","MEX",0.003
"corat","cwhea","MOZ",0.003
"corat","cwhea","MYS",0.003
"corat","cwhea","NGA",0.003
"corat","cwhea","NIC",0.003
"corat","cwhea","NPL",0.003
"corat","cwhea","OPO",0.003
"corat","cwhea","PAK",0.003
"corat","cwhea","PAN",0.003
"corat","cwhea","PER",0.003
"corat","cwhea","PHL",0.003
"corat","cwhea","RWA",0.003
"corat","cwhea","SLV",0.003
"corat","cwhea","SWZ",0.003
"corat","cwhea","THA",0.003
"corat","cwhea","USA",0.003
"corat","cwhea","VEN",0.003
"corat","cocer","BDI",0.003
"corat","cocer","BOL",0.003
"corat","cocer","CHM",0.003
"corat","cocer","CIV",0.003
"corat","cocer","ECU",0.003
"corat","cocer","EGY",0.003
"corat","cocer","ETH",0.003
"corat","cocer","GIN",0.003
"corat","cocer","JPN",0.003
"corat","cocer","MEX",0.003
"corat","cocer","NGA",0.003
"corat","cocer","NPL",0.003
"corat","cocer","PER",0.003
"corat","cocer","TCD",0.003
"corat","cocer","TGO",0.003
"corat","cocer","THA",0.003
"corat","cocer","USA",0.003
"corat","ccass","BDI",0.003
"corat","ccass","BOL",0.003
"corat","ccass","CAF",0.003
"corat","ccass","CHM",0.003
"corat","ccass","CIV",0.003
"corat","ccass","CMR",0.003
"corat","ccass","COD",0.003
"corat","ccass","COG",0.003
"corat","ccass","COL",0.003
"corat","ccass","CRI",0.003
"corat","ccass","CUB",0.003
"corat","ccass","DOM",0.003
"corat","ccass","ECU",0.003
"corat","ccass","FJI",0.003
"corat","ccass","GAB",0.003
"corat","ccass","GHA",0.003
"corat","ccass","GIN",0.003
"corat","ccass","GNB",0.003
"corat","ccass","GSA",0.003
"corat","ccass","HND",0.003
"corat","ccass","HTI",0.003
"corat","ccass","IDN",0.003
"corat","ccass","JAM",0.003
"corat","ccass","JPN",0.003
"corat","ccass","KEN",0.003
"corat","ccass","KHM",0.003
"corat","ccass","LAO",0.003
"corat","ccass","LBR",0.003
"corat","ccass","MDG",0.003
"corat","ccass","MEX",0.003
"corat","ccass","MOZ",0.003
"corat","ccass","MYS",0.003
"corat","ccass","NGA",0.003
"corat","ccass","NIC",0.003
"corat","ccass","OIO",0.003
"corat","ccass","OPO",0.003
"corat","ccass","PAK",0.003
"corat","ccass","PAN",0.003
"corat","ccass","PER",0.003
"corat","ccass","PHL",0.003
"corat","ccass","PNG",0.003
"corat","ccass","RWA",0.003
"corat","ccass","SLV",0.003
"corat","ccass","TCD",0.003
"corat","ccass","TGO",0.003
"corat","ccass","THA",0.003
"corat","ccass","TLS",0.003
"corat","ccass","USA",0.003
"corat","ccass","VEN",0.003
"corat","cpota","BDI",0.003
"corat","cpota","BOL",0.003
"corat","cpota","BTN",0.003
"corat","cpota","BWA",0.003
"corat","cpota","CAF",0.003
"corat","cpota","CHM",0.003
"corat","cpota","CIV",0.003
"corat","cpota","CMR",0.003
"corat","cpota","COD",0.003
"corat","cpota","COG",0.003
"corat","cpota","COL",0.003
"corat","cpota","CRB",0.003
"corat","cpota","CRI",0.003
"corat","cpota","CUB",0.003
"corat","cpota","DOM",0.003
"corat","cpota","ECU",0.003
"corat","cpota","EGY",0.003
"corat","cpota","ETH",0.003
"corat","cpota","GIN",0.003
"corat","cpota","GSA",0.003
"corat","cpota","HND",0.003
"corat","cpota","HTI",0.003
"corat","cpota","IDN",0.003
"corat","cpota","JAM",0.003
"corat","cpota","JPN",0.003
"corat","cpota","KEN",0.003
"corat","cpota","KHM",0.003
"corat","cpota","MDG",0.003
"corat","cpota","MEX",0.003
"corat","cpota","MOZ",0.003
"corat","cpota","MYS",0.003
"corat","cpota","NAM",0.003
"corat","cpota","NGA",0.003
"corat","cpota","NIC",0.003
"corat","cpota","NPL",0.003
"corat","cpota","OIO",0.003
"corat","cpota","PAK",0.003
"corat","cpota","PAN",0.003
"corat","cpota","PER",0.003
"corat","cpota","PHL",0.003
"corat","cpota","RWA",0.003
"corat","cpota","SLV",0.003
"corat","cpota","SWZ",0.003
"corat","cpota","TCD",0.003
"corat","cpota","THA",0.003
"corat","cpota","USA",0.003
"corat","cpota","VEN",0.003
"corat","cswpt","BDI",0.003
"corat","cswpt","BOL",0.003
"corat","cswpt","CHM",0.003
"corat","cswpt","CIV",0.003
"corat","cswpt","CMR",0.003
"corat","cswpt","COD",0.003
"corat","cswpt","COG",0.003
"corat","cswpt","CUB",0.003
"corat","cswpt","DOM",0.003
"corat","cswpt","EGY",0.003
"corat","cswpt","ETH",0.003
"corat","cswpt","FJI",0.003
"corat","cswpt","GHA",0.003
"corat","cswpt","GIN",0.003
"corat","cswpt","GSA",0.003
"corat","cswpt","HND",0.003
"corat","cswpt","HTI",0.003
"corat","cswpt","IDN",0.003
"corat","cswpt","JAM",0.003
"corat","cswpt","JPN",0.003
"corat","cswpt","KEN",0.003
"corat","cswpt","KHM",0.003
"corat","cswpt","LAO",0.003
"corat","cswpt","LBR",0.003
"corat","cswpt","MDG",0.003
"corat","cswpt","MEX",0.003
"corat","cswpt","MOZ",0.003
"corat","cswpt","MYS",0.003
"corat","cswpt","NGA",0.003
"corat","cswpt","OIO",0.003
"corat","cswpt","PAK",0.003
"corat","cswpt","PER",0.003
"corat","cswpt","PHL",0.003
"corat","cswpt","PNG",0.003
"corat","cswpt","RWA",0.003
"corat","cswpt","SLB",0.003
"corat","cswpt","TCD",0.003
"corat","cswpt","TGO",0.003
"corat","cswpt","THA",0.003
"corat","cswpt","USA",0.003
"corat","cswpt","VEN",0.003
"corat","cyams","CAF",0.003
"corat","cyams","CIV",0.003
"corat","cyams","CMR",0.003
"corat","cyams","COD",0.003
"corat","cyams","COG",0.003
"corat","cyams","COL",0.003
"corat","cyams","CRB",0.003
"corat","cyams","CRI",0.003
"corat","cyams","CUB",0.003
"corat","cyams","DOM",0.003
"corat","cyams","ETH",0.003
"corat","cyams","GAB",0.003
"corat","cyams","GHA",0.003
"corat","cyams","GIN",0.003
"corat","cyams","HTI",0.003
"corat","cyams","JAM",0.003
"corat","cyams","JPN",0.003
"corat","cyams","KEN",0.003
"corat","cyams","LBR",0.003
"corat","cyams","MYS",0.003
"corat","cyams","NGA",0.003
"corat","cyams","OIO",0.003
"corat","cyams","PAN",0.003
"corat","cyams","PNG",0.003
"corat","cyams","RWA",0.003
"corat","cyams","SLB",0.003
"corat","cyams","TCD",0.003
"corat","cyams","TGO",0.003
"corat","cyams","VEN",0.003
"corat","corat","BDI",-0.37
"corat","corat","BOL",-0.129129640923634
"corat","corat","BTN",-0.197470604068498
"corat","corat","BWA",-0.375890974719875
"corat","corat","CAF",-0.325
"corat","corat","CHM",-0.189715128053039
"corat","corat","CIV",-0.325
"corat","corat","CMR",-0.322791202521606
"corat","corat","COD",-0.323271060877964
"corat","corat","COG",-0.321961061405142
"corat","corat","COL",-0.15
"corat","corat","CRB",-0.13
"corat","corat","CRI",-0.127135356389668
"corat","corat","CUB",-0.127135356389668
"corat","corat","DOM",-0.127135356389668
"corat","corat","ECU",-0.122845959069475
"corat","corat","EGY",-0.276589816160297
"corat","corat","ETH",-0.353410303606814
"corat","corat","FJI",-0.13
"corat","corat","GAB",-0.325
"corat","corat","GHA",-0.317079726436282
"corat","corat","GIN",-0.320826787441896
"corat","corat","GNB",-0.325
"corat","corat","GSA",-0.13
"corat","corat","HND",-0.127135356389668
"corat","corat","HTI",-0.127135356389668
"corat","corat","IDN",-0.219348140875041
"corat","corat","JAM",-0.13
"corat","corat","JPN",-0.0588709038232155
"corat","corat","KEN",-0.367925846089915
"corat","corat","KHM",-0.15
"corat","corat","LAO",-0.15
"corat","corat","LBR",-0.325
"corat","corat","MDG",-0.38
"corat","corat","MEX",-0.158379042390661
"corat","corat","MOZ",-0.354402101374193
"corat","corat","MYS",-0.15
"corat","corat","NAM",-0.38
"corat","corat","NGA",-0.360377528813621
"corat","corat","NIC",-0.127135356389668
"corat","corat","NPL",-0.199697868011973
"corat","corat","OAO",-0.13
"corat","corat","OIO",-0.13
"corat","corat","OPO",-0.13
"corat","corat","PAK",-0.155
"corat","corat","PAN",-0.127135356389668
"corat","corat","PER",-0.124739544325399
"corat","corat","PHL",-0.185
"corat","corat","PNG",-0.13
"corat","corat","RWA",-0.362296348361636
"corat","corat","SLB",-0.13
"corat","corat","SLV",-0.127135356389668
"corat","corat","SWZ",-0.37889489369548
"corat","corat","TCD",-0.327868850149685
"corat","corat","TGO",-0.325
"corat","corat","THA",-0.155
"corat","corat","TLS",-0.13
"corat","corat","USA",-0.127851743702346
"corat","corat","VEN",-0.13
"corat","corat","VUT",-0.13
"corat","cplnt","BOL",0.003
"corat","cplnt","CAF",0.003
"corat","cplnt","CIV",0.003
"corat","cplnt","CMR",0.003
"corat","cplnt","COD",0.003
"corat","cplnt","COG",0.003
"corat","cplnt","COL",0.003
"corat","cplnt","CRB",0.003
"corat","cplnt","CRI",0.003
"corat","cplnt","CUB",0.003
"corat","cplnt","DOM",0.003
"corat","cplnt","ECU",0.003
"corat","cplnt","FJI",0.003
"corat","cplnt","GAB",0.003
"corat","cplnt","GHA",0.003
"corat","cplnt","GIN",0.003
"corat","cplnt","GNB",0.003
"corat","cplnt","GSA",0.003
"corat","cplnt","HND",0.003
"corat","cplnt","HTI",0.003
"corat","cplnt","JAM",0.003
"corat","cplnt","KEN",0.003
"corat","cplnt","LBR",0.003
"corat","cplnt","NGA",0.003
"corat","cplnt","NIC",0.003
"corat","cplnt","OAO",0.003
"corat","cplnt","PAN",0.003
"corat","cplnt","PHL",0.003
"corat","cplnt","RWA",0.003
"corat","cplnt","SLV",0.003
"corat","cplnt","VEN",0.003
"corat","csugr","BOL",0.003
"corat","csugr","BTN",0.003
"corat","csugr","BWA",0.003
"corat","csugr","CHM",0.003
"corat","csugr","CMR",0.003
"corat","csugr","COL",0.003
"corat","csugr","CRB",0.003
"corat","csugr","CRI",0.003
"corat","csugr","ECU",0.003
"corat","csugr","EGY",0.003
"corat","csugr","FJI",0.003
"corat","csugr","GSA",0.003
"corat","csugr","HND",0.003
"corat","csugr","IDN",0.003
"corat","csugr","KEN",0.003
"corat","csugr","KHM",0.003
"corat","csugr","LAO",0.003
"corat","csugr","MEX",0.003
"corat","csugr","MYS",0.003
"corat","csugr","NAM",0.003
"corat","csugr","NIC",0.003
"corat","csugr","NPL",0.003
"corat","csugr","OIO",0.003
"corat","csugr","OPO",0.003
"corat","csugr","PAK",0.003
"corat","csugr","PAN",0.003
"corat","csugr","PER",0.003
"corat","csugr","RWA",0.003
"corat","csugr","SLV",0.003
"corat","csugr","TGO",0.003
"corat","csugr","THA",0.003
"corat","csugr","USA",0.003
"corat","csugr","VEN",0.003
"cbean","cbean","AGO",-0.314205297916488
"cbean","cbean","ALB",-0.0998476273471476
"cbean","cbean","ARG",-0.199997650764829
"cbean","cbean","AUS",-0.218937593616389
"cbean","cbean","AZE",-0.0818302220045079
"cbean","cbean","BDI",-0.335
"cbean","cbean","BEN",-0.339706560314312
"cbean","cbean","BGD",-0.254996014219083
"cbean","cbean","BGR",-0.0998555532522188
"cbean","cbean","BLR",-0.0832555086599709
"cbean","cbean","BLZ",-0.209990208989321
"cbean","cbean","BOL",-0.209993803496832
"cbean","cbean","BRA",-0.174998398804391
"cbean","cbean","CAN",-0.23363573623798
"cbean","cbean","CHL",-0.20999451309427
"cbean","cbean","CHM",-0.129999034476939
"cbean","cbean","CIV",-0.34
"cbean","cbean","CMR",-0.339562439712673
"cbean","cbean","COD",-0.339616495981462
"cbean","cbean","COL",-0.219991166114332
"cbean","cbean","CRI",-0.209990208989321
"cbean","cbean","CUB",-0.209990208989321
"cbean","cbean","DJI",-0.333995170236754
"cbean","cbean","DOM",-0.209990208989321
"cbean","cbean","ECU",-0.209992487969659
"cbean","cbean","EGY",-0.167451499410859
"cbean","cbean","ETH",-0.249600355310254
"cbean","cbean","GHA",-0.339702879478868
"cbean","cbean","GRC",-0.0998476273471476
"cbean","cbean","GTM",-0.209990208989321
"cbean","cbean","HND",-0.209990208989321
"cbean","cbean","HTI",-0.209990208989321
"cbean","cbean","IDN",-0.289998523779421
"cbean","cbean","IND",-0.229995234703183
"cbean","cbean","IRN",-0.124102167386431
"cbean","cbean","IRQ",-0.125
"cbean","cbean","JPN",-0.0997006895793869
"cbean","cbean","KAZ",-0.0827465066984962
"cbean","cbean","KEN",-0.334200518037797
"cbean","cbean","KGZ",-0.0839415603576643
"cbean","cbean","KHM",-0.244993198253071
"cbean","cbean","KOR",-0.139997080743047
"cbean","cbean","LAO",-0.244993198253071
"cbean","cbean","LSO",-0.314832313944863
"cbean","cbean","MDA",-0.0998555532522188
"cbean","cbean","MDG",-0.315
"cbean","cbean","MEX",-0.184997973802988
"cbean","cbean","MLI",-0.24925998918587
"cbean","cbean","MMR",-0.254998886567853
"cbean","cbean","MOR",-0.124296726706738
"cbean","cbean","MOZ",-0.314493176932375
"cbean","cbean","MRT",-0.249368825614088
"cbean","cbean","MWI",-0.314993518350751
"cbean","cbean","NER",-0.249783570529885
"cbean","cbean","NIC",-0.209990208989321
"cbean","cbean","NPL",-0.284997792879437
"cbean","cbean","OBN",-0.0998476273471476
"cbean","cbean","PAK",-0.164996889993578
"cbean","cbean","PAN",-0.209990208989321
"cbean","cbean","PER",-0.209993788013159
"cbean","cbean","PHL",-0.169997314780118
"cbean","cbean","PRY",-0.209993803496832
"cbean","cbean","RUS",-0.0833918003935593
"cbean","cbean","RWA",-0.334316981445721
"cbean","cbean","SDN",-0.247679579897273
"cbean","cbean","SLV",-0.209990208989321
"cbean","cbean","SOM",-0.25
"cbean","cbean","SPP",-0.259412605638061
"cbean","cbean","SWZ",-0.314911586501743
"cbean","cbean","TCD",-0.248572806714181
"cbean","cbean","TGO",-0.34
"cbean","cbean","THA",-0.174997255427106
"cbean","cbean","TJK",-0.0827250261182679
"cbean","cbean","TLS",-0.16
"cbean","cbean","TUR",-0.12111519875749
"cbean","cbean","TZA",-0.334226500790698
"cbean","cbean","UGA",-0.332994226148209
"cbean","cbean","UKP",-0.259095140712946
"cbean","cbean","UKR",-0.083348033299174
"cbean","cbean","USA",-0.254075341876709
"cbean","cbean","VEN",-0.209996829597693
"cbean","cbean","VNM",-0.269992835745506
"cbean","cbean","ZAF",-0.233824460711193
"cbean","cbean","ZWE",-0.315
"cbean","cchkp","ARG",0.015
"cbean","cchkp","AUS",0.015
"cbean","cchkp","BGD",0.015
"cbean","cchkp","BGR",0.0149351862063326
"cbean","cchkp","BOL",0.015
"cbean","cchkp","CAN",0.015
"cbean","cchkp","CHL",0.015
"cbean","cchkp","CHM",0.015
"cbean","cchkp","COL",0.015
"cbean","cchkp","DOM",0.015
"cbean","cchkp","EGY",0.015
"cbean","cchkp","ETH",0.015
"cbean","cchkp","GRC",0.014931640628193
"cbean","cchkp","IND",0.015
"cbean","cchkp","IRN",0.015
"cbean","cchkp","IRQ",0.015
"cbean","cchkp","KAZ",0.00980769230769231
"cbean","cchkp","KEN",0.015
"cbean","cchkp","MDA",0.0149351862063326
"cbean","cchkp","MEX",0.015
"cbean","cchkp","MMR",0.015
"cbean","cchkp","MOR",0.015
"cbean","cchkp","MWI",0.015
"cbean","cchkp","NER",0.015
"cbean","cchkp","NPL",0.015
"cbean","cchkp","OBN",0.014931640628193
"cbean","cchkp","PAK",0.015
"cbean","cchkp","PER",0.015
"cbean","cchkp","PHL",0.015
"cbean","cchkp","RUS",0.00980769230769231
"cbean","cchkp","SDN",0.015
"cbean","cchkp","SPP",0.015
"cbean","cchkp","TGO",0.015
"cbean","cchkp","TUR",0.015
"cbean","cchkp","TZA",0.015
"cbean","cchkp","UGA",0.015
"cbean","cchkp","USA",0.015
"cbean","cchkp","VEN",0.015
"cbean","cchkp","ZWE",0.015
"cbean","ccowp","CHM",0.015
"cbean","ccowp","CMR",0.015
"cbean","ccowp","COD",0.015
"cbean","ccowp","EGY",0.015
"cbean","ccowp","HTI",0.015
"cbean","ccowp","IRQ",0.015
"cbean","ccowp","JPN",0.0148661117934326
"cbean","ccowp","KEN",0.015
"cbean","ccowp","MDG",0.015
"cbean","ccowp","MLI",0.015
"cbean","ccowp","MMR",0.015
"cbean","ccowp","MOZ",0.015
"cbean","ccowp","MRT",0.015
"cbean","ccowp","MWI",0.015
"cbean","ccowp","NER",0.015
"cbean","ccowp","OBN",0.014931640628193
"cbean","ccowp","PAN",0.015
"cbean","ccowp","PER",0.015
"cbean","ccowp","PHL",0.015
"cbean","ccowp","SDN",0.015
"cbean","ccowp","SWZ",0.015
"cbean","ccowp","TZA",0.015
"cbean","ccowp","UGA",0.015
"cbean","ccowp","USA",0.015
"cbean","ccowp","ZAF",0.015
"cbean","ccowp","ZWE",0.015
"cbean","clent","ARG",0.015
"cbean","clent","AUS",0.015
"cbean","clent","AZE",0.00980769230769231
"cbean","clent","BGD",0.015
"cbean","clent","BGR",0.0149351862063326
"cbean","clent","CAN",0.015
"cbean","clent","CHL",0.015
"cbean","clent","CHM",0.015
"cbean","clent","COL",0.015
"cbean","clent","ECU",0.015
"cbean","clent","EGY",0.015
"cbean","clent","ETH",0.015
"cbean","clent","GRC",0.014931640628193
"cbean","clent","IND",0.015
"cbean","clent","IRN",0.015
"cbean","clent","IRQ",0.015
"cbean","clent","KAZ",0.00980769230769231
"cbean","clent","KEN",0.015
"cbean","clent","MDG",0.015
"cbean","clent","MEX",0.015
"cbean","clent","MMR",0.015
"cbean","clent","MOR",0.015
"cbean","clent","MWI",0.015
"cbean","clent","NPL",0.015
"cbean","clent","OBN",0.014931640628193
"cbean","clent","PAK",0.015
"cbean","clent","PAN",0.015
"cbean","clent","PER",0.015
"cbean","clent","RUS",0.00980769230769231
"cbean","clent","SPP",0.015
"cbean","clent","TJK",0.00980769230769231
"cbean","clent","TUR",0.015
"cbean","clent","UKP",0.015
"cbean","clent","UKR",0.00980769230769231
"cbean","clent","USA",0.015
"cbean","clent","VEN",0.015
"cbean","cpigp","BDI",0.015
"cbean","cpigp","BGD",0.015
"cbean","cpigp","COD",0.015
"cbean","cpigp","COL",0.015
"cbean","cpigp","DOM",0.015
"cbean","cpigp","HTI",0.015
"cbean","cpigp","IND",0.015
"cbean","cpigp","KEN",0.015
"cbean","cpigp","MMR",0.015
"cbean","cpigp","MWI",0.015
"cbean","cpigp","NPL",0.015
"cbean","cpigp","PAK",0.015
"cbean","cpigp","PAN",0.015
"cbean","cpigp","PHL",0.015
"cbean","cpigp","TZA",0.015
"cbean","cpigp","UGA",0.015
"cbean","cpigp","VEN",0.015
"cbean","copul","AGO",0.015
"cbean","copul","ALB",0.014931640628193
"cbean","copul","ARG",0.015
"cbean","copul","AUS",0.015
"cbean","copul","AZE",0.00980769230769231
"cbean","copul","BDI",0.015
"cbean","copul","BEN",0.015
"cbean","copul","BGD",0.015
"cbean","copul","BGR",0.0149351862063326
"cbean","copul","BLR",0.00980769230769231
"cbean","copul","BLZ",0.015
"cbean","copul","BOL",0.015
"cbean","copul","BRA",0.015
"cbean","copul","CAN",0.015
"cbean","copul","CHL",0.015
"cbean","copul","CHM",0.015
"cbean","copul","CIV",0.015
"cbean","copul","CMR",0.015
"cbean","copul","COD",0.015
"cbean","copul","COL",0.015
"cbean","copul","CRI",0.015
"cbean","copul","CUB",0.015
"cbean","copul","DJI",0.015
"cbean","copul","DOM",0.015
"cbean","copul","ECU",0.015
"cbean","copul","EGY",0.015
"cbean","copul","ETH",0.015
"cbean","copul","GHA",0.015
"cbean","copul","GRC",0.014931640628193
"cbean","copul","GTM",0.015
"cbean","copul","HND",0.015
"cbean","copul","HTI",0.015
"cbean","copul","IDN",0.015
"cbean","copul","IND",0.015
"cbean","copul","IRN",0.015
"cbean","copul","IRQ",0.015
"cbean","copul","JPN",0.0148661117934326
"cbean","copul","KAZ",0.00980769230769231
"cbean","copul","KEN",0.015
"cbean","copul","KGZ",0.00980769230769231
"cbean","copul","KHM",0.015
"cbean","copul","KOR",0.015
"cbean","copul","LAO",0.015
"cbean","copul","LSO",0.015
"cbean","copul","MDA",0.0149351862063326
"cbean","copul","MDG",0.015
"cbean","copul","MEX",0.015
"cbean","copul","MLI",0.015
"cbean","copul","MMR",0.015
"cbean","copul","MOR",0.015
"cbean","copul","MOZ",0.015
"cbean","copul","MRT",0.015
"cbean","copul","MWI",0.015
"cbean","copul","NER",0.015
"cbean","copul","NIC",0.015
"cbean","copul","NPL",0.015
"cbean","copul","OBN",0.014931640628193
"cbean","copul","PAK",0.015
"cbean","copul","PAN",0.015
"cbean","copul","PER",0.015
"cbean","copul","PHL",0.015
"cbean","copul","PRY",0.015
"cbean","copul","RUS",0.00980769230769231
"cbean","copul","RWA",0.015
"cbean","copul","SDN",0.015
"cbean","copul","SLV",0.015
"cbean","copul","SOM",0.015
"cbean","copul","SPP",0.015
"cbean","copul","SWZ",0.015
"cbean","copul","TCD",0.015
"cbean","copul","TGO",0.015
"cbean","copul","THA",0.015
"cbean","copul","TJK",0.00980769230769231
"cbean","copul","TLS",0.015
"cbean","copul","TUR",0.015
"cbean","copul","TZA",0.015
"cbean","copul","UGA",0.015
"cbean","copul","UKP",0.015
"cbean","copul","UKR",0.00980769230769231
"cbean","copul","USA",0.015
"cbean","copul","VEN",0.015
"cbean","copul","VNM",0.015
"cbean","copul","ZAF",0.015
"cbean","copul","ZWE",0.015
"cbean","cbana","AGO",0.015
"cbean","cbana","ALB",0.014931640628193
"cbean","cbana","ARG",0.015
"cbean","cbana","AUS",0.015
"cbean","cbana","BDI",0.015
"cbean","cbana","BEN",0.015
"cbean","cbana","BGD",0.015
"cbean","cbana","BGR",0.0149351862063326
"cbean","cbana","BLR",0.00980769230769231
"cbean","cbana","BLZ",0.015
"cbean","cbana","BOL",0.015
"cbean","cbana","BRA",0.015
"cbean","cbana","CAN",0.015
"cbean","cbana","CHL",0.015
"cbean","cbana","CHM",0.015
"cbean","cbana","CIV",0.015
"cbean","cbana","CMR",0.015
"cbean","cbana","COD",0.015
"cbean","cbana","COL",0.015
"cbean","cbana","CRI",0.015
"cbean","cbana","CUB",0.015
"cbean","cbana","DOM",0.015
"cbean","cbana","ECU",0.015
"cbean","cbana","EGY",0.015
"cbean","cbana","ETH",0.015
"cbean","cbana","GHA",0.015
"cbean","cbana","GTM",0.015
"cbean","cbana","HND",0.015
"cbean","cbana","HTI",0.015
"cbean","cbana","IDN",0.015
"cbean","cbana","IND",0.015
"cbean","cbana","IRN",0.015
"cbean","cbana","IRQ",0.015
"cbean","cbana","JPN",0.0148661117934326
"cbean","cbana","KEN",0.015
"cbean","cbana","KHM",0.015
"cbean","cbana","KOR",0.015
"cbean","cbana","LAO",0.015
"cbean","cbana","MDA",0.0149351862063326
"cbean","cbana","MDG",0.015
"cbean","cbana","MEX",0.015
"cbean","cbana","MLI",0.015
"cbean","cbana","MOR",0.015
"cbean","cbana","MOZ",0.015
"cbean","cbana","MWI",0.015
"cbean","cbana","NIC",0.015
"cbean","cbana","NPL",0.015
"cbean","cbana","OBN",0.014931640628193
"cbean","cbana","PAK",0.015
"cbean","cbana","PAN",0.015
"cbean","cbana","PER",0.015
"cbean","cbana","PHL",0.015
"cbean","cbana","PRY",0.015
"cbean","cbana","RWA",0.015
"cbean","cbana","SDN",0.015
"cbean","cbana","SLV",0.015
"cbean","cbana","SOM",0.015
"cbean","cbana","SPP",0.015
"cbean","cbana","SWZ",0.015
"cbean","cbana","TGO",0.015
"cbean","cbana","THA",0.015
"cbean","cbana","TUR",0.015
"cbean","cbana","TZA",0.015
"cbean","cbana","UKP",0.015
"cbean","cbana","USA",0.015
"cbean","cbana","VEN",0.015
"cbean","cbana","VNM",0.015
"cbean","cbana","ZAF",0.015
"cbean","cbana","ZWE",0.015
"cbean","cplnt","BGD",0.015
"cbean","cplnt","BLZ",0.015
"cbean","cplnt","BOL",0.015
"cbean","cplnt","CIV",0.015
"cbean","cplnt","CMR",0.015
"cbean","cplnt","COD",0.015
"cbean","cplnt","COL",0.015
"cbean","cplnt","CRI",0.015
"cbean","cplnt","CUB",0.015
"cbean","cplnt","DOM",0.015
"cbean","cplnt","ECU",0.015
"cbean","cplnt","GHA",0.015
"cbean","cplnt","GTM",0.015
"cbean","cplnt","HND",0.015
"cbean","cplnt","HTI",0.015
"cbean","cplnt","KEN",0.015
"cbean","cplnt","MMR",0.015
"cbean","cplnt","MWI",0.015
"cbean","cplnt","NIC",0.015
"cbean","cplnt","OBN",0.014931640628193
"cbean","cplnt","PAN",0.015
"cbean","cplnt","PHL",0.015
"cbean","cplnt","RWA",0.015
"cbean","cplnt","SLV",0.015
"cbean","cplnt","SPP",0.015
"cbean","cplnt","TZA",0.015
"cbean","cplnt","UGA",0.015
"cbean","cplnt","VEN",0.015
"cbean","csubf","AGO",0.015
"cbean","csubf","ALB",0.014931640628193
"cbean","csubf","ARG",0.015
"cbean","csubf","AUS",0.015
"cbean","csubf","AZE",0.00980769230769231
"cbean","csubf","BEN",0.015
"cbean","csubf","BGD",0.015
"cbean","csubf","BGR",0.0149351862063326
"cbean","csubf","BLR",0.00980769230769231
"cbean","csubf","BLZ",0.015
"cbean","csubf","BOL",0.015
"cbean","csubf","BRA",0.015
"cbean","csubf","CAN",0.015
"cbean","csubf","CHL",0.015
"cbean","csubf","CHM",0.015
"cbean","csubf","CIV",0.015
"cbean","csubf","CMR",0.015
"cbean","csubf","COD",0.015
"cbean","csubf","COL",0.015
"cbean","csubf","CRI",0.015
"cbean","csubf","CUB",0.015
"cbean","csubf","DJI",0.015
"cbean","csubf","DOM",0.015
"cbean","csubf","ECU",0.015
"cbean","csubf","EGY",0.015
"cbean","csubf","ETH",0.015
"cbean","csubf","GHA",0.015
"cbean","csubf","GRC",0.014931640628193
"cbean","csubf","GTM",0.015
"cbean","csubf","HND",0.015
"cbean","csubf","HTI",0.015
"cbean","csubf","IDN",0.015
"cbean","csubf","IND",0.015
"cbean","csubf","IRN",0.015
"cbean","csubf","IRQ",0.015
"cbean","csubf","JPN",0.0148661117934326
"cbean","csubf","KEN",0.015
"cbean","csubf","KHM",0.015
"cbean","csubf","KOR",0.015
"cbean","csubf","LAO",0.015
"cbean","csubf","MDG",0.015
"cbean","csubf","MEX",0.015
"cbean","csubf","MLI",0.015
"cbean","csubf","MOR",0.015
"cbean","csubf","MOZ",0.015
"cbean","csubf","MRT",0.015
"cbean","csubf","MWI",0.015
"cbean","csubf","NER",0.015
"cbean","csubf","NIC",0.015
"cbean","csubf","NPL",0.015
"cbean","csubf","OBN",0.014931640628193
"cbean","csubf","PAK",0.015
"cbean","csubf","PAN",0.015
"cbean","csubf","PER",0.015
"cbean","csubf","PHL",0.015
"cbean","csubf","PRY",0.015
"cbean","csubf","RWA",0.015
"cbean","csubf","SDN",0.015
"cbean","csubf","SLV",0.015
"cbean","csubf","SOM",0.015
"cbean","csubf","SPP",0.015
"cbean","csubf","SWZ",0.015
"cbean","csubf","TCD",0.015
"cbean","csubf","TGO",0.015
"cbean","csubf","THA",0.015
"cbean","csubf","TUR",0.015
"cbean","csubf","TZA",0.015
"cbean","csubf","UKP",0.015
"cbean","csubf","USA",0.015
"cbean","csubf","VEN",0.015
"cbean","csubf","VNM",0.015
"cbean","csubf","ZAF",0.015
"cbean","csubf","ZWE",0.015
"cbean","ctemf","ALB",0.014931640628193
"cbean","ctemf","ARG",0.015
"cbean","ctemf","AUS",0.015
"cbean","ctemf","AZE",0.00980769230769231
"cbean","ctemf","BGR",0.0149351862063326
"cbean","ctemf","BLR",0.00980769230769231
"cbean","ctemf","BOL",0.015
"cbean","ctemf","BRA",0.015
"cbean","ctemf","CAN",0.015
"cbean","ctemf","CHL",0.015
"cbean","ctemf","CHM",0.015
"cbean","ctemf","COL",0.015
"cbean","ctemf","CRI",0.015
"cbean","ctemf","CUB",0.015
"cbean","ctemf","ECU",0.015
"cbean","ctemf","EGY",0.015
"cbean","ctemf","ETH",0.015
"cbean","ctemf","GRC",0.014931640628193
"cbean","ctemf","GTM",0.015
"cbean","ctemf","HND",0.015
"cbean","ctemf","IDN",0.015
"cbean","ctemf","IND",0.015
"cbean","ctemf","IRN",0.015
"cbean","ctemf","IRQ",0.015
"cbean","ctemf","JPN",0.0148661117934326
"cbean","ctemf","KAZ",0.00980769230769231
"cbean","ctemf","KGZ",0.00980769230769231
"cbean","ctemf","KOR",0.015
"cbean","ctemf","MDA",0.0149351862063326
"cbean","ctemf","MDG",0.015
"cbean","ctemf","MEX",0.015
"cbean","ctemf","MOR",0.015
"cbean","ctemf","NPL",0.015
"cbean","ctemf","OBN",0.014931640628193
"cbean","ctemf","PAK",0.015
"cbean","ctemf","PER",0.015
"cbean","ctemf","PHL",0.015
"cbean","ctemf","PRY",0.015
"cbean","ctemf","RUS",0.00980769230769231
"cbean","ctemf","SLV",0.015
"cbean","ctemf","SPP",0.015
"cbean","ctemf","SWZ",0.015
"cbean","ctemf","THA",0.015
"cbean","ctemf","TJK",0.00980769230769231
"cbean","ctemf","TUR",0.015
"cbean","ctemf","UKP",0.015
"cbean","ctemf","UKR",0.00980769230769231
"cbean","ctemf","USA",0.015
"cbean","ctemf","VEN",0.015
"cbean","ctemf","VNM",0.015
"cbean","ctemf","ZAF",0.015
"cbean","ctemf","ZWE",0.015
"cbean","cvege","AGO",0.015
"cbean","cvege","ALB",0.014931640628193
"cbean","cvege","ARG",0.015
"cbean","cvege","AUS",0.015
"cbean","cvege","AZE",0.00980769230769231
"cbean","cvege","BDI",0.015
"cbean","cvege","BEN",0.015
"cbean","cvege","BGD",0.015
"cbean","cvege","BGR",0.0149351862063326
"cbean","cvege","BLR",0.00980769230769231
"cbean","cvege","BLZ",0.015
"cbean","cvege","BOL",0.015
"cbean","cvege","BRA",0.015
"cbean","cvege","CAN",0.015
"cbean","cvege","CHL",0.015
"cbean","cvege","CHM",0.015
"cbean","cvege","CIV",0.015
"cbean","cvege","CMR",0.015
"cbean","cvege","COD",0.015
"cbean","cvege","COL",0.015
"cbean","cvege","CRI",0.015
"cbean","cvege","CUB",0.015
"cbean","cvege","DJI",0.015
"cbean","cvege","DOM",0.015
"cbean","cvege","ECU",0.015
"cbean","cvege","EGY",0.015
"cbean","cvege","ETH",0.015
"cbean","cvege","GHA",0.015
"cbean","cvege","GRC",0.014931640628193
"cbean","cvege","GTM",0.015
"cbean","cvege","HND",0.015
"cbean","cvege","HTI",0.015
"cbean","cvege","IDN",0.015
"cbean","cvege","IND",0.015
"cbean","cvege","IRN",0.015
"cbean","cvege","IRQ",0.015
"cbean","cvege","JPN",0.0148661117934326
"cbean","cvege","KAZ",0.00980769230769231
"cbean","cvege","KEN",0.015
"cbean","cvege","KGZ",0.00980769230769231
"cbean","cvege","KHM",0.015
"cbean","cvege","KOR",0.015
"cbean","cvege","LAO",0.015
"cbean","cvege","LSO",0.015
"cbean","cvege","MDA",0.0149351862063326
"cbean","cvege","MDG",0.015
"cbean","cvege","MEX",0.015
"cbean","cvege","MLI",0.015
"cbean","cvege","MMR",0.015
"cbean","cvege","MOR",0.015
"cbean","cvege","MOZ",0.015
"cbean","cvege","MRT",0.015
"cbean","cvege","MWI",0.015
"cbean","cvege","NER",0.015
"cbean","cvege","NIC",0.015
"cbean","cvege","NPL",0.015
"cbean","cvege","OBN",0.014931640628193
"cbean","cvege","PAK",0.015
"cbean","cvege","PAN",0.015
"cbean","cvege","PER",0.015
"cbean","cvege","PHL",0.015
"cbean","cvege","PRY",0.015
"cbean","cvege","RUS",0.00980769230769231
"cbean","cvege","RWA",0.015
"cbean","cvege","SDN",0.015
"cbean","cvege","SLV",0.015
"cbean","cvege","SOM",0.015
"cbean","cvege","SPP",0.015
"cbean","cvege","SWZ",0.015
"cbean","cvege","TCD",0.015
"cbean","cvege","TGO",0.015
"cbean","cvege","THA",0.015
"cbean","cvege","TJK",0.00980769230769231
"cbean","cvege","TLS",0.015
"cbean","cvege","TUR",0.015
"cbean","cvege","TZA",0.015
"cbean","cvege","UGA",0.015
"cbean","cvege","UKP",0.015
"cbean","cvege","UKR",0.00980769230769231
"cbean","cvege","USA",0.015
"cbean","cvege","VEN",0.015
"cbean","cvege","VNM",0.015
"cbean","cvege","ZAF",0.015
"cbean","cvege","ZWE",0.015
"cchkp","cbean","ARG",0.015
"cchkp","cbean","AUS",0.015
"cchkp","cbean","BGD",0.015
"cchkp","cbean","BGR",0.0149351862063326
"cchkp","cbean","BOL",0.015
"cchkp","cbean","CAN",0.015
"cchkp","cbean","CHL",0.015
"cchkp","cbean","CHM",0.015
"cchkp","cbean","COL",0.015
"cchkp","cbean","DOM",0.015
"cchkp","cbean","EGY",0.015
"cchkp","cbean","ETH",0.015
"cchkp","cbean","GRC",0.014931640628193
"cchkp","cbean","IND",0.015
"cchkp","cbean","IRN",0.015
"cchkp","cbean","IRQ",0.015
"cchkp","cbean","KAZ",0.00980769230769231
"cchkp","cbean","KEN",0.015
"cchkp","cbean","MDA",0.0149351862063326
"cchkp","cbean","MEX",0.015
"cchkp","cbean","MMR",0.015
"cchkp","cbean","MOR",0.015
"cchkp","cbean","MWI",0.015
"cchkp","cbean","NER",0.015
"cchkp","cbean","NPL",0.015
"cchkp","cbean","OBN",0.014931640628193
"cchkp","cbean","PAK",0.015
"cchkp","cbean","PER",0.015
"cchkp","cbean","PHL",0.015
"cchkp","cbean","RUS",0.00980769230769231
"cchkp","cbean","SDN",0.015
"cchkp","cbean","SPP",0.015
"cchkp","cbean","TGO",0.015
"cchkp","cbean","TUR",0.015
"cchkp","cbean","TZA",0.015
"cchkp","cbean","UGA",0.015
"cchkp","cbean","USA",0.015
"cchkp","cbean","VEN",0.015
"cchkp","cbean","ZWE",0.015
"cchkp","cchkp","ARG",-0.199997650764829
"cchkp","cchkp","AUS",-0.218937593616389
"cchkp","cchkp","BGD",-0.254996014219083
"cchkp","cchkp","BGR",-0.0998555532522188
"cchkp","cchkp","BOL",-0.209993803496832
"cchkp","cchkp","BTN",-0.284995976845531
"cchkp","cchkp","CAN",-0.23363573623798
"cchkp","cchkp","CHL",-0.20999451309427
"cchkp","cchkp","CHM",-0.129999034476939
"cchkp","cchkp","COL",-0.219991166114332
"cchkp","cchkp","CRB",-0.159576581626776
"cchkp","cchkp","CYP",-0.124623803107131
"cchkp","cchkp","DEU",-0.259706381236012
"cchkp","cchkp","DOM",-0.209990208989321
"cchkp","cchkp","DZA",-0.124240935618445
"cchkp","cchkp","EGY",-0.167451499410859
"cchkp","cchkp","ETH",-0.249600355310254
"cchkp","cchkp","GRC",-0.0998476273471476
"cchkp","cchkp","HUN",-0.0998555532522188
"cchkp","cchkp","IND",-0.229995234703183
"cchkp","cchkp","IRL",-0.259095140712946
"cchkp","cchkp","IRN",-0.124102167386431
"cchkp","cchkp","IRQ",-0.125
"cchkp","cchkp","ISR",-0.232983553375546
"cchkp","cchkp","ITP",-0.259868614717652
"cchkp","cchkp","JOR",-0.124138870640139
"cchkp","cchkp","KAZ",-0.0827465066984962
"cchkp","cchkp","KEN",-0.334200518037797
"cchkp","cchkp","LBN",-0.124497678250202
"cchkp","cchkp","LBY",-0.124276385000596
"cchkp","cchkp","LKA",-0.284997284137103
"cchkp","cchkp","MDA",-0.0998555532522188
"cchkp","cchkp","MEX",-0.184997973802988
"cchkp","cchkp","MMR",-0.254998886567853
"cchkp","cchkp","MOR",-0.124296726706738
"cchkp","cchkp","MWI",-0.314993518350751
"cchkp","cchkp","NER",-0.249783570529885
"cchkp","cchkp","NOR",-0.257994435596811
"cchkp","cchkp","NPL",-0.284997792879437
"cchkp","cchkp","OBN",-0.0998476273471476
"cchkp","cchkp","PAK",-0.164996889993578
"cchkp","cchkp","PER",-0.209993788013159
"cchkp","cchkp","PHL",-0.169997314780118
"cchkp","cchkp","PRT",-0.259412605638061
"cchkp","cchkp","RAP",-0.124447300654724
"cchkp","cchkp","ROU",-0.0998555532522188
"cchkp","cchkp","RUS",-0.0833918003935593
"cchkp","cchkp","SAU",-0.124447300654724
"cchkp","cchkp","SDN",-0.247679579897273
"cchkp","cchkp","SPP",-0.259412605638061
"cchkp","cchkp","SVK",-0.0998555532522188
"cchkp","cchkp","SYR",-0.124411052967278
"cchkp","cchkp","TGO",-0.34
"cchkp","cchkp","TUN",-0.124387889810306
"cchkp","cchkp","TUR",-0.12111519875749
"cchkp","cchkp","TZA",-0.334226500790698
"cchkp","cchkp","UGA",-0.332994226148209
"cchkp","cchkp","URY",-0.209994865637269
"cchkp","cchkp","USA",-0.254075341876709
"cchkp","cchkp","UZB",-0.08371175845141
"cchkp","cchkp","VEN",-0.209996829597693
"cchkp","cchkp","YEM",-0.124447300654724
"cchkp","cchkp","ZWE",-0.315
"cchkp","ccowp","BTN",0.015
"cchkp","ccowp","CHM",0.015
"cchkp","ccowp","CRB",0.015
"cchkp","ccowp","CYP",0.015
"cchkp","ccowp","EGY",0.015
"cchkp","ccowp","IRQ",0.015
"cchkp","ccowp","KEN",0.015
"cchkp","ccowp","LKA",0.015
"cchkp","ccowp","MMR",0.015
"cchkp","ccowp","MWI",0.015
"cchkp","ccowp","NER",0.015
"cchkp","ccowp","OBN",0.014931640628193
"cchkp","ccowp","PER",0.015
"cchkp","ccowp","PHL",0.015
"cchkp","ccowp","RAP",0.015
"cchkp","ccowp","SDN",0.015
"cchkp","ccowp","TZA",0.015
"cchkp","ccowp","UGA",0.015
"cchkp","ccowp","USA",0.015
"cchkp","ccowp","YEM",0.015
"cchkp","ccowp","ZWE",0.015
"cchkp","clent","ARG",0.015
"cchkp","clent","AUS",0.015
"cchkp","clent","BGD",0.015
"cchkp","clent","BGR",0.0149351862063326
"cchkp","clent","BTN",0.015
"cchkp","clent","CAN",0.015
"cchkp","clent","CHL",0.015
"cchkp","clent","CHM",0.015
"cchkp","clent","COL",0.015
"cchkp","clent","CYP",0.015
"cchkp","clent","DEU",0.015
"cchkp","clent","DZA",0.015
"cchkp","clent","EGY",0.015
"cchkp","clent","ETH",0.015
"cchkp","clent","GRC",0.014931640628193
"cchkp","clent","HUN",0.0149351862063326
"cchkp","clent","IND",0.015
"cchkp","clent","IRL",0.015
"cchkp","clent","IRN",0.015
"cchkp","clent","IRQ",0.015
"cchkp","clent","ISR",0.015
"cchkp","clent","ITP",0.015
"cchkp","clent","JOR",0.015
"cchkp","clent","KAZ",0.00980769230769231
"cchkp","clent","KEN",0.015
"cchkp","clent","LBN",0.015
"cchkp","clent","LBY",0.015
"cchkp","clent","LKA",0.015
"cchkp","clent","MEX",0.015
"cchkp","clent","MMR",0.015
"cchkp","clent","MOR",0.015
"cchkp","clent","MWI",0.015
"cchkp","clent","NOR",0.015
"cchkp","clent","NPL",0.015
"cchkp","clent","OBN",0.014931640628193
"cchkp","clent","PAK",0.015
"cchkp","clent","PER",0.015
"cchkp","clent","PRT",0.015
"cchkp","clent","RAP",0.015
"cchkp","clent","ROU",0.0149351862063326
"cchkp","clent","RUS",0.00980769230769231
"cchkp","clent","SAU",0.015
"cchkp","clent","SPP",0.015
"cchkp","clent","SVK",0.0149351862063326
"cchkp","clent","SYR",0.015
"cchkp","clent","TUN",0.015
"cchkp","clent","TUR",0.015
"cchkp","clent","URY",0.015
"cchkp","clent","USA",0.015
"cchkp","clent","UZB",0.00980769230769231
"cchkp","clent","VEN",0.015
"cchkp","clent","YEM",0.015
"cchkp","cpigp","BGD",0.015
"cchkp","cpigp","BTN",0.015
"cchkp","cpigp","COL",0.015
"cchkp","cpigp","CRB",0.015
"cchkp","cpigp","DOM",0.015
"cchkp","cpigp","IND",0.015
"cchkp","cpigp","KEN",0.015
"cchkp","cpigp","MMR",0.015
"cchkp","cpigp","MWI",0.015
"cchkp","cpigp","NPL",0.015
"cchkp","cpigp","PAK",0.015
"cchkp","cpigp","PHL",0.015
"cchkp","cpigp","TZA",0.015
"cchkp","cpigp","UGA",0.015
"cchkp","cpigp","VEN",0.015
"cchkp","copul","ARG",0.015
"cchkp","copul","AUS",0.015
"cchkp","copul","BGD",0.015
"cchkp","copul","BGR",0.0149351862063326
"cchkp","copul","BOL",0.015
"cchkp","copul","BTN",0.015
"cchkp","copul","CAN",0.015
"cchkp","copul","CHL",0.015
"cchkp","copul","CHM",0.015
"cchkp","copul","COL",0.015
"cchkp","copul","CRB",0.015
"cchkp","copul","CYP",0.015
"cchkp","copul","DEU",0.015
"cchkp","copul","DOM",0.015
"cchkp","copul","DZA",0.015
"cchkp","copul","EGY",0.015
"cchkp","copul","ETH",0.015
"cchkp","copul","GRC",0.014931640628193
"cchkp","copul","HUN",0.0149351862063326
"cchkp","copul","IND",0.015
"cchkp","copul","IRL",0.015
"cchkp","copul","IRN",0.015
"cchkp","copul","IRQ",0.015
"cchkp","copul","ISR",0.015
"cchkp","copul","ITP",0.015
"cchkp","copul","JOR",0.015
"cchkp","copul","KAZ",0.00980769230769231
"cchkp","copul","KEN",0.015
"cchkp","copul","LBN",0.015
"cchkp","copul","LBY",0.015
"cchkp","copul","LKA",0.015
"cchkp","copul","MDA",0.0149351862063326
"cchkp","copul","MEX",0.015
"cchkp","copul","MMR",0.015
"cchkp","copul","MOR",0.015
"cchkp","copul","MWI",0.015
"cchkp","copul","NER",0.015
"cchkp","copul","NOR",0.015
"cchkp","copul","NPL",0.015
"cchkp","copul","OBN",0.014931640628193
"cchkp","copul","PAK",0.015
"cchkp","copul","PER",0.015
"cchkp","copul","PHL",0.015
"cchkp","copul","PRT",0.015
"cchkp","copul","RAP",0.015
"cchkp","copul","ROU",0.0149351862063326
"cchkp","copul","RUS",0.00980769230769231
"cchkp","copul","SAU",0.015
"cchkp","copul","SDN",0.015
"cchkp","copul","SPP",0.015
"cchkp","copul","SVK",0.0149351862063326
"cchkp","copul","SYR",0.015
"cchkp","copul","TGO",0.015
"cchkp","copul","TUN",0.015
"cchkp","copul","TUR",0.015
"cchkp","copul","TZA",0.015
"cchkp","copul","UGA",0.015
"cchkp","copul","URY",0.015
"cchkp","copul","USA",0.015
"cchkp","copul","UZB",0.00980769230769231
"cchkp","copul","VEN",0.015
"cchkp","copul","YEM",0.015
"cchkp","copul","ZWE",0.015
"cchkp","cbana","ARG",0.015
"cchkp","cbana","AUS",0.015
"cchkp","cbana","BGD",0.015
"cchkp","cbana","BGR",0.0149351862063326
"cchkp","cbana","BOL",0.015
"cchkp","cbana","CAN",0.015
"cchkp","cbana","CHL",0.015
"cchkp","cbana","CHM",0.015
"cchkp","cbana","COL",0.015
"cchkp","cbana","CRB",0.015
"cchkp","cbana","CYP",0.015
"cchkp","cbana","DEU",0.015
"cchkp","cbana","DOM",0.015
"cchkp","cbana","DZA",0.015
"cchkp","cbana","EGY",0.015
"cchkp","cbana","ETH",0.015
"cchkp","cbana","HUN",0.0149351862063326
"cchkp","cbana","IND",0.015
"cchkp","cbana","IRL",0.015
"cchkp","cbana","IRN",0.015
"cchkp","cbana","IRQ",0.015
"cchkp","cbana","ISR",0.015
"cchkp","cbana","JOR",0.015
"cchkp","cbana","KEN",0.015
"cchkp","cbana","LBN",0.015
"cchkp","cbana","LBY",0.015
"cchkp","cbana","MDA",0.0149351862063326
"cchkp","cbana","MEX",0.015
"cchkp","cbana","MOR",0.015
"cchkp","cbana","MWI",0.015
"cchkp","cbana","NOR",0.015
"cchkp","cbana","NPL",0.015
"cchkp","cbana","OBN",0.014931640628193
"cchkp","cbana","PAK",0.015
"cchkp","cbana","PER",0.015
"cchkp","cbana","PHL",0.015
"cchkp","cbana","PRT",0.015
"cchkp","cbana","RAP",0.015
"cchkp","cbana","ROU",0.0149351862063326
"cchkp","cbana","SAU",0.015
"cchkp","cbana","SDN",0.015
"cchkp","cbana","SPP",0.015
"cchkp","cbana","SVK",0.0149351862063326
"cchkp","cbana","SYR",0.015
"cchkp","cbana","TGO",0.015
"cchkp","cbana","TUN",0.015
"cchkp","cbana","TUR",0.015
"cchkp","cbana","TZA",0.015
"cchkp","cbana","URY",0.015
"cchkp","cbana","USA",0.015
"cchkp","cbana","VEN",0.015
"cchkp","cbana","YEM",0.015
"cchkp","cbana","ZWE",0.015
"cchkp","cplnt","BGD",0.015
"cchkp","cplnt","BOL",0.015
"cchkp","cplnt","COL",0.015
"cchkp","cplnt","CRB",0.015
"cchkp","cplnt","DOM",0.015
"cchkp","cplnt","KEN",0.015
"cchkp","cplnt","LKA",0.015
"cchkp","cplnt","MMR",0.015
"cchkp","cplnt","MWI",0.015
"cchkp","cplnt","OBN",0.014931640628193
"cchkp","cplnt","PHL",0.015
"cchkp","cplnt","RAP",0.015
"cchkp","cplnt","SPP",0.015
"cchkp","cplnt","TZA",0.015
"cchkp","cplnt","UGA",0.015
"cchkp","cplnt","VEN",0.015
"cchkp","csubf","ARG",0.015
"cchkp","csubf","AUS",0.015
"cchkp","csubf","BGD",0.015
"cchkp","csubf","BGR",0.0149351862063326
"cchkp","csubf","BOL",0.015
"cchkp","csubf","BTN",0.015
"cchkp","csubf","CAN",0.015
"cchkp","csubf","CHL",0.015
"cchkp","csubf","CHM",0.015
"cchkp","csubf","COL",0.015
"cchkp","csubf","CRB",0.015
"cchkp","csubf","CYP",0.015
"cchkp","csubf","DEU",0.015
"cchkp","csubf","DOM",0.015
"cchkp","csubf","DZA",0.015
"cchkp","csubf","EGY",0.015
"cchkp","csubf","ETH",0.015
"cchkp","csubf","GRC",0.014931640628193
"cchkp","csubf","HUN",0.0149351862063326
"cchkp","csubf","IND",0.015
"cchkp","csubf","IRL",0.015
"cchkp","csubf","IRN",0.015
"cchkp","csubf","IRQ",0.015
"cchkp","csubf","ISR",0.015
"cchkp","csubf","ITP",0.015
"cchkp","csubf","JOR",0.015
"cchkp","csubf","KEN",0.015
"cchkp","csubf","LBN",0.015
"cchkp","csubf","LBY",0.015
"cchkp","csubf","LKA",0.015
"cchkp","csubf","MEX",0.015
"cchkp","csubf","MOR",0.015
"cchkp","csubf","MWI",0.015
"cchkp","csubf","NER",0.015
"cchkp","csubf","NOR",0.015
"cchkp","csubf","NPL",0.015
"cchkp","csubf","OBN",0.014931640628193
"cchkp","csubf","PAK",0.015
"cchkp","csubf","PER",0.015
"cchkp","csubf","PHL",0.015
"cchkp","csubf","PRT",0.015
"cchkp","csubf","RAP",0.015
"cchkp","csubf","ROU",0.0149351862063326
"cchkp","csubf","SAU",0.015
"cchkp","csubf","SDN",0.015
"cchkp","csubf","SPP",0.015
"cchkp","csubf","SVK",0.0149351862063326
"cchkp","csubf","SYR",0.015
"cchkp","csubf","TGO",0.015
"cchkp","csubf","TUN",0.015
"cchkp","csubf","TUR",0.015
"cchkp","csubf","TZA",0.015
"cchkp","csubf","URY",0.015
"cchkp","csubf","USA",0.015
"cchkp","csubf","UZB",0.00980769230769231
"cchkp","csubf","VEN",0.015
"cchkp","csubf","YEM",0.015
"cchkp","csubf","ZWE",0.015
"cchkp","ctemf","ARG",0.015
"cchkp","ctemf","AUS",0.015
"cchkp","ctemf","BGR",0.0149351862063326
"cchkp","ctemf","BOL",0.015
"cchkp","ctemf","BTN",0.015
"cchkp","ctemf","CAN",0.015
"cchkp","ctemf","CHL",0.015
"cchkp","ctemf","CHM",0.015
"cchkp","ctemf","COL",0.015
"cchkp","ctemf","CYP",0.015
"cchkp","ctemf","DEU",0.015
"cchkp","ctemf","DZA",0.015
"cchkp","ctemf","EGY",0.015
"cchkp","ctemf","ETH",0.015
"cchkp","ctemf","GRC",0.014931640628193
"cchkp","ctemf","HUN",0.0149351862063326
"cchkp","ctemf","IND",0.015
"cchkp","ctemf","IRL",0.015
"cchkp","ctemf","IRN",0.015
"cchkp","ctemf","IRQ",0.015
"cchkp","ctemf","ISR",0.015
"cchkp","ctemf","ITP",0.015
"cchkp","ctemf","JOR",0.015
"cchkp","ctemf","KAZ",0.00980769230769231
"cchkp","ctemf","LBN",0.015
"cchkp","ctemf","LBY",0.015
"cchkp","ctemf","MDA",0.0149351862063326
"cchkp","ctemf","MEX",0.015
"cchkp","ctemf","MOR",0.015
"cchkp","ctemf","NOR",0.015
"cchkp","ctemf","NPL",0.015
"cchkp","ctemf","OBN",0.014931640628193
"cchkp","ctemf","PAK",0.015
"cchkp","ctemf","PER",0.015
"cchkp","ctemf","PHL",0.015
"cchkp","ctemf","PRT",0.015
"cchkp","ctemf","RAP",0.015
"cchkp","ctemf","ROU",0.0149351862063326
"cchkp","ctemf","RUS",0.00980769230769231
"cchkp","ctemf","SAU",0.015
"cchkp","ctemf","SPP",0.015
"cchkp","ctemf","SVK",0.0149351862063326
"cchkp","ctemf","SYR",0.015
"cchkp","ctemf","TUN",0.015
"cchkp","ctemf","TUR",0.015
"cchkp","ctemf","URY",0.015
"cchkp","ctemf","USA",0.015
"cchkp","ctemf","UZB",0.00980769230769231
"cchkp","ctemf","VEN",0.015
"cchkp","ctemf","YEM",0.015
"cchkp","ctemf","ZWE",0.015
"cchkp","cvege","ARG",0.015
"cchkp","cvege","AUS",0.015
"cchkp","cvege","BGD",0.015
"cchkp","cvege","BGR",0.0149351862063326
"cchkp","cvege","BOL",0.015
"cchkp","cvege","BTN",0.015
"cchkp","cvege","CAN",0.015
"cchkp","cvege","CHL",0.015
"cchkp","cvege","CHM",0.015
"cchkp","cvege","COL",0.015
"cchkp","cvege","CRB",0.015
"cchkp","cvege","CYP",0.015
"cchkp","cvege","DEU",0.015
"cchkp","cvege","DOM",0.015
"cchkp","cvege","DZA",0.015
"cchkp","cvege","EGY",0.015
"cchkp","cvege","ETH",0.015
"cchkp","cvege","GRC",0.014931640628193
"cchkp","cvege","HUN",0.0149351862063326
"cchkp","cvege","IND",0.015
"cchkp","cvege","IRL",0.015
"cchkp","cvege","IRN",0.015
"cchkp","cvege","IRQ",0.015
"cchkp","cvege","ISR",0.015
"cchkp","cvege","ITP",0.015
"cchkp","cvege","JOR",0.015
"cchkp","cvege","KAZ",0.00980769230769231
"cchkp","cvege","KEN",0.015
"cchkp","cvege","LBN",0.015
"cchkp","cvege","LBY",0.015
"cchkp","cvege","LKA",0.015
"cchkp","cvege","MDA",0.0149351862063326
"cchkp","cvege","MEX",0.015
"cchkp","cvege","MMR",0.015
"cchkp","cvege","MOR",0.015
"cchkp","cvege","MWI",0.015
"cchkp","cvege","NER",0.015
"cchkp","cvege","NOR",0.015
"cchkp","cvege","NPL",0.015
"cchkp","cvege","OBN",0.014931640628193
"cchkp","cvege","PAK",0.015
"cchkp","cvege","PER",0.015
"cchkp","cvege","PHL",0.015
"cchkp","cvege","PRT",0.015
"cchkp","cvege","RAP",0.015
"cchkp","cvege","ROU",0.0149351862063326
"cchkp","cvege","RUS",0.00980769230769231
"cchkp","cvege","SAU",0.015
"cchkp","cvege","SDN",0.015
"cchkp","cvege","SPP",0.015
"cchkp","cvege","SVK",0.0149351862063326
"cchkp","cvege","SYR",0.015
"cchkp","cvege","TGO",0.015
"cchkp","cvege","TUN",0.015
"cchkp","cvege","TUR",0.015
"cchkp","cvege","TZA",0.015
"cchkp","cvege","UGA",0.015
"cchkp","cvege","URY",0.015
"cchkp","cvege","USA",0.015
"cchkp","cvege","UZB",0.00980769230769231
"cchkp","cvege","VEN",0.015
"cchkp","cvege","YEM",0.015
"cchkp","cvege","ZWE",0.015
"ccowp","cbean","CHM",0.015
"ccowp","cbean","CMR",0.015
"ccowp","cbean","COD",0.015
"ccowp","cbean","EGY",0.015
"ccowp","cbean","HTI",0.015
"ccowp","cbean","IRQ",0.015
"ccowp","cbean","JPN",0.0148661117934326
"ccowp","cbean","KEN",0.015
"ccowp","cbean","MDG",0.015
"ccowp","cbean","MLI",0.015
"ccowp","cbean","MMR",0.015
"ccowp","cbean","MOZ",0.015
"ccowp","cbean","MRT",0.015
"ccowp","cbean","MWI",0.015
"ccowp","cbean","NER",0.015
"ccowp","cbean","OBN",0.014931640628193
"ccowp","cbean","PAN",0.015
"ccowp","cbean","PER",0.015
"ccowp","cbean","PHL",0.015
"ccowp","cbean","SDN",0.015
"ccowp","cbean","SWZ",0.015
"ccowp","cbean","TZA",0.015
"ccowp","cbean","UGA",0.015
"ccowp","cbean","USA",0.015
"ccowp","cbean","ZAF",0.015
"ccowp","cbean","ZWE",0.015
"ccowp","cchkp","BTN",0.015
"ccowp","cchkp","CHM",0.015
"ccowp","cchkp","CRB",0.015
"ccowp","cchkp","CYP",0.015
"ccowp","cchkp","EGY",0.015
"ccowp","cchkp","IRQ",0.015
"ccowp","cchkp","KEN",0.015
"ccowp","cchkp","LKA",0.015
"ccowp","cchkp","MMR",0.015
"ccowp","cchkp","MWI",0.015
"ccowp","cchkp","NER",0.015
"ccowp","cchkp","OBN",0.014931640628193
"ccowp","cchkp","PER",0.015
"ccowp","cchkp","PHL",0.015
"ccowp","cchkp","RAP",0.015
"ccowp","cchkp","SDN",0.015
"ccowp","cchkp","TZA",0.015
"ccowp","cchkp","UGA",0.015
"ccowp","cchkp","USA",0.015
"ccowp","cchkp","YEM",0.015
"ccowp","cchkp","ZWE",0.015
"ccowp","ccowp","BFA",-0.248994492364905
"ccowp","ccowp","BTN",-0.284995976845531
"ccowp","ccowp","CHM",-0.129999034476939
"ccowp","ccowp","CMR",-0.339562439712673
"ccowp","ccowp","COD",-0.339616495981462
"ccowp","ccowp","CRB",-0.159576581626776
"ccowp","ccowp","CYP",-0.124623803107131
"ccowp","ccowp","EGY",-0.167451499410859
"ccowp","ccowp","GNB",-0.34
"ccowp","ccowp","GSA",-0.209996829597693
"ccowp","ccowp","HRV",-0.0998476273471476
"ccowp","ccowp","HTI",-0.209990208989321
"ccowp","ccowp","IRQ",-0.125
"ccowp","ccowp","JAM",-0.159576581626776
"ccowp","ccowp","JPN",-0.0997006895793869
"ccowp","ccowp","KEN",-0.334200518037797
"ccowp","ccowp","LKA",-0.284997284137103
"ccowp","ccowp","MDG",-0.315
"ccowp","ccowp","MLI",-0.24925998918587
"ccowp","ccowp","MMR",-0.254998886567853
"ccowp","ccowp","MOZ",-0.314493176932375
"ccowp","ccowp","MRT",-0.249368825614088
"ccowp","ccowp","MWI",-0.314993518350751
"ccowp","ccowp","NER",-0.249783570529885
"ccowp","ccowp","NGA",-0.338883812506488
"ccowp","ccowp","OBN",-0.0998476273471476
"ccowp","ccowp","PAN",-0.209990208989321
"ccowp","ccowp","PER",-0.209993788013159
"ccowp","ccowp","PHL",-0.169997314780118
"ccowp","ccowp","RAP",-0.124447300654724
"ccowp","ccowp","SDN",-0.247679579897273
"ccowp","ccowp","SEN",-0.339750601680334
"ccowp","ccowp","SVN",-0.0998476273471476
"ccowp","ccowp","SWZ",-0.314911586501743
"ccowp","ccowp","TZA",-0.334226500790698
"ccowp","ccowp","UGA",-0.332994226148209
"ccowp","ccowp","USA",-0.254075341876709
"ccowp","ccowp","YEM",-0.124447300654724
"ccowp","ccowp","ZAF",-0.233824460711193
"ccowp","ccowp","ZWE",-0.315
"ccowp","clent","BTN",0.015
"ccowp","clent","CHM",0.015
"ccowp","clent","CYP",0.015
"ccowp","clent","EGY",0.015
"ccowp","clent","HRV",0.014931640628193
"ccowp","clent","IRQ",0.015
"ccowp","clent","KEN",0.015
"ccowp","clent","LKA",0.015
"ccowp","clent","MDG",0.015
"ccowp","clent","MMR",0.015
"ccowp","clent","MWI",0.015
"ccowp","clent","OBN",0.014931640628193
"ccowp","clent","PAN",0.015
"ccowp","clent","PER",0.015
"ccowp","clent","RAP",0.015
"ccowp","clent","SVN",0.014931640628193
"ccowp","clent","USA",0.015
"ccowp","clent","YEM",0.015
"ccowp","cpigp","BTN",0.015
"ccowp","cpigp","COD",0.015
"ccowp","cpigp","CRB",0.015
"ccowp","cpigp","HTI",0.015
"ccowp","cpigp","JAM",0.015
"ccowp","cpigp","KEN",0.015
"ccowp","cpigp","MMR",0.015
"ccowp","cpigp","MWI",0.015
"ccowp","cpigp","PAN",0.015
"ccowp","cpigp","PHL",0.015
"ccowp","cpigp","TZA",0.015
"ccowp","cpigp","UGA",0.015
"ccowp","copul","BFA",0.015
"ccowp","copul","BTN",0.015
"ccowp","copul","CHM",0.015
"ccowp","copul","CMR",0.015
"ccowp","copul","COD",0.015
"ccowp","copul","CRB",0.015
"ccowp","copul","CYP",0.015
"ccowp","copul","EGY",0.015
"ccowp","copul","GNB",0.015
"ccowp","copul","GSA",0.015
"ccowp","copul","HRV",0.014931640628193
"ccowp","copul","HTI",0.015
"ccowp","copul","IRQ",0.015
"ccowp","copul","JAM",0.015
"ccowp","copul","JPN",0.0148661117934326
"ccowp","copul","KEN",0.015
"ccowp","copul","LKA",0.015
"ccowp","copul","MDG",0.015
"ccowp","copul","MLI",0.015
"ccowp","copul","MMR",0.015
"ccowp","copul","MOZ",0.015
"ccowp","copul","MRT",0.015
"ccowp","copul","MWI",0.015
"ccowp","copul","NER",0.015
"ccowp","copul","NGA",0.015
"ccowp","copul","OBN",0.014931640628193
"ccowp","copul","PAN",0.015
"ccowp","copul","PER",0.015
"ccowp","copul","PHL",0.015
"ccowp","copul","RAP",0.015
"ccowp","copul","SDN",0.015
"ccowp","copul","SEN",0.015
"ccowp","copul","SVN",0.014931640628193
"ccowp","copul","SWZ",0.015
"ccowp","copul","TZA",0.015
"ccowp","copul","UGA",0.015
"ccowp","copul","USA",0.015
"ccowp","copul","YEM",0.015
"ccowp","copul","ZAF",0.015
"ccowp","copul","ZWE",0.015
"ccowp","cbana","CHM",0.015
"ccowp","cbana","CMR",0.015
"ccowp","cbana","COD",0.015
"ccowp","cbana","CRB",0.015
"ccowp","cbana","CYP",0.015
"ccowp","cbana","EGY",0.015
"ccowp","cbana","GNB",0.015
"ccowp","cbana","GSA",0.015
"ccowp","cbana","HRV",0.014931640628193
"ccowp","cbana","HTI",0.015
"ccowp","cbana","IRQ",0.015
"ccowp","cbana","JAM",0.015
"ccowp","cbana","JPN",0.0148661117934326
"ccowp","cbana","KEN",0.015
"ccowp","cbana","MDG",0.015
"ccowp","cbana","MLI",0.015
"ccowp","cbana","MOZ",0.015
"ccowp","cbana","MWI",0.015
"ccowp","cbana","OBN",0.014931640628193
"ccowp","cbana","PAN",0.015
"ccowp","cbana","PER",0.015
"ccowp","cbana","PHL",0.015
"ccowp","cbana","RAP",0.015
"ccowp","cbana","SDN",0.015
"ccowp","cbana","SEN",0.015
"ccowp","cbana","SVN",0.014931640628193
"ccowp","cbana","SWZ",0.015
"ccowp","cbana","TZA",0.015
"ccowp","cbana","USA",0.015
"ccowp","cbana","YEM",0.015
"ccowp","cbana","ZAF",0.015
"ccowp","cbana","ZWE",0.015
"ccowp","cplnt","CMR",0.015
"ccowp","cplnt","COD",0.015
"ccowp","cplnt","CRB",0.015
"ccowp","cplnt","GNB",0.015
"ccowp","cplnt","GSA",0.015
"ccowp","cplnt","HTI",0.015
"ccowp","cplnt","JAM",0.015
"ccowp","cplnt","KEN",0.015
"ccowp","cplnt","LKA",0.015
"ccowp","cplnt","MMR",0.015
"ccowp","cplnt","MWI",0.015
"ccowp","cplnt","NGA",0.015
"ccowp","cplnt","OBN",0.014931640628193
"ccowp","cplnt","PAN",0.015
"ccowp","cplnt","PHL",0.015
"ccowp","cplnt","RAP",0.015
"ccowp","cplnt","TZA",0.015
"ccowp","cplnt","UGA",0.015
"ccowp","csubf","BTN",0.015
"ccowp","csubf","CHM",0.015
"ccowp","csubf","CMR",0.015
"ccowp","csubf","COD",0.015
"ccowp","csubf","CRB",0.015
"ccowp","csubf","CYP",0.015
"ccowp","csubf","EGY",0.015
"ccowp","csubf","GNB",0.015
"ccowp","csubf","GSA",0.015
"ccowp","csubf","HRV",0.014931640628193
"ccowp","csubf","HTI",0.015
"ccowp","csubf","IRQ",0.015
"ccowp","csubf","JAM",0.015
"ccowp","csubf","JPN",0.0148661117934326
"ccowp","csubf","KEN",0.015
"ccowp","csubf","LKA",0.015
"ccowp","csubf","MDG",0.015
"ccowp","csubf","MLI",0.015
"ccowp","csubf","MOZ",0.015
"ccowp","csubf","MRT",0.015
"ccowp","csubf","MWI",0.015
"ccowp","csubf","NER",0.015
"ccowp","csubf","NGA",0.015
"ccowp","csubf","OBN",0.014931640628193
"ccowp","csubf","PAN",0.015
"ccowp","csubf","PER",0.015
"ccowp","csubf","PHL",0.015
"ccowp","csubf","RAP",0.015
"ccowp","csubf","SDN",0.015
"ccowp","csubf","SEN",0.015
"ccowp","csubf","SVN",0.014931640628193
"ccowp","csubf","SWZ",0.015
"ccowp","csubf","TZA",0.015
"ccowp","csubf","USA",0.015
"ccowp","csubf","YEM",0.015
"ccowp","csubf","ZAF",0.015
"ccowp","csubf","ZWE",0.015
"ccowp","ctemf","BTN",0.015
"ccowp","ctemf","CHM",0.015
"ccowp","ctemf","CYP",0.015
"ccowp","ctemf","EGY",0.015
"ccowp","ctemf","HRV",0.014931640628193
"ccowp","ctemf","IRQ",0.015
"ccowp","ctemf","JPN",0.0148661117934326
"ccowp","ctemf","MDG",0.015
"ccowp","ctemf","OBN",0.014931640628193
"ccowp","ctemf","PER",0.015
"ccowp","ctemf","PHL",0.015
"ccowp","ctemf","RAP",0.015
"ccowp","ctemf","SEN",0.015
"ccowp","ctemf","SVN",0.014931640628193
"ccowp","ctemf","SWZ",0.015
"ccowp","ctemf","USA",0.015
"ccowp","ctemf","YEM",0.015
"ccowp","ctemf","ZAF",0.015
"ccowp","ctemf","ZWE",0.015
"ccowp","cvege","BFA",0.015
"ccowp","cvege","BTN",0.015
"ccowp","cvege","CHM",0.015
"ccowp","cvege","CMR",0.015
"ccowp","cvege","COD",0.015
"ccowp","cvege","CRB",0.015
"ccowp","cvege","CYP",0.015
"ccowp","cvege","EGY",0.015
"ccowp","cvege","GNB",0.015
"ccowp","cvege","GSA",0.015
"ccowp","cvege","HRV",0.014931640628193
"ccowp","cvege","HTI",0.015
"ccowp","cvege","IRQ",0.015
"ccowp","cvege","JAM",0.015
"ccowp","cvege","JPN",0.0148661117934326
"ccowp","cvege","KEN",0.015
"ccowp","cvege","LKA",0.015
"ccowp","cvege","MDG",0.015
"ccowp","cvege","MLI",0.015
"ccowp","cvege","MMR",0.015
"ccowp","cvege","MOZ",0.015
"ccowp","cvege","MRT",0.015
"ccowp","cvege","MWI",0.015
"ccowp","cvege","NER",0.015
"ccowp","cvege","NGA",0.015
"ccowp","cvege","OBN",0.014931640628193
"ccowp","cvege","PAN",0.015
"ccowp","cvege","PER",0.015
"ccowp","cvege","PHL",0.015
"ccowp","cvege","RAP",0.015
"ccowp","cvege","SDN",0.015
"ccowp","cvege","SEN",0.015
"ccowp","cvege","SVN",0.014931640628193
"ccowp","cvege","SWZ",0.015
"ccowp","cvege","TZA",0.015
"ccowp","cvege","UGA",0.015
"ccowp","cvege","USA",0.015
"ccowp","cvege","YEM",0.015
"ccowp","cvege","ZAF",0.015
"ccowp","cvege","ZWE",0.015
"clent","cbean","ARG",0.015
"clent","cbean","AUS",0.015
"clent","cbean","AZE",0.00980769230769231
"clent","cbean","BGD",0.015
"clent","cbean","BGR",0.0149351862063326
"clent","cbean","CAN",0.015
"clent","cbean","CHL",0.015
"clent","cbean","CHM",0.015
"clent","cbean","COL",0.015
"clent","cbean","ECU",0.015
"clent","cbean","EGY",0.015
"clent","cbean","ETH",0.015
"clent","cbean","GRC",0.014931640628193
"clent","cbean","IND",0.015
"clent","cbean","IRN",0.015
"clent","cbean","IRQ",0.015
"clent","cbean","KAZ",0.00980769230769231
"clent","cbean","KEN",0.015
"clent","cbean","MDG",0.015
"clent","cbean","MEX",0.015
"clent","cbean","MMR",0.015
"clent","cbean","MOR",0.015
"clent","cbean","MWI",0.015
"clent","cbean","NPL",0.015
"clent","cbean","OBN",0.014931640628193
"clent","cbean","PAK",0.015
"clent","cbean","PAN",0.015
"clent","cbean","PER",0.015
"clent","cbean","RUS",0.00980769230769231
"clent","cbean","SPP",0.015
"clent","cbean","TJK",0.00980769230769231
"clent","cbean","TUR",0.015
"clent","cbean","UKP",0.015
"clent","cbean","UKR",0.00980769230769231
"clent","cbean","USA",0.015
"clent","cbean","VEN",0.015
"clent","cchkp","ARG",0.015
"clent","cchkp","AUS",0.015
"clent","cchkp","BGD",0.015
"clent","cchkp","BGR",0.0149351862063326
"clent","cchkp","BTN",0.015
"clent","cchkp","CAN",0.015
"clent","cchkp","CHL",0.015
"clent","cchkp","CHM",0.015
"clent","cchkp","COL",0.015
"clent","cchkp","CYP",0.015
"clent","cchkp","DEU",0.015
"clent","cchkp","DZA",0.015
"clent","cchkp","EGY",0.015
"clent","cchkp","ETH",0.015
"clent","cchkp","GRC",0.014931640628193
"clent","cchkp","HUN",0.0149351862063326
"clent","cchkp","IND",0.015
"clent","cchkp","IRL",0.015
"clent","cchkp","IRN",0.015
"clent","cchkp","IRQ",0.015
"clent","cchkp","ISR",0.015
"clent","cchkp","ITP",0.015
"clent","cchkp","JOR",0.015
"clent","cchkp","KAZ",0.00980769230769231
"clent","cchkp","KEN",0.015
"clent","cchkp","LBN",0.015
"clent","cchkp","LBY",0.015
"clent","cchkp","LKA",0.015
"clent","cchkp","MEX",0.015
"clent","cchkp","MMR",0.015
"clent","cchkp","MOR",0.015
"clent","cchkp","MWI",0.015
"clent","cchkp","NOR",0.015
"clent","cchkp","NPL",0.015
"clent","cchkp","OBN",0.014931640628193
"clent","cchkp","PAK",0.015
"clent","cchkp","PER",0.015
"clent","cchkp","PRT",0.015
"clent","cchkp","RAP",0.015
"clent","cchkp","ROU",0.0149351862063326
"clent","cchkp","RUS",0.00980769230769231
"clent","cchkp","SAU",0.015
"clent","cchkp","SPP",0.015
"clent","cchkp","SVK",0.0149351862063326
"clent","cchkp","SYR",0.015
"clent","cchkp","TUN",0.015
"clent","cchkp","TUR",0.015
"clent","cchkp","URY",0.015
"clent","cchkp","USA",0.015
"clent","cchkp","UZB",0.00980769230769231
"clent","cchkp","VEN",0.015
"clent","cchkp","YEM",0.015
"clent","ccowp","BTN",0.015
"clent","ccowp","CHM",0.015
"clent","ccowp","CYP",0.015
"clent","ccowp","EGY",0.015
"clent","ccowp","HRV",0.014931640628193
"clent","ccowp","IRQ",0.015
"clent","ccowp","KEN",0.015
"clent","ccowp","LKA",0.015
"clent","ccowp","MDG",0.015
"clent","ccowp","MMR",0.015
"clent","ccowp","MWI",0.015
"clent","ccowp","OBN",0.014931640628193
"clent","ccowp","PAN",0.015
"clent","ccowp","PER",0.015
"clent","ccowp","RAP",0.015
"clent","ccowp","SVN",0.014931640628193
"clent","ccowp","USA",0.015
"clent","ccowp","YEM",0.015
"clent","clent","ARG",-0.199997650764829
"clent","clent","ARM",-0.0818302220045079
"clent","clent","AUS",-0.218937593616389
"clent","clent","AUT",-0.257993304148282
"clent","clent","AZE",-0.0818302220045079
"clent","clent","BGD",-0.254996014219083
"clent","clent","BGR",-0.0998555532522188
"clent","clent","BTN",-0.284995976845531
"clent","clent","CAN",-0.23363573623798
"clent","clent","CHL",-0.20999451309427
"clent","clent","CHM",-0.129999034476939
"clent","clent","CHP",-0.257993304148282
"clent","clent","COL",-0.219991166114332
"clent","clent","CYP",-0.124623803107131
"clent","clent","CZE",-0.0998555532522188
"clent","clent","DEU",-0.259706381236012
"clent","clent","DNK",-0.257994435596811
"clent","clent","DZA",-0.124240935618445
"clent","clent","ECU",-0.209992487969659
"clent","clent","EGY",-0.167451499410859
"clent","clent","ETH",-0.249600355310254
"clent","clent","FRP",-0.259563627732471
"clent","clent","GRC",-0.0998476273471476
"clent","clent","HRV",-0.0998476273471476
"clent","clent","HUN",-0.0998555532522188
"clent","clent","IND",-0.229995234703183
"clent","clent","IRL",-0.259095140712946
"clent","clent","IRN",-0.124102167386431
"clent","clent","IRQ",-0.125
"clent","clent","ISR",-0.232983553375546
"clent","clent","ITP",-0.259868614717652
"clent","clent","JOR",-0.124138870640139
"clent","clent","KAZ",-0.0827465066984962
"clent","clent","KEN",-0.334200518037797
"clent","clent","LBN",-0.124497678250202
"clent","clent","LBY",-0.124276385000596
"clent","clent","LKA",-0.284997284137103
"clent","clent","MDG",-0.315
"clent","clent","MEX",-0.184997973802988
"clent","clent","MMR",-0.254998886567853
"clent","clent","MOR",-0.124296726706738
"clent","clent","MWI",-0.314993518350751
"clent","clent","NOR",-0.257994435596811
"clent","clent","NPL",-0.284997792879437
"clent","clent","NZL",-0.23351079576711
"clent","clent","OBN",-0.0998476273471476
"clent","clent","OIO",-0.159576581626776
"clent","clent","PAK",-0.164996889993578
"clent","clent","PAN",-0.209990208989321
"clent","clent","PER",-0.209993788013159
"clent","clent","PRT",-0.259412605638061
"clent","clent","RAP",-0.124447300654724
"clent","clent","ROU",-0.0998555532522188
"clent","clent","RUS",-0.0833918003935593
"clent","clent","SAU",-0.124447300654724
"clent","clent","SPP",-0.259412605638061
"clent","clent","SVK",-0.0998555532522188
"clent","clent","SVN",-0.0998476273471476
"clent","clent","SYR",-0.124411052967278
"clent","clent","TJK",-0.0827250261182679
"clent","clent","TUN",-0.124387889810306
"clent","clent","TUR",-0.12111519875749
"clent","clent","UKP",-0.259095140712946
"clent","clent","UKR",-0.083348033299174
"clent","clent","URY",-0.209994865637269
"clent","clent","USA",-0.254075341876709
"clent","clent","UZB",-0.08371175845141
"clent","clent","VEN",-0.209996829597693
"clent","clent","YEM",-0.124447300654724
"clent","cpigp","BGD",0.015
"clent","cpigp","BTN",0.015
"clent","cpigp","COL",0.015
"clent","cpigp","IND",0.015
"clent","cpigp","KEN",0.015
"clent","cpigp","MMR",0.015
"clent","cpigp","MWI",0.015
"clent","cpigp","NPL",0.015
"clent","cpigp","OIO",0.015
"clent","cpigp","PAK",0.015
"clent","cpigp","PAN",0.015
"clent","cpigp","VEN",0.015
"clent","copul","ARG",0.015
"clent","copul","ARM",0.00980769230769231
"clent","copul","AUS",0.015
"clent","copul","AUT",0.015
"clent","copul","AZE",0.00980769230769231
"clent","copul","BGD",0.015
"clent","copul","BGR",0.0149351862063326
"clent","copul","BTN",0.015
"clent","copul","CAN",0.015
"clent","copul","CHL",0.015
"clent","copul","CHM",0.015
"clent","copul","CHP",0.015
"clent","copul","COL",0.015
"clent","copul","CYP",0.015
"clent","copul","CZE",0.0149351862063326
"clent","copul","DEU",0.015
"clent","copul","DNK",0.015
"clent","copul","DZA",0.015
"clent","copul","ECU",0.015
"clent","copul","EGY",0.015
"clent","copul","ETH",0.015
"clent","copul","FRP",0.015
"clent","copul","GRC",0.014931640628193
"clent","copul","HRV",0.014931640628193
"clent","copul","HUN",0.0149351862063326
"clent","copul","IND",0.015
"clent","copul","IRL",0.015
"clent","copul","IRN",0.015
"clent","copul","IRQ",0.015
"clent","copul","ISR",0.015
"clent","copul","ITP",0.015
"clent","copul","JOR",0.015
"clent","copul","KAZ",0.00980769230769231
"clent","copul","KEN",0.015
"clent","copul","LBN",0.015
"clent","copul","LBY",0.015
"clent","copul","LKA",0.015
"clent","copul","MDG",0.015
"clent","copul","MEX",0.015
"clent","copul","MMR",0.015
"clent","copul","MOR",0.015
"clent","copul","MWI",0.015
"clent","copul","NOR",0.015
"clent","copul","NPL",0.015
"clent","copul","NZL",0.015
"clent","copul","OBN",0.014931640628193
"clent","copul","OIO",0.015
"clent","copul","PAK",0.015
"clent","copul","PAN",0.015
"clent","copul","PER",0.015
"clent","copul","PRT",0.015
"clent","copul","RAP",0.015
"clent","copul","ROU",0.0149351862063326
"clent","copul","RUS",0.00980769230769231
"clent","copul","SAU",0.015
"clent","copul","SPP",0.015
"clent","copul","SVK",0.0149351862063326
"clent","copul","SVN",0.014931640628193
"clent","copul","SYR",0.015
"clent","copul","TJK",0.00980769230769231
"clent","copul","TUN",0.015
"clent","copul","TUR",0.015
"clent","copul","UKP",0.015
"clent","copul","UKR",0.00980769230769231
"clent","copul","URY",0.015
"clent","copul","USA",0.015
"clent","copul","UZB",0.00980769230769231
"clent","copul","VEN",0.015
"clent","copul","YEM",0.015
"clent","cbana","ARG",0.015
"clent","cbana","AUS",0.015
"clent","cbana","AUT",0.015
"clent","cbana","BGD",0.015
"clent","cbana","BGR",0.0149351862063326
"clent","cbana","CAN",0.015
"clent","cbana","CHL",0.015
"clent","cbana","CHM",0.015
"clent","cbana","CHP",0.015
"clent","cbana","COL",0.015
"clent","cbana","CYP",0.015
"clent","cbana","CZE",0.0149351862063326
"clent","cbana","DEU",0.015
"clent","cbana","DNK",0.015
"clent","cbana","DZA",0.015
"clent","cbana","ECU",0.015
"clent","cbana","EGY",0.015
"clent","cbana","ETH",0.015
"clent","cbana","FRP",0.015
"clent","cbana","HRV",0.014931640628193
"clent","cbana","HUN",0.0149351862063326
"clent","cbana","IND",0.015
"clent","cbana","IRL",0.015
"clent","cbana","IRN",0.015
"clent","cbana","IRQ",0.015
"clent","cbana","ISR",0.015
"clent","cbana","JOR",0.015
"clent","cbana","KEN",0.015
"clent","cbana","LBN",0.015
"clent","cbana","LBY",0.015
"clent","cbana","MDG",0.015
"clent","cbana","MEX",0.015
"clent","cbana","MOR",0.015
"clent","cbana","MWI",0.015
"clent","cbana","NOR",0.015
"clent","cbana","NPL",0.015
"clent","cbana","NZL",0.015
"clent","cbana","OBN",0.014931640628193
"clent","cbana","OIO",0.015
"clent","cbana","PAK",0.015
"clent","cbana","PAN",0.015
"clent","cbana","PER",0.015
"clent","cbana","PRT",0.015
"clent","cbana","RAP",0.015
"clent","cbana","ROU",0.0149351862063326
"clent","cbana","SAU",0.015
"clent","cbana","SPP",0.015
"clent","cbana","SVK",0.0149351862063326
"clent","cbana","SVN",0.014931640628193
"clent","cbana","SYR",0.015
"clent","cbana","TUN",0.015
"clent","cbana","TUR",0.015
"clent","cbana","UKP",0.015
"clent","cbana","URY",0.015
"clent","cbana","USA",0.015
"clent","cbana","VEN",0.015
"clent","cbana","YEM",0.015
"clent","cplnt","BGD",0.015
"clent","cplnt","COL",0.015
"clent","cplnt","ECU",0.015
"clent","cplnt","KEN",0.015
"clent","cplnt","LKA",0.015
"clent","cplnt","MMR",0.015
"clent","cplnt","MWI",0.015
"clent","cplnt","OBN",0.014931640628193
"clent","cplnt","PAN",0.015
"clent","cplnt","RAP",0.015
"clent","cplnt","SPP",0.015
"clent","cplnt","VEN",0.015
"clent","csubf","ARG",0.015
"clent","csubf","AUS",0.015
"clent","csubf","AUT",0.015
"clent","csubf","AZE",0.00980769230769231
"clent","csubf","BGD",0.015
"clent","csubf","BGR",0.0149351862063326
"clent","csubf","BTN",0.015
"clent","csubf","CAN",0.015
"clent","csubf","CHL",0.015
"clent","csubf","CHM",0.015
"clent","csubf","CHP",0.015
"clent","csubf","COL",0.015
"clent","csubf","CYP",0.015
"clent","csubf","CZE",0.0149351862063326
"clent","csubf","DEU",0.015
"clent","csubf","DNK",0.015
"clent","csubf","DZA",0.015
"clent","csubf","ECU",0.015
"clent","csubf","EGY",0.015
"clent","csubf","ETH",0.015
"clent","csubf","FRP",0.015
"clent","csubf","GRC",0.014931640628193
"clent","csubf","HRV",0.014931640628193
"clent","csubf","HUN",0.0149351862063326
"clent","csubf","IND",0.015
"clent","csubf","IRL",0.015
"clent","csubf","IRN",0.015
"clent","csubf","IRQ",0.015
"clent","csubf","ISR",0.015
"clent","csubf","ITP",0.015
"clent","csubf","JOR",0.015
"clent","csubf","KEN",0.015
"clent","csubf","LBN",0.015
"clent","csubf","LBY",0.015
"clent","csubf","LKA",0.015
"clent","csubf","MDG",0.015
"clent","csubf","MEX",0.015
"clent","csubf","MOR",0.015
"clent","csubf","MWI",0.015
"clent","csubf","NOR",0.015
"clent","csubf","NPL",0.015
"clent","csubf","NZL",0.015
"clent","csubf","OBN",0.014931640628193
"clent","csubf","PAK",0.015
"clent","csubf","PAN",0.015
"clent","csubf","PER",0.015
"clent","csubf","PRT",0.015
"clent","csubf","RAP",0.015
"clent","csubf","ROU",0.0149351862063326
"clent","csubf","SAU",0.015
"clent","csubf","SPP",0.015
"clent","csubf","SVK",0.0149351862063326
"clent","csubf","SVN",0.014931640628193
"clent","csubf","SYR",0.015
"clent","csubf","TUN",0.015
"clent","csubf","TUR",0.015
"clent","csubf","UKP",0.015
"clent","csubf","URY",0.015
"clent","csubf","USA",0.015
"clent","csubf","UZB",0.00980769230769231
"clent","csubf","VEN",0.015
"clent","csubf","YEM",0.015
"clent","ctemf","ARG",0.015
"clent","ctemf","ARM",0.00980769230769231
"clent","ctemf","AUS",0.015
"clent","ctemf","AUT",0.015
"clent","ctemf","AZE",0.00980769230769231
"clent","ctemf","BGR",0.0149351862063326
"clent","ctemf","BTN",0.015
"clent","ctemf","CAN",0.015
"clent","ctemf","CHL",0.015
"clent","ctemf","CHM",0.015
"clent","ctemf","CHP",0.015
"clent","ctemf","COL",0.015
"clent","ctemf","CYP",0.015
"clent","ctemf","CZE",0.0149351862063326
"clent","ctemf","DEU",0.015
"clent","ctemf","DNK",0.015
"clent","ctemf","DZA",0.015
"clent","ctemf","ECU",0.015
"clent","ctemf","EGY",0.015
"clent","ctemf","ETH",0.015
"clent","ctemf","FRP",0.015
"clent","ctemf","GRC",0.014931640628193
"clent","ctemf","HRV",0.014931640628193
"clent","ctemf","HUN",0.0149351862063326
"clent","ctemf","IND",0.015
"clent","ctemf","IRL",0.015
"clent","ctemf","IRN",0.015
"clent","ctemf","IRQ",0.015
"clent","ctemf","ISR",0.015
"clent","ctemf","ITP",0.015
"clent","ctemf","JOR",0.015
"clent","ctemf","KAZ",0.00980769230769231
"clent","ctemf","LBN",0.015
"clent","ctemf","LBY",0.015
"clent","ctemf","MDG",0.015
"clent","ctemf","MEX",0.015
"clent","ctemf","MOR",0.015
"clent","ctemf","NOR",0.015
"clent","ctemf","NPL",0.015
"clent","ctemf","NZL",0.015
"clent","ctemf","OBN",0.014931640628193
"clent","ctemf","OIO",0.015
"clent","ctemf","PAK",0.015
"clent","ctemf","PER",0.015
"clent","ctemf","PRT",0.015
"clent","ctemf","RAP",0.015
"clent","ctemf","ROU",0.0149351862063326
"clent","ctemf","RUS",0.00980769230769231
"clent","ctemf","SAU",0.015
"clent","ctemf","SPP",0.015
"clent","ctemf","SVK",0.0149351862063326
"clent","ctemf","SVN",0.014931640628193
"clent","ctemf","SYR",0.015
"clent","ctemf","TJK",0.00980769230769231
"clent","ctemf","TUN",0.015
"clent","ctemf","TUR",0.015
"clent","ctemf","UKP",0.015
"clent","ctemf","UKR",0.00980769230769231
"clent","ctemf","URY",0.015
"clent","ctemf","USA",0.015
"clent","ctemf","UZB",0.00980769230769231
"clent","ctemf","VEN",0.015
"clent","ctemf","YEM",0.015
"clent","cvege","ARG",0.015
"clent","cvege","ARM",0.00980769230769231
"clent","cvege","AUS",0.015
"clent","cvege","AUT",0.015
"clent","cvege","AZE",0.00980769230769231
"clent","cvege","BGD",0.015
"clent","cvege","BGR",0.0149351862063326
"clent","cvege","BTN",0.015
"clent","cvege","CAN",0.015
"clent","cvege","CHL",0.015
"clent","cvege","CHM",0.015
"clent","cvege","CHP",0.015
"clent","cvege","COL",0.015
"clent","cvege","CYP",0.015
"clent","cvege","CZE",0.0149351862063326
"clent","cvege","DEU",0.015
"clent","cvege","DNK",0.015
"clent","cvege","DZA",0.015
"clent","cvege","ECU",0.015
"clent","cvege","EGY",0.015
"clent","cvege","ETH",0.015
"clent","cvege","FRP",0.015
"clent","cvege","GRC",0.014931640628193
"clent","cvege","HRV",0.014931640628193
"clent","cvege","HUN",0.0149351862063326
"clent","cvege","IND",0.015
"clent","cvege","IRL",0.015
"clent","cvege","IRN",0.015
"clent","cvege","IRQ",0.015
"clent","cvege","ISR",0.015
"clent","cvege","ITP",0.015
"clent","cvege","JOR",0.015
"clent","cvege","KAZ",0.00980769230769231
"clent","cvege","KEN",0.015
"clent","cvege","LBN",0.015
"clent","cvege","LBY",0.015
"clent","cvege","LKA",0.015
"clent","cvege","MDG",0.015
"clent","cvege","MEX",0.015
"clent","cvege","MMR",0.015
"clent","cvege","MOR",0.015
"clent","cvege","MWI",0.015
"clent","cvege","NOR",0.015
"clent","cvege","NPL",0.015
"clent","cvege","NZL",0.015
"clent","cvege","OBN",0.014931640628193
"clent","cvege","OIO",0.015
"clent","cvege","PAK",0.015
"clent","cvege","PAN",0.015
"clent","cvege","PER",0.015
"clent","cvege","PRT",0.015
"clent","cvege","RAP",0.015
"clent","cvege","ROU",0.0149351862063326
"clent","cvege","RUS",0.00980769230769231
"clent","cvege","SAU",0.015
"clent","cvege","SPP",0.015
"clent","cvege","SVK",0.0149351862063326
"clent","cvege","SVN",0.014931640628193
"clent","cvege","SYR",0.015
"clent","cvege","TJK",0.00980769230769231
"clent","cvege","TUN",0.015
"clent","cvege","TUR",0.015
"clent","cvege","UKP",0.015
"clent","cvege","UKR",0.00980769230769231
"clent","cvege","URY",0.015
"clent","cvege","USA",0.015
"clent","cvege","UZB",0.00980769230769231
"clent","cvege","VEN",0.015
"clent","cvege","YEM",0.015
"cpigp","cbean","BDI",0.015
"cpigp","cbean","BGD",0.015
"cpigp","cbean","COD",0.015
"cpigp","cbean","COL",0.015
"cpigp","cbean","DOM",0.015
"cpigp","cbean","HTI",0.015
"cpigp","cbean","IND",0.015
"cpigp","cbean","KEN",0.015
"cpigp","cbean","MMR",0.015
"cpigp","cbean","MWI",0.015
"cpigp","cbean","NPL",0.015
"cpigp","cbean","PAK",0.015
"cpigp","cbean","PAN",0.015
"cpigp","cbean","PHL",0.015
"cpigp","cbean","TZA",0.015
"cpigp","cbean","UGA",0.015
"cpigp","cbean","VEN",0.015
"cpigp","cchkp","BGD",0.015
"cpigp","cchkp","BTN",0.015
"cpigp","cchkp","COL",0.015
"cpigp","cchkp","CRB",0.015
"cpigp","cchkp","DOM",0.015
"cpigp","cchkp","IND",0.015
"cpigp","cchkp","KEN",0.015
"cpigp","cchkp","MMR",0.015
"cpigp","cchkp","MWI",0.015
"cpigp","cchkp","NPL",0.015
"cpigp","cchkp","PAK",0.015
"cpigp","cchkp","PHL",0.015
"cpigp","cchkp","TZA",0.015
"cpigp","cchkp","UGA",0.015
"cpigp","cchkp","VEN",0.015
"cpigp","ccowp","BTN",0.015
"cpigp","ccowp","COD",0.015
"cpigp","ccowp","CRB",0.015
"cpigp","ccowp","HTI",0.015
"cpigp","ccowp","JAM",0.015
"cpigp","ccowp","KEN",0.015
"cpigp","ccowp","MMR",0.015
"cpigp","ccowp","MWI",0.015
"cpigp","ccowp","PAN",0.015
"cpigp","ccowp","PHL",0.015
"cpigp","ccowp","TZA",0.015
"cpigp","ccowp","UGA",0.015
"cpigp","clent","BGD",0.015
"cpigp","clent","BTN",0.015
"cpigp","clent","COL",0.015
"cpigp","clent","IND",0.015
"cpigp","clent","KEN",0.015
"cpigp","clent","MMR",0.015
"cpigp","clent","MWI",0.015
"cpigp","clent","NPL",0.015
"cpigp","clent","OIO",0.015
"cpigp","clent","PAK",0.015
"cpigp","clent","PAN",0.015
"cpigp","clent","VEN",0.015
"cpigp","cpigp","BDI",-0.335
"cpigp","cpigp","BGD",-0.254996014219163
"cpigp","cpigp","BTN",-0.28499597684563
"cpigp","cpigp","COD",-0.339616495981462
"cpigp","cpigp","COL",-0.219991166114332
"cpigp","cpigp","CRB",-0.159576581626776
"cpigp","cpigp","DOM",-0.209990208989321
"cpigp","cpigp","HTI",-0.209990208989321
"cpigp","cpigp","IND",-0.229995234703182
"cpigp","cpigp","JAM",-0.159576581626776
"cpigp","cpigp","KEN",-0.334200518037797
"cpigp","cpigp","MMR",-0.254998886567853
"cpigp","cpigp","MWI",-0.314993518350751
"cpigp","cpigp","NPL",-0.284997792879438
"cpigp","cpigp","OIO",-0.159576581626776
"cpigp","cpigp","PAK",-0.164996889993578
"cpigp","cpigp","PAN",-0.209990208989321
"cpigp","cpigp","PHL",-0.169997314780118
"cpigp","cpigp","TZA",-0.334226500790698
"cpigp","cpigp","UGA",-0.332994226148209
"cpigp","cpigp","VEN",-0.209996829597693
"cpigp","copul","BDI",0.015
"cpigp","copul","BGD",0.015
"cpigp","copul","BTN",0.015
"cpigp","copul","COD",0.015
"cpigp","copul","COL",0.015
"cpigp","copul","CRB",0.015
"cpigp","copul","DOM",0.015
"cpigp","copul","HTI",0.015
"cpigp","copul","IND",0.015
"cpigp","copul","JAM",0.015
"cpigp","copul","KEN",0.015
"cpigp","copul","MMR",0.015
"cpigp","copul","MWI",0.015
"cpigp","copul","NPL",0.015
"cpigp","copul","OIO",0.015
"cpigp","copul","PAK",0.015
"cpigp","copul","PAN",0.015
"cpigp","copul","PHL",0.015
"cpigp","copul","TZA",0.015
"cpigp","copul","UGA",0.015
"cpigp","copul","VEN",0.015
"cpigp","cbana","BDI",0.015
"cpigp","cbana","BGD",0.015
"cpigp","cbana","COD",0.015
"cpigp","cbana","COL",0.015
"cpigp","cbana","CRB",0.015
"cpigp","cbana","DOM",0.015
"cpigp","cbana","HTI",0.015
"cpigp","cbana","IND",0.015
"cpigp","cbana","JAM",0.015
"cpigp","cbana","KEN",0.015
"cpigp","cbana","MWI",0.015
"cpigp","cbana","NPL",0.015
"cpigp","cbana","OIO",0.015
"cpigp","cbana","PAK",0.015
"cpigp","cbana","PAN",0.015
"cpigp","cbana","PHL",0.015
"cpigp","cbana","TZA",0.015
"cpigp","cbana","VEN",0.015
"cpigp","cplnt","BGD",0.015
"cpigp","cplnt","COD",0.015
"cpigp","cplnt","COL",0.015
"cpigp","cplnt","CRB",0.015
"cpigp","cplnt","DOM",0.015
"cpigp","cplnt","HTI",0.015
"cpigp","cplnt","JAM",0.015
"cpigp","cplnt","KEN",0.015
"cpigp","cplnt","MMR",0.015
"cpigp","cplnt","MWI",0.015
"cpigp","cplnt","PAN",0.015
"cpigp","cplnt","PHL",0.015
"cpigp","cplnt","TZA",0.015
"cpigp","cplnt","UGA",0.015
"cpigp","cplnt","VEN",0.015
"cpigp","csubf","BGD",0.015
"cpigp","csubf","BTN",0.015
"cpigp","csubf","COD",0.015
"cpigp","csubf","COL",0.015
"cpigp","csubf","CRB",0.015
"cpigp","csubf","DOM",0.015
"cpigp","csubf","HTI",0.015
"cpigp","csubf","IND",0.015
"cpigp","csubf","JAM",0.015
"cpigp","csubf","KEN",0.015
"cpigp","csubf","MWI",0.015
"cpigp","csubf","NPL",0.015
"cpigp","csubf","PAK",0.015
"cpigp","csubf","PAN",0.015
"cpigp","csubf","PHL",0.015
"cpigp","csubf","TZA",0.015
"cpigp","csubf","VEN",0.015
"cpigp","ctemf","BTN",0.015
"cpigp","ctemf","COL",0.015
"cpigp","ctemf","IND",0.015
"cpigp","ctemf","NPL",0.015
"cpigp","ctemf","OIO",0.015
"cpigp","ctemf","PAK",0.015
"cpigp","ctemf","PHL",0.015
"cpigp","ctemf","VEN",0.015
"cpigp","cvege","BDI",0.015
"cpigp","cvege","BGD",0.015
"cpigp","cvege","BTN",0.015
"cpigp","cvege","COD",0.015
"cpigp","cvege","COL",0.015
"cpigp","cvege","CRB",0.015
"cpigp","cvege","DOM",0.015
"cpigp","cvege","HTI",0.015
"cpigp","cvege","IND",0.015
"cpigp","cvege","JAM",0.015
"cpigp","cvege","KEN",0.015
"cpigp","cvege","MMR",0.015
"cpigp","cvege","MWI",0.015
"cpigp","cvege","NPL",0.015
"cpigp","cvege","OIO",0.015
"cpigp","cvege","PAK",0.015
"cpigp","cvege","PAN",0.015
"cpigp","cvege","PHL",0.015
"cpigp","cvege","TZA",0.015
"cpigp","cvege","UGA",0.015
"cpigp","cvege","VEN",0.015
"copul","cbean","AGO",0.015
"copul","cbean","ALB",0.014931640628193
"copul","cbean","ARG",0.015
"copul","cbean","AUS",0.015
"copul","cbean","AZE",0.00980769230769231
"copul","cbean","BDI",0.015
"copul","cbean","BEN",0.015
"copul","cbean","BGD",0.015
"copul","cbean","BGR",0.0149351862063326
"copul","cbean","BLR",0.00980769230769231
"copul","cbean","BLZ",0.015
"copul","cbean","BOL",0.015
"copul","cbean","BRA",0.015
"copul","cbean","CAN",0.015
"copul","cbean","CHL",0.015
"copul","cbean","CHM",0.015
"copul","cbean","CIV",0.015
"copul","cbean","CMR",0.015
"copul","cbean","COD",0.015
"copul","cbean","COL",0.015
"copul","cbean","CRI",0.015
"copul","cbean","CUB",0.015
"copul","cbean","DJI",0.015
"copul","cbean","DOM",0.015
"copul","cbean","ECU",0.015
"copul","cbean","EGY",0.015
"copul","cbean","ETH",0.015
"copul","cbean","GHA",0.015
"copul","cbean","GRC",0.014931640628193
"copul","cbean","GTM",0.015
"copul","cbean","HND",0.015
"copul","cbean","HTI",0.015
"copul","cbean","IDN",0.015
"copul","cbean","IND",0.015
"copul","cbean","IRN",0.015
"copul","cbean","IRQ",0.015
"copul","cbean","JPN",0.0148661117934326
"copul","cbean","KAZ",0.00980769230769231
"copul","cbean","KEN",0.015
"copul","cbean","KGZ",0.00980769230769231
"copul","cbean","KHM",0.015
"copul","cbean","KOR",0.015
"copul","cbean","LAO",0.015
"copul","cbean","LSO",0.015
"copul","cbean","MDA",0.0149351862063326
"copul","cbean","MDG",0.015
"copul","cbean","MEX",0.015
"copul","cbean","MLI",0.015
"copul","cbean","MMR",0.015
"copul","cbean","MOR",0.015
"copul","cbean","MOZ",0.015
"copul","cbean","MRT",0.015
"copul","cbean","MWI",0.015
"copul","cbean","NER",0.015
"copul","cbean","NIC",0.015
"copul","cbean","NPL",0.015
"copul","cbean","OBN",0.014931640628193
"copul","cbean","PAK",0.015
"copul","cbean","PAN",0.015
"copul","cbean","PER",0.015
"copul","cbean","PHL",0.015
"copul","cbean","PRY",0.015
"copul","cbean","RUS",0.00980769230769231
"copul","cbean","RWA",0.015
"copul","cbean","SDN",0.015
"copul","cbean","SLV",0.015
"copul","cbean","SOM",0.015
"copul","cbean","SPP",0.015
"copul","cbean","SWZ",0.015
"copul","cbean","TCD",0.015
"copul","cbean","TGO",0.015
"copul","cbean","THA",0.015
"copul","cbean","TJK",0.00980769230769231
"copul","cbean","TLS",0.015
"copul","cbean","TUR",0.015
"copul","cbean","TZA",0.015
"copul","cbean","UGA",0.015
"copul","cbean","UKP",0.015
"copul","cbean","UKR",0.00980769230769231
"copul","cbean","USA",0.015
"copul","cbean","VEN",0.015
"copul","cbean","VNM",0.015
"copul","cbean","ZAF",0.015
"copul","cbean","ZWE",0.015
"copul","cchkp","ARG",0.015
"copul","cchkp","AUS",0.015
"copul","cchkp","BGD",0.015
"copul","cchkp","BGR",0.0149351862063326
"copul","cchkp","BOL",0.015
"copul","cchkp","BTN",0.015
"copul","cchkp","CAN",0.015
"copul","cchkp","CHL",0.015
"copul","cchkp","CHM",0.015
"copul","cchkp","COL",0.015
"copul","cchkp","CRB",0.015
"copul","cchkp","CYP",0.015
"copul","cchkp","DEU",0.015
"copul","cchkp","DOM",0.015
"copul","cchkp","DZA",0.015
"copul","cchkp","EGY",0.015
"copul","cchkp","ETH",0.015
"copul","cchkp","GRC",0.014931640628193
"copul","cchkp","HUN",0.0149351862063326
"copul","cchkp","IND",0.015
"copul","cchkp","IRL",0.015
"copul","cchkp","IRN",0.015
"copul","cchkp","IRQ",0.015
"copul","cchkp","ISR",0.015
"copul","cchkp","ITP",0.015
"copul","cchkp","JOR",0.015
"copul","cchkp","KAZ",0.00980769230769231
"copul","cchkp","KEN",0.015
"copul","cchkp","LBN",0.015
"copul","cchkp","LBY",0.015
"copul","cchkp","LKA",0.015
"copul","cchkp","MDA",0.0149351862063326
"copul","cchkp","MEX",0.015
"copul","cchkp","MMR",0.015
"copul","cchkp","MOR",0.015
"copul","cchkp","MWI",0.015
"copul","cchkp","NER",0.015
"copul","cchkp","NOR",0.015
"copul","cchkp","NPL",0.015
"copul","cchkp","OBN",0.014931640628193
"copul","cchkp","PAK",0.015
"copul","cchkp","PER",0.015
"copul","cchkp","PHL",0.015
"copul","cchkp","PRT",0.015
"copul","cchkp","RAP",0.015
"copul","cchkp","ROU",0.0149351862063326
"copul","cchkp","RUS",0.00980769230769231
"copul","cchkp","SAU",0.015
"copul","cchkp","SDN",0.015
"copul","cchkp","SPP",0.015
"copul","cchkp","SVK",0.0149351862063326
"copul","cchkp","SYR",0.015
"copul","cchkp","TGO",0.015
"copul","cchkp","TUN",0.015
"copul","cchkp","TUR",0.015
"copul","cchkp","TZA",0.015
"copul","cchkp","UGA",0.015
"copul","cchkp","URY",0.015
"copul","cchkp","USA",0.015
"copul","cchkp","UZB",0.00980769230769231
"copul","cchkp","VEN",0.015
"copul","cchkp","YEM",0.015
"copul","cchkp","ZWE",0.015
"copul","ccowp","BFA",0.015
"copul","ccowp","BTN",0.015
"copul","ccowp","CHM",0.015
"copul","ccowp","CMR",0.015
"copul","ccowp","COD",0.015
"copul","ccowp","CRB",0.015
"copul","ccowp","CYP",0.015
"copul","ccowp","EGY",0.015
"copul","ccowp","GNB",0.015
"copul","ccowp","GSA",0.015
"copul","ccowp","HRV",0.014931640628193
"copul","ccowp","HTI",0.015
"copul","ccowp","IRQ",0.015
"copul","ccowp","JAM",0.015
"copul","ccowp","JPN",0.0148661117934326
"copul","ccowp","KEN",0.015
"copul","ccowp","LKA",0.015
"copul","ccowp","MDG",0.015
"copul","ccowp","MLI",0.015
"copul","ccowp","MMR",0.015
"copul","ccowp","MOZ",0.015
"copul","ccowp","MRT",0.015
"copul","ccowp","MWI",0.015
"copul","ccowp","NER",0.015
"copul","ccowp","NGA",0.015
"copul","ccowp","OBN",0.014931640628193
"copul","ccowp","PAN",0.015
"copul","ccowp","PER",0.015
"copul","ccowp","PHL",0.015
"copul","ccowp","RAP",0.015
"copul","ccowp","SDN",0.015
"copul","ccowp","SEN",0.015
"copul","ccowp","SVN",0.014931640628193
"copul","ccowp","SWZ",0.015
"copul","ccowp","TZA",0.015
"copul","ccowp","UGA",0.015
"copul","ccowp","USA",0.015
"copul","ccowp","YEM",0.015
"copul","ccowp","ZAF",0.015
"copul","ccowp","ZWE",0.015
"copul","clent","ARG",0.015
"copul","clent","ARM",0.00980769230769231
"copul","clent","AUS",0.015
"copul","clent","AUT",0.015
"copul","clent","AZE",0.00980769230769231
"copul","clent","BGD",0.015
"copul","clent","BGR",0.0149351862063326
"copul","clent","BTN",0.015
"copul","clent","CAN",0.015
"copul","clent","CHL",0.015
"copul","clent","CHM",0.015
"copul","clent","CHP",0.015
"copul","clent","COL",0.015
"copul","clent","CYP",0.015
"copul","clent","CZE",0.0149351862063326
"copul","clent","DEU",0.015
"copul","clent","DNK",0.015
"copul","clent","DZA",0.015
"copul","clent","ECU",0.015
"copul","clent","EGY",0.015
"copul","clent","ETH",0.015
"copul","clent","FRP",0.015
"copul","clent","GRC",0.014931640628193
"copul","clent","HRV",0.014931640628193
"copul","clent","HUN",0.0149351862063326
"copul","clent","IND",0.015
"copul","clent","IRL",0.015
"copul","clent","IRN",0.015
"copul","clent","IRQ",0.015
"copul","clent","ISR",0.015
"copul","clent","ITP",0.015
"copul","clent","JOR",0.015
"copul","clent","KAZ",0.00980769230769231
"copul","clent","KEN",0.015
"copul","clent","LBN",0.015
"copul","clent","LBY",0.015
"copul","clent","LKA",0.015
"copul","clent","MDG",0.015
"copul","clent","MEX",0.015
"copul","clent","MMR",0.015
"copul","clent","MOR",0.015
"copul","clent","MWI",0.015
"copul","clent","NOR",0.015
"copul","clent","NPL",0.015
"copul","clent","NZL",0.015
"copul","clent","OBN",0.014931640628193
"copul","clent","OIO",0.015
"copul","clent","PAK",0.015
"copul","clent","PAN",0.015
"copul","clent","PER",0.015
"copul","clent","PRT",0.015
"copul","clent","RAP",0.015
"copul","clent","ROU",0.0149351862063326
"copul","clent","RUS",0.00980769230769231
"copul","clent","SAU",0.015
"copul","clent","SPP",0.015
"copul","clent","SVK",0.0149351862063326
"copul","clent","SVN",0.014931640628193
"copul","clent","SYR",0.015
"copul","clent","TJK",0.00980769230769231
"copul","clent","TUN",0.015
"copul","clent","TUR",0.015
"copul","clent","UKP",0.015
"copul","clent","UKR",0.00980769230769231
"copul","clent","URY",0.015
"copul","clent","USA",0.015
"copul","clent","UZB",0.00980769230769231
"copul","clent","VEN",0.015
"copul","clent","YEM",0.015
"copul","cpigp","BDI",0.015
"copul","cpigp","BGD",0.015
"copul","cpigp","BTN",0.015
"copul","cpigp","COD",0.015
"copul","cpigp","COL",0.015
"copul","cpigp","CRB",0.015
"copul","cpigp","DOM",0.015
"copul","cpigp","HTI",0.015
"copul","cpigp","IND",0.015
"copul","cpigp","JAM",0.015
"copul","cpigp","KEN",0.015
"copul","cpigp","MMR",0.015
"copul","cpigp","MWI",0.015
"copul","cpigp","NPL",0.015
"copul","cpigp","OIO",0.015
"copul","cpigp","PAK",0.015
"copul","cpigp","PAN",0.015
"copul","cpigp","PHL",0.015
"copul","cpigp","TZA",0.015
"copul","cpigp","UGA",0.015
"copul","cpigp","VEN",0.015
"copul","copul","AFG",-0.285
"copul","copul","AGO",-0.314205297916488
"copul","copul","ALB",-0.0998476273471476
"copul","copul","ARG",-0.199997650764829
"copul","copul","ARM",-0.0818302220045079
"copul","copul","AUS",-0.218937593616389
"copul","copul","AUT",-0.257993304148282
"copul","copul","AZE",-0.0818302220045079
"copul","copul","BDI",-0.335
"copul","copul","BEN",-0.339706560314312
"copul","copul","BFA",-0.248994492364905
"copul","copul","BGD",-0.254996014219083
"copul","copul","BGR",-0.0998555532522188
"copul","copul","BLR",-0.0832555086599709
"copul","copul","BLT",-0.0832555086599709
"copul","copul","BLX",-0.259558871340926
"copul","copul","BLZ",-0.209990208989321
"copul","copul","BOL",-0.209993803496832
"copul","copul","BRA",-0.174998398804391
"copul","copul","BTN",-0.284995976845531
"copul","copul","BWA",-0.314668322435566
"copul","copul","CAF",-0.34
"copul","copul","CAN",-0.23363573623798
"copul","copul","CHL",-0.20999451309427
"copul","copul","CHM",-0.129999034476939
"copul","copul","CHP",-0.257993304148282
"copul","copul","CIV",-0.34
"copul","copul","CMR",-0.339562439712673
"copul","copul","COD",-0.339616495981462
"copul","copul","COG",-0.339281996692032
"copul","copul","COL",-0.219991166114332
"copul","copul","CRB",-0.159576581626776
"copul","copul","CRI",-0.209990208989321
"copul","copul","CUB",-0.209990208989321
"copul","copul","CYP",-0.124623803107131
"copul","copul","CZE",-0.0998555532522188
"copul","copul","DEU",-0.259706381236012
"copul","copul","DJI",-0.333995170236754
"copul","copul","DNK",-0.257994435596811
"copul","copul","DOM",-0.209990208989321
"copul","copul","DZA",-0.124240935618445
"copul","copul","ECU",-0.209992487969659
"copul","copul","EGY",-0.167451499410859
"copul","copul","ETH",-0.249600355310254
"copul","copul","FJI",-0.159576581626776
"copul","copul","FNP",-0.257994435596811
"copul","copul","FRP",-0.259563627732471
"copul","copul","GAB",-0.34
"copul","copul","GEO",-0.0818302220045079
"copul","copul","GHA",-0.339702879478868
"copul","copul","GIN",-0.339576372973023
"copul","copul","GMB",-0.339761642325647
"copul","copul","GNB",-0.34
"copul","copul","GRC",-0.0998476273471476
"copul","copul","GSA",-0.209996829597693
"copul","copul","GTM",-0.209990208989321
"copul","copul","HND",-0.209990208989321
"copul","copul","HRV",-0.0998476273471476
"copul","copul","HTI",-0.209990208989321
"copul","copul","HUN",-0.0998555532522188
"copul","copul","IDN",-0.289998523779421
"copul","copul","IND",-0.229995234703183
"copul","copul","IRL",-0.259095140712946
"copul","copul","IRN",-0.124102167386431
"copul","copul","IRQ",-0.125
"copul","copul","ISR",-0.232983553375546
"copul","copul","ITP",-0.259868614717652
"copul","copul","JAM",-0.159576581626776
"copul","copul","JOR",-0.124138870640139
"copul","copul","JPN",-0.0997006895793869
"copul","copul","KAZ",-0.0827465066984962
"copul","copul","KEN",-0.334200518037797
"copul","copul","KGZ",-0.0839415603576643
"copul","copul","KHM",-0.244993198253071
"copul","copul","KOR",-0.139997080743047
"copul","copul","LAO",-0.244993198253071
"copul","copul","LBN",-0.124497678250202
"copul","copul","LBR",-0.34
"copul","copul","LBY",-0.124276385000596
"copul","copul","LKA",-0.284997284137103
"copul","copul","LSO",-0.314832313944863
"copul","copul","MDA",-0.0998555532522188
"copul","copul","MDG",-0.315
"copul","copul","MEX",-0.184997973802988
"copul","copul","MLI",-0.24925998918587
"copul","copul","MMR",-0.254998886567853
"copul","copul","MNG",-0.182452330153123
"copul","copul","MOR",-0.124296726706738
"copul","copul","MOZ",-0.314493176932375
"copul","copul","MRT",-0.249368825614088
"copul","copul","MWI",-0.314993518350751
"copul","copul","NAM",-0.314702314146163
"copul","copul","NER",-0.249783570529885
"copul","copul","NGA",-0.338883812506488
"copul","copul","NIC",-0.209990208989321
"copul","copul","NLD",-0.259817429319958
"copul","copul","NOR",-0.257994435596811
"copul","copul","NPL",-0.284997792879437
"copul","copul","NZL",-0.23351079576711
"copul","copul","OAO",-0.159576581626776
"copul","copul","OBN",-0.0998476273471476
"copul","copul","OIO",-0.159576581626776
"copul","copul","OPO",-0.159576581626776
"copul","copul","PAK",-0.164996889993578
"copul","copul","PAN",-0.209990208989321
"copul","copul","PER",-0.209993788013159
"copul","copul","PHL",-0.169997314780118
"copul","copul","PNG",-0.16
"copul","copul","POL",-0.0998902385472148
"copul","copul","PRT",-0.259412605638061
"copul","copul","PRY",-0.209993803496832
"copul","copul","RAP",-0.124447300654724
"copul","copul","ROU",-0.0998555532522188
"copul","copul","RUS",-0.0833918003935593
"copul","copul","RWA",-0.334316981445721
"copul","copul","SAU",-0.124447300654724
"copul","copul","SDN",-0.247679579897273
"copul","copul","SEN",-0.339750601680334
"copul","copul","SLB",-0.159576581626776
"copul","copul","SLE",-0.339139864920732
"copul","copul","SLV",-0.209990208989321
"copul","copul","SOM",-0.25
"copul","copul","SPP",-0.259412605638061
"copul","copul","SVK",-0.0998555532522188
"copul","copul","SVN",-0.0998476273471476
"copul","copul","SWE",-0.257994435596811
"copul","copul","SWZ",-0.314911586501743
"copul","copul","SYR",-0.124411052967278
"copul","copul","TCD",-0.248572806714181
"copul","copul","TGO",-0.34
"copul","copul","THA",-0.174997255427106
"copul","copul","TJK",-0.0827250261182679
"copul","copul","TKM",-0.0847533896633722
"copul","copul","TLS",-0.16
"copul","copul","TUN",-0.124387889810306
"copul","copul","TUR",-0.12111519875749
"copul","copul","TZA",-0.334226500790698
"copul","copul","UGA",-0.332994226148209
"copul","copul","UKP",-0.259095140712946
"copul","copul","UKR",-0.083348033299174
"copul","copul","URY",-0.209994865637269
"copul","copul","USA",-0.254075341876709
"copul","copul","UZB",-0.08371175845141
"copul","copul","VEN",-0.209996829597693
"copul","copul","VNM",-0.269992835745506
"copul","copul","YEM",-0.124447300654724
"copul","copul","ZAF",-0.233824460711193
"copul","copul","ZMB",-0.314712359368699
"copul","copul","ZWE",-0.315
"copul","cbana","AGO",0.015
"copul","cbana","ALB",0.014931640628193
"copul","cbana","ARG",0.015
"copul","cbana","AUS",0.015
"copul","cbana","AUT",0.015
"copul","cbana","BDI",0.015
"copul","cbana","BEN",0.015
"copul","cbana","BGD",0.015
"copul","cbana","BGR",0.0149351862063326
"copul","cbana","BLR",0.00980769230769231
"copul","cbana","BLT",0.00980769230769231
"copul","cbana","BLZ",0.015
"copul","cbana","BOL",0.015
"copul","cbana","BRA",0.015
"copul","cbana","CAF",0.015
"copul","cbana","CAN",0.015
"copul","cbana","CHL",0.015
"copul","cbana","CHM",0.015
"copul","cbana","CHP",0.015
"copul","cbana","CIV",0.015
"copul","cbana","CMR",0.015
"copul","cbana","COD",0.015
"copul","cbana","COG",0.015
"copul","cbana","COL",0.015
"copul","cbana","CRB",0.015
"copul","cbana","CRI",0.015
"copul","cbana","CUB",0.015
"copul","cbana","CYP",0.015
"copul","cbana","CZE",0.0149351862063326
"copul","cbana","DEU",0.015
"copul","cbana","DNK",0.015
"copul","cbana","DOM",0.015
"copul","cbana","DZA",0.015
"copul","cbana","ECU",0.015
"copul","cbana","EGY",0.015
"copul","cbana","ETH",0.015
"copul","cbana","FJI",0.015
"copul","cbana","FNP",0.015
"copul","cbana","FRP",0.015
"copul","cbana","GAB",0.015
"copul","cbana","GHA",0.015
"copul","cbana","GIN",0.015
"copul","cbana","GNB",0.015
"copul","cbana","GSA",0.015
"copul","cbana","GTM",0.015
"copul","cbana","HND",0.015
"copul","cbana","HRV",0.014931640628193
"copul","cbana","HTI",0.015
"copul","cbana","HUN",0.0149351862063326
"copul","cbana","IDN",0.015
"copul","cbana","IND",0.015
"copul","cbana","IRL",0.015
"copul","cbana","IRN",0.015
"copul","cbana","IRQ",0.015
"copul","cbana","ISR",0.015
"copul","cbana","JAM",0.015
"copul","cbana","JOR",0.015
"copul","cbana","JPN",0.0148661117934326
"copul","cbana","KEN",0.015
"copul","cbana","KHM",0.015
"copul","cbana","KOR",0.015
"copul","cbana","LAO",0.015
"copul","cbana","LBN",0.015
"copul","cbana","LBR",0.015
"copul","cbana","LBY",0.015
"copul","cbana","MDA",0.0149351862063326
"copul","cbana","MDG",0.015
"copul","cbana","MEX",0.015
"copul","cbana","MLI",0.015
"copul","cbana","MOR",0.015
"copul","cbana","MOZ",0.015
"copul","cbana","MWI",0.015
"copul","cbana","NIC",0.015
"copul","cbana","NLD",0.015
"copul","cbana","NOR",0.015
"copul","cbana","NPL",0.015
"copul","cbana","NZL",0.015
"copul","cbana","OAO",0.015
"copul","cbana","OBN",0.014931640628193
"copul","cbana","OIO",0.015
"copul","cbana","OPO",0.015
"copul","cbana","PAK",0.015
"copul","cbana","PAN",0.015
"copul","cbana","PER",0.015
"copul","cbana","PHL",0.015
"copul","cbana","PNG",0.015
"copul","cbana","POL",0.014950715536932
"copul","cbana","PRT",0.015
"copul","cbana","PRY",0.015
"copul","cbana","RAP",0.015
"copul","cbana","ROU",0.0149351862063326
"copul","cbana","RWA",0.015
"copul","cbana","SAU",0.015
"copul","cbana","SDN",0.015
"copul","cbana","SEN",0.015
"copul","cbana","SLV",0.015
"copul","cbana","SOM",0.015
"copul","cbana","SPP",0.015
"copul","cbana","SVK",0.0149351862063326
"copul","cbana","SVN",0.014931640628193
"copul","cbana","SWE",0.015
"copul","cbana","SWZ",0.015
"copul","cbana","SYR",0.015
"copul","cbana","TGO",0.015
"copul","cbana","THA",0.015
"copul","cbana","TUN",0.015
"copul","cbana","TUR",0.015
"copul","cbana","TZA",0.015
"copul","cbana","UKP",0.015
"copul","cbana","URY",0.015
"copul","cbana","USA",0.015
"copul","cbana","VEN",0.015
"copul","cbana","VNM",0.015
"copul","cbana","YEM",0.015
"copul","cbana","ZAF",0.015
"copul","cbana","ZMB",0.015
"copul","cbana","ZWE",0.015
"copul","cplnt","BGD",0.015
"copul","cplnt","BLZ",0.015
"copul","cplnt","BOL",0.015
"copul","cplnt","CAF",0.015
"copul","cplnt","CIV",0.015
"copul","cplnt","CMR",0.015
"copul","cplnt","COD",0.015
"copul","cplnt","COG",0.015
"copul","cplnt","COL",0.015
"copul","cplnt","CRB",0.015
"copul","cplnt","CRI",0.015
"copul","cplnt","CUB",0.015
"copul","cplnt","DOM",0.015
"copul","cplnt","ECU",0.015
"copul","cplnt","FJI",0.015
"copul","cplnt","GAB",0.015
"copul","cplnt","GHA",0.015
"copul","cplnt","GIN",0.015
"copul","cplnt","GNB",0.015
"copul","cplnt","GSA",0.015
"copul","cplnt","GTM",0.015
"copul","cplnt","HND",0.015
"copul","cplnt","HTI",0.015
"copul","cplnt","JAM",0.015
"copul","cplnt","KEN",0.015
"copul","cplnt","LBR",0.015
"copul","cplnt","LKA",0.015
"copul","cplnt","MMR",0.015
"copul","cplnt","MWI",0.015
"copul","cplnt","NGA",0.015
"copul","cplnt","NIC",0.015
"copul","cplnt","OAO",0.015
"copul","cplnt","OBN",0.014931640628193
"copul","cplnt","PAN",0.015
"copul","cplnt","PHL",0.015
"copul","cplnt","RAP",0.015
"copul","cplnt","RWA",0.015
"copul","cplnt","SLE",0.015
"copul","cplnt","SLV",0.015
"copul","cplnt","SPP",0.015
"copul","cplnt","TZA",0.015
"copul","cplnt","UGA",0.015
"copul","cplnt","VEN",0.015
"copul","csubf","AFG",0.015
"copul","csubf","AGO",0.015
"copul","csubf","ALB",0.014931640628193
"copul","csubf","ARG",0.015
"copul","csubf","AUS",0.015
"copul","csubf","AUT",0.015
"copul","csubf","AZE",0.00980769230769231
"copul","csubf","BEN",0.015
"copul","csubf","BGD",0.015
"copul","csubf","BGR",0.0149351862063326
"copul","csubf","BLR",0.00980769230769231
"copul","csubf","BLT",0.00980769230769231
"copul","csubf","BLX",0.015
"copul","csubf","BLZ",0.015
"copul","csubf","BOL",0.015
"copul","csubf","BRA",0.015
"copul","csubf","BTN",0.015
"copul","csubf","CAF",0.015
"copul","csubf","CAN",0.015
"copul","csubf","CHL",0.015
"copul","csubf","CHM",0.015
"copul","csubf","CHP",0.015
"copul","csubf","CIV",0.015
"copul","csubf","CMR",0.015
"copul","csubf","COD",0.015
"copul","csubf","COL",0.015
"copul","csubf","CRB",0.015
"copul","csubf","CRI",0.015
"copul","csubf","CUB",0.015
"copul","csubf","CYP",0.015
"copul","csubf","CZE",0.0149351862063326
"copul","csubf","DEU",0.015
"copul","csubf","DJI",0.015
"copul","csubf","DNK",0.015
"copul","csubf","DOM",0.015
"copul","csubf","DZA",0.015
"copul","csubf","ECU",0.015
"copul","csubf","EGY",0.015
"copul","csubf","ETH",0.015
"copul","csubf","FJI",0.015
"copul","csubf","FNP",0.015
"copul","csubf","FRP",0.015
"copul","csubf","GEO",0.00980769230769231
"copul","csubf","GHA",0.015
"copul","csubf","GIN",0.015
"copul","csubf","GNB",0.015
"copul","csubf","GRC",0.014931640628193
"copul","csubf","GSA",0.015
"copul","csubf","GTM",0.015
"copul","csubf","HND",0.015
"copul","csubf","HRV",0.014931640628193
"copul","csubf","HTI",0.015
"copul","csubf","HUN",0.0149351862063326
"copul","csubf","IDN",0.015
"copul","csubf","IND",0.015
"copul","csubf","IRL",0.015
"copul","csubf","IRN",0.015
"copul","csubf","IRQ",0.015
"copul","csubf","ISR",0.015
"copul","csubf","ITP",0.015
"copul","csubf","JAM",0.015
"copul","csubf","JOR",0.015
"copul","csubf","JPN",0.0148661117934326
"copul","csubf","KEN",0.015
"copul","csubf","KHM",0.015
"copul","csubf","KOR",0.015
"copul","csubf","LAO",0.015
"copul","csubf","LBN",0.015
"copul","csubf","LBR",0.015
"copul","csubf","LBY",0.015
"copul","csubf","LKA",0.015
"copul","csubf","MDG",0.015
"copul","csubf","MEX",0.015
"copul","csubf","MLI",0.015
"copul","csubf","MOR",0.015
"copul","csubf","MOZ",0.015
"copul","csubf","MRT",0.015
"copul","csubf","MWI",0.015
"copul","csubf","NER",0.015
"copul","csubf","NGA",0.015
"copul","csubf","NIC",0.015
"copul","csubf","NLD",0.015
"copul","csubf","NOR",0.015
"copul","csubf","NPL",0.015
"copul","csubf","NZL",0.015
"copul","csubf","OBN",0.014931640628193
"copul","csubf","OPO",0.015
"copul","csubf","PAK",0.015
"copul","csubf","PAN",0.015
"copul","csubf","PER",0.015
"copul","csubf","PHL",0.015
"copul","csubf","PNG",0.015
"copul","csubf","POL",0.014950715536932
"copul","csubf","PRT",0.015
"copul","csubf","PRY",0.015
"copul","csubf","RAP",0.015
"copul","csubf","ROU",0.0149351862063326
"copul","csubf","RWA",0.015
"copul","csubf","SAU",0.015
"copul","csubf","SDN",0.015
"copul","csubf","SEN",0.015
"copul","csubf","SLE",0.015
"copul","csubf","SLV",0.015
"copul","csubf","SOM",0.015
"copul","csubf","SPP",0.015
"copul","csubf","SVK",0.0149351862063326
"copul","csubf","SVN",0.014931640628193
"copul","csubf","SWE",0.015
"copul","csubf","SWZ",0.015
"copul","csubf","SYR",0.015
"copul","csubf","TCD",0.015
"copul","csubf","TGO",0.015
"copul","csubf","THA",0.015
"copul","csubf","TUN",0.015
"copul","csubf","TUR",0.015
"copul","csubf","TZA",0.015
"copul","csubf","UKP",0.015
"copul","csubf","URY",0.015
"copul","csubf","USA",0.015
"copul","csubf","UZB",0.00980769230769231
"copul","csubf","VEN",0.015
"copul","csubf","VNM",0.015
"copul","csubf","YEM",0.015
"copul","csubf","ZAF",0.015
"copul","csubf","ZMB",0.015
"copul","csubf","ZWE",0.015
"copul","ctemf","AFG",0.015
"copul","ctemf","ALB",0.014931640628193
"copul","ctemf","ARG",0.015
"copul","ctemf","ARM",0.00980769230769231
"copul","ctemf","AUS",0.015
"copul","ctemf","AUT",0.015
"copul","ctemf","AZE",0.00980769230769231
"copul","ctemf","BGR",0.0149351862063326
"copul","ctemf","BLR",0.00980769230769231
"copul","ctemf","BLT",0.00980769230769231
"copul","ctemf","BLX",0.015
"copul","ctemf","BOL",0.015
"copul","ctemf","BRA",0.015
"copul","ctemf","BTN",0.015
"copul","ctemf","CAN",0.015
"copul","ctemf","CHL",0.015
"copul","ctemf","CHM",0.015
"copul","ctemf","CHP",0.015
"copul","ctemf","COL",0.015
"copul","ctemf","CRI",0.015
"copul","ctemf","CUB",0.015
"copul","ctemf","CYP",0.015
"copul","ctemf","CZE",0.0149351862063326
"copul","ctemf","DEU",0.015
"copul","ctemf","DNK",0.015
"copul","ctemf","DZA",0.015
"copul","ctemf","ECU",0.015
"copul","ctemf","EGY",0.015
"copul","ctemf","ETH",0.015
"copul","ctemf","FNP",0.015
"copul","ctemf","FRP",0.015
"copul","ctemf","GEO",0.00980769230769231
"copul","ctemf","GRC",0.014931640628193
"copul","ctemf","GTM",0.015
"copul","ctemf","HND",0.015
"copul","ctemf","HRV",0.014931640628193
"copul","ctemf","HUN",0.0149351862063326
"copul","ctemf","IDN",0.015
"copul","ctemf","IND",0.015
"copul","ctemf","IRL",0.015
"copul","ctemf","IRN",0.015
"copul","ctemf","IRQ",0.015
"copul","ctemf","ISR",0.015
"copul","ctemf","ITP",0.015
"copul","ctemf","JOR",0.015
"copul","ctemf","JPN",0.0148661117934326
"copul","ctemf","KAZ",0.00980769230769231
"copul","ctemf","KGZ",0.00980769230769231
"copul","ctemf","KOR",0.015
"copul","ctemf","LBN",0.015
"copul","ctemf","LBY",0.015
"copul","ctemf","MDA",0.0149351862063326
"copul","ctemf","MDG",0.015
"copul","ctemf","MEX",0.015
"copul","ctemf","MNG",0.015
"copul","ctemf","MOR",0.015
"copul","ctemf","NAM",0.015
"copul","ctemf","NLD",0.015
"copul","ctemf","NOR",0.015
"copul","ctemf","NPL",0.015
"copul","ctemf","NZL",0.015
"copul","ctemf","OBN",0.014931640628193
"copul","ctemf","OIO",0.015
"copul","ctemf","PAK",0.015
"copul","ctemf","PER",0.015
"copul","ctemf","PHL",0.015
"copul","ctemf","POL",0.014950715536932
"copul","ctemf","PRT",0.015
"copul","ctemf","PRY",0.015
"copul","ctemf","RAP",0.015
"copul","ctemf","ROU",0.0149351862063326
"copul","ctemf","RUS",0.00980769230769231
"copul","ctemf","SAU",0.015
"copul","ctemf","SEN",0.015
"copul","ctemf","SLV",0.015
"copul","ctemf","SPP",0.015
"copul","ctemf","SVK",0.0149351862063326
"copul","ctemf","SVN",0.014931640628193
"copul","ctemf","SWE",0.015
"copul","ctemf","SWZ",0.015
"copul","ctemf","SYR",0.015
"copul","ctemf","THA",0.015
"copul","ctemf","TJK",0.00980769230769231
"copul","ctemf","TKM",0.00980769230769231
"copul","ctemf","TUN",0.015
"copul","ctemf","TUR",0.015
"copul","ctemf","UKP",0.015
"copul","ctemf","UKR",0.00980769230769231
"copul","ctemf","URY",0.015
"copul","ctemf","USA",0.015
"copul","ctemf","UZB",0.00980769230769231
"copul","ctemf","VEN",0.015
"copul","ctemf","VNM",0.015
"copul","ctemf","YEM",0.015
"copul","ctemf","ZAF",0.015
"copul","ctemf","ZMB",0.015
"copul","ctemf","ZWE",0.015
"copul","cvege","AFG",0.015
"copul","cvege","AGO",0.015
"copul","cvege","ALB",0.014931640628193
"copul","cvege","ARG",0.015
"copul","cvege","ARM",0.00980769230769231
"copul","cvege","AUS",0.015
"copul","cvege","AUT",0.015
"copul","cvege","AZE",0.00980769230769231
"copul","cvege","BDI",0.015
"copul","cvege","BEN",0.015
"copul","cvege","BFA",0.015
"copul","cvege","BGD",0.015
"copul","cvege","BGR",0.0149351862063326
"copul","cvege","BLR",0.00980769230769231
"copul","cvege","BLT",0.00980769230769231
"copul","cvege","BLX",0.015
"copul","cvege","BLZ",0.015
"copul","cvege","BOL",0.015
"copul","cvege","BRA",0.015
"copul","cvege","BTN",0.015
"copul","cvege","BWA",0.015
"copul","cvege","CAF",0.015
"copul","cvege","CAN",0.015
"copul","cvege","CHL",0.015
"copul","cvege","CHM",0.015
"copul","cvege","CHP",0.015
"copul","cvege","CIV",0.015
"copul","cvege","CMR",0.015
"copul","cvege","COD",0.015
"copul","cvege","COG",0.015
"copul","cvege","COL",0.015
"copul","cvege","CRB",0.015
"copul","cvege","CRI",0.015
"copul","cvege","CUB",0.015
"copul","cvege","CYP",0.015
"copul","cvege","CZE",0.0149351862063326
"copul","cvege","DEU",0.015
"copul","cvege","DJI",0.015
"copul","cvege","DNK",0.015
"copul","cvege","DOM",0.015
"copul","cvege","DZA",0.015
"copul","cvege","ECU",0.015
"copul","cvege","EGY",0.015
"copul","cvege","ETH",0.015
"copul","cvege","FJI",0.015
"copul","cvege","FNP",0.015
"copul","cvege","FRP",0.015
"copul","cvege","GAB",0.015
"copul","cvege","GEO",0.00980769230769231
"copul","cvege","GHA",0.015
"copul","cvege","GIN",0.015
"copul","cvege","GMB",0.015
"copul","cvege","GNB",0.015
"copul","cvege","GRC",0.014931640628193
"copul","cvege","GSA",0.015
"copul","cvege","GTM",0.015
"copul","cvege","HND",0.015
"copul","cvege","HRV",0.014931640628193
"copul","cvege","HTI",0.015
"copul","cvege","HUN",0.0149351862063326
"copul","cvege","IDN",0.015
"copul","cvege","IND",0.015
"copul","cvege","IRL",0.015
"copul","cvege","IRN",0.015
"copul","cvege","IRQ",0.015
"copul","cvege","ISR",0.015
"copul","cvege","ITP",0.015
"copul","cvege","JAM",0.015
"copul","cvege","JOR",0.015
"copul","cvege","JPN",0.0148661117934326
"copul","cvege","KAZ",0.00980769230769231
"copul","cvege","KEN",0.015
"copul","cvege","KGZ",0.00980769230769231
"copul","cvege","KHM",0.015
"copul","cvege","KOR",0.015
"copul","cvege","LAO",0.015
"copul","cvege","LBN",0.015
"copul","cvege","LBR",0.015
"copul","cvege","LBY",0.015
"copul","cvege","LKA",0.015
"copul","cvege","LSO",0.015
"copul","cvege","MDA",0.0149351862063326
"copul","cvege","MDG",0.015
"copul","cvege","MEX",0.015
"copul","cvege","MLI",0.015
"copul","cvege","MMR",0.015
"copul","cvege","MNG",0.015
"copul","cvege","MOR",0.015
"copul","cvege","MOZ",0.015
"copul","cvege","MRT",0.015
"copul","cvege","MWI",0.015
"copul","cvege","NAM",0.015
"copul","cvege","NER",0.015
"copul","cvege","NGA",0.015
"copul","cvege","NIC",0.015
"copul","cvege","NLD",0.015
"copul","cvege","NOR",0.015
"copul","cvege","NPL",0.015
"copul","cvege","NZL",0.015
"copul","cvege","OAO",0.015
"copul","cvege","OBN",0.014931640628193
"copul","cvege","OIO",0.015
"copul","cvege","OPO",0.015
"copul","cvege","PAK",0.015
"copul","cvege","PAN",0.015
"copul","cvege","PER",0.015
"copul","cvege","PHL",0.015
"copul","cvege","PNG",0.015
"copul","cvege","POL",0.014950715536932
"copul","cvege","PRT",0.015
"copul","cvege","PRY",0.015
"copul","cvege","RAP",0.015
"copul","cvege","ROU",0.0149351862063326
"copul","cvege","RUS",0.00980769230769231
"copul","cvege","RWA",0.015
"copul","cvege","SAU",0.015
"copul","cvege","SDN",0.015
"copul","cvege","SEN",0.015
"copul","cvege","SLB",0.015
"copul","cvege","SLE",0.015
"copul","cvege","SLV",0.015
"copul","cvege","SOM",0.015
"copul","cvege","SPP",0.015
"copul","cvege","SVK",0.0149351862063326
"copul","cvege","SVN",0.014931640628193
"copul","cvege","SWE",0.015
"copul","cvege","SWZ",0.015
"copul","cvege","SYR",0.015
"copul","cvege","TCD",0.015
"copul","cvege","TGO",0.015
"copul","cvege","THA",0.015
"copul","cvege","TJK",0.00980769230769231
"copul","cvege","TKM",0.00980769230769231
"copul","cvege","TLS",0.015
"copul","cvege","TUN",0.015
"copul","cvege","TUR",0.015
"copul","cvege","TZA",0.015
"copul","cvege","UGA",0.015
"copul","cvege","UKP",0.015
"copul","cvege","UKR",0.00980769230769231
"copul","cvege","URY",0.015
"copul","cvege","USA",0.015
"copul","cvege","UZB",0.00980769230769231
"copul","cvege","VEN",0.015
"copul","cvege","VNM",0.015
"copul","cvege","YEM",0.015
"copul","cvege","ZAF",0.015
"copul","cvege","ZMB",0.015
"copul","cvege","ZWE",0.015
"cbana","cbean","AGO",0.015
"cbana","cbean","ALB",0.015
"cbana","cbean","ARG",0.015
"cbana","cbean","AUS",0.015
"cbana","cbean","BDI",0.015
"cbana","cbean","BEN",0.015
"cbana","cbean","BGD",0.015
"cbana","cbean","BGR",0.015
"cbana","cbean","BLR",0.015
"cbana","cbean","BLZ",0.015
"cbana","cbean","BOL",0.015
"cbana","cbean","BRA",0.015
"cbana","cbean","CAN",0.015
"cbana","cbean","CHL",0.015
"cbana","cbean","CHM",0.015
"cbana","cbean","CIV",0.015
"cbana","cbean","CMR",0.015
"cbana","cbean","COD",0.015
"cbana","cbean","COL",0.015
"cbana","cbean","CRI",0.015
"cbana","cbean","CUB",0.015
"cbana","cbean","DOM",0.015
"cbana","cbean","ECU",0.015
"cbana","cbean","EGY",0.015
"cbana","cbean","ETH",0.015
"cbana","cbean","GHA",0.015
"cbana","cbean","GTM",0.015
"cbana","cbean","HND",0.015
"cbana","cbean","HTI",0.015
"cbana","cbean","IDN",0.015
"cbana","cbean","IND",0.015
"cbana","cbean","IRN",0.015
"cbana","cbean","IRQ",0.015
"cbana","cbean","JPN",0.015
"cbana","cbean","KEN",0.015
"cbana","cbean","KHM",0.015
"cbana","cbean","KOR",0.015
"cbana","cbean","LAO",0.015
"cbana","cbean","MDA",0.015
"cbana","cbean","MDG",0.015
"cbana","cbean","MEX",0.015
"cbana","cbean","MLI",0.015
"cbana","cbean","MOR",0.015
"cbana","cbean","MOZ",0.015
"cbana","cbean","MWI",0.015
"cbana","cbean","NIC",0.015
"cbana","cbean","NPL",0.015
"cbana","cbean","OBN",0.015
"cbana","cbean","PAK",0.015
"cbana","cbean","PAN",0.015
"cbana","cbean","PER",0.015
"cbana","cbean","PHL",0.015
"cbana","cbean","PRY",0.015
"cbana","cbean","RWA",0.015
"cbana","cbean","SDN",0.015
"cbana","cbean","SLV",0.015
"cbana","cbean","SOM",0.015
"cbana","cbean","SPP",0.015
"cbana","cbean","SWZ",0.015
"cbana","cbean","TGO",0.015
"cbana","cbean","THA",0.015
"cbana","cbean","TUR",0.015
"cbana","cbean","TZA",0.015
"cbana","cbean","UKP",0.015
"cbana","cbean","USA",0.015
"cbana","cbean","VEN",0.015
"cbana","cbean","VNM",0.015
"cbana","cbean","ZAF",0.015
"cbana","cbean","ZWE",0.015
"cbana","cchkp","ARG",0.015
"cbana","cchkp","AUS",0.015
"cbana","cchkp","BGD",0.015
"cbana","cchkp","BGR",0.015
"cbana","cchkp","BOL",0.015
"cbana","cchkp","CAN",0.015
"cbana","cchkp","CHL",0.015
"cbana","cchkp","CHM",0.015
"cbana","cchkp","COL",0.015
"cbana","cchkp","CRB",0.015
"cbana","cchkp","CYP",0.015
"cbana","cchkp","DEU",0.015
"cbana","cchkp","DOM",0.015
"cbana","cchkp","DZA",0.015
"cbana","cchkp","EGY",0.015
"cbana","cchkp","ETH",0.015
"cbana","cchkp","HUN",0.015
"cbana","cchkp","IND",0.015
"cbana","cchkp","IRL",0.015
"cbana","cchkp","IRN",0.015
"cbana","cchkp","IRQ",0.015
"cbana","cchkp","ISR",0.015
"cbana","cchkp","JOR",0.015
"cbana","cchkp","KEN",0.015
"cbana","cchkp","LBN",0.015
"cbana","cchkp","LBY",0.015
"cbana","cchkp","MDA",0.015
"cbana","cchkp","MEX",0.015
"cbana","cchkp","MOR",0.015
"cbana","cchkp","MWI",0.015
"cbana","cchkp","NOR",0.015
"cbana","cchkp","NPL",0.015
"cbana","cchkp","OBN",0.015
"cbana","cchkp","PAK",0.015
"cbana","cchkp","PER",0.015
"cbana","cchkp","PHL",0.015
"cbana","cchkp","PRT",0.015
"cbana","cchkp","RAP",0.015
"cbana","cchkp","ROU",0.015
"cbana","cchkp","SAU",0.015
"cbana","cchkp","SDN",0.015
"cbana","cchkp","SPP",0.015
"cbana","cchkp","SVK",0.015
"cbana","cchkp","SYR",0.015
"cbana","cchkp","TGO",0.015
"cbana","cchkp","TUN",0.015
"cbana","cchkp","TUR",0.015
"cbana","cchkp","TZA",0.015
"cbana","cchkp","URY",0.015
"cbana","cchkp","USA",0.015
"cbana","cchkp","VEN",0.015
"cbana","cchkp","YEM",0.015
"cbana","cchkp","ZWE",0.015
"cbana","ccowp","CHM",0.015
"cbana","ccowp","CMR",0.015
"cbana","ccowp","COD",0.015
"cbana","ccowp","CRB",0.015
"cbana","ccowp","CYP",0.015
"cbana","ccowp","EGY",0.015
"cbana","ccowp","GNB",0.015
"cbana","ccowp","GSA",0.015
"cbana","ccowp","HRV",0.015
"cbana","ccowp","HTI",0.015
"cbana","ccowp","IRQ",0.015
"cbana","ccowp","JAM",0.015
"cbana","ccowp","JPN",0.015
"cbana","ccowp","KEN",0.015
"cbana","ccowp","MDG",0.015
"cbana","ccowp","MLI",0.015
"cbana","ccowp","MOZ",0.015
"cbana","ccowp","MWI",0.015
"cbana","ccowp","OBN",0.015
"cbana","ccowp","PAN",0.015
"cbana","ccowp","PER",0.015
"cbana","ccowp","PHL",0.015
"cbana","ccowp","RAP",0.015
"cbana","ccowp","SDN",0.015
"cbana","ccowp","SEN",0.015
"cbana","ccowp","SVN",0.015
"cbana","ccowp","SWZ",0.015
"cbana","ccowp","TZA",0.015
"cbana","ccowp","USA",0.015
"cbana","ccowp","YEM",0.015
"cbana","ccowp","ZAF",0.015
"cbana","ccowp","ZWE",0.015
"cbana","clent","ARG",0.015
"cbana","clent","AUS",0.015
"cbana","clent","AUT",0.015
"cbana","clent","BGD",0.015
"cbana","clent","BGR",0.015
"cbana","clent","CAN",0.015
"cbana","clent","CHL",0.015
"cbana","clent","CHM",0.015
"cbana","clent","CHP",0.015
"cbana","clent","COL",0.015
"cbana","clent","CYP",0.015
"cbana","clent","CZE",0.015
"cbana","clent","DEU",0.015
"cbana","clent","DNK",0.015
"cbana","clent","DZA",0.015
"cbana","clent","ECU",0.015
"cbana","clent","EGY",0.015
"cbana","clent","ETH",0.015
"cbana","clent","FRP",0.015
"cbana","clent","HRV",0.015
"cbana","clent","HUN",0.015
"cbana","clent","IND",0.015
"cbana","clent","IRL",0.015
"cbana","clent","IRN",0.015
"cbana","clent","IRQ",0.015
"cbana","clent","ISR",0.015
"cbana","clent","JOR",0.015
"cbana","clent","KEN",0.015
"cbana","clent","LBN",0.015
"cbana","clent","LBY",0.015
"cbana","clent","MDG",0.015
"cbana","clent","MEX",0.015
"cbana","clent","MOR",0.015
"cbana","clent","MWI",0.015
"cbana","clent","NOR",0.015
"cbana","clent","NPL",0.015
"cbana","clent","NZL",0.015
"cbana","clent","OBN",0.015
"cbana","clent","OIO",0.015
"cbana","clent","PAK",0.015
"cbana","clent","PAN",0.015
"cbana","clent","PER",0.015
"cbana","clent","PRT",0.015
"cbana","clent","RAP",0.015
"cbana","clent","ROU",0.015
"cbana","clent","SAU",0.015
"cbana","clent","SPP",0.015
"cbana","clent","SVK",0.015
"cbana","clent","SVN",0.015
"cbana","clent","SYR",0.015
"cbana","clent","TUN",0.015
"cbana","clent","TUR",0.015
"cbana","clent","UKP",0.015
"cbana","clent","URY",0.015
"cbana","clent","USA",0.015
"cbana","clent","VEN",0.015
"cbana","clent","YEM",0.015
"cbana","cpigp","BDI",0.015
"cbana","cpigp","BGD",0.015
"cbana","cpigp","COD",0.015
"cbana","cpigp","COL",0.015
"cbana","cpigp","CRB",0.015
"cbana","cpigp","DOM",0.015
"cbana","cpigp","HTI",0.015
"cbana","cpigp","IND",0.015
"cbana","cpigp","JAM",0.015
"cbana","cpigp","KEN",0.015
"cbana","cpigp","MWI",0.015
"cbana","cpigp","NPL",0.015
"cbana","cpigp","OIO",0.015
"cbana","cpigp","PAK",0.015
"cbana","cpigp","PAN",0.015
"cbana","cpigp","PHL",0.015
"cbana","cpigp","TZA",0.015
"cbana","cpigp","VEN",0.015
"cbana","copul","AGO",0.015
"cbana","copul","ALB",0.015
"cbana","copul","ARG",0.015
"cbana","copul","AUS",0.015
"cbana","copul","AUT",0.015
"cbana","copul","BDI",0.015
"cbana","copul","BEN",0.015
"cbana","copul","BGD",0.015
"cbana","copul","BGR",0.015
"cbana","copul","BLR",0.015
"cbana","copul","BLT",0.015
"cbana","copul","BLZ",0.015
"cbana","copul","BOL",0.015
"cbana","copul","BRA",0.015
"cbana","copul","CAF",0.015
"cbana","copul","CAN",0.015
"cbana","copul","CHL",0.015
"cbana","copul","CHM",0.015
"cbana","copul","CHP",0.015
"cbana","copul","CIV",0.015
"cbana","copul","CMR",0.015
"cbana","copul","COD",0.015
"cbana","copul","COG",0.015
"cbana","copul","COL",0.015
"cbana","copul","CRB",0.015
"cbana","copul","CRI",0.015
"cbana","copul","CUB",0.015
"cbana","copul","CYP",0.015
"cbana","copul","CZE",0.015
"cbana","copul","DEU",0.015
"cbana","copul","DNK",0.015
"cbana","copul","DOM",0.015
"cbana","copul","DZA",0.015
"cbana","copul","ECU",0.015
"cbana","copul","EGY",0.015
"cbana","copul","ETH",0.015
"cbana","copul","FJI",0.015
"cbana","copul","FNP",0.015
"cbana","copul","FRP",0.015
"cbana","copul","GAB",0.015
"cbana","copul","GHA",0.015
"cbana","copul","GIN",0.015
"cbana","copul","GNB",0.015
"cbana","copul","GSA",0.015
"cbana","copul","GTM",0.015
"cbana","copul","HND",0.015
"cbana","copul","HRV",0.015
"cbana","copul","HTI",0.015
"cbana","copul","HUN",0.015
"cbana","copul","IDN",0.015
"cbana","copul","IND",0.015
"cbana","copul","IRL",0.015
"cbana","copul","IRN",0.015
"cbana","copul","IRQ",0.015
"cbana","copul","ISR",0.015
"cbana","copul","JAM",0.015
"cbana","copul","JOR",0.015
"cbana","copul","JPN",0.015
"cbana","copul","KEN",0.015
"cbana","copul","KHM",0.015
"cbana","copul","KOR",0.015
"cbana","copul","LAO",0.015
"cbana","copul","LBN",0.015
"cbana","copul","LBR",0.015
"cbana","copul","LBY",0.015
"cbana","copul","MDA",0.015
"cbana","copul","MDG",0.015
"cbana","copul","MEX",0.015
"cbana","copul","MLI",0.015
"cbana","copul","MOR",0.015
"cbana","copul","MOZ",0.015
"cbana","copul","MWI",0.015
"cbana","copul","NIC",0.015
"cbana","copul","NLD",0.015
"cbana","copul","NOR",0.015
"cbana","copul","NPL",0.015
"cbana","copul","NZL",0.015
"cbana","copul","OAO",0.015
"cbana","copul","OBN",0.015
"cbana","copul","OIO",0.015
"cbana","copul","OPO",0.015
"cbana","copul","PAK",0.015
"cbana","copul","PAN",0.015
"cbana","copul","PER",0.015
"cbana","copul","PHL",0.015
"cbana","copul","PNG",0.015
"cbana","copul","POL",0.015
"cbana","copul","PRT",0.015
"cbana","copul","PRY",0.015
"cbana","copul","RAP",0.015
"cbana","copul","ROU",0.015
"cbana","copul","RWA",0.015
"cbana","copul","SAU",0.015
"cbana","copul","SDN",0.015
"cbana","copul","SEN",0.015
"cbana","copul","SLV",0.015
"cbana","copul","SOM",0.015
"cbana","copul","SPP",0.015
"cbana","copul","SVK",0.015
"cbana","copul","SVN",0.015
"cbana","copul","SWE",0.015
"cbana","copul","SWZ",0.015
"cbana","copul","SYR",0.015
"cbana","copul","TGO",0.015
"cbana","copul","THA",0.015
"cbana","copul","TUN",0.015
"cbana","copul","TUR",0.015
"cbana","copul","TZA",0.015
"cbana","copul","UKP",0.015
"cbana","copul","URY",0.015
"cbana","copul","USA",0.015
"cbana","copul","VEN",0.015
"cbana","copul","VNM",0.015
"cbana","copul","YEM",0.015
"cbana","copul","ZAF",0.015
"cbana","copul","ZMB",0.015
"cbana","copul","ZWE",0.015
"cbana","cbana","AGO",-0.374137416991231
"cbana","cbana","ALB",-0.24228580765541
"cbana","cbana","ARG",-0.368936183558995
"cbana","cbana","AUS",-0.330220142017405
"cbana","cbana","AUT",-0.355444889303409
"cbana","cbana","BDI",-0.309
"cbana","cbana","BEN",-0.346413120628624
"cbana","cbana","BGD",-0.346241332367182
"cbana","cbana","BGR",-0.242374974087462
"cbana","cbana","BLR",-0.203191631494978
"cbana","cbana","BLT",-0.203191631494978
"cbana","cbana","BLZ",-0.238706134269269
"cbana","cbana","BOL",-0.238997580824213
"cbana","cbana","BRA",-0.276675460732975
"cbana","cbana","CAF",-0.347
"cbana","cbana","CAN",-0.414868337871843
"cbana","cbana","CHL",-0.239055115751652
"cbana","cbana","CHM",-0.349776668948272
"cbana","cbana","CHP",-0.355444889303409
"cbana","cbana","CIV",-0.347
"cbana","cbana","CMR",-0.346124879425346
"cbana","cbana","COD",-0.346232991962925
"cbana","cbana","COG",-0.345563993383097
"cbana","cbana","COL",-0.186871812574708
"cbana","cbana","CRB",-0.16561507420616
"cbana","cbana","CRI",-0.238706134269269
"cbana","cbana","CUB",-0.238706134269269
"cbana","cbana","CYP",-0.368941946238806
"cbana","cbana","CZE",-0.242374974087462
"cbana","cbana","DEU",-0.355213521167889
"cbana","cbana","DNK",-0.355149038098923
"cbana","cbana","DOM",-0.238706134269269
"cbana","cbana","DZA",-0.36501863999594
"cbana","cbana","ECU",-0.238890916458865
"cbana","cbana","EGY",-0.411148502634584
"cbana","cbana","ETH",-0.263125333103374
"cbana","cbana","FJI",-0.16561507420616
"cbana","cbana","FNP",-0.355149038098923
"cbana","cbana","FRP",-0.354831145707927
"cbana","cbana","GAB",-0.347
"cbana","cbana","GHA",-0.346405758957737
"cbana","cbana","GIN",-0.346152745946048
"cbana","cbana","GNB",-0.347
"cbana","cbana","GSA",-0.239242940353518
"cbana","cbana","GTM",-0.238706134269269
"cbana","cbana","HND",-0.238706134269269
"cbana","cbana","HRV",-0.24228580765541
"cbana","cbana","HTI",-0.238706134269269
"cbana","cbana","HUN",-0.242374974087462
"cbana","cbana","IDN",-0.36972498419635
"cbana","cbana","IND",-0.331303406791012
"cbana","cbana","IRL",-0.353576269766819
"cbana","cbana","IRN",-0.367474845774337
"cbana","cbana","IRQ",-0.37
"cbana","cbana","ISR",-0.414420860055951
"cbana","cbana","JAM",-0.16561507420616
"cbana","cbana","JOR",-0.36757807367539
"cbana","cbana","JPN",-0.253175233507644
"cbana","cbana","KEN",-0.308361691048141
"cbana","cbana","KHM",-0.299194868971424
"cbana","cbana","KOR",-0.389344046537596
"cbana","cbana","LAO",-0.299194868971424
"cbana","cbana","LBN",-0.36670351351695
"cbana","cbana","LBR",-0.347
"cbana","cbana","LBY",-0.365251276566409
"cbana","cbana","MDA",-0.242374974087462
"cbana","cbana","MDG",-0.376
"cbana","cbana","MEX",-0.292013612580878
"cbana","cbana","MLI",-0.262806239861739
"cbana","cbana","MOR",-0.3680220438627
"cbana","cbana","MOZ",-0.374812133435043
"cbana","cbana","MWI",-0.375984808634573
"cbana","cbana","MYS",-0.277129608988859
"cbana","cbana","NIC",-0.238706134269269
"cbana","cbana","NLD",-0.355510971392745
"cbana","cbana","NOR",-0.355149038098923
"cbana","cbana","NPL",-0.336722236293629
"cbana","cbana","NZL",-0.416172664315061
"cbana","cbana","OAO",-0.16561507420616
"cbana","cbana","OBN",-0.24228580765541
"cbana","cbana","OIO",-0.16561507420616
"cbana","cbana","OPO",-0.16561507420616
"cbana","cbana","PAK",-0.352979529142842
"cbana","cbana","PAN",-0.238706134269269
"cbana","cbana","PER",-0.238996325391246
"cbana","cbana","PHL",-0.346357141797036
"cbana","cbana","PNG",-0.166
"cbana","cbana","POL",-0.242765183656167
"cbana","cbana","PRT",-0.354426622315087
"cbana","cbana","PRY",-0.238997580824213
"cbana","cbana","RAP",-0.36844553309141
"cbana","cbana","ROU",-0.242374974087462
"cbana","cbana","RWA",-0.308454675804936
"cbana","cbana","SAU",-0.36844553309141
"cbana","cbana","SDN",-0.261324606153686
"cbana","cbana","SEN",-0.346501203360668
"cbana","cbana","SLV",-0.238706134269269
"cbana","cbana","SOM",-0.2635
"cbana","cbana","SPP",-0.354426622315087
"cbana","cbana","SVK",-0.242374974087462
"cbana","cbana","SVN",-0.24228580765541
"cbana","cbana","SWE",-0.355149038098923
"cbana","cbana","SWZ",-0.375792780866215
"cbana","cbana","SYR",-0.368343586470471
"cbana","cbana","TGO",-0.347
"cbana","cbana","THA",-0.31096151295888
"cbana","cbana","TUN",-0.365983026880136
"cbana","cbana","TUR",-0.412631490670017
"cbana","cbana","TZA",-0.308382435761037
"cbana","cbana","UKP",-0.353576269766819
"cbana","cbana","URY",-0.239083700319197
"cbana","cbana","USA",-0.395950828780335
"cbana","cbana","VEN",-0.239242940353518
"cbana","cbana","VNM",-0.337120179272669
"cbana","cbana","VUT",-0.16561507420616
"cbana","cbana","YEM",-0.36844553309141
"cbana","cbana","ZAF",-0.415218879865444
"cbana","cbana","ZMB",-0.375325842270388
"cbana","cbana","ZWE",-0.376
"cbana","cplnt","BGD",0.015
"cbana","cplnt","BLZ",0.015
"cbana","cplnt","BOL",0.015
"cbana","cplnt","CAF",0.015
"cbana","cplnt","CIV",0.015
"cbana","cplnt","CMR",0.015
"cbana","cplnt","COD",0.015
"cbana","cplnt","COG",0.015
"cbana","cplnt","COL",0.015
"cbana","cplnt","CRB",0.015
"cbana","cplnt","CRI",0.015
"cbana","cplnt","CUB",0.015
"cbana","cplnt","DOM",0.015
"cbana","cplnt","ECU",0.015
"cbana","cplnt","FJI",0.015
"cbana","cplnt","GAB",0.015
"cbana","cplnt","GHA",0.015
"cbana","cplnt","GIN",0.015
"cbana","cplnt","GNB",0.015
"cbana","cplnt","GSA",0.015
"cbana","cplnt","GTM",0.015
"cbana","cplnt","HND",0.015
"cbana","cplnt","HTI",0.015
"cbana","cplnt","JAM",0.015
"cbana","cplnt","KEN",0.015
"cbana","cplnt","LBR",0.015
"cbana","cplnt","MWI",0.015
"cbana","cplnt","NIC",0.015
"cbana","cplnt","OAO",0.015
"cbana","cplnt","OBN",0.015
"cbana","cplnt","PAN",0.015
"cbana","cplnt","PHL",0.015
"cbana","cplnt","RAP",0.015
"cbana","cplnt","RWA",0.015
"cbana","cplnt","SLV",0.015
"cbana","cplnt","SPP",0.015
"cbana","cplnt","TZA",0.015
"cbana","cplnt","VEN",0.015
"cbana","csubf","AGO",0.015
"cbana","csubf","ALB",0.015
"cbana","csubf","ARG",0.015
"cbana","csubf","AUS",0.015
"cbana","csubf","AUT",0.015
"cbana","csubf","BEN",0.015
"cbana","csubf","BGD",0.015
"cbana","csubf","BGR",0.015
"cbana","csubf","BLR",0.015
"cbana","csubf","BLT",0.015
"cbana","csubf","BLZ",0.015
"cbana","csubf","BOL",0.015
"cbana","csubf","BRA",0.015
"cbana","csubf","CAF",0.015
"cbana","csubf","CAN",0.015
"cbana","csubf","CHL",0.015
"cbana","csubf","CHM",0.015
"cbana","csubf","CHP",0.015
"cbana","csubf","CIV",0.015
"cbana","csubf","CMR",0.015
"cbana","csubf","COD",0.015
"cbana","csubf","COL",0.015
"cbana","csubf","CRB",0.015
"cbana","csubf","CRI",0.015
"cbana","csubf","CUB",0.015
"cbana","csubf","CYP",0.015
"cbana","csubf","CZE",0.015
"cbana","csubf","DEU",0.015
"cbana","csubf","DNK",0.015
"cbana","csubf","DOM",0.015
"cbana","csubf","DZA",0.015
"cbana","csubf","ECU",0.015
"cbana","csubf","EGY",0.015
"cbana","csubf","ETH",0.015
"cbana","csubf","FJI",0.015
"cbana","csubf","FNP",0.015
"cbana","csubf","FRP",0.015
"cbana","csubf","GHA",0.015
"cbana","csubf","GIN",0.015
"cbana","csubf","GNB",0.015
"cbana","csubf","GSA",0.015
"cbana","csubf","GTM",0.015
"cbana","csubf","HND",0.015
"cbana","csubf","HRV",0.015
"cbana","csubf","HTI",0.015
"cbana","csubf","HUN",0.015
"cbana","csubf","IDN",0.015
"cbana","csubf","IND",0.015
"cbana","csubf","IRL",0.015
"cbana","csubf","IRN",0.015
"cbana","csubf","IRQ",0.015
"cbana","csubf","ISR",0.015
"cbana","csubf","JAM",0.015
"cbana","csubf","JOR",0.015
"cbana","csubf","JPN",0.015
"cbana","csubf","KEN",0.015
"cbana","csubf","KHM",0.015
"cbana","csubf","KOR",0.015
"cbana","csubf","LAO",0.015
"cbana","csubf","LBN",0.015
"cbana","csubf","LBR",0.015
"cbana","csubf","LBY",0.015
"cbana","csubf","MDG",0.015
"cbana","csubf","MEX",0.015
"cbana","csubf","MLI",0.015
"cbana","csubf","MOR",0.015
"cbana","csubf","MOZ",0.015
"cbana","csubf","MWI",0.015
"cbana","csubf","MYS",0.015
"cbana","csubf","NIC",0.015
"cbana","csubf","NLD",0.015
"cbana","csubf","NOR",0.015
"cbana","csubf","NPL",0.015
"cbana","csubf","NZL",0.015
"cbana","csubf","OBN",0.015
"cbana","csubf","OPO",0.015
"cbana","csubf","PAK",0.015
"cbana","csubf","PAN",0.015
"cbana","csubf","PER",0.015
"cbana","csubf","PHL",0.015
"cbana","csubf","PNG",0.015
"cbana","csubf","POL",0.015
"cbana","csubf","PRT",0.015
"cbana","csubf","PRY",0.015
"cbana","csubf","RAP",0.015
"cbana","csubf","ROU",0.015
"cbana","csubf","RWA",0.015
"cbana","csubf","SAU",0.015
"cbana","csubf","SDN",0.015
"cbana","csubf","SEN",0.015
"cbana","csubf","SLV",0.015
"cbana","csubf","SOM",0.015
"cbana","csubf","SPP",0.015
"cbana","csubf","SVK",0.015
"cbana","csubf","SVN",0.015
"cbana","csubf","SWE",0.015
"cbana","csubf","SWZ",0.015
"cbana","csubf","SYR",0.015
"cbana","csubf","TGO",0.015
"cbana","csubf","THA",0.015
"cbana","csubf","TUN",0.015
"cbana","csubf","TUR",0.015
"cbana","csubf","TZA",0.015
"cbana","csubf","UKP",0.015
"cbana","csubf","URY",0.015
"cbana","csubf","USA",0.015
"cbana","csubf","VEN",0.015
"cbana","csubf","VNM",0.015
"cbana","csubf","YEM",0.015
"cbana","csubf","ZAF",0.015
"cbana","csubf","ZMB",0.015
"cbana","csubf","ZWE",0.015
"cbana","ctemf","ALB",0.015
"cbana","ctemf","ARG",0.015
"cbana","ctemf","AUS",0.015
"cbana","ctemf","AUT",0.015
"cbana","ctemf","BGR",0.015
"cbana","ctemf","BLR",0.015
"cbana","ctemf","BLT",0.015
"cbana","ctemf","BOL",0.015
"cbana","ctemf","BRA",0.015
"cbana","ctemf","CAN",0.015
"cbana","ctemf","CHL",0.015
"cbana","ctemf","CHM",0.015
"cbana","ctemf","CHP",0.015
"cbana","ctemf","COL",0.015
"cbana","ctemf","CRI",0.015
"cbana","ctemf","CUB",0.015
"cbana","ctemf","CYP",0.015
"cbana","ctemf","CZE",0.015
"cbana","ctemf","DEU",0.015
"cbana","ctemf","DNK",0.015
"cbana","ctemf","DZA",0.015
"cbana","ctemf","ECU",0.015
"cbana","ctemf","EGY",0.015
"cbana","ctemf","ETH",0.015
"cbana","ctemf","FNP",0.015
"cbana","ctemf","FRP",0.015
"cbana","ctemf","GTM",0.015
"cbana","ctemf","HND",0.015
"cbana","ctemf","HRV",0.015
"cbana","ctemf","HUN",0.015
"cbana","ctemf","IDN",0.015
"cbana","ctemf","IND",0.015
"cbana","ctemf","IRL",0.015
"cbana","ctemf","IRN",0.015
"cbana","ctemf","IRQ",0.015
"cbana","ctemf","ISR",0.015
"cbana","ctemf","JOR",0.015
"cbana","ctemf","JPN",0.015
"cbana","ctemf","KOR",0.015
"cbana","ctemf","LBN",0.015
"cbana","ctemf","LBY",0.015
"cbana","ctemf","MDA",0.015
"cbana","ctemf","MDG",0.015
"cbana","ctemf","MEX",0.015
"cbana","ctemf","MOR",0.015
"cbana","ctemf","MYS",0.015
"cbana","ctemf","NLD",0.015
"cbana","ctemf","NOR",0.015
"cbana","ctemf","NPL",0.015
"cbana","ctemf","NZL",0.015
"cbana","ctemf","OBN",0.015
"cbana","ctemf","OIO",0.015
"cbana","ctemf","PAK",0.015
"cbana","ctemf","PER",0.015
"cbana","ctemf","PHL",0.015
"cbana","ctemf","POL",0.015
"cbana","ctemf","PRT",0.015
"cbana","ctemf","PRY",0.015
"cbana","ctemf","RAP",0.015
"cbana","ctemf","ROU",0.015
"cbana","ctemf","SAU",0.015
"cbana","ctemf","SEN",0.015
"cbana","ctemf","SLV",0.015
"cbana","ctemf","SPP",0.015
"cbana","ctemf","SVK",0.015
"cbana","ctemf","SVN",0.015
"cbana","ctemf","SWE",0.015
"cbana","ctemf","SWZ",0.015
"cbana","ctemf","SYR",0.015
"cbana","ctemf","THA",0.015
"cbana","ctemf","TUN",0.015
"cbana","ctemf","TUR",0.015
"cbana","ctemf","UKP",0.015
"cbana","ctemf","URY",0.015
"cbana","ctemf","USA",0.015
"cbana","ctemf","VEN",0.015
"cbana","ctemf","VNM",0.015
"cbana","ctemf","YEM",0.015
"cbana","ctemf","ZAF",0.015
"cbana","ctemf","ZMB",0.015
"cbana","ctemf","ZWE",0.015
"cbana","cvege","AGO",0.015
"cbana","cvege","ALB",0.015
"cbana","cvege","ARG",0.015
"cbana","cvege","AUS",0.015
"cbana","cvege","AUT",0.015
"cbana","cvege","BDI",0.015
"cbana","cvege","BEN",0.015
"cbana","cvege","BGD",0.015
"cbana","cvege","BGR",0.015
"cbana","cvege","BLR",0.015
"cbana","cvege","BLT",0.015
"cbana","cvege","BLZ",0.015
"cbana","cvege","BOL",0.015
"cbana","cvege","BRA",0.015
"cbana","cvege","CAF",0.015
"cbana","cvege","CAN",0.015
"cbana","cvege","CHL",0.015
"cbana","cvege","CHM",0.015
"cbana","cvege","CHP",0.015
"cbana","cvege","CIV",0.015
"cbana","cvege","CMR",0.015
"cbana","cvege","COD",0.015
"cbana","cvege","COG",0.015
"cbana","cvege","COL",0.015
"cbana","cvege","CRB",0.015
"cbana","cvege","CRI",0.015
"cbana","cvege","CUB",0.015
"cbana","cvege","CYP",0.015
"cbana","cvege","CZE",0.015
"cbana","cvege","DEU",0.015
"cbana","cvege","DNK",0.015
"cbana","cvege","DOM",0.015
"cbana","cvege","DZA",0.015
"cbana","cvege","ECU",0.015
"cbana","cvege","EGY",0.015
"cbana","cvege","ETH",0.015
"cbana","cvege","FJI",0.015
"cbana","cvege","FNP",0.015
"cbana","cvege","FRP",0.015
"cbana","cvege","GAB",0.015
"cbana","cvege","GHA",0.015
"cbana","cvege","GIN",0.015
"cbana","cvege","GNB",0.015
"cbana","cvege","GSA",0.015
"cbana","cvege","GTM",0.015
"cbana","cvege","HND",0.015
"cbana","cvege","HRV",0.015
"cbana","cvege","HTI",0.015
"cbana","cvege","HUN",0.015
"cbana","cvege","IDN",0.015
"cbana","cvege","IND",0.015
"cbana","cvege","IRL",0.015
"cbana","cvege","IRN",0.015
"cbana","cvege","IRQ",0.015
"cbana","cvege","ISR",0.015
"cbana","cvege","JAM",0.015
"cbana","cvege","JOR",0.015
"cbana","cvege","JPN",0.015
"cbana","cvege","KEN",0.015
"cbana","cvege","KHM",0.015
"cbana","cvege","KOR",0.015
"cbana","cvege","LAO",0.015
"cbana","cvege","LBN",0.015
"cbana","cvege","LBR",0.015
"cbana","cvege","LBY",0.015
"cbana","cvege","MDA",0.015
"cbana","cvege","MDG",0.015
"cbana","cvege","MEX",0.015
"cbana","cvege","MLI",0.015
"cbana","cvege","MOR",0.015
"cbana","cvege","MOZ",0.015
"cbana","cvege","MWI",0.015
"cbana","cvege","MYS",0.015
"cbana","cvege","NIC",0.015
"cbana","cvege","NLD",0.015
"cbana","cvege","NOR",0.015
"cbana","cvege","NPL",0.015
"cbana","cvege","NZL",0.015
"cbana","cvege","OAO",0.015
"cbana","cvege","OBN",0.015
"cbana","cvege","OIO",0.015
"cbana","cvege","OPO",0.015
"cbana","cvege","PAK",0.015
"cbana","cvege","PAN",0.015
"cbana","cvege","PER",0.015
"cbana","cvege","PHL",0.015
"cbana","cvege","PNG",0.015
"cbana","cvege","POL",0.015
"cbana","cvege","PRT",0.015
"cbana","cvege","PRY",0.015
"cbana","cvege","RAP",0.015
"cbana","cvege","ROU",0.015
"cbana","cvege","RWA",0.015
"cbana","cvege","SAU",0.015
"cbana","cvege","SDN",0.015
"cbana","cvege","SEN",0.015
"cbana","cvege","SLV",0.015
"cbana","cvege","SOM",0.015
"cbana","cvege","SPP",0.015
"cbana","cvege","SVK",0.015
"cbana","cvege","SVN",0.015
"cbana","cvege","SWE",0.015
"cbana","cvege","SWZ",0.015
"cbana","cvege","SYR",0.015
"cbana","cvege","TGO",0.015
"cbana","cvege","THA",0.015
"cbana","cvege","TUN",0.015
"cbana","cvege","TUR",0.015
"cbana","cvege","TZA",0.015
"cbana","cvege","UKP",0.015
"cbana","cvege","URY",0.015
"cbana","cvege","USA",0.015
"cbana","cvege","VEN",0.015
"cbana","cvege","VNM",0.015
"cbana","cvege","YEM",0.015
"cbana","cvege","ZAF",0.015
"cbana","cvege","ZMB",0.015
"cbana","cvege","ZWE",0.015
"cplnt","cbarl","BGD",0.003
"cplnt","cbarl","BLZ",0.003
"cplnt","cbarl","BOL",0.003
"cplnt","cbarl","CAF",0.003
"cplnt","cbarl","CIV",0.003
"cplnt","cbarl","CMR",0.003
"cplnt","cbarl","COD",0.003
"cplnt","cbarl","COG",0.003
"cplnt","cbarl","COL",0.003
"cplnt","cbarl","CRB",0.003
"cplnt","cbarl","CRI",0.003
"cplnt","cbarl","CUB",0.003
"cplnt","cbarl","DOM",0.003
"cplnt","cbarl","ECU",0.003
"cplnt","cbarl","FJI",0.003
"cplnt","cbarl","GAB",0.003
"cplnt","cbarl","GHA",0.003
"cplnt","cbarl","GIN",0.003
"cplnt","cbarl","GNB",0.003
"cplnt","cbarl","GSA",0.003
"cplnt","cbarl","GTM",0.003
"cplnt","cbarl","HND",0.003
"cplnt","cbarl","HTI",0.003
"cplnt","cbarl","JAM",0.003
"cplnt","cbarl","KEN",0.003
"cplnt","cbarl","LBR",0.003
"cplnt","cbarl","LKA",0.003
"cplnt","cbarl","MMR",0.003
"cplnt","cbarl","MWI",0.003
"cplnt","cbarl","NGA",0.003
"cplnt","cbarl","NIC",0.003
"cplnt","cbarl","OBN",0.003
"cplnt","cbarl","PAN",0.003
"cplnt","cbarl","PHL",0.003
"cplnt","cbarl","RAP",0.003
"cplnt","cbarl","RWA",0.003
"cplnt","cbarl","SLE",0.003
"cplnt","cbarl","SLV",0.003
"cplnt","cbarl","SPP",0.003
"cplnt","cbarl","TZA",0.003
"cplnt","cbarl","UGA",0.003
"cplnt","cbarl","VEN",0.003
"cplnt","cmaiz","BGD",0.00375
"cplnt","cmaiz","BLZ",0.00375
"cplnt","cmaiz","BOL",0.00375
"cplnt","cmaiz","CAF",0.00375
"cplnt","cmaiz","CIV",0.00375
"cplnt","cmaiz","CMR",0.00375
"cplnt","cmaiz","COD",0.00375
"cplnt","cmaiz","COG",0.00375
"cplnt","cmaiz","COL",0.00375
"cplnt","cmaiz","CRB",0.00375
"cplnt","cmaiz","CRI",0.00375
"cplnt","cmaiz","CUB",0.00375
"cplnt","cmaiz","DOM",0.00375
"cplnt","cmaiz","ECU",0.00375
"cplnt","cmaiz","GAB",0.00375
"cplnt","cmaiz","GHA",0.00375
"cplnt","cmaiz","GIN",0.00375
"cplnt","cmaiz","GNB",0.00375
"cplnt","cmaiz","GSA",0.00375
"cplnt","cmaiz","GTM",0.00375
"cplnt","cmaiz","HND",0.00375
"cplnt","cmaiz","HTI",0.00375
"cplnt","cmaiz","JAM",0.00375
"cplnt","cmaiz","KEN",0.00375
"cplnt","cmaiz","LKA",0.00375
"cplnt","cmaiz","MMR",0.00375
"cplnt","cmaiz","MWI",0.00375
"cplnt","cmaiz","NGA",0.00375
"cplnt","cmaiz","NIC",0.00375
"cplnt","cmaiz","OBN",0.00375
"cplnt","cmaiz","PAN",0.00375
"cplnt","cmaiz","PHL",0.00375
"cplnt","cmaiz","RAP",0.00375
"cplnt","cmaiz","RWA",0.00375
"cplnt","cmaiz","SLE",0.00375
"cplnt","cmaiz","SLV",0.00375
"cplnt","cmaiz","SPP",0.00375
"cplnt","cmaiz","TZA",0.00375
"cplnt","cmaiz","UGA",0.00375
"cplnt","cmaiz","VEN",0.00375
"cplnt","cmill","BGD",0.003
"cplnt","cmill","CAF",0.003
"cplnt","cmill","CIV",0.003
"cplnt","cmill","CMR",0.003
"cplnt","cmill","COD",0.003
"cplnt","cmill","COG",0.003
"cplnt","cmill","GHA",0.003
"cplnt","cmill","GIN",0.003
"cplnt","cmill","GNB",0.003
"cplnt","cmill","KEN",0.003
"cplnt","cmill","MMR",0.003
"cplnt","cmill","MWI",0.003
"cplnt","cmill","NGA",0.003
"cplnt","cmill","SLE",0.003
"cplnt","cmill","TZA",0.003
"cplnt","cmill","UGA",0.003
"cplnt","crice","BGD",0.003
"cplnt","crice","BLZ",0.003
"cplnt","crice","BOL",0.003
"cplnt","crice","CAF",0.003
"cplnt","crice","CIV",0.003
"cplnt","crice","CMR",0.003
"cplnt","crice","COD",0.003
"cplnt","crice","COG",0.003
"cplnt","crice","COL",0.003
"cplnt","crice","CRB",0.003
"cplnt","crice","CRI",0.003
"cplnt","crice","CUB",0.003
"cplnt","crice","DOM",0.003
"cplnt","crice","ECU",0.003
"cplnt","crice","FJI",0.003
"cplnt","crice","GHA",0.003
"cplnt","crice","GIN",0.003
"cplnt","crice","GNB",0.003
"cplnt","crice","GSA",0.003
"cplnt","crice","GTM",0.003
"cplnt","crice","HND",0.003
"cplnt","crice","HTI",0.003
"cplnt","crice","JAM",0.003
"cplnt","crice","KEN",0.003
"cplnt","crice","LBR",0.003
"cplnt","crice","LKA",0.003
"cplnt","crice","MMR",0.003
"cplnt","crice","MWI",0.003
"cplnt","crice","NGA",0.003
"cplnt","crice","NIC",0.003
"cplnt","crice","OBN",0.003
"cplnt","crice","PAN",0.003
"cplnt","crice","PHL",0.003
"cplnt","crice","RAP",0.003
"cplnt","crice","RWA",0.003
"cplnt","crice","SLE",0.003
"cplnt","crice","SLV",0.003
"cplnt","crice","SPP",0.003
"cplnt","crice","TZA",0.003
"cplnt","crice","UGA",0.003
"cplnt","crice","VEN",0.003
"cplnt","csorg","BLZ",0.003
"cplnt","csorg","BOL",0.003
"cplnt","csorg","CAF",0.003
"cplnt","csorg","CIV",0.003
"cplnt","csorg","CMR",0.003
"cplnt","csorg","CUB",0.003
"cplnt","csorg","ECU",0.003
"cplnt","csorg","GHA",0.003
"cplnt","csorg","GIN",0.003
"cplnt","csorg","GNB",0.003
"cplnt","csorg","GTM",0.003
"cplnt","csorg","HND",0.003
"cplnt","csorg","HTI",0.003
"cplnt","csorg","KEN",0.003
"cplnt","csorg","MMR",0.003
"cplnt","csorg","MWI",0.003
"cplnt","csorg","NGA",0.003
"cplnt","csorg","NIC",0.003
"cplnt","csorg","RAP",0.003
"cplnt","csorg","RWA",0.003
"cplnt","csorg","SLE",0.003
"cplnt","csorg","SLV",0.003
"cplnt","csorg","SPP",0.003
"cplnt","csorg","TZA",0.003
"cplnt","csorg","UGA",0.003
"cplnt","csorg","VEN",0.003
"cplnt","cwhea","BGD",0.003
"cplnt","cwhea","BLZ",0.003
"cplnt","cwhea","BOL",0.003
"cplnt","cwhea","CIV",0.003
"cplnt","cwhea","CMR",0.003
"cplnt","cwhea","COD",0.003
"cplnt","cwhea","COL",0.003
"cplnt","cwhea","CRB",0.003
"cplnt","cwhea","CRI",0.003
"cplnt","cwhea","CUB",0.003
"cplnt","cwhea","DOM",0.003
"cplnt","cwhea","ECU",0.003
"cplnt","cwhea","GAB",0.003
"cplnt","cwhea","GHA",0.003
"cplnt","cwhea","GSA",0.003
"cplnt","cwhea","GTM",0.003
"cplnt","cwhea","KEN",0.003
"cplnt","cwhea","LKA",0.003
"cplnt","cwhea","MMR",0.003
"cplnt","cwhea","MWI",0.003
"cplnt","cwhea","NGA",0.003
"cplnt","cwhea","NIC",0.003
"cplnt","cwhea","OBN",0.003
"cplnt","cwhea","PAN",0.003
"cplnt","cwhea","PHL",0.003
"cplnt","cwhea","RAP",0.003
"cplnt","cwhea","RWA",0.003
"cplnt","cwhea","SLE",0.003
"cplnt","cwhea","SLV",0.003
"cplnt","cwhea","SPP",0.003
"cplnt","cwhea","TZA",0.003
"cplnt","cwhea","UGA",0.003
"cplnt","cwhea","VEN",0.003
"cplnt","cocer","BGD",0.003
"cplnt","cocer","BOL",0.003
"cplnt","cocer","CIV",0.003
"cplnt","cocer","ECU",0.003
"cplnt","cocer","GIN",0.003
"cplnt","cocer","MMR",0.003
"cplnt","cocer","NGA",0.003
"cplnt","cocer","OBN",0.003
"cplnt","cocer","SLE",0.003
"cplnt","cocer","SPP",0.003
"cplnt","cocer","TZA",0.003
"cplnt","ccass","BGD",0.003
"cplnt","ccass","BOL",0.003
"cplnt","ccass","CAF",0.003
"cplnt","ccass","CIV",0.003
"cplnt","ccass","CMR",0.003
"cplnt","ccass","COD",0.003
"cplnt","ccass","COG",0.003
"cplnt","ccass","COL",0.003
"cplnt","ccass","CRI",0.003
"cplnt","ccass","CUB",0.003
"cplnt","ccass","DOM",0.003
"cplnt","ccass","ECU",0.003
"cplnt","ccass","FJI",0.003
"cplnt","ccass","GAB",0.003
"cplnt","ccass","GHA",0.003
"cplnt","ccass","GIN",0.003
"cplnt","ccass","GNB",0.003
"cplnt","ccass","GSA",0.003
"cplnt","ccass","GTM",0.003
"cplnt","ccass","HND",0.003
"cplnt","ccass","HTI",0.003
"cplnt","ccass","JAM",0.003
"cplnt","ccass","KEN",0.003
"cplnt","ccass","LBR",0.003
"cplnt","ccass","LKA",0.003
"cplnt","ccass","MMR",0.003
"cplnt","ccass","MWI",0.003
"cplnt","ccass","NGA",0.003
"cplnt","ccass","NIC",0.003
"cplnt","ccass","PAN",0.003
"cplnt","ccass","PHL",0.003
"cplnt","ccass","RAP",0.003
"cplnt","ccass","RWA",0.003
"cplnt","ccass","SLE",0.003
"cplnt","ccass","SLV",0.003
"cplnt","ccass","SPP",0.003
"cplnt","ccass","TZA",0.003
"cplnt","ccass","UGA",0.003
"cplnt","ccass","VEN",0.003
"cplnt","cpota","BGD",0.003
"cplnt","cpota","BOL",0.003
"cplnt","cpota","CAF",0.003
"cplnt","cpota","CIV",0.003
"cplnt","cpota","CMR",0.003
"cplnt","cpota","COD",0.003
"cplnt","cpota","COG",0.003
"cplnt","cpota","COL",0.003
"cplnt","cpota","CRB",0.003
"cplnt","cpota","CRI",0.003
"cplnt","cpota","CUB",0.003
"cplnt","cpota","DOM",0.003
"cplnt","cpota","ECU",0.003
"cplnt","cpota","GIN",0.003
"cplnt","cpota","GSA",0.003
"cplnt","cpota","GTM",0.003
"cplnt","cpota","HND",0.003
"cplnt","cpota","HTI",0.003
"cplnt","cpota","JAM",0.003
"cplnt","cpota","KEN",0.003
"cplnt","cpota","LKA",0.003
"cplnt","cpota","MMR",0.003
"cplnt","cpota","MWI",0.003
"cplnt","cpota","NGA",0.003
"cplnt","cpota","NIC",0.003
"cplnt","cpota","OBN",0.003
"cplnt","cpota","PAN",0.003
"cplnt","cpota","PHL",0.003
"cplnt","cpota","RAP",0.003
"cplnt","cpota","RWA",0.003
"cplnt","cpota","SLV",0.003
"cplnt","cpota","SPP",0.003
"cplnt","cpota","TZA",0.003
"cplnt","cpota","UGA",0.003
"cplnt","cpota","VEN",0.003
"cplnt","cswpt","BGD",0.003
"cplnt","cswpt","BOL",0.003
"cplnt","cswpt","CIV",0.003
"cplnt","cswpt","CMR",0.003
"cplnt","cswpt","COD",0.003
"cplnt","cswpt","COG",0.003
"cplnt","cswpt","CUB",0.003
"cplnt","cswpt","DOM",0.003
"cplnt","cswpt","FJI",0.003
"cplnt","cswpt","GHA",0.003
"cplnt","cswpt","GIN",0.003
"cplnt","cswpt","GSA",0.003
"cplnt","cswpt","HND",0.003
"cplnt","cswpt","HTI",0.003
"cplnt","cswpt","JAM",0.003
"cplnt","cswpt","KEN",0.003
"cplnt","cswpt","LBR",0.003
"cplnt","cswpt","LKA",0.003
"cplnt","cswpt","MMR",0.003
"cplnt","cswpt","MWI",0.003
"cplnt","cswpt","NGA",0.003
"cplnt","cswpt","PHL",0.003
"cplnt","cswpt","RWA",0.003
"cplnt","cswpt","SLE",0.003
"cplnt","cswpt","SPP",0.003
"cplnt","cswpt","TZA",0.003
"cplnt","cswpt","UGA",0.003
"cplnt","cswpt","VEN",0.003
"cplnt","cyams","CAF",0.003
"cplnt","cyams","CIV",0.003
"cplnt","cyams","CMR",0.003
"cplnt","cyams","COD",0.003
"cplnt","cyams","COG",0.003
"cplnt","cyams","COL",0.003
"cplnt","cyams","CRB",0.003
"cplnt","cyams","CRI",0.003
"cplnt","cyams","CUB",0.003
"cplnt","cyams","DOM",0.003
"cplnt","cyams","GAB",0.003
"cplnt","cyams","GHA",0.003
"cplnt","cyams","GIN",0.003
"cplnt","cyams","HTI",0.003
"cplnt","cyams","JAM",0.003
"cplnt","cyams","KEN",0.003
"cplnt","cyams","LBR",0.003
"cplnt","cyams","NGA",0.003
"cplnt","cyams","PAN",0.003
"cplnt","cyams","RAP",0.003
"cplnt","cyams","RWA",0.003
"cplnt","cyams","TZA",0.003
"cplnt","cyams","VEN",0.003
"cplnt","corat","BOL",0.003
"cplnt","corat","CAF",0.003
"cplnt","corat","CIV",0.003
"cplnt","corat","CMR",0.003
"cplnt","corat","COD",0.003
"cplnt","corat","COG",0.003
"cplnt","corat","COL",0.003
"cplnt","corat","CRB",0.003
"cplnt","corat","CRI",0.003
"cplnt","corat","CUB",0.003
"cplnt","corat","DOM",0.003
"cplnt","corat","ECU",0.003
"cplnt","corat","FJI",0.003
"cplnt","corat","GAB",0.003
"cplnt","corat","GHA",0.003
"cplnt","corat","GIN",0.003
"cplnt","corat","GNB",0.003
"cplnt","corat","GSA",0.003
"cplnt","corat","HND",0.003
"cplnt","corat","HTI",0.003
"cplnt","corat","JAM",0.003
"cplnt","corat","KEN",0.003
"cplnt","corat","LBR",0.003
"cplnt","corat","NGA",0.003
"cplnt","corat","NIC",0.003
"cplnt","corat","OAO",0.003
"cplnt","corat","PAN",0.003
"cplnt","corat","PHL",0.003
"cplnt","corat","RWA",0.003
"cplnt","corat","SLV",0.003
"cplnt","corat","VEN",0.003
"cplnt","cbean","BGD",0.015
"cplnt","cbean","BLZ",0.015
"cplnt","cbean","BOL",0.015
"cplnt","cbean","CIV",0.015
"cplnt","cbean","CMR",0.015
"cplnt","cbean","COD",0.015
"cplnt","cbean","COL",0.015
"cplnt","cbean","CRI",0.015
"cplnt","cbean","CUB",0.015
"cplnt","cbean","DOM",0.015
"cplnt","cbean","ECU",0.015
"cplnt","cbean","GHA",0.015
"cplnt","cbean","GTM",0.015
"cplnt","cbean","HND",0.015
"cplnt","cbean","HTI",0.015
"cplnt","cbean","KEN",0.015
"cplnt","cbean","MMR",0.015
"cplnt","cbean","MWI",0.015
"cplnt","cbean","NIC",0.015
"cplnt","cbean","OBN",0.015
"cplnt","cbean","PAN",0.015
"cplnt","cbean","PHL",0.015
"cplnt","cbean","RWA",0.015
"cplnt","cbean","SLV",0.015
"cplnt","cbean","SPP",0.015
"cplnt","cbean","TZA",0.015
"cplnt","cbean","UGA",0.015
"cplnt","cbean","VEN",0.015
"cplnt","cchkp","BGD",0.015
"cplnt","cchkp","BOL",0.015
"cplnt","cchkp","COL",0.015
"cplnt","cchkp","CRB",0.015
"cplnt","cchkp","DOM",0.015
"cplnt","cchkp","KEN",0.015
"cplnt","cchkp","LKA",0.015
"cplnt","cchkp","MMR",0.015
"cplnt","cchkp","MWI",0.015
"cplnt","cchkp","OBN",0.015
"cplnt","cchkp","PHL",0.015
"cplnt","cchkp","RAP",0.015
"cplnt","cchkp","SPP",0.015
"cplnt","cchkp","TZA",0.015
"cplnt","cchkp","UGA",0.015
"cplnt","cchkp","VEN",0.015
"cplnt","ccowp","CMR",0.015
"cplnt","ccowp","COD",0.015
"cplnt","ccowp","CRB",0.015
"cplnt","ccowp","GNB",0.015
"cplnt","ccowp","GSA",0.015
"cplnt","ccowp","HTI",0.015
"cplnt","ccowp","JAM",0.015
"cplnt","ccowp","KEN",0.015
"cplnt","ccowp","LKA",0.015
"cplnt","ccowp","MMR",0.015
"cplnt","ccowp","MWI",0.015
"cplnt","ccowp","NGA",0.015
"cplnt","ccowp","OBN",0.015
"cplnt","ccowp","PAN",0.015
"cplnt","ccowp","PHL",0.015
"cplnt","ccowp","RAP",0.015
"cplnt","ccowp","TZA",0.015
"cplnt","ccowp","UGA",0.015
"cplnt","clent","BGD",0.015
"cplnt","clent","COL",0.015
"cplnt","clent","ECU",0.015
"cplnt","clent","KEN",0.015
"cplnt","clent","LKA",0.015
"cplnt","clent","MMR",0.015
"cplnt","clent","MWI",0.015
"cplnt","clent","OBN",0.015
"cplnt","clent","PAN",0.015
"cplnt","clent","RAP",0.015
"cplnt","clent","SPP",0.015
"cplnt","clent","VEN",0.015
"cplnt","cpigp","BGD",0.015
"cplnt","cpigp","COD",0.015
"cplnt","cpigp","COL",0.015
"cplnt","cpigp","CRB",0.015
"cplnt","cpigp","DOM",0.015
"cplnt","cpigp","HTI",0.015
"cplnt","cpigp","JAM",0.015
"cplnt","cpigp","KEN",0.015
"cplnt","cpigp","MMR",0.015
"cplnt","cpigp","MWI",0.015
"cplnt","cpigp","PAN",0.015
"cplnt","cpigp","PHL",0.015
"cplnt","cpigp","TZA",0.015
"cplnt","cpigp","UGA",0.015
"cplnt","cpigp","VEN",0.015
"cplnt","copul","BGD",0.015
"cplnt","copul","BLZ",0.015
"cplnt","copul","BOL",0.015
"cplnt","copul","CAF",0.015
"cplnt","copul","CIV",0.015
"cplnt","copul","CMR",0.015
"cplnt","copul","COD",0.015
"cplnt","copul","COG",0.015
"cplnt","copul","COL",0.015
"cplnt","copul","CRB",0.015
"cplnt","copul","CRI",0.015
"cplnt","copul","CUB",0.015
"cplnt","copul","DOM",0.015
"cplnt","copul","ECU",0.015
"cplnt","copul","FJI",0.015
"cplnt","copul","GAB",0.015
"cplnt","copul","GHA",0.015
"cplnt","copul","GIN",0.015
"cplnt","copul","GNB",0.015
"cplnt","copul","GSA",0.015
"cplnt","copul","GTM",0.015
"cplnt","copul","HND",0.015
"cplnt","copul","HTI",0.015
"cplnt","copul","JAM",0.015
"cplnt","copul","KEN",0.015
"cplnt","copul","LBR",0.015
"cplnt","copul","LKA",0.015
"cplnt","copul","MMR",0.015
"cplnt","copul","MWI",0.015
"cplnt","copul","NGA",0.015
"cplnt","copul","NIC",0.015
"cplnt","copul","OAO",0.015
"cplnt","copul","OBN",0.015
"cplnt","copul","PAN",0.015
"cplnt","copul","PHL",0.015
"cplnt","copul","RAP",0.015
"cplnt","copul","RWA",0.015
"cplnt","copul","SLE",0.015
"cplnt","copul","SLV",0.015
"cplnt","copul","SPP",0.015
"cplnt","copul","TZA",0.015
"cplnt","copul","UGA",0.015
"cplnt","copul","VEN",0.015
"cplnt","cbana","BGD",0.015
"cplnt","cbana","BLZ",0.015
"cplnt","cbana","BOL",0.015
"cplnt","cbana","CAF",0.015
"cplnt","cbana","CIV",0.015
"cplnt","cbana","CMR",0.015
"cplnt","cbana","COD",0.015
"cplnt","cbana","COG",0.015
"cplnt","cbana","COL",0.015
"cplnt","cbana","CRB",0.015
"cplnt","cbana","CRI",0.015
"cplnt","cbana","CUB",0.015
"cplnt","cbana","DOM",0.015
"cplnt","cbana","ECU",0.015
"cplnt","cbana","FJI",0.015
"cplnt","cbana","GAB",0.015
"cplnt","cbana","GHA",0.015
"cplnt","cbana","GIN",0.015
"cplnt","cbana","GNB",0.015
"cplnt","cbana","GSA",0.015
"cplnt","cbana","GTM",0.015
"cplnt","cbana","HND",0.015
"cplnt","cbana","HTI",0.015
"cplnt","cbana","JAM",0.015
"cplnt","cbana","KEN",0.015
"cplnt","cbana","LBR",0.015
"cplnt","cbana","MWI",0.015
"cplnt","cbana","NIC",0.015
"cplnt","cbana","OAO",0.015
"cplnt","cbana","OBN",0.015
"cplnt","cbana","PAN",0.015
"cplnt","cbana","PHL",0.015
"cplnt","cbana","RAP",0.015
"cplnt","cbana","RWA",0.015
"cplnt","cbana","SLV",0.015
"cplnt","cbana","SPP",0.015
"cplnt","cbana","TZA",0.015
"cplnt","cbana","VEN",0.015
"cplnt","cplnt","BGD",-0.346241332367182
"cplnt","cplnt","BLZ",-0.238706134269269
"cplnt","cplnt","BOL",-0.238997580824213
"cplnt","cplnt","CAF",-0.347
"cplnt","cplnt","CIV",-0.347
"cplnt","cplnt","CMR",-0.346124879425346
"cplnt","cplnt","COD",-0.346232991962925
"cplnt","cplnt","COG",-0.345563993383097
"cplnt","cplnt","COL",-0.186871812574708
"cplnt","cplnt","CRB",-0.16561507420616
"cplnt","cplnt","CRI",-0.238706134269269
"cplnt","cplnt","CUB",-0.238706134269269
"cplnt","cplnt","DOM",-0.238706134269269
"cplnt","cplnt","ECU",-0.238890916458865
"cplnt","cplnt","FJI",-0.16561507420616
"cplnt","cplnt","GAB",-0.347
"cplnt","cplnt","GHA",-0.346405758957737
"cplnt","cplnt","GIN",-0.346152745946048
"cplnt","cplnt","GNB",-0.347
"cplnt","cplnt","GSA",-0.239242940353518
"cplnt","cplnt","GTM",-0.238706134269269
"cplnt","cplnt","HND",-0.238706134269269
"cplnt","cplnt","HTI",-0.238706134269269
"cplnt","cplnt","JAM",-0.16561507420616
"cplnt","cplnt","KEN",-0.308361691048141
"cplnt","cplnt","LBR",-0.347
"cplnt","cplnt","LKA",-0.336542961078925
"cplnt","cplnt","MMR",-0.299349026149558
"cplnt","cplnt","MWI",-0.375984808634573
"cplnt","cplnt","NGA",-0.306152507681822
"cplnt","cplnt","NIC",-0.238706134269269
"cplnt","cplnt","OAO",-0.16561507420616
"cplnt","cplnt","OBN",-0.24228580765541
"cplnt","cplnt","PAN",-0.238706134269269
"cplnt","cplnt","PHL",-0.346357141797036
"cplnt","cplnt","RAP",-0.36844553309141
"cplnt","cplnt","RWA",-0.308454675804936
"cplnt","cplnt","SLE",-0.345279729841464
"cplnt","cplnt","SLV",-0.238706134269269
"cplnt","cplnt","SPP",-0.354426622315087
"cplnt","cplnt","TZA",-0.308382435761037
"cplnt","cplnt","UGA",-0.307398583751065
"cplnt","cplnt","VEN",-0.239242940353518
"cplnt","csubf","BGD",0.015
"cplnt","csubf","BLZ",0.015
"cplnt","csubf","BOL",0.015
"cplnt","csubf","CAF",0.015
"cplnt","csubf","CIV",0.015
"cplnt","csubf","CMR",0.015
"cplnt","csubf","COD",0.015
"cplnt","csubf","COL",0.015
"cplnt","csubf","CRB",0.015
"cplnt","csubf","CRI",0.015
"cplnt","csubf","CUB",0.015
"cplnt","csubf","DOM",0.015
"cplnt","csubf","ECU",0.015
"cplnt","csubf","FJI",0.015
"cplnt","csubf","GHA",0.015
"cplnt","csubf","GIN",0.015
"cplnt","csubf","GNB",0.015
"cplnt","csubf","GSA",0.015
"cplnt","csubf","GTM",0.015
"cplnt","csubf","HND",0.015
"cplnt","csubf","HTI",0.015
"cplnt","csubf","JAM",0.015
"cplnt","csubf","KEN",0.015
"cplnt","csubf","LBR",0.015
"cplnt","csubf","LKA",0.015
"cplnt","csubf","MWI",0.015
"cplnt","csubf","NGA",0.015
"cplnt","csubf","NIC",0.015
"cplnt","csubf","OBN",0.015
"cplnt","csubf","PAN",0.015
"cplnt","csubf","PHL",0.015
"cplnt","csubf","RAP",0.015
"cplnt","csubf","RWA",0.015
"cplnt","csubf","SLE",0.015
"cplnt","csubf","SLV",0.015
"cplnt","csubf","SPP",0.015
"cplnt","csubf","TZA",0.015
"cplnt","csubf","VEN",0.015
"cplnt","ctemf","BOL",0.015
"cplnt","ctemf","COL",0.015
"cplnt","ctemf","CRI",0.015
"cplnt","ctemf","CUB",0.015
"cplnt","ctemf","ECU",0.015
"cplnt","ctemf","GTM",0.015
"cplnt","ctemf","HND",0.015
"cplnt","ctemf","OBN",0.015
"cplnt","ctemf","PHL",0.015
"cplnt","ctemf","RAP",0.015
"cplnt","ctemf","SLV",0.015
"cplnt","ctemf","SPP",0.015
"cplnt","ctemf","VEN",0.015
"cplnt","cvege","BGD",0.015
"cplnt","cvege","BLZ",0.015
"cplnt","cvege","BOL",0.015
"cplnt","cvege","CAF",0.015
"cplnt","cvege","CIV",0.015
"cplnt","cvege","CMR",0.015
"cplnt","cvege","COD",0.015
"cplnt","cvege","COG",0.015
"cplnt","cvege","COL",0.015
"cplnt","cvege","CRB",0.015
"cplnt","cvege","CRI",0.015
"cplnt","cvege","CUB",0.015
"cplnt","cvege","DOM",0.015
"cplnt","cvege","ECU",0.015
"cplnt","cvege","FJI",0.015
"cplnt","cvege","GAB",0.015
"cplnt","cvege","GHA",0.015
"cplnt","cvege","GIN",0.015
"cplnt","cvege","GNB",0.015
"cplnt","cvege","GSA",0.015
"cplnt","cvege","GTM",0.015
"cplnt","cvege","HND",0.015
"cplnt","cvege","HTI",0.015
"cplnt","cvege","JAM",0.015
"cplnt","cvege","KEN",0.015
"cplnt","cvege","LBR",0.015
"cplnt","cvege","LKA",0.015
"cplnt","cvege","MMR",0.015
"cplnt","cvege","MWI",0.015
"cplnt","cvege","NGA",0.015
"cplnt","cvege","NIC",0.015
"cplnt","cvege","OAO",0.015
"cplnt","cvege","OBN",0.015
"cplnt","cvege","PAN",0.015
"cplnt","cvege","PHL",0.015
"cplnt","cvege","RAP",0.015
"cplnt","cvege","RWA",0.015
"cplnt","cvege","SLE",0.015
"cplnt","cvege","SLV",0.015
"cplnt","cvege","SPP",0.015
"cplnt","cvege","TZA",0.015
"cplnt","cvege","UGA",0.015
"cplnt","cvege","VEN",0.015
"cplnt","csugr","BGD",0.003
"cplnt","csugr","BOL",0.003
"cplnt","csugr","CMR",0.003
"cplnt","csugr","COL",0.003
"cplnt","csugr","CRB",0.003
"cplnt","csugr","CRI",0.003
"cplnt","csugr","ECU",0.003
"cplnt","csugr","FJI",0.003
"cplnt","csugr","GSA",0.003
"cplnt","csugr","GTM",0.003
"cplnt","csugr","HND",0.003
"cplnt","csugr","KEN",0.003
"cplnt","csugr","LKA",0.003
"cplnt","csugr","NIC",0.003
"cplnt","csugr","OBN",0.003
"cplnt","csugr","PAN",0.003
"cplnt","csugr","RAP",0.003
"cplnt","csugr","RWA",0.003
"cplnt","csugr","SLV",0.003
"cplnt","csugr","SPP",0.003
"cplnt","csugr","TZA",0.003
"cplnt","csugr","UGA",0.003
"cplnt","csugr","VEN",0.003
"csubf","cbean","AGO",0.015
"csubf","cbean","ALB",0.015
"csubf","cbean","ARG",0.015
"csubf","cbean","AUS",0.015
"csubf","cbean","AZE",0.015
"csubf","cbean","BEN",0.015
"csubf","cbean","BGD",0.015
"csubf","cbean","BGR",0.015
"csubf","cbean","BLR",0.015
"csubf","cbean","BLZ",0.015
"csubf","cbean","BOL",0.015
"csubf","cbean","BRA",0.015
"csubf","cbean","CAN",0.015
"csubf","cbean","CHL",0.015
"csubf","cbean","CHM",0.015
"csubf","cbean","CIV",0.015
"csubf","cbean","CMR",0.015
"csubf","cbean","COD",0.015
"csubf","cbean","COL",0.015
"csubf","cbean","CRI",0.015
"csubf","cbean","CUB",0.015
"csubf","cbean","DJI",0.015
"csubf","cbean","DOM",0.015
"csubf","cbean","ECU",0.015
"csubf","cbean","EGY",0.015
"csubf","cbean","ETH",0.015
"csubf","cbean","GHA",0.015
"csubf","cbean","GRC",0.015
"csubf","cbean","GTM",0.015
"csubf","cbean","HND",0.015
"csubf","cbean","HTI",0.015
"csubf","cbean","IDN",0.015
"csubf","cbean","IND",0.015
"csubf","cbean","IRN",0.015
"csubf","cbean","IRQ",0.015
"csubf","cbean","JPN",0.015
"csubf","cbean","KEN",0.015
"csubf","cbean","KHM",0.015
"csubf","cbean","KOR",0.015
"csubf","cbean","LAO",0.015
"csubf","cbean","MDG",0.015
"csubf","cbean","MEX",0.015
"csubf","cbean","MLI",0.015
"csubf","cbean","MOR",0.015
"csubf","cbean","MOZ",0.015
"csubf","cbean","MRT",0.015
"csubf","cbean","MWI",0.015
"csubf","cbean","NER",0.015
"csubf","cbean","NIC",0.015
"csubf","cbean","NPL",0.015
"csubf","cbean","OBN",0.015
"csubf","cbean","PAK",0.015
"csubf","cbean","PAN",0.015
"csubf","cbean","PER",0.015
"csubf","cbean","PHL",0.015
"csubf","cbean","PRY",0.015
"csubf","cbean","RWA",0.015
"csubf","cbean","SDN",0.015
"csubf","cbean","SLV",0.015
"csubf","cbean","SOM",0.015
"csubf","cbean","SPP",0.015
"csubf","cbean","SWZ",0.015
"csubf","cbean","TCD",0.015
"csubf","cbean","TGO",0.015
"csubf","cbean","THA",0.015
"csubf","cbean","TUR",0.015
"csubf","cbean","TZA",0.015
"csubf","cbean","UKP",0.015
"csubf","cbean","USA",0.015
"csubf","cbean","VEN",0.015
"csubf","cbean","VNM",0.015
"csubf","cbean","ZAF",0.015
"csubf","cbean","ZWE",0.015
"csubf","cchkp","ARG",0.015
"csubf","cchkp","AUS",0.015
"csubf","cchkp","BGD",0.015
"csubf","cchkp","BGR",0.015
"csubf","cchkp","BOL",0.015
"csubf","cchkp","BTN",0.015
"csubf","cchkp","CAN",0.015
"csubf","cchkp","CHL",0.015
"csubf","cchkp","CHM",0.015
"csubf","cchkp","COL",0.015
"csubf","cchkp","CRB",0.015
"csubf","cchkp","CYP",0.015
"csubf","cchkp","DEU",0.015
"csubf","cchkp","DOM",0.015
"csubf","cchkp","DZA",0.015
"csubf","cchkp","EGY",0.015
"csubf","cchkp","ETH",0.015
"csubf","cchkp","GRC",0.015
"csubf","cchkp","HUN",0.015
"csubf","cchkp","IND",0.015
"csubf","cchkp","IRL",0.015
"csubf","cchkp","IRN",0.015
"csubf","cchkp","IRQ",0.015
"csubf","cchkp","ISR",0.015
"csubf","cchkp","ITP",0.015
"csubf","cchkp","JOR",0.015
"csubf","cchkp","KEN",0.015
"csubf","cchkp","LBN",0.015
"csubf","cchkp","LBY",0.015
"csubf","cchkp","LKA",0.015
"csubf","cchkp","MEX",0.015
"csubf","cchkp","MOR",0.015
"csubf","cchkp","MWI",0.015
"csubf","cchkp","NER",0.015
"csubf","cchkp","NOR",0.015
"csubf","cchkp","NPL",0.015
"csubf","cchkp","OBN",0.015
"csubf","cchkp","PAK",0.015
"csubf","cchkp","PER",0.015
"csubf","cchkp","PHL",0.015
"csubf","cchkp","PRT",0.015
"csubf","cchkp","RAP",0.015
"csubf","cchkp","ROU",0.015
"csubf","cchkp","SAU",0.015
"csubf","cchkp","SDN",0.015
"csubf","cchkp","SPP",0.015
"csubf","cchkp","SVK",0.015
"csubf","cchkp","SYR",0.015
"csubf","cchkp","TGO",0.015
"csubf","cchkp","TUN",0.015
"csubf","cchkp","TUR",0.015
"csubf","cchkp","TZA",0.015
"csubf","cchkp","URY",0.015
"csubf","cchkp","USA",0.015
"csubf","cchkp","UZB",0.015
"csubf","cchkp","VEN",0.015
"csubf","cchkp","YEM",0.015
"csubf","cchkp","ZWE",0.015
"csubf","ccowp","BTN",0.015
"csubf","ccowp","CHM",0.015
"csubf","ccowp","CMR",0.015
"csubf","ccowp","COD",0.015
"csubf","ccowp","CRB",0.015
"csubf","ccowp","CYP",0.015
"csubf","ccowp","EGY",0.015
"csubf","ccowp","GNB",0.015
"csubf","ccowp","GSA",0.015
"csubf","ccowp","HRV",0.015
"csubf","ccowp","HTI",0.015
"csubf","ccowp","IRQ",0.015
"csubf","ccowp","JAM",0.015
"csubf","ccowp","JPN",0.015
"csubf","ccowp","KEN",0.015
"csubf","ccowp","LKA",0.015
"csubf","ccowp","MDG",0.015
"csubf","ccowp","MLI",0.015
"csubf","ccowp","MOZ",0.015
"csubf","ccowp","MRT",0.015
"csubf","ccowp","MWI",0.015
"csubf","ccowp","NER",0.015
"csubf","ccowp","NGA",0.015
"csubf","ccowp","OBN",0.015
"csubf","ccowp","PAN",0.015
"csubf","ccowp","PER",0.015
"csubf","ccowp","PHL",0.015
"csubf","ccowp","RAP",0.015
"csubf","ccowp","SDN",0.015
"csubf","ccowp","SEN",0.015
"csubf","ccowp","SVN",0.015
"csubf","ccowp","SWZ",0.015
"csubf","ccowp","TZA",0.015
"csubf","ccowp","USA",0.015
"csubf","ccowp","YEM",0.015
"csubf","ccowp","ZAF",0.015
"csubf","ccowp","ZWE",0.015
"csubf","clent","ARG",0.015
"csubf","clent","AUS",0.015
"csubf","clent","AUT",0.015
"csubf","clent","AZE",0.015
"csubf","clent","BGD",0.015
"csubf","clent","BGR",0.015
"csubf","clent","BTN",0.015
"csubf","clent","CAN",0.015
"csubf","clent","CHL",0.015
"csubf","clent","CHM",0.015
"csubf","clent","CHP",0.015
"csubf","clent","COL",0.015
"csubf","clent","CYP",0.015
"csubf","clent","CZE",0.015
"csubf","clent","DEU",0.015
"csubf","clent","DNK",0.015
"csubf","clent","DZA",0.015
"csubf","clent","ECU",0.015
"csubf","clent","EGY",0.015
"csubf","clent","ETH",0.015
"csubf","clent","FRP",0.015
"csubf","clent","GRC",0.015
"csubf","clent","HRV",0.015
"csubf","clent","HUN",0.015
"csubf","clent","IND",0.015
"csubf","clent","IRL",0.015
"csubf","clent","IRN",0.015
"csubf","clent","IRQ",0.015
"csubf","clent","ISR",0.015
"csubf","clent","ITP",0.015
"csubf","clent","JOR",0.015
"csubf","clent","KEN",0.015
"csubf","clent","LBN",0.015
"csubf","clent","LBY",0.015
"csubf","clent","LKA",0.015
"csubf","clent","MDG",0.015
"csubf","clent","MEX",0.015
"csubf","clent","MOR",0.015
"csubf","clent","MWI",0.015
"csubf","clent","NOR",0.015
"csubf","clent","NPL",0.015
"csubf","clent","NZL",0.015
"csubf","clent","OBN",0.015
"csubf","clent","PAK",0.015
"csubf","clent","PAN",0.015
"csubf","clent","PER",0.015
"csubf","clent","PRT",0.015
"csubf","clent","RAP",0.015
"csubf","clent","ROU",0.015
"csubf","clent","SAU",0.015
"csubf","clent","SPP",0.015
"csubf","clent","SVK",0.015
"csubf","clent","SVN",0.015
"csubf","clent","SYR",0.015
"csubf","clent","TUN",0.015
"csubf","clent","TUR",0.015
"csubf","clent","UKP",0.015
"csubf","clent","URY",0.015
"csubf","clent","USA",0.015
"csubf","clent","UZB",0.015
"csubf","clent","VEN",0.015
"csubf","clent","YEM",0.015
"csubf","cpigp","BGD",0.015
"csubf","cpigp","BTN",0.015
"csubf","cpigp","COD",0.015
"csubf","cpigp","COL",0.015
"csubf","cpigp","CRB",0.015
"csubf","cpigp","DOM",0.015
"csubf","cpigp","HTI",0.015
"csubf","cpigp","IND",0.015
"csubf","cpigp","JAM",0.015
"csubf","cpigp","KEN",0.015
"csubf","cpigp","MWI",0.015
"csubf","cpigp","NPL",0.015
"csubf","cpigp","PAK",0.015
"csubf","cpigp","PAN",0.015
"csubf","cpigp","PHL",0.015
"csubf","cpigp","TZA",0.015
"csubf","cpigp","VEN",0.015
"csubf","copul","AFG",0.015
"csubf","copul","AGO",0.015
"csubf","copul","ALB",0.015
"csubf","copul","ARG",0.015
"csubf","copul","AUS",0.015
"csubf","copul","AUT",0.015
"csubf","copul","AZE",0.015
"csubf","copul","BEN",0.015
"csubf","copul","BGD",0.015
"csubf","copul","BGR",0.015
"csubf","copul","BLR",0.015
"csubf","copul","BLT",0.015
"csubf","copul","BLX",0.015
"csubf","copul","BLZ",0.015
"csubf","copul","BOL",0.015
"csubf","copul","BRA",0.015
"csubf","copul","BTN",0.015
"csubf","copul","CAF",0.015
"csubf","copul","CAN",0.015
"csubf","copul","CHL",0.015
"csubf","copul","CHM",0.015
"csubf","copul","CHP",0.015
"csubf","copul","CIV",0.015
"csubf","copul","CMR",0.015
"csubf","copul","COD",0.015
"csubf","copul","COL",0.015
"csubf","copul","CRB",0.015
"csubf","copul","CRI",0.015
"csubf","copul","CUB",0.015
"csubf","copul","CYP",0.015
"csubf","copul","CZE",0.015
"csubf","copul","DEU",0.015
"csubf","copul","DJI",0.015
"csubf","copul","DNK",0.015
"csubf","copul","DOM",0.015
"csubf","copul","DZA",0.015
"csubf","copul","ECU",0.015
"csubf","copul","EGY",0.015
"csubf","copul","ETH",0.015
"csubf","copul","FJI",0.015
"csubf","copul","FNP",0.015
"csubf","copul","FRP",0.015
"csubf","copul","GEO",0.015
"csubf","copul","GHA",0.015
"csubf","copul","GIN",0.015
"csubf","copul","GNB",0.015
"csubf","copul","GRC",0.015
"csubf","copul","GSA",0.015
"csubf","copul","GTM",0.015
"csubf","copul","HND",0.015
"csubf","copul","HRV",0.015
"csubf","copul","HTI",0.015
"csubf","copul","HUN",0.015
"csubf","copul","IDN",0.015
"csubf","copul","IND",0.015
"csubf","copul","IRL",0.015
"csubf","copul","IRN",0.015
"csubf","copul","IRQ",0.015
"csubf","copul","ISR",0.015
"csubf","copul","ITP",0.015
"csubf","copul","JAM",0.015
"csubf","copul","JOR",0.015
"csubf","copul","JPN",0.015
"csubf","copul","KEN",0.015
"csubf","copul","KHM",0.015
"csubf","copul","KOR",0.015
"csubf","copul","LAO",0.015
"csubf","copul","LBN",0.015
"csubf","copul","LBR",0.015
"csubf","copul","LBY",0.015
"csubf","copul","LKA",0.015
"csubf","copul","MDG",0.015
"csubf","copul","MEX",0.015
"csubf","copul","MLI",0.015
"csubf","copul","MOR",0.015
"csubf","copul","MOZ",0.015
"csubf","copul","MRT",0.015
"csubf","copul","MWI",0.015
"csubf","copul","NER",0.015
"csubf","copul","NGA",0.015
"csubf","copul","NIC",0.015
"csubf","copul","NLD",0.015
"csubf","copul","NOR",0.015
"csubf","copul","NPL",0.015
"csubf","copul","NZL",0.015
"csubf","copul","OBN",0.015
"csubf","copul","OPO",0.015
"csubf","copul","PAK",0.015
"csubf","copul","PAN",0.015
"csubf","copul","PER",0.015
"csubf","copul","PHL",0.015
"csubf","copul","PNG",0.015
"csubf","copul","POL",0.015
"csubf","copul","PRT",0.015
"csubf","copul","PRY",0.015
"csubf","copul","RAP",0.015
"csubf","copul","ROU",0.015
"csubf","copul","RWA",0.015
"csubf","copul","SAU",0.015
"csubf","copul","SDN",0.015
"csubf","copul","SEN",0.015
"csubf","copul","SLE",0.015
"csubf","copul","SLV",0.015
"csubf","copul","SOM",0.015
"csubf","copul","SPP",0.015
"csubf","copul","SVK",0.015
"csubf","copul","SVN",0.015
"csubf","copul","SWE",0.015
"csubf","copul","SWZ",0.015
"csubf","copul","SYR",0.015
"csubf","copul","TCD",0.015
"csubf","copul","TGO",0.015
"csubf","copul","THA",0.015
"csubf","copul","TUN",0.015
"csubf","copul","TUR",0.015
"csubf","copul","TZA",0.015
"csubf","copul","UKP",0.015
"csubf","copul","URY",0.015
"csubf","copul","USA",0.015
"csubf","copul","UZB",0.015
"csubf","copul","VEN",0.015
"csubf","copul","VNM",0.015
"csubf","copul","YEM",0.015
"csubf","copul","ZAF",0.015
"csubf","copul","ZMB",0.015
"csubf","copul","ZWE",0.015
"csubf","cbana","AGO",0.015
"csubf","cbana","ALB",0.015
"csubf","cbana","ARG",0.015
"csubf","cbana","AUS",0.015
"csubf","cbana","AUT",0.015
"csubf","cbana","BEN",0.015
"csubf","cbana","BGD",0.015
"csubf","cbana","BGR",0.015
"csubf","cbana","BLR",0.015
"csubf","cbana","BLT",0.015
"csubf","cbana","BLZ",0.015
"csubf","cbana","BOL",0.015
"csubf","cbana","BRA",0.015
"csubf","cbana","CAF",0.015
"csubf","cbana","CAN",0.015
"csubf","cbana","CHL",0.015
"csubf","cbana","CHM",0.015
"csubf","cbana","CHP",0.015
"csubf","cbana","CIV",0.015
"csubf","cbana","CMR",0.015
"csubf","cbana","COD",0.015
"csubf","cbana","COL",0.015
"csubf","cbana","CRB",0.015
"csubf","cbana","CRI",0.015
"csubf","cbana","CUB",0.015
"csubf","cbana","CYP",0.015
"csubf","cbana","CZE",0.015
"csubf","cbana","DEU",0.015
"csubf","cbana","DNK",0.015
"csubf","cbana","DOM",0.015
"csubf","cbana","DZA",0.015
"csubf","cbana","ECU",0.015
"csubf","cbana","EGY",0.015
"csubf","cbana","ETH",0.015
"csubf","cbana","FJI",0.015
"csubf","cbana","FNP",0.015
"csubf","cbana","FRP",0.015
"csubf","cbana","GHA",0.015
"csubf","cbana","GIN",0.015
"csubf","cbana","GNB",0.015
"csubf","cbana","GSA",0.015
"csubf","cbana","GTM",0.015
"csubf","cbana","HND",0.015
"csubf","cbana","HRV",0.015
"csubf","cbana","HTI",0.015
"csubf","cbana","HUN",0.015
"csubf","cbana","IDN",0.015
"csubf","cbana","IND",0.015
"csubf","cbana","IRL",0.015
"csubf","cbana","IRN",0.015
"csubf","cbana","IRQ",0.015
"csubf","cbana","ISR",0.015
"csubf","cbana","JAM",0.015
"csubf","cbana","JOR",0.015
"csubf","cbana","JPN",0.015
"csubf","cbana","KEN",0.015
"csubf","cbana","KHM",0.015
"csubf","cbana","KOR",0.015
"csubf","cbana","LAO",0.015
"csubf","cbana","LBN",0.015
"csubf","cbana","LBR",0.015
"csubf","cbana","LBY",0.015
"csubf","cbana","MDG",0.015
"csubf","cbana","MEX",0.015
"csubf","cbana","MLI",0.015
"csubf","cbana","MOR",0.015
"csubf","cbana","MOZ",0.015
"csubf","cbana","MWI",0.015
"csubf","cbana","MYS",0.015
"csubf","cbana","NIC",0.015
"csubf","cbana","NLD",0.015
"csubf","cbana","NOR",0.015
"csubf","cbana","NPL",0.015
"csubf","cbana","NZL",0.015
"csubf","cbana","OBN",0.015
"csubf","cbana","OPO",0.015
"csubf","cbana","PAK",0.015
"csubf","cbana","PAN",0.015
"csubf","cbana","PER",0.015
"csubf","cbana","PHL",0.015
"csubf","cbana","PNG",0.015
"csubf","cbana","POL",0.015
"csubf","cbana","PRT",0.015
"csubf","cbana","PRY",0.015
"csubf","cbana","RAP",0.015
"csubf","cbana","ROU",0.015
"csubf","cbana","RWA",0.015
"csubf","cbana","SAU",0.015
"csubf","cbana","SDN",0.015
"csubf","cbana","SEN",0.015
"csubf","cbana","SLV",0.015
"csubf","cbana","SOM",0.015
"csubf","cbana","SPP",0.015
"csubf","cbana","SVK",0.015
"csubf","cbana","SVN",0.015
"csubf","cbana","SWE",0.015
"csubf","cbana","SWZ",0.015
"csubf","cbana","SYR",0.015
"csubf","cbana","TGO",0.015
"csubf","cbana","THA",0.015
"csubf","cbana","TUN",0.015
"csubf","cbana","TUR",0.015
"csubf","cbana","TZA",0.015
"csubf","cbana","UKP",0.015
"csubf","cbana","URY",0.015
"csubf","cbana","USA",0.015
"csubf","cbana","VEN",0.015
"csubf","cbana","VNM",0.015
"csubf","cbana","YEM",0.015
"csubf","cbana","ZAF",0.015
"csubf","cbana","ZMB",0.015
"csubf","cbana","ZWE",0.015
"csubf","cplnt","BGD",0.015
"csubf","cplnt","BLZ",0.015
"csubf","cplnt","BOL",0.015
"csubf","cplnt","CAF",0.015
"csubf","cplnt","CIV",0.015
"csubf","cplnt","CMR",0.015
"csubf","cplnt","COD",0.015
"csubf","cplnt","COL",0.015
"csubf","cplnt","CRB",0.015
"csubf","cplnt","CRI",0.015
"csubf","cplnt","CUB",0.015
"csubf","cplnt","DOM",0.015
"csubf","cplnt","ECU",0.015
"csubf","cplnt","FJI",0.015
"csubf","cplnt","GHA",0.015
"csubf","cplnt","GIN",0.015
"csubf","cplnt","GNB",0.015
"csubf","cplnt","GSA",0.015
"csubf","cplnt","GTM",0.015
"csubf","cplnt","HND",0.015
"csubf","cplnt","HTI",0.015
"csubf","cplnt","JAM",0.015
"csubf","cplnt","KEN",0.015
"csubf","cplnt","LBR",0.015
"csubf","cplnt","LKA",0.015
"csubf","cplnt","MWI",0.015
"csubf","cplnt","NGA",0.015
"csubf","cplnt","NIC",0.015
"csubf","cplnt","OBN",0.015
"csubf","cplnt","PAN",0.015
"csubf","cplnt","PHL",0.015
"csubf","cplnt","RAP",0.015
"csubf","cplnt","RWA",0.015
"csubf","cplnt","SLE",0.015
"csubf","cplnt","SLV",0.015
"csubf","cplnt","SPP",0.015
"csubf","cplnt","TZA",0.015
"csubf","cplnt","VEN",0.015
"csubf","csubf","AFG",-0.3375
"csubf","csubf","AGO",-0.374137416991231
"csubf","csubf","ALB",-0.24228580765541
"csubf","csubf","ARG",-0.368936183558995
"csubf","csubf","AUS",-0.330220142017405
"csubf","csubf","AUT",-0.355444889303409
"csubf","csubf","AZE",-0.202122666503381
"csubf","csubf","BEN",-0.346413120628624
"csubf","csubf","BGD",-0.346241332367182
"csubf","csubf","BGR",-0.242374974087462
"csubf","csubf","BLR",-0.203191631494978
"csubf","csubf","BLT",-0.203191631494978
"csubf","csubf","BLX",-0.35481840537748
"csubf","csubf","BLZ",-0.238706134269269
"csubf","csubf","BOL",-0.238997580824213
"csubf","csubf","BRA",-0.276675460732975
"csubf","csubf","BTN",-0.333686820698456
"csubf","csubf","CAF",-0.347
"csubf","csubf","CAN",-0.414868337871843
"csubf","csubf","CHL",-0.239055115751652
"csubf","csubf","CHM",-0.349776668948272
"csubf","csubf","CHP",-0.355444889303409
"csubf","csubf","CIV",-0.347
"csubf","csubf","CMR",-0.346124879425346
"csubf","csubf","COD",-0.346232991962925
"csubf","csubf","COL",-0.186871812574708
"csubf","csubf","CRB",-0.16561507420616
"csubf","csubf","CRI",-0.238706134269269
"csubf","csubf","CUB",-0.238706134269269
"csubf","csubf","CYP",-0.368941946238806
"csubf","csubf","CZE",-0.242374974087462
"csubf","csubf","DEU",-0.355213521167889
"csubf","csubf","DJI",-0.308197740707987
"csubf","csubf","DNK",-0.355149038098923
"csubf","csubf","DOM",-0.238706134269269
"csubf","csubf","DZA",-0.36501863999594
"csubf","csubf","ECU",-0.238890916458865
"csubf","csubf","EGY",-0.411148502634584
"csubf","csubf","ETH",-0.263125333103374
"csubf","csubf","FJI",-0.16561507420616
"csubf","csubf","FNP",-0.355149038098923
"csubf","csubf","FRP",-0.354831145707927
"csubf","csubf","GEO",-0.202122666503381
"csubf","csubf","GHA",-0.346405758957737
"csubf","csubf","GIN",-0.346152745946048
"csubf","csubf","GNB",-0.347
"csubf","csubf","GRC",-0.24228580765541
"csubf","csubf","GSA",-0.239242940353518
"csubf","csubf","GTM",-0.238706134269269
"csubf","csubf","HND",-0.238706134269269
"csubf","csubf","HRV",-0.24228580765541
"csubf","csubf","HTI",-0.238706134269269
"csubf","csubf","HUN",-0.242374974087462
"csubf","csubf","IDN",-0.36972498419635
"csubf","csubf","IND",-0.331303406791012
"csubf","csubf","IRL",-0.353576269766819
"csubf","csubf","IRN",-0.367474845774337
"csubf","csubf","IRQ",-0.37
"csubf","csubf","ISR",-0.414420860055951
"csubf","csubf","ITP",-0.355648075136567
"csubf","csubf","JAM",-0.16561507420616
"csubf","csubf","JOR",-0.36757807367539
"csubf","csubf","JPN",-0.253175233507644
"csubf","csubf","KEN",-0.308361691048141
"csubf","csubf","KHM",-0.299194868971424
"csubf","csubf","KOR",-0.389344046537596
"csubf","csubf","LAO",-0.299194868971424
"csubf","csubf","LBN",-0.36670351351695
"csubf","csubf","LBR",-0.347
"csubf","csubf","LBY",-0.365251276566409
"csubf","csubf","LKA",-0.336542961078925
"csubf","csubf","MDG",-0.376
"csubf","csubf","MEX",-0.292013612580878
"csubf","csubf","MLI",-0.262806239861739
"csubf","csubf","MOR",-0.3680220438627
"csubf","csubf","MOZ",-0.374812133435043
"csubf","csubf","MRT",-0.262908274013208
"csubf","csubf","MWI",-0.375984808634573
"csubf","csubf","MYS",-0.277129608988859
"csubf","csubf","NER",-0.263297097371756
"csubf","csubf","NGA",-0.306152507681822
"csubf","csubf","NIC",-0.238706134269269
"csubf","csubf","NLD",-0.355510971392745
"csubf","csubf","NOR",-0.355149038098923
"csubf","csubf","NPL",-0.336722236293629
"csubf","csubf","NZL",-0.416172664315061
"csubf","csubf","OBN",-0.24228580765541
"csubf","csubf","OPO",-0.16561507420616
"csubf","csubf","PAK",-0.352979529142842
"csubf","csubf","PAN",-0.238706134269269
"csubf","csubf","PER",-0.238996325391246
"csubf","csubf","PHL",-0.346357141797036
"csubf","csubf","PNG",-0.166
"csubf","csubf","POL",-0.242765183656167
"csubf","csubf","PRT",-0.354426622315087
"csubf","csubf","PRY",-0.238997580824213
"csubf","csubf","RAP",-0.36844553309141
"csubf","csubf","ROU",-0.242374974087462
"csubf","csubf","RWA",-0.308454675804936
"csubf","csubf","SAU",-0.36844553309141
"csubf","csubf","SDN",-0.261324606153686
"csubf","csubf","SEN",-0.346501203360668
"csubf","csubf","SLE",-0.345279729841464
"csubf","csubf","SLV",-0.238706134269269
"csubf","csubf","SOM",-0.2635
"csubf","csubf","SPP",-0.354426622315087
"csubf","csubf","SVK",-0.242374974087462
"csubf","csubf","SVN",-0.24228580765541
"csubf","csubf","SWE",-0.355149038098923
"csubf","csubf","SWZ",-0.375792780866215
"csubf","csubf","SYR",-0.368343586470471
"csubf","csubf","TCD",-0.262162006294545
"csubf","csubf","TGO",-0.347
"csubf","csubf","THA",-0.31096151295888
"csubf","csubf","TUN",-0.365983026880136
"csubf","csubf","TUR",-0.412631490670017
"csubf","csubf","TZA",-0.308382435761037
"csubf","csubf","UKP",-0.353576269766819
"csubf","csubf","URY",-0.239083700319197
"csubf","csubf","USA",-0.395950828780335
"csubf","csubf","UZB",-0.276067637678521
"csubf","csubf","VEN",-0.239242940353518
"csubf","csubf","VNM",-0.337120179272669
"csubf","csubf","YEM",-0.36844553309141
"csubf","csubf","ZAF",-0.415218879865444
"csubf","csubf","ZMB",-0.375325842270388
"csubf","csubf","ZWE",-0.376
"csubf","ctemf","AFG",0.015
"csubf","ctemf","ALB",0.015
"csubf","ctemf","ARG",0.015
"csubf","ctemf","AUS",0.015
"csubf","ctemf","AUT",0.015
"csubf","ctemf","AZE",0.015
"csubf","ctemf","BGR",0.015
"csubf","ctemf","BLR",0.015
"csubf","ctemf","BLT",0.015
"csubf","ctemf","BLX",0.015
"csubf","ctemf","BOL",0.015
"csubf","ctemf","BRA",0.015
"csubf","ctemf","BTN",0.015
"csubf","ctemf","CAN",0.015
"csubf","ctemf","CHL",0.015
"csubf","ctemf","CHM",0.015
"csubf","ctemf","CHP",0.015
"csubf","ctemf","COL",0.015
"csubf","ctemf","CRI",0.015
"csubf","ctemf","CUB",0.015
"csubf","ctemf","CYP",0.015
"csubf","ctemf","CZE",0.015
"csubf","ctemf","DEU",0.015
"csubf","ctemf","DNK",0.015
"csubf","ctemf","DZA",0.015
"csubf","ctemf","ECU",0.015
"csubf","ctemf","EGY",0.015
"csubf","ctemf","ETH",0.015
"csubf","ctemf","FNP",0.015
"csubf","ctemf","FRP",0.015
"csubf","ctemf","GEO",0.015
"csubf","ctemf","GRC",0.015
"csubf","ctemf","GTM",0.015
"csubf","ctemf","HND",0.015
"csubf","ctemf","HRV",0.015
"csubf","ctemf","HUN",0.015
"csubf","ctemf","IDN",0.015
"csubf","ctemf","IND",0.015
"csubf","ctemf","IRL",0.015
"csubf","ctemf","IRN",0.015
"csubf","ctemf","IRQ",0.015
"csubf","ctemf","ISR",0.015
"csubf","ctemf","ITP",0.015
"csubf","ctemf","JOR",0.015
"csubf","ctemf","JPN",0.015
"csubf","ctemf","KOR",0.015
"csubf","ctemf","LBN",0.015
"csubf","ctemf","LBY",0.015
"csubf","ctemf","MDG",0.015
"csubf","ctemf","MEX",0.015
"csubf","ctemf","MOR",0.015
"csubf","ctemf","MYS",0.015
"csubf","ctemf","NLD",0.015
"csubf","ctemf","NOR",0.015
"csubf","ctemf","NPL",0.015
"csubf","ctemf","NZL",0.015
"csubf","ctemf","OBN",0.015
"csubf","ctemf","PAK",0.015
"csubf","ctemf","PER",0.015
"csubf","ctemf","PHL",0.015
"csubf","ctemf","POL",0.015
"csubf","ctemf","PRT",0.015
"csubf","ctemf","PRY",0.015
"csubf","ctemf","RAP",0.015
"csubf","ctemf","ROU",0.015
"csubf","ctemf","SAU",0.015
"csubf","ctemf","SEN",0.015
"csubf","ctemf","SLV",0.015
"csubf","ctemf","SPP",0.015
"csubf","ctemf","SVK",0.015
"csubf","ctemf","SVN",0.015
"csubf","ctemf","SWE",0.015
"csubf","ctemf","SWZ",0.015
"csubf","ctemf","SYR",0.015
"csubf","ctemf","THA",0.015
"csubf","ctemf","TUN",0.015
"csubf","ctemf","TUR",0.015
"csubf","ctemf","UKP",0.015
"csubf","ctemf","URY",0.015
"csubf","ctemf","USA",0.015
"csubf","ctemf","UZB",0.015
"csubf","ctemf","VEN",0.015
"csubf","ctemf","VNM",0.015
"csubf","ctemf","YEM",0.015
"csubf","ctemf","ZAF",0.015
"csubf","ctemf","ZMB",0.015
"csubf","ctemf","ZWE",0.015
"csubf","cvege","AFG",0.015
"csubf","cvege","AGO",0.015
"csubf","cvege","ALB",0.015
"csubf","cvege","ARG",0.015
"csubf","cvege","AUS",0.015
"csubf","cvege","AUT",0.015
"csubf","cvege","AZE",0.015
"csubf","cvege","BEN",0.015
"csubf","cvege","BGD",0.015
"csubf","cvege","BGR",0.015
"csubf","cvege","BLR",0.015
"csubf","cvege","BLT",0.015
"csubf","cvege","BLX",0.015
"csubf","cvege","BLZ",0.015
"csubf","cvege","BOL",0.015
"csubf","cvege","BRA",0.015
"csubf","cvege","BTN",0.015
"csubf","cvege","CAF",0.015
"csubf","cvege","CAN",0.015
"csubf","cvege","CHL",0.015
"csubf","cvege","CHM",0.015
"csubf","cvege","CHP",0.015
"csubf","cvege","CIV",0.015
"csubf","cvege","CMR",0.015
"csubf","cvege","COD",0.015
"csubf","cvege","COL",0.015
"csubf","cvege","CRB",0.015
"csubf","cvege","CRI",0.015
"csubf","cvege","CUB",0.015
"csubf","cvege","CYP",0.015
"csubf","cvege","CZE",0.015
"csubf","cvege","DEU",0.015
"csubf","cvege","DJI",0.015
"csubf","cvege","DNK",0.015
"csubf","cvege","DOM",0.015
"csubf","cvege","DZA",0.015
"csubf","cvege","ECU",0.015
"csubf","cvege","EGY",0.015
"csubf","cvege","ETH",0.015
"csubf","cvege","FJI",0.015
"csubf","cvege","FNP",0.015
"csubf","cvege","FRP",0.015
"csubf","cvege","GEO",0.015
"csubf","cvege","GHA",0.015
"csubf","cvege","GIN",0.015
"csubf","cvege","GNB",0.015
"csubf","cvege","GRC",0.015
"csubf","cvege","GSA",0.015
"csubf","cvege","GTM",0.015
"csubf","cvege","HND",0.015
"csubf","cvege","HRV",0.015
"csubf","cvege","HTI",0.015
"csubf","cvege","HUN",0.015
"csubf","cvege","IDN",0.015
"csubf","cvege","IND",0.015
"csubf","cvege","IRL",0.015
"csubf","cvege","IRN",0.015
"csubf","cvege","IRQ",0.015
"csubf","cvege","ISR",0.015
"csubf","cvege","ITP",0.015
"csubf","cvege","JAM",0.015
"csubf","cvege","JOR",0.015
"csubf","cvege","JPN",0.015
"csubf","cvege","KEN",0.015
"csubf","cvege","KHM",0.015
"csubf","cvege","KOR",0.015
"csubf","cvege","LAO",0.015
"csubf","cvege","LBN",0.015
"csubf","cvege","LBR",0.015
"csubf","cvege","LBY",0.015
"csubf","cvege","LKA",0.015
"csubf","cvege","MDG",0.015
"csubf","cvege","MEX",0.015
"csubf","cvege","MLI",0.015
"csubf","cvege","MOR",0.015
"csubf","cvege","MOZ",0.015
"csubf","cvege","MRT",0.015
"csubf","cvege","MWI",0.015
"csubf","cvege","MYS",0.015
"csubf","cvege","NER",0.015
"csubf","cvege","NGA",0.015
"csubf","cvege","NIC",0.015
"csubf","cvege","NLD",0.015
"csubf","cvege","NOR",0.015
"csubf","cvege","NPL",0.015
"csubf","cvege","NZL",0.015
"csubf","cvege","OBN",0.015
"csubf","cvege","OPO",0.015
"csubf","cvege","PAK",0.015
"csubf","cvege","PAN",0.015
"csubf","cvege","PER",0.015
"csubf","cvege","PHL",0.015
"csubf","cvege","PNG",0.015
"csubf","cvege","POL",0.015
"csubf","cvege","PRT",0.015
"csubf","cvege","PRY",0.015
"csubf","cvege","RAP",0.015
"csubf","cvege","ROU",0.015
"csubf","cvege","RWA",0.015
"csubf","cvege","SAU",0.015
"csubf","cvege","SDN",0.015
"csubf","cvege","SEN",0.015
"csubf","cvege","SLE",0.015
"csubf","cvege","SLV",0.015
"csubf","cvege","SOM",0.015
"csubf","cvege","SPP",0.015
"csubf","cvege","SVK",0.015
"csubf","cvege","SVN",0.015
"csubf","cvege","SWE",0.015
"csubf","cvege","SWZ",0.015
"csubf","cvege","SYR",0.015
"csubf","cvege","TCD",0.015
"csubf","cvege","TGO",0.015
"csubf","cvege","THA",0.015
"csubf","cvege","TUN",0.015
"csubf","cvege","TUR",0.015
"csubf","cvege","TZA",0.015
"csubf","cvege","UKP",0.015
"csubf","cvege","URY",0.015
"csubf","cvege","USA",0.015
"csubf","cvege","UZB",0.015
"csubf","cvege","VEN",0.015
"csubf","cvege","VNM",0.015
"csubf","cvege","YEM",0.015
"csubf","cvege","ZAF",0.015
"csubf","cvege","ZMB",0.015
"csubf","cvege","ZWE",0.015
"ctemf","cbean","ALB",0.015
"ctemf","cbean","ARG",0.015
"ctemf","cbean","AUS",0.015
"ctemf","cbean","AZE",0.015
"ctemf","cbean","BGR",0.015
"ctemf","cbean","BLR",0.015
"ctemf","cbean","BOL",0.015
"ctemf","cbean","BRA",0.015
"ctemf","cbean","CAN",0.015
"ctemf","cbean","CHL",0.015
"ctemf","cbean","CHM",0.015
"ctemf","cbean","COL",0.015
"ctemf","cbean","CRI",0.015
"ctemf","cbean","CUB",0.015
"ctemf","cbean","ECU",0.015
"ctemf","cbean","EGY",0.015
"ctemf","cbean","ETH",0.015
"ctemf","cbean","GRC",0.015
"ctemf","cbean","GTM",0.015
"ctemf","cbean","HND",0.015
"ctemf","cbean","IDN",0.015
"ctemf","cbean","IND",0.015
"ctemf","cbean","IRN",0.015
"ctemf","cbean","IRQ",0.015
"ctemf","cbean","JPN",0.015
"ctemf","cbean","KAZ",0.015
"ctemf","cbean","KGZ",0.015
"ctemf","cbean","KOR",0.015
"ctemf","cbean","MDA",0.015
"ctemf","cbean","MDG",0.015
"ctemf","cbean","MEX",0.015
"ctemf","cbean","MOR",0.015
"ctemf","cbean","NPL",0.015
"ctemf","cbean","OBN",0.015
"ctemf","cbean","PAK",0.015
"ctemf","cbean","PER",0.015
"ctemf","cbean","PHL",0.015
"ctemf","cbean","PRY",0.015
"ctemf","cbean","RUS",0.015
"ctemf","cbean","SLV",0.015
"ctemf","cbean","SPP",0.015
"ctemf","cbean","SWZ",0.015
"ctemf","cbean","THA",0.015
"ctemf","cbean","TJK",0.015
"ctemf","cbean","TUR",0.015
"ctemf","cbean","UKP",0.015
"ctemf","cbean","UKR",0.015
"ctemf","cbean","USA",0.015
"ctemf","cbean","VEN",0.015
"ctemf","cbean","VNM",0.015
"ctemf","cbean","ZAF",0.015
"ctemf","cbean","ZWE",0.015
"ctemf","cchkp","ARG",0.015
"ctemf","cchkp","AUS",0.015
"ctemf","cchkp","BGR",0.015
"ctemf","cchkp","BOL",0.015
"ctemf","cchkp","BTN",0.015
"ctemf","cchkp","CAN",0.015
"ctemf","cchkp","CHL",0.015
"ctemf","cchkp","CHM",0.015
"ctemf","cchkp","COL",0.015
"ctemf","cchkp","CYP",0.015
"ctemf","cchkp","DEU",0.015
"ctemf","cchkp","DZA",0.015
"ctemf","cchkp","EGY",0.015
"ctemf","cchkp","ETH",0.015
"ctemf","cchkp","GRC",0.015
"ctemf","cchkp","HUN",0.015
"ctemf","cchkp","IND",0.015
"ctemf","cchkp","IRL",0.015
"ctemf","cchkp","IRN",0.015
"ctemf","cchkp","IRQ",0.015
"ctemf","cchkp","ISR",0.015
"ctemf","cchkp","ITP",0.015
"ctemf","cchkp","JOR",0.015
"ctemf","cchkp","KAZ",0.015
"ctemf","cchkp","LBN",0.015
"ctemf","cchkp","LBY",0.015
"ctemf","cchkp","MDA",0.015
"ctemf","cchkp","MEX",0.015
"ctemf","cchkp","MOR",0.015
"ctemf","cchkp","NOR",0.015
"ctemf","cchkp","NPL",0.015
"ctemf","cchkp","OBN",0.015
"ctemf","cchkp","PAK",0.015
"ctemf","cchkp","PER",0.015
"ctemf","cchkp","PHL",0.015
"ctemf","cchkp","PRT",0.015
"ctemf","cchkp","RAP",0.015
"ctemf","cchkp","ROU",0.015
"ctemf","cchkp","RUS",0.015
"ctemf","cchkp","SAU",0.015
"ctemf","cchkp","SPP",0.015
"ctemf","cchkp","SVK",0.015
"ctemf","cchkp","SYR",0.015
"ctemf","cchkp","TUN",0.015
"ctemf","cchkp","TUR",0.015
"ctemf","cchkp","URY",0.015
"ctemf","cchkp","USA",0.015
"ctemf","cchkp","UZB",0.015
"ctemf","cchkp","VEN",0.015
"ctemf","cchkp","YEM",0.015
"ctemf","cchkp","ZWE",0.015
"ctemf","ccowp","BTN",0.015
"ctemf","ccowp","CHM",0.015
"ctemf","ccowp","CYP",0.015
"ctemf","ccowp","EGY",0.015
"ctemf","ccowp","HRV",0.015
"ctemf","ccowp","IRQ",0.015
"ctemf","ccowp","JPN",0.015
"ctemf","ccowp","MDG",0.015
"ctemf","ccowp","OBN",0.015
"ctemf","ccowp","PER",0.015
"ctemf","ccowp","PHL",0.015
"ctemf","ccowp","RAP",0.015
"ctemf","ccowp","SEN",0.015
"ctemf","ccowp","SVN",0.015
"ctemf","ccowp","SWZ",0.015
"ctemf","ccowp","USA",0.015
"ctemf","ccowp","YEM",0.015
"ctemf","ccowp","ZAF",0.015
"ctemf","ccowp","ZWE",0.015
"ctemf","clent","ARG",0.015
"ctemf","clent","ARM",0.015
"ctemf","clent","AUS",0.015
"ctemf","clent","AUT",0.015
"ctemf","clent","AZE",0.015
"ctemf","clent","BGR",0.015
"ctemf","clent","BTN",0.015
"ctemf","clent","CAN",0.015
"ctemf","clent","CHL",0.015
"ctemf","clent","CHM",0.015
"ctemf","clent","CHP",0.015
"ctemf","clent","COL",0.015
"ctemf","clent","CYP",0.015
"ctemf","clent","CZE",0.015
"ctemf","clent","DEU",0.015
"ctemf","clent","DNK",0.015
"ctemf","clent","DZA",0.015
"ctemf","clent","ECU",0.015
"ctemf","clent","EGY",0.015
"ctemf","clent","ETH",0.015
"ctemf","clent","FRP",0.015
"ctemf","clent","GRC",0.015
"ctemf","clent","HRV",0.015
"ctemf","clent","HUN",0.015
"ctemf","clent","IND",0.015
"ctemf","clent","IRL",0.015
"ctemf","clent","IRN",0.015
"ctemf","clent","IRQ",0.015
"ctemf","clent","ISR",0.015
"ctemf","clent","ITP",0.015
"ctemf","clent","JOR",0.015
"ctemf","clent","KAZ",0.015
"ctemf","clent","LBN",0.015
"ctemf","clent","LBY",0.015
"ctemf","clent","MDG",0.015
"ctemf","clent","MEX",0.015
"ctemf","clent","MOR",0.015
"ctemf","clent","NOR",0.015
"ctemf","clent","NPL",0.015
"ctemf","clent","NZL",0.015
"ctemf","clent","OBN",0.015
"ctemf","clent","OIO",0.015
"ctemf","clent","PAK",0.015
"ctemf","clent","PER",0.015
"ctemf","clent","PRT",0.015
"ctemf","clent","RAP",0.015
"ctemf","clent","ROU",0.015
"ctemf","clent","RUS",0.015
"ctemf","clent","SAU",0.015
"ctemf","clent","SPP",0.015
"ctemf","clent","SVK",0.015
"ctemf","clent","SVN",0.015
"ctemf","clent","SYR",0.015
"ctemf","clent","TJK",0.015
"ctemf","clent","TUN",0.015
"ctemf","clent","TUR",0.015
"ctemf","clent","UKP",0.015
"ctemf","clent","UKR",0.015
"ctemf","clent","URY",0.015
"ctemf","clent","USA",0.015
"ctemf","clent","UZB",0.015
"ctemf","clent","VEN",0.015
"ctemf","clent","YEM",0.015
"ctemf","cpigp","BTN",0.015
"ctemf","cpigp","COL",0.015
"ctemf","cpigp","IND",0.015
"ctemf","cpigp","NPL",0.015
"ctemf","cpigp","OIO",0.015
"ctemf","cpigp","PAK",0.015
"ctemf","cpigp","PHL",0.015
"ctemf","cpigp","VEN",0.015
"ctemf","copul","AFG",0.015
"ctemf","copul","ALB",0.015
"ctemf","copul","ARG",0.015
"ctemf","copul","ARM",0.015
"ctemf","copul","AUS",0.015
"ctemf","copul","AUT",0.015
"ctemf","copul","AZE",0.015
"ctemf","copul","BGR",0.015
"ctemf","copul","BLR",0.015
"ctemf","copul","BLT",0.015
"ctemf","copul","BLX",0.015
"ctemf","copul","BOL",0.015
"ctemf","copul","BRA",0.015
"ctemf","copul","BTN",0.015
"ctemf","copul","CAN",0.015
"ctemf","copul","CHL",0.015
"ctemf","copul","CHM",0.015
"ctemf","copul","CHP",0.015
"ctemf","copul","COL",0.015
"ctemf","copul","CRI",0.015
"ctemf","copul","CUB",0.015
"ctemf","copul","CYP",0.015
"ctemf","copul","CZE",0.015
"ctemf","copul","DEU",0.015
"ctemf","copul","DNK",0.015
"ctemf","copul","DZA",0.015
"ctemf","copul","ECU",0.015
"ctemf","copul","EGY",0.015
"ctemf","copul","ETH",0.015
"ctemf","copul","FNP",0.015
"ctemf","copul","FRP",0.015
"ctemf","copul","GEO",0.015
"ctemf","copul","GRC",0.015
"ctemf","copul","GTM",0.015
"ctemf","copul","HND",0.015
"ctemf","copul","HRV",0.015
"ctemf","copul","HUN",0.015
"ctemf","copul","IDN",0.015
"ctemf","copul","IND",0.015
"ctemf","copul","IRL",0.015
"ctemf","copul","IRN",0.015
"ctemf","copul","IRQ",0.015
"ctemf","copul","ISR",0.015
"ctemf","copul","ITP",0.015
"ctemf","copul","JOR",0.015
"ctemf","copul","JPN",0.015
"ctemf","copul","KAZ",0.015
"ctemf","copul","KGZ",0.015
"ctemf","copul","KOR",0.015
"ctemf","copul","LBN",0.015
"ctemf","copul","LBY",0.015
"ctemf","copul","MDA",0.015
"ctemf","copul","MDG",0.015
"ctemf","copul","MEX",0.015
"ctemf","copul","MNG",0.015
"ctemf","copul","MOR",0.015
"ctemf","copul","NAM",0.015
"ctemf","copul","NLD",0.015
"ctemf","copul","NOR",0.015
"ctemf","copul","NPL",0.015
"ctemf","copul","NZL",0.015
"ctemf","copul","OBN",0.015
"ctemf","copul","OIO",0.015
"ctemf","copul","PAK",0.015
"ctemf","copul","PER",0.015
"ctemf","copul","PHL",0.015
"ctemf","copul","POL",0.015
"ctemf","copul","PRT",0.015
"ctemf","copul","PRY",0.015
"ctemf","copul","RAP",0.015
"ctemf","copul","ROU",0.015
"ctemf","copul","RUS",0.015
"ctemf","copul","SAU",0.015
"ctemf","copul","SEN",0.015
"ctemf","copul","SLV",0.015
"ctemf","copul","SPP",0.015
"ctemf","copul","SVK",0.015
"ctemf","copul","SVN",0.015
"ctemf","copul","SWE",0.015
"ctemf","copul","SWZ",0.015
"ctemf","copul","SYR",0.015
"ctemf","copul","THA",0.015
"ctemf","copul","TJK",0.015
"ctemf","copul","TKM",0.015
"ctemf","copul","TUN",0.015
"ctemf","copul","TUR",0.015
"ctemf","copul","UKP",0.015
"ctemf","copul","UKR",0.015
"ctemf","copul","URY",0.015
"ctemf","copul","USA",0.015
"ctemf","copul","UZB",0.015
"ctemf","copul","VEN",0.015
"ctemf","copul","VNM",0.015
"ctemf","copul","YEM",0.015
"ctemf","copul","ZAF",0.015
"ctemf","copul","ZMB",0.015
"ctemf","copul","ZWE",0.015
"ctemf","cbana","ALB",0.015
"ctemf","cbana","ARG",0.015
"ctemf","cbana","AUS",0.015
"ctemf","cbana","AUT",0.015
"ctemf","cbana","BGR",0.015
"ctemf","cbana","BLR",0.015
"ctemf","cbana","BLT",0.015
"ctemf","cbana","BOL",0.015
"ctemf","cbana","BRA",0.015
"ctemf","cbana","CAN",0.015
"ctemf","cbana","CHL",0.015
"ctemf","cbana","CHM",0.015
"ctemf","cbana","CHP",0.015
"ctemf","cbana","COL",0.015
"ctemf","cbana","CRI",0.015
"ctemf","cbana","CUB",0.015
"ctemf","cbana","CYP",0.015
"ctemf","cbana","CZE",0.015
"ctemf","cbana","DEU",0.015
"ctemf","cbana","DNK",0.015
"ctemf","cbana","DZA",0.015
"ctemf","cbana","ECU",0.015
"ctemf","cbana","EGY",0.015
"ctemf","cbana","ETH",0.015
"ctemf","cbana","FNP",0.015
"ctemf","cbana","FRP",0.015
"ctemf","cbana","GTM",0.015
"ctemf","cbana","HND",0.015
"ctemf","cbana","HRV",0.015
"ctemf","cbana","HUN",0.015
"ctemf","cbana","IDN",0.015
"ctemf","cbana","IND",0.015
"ctemf","cbana","IRL",0.015
"ctemf","cbana","IRN",0.015
"ctemf","cbana","IRQ",0.015
"ctemf","cbana","ISR",0.015
"ctemf","cbana","JOR",0.015
"ctemf","cbana","JPN",0.015
"ctemf","cbana","KOR",0.015
"ctemf","cbana","LBN",0.015
"ctemf","cbana","LBY",0.015
"ctemf","cbana","MDA",0.015
"ctemf","cbana","MDG",0.015
"ctemf","cbana","MEX",0.015
"ctemf","cbana","MOR",0.015
"ctemf","cbana","MYS",0.015
"ctemf","cbana","NLD",0.015
"ctemf","cbana","NOR",0.015
"ctemf","cbana","NPL",0.015
"ctemf","cbana","NZL",0.015
"ctemf","cbana","OBN",0.015
"ctemf","cbana","OIO",0.015
"ctemf","cbana","PAK",0.015
"ctemf","cbana","PER",0.015
"ctemf","cbana","PHL",0.015
"ctemf","cbana","POL",0.015
"ctemf","cbana","PRT",0.015
"ctemf","cbana","PRY",0.015
"ctemf","cbana","RAP",0.015
"ctemf","cbana","ROU",0.015
"ctemf","cbana","SAU",0.015
"ctemf","cbana","SEN",0.015
"ctemf","cbana","SLV",0.015
"ctemf","cbana","SPP",0.015
"ctemf","cbana","SVK",0.015
"ctemf","cbana","SVN",0.015
"ctemf","cbana","SWE",0.015
"ctemf","cbana","SWZ",0.015
"ctemf","cbana","SYR",0.015
"ctemf","cbana","THA",0.015
"ctemf","cbana","TUN",0.015
"ctemf","cbana","TUR",0.015
"ctemf","cbana","UKP",0.015
"ctemf","cbana","URY",0.015
"ctemf","cbana","USA",0.015
"ctemf","cbana","VEN",0.015
"ctemf","cbana","VNM",0.015
"ctemf","cbana","YEM",0.015
"ctemf","cbana","ZAF",0.015
"ctemf","cbana","ZMB",0.015
"ctemf","cbana","ZWE",0.015
"ctemf","cplnt","BOL",0.015
"ctemf","cplnt","COL",0.015
"ctemf","cplnt","CRI",0.015
"ctemf","cplnt","CUB",0.015
"ctemf","cplnt","ECU",0.015
"ctemf","cplnt","GTM",0.015
"ctemf","cplnt","HND",0.015
"ctemf","cplnt","OBN",0.015
"ctemf","cplnt","PHL",0.015
"ctemf","cplnt","RAP",0.015
"ctemf","cplnt","SLV",0.015
"ctemf","cplnt","SPP",0.015
"ctemf","cplnt","VEN",0.015
"ctemf","csubf","AFG",0.015
"ctemf","csubf","ALB",0.015
"ctemf","csubf","ARG",0.015
"ctemf","csubf","AUS",0.015
"ctemf","csubf","AUT",0.015
"ctemf","csubf","AZE",0.015
"ctemf","csubf","BGR",0.015
"ctemf","csubf","BLR",0.015
"ctemf","csubf","BLT",0.015
"ctemf","csubf","BLX",0.015
"ctemf","csubf","BOL",0.015
"ctemf","csubf","BRA",0.015
"ctemf","csubf","BTN",0.015
"ctemf","csubf","CAN",0.015
"ctemf","csubf","CHL",0.015
"ctemf","csubf","CHM",0.015
"ctemf","csubf","CHP",0.015
"ctemf","csubf","COL",0.015
"ctemf","csubf","CRI",0.015
"ctemf","csubf","CUB",0.015
"ctemf","csubf","CYP",0.015
"ctemf","csubf","CZE",0.015
"ctemf","csubf","DEU",0.015
"ctemf","csubf","DNK",0.015
"ctemf","csubf","DZA",0.015
"ctemf","csubf","ECU",0.015
"ctemf","csubf","EGY",0.015
"ctemf","csubf","ETH",0.015
"ctemf","csubf","FNP",0.015
"ctemf","csubf","FRP",0.015
"ctemf","csubf","GEO",0.015
"ctemf","csubf","GRC",0.015
"ctemf","csubf","GTM",0.015
"ctemf","csubf","HND",0.015
"ctemf","csubf","HRV",0.015
"ctemf","csubf","HUN",0.015
"ctemf","csubf","IDN",0.015
"ctemf","csubf","IND",0.015
"ctemf","csubf","IRL",0.015
"ctemf","csubf","IRN",0.015
"ctemf","csubf","IRQ",0.015
"ctemf","csubf","ISR",0.015
"ctemf","csubf","ITP",0.015
"ctemf","csubf","JOR",0.015
"ctemf","csubf","JPN",0.015
"ctemf","csubf","KOR",0.015
"ctemf","csubf","LBN",0.015
"ctemf","csubf","LBY",0.015
"ctemf","csubf","MDG",0.015
"ctemf","csubf","MEX",0.015
"ctemf","csubf","MOR",0.015
"ctemf","csubf","MYS",0.015
"ctemf","csubf","NLD",0.015
"ctemf","csubf","NOR",0.015
"ctemf","csubf","NPL",0.015
"ctemf","csubf","NZL",0.015
"ctemf","csubf","OBN",0.015
"ctemf","csubf","PAK",0.015
"ctemf","csubf","PER",0.015
"ctemf","csubf","PHL",0.015
"ctemf","csubf","POL",0.015
"ctemf","csubf","PRT",0.015
"ctemf","csubf","PRY",0.015
"ctemf","csubf","RAP",0.015
"ctemf","csubf","ROU",0.015
"ctemf","csubf","SAU",0.015
"ctemf","csubf","SEN",0.015
"ctemf","csubf","SLV",0.015
"ctemf","csubf","SPP",0.015
"ctemf","csubf","SVK",0.015
"ctemf","csubf","SVN",0.015
"ctemf","csubf","SWE",0.015
"ctemf","csubf","SWZ",0.015
"ctemf","csubf","SYR",0.015
"ctemf","csubf","THA",0.015
"ctemf","csubf","TUN",0.015
"ctemf","csubf","TUR",0.015
"ctemf","csubf","UKP",0.015
"ctemf","csubf","URY",0.015
"ctemf","csubf","USA",0.015
"ctemf","csubf","UZB",0.015
"ctemf","csubf","VEN",0.015
"ctemf","csubf","VNM",0.015
"ctemf","csubf","YEM",0.015
"ctemf","csubf","ZAF",0.015
"ctemf","csubf","ZMB",0.015
"ctemf","csubf","ZWE",0.015
"ctemf","ctemf","AFG",-0.392
"ctemf","ctemf","ALB",-0.276357205103607
"ctemf","ctemf","ARG",-0.247971422086558
"ctemf","ctemf","ARM",-0.348745333006757
"ctemf","ctemf","AUS",-0.314835080471824
"ctemf","ctemf","AUT",-0.252249315966246
"ctemf","ctemf","AZE",-0.348745333006757
"ctemf","ctemf","BGR",-0.275874974087462
"ctemf","ctemf","BLR",-0.352270133605279
"ctemf","ctemf","BLT",-0.352270133605279
"ctemf","ctemf","BLX",-0.256747926480529
"ctemf","ctemf","BOL",-0.374930591600774
"ctemf","ctemf","BRA",-0.263013191099462
"ctemf","ctemf","BTN",-0.391054857998055
"ctemf","ctemf","CAN",-0.247647335148737
"ctemf","ctemf","CHL",-0.374995797851872
"ctemf","ctemf","CHM",-0.415757816063173
"ctemf","ctemf","CHP",-0.252249315966246
"ctemf","ctemf","COL",-0.411665101721255
"ctemf","ctemf","CRI",-0.374600285505171
"ctemf","ctemf","CUB",-0.374600285505171
"ctemf","ctemf","CYP",-0.299118288532338
"ctemf","ctemf","CZE",-0.275874974087462
"ctemf","ctemf","DEU",-0.25683221784915
"ctemf","ctemf","DNK",-0.256149038098923
"ctemf","ctemf","DZA",-0.298220942855693
"ctemf","ctemf","ECU",-0.374809705320047
"ctemf","ctemf","EGY",-0.486864670179445
"ctemf","ctemf","ETH",-0.186625333103369
"ctemf","ctemf","FNP",-0.256149038098923
"ctemf","ctemf","FRP",-0.256750644418555
"ctemf","ctemf","GEO",-0.348745333006757
"ctemf","ctemf","GRC",-0.276357205103607
"ctemf","ctemf","GTM",-0.374600285505171
"ctemf","ctemf","HND",-0.374600285505171
"ctemf","ctemf","HRV",-0.276357205103607
"ctemf","ctemf","HUN",-0.275874974087462
"ctemf","ctemf","IDN",-0.896392834566214
"ctemf","ctemf","IND",-0.518344776529058
"ctemf","ctemf","IRL",-0.256482937550255
"ctemf","ctemf","IRN",-0.296633127699116
"ctemf","ctemf","IRQ",-0.3
"ctemf","ctemf","ISR",-0.248473536385545
"ctemf","ctemf","ITP",-0.256924922695801
"ctemf","ctemf","JOR",-0.297981728062825
"ctemf","ctemf","JPN",-0.292401379165574
"ctemf","ctemf","KAZ",-0.283964820035808
"ctemf","ctemf","KGZ",-0.284912340536496
"ctemf","ctemf","KOR",-0.366212855845115
"ctemf","ctemf","LBN",-0.298116293438257
"ctemf","ctemf","LBY",-0.292504314942467
"ctemf","ctemf","MDA",-0.275874974087462
"ctemf","ctemf","MDG",-0.232
"ctemf","ctemf","MEX",-0.405689521195449
"ctemf","ctemf","MNG",-0.33569347998128
"ctemf","ctemf","MOR",-0.297362725150267
"ctemf","ctemf","MYS",-0.670505267415839
"ctemf","ctemf","NAM",-0.231581379268042
"ctemf","ctemf","NLD",-0.256895673897119
"ctemf","ctemf","NOR",-0.256149038098923
"ctemf","ctemf","NPL",-0.391481490862419
"ctemf","ctemf","NZL",-0.247672664315061
"ctemf","ctemf","OBN",-0.276357205103607
"ctemf","ctemf","OIO",-0.308243382804107
"ctemf","ctemf","PAK",-0.53583374759182
"ctemf","ctemf","PER",-0.374929168776746
"ctemf","ctemf","PHL",-0.564754657693716
"ctemf","ctemf","POL",-0.276265183656167
"ctemf","ctemf","PRT",-0.256664346093885
"ctemf","ctemf","PRY",-0.374930591600774
"ctemf","ctemf","RAP",-0.298704610909508
"ctemf","ctemf","ROU",-0.275874974087462
"ctemf","ctemf","RUS",-0.352366219277459
"ctemf","ctemf","SAU",-0.298704610909508
"ctemf","ctemf","SEN",-0.444532378150626
"ctemf","ctemf","SLV",-0.374600285505171
"ctemf","ctemf","SPP",-0.256664346093885
"ctemf","ctemf","SVK",-0.275874974087462
"ctemf","ctemf","SVN",-0.276357205103607
"ctemf","ctemf","SWE",-0.256149038098923
"ctemf","ctemf","SWZ",-0.231875668519729
"ctemf","ctemf","SYR",-0.292799596528848
"ctemf","ctemf","THA",-0.693016447084114
"ctemf","ctemf","TJK",-0.261578276142947
"ctemf","ctemf","TKM",-0.27896650016871
"ctemf","ctemf","TUN",-0.297704586788649
"ctemf","ctemf","TUR",-0.266770128357333
"ctemf","ctemf","UKP",-0.256482937550255
"ctemf","ctemf","UKR",-0.352335363475918
"ctemf","ctemf","URY",-0.375028193695089
"ctemf","ctemf","USA",-0.37847670357824
"ctemf","ctemf","UZB",-0.285050728258891
"ctemf","ctemf","VEN",-0.375208665733987
"ctemf","ctemf","VNM",-0.790494490597336
"ctemf","ctemf","YEM",-0.298704610909508
"ctemf","ctemf","ZAF",-0.247609439932722
"ctemf","ctemf","ZMB",-0.231595505362233
"ctemf","ctemf","ZWE",-0.232
"ctemf","cvege","AFG",0.015
"ctemf","cvege","ALB",0.015
"ctemf","cvege","ARG",0.015
"ctemf","cvege","ARM",0.015
"ctemf","cvege","AUS",0.015
"ctemf","cvege","AUT",0.015
"ctemf","cvege","AZE",0.015
"ctemf","cvege","BGR",0.015
"ctemf","cvege","BLR",0.015
"ctemf","cvege","BLT",0.015
"ctemf","cvege","BLX",0.015
"ctemf","cvege","BOL",0.015
"ctemf","cvege","BRA",0.015
"ctemf","cvege","BTN",0.015
"ctemf","cvege","CAN",0.015
"ctemf","cvege","CHL",0.015
"ctemf","cvege","CHM",0.015
"ctemf","cvege","CHP",0.015
"ctemf","cvege","COL",0.015
"ctemf","cvege","CRI",0.015
"ctemf","cvege","CUB",0.015
"ctemf","cvege","CYP",0.015
"ctemf","cvege","CZE",0.015
"ctemf","cvege","DEU",0.015
"ctemf","cvege","DNK",0.015
"ctemf","cvege","DZA",0.015
"ctemf","cvege","ECU",0.015
"ctemf","cvege","EGY",0.015
"ctemf","cvege","ETH",0.015
"ctemf","cvege","FNP",0.015
"ctemf","cvege","FRP",0.015
"ctemf","cvege","GEO",0.015
"ctemf","cvege","GRC",0.015
"ctemf","cvege","GTM",0.015
"ctemf","cvege","HND",0.015
"ctemf","cvege","HRV",0.015
"ctemf","cvege","HUN",0.015
"ctemf","cvege","IDN",0.015
"ctemf","cvege","IND",0.015
"ctemf","cvege","IRL",0.015
"ctemf","cvege","IRN",0.015
"ctemf","cvege","IRQ",0.015
"ctemf","cvege","ISR",0.015
"ctemf","cvege","ITP",0.015
"ctemf","cvege","JOR",0.015
"ctemf","cvege","JPN",0.015
"ctemf","cvege","KAZ",0.015
"ctemf","cvege","KGZ",0.015
"ctemf","cvege","KOR",0.015
"ctemf","cvege","LBN",0.015
"ctemf","cvege","LBY",0.015
"ctemf","cvege","MDA",0.015
"ctemf","cvege","MDG",0.015
"ctemf","cvege","MEX",0.015
"ctemf","cvege","MNG",0.015
"ctemf","cvege","MOR",0.015
"ctemf","cvege","MYS",0.015
"ctemf","cvege","NAM",0.015
"ctemf","cvege","NLD",0.015
"ctemf","cvege","NOR",0.015
"ctemf","cvege","NPL",0.015
"ctemf","cvege","NZL",0.015
"ctemf","cvege","OBN",0.015
"ctemf","cvege","OIO",0.015
"ctemf","cvege","PAK",0.015
"ctemf","cvege","PER",0.015
"ctemf","cvege","PHL",0.015
"ctemf","cvege","POL",0.015
"ctemf","cvege","PRT",0.015
"ctemf","cvege","PRY",0.015
"ctemf","cvege","RAP",0.015
"ctemf","cvege","ROU",0.015
"ctemf","cvege","RUS",0.015
"ctemf","cvege","SAU",0.015
"ctemf","cvege","SEN",0.015
"ctemf","cvege","SLV",0.015
"ctemf","cvege","SPP",0.015
"ctemf","cvege","SVK",0.015
"ctemf","cvege","SVN",0.015
"ctemf","cvege","SWE",0.015
"ctemf","cvege","SWZ",0.015
"ctemf","cvege","SYR",0.015
"ctemf","cvege","THA",0.015
"ctemf","cvege","TJK",0.015
"ctemf","cvege","TKM",0.015
"ctemf","cvege","TUN",0.015
"ctemf","cvege","TUR",0.015
"ctemf","cvege","UKP",0.015
"ctemf","cvege","UKR",0.015
"ctemf","cvege","URY",0.015
"ctemf","cvege","USA",0.015
"ctemf","cvege","UZB",0.015
"ctemf","cvege","VEN",0.015
"ctemf","cvege","VNM",0.015
"ctemf","cvege","YEM",0.015
"ctemf","cvege","ZAF",0.015
"ctemf","cvege","ZMB",0.015
"ctemf","cvege","ZWE",0.015
"cvege","cbean","AGO",0.015
"cvege","cbean","ALB",0.015
"cvege","cbean","ARG",0.015
"cvege","cbean","AUS",0.015
"cvege","cbean","AZE",0.015
"cvege","cbean","BDI",0.015
"cvege","cbean","BEN",0.015
"cvege","cbean","BGD",0.015
"cvege","cbean","BGR",0.015
"cvege","cbean","BLR",0.015
"cvege","cbean","BLZ",0.015
"cvege","cbean","BOL",0.015
"cvege","cbean","BRA",0.015
"cvege","cbean","CAN",0.015
"cvege","cbean","CHL",0.015
"cvege","cbean","CHM",0.015
"cvege","cbean","CIV",0.015
"cvege","cbean","CMR",0.015
"cvege","cbean","COD",0.015
"cvege","cbean","COL",0.015
"cvege","cbean","CRI",0.015
"cvege","cbean","CUB",0.015
"cvege","cbean","DJI",0.015
"cvege","cbean","DOM",0.015
"cvege","cbean","ECU",0.015
"cvege","cbean","EGY",0.015
"cvege","cbean","ETH",0.015
"cvege","cbean","GHA",0.015
"cvege","cbean","GRC",0.015
"cvege","cbean","GTM",0.015
"cvege","cbean","HND",0.015
"cvege","cbean","HTI",0.015
"cvege","cbean","IDN",0.015
"cvege","cbean","IND",0.015
"cvege","cbean","IRN",0.015
"cvege","cbean","IRQ",0.015
"cvege","cbean","JPN",0.015
"cvege","cbean","KAZ",0.015
"cvege","cbean","KEN",0.015
"cvege","cbean","KGZ",0.015
"cvege","cbean","KHM",0.015
"cvege","cbean","KOR",0.015
"cvege","cbean","LAO",0.015
"cvege","cbean","LSO",0.015
"cvege","cbean","MDA",0.015
"cvege","cbean","MDG",0.015
"cvege","cbean","MEX",0.015
"cvege","cbean","MLI",0.015
"cvege","cbean","MMR",0.015
"cvege","cbean","MOR",0.015
"cvege","cbean","MOZ",0.015
"cvege","cbean","MRT",0.015
"cvege","cbean","MWI",0.015
"cvege","cbean","NER",0.015
"cvege","cbean","NIC",0.015
"cvege","cbean","NPL",0.015
"cvege","cbean","OBN",0.015
"cvege","cbean","PAK",0.015
"cvege","cbean","PAN",0.015
"cvege","cbean","PER",0.015
"cvege","cbean","PHL",0.015
"cvege","cbean","PRY",0.015
"cvege","cbean","RUS",0.015
"cvege","cbean","RWA",0.015
"cvege","cbean","SDN",0.015
"cvege","cbean","SLV",0.015
"cvege","cbean","SOM",0.015
"cvege","cbean","SPP",0.015
"cvege","cbean","SWZ",0.015
"cvege","cbean","TCD",0.015
"cvege","cbean","TGO",0.015
"cvege","cbean","THA",0.015
"cvege","cbean","TJK",0.015
"cvege","cbean","TLS",0.015
"cvege","cbean","TUR",0.015
"cvege","cbean","TZA",0.015
"cvege","cbean","UGA",0.015
"cvege","cbean","UKP",0.015
"cvege","cbean","UKR",0.015
"cvege","cbean","USA",0.015
"cvege","cbean","VEN",0.015
"cvege","cbean","VNM",0.015
"cvege","cbean","ZAF",0.015
"cvege","cbean","ZWE",0.015
"cvege","cchkp","ARG",0.015
"cvege","cchkp","AUS",0.015
"cvege","cchkp","BGD",0.015
"cvege","cchkp","BGR",0.015
"cvege","cchkp","BOL",0.015
"cvege","cchkp","BTN",0.015
"cvege","cchkp","CAN",0.015
"cvege","cchkp","CHL",0.015
"cvege","cchkp","CHM",0.015
"cvege","cchkp","COL",0.015
"cvege","cchkp","CRB",0.015
"cvege","cchkp","CYP",0.015
"cvege","cchkp","DEU",0.015
"cvege","cchkp","DOM",0.015
"cvege","cchkp","DZA",0.015
"cvege","cchkp","EGY",0.015
"cvege","cchkp","ETH",0.015
"cvege","cchkp","GRC",0.015
"cvege","cchkp","HUN",0.015
"cvege","cchkp","IND",0.015
"cvege","cchkp","IRL",0.015
"cvege","cchkp","IRN",0.015
"cvege","cchkp","IRQ",0.015
"cvege","cchkp","ISR",0.015
"cvege","cchkp","ITP",0.015
"cvege","cchkp","JOR",0.015
"cvege","cchkp","KAZ",0.015
"cvege","cchkp","KEN",0.015
"cvege","cchkp","LBN",0.015
"cvege","cchkp","LBY",0.015
"cvege","cchkp","LKA",0.015
"cvege","cchkp","MDA",0.015
"cvege","cchkp","MEX",0.015
"cvege","cchkp","MMR",0.015
"cvege","cchkp","MOR",0.015
"cvege","cchkp","MWI",0.015
"cvege","cchkp","NER",0.015
"cvege","cchkp","NOR",0.015
"cvege","cchkp","NPL",0.015
"cvege","cchkp","OBN",0.015
"cvege","cchkp","PAK",0.015
"cvege","cchkp","PER",0.015
"cvege","cchkp","PHL",0.015
"cvege","cchkp","PRT",0.015
"cvege","cchkp","RAP",0.015
"cvege","cchkp","ROU",0.015
"cvege","cchkp","RUS",0.015
"cvege","cchkp","SAU",0.015
"cvege","cchkp","SDN",0.015
"cvege","cchkp","SPP",0.015
"cvege","cchkp","SVK",0.015
"cvege","cchkp","SYR",0.015
"cvege","cchkp","TGO",0.015
"cvege","cchkp","TUN",0.015
"cvege","cchkp","TUR",0.015
"cvege","cchkp","TZA",0.015
"cvege","cchkp","UGA",0.015
"cvege","cchkp","URY",0.015
"cvege","cchkp","USA",0.015
"cvege","cchkp","UZB",0.015
"cvege","cchkp","VEN",0.015
"cvege","cchkp","YEM",0.015
"cvege","cchkp","ZWE",0.015
"cvege","ccowp","BFA",0.015
"cvege","ccowp","BTN",0.015
"cvege","ccowp","CHM",0.015
"cvege","ccowp","CMR",0.015
"cvege","ccowp","COD",0.015
"cvege","ccowp","CRB",0.015
"cvege","ccowp","CYP",0.015
"cvege","ccowp","EGY",0.015
"cvege","ccowp","GNB",0.015
"cvege","ccowp","GSA",0.015
"cvege","ccowp","HRV",0.015
"cvege","ccowp","HTI",0.015
"cvege","ccowp","IRQ",0.015
"cvege","ccowp","JAM",0.015
"cvege","ccowp","JPN",0.015
"cvege","ccowp","KEN",0.015
"cvege","ccowp","LKA",0.015
"cvege","ccowp","MDG",0.015
"cvege","ccowp","MLI",0.015
"cvege","ccowp","MMR",0.015
"cvege","ccowp","MOZ",0.015
"cvege","ccowp","MRT",0.015
"cvege","ccowp","MWI",0.015
"cvege","ccowp","NER",0.015
"cvege","ccowp","NGA",0.015
"cvege","ccowp","OBN",0.015
"cvege","ccowp","PAN",0.015
"cvege","ccowp","PER",0.015
"cvege","ccowp","PHL",0.015
"cvege","ccowp","RAP",0.015
"cvege","ccowp","SDN",0.015
"cvege","ccowp","SEN",0.015
"cvege","ccowp","SVN",0.015
"cvege","ccowp","SWZ",0.015
"cvege","ccowp","TZA",0.015
"cvege","ccowp","UGA",0.015
"cvege","ccowp","USA",0.015
"cvege","ccowp","YEM",0.015
"cvege","ccowp","ZAF",0.015
"cvege","ccowp","ZWE",0.015
"cvege","clent","ARG",0.015
"cvege","clent","ARM",0.015
"cvege","clent","AUS",0.015
"cvege","clent","AUT",0.015
"cvege","clent","AZE",0.015
"cvege","clent","BGD",0.015
"cvege","clent","BGR",0.015
"cvege","clent","BTN",0.015
"cvege","clent","CAN",0.015
"cvege","clent","CHL",0.015
"cvege","clent","CHM",0.015
"cvege","clent","CHP",0.015
"cvege","clent","COL",0.015
"cvege","clent","CYP",0.015
"cvege","clent","CZE",0.015
"cvege","clent","DEU",0.015
"cvege","clent","DNK",0.015
"cvege","clent","DZA",0.015
"cvege","clent","ECU",0.015
"cvege","clent","EGY",0.015
"cvege","clent","ETH",0.015
"cvege","clent","FRP",0.015
"cvege","clent","GRC",0.015
"cvege","clent","HRV",0.015
"cvege","clent","HUN",0.015
"cvege","clent","IND",0.015
"cvege","clent","IRL",0.015
"cvege","clent","IRN",0.015
"cvege","clent","IRQ",0.015
"cvege","clent","ISR",0.015
"cvege","clent","ITP",0.015
"cvege","clent","JOR",0.015
"cvege","clent","KAZ",0.015
"cvege","clent","KEN",0.015
"cvege","clent","LBN",0.015
"cvege","clent","LBY",0.015
"cvege","clent","LKA",0.015
"cvege","clent","MDG",0.015
"cvege","clent","MEX",0.015
"cvege","clent","MMR",0.015
"cvege","clent","MOR",0.015
"cvege","clent","MWI",0.015
"cvege","clent","NOR",0.015
"cvege","clent","NPL",0.015
"cvege","clent","NZL",0.015
"cvege","clent","OBN",0.015
"cvege","clent","OIO",0.015
"cvege","clent","PAK",0.015
"cvege","clent","PAN",0.015
"cvege","clent","PER",0.015
"cvege","clent","PRT",0.015
"cvege","clent","RAP",0.015
"cvege","clent","ROU",0.015
"cvege","clent","RUS",0.015
"cvege","clent","SAU",0.015
"cvege","clent","SPP",0.015
"cvege","clent","SVK",0.015
"cvege","clent","SVN",0.015
"cvege","clent","SYR",0.015
"cvege","clent","TJK",0.015
"cvege","clent","TUN",0.015
"cvege","clent","TUR",0.015
"cvege","clent","UKP",0.015
"cvege","clent","UKR",0.015
"cvege","clent","URY",0.015
"cvege","clent","USA",0.015
"cvege","clent","UZB",0.015
"cvege","clent","VEN",0.015
"cvege","clent","YEM",0.015
"cvege","cpigp","BDI",0.015
"cvege","cpigp","BGD",0.015
"cvege","cpigp","BTN",0.015
"cvege","cpigp","COD",0.015
"cvege","cpigp","COL",0.015
"cvege","cpigp","CRB",0.015
"cvege","cpigp","DOM",0.015
"cvege","cpigp","HTI",0.015
"cvege","cpigp","IND",0.015
"cvege","cpigp","JAM",0.015
"cvege","cpigp","KEN",0.015
"cvege","cpigp","MMR",0.015
"cvege","cpigp","MWI",0.015
"cvege","cpigp","NPL",0.015
"cvege","cpigp","OIO",0.015
"cvege","cpigp","PAK",0.015
"cvege","cpigp","PAN",0.015
"cvege","cpigp","PHL",0.015
"cvege","cpigp","TZA",0.015
"cvege","cpigp","UGA",0.015
"cvege","cpigp","VEN",0.015
"cvege","copul","AFG",0.015
"cvege","copul","AGO",0.015
"cvege","copul","ALB",0.015
"cvege","copul","ARG",0.015
"cvege","copul","ARM",0.015
"cvege","copul","AUS",0.015
"cvege","copul","AUT",0.015
"cvege","copul","AZE",0.015
"cvege","copul","BDI",0.015
"cvege","copul","BEN",0.015
"cvege","copul","BFA",0.015
"cvege","copul","BGD",0.015
"cvege","copul","BGR",0.015
"cvege","copul","BLR",0.015
"cvege","copul","BLT",0.015
"cvege","copul","BLX",0.015
"cvege","copul","BLZ",0.015
"cvege","copul","BOL",0.015
"cvege","copul","BRA",0.015
"cvege","copul","BTN",0.015
"cvege","copul","BWA",0.015
"cvege","copul","CAF",0.015
"cvege","copul","CAN",0.015
"cvege","copul","CHL",0.015
"cvege","copul","CHM",0.015
"cvege","copul","CHP",0.015
"cvege","copul","CIV",0.015
"cvege","copul","CMR",0.015
"cvege","copul","COD",0.015
"cvege","copul","COG",0.015
"cvege","copul","COL",0.015
"cvege","copul","CRB",0.015
"cvege","copul","CRI",0.015
"cvege","copul","CUB",0.015
"cvege","copul","CYP",0.015
"cvege","copul","CZE",0.015
"cvege","copul","DEU",0.015
"cvege","copul","DJI",0.015
"cvege","copul","DNK",0.015
"cvege","copul","DOM",0.015
"cvege","copul","DZA",0.015
"cvege","copul","ECU",0.015
"cvege","copul","EGY",0.015
"cvege","copul","ETH",0.015
"cvege","copul","FJI",0.015
"cvege","copul","FNP",0.015
"cvege","copul","FRP",0.015
"cvege","copul","GAB",0.015
"cvege","copul","GEO",0.015
"cvege","copul","GHA",0.015
"cvege","copul","GIN",0.015
"cvege","copul","GMB",0.015
"cvege","copul","GNB",0.015
"cvege","copul","GRC",0.015
"cvege","copul","GSA",0.015
"cvege","copul","GTM",0.015
"cvege","copul","HND",0.015
"cvege","copul","HRV",0.015
"cvege","copul","HTI",0.015
"cvege","copul","HUN",0.015
"cvege","copul","IDN",0.015
"cvege","copul","IND",0.015
"cvege","copul","IRL",0.015
"cvege","copul","IRN",0.015
"cvege","copul","IRQ",0.015
"cvege","copul","ISR",0.015
"cvege","copul","ITP",0.015
"cvege","copul","JAM",0.015
"cvege","copul","JOR",0.015
"cvege","copul","JPN",0.015
"cvege","copul","KAZ",0.015
"cvege","copul","KEN",0.015
"cvege","copul","KGZ",0.015
"cvege","copul","KHM",0.015
"cvege","copul","KOR",0.015
"cvege","copul","LAO",0.015
"cvege","copul","LBN",0.015
"cvege","copul","LBR",0.015
"cvege","copul","LBY",0.015
"cvege","copul","LKA",0.015
"cvege","copul","LSO",0.015
"cvege","copul","MDA",0.015
"cvege","copul","MDG",0.015
"cvege","copul","MEX",0.015
"cvege","copul","MLI",0.015
"cvege","copul","MMR",0.015
"cvege","copul","MNG",0.015
"cvege","copul","MOR",0.015
"cvege","copul","MOZ",0.015
"cvege","copul","MRT",0.015
"cvege","copul","MWI",0.015
"cvege","copul","NAM",0.015
"cvege","copul","NER",0.015
"cvege","copul","NGA",0.015
"cvege","copul","NIC",0.015
"cvege","copul","NLD",0.015
"cvege","copul","NOR",0.015
"cvege","copul","NPL",0.015
"cvege","copul","NZL",0.015
"cvege","copul","OAO",0.015
"cvege","copul","OBN",0.015
"cvege","copul","OIO",0.015
"cvege","copul","OPO",0.015
"cvege","copul","PAK",0.015
"cvege","copul","PAN",0.015
"cvege","copul","PER",0.015
"cvege","copul","PHL",0.015
"cvege","copul","PNG",0.015
"cvege","copul","POL",0.015
"cvege","copul","PRT",0.015
"cvege","copul","PRY",0.015
"cvege","copul","RAP",0.015
"cvege","copul","ROU",0.015
"cvege","copul","RUS",0.015
"cvege","copul","RWA",0.015
"cvege","copul","SAU",0.015
"cvege","copul","SDN",0.015
"cvege","copul","SEN",0.015
"cvege","copul","SLB",0.015
"cvege","copul","SLE",0.015
"cvege","copul","SLV",0.015
"cvege","copul","SOM",0.015
"cvege","copul","SPP",0.015
"cvege","copul","SVK",0.015
"cvege","copul","SVN",0.015
"cvege","copul","SWE",0.015
"cvege","copul","SWZ",0.015
"cvege","copul","SYR",0.015
"cvege","copul","TCD",0.015
"cvege","copul","TGO",0.015
"cvege","copul","THA",0.015
"cvege","copul","TJK",0.015
"cvege","copul","TKM",0.015
"cvege","copul","TLS",0.015
"cvege","copul","TUN",0.015
"cvege","copul","TUR",0.015
"cvege","copul","TZA",0.015
"cvege","copul","UGA",0.015
"cvege","copul","UKP",0.015
"cvege","copul","UKR",0.015
"cvege","copul","URY",0.015
"cvege","copul","USA",0.015
"cvege","copul","UZB",0.015
"cvege","copul","VEN",0.015
"cvege","copul","VNM",0.015
"cvege","copul","YEM",0.015
"cvege","copul","ZAF",0.015
"cvege","copul","ZMB",0.015
"cvege","copul","ZWE",0.015
"cvege","cbana","AGO",0.015
"cvege","cbana","ALB",0.015
"cvege","cbana","ARG",0.015
"cvege","cbana","AUS",0.015
"cvege","cbana","AUT",0.015
"cvege","cbana","BDI",0.015
"cvege","cbana","BEN",0.015
"cvege","cbana","BGD",0.015
"cvege","cbana","BGR",0.015
"cvege","cbana","BLR",0.015
"cvege","cbana","BLT",0.015
"cvege","cbana","BLZ",0.015
"cvege","cbana","BOL",0.015
"cvege","cbana","BRA",0.015
"cvege","cbana","CAF",0.015
"cvege","cbana","CAN",0.015
"cvege","cbana","CHL",0.015
"cvege","cbana","CHM",0.015
"cvege","cbana","CHP",0.015
"cvege","cbana","CIV",0.015
"cvege","cbana","CMR",0.015
"cvege","cbana","COD",0.015
"cvege","cbana","COG",0.015
"cvege","cbana","COL",0.015
"cvege","cbana","CRB",0.015
"cvege","cbana","CRI",0.015
"cvege","cbana","CUB",0.015
"cvege","cbana","CYP",0.015
"cvege","cbana","CZE",0.015
"cvege","cbana","DEU",0.015
"cvege","cbana","DNK",0.015
"cvege","cbana","DOM",0.015
"cvege","cbana","DZA",0.015
"cvege","cbana","ECU",0.015
"cvege","cbana","EGY",0.015
"cvege","cbana","ETH",0.015
"cvege","cbana","FJI",0.015
"cvege","cbana","FNP",0.015
"cvege","cbana","FRP",0.015
"cvege","cbana","GAB",0.015
"cvege","cbana","GHA",0.015
"cvege","cbana","GIN",0.015
"cvege","cbana","GNB",0.015
"cvege","cbana","GSA",0.015
"cvege","cbana","GTM",0.015
"cvege","cbana","HND",0.015
"cvege","cbana","HRV",0.015
"cvege","cbana","HTI",0.015
"cvege","cbana","HUN",0.015
"cvege","cbana","IDN",0.015
"cvege","cbana","IND",0.015
"cvege","cbana","IRL",0.015
"cvege","cbana","IRN",0.015
"cvege","cbana","IRQ",0.015
"cvege","cbana","ISR",0.015
"cvege","cbana","JAM",0.015
"cvege","cbana","JOR",0.015
"cvege","cbana","JPN",0.015
"cvege","cbana","KEN",0.015
"cvege","cbana","KHM",0.015
"cvege","cbana","KOR",0.015
"cvege","cbana","LAO",0.015
"cvege","cbana","LBN",0.015
"cvege","cbana","LBR",0.015
"cvege","cbana","LBY",0.015
"cvege","cbana","MDA",0.015
"cvege","cbana","MDG",0.015
"cvege","cbana","MEX",0.015
"cvege","cbana","MLI",0.015
"cvege","cbana","MOR",0.015
"cvege","cbana","MOZ",0.015
"cvege","cbana","MWI",0.015
"cvege","cbana","MYS",0.015
"cvege","cbana","NIC",0.015
"cvege","cbana","NLD",0.015
"cvege","cbana","NOR",0.015
"cvege","cbana","NPL",0.015
"cvege","cbana","NZL",0.015
"cvege","cbana","OAO",0.015
"cvege","cbana","OBN",0.015
"cvege","cbana","OIO",0.015
"cvege","cbana","OPO",0.015
"cvege","cbana","PAK",0.015
"cvege","cbana","PAN",0.015
"cvege","cbana","PER",0.015
"cvege","cbana","PHL",0.015
"cvege","cbana","PNG",0.015
"cvege","cbana","POL",0.015
"cvege","cbana","PRT",0.015
"cvege","cbana","PRY",0.015
"cvege","cbana","RAP",0.015
"cvege","cbana","ROU",0.015
"cvege","cbana","RWA",0.015
"cvege","cbana","SAU",0.015
"cvege","cbana","SDN",0.015
"cvege","cbana","SEN",0.015
"cvege","cbana","SLV",0.015
"cvege","cbana","SOM",0.015
"cvege","cbana","SPP",0.015
"cvege","cbana","SVK",0.015
"cvege","cbana","SVN",0.015
"cvege","cbana","SWE",0.015
"cvege","cbana","SWZ",0.015
"cvege","cbana","SYR",0.015
"cvege","cbana","TGO",0.015
"cvege","cbana","THA",0.015
"cvege","cbana","TUN",0.015
"cvege","cbana","TUR",0.015
"cvege","cbana","TZA",0.015
"cvege","cbana","UKP",0.015
"cvege","cbana","URY",0.015
"cvege","cbana","USA",0.015
"cvege","cbana","VEN",0.015
"cvege","cbana","VNM",0.015
"cvege","cbana","YEM",0.015
"cvege","cbana","ZAF",0.015
"cvege","cbana","ZMB",0.015
"cvege","cbana","ZWE",0.015
"cvege","cplnt","BGD",0.015
"cvege","cplnt","BLZ",0.015
"cvege","cplnt","BOL",0.015
"cvege","cplnt","CAF",0.015
"cvege","cplnt","CIV",0.015
"cvege","cplnt","CMR",0.015
"cvege","cplnt","COD",0.015
"cvege","cplnt","COG",0.015
"cvege","cplnt","COL",0.015
"cvege","cplnt","CRB",0.015
"cvege","cplnt","CRI",0.015
"cvege","cplnt","CUB",0.015
"cvege","cplnt","DOM",0.015
"cvege","cplnt","ECU",0.015
"cvege","cplnt","FJI",0.015
"cvege","cplnt","GAB",0.015
"cvege","cplnt","GHA",0.015
"cvege","cplnt","GIN",0.015
"cvege","cplnt","GNB",0.015
"cvege","cplnt","GSA",0.015
"cvege","cplnt","GTM",0.015
"cvege","cplnt","HND",0.015
"cvege","cplnt","HTI",0.015
"cvege","cplnt","JAM",0.015
"cvege","cplnt","KEN",0.015
"cvege","cplnt","LBR",0.015
"cvege","cplnt","LKA",0.015
"cvege","cplnt","MMR",0.015
"cvege","cplnt","MWI",0.015
"cvege","cplnt","NGA",0.015
"cvege","cplnt","NIC",0.015
"cvege","cplnt","OAO",0.015
"cvege","cplnt","OBN",0.015
"cvege","cplnt","PAN",0.015
"cvege","cplnt","PHL",0.015
"cvege","cplnt","RAP",0.015
"cvege","cplnt","RWA",0.015
"cvege","cplnt","SLE",0.015
"cvege","cplnt","SLV",0.015
"cvege","cplnt","SPP",0.015
"cvege","cplnt","TZA",0.015
"cvege","cplnt","UGA",0.015
"cvege","cplnt","VEN",0.015
"cvege","csubf","AFG",0.015
"cvege","csubf","AGO",0.015
"cvege","csubf","ALB",0.015
"cvege","csubf","ARG",0.015
"cvege","csubf","AUS",0.015
"cvege","csubf","AUT",0.015
"cvege","csubf","AZE",0.015
"cvege","csubf","BEN",0.015
"cvege","csubf","BGD",0.015
"cvege","csubf","BGR",0.015
"cvege","csubf","BLR",0.015
"cvege","csubf","BLT",0.015
"cvege","csubf","BLX",0.015
"cvege","csubf","BLZ",0.015
"cvege","csubf","BOL",0.015
"cvege","csubf","BRA",0.015
"cvege","csubf","BTN",0.015
"cvege","csubf","CAF",0.015
"cvege","csubf","CAN",0.015
"cvege","csubf","CHL",0.015
"cvege","csubf","CHM",0.015
"cvege","csubf","CHP",0.015
"cvege","csubf","CIV",0.015
"cvege","csubf","CMR",0.015
"cvege","csubf","COD",0.015
"cvege","csubf","COL",0.015
"cvege","csubf","CRB",0.015
"cvege","csubf","CRI",0.015
"cvege","csubf","CUB",0.015
"cvege","csubf","CYP",0.015
"cvege","csubf","CZE",0.015
"cvege","csubf","DEU",0.015
"cvege","csubf","DJI",0.015
"cvege","csubf","DNK",0.015
"cvege","csubf","DOM",0.015
"cvege","csubf","DZA",0.015
"cvege","csubf","ECU",0.015
"cvege","csubf","EGY",0.015
"cvege","csubf","ETH",0.015
"cvege","csubf","FJI",0.015
"cvege","csubf","FNP",0.015
"cvege","csubf","FRP",0.015
"cvege","csubf","GEO",0.015
"cvege","csubf","GHA",0.015
"cvege","csubf","GIN",0.015
"cvege","csubf","GNB",0.015
"cvege","csubf","GRC",0.015
"cvege","csubf","GSA",0.015
"cvege","csubf","GTM",0.015
"cvege","csubf","HND",0.015
"cvege","csubf","HRV",0.015
"cvege","csubf","HTI",0.015
"cvege","csubf","HUN",0.015
"cvege","csubf","IDN",0.015
"cvege","csubf","IND",0.015
"cvege","csubf","IRL",0.015
"cvege","csubf","IRN",0.015
"cvege","csubf","IRQ",0.015
"cvege","csubf","ISR",0.015
"cvege","csubf","ITP",0.015
"cvege","csubf","JAM",0.015
"cvege","csubf","JOR",0.015
"cvege","csubf","JPN",0.015
"cvege","csubf","KEN",0.015
"cvege","csubf","KHM",0.015
"cvege","csubf","KOR",0.015
"cvege","csubf","LAO",0.015
"cvege","csubf","LBN",0.015
"cvege","csubf","LBR",0.015
"cvege","csubf","LBY",0.015
"cvege","csubf","LKA",0.015
"cvege","csubf","MDG",0.015
"cvege","csubf","MEX",0.015
"cvege","csubf","MLI",0.015
"cvege","csubf","MOR",0.015
"cvege","csubf","MOZ",0.015
"cvege","csubf","MRT",0.015
"cvege","csubf","MWI",0.015
"cvege","csubf","MYS",0.015
"cvege","csubf","NER",0.015
"cvege","csubf","NGA",0.015
"cvege","csubf","NIC",0.015
"cvege","csubf","NLD",0.015
"cvege","csubf","NOR",0.015
"cvege","csubf","NPL",0.015
"cvege","csubf","NZL",0.015
"cvege","csubf","OBN",0.015
"cvege","csubf","OPO",0.015
"cvege","csubf","PAK",0.015
"cvege","csubf","PAN",0.015
"cvege","csubf","PER",0.015
"cvege","csubf","PHL",0.015
"cvege","csubf","PNG",0.015
"cvege","csubf","POL",0.015
"cvege","csubf","PRT",0.015
"cvege","csubf","PRY",0.015
"cvege","csubf","RAP",0.015
"cvege","csubf","ROU",0.015
"cvege","csubf","RWA",0.015
"cvege","csubf","SAU",0.015
"cvege","csubf","SDN",0.015
"cvege","csubf","SEN",0.015
"cvege","csubf","SLE",0.015
"cvege","csubf","SLV",0.015
"cvege","csubf","SOM",0.015
"cvege","csubf","SPP",0.015
"cvege","csubf","SVK",0.015
"cvege","csubf","SVN",0.015
"cvege","csubf","SWE",0.015
"cvege","csubf","SWZ",0.015
"cvege","csubf","SYR",0.015
"cvege","csubf","TCD",0.015
"cvege","csubf","TGO",0.015
"cvege","csubf","THA",0.015
"cvege","csubf","TUN",0.015
"cvege","csubf","TUR",0.015
"cvege","csubf","TZA",0.015
"cvege","csubf","UKP",0.015
"cvege","csubf","URY",0.015
"cvege","csubf","USA",0.015
"cvege","csubf","UZB",0.015
"cvege","csubf","VEN",0.015
"cvege","csubf","VNM",0.015
"cvege","csubf","YEM",0.015
"cvege","csubf","ZAF",0.015
"cvege","csubf","ZMB",0.015
"cvege","csubf","ZWE",0.015
"cvege","ctemf","AFG",0.015
"cvege","ctemf","ALB",0.015
"cvege","ctemf","ARG",0.015
"cvege","ctemf","ARM",0.015
"cvege","ctemf","AUS",0.015
"cvege","ctemf","AUT",0.015
"cvege","ctemf","AZE",0.015
"cvege","ctemf","BGR",0.015
"cvege","ctemf","BLR",0.015
"cvege","ctemf","BLT",0.015
"cvege","ctemf","BLX",0.015
"cvege","ctemf","BOL",0.015
"cvege","ctemf","BRA",0.015
"cvege","ctemf","BTN",0.015
"cvege","ctemf","CAN",0.015
"cvege","ctemf","CHL",0.015
"cvege","ctemf","CHM",0.015
"cvege","ctemf","CHP",0.015
"cvege","ctemf","COL",0.015
"cvege","ctemf","CRI",0.015
"cvege","ctemf","CUB",0.015
"cvege","ctemf","CYP",0.015
"cvege","ctemf","CZE",0.015
"cvege","ctemf","DEU",0.015
"cvege","ctemf","DNK",0.015
"cvege","ctemf","DZA",0.015
"cvege","ctemf","ECU",0.015
"cvege","ctemf","EGY",0.015
"cvege","ctemf","ETH",0.015
"cvege","ctemf","FNP",0.015
"cvege","ctemf","FRP",0.015
"cvege","ctemf","GEO",0.015
"cvege","ctemf","GRC",0.015
"cvege","ctemf","GTM",0.015
"cvege","ctemf","HND",0.015
"cvege","ctemf","HRV",0.015
"cvege","ctemf","HUN",0.015
"cvege","ctemf","IDN",0.015
"cvege","ctemf","IND",0.015
"cvege","ctemf","IRL",0.015
"cvege","ctemf","IRN",0.015
"cvege","ctemf","IRQ",0.015
"cvege","ctemf","ISR",0.015
"cvege","ctemf","ITP",0.015
"cvege","ctemf","JOR",0.015
"cvege","ctemf","JPN",0.015
"cvege","ctemf","KAZ",0.015
"cvege","ctemf","KGZ",0.015
"cvege","ctemf","KOR",0.015
"cvege","ctemf","LBN",0.015
"cvege","ctemf","LBY",0.015
"cvege","ctemf","MDA",0.015
"cvege","ctemf","MDG",0.015
"cvege","ctemf","MEX",0.015
"cvege","ctemf","MNG",0.015
"cvege","ctemf","MOR",0.015
"cvege","ctemf","MYS",0.015
"cvege","ctemf","NAM",0.015
"cvege","ctemf","NLD",0.015
"cvege","ctemf","NOR",0.015
"cvege","ctemf","NPL",0.015
"cvege","ctemf","NZL",0.015
"cvege","ctemf","OBN",0.015
"cvege","ctemf","OIO",0.015
"cvege","ctemf","PAK",0.015
"cvege","ctemf","PER",0.015
"cvege","ctemf","PHL",0.015
"cvege","ctemf","POL",0.015
"cvege","ctemf","PRT",0.015
"cvege","ctemf","PRY",0.015
"cvege","ctemf","RAP",0.015
"cvege","ctemf","ROU",0.015
"cvege","ctemf","RUS",0.015
"cvege","ctemf","SAU",0.015
"cvege","ctemf","SEN",0.015
"cvege","ctemf","SLV",0.015
"cvege","ctemf","SPP",0.015
"cvege","ctemf","SVK",0.015
"cvege","ctemf","SVN",0.015
"cvege","ctemf","SWE",0.015
"cvege","ctemf","SWZ",0.015
"cvege","ctemf","SYR",0.015
"cvege","ctemf","THA",0.015
"cvege","ctemf","TJK",0.015
"cvege","ctemf","TKM",0.015
"cvege","ctemf","TUN",0.015
"cvege","ctemf","TUR",0.015
"cvege","ctemf","UKP",0.015
"cvege","ctemf","UKR",0.015
"cvege","ctemf","URY",0.015
"cvege","ctemf","USA",0.015
"cvege","ctemf","UZB",0.015
"cvege","ctemf","VEN",0.015
"cvege","ctemf","VNM",0.015
"cvege","ctemf","YEM",0.015
"cvege","ctemf","ZAF",0.015
"cvege","ctemf","ZMB",0.015
"cvege","ctemf","ZWE",0.015
"cvege","cvege","AFG",-0.323
"cvege","cvege","AGO",-0.300509933592986
"cvege","cvege","ALB",-0.326000108931312
"cvege","cvege","ARG",-0.229400945031433
"cvege","cvege","ARM",-0.311769866307438
"cvege","cvege","AUS",-0.366076967897028
"cvege","cvege","AUT",-0.298903619493988
"cvege","cvege","AZE",-0.311769866307438
"cvege","cvege","BDI",-0.323
"cvege","cvege","BEN",-0.330839760707202
"cvege","cvege","BFA",-0.386991738547363
"cvege","cvege","BGD",-0.394286755008057
"cvege","cvege","BGR",-0.326104136435372
"cvege","cvege","BLR",-0.314121589288952
"cvege","cvege","BLT",-0.314121589288952
"cvege","cvege","BLX",-0.302101988086885
"cvege","cvege","BLZ",-0.264600285505171
"cvege","cvege","BOL",-0.264983319762014
"cvege","cvege","BRA",-0.374586361642251
"cvege","cvege","BTN",-0.321623703265203
"cvege","cvege","BWA",-0.301378104566686
"cvege","cvege","CAF",-0.3315
"cvege","cvege","CAN",-0.403868337871843
"cvege","cvege","CHL",-0.25897611475857
"cvege","cvege","CHM",-0.308152547323688
"cvege","cvege","CHP",-0.298903619493988
"cvege","cvege","CIV",-0.3315
"cvege","cvege","CMR",-0.329695063814777
"cvege","cvege","COD",-0.33063711595829
"cvege","cvege","COG",-0.329884492555984
"cvege","cvege","COL",-0.352998826290941
"cvege","cvege","CRB",-0.171672813075236
"cvege","cvege","CRI",-0.264600285505171
"cvege","cvege","CUB",-0.264600285505171
"cvege","cvege","CYP",-0.242877650899503
"cvege","cvege","CZE",-0.326104136435372
"cvege","cvege","DEU",-0.302402276087596
"cvege","cvege","DJI",-0.322210276009424
"cvege","cvege","DNK",-0.300872595247307
"cvege","cvege","DOM",-0.264600285505171
"cvege","cvege","DZA",-0.241226534854475
"cvege","cvege","ECU",-0.264809705320047
"cvege","cvege","EGY",-0.238167484826264
"cvege","cvege","ETH",-0.387900532965391
"cvege","cvege","FJI",-0.171672813075236
"cvege","cvege","FNP",-0.300872595247307
"cvege","cvege","FRP",-0.302111670741101
"cvege","cvege","GAB",-0.3315
"cvege","cvege","GEO",-0.311769866307438
"cvege","cvege","GHA",-0.330831478826914
"cvege","cvege","GIN",-0.330546839189301
"cvege","cvege","GMB",-0.330963695232705
"cvege","cvege","GNB",-0.3315
"cvege","cvege","GRC",-0.326000108931312
"cvege","cvege","GSA",-0.265208665733985
"cvege","cvege","GTM",-0.264600285505171
"cvege","cvege","HND",-0.264600285505171
"cvege","cvege","HRV",-0.326000108931312
"cvege","cvege","HTI",-0.264600285505171
"cvege","cvege","HUN",-0.326104136435372
"cvege","cvege","IDN",-0.317123563752513
"cvege","cvege","IND",-0.374586361642251
"cvege","cvege","IRL",-0.301157965022782
"cvege","cvege","IRN",-0.24306907927212
"cvege","cvege","IRQ",-0.2445
"cvege","cvege","ISR",-0.405985886072291
"cvege","cvege","ITP",-0.302732537103791
"cvege","cvege","JAM",-0.171672813075236
"cvege","cvege","JOR",-0.242400997185338
"cvege","cvege","JPN",-0.230241746934447
"cvege","cvege","KAZ",-0.349936676064455
"cvege","cvege","KEN",-0.322371664625514
"cvege","cvege","KGZ",-0.353150489456022
"cvege","cvege","KHM",-0.252452510900568
"cvege","cvege","KOR",-0.216038810310711
"cvege","cvege","LAO",-0.252452510900568
"cvege","cvege","LBN",-0.243699424711259
"cvege","cvege","LBR",-0.3315
"cvege","cvege","LBY",-0.243346738594699
"cvege","cvege","LKA",-0.322457677944724
"cvege","cvege","LSO",-0.301685588646619
"cvege","cvege","MDA",-0.326104136435372
"cvege","cvege","MDG",-0.302
"cvege","cvege","MEX",-0.373983319762014
"cvege","cvege","MLI",-0.387389983778792
"cvege","cvege","MMR",-0.187360494235764
"cvege","cvege","MNG",-0.188287771683843
"cvege","cvege","MOR",-0.24146713393695
"cvege","cvege","MOZ",-0.30104970674817
"cvege","cvege","MRT",-0.387553238421133
"cvege","cvege","MWI",-0.301987846907659
"cvege","cvege","MYS",-0.244077238651732
"cvege","cvege","NAM",-0.301441839024055
"cvege","cvege","NER",-0.388175355794827
"cvege","cvege","NGA",-0.321788430472406
"cvege","cvege","NIC",-0.264600285505171
"cvege","cvege","NLD",-0.302628338258486
"cvege","cvege","NOR",-0.300872595247307
"cvege","cvege","NPL",-0.322559267233056
"cvege","cvege","NZL",-0.403931660787652
"cvege","cvege","OAO",-0.171672813075236
"cvege","cvege","OBN",-0.326000108931312
"cvege","cvege","OIO",-0.171672813075236
"cvege","cvege","OPO",-0.171672813075236
"cvege","cvege","PAK",-0.312004342726523
"cvege","cvege","PAN",-0.264600285505171
"cvege","cvege","PER",-0.264929168776746
"cvege","cvege","PHL",-0.209183229519447
"cvege","cvege","PNG",-0.172
"cvege","cvege","POL",-0.326559380932194
"cvege","cvege","PRT",-0.301804232959466
"cvege","cvege","PRY",-0.264983319762014
"cvege","cvege","RAP",-0.243152795345889
"cvege","cvege","ROU",-0.326104136435372
"cvege","cvege","RUS",-0.315974772752071
"cvege","cvege","RWA",-0.322463196495484
"cvege","cvege","SAU",-0.243152795345889
"cvege","cvege","SDN",-0.3850193698459
"cvege","cvege","SEN",-0.330938853780751
"cvege","cvege","SLB",-0.171672813075236
"cvege","cvege","SLE",-0.329564696071647
"cvege","cvege","SLV",-0.264600285505171
"cvege","cvege","SOM",-0.3885
"cvege","cvege","SPP",-0.301804232959466
"cvege","cvege","SVK",-0.326104136435372
"cvege","cvege","SVN",-0.326000108931312
"cvege","cvege","SWE",-0.300872595247307
"cvege","cvege","SWZ",-0.301834224692972
"cvege","cvege","SYR",-0.243064441607741
"cvege","cvege","TCD",-0.386359210071272
"cvege","cvege","TGO",-0.3315
"cvege","cvege","THA",-0.243995592008599
"cvege","cvege","TJK",-0.349893177889493
"cvege","cvege","TKM",-0.354185571820793
"cvege","cvege","TLS",-0.172
"cvege","cvege","TUN",-0.243007981412622
"cvege","cvege","TUR",-0.242489804551867
"cvege","cvege","TZA",-0.32239208520234
"cvege","cvege","UGA",-0.321423605879955
"cvege","cvege","UKP",-0.301157965022782
"cvege","cvege","UKR",-0.312415792405208
"cvege","cvege","URY",-0.26502819369509
"cvege","cvege","USA",-0.412534245022725
"cvege","cvege","UZB",-0.351891310866003
"cvege","cvege","VEN",-0.265208665733985
"cvege","cvege","VNM",-0.260072658503868
"cvege","cvege","YEM",-0.243152795345889
"cvege","cvege","ZAF",-0.401521032499358
"cvege","cvege","ZMB",-0.301460673816311
"cvege","cvege","ZWE",-0.302
"csugr","cbarl","AGO",0.003
"csugr","cbarl","ARG",0.003
"csugr","cbarl","ARM",0.003
"csugr","cbarl","AUS",0.003
"csugr","cbarl","AUT",0.003
"csugr","cbarl","AZE",0.003
"csugr","cbarl","BGD",0.003
"csugr","cbarl","BGR",0.003
"csugr","cbarl","BLR",0.003
"csugr","cbarl","BLT",0.003
"csugr","cbarl","BLX",0.003
"csugr","cbarl","BOL",0.003
"csugr","cbarl","BRA",0.003
"csugr","cbarl","BWA",0.003
"csugr","cbarl","CHM",0.003
"csugr","cbarl","CMR",0.003
"csugr","cbarl","COL",0.003
"csugr","cbarl","CRB",0.003
"csugr","cbarl","CRI",0.003
"csugr","cbarl","CZE",0.003
"csugr","cbarl","DEU",0.003
"csugr","cbarl","DNK",0.003
"csugr","cbarl","DZA",0.003
"csugr","cbarl","ECU",0.003
"csugr","cbarl","EGY",0.003
"csugr","cbarl","FJI",0.003
"csugr","cbarl","FNP",0.003
"csugr","cbarl","FRP",0.003
"csugr","cbarl","GEO",0.003
"csugr","cbarl","GRC",0.003
"csugr","cbarl","GSA",0.003
"csugr","cbarl","GTM",0.003
"csugr","cbarl","HND",0.003
"csugr","cbarl","HRV",0.003
"csugr","cbarl","HUN",0.003
"csugr","cbarl","IDN",0.003
"csugr","cbarl","IND",0.003
"csugr","cbarl","IRN",0.003
"csugr","cbarl","IRQ",0.003
"csugr","cbarl","ISR",0.003
"csugr","cbarl","ITP",0.003
"csugr","cbarl","JOR",0.003
"csugr","cbarl","KEN",0.003
"csugr","cbarl","KGZ",0.003
"csugr","cbarl","KHM",0.003
"csugr","cbarl","KOR",0.003
"csugr","cbarl","LAO",0.003
"csugr","cbarl","LBN",0.003
"csugr","cbarl","LKA",0.003
"csugr","cbarl","MDA",0.003
"csugr","cbarl","MEX",0.003
"csugr","cbarl","MNG",0.003
"csugr","cbarl","MOR",0.003
"csugr","cbarl","MYS",0.003
"csugr","cbarl","NAM",0.003
"csugr","cbarl","NIC",0.003
"csugr","cbarl","NLD",0.003
"csugr","cbarl","NPL",0.003
"csugr","cbarl","NZL",0.003
"csugr","cbarl","OBN",0.003
"csugr","cbarl","OIO",0.003
"csugr","cbarl","OPO",0.003
"csugr","cbarl","PAK",0.003
"csugr","cbarl","PAN",0.003
"csugr","cbarl","PER",0.003
"csugr","cbarl","POL",0.003
"csugr","cbarl","PRY",0.003
"csugr","cbarl","RAP",0.003
"csugr","cbarl","ROU",0.003
"csugr","cbarl","RUS",0.003
"csugr","cbarl","RWA",0.003
"csugr","cbarl","SAU",0.003
"csugr","cbarl","SLV",0.003
"csugr","cbarl","SPP",0.003
"csugr","cbarl","SVK",0.003
"csugr","cbarl","SVN",0.003
"csugr","cbarl","SWE",0.003
"csugr","cbarl","SYR",0.003
"csugr","cbarl","TGO",0.003
"csugr","cbarl","THA",0.003
"csugr","cbarl","TUR",0.003
"csugr","cbarl","TZA",0.003
"csugr","cbarl","UGA",0.003
"csugr","cbarl","UKR",0.003
"csugr","cbarl","URY",0.003
"csugr","cbarl","USA",0.003
"csugr","cbarl","UZB",0.003
"csugr","cbarl","VEN",0.003
"csugr","cbarl","VNM",0.003
"csugr","cbarl","ZAF",0.003
"csugr","cbarl","ZMB",0.003
"csugr","cbarl","ZWE",0.003
"csugr","cmaiz","AGO",0.00375
"csugr","cmaiz","ARG",0.00375
"csugr","cmaiz","ARM",0.00375
"csugr","cmaiz","AUS",0.00375
"csugr","cmaiz","AUT",0.00375
"csugr","cmaiz","AZE",0.00375
"csugr","cmaiz","BGD",0.00375
"csugr","cmaiz","BGR",0.00375
"csugr","cmaiz","BLR",0.00375
"csugr","cmaiz","BLT",0.00375
"csugr","cmaiz","BLX",0.00375
"csugr","cmaiz","BOL",0.00375
"csugr","cmaiz","BRA",0.00375
"csugr","cmaiz","BTN",0.00375
"csugr","cmaiz","BWA",0.00375
"csugr","cmaiz","CHM",0.00375
"csugr","cmaiz","CMR",0.00375
"csugr","cmaiz","COL",0.00375
"csugr","cmaiz","CRB",0.00375
"csugr","cmaiz","CRI",0.00375
"csugr","cmaiz","CZE",0.00375
"csugr","cmaiz","DEU",0.00375
"csugr","cmaiz","DNK",0.00375
"csugr","cmaiz","DZA",0.00375
"csugr","cmaiz","ECU",0.00375
"csugr","cmaiz","EGY",0.00375
"csugr","cmaiz","FNP",0.00375
"csugr","cmaiz","FRP",0.00375
"csugr","cmaiz","GEO",0.00375
"csugr","cmaiz","GMB",0.00375
"csugr","cmaiz","GRC",0.00375
"csugr","cmaiz","GSA",0.00375
"csugr","cmaiz","GTM",0.00375
"csugr","cmaiz","HND",0.00375
"csugr","cmaiz","HRV",0.00375
"csugr","cmaiz","HUN",0.00375
"csugr","cmaiz","IDN",0.00375
"csugr","cmaiz","IND",0.00375
"csugr","cmaiz","IRN",0.00375
"csugr","cmaiz","IRQ",0.00375
"csugr","cmaiz","ISR",0.00375
"csugr","cmaiz","ITP",0.00375
"csugr","cmaiz","JOR",0.00375
"csugr","cmaiz","KEN",0.00375
"csugr","cmaiz","KGZ",0.00375
"csugr","cmaiz","KHM",0.00375
"csugr","cmaiz","KOR",0.00375
"csugr","cmaiz","LAO",0.00375
"csugr","cmaiz","LBN",0.00375
"csugr","cmaiz","LKA",0.00375
"csugr","cmaiz","MDA",0.00375
"csugr","cmaiz","MEX",0.00375
"csugr","cmaiz","MOR",0.00375
"csugr","cmaiz","MRT",0.00375
"csugr","cmaiz","MYS",0.00375
"csugr","cmaiz","NAM",0.00375
"csugr","cmaiz","NIC",0.00375
"csugr","cmaiz","NLD",0.00375
"csugr","cmaiz","NPL",0.00375
"csugr","cmaiz","NZL",0.00375
"csugr","cmaiz","OBN",0.00375
"csugr","cmaiz","OIO",0.00375
"csugr","cmaiz","OPO",0.00375
"csugr","cmaiz","PAK",0.00375
"csugr","cmaiz","PAN",0.00375
"csugr","cmaiz","PER",0.00375
"csugr","cmaiz","POL",0.00375
"csugr","cmaiz","PRY",0.00375
"csugr","cmaiz","RAP",0.00375
"csugr","cmaiz","ROU",0.00375
"csugr","cmaiz","RUS",0.00375
"csugr","cmaiz","RWA",0.00375
"csugr","cmaiz","SAU",0.00375
"csugr","cmaiz","SLV",0.00375
"csugr","cmaiz","SPP",0.00375
"csugr","cmaiz","SVK",0.00375
"csugr","cmaiz","SVN",0.00375
"csugr","cmaiz","SWE",0.00375
"csugr","cmaiz","SYR",0.00375
"csugr","cmaiz","TGO",0.00375
"csugr","cmaiz","THA",0.00375
"csugr","cmaiz","TUR",0.00375
"csugr","cmaiz","TZA",0.00375
"csugr","cmaiz","UGA",0.00375
"csugr","cmaiz","UKR",0.00375
"csugr","cmaiz","URY",0.00375
"csugr","cmaiz","USA",0.00375
"csugr","cmaiz","UZB",0.00375
"csugr","cmaiz","VEN",0.00375
"csugr","cmaiz","VNM",0.00375
"csugr","cmaiz","ZAF",0.00375
"csugr","cmaiz","ZMB",0.00375
"csugr","cmaiz","ZWE",0.00375
"csugr","cmill","AGO",0.003
"csugr","cmill","AUS",0.003
"csugr","cmill","BGD",0.003
"csugr","cmill","BLR",0.003
"csugr","cmill","CHM",0.003
"csugr","cmill","CMR",0.003
"csugr","cmill","GMB",0.003
"csugr","cmill","IND",0.003
"csugr","cmill","IRN",0.003
"csugr","cmill","IRQ",0.003
"csugr","cmill","KEN",0.003
"csugr","cmill","MOR",0.003
"csugr","cmill","MRT",0.003
"csugr","cmill","NAM",0.003
"csugr","cmill","NPL",0.003
"csugr","cmill","PAK",0.003
"csugr","cmill","POL",0.003
"csugr","cmill","RUS",0.003
"csugr","cmill","SAU",0.003
"csugr","cmill","TGO",0.003
"csugr","cmill","TUR",0.003
"csugr","cmill","TZA",0.003
"csugr","cmill","UGA",0.003
"csugr","cmill","UKR",0.003
"csugr","cmill","USA",0.003
"csugr","cmill","UZB",0.003
"csugr","cmill","ZMB",0.003
"csugr","cmill","ZWE",0.003
"csugr","crice","AGO",0.003
"csugr","crice","ARG",0.003
"csugr","crice","AUS",0.003
"csugr","crice","AUT",0.003
"csugr","crice","AZE",0.003
"csugr","crice","BGD",0.003
"csugr","crice","BGR",0.003
"csugr","crice","BLX",0.003
"csugr","crice","BOL",0.003
"csugr","crice","BRA",0.003
"csugr","crice","BTN",0.003
"csugr","crice","BWA",0.003
"csugr","crice","CHM",0.003
"csugr","crice","CMR",0.003
"csugr","crice","COL",0.003
"csugr","crice","CRB",0.003
"csugr","crice","CRI",0.003
"csugr","crice","CZE",0.003
"csugr","crice","DEU",0.003
"csugr","crice","DNK",0.003
"csugr","crice","ECU",0.003
"csugr","crice","EGY",0.003
"csugr","crice","FJI",0.003
"csugr","crice","FNP",0.003
"csugr","crice","FRP",0.003
"csugr","crice","GMB",0.003
"csugr","crice","GRC",0.003
"csugr","crice","GSA",0.003
"csugr","crice","GTM",0.003
"csugr","crice","HND",0.003
"csugr","crice","HUN",0.003
"csugr","crice","IDN",0.003
"csugr","crice","IND",0.003
"csugr","crice","IRN",0.003
"csugr","crice","IRQ",0.003
"csugr","crice","ITP",0.003
"csugr","crice","KEN",0.003
"csugr","crice","KGZ",0.003
"csugr","crice","KHM",0.003
"csugr","crice","KOR",0.003
"csugr","crice","LAO",0.003
"csugr","crice","LKA",0.003
"csugr","crice","MEX",0.003
"csugr","crice","MOR",0.003
"csugr","crice","MRT",0.003
"csugr","crice","MYS",0.003
"csugr","crice","NAM",0.003
"csugr","crice","NIC",0.003
"csugr","crice","NLD",0.003
"csugr","crice","NPL",0.003
"csugr","crice","NZL",0.003
"csugr","crice","OBN",0.003
"csugr","crice","OIO",0.003
"csugr","crice","PAK",0.003
"csugr","crice","PAN",0.003
"csugr","crice","PER",0.003
"csugr","crice","POL",0.003
"csugr","crice","PRY",0.003
"csugr","crice","RAP",0.003
"csugr","crice","ROU",0.003
"csugr","crice","RUS",0.003
"csugr","crice","RWA",0.003
"csugr","crice","SAU",0.003
"csugr","crice","SLV",0.003
"csugr","crice","SPP",0.003
"csugr","crice","SWE",0.003
"csugr","crice","SYR",0.003
"csugr","crice","TGO",0.003
"csugr","crice","THA",0.003
"csugr","crice","TUR",0.003
"csugr","crice","TZA",0.003
"csugr","crice","UGA",0.003
"csugr","crice","UKR",0.003
"csugr","crice","URY",0.003
"csugr","crice","USA",0.003
"csugr","crice","UZB",0.003
"csugr","crice","VEN",0.003
"csugr","crice","VNM",0.003
"csugr","crice","ZAF",0.003
"csugr","crice","ZMB",0.003
"csugr","crice","ZWE",0.003
"csugr","csorg","AGO",0.003
"csugr","csorg","ARG",0.003
"csugr","csorg","AUS",0.003
"csugr","csorg","AUT",0.003
"csugr","csorg","BGR",0.003
"csugr","csorg","BOL",0.003
"csugr","csorg","BRA",0.003
"csugr","csorg","BWA",0.003
"csugr","csorg","CHM",0.003
"csugr","csorg","CMR",0.003
"csugr","csorg","ECU",0.003
"csugr","csorg","EGY",0.003
"csugr","csorg","FRP",0.003
"csugr","csorg","GMB",0.003
"csugr","csorg","GTM",0.003
"csugr","csorg","HND",0.003
"csugr","csorg","HUN",0.003
"csugr","csorg","IND",0.003
"csugr","csorg","IRQ",0.003
"csugr","csorg","ISR",0.003
"csugr","csorg","ITP",0.003
"csugr","csorg","KEN",0.003
"csugr","csorg","MDA",0.003
"csugr","csorg","MEX",0.003
"csugr","csorg","MOR",0.003
"csugr","csorg","MRT",0.003
"csugr","csorg","NAM",0.003
"csugr","csorg","NIC",0.003
"csugr","csorg","PAK",0.003
"csugr","csorg","POL",0.003
"csugr","csorg","PRY",0.003
"csugr","csorg","RAP",0.003
"csugr","csorg","ROU",0.003
"csugr","csorg","RUS",0.003
"csugr","csorg","RWA",0.003
"csugr","csorg","SAU",0.003
"csugr","csorg","SLV",0.003
"csugr","csorg","SPP",0.003
"csugr","csorg","SVK",0.003
"csugr","csorg","SYR",0.003
"csugr","csorg","TGO",0.003
"csugr","csorg","THA",0.003
"csugr","csorg","TUR",0.003
"csugr","csorg","TZA",0.003
"csugr","csorg","UGA",0.003
"csugr","csorg","UKR",0.003
"csugr","csorg","URY",0.003
"csugr","csorg","USA",0.003
"csugr","csorg","UZB",0.003
"csugr","csorg","VEN",0.003
"csugr","csorg","ZAF",0.003
"csugr","csorg","ZMB",0.003
"csugr","csorg","ZWE",0.003
"csugr","cwhea","AGO",0.003
"csugr","cwhea","ARG",0.003
"csugr","cwhea","ARM",0.003
"csugr","cwhea","AUS",0.003
"csugr","cwhea","AUT",0.003
"csugr","cwhea","AZE",0.003
"csugr","cwhea","BGD",0.003
"csugr","cwhea","BGR",0.003
"csugr","cwhea","BLR",0.003
"csugr","cwhea","BLT",0.003
"csugr","cwhea","BLX",0.003
"csugr","cwhea","BOL",0.003
"csugr","cwhea","BRA",0.003
"csugr","cwhea","BTN",0.003
"csugr","cwhea","BWA",0.003
"csugr","cwhea","CHM",0.003
"csugr","cwhea","CMR",0.003
"csugr","cwhea","COL",0.003
"csugr","cwhea","CRB",0.003
"csugr","cwhea","CRI",0.003
"csugr","cwhea","CZE",0.003
"csugr","cwhea","DEU",0.003
"csugr","cwhea","DNK",0.003
"csugr","cwhea","DZA",0.003
"csugr","cwhea","ECU",0.003
"csugr","cwhea","EGY",0.003
"csugr","cwhea","FNP",0.003
"csugr","cwhea","FRP",0.003
"csugr","cwhea","GEO",0.003
"csugr","cwhea","GRC",0.003
"csugr","cwhea","GSA",0.003
"csugr","cwhea","GTM",0.003
"csugr","cwhea","HRV",0.003
"csugr","cwhea","HUN",0.003
"csugr","cwhea","IDN",0.003
"csugr","cwhea","IND",0.003
"csugr","cwhea","IRN",0.003
"csugr","cwhea","IRQ",0.003
"csugr","cwhea","ISR",0.003
"csugr","cwhea","ITP",0.003
"csugr","cwhea","JOR",0.003
"csugr","cwhea","KEN",0.003
"csugr","cwhea","KGZ",0.003
"csugr","cwhea","KOR",0.003
"csugr","cwhea","LBN",0.003
"csugr","cwhea","LKA",0.003
"csugr","cwhea","MDA",0.003
"csugr","cwhea","MEX",0.003
"csugr","cwhea","MNG",0.003
"csugr","cwhea","MOR",0.003
"csugr","cwhea","MRT",0.003
"csugr","cwhea","MYS",0.003
"csugr","cwhea","NIC",0.003
"csugr","cwhea","NLD",0.003
"csugr","cwhea","NPL",0.003
"csugr","cwhea","NZL",0.003
"csugr","cwhea","OBN",0.003
"csugr","cwhea","OPO",0.003
"csugr","cwhea","PAK",0.003
"csugr","cwhea","PAN",0.003
"csugr","cwhea","PER",0.003
"csugr","cwhea","POL",0.003
"csugr","cwhea","PRY",0.003
"csugr","cwhea","RAP",0.003
"csugr","cwhea","ROU",0.003
"csugr","cwhea","RUS",0.003
"csugr","cwhea","RWA",0.003
"csugr","cwhea","SAU",0.003
"csugr","cwhea","SLV",0.003
"csugr","cwhea","SPP",0.003
"csugr","cwhea","SVK",0.003
"csugr","cwhea","SVN",0.003
"csugr","cwhea","SWE",0.003
"csugr","cwhea","SYR",0.003
"csugr","cwhea","THA",0.003
"csugr","cwhea","TUR",0.003
"csugr","cwhea","TZA",0.003
"csugr","cwhea","UGA",0.003
"csugr","cwhea","UKR",0.003
"csugr","cwhea","URY",0.003
"csugr","cwhea","USA",0.003
"csugr","cwhea","UZB",0.003
"csugr","cwhea","VEN",0.003
"csugr","cwhea","VNM",0.003
"csugr","cwhea","ZAF",0.003
"csugr","cwhea","ZMB",0.003
"csugr","cwhea","ZWE",0.003
"csugr","cocer","ARG",0.003
"csugr","cocer","ARM",0.003
"csugr","cocer","AUS",0.003
"csugr","cocer","AUT",0.003
"csugr","cocer","AZE",0.003
"csugr","cocer","BGD",0.003
"csugr","cocer","BGR",0.003
"csugr","cocer","BLR",0.003
"csugr","cocer","BLT",0.003
"csugr","cocer","BLX",0.003
"csugr","cocer","BOL",0.003
"csugr","cocer","BRA",0.003
"csugr","cocer","CHM",0.003
"csugr","cocer","CZE",0.003
"csugr","cocer","DEU",0.003
"csugr","cocer","DNK",0.003
"csugr","cocer","DZA",0.003
"csugr","cocer","ECU",0.003
"csugr","cocer","EGY",0.003
"csugr","cocer","FNP",0.003
"csugr","cocer","FRP",0.003
"csugr","cocer","GEO",0.003
"csugr","cocer","GRC",0.003
"csugr","cocer","HRV",0.003
"csugr","cocer","HUN",0.003
"csugr","cocer","ITP",0.003
"csugr","cocer","KOR",0.003
"csugr","cocer","MDA",0.003
"csugr","cocer","MEX",0.003
"csugr","cocer","MNG",0.003
"csugr","cocer","MOR",0.003
"csugr","cocer","NLD",0.003
"csugr","cocer","NPL",0.003
"csugr","cocer","NZL",0.003
"csugr","cocer","OBN",0.003
"csugr","cocer","PER",0.003
"csugr","cocer","POL",0.003
"csugr","cocer","ROU",0.003
"csugr","cocer","RUS",0.003
"csugr","cocer","SPP",0.003
"csugr","cocer","SVK",0.003
"csugr","cocer","SVN",0.003
"csugr","cocer","SWE",0.003
"csugr","cocer","TGO",0.003
"csugr","cocer","THA",0.003
"csugr","cocer","TUR",0.003
"csugr","cocer","TZA",0.003
"csugr","cocer","UKR",0.003
"csugr","cocer","URY",0.003
"csugr","cocer","USA",0.003
"csugr","cocer","UZB",0.003
"csugr","cocer","ZAF",0.003
"csugr","ccass","AGO",0.003
"csugr","ccass","ARG",0.003
"csugr","ccass","AUS",0.003
"csugr","ccass","AUT",0.003
"csugr","ccass","BGD",0.003
"csugr","ccass","BLR",0.003
"csugr","ccass","BLX",0.003
"csugr","ccass","BOL",0.003
"csugr","ccass","BRA",0.003
"csugr","ccass","CHM",0.003
"csugr","ccass","CMR",0.003
"csugr","ccass","COL",0.003
"csugr","ccass","CRI",0.003
"csugr","ccass","CZE",0.003
"csugr","ccass","DEU",0.003
"csugr","ccass","ECU",0.003
"csugr","ccass","FJI",0.003
"csugr","ccass","FRP",0.003
"csugr","ccass","GMB",0.003
"csugr","ccass","GSA",0.003
"csugr","ccass","GTM",0.003
"csugr","ccass","HND",0.003
"csugr","ccass","HUN",0.003
"csugr","ccass","IDN",0.003
"csugr","ccass","IND",0.003
"csugr","ccass","ISR",0.003
"csugr","ccass","ITP",0.003
"csugr","ccass","KEN",0.003
"csugr","ccass","KHM",0.003
"csugr","ccass","KOR",0.003
"csugr","ccass","LAO",0.003
"csugr","ccass","LBN",0.003
"csugr","ccass","LKA",0.003
"csugr","ccass","MEX",0.003
"csugr","ccass","MYS",0.003
"csugr","ccass","NIC",0.003
"csugr","ccass","NZL",0.003
"csugr","ccass","OIO",0.003
"csugr","ccass","OPO",0.003
"csugr","ccass","PAK",0.003
"csugr","ccass","PAN",0.003
"csugr","ccass","PER",0.003
"csugr","ccass","POL",0.003
"csugr","ccass","PRY",0.003
"csugr","ccass","RAP",0.003
"csugr","ccass","RUS",0.003
"csugr","ccass","RWA",0.003
"csugr","ccass","SLV",0.003
"csugr","ccass","SPP",0.003
"csugr","ccass","SWE",0.003
"csugr","ccass","TGO",0.003
"csugr","ccass","THA",0.003
"csugr","ccass","TZA",0.003
"csugr","ccass","UGA",0.003
"csugr","ccass","URY",0.003
"csugr","ccass","USA",0.003
"csugr","ccass","VEN",0.003
"csugr","ccass","VNM",0.003
"csugr","ccass","ZAF",0.003
"csugr","ccass","ZMB",0.003
"csugr","ccass","ZWE",0.003
"csugr","cpota","AGO",0.003
"csugr","cpota","ARG",0.003
"csugr","cpota","ARM",0.003
"csugr","cpota","AUS",0.003
"csugr","cpota","AUT",0.003
"csugr","cpota","AZE",0.003
"csugr","cpota","BGD",0.003
"csugr","cpota","BGR",0.003
"csugr","cpota","BLR",0.003
"csugr","cpota","BLT",0.003
"csugr","cpota","BLX",0.003
"csugr","cpota","BOL",0.003
"csugr","cpota","BRA",0.003
"csugr","cpota","BTN",0.003
"csugr","cpota","BWA",0.003
"csugr","cpota","CHM",0.003
"csugr","cpota","CMR",0.003
"csugr","cpota","COL",0.003
"csugr","cpota","CRB",0.003
"csugr","cpota","CRI",0.003
"csugr","cpota","CZE",0.003
"csugr","cpota","DEU",0.003
"csugr","cpota","DNK",0.003
"csugr","cpota","DZA",0.003
"csugr","cpota","ECU",0.003
"csugr","cpota","EGY",0.003
"csugr","cpota","FNP",0.003
"csugr","cpota","FRP",0.003
"csugr","cpota","GEO",0.003
"csugr","cpota","GRC",0.003
"csugr","cpota","GSA",0.003
"csugr","cpota","GTM",0.003
"csugr","cpota","HND",0.003
"csugr","cpota","HRV",0.003
"csugr","cpota","HUN",0.003
"csugr","cpota","IDN",0.003
"csugr","cpota","IND",0.003
"csugr","cpota","IRN",0.003
"csugr","cpota","IRQ",0.003
"csugr","cpota","ISR",0.003
"csugr","cpota","ITP",0.003
"csugr","cpota","JOR",0.003
"csugr","cpota","KEN",0.003
"csugr","cpota","KGZ",0.003
"csugr","cpota","KHM",0.003
"csugr","cpota","KOR",0.003
"csugr","cpota","LBN",0.003
"csugr","cpota","LKA",0.003
"csugr","cpota","MDA",0.003
"csugr","cpota","MEX",0.003
"csugr","cpota","MNG",0.003
"csugr","cpota","MOR",0.003
"csugr","cpota","MRT",0.003
"csugr","cpota","MYS",0.003
"csugr","cpota","NAM",0.003
"csugr","cpota","NIC",0.003
"csugr","cpota","NLD",0.003
"csugr","cpota","NPL",0.003
"csugr","cpota","NZL",0.003
"csugr","cpota","OBN",0.003
"csugr","cpota","OIO",0.003
"csugr","cpota","PAK",0.003
"csugr","cpota","PAN",0.003
"csugr","cpota","PER",0.003
"csugr","cpota","POL",0.003
"csugr","cpota","PRY",0.003
"csugr","cpota","RAP",0.003
"csugr","cpota","ROU",0.003
"csugr","cpota","RUS",0.003
"csugr","cpota","RWA",0.003
"csugr","cpota","SAU",0.003
"csugr","cpota","SLV",0.003
"csugr","cpota","SPP",0.003
"csugr","cpota","SVK",0.003
"csugr","cpota","SVN",0.003
"csugr","cpota","SWE",0.003
"csugr","cpota","SYR",0.003
"csugr","cpota","THA",0.003
"csugr","cpota","TUR",0.003
"csugr","cpota","TZA",0.003
"csugr","cpota","UGA",0.003
"csugr","cpota","UKR",0.003
"csugr","cpota","URY",0.003
"csugr","cpota","USA",0.003
"csugr","cpota","UZB",0.003
"csugr","cpota","VEN",0.003
"csugr","cpota","VNM",0.003
"csugr","cpota","ZAF",0.003
"csugr","cpota","ZMB",0.003
"csugr","cpota","ZWE",0.003
"csugr","cswpt","AGO",0.003
"csugr","cswpt","ARG",0.003
"csugr","cswpt","AUS",0.003
"csugr","cswpt","BGD",0.003
"csugr","cswpt","BOL",0.003
"csugr","cswpt","BRA",0.003
"csugr","cswpt","CHM",0.003
"csugr","cswpt","CMR",0.003
"csugr","cswpt","EGY",0.003
"csugr","cswpt","FJI",0.003
"csugr","cswpt","GSA",0.003
"csugr","cswpt","HND",0.003
"csugr","cswpt","IDN",0.003
"csugr","cswpt","IND",0.003
"csugr","cswpt","ISR",0.003
"csugr","cswpt","KEN",0.003
"csugr","cswpt","KHM",0.003
"csugr","cswpt","KOR",0.003
"csugr","cswpt","LAO",0.003
"csugr","cswpt","LKA",0.003
"csugr","cswpt","MEX",0.003
"csugr","cswpt","MOR",0.003
"csugr","cswpt","MRT",0.003
"csugr","cswpt","MYS",0.003
"csugr","cswpt","NLD",0.003
"csugr","cswpt","NZL",0.003
"csugr","cswpt","OIO",0.003
"csugr","cswpt","PAK",0.003
"csugr","cswpt","PER",0.003
"csugr","cswpt","PRY",0.003
"csugr","cswpt","RWA",0.003
"csugr","cswpt","SPP",0.003
"csugr","cswpt","TGO",0.003
"csugr","cswpt","THA",0.003
"csugr","cswpt","TZA",0.003
"csugr","cswpt","UGA",0.003
"csugr","cswpt","URY",0.003
"csugr","cswpt","USA",0.003
"csugr","cswpt","VEN",0.003
"csugr","cswpt","VNM",0.003
"csugr","cswpt","ZAF",0.003
"csugr","cswpt","ZMB",0.003
"csugr","cswpt","ZWE",0.003
"csugr","cyams","BRA",0.003
"csugr","cyams","CMR",0.003
"csugr","cyams","COL",0.003
"csugr","cyams","CRB",0.003
"csugr","cyams","CRI",0.003
"csugr","cyams","KEN",0.003
"csugr","cyams","MYS",0.003
"csugr","cyams","OIO",0.003
"csugr","cyams","PAN",0.003
"csugr","cyams","RAP",0.003
"csugr","cyams","RWA",0.003
"csugr","cyams","TGO",0.003
"csugr","cyams","TZA",0.003
"csugr","cyams","VEN",0.003
"csugr","corat","BOL",0.003
"csugr","corat","BTN",0.003
"csugr","corat","BWA",0.003
"csugr","corat","CHM",0.003
"csugr","corat","CMR",0.003
"csugr","corat","COL",0.003
"csugr","corat","CRB",0.003
"csugr","corat","CRI",0.003
"csugr","corat","ECU",0.003
"csugr","corat","EGY",0.003
"csugr","corat","FJI",0.003
"csugr","corat","GSA",0.003
"csugr","corat","HND",0.003
"csugr","corat","IDN",0.003
"csugr","corat","KEN",0.003
"csugr","corat","KHM",0.003
"csugr","corat","LAO",0.003
"csugr","corat","MEX",0.003
"csugr","corat","MYS",0.003
"csugr","corat","NAM",0.003
"csugr","corat","NIC",0.003
"csugr","corat","NPL",0.003
"csugr","corat","OIO",0.003
"csugr","corat","OPO",0.003
"csugr","corat","PAK",0.003
"csugr","corat","PAN",0.003
"csugr","corat","PER",0.003
"csugr","corat","RWA",0.003
"csugr","corat","SLV",0.003
"csugr","corat","TGO",0.003
"csugr","corat","THA",0.003
"csugr","corat","USA",0.003
"csugr","corat","VEN",0.003
"csugr","cplnt","BGD",0.003
"csugr","cplnt","BOL",0.003
"csugr","cplnt","CMR",0.003
"csugr","cplnt","COL",0.003
"csugr","cplnt","CRB",0.003
"csugr","cplnt","CRI",0.003
"csugr","cplnt","ECU",0.003
"csugr","cplnt","FJI",0.003
"csugr","cplnt","GSA",0.003
"csugr","cplnt","GTM",0.003
"csugr","cplnt","HND",0.003
"csugr","cplnt","KEN",0.003
"csugr","cplnt","LKA",0.003
"csugr","cplnt","NIC",0.003
"csugr","cplnt","OBN",0.003
"csugr","cplnt","PAN",0.003
"csugr","cplnt","RAP",0.003
"csugr","cplnt","RWA",0.003
"csugr","cplnt","SLV",0.003
"csugr","cplnt","SPP",0.003
"csugr","cplnt","TZA",0.003
"csugr","cplnt","UGA",0.003
"csugr","cplnt","VEN",0.003
"csugr","csugr","AGO",-0.390115893748776
"csugr","csugr","ARG",-0.179471422086558
"csugr","csugr","ARM",-0.38469626640541
"csugr","csugr","AUS",-0.242776834872145
"csugr","csugr","AUT",-0.268444889303409
"csugr","csugr","AZE",-0.38469626640541
"csugr","csugr","BGD",-0.499043802374124
"csugr","csugr","BGR",-0.234777766261094
"csugr","csugr","BLR",-0.382764148884751
"csugr","csugr","BLT",-0.382764148884751
"csugr","csugr","BLX",-0.267936564839732
"csugr","csugr","BOL",-0.330392258637481
"csugr","csugr","BRA",-0.252701842931898
"csugr","csugr","BTN",-0.351082287000391
"csugr","csugr","BWA",-0.391504967306698
"csugr","csugr","CHM",-0.39963218169099
"csugr","csugr","CMR",-0.302453049640841
"csugr","csugr","COL",-0.405736907989726
"csugr","csugr","CRB",-0.27771130565462
"csugr","csugr","CRI",-0.32945962966166
"csugr","csugr","CZE",-0.234777766261094
"csugr","csugr","DEU",-0.268528112700734
"csugr","csugr","DNK",-0.268149038098923
"csugr","csugr","DZA",-0.37050931999797
"csugr","csugr","ECU",-0.330050932668367
"csugr","csugr","EGY",-0.415491736143556
"csugr","csugr","FJI",-0.27771130565462
"csugr","csugr","FNP",-0.268149038098923
"csugr","csugr","FRP",-0.268298687427185
"csugr","csugr","GEO",-0.38469626640541
"csugr","csugr","GMB",-0.302702052907058
"csugr","csugr","GRC",-0.234738136735738
"csugr","csugr","GSA",-0.331177409131602
"csugr","csugr","GTM",-0.32945962966166
"csugr","csugr","HND",-0.32945962966166
"csugr","csugr","HRV",-0.234738136735738
"csugr","csugr","HUN",-0.234777766261094
"csugr","csugr","IDN",-0.377503551109592
"csugr","csugr","IND",-0.351730676149419
"csugr","csugr","IRN",-0.370053986736726
"csugr","csugr","IRQ",-0.373
"csugr","csugr","ISR",-0.208973536385545
"csugr","csugr","ITP",-0.26878884508194
"csugr","csugr","JOR",-0.370174419287955
"csugr","csugr","KEN",-0.23375198169704
"csugr","csugr","KGZ",-0.352970780178832
"csugr","csugr","KHM",-0.287694868971424
"csugr","csugr","KOR",-0.450990094892031
"csugr","csugr","LAO",-0.287694868971424
"csugr","csugr","LBN",-0.371351756758475
"csugr","csugr","LKA",-0.351542961078925
"csugr","csugr","MDA",-0.234777766261094
"csugr","csugr","MEX",-0.361379042390635
"csugr","csugr","MNG",-0.422733699953199
"csugr","csugr","MOR",-0.37069238450826
"csugr","csugr","MRT",-0.323
"csugr","csugr","MYS",-0.234336844943893
"csugr","csugr","NAM",-0.391606942438489
"csugr","csugr","NIC",-0.32945962966166
"csugr","csugr","NLD",-0.268706582835647
"csugr","csugr","NPL",-0.351722236293628
"csugr","csugr","NZL",-0.208172664315043
"csugr","csugr","OBN",-0.234738136735738
"csugr","csugr","OIO",-0.27771130565462
"csugr","csugr","OPO",-0.27771130565462
"csugr","csugr","PAK",-0.400921444704305
"csugr","csugr","PAN",-0.32945962966166
"csugr","csugr","PER",-0.330388241251988
"csugr","csugr","POL",-0.234951192736074
"csugr","csugr","PRY",-0.330392258637481
"csugr","csugr","RAP",-0.371186455273312
"csugr","csugr","ROU",-0.234777766261094
"csugr","csugr","RUS",-0.382226930019474
"csugr","csugr","RWA",-0.23386094820891
"csugr","csugr","SAU",-0.371186455273312
"csugr","csugr","SLV",-0.32945962966166
"csugr","csugr","SPP",-0.268055973389052
"csugr","csugr","SVK",-0.234777766261094
"csugr","csugr","SVN",-0.234738136735738
"csugr","csugr","SWE",-0.268149038098923
"csugr","csugr","SYR",-0.37106751754881
"csugr","csugr","TGO",-0.303
"csugr","csugr","THA",-0.347553120563873
"csugr","csugr","TUR",-0.360846752238241
"csugr","csugr","TZA",-0.233776291907464
"csugr","csugr","UGA",-0.23262334033328
"csugr","csugr","UKR",-0.382163948316525
"csugr","csugr","URY",-0.330667841021429
"csugr","csugr","USA",-0.362433727577395
"csugr","csugr","UZB",-0.352855879226091
"csugr","csugr","VEN",-0.331177409131602
"csugr","csugr","VNM",-0.356958218915916
"csugr","csugr","ZAF",-0.208109439932722
"csugr","csugr","ZMB",-0.391637078106098
"csugr","csugr","ZWE",-0.387535306212618
"cgrnd","cbeef","ARG",0.003
"cgrnd","cbeef","CHM",0.003
"cgrnd","cbeef","COL",0.003
"cgrnd","cbeef","GTM",0.003
"cgrnd","cbeef","HUN",0.003
"cgrnd","cbeef","IRN",0.003
"cgrnd","cbeef","JOR",0.003
"cgrnd","cbeef","JPN",0.003
"cgrnd","cbeef","RAP",0.003
"cgrnd","cbeef","RUS",0.003
"cgrnd","cbeef","SDN",0.003
"cgrnd","cbeef","TCD",0.003
"cgrnd","cbeef","TJK",0.003
"cgrnd","cpork","ITP",0.003
"cgrnd","cpork","JPN",0.003
"cgrnd","cpork","MMR",0.003
"cgrnd","cpork","RUS",0.003
"cgrnd","clamb","IRN",0.003
"cgrnd","clamb","ITP",0.003
"cgrnd","clamb","RAP",0.003
"cgrnd","clamb","SDN",0.003
"cgrnd","clamb","TCD",0.003
"cgrnd","clamb","TJK",0.003
"cgrnd","clamb","USA",0.003
"cgrnd","cpoul","BLX",0.003
"cgrnd","cpoul","BRA",0.003
"cgrnd","cpoul","CZE",0.003
"cgrnd","cpoul","DNK",0.003
"cgrnd","cpoul","GRC",0.003
"cgrnd","cpoul","GTM",0.003
"cgrnd","cpoul","HUN",0.003
"cgrnd","cpoul","ISR",0.003
"cgrnd","cpoul","ITP",0.003
"cgrnd","cpoul","JPN",0.003
"cgrnd","cpoul","MMR",0.003
"cgrnd","cpoul","NLD",0.003
"cgrnd","cpoul","POL",0.003
"cgrnd","cpoul","PRT",0.003
"cgrnd","cpoul","RAP",0.003
"cgrnd","cpoul","RUS",0.003
"cgrnd","cpoul","SVK",0.003
"cgrnd","cpoul","TCD",0.003
"cgrnd","cpoul","TJK",0.003
"cgrnd","cpoul","URY",0.003
"cgrnd","cpoul","USA",0.003
"cgrnd","ceggs","AGO",0.003
"cgrnd","ceggs","ALB",0.003
"cgrnd","ceggs","ARG",0.003
"cgrnd","ceggs","AUS",0.003
"cgrnd","ceggs","BEN",0.003
"cgrnd","ceggs","BFA",0.003
"cgrnd","ceggs","BGD",0.003
"cgrnd","ceggs","BLX",0.003
"cgrnd","ceggs","BOL",0.003
"cgrnd","ceggs","BRA",0.003
"cgrnd","ceggs","CHM",0.003
"cgrnd","ceggs","CHP",0.003
"cgrnd","ceggs","CIV",0.003
"cgrnd","ceggs","CMR",0.003
"cgrnd","ceggs","COD",0.003
"cgrnd","ceggs","COL",0.003
"cgrnd","ceggs","CZE",0.003
"cgrnd","ceggs","DNK",0.003
"cgrnd","ceggs","DOM",0.003
"cgrnd","ceggs","ECU",0.003
"cgrnd","ceggs","EGY",0.003
"cgrnd","ceggs","ETH",0.003
"cgrnd","ceggs","GHA",0.003
"cgrnd","ceggs","GIN",0.003
"cgrnd","ceggs","GRC",0.003
"cgrnd","ceggs","GTM",0.003
"cgrnd","ceggs","HTI",0.003
"cgrnd","ceggs","HUN",0.003
"cgrnd","ceggs","IDN",0.003
"cgrnd","ceggs","IND",0.003
"cgrnd","ceggs","IRN",0.003
"cgrnd","ceggs","ISR",0.003
"cgrnd","ceggs","ITP",0.003
"cgrnd","ceggs","JOR",0.003
"cgrnd","ceggs","JPN",0.003
"cgrnd","ceggs","KEN",0.003
"cgrnd","ceggs","KHM",0.003
"cgrnd","ceggs","KOR",0.003
"cgrnd","ceggs","LAO",0.003
"cgrnd","ceggs","LBR",0.003
"cgrnd","ceggs","LBY",0.003
"cgrnd","ceggs","LKA",0.003
"cgrnd","ceggs","MDG",0.003
"cgrnd","ceggs","MEX",0.003
"cgrnd","ceggs","MLI",0.003
"cgrnd","ceggs","MMR",0.003
"cgrnd","ceggs","MOR",0.003
"cgrnd","ceggs","MOZ",0.003
"cgrnd","ceggs","MRT",0.003
"cgrnd","ceggs","MWI",0.003
"cgrnd","ceggs","NER",0.003
"cgrnd","ceggs","NGA",0.003
"cgrnd","ceggs","NIC",0.003
"cgrnd","ceggs","NLD",0.003
"cgrnd","ceggs","NPL",0.003
"cgrnd","ceggs","PAK",0.003
"cgrnd","ceggs","PHL",0.003
"cgrnd","ceggs","POL",0.003
"cgrnd","ceggs","PRT",0.003
"cgrnd","ceggs","PRY",0.003
"cgrnd","ceggs","RAP",0.003
"cgrnd","ceggs","RUS",0.003
"cgrnd","ceggs","RWA",0.003
"cgrnd","ceggs","SDN",0.003
"cgrnd","ceggs","SEN",0.003
"cgrnd","ceggs","SLE",0.003
"cgrnd","ceggs","SVK",0.003
"cgrnd","ceggs","SYR",0.003
"cgrnd","ceggs","TGO",0.003
"cgrnd","ceggs","TJK",0.003
"cgrnd","ceggs","TUR",0.003
"cgrnd","ceggs","TZA",0.003
"cgrnd","ceggs","UGA",0.003
"cgrnd","ceggs","URY",0.003
"cgrnd","ceggs","USA",0.003
"cgrnd","ceggs","UZB",0.003
"cgrnd","ceggs","VNM",0.003
"cgrnd","ceggs","ZMB",0.003
"cgrnd","ceggs","ZWE",0.003
"cgrnd","cmilk","AGO",0.003
"cgrnd","cmilk","ALB",0.003
"cgrnd","cmilk","ARG",0.003
"cgrnd","cmilk","AUS",0.003
"cgrnd","cmilk","BDI",0.003
"cgrnd","cmilk","BEN",0.003
"cgrnd","cmilk","BFA",0.003
"cgrnd","cmilk","BGD",0.003
"cgrnd","cmilk","BLX",0.003
"cgrnd","cmilk","BOL",0.003
"cgrnd","cmilk","BRA",0.003
"cgrnd","cmilk","BWA",0.003
"cgrnd","cmilk","CAF",0.003
"cgrnd","cmilk","CHM",0.003
"cgrnd","cmilk","CHP",0.003
"cgrnd","cmilk","CIV",0.003
"cgrnd","cmilk","CMR",0.003
"cgrnd","cmilk","COG",0.003
"cgrnd","cmilk","COL",0.003
"cgrnd","cmilk","CZE",0.003
"cgrnd","cmilk","DNK",0.003
"cgrnd","cmilk","DOM",0.003
"cgrnd","cmilk","ECU",0.003
"cgrnd","cmilk","EGY",0.003
"cgrnd","cmilk","ETH",0.003
"cgrnd","cmilk","GAB",0.003
"cgrnd","cmilk","GHA",0.003
"cgrnd","cmilk","GIN",0.003
"cgrnd","cmilk","GNB",0.003
"cgrnd","cmilk","GRC",0.003
"cgrnd","cmilk","GTM",0.003
"cgrnd","cmilk","HTI",0.003
"cgrnd","cmilk","HUN",0.003
"cgrnd","cmilk","IDN",0.003
"cgrnd","cmilk","IND",0.003
"cgrnd","cmilk","IRN",0.003
"cgrnd","cmilk","ISR",0.003
"cgrnd","cmilk","ITP",0.003
"cgrnd","cmilk","JOR",0.003
"cgrnd","cmilk","JPN",0.003
"cgrnd","cmilk","KEN",0.003
"cgrnd","cmilk","KHM",0.003
"cgrnd","cmilk","KOR",0.003
"cgrnd","cmilk","LAO",0.003
"cgrnd","cmilk","LBR",0.003
"cgrnd","cmilk","LBY",0.003
"cgrnd","cmilk","LKA",0.003
"cgrnd","cmilk","MDG",0.003
"cgrnd","cmilk","MEX",0.003
"cgrnd","cmilk","MLI",0.003
"cgrnd","cmilk","MMR",0.003
"cgrnd","cmilk","MOR",0.003
"cgrnd","cmilk","MOZ",0.003
"cgrnd","cmilk","MRT",0.003
"cgrnd","cmilk","MWI",0.003
"cgrnd","cmilk","NER",0.003
"cgrnd","cmilk","NGA",0.003
"cgrnd","cmilk","NIC",0.003
"cgrnd","cmilk","NLD",0.003
"cgrnd","cmilk","NPL",0.003
"cgrnd","cmilk","PAK",0.003
"cgrnd","cmilk","PHL",0.003
"cgrnd","cmilk","POL",0.003
"cgrnd","cmilk","PRT",0.003
"cgrnd","cmilk","PRY",0.003
"cgrnd","cmilk","RAP",0.003
"cgrnd","cmilk","RUS",0.003
"cgrnd","cmilk","RWA",0.003
"cgrnd","cmilk","SDN",0.003
"cgrnd","cmilk","SEN",0.003
"cgrnd","cmilk","SLE",0.003
"cgrnd","cmilk","SOM",0.003
"cgrnd","cmilk","SVK",0.003
"cgrnd","cmilk","SYR",0.003
"cgrnd","cmilk","TCD",0.003
"cgrnd","cmilk","TGO",0.003
"cgrnd","cmilk","TJK",0.003
"cgrnd","cmilk","TUR",0.003
"cgrnd","cmilk","TZA",0.003
"cgrnd","cmilk","UGA",0.003
"cgrnd","cmilk","URY",0.003
"cgrnd","cmilk","USA",0.003
"cgrnd","cmilk","UZB",0.003
"cgrnd","cmilk","VNM",0.003
"cgrnd","cmilk","ZMB",0.003
"cgrnd","cmilk","ZWE",0.003
"cgrnd","cgrnd","AGO",-0.308650816542741
"cgrnd","cgrnd","ALB",-0.0987810187771806
"cgrnd","cgrnd","ARG",-0.198050161261789
"cgrnd","cgrnd","AUS",-0.214452451833088
"cgrnd","cgrnd","BDI",-0.335
"cgrnd","cgrnd","BEN",-0.339016785737672
"cgrnd","cgrnd","BFA",-0.243967510792795
"cgrnd","cgrnd","BGD",-0.242162539030373
"cgrnd","cgrnd","BLX",-0.256349282029272
"cgrnd","cgrnd","BOL",-0.208569684060336
"cgrnd","cgrnd","BRA",-0.172776441426773
"cgrnd","cgrnd","BWA",-0.312347339918785
"cgrnd","cgrnd","CAF",-0.34
"cgrnd","cgrnd","CHM",-0.129227581551078
"cgrnd","cgrnd","CHP",-0.253839416185856
"cgrnd","cgrnd","CIV",-0.34
"cgrnd","cgrnd","CMR",-0.336487020787071
"cgrnd","cgrnd","COD",-0.336920078133112
"cgrnd","cgrnd","COG",-0.33423411736979
"cgrnd","cgrnd","COL",-0.216064038837149
"cgrnd","cgrnd","CZE",-0.0988444260177507
"cgrnd","cgrnd","DNK",-0.253591142023818
"cgrnd","cgrnd","DOM",-0.207622951491689
"cgrnd","cgrnd","ECU",-0.2037753467686
"cgrnd","cgrnd","EGY",-0.165181055193118
"cgrnd","cgrnd","ETH",-0.241573764878926
"cgrnd","cgrnd","GAB",-0.34
"cgrnd","cgrnd","GHA",-0.337792434748092
"cgrnd","cgrnd","GIN",-0.338612682712387
"cgrnd","cgrnd","GNB",-0.34
"cgrnd","cgrnd","GRC",-0.0987810187771806
"cgrnd","cgrnd","GTM",-0.207622951491689
"cgrnd","cgrnd","HTI",-0.207622951491689
"cgrnd","cgrnd","HUN",-0.0988444260177507
"cgrnd","cgrnd","IDN",-0.287460459972754
"cgrnd","cgrnd","IND",-0.215938600346892
"cgrnd","cgrnd","IRN",-0.117424856173131
"cgrnd","cgrnd","ISR",-0.234814839359068
"cgrnd","cgrnd","ITP",-0.258963420983273
"cgrnd","cgrnd","JOR",-0.11774283873605
"cgrnd","cgrnd","JPN",-0.0976055166350953
"cgrnd","cgrnd","KEN",-0.332032404372054
"cgrnd","cgrnd","KHM",-0.233414269007281
"cgrnd","cgrnd","KOR",-0.135329188875642
"cgrnd","cgrnd","LAO",-0.233414269007281
"cgrnd","cgrnd","LBR",-0.34
"cgrnd","cgrnd","LBY",-0.118898114483032
"cgrnd","cgrnd","LKA",-0.274044920936868
"cgrnd","cgrnd","MDG",-0.315
"cgrnd","cgrnd","MEX",-0.182336648672762
"cgrnd","cgrnd","MLI",-0.239072314966216
"cgrnd","cgrnd","MMR",-0.252922209588481
"cgrnd","cgrnd","MOR",-0.119078518006677
"cgrnd","cgrnd","MOZ",-0.311224261806891
"cgrnd","cgrnd","MRT",-0.246559397268821
"cgrnd","cgrnd","MWI",-0.314980934932609
"cgrnd","cgrnd","NER",-0.249027905198345
"cgrnd","cgrnd","NGA",-0.329098028482113
"cgrnd","cgrnd","NIC",-0.207622951491689
"cgrnd","cgrnd","NLD",-0.258474820647077
"cgrnd","cgrnd","NPL",-0.282308254099238
"cgrnd","cgrnd","PAK",-0.157642005350056
"cgrnd","cgrnd","PHL",-0.165088896518446
"cgrnd","cgrnd","POL",-0.0991219083777184
"cgrnd","cgrnd","PRT",-0.254840301773284
"cgrnd","cgrnd","PRY",-0.208569684060336
"cgrnd","cgrnd","RAP",-0.120358350334293
"cgrnd","cgrnd","RUS",-0.11819865876
"cgrnd","cgrnd","RWA",-0.327508284396312
"cgrnd","cgrnd","SDN",-0.236581348334816
"cgrnd","cgrnd","SEN",-0.338010867598184
"cgrnd","cgrnd","SLE",-0.333148032150113
"cgrnd","cgrnd","SOM",-0.25
"cgrnd","cgrnd","SVK",-0.0988444260177507
"cgrnd","cgrnd","SYR",-0.121427416908357
"cgrnd","cgrnd","TCD",-0.237625718823126
"cgrnd","cgrnd","TGO",-0.34
"cgrnd","cgrnd","TJK",-0.11819865876
"cgrnd","cgrnd","TUR",-0.119767142880771
"cgrnd","cgrnd","TZA",-0.323755380323414
"cgrnd","cgrnd","UGA",-0.32878937488339
"cgrnd","cgrnd","URY",-0.208797381561062
"cgrnd","cgrnd","USA",-0.24789653849175
"cgrnd","cgrnd","UZB",-0.0782095469279634
"cgrnd","cgrnd","VNM",-0.261195162320336
"cgrnd","cgrnd","ZMB",-0.312699999859261
"cgrnd","cgrnd","ZWE",-0.315
"cgrnd","cgdol","BLX",0.003
"cgrnd","cgdol","CHM",0.003
"cgrnd","cgdol","GIN",0.003
"cgrnd","cgdol","MWI",0.003
"cgrnd","cgdol","POL",0.003
"cgrnd","cgdol","PRT",0.003
"cgrnd","cgdol","USA",0.003
"cgrnd","cgdol","VNM",0.003
"cgrnd","crpsd","AUS",0.003
"cgrnd","crpsd","CHM",0.003
"cgrnd","crpsd","CHP",0.003
"cgrnd","crpsd","CZE",0.003
"cgrnd","crpsd","DNK",0.003
"cgrnd","crpsd","HUN",0.003
"cgrnd","crpsd","IDN",0.003
"cgrnd","crpsd","IND",0.003
"cgrnd","crpsd","POL",0.003
"cgrnd","crpsd","PRT",0.003
"cgrnd","crpsd","PRY",0.003
"cgrnd","crpsd","RAP",0.003
"cgrnd","crpsd","RUS",0.003
"cgrnd","crpsd","SVK",0.003
"cgrnd","crpsd","URY",0.003
"cgrnd","crpol","AUS",0.003
"cgrnd","crpol","BLX",0.003
"cgrnd","crpol","BRA",0.003
"cgrnd","crpol","CHM",0.003
"cgrnd","crpol","CHP",0.003
"cgrnd","crpol","COL",0.003
"cgrnd","crpol","CZE",0.003
"cgrnd","crpol","DNK",0.003
"cgrnd","crpol","ECU",0.003
"cgrnd","crpol","EGY",0.003
"cgrnd","crpol","GRC",0.003
"cgrnd","crpol","GTM",0.003
"cgrnd","crpol","HTI",0.003
"cgrnd","crpol","HUN",0.003
"cgrnd","crpol","IDN",0.003
"cgrnd","crpol","IND",0.003
"cgrnd","crpol","ISR",0.003
"cgrnd","crpol","ITP",0.003
"cgrnd","crpol","JPN",0.003
"cgrnd","crpol","MEX",0.003
"cgrnd","crpol","MMR",0.003
"cgrnd","crpol","MOR",0.003
"cgrnd","crpol","NIC",0.003
"cgrnd","crpol","NLD",0.003
"cgrnd","crpol","NPL",0.003
"cgrnd","crpol","PAK",0.003
"cgrnd","crpol","POL",0.003
"cgrnd","crpol","PRT",0.003
"cgrnd","crpol","PRY",0.003
"cgrnd","crpol","RAP",0.003
"cgrnd","crpol","RUS",0.003
"cgrnd","crpol","SVK",0.003
"cgrnd","crpol","TUR",0.003
"cgrnd","crpol","URY",0.003
"cgrnd","crpol","USA",0.003
"cgrnd","csoyb","AGO",0.003
"cgrnd","csoyb","ALB",0.003
"cgrnd","csoyb","ARG",0.003
"cgrnd","csoyb","BEN",0.003
"cgrnd","csoyb","BFA",0.003
"cgrnd","csoyb","BOL",0.003
"cgrnd","csoyb","BRA",0.003
"cgrnd","csoyb","CHM",0.003
"cgrnd","csoyb","CMR",0.003
"cgrnd","csoyb","COD",0.003
"cgrnd","csoyb","CZE",0.003
"cgrnd","csoyb","DNK",0.003
"cgrnd","csoyb","DOM",0.003
"cgrnd","csoyb","ETH",0.003
"cgrnd","csoyb","GHA",0.003
"cgrnd","csoyb","GTM",0.003
"cgrnd","csoyb","HUN",0.003
"cgrnd","csoyb","IDN",0.003
"cgrnd","csoyb","ISR",0.003
"cgrnd","csoyb","KEN",0.003
"cgrnd","csoyb","MLI",0.003
"cgrnd","csoyb","MWI",0.003
"cgrnd","csoyb","NGA",0.003
"cgrnd","csoyb","NIC",0.003
"cgrnd","csoyb","NLD",0.003
"cgrnd","csoyb","PRT",0.003
"cgrnd","csoyb","PRY",0.003
"cgrnd","csoyb","RAP",0.003
"cgrnd","csoyb","RUS",0.003
"cgrnd","csoyb","RWA",0.003
"cgrnd","csoyb","SVK",0.003
"cgrnd","csoyb","SYR",0.003
"cgrnd","csoyb","TGO",0.003
"cgrnd","csoyb","TZA",0.003
"cgrnd","csoyb","UGA",0.003
"cgrnd","csoyb","URY",0.003
"cgrnd","csoyb","USA",0.003
"cgrnd","csoyb","UZB",0.003
"cgrnd","csoyb","ZMB",0.003
"cgrnd","csbol","ARG",0.003
"cgrnd","csbol","AUS",0.003
"cgrnd","csbol","BGD",0.003
"cgrnd","csbol","BLX",0.003
"cgrnd","csbol","BOL",0.003
"cgrnd","csbol","BRA",0.003
"cgrnd","csbol","CHM",0.003
"cgrnd","csbol","COL",0.003
"cgrnd","csbol","CZE",0.003
"cgrnd","csbol","DNK",0.003
"cgrnd","csbol","DOM",0.003
"cgrnd","csbol","ECU",0.003
"cgrnd","csbol","EGY",0.003
"cgrnd","csbol","GRC",0.003
"cgrnd","csbol","GTM",0.003
"cgrnd","csbol","IND",0.003
"cgrnd","csbol","IRN",0.003
"cgrnd","csbol","ISR",0.003
"cgrnd","csbol","ITP",0.003
"cgrnd","csbol","JPN",0.003
"cgrnd","csbol","KOR",0.003
"cgrnd","csbol","MEX",0.003
"cgrnd","csbol","MOR",0.003
"cgrnd","csbol","MRT",0.003
"cgrnd","csbol","NIC",0.003
"cgrnd","csbol","NLD",0.003
"cgrnd","csbol","NPL",0.003
"cgrnd","csbol","PAK",0.003
"cgrnd","csbol","PHL",0.003
"cgrnd","csbol","POL",0.003
"cgrnd","csbol","PRT",0.003
"cgrnd","csbol","RAP",0.003
"cgrnd","csbol","RUS",0.003
"cgrnd","csbol","SEN",0.003
"cgrnd","csbol","TUR",0.003
"cgrnd","csbol","USA",0.003
"cgrnd","csbol","UZB",0.003
"cgrnd","csbol","ZWE",0.003
"cgrnd","csnfl","AGO",0.003
"cgrnd","csnfl","ARG",0.003
"cgrnd","csnfl","BOL",0.003
"cgrnd","csnfl","CHM",0.003
"cgrnd","csnfl","COL",0.003
"cgrnd","csnfl","GRC",0.003
"cgrnd","csnfl","HUN",0.003
"cgrnd","csnfl","IDN",0.003
"cgrnd","csnfl","JOR",0.003
"cgrnd","csnfl","MWI",0.003
"cgrnd","csnfl","NLD",0.003
"cgrnd","csnfl","RUS",0.003
"cgrnd","csnfl","SDN",0.003
"cgrnd","csnfl","TUR",0.003
"cgrnd","csnfl","TZA",0.003
"cgrnd","csnfl","UGA",0.003
"cgrnd","csnfl","USA",0.003
"cgrnd","csnfl","ZMB",0.003
"cgrnd","csfol","ALB",0.003
"cgrnd","csfol","ARG",0.003
"cgrnd","csfol","AUS",0.003
"cgrnd","csfol","BLX",0.003
"cgrnd","csfol","BOL",0.003
"cgrnd","csfol","CHM",0.003
"cgrnd","csfol","CHP",0.003
"cgrnd","csfol","COL",0.003
"cgrnd","csfol","CZE",0.003
"cgrnd","csfol","DNK",0.003
"cgrnd","csfol","EGY",0.003
"cgrnd","csfol","GRC",0.003
"cgrnd","csfol","HUN",0.003
"cgrnd","csfol","IND",0.003
"cgrnd","csfol","IRN",0.003
"cgrnd","csfol","ISR",0.003
"cgrnd","csfol","ITP",0.003
"cgrnd","csfol","MEX",0.003
"cgrnd","csfol","MMR",0.003
"cgrnd","csfol","MOR",0.003
"cgrnd","csfol","NLD",0.003
"cgrnd","csfol","NPL",0.003
"cgrnd","csfol","PAK",0.003
"cgrnd","csfol","PRT",0.003
"cgrnd","csfol","RAP",0.003
"cgrnd","csfol","RUS",0.003
"cgrnd","csfol","SVK",0.003
"cgrnd","csfol","TJK",0.003
"cgrnd","csfol","TUR",0.003
"cgrnd","csfol","URY",0.003
"cgrnd","csfol","USA",0.003
"cgrnd","csfol","UZB",0.003
"cgrnd","cplol","AGO",0.003
"cgrnd","cplol","ALB",0.003
"cgrnd","cplol","ARG",0.003
"cgrnd","cplol","AUS",0.003
"cgrnd","cplol","BEN",0.003
"cgrnd","cplol","BGD",0.003
"cgrnd","cplol","BLX",0.003
"cgrnd","cplol","BOL",0.003
"cgrnd","cplol","BRA",0.003
"cgrnd","cplol","CHM",0.003
"cgrnd","cplol","CHP",0.003
"cgrnd","cplol","CIV",0.003
"cgrnd","cplol","CMR",0.003
"cgrnd","cplol","COD",0.003
"cgrnd","cplol","COG",0.003
"cgrnd","cplol","COL",0.003
"cgrnd","cplol","CZE",0.003
"cgrnd","cplol","DNK",0.003
"cgrnd","cplol","DOM",0.003
"cgrnd","cplol","ECU",0.003
"cgrnd","cplol","EGY",0.003
"cgrnd","cplol","ETH",0.003
"cgrnd","cplol","GAB",0.003
"cgrnd","cplol","GHA",0.003
"cgrnd","cplol","GIN",0.003
"cgrnd","cplol","GNB",0.003
"cgrnd","cplol","GRC",0.003
"cgrnd","cplol","GTM",0.003
"cgrnd","cplol","HTI",0.003
"cgrnd","cplol","HUN",0.003
"cgrnd","cplol","IDN",0.003
"cgrnd","cplol","IND",0.003
"cgrnd","cplol","IRN",0.003
"cgrnd","cplol","ITP",0.003
"cgrnd","cplol","JOR",0.003
"cgrnd","cplol","JPN",0.003
"cgrnd","cplol","KEN",0.003
"cgrnd","cplol","KOR",0.003
"cgrnd","cplol","LBR",0.003
"cgrnd","cplol","LBY",0.003
"cgrnd","cplol","LKA",0.003
"cgrnd","cplol","MDG",0.003
"cgrnd","cplol","MEX",0.003
"cgrnd","cplol","MLI",0.003
"cgrnd","cplol","MMR",0.003
"cgrnd","cplol","MOR",0.003
"cgrnd","cplol","MOZ",0.003
"cgrnd","cplol","MRT",0.003
"cgrnd","cplol","MWI",0.003
"cgrnd","cplol","NGA",0.003
"cgrnd","cplol","NIC",0.003
"cgrnd","cplol","NLD",0.003
"cgrnd","cplol","NPL",0.003
"cgrnd","cplol","PAK",0.003
"cgrnd","cplol","PHL",0.003
"cgrnd","cplol","POL",0.003
"cgrnd","cplol","PRT",0.003
"cgrnd","cplol","RAP",0.003
"cgrnd","cplol","RUS",0.003
"cgrnd","cplol","SEN",0.003
"cgrnd","cplol","SLE",0.003
"cgrnd","cplol","SOM",0.003
"cgrnd","cplol","SVK",0.003
"cgrnd","cplol","SYR",0.003
"cgrnd","cplol","TGO",0.003
"cgrnd","cplol","TUR",0.003
"cgrnd","cplol","TZA",0.003
"cgrnd","cplol","UGA",0.003
"cgrnd","cplol","URY",0.003
"cgrnd","cplol","USA",0.003
"cgrnd","cplol","UZB",0.003
"cgrnd","cplol","VNM",0.003
"cgrnd","cplol","ZMB",0.003
"cgrnd","cplol","ZWE",0.003
"cgrnd","ctols","AGO",0.003
"cgrnd","ctols","ALB",0.003
"cgrnd","ctols","BFA",0.003
"cgrnd","ctols","BGD",0.003
"cgrnd","ctols","BOL",0.003
"cgrnd","ctols","COD",0.003
"cgrnd","ctols","DNK",0.003
"cgrnd","ctols","DOM",0.003
"cgrnd","ctols","ETH",0.003
"cgrnd","ctols","GIN",0.003
"cgrnd","ctols","GNB",0.003
"cgrnd","ctols","GRC",0.003
"cgrnd","ctols","HTI",0.003
"cgrnd","ctols","ISR",0.003
"cgrnd","ctols","ITP",0.003
"cgrnd","ctols","JOR",0.003
"cgrnd","ctols","JPN",0.003
"cgrnd","ctols","LAO",0.003
"cgrnd","ctols","LBR",0.003
"cgrnd","ctols","LBY",0.003
"cgrnd","ctols","LKA",0.003
"cgrnd","ctols","MDG",0.003
"cgrnd","ctols","MLI",0.003
"cgrnd","ctols","MOR",0.003
"cgrnd","ctols","MOZ",0.003
"cgrnd","ctols","MWI",0.003
"cgrnd","ctols","NER",0.003
"cgrnd","ctols","NLD",0.003
"cgrnd","ctols","PHL",0.003
"cgrnd","ctols","PRT",0.003
"cgrnd","ctols","PRY",0.003
"cgrnd","ctols","SEN",0.003
"cgrnd","ctols","SOM",0.003
"cgrnd","ctols","SYR",0.003
"cgrnd","ctols","TCD",0.003
"cgrnd","ctols","TJK",0.003
"cgrnd","ctols","URY",0.003
"cgrnd","ctols","VNM",0.003
"cgrnd","ctool","AGO",0.003
"cgrnd","ctool","ALB",0.003
"cgrnd","ctool","ARG",0.003
"cgrnd","ctool","AUS",0.003
"cgrnd","ctool","BEN",0.003
"cgrnd","ctool","BFA",0.003
"cgrnd","ctool","BGD",0.003
"cgrnd","ctool","BLX",0.003
"cgrnd","ctool","BOL",0.003
"cgrnd","ctool","BRA",0.003
"cgrnd","ctool","CHM",0.003
"cgrnd","ctool","CHP",0.003
"cgrnd","ctool","CIV",0.003
"cgrnd","ctool","COD",0.003
"cgrnd","ctool","COG",0.003
"cgrnd","ctool","COL",0.003
"cgrnd","ctool","CZE",0.003
"cgrnd","ctool","DNK",0.003
"cgrnd","ctool","DOM",0.003
"cgrnd","ctool","ECU",0.003
"cgrnd","ctool","EGY",0.003
"cgrnd","ctool","ETH",0.003
"cgrnd","ctool","GHA",0.003
"cgrnd","ctool","GIN",0.003
"cgrnd","ctool","GNB",0.003
"cgrnd","ctool","GRC",0.003
"cgrnd","ctool","GTM",0.003
"cgrnd","ctool","HTI",0.003
"cgrnd","ctool","HUN",0.003
"cgrnd","ctool","IDN",0.003
"cgrnd","ctool","IND",0.003
"cgrnd","ctool","IRN",0.003
"cgrnd","ctool","ISR",0.003
"cgrnd","ctool","ITP",0.003
"cgrnd","ctool","JOR",0.003
"cgrnd","ctool","JPN",0.003
"cgrnd","ctool","KEN",0.003
"cgrnd","ctool","KHM",0.003
"cgrnd","ctool","KOR",0.003
"cgrnd","ctool","LBY",0.003
"cgrnd","ctool","LKA",0.003
"cgrnd","ctool","MDG",0.003
"cgrnd","ctool","MEX",0.003
"cgrnd","ctool","MLI",0.003
"cgrnd","ctool","MMR",0.003
"cgrnd","ctool","MOR",0.003
"cgrnd","ctool","MOZ",0.003
"cgrnd","ctool","MWI",0.003
"cgrnd","ctool","NER",0.003
"cgrnd","ctool","NGA",0.003
"cgrnd","ctool","NLD",0.003
"cgrnd","ctool","NPL",0.003
"cgrnd","ctool","PAK",0.003
"cgrnd","ctool","PHL",0.003
"cgrnd","ctool","POL",0.003
"cgrnd","ctool","PRT",0.003
"cgrnd","ctool","PRY",0.003
"cgrnd","ctool","RAP",0.003
"cgrnd","ctool","RUS",0.003
"cgrnd","ctool","RWA",0.003
"cgrnd","ctool","SEN",0.003
"cgrnd","ctool","SVK",0.003
"cgrnd","ctool","SYR",0.003
"cgrnd","ctool","TCD",0.003
"cgrnd","ctool","TJK",0.003
"cgrnd","ctool","TUR",0.003
"cgrnd","ctool","TZA",0.003
"cgrnd","ctool","UGA",0.003
"cgrnd","ctool","URY",0.003
"cgrnd","ctool","USA",0.003
"cgrnd","ctool","UZB",0.003
"cgrnd","ctool","VNM",0.003
"cgrnd","ctool","ZWE",0.003
"cgdol","cbeef","CHM",0.003
"cgdol","clamb","USA",0.003
"cgdol","cpoul","BLX",0.003
"cgdol","cpoul","POL",0.003
"cgdol","cpoul","PRT",0.003
"cgdol","cpoul","USA",0.003
"cgdol","ceggs","BLX",0.003
"cgdol","ceggs","CHM",0.003
"cgdol","ceggs","GIN",0.003
"cgdol","ceggs","MWI",0.003
"cgdol","ceggs","POL",0.003
"cgdol","ceggs","PRT",0.003
"cgdol","ceggs","USA",0.003
"cgdol","ceggs","VNM",0.003
"cgdol","ceggs","ZAF",0.003
"cgdol","cmilk","BLX",0.003
"cgdol","cmilk","CHM",0.003
"cgdol","cmilk","GIN",0.003
"cgdol","cmilk","MWI",0.003
"cgdol","cmilk","POL",0.003
"cgdol","cmilk","PRT",0.003
"cgdol","cmilk","USA",0.003
"cgdol","cmilk","VNM",0.003
"cgdol","cmilk","ZAF",0.003
"cgdol","cgrnd","BLX",0.003
"cgdol","cgrnd","CHM",0.003
"cgdol","cgrnd","GIN",0.003
"cgdol","cgrnd","MWI",0.003
"cgdol","cgrnd","POL",0.003
"cgdol","cgrnd","PRT",0.003
"cgdol","cgrnd","USA",0.003
"cgdol","cgrnd","VNM",0.003
"cgdol","cgdol","BLX",-0.499243779441587
"cgdol","cgdol","CHM",-0.826459748775782
"cgdol","cgdol","GIN",-0.785340102703248
"cgdol","cgdol","MWI",-0.889928701858264
"cgdol","cgdol","POL",-0.498024293849867
"cgdol","cgdol","PRT",-0.498993038281638
"cgdol","cgdol","USA",-0.449111439647829
"cgdol","cgdol","VNM",-0.966782369911476
"cgdol","cgdol","ZAF",-0.456675242415496
"cgdol","crpol","BLX",0.015
"cgdol","crpol","CHM",0.015
"cgdol","crpol","POL",0.015
"cgdol","crpol","PRT",0.015
"cgdol","crpol","USA",0.015
"cgdol","crpol","ZAF",0.015
"cgdol","csoyb","CHM",0.003
"cgdol","csoyb","MWI",0.003
"cgdol","csoyb","PRT",0.003
"cgdol","csoyb","USA",0.003
"cgdol","csoyb","ZAF",0.003
"cgdol","csbol","BLX",0.015
"cgdol","csbol","CHM",0.015
"cgdol","csbol","POL",0.015
"cgdol","csbol","PRT",0.015
"cgdol","csbol","USA",0.015
"cgdol","csbol","ZAF",0.015
"cgdol","csfol","BLX",0.015
"cgdol","csfol","CHM",0.015
"cgdol","csfol","PRT",0.015
"cgdol","csfol","USA",0.015
"cgdol","csfol","ZAF",0.015
"cgdol","cplol","BLX",0.015
"cgdol","cplol","CHM",0.015
"cgdol","cplol","GIN",0.015
"cgdol","cplol","MWI",0.015
"cgdol","cplol","POL",0.015
"cgdol","cplol","PRT",0.015
"cgdol","cplol","USA",0.015
"cgdol","cplol","VNM",0.015
"cgdol","cplol","ZAF",0.015
"cgdol","ctool","BLX",0.015
"cgdol","ctool","CHM",0.015
"cgdol","ctool","GIN",0.015
"cgdol","ctool","MWI",0.015
"cgdol","ctool","POL",0.015
"cgdol","ctool","PRT",0.015
"cgdol","ctool","USA",0.015
"cgdol","ctool","VNM",0.015
"cgdol","ctool","ZAF",0.015
"crpsd","cgrnd","AUS",0.003
"crpsd","cgrnd","CHM",0.003
"crpsd","cgrnd","CHP",0.003
"crpsd","cgrnd","CZE",0.003
"crpsd","cgrnd","DNK",0.003
"crpsd","cgrnd","HUN",0.003
"crpsd","cgrnd","IDN",0.003
"crpsd","cgrnd","IND",0.003
"crpsd","cgrnd","POL",0.003
"crpsd","cgrnd","PRT",0.003
"crpsd","cgrnd","PRY",0.003
"crpsd","cgrnd","RAP",0.003
"crpsd","cgrnd","RUS",0.003
"crpsd","cgrnd","SVK",0.003
"crpsd","cgrnd","URY",0.003
"crpsd","crpsd","AUS",-0.297223109791154
"crpsd","crpsd","BGR",-0.447748876911538
"crpsd","crpsd","BLT",-0.301644674138536
"crpsd","crpsd","BTN",-0.850528792052822
"crpsd","crpsd","CAN",-0.401522047591145
"crpsd","crpsd","CHM",-0.333395602626269
"crpsd","crpsd","CHP",-0.466412383407751
"crpsd","crpsd","CZE",-0.447748876911538
"crpsd","crpsd","DNK",-0.465566248962919
"crpsd","crpsd","HRV",-0.447707662205167
"crpsd","crpsd","HUN",-0.447748876911538
"crpsd","crpsd","IDN",-0.170387632259352
"crpsd","crpsd","IND",-0.430783998472347
"crpsd","crpsd","KAZ",-0.304767614677011
"crpsd","crpsd","MNG",-0.57967962796605
"crpsd","crpsd","MYS",-0.40363179483741
"crpsd","crpsd","OBN",-0.447707662205167
"crpsd","crpsd","POL",-0.447929240445517
"crpsd","crpsd","PRT",-0.466909124805127
"crpsd","crpsd","PRY",-0.378714551684396
"crpsd","crpsd","RAP",-0.492203727127891
"crpsd","crpsd","ROU",-0.447748876911538
"crpsd","crpsd","RUS",-0.301945878869766
"crpsd","crpsd","SPP",-0.466909124805127
"crpsd","crpsd","SVK",-0.447748876911538
"crpsd","crpsd","SWE",-0.465566248962919
"crpsd","crpsd","UKR",-0.301849153591174
"crpsd","crpsd","URY",-0.378811703601702
"crpsd","crpsd","ZAF",-0.400452998207585
"crpsd","csoyb","CAN",0.003
"crpsd","csoyb","CHM",0.003
"crpsd","csoyb","CZE",0.003
"crpsd","csoyb","DNK",0.003
"crpsd","csoyb","HUN",0.003
"crpsd","csoyb","IDN",0.003
"crpsd","csoyb","KAZ",0.003
"crpsd","csoyb","MYS",0.003
"crpsd","csoyb","OBN",0.003
"crpsd","csoyb","PRT",0.003
"crpsd","csoyb","PRY",0.003
"crpsd","csoyb","RAP",0.003
"crpsd","csoyb","ROU",0.003
"crpsd","csoyb","RUS",0.003
"crpsd","csoyb","SVK",0.003
"crpsd","csoyb","SWE",0.003
"crpsd","csoyb","UKR",0.003
"crpsd","csoyb","URY",0.003
"crpsd","csoyb","ZAF",0.003
"crpsd","csnfl","BGR",0.003
"crpsd","csnfl","BLT",0.003
"crpsd","csnfl","CAN",0.003
"crpsd","csnfl","CHM",0.003
"crpsd","csnfl","HRV",0.003
"crpsd","csnfl","HUN",0.003
"crpsd","csnfl","IDN",0.003
"crpsd","csnfl","KAZ",0.003
"crpsd","csnfl","MYS",0.003
"crpsd","csnfl","OBN",0.003
"crpsd","csnfl","ROU",0.003
"crpsd","csnfl","RUS",0.003
"crpsd","csnfl","SWE",0.003
"crpsd","csnfl","UKR",0.003
"crpsd","csnfl","ZAF",0.003
"crpsd","ctols","BLT",0.003
"crpsd","ctols","DNK",0.003
"crpsd","ctols","PRT",0.003
"crpsd","ctols","PRY",0.003
"crpsd","ctols","SPP",0.003
"crpsd","ctols","URY",0.003
"crpol","cbeef","BGR",0.003
"crpol","cbeef","BLR",0.003
"crpol","cbeef","BLT",0.003
"crpol","cbeef","CHM",0.003
"crpol","cbeef","COL",0.003
"crpol","cbeef","DEU",0.003
"crpol","cbeef","GTM",0.003
"crpol","cbeef","HUN",0.003
"crpol","cbeef","IRL",0.003
"crpol","cbeef","JPN",0.003
"crpol","cbeef","PER",0.003
"crpol","cbeef","RAP",0.003
"crpol","cbeef","ROU",0.003
"crpol","cbeef","RUS",0.003
"crpol","cbeef","SPP",0.003
"crpol","cbeef","UKR",0.003
"crpol","cpork","BLT",0.003
"crpol","cpork","CAN",0.003
"crpol","cpork","ITP",0.003
"crpol","cpork","JPN",0.003
"crpol","cpork","MMR",0.003
"crpol","cpork","PER",0.003
"crpol","cpork","ROU",0.003
"crpol","cpork","RUS",0.003
"crpol","clamb","ITP",0.003
"crpol","clamb","PER",0.003
"crpol","clamb","RAP",0.003
"crpol","clamb","ROU",0.003
"crpol","clamb","USA",0.003
"crpol","cpoul","AUT",0.003
"crpol","cpoul","BGR",0.003
"crpol","cpoul","BLR",0.003
"crpol","cpoul","BLT",0.003
"crpol","cpoul","BLX",0.003
"crpol","cpoul","BRA",0.003
"crpol","cpoul","CZE",0.003
"crpol","cpoul","DEU",0.003
"crpol","cpoul","DNK",0.003
"crpol","cpoul","FNP",0.003
"crpol","cpoul","FRP",0.003
"crpol","cpoul","GRC",0.003
"crpol","cpoul","GTM",0.003
"crpol","cpoul","HUN",0.003
"crpol","cpoul","IRL",0.003
"crpol","cpoul","ISR",0.003
"crpol","cpoul","ITP",0.003
"crpol","cpoul","JPN",0.003
"crpol","cpoul","MMR",0.003
"crpol","cpoul","NLD",0.003
"crpol","cpoul","NOR",0.003
"crpol","cpoul","NZL",0.003
"crpol","cpoul","OBN",0.003
"crpol","cpoul","PER",0.003
"crpol","cpoul","POL",0.003
"crpol","cpoul","PRT",0.003
"crpol","cpoul","RAP",0.003
"crpol","cpoul","ROU",0.003
"crpol","cpoul","RUS",0.003
"crpol","cpoul","SPP",0.003
"crpol","cpoul","SVK",0.003
"crpol","cpoul","SVN",0.003
"crpol","cpoul","SWE",0.003
"crpol","cpoul","THA",0.003
"crpol","cpoul","UKP",0.003
"crpol","cpoul","UKR",0.003
"crpol","cpoul","URY",0.003
"crpol","cpoul","USA",0.003
"crpol","ceggs","AUS",0.003
"crpol","ceggs","AUT",0.003
"crpol","ceggs","BGR",0.003
"crpol","ceggs","BLR",0.003
"crpol","ceggs","BLT",0.003
"crpol","ceggs","BLX",0.003
"crpol","ceggs","BRA",0.003
"crpol","ceggs","CAN",0.003
"crpol","ceggs","CHL",0.003
"crpol","ceggs","CHM",0.003
"crpol","ceggs","CHP",0.003
"crpol","ceggs","COL",0.003
"crpol","ceggs","CRB",0.003
"crpol","ceggs","CRI",0.003
"crpol","ceggs","CZE",0.003
"crpol","ceggs","DEU",0.003
"crpol","ceggs","DNK",0.003
"crpol","ceggs","DZA",0.003
"crpol","ceggs","ECU",0.003
"crpol","ceggs","EGY",0.003
"crpol","ceggs","FNP",0.003
"crpol","ceggs","FRP",0.003
"crpol","ceggs","GRC",0.003
"crpol","ceggs","GTM",0.003
"crpol","ceggs","HND",0.003
"crpol","ceggs","HTI",0.003
"crpol","ceggs","HUN",0.003
"crpol","ceggs","IDN",0.003
"crpol","ceggs","IND",0.003
"crpol","ceggs","IRL",0.003
"crpol","ceggs","ISL",0.003
"crpol","ceggs","ISR",0.003
"crpol","ceggs","ITP",0.003
"crpol","ceggs","JPN",0.003
"crpol","ceggs","MEX",0.003
"crpol","ceggs","MMR",0.003
"crpol","ceggs","MOR",0.003
"crpol","ceggs","NIC",0.003
"crpol","ceggs","NLD",0.003
"crpol","ceggs","NOR",0.003
"crpol","ceggs","NPL",0.003
"crpol","ceggs","NZL",0.003
"crpol","ceggs","OBN",0.003
"crpol","ceggs","PAK",0.003
"crpol","ceggs","PER",0.003
"crpol","ceggs","POL",0.003
"crpol","ceggs","PRT",0.003
"crpol","ceggs","PRY",0.003
"crpol","ceggs","RAP",0.003
"crpol","ceggs","ROU",0.003
"crpol","ceggs","RUS",0.003
"crpol","ceggs","SLV",0.003
"crpol","ceggs","SPP",0.003
"crpol","ceggs","SVK",0.003
"crpol","ceggs","SVN",0.003
"crpol","ceggs","SWE",0.003
"crpol","ceggs","THA",0.003
"crpol","ceggs","TUR",0.003
"crpol","ceggs","UKP",0.003
"crpol","ceggs","UKR",0.003
"crpol","ceggs","URY",0.003
"crpol","ceggs","USA",0.003
"crpol","ceggs","ZAF",0.003
"crpol","cmilk","AUS",0.003
"crpol","cmilk","AUT",0.003
"crpol","cmilk","BGR",0.003
"crpol","cmilk","BLR",0.003
"crpol","cmilk","BLT",0.003
"crpol","cmilk","BLX",0.003
"crpol","cmilk","BRA",0.003
"crpol","cmilk","CAN",0.003
"crpol","cmilk","CHL",0.003
"crpol","cmilk","CHM",0.003
"crpol","cmilk","CHP",0.003
"crpol","cmilk","COL",0.003
"crpol","cmilk","CRB",0.003
"crpol","cmilk","CRI",0.003
"crpol","cmilk","CZE",0.003
"crpol","cmilk","DEU",0.003
"crpol","cmilk","DNK",0.003
"crpol","cmilk","DZA",0.003
"crpol","cmilk","ECU",0.003
"crpol","cmilk","EGY",0.003
"crpol","cmilk","FNP",0.003
"crpol","cmilk","FRP",0.003
"crpol","cmilk","GRC",0.003
"crpol","cmilk","GTM",0.003
"crpol","cmilk","HND",0.003
"crpol","cmilk","HTI",0.003
"crpol","cmilk","HUN",0.003
"crpol","cmilk","IDN",0.003
"crpol","cmilk","IND",0.003
"crpol","cmilk","IRL",0.003
"crpol","cmilk","ISL",0.003
"crpol","cmilk","ISR",0.003
"crpol","cmilk","ITP",0.003
"crpol","cmilk","JPN",0.003
"crpol","cmilk","MEX",0.003
"crpol","cmilk","MMR",0.003
"crpol","cmilk","MOR",0.003
"crpol","cmilk","NIC",0.003
"crpol","cmilk","NLD",0.003
"crpol","cmilk","NOR",0.003
"crpol","cmilk","NPL",0.003
"crpol","cmilk","NZL",0.003
"crpol","cmilk","OBN",0.003
"crpol","cmilk","PAK",0.003
"crpol","cmilk","PER",0.003
"crpol","cmilk","POL",0.003
"crpol","cmilk","PRT",0.003
"crpol","cmilk","PRY",0.003
"crpol","cmilk","RAP",0.003
"crpol","cmilk","ROU",0.003
"crpol","cmilk","RUS",0.003
"crpol","cmilk","SLV",0.003
"crpol","cmilk","SPP",0.003
"crpol","cmilk","SVK",0.003
"crpol","cmilk","SVN",0.003
"crpol","cmilk","SWE",0.003
"crpol","cmilk","THA",0.003
"crpol","cmilk","TUR",0.003
"crpol","cmilk","UKP",0.003
"crpol","cmilk","UKR",0.003
"crpol","cmilk","URY",0.003
"crpol","cmilk","USA",0.003
"crpol","cmilk","ZAF",0.003
"crpol","cgrnd","AUS",0.003
"crpol","cgrnd","BLX",0.003
"crpol","cgrnd","BRA",0.003
"crpol","cgrnd","CHM",0.003
"crpol","cgrnd","CHP",0.003
"crpol","cgrnd","COL",0.003
"crpol","cgrnd","CZE",0.003
"crpol","cgrnd","DNK",0.003
"crpol","cgrnd","ECU",0.003
"crpol","cgrnd","EGY",0.003
"crpol","cgrnd","GRC",0.003
"crpol","cgrnd","GTM",0.003
"crpol","cgrnd","HTI",0.003
"crpol","cgrnd","HUN",0.003
"crpol","cgrnd","IDN",0.003
"crpol","cgrnd","IND",0.003
"crpol","cgrnd","ISR",0.003
"crpol","cgrnd","ITP",0.003
"crpol","cgrnd","JPN",0.003
"crpol","cgrnd","MEX",0.003
"crpol","cgrnd","MMR",0.003
"crpol","cgrnd","MOR",0.003
"crpol","cgrnd","NIC",0.003
"crpol","cgrnd","NLD",0.003
"crpol","cgrnd","NPL",0.003
"crpol","cgrnd","PAK",0.003
"crpol","cgrnd","POL",0.003
"crpol","cgrnd","PRT",0.003
"crpol","cgrnd","PRY",0.003
"crpol","cgrnd","RAP",0.003
"crpol","cgrnd","RUS",0.003
"crpol","cgrnd","SVK",0.003
"crpol","cgrnd","TUR",0.003
"crpol","cgrnd","URY",0.003
"crpol","cgrnd","USA",0.003
"crpol","cgdol","BLX",0.015
"crpol","cgdol","CHM",0.015
"crpol","cgdol","POL",0.015
"crpol","cgdol","PRT",0.015
"crpol","cgdol","USA",0.015
"crpol","cgdol","ZAF",0.015
"crpol","crpol","AUS",-0.955228490627986
"crpol","crpol","AUT",-0.794249215422004
"crpol","crpol","BGR",-0.795839933663902
"crpol","crpol","BLR",-0.954417627711907
"crpol","crpol","BLT",-0.954417627711907
"crpol","crpol","BLX",-0.798790047106539
"crpol","crpol","BRA",-1.19657286534021
"crpol","crpol","CAN",-0.736
"crpol","crpol","CHL",-1.27506475073832
"crpol","crpol","CHM",-1.32233559804125
"crpol","crpol","CHP",-0.794249215422004
"crpol","crpol","COL",-1.35070282610568
"crpol","crpol","CRB",-1.53140141984959
"crpol","crpol","CRI",-1.27119338282709
"crpol","crpol","CZE",-0.795839933663902
"crpol","crpol","DEU",-0.799194645675919
"crpol","crpol","DNK",-0.794234696931069
"crpol","crpol","DZA",-1.06714198795794
"crpol","crpol","ECU",-1.27324323325034
"crpol","crpol","EGY",-0.830662259276572
"crpol","crpol","FNP",-0.794234696931069
"crpol","crpol","FRP",-0.798803093209062
"crpol","crpol","GRC",-0.8
"crpol","crpol","GTM",-1.27119338282709
"crpol","crpol","HND",-1.27119338282709
"crpol","crpol","HTI",-1.27119338282709
"crpol","crpol","HUN",-0.795839933663902
"crpol","crpol","IDN",-1.50078774402144
"crpol","crpol","IND",-1.01927806256997
"crpol","crpol","IRL",-0.797518100241222
"crpol","crpol","ISL",-0.794234696931069
"crpol","crpol","ISR",-0.736
"crpol","crpol","ITP",-0.799639628939845
"crpol","crpol","JPN",-1.03523231756677
"crpol","crpol","MEX",-1.03572067191124
"crpol","crpol","MMR",-1.39071168980956
"crpol","crpol","MOR",-1.06749905092312
"crpol","crpol","NIC",-1.27119338282709
"crpol","crpol","NLD",-0.799499234706171
"crpol","crpol","NOR",-0.794234696931069
"crpol","crpol","NPL",-1.45113292756191
"crpol","crpol","NZL",-0.731411044734204
"crpol","crpol","OBN",-0.8
"crpol","crpol","PAK",-0.942507196917529
"crpol","crpol","PER",-1.27441256967356
"crpol","crpol","POL",-0.796838870159786
"crpol","crpol","PRT",-0.798388861250621
"crpol","crpol","PRY",-1.27442649660993
"crpol","crpol","RAP",-1.06846272419023
"crpol","crpol","ROU",-0.795839933663902
"crpol","crpol","RUS",-0.95485376125939
"crpol","crpol","SLV",-1.27119338282709
"crpol","crpol","SPP",-0.798388861250621
"crpol","crpol","SVK",-0.795839933663902
"crpol","crpol","SVN",-0.8
"crpol","crpol","SWE",-0.794234696931069
"crpol","crpol","THA",-1.21102222501097
"crpol","crpol","TUR",-0.714953328683711
"crpol","crpol","UKP",-0.797518100241222
"crpol","crpol","UKR",-0.954713706557357
"crpol","crpol","URY",-1.27538184887429
"crpol","crpol","USA",-0.718578303436526
"crpol","crpol","ZAF",-0.730680387864794
"crpol","csoyb","AUT",0.003
"crpol","csoyb","BLR",0.003
"crpol","csoyb","BRA",0.003
"crpol","csoyb","CAN",0.003
"crpol","csoyb","CHL",0.003
"crpol","csoyb","CHM",0.003
"crpol","csoyb","CRB",0.003
"crpol","csoyb","CRI",0.003
"crpol","csoyb","CZE",0.003
"crpol","csoyb","DNK",0.003
"crpol","csoyb","FNP",0.003
"crpol","csoyb","GTM",0.003
"crpol","csoyb","HUN",0.003
"crpol","csoyb","IDN",0.003
"crpol","csoyb","IRL",0.003
"crpol","csoyb","ISR",0.003
"crpol","csoyb","NIC",0.003
"crpol","csoyb","NLD",0.003
"crpol","csoyb","NOR",0.003
"crpol","csoyb","OBN",0.003
"crpol","csoyb","PRT",0.003
"crpol","csoyb","PRY",0.003
"crpol","csoyb","RAP",0.003
"crpol","csoyb","ROU",0.003
"crpol","csoyb","RUS",0.003
"crpol","csoyb","SVK",0.003
"crpol","csoyb","SVN",0.003
"crpol","csoyb","SWE",0.003
"crpol","csoyb","UKP",0.003
"crpol","csoyb","UKR",0.003
"crpol","csoyb","URY",0.003
"crpol","csoyb","USA",0.003
"crpol","csoyb","ZAF",0.003
"crpol","csbol","AUS",0.015
"crpol","csbol","AUT",0.015
"crpol","csbol","BGR",0.015
"crpol","csbol","BLX",0.015
"crpol","csbol","BRA",0.015
"crpol","csbol","CAN",0.015
"crpol","csbol","CHL",0.015
"crpol","csbol","CHM",0.015
"crpol","csbol","COL",0.015
"crpol","csbol","CRB",0.015
"crpol","csbol","CRI",0.015
"crpol","csbol","CZE",0.015
"crpol","csbol","DEU",0.015
"crpol","csbol","DNK",0.015
"crpol","csbol","ECU",0.015
"crpol","csbol","EGY",0.015
"crpol","csbol","FNP",0.015
"crpol","csbol","GRC",0.015
"crpol","csbol","GTM",0.015
"crpol","csbol","HND",0.015
"crpol","csbol","IND",0.015
"crpol","csbol","IRL",0.015
"crpol","csbol","ISL",0.015
"crpol","csbol","ISR",0.015
"crpol","csbol","ITP",0.015
"crpol","csbol","JPN",0.015
"crpol","csbol","MEX",0.015
"crpol","csbol","MOR",0.015
"crpol","csbol","NIC",0.015
"crpol","csbol","NLD",0.015
"crpol","csbol","NOR",0.015
"crpol","csbol","NPL",0.015
"crpol","csbol","NZL",0.015
"crpol","csbol","OBN",0.015
"crpol","csbol","PAK",0.015
"crpol","csbol","PER",0.015
"crpol","csbol","POL",0.015
"crpol","csbol","PRT",0.015
"crpol","csbol","RAP",0.015
"crpol","csbol","ROU",0.015
"crpol","csbol","RUS",0.015
"crpol","csbol","SLV",0.015
"crpol","csbol","SPP",0.015
"crpol","csbol","SVN",0.015
"crpol","csbol","SWE",0.015
"crpol","csbol","THA",0.015
"crpol","csbol","TUR",0.015
"crpol","csbol","UKP",0.015
"crpol","csbol","USA",0.015
"crpol","csbol","ZAF",0.015
"crpol","csfol","AUS",0.015
"crpol","csfol","AUT",0.015
"crpol","csfol","BGR",0.015
"crpol","csfol","BLR",0.015
"crpol","csfol","BLT",0.015
"crpol","csfol","BLX",0.015
"crpol","csfol","CAN",0.015
"crpol","csfol","CHL",0.015
"crpol","csfol","CHM",0.015
"crpol","csfol","CHP",0.015
"crpol","csfol","COL",0.015
"crpol","csfol","CZE",0.015
"crpol","csfol","DEU",0.015
"crpol","csfol","DNK",0.015
"crpol","csfol","EGY",0.015
"crpol","csfol","FRP",0.015
"crpol","csfol","GRC",0.015
"crpol","csfol","HUN",0.015
"crpol","csfol","IND",0.015
"crpol","csfol","ISR",0.015
"crpol","csfol","ITP",0.015
"crpol","csfol","MEX",0.015
"crpol","csfol","MMR",0.015
"crpol","csfol","MOR",0.015
"crpol","csfol","NLD",0.015
"crpol","csfol","NPL",0.015
"crpol","csfol","NZL",0.015
"crpol","csfol","OBN",0.015
"crpol","csfol","PAK",0.015
"crpol","csfol","PER",0.015
"crpol","csfol","PRT",0.015
"crpol","csfol","RAP",0.015
"crpol","csfol","ROU",0.015
"crpol","csfol","RUS",0.015
"crpol","csfol","SPP",0.015
"crpol","csfol","SVK",0.015
"crpol","csfol","SVN",0.015
"crpol","csfol","TUR",0.015
"crpol","csfol","UKP",0.015
"crpol","csfol","UKR",0.015
"crpol","csfol","URY",0.015
"crpol","csfol","USA",0.015
"crpol","csfol","ZAF",0.015
"crpol","cplol","AUS",0.015
"crpol","cplol","AUT",0.015
"crpol","cplol","BGR",0.015
"crpol","cplol","BLR",0.015
"crpol","cplol","BLT",0.015
"crpol","cplol","BLX",0.015
"crpol","cplol","BRA",0.015
"crpol","cplol","CAN",0.015
"crpol","cplol","CHL",0.015
"crpol","cplol","CHM",0.015
"crpol","cplol","CHP",0.015
"crpol","cplol","COL",0.015
"crpol","cplol","CRB",0.015
"crpol","cplol","CRI",0.015
"crpol","cplol","CZE",0.015
"crpol","cplol","DEU",0.015
"crpol","cplol","DNK",0.015
"crpol","cplol","DZA",0.015
"crpol","cplol","ECU",0.015
"crpol","cplol","EGY",0.015
"crpol","cplol","FNP",0.015
"crpol","cplol","FRP",0.015
"crpol","cplol","GRC",0.015
"crpol","cplol","GTM",0.015
"crpol","cplol","HND",0.015
"crpol","cplol","HTI",0.015
"crpol","cplol","HUN",0.015
"crpol","cplol","IDN",0.015
"crpol","cplol","IND",0.015
"crpol","cplol","IRL",0.015
"crpol","cplol","ITP",0.015
"crpol","cplol","JPN",0.015
"crpol","cplol","MEX",0.015
"crpol","cplol","MMR",0.015
"crpol","cplol","MOR",0.015
"crpol","cplol","NIC",0.015
"crpol","cplol","NLD",0.015
"crpol","cplol","NOR",0.015
"crpol","cplol","NPL",0.015
"crpol","cplol","NZL",0.015
"crpol","cplol","OBN",0.015
"crpol","cplol","PAK",0.015
"crpol","cplol","PER",0.015
"crpol","cplol","POL",0.015
"crpol","cplol","PRT",0.015
"crpol","cplol","RAP",0.015
"crpol","cplol","ROU",0.015
"crpol","cplol","RUS",0.015
"crpol","cplol","SLV",0.015
"crpol","cplol","SPP",0.015
"crpol","cplol","SVK",0.015
"crpol","cplol","SVN",0.015
"crpol","cplol","SWE",0.015
"crpol","cplol","THA",0.015
"crpol","cplol","TUR",0.015
"crpol","cplol","UKP",0.015
"crpol","cplol","UKR",0.015
"crpol","cplol","URY",0.015
"crpol","cplol","USA",0.015
"crpol","cplol","ZAF",0.015
"crpol","ctool","AUS",0.015
"crpol","ctool","AUT",0.015
"crpol","ctool","BGR",0.015
"crpol","ctool","BLR",0.015
"crpol","ctool","BLT",0.015
"crpol","ctool","BLX",0.015
"crpol","ctool","BRA",0.015
"crpol","ctool","CAN",0.015
"crpol","ctool","CHL",0.015
"crpol","ctool","CHM",0.015
"crpol","ctool","CHP",0.015
"crpol","ctool","COL",0.015
"crpol","ctool","CRB",0.015
"crpol","ctool","CRI",0.015
"crpol","ctool","CZE",0.015
"crpol","ctool","DEU",0.015
"crpol","ctool","DNK",0.015
"crpol","ctool","DZA",0.015
"crpol","ctool","ECU",0.015
"crpol","ctool","EGY",0.015
"crpol","ctool","FNP",0.015
"crpol","ctool","FRP",0.015
"crpol","ctool","GRC",0.015
"crpol","ctool","GTM",0.015
"crpol","ctool","HND",0.015
"crpol","ctool","HTI",0.015
"crpol","ctool","HUN",0.015
"crpol","ctool","IDN",0.015
"crpol","ctool","IND",0.015
"crpol","ctool","IRL",0.015
"crpol","ctool","ISL",0.015
"crpol","ctool","ISR",0.015
"crpol","ctool","ITP",0.015
"crpol","ctool","JPN",0.015
"crpol","ctool","MEX",0.015
"crpol","ctool","MMR",0.015
"crpol","ctool","MOR",0.015
"crpol","ctool","NLD",0.015
"crpol","ctool","NOR",0.015
"crpol","ctool","NPL",0.015
"crpol","ctool","NZL",0.015
"crpol","ctool","OBN",0.015
"crpol","ctool","PAK",0.015
"crpol","ctool","PER",0.015
"crpol","ctool","POL",0.015
"crpol","ctool","PRT",0.015
"crpol","ctool","PRY",0.015
"crpol","ctool","RAP",0.015
"crpol","ctool","ROU",0.015
"crpol","ctool","RUS",0.015
"crpol","ctool","SLV",0.015
"crpol","ctool","SPP",0.015
"crpol","ctool","SVK",0.015
"crpol","ctool","SVN",0.015
"crpol","ctool","SWE",0.015
"crpol","ctool","THA",0.015
"crpol","ctool","TUR",0.015
"crpol","ctool","UKP",0.015
"crpol","ctool","UKR",0.015
"crpol","ctool","URY",0.015
"crpol","ctool","USA",0.015
"crpol","ctool","ZAF",0.015
"csoyb","cbeef","ARG",0.003
"csoyb","cbeef","BLR",0.003
"csoyb","cbeef","CHM",0.003
"csoyb","cbeef","GTM",0.003
"csoyb","cbeef","HUN",0.003
"csoyb","cbeef","IRL",0.003
"csoyb","cbeef","KAZ",0.003
"csoyb","cbeef","RAP",0.003
"csoyb","cbeef","ROU",0.003
"csoyb","cbeef","RUS",0.003
"csoyb","cbeef","SAU",0.003
"csoyb","cbeef","UKR",0.003
"csoyb","cpork","CAN",0.003
"csoyb","cpork","ROU",0.003
"csoyb","cpork","RUS",0.003
"csoyb","clamb","RAP",0.003
"csoyb","clamb","ROU",0.003
"csoyb","clamb","USA",0.003
"csoyb","cpoul","AUT",0.003
"csoyb","cpoul","BLR",0.003
"csoyb","cpoul","BRA",0.003
"csoyb","cpoul","CZE",0.003
"csoyb","cpoul","DNK",0.003
"csoyb","cpoul","FNP",0.003
"csoyb","cpoul","GTM",0.003
"csoyb","cpoul","HUN",0.003
"csoyb","cpoul","IRL",0.003
"csoyb","cpoul","ISR",0.003
"csoyb","cpoul","NLD",0.003
"csoyb","cpoul","NOR",0.003
"csoyb","cpoul","OBN",0.003
"csoyb","cpoul","PRT",0.003
"csoyb","cpoul","RAP",0.003
"csoyb","cpoul","ROU",0.003
"csoyb","cpoul","RUS",0.003
"csoyb","cpoul","SVK",0.003
"csoyb","cpoul","SVN",0.003
"csoyb","cpoul","SWE",0.003
"csoyb","cpoul","UKP",0.003
"csoyb","cpoul","UKR",0.003
"csoyb","cpoul","URY",0.003
"csoyb","cpoul","USA",0.003
"csoyb","ceggs","AGO",0.003
"csoyb","ceggs","ALB",0.003
"csoyb","ceggs","ARG",0.003
"csoyb","ceggs","AUT",0.003
"csoyb","ceggs","BEN",0.003
"csoyb","ceggs","BFA",0.003
"csoyb","ceggs","BLR",0.003
"csoyb","ceggs","BLZ",0.003
"csoyb","ceggs","BOL",0.003
"csoyb","ceggs","BRA",0.003
"csoyb","ceggs","CAN",0.003
"csoyb","ceggs","CHL",0.003
"csoyb","ceggs","CHM",0.003
"csoyb","ceggs","CMR",0.003
"csoyb","ceggs","COD",0.003
"csoyb","ceggs","CRB",0.003
"csoyb","ceggs","CRI",0.003
"csoyb","ceggs","CZE",0.003
"csoyb","ceggs","DNK",0.003
"csoyb","ceggs","DOM",0.003
"csoyb","ceggs","ETH",0.003
"csoyb","ceggs","FNP",0.003
"csoyb","ceggs","GEO",0.003
"csoyb","ceggs","GHA",0.003
"csoyb","ceggs","GTM",0.003
"csoyb","ceggs","HUN",0.003
"csoyb","ceggs","IDN",0.003
"csoyb","ceggs","IRL",0.003
"csoyb","ceggs","ISR",0.003
"csoyb","ceggs","KAZ",0.003
"csoyb","ceggs","KEN",0.003
"csoyb","ceggs","LBN",0.003
"csoyb","ceggs","MLI",0.003
"csoyb","ceggs","MWI",0.003
"csoyb","ceggs","MYS",0.003
"csoyb","ceggs","NGA",0.003
"csoyb","ceggs","NIC",0.003
"csoyb","ceggs","NLD",0.003
"csoyb","ceggs","NOR",0.003
"csoyb","ceggs","OBN",0.003
"csoyb","ceggs","PRT",0.003
"csoyb","ceggs","PRY",0.003
"csoyb","ceggs","RAP",0.003
"csoyb","ceggs","ROU",0.003
"csoyb","ceggs","RUS",0.003
"csoyb","ceggs","RWA",0.003
"csoyb","ceggs","SAU",0.003
"csoyb","ceggs","SVK",0.003
"csoyb","ceggs","SVN",0.003
"csoyb","ceggs","SWE",0.003
"csoyb","ceggs","SYR",0.003
"csoyb","ceggs","TGO",0.003
"csoyb","ceggs","TUN",0.003
"csoyb","ceggs","TZA",0.003
"csoyb","ceggs","UGA",0.003
"csoyb","ceggs","UKP",0.003
"csoyb","ceggs","UKR",0.003
"csoyb","ceggs","URY",0.003
"csoyb","ceggs","USA",0.003
"csoyb","ceggs","UZB",0.003
"csoyb","ceggs","ZAF",0.003
"csoyb","ceggs","ZMB",0.003
"csoyb","cmilk","AGO",0.003
"csoyb","cmilk","ALB",0.003
"csoyb","cmilk","ARG",0.003
"csoyb","cmilk","AUT",0.003
"csoyb","cmilk","BEN",0.003
"csoyb","cmilk","BFA",0.003
"csoyb","cmilk","BLR",0.003
"csoyb","cmilk","BLZ",0.003
"csoyb","cmilk","BOL",0.003
"csoyb","cmilk","BRA",0.003
"csoyb","cmilk","CAN",0.003
"csoyb","cmilk","CHL",0.003
"csoyb","cmilk","CHM",0.003
"csoyb","cmilk","CMR",0.003
"csoyb","cmilk","CRB",0.003
"csoyb","cmilk","CRI",0.003
"csoyb","cmilk","CZE",0.003
"csoyb","cmilk","DNK",0.003
"csoyb","cmilk","DOM",0.003
"csoyb","cmilk","ETH",0.003
"csoyb","cmilk","FNP",0.003
"csoyb","cmilk","GEO",0.003
"csoyb","cmilk","GHA",0.003
"csoyb","cmilk","GTM",0.003
"csoyb","cmilk","HUN",0.003
"csoyb","cmilk","IDN",0.003
"csoyb","cmilk","IRL",0.003
"csoyb","cmilk","ISR",0.003
"csoyb","cmilk","KAZ",0.003
"csoyb","cmilk","KEN",0.003
"csoyb","cmilk","LBN",0.003
"csoyb","cmilk","MLI",0.003
"csoyb","cmilk","MWI",0.003
"csoyb","cmilk","MYS",0.003
"csoyb","cmilk","NGA",0.003
"csoyb","cmilk","NIC",0.003
"csoyb","cmilk","NLD",0.003
"csoyb","cmilk","NOR",0.003
"csoyb","cmilk","OBN",0.003
"csoyb","cmilk","PRT",0.003
"csoyb","cmilk","PRY",0.003
"csoyb","cmilk","RAP",0.003
"csoyb","cmilk","ROU",0.003
"csoyb","cmilk","RUS",0.003
"csoyb","cmilk","RWA",0.003
"csoyb","cmilk","SAU",0.003
"csoyb","cmilk","SVK",0.003
"csoyb","cmilk","SVN",0.003
"csoyb","cmilk","SWE",0.003
"csoyb","cmilk","SYR",0.003
"csoyb","cmilk","TGO",0.003
"csoyb","cmilk","TUN",0.003
"csoyb","cmilk","TZA",0.003
"csoyb","cmilk","UGA",0.003
"csoyb","cmilk","UKP",0.003
"csoyb","cmilk","UKR",0.003
"csoyb","cmilk","URY",0.003
"csoyb","cmilk","USA",0.003
"csoyb","cmilk","UZB",0.003
"csoyb","cmilk","ZAF",0.003
"csoyb","cmilk","ZMB",0.003
"csoyb","cgrnd","AGO",0.003
"csoyb","cgrnd","ALB",0.003
"csoyb","cgrnd","ARG",0.003
"csoyb","cgrnd","BEN",0.003
"csoyb","cgrnd","BFA",0.003
"csoyb","cgrnd","BOL",0.003
"csoyb","cgrnd","BRA",0.003
"csoyb","cgrnd","CHM",0.003
"csoyb","cgrnd","CMR",0.003
"csoyb","cgrnd","COD",0.003
"csoyb","cgrnd","CZE",0.003
"csoyb","cgrnd","DNK",0.003
"csoyb","cgrnd","DOM",0.003
"csoyb","cgrnd","ETH",0.003
"csoyb","cgrnd","GHA",0.003
"csoyb","cgrnd","GTM",0.003
"csoyb","cgrnd","HUN",0.003
"csoyb","cgrnd","IDN",0.003
"csoyb","cgrnd","ISR",0.003
"csoyb","cgrnd","KEN",0.003
"csoyb","cgrnd","MLI",0.003
"csoyb","cgrnd","MWI",0.003
"csoyb","cgrnd","NGA",0.003
"csoyb","cgrnd","NIC",0.003
"csoyb","cgrnd","NLD",0.003
"csoyb","cgrnd","PRT",0.003
"csoyb","cgrnd","PRY",0.003
"csoyb","cgrnd","RAP",0.003
"csoyb","cgrnd","RUS",0.003
"csoyb","cgrnd","RWA",0.003
"csoyb","cgrnd","SVK",0.003
"csoyb","cgrnd","SYR",0.003
"csoyb","cgrnd","TGO",0.003
"csoyb","cgrnd","TZA",0.003
"csoyb","cgrnd","UGA",0.003
"csoyb","cgrnd","URY",0.003
"csoyb","cgrnd","USA",0.003
"csoyb","cgrnd","UZB",0.003
"csoyb","cgrnd","ZMB",0.003
"csoyb","cgdol","CHM",0.003
"csoyb","cgdol","MWI",0.003
"csoyb","cgdol","PRT",0.003
"csoyb","cgdol","USA",0.003
"csoyb","cgdol","ZAF",0.003
"csoyb","crpsd","CAN",0.003
"csoyb","crpsd","CHM",0.003
"csoyb","crpsd","CZE",0.003
"csoyb","crpsd","DNK",0.003
"csoyb","crpsd","HUN",0.003
"csoyb","crpsd","IDN",0.003
"csoyb","crpsd","KAZ",0.003
"csoyb","crpsd","MYS",0.003
"csoyb","crpsd","OBN",0.003
"csoyb","crpsd","PRT",0.003
"csoyb","crpsd","PRY",0.003
"csoyb","crpsd","RAP",0.003
"csoyb","crpsd","ROU",0.003
"csoyb","crpsd","RUS",0.003
"csoyb","crpsd","SVK",0.003
"csoyb","crpsd","SWE",0.003
"csoyb","crpsd","UKR",0.003
"csoyb","crpsd","URY",0.003
"csoyb","crpsd","ZAF",0.003
"csoyb","crpol","AUT",0.003
"csoyb","crpol","BLR",0.003
"csoyb","crpol","BRA",0.003
"csoyb","crpol","CAN",0.003
"csoyb","crpol","CHL",0.003
"csoyb","crpol","CHM",0.003
"csoyb","crpol","CRB",0.003
"csoyb","crpol","CRI",0.003
"csoyb","crpol","CZE",0.003
"csoyb","crpol","DNK",0.003
"csoyb","crpol","FNP",0.003
"csoyb","crpol","GTM",0.003
"csoyb","crpol","HUN",0.003
"csoyb","crpol","IDN",0.003
"csoyb","crpol","IRL",0.003
"csoyb","crpol","ISR",0.003
"csoyb","crpol","NIC",0.003
"csoyb","crpol","NLD",0.003
"csoyb","crpol","NOR",0.003
"csoyb","crpol","OBN",0.003
"csoyb","crpol","PRT",0.003
"csoyb","crpol","PRY",0.003
"csoyb","crpol","RAP",0.003
"csoyb","crpol","ROU",0.003
"csoyb","crpol","RUS",0.003
"csoyb","crpol","SVK",0.003
"csoyb","crpol","SVN",0.003
"csoyb","crpol","SWE",0.003
"csoyb","crpol","UKP",0.003
"csoyb","crpol","UKR",0.003
"csoyb","crpol","URY",0.003
"csoyb","crpol","USA",0.003
"csoyb","crpol","ZAF",0.003
"csoyb","csoyb","AGO",-0.434536423174279
"csoyb","csoyb","ALB",-0.34439050938859
"csoyb","csoyb","ARG",-0.411450627995512
"csoyb","csoyb","AUT",-0.358778756467501
"csoyb","csoyb","BEN",-0.437982602160893
"csoyb","csoyb","BFA",-0.435391423339148
"csoyb","csoyb","BLR",-0.23203436472195
"csoyb","csoyb","BLZ",-0.290935362512987
"csoyb","csoyb","BOL",-0.291318885911074
"csoyb","csoyb","BRA",-0.456153608828047
"csoyb","csoyb","CAN",-0.30886311353165
"csoyb","csoyb","CHL",-0.289982491215839
"csoyb","csoyb","CHM",-0.256458155866361
"csoyb","csoyb","CMR",-0.436991773024627
"csoyb","csoyb","COD",-0.437363409872553
"csoyb","csoyb","CRB",-0.323742575740124
"csoyb","csoyb","CRI",-0.290935362512987
"csoyb","csoyb","CZE",-0.344422213008875
"csoyb","csoyb","DNK",-0.35812788381763
"csoyb","csoyb","DOM",-0.290935362512987
"csoyb","csoyb","ETH",-0.438168295172024
"csoyb","csoyb","FNP",-0.35812788381763
"csoyb","csoyb","GEO",-0.229611377407664
"csoyb","csoyb","GHA",-0.437957296417219
"csoyb","csoyb","GTM",-0.290935362512987
"csoyb","csoyb","HUN",-0.344422213008875
"csoyb","csoyb","IDN",-0.131067409430271
"csoyb","csoyb","IRL",-0.358707343875637
"csoyb","csoyb","ISR",-0.309941780048199
"csoyb","csoyb","KAZ",-0.234436626674624
"csoyb","csoyb","KEN",-0.437805812977985
"csoyb","csoyb","LBN",-0.378744195625505
"csoyb","csoyb","MLI",-0.436608283768492
"csoyb","csoyb","MWI",-0.439955438661415
"csoyb","csoyb","MYS",-0.310485996028777
"csoyb","csoyb","NGA",-0.341930484392842
"csoyb","csoyb","NIC",-0.290935362512987
"csoyb","csoyb","NLD",-0.359739184742767
"csoyb","csoyb","NOR",-0.35812788381763
"csoyb","csoyb","OBN",-0.34439050938859
"csoyb","csoyb","PRT",-0.359160865234713
"csoyb","csoyb","PRY",-0.291318885911074
"csoyb","csoyb","RAP",-0.378618251636839
"csoyb","csoyb","ROU",-0.344422213008875
"csoyb","csoyb","RUS",-0.232266060669051
"csoyb","csoyb","RWA",-0.438125448079468
"csoyb","csoyb","SAU",-0.378618251636839
"csoyb","csoyb","SVK",-0.344422213008875
"csoyb","csoyb","SVN",-0.34439050938859
"csoyb","csoyb","SWE",-0.35812788381763
"csoyb","csoyb","SYR",-0.378527632418196
"csoyb","csoyb","TGO",-0.44
"csoyb","csoyb","TUN",-0.378469724525766
"csoyb","csoyb","TZA",-0.437877122928564
"csoyb","csoyb","UGA",-0.434495131644286
"csoyb","csoyb","UKP",-0.358707343875637
"csoyb","csoyb","UKR",-0.232191656608596
"csoyb","csoyb","URY",-0.291393618155156
"csoyb","csoyb","USA",-0.373933727577395
"csoyb","csoyb","UZB",-0.234677939613087
"csoyb","csoyb","ZAF",-0.308040767851989
"csoyb","csoyb","ZMB",-0.438022470659808
"csoyb","csbol","ARG",0.003
"csoyb","csbol","AUT",0.003
"csoyb","csbol","BOL",0.003
"csoyb","csbol","BRA",0.003
"csoyb","csbol","CAN",0.003
"csoyb","csbol","CHL",0.003
"csoyb","csbol","CHM",0.003
"csoyb","csbol","CRB",0.003
"csoyb","csbol","CRI",0.003
"csoyb","csbol","CZE",0.003
"csoyb","csbol","DNK",0.003
"csoyb","csbol","DOM",0.003
"csoyb","csbol","FNP",0.003
"csoyb","csbol","GTM",0.003
"csoyb","csbol","IRL",0.003
"csoyb","csbol","ISR",0.003
"csoyb","csbol","NIC",0.003
"csoyb","csbol","NLD",0.003
"csoyb","csbol","NOR",0.003
"csoyb","csbol","OBN",0.003
"csoyb","csbol","PRT",0.003
"csoyb","csbol","RAP",0.003
"csoyb","csbol","ROU",0.003
"csoyb","csbol","RUS",0.003
"csoyb","csbol","SAU",0.003
"csoyb","csbol","SVN",0.003
"csoyb","csbol","SWE",0.003
"csoyb","csbol","TUN",0.003
"csoyb","csbol","UKP",0.003
"csoyb","csbol","USA",0.003
"csoyb","csbol","UZB",0.003
"csoyb","csbol","ZAF",0.003
"csoyb","csnfl","AGO",0.003
"csoyb","csnfl","ARG",0.003
"csoyb","csnfl","BOL",0.003
"csoyb","csnfl","CAN",0.003
"csoyb","csnfl","CHM",0.003
"csoyb","csnfl","FNP",0.003
"csoyb","csnfl","HUN",0.003
"csoyb","csnfl","IDN",0.003
"csoyb","csnfl","KAZ",0.003
"csoyb","csnfl","LBN",0.003
"csoyb","csnfl","MWI",0.003
"csoyb","csnfl","MYS",0.003
"csoyb","csnfl","NLD",0.003
"csoyb","csnfl","OBN",0.003
"csoyb","csnfl","ROU",0.003
"csoyb","csnfl","RUS",0.003
"csoyb","csnfl","SWE",0.003
"csoyb","csnfl","TZA",0.003
"csoyb","csnfl","UGA",0.003
"csoyb","csnfl","UKR",0.003
"csoyb","csnfl","USA",0.003
"csoyb","csnfl","ZAF",0.003
"csoyb","csnfl","ZMB",0.003
"csoyb","csfol","ALB",0.003
"csoyb","csfol","ARG",0.003
"csoyb","csfol","AUT",0.003
"csoyb","csfol","BLR",0.003
"csoyb","csfol","BOL",0.003
"csoyb","csfol","CAN",0.003
"csoyb","csfol","CHL",0.003
"csoyb","csfol","CHM",0.003
"csoyb","csfol","CZE",0.003
"csoyb","csfol","DNK",0.003
"csoyb","csfol","GEO",0.003
"csoyb","csfol","HUN",0.003
"csoyb","csfol","ISR",0.003
"csoyb","csfol","KAZ",0.003
"csoyb","csfol","LBN",0.003
"csoyb","csfol","NLD",0.003
"csoyb","csfol","OBN",0.003
"csoyb","csfol","PRT",0.003
"csoyb","csfol","RAP",0.003
"csoyb","csfol","ROU",0.003
"csoyb","csfol","RUS",0.003
"csoyb","csfol","SAU",0.003
"csoyb","csfol","SVK",0.003
"csoyb","csfol","SVN",0.003
"csoyb","csfol","TUN",0.003
"csoyb","csfol","UKP",0.003
"csoyb","csfol","UKR",0.003
"csoyb","csfol","URY",0.003
"csoyb","csfol","USA",0.003
"csoyb","csfol","UZB",0.003
"csoyb","csfol","ZAF",0.003
"csoyb","cplol","AGO",0.003
"csoyb","cplol","ALB",0.003
"csoyb","cplol","ARG",0.003
"csoyb","cplol","AUT",0.003
"csoyb","cplol","BEN",0.003
"csoyb","cplol","BLR",0.003
"csoyb","cplol","BOL",0.003
"csoyb","cplol","BRA",0.003
"csoyb","cplol","CAN",0.003
"csoyb","cplol","CHL",0.003
"csoyb","cplol","CHM",0.003
"csoyb","cplol","CMR",0.003
"csoyb","cplol","COD",0.003
"csoyb","cplol","CRB",0.003
"csoyb","cplol","CRI",0.003
"csoyb","cplol","CZE",0.003
"csoyb","cplol","DNK",0.003
"csoyb","cplol","DOM",0.003
"csoyb","cplol","ETH",0.003
"csoyb","cplol","FNP",0.003
"csoyb","cplol","GEO",0.003
"csoyb","cplol","GHA",0.003
"csoyb","cplol","GTM",0.003
"csoyb","cplol","HUN",0.003
"csoyb","cplol","IDN",0.003
"csoyb","cplol","IRL",0.003
"csoyb","cplol","KAZ",0.003
"csoyb","cplol","KEN",0.003
"csoyb","cplol","LBN",0.003
"csoyb","cplol","MLI",0.003
"csoyb","cplol","MWI",0.003
"csoyb","cplol","MYS",0.003
"csoyb","cplol","NGA",0.003
"csoyb","cplol","NIC",0.003
"csoyb","cplol","NLD",0.003
"csoyb","cplol","NOR",0.003
"csoyb","cplol","OBN",0.003
"csoyb","cplol","PRT",0.003
"csoyb","cplol","RAP",0.003
"csoyb","cplol","ROU",0.003
"csoyb","cplol","RUS",0.003
"csoyb","cplol","SAU",0.003
"csoyb","cplol","SVK",0.003
"csoyb","cplol","SVN",0.003
"csoyb","cplol","SWE",0.003
"csoyb","cplol","SYR",0.003
"csoyb","cplol","TGO",0.003
"csoyb","cplol","TUN",0.003
"csoyb","cplol","TZA",0.003
"csoyb","cplol","UGA",0.003
"csoyb","cplol","UKP",0.003
"csoyb","cplol","UKR",0.003
"csoyb","cplol","URY",0.003
"csoyb","cplol","USA",0.003
"csoyb","cplol","UZB",0.003
"csoyb","cplol","ZAF",0.003
"csoyb","cplol","ZMB",0.003
"csoyb","cpkol","MYS",0.003
"csoyb","ctols","AGO",0.003
"csoyb","ctols","ALB",0.003
"csoyb","ctols","BFA",0.003
"csoyb","ctols","BOL",0.003
"csoyb","ctols","COD",0.003
"csoyb","ctols","CRB",0.003
"csoyb","ctols","DNK",0.003
"csoyb","ctols","DOM",0.003
"csoyb","ctols","ETH",0.003
"csoyb","ctols","GEO",0.003
"csoyb","ctols","IRL",0.003
"csoyb","ctols","ISR",0.003
"csoyb","ctols","LBN",0.003
"csoyb","ctols","MLI",0.003
"csoyb","ctols","MWI",0.003
"csoyb","ctols","NLD",0.003
"csoyb","ctols","NOR",0.003
"csoyb","ctols","PRT",0.003
"csoyb","ctols","PRY",0.003
"csoyb","ctols","SYR",0.003
"csoyb","ctols","TUN",0.003
"csoyb","ctols","URY",0.003
"csoyb","ctool","AGO",0.003
"csoyb","ctool","ALB",0.003
"csoyb","ctool","ARG",0.003
"csoyb","ctool","AUT",0.003
"csoyb","ctool","BEN",0.003
"csoyb","ctool","BFA",0.003
"csoyb","ctool","BLR",0.003
"csoyb","ctool","BLZ",0.003
"csoyb","ctool","BOL",0.003
"csoyb","ctool","BRA",0.003
"csoyb","ctool","CAN",0.003
"csoyb","ctool","CHL",0.003
"csoyb","ctool","CHM",0.003
"csoyb","ctool","COD",0.003
"csoyb","ctool","CRB",0.003
"csoyb","ctool","CRI",0.003
"csoyb","ctool","CZE",0.003
"csoyb","ctool","DNK",0.003
"csoyb","ctool","DOM",0.003
"csoyb","ctool","ETH",0.003
"csoyb","ctool","FNP",0.003
"csoyb","ctool","GHA",0.003
"csoyb","ctool","GTM",0.003
"csoyb","ctool","HUN",0.003
"csoyb","ctool","IDN",0.003
"csoyb","ctool","IRL",0.003
"csoyb","ctool","ISR",0.003
"csoyb","ctool","KAZ",0.003
"csoyb","ctool","KEN",0.003
"csoyb","ctool","LBN",0.003
"csoyb","ctool","MLI",0.003
"csoyb","ctool","MWI",0.003
"csoyb","ctool","MYS",0.003
"csoyb","ctool","NGA",0.003
"csoyb","ctool","NLD",0.003
"csoyb","ctool","NOR",0.003
"csoyb","ctool","OBN",0.003
"csoyb","ctool","PRT",0.003
"csoyb","ctool","PRY",0.003
"csoyb","ctool","RAP",0.003
"csoyb","ctool","ROU",0.003
"csoyb","ctool","RUS",0.003
"csoyb","ctool","RWA",0.003
"csoyb","ctool","SAU",0.003
"csoyb","ctool","SVK",0.003
"csoyb","ctool","SVN",0.003
"csoyb","ctool","SWE",0.003
"csoyb","ctool","SYR",0.003
"csoyb","ctool","TUN",0.003
"csoyb","ctool","TZA",0.003
"csoyb","ctool","UGA",0.003
"csoyb","ctool","UKP",0.003
"csoyb","ctool","UKR",0.003
"csoyb","ctool","URY",0.003
"csoyb","ctool","USA",0.003
"csoyb","ctool","UZB",0.003
"csoyb","ctool","ZAF",0.003
"csbol","cbeef","ARG",0.003
"csbol","cbeef","BGR",0.003
"csbol","cbeef","CHM",0.003
"csbol","cbeef","COL",0.003
"csbol","cbeef","CYP",0.003
"csbol","cbeef","DEU",0.003
"csbol","cbeef","GTM",0.003
"csbol","cbeef","IRL",0.003
"csbol","cbeef","IRN",0.003
"csbol","cbeef","JPN",0.003
"csbol","cbeef","PAN",0.003
"csbol","cbeef","PER",0.003
"csbol","cbeef","RAP",0.003
"csbol","cbeef","ROU",0.003
"csbol","cbeef","RUS",0.003
"csbol","cbeef","SAU",0.003
"csbol","cbeef","SPP",0.003
"csbol","cbeef","VEN",0.003
"csbol","cpork","CAN",0.003
"csbol","cpork","CYP",0.003
"csbol","cpork","ITP",0.003
"csbol","cpork","JPN",0.003
"csbol","cpork","PAN",0.003
"csbol","cpork","PER",0.003
"csbol","cpork","ROU",0.003
"csbol","cpork","RUS",0.003
"csbol","clamb","IRN",0.003
"csbol","clamb","ITP",0.003
"csbol","clamb","PER",0.003
"csbol","clamb","RAP",0.003
"csbol","clamb","ROU",0.003
"csbol","clamb","USA",0.003
"csbol","cpoul","AUT",0.003
"csbol","cpoul","BGR",0.003
"csbol","cpoul","BLX",0.003
"csbol","cpoul","BRA",0.003
"csbol","cpoul","CYP",0.003
"csbol","cpoul","CZE",0.003
"csbol","cpoul","DEU",0.003
"csbol","cpoul","DNK",0.003
"csbol","cpoul","FNP",0.003
"csbol","cpoul","GRC",0.003
"csbol","cpoul","GTM",0.003
"csbol","cpoul","IRL",0.003
"csbol","cpoul","ISR",0.003
"csbol","cpoul","ITP",0.003
"csbol","cpoul","JPN",0.003
"csbol","cpoul","NLD",0.003
"csbol","cpoul","NOR",0.003
"csbol","cpoul","NZL",0.003
"csbol","cpoul","OBN",0.003
"csbol","cpoul","PAN",0.003
"csbol","cpoul","PER",0.003
"csbol","cpoul","POL",0.003
"csbol","cpoul","PRT",0.003
"csbol","cpoul","RAP",0.003
"csbol","cpoul","ROU",0.003
"csbol","cpoul","RUS",0.003
"csbol","cpoul","SPP",0.003
"csbol","cpoul","SVN",0.003
"csbol","cpoul","SWE",0.003
"csbol","cpoul","THA",0.003
"csbol","cpoul","UKP",0.003
"csbol","cpoul","USA",0.003
"csbol","ceggs","ARG",0.003
"csbol","ceggs","AUS",0.003
"csbol","ceggs","AUT",0.003
"csbol","ceggs","BGD",0.003
"csbol","ceggs","BGR",0.003
"csbol","ceggs","BLX",0.003
"csbol","ceggs","BOL",0.003
"csbol","ceggs","BRA",0.003
"csbol","ceggs","CAN",0.003
"csbol","ceggs","CHL",0.003
"csbol","ceggs","CHM",0.003
"csbol","ceggs","COL",0.003
"csbol","ceggs","CRB",0.003
"csbol","ceggs","CRI",0.003
"csbol","ceggs","CUB",0.003
"csbol","ceggs","CYP",0.003
"csbol","ceggs","CZE",0.003
"csbol","ceggs","DEU",0.003
"csbol","ceggs","DNK",0.003
"csbol","ceggs","DOM",0.003
"csbol","ceggs","ECU",0.003
"csbol","ceggs","EGY",0.003
"csbol","ceggs","FNP",0.003
"csbol","ceggs","GRC",0.003
"csbol","ceggs","GSA",0.003
"csbol","ceggs","GTM",0.003
"csbol","ceggs","HND",0.003
"csbol","ceggs","HRV",0.003
"csbol","ceggs","IND",0.003
"csbol","ceggs","IRL",0.003
"csbol","ceggs","IRN",0.003
"csbol","ceggs","IRQ",0.003
"csbol","ceggs","ISL",0.003
"csbol","ceggs","ISR",0.003
"csbol","ceggs","ITP",0.003
"csbol","ceggs","JAM",0.003
"csbol","ceggs","JPN",0.003
"csbol","ceggs","KOR",0.003
"csbol","ceggs","MEX",0.003
"csbol","ceggs","MOR",0.003
"csbol","ceggs","MRT",0.003
"csbol","ceggs","NIC",0.003
"csbol","ceggs","NLD",0.003
"csbol","ceggs","NOR",0.003
"csbol","ceggs","NPL",0.003
"csbol","ceggs","NZL",0.003
"csbol","ceggs","OBN",0.003
"csbol","ceggs","OIO",0.003
"csbol","ceggs","PAK",0.003
"csbol","ceggs","PAN",0.003
"csbol","ceggs","PER",0.003
"csbol","ceggs","PHL",0.003
"csbol","ceggs","POL",0.003
"csbol","ceggs","PRT",0.003
"csbol","ceggs","RAP",0.003
"csbol","ceggs","ROU",0.003
"csbol","ceggs","RUS",0.003
"csbol","ceggs","SAU",0.003
"csbol","ceggs","SEN",0.003
"csbol","ceggs","SLV",0.003
"csbol","ceggs","SPP",0.003
"csbol","ceggs","SVN",0.003
"csbol","ceggs","SWE",0.003
"csbol","ceggs","THA",0.003
"csbol","ceggs","TUN",0.003
"csbol","ceggs","TUR",0.003
"csbol","ceggs","UKP",0.003
"csbol","ceggs","USA",0.003
"csbol","ceggs","UZB",0.003
"csbol","ceggs","VEN",0.003
"csbol","ceggs","ZAF",0.003
"csbol","ceggs","ZWE",0.003
"csbol","cmilk","ARG",0.003
"csbol","cmilk","AUS",0.003
"csbol","cmilk","AUT",0.003
"csbol","cmilk","BGD",0.003
"csbol","cmilk","BGR",0.003
"csbol","cmilk","BLX",0.003
"csbol","cmilk","BOL",0.003
"csbol","cmilk","BRA",0.003
"csbol","cmilk","CAN",0.003
"csbol","cmilk","CHL",0.003
"csbol","cmilk","CHM",0.003
"csbol","cmilk","COL",0.003
"csbol","cmilk","CRB",0.003
"csbol","cmilk","CRI",0.003
"csbol","cmilk","CUB",0.003
"csbol","cmilk","CYP",0.003
"csbol","cmilk","CZE",0.003
"csbol","cmilk","DEU",0.003
"csbol","cmilk","DNK",0.003
"csbol","cmilk","DOM",0.003
"csbol","cmilk","ECU",0.003
"csbol","cmilk","EGY",0.003
"csbol","cmilk","FNP",0.003
"csbol","cmilk","GRC",0.003
"csbol","cmilk","GSA",0.003
"csbol","cmilk","GTM",0.003
"csbol","cmilk","HND",0.003
"csbol","cmilk","HRV",0.003
"csbol","cmilk","IND",0.003
"csbol","cmilk","IRL",0.003
"csbol","cmilk","IRN",0.003
"csbol","cmilk","IRQ",0.003
"csbol","cmilk","ISL",0.003
"csbol","cmilk","ISR",0.003
"csbol","cmilk","ITP",0.003
"csbol","cmilk","JAM",0.003
"csbol","cmilk","JPN",0.003
"csbol","cmilk","KOR",0.003
"csbol","cmilk","MEX",0.003
"csbol","cmilk","MOR",0.003
"csbol","cmilk","MRT",0.003
"csbol","cmilk","NIC",0.003
"csbol","cmilk","NLD",0.003
"csbol","cmilk","NOR",0.003
"csbol","cmilk","NPL",0.003
"csbol","cmilk","NZL",0.003
"csbol","cmilk","OBN",0.003
"csbol","cmilk","OIO",0.003
"csbol","cmilk","PAK",0.003
"csbol","cmilk","PAN",0.003
"csbol","cmilk","PER",0.003
"csbol","cmilk","PHL",0.003
"csbol","cmilk","POL",0.003
"csbol","cmilk","PRT",0.003
"csbol","cmilk","RAP",0.003
"csbol","cmilk","ROU",0.003
"csbol","cmilk","RUS",0.003
"csbol","cmilk","SAU",0.003
"csbol","cmilk","SEN",0.003
"csbol","cmilk","SLV",0.003
"csbol","cmilk","SPP",0.003
"csbol","cmilk","SVN",0.003
"csbol","cmilk","SWE",0.003
"csbol","cmilk","THA",0.003
"csbol","cmilk","TUN",0.003
"csbol","cmilk","TUR",0.003
"csbol","cmilk","UKP",0.003
"csbol","cmilk","USA",0.003
"csbol","cmilk","UZB",0.003
"csbol","cmilk","VEN",0.003
"csbol","cmilk","ZAF",0.003
"csbol","cmilk","ZWE",0.003
"csbol","cgrnd","ARG",0.003
"csbol","cgrnd","AUS",0.003
"csbol","cgrnd","BGD",0.003
"csbol","cgrnd","BLX",0.003
"csbol","cgrnd","BOL",0.003
"csbol","cgrnd","BRA",0.003
"csbol","cgrnd","CHM",0.003
"csbol","cgrnd","COL",0.003
"csbol","cgrnd","CZE",0.003
"csbol","cgrnd","DNK",0.003
"csbol","cgrnd","DOM",0.003
"csbol","cgrnd","ECU",0.003
"csbol","cgrnd","EGY",0.003
"csbol","cgrnd","GRC",0.003
"csbol","cgrnd","GTM",0.003
"csbol","cgrnd","IND",0.003
"csbol","cgrnd","IRN",0.003
"csbol","cgrnd","ISR",0.003
"csbol","cgrnd","ITP",0.003
"csbol","cgrnd","JPN",0.003
"csbol","cgrnd","KOR",0.003
"csbol","cgrnd","MEX",0.003
"csbol","cgrnd","MOR",0.003
"csbol","cgrnd","MRT",0.003
"csbol","cgrnd","NIC",0.003
"csbol","cgrnd","NLD",0.003
"csbol","cgrnd","NPL",0.003
"csbol","cgrnd","PAK",0.003
"csbol","cgrnd","PHL",0.003
"csbol","cgrnd","POL",0.003
"csbol","cgrnd","PRT",0.003
"csbol","cgrnd","RAP",0.003
"csbol","cgrnd","RUS",0.003
"csbol","cgrnd","SEN",0.003
"csbol","cgrnd","TUR",0.003
"csbol","cgrnd","USA",0.003
"csbol","cgrnd","UZB",0.003
"csbol","cgrnd","ZWE",0.003
"csbol","cgdol","BLX",0.015
"csbol","cgdol","CHM",0.015
"csbol","cgdol","POL",0.015
"csbol","cgdol","PRT",0.015
"csbol","cgdol","USA",0.015
"csbol","cgdol","ZAF",0.015
"csbol","crpol","AUS",0.015
"csbol","crpol","AUT",0.015
"csbol","crpol","BGR",0.015
"csbol","crpol","BLX",0.015
"csbol","crpol","BRA",0.015
"csbol","crpol","CAN",0.015
"csbol","crpol","CHL",0.015
"csbol","crpol","CHM",0.015
"csbol","crpol","COL",0.015
"csbol","crpol","CRB",0.015
"csbol","crpol","CRI",0.015
"csbol","crpol","CZE",0.015
"csbol","crpol","DEU",0.015
"csbol","crpol","DNK",0.015
"csbol","crpol","ECU",0.015
"csbol","crpol","EGY",0.015
"csbol","crpol","FNP",0.015
"csbol","crpol","GRC",0.015
"csbol","crpol","GTM",0.015
"csbol","crpol","HND",0.015
"csbol","crpol","IND",0.015
"csbol","crpol","IRL",0.015
"csbol","crpol","ISL",0.015
"csbol","crpol","ISR",0.015
"csbol","crpol","ITP",0.015
"csbol","crpol","JPN",0.015
"csbol","crpol","MEX",0.015
"csbol","crpol","MOR",0.015
"csbol","crpol","NIC",0.015
"csbol","crpol","NLD",0.015
"csbol","crpol","NOR",0.015
"csbol","crpol","NPL",0.015
"csbol","crpol","NZL",0.015
"csbol","crpol","OBN",0.015
"csbol","crpol","PAK",0.015
"csbol","crpol","PER",0.015
"csbol","crpol","POL",0.015
"csbol","crpol","PRT",0.015
"csbol","crpol","RAP",0.015
"csbol","crpol","ROU",0.015
"csbol","crpol","RUS",0.015
"csbol","crpol","SLV",0.015
"csbol","crpol","SPP",0.015
"csbol","crpol","SVN",0.015
"csbol","crpol","SWE",0.015
"csbol","crpol","THA",0.015
"csbol","crpol","TUR",0.015
"csbol","crpol","UKP",0.015
"csbol","crpol","USA",0.015
"csbol","crpol","ZAF",0.015
"csbol","csoyb","ARG",0.003
"csbol","csoyb","AUT",0.003
"csbol","csoyb","BOL",0.003
"csbol","csoyb","BRA",0.003
"csbol","csoyb","CAN",0.003
"csbol","csoyb","CHL",0.003
"csbol","csoyb","CHM",0.003
"csbol","csoyb","CRB",0.003
"csbol","csoyb","CRI",0.003
"csbol","csoyb","CZE",0.003
"csbol","csoyb","DNK",0.003
"csbol","csoyb","DOM",0.003
"csbol","csoyb","FNP",0.003
"csbol","csoyb","GTM",0.003
"csbol","csoyb","IRL",0.003
"csbol","csoyb","ISR",0.003
"csbol","csoyb","NIC",0.003
"csbol","csoyb","NLD",0.003
"csbol","csoyb","NOR",0.003
"csbol","csoyb","OBN",0.003
"csbol","csoyb","PRT",0.003
"csbol","csoyb","RAP",0.003
"csbol","csoyb","ROU",0.003
"csbol","csoyb","RUS",0.003
"csbol","csoyb","SAU",0.003
"csbol","csoyb","SVN",0.003
"csbol","csoyb","SWE",0.003
"csbol","csoyb","TUN",0.003
"csbol","csoyb","UKP",0.003
"csbol","csoyb","USA",0.003
"csbol","csoyb","UZB",0.003
"csbol","csoyb","ZAF",0.003
"csbol","csbol","ARG",-0.686711070760807
"csbol","csbol","AUS",-0.597017806642491
"csbol","csbol","AUT",-0.496405759638752
"csbol","csbol","BGD",-0.7364197898444
"csbol","csbol","BGR",-0.497399958539939
"csbol","csbol","BLX",-0.499243779441587
"csbol","csbol","BOL",-0.796516560381209
"csbol","csbol","BRA",-0.747858040837632
"csbol","csbol","CAN",-0.46
"csbol","csbol","CHL",-0.79691546921145
"csbol","csbol","CHM",-0.826459748775782
"csbol","csbol","COL",-0.844189266316052
"csbol","csbol","CRB",-0.957125887405995
"csbol","csbol","CRI",-0.79449586426693
"csbol","csbol","CUB",-0.79449586426693
"csbol","csbol","CYP",-0.668495212428524
"csbol","csbol","CZE",-0.497399958539939
"csbol","csbol","DEU",-0.499496653547449
"csbol","csbol","DNK",-0.496396685581918
"csbol","csbol","DOM",-0.79449586426693
"csbol","csbol","ECU",-0.795777020781463
"csbol","csbol","EGY",-0.519163912047857
"csbol","csbol","FNP",-0.496396685581918
"csbol","csbol","GRC",-0.5
"csbol","csbol","GSA",-0.798217719784389
"csbol","csbol","GTM",-0.79449586426693
"csbol","csbol","HND",-0.79449586426693
"csbol","csbol","HRV",-0.5
"csbol","csbol","IND",-0.637048789106233
"csbol","csbol","IRL",-0.498448812650764
"csbol","csbol","IRN",-0.666408669545723
"csbol","csbol","IRQ",-0.67
"csbol","csbol","ISL",-0.496396685581918
"csbol","csbol","ISR",-0.46
"csbol","csbol","ITP",-0.499774768087403
"csbol","csbol","JAM",-0.957125887405995
"csbol","csbol","JPN",-0.64702019847923
"csbol","csbol","KOR",-0.655960379568123
"csbol","csbol","MEX",-0.647325419944525
"csbol","csbol","MOR",-0.667186906826951
"csbol","csbol","MRT",-0.834529821988767
"csbol","csbol","NIC",-0.79449586426693
"csbol","csbol","NLD",-0.499687021691357
"csbol","csbol","NOR",-0.496396685581918
"csbol","csbol","NPL",-0.906958079726195
"csbol","csbol","NZL",-0.457131902958877
"csbol","csbol","OBN",-0.5
"csbol","csbol","OIO",-0.957125887405995
"csbol","csbol","PAK",-0.589066998073456
"csbol","csbol","PAN",-0.79449586426693
"csbol","csbol","PER",-0.796507856045974
"csbol","csbol","PHL",-0.797813662568243
"csbol","csbol","POL",-0.498024293849867
"csbol","csbol","PRT",-0.498993038281638
"csbol","csbol","RAP",-0.667789202618894
"csbol","csbol","ROU",-0.497399958539939
"csbol","csbol","RUS",-0.596783600787119
"csbol","csbol","SAU",-0.667789202618894
"csbol","csbol","SEN",-0.787256618483671
"csbol","csbol","SLV",-0.79449586426693
"csbol","csbol","SPP",-0.498993038281638
"csbol","csbol","SVN",-0.5
"csbol","csbol","SWE",-0.496396685581918
"csbol","csbol","THA",-0.756888890631858
"csbol","csbol","TUN",-0.667551559241226
"csbol","csbol","TUR",-0.446845830427319
"csbol","csbol","UKP",-0.498448812650764
"csbol","csbol","USA",-0.449111439647829
"csbol","csbol","UZB",-0.597681165214225
"csbol","csbol","VEN",-0.798217719784389
"csbol","csbol","ZAF",-0.456675242415496
"csbol","csbol","ZWE",-0.89
"csbol","csfol","ARG",0.015
"csbol","csfol","AUS",0.015
"csbol","csfol","AUT",0.015
"csbol","csfol","BGR",0.015
"csbol","csfol","BLX",0.015
"csbol","csfol","BOL",0.015
"csbol","csfol","CAN",0.015
"csbol","csfol","CHL",0.015
"csbol","csfol","CHM",0.015
"csbol","csfol","COL",0.015
"csbol","csfol","CYP",0.015
"csbol","csfol","CZE",0.015
"csbol","csfol","DEU",0.015
"csbol","csfol","DNK",0.015
"csbol","csfol","EGY",0.015
"csbol","csfol","GRC",0.015
"csbol","csfol","GSA",0.015
"csbol","csfol","HRV",0.015
"csbol","csfol","IND",0.015
"csbol","csfol","IRN",0.015
"csbol","csfol","IRQ",0.015
"csbol","csfol","ISR",0.015
"csbol","csfol","ITP",0.015
"csbol","csfol","MEX",0.015
"csbol","csfol","MOR",0.015
"csbol","csfol","NLD",0.015
"csbol","csfol","NPL",0.015
"csbol","csfol","NZL",0.015
"csbol","csfol","OBN",0.015
"csbol","csfol","OIO",0.015
"csbol","csfol","PAK",0.015
"csbol","csfol","PER",0.015
"csbol","csfol","PRT",0.015
"csbol","csfol","RAP",0.015
"csbol","csfol","ROU",0.015
"csbol","csfol","RUS",0.015
"csbol","csfol","SAU",0.015
"csbol","csfol","SPP",0.015
"csbol","csfol","SVN",0.015
"csbol","csfol","TUN",0.015
"csbol","csfol","TUR",0.015
"csbol","csfol","UKP",0.015
"csbol","csfol","USA",0.015
"csbol","csfol","UZB",0.015
"csbol","csfol","VEN",0.015
"csbol","csfol","ZAF",0.015
"csbol","cplol","ARG",0.015
"csbol","cplol","AUS",0.015
"csbol","cplol","AUT",0.015
"csbol","cplol","BGD",0.015
"csbol","cplol","BGR",0.015
"csbol","cplol","BLX",0.015
"csbol","cplol","BOL",0.015
"csbol","cplol","BRA",0.015
"csbol","cplol","CAN",0.015
"csbol","cplol","CHL",0.015
"csbol","cplol","CHM",0.015
"csbol","cplol","COL",0.015
"csbol","cplol","CRB",0.015
"csbol","cplol","CRI",0.015
"csbol","cplol","CYP",0.015
"csbol","cplol","CZE",0.015
"csbol","cplol","DEU",0.015
"csbol","cplol","DNK",0.015
"csbol","cplol","DOM",0.015
"csbol","cplol","ECU",0.015
"csbol","cplol","EGY",0.015
"csbol","cplol","FNP",0.015
"csbol","cplol","GRC",0.015
"csbol","cplol","GSA",0.015
"csbol","cplol","GTM",0.015
"csbol","cplol","HND",0.015
"csbol","cplol","HRV",0.015
"csbol","cplol","IND",0.015
"csbol","cplol","IRL",0.015
"csbol","cplol","IRN",0.015
"csbol","cplol","IRQ",0.015
"csbol","cplol","ITP",0.015
"csbol","cplol","JAM",0.015
"csbol","cplol","JPN",0.015
"csbol","cplol","KOR",0.015
"csbol","cplol","MEX",0.015
"csbol","cplol","MOR",0.015
"csbol","cplol","MRT",0.015
"csbol","cplol","NIC",0.015
"csbol","cplol","NLD",0.015
"csbol","cplol","NOR",0.015
"csbol","cplol","NPL",0.015
"csbol","cplol","NZL",0.015
"csbol","cplol","OBN",0.015
"csbol","cplol","OIO",0.015
"csbol","cplol","PAK",0.015
"csbol","cplol","PAN",0.015
"csbol","cplol","PER",0.015
"csbol","cplol","PHL",0.015
"csbol","cplol","POL",0.015
"csbol","cplol","PRT",0.015
"csbol","cplol","RAP",0.015
"csbol","cplol","ROU",0.015
"csbol","cplol","RUS",0.015
"csbol","cplol","SAU",0.015
"csbol","cplol","SEN",0.015
"csbol","cplol","SLV",0.015
"csbol","cplol","SPP",0.015
"csbol","cplol","SVN",0.015
"csbol","cplol","SWE",0.015
"csbol","cplol","THA",0.015
"csbol","cplol","TUN",0.015
"csbol","cplol","TUR",0.015
"csbol","cplol","UKP",0.015
"csbol","cplol","USA",0.015
"csbol","cplol","UZB",0.015
"csbol","cplol","VEN",0.015
"csbol","cplol","ZAF",0.015
"csbol","cplol","ZWE",0.015
"csbol","ctool","ARG",0.015
"csbol","ctool","AUS",0.015
"csbol","ctool","AUT",0.015
"csbol","ctool","BGD",0.015
"csbol","ctool","BGR",0.015
"csbol","ctool","BLX",0.015
"csbol","ctool","BOL",0.015
"csbol","ctool","BRA",0.015
"csbol","ctool","CAN",0.015
"csbol","ctool","CHL",0.015
"csbol","ctool","CHM",0.015
"csbol","ctool","COL",0.015
"csbol","ctool","CRB",0.015
"csbol","ctool","CRI",0.015
"csbol","ctool","CYP",0.015
"csbol","ctool","CZE",0.015
"csbol","ctool","DEU",0.015
"csbol","ctool","DNK",0.015
"csbol","ctool","DOM",0.015
"csbol","ctool","ECU",0.015
"csbol","ctool","EGY",0.015
"csbol","ctool","FNP",0.015
"csbol","ctool","GRC",0.015
"csbol","ctool","GSA",0.015
"csbol","ctool","GTM",0.015
"csbol","ctool","HND",0.015
"csbol","ctool","HRV",0.015
"csbol","ctool","IND",0.015
"csbol","ctool","IRL",0.015
"csbol","ctool","IRN",0.015
"csbol","ctool","IRQ",0.015
"csbol","ctool","ISL",0.015
"csbol","ctool","ISR",0.015
"csbol","ctool","ITP",0.015
"csbol","ctool","JAM",0.015
"csbol","ctool","JPN",0.015
"csbol","ctool","KOR",0.015
"csbol","ctool","MEX",0.015
"csbol","ctool","MOR",0.015
"csbol","ctool","NLD",0.015
"csbol","ctool","NOR",0.015
"csbol","ctool","NPL",0.015
"csbol","ctool","NZL",0.015
"csbol","ctool","OBN",0.015
"csbol","ctool","OIO",0.015
"csbol","ctool","PAK",0.015
"csbol","ctool","PAN",0.015
"csbol","ctool","PER",0.015
"csbol","ctool","PHL",0.015
"csbol","ctool","POL",0.015
"csbol","ctool","PRT",0.015
"csbol","ctool","RAP",0.015
"csbol","ctool","ROU",0.015
"csbol","ctool","RUS",0.015
"csbol","ctool","SAU",0.015
"csbol","ctool","SEN",0.015
"csbol","ctool","SLV",0.015
"csbol","ctool","SPP",0.015
"csbol","ctool","SVN",0.015
"csbol","ctool","SWE",0.015
"csbol","ctool","THA",0.015
"csbol","ctool","TUN",0.015
"csbol","ctool","TUR",0.015
"csbol","ctool","UKP",0.015
"csbol","ctool","USA",0.015
"csbol","ctool","UZB",0.015
"csbol","ctool","VEN",0.015
"csbol","ctool","ZAF",0.015
"csbol","ctool","ZWE",0.015
"csnfl","cgrnd","AGO",0.003
"csnfl","cgrnd","ARG",0.003
"csnfl","cgrnd","BOL",0.003
"csnfl","cgrnd","CHM",0.003
"csnfl","cgrnd","COL",0.003
"csnfl","cgrnd","GRC",0.003
"csnfl","cgrnd","HUN",0.003
"csnfl","cgrnd","IDN",0.003
"csnfl","cgrnd","JOR",0.003
"csnfl","cgrnd","MWI",0.003
"csnfl","cgrnd","NLD",0.003
"csnfl","cgrnd","RUS",0.003
"csnfl","cgrnd","SDN",0.003
"csnfl","cgrnd","TUR",0.003
"csnfl","cgrnd","TZA",0.003
"csnfl","cgrnd","UGA",0.003
"csnfl","cgrnd","USA",0.003
"csnfl","cgrnd","ZMB",0.003
"csnfl","crpsd","BGR",0.003
"csnfl","crpsd","BLT",0.003
"csnfl","crpsd","CAN",0.003
"csnfl","crpsd","CHM",0.003
"csnfl","crpsd","HRV",0.003
"csnfl","crpsd","HUN",0.003
"csnfl","crpsd","IDN",0.003
"csnfl","crpsd","KAZ",0.003
"csnfl","crpsd","MYS",0.003
"csnfl","crpsd","OBN",0.003
"csnfl","crpsd","ROU",0.003
"csnfl","crpsd","RUS",0.003
"csnfl","crpsd","SWE",0.003
"csnfl","crpsd","UKR",0.003
"csnfl","crpsd","ZAF",0.003
"csnfl","csoyb","AGO",0.003
"csnfl","csoyb","ARG",0.003
"csnfl","csoyb","BOL",0.003
"csnfl","csoyb","CAN",0.003
"csnfl","csoyb","CHM",0.003
"csnfl","csoyb","FNP",0.003
"csnfl","csoyb","HUN",0.003
"csnfl","csoyb","IDN",0.003
"csnfl","csoyb","KAZ",0.003
"csnfl","csoyb","LBN",0.003
"csnfl","csoyb","MWI",0.003
"csnfl","csoyb","MYS",0.003
"csnfl","csoyb","NLD",0.003
"csnfl","csoyb","OBN",0.003
"csnfl","csoyb","ROU",0.003
"csnfl","csoyb","RUS",0.003
"csnfl","csoyb","SWE",0.003
"csnfl","csoyb","TZA",0.003
"csnfl","csoyb","UGA",0.003
"csnfl","csoyb","UKR",0.003
"csnfl","csoyb","USA",0.003
"csnfl","csoyb","ZAF",0.003
"csnfl","csoyb","ZMB",0.003
"csnfl","csnfl","AGO",-0.434536423174279
"csnfl","csnfl","ARG",-0.411450627995512
"csnfl","csnfl","BGR",-0.344422213008875
"csnfl","csnfl","BLT",-0.23203436472195
"csnfl","csnfl","BOL",-0.291318885911074
"csnfl","csnfl","CAN",-0.30886311353165
"csnfl","csnfl","CHM",-0.256458155866361
"csnfl","csnfl","COL",-0.290704865865019
"csnfl","csnfl","FNP",-0.35812788381763
"csnfl","csnfl","GRC",-0.34439050938859
"csnfl","csnfl","HRV",-0.34439050938859
"csnfl","csnfl","HUN",-0.344422213008875
"csnfl","csnfl","IDN",-0.131067409430271
"csnfl","csnfl","JOR",-0.377847176600347
"csnfl","csnfl","KAZ",-0.234436626674624
"csnfl","csnfl","KGZ",-0.234735390089416
"csnfl","csnfl","LBN",-0.378744195625505
"csnfl","csnfl","MDA",-0.344422213008875
"csnfl","csnfl","MWI",-0.439955438661415
"csnfl","csnfl","MYS",-0.310485996028777
"csnfl","csnfl","NLD",-0.359739184742767
"csnfl","csnfl","OBN",-0.34439050938859
"csnfl","csnfl","PAN",-0.290935362512987
"csnfl","csnfl","ROU",-0.344422213008875
"csnfl","csnfl","RUS",-0.232266060669051
"csnfl","csnfl","SDN",-0.429364741195844
"csnfl","csnfl","SWE",-0.35812788381763
"csnfl","csnfl","THA",-0.209241391231688
"csnfl","csnfl","TUR",-0.375270128357333
"csnfl","csnfl","TZA",-0.437877122928564
"csnfl","csnfl","UGA",-0.434495131644286
"csnfl","csnfl","UKR",-0.232191656608596
"csnfl","csnfl","USA",-0.373933727577395
"csnfl","csnfl","ZAF",-0.308040767851989
"csnfl","csnfl","ZMB",-0.438022470659808
"csnfl","ctols","AGO",0.003
"csnfl","ctols","BLT",0.003
"csnfl","ctols","BOL",0.003
"csnfl","ctols","GRC",0.003
"csnfl","ctols","JOR",0.003
"csnfl","ctols","LBN",0.003
"csnfl","ctols","MWI",0.003
"csnfl","ctols","NLD",0.003
"csfol","cbeef","ARG",0.003
"csfol","cbeef","ARM",0.003
"csfol","cbeef","BGR",0.003
"csfol","cbeef","BLR",0.003
"csfol","cbeef","BLT",0.003
"csfol","cbeef","CHM",0.003
"csfol","cbeef","COL",0.003
"csfol","cbeef","CYP",0.003
"csfol","cbeef","DEU",0.003
"csfol","cbeef","HUN",0.003
"csfol","cbeef","IRN",0.003
"csfol","cbeef","KAZ",0.003
"csfol","cbeef","PER",0.003
"csfol","cbeef","RAP",0.003
"csfol","cbeef","ROU",0.003
"csfol","cbeef","RUS",0.003
"csfol","cbeef","SAU",0.003
"csfol","cbeef","SPP",0.003
"csfol","cbeef","TJK",0.003
"csfol","cbeef","TKM",0.003
"csfol","cbeef","UKR",0.003
"csfol","cbeef","VEN",0.003
"csfol","cpork","BLT",0.003
"csfol","cpork","CAN",0.003
"csfol","cpork","CYP",0.003
"csfol","cpork","ITP",0.003
"csfol","cpork","MMR",0.003
"csfol","cpork","PER",0.003
"csfol","cpork","ROU",0.003
"csfol","cpork","RUS",0.003
"csfol","clamb","IRN",0.003
"csfol","clamb","ITP",0.003
"csfol","clamb","KGZ",0.003
"csfol","clamb","PER",0.003
"csfol","clamb","RAP",0.003
"csfol","clamb","ROU",0.003
"csfol","clamb","TJK",0.003
"csfol","clamb","TKM",0.003
"csfol","clamb","USA",0.003
"csfol","cpoul","AUT",0.003
"csfol","cpoul","BGR",0.003
"csfol","cpoul","BLR",0.003
"csfol","cpoul","BLT",0.003
"csfol","cpoul","BLX",0.003
"csfol","cpoul","CYP",0.003
"csfol","cpoul","CZE",0.003
"csfol","cpoul","DEU",0.003
"csfol","cpoul","DNK",0.003
"csfol","cpoul","FRP",0.003
"csfol","cpoul","GRC",0.003
"csfol","cpoul","HUN",0.003
"csfol","cpoul","ISR",0.003
"csfol","cpoul","ITP",0.003
"csfol","cpoul","MMR",0.003
"csfol","cpoul","NLD",0.003
"csfol","cpoul","NZL",0.003
"csfol","cpoul","OBN",0.003
"csfol","cpoul","PER",0.003
"csfol","cpoul","PRT",0.003
"csfol","cpoul","RAP",0.003
"csfol","cpoul","ROU",0.003
"csfol","cpoul","RUS",0.003
"csfol","cpoul","SPP",0.003
"csfol","cpoul","SVK",0.003
"csfol","cpoul","SVN",0.003
"csfol","cpoul","TJK",0.003
"csfol","cpoul","TKM",0.003
"csfol","cpoul","UKP",0.003
"csfol","cpoul","UKR",0.003
"csfol","cpoul","URY",0.003
"csfol","cpoul","USA",0.003
"csfol","ceggs","ALB",0.003
"csfol","ceggs","ARG",0.003
"csfol","ceggs","ARM",0.003
"csfol","ceggs","AUS",0.003
"csfol","ceggs","AUT",0.003
"csfol","ceggs","AZE",0.003
"csfol","ceggs","BGR",0.003
"csfol","ceggs","BLR",0.003
"csfol","ceggs","BLT",0.003
"csfol","ceggs","BLX",0.003
"csfol","ceggs","BOL",0.003
"csfol","ceggs","CAN",0.003
"csfol","ceggs","CHL",0.003
"csfol","ceggs","CHM",0.003
"csfol","ceggs","CHP",0.003
"csfol","ceggs","COL",0.003
"csfol","ceggs","CYP",0.003
"csfol","ceggs","CZE",0.003
"csfol","ceggs","DEU",0.003
"csfol","ceggs","DNK",0.003
"csfol","ceggs","EGY",0.003
"csfol","ceggs","FRP",0.003
"csfol","ceggs","GEO",0.003
"csfol","ceggs","GRC",0.003
"csfol","ceggs","GSA",0.003
"csfol","ceggs","HRV",0.003
"csfol","ceggs","HUN",0.003
"csfol","ceggs","IND",0.003
"csfol","ceggs","IRN",0.003
"csfol","ceggs","IRQ",0.003
"csfol","ceggs","ISR",0.003
"csfol","ceggs","ITP",0.003
"csfol","ceggs","KAZ",0.003
"csfol","ceggs","KGZ",0.003
"csfol","ceggs","LBN",0.003
"csfol","ceggs","MEX",0.003
"csfol","ceggs","MMR",0.003
"csfol","ceggs","MOR",0.003
"csfol","ceggs","NLD",0.003
"csfol","ceggs","NPL",0.003
"csfol","ceggs","NZL",0.003
"csfol","ceggs","OBN",0.003
"csfol","ceggs","OIO",0.003
"csfol","ceggs","PAK",0.003
"csfol","ceggs","PER",0.003
"csfol","ceggs","PRT",0.003
"csfol","ceggs","RAP",0.003
"csfol","ceggs","ROU",0.003
"csfol","ceggs","RUS",0.003
"csfol","ceggs","SAU",0.003
"csfol","ceggs","SPP",0.003
"csfol","ceggs","SVK",0.003
"csfol","ceggs","SVN",0.003
"csfol","ceggs","TJK",0.003
"csfol","ceggs","TKM",0.003
"csfol","ceggs","TUN",0.003
"csfol","ceggs","TUR",0.003
"csfol","ceggs","UKP",0.003
"csfol","ceggs","UKR",0.003
"csfol","ceggs","URY",0.003
"csfol","ceggs","USA",0.003
"csfol","ceggs","UZB",0.003
"csfol","ceggs","VEN",0.003
"csfol","ceggs","ZAF",0.003
"csfol","cmilk","ALB",0.003
"csfol","cmilk","ARG",0.003
"csfol","cmilk","ARM",0.003
"csfol","cmilk","AUS",0.003
"csfol","cmilk","AUT",0.003
"csfol","cmilk","AZE",0.003
"csfol","cmilk","BGR",0.003
"csfol","cmilk","BLR",0.003
"csfol","cmilk","BLT",0.003
"csfol","cmilk","BLX",0.003
"csfol","cmilk","BOL",0.003
"csfol","cmilk","CAN",0.003
"csfol","cmilk","CHL",0.003
"csfol","cmilk","CHM",0.003
"csfol","cmilk","CHP",0.003
"csfol","cmilk","COL",0.003
"csfol","cmilk","CYP",0.003
"csfol","cmilk","CZE",0.003
"csfol","cmilk","DEU",0.003
"csfol","cmilk","DNK",0.003
"csfol","cmilk","EGY",0.003
"csfol","cmilk","FRP",0.003
"csfol","cmilk","GEO",0.003
"csfol","cmilk","GRC",0.003
"csfol","cmilk","GSA",0.003
"csfol","cmilk","HRV",0.003
"csfol","cmilk","HUN",0.003
"csfol","cmilk","IND",0.003
"csfol","cmilk","IRN",0.003
"csfol","cmilk","IRQ",0.003
"csfol","cmilk","ISR",0.003
"csfol","cmilk","ITP",0.003
"csfol","cmilk","KAZ",0.003
"csfol","cmilk","KGZ",0.003
"csfol","cmilk","LBN",0.003
"csfol","cmilk","MEX",0.003
"csfol","cmilk","MMR",0.003
"csfol","cmilk","MOR",0.003
"csfol","cmilk","NLD",0.003
"csfol","cmilk","NPL",0.003
"csfol","cmilk","NZL",0.003
"csfol","cmilk","OBN",0.003
"csfol","cmilk","OIO",0.003
"csfol","cmilk","PAK",0.003
"csfol","cmilk","PER",0.003
"csfol","cmilk","PRT",0.003
"csfol","cmilk","RAP",0.003
"csfol","cmilk","ROU",0.003
"csfol","cmilk","RUS",0.003
"csfol","cmilk","SAU",0.003
"csfol","cmilk","SPP",0.003
"csfol","cmilk","SVK",0.003
"csfol","cmilk","SVN",0.003
"csfol","cmilk","TJK",0.003
"csfol","cmilk","TKM",0.003
"csfol","cmilk","TUN",0.003
"csfol","cmilk","TUR",0.003
"csfol","cmilk","UKP",0.003
"csfol","cmilk","UKR",0.003
"csfol","cmilk","URY",0.003
"csfol","cmilk","USA",0.003
"csfol","cmilk","UZB",0.003
"csfol","cmilk","VEN",0.003
"csfol","cmilk","ZAF",0.003
"csfol","cgrnd","ALB",0.003
"csfol","cgrnd","ARG",0.003
"csfol","cgrnd","AUS",0.003
"csfol","cgrnd","BLX",0.003
"csfol","cgrnd","BOL",0.003
"csfol","cgrnd","CHM",0.003
"csfol","cgrnd","CHP",0.003
"csfol","cgrnd","COL",0.003
"csfol","cgrnd","CZE",0.003
"csfol","cgrnd","DNK",0.003
"csfol","cgrnd","EGY",0.003
"csfol","cgrnd","GRC",0.003
"csfol","cgrnd","HUN",0.003
"csfol","cgrnd","IND",0.003
"csfol","cgrnd","IRN",0.003
"csfol","cgrnd","ISR",0.003
"csfol","cgrnd","ITP",0.003
"csfol","cgrnd","MEX",0.003
"csfol","cgrnd","MMR",0.003
"csfol","cgrnd","MOR",0.003
"csfol","cgrnd","NLD",0.003
"csfol","cgrnd","NPL",0.003
"csfol","cgrnd","PAK",0.003
"csfol","cgrnd","PRT",0.003
"csfol","cgrnd","RAP",0.003
"csfol","cgrnd","RUS",0.003
"csfol","cgrnd","SVK",0.003
"csfol","cgrnd","TJK",0.003
"csfol","cgrnd","TUR",0.003
"csfol","cgrnd","URY",0.003
"csfol","cgrnd","USA",0.003
"csfol","cgrnd","UZB",0.003
"csfol","cgdol","BLX",0.015
"csfol","cgdol","CHM",0.015
"csfol","cgdol","PRT",0.015
"csfol","cgdol","USA",0.015
"csfol","cgdol","ZAF",0.015
"csfol","crpol","AUS",0.015
"csfol","crpol","AUT",0.015
"csfol","crpol","BGR",0.015
"csfol","crpol","BLR",0.015
"csfol","crpol","BLT",0.015
"csfol","crpol","BLX",0.015
"csfol","crpol","CAN",0.015
"csfol","crpol","CHL",0.015
"csfol","crpol","CHM",0.015
"csfol","crpol","CHP",0.015
"csfol","crpol","COL",0.015
"csfol","crpol","CZE",0.015
"csfol","crpol","DEU",0.015
"csfol","crpol","DNK",0.015
"csfol","crpol","EGY",0.015
"csfol","crpol","FRP",0.015
"csfol","crpol","GRC",0.015
"csfol","crpol","HUN",0.015
"csfol","crpol","IND",0.015
"csfol","crpol","ISR",0.015
"csfol","crpol","ITP",0.015
"csfol","crpol","MEX",0.015
"csfol","crpol","MMR",0.015
"csfol","crpol","MOR",0.015
"csfol","crpol","NLD",0.015
"csfol","crpol","NPL",0.015
"csfol","crpol","NZL",0.015
"csfol","crpol","OBN",0.015
"csfol","crpol","PAK",0.015
"csfol","crpol","PER",0.015
"csfol","crpol","PRT",0.015
"csfol","crpol","RAP",0.015
"csfol","crpol","ROU",0.015
"csfol","crpol","RUS",0.015
"csfol","crpol","SPP",0.015
"csfol","crpol","SVK",0.015
"csfol","crpol","SVN",0.015
"csfol","crpol","TUR",0.015
"csfol","crpol","UKP",0.015
"csfol","crpol","UKR",0.015
"csfol","crpol","URY",0.015
"csfol","crpol","USA",0.015
"csfol","crpol","ZAF",0.015
"csfol","csoyb","ALB",0.003
"csfol","csoyb","ARG",0.003
"csfol","csoyb","AUT",0.003
"csfol","csoyb","BLR",0.003
"csfol","csoyb","BOL",0.003
"csfol","csoyb","CAN",0.003
"csfol","csoyb","CHL",0.003
"csfol","csoyb","CHM",0.003
"csfol","csoyb","CZE",0.003
"csfol","csoyb","DNK",0.003
"csfol","csoyb","GEO",0.003
"csfol","csoyb","HUN",0.003
"csfol","csoyb","ISR",0.003
"csfol","csoyb","KAZ",0.003
"csfol","csoyb","LBN",0.003
"csfol","csoyb","NLD",0.003
"csfol","csoyb","OBN",0.003
"csfol","csoyb","PRT",0.003
"csfol","csoyb","RAP",0.003
"csfol","csoyb","ROU",0.003
"csfol","csoyb","RUS",0.003
"csfol","csoyb","SAU",0.003
"csfol","csoyb","SVK",0.003
"csfol","csoyb","SVN",0.003
"csfol","csoyb","TUN",0.003
"csfol","csoyb","UKP",0.003
"csfol","csoyb","UKR",0.003
"csfol","csoyb","URY",0.003
"csfol","csoyb","USA",0.003
"csfol","csoyb","UZB",0.003
"csfol","csoyb","ZAF",0.003
"csfol","csbol","ARG",0.015
"csfol","csbol","AUS",0.015
"csfol","csbol","AUT",0.015
"csfol","csbol","BGR",0.015
"csfol","csbol","BLX",0.015
"csfol","csbol","BOL",0.015
"csfol","csbol","CAN",0.015
"csfol","csbol","CHL",0.015
"csfol","csbol","CHM",0.015
"csfol","csbol","COL",0.015
"csfol","csbol","CYP",0.015
"csfol","csbol","CZE",0.015
"csfol","csbol","DEU",0.015
"csfol","csbol","DNK",0.015
"csfol","csbol","EGY",0.015
"csfol","csbol","GRC",0.015
"csfol","csbol","GSA",0.015
"csfol","csbol","HRV",0.015
"csfol","csbol","IND",0.015
"csfol","csbol","IRN",0.015
"csfol","csbol","IRQ",0.015
"csfol","csbol","ISR",0.015
"csfol","csbol","ITP",0.015
"csfol","csbol","MEX",0.015
"csfol","csbol","MOR",0.015
"csfol","csbol","NLD",0.015
"csfol","csbol","NPL",0.015
"csfol","csbol","NZL",0.015
"csfol","csbol","OBN",0.015
"csfol","csbol","OIO",0.015
"csfol","csbol","PAK",0.015
"csfol","csbol","PER",0.015
"csfol","csbol","PRT",0.015
"csfol","csbol","RAP",0.015
"csfol","csbol","ROU",0.015
"csfol","csbol","RUS",0.015
"csfol","csbol","SAU",0.015
"csfol","csbol","SPP",0.015
"csfol","csbol","SVN",0.015
"csfol","csbol","TUN",0.015
"csfol","csbol","TUR",0.015
"csfol","csbol","UKP",0.015
"csfol","csbol","USA",0.015
"csfol","csbol","UZB",0.015
"csfol","csbol","VEN",0.015
"csfol","csbol","ZAF",0.015
"csfol","csfol","ALB",-0.5
"csfol","csfol","ARG",-0.686711070760807
"csfol","csfol","ARM",-0.593660444009016
"csfol","csfol","AUS",-0.597017806642491
"csfol","csfol","AUT",-0.496405759638752
"csfol","csfol","AZE",-0.593660444009016
"csfol","csfol","BGR",-0.497399958539939
"csfol","csfol","BLR",-0.596511017319942
"csfol","csfol","BLT",-0.596511017319942
"csfol","csfol","BLX",-0.499243779441587
"csfol","csfol","BOL",-0.796516560381209
"csfol","csfol","CAN",-0.46
"csfol","csfol","CHL",-0.79691546921145
"csfol","csfol","CHM",-0.826459748775782
"csfol","csfol","CHP",-0.496405759638752
"csfol","csfol","COL",-0.844189266316052
"csfol","csfol","CYP",-0.668495212428524
"csfol","csfol","CZE",-0.497399958539939
"csfol","csfol","DEU",-0.499496653547449
"csfol","csfol","DNK",-0.496396685581918
"csfol","csfol","EGY",-0.519163912047857
"csfol","csfol","FRP",-0.499251933255664
"csfol","csfol","GEO",-0.593660444009016
"csfol","csfol","GRC",-0.5
"csfol","csfol","GSA",-0.798217719784389
"csfol","csfol","HRV",-0.5
"csfol","csfol","HUN",-0.497399958539939
"csfol","csfol","IND",-0.637048789106233
"csfol","csfol","IRN",-0.666408669545723
"csfol","csfol","IRQ",-0.67
"csfol","csfol","ISR",-0.46
"csfol","csfol","ITP",-0.499774768087403
"csfol","csfol","KAZ",-0.595943712057293
"csfol","csfol","KGZ",-0.598094808643796
"csfol","csfol","LBN",-0.667990713000808
"csfol","csfol","MEX",-0.647325419944525
"csfol","csfol","MMR",-0.869194806130975
"csfol","csfol","MOR",-0.667186906826951
"csfol","csfol","NLD",-0.499687021691357
"csfol","csfol","NPL",-0.906958079726195
"csfol","csfol","NZL",-0.457131902958877
"csfol","csfol","OBN",-0.5
"csfol","csfol","OIO",-0.957125887405995
"csfol","csfol","PAK",-0.589066998073456
"csfol","csfol","PER",-0.796507856045974
"csfol","csfol","PRT",-0.498993038281638
"csfol","csfol","RAP",-0.667789202618894
"csfol","csfol","ROU",-0.497399958539939
"csfol","csfol","RUS",-0.596783600787119
"csfol","csfol","SAU",-0.667789202618894
"csfol","csfol","SPP",-0.498993038281638
"csfol","csfol","SVK",-0.497399958539939
"csfol","csfol","SVN",-0.5
"csfol","csfol","TJK",-0.595905047012882
"csfol","csfol","TKM",-0.599556101394061
"csfol","csfol","TUN",-0.667551559241226
"csfol","csfol","TUR",-0.446845830427319
"csfol","csfol","UKP",-0.498448812650764
"csfol","csfol","UKR",-0.596696066598348
"csfol","csfol","URY",-0.79711365554643
"csfol","csfol","USA",-0.449111439647829
"csfol","csfol","UZB",-0.597681165214225
"csfol","csfol","VEN",-0.798217719784389
"csfol","csfol","ZAF",-0.456675242415496
"csfol","cplol","ALB",0.015
"csfol","cplol","ARG",0.015
"csfol","cplol","ARM",0.015
"csfol","cplol","AUS",0.015
"csfol","cplol","AUT",0.015
"csfol","cplol","AZE",0.015
"csfol","cplol","BGR",0.015
"csfol","cplol","BLR",0.015
"csfol","cplol","BLT",0.015
"csfol","cplol","BLX",0.015
"csfol","cplol","BOL",0.015
"csfol","cplol","CAN",0.015
"csfol","cplol","CHL",0.015
"csfol","cplol","CHM",0.015
"csfol","cplol","CHP",0.015
"csfol","cplol","COL",0.015
"csfol","cplol","CYP",0.015
"csfol","cplol","CZE",0.015
"csfol","cplol","DEU",0.015
"csfol","cplol","DNK",0.015
"csfol","cplol","EGY",0.015
"csfol","cplol","FRP",0.015
"csfol","cplol","GEO",0.015
"csfol","cplol","GRC",0.015
"csfol","cplol","GSA",0.015
"csfol","cplol","HRV",0.015
"csfol","cplol","HUN",0.015
"csfol","cplol","IND",0.015
"csfol","cplol","IRN",0.015
"csfol","cplol","IRQ",0.015
"csfol","cplol","ITP",0.015
"csfol","cplol","KAZ",0.015
"csfol","cplol","KGZ",0.015
"csfol","cplol","LBN",0.015
"csfol","cplol","MEX",0.015
"csfol","cplol","MMR",0.015
"csfol","cplol","MOR",0.015
"csfol","cplol","NLD",0.015
"csfol","cplol","NPL",0.015
"csfol","cplol","NZL",0.015
"csfol","cplol","OBN",0.015
"csfol","cplol","OIO",0.015
"csfol","cplol","PAK",0.015
"csfol","cplol","PER",0.015
"csfol","cplol","PRT",0.015
"csfol","cplol","RAP",0.015
"csfol","cplol","ROU",0.015
"csfol","cplol","RUS",0.015
"csfol","cplol","SAU",0.015
"csfol","cplol","SPP",0.015
"csfol","cplol","SVK",0.015
"csfol","cplol","SVN",0.015
"csfol","cplol","TKM",0.015
"csfol","cplol","TUN",0.015
"csfol","cplol","TUR",0.015
"csfol","cplol","UKP",0.015
"csfol","cplol","UKR",0.015
"csfol","cplol","URY",0.015
"csfol","cplol","USA",0.015
"csfol","cplol","UZB",0.015
"csfol","cplol","VEN",0.015
"csfol","cplol","ZAF",0.015
"csfol","ctool","ALB",0.015
"csfol","ctool","ARG",0.015
"csfol","ctool","AUS",0.015
"csfol","ctool","AUT",0.015
"csfol","ctool","AZE",0.015
"csfol","ctool","BGR",0.015
"csfol","ctool","BLR",0.015
"csfol","ctool","BLT",0.015
"csfol","ctool","BLX",0.015
"csfol","ctool","BOL",0.015
"csfol","ctool","CAN",0.015
"csfol","ctool","CHL",0.015
"csfol","ctool","CHM",0.015
"csfol","ctool","CHP",0.015
"csfol","ctool","COL",0.015
"csfol","ctool","CYP",0.015
"csfol","ctool","CZE",0.015
"csfol","ctool","DEU",0.015
"csfol","ctool","DNK",0.015
"csfol","ctool","EGY",0.015
"csfol","ctool","FRP",0.015
"csfol","ctool","GRC",0.015
"csfol","ctool","GSA",0.015
"csfol","ctool","HRV",0.015
"csfol","ctool","HUN",0.015
"csfol","ctool","IND",0.015
"csfol","ctool","IRN",0.015
"csfol","ctool","IRQ",0.015
"csfol","ctool","ISR",0.015
"csfol","ctool","ITP",0.015
"csfol","ctool","KAZ",0.015
"csfol","ctool","LBN",0.015
"csfol","ctool","MEX",0.015
"csfol","ctool","MMR",0.015
"csfol","ctool","MOR",0.015
"csfol","ctool","NLD",0.015
"csfol","ctool","NPL",0.015
"csfol","ctool","NZL",0.015
"csfol","ctool","OBN",0.015
"csfol","ctool","OIO",0.015
"csfol","ctool","PAK",0.015
"csfol","ctool","PER",0.015
"csfol","ctool","PRT",0.015
"csfol","ctool","RAP",0.015
"csfol","ctool","ROU",0.015
"csfol","ctool","RUS",0.015
"csfol","ctool","SAU",0.015
"csfol","ctool","SPP",0.015
"csfol","ctool","SVK",0.015
"csfol","ctool","SVN",0.015
"csfol","ctool","TJK",0.015
"csfol","ctool","TKM",0.015
"csfol","ctool","TUN",0.015
"csfol","ctool","TUR",0.015
"csfol","ctool","UKP",0.015
"csfol","ctool","UKR",0.015
"csfol","ctool","URY",0.015
"csfol","ctool","USA",0.015
"csfol","ctool","UZB",0.015
"csfol","ctool","VEN",0.015
"csfol","ctool","ZAF",0.015
"cplol","cbeef","ARG",0.003
"cplol","cbeef","ARM",0.003
"cplol","cbeef","BGR",0.003
"cplol","cbeef","BLR",0.003
"cplol","cbeef","BLT",0.003
"cplol","cbeef","CHM",0.003
"cplol","cbeef","COL",0.003
"cplol","cbeef","CYP",0.003
"cplol","cbeef","DEU",0.003
"cplol","cbeef","GTM",0.003
"cplol","cbeef","HUN",0.003
"cplol","cbeef","IRL",0.003
"cplol","cbeef","IRN",0.003
"cplol","cbeef","JOR",0.003
"cplol","cbeef","JPN",0.003
"cplol","cbeef","KAZ",0.003
"cplol","cbeef","PAN",0.003
"cplol","cbeef","PER",0.003
"cplol","cbeef","RAP",0.003
"cplol","cbeef","ROU",0.003
"cplol","cbeef","RUS",0.003
"cplol","cbeef","SAU",0.003
"cplol","cbeef","SPP",0.003
"cplol","cbeef","TKM",0.003
"cplol","cbeef","UKR",0.003
"cplol","cbeef","VEN",0.003
"cplol","cpork","BLT",0.003
"cplol","cpork","CAN",0.003
"cplol","cpork","CYP",0.003
"cplol","cpork","ITP",0.003
"cplol","cpork","JPN",0.003
"cplol","cpork","MMR",0.003
"cplol","cpork","PAN",0.003
"cplol","cpork","PER",0.003
"cplol","cpork","ROU",0.003
"cplol","cpork","RUS",0.003
"cplol","clamb","IRN",0.003
"cplol","clamb","ITP",0.003
"cplol","clamb","KGZ",0.003
"cplol","clamb","PER",0.003
"cplol","clamb","RAP",0.003
"cplol","clamb","ROU",0.003
"cplol","clamb","TKM",0.003
"cplol","clamb","USA",0.003
"cplol","cpoul","AUT",0.003
"cplol","cpoul","BGR",0.003
"cplol","cpoul","BLR",0.003
"cplol","cpoul","BLT",0.003
"cplol","cpoul","BLX",0.003
"cplol","cpoul","BRA",0.003
"cplol","cpoul","CYP",0.003
"cplol","cpoul","CZE",0.003
"cplol","cpoul","DEU",0.003
"cplol","cpoul","DNK",0.003
"cplol","cpoul","FJI",0.003
"cplol","cpoul","FNP",0.003
"cplol","cpoul","FRP",0.003
"cplol","cpoul","GRC",0.003
"cplol","cpoul","GTM",0.003
"cplol","cpoul","HUN",0.003
"cplol","cpoul","IRL",0.003
"cplol","cpoul","ITP",0.003
"cplol","cpoul","JPN",0.003
"cplol","cpoul","MMR",0.003
"cplol","cpoul","NLD",0.003
"cplol","cpoul","NOR",0.003
"cplol","cpoul","NZL",0.003
"cplol","cpoul","OBN",0.003
"cplol","cpoul","PAN",0.003
"cplol","cpoul","PER",0.003
"cplol","cpoul","POL",0.003
"cplol","cpoul","PRT",0.003
"cplol","cpoul","RAP",0.003
"cplol","cpoul","ROU",0.003
"cplol","cpoul","RUS",0.003
"cplol","cpoul","SPP",0.003
"cplol","cpoul","SVK",0.003
"cplol","cpoul","SVN",0.003
"cplol","cpoul","SWE",0.003
"cplol","cpoul","THA",0.003
"cplol","cpoul","TKM",0.003
"cplol","cpoul","UKP",0.003
"cplol","cpoul","UKR",0.003
"cplol","cpoul","URY",0.003
"cplol","cpoul","USA",0.003
"cplol","ceggs","AGO",0.003
"cplol","ceggs","ALB",0.003
"cplol","ceggs","ARG",0.003
"cplol","ceggs","ARM",0.003
"cplol","ceggs","AUS",0.003
"cplol","ceggs","AUT",0.003
"cplol","ceggs","AZE",0.003
"cplol","ceggs","BEN",0.003
"cplol","ceggs","BGD",0.003
"cplol","ceggs","BGR",0.003
"cplol","ceggs","BLR",0.003
"cplol","ceggs","BLT",0.003
"cplol","ceggs","BLX",0.003
"cplol","ceggs","BOL",0.003
"cplol","ceggs","BRA",0.003
"cplol","ceggs","CAN",0.003
"cplol","ceggs","CHL",0.003
"cplol","ceggs","CHM",0.003
"cplol","ceggs","CHP",0.003
"cplol","ceggs","CIV",0.003
"cplol","ceggs","CMR",0.003
"cplol","ceggs","COD",0.003
"cplol","ceggs","COL",0.003
"cplol","ceggs","CRB",0.003
"cplol","ceggs","CRI",0.003
"cplol","ceggs","CYP",0.003
"cplol","ceggs","CZE",0.003
"cplol","ceggs","DEU",0.003
"cplol","ceggs","DNK",0.003
"cplol","ceggs","DOM",0.003
"cplol","ceggs","DZA",0.003
"cplol","ceggs","ECU",0.003
"cplol","ceggs","EGY",0.003
"cplol","ceggs","ETH",0.003
"cplol","ceggs","FJI",0.003
"cplol","ceggs","FNP",0.003
"cplol","ceggs","FRP",0.003
"cplol","ceggs","GEO",0.003
"cplol","ceggs","GHA",0.003
"cplol","ceggs","GIN",0.003
"cplol","ceggs","GRC",0.003
"cplol","ceggs","GSA",0.003
"cplol","ceggs","GTM",0.003
"cplol","ceggs","HND",0.003
"cplol","ceggs","HRV",0.003
"cplol","ceggs","HTI",0.003
"cplol","ceggs","HUN",0.003
"cplol","ceggs","IDN",0.003
"cplol","ceggs","IND",0.003
"cplol","ceggs","IRL",0.003
"cplol","ceggs","IRN",0.003
"cplol","ceggs","IRQ",0.003
"cplol","ceggs","ITP",0.003
"cplol","ceggs","JAM",0.003
"cplol","ceggs","JOR",0.003
"cplol","ceggs","JPN",0.003
"cplol","ceggs","KAZ",0.003
"cplol","ceggs","KEN",0.003
"cplol","ceggs","KGZ",0.003
"cplol","ceggs","KOR",0.003
"cplol","ceggs","LBN",0.003
"cplol","ceggs","LBR",0.003
"cplol","ceggs","LBY",0.003
"cplol","ceggs","LKA",0.003
"cplol","ceggs","MDA",0.003
"cplol","ceggs","MDG",0.003
"cplol","ceggs","MEX",0.003
"cplol","ceggs","MLI",0.003
"cplol","ceggs","MMR",0.003
"cplol","ceggs","MOR",0.003
"cplol","ceggs","MOZ",0.003
"cplol","ceggs","MRT",0.003
"cplol","ceggs","MWI",0.003
"cplol","ceggs","MYS",0.003
"cplol","ceggs","NAM",0.003
"cplol","ceggs","NGA",0.003
"cplol","ceggs","NIC",0.003
"cplol","ceggs","NLD",0.003
"cplol","ceggs","NOR",0.003
"cplol","ceggs","NPL",0.003
"cplol","ceggs","NZL",0.003
"cplol","ceggs","OBN",0.003
"cplol","ceggs","OIO",0.003
"cplol","ceggs","PAK",0.003
"cplol","ceggs","PAN",0.003
"cplol","ceggs","PER",0.003
"cplol","ceggs","PHL",0.003
"cplol","ceggs","PNG",0.003
"cplol","ceggs","POL",0.003
"cplol","ceggs","PRT",0.003
"cplol","ceggs","RAP",0.003
"cplol","ceggs","ROU",0.003
"cplol","ceggs","RUS",0.003
"cplol","ceggs","SAU",0.003
"cplol","ceggs","SEN",0.003
"cplol","ceggs","SLE",0.003
"cplol","ceggs","SLV",0.003
"cplol","ceggs","SPP",0.003
"cplol","ceggs","SVK",0.003
"cplol","ceggs","SVN",0.003
"cplol","ceggs","SWE",0.003
"cplol","ceggs","SYR",0.003
"cplol","ceggs","TGO",0.003
"cplol","ceggs","THA",0.003
"cplol","ceggs","TKM",0.003
"cplol","ceggs","TUN",0.003
"cplol","ceggs","TUR",0.003
"cplol","ceggs","TZA",0.003
"cplol","ceggs","UGA",0.003
"cplol","ceggs","UKP",0.003
"cplol","ceggs","UKR",0.003
"cplol","ceggs","URY",0.003
"cplol","ceggs","USA",0.003
"cplol","ceggs","UZB",0.003
"cplol","ceggs","VEN",0.003
"cplol","ceggs","VNM",0.003
"cplol","ceggs","ZAF",0.003
"cplol","ceggs","ZMB",0.003
"cplol","ceggs","ZWE",0.003
"cplol","cmilk","AGO",0.003
"cplol","cmilk","ALB",0.003
"cplol","cmilk","ARG",0.003
"cplol","cmilk","ARM",0.003
"cplol","cmilk","AUS",0.003
"cplol","cmilk","AUT",0.003
"cplol","cmilk","AZE",0.003
"cplol","cmilk","BEN",0.003
"cplol","cmilk","BGD",0.003
"cplol","cmilk","BGR",0.003
"cplol","cmilk","BLR",0.003
"cplol","cmilk","BLT",0.003
"cplol","cmilk","BLX",0.003
"cplol","cmilk","BOL",0.003
"cplol","cmilk","BRA",0.003
"cplol","cmilk","CAN",0.003
"cplol","cmilk","CHL",0.003
"cplol","cmilk","CHM",0.003
"cplol","cmilk","CHP",0.003
"cplol","cmilk","CIV",0.003
"cplol","cmilk","CMR",0.003
"cplol","cmilk","COG",0.003
"cplol","cmilk","COL",0.003
"cplol","cmilk","CRB",0.003
"cplol","cmilk","CRI",0.003
"cplol","cmilk","CYP",0.003
"cplol","cmilk","CZE",0.003
"cplol","cmilk","DEU",0.003
"cplol","cmilk","DJI",0.003
"cplol","cmilk","DNK",0.003
"cplol","cmilk","DOM",0.003
"cplol","cmilk","DZA",0.003
"cplol","cmilk","ECU",0.003
"cplol","cmilk","EGY",0.003
"cplol","cmilk","ETH",0.003
"cplol","cmilk","FJI",0.003
"cplol","cmilk","FNP",0.003
"cplol","cmilk","FRP",0.003
"cplol","cmilk","GAB",0.003
"cplol","cmilk","GEO",0.003
"cplol","cmilk","GHA",0.003
"cplol","cmilk","GIN",0.003
"cplol","cmilk","GNB",0.003
"cplol","cmilk","GRC",0.003
"cplol","cmilk","GSA",0.003
"cplol","cmilk","GTM",0.003
"cplol","cmilk","HND",0.003
"cplol","cmilk","HRV",0.003
"cplol","cmilk","HTI",0.003
"cplol","cmilk","HUN",0.003
"cplol","cmilk","IDN",0.003
"cplol","cmilk","IND",0.003
"cplol","cmilk","IRL",0.003
"cplol","cmilk","IRN",0.003
"cplol","cmilk","IRQ",0.003
"cplol","cmilk","ITP",0.003
"cplol","cmilk","JAM",0.003
"cplol","cmilk","JOR",0.003
"cplol","cmilk","JPN",0.003
"cplol","cmilk","KAZ",0.003
"cplol","cmilk","KEN",0.003
"cplol","cmilk","KGZ",0.003
"cplol","cmilk","KOR",0.003
"cplol","cmilk","LBN",0.003
"cplol","cmilk","LBR",0.003
"cplol","cmilk","LBY",0.003
"cplol","cmilk","LKA",0.003
"cplol","cmilk","MDA",0.003
"cplol","cmilk","MDG",0.003
"cplol","cmilk","MEX",0.003
"cplol","cmilk","MLI",0.003
"cplol","cmilk","MMR",0.003
"cplol","cmilk","MOR",0.003
"cplol","cmilk","MOZ",0.003
"cplol","cmilk","MRT",0.003
"cplol","cmilk","MWI",0.003
"cplol","cmilk","MYS",0.003
"cplol","cmilk","NAM",0.003
"cplol","cmilk","NGA",0.003
"cplol","cmilk","NIC",0.003
"cplol","cmilk","NLD",0.003
"cplol","cmilk","NOR",0.003
"cplol","cmilk","NPL",0.003
"cplol","cmilk","NZL",0.003
"cplol","cmilk","OBN",0.003
"cplol","cmilk","OIO",0.003
"cplol","cmilk","PAK",0.003
"cplol","cmilk","PAN",0.003
"cplol","cmilk","PER",0.003
"cplol","cmilk","PHL",0.003
"cplol","cmilk","POL",0.003
"cplol","cmilk","PRT",0.003
"cplol","cmilk","RAP",0.003
"cplol","cmilk","ROU",0.003
"cplol","cmilk","RUS",0.003
"cplol","cmilk","SAU",0.003
"cplol","cmilk","SEN",0.003
"cplol","cmilk","SLE",0.003
"cplol","cmilk","SLV",0.003
"cplol","cmilk","SOM",0.003
"cplol","cmilk","SPP",0.003
"cplol","cmilk","SVK",0.003
"cplol","cmilk","SVN",0.003
"cplol","cmilk","SWE",0.003
"cplol","cmilk","SYR",0.003
"cplol","cmilk","TGO",0.003
"cplol","cmilk","THA",0.003
"cplol","cmilk","TKM",0.003
"cplol","cmilk","TUN",0.003
"cplol","cmilk","TUR",0.003
"cplol","cmilk","TZA",0.003
"cplol","cmilk","UGA",0.003
"cplol","cmilk","UKP",0.003
"cplol","cmilk","UKR",0.003
"cplol","cmilk","URY",0.003
"cplol","cmilk","USA",0.003
"cplol","cmilk","UZB",0.003
"cplol","cmilk","VEN",0.003
"cplol","cmilk","VNM",0.003
"cplol","cmilk","ZAF",0.003
"cplol","cmilk","ZMB",0.003
"cplol","cmilk","ZWE",0.003
"cplol","cgrnd","AGO",0.003
"cplol","cgrnd","ALB",0.003
"cplol","cgrnd","ARG",0.003
"cplol","cgrnd","AUS",0.003
"cplol","cgrnd","BEN",0.003
"cplol","cgrnd","BGD",0.003
"cplol","cgrnd","BLX",0.003
"cplol","cgrnd","BOL",0.003
"cplol","cgrnd","BRA",0.003
"cplol","cgrnd","CHM",0.003
"cplol","cgrnd","CHP",0.003
"cplol","cgrnd","CIV",0.003
"cplol","cgrnd","CMR",0.003
"cplol","cgrnd","COD",0.003
"cplol","cgrnd","COG",0.003
"cplol","cgrnd","COL",0.003
"cplol","cgrnd","CZE",0.003
"cplol","cgrnd","DNK",0.003
"cplol","cgrnd","DOM",0.003
"cplol","cgrnd","ECU",0.003
"cplol","cgrnd","EGY",0.003
"cplol","cgrnd","ETH",0.003
"cplol","cgrnd","GAB",0.003
"cplol","cgrnd","GHA",0.003
"cplol","cgrnd","GIN",0.003
"cplol","cgrnd","GNB",0.003
"cplol","cgrnd","GRC",0.003
"cplol","cgrnd","GTM",0.003
"cplol","cgrnd","HTI",0.003
"cplol","cgrnd","HUN",0.003
"cplol","cgrnd","IDN",0.003
"cplol","cgrnd","IND",0.003
"cplol","cgrnd","IRN",0.003
"cplol","cgrnd","ITP",0.003
"cplol","cgrnd","JOR",0.003
"cplol","cgrnd","JPN",0.003
"cplol","cgrnd","KEN",0.003
"cplol","cgrnd","KOR",0.003
"cplol","cgrnd","LBR",0.003
"cplol","cgrnd","LBY",0.003
"cplol","cgrnd","LKA",0.003
"cplol","cgrnd","MDG",0.003
"cplol","cgrnd","MEX",0.003
"cplol","cgrnd","MLI",0.003
"cplol","cgrnd","MMR",0.003
"cplol","cgrnd","MOR",0.003
"cplol","cgrnd","MOZ",0.003
"cplol","cgrnd","MRT",0.003
"cplol","cgrnd","MWI",0.003
"cplol","cgrnd","NGA",0.003
"cplol","cgrnd","NIC",0.003
"cplol","cgrnd","NLD",0.003
"cplol","cgrnd","NPL",0.003
"cplol","cgrnd","PAK",0.003
"cplol","cgrnd","PHL",0.003
"cplol","cgrnd","POL",0.003
"cplol","cgrnd","PRT",0.003
"cplol","cgrnd","RAP",0.003
"cplol","cgrnd","RUS",0.003
"cplol","cgrnd","SEN",0.003
"cplol","cgrnd","SLE",0.003
"cplol","cgrnd","SOM",0.003
"cplol","cgrnd","SVK",0.003
"cplol","cgrnd","SYR",0.003
"cplol","cgrnd","TGO",0.003
"cplol","cgrnd","TUR",0.003
"cplol","cgrnd","TZA",0.003
"cplol","cgrnd","UGA",0.003
"cplol","cgrnd","URY",0.003
"cplol","cgrnd","USA",0.003
"cplol","cgrnd","UZB",0.003
"cplol","cgrnd","VNM",0.003
"cplol","cgrnd","ZMB",0.003
"cplol","cgrnd","ZWE",0.003
"cplol","cgdol","BLX",0.015
"cplol","cgdol","CHM",0.015
"cplol","cgdol","GIN",0.015
"cplol","cgdol","MWI",0.015
"cplol","cgdol","POL",0.015
"cplol","cgdol","PRT",0.015
"cplol","cgdol","USA",0.015
"cplol","cgdol","VNM",0.015
"cplol","cgdol","ZAF",0.015
"cplol","crpol","AUS",0.015
"cplol","crpol","AUT",0.015
"cplol","crpol","BGR",0.015
"cplol","crpol","BLR",0.015
"cplol","crpol","BLT",0.015
"cplol","crpol","BLX",0.015
"cplol","crpol","BRA",0.015
"cplol","crpol","CAN",0.015
"cplol","crpol","CHL",0.015
"cplol","crpol","CHM",0.015
"cplol","crpol","CHP",0.015
"cplol","crpol","COL",0.015
"cplol","crpol","CRB",0.015
"cplol","crpol","CRI",0.015
"cplol","crpol","CZE",0.015
"cplol","crpol","DEU",0.015
"cplol","crpol","DNK",0.015
"cplol","crpol","DZA",0.015
"cplol","crpol","ECU",0.015
"cplol","crpol","EGY",0.015
"cplol","crpol","FNP",0.015
"cplol","crpol","FRP",0.015
"cplol","crpol","GRC",0.015
"cplol","crpol","GTM",0.015
"cplol","crpol","HND",0.015
"cplol","crpol","HTI",0.015
"cplol","crpol","HUN",0.015
"cplol","crpol","IDN",0.015
"cplol","crpol","IND",0.015
"cplol","crpol","IRL",0.015
"cplol","crpol","ITP",0.015
"cplol","crpol","JPN",0.015
"cplol","crpol","MEX",0.015
"cplol","crpol","MMR",0.015
"cplol","crpol","MOR",0.015
"cplol","crpol","NIC",0.015
"cplol","crpol","NLD",0.015
"cplol","crpol","NOR",0.015
"cplol","crpol","NPL",0.015
"cplol","crpol","NZL",0.015
"cplol","crpol","OBN",0.015
"cplol","crpol","PAK",0.015
"cplol","crpol","PER",0.015
"cplol","crpol","POL",0.015
"cplol","crpol","PRT",0.015
"cplol","crpol","RAP",0.015
"cplol","crpol","ROU",0.015
"cplol","crpol","RUS",0.015
"cplol","crpol","SLV",0.015
"cplol","crpol","SPP",0.015
"cplol","crpol","SVK",0.015
"cplol","crpol","SVN",0.015
"cplol","crpol","SWE",0.015
"cplol","crpol","THA",0.015
"cplol","crpol","TUR",0.015
"cplol","crpol","UKP",0.015
"cplol","crpol","UKR",0.015
"cplol","crpol","URY",0.015
"cplol","crpol","USA",0.015
"cplol","crpol","ZAF",0.015
"cplol","csoyb","AGO",0.003
"cplol","csoyb","ALB",0.003
"cplol","csoyb","ARG",0.003
"cplol","csoyb","AUT",0.003
"cplol","csoyb","BEN",0.003
"cplol","csoyb","BLR",0.003
"cplol","csoyb","BOL",0.003
"cplol","csoyb","BRA",0.003
"cplol","csoyb","CAN",0.003
"cplol","csoyb","CHL",0.003
"cplol","csoyb","CHM",0.003
"cplol","csoyb","CMR",0.003
"cplol","csoyb","COD",0.003
"cplol","csoyb","CRB",0.003
"cplol","csoyb","CRI",0.003
"cplol","csoyb","CZE",0.003
"cplol","csoyb","DNK",0.003
"cplol","csoyb","DOM",0.003
"cplol","csoyb","ETH",0.003
"cplol","csoyb","FNP",0.003
"cplol","csoyb","GEO",0.003
"cplol","csoyb","GHA",0.003
"cplol","csoyb","GTM",0.003
"cplol","csoyb","HUN",0.003
"cplol","csoyb","IDN",0.003
"cplol","csoyb","IRL",0.003
"cplol","csoyb","KAZ",0.003
"cplol","csoyb","KEN",0.003
"cplol","csoyb","LBN",0.003
"cplol","csoyb","MLI",0.003
"cplol","csoyb","MWI",0.003
"cplol","csoyb","MYS",0.003
"cplol","csoyb","NGA",0.003
"cplol","csoyb","NIC",0.003
"cplol","csoyb","NLD",0.003
"cplol","csoyb","NOR",0.003
"cplol","csoyb","OBN",0.003
"cplol","csoyb","PRT",0.003
"cplol","csoyb","RAP",0.003
"cplol","csoyb","ROU",0.003
"cplol","csoyb","RUS",0.003
"cplol","csoyb","SAU",0.003
"cplol","csoyb","SVK",0.003
"cplol","csoyb","SVN",0.003
"cplol","csoyb","SWE",0.003
"cplol","csoyb","SYR",0.003
"cplol","csoyb","TGO",0.003
"cplol","csoyb","TUN",0.003
"cplol","csoyb","TZA",0.003
"cplol","csoyb","UGA",0.003
"cplol","csoyb","UKP",0.003
"cplol","csoyb","UKR",0.003
"cplol","csoyb","URY",0.003
"cplol","csoyb","USA",0.003
"cplol","csoyb","UZB",0.003
"cplol","csoyb","ZAF",0.003
"cplol","csoyb","ZMB",0.003
"cplol","csbol","ARG",0.015
"cplol","csbol","AUS",0.015
"cplol","csbol","AUT",0.015
"cplol","csbol","BGD",0.015
"cplol","csbol","BGR",0.015
"cplol","csbol","BLX",0.015
"cplol","csbol","BOL",0.015
"cplol","csbol","BRA",0.015
"cplol","csbol","CAN",0.015
"cplol","csbol","CHL",0.015
"cplol","csbol","CHM",0.015
"cplol","csbol","COL",0.015
"cplol","csbol","CRB",0.015
"cplol","csbol","CRI",0.015
"cplol","csbol","CYP",0.015
"cplol","csbol","CZE",0.015
"cplol","csbol","DEU",0.015
"cplol","csbol","DNK",0.015
"cplol","csbol","DOM",0.015
"cplol","csbol","ECU",0.015
"cplol","csbol","EGY",0.015
"cplol","csbol","FNP",0.015
"cplol","csbol","GRC",0.015
"cplol","csbol","GSA",0.015
"cplol","csbol","GTM",0.015
"cplol","csbol","HND",0.015
"cplol","csbol","HRV",0.015
"cplol","csbol","IND",0.015
"cplol","csbol","IRL",0.015
"cplol","csbol","IRN",0.015
"cplol","csbol","IRQ",0.015
"cplol","csbol","ITP",0.015
"cplol","csbol","JAM",0.015
"cplol","csbol","JPN",0.015
"cplol","csbol","KOR",0.015
"cplol","csbol","MEX",0.015
"cplol","csbol","MOR",0.015
"cplol","csbol","MRT",0.015
"cplol","csbol","NIC",0.015
"cplol","csbol","NLD",0.015
"cplol","csbol","NOR",0.015
"cplol","csbol","NPL",0.015
"cplol","csbol","NZL",0.015
"cplol","csbol","OBN",0.015
"cplol","csbol","OIO",0.015
"cplol","csbol","PAK",0.015
"cplol","csbol","PAN",0.015
"cplol","csbol","PER",0.015
"cplol","csbol","PHL",0.015
"cplol","csbol","POL",0.015
"cplol","csbol","PRT",0.015
"cplol","csbol","RAP",0.015
"cplol","csbol","ROU",0.015
"cplol","csbol","RUS",0.015
"cplol","csbol","SAU",0.015
"cplol","csbol","SEN",0.015
"cplol","csbol","SLV",0.015
"cplol","csbol","SPP",0.015
"cplol","csbol","SVN",0.015
"cplol","csbol","SWE",0.015
"cplol","csbol","THA",0.015
"cplol","csbol","TUN",0.015
"cplol","csbol","TUR",0.015
"cplol","csbol","UKP",0.015
"cplol","csbol","USA",0.015
"cplol","csbol","UZB",0.015
"cplol","csbol","VEN",0.015
"cplol","csbol","ZAF",0.015
"cplol","csbol","ZWE",0.015
"cplol","csfol","ALB",0.015
"cplol","csfol","ARG",0.015
"cplol","csfol","ARM",0.015
"cplol","csfol","AUS",0.015
"cplol","csfol","AUT",0.015
"cplol","csfol","AZE",0.015
"cplol","csfol","BGR",0.015
"cplol","csfol","BLR",0.015
"cplol","csfol","BLT",0.015
"cplol","csfol","BLX",0.015
"cplol","csfol","BOL",0.015
"cplol","csfol","CAN",0.015
"cplol","csfol","CHL",0.015
"cplol","csfol","CHM",0.015
"cplol","csfol","CHP",0.015
"cplol","csfol","COL",0.015
"cplol","csfol","CYP",0.015
"cplol","csfol","CZE",0.015
"cplol","csfol","DEU",0.015
"cplol","csfol","DNK",0.015
"cplol","csfol","EGY",0.015
"cplol","csfol","FRP",0.015
"cplol","csfol","GEO",0.015
"cplol","csfol","GRC",0.015
"cplol","csfol","GSA",0.015
"cplol","csfol","HRV",0.015
"cplol","csfol","HUN",0.015
"cplol","csfol","IND",0.015
"cplol","csfol","IRN",0.015
"cplol","csfol","IRQ",0.015
"cplol","csfol","ITP",0.015
"cplol","csfol","KAZ",0.015
"cplol","csfol","KGZ",0.015
"cplol","csfol","LBN",0.015
"cplol","csfol","MEX",0.015
"cplol","csfol","MMR",0.015
"cplol","csfol","MOR",0.015
"cplol","csfol","NLD",0.015
"cplol","csfol","NPL",0.015
"cplol","csfol","NZL",0.015
"cplol","csfol","OBN",0.015
"cplol","csfol","OIO",0.015
"cplol","csfol","PAK",0.015
"cplol","csfol","PER",0.015
"cplol","csfol","PRT",0.015
"cplol","csfol","RAP",0.015
"cplol","csfol","ROU",0.015
"cplol","csfol","RUS",0.015
"cplol","csfol","SAU",0.015
"cplol","csfol","SPP",0.015
"cplol","csfol","SVK",0.015
"cplol","csfol","SVN",0.015
"cplol","csfol","TKM",0.015
"cplol","csfol","TUN",0.015
"cplol","csfol","TUR",0.015
"cplol","csfol","UKP",0.015
"cplol","csfol","UKR",0.015
"cplol","csfol","URY",0.015
"cplol","csfol","USA",0.015
"cplol","csfol","UZB",0.015
"cplol","csfol","VEN",0.015
"cplol","csfol","ZAF",0.015
"cplol","cplol","AGO",-0.440629138539423
"cplol","cplol","ALB",-0.25
"cplol","cplol","ARG",-0.343355535380404
"cplol","cplol","ARM",-0.296830222004508
"cplol","cplol","AUS",-0.298508903321245
"cplol","cplol","AUT",-0.248202879819376
"cplol","cplol","AZE",-0.296830222004508
"cplol","cplol","BEN",-0.393386081728717
"cplol","cplol","BGD",-0.3682098949222
"cplol","cplol","BGR",-0.24869997926997
"cplol","cplol","BLR",-0.298255508659971
"cplol","cplol","BLT",-0.298255508659971
"cplol","cplol","BLX",-0.249621889720793
"cplol","cplol","BOL",-0.398258280190604
"cplol","cplol","BRA",-0.373929020418816
"cplol","cplol","CAN",-0.23
"cplol","cplol","CHL",-0.398457734605725
"cplol","cplol","CHM",-0.413229874387891
"cplol","cplol","CHP",-0.248202879819376
"cplol","cplol","CIV",-0.395
"cplol","cplol","CMR",-0.392593418419686
"cplol","cplol","COD",-0.392890727898042
"cplol","cplol","COG",-0.391050981803518
"cplol","cplol","COL",-0.422094633158026
"cplol","cplol","CRB",-0.478562943702997
"cplol","cplol","CRI",-0.397247932133465
"cplol","cplol","CYP",-0.334247606214262
"cplol","cplol","CZE",-0.24869997926997
"cplol","cplol","DEU",-0.249748326773725
"cplol","cplol","DJI",-0.467620799787124
"cplol","cplol","DNK",-0.248198342790959
"cplol","cplol","DOM",-0.397247932133465
"cplol","cplol","DZA",-0.333481871236858
"cplol","cplol","ECU",-0.397888510390731
"cplol","cplol","EGY",-0.259581956023929
"cplol","cplol","ETH",-0.418268206344455
"cplol","cplol","FJI",-0.478562943702997
"cplol","cplol","FNP",-0.248198342790959
"cplol","cplol","FRP",-0.249625966627832
"cplol","cplol","GAB",-0.395
"cplol","cplol","GEO",-0.296830222004508
"cplol","cplol","GHA",-0.393365837133776
"cplol","cplol","GIN",-0.392670051351624
"cplol","cplol","GNB",-0.395
"cplol","cplol","GRC",-0.25
"cplol","cplol","GSA",-0.399108859892195
"cplol","cplol","GTM",-0.397247932133465
"cplol","cplol","HND",-0.397247932133465
"cplol","cplol","HRV",-0.25
"cplol","cplol","HTI",-0.397247932133465
"cplol","cplol","HUN",-0.24869997926997
"cplol","cplol","IDN",-0.468996170006701
"cplol","cplol","IND",-0.318524394553117
"cplol","cplol","IRL",-0.249224406325382
"cplol","cplol","IRN",-0.333204334772862
"cplol","cplol","IRQ",-0.335
"cplol","cplol","ITP",-0.249887384043702
"cplol","cplol","JAM",-0.478562943702997
"cplol","cplol","JOR",-0.333277741280277
"cplol","cplol","JPN",-0.323510099239615
"cplol","cplol","KAZ",-0.297971856028647
"cplol","cplol","KEN",-0.468107015014644
"cplol","cplol","KGZ",-0.299047404321898
"cplol","cplol","KOR",-0.327980189784061
"cplol","cplol","LBN",-0.333995356500404
"cplol","cplol","LBR",-0.395
"cplol","cplol","LBY",-0.333552770001187
"cplol","cplol","LKA",-0.453128457221009
"cplol","cplol","MDA",-0.24869997926997
"cplol","cplol","MDG",-0.445
"cplol","cplol","MEX",-0.323662709972263
"cplol","cplol","MLI",-0.416793286472244
"cplol","cplol","MMR",-0.434597403065487
"cplol","cplol","MOR",-0.333593453413476
"cplol","cplol","MOZ",-0.442212473127966
"cplol","cplol","MRT",-0.417264910994383
"cplol","cplol","MWI",-0.444964350929132
"cplol","cplol","MYS",-0.254237703263005
"cplol","cplol","NAM",-0.443362727803896
"cplol","cplol","NGA",-0.467265340640895
"cplol","cplol","NIC",-0.397247932133465
"cplol","cplol","NLD",-0.249843510845678
"cplol","cplol","NOR",-0.248198342790959
"cplol","cplol","NPL",-0.453479039863098
"cplol","cplol","NZL",-0.228565951479439
"cplol","cplol","OBN",-0.25
"cplol","cplol","OIO",-0.478562943702997
"cplol","cplol","OPO",-0.478562943702997
"cplol","cplol","PAK",-0.294533499036728
"cplol","cplol","PAN",-0.397247932133465
"cplol","cplol","PER",-0.398253928022987
"cplol","cplol","PHL",-0.398906831284122
"cplol","cplol","PNG",-0.48
"cplol","cplol","POL",-0.249012146924933
"cplol","cplol","PRT",-0.249496519140819
"cplol","cplol","RAP",-0.333894601309447
"cplol","cplol","ROU",-0.24869997926997
"cplol","cplol","RUS",-0.298391800393559
"cplol","cplol","SAU",-0.333894601309447
"cplol","cplol","SEN",-0.393628309241836
"cplol","cplol","SLB",-0.478562943702997
"cplol","cplol","SLE",-0.390269257063794
"cplol","cplol","SLV",-0.397247932133465
"cplol","cplol","SOM",-0.42
"cplol","cplol","SPP",-0.249496519140819
"cplol","cplol","SVK",-0.24869997926997
"cplol","cplol","SVN",-0.25
"cplol","cplol","SWE",-0.248198342790959
"cplol","cplol","SYR",-0.333822105934557
"cplol","cplol","TGO",-0.395
"cplol","cplol","THA",-0.378444445315929
"cplol","cplol","TKM",-0.299778050697031
"cplol","cplol","TLS",-0.48
"cplol","cplol","TUN",-0.333775779620613
"cplol","cplol","TUR",-0.22342291521366
"cplol","cplol","TZA",-0.468168536053824
"cplol","cplol","UGA",-0.465250799936753
"cplol","cplol","UKP",-0.249224406325382
"cplol","cplol","UKR",-0.298348033299174
"cplol","cplol","URY",-0.398556827773215
"cplol","cplol","USA",-0.224555719823914
"cplol","cplol","UZB",-0.298840582607112
"cplol","cplol","VEN",-0.399108859892195
"cplol","cplol","VNM",-0.483391184955738
"cplol","cplol","ZAF",-0.228337621207748
"cplol","cplol","ZMB",-0.443417976527847
"cplol","cplol","ZWE",-0.445
"cplol","cpkol","MYS",0.015
"cplol","ctool","AGO",0.015
"cplol","ctool","ALB",0.015
"cplol","ctool","ARG",0.015
"cplol","ctool","AUS",0.015
"cplol","ctool","AUT",0.015
"cplol","ctool","AZE",0.015
"cplol","ctool","BEN",0.015
"cplol","ctool","BGD",0.015
"cplol","ctool","BGR",0.015
"cplol","ctool","BLR",0.015
"cplol","ctool","BLT",0.015
"cplol","ctool","BLX",0.015
"cplol","ctool","BOL",0.015
"cplol","ctool","BRA",0.015
"cplol","ctool","CAN",0.015
"cplol","ctool","CHL",0.015
"cplol","ctool","CHM",0.015
"cplol","ctool","CHP",0.015
"cplol","ctool","CIV",0.015
"cplol","ctool","COD",0.015
"cplol","ctool","COG",0.015
"cplol","ctool","COL",0.015
"cplol","ctool","CRB",0.015
"cplol","ctool","CRI",0.015
"cplol","ctool","CYP",0.015
"cplol","ctool","CZE",0.015
"cplol","ctool","DEU",0.015
"cplol","ctool","DJI",0.015
"cplol","ctool","DNK",0.015
"cplol","ctool","DOM",0.015
"cplol","ctool","DZA",0.015
"cplol","ctool","ECU",0.015
"cplol","ctool","EGY",0.015
"cplol","ctool","ETH",0.015
"cplol","ctool","FJI",0.015
"cplol","ctool","FNP",0.015
"cplol","ctool","FRP",0.015
"cplol","ctool","GHA",0.015
"cplol","ctool","GIN",0.015
"cplol","ctool","GNB",0.015
"cplol","ctool","GRC",0.015
"cplol","ctool","GSA",0.015
"cplol","ctool","GTM",0.015
"cplol","ctool","HND",0.015
"cplol","ctool","HRV",0.015
"cplol","ctool","HTI",0.015
"cplol","ctool","HUN",0.015
"cplol","ctool","IDN",0.015
"cplol","ctool","IND",0.015
"cplol","ctool","IRL",0.015
"cplol","ctool","IRN",0.015
"cplol","ctool","IRQ",0.015
"cplol","ctool","ITP",0.015
"cplol","ctool","JAM",0.015
"cplol","ctool","JOR",0.015
"cplol","ctool","JPN",0.015
"cplol","ctool","KAZ",0.015
"cplol","ctool","KEN",0.015
"cplol","ctool","KOR",0.015
"cplol","ctool","LBN",0.015
"cplol","ctool","LBY",0.015
"cplol","ctool","LKA",0.015
"cplol","ctool","MDA",0.015
"cplol","ctool","MDG",0.015
"cplol","ctool","MEX",0.015
"cplol","ctool","MLI",0.015
"cplol","ctool","MMR",0.015
"cplol","ctool","MOR",0.015
"cplol","ctool","MOZ",0.015
"cplol","ctool","MWI",0.015
"cplol","ctool","MYS",0.015
"cplol","ctool","NGA",0.015
"cplol","ctool","NLD",0.015
"cplol","ctool","NOR",0.015
"cplol","ctool","NPL",0.015
"cplol","ctool","NZL",0.015
"cplol","ctool","OBN",0.015
"cplol","ctool","OIO",0.015
"cplol","ctool","OPO",0.015
"cplol","ctool","PAK",0.015
"cplol","ctool","PAN",0.015
"cplol","ctool","PER",0.015
"cplol","ctool","PHL",0.015
"cplol","ctool","POL",0.015
"cplol","ctool","PRT",0.015
"cplol","ctool","RAP",0.015
"cplol","ctool","ROU",0.015
"cplol","ctool","RUS",0.015
"cplol","ctool","SAU",0.015
"cplol","ctool","SEN",0.015
"cplol","ctool","SLB",0.015
"cplol","ctool","SLV",0.015
"cplol","ctool","SPP",0.015
"cplol","ctool","SVK",0.015
"cplol","ctool","SVN",0.015
"cplol","ctool","SWE",0.015
"cplol","ctool","SYR",0.015
"cplol","ctool","THA",0.015
"cplol","ctool","TKM",0.015
"cplol","ctool","TUN",0.015
"cplol","ctool","TUR",0.015
"cplol","ctool","TZA",0.015
"cplol","ctool","UGA",0.015
"cplol","ctool","UKP",0.015
"cplol","ctool","UKR",0.015
"cplol","ctool","URY",0.015
"cplol","ctool","USA",0.015
"cplol","ctool","UZB",0.015
"cplol","ctool","VEN",0.015
"cplol","ctool","VNM",0.015
"cplol","ctool","ZAF",0.015
"cplol","ctool","ZWE",0.015
"cpkol","ceggs","MYS",0.003
"cpkol","cmilk","MYS",0.003
"cpkol","csoyb","MYS",0.003
"cpkol","cplol","MYS",0.015
"cpkol","cpkol","MYS",-0.635594258157511
"cpkol","ctool","MYS",0.015
"ctols","cgrnd","AGO",0.003
"ctols","cgrnd","ALB",0.003
"ctols","cgrnd","BFA",0.003
"ctols","cgrnd","BGD",0.003
"ctols","cgrnd","BOL",0.003
"ctols","cgrnd","COD",0.003
"ctols","cgrnd","DNK",0.003
"ctols","cgrnd","DOM",0.003
"ctols","cgrnd","ETH",0.003
"ctols","cgrnd","GIN",0.003
"ctols","cgrnd","GNB",0.003
"ctols","cgrnd","GRC",0.003
"ctols","cgrnd","HTI",0.003
"ctols","cgrnd","ISR",0.003
"ctols","cgrnd","ITP",0.003
"ctols","cgrnd","JOR",0.003
"ctols","cgrnd","JPN",0.003
"ctols","cgrnd","LAO",0.003
"ctols","cgrnd","LBR",0.003
"ctols","cgrnd","LBY",0.003
"ctols","cgrnd","LKA",0.003
"ctols","cgrnd","MDG",0.003
"ctols","cgrnd","MLI",0.003
"ctols","cgrnd","MOR",0.003
"ctols","cgrnd","MOZ",0.003
"ctols","cgrnd","MWI",0.003
"ctols","cgrnd","NER",0.003
"ctols","cgrnd","NLD",0.003
"ctols","cgrnd","PHL",0.003
"ctols","cgrnd","PRT",0.003
"ctols","cgrnd","PRY",0.003
"ctols","cgrnd","SEN",0.003
"ctols","cgrnd","SOM",0.003
"ctols","cgrnd","SYR",0.003
"ctols","cgrnd","TCD",0.003
"ctols","cgrnd","TJK",0.003
"ctols","cgrnd","URY",0.003
"ctols","cgrnd","VNM",0.003
"ctols","crpsd","BLT",0.003
"ctols","crpsd","DNK",0.003
"ctols","crpsd","PRT",0.003
"ctols","crpsd","PRY",0.003
"ctols","crpsd","SPP",0.003
"ctols","crpsd","URY",0.003
"ctols","csoyb","AGO",0.003
"ctols","csoyb","ALB",0.003
"ctols","csoyb","BFA",0.003
"ctols","csoyb","BOL",0.003
"ctols","csoyb","COD",0.003
"ctols","csoyb","CRB",0.003
"ctols","csoyb","DNK",0.003
"ctols","csoyb","DOM",0.003
"ctols","csoyb","ETH",0.003
"ctols","csoyb","GEO",0.003
"ctols","csoyb","IRL",0.003
"ctols","csoyb","ISR",0.003
"ctols","csoyb","LBN",0.003
"ctols","csoyb","MLI",0.003
"ctols","csoyb","MWI",0.003
"ctols","csoyb","NLD",0.003
"ctols","csoyb","NOR",0.003
"ctols","csoyb","PRT",0.003
"ctols","csoyb","PRY",0.003
"ctols","csoyb","SYR",0.003
"ctols","csoyb","TUN",0.003
"ctols","csoyb","URY",0.003
"ctols","csnfl","AGO",0.003
"ctols","csnfl","BLT",0.003
"ctols","csnfl","BOL",0.003
"ctols","csnfl","GRC",0.003
"ctols","csnfl","JOR",0.003
"ctols","csnfl","LBN",0.003
"ctols","csnfl","MWI",0.003
"ctols","csnfl","NLD",0.003
"ctols","ctols","AGO",-0.564897350126562
"ctols","ctols","ALB",-0.447707662205167
"ctols","ctols","BFA",-0.566008850340892
"ctols","ctols","BGD",-0.844019107433081
"ctols","ctols","BLT",-0.301644674138536
"ctols","ctols","BOL",-0.378714551684396
"ctols","ctols","COD",-0.568572432834319
"ctols","ctols","CRB",-0.420865348462161
"ctols","ctols","CUB",-0.378215971266883
"ctols","ctols","CYP",-0.492777360098176
"ctols","ctols","DEU",-0.467454708009737
"ctols","ctols","DNK",-0.465566248962919
"ctols","ctols","DOM",-0.378215971266883
"ctols","ctols","DZA",-0.491533040759894
"ctols","ctols","ETH",-0.569618783723631
"ctols","ctols","FJI",-0.420865348462161
"ctols","ctols","GEO",-0.298494790629963
"ctols","ctols","GIN",-0.568213833446389
"ctols","ctols","GNB",-0.572
"ctols","ctols","GRC",-0.447707662205167
"ctols","ctols","GSA",-0.378800066388669
"ctols","ctols","HTI",-0.378215971266883
"ctols","ctols","IRL",-0.466319547038328
"ctols","ctols","ISR",-0.402924314062659
"ctols","ctols","ITP",-0.467755998761353
"ctols","ctols","JAM",-0.420865348462161
"ctols","ctols","JOR",-0.491201329580451
"ctols","ctols","JPN",-0.59730826036125
"ctols","ctols","LAO",-0.368876750003659
"ctols","ctols","LBN",-0.492367454313156
"ctols","ctols","LBR",-0.572
"ctols","ctols","LBY",-0.491648251251936
"ctols","ctols","LKA",-0.851884429317733
"ctols","ctols","MDG",-0.572
"ctols","ctols","MLI",-0.567590768899039
"ctols","ctols","MOR",-0.491714361796898
"ctols","ctols","MOZ",-0.567470268832945
"ctols","ctols","MWI",-0.571942070259839
"ctols","ctols","NER",-0.570710441073895
"ctols","ctols","NLD",-0.467660940165597
"ctols","ctols","NOR",-0.465566248962919
"ctols","ctols","OAO",-0.420865348462161
"ctols","ctols","OIO",-0.420865348462161
"ctols","ctols","OPO",-0.420865348462161
"ctols","ctols","PHL",-0.421277755270199
"ctols","ctols","PNG",-0.4225
"ctols","ctols","PRT",-0.466909124805127
"ctols","ctols","PRY",-0.378714551684396
"ctols","ctols","SEN",-0.569771002517984
"ctols","ctols","SLB",-0.420865348462161
"ctols","ctols","SLV",-0.378215971266883
"ctols","ctols","SOM",-0.572
"ctols","ctols","SPP",-0.466909124805127
"ctols","ctols","SYR",-0.492085922143655
"ctols","ctols","TCD",-0.563496306671996
"ctols","ctols","TJK",-0.304760633488437
"ctols","ctols","TLS",-0.4225
"ctols","ctols","TUN",-0.492010641883496
"ctols","ctols","URY",-0.378811703601702
"ctols","ctols","VNM",-0.370083089418361
"ctols","ctols","VUT",-0.420865348462161
"ctols","ctols","YEM",-0.492203727127891
"ctool","cbeef","ARG",0.003
"ctool","cbeef","BGR",0.003
"ctool","cbeef","BLR",0.003
"ctool","cbeef","BLT",0.003
"ctool","cbeef","CHM",0.003
"ctool","cbeef","COL",0.003
"ctool","cbeef","CYP",0.003
"ctool","cbeef","DEU",0.003
"ctool","cbeef","GTM",0.003
"ctool","cbeef","HUN",0.003
"ctool","cbeef","IRL",0.003
"ctool","cbeef","IRN",0.003
"ctool","cbeef","JOR",0.003
"ctool","cbeef","JPN",0.003
"ctool","cbeef","KAZ",0.003
"ctool","cbeef","PAN",0.003
"ctool","cbeef","PER",0.003
"ctool","cbeef","RAP",0.003
"ctool","cbeef","ROU",0.003
"ctool","cbeef","RUS",0.003
"ctool","cbeef","SAU",0.003
"ctool","cbeef","SPP",0.003
"ctool","cbeef","TCD",0.003
"ctool","cbeef","TJK",0.003
"ctool","cbeef","TKM",0.003
"ctool","cbeef","UKR",0.003
"ctool","cbeef","VEN",0.003
"ctool","cpork","BLT",0.003
"ctool","cpork","CAN",0.003
"ctool","cpork","CYP",0.003
"ctool","cpork","ITP",0.003
"ctool","cpork","JPN",0.003
"ctool","cpork","MMR",0.003
"ctool","cpork","PAN",0.003
"ctool","cpork","PER",0.003
"ctool","cpork","ROU",0.003
"ctool","cpork","RUS",0.003
"ctool","clamb","IRN",0.003
"ctool","clamb","ITP",0.003
"ctool","clamb","PER",0.003
"ctool","clamb","RAP",0.003
"ctool","clamb","ROU",0.003
"ctool","clamb","TCD",0.003
"ctool","clamb","TJK",0.003
"ctool","clamb","TKM",0.003
"ctool","clamb","USA",0.003
"ctool","cpoul","AUT",0.003
"ctool","cpoul","BGR",0.003
"ctool","cpoul","BLR",0.003
"ctool","cpoul","BLT",0.003
"ctool","cpoul","BLX",0.003
"ctool","cpoul","BRA",0.003
"ctool","cpoul","CYP",0.003
"ctool","cpoul","CZE",0.003
"ctool","cpoul","DEU",0.003
"ctool","cpoul","DNK",0.003
"ctool","cpoul","FJI",0.003
"ctool","cpoul","FNP",0.003
"ctool","cpoul","FRP",0.003
"ctool","cpoul","GRC",0.003
"ctool","cpoul","GTM",0.003
"ctool","cpoul","HUN",0.003
"ctool","cpoul","IRL",0.003
"ctool","cpoul","ISR",0.003
"ctool","cpoul","ITP",0.003
"ctool","cpoul","JPN",0.003
"ctool","cpoul","MMR",0.003
"ctool","cpoul","NLD",0.003
"ctool","cpoul","NOR",0.003
"ctool","cpoul","NZL",0.003
"ctool","cpoul","OBN",0.003
"ctool","cpoul","PAN",0.003
"ctool","cpoul","PER",0.003
"ctool","cpoul","POL",0.003
"ctool","cpoul","PRT",0.003
"ctool","cpoul","RAP",0.003
"ctool","cpoul","ROU",0.003
"ctool","cpoul","RUS",0.003
"ctool","cpoul","SPP",0.003
"ctool","cpoul","SVK",0.003
"ctool","cpoul","SVN",0.003
"ctool","cpoul","SWE",0.003
"ctool","cpoul","TCD",0.003
"ctool","cpoul","THA",0.003
"ctool","cpoul","TJK",0.003
"ctool","cpoul","TKM",0.003
"ctool","cpoul","UKP",0.003
"ctool","cpoul","UKR",0.003
"ctool","cpoul","URY",0.003
"ctool","cpoul","USA",0.003
"ctool","ceggs","AFG",0.003
"ctool","ceggs","AGO",0.003
"ctool","ceggs","ALB",0.003
"ctool","ceggs","ARG",0.003
"ctool","ceggs","AUS",0.003
"ctool","ceggs","AUT",0.003
"ctool","ceggs","AZE",0.003
"ctool","ceggs","BEN",0.003
"ctool","ceggs","BFA",0.003
"ctool","ceggs","BGD",0.003
"ctool","ceggs","BGR",0.003
"ctool","ceggs","BLR",0.003
"ctool","ceggs","BLT",0.003
"ctool","ceggs","BLX",0.003
"ctool","ceggs","BLZ",0.003
"ctool","ceggs","BOL",0.003
"ctool","ceggs","BRA",0.003
"ctool","ceggs","CAN",0.003
"ctool","ceggs","CHL",0.003
"ctool","ceggs","CHM",0.003
"ctool","ceggs","CHP",0.003
"ctool","ceggs","CIV",0.003
"ctool","ceggs","COD",0.003
"ctool","ceggs","COL",0.003
"ctool","ceggs","CRB",0.003
"ctool","ceggs","CRI",0.003
"ctool","ceggs","CYP",0.003
"ctool","ceggs","CZE",0.003
"ctool","ceggs","DEU",0.003
"ctool","ceggs","DNK",0.003
"ctool","ceggs","DOM",0.003
"ctool","ceggs","DZA",0.003
"ctool","ceggs","ECU",0.003
"ctool","ceggs","EGY",0.003
"ctool","ceggs","ETH",0.003
"ctool","ceggs","FJI",0.003
"ctool","ceggs","FNP",0.003
"ctool","ceggs","FRP",0.003
"ctool","ceggs","GHA",0.003
"ctool","ceggs","GIN",0.003
"ctool","ceggs","GRC",0.003
"ctool","ceggs","GSA",0.003
"ctool","ceggs","GTM",0.003
"ctool","ceggs","HND",0.003
"ctool","ceggs","HRV",0.003
"ctool","ceggs","HTI",0.003
"ctool","ceggs","HUN",0.003
"ctool","ceggs","IDN",0.003
"ctool","ceggs","IND",0.003
"ctool","ceggs","IRL",0.003
"ctool","ceggs","IRN",0.003
"ctool","ceggs","IRQ",0.003
"ctool","ceggs","ISL",0.003
"ctool","ceggs","ISR",0.003
"ctool","ceggs","ITP",0.003
"ctool","ceggs","JAM",0.003
"ctool","ceggs","JOR",0.003
"ctool","ceggs","JPN",0.003
"ctool","ceggs","KAZ",0.003
"ctool","ceggs","KEN",0.003
"ctool","ceggs","KHM",0.003
"ctool","ceggs","KOR",0.003
"ctool","ceggs","LBN",0.003
"ctool","ceggs","LBY",0.003
"ctool","ceggs","LKA",0.003
"ctool","ceggs","MDA",0.003
"ctool","ceggs","MDG",0.003
"ctool","ceggs","MEX",0.003
"ctool","ceggs","MLI",0.003
"ctool","ceggs","MMR",0.003
"ctool","ceggs","MOR",0.003
"ctool","ceggs","MOZ",0.003
"ctool","ceggs","MWI",0.003
"ctool","ceggs","MYS",0.003
"ctool","ceggs","NER",0.003
"ctool","ceggs","NGA",0.003
"ctool","ceggs","NLD",0.003
"ctool","ceggs","NOR",0.003
"ctool","ceggs","NPL",0.003
"ctool","ceggs","NZL",0.003
"ctool","ceggs","OBN",0.003
"ctool","ceggs","OIO",0.003
"ctool","ceggs","PAK",0.003
"ctool","ceggs","PAN",0.003
"ctool","ceggs","PER",0.003
"ctool","ceggs","PHL",0.003
"ctool","ceggs","POL",0.003
"ctool","ceggs","PRT",0.003
"ctool","ceggs","PRY",0.003
"ctool","ceggs","RAP",0.003
"ctool","ceggs","ROU",0.003
"ctool","ceggs","RUS",0.003
"ctool","ceggs","RWA",0.003
"ctool","ceggs","SAU",0.003
"ctool","ceggs","SEN",0.003
"ctool","ceggs","SLV",0.003
"ctool","ceggs","SPP",0.003
"ctool","ceggs","SVK",0.003
"ctool","ceggs","SVN",0.003
"ctool","ceggs","SWE",0.003
"ctool","ceggs","SYR",0.003
"ctool","ceggs","THA",0.003
"ctool","ceggs","TJK",0.003
"ctool","ceggs","TKM",0.003
"ctool","ceggs","TUN",0.003
"ctool","ceggs","TUR",0.003
"ctool","ceggs","TZA",0.003
"ctool","ceggs","UGA",0.003
"ctool","ceggs","UKP",0.003
"ctool","ceggs","UKR",0.003
"ctool","ceggs","URY",0.003
"ctool","ceggs","USA",0.003
"ctool","ceggs","UZB",0.003
"ctool","ceggs","VEN",0.003
"ctool","ceggs","VNM",0.003
"ctool","ceggs","ZAF",0.003
"ctool","ceggs","ZWE",0.003
"ctool","cmilk","AFG",0.003
"ctool","cmilk","AGO",0.003
"ctool","cmilk","ALB",0.003
"ctool","cmilk","ARG",0.003
"ctool","cmilk","AUS",0.003
"ctool","cmilk","AUT",0.003
"ctool","cmilk","AZE",0.003
"ctool","cmilk","BEN",0.003
"ctool","cmilk","BFA",0.003
"ctool","cmilk","BGD",0.003
"ctool","cmilk","BGR",0.003
"ctool","cmilk","BLR",0.003
"ctool","cmilk","BLT",0.003
"ctool","cmilk","BLX",0.003
"ctool","cmilk","BLZ",0.003
"ctool","cmilk","BOL",0.003
"ctool","cmilk","BRA",0.003
"ctool","cmilk","BTN",0.003
"ctool","cmilk","CAN",0.003
"ctool","cmilk","CHL",0.003
"ctool","cmilk","CHM",0.003
"ctool","cmilk","CHP",0.003
"ctool","cmilk","CIV",0.003
"ctool","cmilk","COG",0.003
"ctool","cmilk","COL",0.003
"ctool","cmilk","CRB",0.003
"ctool","cmilk","CRI",0.003
"ctool","cmilk","CYP",0.003
"ctool","cmilk","CZE",0.003
"ctool","cmilk","DEU",0.003
"ctool","cmilk","DJI",0.003
"ctool","cmilk","DNK",0.003
"ctool","cmilk","DOM",0.003
"ctool","cmilk","DZA",0.003
"ctool","cmilk","ECU",0.003
"ctool","cmilk","EGY",0.003
"ctool","cmilk","ETH",0.003
"ctool","cmilk","FJI",0.003
"ctool","cmilk","FNP",0.003
"ctool","cmilk","FRP",0.003
"ctool","cmilk","GHA",0.003
"ctool","cmilk","GIN",0.003
"ctool","cmilk","GMB",0.003
"ctool","cmilk","GNB",0.003
"ctool","cmilk","GRC",0.003
"ctool","cmilk","GSA",0.003
"ctool","cmilk","GTM",0.003
"ctool","cmilk","HND",0.003
"ctool","cmilk","HRV",0.003
"ctool","cmilk","HTI",0.003
"ctool","cmilk","HUN",0.003
"ctool","cmilk","IDN",0.003
"ctool","cmilk","IND",0.003
"ctool","cmilk","IRL",0.003
"ctool","cmilk","IRN",0.003
"ctool","cmilk","IRQ",0.003
"ctool","cmilk","ISL",0.003
"ctool","cmilk","ISR",0.003
"ctool","cmilk","ITP",0.003
"ctool","cmilk","JAM",0.003
"ctool","cmilk","JOR",0.003
"ctool","cmilk","JPN",0.003
"ctool","cmilk","KAZ",0.003
"ctool","cmilk","KEN",0.003
"ctool","cmilk","KHM",0.003
"ctool","cmilk","KOR",0.003
"ctool","cmilk","LBN",0.003
"ctool","cmilk","LBY",0.003
"ctool","cmilk","LKA",0.003
"ctool","cmilk","MDA",0.003
"ctool","cmilk","MDG",0.003
"ctool","cmilk","MEX",0.003
"ctool","cmilk","MLI",0.003
"ctool","cmilk","MMR",0.003
"ctool","cmilk","MOR",0.003
"ctool","cmilk","MOZ",0.003
"ctool","cmilk","MWI",0.003
"ctool","cmilk","MYS",0.003
"ctool","cmilk","NER",0.003
"ctool","cmilk","NGA",0.003
"ctool","cmilk","NLD",0.003
"ctool","cmilk","NOR",0.003
"ctool","cmilk","NPL",0.003
"ctool","cmilk","NZL",0.003
"ctool","cmilk","OBN",0.003
"ctool","cmilk","OIO",0.003
"ctool","cmilk","PAK",0.003
"ctool","cmilk","PAN",0.003
"ctool","cmilk","PER",0.003
"ctool","cmilk","PHL",0.003
"ctool","cmilk","POL",0.003
"ctool","cmilk","PRT",0.003
"ctool","cmilk","PRY",0.003
"ctool","cmilk","RAP",0.003
"ctool","cmilk","ROU",0.003
"ctool","cmilk","RUS",0.003
"ctool","cmilk","RWA",0.003
"ctool","cmilk","SAU",0.003
"ctool","cmilk","SEN",0.003
"ctool","cmilk","SLV",0.003
"ctool","cmilk","SPP",0.003
"ctool","cmilk","SVK",0.003
"ctool","cmilk","SVN",0.003
"ctool","cmilk","SWE",0.003
"ctool","cmilk","SYR",0.003
"ctool","cmilk","TCD",0.003
"ctool","cmilk","THA",0.003
"ctool","cmilk","TJK",0.003
"ctool","cmilk","TKM",0.003
"ctool","cmilk","TUN",0.003
"ctool","cmilk","TUR",0.003
"ctool","cmilk","TZA",0.003
"ctool","cmilk","UGA",0.003
"ctool","cmilk","UKP",0.003
"ctool","cmilk","UKR",0.003
"ctool","cmilk","URY",0.003
"ctool","cmilk","USA",0.003
"ctool","cmilk","UZB",0.003
"ctool","cmilk","VEN",0.003
"ctool","cmilk","VNM",0.003
"ctool","cmilk","ZAF",0.003
"ctool","cmilk","ZWE",0.003
"ctool","cgrnd","AGO",0.003
"ctool","cgrnd","ALB",0.003
"ctool","cgrnd","ARG",0.003
"ctool","cgrnd","AUS",0.003
"ctool","cgrnd","BEN",0.003
"ctool","cgrnd","BFA",0.003
"ctool","cgrnd","BGD",0.003
"ctool","cgrnd","BLX",0.003
"ctool","cgrnd","BOL",0.003
"ctool","cgrnd","BRA",0.003
"ctool","cgrnd","CHM",0.003
"ctool","cgrnd","CHP",0.003
"ctool","cgrnd","CIV",0.003
"ctool","cgrnd","COD",0.003
"ctool","cgrnd","COG",0.003
"ctool","cgrnd","COL",0.003
"ctool","cgrnd","CZE",0.003
"ctool","cgrnd","DNK",0.003
"ctool","cgrnd","DOM",0.003
"ctool","cgrnd","ECU",0.003
"ctool","cgrnd","EGY",0.003
"ctool","cgrnd","ETH",0.003
"ctool","cgrnd","GHA",0.003
"ctool","cgrnd","GIN",0.003
"ctool","cgrnd","GNB",0.003
"ctool","cgrnd","GRC",0.003
"ctool","cgrnd","GTM",0.003
"ctool","cgrnd","HTI",0.003
"ctool","cgrnd","HUN",0.003
"ctool","cgrnd","IDN",0.003
"ctool","cgrnd","IND",0.003
"ctool","cgrnd","IRN",0.003
"ctool","cgrnd","ISR",0.003
"ctool","cgrnd","ITP",0.003
"ctool","cgrnd","JOR",0.003
"ctool","cgrnd","JPN",0.003
"ctool","cgrnd","KEN",0.003
"ctool","cgrnd","KHM",0.003
"ctool","cgrnd","KOR",0.003
"ctool","cgrnd","LBY",0.003
"ctool","cgrnd","LKA",0.003
"ctool","cgrnd","MDG",0.003
"ctool","cgrnd","MEX",0.003
"ctool","cgrnd","MLI",0.003
"ctool","cgrnd","MMR",0.003
"ctool","cgrnd","MOR",0.003
"ctool","cgrnd","MOZ",0.003
"ctool","cgrnd","MWI",0.003
"ctool","cgrnd","NER",0.003
"ctool","cgrnd","NGA",0.003
"ctool","cgrnd","NLD",0.003
"ctool","cgrnd","NPL",0.003
"ctool","cgrnd","PAK",0.003
"ctool","cgrnd","PHL",0.003
"ctool","cgrnd","POL",0.003
"ctool","cgrnd","PRT",0.003
"ctool","cgrnd","PRY",0.003
"ctool","cgrnd","RAP",0.003
"ctool","cgrnd","RUS",0.003
"ctool","cgrnd","RWA",0.003
"ctool","cgrnd","SEN",0.003
"ctool","cgrnd","SVK",0.003
"ctool","cgrnd","SYR",0.003
"ctool","cgrnd","TCD",0.003
"ctool","cgrnd","TJK",0.003
"ctool","cgrnd","TUR",0.003
"ctool","cgrnd","TZA",0.003
"ctool","cgrnd","UGA",0.003
"ctool","cgrnd","URY",0.003
"ctool","cgrnd","USA",0.003
"ctool","cgrnd","UZB",0.003
"ctool","cgrnd","VNM",0.003
"ctool","cgrnd","ZWE",0.003
"ctool","cgdol","BLX",0.015
"ctool","cgdol","CHM",0.015
"ctool","cgdol","GIN",0.015
"ctool","cgdol","MWI",0.015
"ctool","cgdol","POL",0.015
"ctool","cgdol","PRT",0.015
"ctool","cgdol","USA",0.015
"ctool","cgdol","VNM",0.015
"ctool","cgdol","ZAF",0.015
"ctool","crpol","AUS",0.015
"ctool","crpol","AUT",0.015
"ctool","crpol","BGR",0.015
"ctool","crpol","BLR",0.015
"ctool","crpol","BLT",0.015
"ctool","crpol","BLX",0.015
"ctool","crpol","BRA",0.015
"ctool","crpol","CAN",0.015
"ctool","crpol","CHL",0.015
"ctool","crpol","CHM",0.015
"ctool","crpol","CHP",0.015
"ctool","crpol","COL",0.015
"ctool","crpol","CRB",0.015
"ctool","crpol","CRI",0.015
"ctool","crpol","CZE",0.015
"ctool","crpol","DEU",0.015
"ctool","crpol","DNK",0.015
"ctool","crpol","DZA",0.015
"ctool","crpol","ECU",0.015
"ctool","crpol","EGY",0.015
"ctool","crpol","FNP",0.015
"ctool","crpol","FRP",0.015
"ctool","crpol","GRC",0.015
"ctool","crpol","GTM",0.015
"ctool","crpol","HND",0.015
"ctool","crpol","HTI",0.015
"ctool","crpol","HUN",0.015
"ctool","crpol","IDN",0.015
"ctool","crpol","IND",0.015
"ctool","crpol","IRL",0.015
"ctool","crpol","ISL",0.015
"ctool","crpol","ISR",0.015
"ctool","crpol","ITP",0.015
"ctool","crpol","JPN",0.015
"ctool","crpol","MEX",0.015
"ctool","crpol","MMR",0.015
"ctool","crpol","MOR",0.015
"ctool","crpol","NLD",0.015
"ctool","crpol","NOR",0.015
"ctool","crpol","NPL",0.015
"ctool","crpol","NZL",0.015
"ctool","crpol","OBN",0.015
"ctool","crpol","PAK",0.015
"ctool","crpol","PER",0.015
"ctool","crpol","POL",0.015
"ctool","crpol","PRT",0.015
"ctool","crpol","PRY",0.015
"ctool","crpol","RAP",0.015
"ctool","crpol","ROU",0.015
"ctool","crpol","RUS",0.015
"ctool","crpol","SLV",0.015
"ctool","crpol","SPP",0.015
"ctool","crpol","SVK",0.015
"ctool","crpol","SVN",0.015
"ctool","crpol","SWE",0.015
"ctool","crpol","THA",0.015
"ctool","crpol","TUR",0.015
"ctool","crpol","UKP",0.015
"ctool","crpol","UKR",0.015
"ctool","crpol","URY",0.015
"ctool","crpol","USA",0.015
"ctool","crpol","ZAF",0.015
"ctool","csoyb","AGO",0.003
"ctool","csoyb","ALB",0.003
"ctool","csoyb","ARG",0.003
"ctool","csoyb","AUT",0.003
"ctool","csoyb","BEN",0.003
"ctool","csoyb","BFA",0.003
"ctool","csoyb","BLR",0.003
"ctool","csoyb","BLZ",0.003
"ctool","csoyb","BOL",0.003
"ctool","csoyb","BRA",0.003
"ctool","csoyb","CAN",0.003
"ctool","csoyb","CHL",0.003
"ctool","csoyb","CHM",0.003
"ctool","csoyb","COD",0.003
"ctool","csoyb","CRB",0.003
"ctool","csoyb","CRI",0.003
"ctool","csoyb","CZE",0.003
"ctool","csoyb","DNK",0.003
"ctool","csoyb","DOM",0.003
"ctool","csoyb","ETH",0.003
"ctool","csoyb","FNP",0.003
"ctool","csoyb","GHA",0.003
"ctool","csoyb","GTM",0.003
"ctool","csoyb","HUN",0.003
"ctool","csoyb","IDN",0.003
"ctool","csoyb","IRL",0.003
"ctool","csoyb","ISR",0.003
"ctool","csoyb","KAZ",0.003
"ctool","csoyb","KEN",0.003
"ctool","csoyb","LBN",0.003
"ctool","csoyb","MLI",0.003
"ctool","csoyb","MWI",0.003
"ctool","csoyb","MYS",0.003
"ctool","csoyb","NGA",0.003
"ctool","csoyb","NLD",0.003
"ctool","csoyb","NOR",0.003
"ctool","csoyb","OBN",0.003
"ctool","csoyb","PRT",0.003
"ctool","csoyb","PRY",0.003
"ctool","csoyb","RAP",0.003
"ctool","csoyb","ROU",0.003
"ctool","csoyb","RUS",0.003
"ctool","csoyb","RWA",0.003
"ctool","csoyb","SAU",0.003
"ctool","csoyb","SVK",0.003
"ctool","csoyb","SVN",0.003
"ctool","csoyb","SWE",0.003
"ctool","csoyb","SYR",0.003
"ctool","csoyb","TUN",0.003
"ctool","csoyb","TZA",0.003
"ctool","csoyb","UGA",0.003
"ctool","csoyb","UKP",0.003
"ctool","csoyb","UKR",0.003
"ctool","csoyb","URY",0.003
"ctool","csoyb","USA",0.003
"ctool","csoyb","UZB",0.003
"ctool","csoyb","ZAF",0.003
"ctool","csbol","ARG",0.015
"ctool","csbol","AUS",0.015
"ctool","csbol","AUT",0.015
"ctool","csbol","BGD",0.015
"ctool","csbol","BGR",0.015
"ctool","csbol","BLX",0.015
"ctool","csbol","BOL",0.015
"ctool","csbol","BRA",0.015
"ctool","csbol","CAN",0.015
"ctool","csbol","CHL",0.015
"ctool","csbol","CHM",0.015
"ctool","csbol","COL",0.015
"ctool","csbol","CRB",0.015
"ctool","csbol","CRI",0.015
"ctool","csbol","CYP",0.015
"ctool","csbol","CZE",0.015
"ctool","csbol","DEU",0.015
"ctool","csbol","DNK",0.015
"ctool","csbol","DOM",0.015
"ctool","csbol","ECU",0.015
"ctool","csbol","EGY",0.015
"ctool","csbol","FNP",0.015
"ctool","csbol","GRC",0.015
"ctool","csbol","GSA",0.015
"ctool","csbol","GTM",0.015
"ctool","csbol","HND",0.015
"ctool","csbol","HRV",0.015
"ctool","csbol","IND",0.015
"ctool","csbol","IRL",0.015
"ctool","csbol","IRN",0.015
"ctool","csbol","IRQ",0.015
"ctool","csbol","ISL",0.015
"ctool","csbol","ISR",0.015
"ctool","csbol","ITP",0.015
"ctool","csbol","JAM",0.015
"ctool","csbol","JPN",0.015
"ctool","csbol","KOR",0.015
"ctool","csbol","MEX",0.015
"ctool","csbol","MOR",0.015
"ctool","csbol","NLD",0.015
"ctool","csbol","NOR",0.015
"ctool","csbol","NPL",0.015
"ctool","csbol","NZL",0.015
"ctool","csbol","OBN",0.015
"ctool","csbol","OIO",0.015
"ctool","csbol","PAK",0.015
"ctool","csbol","PAN",0.015
"ctool","csbol","PER",0.015
"ctool","csbol","PHL",0.015
"ctool","csbol","POL",0.015
"ctool","csbol","PRT",0.015
"ctool","csbol","RAP",0.015
"ctool","csbol","ROU",0.015
"ctool","csbol","RUS",0.015
"ctool","csbol","SAU",0.015
"ctool","csbol","SEN",0.015
"ctool","csbol","SLV",0.015
"ctool","csbol","SPP",0.015
"ctool","csbol","SVN",0.015
"ctool","csbol","SWE",0.015
"ctool","csbol","THA",0.015
"ctool","csbol","TUN",0.015
"ctool","csbol","TUR",0.015
"ctool","csbol","UKP",0.015
"ctool","csbol","USA",0.015
"ctool","csbol","UZB",0.015
"ctool","csbol","VEN",0.015
"ctool","csbol","ZAF",0.015
"ctool","csbol","ZWE",0.015
"ctool","csfol","ALB",0.015
"ctool","csfol","ARG",0.015
"ctool","csfol","AUS",0.015
"ctool","csfol","AUT",0.015
"ctool","csfol","AZE",0.015
"ctool","csfol","BGR",0.015
"ctool","csfol","BLR",0.015
"ctool","csfol","BLT",0.015
"ctool","csfol","BLX",0.015
"ctool","csfol","BOL",0.015
"ctool","csfol","CAN",0.015
"ctool","csfol","CHL",0.015
"ctool","csfol","CHM",0.015
"ctool","csfol","CHP",0.015
"ctool","csfol","COL",0.015
"ctool","csfol","CYP",0.015
"ctool","csfol","CZE",0.015
"ctool","csfol","DEU",0.015
"ctool","csfol","DNK",0.015
"ctool","csfol","EGY",0.015
"ctool","csfol","FRP",0.015
"ctool","csfol","GRC",0.015
"ctool","csfol","GSA",0.015
"ctool","csfol","HRV",0.015
"ctool","csfol","HUN",0.015
"ctool","csfol","IND",0.015
"ctool","csfol","IRN",0.015
"ctool","csfol","IRQ",0.015
"ctool","csfol","ISR",0.015
"ctool","csfol","ITP",0.015
"ctool","csfol","KAZ",0.015
"ctool","csfol","LBN",0.015
"ctool","csfol","MEX",0.015
"ctool","csfol","MMR",0.015
"ctool","csfol","MOR",0.015
"ctool","csfol","NLD",0.015
"ctool","csfol","NPL",0.015
"ctool","csfol","NZL",0.015
"ctool","csfol","OBN",0.015
"ctool","csfol","OIO",0.015
"ctool","csfol","PAK",0.015
"ctool","csfol","PER",0.015
"ctool","csfol","PRT",0.015
"ctool","csfol","RAP",0.015
"ctool","csfol","ROU",0.015
"ctool","csfol","RUS",0.015
"ctool","csfol","SAU",0.015
"ctool","csfol","SPP",0.015
"ctool","csfol","SVK",0.015
"ctool","csfol","SVN",0.015
"ctool","csfol","TJK",0.015
"ctool","csfol","TKM",0.015
"ctool","csfol","TUN",0.015
"ctool","csfol","TUR",0.015
"ctool","csfol","UKP",0.015
"ctool","csfol","UKR",0.015
"ctool","csfol","URY",0.015
"ctool","csfol","USA",0.015
"ctool","csfol","UZB",0.015
"ctool","csfol","VEN",0.015
"ctool","csfol","ZAF",0.015
"ctool","cplol","AGO",0.015
"ctool","cplol","ALB",0.015
"ctool","cplol","ARG",0.015
"ctool","cplol","AUS",0.015
"ctool","cplol","AUT",0.015
"ctool","cplol","AZE",0.015
"ctool","cplol","BEN",0.015
"ctool","cplol","BGD",0.015
"ctool","cplol","BGR",0.015
"ctool","cplol","BLR",0.015
"ctool","cplol","BLT",0.015
"ctool","cplol","BLX",0.015
"ctool","cplol","BOL",0.015
"ctool","cplol","BRA",0.015
"ctool","cplol","CAN",0.015
"ctool","cplol","CHL",0.015
"ctool","cplol","CHM",0.015
"ctool","cplol","CHP",0.015
"ctool","cplol","CIV",0.015
"ctool","cplol","COD",0.015
"ctool","cplol","COG",0.015
"ctool","cplol","COL",0.015
"ctool","cplol","CRB",0.015
"ctool","cplol","CRI",0.015
"ctool","cplol","CYP",0.015
"ctool","cplol","CZE",0.015
"ctool","cplol","DEU",0.015
"ctool","cplol","DJI",0.015
"ctool","cplol","DNK",0.015
"ctool","cplol","DOM",0.015
"ctool","cplol","DZA",0.015
"ctool","cplol","ECU",0.015
"ctool","cplol","EGY",0.015
"ctool","cplol","ETH",0.015
"ctool","cplol","FJI",0.015
"ctool","cplol","FNP",0.015
"ctool","cplol","FRP",0.015
"ctool","cplol","GHA",0.015
"ctool","cplol","GIN",0.015
"ctool","cplol","GNB",0.015
"ctool","cplol","GRC",0.015
"ctool","cplol","GSA",0.015
"ctool","cplol","GTM",0.015
"ctool","cplol","HND",0.015
"ctool","cplol","HRV",0.015
"ctool","cplol","HTI",0.015
"ctool","cplol","HUN",0.015
"ctool","cplol","IDN",0.015
"ctool","cplol","IND",0.015
"ctool","cplol","IRL",0.015
"ctool","cplol","IRN",0.015
"ctool","cplol","IRQ",0.015
"ctool","cplol","ITP",0.015
"ctool","cplol","JAM",0.015
"ctool","cplol","JOR",0.015
"ctool","cplol","JPN",0.015
"ctool","cplol","KAZ",0.015
"ctool","cplol","KEN",0.015
"ctool","cplol","KOR",0.015
"ctool","cplol","LBN",0.015
"ctool","cplol","LBY",0.015
"ctool","cplol","LKA",0.015
"ctool","cplol","MDA",0.015
"ctool","cplol","MDG",0.015
"ctool","cplol","MEX",0.015
"ctool","cplol","MLI",0.015
"ctool","cplol","MMR",0.015
"ctool","cplol","MOR",0.015
"ctool","cplol","MOZ",0.015
"ctool","cplol","MWI",0.015
"ctool","cplol","MYS",0.015
"ctool","cplol","NGA",0.015
"ctool","cplol","NLD",0.015
"ctool","cplol","NOR",0.015
"ctool","cplol","NPL",0.015
"ctool","cplol","NZL",0.015
"ctool","cplol","OBN",0.015
"ctool","cplol","OIO",0.015
"ctool","cplol","OPO",0.015
"ctool","cplol","PAK",0.015
"ctool","cplol","PAN",0.015
"ctool","cplol","PER",0.015
"ctool","cplol","PHL",0.015
"ctool","cplol","POL",0.015
"ctool","cplol","PRT",0.015
"ctool","cplol","RAP",0.015
"ctool","cplol","ROU",0.015
"ctool","cplol","RUS",0.015
"ctool","cplol","SAU",0.015
"ctool","cplol","SEN",0.015
"ctool","cplol","SLB",0.015
"ctool","cplol","SLV",0.015
"ctool","cplol","SPP",0.015
"ctool","cplol","SVK",0.015
"ctool","cplol","SVN",0.015
"ctool","cplol","SWE",0.015
"ctool","cplol","SYR",0.015
"ctool","cplol","THA",0.015
"ctool","cplol","TKM",0.015
"ctool","cplol","TUN",0.015
"ctool","cplol","TUR",0.015
"ctool","cplol","TZA",0.015
"ctool","cplol","UGA",0.015
"ctool","cplol","UKP",0.015
"ctool","cplol","UKR",0.015
"ctool","cplol","URY",0.015
"ctool","cplol","USA",0.015
"ctool","cplol","UZB",0.015
"ctool","cplol","VEN",0.015
"ctool","cplol","VNM",0.015
"ctool","cplol","ZAF",0.015
"ctool","cplol","ZWE",0.015
"ctool","cpkol","MYS",0.015
"ctool","ctool","AFG",-0.91
"ctool","ctool","AGO",-0.881258277078846
"ctool","ctool","ALB",-0.5
"ctool","ctool","ARG",-0.686711070760807
"ctool","ctool","AUS",-0.597017806642491
"ctool","ctool","AUT",-0.496405759638752
"ctool","ctool","AZE",-0.593660444009016
"ctool","ctool","BEN",-0.786772163457435
"ctool","ctool","BFA",-0.831285600495849
"ctool","ctool","BGD",-0.7364197898444
"ctool","ctool","BGR",-0.497399958539939
"ctool","ctool","BLR",-0.596511017319942
"ctool","ctool","BLT",-0.596511017319942
"ctool","ctool","BLX",-0.499243779441587
"ctool","ctool","BLZ",-0.79449586426693
"ctool","ctool","BOL",-0.796516560381209
"ctool","ctool","BRA",-0.747858040837632
"ctool","ctool","BTN",-0.904455166934864
"ctool","ctool","CAN",-0.46
"ctool","ctool","CHL",-0.79691546921145
"ctool","ctool","CHM",-0.826459748775782
"ctool","ctool","CHP",-0.496405759638752
"ctool","ctool","CIV",-0.79
"ctool","ctool","COD",-0.785781455796084
"ctool","ctool","COG",-0.782101963607036
"ctool","ctool","COL",-0.844189266316052
"ctool","ctool","CRB",-0.957125887405995
"ctool","ctool","CRI",-0.79449586426693
"ctool","ctool","CYP",-0.668495212428524
"ctool","ctool","CZE",-0.497399958539939
"ctool","ctool","DEU",-0.499496653547449
"ctool","ctool","DJI",-0.935241599574248
"ctool","ctool","DNK",-0.496396685581918
"ctool","ctool","DOM",-0.79449586426693
"ctool","ctool","DZA",-0.666963742473716
"ctool","ctool","ECU",-0.795777020781463
"ctool","ctool","EGY",-0.519163912047857
"ctool","ctool","ETH",-0.83653641268891
"ctool","ctool","FJI",-0.957125887405995
"ctool","ctool","FNP",-0.496396685581918
"ctool","ctool","FRP",-0.499251933255664
"ctool","ctool","GHA",-0.786731674267551
"ctool","ctool","GIN",-0.785340102703248
"ctool","ctool","GMB",-0.787378065582116
"ctool","ctool","GNB",-0.79
"ctool","ctool","GRC",-0.5
"ctool","ctool","GSA",-0.798217719784389
"ctool","ctool","GTM",-0.79449586426693
"ctool","ctool","HND",-0.79449586426693
"ctool","ctool","HRV",-0.5
"ctool","ctool","HTI",-0.79449586426693
"ctool","ctool","HUN",-0.497399958539939
"ctool","ctool","IDN",-0.937992340013401
"ctool","ctool","IND",-0.637048789106233
"ctool","ctool","IRL",-0.498448812650764
"ctool","ctool","IRN",-0.666408669545723
"ctool","ctool","IRQ",-0.67
"ctool","ctool","ISL",-0.496396685581918
"ctool","ctool","ISR",-0.46
"ctool","ctool","ITP",-0.499774768087403
"ctool","ctool","JAM",-0.957125887405995
"ctool","ctool","JOR",-0.666555482560555
"ctool","ctool","JPN",-0.64702019847923
"ctool","ctool","KAZ",-0.595943712057293
"ctool","ctool","KEN",-0.936214030029287
"ctool","ctool","KHM",-0.866564774278076
"ctool","ctool","KOR",-0.655960379568123
"ctool","ctool","LBN",-0.667990713000808
"ctool","ctool","LBY",-0.667105540002374
"ctool","ctool","LKA",-0.906256914442018
"ctool","ctool","MDA",-0.497399958539939
"ctool","ctool","MDG",-0.89
"ctool","ctool","MEX",-0.647325419944525
"ctool","ctool","MLI",-0.833586572944488
"ctool","ctool","MMR",-0.869194806130975
"ctool","ctool","MOR",-0.667186906826951
"ctool","ctool","MOZ",-0.884424946255933
"ctool","ctool","MWI",-0.889928701858264
"ctool","ctool","MYS",-0.508475406526009
"ctool","ctool","NER",-0.838124277925668
"ctool","ctool","NGA",-0.934530681281791
"ctool","ctool","NLD",-0.499687021691357
"ctool","ctool","NOR",-0.496396685581918
"ctool","ctool","NPL",-0.906958079726195
"ctool","ctool","NZL",-0.457131902958877
"ctool","ctool","OBN",-0.5
"ctool","ctool","OIO",-0.957125887405995
"ctool","ctool","OPO",-0.957125887405995
"ctool","ctool","PAK",-0.589066998073456
"ctool","ctool","PAN",-0.79449586426693
"ctool","ctool","PER",-0.796507856045974
"ctool","ctool","PHL",-0.797813662568243
"ctool","ctool","POL",-0.498024293849867
"ctool","ctool","PRT",-0.498993038281638
"ctool","ctool","PRY",-0.796516560381209
"ctool","ctool","RAP",-0.667789202618894
"ctool","ctool","ROU",-0.497399958539939
"ctool","ctool","RUS",-0.596783600787119
"ctool","ctool","RWA",-0.936765545868028
"ctool","ctool","SAU",-0.667789202618894
"ctool","ctool","SEN",-0.787256618483671
"ctool","ctool","SLB",-0.957125887405995
"ctool","ctool","SLV",-0.79449586426693
"ctool","ctool","SPP",-0.498993038281638
"ctool","ctool","SVK",-0.497399958539939
"ctool","ctool","SVN",-0.5
"ctool","ctool","SWE",-0.496396685581918
"ctool","ctool","SYR",-0.667644211869113
"ctool","ctool","TCD",-0.827630991522903
"ctool","ctool","THA",-0.756888890631858
"ctool","ctool","TJK",-0.595905047012882
"ctool","ctool","TKM",-0.599556101394061
"ctool","ctool","TUN",-0.667551559241226
"ctool","ctool","TUR",-0.446845830427319
"ctool","ctool","TZA",-0.936337072107649
"ctool","ctool","UGA",-0.930501599873505
"ctool","ctool","UKP",-0.498448812650764
"ctool","ctool","UKR",-0.596696066598348
"ctool","ctool","URY",-0.79711365554643
"ctool","ctool","USA",-0.449111439647829
"ctool","ctool","UZB",-0.597681165214225
"ctool","ctool","VEN",-0.798217719784389
"ctool","ctool","VNM",-0.966782369911476
"ctool","ctool","VUT",-0.957125887405995
"ctool","ctool","ZAF",-0.456675242415496
"ctool","ctool","ZWE",-0.89
"ccoco","ccoco","BRA",-0.276675460732975
"ccoco","ccoco","CIV",-0.347
"ccoco","ccoco","CMR",-0.346124879425346
"ccoco","ccoco","COD",-0.346232991962925
"ccoco","ccoco","COG",-0.345563993383097
"ccoco","ccoco","COL",-0.186871812574708
"ccoco","ccoco","DOM",-0.238706134269269
"ccoco","ccoco","ECU",-0.238890916458865
"ccoco","ccoco","GEO",-0.202122666503381
"ccoco","ccoco","GIN",-0.346152745946048
"ccoco","ccoco","GTM",-0.238706134269269
"ccoco","ccoco","IDN",-0.36972498419635
"ccoco","ccoco","IND",-0.331303406791012
"ccoco","ccoco","LBR",-0.347
"ccoco","ccoco","MDG",-0.376
"ccoco","ccoco","MEX",-0.292013612580878
"ccoco","ccoco","NGA",-0.306152507681822
"ccoco","ccoco","PER",-0.238996325391246
"ccoco","ccoco","PHL",-0.346357141797036
"ccoco","ccoco","PNG",-0.166
"ccoco","ccoco","SLE",-0.345279729841464
"ccoco","ccoco","TGO",-0.347
"ccoco","ccoco","TZA",-0.308382435761037
"ccoco","ccoco","UGA",-0.307398583751065
"ccoco","ccoco","UKR",-0.20326102497438
"ccoco","ccoco","VEN",-0.239242940353518
"ccoco","ccafe","BRA",0.003
"ccoco","ccafe","CIV",0.003
"ccoco","ccafe","CMR",0.003
"ccoco","ccafe","COD",0.003
"ccoco","ccafe","COL",0.003
"ccoco","ccafe","DOM",0.003
"ccoco","ccafe","ECU",0.003
"ccoco","ccafe","GIN",0.003
"ccoco","ccafe","GTM",0.003
"ccoco","ccafe","IDN",0.003
"ccoco","ccafe","IND",0.003
"ccoco","ccafe","MDG",0.003
"ccoco","ccafe","MEX",0.003
"ccoco","ccafe","NGA",0.003
"ccoco","ccafe","PER",0.003
"ccoco","ccafe","PHL",0.003
"ccoco","ccafe","PNG",0.003
"ccoco","ccafe","TGO",0.003
"ccoco","ccafe","TZA",0.003
"ccoco","ccafe","UGA",0.003
"ccoco","ccafe","VEN",0.003
"ccoco","cteas","CMR",0.003
"ccoco","cteas","IDN",0.003
"ccoco","cteas","IND",0.003
"ccoco","cteas","TZA",0.003
"ccoco","cteas","UGA",0.003
"ccafe","ccoco","BRA",0.003
"ccafe","ccoco","CIV",0.003
"ccafe","ccoco","CMR",0.003
"ccafe","ccoco","COD",0.003
"ccafe","ccoco","COL",0.003
"ccafe","ccoco","DOM",0.003
"ccafe","ccoco","ECU",0.003
"ccafe","ccoco","GIN",0.003
"ccafe","ccoco","GTM",0.003
"ccafe","ccoco","IDN",0.003
"ccafe","ccoco","IND",0.003
"ccafe","ccoco","MDG",0.003
"ccafe","ccoco","MEX",0.003
"ccafe","ccoco","NGA",0.003
"ccafe","ccoco","PER",0.003
"ccafe","ccoco","PHL",0.003
"ccafe","ccoco","PNG",0.003
"ccafe","ccoco","TGO",0.003
"ccafe","ccoco","TZA",0.003
"ccafe","ccoco","UGA",0.003
"ccafe","ccoco","VEN",0.003
"ccafe","ccafe","AGO",-0.374137416991231
"ccafe","ccafe","AUS",-0.330220142017405
"ccafe","ccafe","BDI",-0.309
"ccafe","ccafe","BGR",-0.242374974087462
"ccafe","ccafe","BLX",-0.35481840537748
"ccafe","ccafe","BOL",-0.238997580824213
"ccafe","ccafe","BRA",-0.276675460732975
"ccafe","ccafe","CAF",-0.347
"ccafe","ccafe","CHM",-0.349776668948272
"ccafe","ccafe","CIV",-0.347
"ccafe","ccafe","CMR",-0.346124879425346
"ccafe","ccafe","COD",-0.346232991962925
"ccafe","ccafe","COL",-0.186871812574708
"ccafe","ccafe","CRI",-0.238706134269269
"ccafe","ccafe","CZE",-0.242374974087462
"ccafe","ccafe","DOM",-0.238706134269269
"ccafe","ccafe","ECU",-0.238890916458865
"ccafe","ccafe","ETH",-0.263125333103374
"ccafe","ccafe","GIN",-0.346152745946048
"ccafe","ccafe","GTM",-0.238706134269269
"ccafe","ccafe","HND",-0.238706134269269
"ccafe","ccafe","HTI",-0.238706134269269
"ccafe","ccafe","IDN",-0.36972498419635
"ccafe","ccafe","IND",-0.331303406791012
"ccafe","ccafe","IRL",-0.353576269766819
"ccafe","ccafe","IRN",-0.367474845774337
"ccafe","ccafe","ISR",-0.414420860055951
"ccafe","ccafe","ITP",-0.355648075136567
"ccafe","ccafe","KEN",-0.308361691048141
"ccafe","ccafe","KOR",-0.389344046537596
"ccafe","ccafe","LAO",-0.299194868971424
"ccafe","ccafe","LBN",-0.36670351351695
"ccafe","ccafe","MDG",-0.376
"ccafe","ccafe","MEX",-0.292013612580878
"ccafe","ccafe","MWI",-0.375984808634573
"ccafe","ccafe","MYS",-0.277129608988859
"ccafe","ccafe","NGA",-0.306152507681822
"ccafe","ccafe","NIC",-0.238706134269269
"ccafe","ccafe","NLD",-0.355510971392745
"ccafe","ccafe","PAN",-0.238706134269269
"ccafe","ccafe","PER",-0.238996325391246
"ccafe","ccafe","PHL",-0.346357141797036
"ccafe","ccafe","PNG",-0.166
"ccafe","ccafe","RAP",-0.36844553309141
"ccafe","ccafe","RWA",-0.308454675804936
"ccafe","ccafe","SLV",-0.238706134269269
"ccafe","ccafe","SPP",-0.354426622315087
"ccafe","ccafe","SVK",-0.242374974087462
"ccafe","ccafe","SVN",-0.24228580765541
"ccafe","ccafe","TGO",-0.347
"ccafe","ccafe","THA",-0.31096151295888
"ccafe","ccafe","TLS",-0.166
"ccafe","ccafe","TZA",-0.308382435761037
"ccafe","ccafe","UGA",-0.307398583751065
"ccafe","ccafe","UKP",-0.353576269766819
"ccafe","ccafe","USA",-0.395950828780335
"ccafe","ccafe","VEN",-0.239242940353518
"ccafe","ccafe","VNM",-0.337120179272669
"ccafe","ccafe","YEM",-0.36844553309141
"ccafe","ccafe","ZAF",-0.415218879865444
"ccafe","cteas","BDI",0.003
"ccafe","cteas","CHM",0.003
"ccafe","cteas","CMR",0.003
"ccafe","cteas","ETH",0.003
"ccafe","cteas","IDN",0.003
"ccafe","cteas","IND",0.003
"ccafe","cteas","IRN",0.003
"ccafe","cteas","KEN",0.003
"ccafe","cteas","LAO",0.003
"ccafe","cteas","MWI",0.003
"ccafe","cteas","MYS",0.003
"ccafe","cteas","RAP",0.003
"ccafe","cteas","RWA",0.003
"ccafe","cteas","THA",0.003
"ccafe","cteas","TZA",0.003
"ccafe","cteas","UGA",0.003
"ccafe","cteas","VNM",0.003
"ccott","ccott","AFG",-0.3
"ccott","ccott","AGO",-0.299205297916259
"ccott","ccott","ALB",-0.299847627347147
"ccott","ccott","ARG",-0.649530152965829
"ccott","ccott","ARM",-0.296830222003848
"ccott","ccott","AUS",-0.233937593616389
"ccott","ccott","AUT",-0.299333867164091
"ccott","ccott","AZE",-0.296830222003848
"ccott","ccott","BDI",-0.3
"ccott","ccott","BEN",-0.299706560314313
"ccott","ccott","BFA",-0.298994492364904
"ccott","ccott","BGD",-0.299202843832548
"ccott","ccott","BGR",-0.299855553252219
"ccott","ccott","BLR",-0.298255508659971
"ccott","ccott","BLT",-0.298255508659971
"ccott","ccott","BLX",-0.299558871340926
"ccott","ccott","BOL",-0.0687606993663878
"ccott","ccott","BRA",-0.154679760878263
"ccott","ccott","BWA",-0.299668322435566
"ccott","ccott","CAF",-0.3
"ccott","ccott","CAN",-0.29863573623798
"ccott","ccott","CHL",-0.0689026188540737
"ccott","ccott","CHM",-0.49980689538777
"ccott","ccott","CHP",-0.299333867164091
"ccott","ccott","CIV",-0.3
"ccott","ccott","CMR",-0.299562439712673
"ccott","ccott","COD",-0.299616495981462
"ccott","ccott","COG",-0.299281996687925
"ccott","ccott","COL",-0.648233222866376
"ccott","ccott","CRB",-0.234576581626776
"ccott","ccott","CRI",-0.0680417978709377
"ccott","ccott","CUB",-0.0680417978709377
"ccott","ccott","CZE",-0.299855553252219
"ccott","ccott","DEU",-0.299706381236012
"ccott","ccott","DJI",-0.298995170236754
"ccott","ccott","DNK",-0.298595912863223
"ccott","ccott","DOM",-0.0680417978709377
"ccott","ccott","DZA",-0.299240935618429
"ccott","ccott","ECU",-0.0684975939318666
"ccott","ccott","EGY",-0.29745149941086
"ccott","ccott","ETH",-0.299600355310259
"ccott","ccott","FNP",-0.298595912863223
"ccott","ccott","FRP",-0.299563627732467
"ccott","ccott","GHA",-0.299702879478868
"ccott","ccott","GIN",-0.299576372973023
"ccott","ccott","GMB",-0.299761642325647
"ccott","ccott","GNB",-0.3
"ccott","ccott","GRC",-0.299847627347147
"ccott","ccott","GSA",-0.0693659195484721
"ccott","ccott","GTM",-0.0680417978709377
"ccott","ccott","HND",-0.0680417978709377
"ccott","ccott","HRV",-0.299847627347147
"ccott","ccott","HTI",-0.0680417978709377
"ccott","ccott","HUN",-0.299855553252219
"ccott","ccott","IDN",-0.0997047558839937
"ccott","ccott","IND",-0.0790469406364728
"ccott","ccott","IRL",-0.299095140712946
"ccott","ccott","IRN",-0.299102167386431
"ccott","ccott","IRQ",-0.3
"ccott","ccott","ISR",-0.299960304578318
"ccott","ccott","ITP",-0.299868614717652
"ccott","ccott","JAM",-0.234576581626776
"ccott","ccott","JOR",-0.299138870640191
"ccott","ccott","JPN",-0.164700689579374
"ccott","ccott","KAZ",-0.122746506698496
"ccott","ccott","KEN",-0.299200518037797
"ccott","ccott","KGZ",-0.123941560357561
"ccott","ccott","KHM",-0.0986396506141181
"ccott","ccott","KOR",-0.299416148609455
"ccott","ccott","LAO",-0.0986396506141181
"ccott","ccott","LBN",-0.299497678250202
"ccott","ccott","LKA",-0.0794568272432185
"ccott","ccott","MDA",-0.299855553252219
"ccott","ccott","MDG",-0.3
"ccott","ccott","MEX",-0.0695947605976587
"ccott","ccott","MLI",-0.299259989185909
"ccott","ccott","MMR",-0.079777313570627
"ccott","ccott","MNG",-0.29677725062049
"ccott","ccott","MOR",-0.299296726706738
"ccott","ccott","MOZ",-0.299493176932482
"ccott","ccott","MRT",-0.299368825614088
"ccott","ccott","MWI",-0.299993518350751
"ccott","ccott","MYS",-0.0997347379775571
"ccott","ccott","NAM",-0.299702314145294
"ccott","ccott","NER",-0.299783570529885
"ccott","ccott","NGA",-0.298883812506306
"ccott","ccott","NIC",-0.0680417978709377
"ccott","ccott","NLD",-0.299817429157503
"ccott","ccott","NOR",-0.298595912863223
"ccott","ccott","NPL",-0.0795585758875396
"ccott","ccott","OBN",-0.299847627347147
"ccott","ccott","OIO",-0.234576581626776
"ccott","ccott","OSA",-0.098235791274843
"ccott","ccott","PAK",-0.119377998715637
"ccott","ccott","PER",-0.0687576026317407
"ccott","ccott","PHL",-0.164462956023581
"ccott","ccott","POL",-0.299890238547215
"ccott","ccott","PRK",-0.3
"ccott","ccott","PRT",-0.299412605664299
"ccott","ccott","PRY",-0.0687606993663878
"ccott","ccott","RAP",-0.299447300654722
"ccott","ccott","ROU",-0.299855553252219
"ccott","ccott","RUS",-0.298391800393559
"ccott","ccott","RWA",-0.299316981445656
"ccott","ccott","SAU",-0.299447300654722
"ccott","ccott","SDN",-0.297679579897267
"ccott","ccott","SLV",-0.0680417978709377
"ccott","ccott","SOM",-0.3
"ccott","ccott","SPP",-0.299412605664299
"ccott","ccott","SVK",-0.299855553252219
"ccott","ccott","SVN",-0.299847627347147
"ccott","ccott","SWE",-0.298595912863223
"ccott","ccott","SWZ",-0.299911586502919
"ccott","ccott","SYR",-0.299411052967278
"ccott","ccott","TCD",-0.298572806714295
"ccott","ccott","TGO",-0.3
"ccott","ccott","THA",-0.299451085421122
"ccott","ccott","TJK",-0.122725026117832
"ccott","ccott","TKM",-0.124753389663249
"ccott","ccott","TUN",-0.299387889811055
"ccott","ccott","TUR",-0.121115198757491
"ccott","ccott","TZA",-0.299226500790703
"ccott","ccott","UGA",-0.297994226148209
"ccott","ccott","UKP",-0.299095140712946
"ccott","ccott","UKR",-0.298348033299174
"ccott","ccott","URY",-0.0689731274540183
"ccott","ccott","USA",-0.299075341883522
"ccott","ccott","UZB",-0.123711758451616
"ccott","ccott","VEN",-0.0693659195484721
"ccott","ccott","VNM",-0.0985671491012041
"ccott","ccott","YEM",-0.299447300654722
"ccott","ccott","ZAF",-0.298824460711193
"ccott","ccott","ZMB",-0.29971235936871
"ccott","ccott","ZWE",-0.3
"cteas","ccoco","CMR",0.003
"cteas","ccoco","IDN",0.003
"cteas","ccoco","IND",0.003
"cteas","ccoco","TZA",0.003
"cteas","ccoco","UGA",0.003
"cteas","ccafe","BDI",0.003
"cteas","ccafe","CHM",0.003
"cteas","ccafe","CMR",0.003
"cteas","ccafe","ETH",0.003
"cteas","ccafe","IDN",0.003
"cteas","ccafe","IND",0.003
"cteas","ccafe","IRN",0.003
"cteas","ccafe","KEN",0.003
"cteas","ccafe","LAO",0.003
"cteas","ccafe","MWI",0.003
"cteas","ccafe","MYS",0.003
"cteas","ccafe","RAP",0.003
"cteas","ccafe","RWA",0.003
"cteas","ccafe","THA",0.003
"cteas","ccafe","TZA",0.003
"cteas","ccafe","UGA",0.003
"cteas","ccafe","VNM",0.003
"cteas","cteas","ARG",-0.368936183558995
"cteas","cteas","BDI",-0.309
"cteas","cteas","BGD",-0.346241332367182
"cteas","cteas","CHM",-0.349776668948272
"cteas","cteas","CMR",-0.346124879425346
"cteas","cteas","ETH",-0.263125333103374
"cteas","cteas","IDN",-0.36972498419635
"cteas","cteas","IND",-0.331303406791012
"cteas","cteas","IRN",-0.367474845774337
"cteas","cteas","IRQ",-0.37
"cteas","cteas","JPN",-0.253175233507644
"cteas","cteas","KEN",-0.308361691048141
"cteas","cteas","LAO",-0.299194868971424
"cteas","cteas","LKA",-0.336542961078925
"cteas","cteas","MMR",-0.299349026149558
"cteas","cteas","MOZ",-0.374812133435043
"cteas","cteas","MWI",-0.375984808634573
"cteas","cteas","MYS",-0.277129608988859
"cteas","cteas","NPL",-0.336722236293629
"cteas","cteas","PAK",-0.352979529142842
"cteas","cteas","RAP",-0.36844553309141
"cteas","cteas","RWA",-0.308454675804936
"cteas","cteas","THA",-0.31096151295888
"cteas","cteas","TUR",-0.412631490670017
"cteas","cteas","TZA",-0.308382435761037
"cteas","cteas","UGA",-0.307398583751065
"cteas","cteas","VNM",-0.337120179272669
"cteas","cteas","ZWE",-0.376
"cothr","cothr","AFG",-0.285
"cothr","cothr","AGO",-0.314205297916272
"cothr","cothr","ALB",-0.0998476273471476
"cothr","cothr","ARG",-0.199530152965829
"cothr","cothr","ARM",-0.0818302220045079
"cothr","cothr","AUS",-0.218937593616389
"cothr","cothr","AUT",-0.259218552900782
"cothr","cothr","AZE",-0.0818302220045079
"cothr","cothr","BEN",-0.339706560314316
"cothr","cothr","BFA",-0.248994492364904
"cothr","cothr","BGD",-0.254202843832542
"cothr","cothr","BGR",-0.0998555532522188
"cothr","cothr","BLR",-0.0832555086599708
"cothr","cothr","BLT",-0.0832555086599708
"cothr","cothr","BLX",-0.259558871340926
"cothr","cothr","BLZ",-0.209077144094605
"cothr","cothr","BOL",-0.209123155681947
"cothr","cothr","BRA",-0.174679760878263
"cothr","cothr","BTN",-0.284195369110889
"cothr","cothr","BWA",-0.314668322435566
"cothr","cothr","CAF",-0.34
"cothr","cothr","CAN",-0.234151826909126
"cothr","cothr","CHL",-0.209188061826048
"cothr","cothr","CHM",-0.129999034476939
"cothr","cothr","CHP",-0.259218552900782
"cothr","cothr","CIV",-0.34
"cothr","cothr","CMR",-0.339562439712673
"cothr","cothr","COG",-0.339281996691439
"cothr","cothr","COL",-0.218792781617118
"cothr","cothr","CRB",-0.159576581626776
"cothr","cothr","CRI",-0.209077144094605
"cothr","cothr","CUB",-0.209077144094605
"cothr","cothr","CYP",-0.124623803107131
"cothr","cothr","CZE",-0.0998555532522188
"cothr","cothr","DEU",-0.259706381236012
"cothr","cothr","DJI",-0.333995170236754
"cothr","cothr","DNK",-0.25921968434931
"cothr","cothr","DOM",-0.209077144094605
"cothr","cothr","DZA",-0.124240935618845
"cothr","cothr","ECU",-0.209170319104792
"cothr","cothr","EGY",-0.167451499410859
"cothr","cothr","ETH",-0.24960035531026
"cothr","cothr","FJI",-0.159576581626776
"cothr","cothr","FNP",-0.25921968434931
"cothr","cothr","FRP",-0.259563627732471
"cothr","cothr","GAB",-0.34
"cothr","cothr","GEO",-0.0818302220045079
"cothr","cothr","GHA",-0.339702879478868
"cothr","cothr","GIN",-0.339576372973023
"cothr","cothr","GMB",-0.339761642325647
"cothr","cothr","GNB",-0.34
"cothr","cothr","GRC",-0.0998476273471476
"cothr","cothr","GSA",-0.209136317510679
"cothr","cothr","GTM",-0.209077144094605
"cothr","cothr","HND",-0.209077144094605
"cothr","cothr","HRV",-0.0998476273471476
"cothr","cothr","HTI",-0.209077144094605
"cothr","cothr","HUN",-0.0998555532522188
"cothr","cothr","IDN",-0.289704755884324
"cothr","cothr","IND",-0.229046940636339
"cothr","cothr","IRL",-0.259196549549123
"cothr","cothr","IRN",-0.124102167386431
"cothr","cothr","IRQ",-0.125
"cothr","cothr","ISL",-0.25921968434931
"cothr","cothr","ISR",-0.234208802128046
"cothr","cothr","ITP",-0.259868614717652
"cothr","cothr","JAM",-0.159576581626776
"cothr","cothr","JOR",-0.124138870640139
"cothr","cothr","JPN",-0.0997006895793869
"cothr","cothr","KAZ",-0.0827465066984962
"cothr","cothr","KEN",-0.334200518037797
"cothr","cothr","KGZ",-0.0839415603576643
"cothr","cothr","KHM",-0.243639650614121
"cothr","cothr","KOR",-0.139416148609455
"cothr","cothr","LAO",-0.243639650614121
"cothr","cothr","LBN",-0.124497678250202
"cothr","cothr","LBR",-0.34
"cothr","cothr","LBY",-0.124276385000596
"cothr","cothr","LKA",-0.284456827243461
"cothr","cothr","LSO",-0.314832313944863
"cothr","cothr","MDA",-0.0998555532522188
"cothr","cothr","MDG",-0.315
"cothr","cothr","MEX",-0.184594760597658
"cothr","cothr","MLI",-0.249259989185838
"cothr","cothr","MMR",-0.254777313570628
"cothr","cothr","MNG",-0.182452330153123
"cothr","cothr","MOR",-0.124296726706738
"cothr","cothr","MOZ",-0.31449317693233
"cothr","cothr","MRT",-0.249368825614088
"cothr","cothr","MWI",-0.314993518350751
"cothr","cothr","MYS",-0.144734737977557
"cothr","cothr","NAM",-0.314702314146163
"cothr","cothr","NER",-0.249783570529885
"cothr","cothr","NGA",-0.338883812506488
"cothr","cothr","NIC",-0.209077144094605
"cothr","cothr","NLD",-0.259817429319958
"cothr","cothr","NOR",-0.25921968434931
"cothr","cothr","NPL",-0.284558575887556
"cothr","cothr","NZL",-0.23351079576711
"cothr","cothr","OAO",-0.159576581626776
"cothr","cothr","OBN",-0.0998476273471476
"cothr","cothr","OIO",-0.159576581626776
"cothr","cothr","OPO",-0.159576581626776
"cothr","cothr","OSA",-0.243235791274843
"cothr","cothr","PAK",-0.164377998715637
"cothr","cothr","PAN",-0.209077144094605
"cothr","cothr","PER",-0.209184810157193
"cothr","cothr","PHL",-0.169462956023581
"cothr","cothr","POL",-0.0998902385472148
"cothr","cothr","PRK",-0.185
"cothr","cothr","PRT",-0.259412605664299
"cothr","cothr","PRY",-0.209123155681947
"cothr","cothr","RAP",-0.124447300654724
"cothr","cothr","ROU",-0.0998555532522188
"cothr","cothr","RUS",-0.0833918003935593
"cothr","cothr","RWA",-0.334316981445686
"cothr","cothr","SAU",-0.124447300654724
"cothr","cothr","SDN",-0.247679579897267
"cothr","cothr","SEN",-0.339750601680334
"cothr","cothr","SLB",-0.159576581626776
"cothr","cothr","SLE",-0.339139864920732
"cothr","cothr","SLV",-0.209077144094605
"cothr","cothr","SPP",-0.259412605664299
"cothr","cothr","SVK",-0.0998555532522188
"cothr","cothr","SVN",-0.0998476273471476
"cothr","cothr","SWE",-0.25921968434931
"cothr","cothr","SWZ",-0.314911586503301
"cothr","cothr","SYR",-0.124411052967278
"cothr","cothr","TCD",-0.248572806714181
"cothr","cothr","TGO",-0.34
"cothr","cothr","THA",-0.174451085421122
"cothr","cothr","TJK",-0.0827250261182679
"cothr","cothr","TKM",-0.0847533896633674
"cothr","cothr","TLS",-0.16
"cothr","cothr","TUN",-0.124387889810306
"cothr","cothr","TUR",-0.121115198757471
"cothr","cothr","TZA",-0.334226500790699
"cothr","cothr","UGA",-0.332994226148209
"cothr","cothr","UKP",-0.259196549549123
"cothr","cothr","UKR",-0.083348033299174
"cothr","cothr","URY",-0.209143506550125
"cothr","cothr","USA",-0.254228086323855
"cothr","cothr","UZB",-0.0837117584523472
"cothr","cothr","VEN",-0.209136317510679
"cothr","cothr","VNM",-0.268567149101204
"cothr","cothr","VUT",-0.159576581626776
"cothr","cothr","YEM",-0.124447300654724
"cothr","cothr","ZAF",-0.233824460711193
"cothr","cothr","ZMB",-0.314712359368663
"cothr","cothr","ZWE",-0.315
"cfodr","cfodr","ALB",-0.0998476273471476
"cfodr","cfodr","ARG",-0.199530152965829
"cfodr","cfodr","ARM",-0.0818302220045079
"cfodr","cfodr","AUS",-0.218937593616389
"cfodr","cfodr","AUT",-0.259218552900782
"cfodr","cfodr","BGR",-0.0998555532522188
"cfodr","cfodr","BLX",-0.259558871340926
"cfodr","cfodr","BOL",-0.209123155681947
"cfodr","cfodr","BWA",-0.314668322435566
"cfodr","cfodr","CAN",-0.234151826909126
"cfodr","cfodr","CHL",-0.209188061826048
"cfodr","cfodr","COL",-0.218792781617118
"cfodr","cfodr","CRI",-0.209077144094605
"cfodr","cfodr","CYP",-0.124623803107131
"cfodr","cfodr","DNK",-0.25921968434931
"cfodr","cfodr","DOM",-0.209077144094605
"cfodr","cfodr","EGY",-0.167451499410859
"cfodr","cfodr","FRP",-0.259563627732471
"cfodr","cfodr","GEO",-0.0818302220045079
"cfodr","cfodr","GRC",-0.0998476273471476
"cfodr","cfodr","IRN",-0.124102167386431
"cfodr","cfodr","ITP",-0.259868614717652
"cfodr","cfodr","JAM",-0.159576581626776
"cfodr","cfodr","KAZ",-0.0827465066984962
"cfodr","cfodr","KGZ",-0.0839415603576643
"cfodr","cfodr","KOR",-0.139416148609455
"cfodr","cfodr","LBY",-0.124276385000596
"cfodr","cfodr","MEX",-0.184594760597658
"cfodr","cfodr","MNG",-0.182452330153123
"cfodr","cfodr","MOR",-0.124296726706738
"cfodr","cfodr","NAM",-0.314702314146163
"cfodr","cfodr","NIC",-0.209077144094605
"cfodr","cfodr","NPL",-0.284558575887556
"cfodr","cfodr","NZL",-0.23351079576711
"cfodr","cfodr","OBN",-0.0998476273471476
"cfodr","cfodr","PAK",-0.164377998715637
"cfodr","cfodr","PAN",-0.209077144094605
"cfodr","cfodr","PER",-0.209184810157193
"cfodr","cfodr","RAP",-0.124447300654724
"cfodr","cfodr","ROU",-0.0998555532522188
"cfodr","cfodr","RUS",-0.0833918003935593
"cfodr","cfodr","SAU",-0.124447300654724
"cfodr","cfodr","SPP",-0.259412605664299
"cfodr","cfodr","SVK",-0.0998555532522188
"cfodr","cfodr","SVN",-0.0998476273471476
"cfodr","cfodr","SYR",-0.124411052967278
"cfodr","cfodr","TJK",-0.0827250261182679
"cfodr","cfodr","TKM",-0.0847533896633674
"cfodr","cfodr","UKR",-0.083348033299174
"cfodr","cfodr","URY",-0.209143506550125
"cfodr","cfodr","USA",-0.254228086323855
"cfodr","cfodr","UZB",-0.0837117584523472
"cfodr","cfodr","YEM",-0.124447300654724
"cfodr","cfodr","ZAF",-0.233824460711193
"cfodr","cfodr","ZWE",-0.315
"cgrss","cgrss","AUS",-0.218937593616389
"cgrss","cgrss","BLR",-0.0832555086599708
"cgrss","cgrss","BLT",-0.0832555086599708
"cgrss","cgrss","BRA",-0.174679760878263
"cgrss","cgrss","CHL",-0.209188061826048
"cgrss","cgrss","CHM",-0.129999034476939
"cgrss","cgrss","CHP",-0.259218552900782
"cgrss","cgrss","CRI",-0.209077144094605
"cgrss","cgrss","DEU",-0.259706381236012
"cgrss","cgrss","DZA",-0.124240935618845
"cgrss","cgrss","FRP",-0.259563627732471
"cgrss","cgrss","GRC",-0.0998476273471476
"cgrss","cgrss","HUN",-0.0998555532522188
"cgrss","cgrss","ITP",-0.259868614717652
"cgrss","cgrss","JPN",-0.0997006895793869
"cgrss","cgrss","KAZ",-0.0827465066984962
"cgrss","cgrss","KGZ",-0.0839415603576643
"cgrss","cgrss","MDA",-0.0998555532522188
"cgrss","cgrss","MEX",-0.184594760597658
"cgrss","cgrss","MOR",-0.124296726706738
"cgrss","cgrss","NLD",-0.259817429319958
"cgrss","cgrss","NZL",-0.23351079576711
"cgrss","cgrss","OBN",-0.0998476273471476
"cgrss","cgrss","PAN",-0.209077144094605
"cgrss","cgrss","POL",-0.0998902385472148
"cgrss","cgrss","PRT",-0.259412605664299
"cgrss","cgrss","RAP",-0.124447300654724
"cgrss","cgrss","RUS",-0.0833918003935593
"cgrss","cgrss","SLV",-0.209077144094605
"cgrss","cgrss","SPP",-0.259412605664299
"cgrss","cgrss","SVN",-0.0998476273471476
"cgrss","cgrss","SWE",-0.25921968434931
"cgrss","cgrss","TJK",-0.0827250261182679
"cgrss","cgrss","TKM",-0.0847533896633674
"cgrss","cgrss","TUN",-0.124387889810306
"cgrss","cgrss","TUR",-0.121115198757471
"cgrss","cgrss","UKP",-0.259196549549123
"cgrss","cgrss","UKR",-0.083348033299174
"cgrss","cgrss","URY",-0.209143506550125
"cgrss","cgrss","USA",-0.254228086323855
"cgrss","cgrss","UZB",-0.0837117584523472
"cgrss","cgrss","VEN",-0.209136317510679
