"C","CTY","Val"
"cbeef","ARG",0.0883428476252885
"cbeef","ARM",0.583003295821582
"cbeef","BGR",0.21708298822772
"cbeef","BLR",0.143058660391424
"cbeef","BLT",0.143058660391424
"cbeef","CHM",0.718617182938651
"cbeef","COL",0.299764381475028
"cbeef","CYP",0.330996164980453
"cbeef","DEU",0.159597616056581
"cbeef","GTM",0.58277026227485
"cbeef","HUN",0.21708298822772
"cbeef","IRL",0.159625040716913
"cbeef","IRN",0.8222081512846
"cbeef","JOR",0.701088486156811
"cbeef","JPN",0.494465968559601
"cbeef","KAZ",0.215375806435703
"cbeef","MNG",1.01614811669376
"cbeef","PAN",0.46621620981988
"cbeef","PER",0.481751792798865
"cbeef","RAP",0.739087810006488
"cbeef","ROU",0.21708298822772
"cbeef","RUS",0.0682817037792747
"cbeef","SAU",0.739087810006488
"cbeef","SDN",1.17421316740471
"cbeef","SPP",0.159649526029701
"cbeef","TCD",0.791309024536372
"cbeef","TJK",0.557381439897612
"cbeef","TKM",0.362719636298427
"cbeef","UKR",0.145823861606641
"cbeef","VEN",0.451027116963552
"cpork","BLT",0.300931941278019
"cpork","CAN",-0.120104113962102
"cpork","CYP",0.0513039353549829
"cpork","ITP",0.119858553500284
"cpork","JPN",0.715969727910013
"cpork","MMR",0.935544331505611
"cpork","PAN",0.464806184910868
"cpork","PER",0.466261851195302
"cpork","ROU",0.308997780013149
"cpork","RUS",0.320187514794446
"clamb","IRN",0.676617713820338
"clamb","ITP",0.179492409132449
"clamb","KGZ",0.432458288896789
"clamb","MNG",0.603281016687835
"clamb","PER",0.528221541426518
"clamb","RAP",0.62597438505876
"clamb","ROU",0.439100139503674
"clamb","SDN",0.613140263044192
"clamb","TCD",0.354798758345863
"clamb","TJK",0.660918159691192
"clamb","TKM",0.504262063774532
"clamb","USA",0.0796425312772281
"cpoul","AUT",0.637432940814355
"cpoul","BGR",0.650216323622325
"cpoul","BLR",0.656500408322767
"cpoul","BLT",0.656500408322767
"cpoul","BLX",0.496264593856118
"cpoul","BRA",0.666945189956017
"cpoul","CYP",0.485558896527252
"cpoul","CZE",0.650216323622325
"cpoul","DEU",0.476503784129179
"cpoul","DNK",0.635694473844005
"cpoul","FJI",0.942590876186736
"cpoul","FNP",0.635694473844005
"cpoul","FRP",0.507199768992718
"cpoul","GRC",0.627173911474579
"cpoul","GTM",0.814129070878544
"cpoul","HUN",0.650216323622325
"cpoul","IRL",0.572596547352174
"cpoul","ISR",0.521839177882656
"cpoul","ITP",0.605220561126143
"cpoul","JPN",0.911292970546684
"cpoul","MMR",0.925319274543117
"cpoul","NLD",0.612986633394675
"cpoul","NOR",0.635694473844005
"cpoul","NZL",0.664139928192117
"cpoul","OBN",0.627173911474579
"cpoul","PAN",0.651303256702835
"cpoul","PER",0.673526009217796
"cpoul","POL",0.580830500370361
"cpoul","PRT",0.531526031417415
"cpoul","RAP",0.551413120390307
"cpoul","ROU",0.650216323622325
"cpoul","RUS",0.604647735776144
"cpoul","SPP",0.531526031417415
"cpoul","SVK",0.650216323622325
"cpoul","SVN",0.627173911474579
"cpoul","SWE",0.635694473844005
"cpoul","TCD",0.869330920608938
"cpoul","THA",0.625566671517529
"cpoul","TJK",0.682514216741331
"cpoul","TKM",0.69328777513451
"cpoul","UKP",0.572596547352174
"cpoul","UKR",0.674542837676607
"cpoul","URY",0.521344034878383
"cpoul","USA",0.44568195692133
"ceggs","AFG",0.502761843956421
"ceggs","AGO",0.437359479858473
"ceggs","ALB",0.110302704447947
"ceggs","ARG",0.208493547180576
"ceggs","ARM",0.121792290556433
"ceggs","AUS",-0.150163659774109
"ceggs","AUT",-0.0701496078474481
"ceggs","AZE",0.121792290556433
"ceggs","BEN",0.449936591773035
"ceggs","BFA",0.467449724371306
"ceggs","BGD",0.621389940858965
"ceggs","BGR",0.11015846722112
"ceggs","BLR",0.129021176225819
"ceggs","BLT",0.129021176225819
"ceggs","BLX",-0.0701675978476075
"ceggs","BLZ",0.249026411108245
"ceggs","BOL",0.309698006096732
"ceggs","BRA",0.1409998743245
"ceggs","CAN",-0.0401652602573079
"ceggs","CHL",0.240940808996749
"ceggs","CHM",0.199772561379192
"ceggs","CHP",-0.0701496078474481
"ceggs","CIV",0.314912025635969
"ceggs","CMR",0.382470830331968
"ceggs","COD",0.382445655644544
"ceggs","COL",0.230509019340504
"ceggs","CRB",0.67259087618672
"ceggs","CRI",0.249026411108245
"ceggs","CUB",0.249026411108245
"ceggs","CYP",0.364079276707358
"ceggs","CZE",0.11015846722112
"ceggs","DEU",-0.0701741921832968
"ceggs","DNK",-0.0701703039213145
"ceggs","DOM",0.249026411108245
"ceggs","DZA",0.386938511408929
"ceggs","ECU",0.300866086319187
"ceggs","EGY",0.437132187058651
"ceggs","ETH",0.384921538056225
"ceggs","FJI",0.67259087618672
"ceggs","FNP",-0.0701703039213145
"ceggs","FRP",-0.0701595925714083
"ceggs","GEO",0.121792290556433
"ceggs","GHA",0.382404586039648
"ceggs","GIN",0.314949991603404
"ceggs","GRC",0.110302704447947
"ceggs","GSA",0.249699541843522
"ceggs","GTM",0.311283013885307
"ceggs","HND",0.249026411108245
"ceggs","HRV",0.110302704447947
"ceggs","HTI",0.249026411108245
"ceggs","HUN",0.11015846722112
"ceggs","IDN",0.541660133519797
"ceggs","IND",0.645308565297136
"ceggs","IRL",-0.0701623200359683
"ceggs","IRN",0.395271698167916
"ceggs","IRQ",0.0599561368809443
"ceggs","ISL",-0.0701703039213145
"ceggs","ISR",-0.0401618736223376
"ceggs","ITP",-0.0701683886901377
"ceggs","JAM",0.67259087618672
"ceggs","JOR",0.338110054191425
"ceggs","JPN",0.126189308815065
"ceggs","KAZ",0.131211608840003
"ceggs","KEN",0.449950848864357
"ceggs","KGZ",0.103238153102932
"ceggs","KHM",0.739076172515841
"ceggs","KOR",0.39580590150745
"ceggs","LAO",0.739076172515841
"ceggs","LBN",0.373599964059574
"ceggs","LBR",0.31475087654518
"ceggs","LBY",0.385140825146138
"ceggs","LKA",0.618944237150507
"ceggs","MDA",0.11015846722112
"ceggs","MDG",0.297416611565525
"ceggs","MEX",0.152501222395298
"ceggs","MLI",0.467413295811945
"ceggs","MMR",0.682387802270856
"ceggs","MNG",0.681846921715387
"ceggs","MOR",0.321422601129724
"ceggs","MOZ",0.297398323721415
"ceggs","MRT",0.467364743213818
"ceggs","MWI",0.297457521801563
"ceggs","MYS",0.302177757573672
"ceggs","NAM",0.349870039789232
"ceggs","NER",0.467447000998004
"ceggs","NGA",0.407918220257652
"ceggs","NIC",0.249026411108245
"ceggs","NLD",-0.0701720338723146
"ceggs","NOR",-0.0701703039213145
"ceggs","NPL",0.632816062434005
"ceggs","NZL",-0.0401607738906424
"ceggs","OBN",0.110302704447947
"ceggs","OIO",0.67259087618672
"ceggs","PAK",0.381912866752862
"ceggs","PAN",0.249026411108245
"ceggs","PER",0.240487221357811
"ceggs","PHL",0.442116501218603
"ceggs","PNG",0.570914029646878
"ceggs","POL",0.109872995991723
"ceggs","PRT",-0.0701517203334628
"ceggs","PRY",0.247758404877386
"ceggs","RAP",0.368451451935389
"ceggs","ROU",0.11015846722112
"ceggs","RUS",0.120658797687381
"ceggs","RWA",0.449864232184601
"ceggs","SAU",0.368451451935389
"ceggs","SDN",0.48208064954184
"ceggs","SEN",0.382406300641027
"ceggs","SLE",0.314941473229334
"ceggs","SLV",0.249026411108245
"ceggs","SPP",-0.0701517203334628
"ceggs","SVK",0.11015846722112
"ceggs","SVN",0.110302704447947
"ceggs","SWE",-0.0701703039213145
"ceggs","SWZ",0.349876024896495
"ceggs","SYR",0.368926936906912
"ceggs","TGO",0.382436112748363
"ceggs","THA",0.399999999999999
"ceggs","TJK",0.107680932373152
"ceggs","TKM",0.0726989409780037
"ceggs","TUN",0.378453527765672
"ceggs","TUR",0.263320759892358
"ceggs","TZA",0.382389537038024
"ceggs","UGA",0.382435232137973
"ceggs","UKP",-0.0701623200359683
"ceggs","UKR",0.131949340999459
"ceggs","URY",0.246589041582686
"ceggs","USA",-0.1
"ceggs","UZB",0.13170051046713
"ceggs","VEN",0.249699541843522
"ceggs","VNM",0.516457058549421
"ceggs","YEM",0.368451451935389
"ceggs","ZAF",-0.0400249196855945
"ceggs","ZMB",0.34986949559016
"ceggs","ZWE",0.297193740288645
"cmilk","AFG",0.329086729338736
"cmilk","AGO",0.4
"cmilk","ALB",0.3
"cmilk","ARG",0.3
"cmilk","ARM",0.3
"cmilk","AUS",0.15
"cmilk","AUT",0.2
"cmilk","AZE",0.3
"cmilk","BDI",0.4
"cmilk","BEN",0.4
"cmilk","BFA",0.4
"cmilk","BGD",0.5
"cmilk","BGR",0.3
"cmilk","BLR",0.3
"cmilk","BLT",0.3
"cmilk","BLX",0.2
"cmilk","BLZ",0.34
"cmilk","BOL",0.34
"cmilk","BRA",0.4
"cmilk","BTN",0.5
"cmilk","BWA",0.4
"cmilk","CAF",0.4
"cmilk","CAN",0.2
"cmilk","CHL",0.34
"cmilk","CHM",0.6
"cmilk","CHP",0.2
"cmilk","CIV",0.4
"cmilk","CMR",0.4
"cmilk","COG",0.4
"cmilk","COL",0.34
"cmilk","CRB",0.67
"cmilk","CRI",0.34
"cmilk","CUB",0.34
"cmilk","CYP",0.54
"cmilk","CZE",0.3
"cmilk","DEU",0.2
"cmilk","DJI",0.4
"cmilk","DNK",0.2
"cmilk","DOM",0.34
"cmilk","DZA",0.54
"cmilk","ECU",0.34
"cmilk","EGY",0.47
"cmilk","ETH",0.4
"cmilk","FJI",0.67
"cmilk","FNP",0.2
"cmilk","FRP",0.2
"cmilk","GAB",0.4
"cmilk","GEO",0.3
"cmilk","GHA",0.4
"cmilk","GIN",0.4
"cmilk","GMB",0.4
"cmilk","GNB",0.4
"cmilk","GRC",0.3
"cmilk","GSA",0.34
"cmilk","GTM",0.34
"cmilk","HND",0.34
"cmilk","HRV",0.3
"cmilk","HTI",0.34
"cmilk","HUN",0.3
"cmilk","IDN",0.5
"cmilk","IND",0.59
"cmilk","IRL",0.2
"cmilk","IRN",0.54
"cmilk","IRQ",0.54
"cmilk","ISL",0.2
"cmilk","ISR",0.0467625275532487
"cmilk","ITP",0.2
"cmilk","JAM",0.67
"cmilk","JOR",0.54
"cmilk","JPN",0.3
"cmilk","KAZ",0.3
"cmilk","KEN",0.4
"cmilk","KGZ",0.3
"cmilk","KHM",0.54
"cmilk","KOR",0.5
"cmilk","LAO",0.54
"cmilk","LBN",0.54
"cmilk","LBR",0.4
"cmilk","LBY",0.54
"cmilk","LKA",0.5
"cmilk","LSO",0.4
"cmilk","MDA",0.3
"cmilk","MDG",0.4
"cmilk","MEX",0.47
"cmilk","MLI",0.4
"cmilk","MMR",0.54
"cmilk","MNG",0.6
"cmilk","MOR",0.54
"cmilk","MOZ",0.4
"cmilk","MRT",0.4
"cmilk","MWI",0.4
"cmilk","MYS",0.38
"cmilk","NAM",0.4
"cmilk","NER",0.4
"cmilk","NGA",0.4
"cmilk","NIC",0.34
"cmilk","NLD",0.2
"cmilk","NOR",0.2
"cmilk","NPL",0.5
"cmilk","NZL",0.2
"cmilk","OBN",0.3
"cmilk","OIO",0.67
"cmilk","PAK",0.31
"cmilk","PAN",0.34
"cmilk","PER",0.34
"cmilk","PHL",0.5
"cmilk","POL",0.3
"cmilk","PRT",0.2
"cmilk","PRY",0.34
"cmilk","RAP",0.54
"cmilk","ROU",0.3
"cmilk","RUS",0.3
"cmilk","RWA",0.4
"cmilk","SAU",0.54
"cmilk","SDN",0.4
"cmilk","SEN",0.4
"cmilk","SLE",0.4
"cmilk","SLV",0.34
"cmilk","SOM",0.376251851312319
"cmilk","SPP",0.2
"cmilk","SVK",0.3
"cmilk","SVN",0.3
"cmilk","SWE",0.2
"cmilk","SWZ",0.4
"cmilk","SYR",0.54
"cmilk","TCD",0.4
"cmilk","TGO",0.4
"cmilk","THA",0.54
"cmilk","TJK",0.3
"cmilk","TKM",0.3
"cmilk","TUN",0.54
"cmilk","TUR",0.54
"cmilk","TZA",0.4
"cmilk","UGA",0.4
"cmilk","UKP",0.2
"cmilk","UKR",0.3
"cmilk","URY",0.34
"cmilk","USA",0.1
"cmilk","UZB",0.3
"cmilk","VEN",0.34
"cmilk","VNM",0.54
"cmilk","YEM",0.54
"cmilk","ZAF",0.2
"cmilk","ZMB",0.4
"cmilk","ZWE",0.4
"cbarl","AFG",0.262958161415858
"cbarl","AGO",0.898004370304411
"cbarl","ALB",0.1
"cbarl","ARG",0.0413398681245973
"cbarl","ARM",0.1
"cbarl","AUS",-0.069901821046221
"cbarl","AUT",0.1
"cbarl","AZE",0.1
"cbarl","BDI",0.650511874138684
"cbarl","BEN",0.68816837123628
"cbarl","BFA",0.493608589250799
"cbarl","BGD",0.173072208973873
"cbarl","BGR",0.1
"cbarl","BLR",-0.135198268093379
"cbarl","BLT",-0.135198268093379
"cbarl","BLX",0.129279249959602
"cbarl","BLZ",0.1
"cbarl","BOL",0.0945035661048858
"cbarl","BRA",0.0415171845970229
"cbarl","BWA",0.72248860768687
"cbarl","CAF",0.682635800554537
"cbarl","CAN",0.023699989350164
"cbarl","CHL",0.07878501663681
"cbarl","CHM",0.0223226793883671
"cbarl","CHP",0.1
"cbarl","CIV",0.478689621110588
"cbarl","CMR",0.587060177814211
"cbarl","COD",0.584892323274653
"cbarl","COG",0.686652214052828
"cbarl","COL",0.0119066877543518
"cbarl","CRB",0.1
"cbarl","CRI",0.1
"cbarl","CUB",0.1
"cbarl","CYP",-0.0364919803722683
"cbarl","CZE",0.1
"cbarl","DEU",0.129030949059181
"cbarl","DNK",0.114525420398128
"cbarl","DOM",0.1
"cbarl","DZA",0.0628226745230597
"cbarl","ECU",0.0964304580418637
"cbarl","EGY",0.093422996948021
"cbarl","ETH",0.410145368666319
"cbarl","FJI",0.1
"cbarl","FNP",0.114525420398128
"cbarl","FRP",0.130287496527264
"cbarl","GAB",0.68890696373563
"cbarl","GEO",0.1
"cbarl","GHA",0.586309716084292
"cbarl","GIN",0.481449929123428
"cbarl","GNB",0.473812564062207
"cbarl","GRC",0.1
"cbarl","GSA",0.1
"cbarl","GTM",0.125
"cbarl","HND",0.1
"cbarl","HRV",0.1
"cbarl","HTI",0.1
"cbarl","HUN",0.1
"cbarl","IDN",-0.0958427021978393
"cbarl","IND",0.0267216030480427
"cbarl","IRL",0.130604607605703
"cbarl","IRN",0.0628502867741256
"cbarl","IRQ",0.0411983108403937
"cbarl","ISL",0.114525420398128
"cbarl","ISR",0.0213976285817068
"cbarl","ITP",0.128528472231747
"cbarl","JAM",0.1
"cbarl","JOR",0.02125
"cbarl","JPN",0.1
"cbarl","KAZ",-0.0815633174756236
"cbarl","KEN",0.667010329808123
"cbarl","KGZ",0.1275
"cbarl","KHM",0.0456666233446224
"cbarl","KOR",0.1
"cbarl","LAO",0.0456666233446224
"cbarl","LBN",0.063840266976607
"cbarl","LBR",0.46739865779085
"cbarl","LBY",0.025
"cbarl","LKA",0.12937340667975
"cbarl","LSO",0.443984955592936
"cbarl","MDA",0.1
"cbarl","MDG",0.609078128947018
"cbarl","MEX",0.1
"cbarl","MLI",0.493759011059575
"cbarl","MMR",0.163615892756988
"cbarl","MNG",0.085
"cbarl","MOR",0.0527693976642597
"cbarl","MOZ",0.612143810416368
"cbarl","MYS",0.1
"cbarl","NAM",0.719975953290894
"cbarl","NER",0.492650710156746
"cbarl","NGA",0.524063929837913
"cbarl","NIC",0.1
"cbarl","NLD",0.129077270722433
"cbarl","NOR",0.114525420398128
"cbarl","NPL",0.130519806117801
"cbarl","NZL",0.1
"cbarl","OBN",0.1
"cbarl","OIO",0.1
"cbarl","OPO",0.1
"cbarl","PAK",0.1
"cbarl","PAN",0.1
"cbarl","PER",0.0768356602415597
"cbarl","PHL",-0.0133507405919702
"cbarl","PNG",-0.109301594424017
"cbarl","POL",0.1
"cbarl","PRT",0.130047627810861
"cbarl","PRY",0.0756028528839086
"cbarl","RAP",0.0620828714103934
"cbarl","ROU",0.1
"cbarl","RUS",-0.134114421750093
"cbarl","RWA",0.666948464734571
"cbarl","SAU",0.0620828714103934
"cbarl","SEN",0.586233180266365
"cbarl","SLB",0.085
"cbarl","SLV",0.1
"cbarl","SPP",0.130047627810861
"cbarl","SVK",0.1
"cbarl","SVN",0.1
"cbarl","SWE",0.114525420398128
"cbarl","SWZ",0.722846008153435
"cbarl","SYR",0.0630874716724601
"cbarl","TGO",0.584139234870374
"cbarl","THA",0.1
"cbarl","TJK",0.1275
"cbarl","TKM",0.105
"cbarl","TUN",0.0635073493496043
"cbarl","TUR",0.016375760805614
"cbarl","TZA",0.14875
"cbarl","UGA",0.564159036580221
"cbarl","UKP",0.130604607605703
"cbarl","UKR",-0.13432150980492
"cbarl","URY",1.8997060427301E-16
"cbarl","USA",-2.81375080431445E-15
"cbarl","UZB",-0.084546840562591
"cbarl","VEN",0.1
"cbarl","VNM",0.0282167557647015
"cbarl","YEM",0.0620828714103934
"cbarl","ZAF",0.818116340233385
"cbarl","ZMB",0.720077550805841
"cbarl","ZWE",0.595491693331456
"cmaiz","AFG",0.312807338644208
"cmaiz","AGO",0.428478226447784
"cmaiz","ALB",0.1
"cmaiz","ARG",0.189607841749517
"cmaiz","ARM",0.0156557537285681
"cmaiz","AUS",0.203829617388161
"cmaiz","AUT",0.1
"cmaiz","AZE",0.0156557537285681
"cmaiz","BDI",0.208002309849731
"cmaiz","BEN",-0.0935304774040203
"cmaiz","BFA",0.125396270190725
"cmaiz","BGD",0.18518726360168
"cmaiz","BGR",0.1
"cmaiz","BLR",-0.0677094169697774
"cmaiz","BLT",-0.0677094169697774
"cmaiz","BLX",0.285199464256861
"cmaiz","BLZ",0.0943342182482973
"cmaiz","BOL",0.117570958806091
"cmaiz","BRA",0.189607841749517
"cmaiz","BTN",0.201140489938449
"cmaiz","BWA",0.216984050761808
"cmaiz","CAF",0.24643132548494
"cmaiz","CAN",0.355576921893594
"cmaiz","CHL",0.0948372319345183
"cmaiz","CHM",0.04
"cmaiz","CHP",0.1
"cmaiz","CIV",0.149769390370712
"cmaiz","CMR",0.199132429989393
"cmaiz","COD",0.197107344496276
"cmaiz","COG",0.249945687296224
"cmaiz","COL",0.0852221284365877
"cmaiz","CRB",0.1
"cmaiz","CRI",0.0943342182482973
"cmaiz","CUB",0.0943342182482973
"cmaiz","CYP",-0.0664919803722683
"cmaiz","CZE",0.1
"cmaiz","DEU",0.285022106470943
"cmaiz","DJI",0.194607527873509
"cmaiz","DNK",0.304339107010919
"cmaiz","DOM",0.0943342182482973
"cmaiz","DZA",0.0130166361001677
"cmaiz","ECU",0.123628861259419
"cmaiz","EGY",0.0689473284030548
"cmaiz","ETH",0.0812300069583194
"cmaiz","FNP",0.304339107010919
"cmaiz","FRP",0.285919640376617
"cmaiz","GAB",0.251918593268709
"cmaiz","GEO",0.0156557537285681
"cmaiz","GHA",0.201357685922614
"cmaiz","GIN",0.15329280578819
"cmaiz","GMB",0.197294696513919
"cmaiz","GNB",0.146383620000801
"cmaiz","GRC",0.1
"cmaiz","GSA",0.0943301853983333
"cmaiz","GTM",0.117917772810372
"cmaiz","HND",0.0943342182482973
"cmaiz","HRV",0.1
"cmaiz","HTI",0.0943342182482973
"cmaiz","HUN",0.1
"cmaiz","IDN",0.374651676467333
"cmaiz","IND",0.12339685168296
"cmaiz","IRL",0.286146148289845
"cmaiz","IRN",0.0138683858159639
"cmaiz","IRQ",0.0111983108403938
"cmaiz","ISL",0.304339107010919
"cmaiz","ISR",0.353826645469738
"cmaiz","ITP",0.284771656563383
"cmaiz","JAM",0.1
"cmaiz","JOR",0.0238802532108001
"cmaiz","JPN",-0.0799999999990038
"cmaiz","KAZ",-0.0184468654192467
"cmaiz","KEN",0.218145073015763
"cmaiz","KGZ",0.0612287736071687
"cmaiz","KHM",0.174670956567037
"cmaiz","KOR",-0.103499557807181
"cmaiz","LAO",0.174670956567037
"cmaiz","LBN",0.0338402669766074
"cmaiz","LBY",0.0126358670315482
"cmaiz","LKA",0.199948880348302
"cmaiz","LSO",0.0824866246107745
"cmaiz","MDA",0.1
"cmaiz","MDG",0.160073562791362
"cmaiz","MEX",0.0357732056047622
"cmaiz","MLI",0.128969251754438
"cmaiz","MMR",0.132732966605364
"cmaiz","MOR",0.0108084472559205
"cmaiz","MOZ",0.18299858039057
"cmaiz","MRT",0.458824348034982
"cmaiz","MWI",0.107873642506694
"cmaiz","MYS",-0.0556625136458177
"cmaiz","NAM",0.213466334607251
"cmaiz","NER",0.121421989450644
"cmaiz","NGA",0.182333948950117
"cmaiz","NIC",0.0943342182482973
"cmaiz","NLD",0.285055193373167
"cmaiz","NOR",0.304339107010919
"cmaiz","NPL",0.200729823445534
"cmaiz","NZL",0.270117311407191
"cmaiz","OBN",0.1
"cmaiz","OIO",0.1
"cmaiz","OPO",0.1
"cmaiz","PAK",0.200677552726245
"cmaiz","PAN",0.0943342182482973
"cmaiz","PER",0.0943570833598241
"cmaiz","PHL",-0.0561714915973298
"cmaiz","PNG",0.0786993505444197
"cmaiz","PRT",0.285748305579174
"cmaiz","PRY",0.0940567670448729
"cmaiz","RAP",0.0320828714103934
"cmaiz","ROU",0.1
"cmaiz","RUS",0.1
"cmaiz","RWA",0.218107040010172
"cmaiz","SAU",0.0320828714103934
"cmaiz","SDN",0.309878368473635
"cmaiz","SEN",0.199919083031152
"cmaiz","SLE",0.165933871434458
"cmaiz","SLV",0.0943342182482973
"cmaiz","SOM",0.32326601866495
"cmaiz","SPP",0.285748305579174
"cmaiz","SVK",0.1
"cmaiz","SVN",0.1
"cmaiz","SWE",0.304339107010919
"cmaiz","SWZ",0.217484411414809
"cmaiz","SYR",0.0330874716851818
"cmaiz","TCD",0.1225
"cmaiz","TGO",0.194568235285274
"cmaiz","THA",0.063743260477836
"cmaiz","TJK",0.0765805507557464
"cmaiz","TKM",0.0431336590632298
"cmaiz","TLS",0.1
"cmaiz","TUN",0.0335073493496043
"cmaiz","TUR",0.0602878001069055
"cmaiz","TZA",0.18240919098967
"cmaiz","UGA",0.17283544628795
"cmaiz","UKP",0.286146148289845
"cmaiz","UKR",-0.0672497207800209
"cmaiz","URY",0.0939576921082324
"cmaiz","USA",0.135374963440959
"cmaiz","UZB",-0.0192265057045447
"cmaiz","VEN",0.0943301853983333
"cmaiz","VNM",0.326112447709048
"cmaiz","YEM",0.0320828714103934
"cmaiz","ZAF",0.074460322304732
"cmaiz","ZMB",0.213608571128177
"cmaiz","ZWE",0.143864668841548
"cmill","AGO",1.00614318933737
"cmill","AUS",-0.102341078341974
"cmill","BDI",0.491526550624699
"cmill","BEN",0.508863099775755
"cmill","BFA",0.218728245011315
"cmill","BGD",0.165978772670794
"cmill","BLR",-0.16103051079169
"cmill","CAF",0.502408433979806
"cmill","CHM",0.0119879896611346
"cmill","CIV",0.306178596293573
"cmill","CMR",0.402398587973093
"cmill","COD",0.399693072860308
"cmill","COG",0.507094249728299
"cmill","ETH",0.267334951950427
"cmill","GHA",0.40537622428079
"cmill","GIN",0.310903418990383
"cmill","GMB",0.229970490626381
"cmill","GNB",0.301651458271851
"cmill","IRN",0.0220973780611448
"cmill","IRQ",-0.00950422289901574
"cmill","KAZ",-0.159905643632614
"cmill","KEN",0.519194929630741
"cmill","MLI",0.138454349611277
"cmill","MMR",0.128994843499309
"cmill","MOR",0.0162494201530288
"cmill","MOZ",0.266196247417877
"cmill","MRT",0.441715014520435
"cmill","MWI",0.0964067044169141
"cmill","NAM",0.249539394417958
"cmill","NER",0.0204356017624885
"cmill","NGA",0.0555984122844129
"cmill","NPL",0.11881238509213
"cmill","PAK",0.107
"cmill","RUS",-0.161319423869875
"cmill","SAU",0.0162457567574488
"cmill","SDN",0.280082516280255
"cmill","SEN",0.0959238692655271
"cmill","SLE",0.0750129923607272
"cmill","TCD",0.1225
"cmill","TGO",0.396290373393951
"cmill","TUR",-0.0334087384294007
"cmill","TZA",0.0964067044169141
"cmill","UGA",0.147371745705434
"cmill","UKR",-0.16006866568761
"cmill","UZB",-0.16385575378485
"cmill","YEM",0.0162457567574488
"cmill","ZMB",0.532090475940148
"cmill","ZWE",0.398667413645487
"crice","AFG",0.155582691964798
"crice","AGO",0.64749708475933
"crice","ARG",0.269689538436091
"crice","AUS",0.436033809792126
"crice","AUT",0.377707267722841
"crice","AZE",0.455210937487457
"crice","BDI",0.529240998709967
"crice","BEN",0.430881254764547
"crice","BFA",0.316372678456063
"crice","BGD",0.0747325715850019
"crice","BGR",0.195493772518523
"crice","BLX",0.3751943020945
"crice","BLZ",0.131603242347587
"crice","BOL",0.162765829744532
"crice","BRA",-0.0108695659991926
"crice","BTN",-0.116037570596071
"crice","BWA",0.408173544416415
"crice","CAF",0.424103855678899
"crice","CAN",0.481565932553526
"crice","CHL",0.134097879600326
"crice","CHM",-0.0100000000000092
"crice","CHP",0.377707267722841
"crice","CIV",0.269673186966599
"crice","CMR",0.360849269506398
"crice","COD",0.393362222388164
"crice","COG",0.429023962214714
"crice","COL",0.0865770534546047
"crice","CRB",0.2
"crice","CRI",0.131603242347587
"crice","CUB",0.131603242347587
"crice","CZE",0.195493772518523
"crice","DEU",0.374897050445134
"crice","DNK",0.365600407658787
"crice","DOM",0.131603242347587
"crice","EGY",0.0196748376361049
"crice","ETH",0.297169170904776
"crice","FJI",0.2
"crice","FNP",0.365600407658787
"crice","FRP",0.376401317271374
"crice","GHA",0.344205290682882
"crice","GIN",0.27722374615493
"crice","GMB",0.356904110870349
"crice","GNB",0.283848950723794
"crice","GRC",0.195405193024262
"crice","GSA",0.131583029803565
"crice","GTM",0.164504052934484
"crice","HND",0.131603242347587
"crice","HTI",0.131603242347587
"crice","HUN",0.195493772518523
"crice","IDN",0.0531011176582344
"crice","IND",0.0325667828978958
"crice","IRL",0.376780944533781
"crice","IRN",0.0936765205895428
"crice","IRQ",0.137855020135391
"crice","ITP",0.374295513900292
"crice","JAM",0.2
"crice","JPN",-0.133129686530734
"crice","KAZ",0.225404179441005
"crice","KEN",0.469614278995443
"crice","KGZ",0.375384439824216
"crice","KHM",-0.00908775573277121
"crice","KOR",-0.133129686530734
"crice","LAO",-0.00908775573277121
"crice","LBR",0.332910507868413
"crice","LBY",0.0932090953698042
"crice","LKA",-0.0761523831795221
"crice","MDG",0.312076777584648
"crice","MEX",0.235541267514882
"crice","MLI",0.322996487089112
"crice","MMR",-0.023703995195108
"crice","MOR",0.155905405072407
"crice","MOZ",0.332315845765279
"crice","MRT",0.188836093962941
"crice","MWI",0.314845536844909
"crice","MYS",-0.0781207613586071
"crice","NAM",0.335095542781345
"crice","NER",0.37466263496308
"crice","NGA",0.359041925399852
"crice","NIC",0.131603242347587
"crice","NLD",0.374952504093427
"crice","NPL",0.0478775196131933
"crice","NZL",0.427776336776406
"crice","OBN",0.195405193024262
"crice","OIO",0.2
"crice","PAK",0.190934694087376
"crice","PAN",0.131603242347587
"crice","PER",0.131717841719479
"crice","PHL",0.0158375221667987
"crice","POL",0.195465754888086
"crice","PRT",0.376114160150695
"crice","PRY",0.130212663795626
"crice","RAP",0.191698027854921
"crice","ROU",0.195493772518523
"crice","RUS",0.255205618001035
"crice","RWA",0.469575381828624
"crice","SAU",0.191698027854921
"crice","SDN",0.339430294564539
"crice","SEN",0.307338841400393
"crice","SLE",0.239872995801491
"crice","SLV",0.131603242347587
"crice","SPP",0.376114160150695
"crice","SWE",0.365600407658787
"crice","SYR",0.194288012905561
"crice","TCD",0.481653562878251
"crice","TGO",0.334681195330051
"crice","THA",-0.0728272590473329
"crice","TJK",0.396113176745095
"crice","TKM",0.285111738740392
"crice","TLS",0.2
"crice","TUN",0.195370510041949
"crice","TUR",0.10201218766704
"crice","TZA",0.322445500383134
"crice","UGA",0.371179292940469
"crice","UKP",0.376780944533781
"crice","UKR",0.30441145222423
"crice","URY",0.129716102669831
"crice","USA",0.131693915964133
"crice","UZB",0.274364659060587
"crice","VEN",0.131583029803565
"crice","VNM",-0.027743771432462
"crice","ZAF",0.400202442516889
"crice","ZMB",0.405219999737155
"crice","ZWE",0.297796263043686
"csorg","AGO",1.07084841557568
"csorg","ARG",0.00525418650920952
"csorg","AUS",-0.102341078341974
"csorg","BDI",0.529432441699649
"csorg","BEN",0.368863099775818
"csorg","BFA",0.174511412278936
"csorg","BLZ",0.1
"csorg","BOL",-0.00564584518071081
"csorg","BRA",0.00465348109699794
"csorg","BWA",0.226968592041446
"csorg","CAF",0.537408433979854
"csorg","CHM",0.0119879896611346
"csorg","CIV",0.327615570938427
"csorg","CMR",0.32271860282587
"csorg","CUB",0.1
"csorg","ECU",0.00153093700010642
"csorg","EGY",0.0156555136827893
"csorg","ETH",0.214137128357426
"csorg","FRP",0.0331791471366607
"csorg","GHA",0.339908964611187
"csorg","GIN",0.332343646765358
"csorg","GMB",0.32946754667479
"csorg","GNB",0.323086881885498
"csorg","GTM",0.125
"csorg","HND",0.1
"csorg","HTI",0.1
"csorg","IRQ",-0.00950422289901541
"csorg","ISR",0.00661892804482805
"csorg","ITP",0.0304519758734406
"csorg","KAZ",-0.109905643632614
"csorg","KEN",0.559123539203107
"csorg","LSO",0.273638431598739
"csorg","MLI",0.186825540015014
"csorg","MMR",0.128994843499316
"csorg","MOR",0.0162494201022617
"csorg","MOZ",0.312535037252644
"csorg","MRT",0.441715014520435
"csorg","MWI",0.0964067044169141
"csorg","NAM",0.566972688480375
"csorg","NER",0.360784204628613
"csorg","NGA",0.269046676470199
"csorg","NIC",0.1
"csorg","PAK",0.107
"csorg","PRY",-0.00564584518071081
"csorg","RAP",0.0162457567574488
"csorg","RUS",-0.161319423869875
"csorg","RWA",0.555208000124677
"csorg","SAU",0.0162457567574488
"csorg","SDN",0.154236057972937
"csorg","SEN",0.431014366455139
"csorg","SLE",0.0750129923607272
"csorg","SLV",0.1
"csorg","SOM",0.333235333123125
"csorg","SPP",0.0346447937738685
"csorg","SWZ",0.570320342845674
"csorg","SYR",0.0161918645704713
"csorg","TCD",0.1225
"csorg","TGO",0.42384240962899
"csorg","TUR",-0.0334087384294007
"csorg","TZA",0.0964067044169141
"csorg","UGA",0.415781221247389
"csorg","UKR",-0.160068665687607
"csorg","USA",0.1
"csorg","UZB",-0.11385575378485
"csorg","YEM",0.0162457567574488
"csorg","ZAF",0.209216071151239
"csorg","ZMB",0.567090475940148
"csorg","ZWE",0.426215288462264
"cwhea","AFG",0.234894458739588
"cwhea","AGO",0.768997985667523
"cwhea","ALB",0.241721068512184
"cwhea","ARG",0.0843843374853951
"cwhea","ARM",0.127790421621003
"cwhea","AUS",0.28428803601614
"cwhea","AUT",0.450261643296267
"cwhea","AZE",0.127790421621003
"cwhea","BDI",0.633934443011057
"cwhea","BEN",0.480262509528989
"cwhea","BFA",0.499982573337032
"cwhea","BGD",0.372900893101551
"cwhea","BGR",0.141880671204546
"cwhea","BLR",0.0776910454123323
"cwhea","BLT",0.0776910454123323
"cwhea","BLX",0.246319142810018
"cwhea","BLZ",0.0774070248085311
"cwhea","BOL",0.0966000597366188
"cwhea","BRA",0.113380524083818
"cwhea","BTN",0.311509586670442
"cwhea","BWA",0.258105063451745
"cwhea","CAN",0.422956728550486
"cwhea","CHL",0.0776348160439687
"cwhea","CHM",0.137204465647183
"cwhea","CHP",0.450261643296267
"cwhea","CIV",0.296355042746493
"cwhea","CMR",0.363275102059869
"cwhea","COD",0.458698796518006
"cwhea","COL",0.0813150239656072
"cwhea","CRB",0.380118166705665
"cwhea","CRI",0.0774070248085311
"cwhea","CUB",0.0774070248085311
"cwhea","CYP",0.107988277805177
"cwhea","CZE",0.141880671204546
"cwhea","DEU",0.29603537035335
"cwhea","DNK",0.34312531848343
"cwhea","DOM",0.0774070248085311
"cwhea","DZA",0.0569737528799168
"cwhea","ECU",0.100489652539857
"cwhea","EGY",0.0983741881805246
"cwhea","ETH",0.234014680318445
"cwhea","FNP",0.34312531848343
"cwhea","FRP",0.173735712301294
"cwhea","GAB",0.37219500519065
"cwhea","GEO",0.127790421621003
"cwhea","GHA",0.440433010191699
"cwhea","GRC",0.241721068512184
"cwhea","GSA",0.0774051791532683
"cwhea","GTM",0.0967587810106638
"cwhea","HRV",0.241721068512184
"cwhea","HUN",0.141880671204546
"cwhea","IDN",0.532275271136145
"cwhea","IND",0.0788368774638679
"cwhea","IRL",0.347833837263753
"cwhea","IRN",0.0570146276403228
"cwhea","IRQ",0.0749629370159203
"cwhea","ISL",0.34312531848343
"cwhea","ISR",0.42920568703252
"cwhea","ITP",0.345461111121997
"cwhea","JOR",0.0878026774391765
"cwhea","JPN",0.345298547121902
"cwhea","KAZ",0.217702089720489
"cwhea","KEN",0.414601005490787
"cwhea","KGZ",0.211348921097632
"cwhea","KOR",0.210642893563772
"cwhea","LBN",0.108480107708759
"cwhea","LBY",0.106746240577771
"cwhea","LKA",0.310630169998747
"cwhea","LSO",0.259271035712966
"cwhea","MDA",0.141880671204546
"cwhea","MDG",0.480709698595921
"cwhea","MEX",0.151197170967947
"cwhea","MLI",0.506189986887522
"cwhea","MMR",0.327953846704563
"cwhea","MNG",0.31372348512058
"cwhea","MOR",0.0861251841643555
"cwhea","MOZ",0.273693560385184
"cwhea","MRT",0.473243181514838
"cwhea","MWI",0.482691420435811
"cwhea","MYS",0.535843155188588
"cwhea","NGA",0.418198855292429
"cwhea","NIC",0.0774070248085311
"cwhea","NLD",0.346088309397066
"cwhea","NOR",0.34312531848343
"cwhea","NPL",0.418206511767918
"cwhea","NZL",0.332637763106567
"cwhea","OBN",0.241721068512184
"cwhea","OPO",0.380118166705665
"cwhea","PAK",0.132438776349392
"cwhea","PAN",0.0774070248085311
"cwhea","PER",0.077417489148588
"cwhea","PHL",0.399142542013351
"cwhea","POL",0.141830188987539
"cwhea","PRT",0.347197288926678
"cwhea","PRY",0.0772800477892951
"cwhea","RAP",0.055878613084698
"cwhea","ROU",0.141880671204546
"cwhea","RUS",0.0777901591948567
"cwhea","RWA",0.57541709092065
"cwhea","SAU",0.055878613084698
"cwhea","SDN",0.340657990854241
"cwhea","SEN",0.360413653105884
"cwhea","SLE",0.349055277225005
"cwhea","SLV",0.0774070248085311
"cwhea","SOM",0.342428042792931
"cwhea","SPP",0.347197288926678
"cwhea","SVK",0.141880671204546
"cwhea","SVN",0.241721068512184
"cwhea","SWE",0.34312531848343
"cwhea","SWZ",0.258730514268511
"cwhea","SYR",0.107365735410139
"cwhea","THA",0.547591114290007
"cwhea","TJK",0.221723752884081
"cwhea","TKM",0.16095357046873
"cwhea","TUN",0.107987285584086
"cwhea","TUR",-0.0397121998930945
"cwhea","TZA",0.272495957499535
"cwhea","UGA",0.454692078174182
"cwhea","UKP",0.347833837263753
"cwhea","UKR",0.0777509806224006
"cwhea","URY",0.0772347056153627
"cwhea","USA",0.127521932812611
"cwhea","UZB",0.167182329530303
"cwhea","VEN",0.0774051791532683
"cwhea","VNM",0.527820285709423
"cwhea","YEM",0.055878613084698
"cwhea","ZAF",0.287960322304732
"cwhea","ZMB",0.467149999671424
"cwhea","ZWE",0.415387255259403
"cocer","ALB",0.1
"cocer","ARG",0.0413398681245973
"cocer","ARM",0.1
"cocer","AUS",-0.069901821046221
"cocer","AUT",0.1
"cocer","AZE",0.1
"cocer","BDI",0.650511874138684
"cocer","BFA",0.493608589250799
"cocer","BGD",0.173072208973873
"cocer","BGR",0.1
"cocer","BLR",-0.135198268093379
"cocer","BLT",-0.135198268093379
"cocer","BLX",0.129279249959602
"cocer","BOL",0.0945035661048858
"cocer","BRA",0.0415171845970229
"cocer","CAN",0.023699989350164
"cocer","CHL",0.07878501663681
"cocer","CHM",0.0223226793883671
"cocer","CHP",0.1
"cocer","CIV",0.478689621110588
"cocer","CZE",0.1
"cocer","DEU",0.129030949059181
"cocer","DNK",0.114525420398128
"cocer","DZA",0.0628226745230597
"cocer","ECU",0.0964304580418637
"cocer","EGY",0.093422996948021
"cocer","ETH",0.410145368666319
"cocer","FNP",0.114525420398128
"cocer","FRP",0.130287496527264
"cocer","GEO",0.1
"cocer","GIN",0.481449929123428
"cocer","GRC",0.1
"cocer","HRV",0.1
"cocer","HUN",0.1
"cocer","IRL",0.130604607605703
"cocer","ITP",0.128528472231747
"cocer","JPN",0.1
"cocer","KAZ",-0.0815633174756236
"cocer","KOR",0.1
"cocer","MDA",0.1
"cocer","MEX",0.1
"cocer","MLI",0.493759011059575
"cocer","MMR",0.163615892756988
"cocer","MNG",0.085
"cocer","MOR",0.0527693976642597
"cocer","NER",0.492650710156746
"cocer","NGA",0.524063929837913
"cocer","NLD",0.129077270722433
"cocer","NOR",0.114525420398128
"cocer","NPL",0.130519806117801
"cocer","NZL",0.1
"cocer","OBN",0.1
"cocer","PER",0.0768356602415597
"cocer","POL",0.1
"cocer","PRT",0.130047627810861
"cocer","ROU",0.1
"cocer","RUS",-0.134114421750093
"cocer","SPP",0.130047627810861
"cocer","SVK",0.1
"cocer","SVN",0.1
"cocer","SWE",0.114525420398128
"cocer","TGO",0.584139234870374
"cocer","THA",0.1
"cocer","TJK",0.1275
"cocer","TUN",0.0635073493496043
"cocer","TUR",0.016375760805614
"cocer","TZA",0.14875
"cocer","UKP",0.130604607605703
"cocer","UKR",-0.13432150980492
"cocer","URY",1.8997060427301E-16
"cocer","USA",-2.81375080431445E-15
"cocer","UZB",-0.084546840562591
"cocer","ZAF",0.818116340233385
"ccass","AGO",0.0759104667207282
"ccass","ARG",0.1
"ccass","AUS",0.1
"ccass","AUT",0.1
"ccass","BDI",0.0319672233279466
"ccass","BEN",0.0365396824618724
"ccass","BFA",0.0356891910450695
"ccass","BGD",0.1
"ccass","BLR",-0.268331153114504
"ccass","BOL",-0.160228134245113
"ccass","BRA",-0.176926863822118
"ccass","CAF",0.163711168737428
"ccass","CAN",-0.17612207377496
"ccass","CHL",-0.108858692065214
"ccass","CHM",-0.168898599031042
"ccass","CHP",0.1
"ccass","CIV",0.118746836038065
"ccass","CMR",0.222477427348337
"ccass","COD",0.0202671949528236
"ccass","COG",0.023810207150024
"ccass","COL",-0.1
"ccass","CRI",-0.11441920592093
"ccass","CUB",-0.11441920592093
"ccass","CZE",-0.25202604461482
"ccass","DEU",0.00676711852459706
"ccass","DOM",-0.11441920592093
"ccass","ECU",-0.112194551515886
"ccass","FJI",0.1
"ccass","FRP",0.00828592747195528
"ccass","GAB",0.194057824822721
"ccass","GHA",0.136138663457576
"ccass","GIN",0.131438409475293
"ccass","GMB",0.167217038697936
"ccass","GNB",0.0274099293960008
"ccass","GSA",0.1
"ccass","GTM",-0.11441920592093
"ccass","HND",-0.11441920592093
"ccass","HTI",-0.11441920592093
"ccass","HUN",-0.25202604461482
"ccass","IDN",0.0312741029820285
"ccass","IND",0.0504064632828768
"ccass","IRL",0.0133658425538473
"ccass","ISR",-0.191571321002151
"ccass","ITP",0.00552961492091837
"ccass","JAM",0.1
"ccass","JPN",-0.483959353316394
"ccass","KEN",0.114839235177529
"ccass","KHM",0.125
"ccass","KOR",0.1
"ccass","LAO",0.125
"ccass","LBN",0.0137725870022543
"ccass","LBR",0.0105065817099001
"ccass","LKA",-0.0206431369138257
"ccass","MDG",0.109679568029887
"ccass","MEX",-0.0629221084813928
"ccass","MLI",0.0408367177810092
"ccass","MMR",-1.34943595569001E-20
"ccass","MOZ",0.188113539728478
"ccass","MWI",0.120121145631728
"ccass","MYS",0.1
"ccass","NER",0.030679255273739
"ccass","NGA",0.0663741160598411
"ccass","NIC",-0.11441920592093
"ccass","NOR",0.0269960284435388
"ccass","NZL",-0.192379737136029
"ccass","OIO",0.1
"ccass","OPO",0.1
"ccass","PAK",-0.0378346497918928
"ccass","PAN",-0.11441920592093
"ccass","PER",-0.113441662250287
"ccass","PHL",-0.0375652264680349
"ccass","PNG",0.085
"ccass","POL",0.1
"ccass","PRT",-0.0629451067857169
"ccass","PRY",-0.160228134245113
"ccass","RAP",0.0125419076618629
"ccass","RUS",0.1
"ccass","RWA",0.143846045744944
"ccass","SEN",0.085
"ccass","SLE",0.137030207786997
"ccass","SLV",-0.11441920592093
"ccass","SOM",0.0140286237448812
"ccass","SPP",-0.0629451067857169
"ccass","SWE",0.0269960284435388
"ccass","TCD",0.142135570530469
"ccass","TGO",0.085
"ccass","THA",-0.0351991936795031
"ccass","TLS",0.1
"ccass","TZA",0.0374393472230029
"ccass","UGA",0.0943506876018822
"ccass","UKP",0.0133658425538473
"ccass","URY",-0.117527936789235
"ccass","USA",-0.261378617927149
"ccass","VEN",0.1
"ccass","VNM",0.1
"ccass","ZAF",-0.16
"ccass","ZMB",0.1
"ccass","ZWE",0.204571149032706
"cpota","AFG",0.270746578468031
"cpota","AGO",0.803365880886696
"cpota","ALB",0.0222368879231095
"cpota","ARG",0.288493547180577
"cpota","ARM",0.036880777917669
"cpota","AUS",0.131606700250415
"cpota","AUT",0.0235373028578672
"cpota","AZE",0.036880777917669
"cpota","BDI",0.658612147987119
"cpota","BFA",0.410603188324293
"cpota","BGD",0.466220218214476
"cpota","BGR",0.0282456321691842
"cpota","BLR",-0.0406141250792633
"cpota","BLT",-0.0406141250792633
"cpota","BLX",0.0213813599842739
"cpota","BOL",0.29719800609673
"cpota","BRA",0.449338745262174
"cpota","BTN",0.226197544843787
"cpota","BWA",0.551460337367861
"cpota","CAF",0.300295797147792
"cpota","CAN",0.0333621097577107
"cpota","CHL",0.130940808996767
"cpota","CHM",0.236666666666667
"cpota","CHP",0.0235373028578672
"cpota","CIV",0.218812739876644
"cpota","CMR",0.448429840851824
"cpota","COD",0.0809477844550693
"cpota","COG",0.0947912156650657
"cpota","COL",0.120509019340503
"cpota","CRB",0.3
"cpota","CRI",0.314026411103008
"cpota","CUB",0.314026411103008
"cpota","CYP",0.0983667246379212
"cpota","CZE",0.0282456321691842
"cpota","DEU",0.0197593193447369
"cpota","DNK",0.025697600499085
"cpota","DOM",0.314026411103008
"cpota","DZA",0.52
"cpota","ECU",0.288366086319187
"cpota","EGY",0.374799537879839
"cpota","ETH",0.33414668961118
"cpota","FNP",0.025697600499085
"cpota","FRP",0.0218160695900885
"cpota","GEO",0.036880777917669
"cpota","GIN",0.0684434677376985
"cpota","GRC",0.0222368879231095
"cpota","GSA",0.24999999999948
"cpota","GTM",0.392533013878761
"cpota","HND",0.314026411103008
"cpota","HRV",0.0222368879231095
"cpota","HTI",0.314026411103008
"cpota","HUN",0.0282456321691842
"cpota","IDN",0.577345600366681
"cpota","IND",0.647916666666666
"cpota","IRL",0.0259589595830422
"cpota","IRN",0.495
"cpota","IRQ",0.097779038947065
"cpota","ISL",0.025697600499085
"cpota","ISR",0.0322266487723334
"cpota","ITP",0.0186497534620608
"cpota","JAM",0.3
"cpota","JOR",0.442
"cpota","JPN",0.261142941145692
"cpota","KAZ",0.180661346323083
"cpota","KEN",0.455416001846194
"cpota","KGZ",0.00523758131323829
"cpota","KHM",0.614438640842353
"cpota","KOR",0.148601699482782
"cpota","LBN",0.65726188496553
"cpota","LBY",0.52
"cpota","LKA",0.369538160979054
"cpota","LSO",0.368078262840759
"cpota","MDA",0.0282456321691842
"cpota","MDG",0.425036117721314
"cpota","MEX",0.387077891518929
"cpota","MLI",0.411534994890223
"cpota","MMR",0.599556010059578
"cpota","MNG",0.382500000000004
"cpota","MOR",0.442
"cpota","MOZ",0.469535787520086
"cpota","MRT",0.412466552631802
"cpota","MWI",0.184564467462694
"cpota","MYS",0.0819243703935444
"cpota","NAM",0.550393773400043
"cpota","NER",0.414663373722366
"cpota","NGA",0.496225223295366
"cpota","NIC",0.314026411103008
"cpota","NLD",0.018847642764816
"cpota","NOR",0.025697600499085
"cpota","NPL",0.319358173007539
"cpota","NZL",0.223357202070108
"cpota","OBN",0.0222368879231095
"cpota","OIO",0.3
"cpota","PAK",0.4164390588415
"cpota","PAN",0.314026411103008
"cpota","PER",0.185487221357811
"cpota","PHL",0.691063873950635
"cpota","POL",0.021056747736214
"cpota","PRT",0.0235985048342974
"cpota","PRY",0.237758404877384
"cpota","RAP",0.125433933363401
"cpota","ROU",0.0282456321691842
"cpota","RUS",0.144424626657851
"cpota","RWA",0.427946406813563
"cpota","SAU",0.125433933363401
"cpota","SDN",0.416707679905984
"cpota","SEN",0.318612956205693
"cpota","SLV",0.314026411103008
"cpota","SOM",0.334858973432567
"cpota","SPP",0.0235985048342974
"cpota","SVK",0.0282456321691842
"cpota","SVN",0.0222368879231095
"cpota","SWE",0.025697600499085
"cpota","SWZ",0.487140699009774
"cpota","SYR",0.137059955915887
"cpota","TCD",0.489671627339568
"cpota","THA",0.397050750022413
"cpota","TJK",0.167981778437202
"cpota","TKM",0.248167939029466
"cpota","TUN",0.52
"cpota","TUR",0.0444389936446174
"cpota","TZA",0.412332435508938
"cpota","UGA",0.460048624183459
"cpota","UKP",0.0259589595830422
"cpota","UKR",0.0302393883627633
"cpota","URY",0.286589041582692
"cpota","USA",0.146550265574719
"cpota","UZB",0.224802319116911
"cpota","VEN",0.24999999999948
"cpota","VNM",0.708490824791158
"cpota","YEM",0.125433933363401
"cpota","ZAF",0.15860795438622
"cpota","ZMB",0.550255223898035
"cpota","ZWE",0.454495851272808
"cswpt","AGO",0.393641446471149
"cswpt","ARG",0.09
"cswpt","AUS",0.09
"cswpt","BDI",0.287736939866092
"cswpt","BEN",0.317109756558664
"cswpt","BFA",0.0864064006606107
"cswpt","BGD",0.0846032253109492
"cswpt","BOL",0.1125
"cswpt","BRA",0.0846032253109492
"cswpt","CAN",0.015101261473991
"cswpt","CHL",0.09
"cswpt","CHM",0.0846032253109492
"cswpt","CIV",0.233845347296802
"cswpt","CMR",0.199666072811732
"cswpt","COD",0.187969845112288
"cswpt","COG",0.212224061783773
"cswpt","CUB",0.09
"cswpt","DOM",0.09
"cswpt","EGY",0.0846032253109492
"cswpt","ETH",0.0274734180869608
"cswpt","FJI",0.09
"cswpt","GHA",0.194183555287771
"cswpt","GIN",0.217578468385952
"cswpt","GSA",0.09
"cswpt","HND",0.09
"cswpt","HTI",0.09
"cswpt","IDN",0.181941578424828
"cswpt","IND",0.0846032253109492
"cswpt","ISR",0.0846032253109492
"cswpt","JAM",0.09
"cswpt","JPN",0.016417279861302
"cswpt","KEN",0.263427790897365
"cswpt","KHM",0.0846032253109492
"cswpt","KOR",0.0846032253109492
"cswpt","LAO",0.0846032253109492
"cswpt","LBR",0.0609272924593879
"cswpt","LKA",0.0846032253109492
"cswpt","MDG",0.134096433108577
"cswpt","MEX",0.0846032253109492
"cswpt","MLI",0.0335496781615984
"cswpt","MMR",0.0846032253109492
"cswpt","MOR",0.0232269418742974
"cswpt","MOZ",0.147396427155456
"cswpt","MRT",0.0205965109994592
"cswpt","MWI",0.145841297690699
"cswpt","MYS",0.0846032253109492
"cswpt","NER",0.02903770516052
"cswpt","NGA",0.189373906904229
"cswpt","NLD",0.0846032253109492
"cswpt","NZL",0.09
"cswpt","OIO",0.09
"cswpt","PAK",0.0846032253109492
"cswpt","PER",0.09
"cswpt","PHL",0.09
"cswpt","PNG",0.0765
"cswpt","PRY",0.09
"cswpt","RWA",0.330906702617262
"cswpt","SDN",0.0767105051594173
"cswpt","SEN",0.266754650071759
"cswpt","SLB",0.0765
"cswpt","SLE",0.0910909958002821
"cswpt","SOM",0.0122457805971208
"cswpt","SPP",0.0846032253109492
"cswpt","TCD",0.0467842895545003
"cswpt","TGO",0.260133050280464
"cswpt","THA",0.0846032253109492
"cswpt","TZA",0.214729523941506
"cswpt","UGA",0.230901490524833
"cswpt","URY",0.09
"cswpt","USA",0.0846032253109492
"cswpt","VEN",0.09
"cswpt","VNM",0.0846032253109492
"cswpt","ZAF",0.027
"cswpt","ZMB",0.224416122897646
"cswpt","ZWE",0.088522989247372
"cyams","BEN",0.528516260931107
"cyams","BFA",0.144010667767685
"cyams","BRA",0.141005375518249
"cyams","CAF",0.31543235785896
"cyams","CIV",0.38974224549467
"cyams","CMR",0.332776788019553
"cyams","COD",0.313283075187146
"cyams","COG",0.353706769639622
"cyams","COL",0.141005375518249
"cyams","CRB",0.15
"cyams","CRI",0.15
"cyams","CUB",0.15
"cyams","DOM",0.15
"cyams","ETH",0.0457890301449347
"cyams","GAB",0.376825310201077
"cyams","GHA",0.323639258812952
"cyams","GIN",0.362630780643253
"cyams","HTI",0.15
"cyams","JAM",0.15
"cyams","JPN",0.02736213310217
"cyams","KEN",0.439046318162275
"cyams","LBR",0.101545487432313
"cyams","MLI",0.0559161302693307
"cyams","MYS",0.141005375518249
"cyams","NGA",0.315623178173715
"cyams","OIO",0.15
"cyams","PAN",0.15
"cyams","PNG",0.1275
"cyams","RAP",0.0425789386993567
"cyams","RWA",0.55151117102877
"cyams","SDN",0.127850841932362
"cyams","SEN",0.444591083452932
"cyams","SLB",0.1275
"cyams","TCD",0.0779738159241672
"cyams","TGO",0.433555083800774
"cyams","TZA",0.35788253990251
"cyams","VEN",0.15
"corat","BDI",0.0319672233279466
"corat","BOL",-0.160228134245113
"corat","BTN",-0.0154035097085637
"corat","BWA",0.327326546645986
"corat","CAF",0.163711168737428
"corat","CHM",-0.168898599031042
"corat","CIV",0.118746836038065
"corat","CMR",0.222477427348337
"corat","COD",0.0202671949528236
"corat","COG",0.023810207150024
"corat","COL",-0.1
"corat","CRB",0.1
"corat","CRI",-0.11441920592093
"corat","CUB",-0.11441920592093
"corat","DOM",-0.11441920592093
"corat","ECU",-0.112194551515886
"corat","EGY",0.020026860417449
"corat","ETH",0.0961406213751829
"corat","FJI",0.1
"corat","GAB",0.194057824822721
"corat","GHA",0.136138663457576
"corat","GIN",0.131438409475293
"corat","GNB",0.0274099293960008
"corat","GSA",0.1
"corat","HND",-0.11441920592093
"corat","HTI",-0.11441920592093
"corat","IDN",0.0312741029820285
"corat","JAM",0.1
"corat","JPN",-0.483959353316394
"corat","KEN",0.114839235177529
"corat","KHM",0.125
"corat","LAO",0.125
"corat","LBR",0.0105065817099001
"corat","MDG",0.109679568029887
"corat","MEX",-0.0629221084813928
"corat","MOZ",0.188113539728478
"corat","MYS",0.1
"corat","NAM",2.07142265040878E-12
"corat","NGA",0.0663741160598411
"corat","NIC",-0.11441920592093
"corat","NPL",-0.0243971253155062
"corat","OAO",0.1
"corat","OIO",0.1
"corat","OPO",0.1
"corat","PAK",-0.0378346497918928
"corat","PAN",-0.11441920592093
"corat","PER",-0.113441662250287
"corat","PHL",-0.0375652264680349
"corat","PNG",0.085
"corat","RWA",0.143846045744944
"corat","SLB",0.085
"corat","SLV",-0.11441920592093
"corat","SWZ",0.326166549525478
"corat","TCD",0.142135570530469
"corat","TGO",0.085
"corat","THA",-0.0351991936795031
"corat","TLS",0.1
"corat","USA",-0.261378617927149
"corat","VEN",0.1
"corat","VUT",0.085
"cbean","AGO",0.313332166574188
"cbean","ALB",0.185390270444795
"cbean","ARG",0.213222740320771
"cbean","AUS",0.15624340287059
"cbean","AZE",0.178282292221157
"cbean","BDI",0.245286460286894
"cbean","BEN",0.253213049250498
"cbean","BGD",0.16640510614036
"cbean","BGR",0.185375846722112
"cbean","BLR",0.177831524952442
"cbean","BLZ",0.210074322436238
"cbean","BOL",0.262586305450375
"cbean","BRA",0.241423348361231
"cbean","CAN",0.196521009179193
"cbean","CHL",0.210040666117449
"cbean","CHM",0.197991050991207
"cbean","CIV",0.17552578576185
"cbean","CMR",0.21620872818284
"cbean","COD",0.215213404633705
"cbean","COL",0.236127967940274
"cbean","CRI",0.210074322436238
"cbean","CUB",0.210074322436238
"cbean","DJI",0.171051225488573
"cbean","DOM",0.210074322436238
"cbean","ECU",0.262549542584304
"cbean","EGY",0.359700196047508
"cbean","ETH",0.298754812909701
"cbean","GHA",0.213589648826251
"cbean","GRC",0.185390270444795
"cbean","GTM",0.262592903045298
"cbean","HND",0.210074322436238
"cbean","HTI",0.210074322436238
"cbean","IDN",0.221134980400524
"cbean","IND",0.125176692863323
"cbean","IRN",0.224277632549813
"cbean","IRQ",0.203975457277652
"cbean","JPN",0.196021621318335
"cbean","KAZ",0.178483145316519
"cbean","KEN",0.254018619537917
"cbean","KGZ",0.14979550120868
"cbean","KHM",0.289246179943591
"cbean","KOR",0.221385451720854
"cbean","LAO",0.289246179943591
"cbean","LSO",0.212746521275481
"cbean","MDA",0.185375846722112
"cbean","MDG",0.213482967960859
"cbean","MEX",0.23014061683728
"cbean","MLI",0.210282006399436
"cbean","MMR",0.2368215495188
"cbean","MOR",0.190304775268643
"cbean","MOZ",0.212855956162866
"cbean","MRT",0.207402593684353
"cbean","MWI",0.214885604626225
"cbean","NER",0.212280936662514
"cbean","NIC",0.210074322436238
"cbean","NPL",0.270707929094398
"cbean","OBN",0.185390270444795
"cbean","PAK",0.226637442039419
"cbean","PAN",0.210074322436238
"cbean","PER",0.210038778058902
"cbean","PHL",0.223988877087102
"cbean","PRY",0.2100690443603
"cbean","RUS",0.17785477599471
"cbean","RWA",0.246579484196759
"cbean","SDN",0.210116915139784
"cbean","SLV",0.210074322436238
"cbean","SOM",0.167717742992107
"cbean","SPP",0.194702197176509
"cbean","SWZ",0.25026942517562
"cbean","TCD",0.248301922479295
"cbean","TGO",0.214836110206306
"cbean","THA",0.197485554768361
"cbean","TJK",0.150636683812772
"cbean","TLS",0.191666928647012
"cbean","TUR",0.195393881899816
"cbean","TZA",0.210016809608583
"cbean","UGA",0.213941365896177
"cbean","UKP",0.19434604679145
"cbean","UKR",0.178091053403219
"cbean","USA",0.191162322149334
"cbean","VEN",0.210077124342924
"cbean","VNM",0.229675936982783
"cbean","ZAF",0.197581546718201
"cbean","ZWE",0.205841667038896
"cchkp","ARG",0.213222740320771
"cchkp","AUS",0.15624340287059
"cchkp","BGD",0.16640510614036
"cchkp","BGR",0.185375846722112
"cchkp","BOL",0.262586305450375
"cchkp","BTN",0.270690509933479
"cchkp","CAN",0.196521009179193
"cchkp","CHL",0.210040666117449
"cchkp","CHM",0.197991050991207
"cchkp","COL",0.236127967940274
"cchkp","CRB",0.192584967424866
"cchkp","CYP",0.224470227605304
"cchkp","DEU",0.193947142641175
"cchkp","DOM",0.210074322436238
"cchkp","DZA",0.224276283887932
"cchkp","EGY",0.359700196047508
"cchkp","ETH",0.298754812909701
"cchkp","GRC",0.185390270444795
"cchkp","HUN",0.185375846722112
"cchkp","IND",0.125176692863323
"cchkp","IRL",0.19434604679145
"cchkp","IRN",0.224277632549813
"cchkp","IRQ",0.203975457277652
"cchkp","ISR",0.187810418620467
"cchkp","ITP",0.194142140011373
"cchkp","JOR",0.190974134851352
"cchkp","KAZ",0.178483145316519
"cchkp","KEN",0.254018619537917
"cchkp","LBN",0.224514921611102
"cchkp","LBY",0.224293878115261
"cchkp","LKA",0.270684620749108
"cchkp","MDA",0.185375846722112
"cchkp","MEX",0.23014061683728
"cchkp","MMR",0.2368215495188
"cchkp","MOR",0.190304775268643
"cchkp","MWI",0.214885604626225
"cchkp","NER",0.212280936662514
"cchkp","NOR",0.186796856195135
"cchkp","NPL",0.270707929094398
"cchkp","OBN",0.185390270444795
"cchkp","PAK",0.226637442039419
"cchkp","PER",0.210038778058902
"cchkp","PHL",0.223988877087102
"cchkp","PRT",0.194702197176509
"cchkp","RAP",0.223811690161055
"cchkp","ROU",0.185375846722112
"cchkp","RUS",0.17785477599471
"cchkp","SAU",0.223811690161055
"cchkp","SDN",0.210116915139784
"cchkp","SPP",0.194702197176509
"cchkp","SVK",0.185375846722112
"cchkp","SYR",0.225024861009927
"cchkp","TGO",0.214836110206306
"cchkp","TUN",0.224354048912165
"cchkp","TUR",0.195393881899816
"cchkp","TZA",0.210016809608583
"cchkp","UGA",0.213941365896177
"cchkp","URY",0.210064176885611
"cchkp","USA",0.191162322149334
"cchkp","UZB",0.176437313677266
"cchkp","VEN",0.210077124342924
"cchkp","YEM",0.223811690161055
"cchkp","ZWE",0.205841667038896
"ccowp","BFA",0.21244240286972
"ccowp","BTN",0.270690509933479
"ccowp","CHM",0.197991050991207
"ccowp","CMR",0.21620872818284
"ccowp","COD",0.215213404633705
"ccowp","CRB",0.192584967424866
"ccowp","CYP",0.224470227605304
"ccowp","EGY",0.359700196047508
"ccowp","GNB",0.172660691356307
"ccowp","GSA",0.210077124342924
"ccowp","HRV",0.185390270444795
"ccowp","HTI",0.210074322436238
"ccowp","IRQ",0.203975457277652
"ccowp","JAM",0.192584967424866
"ccowp","JPN",0.196021621318335
"ccowp","KEN",0.254018619537917
"ccowp","LKA",0.270684620749108
"ccowp","MDG",0.213482967960859
"ccowp","MLI",0.210282006399436
"ccowp","MMR",0.2368215495188
"ccowp","MOZ",0.212855956162866
"ccowp","MRT",0.207402593684353
"ccowp","MWI",0.214885604626225
"ccowp","NER",0.212280936662514
"ccowp","NGA",0.214503133981795
"ccowp","OBN",0.185390270444795
"ccowp","PAN",0.210074322436238
"ccowp","PER",0.210038778058902
"ccowp","PHL",0.223988877087102
"ccowp","RAP",0.223811690161055
"ccowp","SDN",0.210116915139784
"ccowp","SEN",0.213657438471496
"ccowp","SVN",0.185390270444795
"ccowp","SWZ",0.25026942517562
"ccowp","TZA",0.210016809608583
"ccowp","UGA",0.213941365896177
"ccowp","USA",0.191162322149334
"ccowp","YEM",0.223811690161055
"ccowp","ZAF",0.197581546718201
"ccowp","ZWE",0.205841667038896
"clent","ARG",0.213222740320771
"clent","ARM",0.178282292221157
"clent","AUS",0.15624340287059
"clent","AUT",0.186902238514354
"clent","AZE",0.178282292221157
"clent","BGD",0.16640510614036
"clent","BGR",0.185375846722112
"clent","BTN",0.270690509933479
"clent","CAN",0.196521009179193
"clent","CHL",0.210040666117449
"clent","CHM",0.197991050991207
"clent","CHP",0.186902238514354
"clent","COL",0.236127967940274
"clent","CYP",0.224470227605304
"clent","CZE",0.185375846722112
"clent","DEU",0.193947142641175
"clent","DNK",0.186796856195135
"clent","DZA",0.224276283887932
"clent","ECU",0.262549542584304
"clent","EGY",0.359700196047508
"clent","ETH",0.298754812909701
"clent","FRP",0.194437689600607
"clent","GRC",0.185390270444795
"clent","HRV",0.185390270444795
"clent","HUN",0.185375846722112
"clent","IND",0.125176692863323
"clent","IRL",0.19434604679145
"clent","IRN",0.224277632549813
"clent","IRQ",0.203975457277652
"clent","ISR",0.187810418620467
"clent","ITP",0.194142140011373
"clent","JOR",0.190974134851352
"clent","KAZ",0.178483145316519
"clent","KEN",0.254018619537917
"clent","LBN",0.224514921611102
"clent","LBY",0.224293878115261
"clent","LKA",0.270684620749108
"clent","MDG",0.213482967960859
"clent","MEX",0.23014061683728
"clent","MMR",0.2368215495188
"clent","MOR",0.190304775268643
"clent","MWI",0.214885604626225
"clent","NOR",0.186796856195135
"clent","NPL",0.270707929094398
"clent","NZL",0.195621851886392
"clent","OBN",0.185390270444795
"clent","OIO",0.192584967424866
"clent","PAK",0.226637442039419
"clent","PAN",0.210074322436238
"clent","PER",0.210038778058902
"clent","PRT",0.194702197176509
"clent","RAP",0.223811690161055
"clent","ROU",0.185375846722112
"clent","RUS",0.17785477599471
"clent","SAU",0.223811690161055
"clent","SPP",0.194702197176509
"clent","SVK",0.185375846722112
"clent","SVN",0.185390270444795
"clent","SYR",0.225024861009927
"clent","TJK",0.150636683812772
"clent","TUN",0.224354048912165
"clent","TUR",0.195393881899816
"clent","UKP",0.19434604679145
"clent","UKR",0.178091053403219
"clent","URY",0.210064176885611
"clent","USA",0.191162322149334
"clent","UZB",0.176437313677266
"clent","VEN",0.210077124342924
"clent","YEM",0.223811690161055
"cpigp","BDI",0.245286460286894
"cpigp","BGD",0.286405106139111
"cpigp","BTN",0.270690509934371
"cpigp","COD",0.215213404633705
"cpigp","COL",0.236127967940274
"cpigp","CRB",0.192584967424866
"cpigp","DOM",0.210074322436238
"cpigp","HTI",0.210074322436238
"cpigp","IND",0.187676692863308
"cpigp","JAM",0.192584967424866
"cpigp","KEN",0.134018619537928
"cpigp","MMR",0.176821549518786
"cpigp","MWI",0.00388478657848412
"cpigp","NPL",0.270707929094377
"cpigp","OIO",0.192584967424866
"cpigp","PAK",0.226637442039419
"cpigp","PAN",0.210074322436238
"cpigp","PHL",0.223988877087102
"cpigp","TZA",0.108016809608583
"cpigp","UGA",-0.108304275416265
"cpigp","VEN",0.210077124342924
"copul","AFG",0.230042709045709
"copul","AGO",0.313332166574188
"copul","ALB",0.185390270444795
"copul","ARG",0.213222740320771
"copul","ARM",0.178282292221157
"copul","AUS",0.15624340287059
"copul","AUT",0.186902238514354
"copul","AZE",0.178282292221157
"copul","BDI",0.245286460286894
"copul","BEN",0.253213049250498
"copul","BFA",0.21244240286972
"copul","BGD",0.16640510614036
"copul","BGR",0.185375846722112
"copul","BLR",0.177831524952442
"copul","BLT",0.177831524952442
"copul","BLX",0.194168712320394
"copul","BLZ",0.210074322436238
"copul","BOL",0.262586305450375
"copul","BRA",0.241423348361231
"copul","BTN",0.270690509933479
"copul","BWA",0.250420781479883
"copul","CAF",0.25001775761448
"copul","CAN",0.196521009179193
"copul","CHL",0.210040666117449
"copul","CHM",0.197991050991207
"copul","CHP",0.186902238514354
"copul","CIV",0.17552578576185
"copul","CMR",0.21620872818284
"copul","COD",0.215213404633705
"copul","COG",0.252185442910714
"copul","COL",0.236127967940274
"copul","CRB",0.192584967424866
"copul","CRI",0.210074322436238
"copul","CUB",0.210074322436238
"copul","CYP",0.224470227605304
"copul","CZE",0.185375846722112
"copul","DEU",0.193947142641175
"copul","DJI",0.171051225488573
"copul","DNK",0.186796856195135
"copul","DOM",0.210074322436238
"copul","DZA",0.224276283887932
"copul","ECU",0.262549542584304
"copul","EGY",0.359700196047508
"copul","ETH",0.298754812909701
"copul","FJI",0.192584967424866
"copul","FNP",0.186796856195135
"copul","FRP",0.194437689600607
"copul","GAB",0.253602054529266
"copul","GEO",0.178282292221157
"copul","GHA",0.213589648826251
"copul","GIN",0.177026834049635
"copul","GMB",0.215850695935005
"copul","GNB",0.172660691356307
"copul","GRC",0.185390270444795
"copul","GSA",0.210077124342924
"copul","GTM",0.262592903045298
"copul","HND",0.210074322436238
"copul","HRV",0.185390270444795
"copul","HTI",0.210074322436238
"copul","HUN",0.185375846722112
"copul","IDN",0.221134980400524
"copul","IND",0.125176692863323
"copul","IRL",0.19434604679145
"copul","IRN",0.224277632549813
"copul","IRQ",0.203975457277652
"copul","ISR",0.187810418620467
"copul","ITP",0.194142140011373
"copul","JAM",0.192584967424866
"copul","JOR",0.190974134851352
"copul","JPN",0.196021621318335
"copul","KAZ",0.178483145316519
"copul","KEN",0.254018619537917
"copul","KGZ",0.14979550120868
"copul","KHM",0.289246179943591
"copul","KOR",0.221385451720854
"copul","LAO",0.289246179943591
"copul","LBN",0.224514921611102
"copul","LBR",0.16915448580173
"copul","LBY",0.224293878115261
"copul","LKA",0.270684620749108
"copul","LSO",0.212746521275481
"copul","MDA",0.185375846722112
"copul","MDG",0.213482967960859
"copul","MEX",0.23014061683728
"copul","MLI",0.210282006399436
"copul","MMR",0.2368215495188
"copul","MNG",0.20169494914926
"copul","MOR",0.190304775268643
"copul","MOZ",0.212855956162866
"copul","MRT",0.207402593684353
"copul","MWI",0.214885604626225
"copul","NAM",0.250064221345154
"copul","NER",0.212280936662514
"copul","NGA",0.214503133981795
"copul","NIC",0.210074322436238
"copul","NLD",0.194019661889474
"copul","NOR",0.186796856195135
"copul","NPL",0.270707929094398
"copul","NZL",0.195621851886392
"copul","OAO",0.192584967424866
"copul","OBN",0.185390270444795
"copul","OIO",0.192584967424866
"copul","OPO",0.192584967424866
"copul","PAK",0.226637442039419
"copul","PAN",0.210074322436238
"copul","PER",0.210038778058902
"copul","PHL",0.223988877087102
"copul","PNG",0.16291688934996
"copul","POL",0.185347299599172
"copul","PRT",0.194702197176509
"copul","PRY",0.2100690443603
"copul","RAP",0.223811690161055
"copul","ROU",0.185375846722112
"copul","RUS",0.17785477599471
"copul","RWA",0.246579484196759
"copul","SAU",0.223811690161055
"copul","SDN",0.210116915139784
"copul","SEN",0.213657438471496
"copul","SLB",0.163697222311136
"copul","SLE",0.176690045885699
"copul","SLV",0.210074322436238
"copul","SOM",0.167717742992107
"copul","SPP",0.194702197176509
"copul","SVK",0.185375846722112
"copul","SVN",0.185390270444795
"copul","SWE",0.186796856195135
"copul","SWZ",0.25026942517562
"copul","SYR",0.225024861009927
"copul","TCD",0.248301922479295
"copul","TGO",0.214836110206306
"copul","THA",0.197485554768361
"copul","TJK",0.150636683812772
"copul","TKM",0.127005038044742
"copul","TLS",0.191666928647012
"copul","TUN",0.224354048912165
"copul","TUR",0.195393881899816
"copul","TZA",0.210016809608583
"copul","UGA",0.213941365896177
"copul","UKP",0.19434604679145
"copul","UKR",0.178091053403219
"copul","URY",0.210064176885611
"copul","USA",0.191162322149334
"copul","UZB",0.176437313677266
"copul","VEN",0.210077124342924
"copul","VNM",0.229675936982783
"copul","YEM",0.223811690161055
"copul","ZAF",0.197581546718201
"copul","ZMB",0.250045563089614
"copul","ZWE",0.205841667038896
"cbana","AGO",0.948708202913041
"cbana","ALB",0.30109054250394
"cbana","ARG",0.211857676985007
"cbana","AUS",0.315908660768079
"cbana","AUT",0.402614117491867
"cbana","BDI",0.337160496767127
"cbana","BEN",0.424890268950699
"cbana","BGD",0.991078974637726
"cbana","BGR",0.54092827562376
"cbana","BLR",0.568973643714331
"cbana","BLT",0.568973643714331
"cbana","BLZ",0.236296413749033
"cbana","BOL",0.294835577057647
"cbana","BRA",0.284624952871688
"cbana","CAF",0.420416860660357
"cbana","CAN",0.369126576842487
"cbana","CHL",0.473567523036402
"cbana","CHM",0.291606439991192
"cbana","CHP",0.402614117491867
"cbana","CIV",0.295010500066575
"cbana","CMR",0.362525419455974
"cbana","COD",0.361131966487167
"cbana","COG",0.423451620038389
"cbana","COL",0.261722164641722
"cbana","CRB",0.377331788568063
"cbana","CRI",0.236296413749033
"cbana","CUB",0.236296413749033
"cbana","CYP",0.0197890460048954
"cbana","CZE",0.54092827562376
"cbana","DEU",0.392322703503146
"cbana","DNK",0.401869058832681
"cbana","DOM",0.236296413749033
"cbana","DZA",0.468350613011812
"cbana","ECU",0.516854804132725
"cbana","EGY",0.0715741402939883
"cbana","ETH",0.314466345971807
"cbana","FJI",0.377331788568063
"cbana","FNP",0.401869058832681
"cbana","FRP",0.393636668650687
"cbana","GAB",0.425434876340933
"cbana","GHA",0.216058708356752
"cbana","GIN",0.297111967669466
"cbana","GNB",0.290999367898912
"cbana","GSA",0.116523595372188
"cbana","GTM",0.295370517186291
"cbana","HND",0.236296413749033
"cbana","HRV",0.30109054250394
"cbana","HTI",0.236296413749033
"cbana","HUN",0.54092827562376
"cbana","IDN",0.490864710293751
"cbana","IND",0.500272188879573
"cbana","IRL",0.393391196762812
"cbana","IRN",0.00605750901777246
"cbana","IRQ",0.064768473646445
"cbana","ISR",0.240219278159028
"cbana","JAM",0.377331788568063
"cbana","JOR",0.410539129269428
"cbana","JPN",0.293556467632747
"cbana","KEN",0.342040745450335
"cbana","KHM",0.497710694080321
"cbana","KOR",0.440272130652938
"cbana","LAO",0.497710694080321
"cbana","LBN",0.349916673072857
"cbana","LBR",0.286090680122373
"cbana","LBY",0.4684660751314
"cbana","MDA",0.54092827562376
"cbana","MDG",0.452269400560787
"cbana","MEX",0.175352025097156
"cbana","MLI",0.382185566699671
"cbana","MOR",0.306656555443057
"cbana","MOZ",0.451240709331479
"cbana","MWI",0.454570601339915
"cbana","MYS",0.359679968178533
"cbana","NIC",0.236296413749033
"cbana","NLD",0.392516951489663
"cbana","NOR",0.401869058832681
"cbana","NPL",0.694920988032659
"cbana","NZL",0.258212139936884
"cbana","OAO",0.264132251997644
"cbana","OBN",0.30109054250394
"cbana","OIO",0.377331788568063
"cbana","OPO",0.377331788568063
"cbana","PAK",0.631439236102614
"cbana","PAN",0.236296413749033
"cbana","PER",0.473414437208261
"cbana","PHL",0.302241543363344
"cbana","PNG",0.27666788004657
"cbana","POL",0.300607120490689
"cbana","PRT",0.394345169988378
"cbana","PRY",0.235868461646118
"cbana","RAP",0.240557878577966
"cbana","ROU",0.54092827562376
"cbana","RWA",0.337883144860753
"cbana","SAU",0.240557878577966
"cbana","SDN",0.382077225560518
"cbana","SEN",0.251853613860094
"cbana","SLV",0.236296413749033
"cbana","SOM",0.4445153840551
"cbana","SPP",0.394345169988378
"cbana","SVK",0.54092827562376
"cbana","SVN",0.30109054250394
"cbana","SWE",0.401869058832681
"cbana","SWZ",0.530626400427861
"cbana","SYR",0.483969921590397
"cbana","TGO",0.36060375428886
"cbana","THA",0.262966669109678
"cbana","TUN",0.408860945986083
"cbana","TUR",0.389943419515452
"cbana","TZA",0.287437777825156
"cbana","UKP",0.393391196762812
"cbana","URY",0.415473801534154
"cbana","USA",0.470276251774569
"cbana","VEN",0.116523595372188
"cbana","VNM",0.308764190868099
"cbana","VUT",0.320732020282853
"cbana","YEM",0.240557878577966
"cbana","ZAF",0.301828913185971
"cbana","ZMB",0.530259126944004
"cbana","ZWE",0.43973289123584
"cplnt","BGD",0.964049548056697
"cplnt","BLZ",0.259926055123936
"cplnt","BOL",0.324319134763412
"cplnt","CAF",0.420416860660357
"cplnt","CIV",0.295010500066575
"cplnt","CMR",0.362525419455974
"cplnt","COD",0.361131966487167
"cplnt","COG",0.423451620038389
"cplnt","COL",0.287894381105894
"cplnt","CRB",0.415064967424869
"cplnt","CRI",0.259926055123936
"cplnt","CUB",0.259926055123936
"cplnt","DOM",0.259926055123936
"cplnt","ECU",0.568540284545998
"cplnt","FJI",0.415064967424869
"cplnt","GAB",0.425434876340933
"cplnt","GHA",0.216058708356752
"cplnt","GIN",0.297111967669466
"cplnt","GNB",0.290999367898912
"cplnt","GSA",0.128175954909407
"cplnt","GTM",0.32490756890492
"cplnt","HND",0.259926055123936
"cplnt","HTI",0.259926055123936
"cplnt","JAM",0.415064967424869
"cplnt","KEN",0.342040745450335
"cplnt","LBR",0.286090680122373
"cplnt","LKA",0.602980066036802
"cplnt","MMR",0.836081962124074
"cplnt","MWI",0.454570601339915
"cplnt","NGA",0.313506841016218
"cplnt","NIC",0.259926055123936
"cplnt","OAO",0.264132251997644
"cplnt","OBN",0.331199596754334
"cplnt","PAN",0.259926055123936
"cplnt","PHL",0.332465697699679
"cplnt","RAP",0.264613666435763
"cplnt","RWA",0.337883144860753
"cplnt","SLE",0.296640464239978
"cplnt","SLV",0.259926055123936
"cplnt","SPP",0.433779686987215
"cplnt","TZA",0.287437777825156
"cplnt","UGA",0.146831142616625
"cplnt","VEN",0.128175954909407
"csubf","AFG",0.567800937839045
"csubf","AGO",0.948708202913041
"csubf","ALB",0.30109054250394
"csubf","ARG",0.211857676985007
"csubf","AUS",0.315908660768079
"csubf","AUT",0.402614117491867
"csubf","AZE",0.569311719165868
"csubf","BEN",0.424890268950699
"csubf","BGD",0.991078974637726
"csubf","BGR",0.54092827562376
"csubf","BLR",0.568973643714331
"csubf","BLT",0.568973643714331
"csubf","BLX",0.392916193715327
"csubf","BLZ",0.236296413749033
"csubf","BOL",0.294835577057647
"csubf","BRA",0.284624952871688
"csubf","BTN",0.522672518396517
"csubf","CAF",0.420416860660357
"csubf","CAN",0.369126576842487
"csubf","CHL",0.473567523036402
"csubf","CHM",0.291606439991192
"csubf","CHP",0.402614117491867
"csubf","CIV",0.295010500066575
"csubf","CMR",0.362525419455974
"csubf","COD",0.361131966487167
"csubf","COL",0.261722164641722
"csubf","CRB",0.377331788568063
"csubf","CRI",0.236296413749033
"csubf","CUB",0.236296413749033
"csubf","CYP",0.0197890460048954
"csubf","CZE",0.54092827562376
"csubf","DEU",0.392322703503146
"csubf","DJI",0.149327311650305
"csubf","DNK",0.401869058832681
"csubf","DOM",0.236296413749033
"csubf","DZA",0.468350613011812
"csubf","ECU",0.516854804132725
"csubf","EGY",0.0715741402939883
"csubf","ETH",0.314466345971807
"csubf","FJI",0.377331788568063
"csubf","FNP",0.401869058832681
"csubf","FRP",0.393636668650687
"csubf","GEO",0.569311719165868
"csubf","GHA",0.216058708356752
"csubf","GIN",0.297111967669466
"csubf","GNB",0.290999367898912
"csubf","GRC",0.30109054250394
"csubf","GSA",0.116523595372188
"csubf","GTM",0.295370517186291
"csubf","HND",0.236296413749033
"csubf","HRV",0.30109054250394
"csubf","HTI",0.236296413749033
"csubf","HUN",0.54092827562376
"csubf","IDN",0.490864710293751
"csubf","IND",0.500272188879573
"csubf","IRL",0.393391196762812
"csubf","IRN",0.00605750901777246
"csubf","IRQ",0.064768473646445
"csubf","ISR",0.240219278159028
"csubf","ITP",0.452845017887601
"csubf","JAM",0.377331788568063
"csubf","JOR",0.410539129269428
"csubf","JPN",0.293556467632747
"csubf","KEN",0.342040745450335
"csubf","KHM",0.497710694080321
"csubf","KOR",0.440272130652938
"csubf","LAO",0.497710694080321
"csubf","LBN",0.349916673072857
"csubf","LBR",0.286090680122373
"csubf","LBY",0.4684660751314
"csubf","LKA",0.619886049196712
"csubf","MDG",0.452269400560787
"csubf","MEX",0.175352025097156
"csubf","MLI",0.382185566699671
"csubf","MOR",0.306656555443057
"csubf","MOZ",0.451240709331479
"csubf","MRT",0.645279931579081
"csubf","MWI",0.454570601339915
"csubf","MYS",0.359679968178533
"csubf","NER",0.383497364685409
"csubf","NGA",0.313506841016218
"csubf","NIC",0.236296413749033
"csubf","NLD",0.392516951489663
"csubf","NOR",0.401869058832681
"csubf","NPL",0.694920988032659
"csubf","NZL",0.258212139936884
"csubf","OBN",0.30109054250394
"csubf","OPO",0.377331788568063
"csubf","PAK",0.631439236102614
"csubf","PAN",0.236296413749033
"csubf","PER",0.473414437208261
"csubf","PHL",0.302241543363344
"csubf","PNG",0.27666788004657
"csubf","POL",0.300607120490689
"csubf","PRT",0.394345169988378
"csubf","PRY",0.235868461646118
"csubf","RAP",0.240557878577966
"csubf","ROU",0.54092827562376
"csubf","RWA",0.337883144860753
"csubf","SAU",0.240557878577966
"csubf","SDN",0.382077225560518
"csubf","SEN",0.251853613860094
"csubf","SLE",0.296640464239978
"csubf","SLV",0.236296413749033
"csubf","SOM",0.4445153840551
"csubf","SPP",0.394345169988378
"csubf","SVK",0.54092827562376
"csubf","SVN",0.30109054250394
"csubf","SWE",0.401869058832681
"csubf","SWZ",0.530626400427861
"csubf","SYR",0.483969921590397
"csubf","TCD",0.450228136627037
"csubf","TGO",0.36060375428886
"csubf","THA",0.262966669109678
"csubf","TUN",0.408860945986083
"csubf","TUR",0.389943419515452
"csubf","TZA",0.287437777825156
"csubf","UKP",0.393391196762812
"csubf","URY",0.415473801534154
"csubf","USA",0.470276251774569
"csubf","UZB",0.621295970502942
"csubf","VEN",0.116523595372188
"csubf","VNM",0.308764190868099
"csubf","YEM",0.240557878577966
"csubf","ZAF",0.301828913185971
"csubf","ZMB",0.530259126944004
"csubf","ZWE",0.43973289123584
"ctemf","AFG",0.480628298799578
"ctemf","ALB",0.333939190279967
"ctemf","ARG",0.176763810144537
"ctemf","ARM",0.298852865276419
"ctemf","AUS",0.263862760526711
"ctemf","AUT",0.368729471227851
"ctemf","AZE",0.298852865276419
"ctemf","BGR",0.2507735630198
"ctemf","BLR",0.37449602090956
"ctemf","BLT",0.37449602090956
"ctemf","BLX",0.33731843443828
"ctemf","BOL",0.457622489443334
"ctemf","BRA",0.285781191089609
"ctemf","BTN",0.576649359300667
"ctemf","CAN",0.26504219228083
"ctemf","CHL",0.493924882867714
"ctemf","CHM",0.448301886693225
"ctemf","CHP",0.368729471227851
"ctemf","COL",0.515966333219714
"ctemf","CRI",0.396502168540753
"ctemf","CUB",0.396502168540753
"ctemf","CYP",0.403340288291609
"ctemf","CZE",0.2507735630198
"ctemf","DEU",0.337212925067226
"ctemf","DNK",0.334890882360566
"ctemf","DZA",0.402961491967801
"ctemf","ECU",0.492307315014241
"ctemf","EGY",0.167360155882209
"ctemf","ETH",0.262055288309916
"ctemf","FNP",0.334890882360566
"ctemf","FRP",0.267446518857432
"ctemf","GEO",0.298852865276419
"ctemf","GRC",0.333939190279967
"ctemf","GTM",0.495627710675942
"ctemf","HND",0.396502168540753
"ctemf","HRV",0.333939190279967
"ctemf","HUN",0.2507735630198
"ctemf","IDN",0.454362750349625
"ctemf","IND",0.681701430215398
"ctemf","IRL",0.3374028794245
"ctemf","IRN",0.198742601718166
"ctemf","IRQ",-0.0647016960073383
"ctemf","ISR",0.215143791329873
"ctemf","ITP",0.337305780957797
"ctemf","JOR",0.343179950881548
"ctemf","JPN",0.296102702140465
"ctemf","KAZ",0.422727948734236
"ctemf","KGZ",0.252864376510849
"ctemf","KOR",0.564272130652939
"ctemf","LBN",0.149484130034694
"ctemf","LBY",0.431785689832664
"ctemf","MDA",0.2507735630198
"ctemf","MDG",0.378454700280394
"ctemf","MEX",0.443538945755618
"ctemf","MNG",0.455257643464905
"ctemf","MOR",0.125396172714508
"ctemf","MYS",0.298266636360508
"ctemf","NAM",0.444344869072152
"ctemf","NLD",0.337247458042607
"ctemf","NOR",0.334890882360566
"ctemf","NPL",0.580400548907039
"ctemf","NZL",0.215176783280737
"ctemf","OBN",0.333939190279967
"ctemf","OIO",0.31629543809337
"ctemf","PAK",0.546370701050109
"ctemf","PER",0.393780301807803
"ctemf","PHL",0.508174751827924
"ctemf","POL",0.35050593374224
"ctemf","PRT",0.237572474664601
"ctemf","PRY",0.366097991554667
"ctemf","RAP",0.50205408234581
"ctemf","ROU",0.2507735630198
"ctemf","RUS",0.404509680896892
"ctemf","SAU",0.50205408234581
"ctemf","SEN",0.299398135828198
"ctemf","SLV",0.396502168540753
"ctemf","SPP",0.237572474664601
"ctemf","SVK",0.2507735630198
"ctemf","SVN",0.333939190279967
"ctemf","SWE",0.334890882360566
"ctemf","SWZ",0.44451320021393
"ctemf","SYR",0.408867090650678
"ctemf","THA",0.534484129892475
"ctemf","TJK",0.621510531812914
"ctemf","TKM",0.409304507032019
"ctemf","TUN",0.148981402850515
"ctemf","TUR",0.146641519784716
"ctemf","UKP",0.3374028794245
"ctemf","UKR",0.424648493874391
"ctemf","URY",0.395725257004481
"ctemf","USA",0.467504655932478
"ctemf","UZB",0.420809981564338
"ctemf","VEN",0.396716728962623
"ctemf","VNM",0.455489705588665
"ctemf","YEM",0.50205408234581
"ctemf","ZAF",0.304262047160821
"ctemf","ZMB",0.444329563471949
"ctemf","ZWE",0.372186445618138
"cvege","AFG",0.455026521206598
"cvege","AGO",0.959973726583223
"cvege","ALB",0.299049597115296
"cvege","ARG",0.379633631907619
"cvege","ARM",0.329462575943514
"cvege","AUS",0.301291343242914
"cvege","AUT",0.383607957330617
"cvege","AZE",0.329462575943514
"cvege","BDI",0.336258921417963
"cvege","BEN",0.424962488612865
"cvege","BFA",0.385552448562798
"cvege","BGD",0.549446334138428
"cvege","BGR",0.298346698093256
"cvege","BLR",0.320805285813098
"cvege","BLT",0.320805285813098
"cvege","BLX",0.388291594073304
"cvege","BLZ",0.381528030653503
"cvege","BOL",0.473815454103689
"cvege","BRA",0.500000242619742
"cvege","BTN",0.275354123212126
"cvege","BWA",0.535099690347336
"cvege","CAF",0.418959508643796
"cvege","CAN",0.479624220541755
"cvege","CHL",0.610933063384
"cvege","CHM",0.25969459698691
"cvege","CHP",0.383607957330617
"cvege","CIV",0.293723964067566
"cvege","CMR",0.218061166452176
"cvege","COD",0.362061314624865
"cvege","COG",0.426315432625943
"cvege","COL",0.382886306051156
"cvege","CRB",0.378439504656177
"cvege","CRI",0.381528030653503
"cvege","CUB",0.381528030653503
"cvege","CYP",0.228454931104766
"cvege","CZE",0.298346698093256
"cvege","DEU",0.385368011611789
"cvege","DJI",0.149240044683434
"cvege","DNK",0.372841762299295
"cvege","DOM",0.381528030653503
"cvege","DZA",0.235052714364403
"cvege","ECU",0.47200048061379
"cvege","EGY",0.15878476219625
"cvege","ETH",0.314037576565874
"cvege","FJI",0.378439504656177
"cvege","FNP",0.372841762299295
"cvege","FRP",0.386214531393786
"cvege","GAB",0.423428585258289
"cvege","GEO",0.329462575943514
"cvege","GHA",0.359788864788216
"cvege","GIN",0.297974702348285
"cvege","GMB",0.362088693652758
"cvege","GNB",0.289544900809754
"cvege","GRC",0.299049597115296
"cvege","GSA",0.378773140388451
"cvege","GTM",0.476910038316879
"cvege","HND",0.381528030653503
"cvege","HRV",0.299049597115296
"cvege","HTI",0.381528030653503
"cvege","HUN",0.298346698093256
"cvege","IDN",0.438127665069073
"cvege","IND",0.71025939537659
"cvege","IRL",0.383752634658027
"cvege","IRN",0.200627751199144
"cvege","IRQ",0.166792344887304
"cvege","ISR",0.25524687462582
"cvege","ITP",0.385965366098139
"cvege","JAM",0.378439504656177
"cvege","JOR",0.415389183842546
"cvege","JPN",0.292025512192221
"cvege","KAZ",0.259636075519484
"cvege","KEN",0.31744625527125
"cvege","KGZ",0.426871508351955
"cvege","KHM",0.172108464097223
"cvege","KOR",0.136833966268083
"cvege","LAO",0.172108464097223
"cvege","LBN",0.228454931104766
"cvege","LBR",0.284542274639597
"cvege","LBY",0.228454931104766
"cvege","LKA",0.547737667219437
"cvege","LSO",0.453965267026149
"cvege","MDA",0.298346698093256
"cvege","MDG",0.453229451648641
"cvege","MEX",0.379052363282951
"cvege","MLI",0.382505242957728
"cvege","MMR",0.809051589250715
"cvege","MNG",0.613883726014513
"cvege","MOR",0.197773520255982
"cvege","MOZ",0.456130965947889
"cvege","MRT",0.540402927945556
"cvege","MWI",0.455055404517258
"cvege","MYS",0.377181184024644
"cvege","NAM",0.534055085606963
"cvege","NER",0.381846035974841
"cvege","NGA",0.355164272637969
"cvege","NIC",0.381528030653503
"cvege","NLD",0.383613712356909
"cvege","NOR",0.372841762299295
"cvege","NPL",0.552460645498154
"cvege","NZL",0.244933118550663
"cvege","OAO",0.264907653259324
"cvege","OBN",0.299049597115296
"cvege","OIO",0.378439504656177
"cvege","OPO",0.378439504656177
"cvege","PAK",0.547862191425213
"cvege","PAN",0.381528030653503
"cvege","PER",0.376811979629241
"cvege","PHL",0.377568487311715
"cvege","PNG",0.318510645300898
"cvege","POL",0.29621471978585
"cvege","PRT",0.389224115561061
"cvege","PRY",0.379052363282951
"cvege","RAP",0.483447754847312
"cvege","ROU",0.298346698093256
"cvege","RUS",0.379971088844013
"cvege","RWA",0.339694891527486
"cvege","SAU",0.483447754847312
"cvege","SDN",0.388726194241223
"cvege","SEN",0.359291519760601
"cvege","SLB",0.321673578957751
"cvege","SLE",0.259295952368681
"cvege","SLV",0.381528030653503
"cvege","SOM",0.438020268965604
"cvege","SPP",0.389224115561061
"cvege","SVK",0.298346698093256
"cvege","SVN",0.299049597115296
"cvege","SWE",0.372841762299295
"cvege","SWZ",0.491068809717919
"cvege","SYR",0.484895477940128
"cvege","TCD",0.454834601070213
"cvege","TGO",0.359094148636449
"cvege","THA",0.378047247313964
"cvege","TJK",0.219870606286688
"cvege","TKM",0.352160746438451
"cvege","TLS",0.37471840623635
"cvege","TUN",0.4855306190127
"cvege","TUR",0.228454931104766
"cvege","TZA",0.289394672318542
"cvege","UGA",0.3290632069225
"cvege","UKP",0.383752634658027
"cvege","UKR",0.3277419900842
"cvege","URY",0.378573455751753
"cvege","USA",0.769558687339219
"cvege","UZB",0.248783141802063
"cvege","VEN",0.378773140388451
"cvege","VNM",0.1366524920483
"cvege","YEM",0.483447754847312
"cvege","ZAF",0.421462855971714
"cvege","ZMB",0.509016766162435
"cvege","ZWE",0.515604336708109
"csugr","AGO",0.600455416440577
"csugr","ARG",0.176763810144537
"csugr","ARM",0.471082292221157
"csugr","AUS",0.263555895428993
"csugr","AUT",0.335511764576556
"csugr","AZE",0.471082292221157
"csugr","BGD",0.66075589100865
"csugr","BGR",0.255899361342134
"csugr","BLR",0.445194278074529
"csugr","BLT",0.445194278074529
"csugr","BLX",0.328687145286495
"csugr","BOL",0.486228205487071
"csugr","BRA",0.278749842905625
"csugr","BTN",0.450833837819314
"csugr","BWA",0.335826367589795
"csugr","CHM",0.456590853793038
"csugr","CMR",0.21335907263332
"csugr","COL",0.486116649474336
"csugr","CRB",0.315832367855039
"csugr","CRI",0.39012376999742
"csugr","CZE",0.255899361342134
"csugr","DEU",0.332161351751573
"csugr","DNK",0.334890882360566
"csugr","DZA",0.550146088754921
"csugr","ECU",0.478279477687268
"csugr","EGY",0.569088124705767
"csugr","FJI",0.315832367855039
"csugr","FNP",0.334890882360566
"csugr","FRP",0.332818334286527
"csugr","GEO",0.471082292221157
"csugr","GMB",0.213098007452608
"csugr","GRC",0.255959460186645
"csugr","GSA",0.390729587637912
"csugr","GTM",0.487654712496775
"csugr","HND",0.39012376999742
"csugr","HRV",0.255959460186645
"csugr","HUN",0.255899361342134
"csugr","IDN",0.455926475314733
"csugr","IND",0.650827955404145
"csugr","IRN",0.550149776503395
"csugr","IRQ",0.494636015993579
"csugr","ISR",0.215143791329873
"csugr","ITP",0.332422508943803
"csugr","JOR",0.468551931234166
"csugr","KEN",0.179696040478853
"csugr","KGZ",0.361954792170283
"csugr","KHM",0.414758911733601
"csugr","KOR",0.57580590150745
"csugr","LAO",0.414758911733601
"csugr","LBN",0.550798613780357
"csugr","LKA",0.448983388364001
"csugr","MDA",0.255899361342134
"csugr","MEX",0.38707789151997
"csugr","MNG",0.449644108662262
"csugr","MOR",0.466721651104975
"csugr","MRT",0.338667067420857
"csugr","MYS",0.302177757573672
"csugr","NAM",0.335202387353925
"csugr","NIC",0.39012376999742
"csugr","NLD",0.332258475744832
"csugr","NPL",0.509807164541651
"csugr","NZL",0.215176783281228
"csugr","OBN",0.255959460186645
"csugr","OIO",0.315832367855039
"csugr","OPO",0.315832367855039
"csugr","PAK",0.587868392842439
"csugr","PAN",0.39012376999742
"csugr","PER",0.38243849922203
"csugr","POL",0.255780414996552
"csugr","PRY",0.388982564389657
"csugr","RAP",0.498875715284133
"csugr","ROU",0.255899361342134
"csugr","RUS",0.486891100409998
"csugr","RWA",0.175635883653079
"csugr","SAU",0.498875715284133
"csugr","SLV",0.39012376999742
"csugr","SPP",0.333172584994189
"csugr","SVK",0.255899361342134
"csugr","SVN",0.255959460186645
"csugr","SWE",0.334890882360566
"csugr","SYR",0.552192979326853
"csugr","TGO",0.212358205358773
"csugr","THA",0.461573469074928
"csugr","TUR",0.491094346522996
"csugr","TZA",0.149522048657463
"csugr","UGA",0.151664006461547
"csugr","UKR",0.49177949329413
"csugr","URY",0.387930137424419
"csugr","USA",0.441930159344836
"csugr","UZB",0.425915547365291
"csugr","VEN",0.390729587637912
"csugr","VNM",0.49775088190262
"csugr","ZAF",0.150262047160821
"csugr","ZMB",0.335169735406824
"csugr","ZWE",0.229277341263586
"cgrnd","AGO",0.233007657238197
"cgrnd","ALB",0.148835136298631
"cgrnd","ARG",0.0397757618717456
"cgrnd","AUS",0.0282181221566054
"cgrnd","BDI",0.0301989003388802
"cgrnd","BEN",0.231856666170946
"cgrnd","BFA",0.147030645577752
"cgrnd","BGD",0.0635295677684748
"cgrnd","BLX",0.0378819845468623
"cgrnd","BOL",0.0251400140190741
"cgrnd","BRA",0.172339867655013
"cgrnd","BWA",0.184793818369801
"cgrnd","CAF",0.175173174488804
"cgrnd","CHM",0.120840792965372
"cgrnd","CHP",0.0393889673564362
"cgrnd","CIV",0.147898689453353
"cgrnd","CMR",0.17359466763526
"cgrnd","COD",0.166958795789138
"cgrnd","COG",0.189678270828221
"cgrnd","COL",0.0334985741859245
"cgrnd","CZE",0.148738978147413
"cgrnd","DNK",0.0318707163188298
"cgrnd","DOM",0.0225674054507367
"cgrnd","ECU",0.0342301305271383
"cgrnd","EGY",0.0287580492585576
"cgrnd","ETH",0.148968236276022
"cgrnd","GAB",0.208666646623154
"cgrnd","GHA",0.180197294268024
"cgrnd","GIN",0.147756845371195
"cgrnd","GNB",0.13083191560306
"cgrnd","GRC",0.148835136298631
"cgrnd","GTM",0.0275184434821635
"cgrnd","HTI",0.0225674054507367
"cgrnd","HUN",0.148738978147413
"cgrnd","IDN",0.0429207141960212
"cgrnd","IND",0.0652781109641292
"cgrnd","IRN",0.051830257036082
"cgrnd","ISR",0.0273236361893702
"cgrnd","ITP",0.0348034054587664
"cgrnd","JOR",0.0451093189665884
"cgrnd","JPN",0.0423796098809487
"cgrnd","KEN",0.16746801218959
"cgrnd","KHM",0.0475789047074445
"cgrnd","KOR",0.0483683186339957
"cgrnd","LAO",0.0475789047074445
"cgrnd","LBR",0.0835699853102044
"cgrnd","LBY",0.0503275154487292
"cgrnd","LKA",0.0599142026447943
"cgrnd","MDG",0.161304718434355
"cgrnd","MEX",0.044507950780686
"cgrnd","MLI",0.146631529276
"cgrnd","MMR",0.0349250943740131
"cgrnd","MOR",0.0428313675704352
"cgrnd","MOZ",0.181275551844602
"cgrnd","MRT",0.034994230415088
"cgrnd","MWI",0.179439592340937
"cgrnd","NER",0.0394587468097928
"cgrnd","NGA",0.0485360329589153
"cgrnd","NIC",0.0225674054507367
"cgrnd","NLD",0.0354863893371549
"cgrnd","NPL",0.19268085515032
"cgrnd","PAK",0.0428668691079816
"cgrnd","PHL",0.0365983916501582
"cgrnd","POL",0.148548663994482
"cgrnd","PRT",0.0405752398341262
"cgrnd","PRY",0.0206168960745684
"cgrnd","RAP",0.0480357694599426
"cgrnd","RUS",0.0366990367514591
"cgrnd","RWA",0.137420848289777
"cgrnd","SDN",0.132680108878995
"cgrnd","SEN",0.156402683929216
"cgrnd","SLE",0.133708780153867
"cgrnd","SOM",0.0232124051705568
"cgrnd","SVK",0.148738978147413
"cgrnd","SYR",0.0479406024197421
"cgrnd","TCD",0.17589520433613
"cgrnd","TGO",0.164430966618798
"cgrnd","TJK",0.034435469841582
"cgrnd","TUR",0.0259462230788722
"cgrnd","TZA",0.123665692987348
"cgrnd","UGA",0.111618851001661
"cgrnd","URY",0.0202718759693532
"cgrnd","USA",0.0481708876033276
"cgrnd","UZB",0.0296889494412313
"cgrnd","VNM",0.0321182077314788
"cgrnd","ZMB",0.182286032594112
"cgrnd","ZWE",0.154770246162135
"cgdol","BLX",0.0116866663987333
"cgdol","CHM",0.298593483878994
"cgdol","GIN",0.228937989394182
"cgdol","MWI",0.367324854536825
"cgdol","POL",0.132404746993792
"cgdol","PRT",0.136358711997302
"cgdol","USA",0.0866375663936818
"cgdol","VNM",0.396783528941865
"cgdol","ZAF",0.09003212576219
"crpsd","AUS",0.212099227454422
"crpsd","BGR",0.49253961680528
"crpsd","BLT",0.41004599526197
"crpsd","BTN",0.334549541816099
"crpsd","CAN",0.45254219228083
"crpsd","CHM",0.713298641527531
"crpsd","CHP",0.615094411551317
"crpsd","CZE",0.49253961680528
"crpsd","DNK",0.614069955894934
"crpsd","HRV",0.492575676111986
"crpsd","HUN",0.49253961680528
"crpsd","IDN",0.228924197709578
"crpsd","IND",0.627794762007348
"crpsd","KAZ",0.343787991455706
"crpsd","MNG",0.449903826076129
"crpsd","MYS",0.553829768825373
"crpsd","OBN",0.492575676111986
"crpsd","POL",0.492468248997931
"crpsd","PRT",0.617948389996126
"crpsd","PRY",0.214285233751865
"crpsd","RAP",0.541143265876304
"crpsd","ROU",0.49253961680528
"crpsd","RUS",0.33507069949438
"crpsd","SPP",0.617948389996126
"crpsd","SVK",0.49253961680528
"crpsd","SWE",0.614069955894934
"crpsd","UKR",0.33532174424092
"crpsd","URY",0.209934915884784
"crpsd","ZAF",0.448689111164793
"crpol","AUS",0.242144330842806
"crpol","AUT",0.289485423409784
"crpol","BGR",0.29261885041584
"crpol","BLR",0.392192937460368
"crpol","BLT",0.392192937460368
"crpol","BLX",0.19597765165743
"crpol","BRA",0.350718620397141
"crpol","CAN",0.11
"crpol","CHL",0.241417288771831
"crpol","CHM",0.313593483878994
"crpol","CHP",0.289485423409784
"crpol","COL",0.501220842889966
"crpol","CRB",0.599254453322883
"crpol","CRI",0.449300750830539
"crpol","CZE",0.29261885041584
"crpol","DEU",0.195819387600839
"crpol","DNK",0.289837569769619
"crpol","DZA",0.32399380647919
"crpol","ECU",0.176469434161207
"crpol","EGY",0.151514687450888
"crpol","FNP",0.289837569769619
"crpol","FRP",0.196169778286148
"crpol","GRC",0.15
"crpol","GTM",0.561625938538174
"crpol","HND",0.449300750830539
"crpol","HTI",0.449300750830539
"crpol","HUN",0.29261885041584
"crpol","IDN",0.335822226983731
"crpol","IND",0.289799963813759
"crpol","IRL",0.29610431913675
"crpol","ISL",0.289837569769619
"crpol","ISR",0.11
"crpol","ITP",0.295958671436695
"crpol","JPN",0.290300058801984
"crpol","MEX",0.289339260504541
"crpol","MMR",0.462387802270856
"crpol","MOR",0.274844625447737
"crpol","NIC",0.449300750830539
"crpol","NLD",0.29587118706391
"crpol","NOR",0.289837569769619
"crpol","NPL",0.563068130418729
"crpol","NZL",0.101639757686637
"crpol","OBN",0.15
"crpol","PAK",0.144680254927312
"crpol","PER",0.440975040823866
"crpol","POL",0.292404746993792
"crpol","PRT",0.296358711997302
"crpol","PRY",0.448064444755451
"crpol","RAP",0.223219483601758
"crpol","ROU",0.29261885041584
"crpol","RUS",0.242212313328925
"crpol","SLV",0.449300750830539
"crpol","SPP",0.296358711997302
"crpol","SVK",0.29261885041584
"crpol","SVN",0.15
"crpol","SWE",0.289837569769619
"crpol","THA",0.403731092996588
"crpol","TUR",0.105550743818524
"crpol","UKP",0.29610431913675
"crpol","UKR",0.242409211169349
"crpol","URY",0.446924315543119
"crpol","USA",0.146637566393682
"crpol","ZAF",0.10003212576219
"csoyb","AGO",1.06078304640869
"csoyb","ALB",0.604590811334384
"csoyb","ARG",0.35143950677336
"csoyb","AUT",0.75161329386158
"csoyb","BEN",0.598901474638533
"csoyb","BFA",0.509583031905273
"csoyb","BLR",0.505555194314364
"csoyb","BLZ",0.387433104917798
"csoyb","BOL",0.450802850627797
"csoyb","BRA",0.372187623846018
"csoyb","CAN",0.646550630736996
"csoyb","CHL",0.453995426121297
"csoyb","CHM",0.959458369833037
"csoyb","CMR",0.512594909534931
"csoyb","COD",0.509002413599736
"csoyb","CRB",0.870162881991724
"csoyb","CRI",0.387433104917798
"csoyb","CZE",0.604547540166336
"csoyb","DNK",0.750383947073921
"csoyb","DOM",0.387433104917798
"csoyb","ETH",0.414368268563643
"csoyb","FNP",0.750383947073921
"csoyb","GEO",0.506129922581975
"csoyb","GHA",0.50314166998225
"csoyb","GTM",0.484291381147248
"csoyb","HUN",0.604547540166336
"csoyb","IDN",0.378209037251494
"csoyb","IRL",0.754656478705125
"csoyb","ISR",0.642884706833165
"csoyb","KAZ",0.516045589746847
"csoyb","KEN",0.601867546864151
"csoyb","LBN",0.754190478020816
"csoyb","MLI",0.504384577898975
"csoyb","MWI",0.511500822947844
"csoyb","MYS",0.768095722590448
"csoyb","NGA",0.504825099686216
"csoyb","NIC",0.387433104917798
"csoyb","NLD",0.754306780596894
"csoyb","NOR",0.750383947073921
"csoyb","OBN",0.604590811334384
"csoyb","PRT",0.755038067995351
"csoyb","PRY",0.360642280502238
"csoyb","RAP",0.752871919051565
"csoyb","ROU",0.604547540166336
"csoyb","RUS",0.505584839393256
"csoyb","RWA",0.591148732844128
"csoyb","SAU",0.752871919051565
"csoyb","SVK",0.604547540166336
"csoyb","SVN",0.604590811334384
"csoyb","SWE",0.750383947073921
"csoyb","SYR",0.755146614393614
"csoyb","TGO",0.507640616525966
"csoyb","TUN",0.753888841710309
"csoyb","TZA",0.50308770845548
"csoyb","UGA",0.508742477058487
"csoyb","UKP",0.754656478705125
"csoyb","UKR",0.505886093089104
"csoyb","URY",0.35542189906174
"csoyb","USA",0.618237143410349
"csoyb","UZB",0.515661996312868
"csoyb","ZAF",0.449348853378426
"csoyb","ZMB",0.591800079276575
"csbol","ARG",0.389931853783004
"csbol","AUS",0.242144330842806
"csbol","AUT",0.139485423409784
"csbol","BGD",0.414026131030885
"csbol","BGR",0.14261885041584
"csbol","BLX",0.0459776516574296
"csbol","BOL",0.560080555944314
"csbol","BRA",0.350718620397141
"csbol","CAN",0.11
"csbol","CHL",0.241417288771831
"csbol","CHM",0.353593483878994
"csbol","COL",0.501220842889966
"csbol","CRB",0.599254453322883
"csbol","CRI",0.449300750830539
"csbol","CUB",0.449300750830539
"csbol","CYP",0.324317046008841
"csbol","CZE",0.14261885041584
"csbol","DEU",0.045819387600839
"csbol","DNK",0.139837569769619
"csbol","DOM",0.449300750830539
"csbol","ECU",0.176469434161207
"csbol","EGY",0.151514687450888
"csbol","FNP",0.139837569769619
"csbol","GRC",-8.67361737988404E-19
"csbol","GSA",0.449957053297436
"csbol","GTM",0.561625938538174
"csbol","HND",0.449300750830539
"csbol","HRV",-8.67361737988404E-19
"csbol","IND",0.310085961280722
"csbol","IRL",0.14610431913675
"csbol","IRN",0.323996054249689
"csbol","IRQ",0.290159095462753
"csbol","ISL",0.139837569769619
"csbol","ISR",0.11
"csbol","ITP",0.145958671436695
"csbol","JAM",0.599254453322883
"csbol","JPN",0.290300058801984
"csbol","KOR",0.311611803014901
"csbol","MEX",0.289339260504541
"csbol","MOR",0.274844625447737
"csbol","MRT",0.39603381052683
"csbol","NIC",0.449300750830539
"csbol","NLD",0.14587118706391
"csbol","NOR",0.139837569769619
"csbol","NPL",0.60248289954804
"csbol","NZL",0.101639757686637
"csbol","OBN",-8.67361737988404E-19
"csbol","OIO",0.599254453322883
"csbol","PAK",0.261807872772224
"csbol","PAN",0.449300750830539
"csbol","PER",0.440975040823866
"csbol","PHL",0.442656302680927
"csbol","POL",0.142404746993792
"csbol","PRT",0.146358711997302
"csbol","RAP",0.323219483601758
"csbol","ROU",0.14261885041584
"csbol","RUS",0.242212313328925
"csbol","SAU",0.323219483601758
"csbol","SEN",0.255864531762831
"csbol","SLV",0.449300750830539
"csbol","SPP",0.146358711997302
"csbol","SVN",-8.67361737988404E-19
"csbol","SWE",0.139837569769619
"csbol","THA",0.403731092996588
"csbol","TUN",0.124123414853608
"csbol","TUR",0.105550743818524
"csbol","UKP",0.14610431913675
"csbol","USA",-0.00336243360631826
"csbol","UZB",0.242647985251471
"csbol","VEN",0.449957053297436
"csbol","ZAF",0.070022488033533
"csbol","ZWE",0.293561431750092
"csnfl","AGO",1.09739782934299
"csnfl","ARG",0.325488340859289
"csnfl","BGR",0.606719489073706
"csnfl","BLT",0.496727993682626
"csnfl","BOL",0.419642056253108
"csnfl","CAN",0.653389589707773
"csnfl","CHM",1.00106485537004
"csnfl","COL",0.383371473916524
"csnfl","FNP",0.768759941193246
"csnfl","GRC",0.606767568149315
"csnfl","HRV",0.606767568149315
"csnfl","HUN",0.606719489073706
"csnfl","IDN",0.355232263612771
"csnfl","JOR",0.657325280940318
"csnfl","KAZ",0.508383988607608
"csnfl","KGZ",0.431727396085142
"csnfl","LBN",0.772989420023129
"csnfl","MDA",0.606719489073706
"csnfl","MWI",0.756656068171181
"csnfl","MYS",0.788439691767164
"csnfl","NLD",0.77311864510766
"csnfl","OBN",0.606767568149315
"csnfl","PAN",0.365481227686443
"csnfl","ROU",0.606719489073706
"csnfl","RUS",0.496760932659173
"csnfl","SDN",0.744729884214549
"csnfl","SWE",0.768759941193246
"csnfl","THA",0.496960637891472
"csnfl","TUR",0.766641519784716
"csnfl","TZA",0.743301918183302
"csnfl","UGA",0.752277741362678
"csnfl","UKR",0.497095658987894
"csnfl","USA",0.621930159344832
"csnfl","ZAF",0.648252148219724
"csnfl","ZMB",0.874365205200912
"csfol","ALB",-8.67361737988404E-19
"csfol","ARG",0.289931853783004
"csfol","ARM",0.242568576850964
"csfol","AUS",0.242144330842806
"csfol","AUT",0.139485423409784
"csfol","AZE",0.242568576850964
"csfol","BGR",0.14261885041584
"csfol","BLR",0.242192937460368
"csfol","BLT",0.242192937460368
"csfol","BLX",0.0459776516574296
"csfol","BOL",0.560080555944314
"csfol","CAN",0.11
"csfol","CHL",0.241417288771831
"csfol","CHM",0.313593483878994
"csfol","CHP",0.139485423409784
"csfol","COL",0.501220842889966
"csfol","CYP",0.324317046008841
"csfol","CZE",0.14261885041584
"csfol","DEU",0.045819387600839
"csfol","DNK",0.139837569769619
"csfol","EGY",0.151514687450888
"csfol","FRP",0.0461697782861479
"csfol","GEO",0.242568576850964
"csfol","GRC",-8.67361737988404E-19
"csfol","GSA",0.449957053297436
"csfol","HRV",-8.67361737988404E-19
"csfol","HUN",0.14261885041584
"csfol","IND",0.289799963813759
"csfol","IRN",0.323996054249689
"csfol","IRQ",0.290159095462753
"csfol","ISR",0.11
"csfol","ITP",0.145958671436695
"csfol","KAZ",0.244182358987389
"csfol","KGZ",0.20611862590651
"csfol","LBN",0.124391536018503
"csfol","MEX",0.289339260504541
"csfol","MMR",0.462387802270856
"csfol","MOR",0.274844625447737
"csfol","NLD",0.14587118706391
"csfol","NPL",0.563068130418729
"csfol","NZL",0.101639757686637
"csfol","OBN",-8.67361737988404E-19
"csfol","OIO",0.599254453322883
"csfol","PAK",0.144680254927312
"csfol","PER",0.440975040823866
"csfol","PRT",0.146358711997302
"csfol","RAP",0.223219483601758
"csfol","ROU",0.14261885041584
"csfol","RUS",0.242212313328925
"csfol","SAU",0.223219483601758
"csfol","SPP",0.146358711997302
"csfol","SVK",0.14261885041584
"csfol","SVN",-8.67361737988404E-19
"csfol","TJK",0.206749512859579
"csfol","TKM",0.172477778534041
"csfol","TUN",0.124123414853608
"csfol","TUR",0.105550743818524
"csfol","UKP",0.14610431913675
"csfol","UKR",0.242409211169349
"csfol","URY",0.446924315543119
"csfol","USA",0.0966375663936817
"csfol","UZB",0.242647985251471
"csfol","VEN",0.449957053297436
"csfol","ZAF",0.10003212576219
"cplol","AGO",0.790418263474391
"cplol","ALB",0.4
"cplol","ARG",0.389931853783004
"cplol","ARM",0.342568576850964
"cplol","AUS",0.342144330842806
"cplol","AUT",0.539485423409784
"cplol","AZE",0.342568576850964
"cplol","BEN",0.376956866345307
"cplol","BGD",0.521026131030885
"cplol","BGR",0.54261885041584
"cplol","BLR",0.642192937460368
"cplol","BLT",0.642192937460368
"cplol","BLX",0.44597765165743
"cplol","BOL",0.685080555944314
"cplol","BRA",0.450718620397141
"cplol","CAN",0.21
"cplol","CHL",0.341417288771831
"cplol","CHM",0.913593483878994
"cplol","CHP",0.539485423409784
"cplol","CIV",0.258340729319302
"cplol","CMR",0.323549919586985
"cplol","COD",0.320356589866438
"cplol","COG",0.373659962587975
"cplol","COL",0.601220842889966
"cplol","CRB",0.699254453322883
"cplol","CRI",0.549300750830539
"cplol","CYP",0.724317046008841
"cplol","CZE",0.54261885041584
"cplol","DEU",0.445819387600839
"cplol","DJI",0.285220048844102
"cplol","DNK",0.539837569769619
"cplol","DOM",0.549300750830539
"cplol","DZA",0.42399380647919
"cplol","ECU",0.301469434161207
"cplol","EGY",0.236514687450888
"cplol","ETH",0.282237777076986
"cplol","FJI",0.699254453322883
"cplol","FNP",0.539837569769619
"cplol","FRP",0.446169778286148
"cplol","GAB",0.378204924948034
"cplol","GEO",0.342568576850964
"cplol","GHA",0.315147039984222
"cplol","GIN",0.263156592575927
"cplol","GNB",0.24914855143482
"cplol","GRC",0.4
"cplol","GSA",0.549957053297436
"cplol","GTM",0.686625938538174
"cplol","HND",0.549300750830539
"cplol","HRV",0.4
"cplol","HTI",0.549300750830539
"cplol","HUN",0.54261885041584
"cplol","IDN",0.435822226983731
"cplol","IND",0.577585961280722
"cplol","IRL",0.54610431913675
"cplol","IRN",0.423996054249689
"cplol","IRQ",0.390159095462754
"cplol","ITP",0.545958671436695
"cplol","JAM",0.699254453322883
"cplol","JOR",0.360960224752254
"cplol","JPN",0.390300058801984
"cplol","KAZ",0.344182358987389
"cplol","KEN",0.484169446438464
"cplol","KGZ",0.29111862590651
"cplol","KOR",0.411611803014901
"cplol","LBN",0.224391536018503
"cplol","LBR",0.237899475280516
"cplol","LBY",0.224023130191841
"cplol","LKA",0.695160848356269
"cplol","MDA",0.54261885041584
"cplol","MDG",0.377577272207762
"cplol","MEX",0.389339260504541
"cplol","MLI",0.344002182841721
"cplol","MMR",0.562387802270856
"cplol","MOR",0.359844625447737
"cplol","MOZ",0.375565609355655
"cplol","MRT",0.481033810526829
"cplol","MWI",0.382077398175778
"cplol","MYS",0.761008332330936
"cplol","NAM",0.440704376815529
"cplol","NGA",0.285688128982315
"cplol","NIC",0.549300750830539
"cplol","NLD",0.54587118706391
"cplol","NOR",0.539837569769619
"cplol","NPL",0.70948289954804
"cplol","NZL",0.201639757686637
"cplol","OBN",0.4
"cplol","OIO",0.699254453322883
"cplol","OPO",0.699254453322883
"cplol","PAK",0.368807872772224
"cplol","PAN",0.549300750830539
"cplol","PER",0.540975040823866
"cplol","PHL",0.542656302680927
"cplol","PNG",0.592159283011257
"cplol","POL",0.542404746993792
"cplol","PRT",0.546358711997302
"cplol","RAP",0.423219483601758
"cplol","ROU",0.54261885041584
"cplol","RUS",0.342212313328925
"cplol","SAU",0.423219483601758
"cplol","SEN",0.315364531762831
"cplol","SLB",0.59436628532445
"cplol","SLE",0.262076063883668
"cplol","SLV",0.549300750830539
"cplol","SOM",0.385007405250066
"cplol","SPP",0.546358711997302
"cplol","SVK",0.54261885041584
"cplol","SVN",0.4
"cplol","SWE",0.539837569769619
"cplol","SYR",0.225241435016546
"cplol","TGO",0.319146103578549
"cplol","THA",0.503731092996588
"cplol","TKM",0.242477778534041
"cplol","TLS",0.696657980013244
"cplol","TUN",0.224123414853608
"cplol","TUR",0.205550743818524
"cplol","TZA",0.403396331135606
"cplol","UGA",0.408816912352025
"cplol","UKP",0.54610431913675
"cplol","UKR",0.342409211169349
"cplol","URY",0.546924315543119
"cplol","USA",0.196637566393682
"cplol","UZB",0.342647985251471
"cplol","VEN",0.549957053297436
"cplol","VNM",0.506783528941865
"cplol","ZAF",0.140022488033533
"cplol","ZMB",0.440644514912478
"cplol","ZWE",0.353061431750092
"cpkol","MYS",0.761008332330936
"ctols","AGO",0.776173372007241
"ctols","ALB",0.417575676111986
"ctols","BFA",0.373333776587727
"ctols","BGD",0.358432028959198
"ctols","BLT",0.33504599526197
"ctols","BOL",0.267856542189831
"ctols","COD",0.37284992799978
"ctols","CRB",0.638885734993103
"ctols","CUB",0.236610920764832
"ctols","CYP",0.542172230633287
"ctols","DEU",0.542274234501049
"ctols","DNK",0.539069955894934
"ctols","DOM",0.236610920764832
"ctols","DZA",0.541869193574241
"ctols","ETH",0.303044390469702
"ctols","FJI",0.638885734993103
"ctols","GEO",0.335524935484979
"ctols","GIN",0.306428055539932
"ctols","GNB",0.293295516970143
"ctols","GRC",0.417575676111986
"ctols","GSA",0.21045601291699
"ctols","HTI",0.236610920764832
"ctols","IRL",0.542630398920938
"ctols","ISR",0.449487255694304
"ctols","ITP",0.542448339295869
"ctols","JAM",0.638885734993103
"ctols","JOR",0.461118960705238
"ctols","JPN",0.634901801464817
"ctols","LAO",0.454683764584565
"ctols","LBN",0.542242065017347
"ctols","LBR",0.282749508075512
"ctols","LBY",0.541896684555095
"ctols","LKA",0.293015357229086
"ctols","MDG",0.370713067694777
"ctols","MLI",0.369001731582479
"ctols","MOR",0.460073086357254
"ctols","MOZ",0.368827133770927
"ctols","MWI",0.37493193578987
"ctols","NER",0.373010003204622
"ctols","NLD",0.542338983830745
"ctols","NOR",0.539069955894934
"ctols","OAO",0.447220014495172
"ctols","OIO",0.638885734993103
"ctols","OPO",0.638885734993103
"ctols","PHL",0.636850893669557
"ctols","PNG",0.541604529476138
"ctols","PRT",0.542948389996126
"ctols","PRY",0.214285233751865
"ctols","SEN",0.368169873527545
"ctols","SLB",0.543052874744138
"ctols","SLV",0.236610920764832
"ctols","SOM",0.418491451279472
"ctols","SPP",0.542948389996126
"ctols","SYR",0.543038845328012
"ctols","TCD",0.435947084138169
"ctols","TJK",0.292051981845745
"ctols","TLS",0.637181799383692
"ctols","TUN",0.541990701425258
"ctols","URY",0.209934915884784
"ctols","VNM",0.309728933022723
"ctols","VUT",0.543052874744138
"ctols","YEM",0.541143265876304
"ctool","AFG",0.466743412574443
"ctool","AGO",0.290418263474391
"ctool","ALB",-0.01
"ctool","ARG",0.279931853783004
"ctool","AUS",0.232144330842806
"ctool","AUT",0.129485423409784
"ctool","AZE",0.232568576850964
"ctool","BEN",0.229956866345307
"ctool","BFA",0.224513185031785
"ctool","BGD",0.200026131030885
"ctool","BGR",0.13261885041584
"ctool","BLR",0.232192937460368
"ctool","BLT",0.232192937460368
"ctool","BLX",0.0116866663987333
"ctool","BLZ",0.439300750830539
"ctool","BOL",0.547580555944314
"ctool","BRA",0.340718620397141
"ctool","BTN",0.26007950506888
"ctool","CAN",0.1
"ctool","CHL",0.231417288771831
"ctool","CHM",0.298593483878994
"ctool","CHP",0.129485423409784
"ctool","CIV",0.155440729319302
"ctool","COD",0.195406589866438
"ctool","COG",0.226659962587975
"ctool","COL",0.491220842889966
"ctool","CRB",0.589254453322883
"ctool","CRI",0.439300750830539
"ctool","CYP",0.314317046008841
"ctool","CZE",0.13261885041584
"ctool","DEU",0.0114853006912769
"ctool","DJI",0.231320048844102
"ctool","DNK",0.129837569769619
"ctool","DOM",0.439300750830539
"ctool","DZA",0.31399380647919
"ctool","ECU",0.163969434161207
"ctool","EGY",0.143014687450888
"ctool","ETH",0.179337777076986
"ctool","FJI",0.589254453322883
"ctool","FNP",0.129837569769619
"ctool","FRP",0.0117345276592233
"ctool","GHA",0.190197039984223
"ctool","GIN",0.160256592575928
"ctool","GMB",0.197451232791437
"ctool","GNB",0.14624855143482
"ctool","GRC",-0.01
"ctool","GSA",0.439957053297436
"ctool","GTM",0.549125938538174
"ctool","HND",0.439300750830539
"ctool","HRV",-0.01
"ctool","HTI",0.439300750830539
"ctool","HUN",0.13261885041584
"ctool","IDN",0.325822226983731
"ctool","IND",0.027411549832594
"ctool","IRL",0.13610431913675
"ctool","IRN",0.313996054249689
"ctool","IRQ",0.280159095462753
"ctool","ISL",0.129837569769619
"ctool","ISR",0.1
"ctool","ITP",0.135958671436695
"ctool","JAM",0.589254453322883
"ctool","JOR",0.267460224752254
"ctool","JPN",0.280300058801984
"ctool","KAZ",0.234182358987389
"ctool","KEN",0.337169446438464
"ctool","KHM",0.390652345031681
"ctool","KOR",0.301611803014901
"ctool","LBN",0.114391536018503
"ctool","LBY",0.114023130191841
"ctool","LKA",0.470460848356269
"ctool","MDA",0.13261885041584
"ctool","MDG",0.252627272207762
"ctool","MEX",0.279339260504541
"ctool","MLI",0.219052182841721
"ctool","MMR",0.452387802270856
"ctool","MOR",0.266344625447737
"ctool","MOZ",0.137565609355655
"ctool","MWI",0.257127398175778
"ctool","MYS",0.151008332330936
"ctool","NER",0.224105034341343
"ctool","NGA",0.0714881289823154
"ctool","NLD",0.13587118706391
"ctool","NOR",0.129837569769619
"ctool","NPL",0.59178289954804
"ctool","NZL",0.0916397576866372
"ctool","OBN",-0.01
"ctool","OIO",0.589254453322883
"ctool","OPO",0.589254453322883
"ctool","PAK",-0.0153197450726877
"ctool","PAN",0.439300750830539
"ctool","PER",0.430975040823866
"ctool","PHL",0.0272286718946082
"ctool","POL",0.132404746993792
"ctool","PRT",0.131358711997302
"ctool","PRY",0.438064444755451
"ctool","RAP",0.213219483601758
"ctool","ROU",0.13261885041584
"ctool","RUS",0.232212313328925
"ctool","RWA",0.326894542898058
"ctool","SAU",0.213219483601758
"ctool","SEN",0.190414531762831
"ctool","SLB",0.500866285324451
"ctool","SLV",0.439300750830539
"ctool","SPP",0.131358711997302
"ctool","SVK",0.13261885041584
"ctool","SVN",-0.01
"ctool","SWE",0.129837569769619
"ctool","SYR",0.115241435016546
"ctool","TCD",0.260012081822665
"ctool","THA",0.393731092996588
"ctool","TJK",0.198249512859579
"ctool","TKM",0.165477778534041
"ctool","TUN",0.114123414853608
"ctool","TUR",0.095550743818524
"ctool","TZA",0.189196331135606
"ctool","UGA",0.283866912352025
"ctool","UKP",0.13610431913675
"ctool","UKR",0.232409211169349
"ctool","URY",0.436924315543119
"ctool","USA",0.0866375663936818
"ctool","UZB",0.0826479852514708
"ctool","VEN",0.439957053297436
"ctool","VNM",0.0187326510050489
"ctool","VUT",0.500866285324451
"ctool","ZAF",0.063022488033533
"ctool","ZWE",0.287611431750092
"ccoco","BRA",0.284624952871688
"ccoco","CIV",0.421443571523678
"ccoco","CMR",0.517893456365677
"ccoco","COD",0.515902809267381
"ccoco","COG",0.604930885769128
"ccoco","COL",0.261722164641722
"ccoco","DOM",0.236296413749033
"ccoco","ECU",0.516854804132725
"ccoco","GEO",0.569311719165868
"ccoco","GIN",0.424445668099237
"ccoco","GTM",0.295370517186291
"ccoco","IDN",0.490864710293751
"ccoco","IND",0.45479289898143
"ccoco","LBR",0.408700971603389
"ccoco","MDG",0.646099143658268
"ccoco","MEX",0.175352025097156
"ccoco","NGA",0.447866915737455
"ccoco","PER",0.473414437208261
"ccoco","PHL",0.302241543363344
"ccoco","PNG",0.27666788004657
"ccoco","SLE",0.423772091771397
"ccoco","TGO",0.515148220412658
"ccoco","TZA",0.41062539689308
"ccoco","UGA",0.209758775166608
"ccoco","UKR",0.569168290052414
"ccoco","VEN",0.116523595372188
"ccafe","AGO",0.948708202913041
"ccafe","AUS",0.315908660768079
"ccafe","BDI",0.481657852524467
"ccafe","BGR",0.54092827562376
"ccafe","BLX",0.392916193715327
"ccafe","BOL",0.294835577057647
"ccafe","BRA",0.284624952871688
"ccafe","CAF",0.600595515229082
"ccafe","CHM",0.291606439991192
"ccafe","CIV",0.421443571523678
"ccafe","CMR",0.517893456365677
"ccafe","COD",0.515902809267381
"ccafe","COL",0.261722164641722
"ccafe","CRI",0.236296413749033
"ccafe","CZE",0.54092827562376
"ccafe","DOM",0.236296413749033
"ccafe","ECU",0.516854804132725
"ccafe","ETH",0.449237637102582
"ccafe","GIN",0.424445668099237
"ccafe","GTM",0.295370517186291
"ccafe","HND",0.236296413749033
"ccafe","HTI",0.236296413749033
"ccafe","IDN",0.490864710293751
"ccafe","IND",0.45479289898143
"ccafe","IRL",0.393391196762812
"ccafe","IRN",0.00605750901777246
"ccafe","ISR",0.240219278159028
"ccafe","ITP",0.452845017887601
"ccafe","KEN",0.488629636357622
"ccafe","KOR",0.440272130652938
"ccafe","LAO",0.497710694080321
"ccafe","LBN",0.349916673072857
"ccafe","MDG",0.646099143658268
"ccafe","MEX",0.175352025097156
"ccafe","MWI",0.649386573342735
"ccafe","MYS",0.359679968178533
"ccafe","NGA",0.447866915737455
"ccafe","NIC",0.236296413749033
"ccafe","NLD",0.392516951489663
"ccafe","PAN",0.236296413749033
"ccafe","PER",0.473414437208261
"ccafe","PHL",0.302241543363344
"ccafe","PNG",0.27666788004657
"ccafe","RAP",0.240557878577966
"ccafe","RWA",0.482690206943933
"ccafe","SLV",0.236296413749033
"ccafe","SPP",0.394345169988378
"ccafe","SVK",0.54092827562376
"ccafe","SVN",0.30109054250394
"ccafe","TGO",0.515148220412658
"ccafe","THA",0.262966669109678
"ccafe","TLS",0.3254916235842
"ccafe","TZA",0.41062539689308
"ccafe","UGA",0.209758775166608
"ccafe","UKP",0.393391196762812
"ccafe","USA",0.470276251774569
"ccafe","VEN",0.116523595372188
"ccafe","VNM",0.308764190868099
"ccafe","YEM",0.240557878577966
"ccafe","ZAF",0.431184161694244
"ccott","AFG",0.200951507616292
"ccott","AGO",0.308485138813526
"ccott","ALB",0.249191892037329
"ccott","ARG",0.247123386795145
"ccott","ARM",0.242568576856076
"ccott","AUS",0.244402835725492
"ccott","AUT",0.244614117491867
"ccott","AZE",0.242568576856076
"ccott","BDI",0.239205383572417
"ccott","BEN",0.247910874375379
"ccott","BFA",0.210015335724775
"ccott","BGD",0.244184356518261
"ccott","BGR",0.249179872268427
"ccott","BLR",0.242192937460368
"ccott","BLT",0.242192937460368
"ccott","BLX",0.245307260266991
"ccott","BOL",0.301884241729833
"ccott","BRA",0.247224726871782
"ccott","BWA",0.246583984566569
"ccott","CAF",0.245248131345521
"ccott","CAN",0.242067507649326
"ccott","CHL",0.236777686241495
"ccott","CHM",0.248210198241345
"ccott","CHP",0.244614117491867
"ccott","CIV",0.172101488134903
"ccott","CMR",0.211538940152362
"ccott","COD",0.210709503861411
"ccott","COG",0.247054535988657
"ccott","COL",0.244661323378799
"ccott","CRB",0.243887472854058
"ccott","CRI",0.242387072629571
"ccott","CUB",0.242387072629571
"ccott","CZE",0.249179872268427
"ccott","DEU",0.245122618867645
"ccott","DJI",0.169702687907144
"ccott","DNK",0.241569955894928
"ccott","DOM",0.242387072629571
"ccott","DZA",0.246996903239595
"ccott","ECU",0.295757097383936
"ccott","EGY",0.203445163372916
"ccott","ETH",0.17112234409133
"ccott","FNP",0.241569955894928
"ccott","FRP",0.245531408000559
"ccott","GHA",0.209356374021876
"ccott","GIN",0.17335236170803
"ccott","GMB",0.211240579945837
"ccott","GNB",0.169713909463596
"ccott","GRC",0.249191892037329
"ccott","GSA",0.242854056938201
"ccott","GTM",0.302983840786964
"ccott","HND",0.242387072629571
"ccott","HRV",0.249191892037329
"ccott","HTI",0.242387072629571
"ccott","HUN",0.249179872268427
"ccott","IDN",0.245830066748323
"ccott","IND",0.297838572661548
"ccott","IRL",0.245455038992875
"ccott","IRN",0.246998027124844
"ccott","IRQ",0.230079547710357
"ccott","ISR",0.24271568699481
"ccott","ITP",0.245285116676144
"ccott","JAM",0.243887472854058
"ccott","JOR",0.210230112375428
"ccott","JPN",0.248051351098723
"ccott","KAZ",0.243535954430432
"ccott","KEN",0.246482182948269
"ccott","KGZ",0.205409584343077
"ccott","KHM",0.295196657265092
"ccott","KOR",0.247575286808995
"ccott","LAO",0.295196657265092
"ccott","LBN",0.247195768009252
"ccott","LKA",0.244103462910661
"ccott","MDA",0.249179872268427
"ccott","MDG",0.210117473300718
"ccott","MEX",0.246769472879999
"ccott","MLI",0.208215005332477
"ccott","MMR",0.240258253127236
"ccott","MNG",0.203268853880099
"ccott","MOR",0.209672312723869
"ccott","MOZ",0.209594963467133
"ccott","MRT",0.205815494736961
"ccott","MWI",0.211286337188521
"ccott","MYS",0.246871103029469
"ccott","NAM",0.246286851144696
"ccott","NER",0.209880780552104
"ccott","NGA",0.205612611654945
"ccott","NIC",0.242387072629571
"ccott","NLD",0.245183057813301
"ccott","NOR",0.241569955894928
"ccott","NPL",0.247988182396538
"ccott","OBN",0.249191892037329
"ccott","OIO",0.243887472854058
"ccott","OSA",0.238910771294392
"ccott","PAK",0.24290700656975
"ccott","PER",0.236463009817008
"ccott","PHL",0.241479514517066
"ccott","POL",0.24915608299931
"ccott","PRK",0.237127034823092
"ccott","PRT",0.245751830663051
"ccott","PRY",0.241507393383866
"ccott","RAP",0.246609741800923
"ccott","ROU",0.249179872268427
"ccott","RUS",0.242212313328925
"ccott","RWA",0.240282903498735
"ccott","SAU",0.246609741800923
"ccott","SDN",0.208077429283194
"ccott","SLV",0.242387072629571
"ccott","SOM",0.166924785826756
"ccott","SPP",0.245751830663051
"ccott","SVK",0.249179872268427
"ccott","SVN",0.249191892037329
"ccott","SWE",0.241569955894928
"ccott","SWZ",0.24645785418558
"ccott","SYR",0.247620717508273
"ccott","TCD",0.245718268731028
"ccott","TGO",0.210395091838612
"ccott","THA",0.244259128060215
"ccott","TJK",0.206110569847812
"ccott","TKM",0.172197531709508
"ccott","TUN",0.247061707411188
"ccott","TUR",0.23902823491651
"ccott","TZA",0.204594008007
"ccott","UGA",0.207864471580146
"ccott","UKP",0.245455038992875
"ccott","UKR",0.242409211169349
"ccott","URY",0.240696147597989
"ccott","USA",0.243001935056842
"ccott","UZB",0.241831094736543
"ccott","VEN",0.242854056938201
"ccott","VNM",0.229322830463848
"ccott","YEM",0.246609741800923
"ccott","ZAF",0.242951288931834
"ccott","ZMB",0.246271302574533
"ccott","ZWE",0.203749722532352
"cteas","ARG",0.211857676985007
"cteas","BDI",0.481657852524467
"cteas","BGD",0.900980886034296
"cteas","CHM",0.291606439991192
"cteas","CMR",0.517893456365677
"cteas","ETH",0.449237637102582
"cteas","IDN",0.490864710293751
"cteas","IND",0.45479289898143
"cteas","IRN",0.00605750901777246
"cteas","IRQ",0.064768473646445
"cteas","JPN",0.293556467632747
"cteas","KEN",0.488629636357622
"cteas","LAO",0.497710694080321
"cteas","LKA",0.563532771997011
"cteas","MMR",0.760074511021885
"cteas","MOZ",0.644629584759256
"cteas","MWI",0.649386573342735
"cteas","MYS",0.359679968178533
"cteas","NPL",0.631746352756963
"cteas","PAK",0.574035669184195
"cteas","RAP",0.240557878577966
"cteas","RWA",0.482690206943933
"cteas","THA",0.262966669109678
"cteas","TUR",0.389943419515452
"cteas","TZA",0.41062539689308
"cteas","UGA",0.209758775166608
"cteas","VNM",0.308764190868099
"cteas","ZWE",0.628189844622629
"cothr","AFG",0.180211507616354
"cothr","AGO",0.136110138813192
"cothr","ALB",0.0544918920373287
"cothr","ARG",0.0748233867951696
"cothr","ARM",0.018466455857881
"cothr","AUS",0.0109505812783526
"cothr","AUT",0.0606528604386281
"cothr","AZE",0.018466455857881
"cothr","BEN",0.111010874375313
"cothr","BFA",0.0920353357247748
"cothr","BGD",0.232884356518427
"cothr","BGR",0.0544798722684266
"cothr","BLR",0.0166486338531883
"cothr","BLT",0.0166486338531883
"cothr","BLX",0.0618072602669907
"cothr","BLZ",0.0716284576280006
"cothr","BOL",0.0850715232395136
"cothr","BRA",0.0984247268717832
"cothr","BTN",0.220684988949227
"cothr","BWA",0.108683984566569
"cothr","CAF",0.108348131345419
"cothr","CAN",0.0658318703339136
"cothr","CHL",0.0630194581293912
"cothr","CHM",0.0979910509912067
"cothr","CHP",0.0606528604386281
"cothr","CIV",0.0762714881348821
"cothr","CMR",0.095173940152367
"cothr","COG",0.110154535737579
"cothr","COL",0.0936995583822723
"cothr","CRB",0.060487472854056
"cothr","CRI",0.0716284576280006
"cothr","CUB",0.0716284576280006
"cothr","CYP",0.0870585230044188
"cothr","CZE",0.0544798722684266
"cothr","DEU",0.0616226188676458
"cothr","DJI",0.0725426879071456
"cothr","DNK",0.0605650418392907
"cothr","DOM",0.0716284576280006
"cothr","DZA",0.186896903233042
"cothr","ECU",0.0804957232485621
"cothr","EGY",0.172250163372922
"cothr","ETH",0.0739623440913137
"cothr","FJI",0.060487472854056
"cothr","FNP",0.0605650418392907
"cothr","FRP",0.0620314080005059
"cothr","GAB",0.111335045441029
"cothr","GEO",0.018466455857881
"cothr","GHA",0.092991374021876
"cothr","GIN",0.0775223617080338
"cothr","GMB",0.094875579945833
"cothr","GNB",0.0738839094635755
"cothr","GRC",0.0544918920373287
"cothr","GSA",0.0670356490419515
"cothr","GTM",0.0895355720350007
"cothr","HND",0.0716284576280006
"cothr","HRV",0.0544918920373287
"cothr","HTI",0.0716284576280006
"cothr","HUN",0.0544798722684266
"cothr","IDN",0.0801300667599209
"cothr","IND",0.110588572665795
"cothr","IRL",0.0623606743375839
"cothr","IRN",0.0868980271248444
"cothr","IRQ",0.169979547731377
"cothr","ISL",0.0605650418392907
"cothr","ISR",0.0614096771937222
"cothr","ITP",0.0617851166761439
"cothr","JAM",0.060487472854056
"cothr","JOR",0.074145112376127
"cothr","JPN",0.0633513510986129
"cothr","KAZ",0.0174052105150133
"cothr","KEN",0.111682182948276
"cothr","KGZ",0.124829584340566
"cothr","KHM",0.0988216572650869
"cothr","KOR",0.0820752868089948
"cothr","LAO",0.0988216572650869
"cothr","LBN",0.0870957680092516
"cothr","LBR",0.140962071501418
"cothr","LBY",0.0869115650960507
"cothr","LKA",0.119703462903771
"cothr","LSO",0.0922887677295671
"cothr","MDA",0.0544798722684266
"cothr","MDG",0.0929024733007174
"cothr","MEX",0.0885694728800019
"cothr","MLI",0.0902350053330277
"cothr","MMR",0.0876582531279033
"cothr","MNG",0.16807912429105
"cothr","MOR",0.0735873127238687
"cothr","MOZ",0.0923799634688827
"cothr","MRT",0.087835494736961
"cothr","MWI",0.0940713371885149
"cothr","MYS",0.0516711030294689
"cothr","NAM",0.108386851120917
"cothr","NER",0.0919007805520867
"cothr","NGA",0.0937526116514958
"cothr","NIC",0.0716284576280006
"cothr","NLD",0.061683051574562
"cothr","NOR",0.0605650418392907
"cothr","NPL",0.223588182396954
"cothr","NZL",0.0202030933804009
"cothr","OAO",0.060487472854056
"cothr","OBN",0.0544918920373287
"cothr","OIO",0.060487472854056
"cothr","OPO",0.060487472854056
"cothr","OSA",0.181810771294392
"cothr","PAK",0.18180700656975
"cothr","PAN",0.0716284576280006
"cothr","PER",0.0632718399187914
"cothr","PHL",0.0781795145170661
"cothr","POL",0.0544560829993103
"cothr","PRK",0.193027034821962
"cothr","PRT",0.0622518306630488
"cothr","PRY",0.0680572185916109
"cothr","RAP",0.186509741800879
"cothr","ROU",0.0544798722684266
"cothr","RUS",0.0164892321669979
"cothr","RWA",0.105482903497771
"cothr","SAU",0.186509741800879
"cothr","SDN",0.0900974292831929
"cothr","SEN",0.178047865392913
"cothr","SLB",0.0514143519259476
"cothr","SLE",0.147241704904749
"cothr","SLV",0.0716284576280006
"cothr","SPP",0.0622518306630488
"cothr","SVK",0.0544798722684266
"cothr","SVN",0.0544918920373287
"cothr","SWE",0.0605650418392907
"cothr","SWZ",0.108557854142369
"cothr","SYR",0.0875207175082727
"cothr","TCD",0.106918268732746
"cothr","TGO",0.0940300918386139
"cothr","THA",0.0588591280602153
"cothr","TJK",0.125530569843976
"cothr","TKM",0.105837531704474
"cothr","TLS",0.159722440539617
"cothr","TUN",0.0869617074268041
"cothr","TUR",0.0229618746499927
"cothr","TZA",0.0900140080070678
"cothr","UGA",0.0932844715801474
"cothr","UKP",0.0623606743375839
"cothr","UKR",0.0165939571588878
"cothr","URY",0.0664776639824153
"cothr","USA",0.0599129135122814
"cothr","UZB",0.147031094723857
"cothr","VEN",0.0670356490419515
"cothr","VNM",0.0708228304638481
"cothr","VUT",0.0514143519259476
"cothr","YEM",0.186509741800879
"cothr","ZAF",0.0646512889318344
"cothr","ZMB",0.108371302575049
"cothr","ZWE",0.0865347225325779
"cfodr","ALB",0.0544918920373287
"cfodr","ARG",0.0748233867951696
"cfodr","ARM",0.018466455857881
"cfodr","AUS",0.0109505812783526
"cfodr","AUT",0.0606528604386281
"cfodr","BGR",0.0544798722684266
"cfodr","BLX",0.0618072602669907
"cfodr","BOL",0.0850715232395136
"cfodr","BWA",0.108683984566569
"cfodr","CAN",0.0658318703339136
"cfodr","CHL",0.0630194581293912
"cfodr","COL",0.0936995583822723
"cfodr","CRI",0.0716284576280006
"cfodr","CYP",0.0870585230044188
"cfodr","DNK",0.0605650418392907
"cfodr","DOM",0.0716284576280006
"cfodr","EGY",0.172250163372922
"cfodr","FRP",0.0620314080005059
"cfodr","GEO",0.018466455857881
"cfodr","GRC",0.0544918920373287
"cfodr","IRN",0.0868980271248444
"cfodr","ITP",0.0617851166761439
"cfodr","JAM",0.060487472854056
"cfodr","KAZ",0.0174052105150133
"cfodr","KGZ",0.124829584340566
"cfodr","KOR",0.0820752868089948
"cfodr","LBY",0.0869115650960507
"cfodr","MEX",0.0885694728800019
"cfodr","MNG",0.16807912429105
"cfodr","MOR",0.0735873127238687
"cfodr","NAM",0.108386851120917
"cfodr","NIC",0.0716284576280006
"cfodr","NPL",0.223588182396954
"cfodr","NZL",0.0202030933804009
"cfodr","OBN",0.0544918920373287
"cfodr","PAK",0.18180700656975
"cfodr","PAN",0.0716284576280006
"cfodr","PER",0.0632718399187914
"cfodr","RAP",0.186509741800879
"cfodr","ROU",0.0544798722684266
"cfodr","RUS",0.0164892321669979
"cfodr","SAU",0.186509741800879
"cfodr","SPP",0.0622518306630488
"cfodr","SVK",0.0544798722684266
"cfodr","SVN",0.0544918920373287
"cfodr","SYR",0.0875207175082727
"cfodr","TJK",0.125530569843976
"cfodr","TKM",0.105837531704474
"cfodr","UKR",0.0165939571588878
"cfodr","URY",0.0664776639824153
"cfodr","USA",0.0599129135122814
"cfodr","UZB",0.147031094723857
"cfodr","YEM",0.186509741800879
"cfodr","ZAF",0.0646512889318344
"cfodr","ZWE",0.0865347225325779
"cgrss","AUS",0.0109505812783526
"cgrss","BLR",0.0166486338531883
"cgrss","BLT",0.0166486338531883
"cgrss","BRA",0.0984247268717832
"cgrss","CHL",0.0630194581293912
"cgrss","CHM",0.0979910509912067
"cgrss","CHP",0.0606528604386281
"cgrss","CRI",0.0716284576280006
"cgrss","DEU",0.0616226188676458
"cgrss","DZA",0.186896903233042
"cgrss","FRP",0.0620314080005059
"cgrss","GRC",0.0544918920373287
"cgrss","HUN",0.0544798722684266
"cgrss","ITP",0.0617851166761439
"cgrss","JPN",0.0633513510986129
"cgrss","KAZ",0.0174052105150133
"cgrss","KGZ",0.124829584340566
"cgrss","MDA",0.0544798722684266
"cgrss","MEX",0.0885694728800019
"cgrss","MOR",0.0735873127238687
"cgrss","NLD",0.061683051574562
"cgrss","NZL",0.0202030933804009
"cgrss","OBN",0.0544918920373287
"cgrss","PAN",0.0716284576280006
"cgrss","POL",0.0544560829993103
"cgrss","PRT",0.0622518306630488
"cgrss","RAP",0.186509741800879
"cgrss","RUS",0.0164892321669979
"cgrss","SLV",0.0716284576280006
"cgrss","SPP",0.0622518306630488
"cgrss","SVN",0.0544918920373287
"cgrss","SWE",0.0605650418392907
"cgrss","TJK",0.125530569843976
"cgrss","TKM",0.105837531704474
"cgrss","TUN",0.0869617074268041
"cgrss","TUR",0.0229618746499927
"cgrss","UKP",0.0623606743375839
"cgrss","UKR",0.0165939571588878
"cgrss","URY",0.0664776639824153
"cgrss","USA",0.0599129135122814
"cgrss","UZB",0.147031094723857
"cgrss","VEN",0.0670356490419515
