"FPU","LND","YRPER","Val"
"ALB_ALB","air","2005-2010",0.241565787808073
"ALB_ALB","air","2010-2015",0.241565787808073
"ALB_ALB","air","2015-2020",0.241565787808073
"ALB_ALB","air","2020-2025",0.241565787808073
"ALB_ALB","air","2025-2030",0.241565787808073
"ALB_ALB","air","2030-2035",0.241565787808073
"ALB_ALB","air","2035-2040",0.241565787808073
"ALB_ALB","air","2040-2045",0.241565787808073
"ALB_ALB","air","2045-2050",0.241565787808073
"ALB_ALB","arf","2005-2010",-0.00904258596333696
"ALB_ALB","arf","2010-2015",-0.00904258596333696
"ALB_ALB","arf","2015-2020",-0.00904258596333696
"ALB_ALB","arf","2020-2025",-0.00904258596333696
"ALB_ALB","arf","2025-2030",-0.00904258596333696
"ALB_ALB","arf","2030-2035",-0.00904258596333696
"ALB_ALB","arf","2035-2040",-0.00904258596333696
"ALB_ALB","arf","2040-2045",-0.00904258596333696
"ALB_ALB","arf","2045-2050",-0.00904258596333696
"ALK_USA","air","2005-2010",0.700569074691426
"ALK_USA","air","2010-2015",0.700569074691426
"ALK_USA","air","2015-2020",0.700569074691426
"ALK_USA","air","2020-2025",0.700569074691426
"ALK_USA","air","2025-2030",0.700569074691426
"ALK_USA","air","2030-2035",0.700569074691426
"ALK_USA","air","2035-2040",0.700569074691426
"ALK_USA","air","2040-2045",0.700569074691426
"ALK_USA","air","2045-2050",0.700569074691426
"ALK_USA","arf","2005-2010",-0.0540684073146114
"ALK_USA","arf","2010-2015",-0.0540684073146114
"ALK_USA","arf","2015-2020",-0.0540684073146114
"ALK_USA","arf","2020-2025",-0.0540684073146114
"ALK_USA","arf","2025-2030",-0.0540684073146114
"ALK_USA","arf","2030-2035",-0.0540684073146114
"ALK_USA","arf","2035-2040",-0.0540684073146114
"ALK_USA","arf","2040-2045",-0.0540684073146114
"ALK_USA","arf","2045-2050",-0.0540684073146114
"AMA_BOL","air","2005-2010",0.683300436090595
"AMA_BOL","air","2010-2015",0.683300436090595
"AMA_BOL","air","2015-2020",0.683300436090595
"AMA_BOL","air","2020-2025",0.683300436090595
"AMA_BOL","air","2025-2030",0.683300436090595
"AMA_BOL","air","2030-2035",0.683300436090595
"AMA_BOL","air","2035-2040",0.683300436090595
"AMA_BOL","air","2040-2045",0.683300436090595
"AMA_BOL","air","2045-2050",0.683300436090595
"AMA_BOL","arf","2005-2010",0.407592477458585
"AMA_BOL","arf","2010-2015",0.407592477458585
"AMA_BOL","arf","2015-2020",0.407592477458585
"AMA_BOL","arf","2020-2025",0.407592477458585
"AMA_BOL","arf","2025-2030",0.407592477458585
"AMA_BOL","arf","2030-2035",0.407592477458585
"AMA_BOL","arf","2035-2040",0.407592477458585
"AMA_BOL","arf","2040-2045",0.407592477458585
"AMA_BOL","arf","2045-2050",0.407592477458585
"AMA_BRA","air","2005-2010",0.787447758493975
"AMA_BRA","air","2010-2015",0.787447758493975
"AMA_BRA","air","2015-2020",0.787447758493975
"AMA_BRA","air","2020-2025",0.787447758493975
"AMA_BRA","air","2025-2030",0.787447758493975
"AMA_BRA","air","2030-2035",0.787447758493975
"AMA_BRA","air","2035-2040",0.787447758493975
"AMA_BRA","air","2040-2045",0.787447758493975
"AMA_BRA","air","2045-2050",0.787447758493975
"AMA_BRA","arf","2005-2010",0.79166600616658
"AMA_BRA","arf","2010-2015",0.79166600616658
"AMA_BRA","arf","2015-2020",0.79166600616658
"AMA_BRA","arf","2020-2025",0.79166600616658
"AMA_BRA","arf","2025-2030",0.79166600616658
"AMA_BRA","arf","2030-2035",0.79166600616658
"AMA_BRA","arf","2035-2040",0.79166600616658
"AMA_BRA","arf","2040-2045",0.79166600616658
"AMA_BRA","arf","2045-2050",0.79166600616658
"AMA_COL","air","2005-2010",0.443852056434957
"AMA_COL","air","2010-2015",0.443852056434957
"AMA_COL","air","2015-2020",0.443852056434957
"AMA_COL","air","2020-2025",0.443852056434957
"AMA_COL","air","2025-2030",0.443852056434957
"AMA_COL","air","2030-2035",0.443852056434957
"AMA_COL","air","2035-2040",0.443852056434957
"AMA_COL","air","2040-2045",0.443852056434957
"AMA_COL","air","2045-2050",0.443852056434957
"AMA_COL","arf","2005-2010",0.23585812891358
"AMA_COL","arf","2010-2015",0.23585812891358
"AMA_COL","arf","2015-2020",0.23585812891358
"AMA_COL","arf","2020-2025",0.23585812891358
"AMA_COL","arf","2025-2030",0.23585812891358
"AMA_COL","arf","2030-2035",0.23585812891358
"AMA_COL","arf","2035-2040",0.23585812891358
"AMA_COL","arf","2040-2045",0.23585812891358
"AMA_COL","arf","2045-2050",0.23585812891358
"AMA_ECU","air","2005-2010",0.581245056218349
"AMA_ECU","air","2010-2015",0.581245056218349
"AMA_ECU","air","2015-2020",0.581245056218349
"AMA_ECU","air","2020-2025",0.581245056218349
"AMA_ECU","air","2025-2030",0.581245056218349
"AMA_ECU","air","2030-2035",0.581245056218349
"AMA_ECU","air","2035-2040",0.581245056218349
"AMA_ECU","air","2040-2045",0.581245056218349
"AMA_ECU","air","2045-2050",0.581245056218349
"AMA_ECU","arf","2005-2010",0.448647064683838
"AMA_ECU","arf","2010-2015",0.448647064683838
"AMA_ECU","arf","2015-2020",0.448647064683838
"AMA_ECU","arf","2020-2025",0.448647064683838
"AMA_ECU","arf","2025-2030",0.448647064683838
"AMA_ECU","arf","2030-2035",0.448647064683838
"AMA_ECU","arf","2035-2040",0.448647064683838
"AMA_ECU","arf","2040-2045",0.448647064683838
"AMA_ECU","arf","2045-2050",0.448647064683838
"AMA_PER","air","2005-2010",0.736797846602588
"AMA_PER","air","2010-2015",0.736797846602588
"AMA_PER","air","2015-2020",0.736797846602588
"AMA_PER","air","2020-2025",0.736797846602588
"AMA_PER","air","2025-2030",0.736797846602588
"AMA_PER","air","2030-2035",0.736797846602588
"AMA_PER","air","2035-2040",0.736797846602588
"AMA_PER","air","2040-2045",0.736797846602588
"AMA_PER","air","2045-2050",0.736797846602588
"AMA_PER","arf","2005-2010",0.468563386022769
"AMA_PER","arf","2010-2015",0.468563386022769
"AMA_PER","arf","2015-2020",0.468563386022769
"AMA_PER","arf","2020-2025",0.468563386022769
"AMA_PER","arf","2025-2030",0.468563386022769
"AMA_PER","arf","2030-2035",0.468563386022769
"AMA_PER","arf","2035-2040",0.468563386022769
"AMA_PER","arf","2040-2045",0.468563386022769
"AMA_PER","arf","2045-2050",0.468563386022769
"AMD_AFG","air","2005-2010",0.137163595918777
"AMD_AFG","air","2010-2015",0.137163595918777
"AMD_AFG","air","2015-2020",0.137163595918777
"AMD_AFG","air","2020-2025",0.137163595918777
"AMD_AFG","air","2025-2030",0.137163595918777
"AMD_AFG","air","2030-2035",0.137163595918777
"AMD_AFG","air","2035-2040",0.137163595918777
"AMD_AFG","air","2040-2045",0.137163595918777
"AMD_AFG","air","2045-2050",0.137163595918777
"AMD_AFG","arf","2005-2010",-0.301261165733313
"AMD_AFG","arf","2010-2015",-0.301261165733313
"AMD_AFG","arf","2015-2020",-0.301261165733313
"AMD_AFG","arf","2020-2025",-0.301261165733313
"AMD_AFG","arf","2025-2030",-0.301261165733313
"AMD_AFG","arf","2030-2035",-0.301261165733313
"AMD_AFG","arf","2035-2040",-0.301261165733313
"AMD_AFG","arf","2040-2045",-0.301261165733313
"AMD_AFG","arf","2045-2050",-0.301261165733313
"AMD_TJK","air","2005-2010",0.214385817699325
"AMD_TJK","air","2010-2015",0.214385817699325
"AMD_TJK","air","2015-2020",0.214385817699325
"AMD_TJK","air","2020-2025",0.214385817699325
"AMD_TJK","air","2025-2030",0.214385817699325
"AMD_TJK","air","2030-2035",0.214385817699325
"AMD_TJK","air","2035-2040",0.214385817699325
"AMD_TJK","air","2040-2045",0.214385817699325
"AMD_TJK","air","2045-2050",0.214385817699325
"AMD_TJK","arf","2005-2010",0.330226987022852
"AMD_TJK","arf","2010-2015",0.330226987022852
"AMD_TJK","arf","2015-2020",0.330226987022852
"AMD_TJK","arf","2020-2025",0.330226987022852
"AMD_TJK","arf","2025-2030",0.330226987022852
"AMD_TJK","arf","2030-2035",0.330226987022852
"AMD_TJK","arf","2035-2040",0.330226987022852
"AMD_TJK","arf","2040-2045",0.330226987022852
"AMD_TJK","arf","2045-2050",0.330226987022852
"AMD_TKM","air","2005-2010",0.101935144368825
"AMD_TKM","air","2010-2015",0.101935144368825
"AMD_TKM","air","2015-2020",0.101935144368825
"AMD_TKM","air","2020-2025",0.101935144368825
"AMD_TKM","air","2025-2030",0.101935144368825
"AMD_TKM","air","2030-2035",0.101935144368825
"AMD_TKM","air","2035-2040",0.101935144368825
"AMD_TKM","air","2040-2045",0.101935144368825
"AMD_TKM","air","2045-2050",0.101935144368825
"AMD_UZB","air","2005-2010",0.151241649869727
"AMD_UZB","air","2010-2015",0.151241649869727
"AMD_UZB","air","2015-2020",0.151241649869727
"AMD_UZB","air","2020-2025",0.151241649869727
"AMD_UZB","air","2025-2030",0.151241649869727
"AMD_UZB","air","2030-2035",0.151241649869727
"AMD_UZB","air","2035-2040",0.151241649869727
"AMD_UZB","air","2040-2045",0.151241649869727
"AMD_UZB","air","2045-2050",0.151241649869727
"AMD_UZB","arf","2005-2010",0.285114166826306
"AMD_UZB","arf","2010-2015",0.285114166826306
"AMD_UZB","arf","2015-2020",0.285114166826306
"AMD_UZB","arf","2020-2025",0.285114166826306
"AMD_UZB","arf","2025-2030",0.285114166826306
"AMD_UZB","arf","2030-2035",0.285114166826306
"AMD_UZB","arf","2035-2040",0.285114166826306
"AMD_UZB","arf","2040-2045",0.285114166826306
"AMD_UZB","arf","2045-2050",0.285114166826306
"AMR_CHM","air","2005-2010",0.188894593232791
"AMR_CHM","air","2010-2015",0.188894593232791
"AMR_CHM","air","2015-2020",0.188894593232791
"AMR_CHM","air","2020-2025",0.188894593232791
"AMR_CHM","air","2025-2030",0.188894593232791
"AMR_CHM","air","2030-2035",0.188894593232791
"AMR_CHM","air","2035-2040",0.188894593232791
"AMR_CHM","air","2040-2045",0.188894593232791
"AMR_CHM","air","2045-2050",0.188894593232791
"AMR_CHM","arf","2005-2010",-0.129271720186952
"AMR_CHM","arf","2010-2015",-0.129271720186952
"AMR_CHM","arf","2015-2020",-0.129271720186952
"AMR_CHM","arf","2020-2025",-0.129271720186952
"AMR_CHM","arf","2025-2030",-0.129271720186952
"AMR_CHM","arf","2030-2035",-0.129271720186952
"AMR_CHM","arf","2035-2040",-0.129271720186952
"AMR_CHM","arf","2040-2045",-0.129271720186952
"AMR_CHM","arf","2045-2050",-0.129271720186952
"AMR_RUS","air","2005-2010",0.906776984765623
"AMR_RUS","air","2010-2015",0.906776984765623
"AMR_RUS","air","2015-2020",0.906776984765623
"AMR_RUS","air","2020-2025",0.906776984765623
"AMR_RUS","air","2025-2030",0.906776984765623
"AMR_RUS","air","2030-2035",0.906776984765623
"AMR_RUS","air","2035-2040",0.906776984765623
"AMR_RUS","air","2040-2045",0.906776984765623
"AMR_RUS","air","2045-2050",0.906776984765623
"AMR_RUS","arf","2005-2010",0.0117537050096539
"AMR_RUS","arf","2010-2015",0.0117537050096539
"AMR_RUS","arf","2015-2020",0.0117537050096539
"AMR_RUS","arf","2020-2025",0.0117537050096539
"AMR_RUS","arf","2025-2030",0.0117537050096539
"AMR_RUS","arf","2030-2035",0.0117537050096539
"AMR_RUS","arf","2035-2040",0.0117537050096539
"AMR_RUS","arf","2040-2045",0.0117537050096539
"AMR_RUS","arf","2045-2050",0.0117537050096539
"ARA_IRQ","air","2005-2010",0.290549864693901
"ARA_IRQ","air","2010-2015",0.290549864693901
"ARA_IRQ","air","2015-2020",0.290549864693901
"ARA_IRQ","air","2020-2025",0.188857412051036
"ARA_IRQ","air","2025-2030",0.188857412051036
"ARA_IRQ","air","2030-2035",0.188857412051036
"ARA_IRQ","air","2035-2040",0.188857412051036
"ARA_IRQ","air","2040-2045",0.188857412051036
"ARA_IRQ","air","2045-2050",0.188857412051036
"ARA_IRQ","arf","2005-2010",0.133435003331273
"ARA_IRQ","arf","2010-2015",0.133435003331273
"ARA_IRQ","arf","2015-2020",0.133435003331273
"ARA_IRQ","arf","2020-2025",0.0867327521653272
"ARA_IRQ","arf","2025-2030",0.0867327521653272
"ARA_IRQ","arf","2030-2035",0.0867327521653272
"ARA_IRQ","arf","2035-2040",0.0867327521653272
"ARA_IRQ","arf","2040-2045",0.0867327521653272
"ARA_IRQ","arf","2045-2050",0.0867327521653272
"ARK_USA","air","2005-2010",0.700569074691426
"ARK_USA","air","2010-2015",0.700569074691426
"ARK_USA","air","2015-2020",0.700569074691426
"ARK_USA","air","2020-2025",0.700569074691426
"ARK_USA","air","2025-2030",0.700569074691426
"ARK_USA","air","2030-2035",0.700569074691426
"ARK_USA","air","2035-2040",0.700569074691426
"ARK_USA","air","2040-2045",0.700569074691426
"ARK_USA","air","2045-2050",0.700569074691426
"ARK_USA","arf","2005-2010",-0.0540684073146114
"ARK_USA","arf","2010-2015",-0.0540684073146114
"ARK_USA","arf","2015-2020",-0.0540684073146114
"ARK_USA","arf","2020-2025",-0.0540684073146114
"ARK_USA","arf","2025-2030",-0.0540684073146114
"ARK_USA","arf","2030-2035",-0.0540684073146114
"ARK_USA","arf","2035-2040",-0.0540684073146114
"ARK_USA","arf","2040-2045",-0.0540684073146114
"ARK_USA","arf","2045-2050",-0.0540684073146114
"ARM_ARM","air","2005-2010",-0.00664621429526946
"ARM_ARM","air","2010-2015",-0.00664621429526946
"ARM_ARM","air","2015-2020",-0.00664621429526946
"ARM_ARM","air","2020-2025",-0.00664621429526946
"ARM_ARM","air","2025-2030",-0.00664621429526946
"ARM_ARM","air","2030-2035",-0.00664621429526946
"ARM_ARM","air","2035-2040",-0.00664621429526946
"ARM_ARM","air","2040-2045",-0.00664621429526946
"ARM_ARM","air","2045-2050",-0.00664621429526946
"ARM_ARM","arf","2005-2010",-0.10661799210161
"ARM_ARM","arf","2010-2015",-0.10661799210161
"ARM_ARM","arf","2015-2020",-0.10661799210161
"ARM_ARM","arf","2020-2025",-0.10661799210161
"ARM_ARM","arf","2025-2030",-0.10661799210161
"ARM_ARM","arf","2030-2035",-0.10661799210161
"ARM_ARM","arf","2035-2040",-0.10661799210161
"ARM_ARM","arf","2040-2045",-0.10661799210161
"ARM_ARM","arf","2045-2050",-0.10661799210161
"AZE_AZE","air","2005-2010",-0.00664621429528056
"AZE_AZE","air","2010-2015",-0.00664621429528056
"AZE_AZE","air","2015-2020",-0.00664621429528056
"AZE_AZE","air","2020-2025",-0.00664621429528056
"AZE_AZE","air","2025-2030",-0.00664621429528056
"AZE_AZE","air","2030-2035",-0.00664621429528056
"AZE_AZE","air","2035-2040",-0.00664621429528056
"AZE_AZE","air","2040-2045",-0.00664621429528056
"AZE_AZE","air","2045-2050",-0.00664621429528056
"BAL_BLT","air","2005-2010",0.273789933571789
"BAL_BLT","air","2010-2015",0.273789933571789
"BAL_BLT","air","2015-2020",0.273789933571789
"BAL_BLT","air","2020-2025",0.273789933571789
"BAL_BLT","air","2025-2030",0.273789933571789
"BAL_BLT","air","2030-2035",0.273789933571789
"BAL_BLT","air","2035-2040",0.273789933571789
"BAL_BLT","air","2040-2045",0.273789933571789
"BAL_BLT","air","2045-2050",0.273789933571789
"BAL_BLT","arf","2005-2010",-0.286338123905339
"BAL_BLT","arf","2010-2015",-0.286338123905339
"BAL_BLT","arf","2015-2020",-0.286338123905339
"BAL_BLT","arf","2020-2025",-0.286338123905339
"BAL_BLT","arf","2025-2030",-0.286338123905339
"BAL_BLT","arf","2030-2035",-0.286338123905339
"BAL_BLT","arf","2035-2040",-0.286338123905339
"BAL_BLT","arf","2040-2045",-0.286338123905339
"BAL_BLT","arf","2045-2050",-0.286338123905339
"BAL_RUS","air","2005-2010",0.906776984765623
"BAL_RUS","air","2010-2015",0.906776984765623
"BAL_RUS","air","2015-2020",0.906776984765623
"BAL_RUS","air","2020-2025",0.906776984765623
"BAL_RUS","air","2025-2030",0.906776984765623
"BAL_RUS","air","2030-2035",0.906776984765623
"BAL_RUS","air","2035-2040",0.906776984765623
"BAL_RUS","air","2040-2045",0.906776984765623
"BAL_RUS","air","2045-2050",0.906776984765623
"BAL_RUS","arf","2005-2010",0.0117537050096539
"BAL_RUS","arf","2010-2015",0.0117537050096539
"BAL_RUS","arf","2015-2020",0.0117537050096539
"BAL_RUS","arf","2020-2025",0.0117537050096539
"BAL_RUS","arf","2025-2030",0.0117537050096539
"BAL_RUS","arf","2030-2035",0.0117537050096539
"BAL_RUS","arf","2035-2040",0.0117537050096539
"BAL_RUS","arf","2040-2045",0.0117537050096539
"BAL_RUS","arf","2045-2050",0.0117537050096539
"BLA_RUS","air","2005-2010",0.906776984765623
"BLA_RUS","air","2010-2015",0.906776984765623
"BLA_RUS","air","2015-2020",0.906776984765623
"BLA_RUS","air","2020-2025",0.906776984765623
"BLA_RUS","air","2025-2030",0.906776984765623
"BLA_RUS","air","2030-2035",0.906776984765623
"BLA_RUS","air","2035-2040",0.906776984765623
"BLA_RUS","air","2040-2045",0.906776984765623
"BLA_RUS","air","2045-2050",0.906776984765623
"BLA_RUS","arf","2005-2010",0.0117537050096539
"BLA_RUS","arf","2010-2015",0.0117537050096539
"BLA_RUS","arf","2015-2020",0.0117537050096539
"BLA_RUS","arf","2020-2025",0.0117537050096539
"BLA_RUS","arf","2025-2030",0.0117537050096539
"BLA_RUS","arf","2030-2035",0.0117537050096539
"BLA_RUS","arf","2035-2040",0.0117537050096539
"BLA_RUS","arf","2040-2045",0.0117537050096539
"BLA_RUS","arf","2045-2050",0.0117537050096539
"BLA_TUR","air","2005-2010",0.290927385586248
"BLA_TUR","air","2010-2015",0.290927385586248
"BLA_TUR","air","2015-2020",0.290927385586248
"BLA_TUR","air","2020-2025",0.290927385586248
"BLA_TUR","air","2025-2030",0.290927385586248
"BLA_TUR","air","2030-2035",0.290927385586248
"BLA_TUR","air","2035-2040",0.290927385586248
"BLA_TUR","air","2040-2045",0.290927385586248
"BLA_TUR","air","2045-2050",0.290927385586248
"BLA_TUR","arf","2005-2010",0.230017430258478
"BLA_TUR","arf","2010-2015",0.230017430258478
"BLA_TUR","arf","2015-2020",0.230017430258478
"BLA_TUR","arf","2020-2025",0.230017430258478
"BLA_TUR","arf","2025-2030",0.230017430258478
"BLA_TUR","arf","2030-2035",0.230017430258478
"BLA_TUR","arf","2035-2040",0.230017430258478
"BLA_TUR","arf","2040-2045",0.230017430258478
"BLA_TUR","arf","2045-2050",0.230017430258478
"BLA_UKR","air","2005-2010",0.361654069035766
"BLA_UKR","air","2010-2015",0.361654069035766
"BLA_UKR","air","2015-2020",0.361654069035766
"BLA_UKR","air","2020-2025",0.361654069035766
"BLA_UKR","air","2025-2030",0.361654069035766
"BLA_UKR","air","2030-2035",0.361654069035766
"BLA_UKR","air","2035-2040",0.361654069035766
"BLA_UKR","air","2040-2045",0.361654069035766
"BLA_UKR","air","2045-2050",0.361654069035766
"BLA_UKR","arf","2005-2010",0.00297617131355121
"BLA_UKR","arf","2010-2015",0.00297617131355121
"BLA_UKR","arf","2015-2020",0.00297617131355121
"BLA_UKR","arf","2020-2025",0.00297617131355121
"BLA_UKR","arf","2025-2030",0.00297617131355121
"BLA_UKR","arf","2030-2035",0.00297617131355121
"BLA_UKR","arf","2035-2040",0.00297617131355121
"BLA_UKR","arf","2040-2045",0.00297617131355121
"BLA_UKR","arf","2045-2050",0.00297617131355121
"BLZ_BLZ","air","2005-2010",0.404318376124646
"BLZ_BLZ","air","2010-2015",0.404318376124646
"BLZ_BLZ","air","2015-2020",0.404318376124646
"BLZ_BLZ","air","2020-2025",0.404318376124646
"BLZ_BLZ","air","2025-2030",0.404318376124646
"BLZ_BLZ","air","2030-2035",0.404318376124646
"BLZ_BLZ","air","2035-2040",0.404318376124646
"BLZ_BLZ","air","2040-2045",0.404318376124646
"BLZ_BLZ","air","2045-2050",0.404318376124646
"BLZ_BLZ","arf","2005-2010",0.579952317952492
"BLZ_BLZ","arf","2010-2015",0.579952317952492
"BLZ_BLZ","arf","2015-2020",0.579952317952492
"BLZ_BLZ","arf","2020-2025",0.579952317952492
"BLZ_BLZ","arf","2025-2030",0.579952317952492
"BLZ_BLZ","arf","2030-2035",0.579952317952492
"BLZ_BLZ","arf","2035-2040",0.579952317952492
"BLZ_BLZ","arf","2040-2045",0.579952317952492
"BLZ_BLZ","arf","2045-2050",0.579952317952492
"BOR_IDN","air","2005-2010",0.0638351573960083
"BOR_IDN","air","2010-2015",0.0638351573960083
"BOR_IDN","air","2015-2020",0.0638351573960083
"BOR_IDN","air","2020-2025",0.0638351573960083
"BOR_IDN","air","2025-2030",0.0638351573960083
"BOR_IDN","air","2030-2035",0.0638351573960083
"BOR_IDN","air","2035-2040",0.0638351573960083
"BOR_IDN","air","2040-2045",0.0638351573960083
"BOR_IDN","air","2045-2050",0.0638351573960083
"BOR_IDN","arf","2005-2010",0.820725480685192
"BOR_IDN","arf","2010-2015",0.820725480685192
"BOR_IDN","arf","2015-2020",0.820725480685192
"BOR_IDN","arf","2020-2025",0.820725480685192
"BOR_IDN","arf","2025-2030",0.820725480685192
"BOR_IDN","arf","2030-2035",0.820725480685192
"BOR_IDN","arf","2035-2040",0.820725480685192
"BOR_IDN","arf","2040-2045",0.820725480685192
"BOR_IDN","arf","2045-2050",0.820725480685192
"BOR_MYS","air","2005-2010",-0.545558140750635
"BOR_MYS","air","2010-2015",-0.545558140750635
"BOR_MYS","air","2015-2020",-0.545558140750635
"BOR_MYS","air","2020-2025",-0.545558140750635
"BOR_MYS","air","2025-2030",-0.545558140750635
"BOR_MYS","air","2030-2035",-0.545558140750635
"BOR_MYS","air","2035-2040",-0.545558140750635
"BOR_MYS","air","2040-2045",-0.545558140750635
"BOR_MYS","air","2045-2050",-0.545558140750635
"BOR_MYS","arf","2005-2010",1.51790141521133
"BOR_MYS","arf","2010-2015",1.51790141521133
"BOR_MYS","arf","2015-2020",1.51790141521133
"BOR_MYS","arf","2020-2025",1.51790141521133
"BOR_MYS","arf","2025-2030",1.51790141521133
"BOR_MYS","arf","2030-2035",1.51790141521133
"BOR_MYS","arf","2035-2040",1.51790141521133
"BOR_MYS","arf","2040-2045",1.51790141521133
"BOR_MYS","arf","2045-2050",1.51790141521133
"BRT_BGD","air","2005-2010",0.626491195069745
"BRT_BGD","air","2010-2015",0.626491195069745
"BRT_BGD","air","2015-2020",0.626491195069745
"BRT_BGD","air","2020-2025",0.626491195069745
"BRT_BGD","air","2025-2030",0.626491195069745
"BRT_BGD","air","2030-2035",0.626491195069745
"BRT_BGD","air","2035-2040",0.626491195069745
"BRT_BGD","air","2040-2045",0.626491195069745
"BRT_BGD","air","2045-2050",0.626491195069745
"BRT_BGD","arf","2005-2010",-0.216261355064529
"BRT_BGD","arf","2010-2015",-0.216261355064529
"BRT_BGD","arf","2015-2020",-0.216261355064529
"BRT_BGD","arf","2020-2025",-0.216261355064529
"BRT_BGD","arf","2025-2030",-0.216261355064529
"BRT_BGD","arf","2030-2035",-0.216261355064529
"BRT_BGD","arf","2035-2040",-0.216261355064529
"BRT_BGD","arf","2040-2045",-0.216261355064529
"BRT_BGD","arf","2045-2050",-0.216261355064529
"BRT_BTN","air","2005-2010",-0.329086036066406
"BRT_BTN","air","2010-2015",-0.329086036066406
"BRT_BTN","air","2015-2020",-0.329086036066406
"BRT_BTN","air","2020-2025",-0.329086036066406
"BRT_BTN","air","2025-2030",-0.329086036066406
"BRT_BTN","air","2030-2035",-0.329086036066406
"BRT_BTN","air","2035-2040",-0.329086036066406
"BRT_BTN","air","2040-2045",-0.329086036066406
"BRT_BTN","air","2045-2050",-0.329086036066406
"BRT_BTN","arf","2005-2010",-0.0734924154194738
"BRT_BTN","arf","2010-2015",-0.0734924154194738
"BRT_BTN","arf","2015-2020",-0.0734924154194738
"BRT_BTN","arf","2020-2025",-0.0734924154194738
"BRT_BTN","arf","2025-2030",-0.0734924154194738
"BRT_BTN","arf","2030-2035",-0.0734924154194738
"BRT_BTN","arf","2035-2040",-0.0734924154194738
"BRT_BTN","arf","2040-2045",-0.0734924154194738
"BRT_BTN","arf","2045-2050",-0.0734924154194738
"BRT_CHM","air","2005-2010",0.188894593232791
"BRT_CHM","air","2010-2015",0.188894593232791
"BRT_CHM","air","2015-2020",0.188894593232791
"BRT_CHM","air","2020-2025",0.188894593232791
"BRT_CHM","air","2025-2030",0.188894593232791
"BRT_CHM","air","2030-2035",0.188894593232791
"BRT_CHM","air","2035-2040",0.188894593232791
"BRT_CHM","air","2040-2045",0.188894593232791
"BRT_CHM","air","2045-2050",0.188894593232791
"BRT_CHM","arf","2005-2010",-0.129271720186952
"BRT_CHM","arf","2010-2015",-0.129271720186952
"BRT_CHM","arf","2015-2020",-0.129271720186952
"BRT_CHM","arf","2020-2025",-0.129271720186952
"BRT_CHM","arf","2025-2030",-0.129271720186952
"BRT_CHM","arf","2030-2035",-0.129271720186952
"BRT_CHM","arf","2035-2040",-0.129271720186952
"BRT_CHM","arf","2040-2045",-0.129271720186952
"BRT_CHM","arf","2045-2050",-0.129271720186952
"BRT_IND","air","2005-2010",0.694812893297558
"BRT_IND","air","2010-2015",0.694812893297558
"BRT_IND","air","2015-2020",0.694812893297558
"BRT_IND","air","2020-2025",0.694812893297558
"BRT_IND","air","2025-2030",0.694812893297558
"BRT_IND","air","2030-2035",0.694812893297558
"BRT_IND","air","2035-2040",0.694812893297558
"BRT_IND","air","2040-2045",0.694812893297558
"BRT_IND","air","2045-2050",0.694812893297558
"BRT_IND","arf","2005-2010",-0.834128499871711
"BRT_IND","arf","2010-2015",-0.834128499871711
"BRT_IND","arf","2015-2020",-0.834128499871711
"BRT_IND","arf","2020-2025",-0.834128499871711
"BRT_IND","arf","2025-2030",-0.834128499871711
"BRT_IND","arf","2030-2035",-0.834128499871711
"BRT_IND","arf","2035-2040",-0.834128499871711
"BRT_IND","arf","2040-2045",-0.834128499871711
"BRT_IND","arf","2045-2050",-0.834128499871711
"CAF_AGO","air","2005-2010",2.09817881490983
"CAF_AGO","air","2010-2015",2.09817881490983
"CAF_AGO","air","2015-2020",2.09817881490983
"CAF_AGO","air","2020-2025",2.09817881490983
"CAF_AGO","air","2025-2030",2.09817881490983
"CAF_AGO","air","2030-2035",2.09817881490983
"CAF_AGO","air","2035-2040",2.09817881490983
"CAF_AGO","air","2040-2045",2.09817881490983
"CAF_AGO","air","2045-2050",2.09817881490983
"CAF_AGO","arf","2005-2010",0.630308063691043
"CAF_AGO","arf","2010-2015",0.630308063691043
"CAF_AGO","arf","2015-2020",0.630308063691043
"CAF_AGO","arf","2020-2025",0.630308063691043
"CAF_AGO","arf","2025-2030",0.630308063691043
"CAF_AGO","arf","2030-2035",0.630308063691043
"CAF_AGO","arf","2035-2040",0.630308063691043
"CAF_AGO","arf","2040-2045",0.630308063691043
"CAF_AGO","arf","2045-2050",0.630308063691043
"CAF_CAF","air","2005-2010",0.519990695383998
"CAF_CAF","air","2010-2015",0.519990695383998
"CAF_CAF","air","2015-2020",0.519990695383998
"CAF_CAF","air","2020-2025",0.519990695383998
"CAF_CAF","air","2025-2030",0.519990695383998
"CAF_CAF","air","2030-2035",0.519990695383998
"CAF_CAF","air","2035-2040",0.519990695383998
"CAF_CAF","air","2040-2045",0.519990695383998
"CAF_CAF","air","2045-2050",0.519990695383998
"CAF_CAF","arf","2005-2010",1.00644630948425
"CAF_CAF","arf","2010-2015",1.00644630948425
"CAF_CAF","arf","2015-2020",1.00644630948425
"CAF_CAF","arf","2020-2025",1.00644630948425
"CAF_CAF","arf","2025-2030",1.00644630948425
"CAF_CAF","arf","2030-2035",1.00644630948425
"CAF_CAF","arf","2035-2040",1.00644630948425
"CAF_CAF","arf","2040-2045",1.00644630948425
"CAF_CAF","arf","2045-2050",1.00644630948425
"CAF_CMR","air","2005-2010",1.68335881162776
"CAF_CMR","air","2010-2015",1.68335881162776
"CAF_CMR","air","2015-2020",1.68335881162776
"CAF_CMR","air","2020-2025",1.68335881162776
"CAF_CMR","air","2025-2030",1.68335881162776
"CAF_CMR","air","2030-2035",1.68335881162776
"CAF_CMR","air","2035-2040",1.68335881162776
"CAF_CMR","air","2040-2045",1.68335881162776
"CAF_CMR","air","2045-2050",1.68335881162776
"CAF_CMR","arf","2005-2010",1.1089222496445
"CAF_CMR","arf","2010-2015",1.1089222496445
"CAF_CMR","arf","2015-2020",1.1089222496445
"CAF_CMR","arf","2020-2025",1.1089222496445
"CAF_CMR","arf","2025-2030",1.1089222496445
"CAF_CMR","arf","2030-2035",1.1089222496445
"CAF_CMR","arf","2035-2040",1.1089222496445
"CAF_CMR","arf","2040-2045",1.1089222496445
"CAF_CMR","arf","2045-2050",1.1089222496445
"CAF_COG","air","2005-2010",0.165649219663822
"CAF_COG","air","2010-2015",0.165649219663822
"CAF_COG","air","2015-2020",0.165649219663822
"CAF_COG","air","2020-2025",0.165649219663822
"CAF_COG","air","2025-2030",0.165649219663822
"CAF_COG","air","2030-2035",0.165649219663822
"CAF_COG","air","2035-2040",0.165649219663822
"CAF_COG","air","2040-2045",0.165649219663822
"CAF_COG","air","2045-2050",0.165649219663822
"CAF_COG","arf","2005-2010",1.12896408382188
"CAF_COG","arf","2010-2015",1.12896408382188
"CAF_COG","arf","2015-2020",1.12896408382188
"CAF_COG","arf","2020-2025",1.12896408382188
"CAF_COG","arf","2025-2030",1.12896408382188
"CAF_COG","arf","2030-2035",1.12896408382188
"CAF_COG","arf","2035-2040",1.12896408382188
"CAF_COG","arf","2040-2045",1.12896408382188
"CAF_COG","arf","2045-2050",1.12896408382188
"CAF_GAB","air","2005-2010",1.60019054264768
"CAF_GAB","air","2010-2015",1.60019054264768
"CAF_GAB","air","2015-2020",1.60019054264768
"CAF_GAB","air","2020-2025",1.60019054264768
"CAF_GAB","air","2025-2030",1.60019054264768
"CAF_GAB","air","2030-2035",1.60019054264768
"CAF_GAB","air","2035-2040",1.60019054264768
"CAF_GAB","air","2040-2045",1.60019054264768
"CAF_GAB","air","2045-2050",1.60019054264768
"CAF_GAB","arf","2005-2010",1.07506541811138
"CAF_GAB","arf","2010-2015",1.07506541811138
"CAF_GAB","arf","2015-2020",1.07506541811138
"CAF_GAB","arf","2020-2025",1.07506541811138
"CAF_GAB","arf","2025-2030",1.07506541811138
"CAF_GAB","arf","2030-2035",1.07506541811138
"CAF_GAB","arf","2035-2040",1.07506541811138
"CAF_GAB","arf","2040-2045",1.07506541811138
"CAF_GAB","arf","2045-2050",1.07506541811138
"CAF_GNQ","arf","2005-2010",0.564005203779794
"CAF_GNQ","arf","2010-2015",0.564005203779794
"CAF_GNQ","arf","2015-2020",0.564005203779794
"CAF_GNQ","arf","2020-2025",0.564005203779794
"CAF_GNQ","arf","2025-2030",0.564005203779794
"CAF_GNQ","arf","2030-2035",0.564005203779794
"CAF_GNQ","arf","2035-2040",0.564005203779794
"CAF_GNQ","arf","2040-2045",0.564005203779794
"CAF_GNQ","arf","2045-2050",0.564005203779794
"CAF_NAM","air","2005-2010",1.6143806706497
"CAF_NAM","air","2010-2015",1.6143806706497
"CAF_NAM","air","2015-2020",1.6143806706497
"CAF_NAM","air","2020-2025",1.6143806706497
"CAF_NAM","air","2025-2030",1.6143806706497
"CAF_NAM","air","2030-2035",1.6143806706497
"CAF_NAM","air","2035-2040",1.6143806706497
"CAF_NAM","air","2040-2045",1.6143806706497
"CAF_NAM","air","2045-2050",1.6143806706497
"CAF_NAM","arf","2005-2010",0.831717633054563
"CAF_NAM","arf","2010-2015",0.831717633054563
"CAF_NAM","arf","2015-2020",0.831717633054563
"CAF_NAM","arf","2020-2025",0.831717633054563
"CAF_NAM","arf","2025-2030",0.831717633054563
"CAF_NAM","arf","2030-2035",0.831717633054563
"CAF_NAM","arf","2035-2040",0.831717633054563
"CAF_NAM","arf","2040-2045",0.831717633054563
"CAF_NAM","arf","2045-2050",0.831717633054563
"CAL_USA","air","2005-2010",0.700569074691426
"CAL_USA","air","2010-2015",0.700569074691426
"CAL_USA","air","2015-2020",0.700569074691426
"CAL_USA","air","2020-2025",0.700569074691426
"CAL_USA","air","2025-2030",0.700569074691426
"CAL_USA","air","2030-2035",0.700569074691426
"CAL_USA","air","2035-2040",0.700569074691426
"CAL_USA","air","2040-2045",0.700569074691426
"CAL_USA","air","2045-2050",0.700569074691426
"CAL_USA","arf","2005-2010",-0.0540684073146114
"CAL_USA","arf","2010-2015",-0.0540684073146114
"CAL_USA","arf","2015-2020",-0.0540684073146114
"CAL_USA","arf","2020-2025",-0.0540684073146114
"CAL_USA","arf","2025-2030",-0.0540684073146114
"CAL_USA","arf","2030-2035",-0.0540684073146114
"CAL_USA","arf","2035-2040",-0.0540684073146114
"CAL_USA","arf","2040-2045",-0.0540684073146114
"CAL_USA","arf","2045-2050",-0.0540684073146114
"CAN_CAN","air","2005-2010",1.82125378804427
"CAN_CAN","air","2010-2015",1.82125378804427
"CAN_CAN","air","2015-2020",1.82125378804427
"CAN_CAN","air","2020-2025",1.82125378804427
"CAN_CAN","air","2025-2030",1.82125378804427
"CAN_CAN","air","2030-2035",1.82125378804427
"CAN_CAN","air","2035-2040",1.82125378804427
"CAN_CAN","air","2040-2045",1.82125378804427
"CAN_CAN","air","2045-2050",1.82125378804427
"CAN_CAN","arf","2005-2010",-0.170271295637259
"CAN_CAN","arf","2010-2015",-0.170271295637259
"CAN_CAN","arf","2015-2020",-0.170271295637259
"CAN_CAN","arf","2020-2025",-0.170271295637259
"CAN_CAN","arf","2025-2030",-0.170271295637259
"CAN_CAN","arf","2030-2035",-0.170271295637259
"CAN_CAN","arf","2035-2040",-0.170271295637259
"CAN_CAN","arf","2040-2045",-0.170271295637259
"CAN_CAN","arf","2045-2050",-0.170271295637259
"CAU_AUS","air","2005-2010",-0.0373390733343637
"CAU_AUS","air","2010-2015",-0.0373390733343637
"CAU_AUS","air","2015-2020",-0.0373390733343637
"CAU_AUS","air","2020-2025",-0.0373390733343637
"CAU_AUS","air","2025-2030",-0.0373390733343637
"CAU_AUS","air","2030-2035",-0.0373390733343637
"CAU_AUS","air","2035-2040",-0.0373390733343637
"CAU_AUS","air","2040-2045",-0.0373390733343637
"CAU_AUS","air","2045-2050",-0.0373390733343637
"CAU_AUS","arf","2005-2010",-0.0952620667459381
"CAU_AUS","arf","2010-2015",-0.0952620667459381
"CAU_AUS","arf","2015-2020",-0.0952620667459381
"CAU_AUS","arf","2020-2025",-0.0952620667459381
"CAU_AUS","arf","2025-2030",-0.0952620667459381
"CAU_AUS","arf","2030-2035",-0.0952620667459381
"CAU_AUS","arf","2035-2040",-0.0952620667459381
"CAU_AUS","arf","2040-2045",-0.0952620667459381
"CAU_AUS","arf","2045-2050",-0.0952620667459381
"CAV_IND","air","2005-2010",0.694812893297558
"CAV_IND","air","2010-2015",0.694812893297558
"CAV_IND","air","2015-2020",0.694812893297558
"CAV_IND","air","2020-2025",0.694812893297558
"CAV_IND","air","2025-2030",0.694812893297558
"CAV_IND","air","2030-2035",0.694812893297558
"CAV_IND","air","2035-2040",0.694812893297558
"CAV_IND","air","2040-2045",0.694812893297558
"CAV_IND","air","2045-2050",0.694812893297558
"CAV_IND","arf","2005-2010",-0.834128499871711
"CAV_IND","arf","2010-2015",-0.834128499871711
"CAV_IND","arf","2015-2020",-0.834128499871711
"CAV_IND","arf","2020-2025",-0.834128499871711
"CAV_IND","arf","2025-2030",-0.834128499871711
"CAV_IND","arf","2030-2035",-0.834128499871711
"CAV_IND","arf","2035-2040",-0.834128499871711
"CAV_IND","arf","2040-2045",-0.834128499871711
"CAV_IND","arf","2045-2050",-0.834128499871711
"CHC_CHL","air","2005-2010",0.882499228591005
"CHC_CHL","air","2010-2015",0.882499228591005
"CHC_CHL","air","2015-2020",0.882499228591005
"CHC_CHL","air","2020-2025",0.882499228591005
"CHC_CHL","air","2025-2030",0.882499228591005
"CHC_CHL","air","2030-2035",0.882499228591005
"CHC_CHL","air","2035-2040",0.882499228591005
"CHC_CHL","air","2040-2045",0.882499228591005
"CHC_CHL","air","2045-2050",0.882499228591005
"CHC_CHL","arf","2005-2010",0.500362439021407
"CHC_CHL","arf","2010-2015",0.500362439021407
"CHC_CHL","arf","2015-2020",0.500362439021407
"CHC_CHL","arf","2020-2025",0.500362439021407
"CHC_CHL","arf","2025-2030",0.500362439021407
"CHC_CHL","arf","2030-2035",0.500362439021407
"CHC_CHL","arf","2035-2040",0.500362439021407
"CHC_CHL","arf","2040-2045",0.500362439021407
"CHC_CHL","arf","2045-2050",0.500362439021407
"CHJ_CHM","air","2005-2010",0.188894593232791
"CHJ_CHM","air","2010-2015",0.188894593232791
"CHJ_CHM","air","2015-2020",0.188894593232791
"CHJ_CHM","air","2020-2025",0.188894593232791
"CHJ_CHM","air","2025-2030",0.188894593232791
"CHJ_CHM","air","2030-2035",0.188894593232791
"CHJ_CHM","air","2035-2040",0.188894593232791
"CHJ_CHM","air","2040-2045",0.188894593232791
"CHJ_CHM","air","2045-2050",0.188894593232791
"CHJ_CHM","arf","2005-2010",-0.129271720186952
"CHJ_CHM","arf","2010-2015",-0.129271720186952
"CHJ_CHM","arf","2015-2020",-0.129271720186952
"CHJ_CHM","arf","2020-2025",-0.129271720186952
"CHJ_CHM","arf","2025-2030",-0.129271720186952
"CHJ_CHM","arf","2030-2035",-0.129271720186952
"CHJ_CHM","arf","2035-2040",-0.129271720186952
"CHJ_CHM","arf","2040-2045",-0.129271720186952
"CHJ_CHM","arf","2045-2050",-0.129271720186952
"CHO_IND","air","2005-2010",0.694812893297558
"CHO_IND","air","2010-2015",0.694812893297558
"CHO_IND","air","2015-2020",0.694812893297558
"CHO_IND","air","2020-2025",0.694812893297558
"CHO_IND","air","2025-2030",0.694812893297558
"CHO_IND","air","2030-2035",0.694812893297558
"CHO_IND","air","2035-2040",0.694812893297558
"CHO_IND","air","2040-2045",0.694812893297558
"CHO_IND","air","2045-2050",0.694812893297558
"CHO_IND","arf","2005-2010",-0.834128499871711
"CHO_IND","arf","2010-2015",-0.834128499871711
"CHO_IND","arf","2015-2020",-0.834128499871711
"CHO_IND","arf","2020-2025",-0.834128499871711
"CHO_IND","arf","2025-2030",-0.834128499871711
"CHO_IND","arf","2030-2035",-0.834128499871711
"CHO_IND","arf","2035-2040",-0.834128499871711
"CHO_IND","arf","2040-2045",-0.834128499871711
"CHO_IND","arf","2045-2050",-0.834128499871711
"CHU_KAZ","air","2005-2010",-0.0147916689777983
"CHU_KAZ","air","2010-2015",-0.0147916689777983
"CHU_KAZ","air","2015-2020",-0.0147916689777983
"CHU_KAZ","air","2020-2025",-0.0147916689777983
"CHU_KAZ","air","2025-2030",-0.0147916689777983
"CHU_KAZ","air","2030-2035",-0.0147916689777983
"CHU_KAZ","air","2035-2040",-0.0147916689777983
"CHU_KAZ","air","2040-2045",-0.0147916689777983
"CHU_KAZ","air","2045-2050",-0.0147916689777983
"CHU_KAZ","arf","2005-2010",0.0645227901218348
"CHU_KAZ","arf","2010-2015",0.0645227901218348
"CHU_KAZ","arf","2015-2020",0.0645227901218348
"CHU_KAZ","arf","2020-2025",0.0645227901218348
"CHU_KAZ","arf","2025-2030",0.0645227901218348
"CHU_KAZ","arf","2030-2035",0.0645227901218348
"CHU_KAZ","arf","2035-2040",0.0645227901218348
"CHU_KAZ","arf","2040-2045",0.0645227901218348
"CHU_KAZ","arf","2045-2050",0.0645227901218348
"CHU_KGZ","air","2005-2010",0.186953700276127
"CHU_KGZ","air","2010-2015",0.186953700276127
"CHU_KGZ","air","2015-2020",0.186953700276127
"CHU_KGZ","air","2020-2025",0.186953700276127
"CHU_KGZ","air","2025-2030",0.186953700276127
"CHU_KGZ","air","2030-2035",0.186953700276127
"CHU_KGZ","air","2035-2040",0.186953700276127
"CHU_KGZ","air","2040-2045",0.186953700276127
"CHU_KGZ","air","2045-2050",0.186953700276127
"CHU_KGZ","arf","2005-2010",0.223899619174195
"CHU_KGZ","arf","2010-2015",0.223899619174195
"CHU_KGZ","arf","2015-2020",0.223899619174195
"CHU_KGZ","arf","2020-2025",0.223899619174195
"CHU_KGZ","arf","2025-2030",0.223899619174195
"CHU_KGZ","arf","2030-2035",0.223899619174195
"CHU_KGZ","arf","2035-2040",0.223899619174195
"CHU_KGZ","arf","2040-2045",0.223899619174195
"CHU_KGZ","arf","2045-2050",0.223899619174195
"COB_CAN","air","2005-2010",1.82125378804427
"COB_CAN","air","2010-2015",1.82125378804427
"COB_CAN","air","2015-2020",1.82125378804427
"COB_CAN","air","2020-2025",1.82125378804427
"COB_CAN","air","2025-2030",1.82125378804427
"COB_CAN","air","2030-2035",1.82125378804427
"COB_CAN","air","2035-2040",1.82125378804427
"COB_CAN","air","2040-2045",1.82125378804427
"COB_CAN","air","2045-2050",1.82125378804427
"COB_CAN","arf","2005-2010",-0.170271295637259
"COB_CAN","arf","2010-2015",-0.170271295637259
"COB_CAN","arf","2015-2020",-0.170271295637259
"COB_CAN","arf","2020-2025",-0.170271295637259
"COB_CAN","arf","2025-2030",-0.170271295637259
"COB_CAN","arf","2030-2035",-0.170271295637259
"COB_CAN","arf","2035-2040",-0.170271295637259
"COB_CAN","arf","2040-2045",-0.170271295637259
"COB_CAN","arf","2045-2050",-0.170271295637259
"COB_USA","air","2005-2010",0.700569074691426
"COB_USA","air","2010-2015",0.700569074691426
"COB_USA","air","2015-2020",0.700569074691426
"COB_USA","air","2020-2025",0.700569074691426
"COB_USA","air","2025-2030",0.700569074691426
"COB_USA","air","2030-2035",0.700569074691426
"COB_USA","air","2035-2040",0.700569074691426
"COB_USA","air","2040-2045",0.700569074691426
"COB_USA","air","2045-2050",0.700569074691426
"COB_USA","arf","2005-2010",-0.0540684073146114
"COB_USA","arf","2010-2015",-0.0540684073146114
"COB_USA","arf","2015-2020",-0.0540684073146114
"COB_USA","arf","2020-2025",-0.0540684073146114
"COB_USA","arf","2025-2030",-0.0540684073146114
"COB_USA","arf","2030-2035",-0.0540684073146114
"COB_USA","arf","2035-2040",-0.0540684073146114
"COB_USA","arf","2040-2045",-0.0540684073146114
"COB_USA","arf","2045-2050",-0.0540684073146114
"COL_USA","air","2005-2010",0.700569074691426
"COL_USA","air","2010-2015",0.700569074691426
"COL_USA","air","2015-2020",0.700569074691426
"COL_USA","air","2020-2025",0.700569074691426
"COL_USA","air","2025-2030",0.700569074691426
"COL_USA","air","2030-2035",0.700569074691426
"COL_USA","air","2035-2040",0.700569074691426
"COL_USA","air","2040-2045",0.700569074691426
"COL_USA","air","2045-2050",0.700569074691426
"COL_USA","arf","2005-2010",-0.0540684073146114
"COL_USA","arf","2010-2015",-0.0540684073146114
"COL_USA","arf","2015-2020",-0.0540684073146114
"COL_USA","arf","2020-2025",-0.0540684073146114
"COL_USA","arf","2025-2030",-0.0540684073146114
"COL_USA","arf","2030-2035",-0.0540684073146114
"COL_USA","arf","2035-2040",-0.0540684073146114
"COL_USA","arf","2040-2045",-0.0540684073146114
"COL_USA","arf","2045-2050",-0.0540684073146114
"CON_AGO","air","2005-2010",2.09817881490983
"CON_AGO","air","2010-2015",2.09817881490983
"CON_AGO","air","2015-2020",2.09817881490983
"CON_AGO","air","2020-2025",2.09817881490983
"CON_AGO","air","2025-2030",2.09817881490983
"CON_AGO","air","2030-2035",2.09817881490983
"CON_AGO","air","2035-2040",2.09817881490983
"CON_AGO","air","2040-2045",2.09817881490983
"CON_AGO","air","2045-2050",2.09817881490983
"CON_AGO","arf","2005-2010",0.630308063691043
"CON_AGO","arf","2010-2015",0.630308063691043
"CON_AGO","arf","2015-2020",0.630308063691043
"CON_AGO","arf","2020-2025",0.630308063691043
"CON_AGO","arf","2025-2030",0.630308063691043
"CON_AGO","arf","2030-2035",0.630308063691043
"CON_AGO","arf","2035-2040",0.630308063691043
"CON_AGO","arf","2040-2045",0.630308063691043
"CON_AGO","arf","2045-2050",0.630308063691043
"CON_CAF","air","2005-2010",0.519990695383998
"CON_CAF","air","2010-2015",0.519990695383998
"CON_CAF","air","2015-2020",0.519990695383998
"CON_CAF","air","2020-2025",0.519990695383998
"CON_CAF","air","2025-2030",0.519990695383998
"CON_CAF","air","2030-2035",0.519990695383998
"CON_CAF","air","2035-2040",0.519990695383998
"CON_CAF","air","2040-2045",0.519990695383998
"CON_CAF","air","2045-2050",0.519990695383998
"CON_CAF","arf","2005-2010",1.00644630948425
"CON_CAF","arf","2010-2015",1.00644630948425
"CON_CAF","arf","2015-2020",1.00644630948425
"CON_CAF","arf","2020-2025",1.00644630948425
"CON_CAF","arf","2025-2030",1.00644630948425
"CON_CAF","arf","2030-2035",1.00644630948425
"CON_CAF","arf","2035-2040",1.00644630948425
"CON_CAF","arf","2040-2045",1.00644630948425
"CON_CAF","arf","2045-2050",1.00644630948425
"CON_COD","air","2005-2010",1.2246287617611
"CON_COD","air","2010-2015",1.2246287617611
"CON_COD","air","2015-2020",1.2246287617611
"CON_COD","air","2020-2025",1.2246287617611
"CON_COD","air","2025-2030",1.2246287617611
"CON_COD","air","2030-2035",1.2246287617611
"CON_COD","air","2035-2040",1.2246287617611
"CON_COD","air","2040-2045",1.2246287617611
"CON_COD","air","2045-2050",1.2246287617611
"CON_COD","arf","2005-2010",0.937599206122308
"CON_COD","arf","2010-2015",0.937599206122308
"CON_COD","arf","2015-2020",0.937599206122308
"CON_COD","arf","2020-2025",0.937599206122308
"CON_COD","arf","2025-2030",0.937599206122308
"CON_COD","arf","2030-2035",0.937599206122308
"CON_COD","arf","2035-2040",0.937599206122308
"CON_COD","arf","2040-2045",0.937599206122308
"CON_COD","arf","2045-2050",0.937599206122308
"CON_COG","air","2005-2010",0.165649219663822
"CON_COG","air","2010-2015",0.165649219663822
"CON_COG","air","2015-2020",0.165649219663822
"CON_COG","air","2020-2025",0.165649219663822
"CON_COG","air","2025-2030",0.165649219663822
"CON_COG","air","2030-2035",0.165649219663822
"CON_COG","air","2035-2040",0.165649219663822
"CON_COG","air","2040-2045",0.165649219663822
"CON_COG","air","2045-2050",0.165649219663822
"CON_COG","arf","2005-2010",1.12896408382188
"CON_COG","arf","2010-2015",1.12896408382188
"CON_COG","arf","2015-2020",1.12896408382188
"CON_COG","arf","2020-2025",1.12896408382188
"CON_COG","arf","2025-2030",1.12896408382188
"CON_COG","arf","2030-2035",1.12896408382188
"CON_COG","arf","2035-2040",1.12896408382188
"CON_COG","arf","2040-2045",1.12896408382188
"CON_COG","arf","2045-2050",1.12896408382188
"CRB_CRB","air","2005-2010",0.470328882709259
"CRB_CRB","air","2010-2015",0.470328882709259
"CRB_CRB","air","2015-2020",0.470328882709259
"CRB_CRB","air","2020-2025",0.470328882709259
"CRB_CRB","air","2025-2030",0.470328882709259
"CRB_CRB","air","2030-2035",0.470328882709259
"CRB_CRB","air","2035-2040",0.470328882709259
"CRB_CRB","air","2040-2045",0.470328882709259
"CRB_CRB","air","2045-2050",0.470328882709259
"CRB_CRB","arf","2005-2010",0.415473046121217
"CRB_CRB","arf","2010-2015",0.415473046121217
"CRB_CRB","arf","2015-2020",0.415473046121217
"CRB_CRB","arf","2020-2025",0.415473046121217
"CRB_CRB","arf","2025-2030",0.415473046121217
"CRB_CRB","arf","2030-2035",0.415473046121217
"CRB_CRB","arf","2035-2040",0.415473046121217
"CRB_CRB","arf","2040-2045",0.415473046121217
"CRB_CRB","arf","2045-2050",0.415473046121217
"CRI_CRI","air","2005-2010",0.898624453099139
"CRI_CRI","air","2010-2015",0.898624453099139
"CRI_CRI","air","2015-2020",0.898624453099139
"CRI_CRI","air","2020-2025",0.898624453099139
"CRI_CRI","air","2025-2030",0.898624453099139
"CRI_CRI","air","2030-2035",0.898624453099139
"CRI_CRI","air","2035-2040",0.898624453099139
"CRI_CRI","air","2040-2045",0.898624453099139
"CRI_CRI","air","2045-2050",0.898624453099139
"CRI_CRI","arf","2005-2010",0.579952317952492
"CRI_CRI","arf","2010-2015",0.579952317952492
"CRI_CRI","arf","2015-2020",0.579952317952492
"CRI_CRI","arf","2020-2025",0.579952317952492
"CRI_CRI","arf","2025-2030",0.579952317952492
"CRI_CRI","arf","2030-2035",0.579952317952492
"CRI_CRI","arf","2035-2040",0.579952317952492
"CRI_CRI","arf","2040-2045",0.579952317952492
"CRI_CRI","arf","2045-2050",0.579952317952492
"CUB_CUB","air","2005-2010",0.898624453099139
"CUB_CUB","air","2010-2015",0.898624453099139
"CUB_CUB","air","2015-2020",0.898624453099139
"CUB_CUB","air","2020-2025",0.898624453099139
"CUB_CUB","air","2025-2030",0.898624453099139
"CUB_CUB","air","2030-2035",0.898624453099139
"CUB_CUB","air","2035-2040",0.898624453099139
"CUB_CUB","air","2040-2045",0.898624453099139
"CUB_CUB","air","2045-2050",0.898624453099139
"CUB_CUB","arf","2005-2010",0.579952317952492
"CUB_CUB","arf","2010-2015",0.579952317952492
"CUB_CUB","arf","2015-2020",0.579952317952492
"CUB_CUB","arf","2020-2025",0.579952317952492
"CUB_CUB","arf","2025-2030",0.579952317952492
"CUB_CUB","arf","2030-2035",0.579952317952492
"CUB_CUB","arf","2035-2040",0.579952317952492
"CUB_CUB","arf","2040-2045",0.579952317952492
"CUB_CUB","arf","2045-2050",0.579952317952492
"DAN_AUT","air","2005-2010",0.249427206421693
"DAN_AUT","air","2010-2015",0.249427206421693
"DAN_AUT","air","2015-2020",0.249427206421693
"DAN_AUT","air","2020-2025",0.249427206421693
"DAN_AUT","air","2025-2030",0.249427206421693
"DAN_AUT","air","2030-2035",0.249427206421693
"DAN_AUT","air","2035-2040",0.249427206421693
"DAN_AUT","air","2040-2045",0.249427206421693
"DAN_AUT","air","2045-2050",0.249427206421693
"DAN_AUT","arf","2005-2010",-0.327818781423295
"DAN_AUT","arf","2010-2015",-0.327818781423295
"DAN_AUT","arf","2015-2020",-0.327818781423295
"DAN_AUT","arf","2020-2025",-0.327818781423295
"DAN_AUT","arf","2025-2030",-0.327818781423295
"DAN_AUT","arf","2030-2035",-0.327818781423295
"DAN_AUT","arf","2035-2040",-0.327818781423295
"DAN_AUT","arf","2040-2045",-0.327818781423295
"DAN_AUT","arf","2045-2050",-0.327818781423295
"DAN_BGR","air","2005-2010",0.0645133876669313
"DAN_BGR","air","2010-2015",0.0645133876669313
"DAN_BGR","air","2015-2020",0.0645133876669313
"DAN_BGR","air","2020-2025",0.0645133876669313
"DAN_BGR","air","2025-2030",0.0645133876669313
"DAN_BGR","air","2030-2035",0.0645133876669313
"DAN_BGR","air","2035-2040",0.0645133876669313
"DAN_BGR","air","2040-2045",0.0645133876669313
"DAN_BGR","air","2045-2050",0.0645133876669313
"DAN_BGR","arf","2005-2010",-0.19661679308226
"DAN_BGR","arf","2010-2015",-0.19661679308226
"DAN_BGR","arf","2015-2020",-0.19661679308226
"DAN_BGR","arf","2020-2025",-0.19661679308226
"DAN_BGR","arf","2025-2030",-0.19661679308226
"DAN_BGR","arf","2030-2035",-0.19661679308226
"DAN_BGR","arf","2035-2040",-0.19661679308226
"DAN_BGR","arf","2040-2045",-0.19661679308226
"DAN_BGR","arf","2045-2050",-0.19661679308226
"DAN_CZE","air","2005-2010",0.0645133876669313
"DAN_CZE","air","2010-2015",0.0645133876669313
"DAN_CZE","air","2015-2020",0.0645133876669313
"DAN_CZE","air","2020-2025",0.0645133876669313
"DAN_CZE","air","2025-2030",0.0645133876669313
"DAN_CZE","air","2030-2035",0.0645133876669313
"DAN_CZE","air","2035-2040",0.0645133876669313
"DAN_CZE","air","2040-2045",0.0645133876669313
"DAN_CZE","air","2045-2050",0.0645133876669313
"DAN_CZE","arf","2005-2010",-0.19661679308226
"DAN_CZE","arf","2010-2015",-0.19661679308226
"DAN_CZE","arf","2015-2020",-0.19661679308226
"DAN_CZE","arf","2020-2025",-0.19661679308226
"DAN_CZE","arf","2025-2030",-0.19661679308226
"DAN_CZE","arf","2030-2035",-0.19661679308226
"DAN_CZE","arf","2035-2040",-0.19661679308226
"DAN_CZE","arf","2040-2045",-0.19661679308226
"DAN_CZE","arf","2045-2050",-0.19661679308226
"DAN_DEU","air","2005-2010",0.113053167754984
"DAN_DEU","air","2010-2015",0.113053167754984
"DAN_DEU","air","2015-2020",0.113053167754984
"DAN_DEU","air","2020-2025",0.113053167754984
"DAN_DEU","air","2025-2030",0.113053167754984
"DAN_DEU","air","2030-2035",0.113053167754984
"DAN_DEU","air","2035-2040",0.113053167754984
"DAN_DEU","air","2040-2045",0.113053167754984
"DAN_DEU","air","2045-2050",0.113053167754984
"DAN_DEU","arf","2005-2010",-0.288187935030459
"DAN_DEU","arf","2010-2015",-0.288187935030459
"DAN_DEU","arf","2015-2020",-0.288187935030459
"DAN_DEU","arf","2020-2025",-0.288187935030459
"DAN_DEU","arf","2025-2030",-0.288187935030459
"DAN_DEU","arf","2030-2035",-0.288187935030459
"DAN_DEU","arf","2035-2040",-0.288187935030459
"DAN_DEU","arf","2040-2045",-0.288187935030459
"DAN_DEU","arf","2045-2050",-0.288187935030459
"DAN_HRV","air","2005-2010",0.450756601946156
"DAN_HRV","air","2010-2015",0.450756601946156
"DAN_HRV","air","2015-2020",0.450756601946156
"DAN_HRV","air","2020-2025",0.450756601946156
"DAN_HRV","air","2025-2030",0.450756601946156
"DAN_HRV","air","2030-2035",0.450756601946156
"DAN_HRV","air","2035-2040",0.450756601946156
"DAN_HRV","air","2040-2045",0.450756601946156
"DAN_HRV","air","2045-2050",0.450756601946156
"DAN_HRV","arf","2005-2010",-0.00904258596333696
"DAN_HRV","arf","2010-2015",-0.00904258596333696
"DAN_HRV","arf","2015-2020",-0.00904258596333696
"DAN_HRV","arf","2020-2025",-0.00904258596333696
"DAN_HRV","arf","2025-2030",-0.00904258596333696
"DAN_HRV","arf","2030-2035",-0.00904258596333696
"DAN_HRV","arf","2035-2040",-0.00904258596333696
"DAN_HRV","arf","2040-2045",-0.00904258596333696
"DAN_HRV","arf","2045-2050",-0.00904258596333696
"DAN_HUN","air","2005-2010",0.0645133876669313
"DAN_HUN","air","2010-2015",0.0645133876669313
"DAN_HUN","air","2015-2020",0.0645133876669313
"DAN_HUN","air","2020-2025",0.0645133876669313
"DAN_HUN","air","2025-2030",0.0645133876669313
"DAN_HUN","air","2030-2035",0.0645133876669313
"DAN_HUN","air","2035-2040",0.0645133876669313
"DAN_HUN","air","2040-2045",0.0645133876669313
"DAN_HUN","air","2045-2050",0.0645133876669313
"DAN_HUN","arf","2005-2010",-0.19661679308226
"DAN_HUN","arf","2010-2015",-0.19661679308226
"DAN_HUN","arf","2015-2020",-0.19661679308226
"DAN_HUN","arf","2020-2025",-0.19661679308226
"DAN_HUN","arf","2025-2030",-0.19661679308226
"DAN_HUN","arf","2030-2035",-0.19661679308226
"DAN_HUN","arf","2035-2040",-0.19661679308226
"DAN_HUN","arf","2040-2045",-0.19661679308226
"DAN_HUN","arf","2045-2050",-0.19661679308226
"DAN_MDA","air","2005-2010",0.0645133876669313
"DAN_MDA","air","2010-2015",0.0645133876669313
"DAN_MDA","air","2015-2020",0.0645133876669313
"DAN_MDA","air","2020-2025",0.0645133876669313
"DAN_MDA","air","2025-2030",0.0645133876669313
"DAN_MDA","air","2030-2035",0.0645133876669313
"DAN_MDA","air","2035-2040",0.0645133876669313
"DAN_MDA","air","2040-2045",0.0645133876669313
"DAN_MDA","air","2045-2050",0.0645133876669313
"DAN_MDA","arf","2005-2010",-0.19661679308226
"DAN_MDA","arf","2010-2015",-0.19661679308226
"DAN_MDA","arf","2015-2020",-0.19661679308226
"DAN_MDA","arf","2020-2025",-0.19661679308226
"DAN_MDA","arf","2025-2030",-0.19661679308226
"DAN_MDA","arf","2030-2035",-0.19661679308226
"DAN_MDA","arf","2035-2040",-0.19661679308226
"DAN_MDA","arf","2040-2045",-0.19661679308226
"DAN_MDA","arf","2045-2050",-0.19661679308226
"DAN_OBN","air","2005-2010",0.241565787808073
"DAN_OBN","air","2010-2015",0.241565787808073
"DAN_OBN","air","2015-2020",0.241565787808073
"DAN_OBN","air","2020-2025",0.241565787808073
"DAN_OBN","air","2025-2030",0.241565787808073
"DAN_OBN","air","2030-2035",0.241565787808073
"DAN_OBN","air","2035-2040",0.241565787808073
"DAN_OBN","air","2040-2045",0.241565787808073
"DAN_OBN","air","2045-2050",0.241565787808073
"DAN_OBN","arf","2005-2010",-0.00904258596333696
"DAN_OBN","arf","2010-2015",-0.00904258596333696
"DAN_OBN","arf","2015-2020",-0.00904258596333696
"DAN_OBN","arf","2020-2025",-0.00904258596333696
"DAN_OBN","arf","2025-2030",-0.00904258596333696
"DAN_OBN","arf","2030-2035",-0.00904258596333696
"DAN_OBN","arf","2035-2040",-0.00904258596333696
"DAN_OBN","arf","2040-2045",-0.00904258596333696
"DAN_OBN","arf","2045-2050",-0.00904258596333696
"DAN_ROU","air","2005-2010",0.0645133876669313
"DAN_ROU","air","2010-2015",0.0645133876669313
"DAN_ROU","air","2015-2020",0.0645133876669313
"DAN_ROU","air","2020-2025",0.0645133876669313
"DAN_ROU","air","2025-2030",0.0645133876669313
"DAN_ROU","air","2030-2035",0.0645133876669313
"DAN_ROU","air","2035-2040",0.0645133876669313
"DAN_ROU","air","2040-2045",0.0645133876669313
"DAN_ROU","air","2045-2050",0.0645133876669313
"DAN_ROU","arf","2005-2010",-0.19661679308226
"DAN_ROU","arf","2010-2015",-0.19661679308226
"DAN_ROU","arf","2015-2020",-0.19661679308226
"DAN_ROU","arf","2020-2025",-0.19661679308226
"DAN_ROU","arf","2025-2030",-0.19661679308226
"DAN_ROU","arf","2030-2035",-0.19661679308226
"DAN_ROU","arf","2035-2040",-0.19661679308226
"DAN_ROU","arf","2040-2045",-0.19661679308226
"DAN_ROU","arf","2045-2050",-0.19661679308226
"DAN_SVK","air","2005-2010",0.0645133876669313
"DAN_SVK","air","2010-2015",0.0645133876669313
"DAN_SVK","air","2015-2020",0.0645133876669313
"DAN_SVK","air","2020-2025",0.0645133876669313
"DAN_SVK","air","2025-2030",0.0645133876669313
"DAN_SVK","air","2030-2035",0.0645133876669313
"DAN_SVK","air","2035-2040",0.0645133876669313
"DAN_SVK","air","2040-2045",0.0645133876669313
"DAN_SVK","air","2045-2050",0.0645133876669313
"DAN_SVK","arf","2005-2010",-0.196616793082272
"DAN_SVK","arf","2010-2015",-0.196616793082272
"DAN_SVK","arf","2015-2020",-0.196616793082272
"DAN_SVK","arf","2020-2025",-0.196616793082272
"DAN_SVK","arf","2025-2030",-0.196616793082272
"DAN_SVK","arf","2030-2035",-0.196616793082272
"DAN_SVK","arf","2035-2040",-0.196616793082272
"DAN_SVK","arf","2040-2045",-0.196616793082272
"DAN_SVK","arf","2045-2050",-0.196616793082272
"DAN_SVN","air","2005-2010",0.125096072173081
"DAN_SVN","air","2010-2015",0.125096072173081
"DAN_SVN","air","2015-2020",0.125096072173081
"DAN_SVN","air","2020-2025",0.125096072173081
"DAN_SVN","air","2025-2030",0.125096072173081
"DAN_SVN","air","2030-2035",0.125096072173081
"DAN_SVN","air","2035-2040",0.125096072173081
"DAN_SVN","air","2040-2045",0.125096072173081
"DAN_SVN","air","2045-2050",0.125096072173081
"DAN_SVN","arf","2005-2010",-0.00904258596333696
"DAN_SVN","arf","2010-2015",-0.00904258596333696
"DAN_SVN","arf","2015-2020",-0.00904258596333696
"DAN_SVN","arf","2020-2025",-0.00904258596333696
"DAN_SVN","arf","2025-2030",-0.00904258596333696
"DAN_SVN","arf","2030-2035",-0.00904258596333696
"DAN_SVN","arf","2035-2040",-0.00904258596333696
"DAN_SVN","arf","2040-2045",-0.00904258596333696
"DAN_SVN","arf","2045-2050",-0.00904258596333696
"DAN_TUR","air","2005-2010",0.290927385586248
"DAN_TUR","air","2010-2015",0.290927385586248
"DAN_TUR","air","2015-2020",0.290927385586248
"DAN_TUR","air","2020-2025",0.290927385586248
"DAN_TUR","air","2025-2030",0.290927385586248
"DAN_TUR","air","2030-2035",0.290927385586248
"DAN_TUR","air","2035-2040",0.290927385586248
"DAN_TUR","air","2040-2045",0.290927385586248
"DAN_TUR","air","2045-2050",0.290927385586248
"DAN_TUR","arf","2005-2010",0.230017430258478
"DAN_TUR","arf","2010-2015",0.230017430258478
"DAN_TUR","arf","2015-2020",0.230017430258478
"DAN_TUR","arf","2020-2025",0.230017430258478
"DAN_TUR","arf","2025-2030",0.230017430258478
"DAN_TUR","arf","2030-2035",0.230017430258478
"DAN_TUR","arf","2035-2040",0.230017430258478
"DAN_TUR","arf","2040-2045",0.230017430258478
"DAN_TUR","arf","2045-2050",0.230017430258478
"DAN_UKR","air","2005-2010",0.361654069035766
"DAN_UKR","air","2010-2015",0.361654069035766
"DAN_UKR","air","2015-2020",0.361654069035766
"DAN_UKR","air","2020-2025",0.361654069035766
"DAN_UKR","air","2025-2030",0.361654069035766
"DAN_UKR","air","2030-2035",0.361654069035766
"DAN_UKR","air","2035-2040",0.361654069035766
"DAN_UKR","air","2040-2045",0.361654069035766
"DAN_UKR","air","2045-2050",0.361654069035766
"DAN_UKR","arf","2005-2010",0.00297617131355121
"DAN_UKR","arf","2010-2015",0.00297617131355121
"DAN_UKR","arf","2015-2020",0.00297617131355121
"DAN_UKR","arf","2020-2025",0.00297617131355121
"DAN_UKR","arf","2025-2030",0.00297617131355121
"DAN_UKR","arf","2030-2035",0.00297617131355121
"DAN_UKR","arf","2035-2040",0.00297617131355121
"DAN_UKR","arf","2040-2045",0.00297617131355121
"DAN_UKR","arf","2045-2050",0.00297617131355121
"DNI_BLR","air","2005-2010",0.273789933571789
"DNI_BLR","air","2010-2015",0.273789933571789
"DNI_BLR","air","2015-2020",0.273789933571789
"DNI_BLR","air","2020-2025",0.273789933571789
"DNI_BLR","air","2025-2030",0.273789933571789
"DNI_BLR","air","2030-2035",0.273789933571789
"DNI_BLR","air","2035-2040",0.273789933571789
"DNI_BLR","air","2040-2045",0.273789933571789
"DNI_BLR","air","2045-2050",0.273789933571789
"DNI_BLR","arf","2005-2010",-0.286338123905339
"DNI_BLR","arf","2010-2015",-0.286338123905339
"DNI_BLR","arf","2015-2020",-0.286338123905339
"DNI_BLR","arf","2020-2025",-0.286338123905339
"DNI_BLR","arf","2025-2030",-0.286338123905339
"DNI_BLR","arf","2030-2035",-0.286338123905339
"DNI_BLR","arf","2035-2040",-0.286338123905339
"DNI_BLR","arf","2040-2045",-0.286338123905339
"DNI_BLR","arf","2045-2050",-0.286338123905339
"DNI_RUS","air","2005-2010",0.906776984765623
"DNI_RUS","air","2010-2015",0.906776984765623
"DNI_RUS","air","2015-2020",0.906776984765623
"DNI_RUS","air","2020-2025",0.906776984765623
"DNI_RUS","air","2025-2030",0.906776984765623
"DNI_RUS","air","2030-2035",0.906776984765623
"DNI_RUS","air","2035-2040",0.906776984765623
"DNI_RUS","air","2040-2045",0.906776984765623
"DNI_RUS","air","2045-2050",0.906776984765623
"DNI_RUS","arf","2005-2010",0.0117537050096539
"DNI_RUS","arf","2010-2015",0.0117537050096539
"DNI_RUS","arf","2015-2020",0.0117537050096539
"DNI_RUS","arf","2020-2025",0.0117537050096539
"DNI_RUS","arf","2025-2030",0.0117537050096539
"DNI_RUS","arf","2030-2035",0.0117537050096539
"DNI_RUS","arf","2035-2040",0.0117537050096539
"DNI_RUS","arf","2040-2045",0.0117537050096539
"DNI_RUS","arf","2045-2050",0.0117537050096539
"DNI_UKR","air","2005-2010",0.361654069035766
"DNI_UKR","air","2010-2015",0.361654069035766
"DNI_UKR","air","2015-2020",0.361654069035766
"DNI_UKR","air","2020-2025",0.361654069035766
"DNI_UKR","air","2025-2030",0.361654069035766
"DNI_UKR","air","2030-2035",0.361654069035766
"DNI_UKR","air","2035-2040",0.361654069035766
"DNI_UKR","air","2040-2045",0.361654069035766
"DNI_UKR","air","2045-2050",0.361654069035766
"DNI_UKR","arf","2005-2010",0.00297617131355121
"DNI_UKR","arf","2010-2015",0.00297617131355121
"DNI_UKR","arf","2015-2020",0.00297617131355121
"DNI_UKR","arf","2020-2025",0.00297617131355121
"DNI_UKR","arf","2025-2030",0.00297617131355121
"DNI_UKR","arf","2030-2035",0.00297617131355121
"DNI_UKR","arf","2035-2040",0.00297617131355121
"DNI_UKR","arf","2040-2045",0.00297617131355121
"DNI_UKR","arf","2045-2050",0.00297617131355121
"DOM_DOM","air","2005-2010",0.898624453099139
"DOM_DOM","air","2010-2015",0.898624453099139
"DOM_DOM","air","2015-2020",0.898624453099139
"DOM_DOM","air","2020-2025",0.898624453099139
"DOM_DOM","air","2025-2030",0.898624453099139
"DOM_DOM","air","2030-2035",0.898624453099139
"DOM_DOM","air","2035-2040",0.898624453099139
"DOM_DOM","air","2040-2045",0.898624453099139
"DOM_DOM","air","2045-2050",0.898624453099139
"DOM_DOM","arf","2005-2010",0.579952317952492
"DOM_DOM","arf","2010-2015",0.579952317952492
"DOM_DOM","arf","2015-2020",0.579952317952492
"DOM_DOM","arf","2020-2025",0.579952317952492
"DOM_DOM","arf","2025-2030",0.579952317952492
"DOM_DOM","arf","2030-2035",0.579952317952492
"DOM_DOM","arf","2035-2040",0.579952317952492
"DOM_DOM","arf","2040-2045",0.579952317952492
"DOM_DOM","arf","2045-2050",0.579952317952492
"EAC_BDI","air","2005-2010",1.83754589741698
"EAC_BDI","air","2010-2015",1.83754589741698
"EAC_BDI","air","2015-2020",1.83754589741698
"EAC_BDI","air","2020-2025",1.83754589741698
"EAC_BDI","air","2025-2030",1.83754589741698
"EAC_BDI","air","2030-2035",1.83754589741698
"EAC_BDI","air","2035-2040",1.83754589741698
"EAC_BDI","air","2040-2045",1.83754589741698
"EAC_BDI","air","2045-2050",1.83754589741698
"EAC_BDI","arf","2005-2010",0.763664344715176
"EAC_BDI","arf","2010-2015",0.763664344715176
"EAC_BDI","arf","2015-2020",0.763664344715176
"EAC_BDI","arf","2020-2025",0.763664344715176
"EAC_BDI","arf","2025-2030",0.763664344715176
"EAC_BDI","arf","2030-2035",0.763664344715176
"EAC_BDI","arf","2035-2040",0.763664344715176
"EAC_BDI","arf","2040-2045",0.763664344715176
"EAC_BDI","arf","2045-2050",0.763664344715176
"EAC_COD","air","2005-2010",1.2246287617611
"EAC_COD","air","2010-2015",1.2246287617611
"EAC_COD","air","2015-2020",1.2246287617611
"EAC_COD","air","2020-2025",1.2246287617611
"EAC_COD","air","2025-2030",1.2246287617611
"EAC_COD","air","2030-2035",1.2246287617611
"EAC_COD","air","2035-2040",1.2246287617611
"EAC_COD","air","2040-2045",1.2246287617611
"EAC_COD","air","2045-2050",1.2246287617611
"EAC_COD","arf","2005-2010",0.937599206122308
"EAC_COD","arf","2010-2015",0.937599206122308
"EAC_COD","arf","2015-2020",0.937599206122308
"EAC_COD","arf","2020-2025",0.937599206122308
"EAC_COD","arf","2025-2030",0.937599206122308
"EAC_COD","arf","2030-2035",0.937599206122308
"EAC_COD","arf","2035-2040",0.937599206122308
"EAC_COD","arf","2040-2045",0.937599206122308
"EAC_COD","arf","2045-2050",0.937599206122308
"EAC_RWA","air","2005-2010",2.00420235269081
"EAC_RWA","air","2010-2015",2.00420235269081
"EAC_RWA","air","2015-2020",2.00420235269081
"EAC_RWA","air","2020-2025",2.00420235269081
"EAC_RWA","air","2025-2030",2.00420235269081
"EAC_RWA","air","2030-2035",2.00420235269081
"EAC_RWA","air","2035-2040",2.00420235269081
"EAC_RWA","air","2040-2045",2.00420235269081
"EAC_RWA","air","2045-2050",2.00420235269081
"EAC_RWA","arf","2005-2010",0.870827700385002
"EAC_RWA","arf","2010-2015",0.870827700385002
"EAC_RWA","arf","2015-2020",0.870827700385002
"EAC_RWA","arf","2020-2025",0.870827700385002
"EAC_RWA","arf","2025-2030",0.870827700385002
"EAC_RWA","arf","2030-2035",0.870827700385002
"EAC_RWA","arf","2035-2040",0.870827700385002
"EAC_RWA","arf","2040-2045",0.870827700385002
"EAC_RWA","arf","2045-2050",0.870827700385002
"EAC_TZA","air","2005-2010",3.77746724475188
"EAC_TZA","air","2010-2015",3.77746724475188
"EAC_TZA","air","2015-2020",3.77746724475188
"EAC_TZA","air","2020-2025",3.77746724475188
"EAC_TZA","air","2025-2030",3.77746724475188
"EAC_TZA","air","2030-2035",3.77746724475188
"EAC_TZA","air","2035-2040",3.77746724475188
"EAC_TZA","air","2040-2045",3.77746724475188
"EAC_TZA","air","2045-2050",3.77746724475188
"EAC_TZA","arf","2005-2010",0.556597667847303
"EAC_TZA","arf","2010-2015",0.556597667847303
"EAC_TZA","arf","2015-2020",0.556597667847303
"EAC_TZA","arf","2020-2025",0.556597667847303
"EAC_TZA","arf","2025-2030",0.556597667847303
"EAC_TZA","arf","2030-2035",0.556597667847303
"EAC_TZA","arf","2035-2040",0.556597667847303
"EAC_TZA","arf","2040-2045",0.556597667847303
"EAC_TZA","arf","2045-2050",0.556597667847303
"EAU_AUS","air","2005-2010",-0.0373390733343637
"EAU_AUS","air","2010-2015",-0.0373390733343637
"EAU_AUS","air","2015-2020",-0.0373390733343637
"EAU_AUS","air","2020-2025",-0.0373390733343637
"EAU_AUS","air","2025-2030",-0.0373390733343637
"EAU_AUS","air","2030-2035",-0.0373390733343637
"EAU_AUS","air","2035-2040",-0.0373390733343637
"EAU_AUS","air","2040-2045",-0.0373390733343637
"EAU_AUS","air","2045-2050",-0.0373390733343637
"EAU_AUS","arf","2005-2010",-0.0952620667459381
"EAU_AUS","arf","2010-2015",-0.0952620667459381
"EAU_AUS","arf","2015-2020",-0.0952620667459381
"EAU_AUS","arf","2020-2025",-0.0952620667459381
"EAU_AUS","arf","2025-2030",-0.0952620667459381
"EAU_AUS","arf","2030-2035",-0.0952620667459381
"EAU_AUS","arf","2035-2040",-0.0952620667459381
"EAU_AUS","arf","2040-2045",-0.0952620667459381
"EAU_AUS","arf","2045-2050",-0.0952620667459381
"EGH_IND","air","2005-2010",0.694812893297558
"EGH_IND","air","2010-2015",0.694812893297558
"EGH_IND","air","2015-2020",0.694812893297558
"EGH_IND","air","2020-2025",0.694812893297558
"EGH_IND","air","2025-2030",0.694812893297558
"EGH_IND","air","2030-2035",0.694812893297558
"EGH_IND","air","2035-2040",0.694812893297558
"EGH_IND","air","2040-2045",0.694812893297558
"EGH_IND","air","2045-2050",0.694812893297558
"EGH_IND","arf","2005-2010",-0.834128499871711
"EGH_IND","arf","2010-2015",-0.834128499871711
"EGH_IND","arf","2015-2020",-0.834128499871711
"EGH_IND","arf","2020-2025",-0.834128499871711
"EGH_IND","arf","2025-2030",-0.834128499871711
"EGH_IND","arf","2030-2035",-0.834128499871711
"EGH_IND","arf","2035-2040",-0.834128499871711
"EGH_IND","arf","2040-2045",-0.834128499871711
"EGH_IND","arf","2045-2050",-0.834128499871711
"ELB_DEU","air","2005-2010",0.113053167754984
"ELB_DEU","air","2010-2015",0.113053167754984
"ELB_DEU","air","2015-2020",0.113053167754984
"ELB_DEU","air","2020-2025",0.113053167754984
"ELB_DEU","air","2025-2030",0.113053167754984
"ELB_DEU","air","2030-2035",0.113053167754984
"ELB_DEU","air","2035-2040",0.113053167754984
"ELB_DEU","air","2040-2045",0.113053167754984
"ELB_DEU","air","2045-2050",0.113053167754984
"ELB_DEU","arf","2005-2010",-0.288187935030459
"ELB_DEU","arf","2010-2015",-0.288187935030459
"ELB_DEU","arf","2015-2020",-0.288187935030459
"ELB_DEU","arf","2020-2025",-0.288187935030459
"ELB_DEU","arf","2025-2030",-0.288187935030459
"ELB_DEU","arf","2030-2035",-0.288187935030459
"ELB_DEU","arf","2035-2040",-0.288187935030459
"ELB_DEU","arf","2040-2045",-0.288187935030459
"ELB_DEU","arf","2045-2050",-0.288187935030459
"ELB_DNK","air","2005-2010",0.312343357686151
"ELB_DNK","air","2010-2015",0.312343357686151
"ELB_DNK","air","2015-2020",0.312343357686151
"ELB_DNK","air","2020-2025",0.312343357686151
"ELB_DNK","air","2025-2030",0.312343357686151
"ELB_DNK","air","2030-2035",0.312343357686151
"ELB_DNK","air","2035-2040",0.312343357686151
"ELB_DNK","air","2040-2045",0.312343357686151
"ELB_DNK","air","2045-2050",0.312343357686151
"ELB_DNK","arf","2005-2010",-0.559515244495812
"ELB_DNK","arf","2010-2015",-0.559515244495812
"ELB_DNK","arf","2015-2020",-0.559515244495812
"ELB_DNK","arf","2020-2025",-0.559515244495812
"ELB_DNK","arf","2025-2030",-0.559515244495812
"ELB_DNK","arf","2030-2035",-0.559515244495812
"ELB_DNK","arf","2035-2040",-0.559515244495812
"ELB_DNK","arf","2040-2045",-0.559515244495812
"ELB_DNK","arf","2045-2050",-0.559515244495812
"EME_CYP","air","2005-2010",0.235134953523719
"EME_CYP","air","2010-2015",0.235134953523719
"EME_CYP","air","2015-2020",0.235134953523719
"EME_CYP","air","2020-2025",0.235134953523719
"EME_CYP","air","2025-2030",0.235134953523719
"EME_CYP","air","2030-2035",0.235134953523719
"EME_CYP","air","2035-2040",0.235134953523719
"EME_CYP","air","2040-2045",0.235134953523719
"EME_CYP","air","2045-2050",0.235134953523719
"EME_CYP","arf","2005-2010",0.217393738925908
"EME_CYP","arf","2010-2015",0.217393738925908
"EME_CYP","arf","2015-2020",0.217393738925908
"EME_CYP","arf","2020-2025",0.217393738925908
"EME_CYP","arf","2025-2030",0.217393738925908
"EME_CYP","arf","2030-2035",0.217393738925908
"EME_CYP","arf","2035-2040",0.217393738925908
"EME_CYP","arf","2040-2045",0.217393738925908
"EME_CYP","arf","2045-2050",0.217393738925908
"EME_EGY","air","2005-2010",0.358492306977931
"EME_EGY","air","2010-2015",0.358492306977931
"EME_EGY","air","2015-2020",0.358492306977931
"EME_EGY","air","2020-2025",0.233019999535655
"EME_EGY","air","2025-2030",0.233019999535655
"EME_EGY","air","2030-2035",0.233019999535655
"EME_EGY","air","2035-2040",0.233019999535655
"EME_EGY","air","2040-2045",0.233019999535655
"EME_EGY","air","2045-2050",0.233019999535655
"EME_ISR","air","2005-2010",0.487462194881516
"EME_ISR","air","2010-2015",0.487462194881516
"EME_ISR","air","2015-2020",0.487462194881516
"EME_ISR","air","2020-2025",0.487462194881516
"EME_ISR","air","2025-2030",0.487462194881516
"EME_ISR","air","2030-2035",0.487462194881516
"EME_ISR","air","2035-2040",0.487462194881516
"EME_ISR","air","2040-2045",0.487462194881516
"EME_ISR","air","2045-2050",0.487462194881516
"EME_ISR","arf","2005-2010",0.138231020993773
"EME_ISR","arf","2010-2015",0.138231020993773
"EME_ISR","arf","2015-2020",0.138231020993773
"EME_ISR","arf","2020-2025",0.138231020993773
"EME_ISR","arf","2025-2030",0.138231020993773
"EME_ISR","arf","2030-2035",0.138231020993773
"EME_ISR","arf","2035-2040",0.138231020993773
"EME_ISR","arf","2040-2045",0.138231020993773
"EME_ISR","arf","2045-2050",0.138231020993773
"EME_JOR","air","2005-2010",0.477838433621169
"EME_JOR","air","2010-2015",0.477838433621169
"EME_JOR","air","2015-2020",0.477838433621169
"EME_JOR","air","2020-2025",0.31059498185376
"EME_JOR","air","2025-2030",0.31059498185376
"EME_JOR","air","2030-2035",0.31059498185376
"EME_JOR","air","2035-2040",0.31059498185376
"EME_JOR","air","2040-2045",0.31059498185376
"EME_JOR","air","2045-2050",0.31059498185376
"EME_JOR","arf","2005-2010",0.330591931134538
"EME_JOR","arf","2010-2015",0.330591931134538
"EME_JOR","arf","2015-2020",0.330591931134538
"EME_JOR","arf","2020-2025",0.21488475523745
"EME_JOR","arf","2025-2030",0.21488475523745
"EME_JOR","arf","2030-2035",0.21488475523745
"EME_JOR","arf","2035-2040",0.21488475523745
"EME_JOR","arf","2040-2045",0.21488475523745
"EME_JOR","arf","2045-2050",0.21488475523745
"EME_LBN","air","2005-2010",0.79329310094276
"EME_LBN","air","2010-2015",0.79329310094276
"EME_LBN","air","2015-2020",0.79329310094276
"EME_LBN","air","2020-2025",0.515640515612794
"EME_LBN","air","2025-2030",0.515640515612794
"EME_LBN","air","2030-2035",0.515640515612794
"EME_LBN","air","2035-2040",0.515640515612794
"EME_LBN","air","2040-2045",0.515640515612794
"EME_LBN","air","2045-2050",0.515640515612794
"EME_LBN","arf","2005-2010",0.3583539190956
"EME_LBN","arf","2010-2015",0.3583539190956
"EME_LBN","arf","2015-2020",0.3583539190956
"EME_LBN","arf","2020-2025",0.23293004741214
"EME_LBN","arf","2025-2030",0.23293004741214
"EME_LBN","arf","2030-2035",0.23293004741214
"EME_LBN","arf","2035-2040",0.23293004741214
"EME_LBN","arf","2040-2045",0.23293004741214
"EME_LBN","arf","2045-2050",0.23293004741214
"EME_PSE","air","2005-2010",2.01445382713523
"EME_PSE","air","2010-2015",2.01445382713523
"EME_PSE","air","2015-2020",2.01445382713523
"EME_PSE","air","2020-2025",1.3093949876379
"EME_PSE","air","2025-2030",1.3093949876379
"EME_PSE","air","2030-2035",1.3093949876379
"EME_PSE","air","2035-2040",1.3093949876379
"EME_PSE","air","2040-2045",1.3093949876379
"EME_PSE","air","2045-2050",1.3093949876379
"EME_PSE","arf","2005-2010",0.904400513668913
"EME_PSE","arf","2010-2015",0.904400513668913
"EME_PSE","arf","2015-2020",0.904400513668913
"EME_PSE","arf","2020-2025",0.587860333884793
"EME_PSE","arf","2025-2030",0.587860333884793
"EME_PSE","arf","2030-2035",0.587860333884793
"EME_PSE","arf","2035-2040",0.587860333884793
"EME_PSE","arf","2040-2045",0.587860333884793
"EME_PSE","arf","2045-2050",0.587860333884793
"EME_SYR","air","2005-2010",0.393456796136982
"EME_SYR","air","2010-2015",0.393456796136982
"EME_SYR","air","2015-2020",0.393456796136982
"EME_SYR","air","2020-2025",0.255746917489038
"EME_SYR","air","2025-2030",0.255746917489038
"EME_SYR","air","2030-2035",0.255746917489038
"EME_SYR","air","2035-2040",0.255746917489038
"EME_SYR","air","2040-2045",0.255746917489038
"EME_SYR","air","2045-2050",0.255746917489038
"EME_SYR","arf","2005-2010",0.104511658308182
"EME_SYR","arf","2010-2015",0.104511658308182
"EME_SYR","arf","2015-2020",0.104511658308182
"EME_SYR","arf","2020-2025",0.0679325779003181
"EME_SYR","arf","2025-2030",0.0679325779003181
"EME_SYR","arf","2030-2035",0.0679325779003181
"EME_SYR","arf","2035-2040",0.0679325779003181
"EME_SYR","arf","2040-2045",0.0679325779003181
"EME_SYR","arf","2045-2050",0.0679325779003181
"EME_TUR","air","2005-2010",0.290927385586248
"EME_TUR","air","2010-2015",0.290927385586248
"EME_TUR","air","2015-2020",0.290927385586248
"EME_TUR","air","2020-2025",0.290927385586248
"EME_TUR","air","2025-2030",0.290927385586248
"EME_TUR","air","2030-2035",0.290927385586248
"EME_TUR","air","2035-2040",0.290927385586248
"EME_TUR","air","2040-2045",0.290927385586248
"EME_TUR","air","2045-2050",0.290927385586248
"EME_TUR","arf","2005-2010",0.230017430258478
"EME_TUR","arf","2010-2015",0.230017430258478
"EME_TUR","arf","2015-2020",0.230017430258478
"EME_TUR","arf","2020-2025",0.230017430258478
"EME_TUR","arf","2025-2030",0.230017430258478
"EME_TUR","arf","2030-2035",0.230017430258478
"EME_TUR","arf","2035-2040",0.230017430258478
"EME_TUR","arf","2040-2045",0.230017430258478
"EME_TUR","arf","2045-2050",0.230017430258478
"FJI_FJI","air","2005-2010",1.78988454194104
"FJI_FJI","air","2010-2015",1.78988454194104
"FJI_FJI","air","2015-2020",1.78988454194104
"FJI_FJI","air","2020-2025",1.78988454194104
"FJI_FJI","air","2025-2030",1.78988454194104
"FJI_FJI","air","2030-2035",1.78988454194104
"FJI_FJI","air","2035-2040",1.78988454194104
"FJI_FJI","air","2040-2045",1.78988454194104
"FJI_FJI","air","2045-2050",1.78988454194104
"FJI_FJI","arf","2005-2010",0.415473046121217
"FJI_FJI","arf","2010-2015",0.415473046121217
"FJI_FJI","arf","2015-2020",0.415473046121217
"FJI_FJI","arf","2020-2025",0.415473046121217
"FJI_FJI","arf","2025-2030",0.415473046121217
"FJI_FJI","arf","2030-2035",0.415473046121217
"FJI_FJI","arf","2035-2040",0.415473046121217
"FJI_FJI","arf","2040-2045",0.415473046121217
"FJI_FJI","arf","2045-2050",0.415473046121217
"FNP_FNP","air","2005-2010",0.312343357686151
"FNP_FNP","air","2010-2015",0.312343357686151
"FNP_FNP","air","2015-2020",0.312343357686151
"FNP_FNP","air","2020-2025",0.312343357686151
"FNP_FNP","air","2025-2030",0.312343357686151
"FNP_FNP","air","2030-2035",0.312343357686151
"FNP_FNP","air","2035-2040",0.312343357686151
"FNP_FNP","air","2040-2045",0.312343357686151
"FNP_FNP","air","2045-2050",0.312343357686151
"FNP_FNP","arf","2005-2010",-0.559515244495823
"FNP_FNP","arf","2010-2015",-0.559515244495823
"FNP_FNP","arf","2015-2020",-0.559515244495823
"FNP_FNP","arf","2020-2025",-0.559515244495823
"FNP_FNP","arf","2025-2030",-0.559515244495823
"FNP_FNP","arf","2030-2035",-0.559515244495823
"FNP_FNP","arf","2035-2040",-0.559515244495823
"FNP_FNP","arf","2040-2045",-0.559515244495823
"FNP_FNP","arf","2045-2050",-0.559515244495823
"GAN_BGD","air","2005-2010",0.626491195069745
"GAN_BGD","air","2010-2015",0.626491195069745
"GAN_BGD","air","2015-2020",0.626491195069745
"GAN_BGD","air","2020-2025",0.626491195069745
"GAN_BGD","air","2025-2030",0.626491195069745
"GAN_BGD","air","2030-2035",0.626491195069745
"GAN_BGD","air","2035-2040",0.626491195069745
"GAN_BGD","air","2040-2045",0.626491195069745
"GAN_BGD","air","2045-2050",0.626491195069745
"GAN_BGD","arf","2005-2010",-0.216261355064529
"GAN_BGD","arf","2010-2015",-0.216261355064529
"GAN_BGD","arf","2015-2020",-0.216261355064529
"GAN_BGD","arf","2020-2025",-0.216261355064529
"GAN_BGD","arf","2025-2030",-0.216261355064529
"GAN_BGD","arf","2030-2035",-0.216261355064529
"GAN_BGD","arf","2035-2040",-0.216261355064529
"GAN_BGD","arf","2040-2045",-0.216261355064529
"GAN_BGD","arf","2045-2050",-0.216261355064529
"GAN_CHM","air","2005-2010",0.188894593232791
"GAN_CHM","air","2010-2015",0.188894593232791
"GAN_CHM","air","2015-2020",0.188894593232791
"GAN_CHM","air","2020-2025",0.188894593232791
"GAN_CHM","air","2025-2030",0.188894593232791
"GAN_CHM","air","2030-2035",0.188894593232791
"GAN_CHM","air","2035-2040",0.188894593232791
"GAN_CHM","air","2040-2045",0.188894593232791
"GAN_CHM","air","2045-2050",0.188894593232791
"GAN_CHM","arf","2005-2010",-0.129271720186952
"GAN_CHM","arf","2010-2015",-0.129271720186952
"GAN_CHM","arf","2015-2020",-0.129271720186952
"GAN_CHM","arf","2020-2025",-0.129271720186952
"GAN_CHM","arf","2025-2030",-0.129271720186952
"GAN_CHM","arf","2030-2035",-0.129271720186952
"GAN_CHM","arf","2035-2040",-0.129271720186952
"GAN_CHM","arf","2040-2045",-0.129271720186952
"GAN_CHM","arf","2045-2050",-0.129271720186952
"GAN_IND","air","2005-2010",0.694812893297558
"GAN_IND","air","2010-2015",0.694812893297558
"GAN_IND","air","2015-2020",0.694812893297558
"GAN_IND","air","2020-2025",0.694812893297558
"GAN_IND","air","2025-2030",0.694812893297558
"GAN_IND","air","2030-2035",0.694812893297558
"GAN_IND","air","2035-2040",0.694812893297558
"GAN_IND","air","2040-2045",0.694812893297558
"GAN_IND","air","2045-2050",0.694812893297558
"GAN_IND","arf","2005-2010",-0.834128499871711
"GAN_IND","arf","2010-2015",-0.834128499871711
"GAN_IND","arf","2015-2020",-0.834128499871711
"GAN_IND","arf","2020-2025",-0.834128499871711
"GAN_IND","arf","2025-2030",-0.834128499871711
"GAN_IND","arf","2030-2035",-0.834128499871711
"GAN_IND","arf","2035-2040",-0.834128499871711
"GAN_IND","arf","2040-2045",-0.834128499871711
"GAN_IND","arf","2045-2050",-0.834128499871711
"GAN_NPL","air","2005-2010",-0.0667428913287527
"GAN_NPL","air","2010-2015",-0.0667428913287527
"GAN_NPL","air","2015-2020",-0.0667428913287527
"GAN_NPL","air","2020-2025",-0.0667428913287527
"GAN_NPL","air","2025-2030",-0.0667428913287527
"GAN_NPL","air","2030-2035",-0.0667428913287527
"GAN_NPL","air","2035-2040",-0.0667428913287527
"GAN_NPL","air","2040-2045",-0.0667428913287527
"GAN_NPL","air","2045-2050",-0.0667428913287527
"GAN_NPL","arf","2005-2010",0.0693545643794424
"GAN_NPL","arf","2010-2015",0.0693545643794424
"GAN_NPL","arf","2015-2020",0.0693545643794424
"GAN_NPL","arf","2020-2025",0.0693545643794424
"GAN_NPL","arf","2025-2030",0.0693545643794424
"GAN_NPL","arf","2030-2035",0.0693545643794424
"GAN_NPL","arf","2035-2040",0.0693545643794424
"GAN_NPL","arf","2040-2045",0.0693545643794424
"GAN_NPL","arf","2045-2050",0.0693545643794424
"GBA_USA","air","2005-2010",0.700569074691426
"GBA_USA","air","2010-2015",0.700569074691426
"GBA_USA","air","2015-2020",0.700569074691426
"GBA_USA","air","2020-2025",0.700569074691426
"GBA_USA","air","2025-2030",0.700569074691426
"GBA_USA","air","2030-2035",0.700569074691426
"GBA_USA","air","2035-2040",0.700569074691426
"GBA_USA","air","2040-2045",0.700569074691426
"GBA_USA","air","2045-2050",0.700569074691426
"GBA_USA","arf","2005-2010",-0.0540684073146114
"GBA_USA","arf","2010-2015",-0.0540684073146114
"GBA_USA","arf","2015-2020",-0.0540684073146114
"GBA_USA","arf","2020-2025",-0.0540684073146114
"GBA_USA","arf","2025-2030",-0.0540684073146114
"GBA_USA","arf","2030-2035",-0.0540684073146114
"GBA_USA","arf","2035-2040",-0.0540684073146114
"GBA_USA","arf","2040-2045",-0.0540684073146114
"GBA_USA","arf","2045-2050",-0.0540684073146114
"GEO_GEO","air","2005-2010",-0.00664621429526946
"GEO_GEO","air","2010-2015",-0.00664621429526946
"GEO_GEO","air","2015-2020",-0.00664621429526946
"GEO_GEO","air","2020-2025",-0.00664621429526946
"GEO_GEO","air","2025-2030",-0.00664621429526946
"GEO_GEO","air","2030-2035",-0.00664621429526946
"GEO_GEO","air","2035-2040",-0.00664621429526946
"GEO_GEO","air","2040-2045",-0.00664621429526946
"GEO_GEO","air","2045-2050",-0.00664621429526946
"GEO_GEO","arf","2005-2010",-0.10661799210161
"GEO_GEO","arf","2010-2015",-0.10661799210161
"GEO_GEO","arf","2015-2020",-0.10661799210161
"GEO_GEO","arf","2020-2025",-0.10661799210161
"GEO_GEO","arf","2025-2030",-0.10661799210161
"GEO_GEO","arf","2030-2035",-0.10661799210161
"GEO_GEO","arf","2035-2040",-0.10661799210161
"GEO_GEO","arf","2040-2045",-0.10661799210161
"GEO_GEO","arf","2045-2050",-0.10661799210161
"GLA_CAN","air","2005-2010",1.82125378804427
"GLA_CAN","air","2010-2015",1.82125378804427
"GLA_CAN","air","2015-2020",1.82125378804427
"GLA_CAN","air","2020-2025",1.82125378804427
"GLA_CAN","air","2025-2030",1.82125378804427
"GLA_CAN","air","2030-2035",1.82125378804427
"GLA_CAN","air","2035-2040",1.82125378804427
"GLA_CAN","air","2040-2045",1.82125378804427
"GLA_CAN","air","2045-2050",1.82125378804427
"GLA_CAN","arf","2005-2010",-0.170271295637259
"GLA_CAN","arf","2010-2015",-0.170271295637259
"GLA_CAN","arf","2015-2020",-0.170271295637259
"GLA_CAN","arf","2020-2025",-0.170271295637259
"GLA_CAN","arf","2025-2030",-0.170271295637259
"GLA_CAN","arf","2030-2035",-0.170271295637259
"GLA_CAN","arf","2035-2040",-0.170271295637259
"GLA_CAN","arf","2040-2045",-0.170271295637259
"GLA_CAN","arf","2045-2050",-0.170271295637259
"GLA_USA","air","2005-2010",0.700569074691426
"GLA_USA","air","2010-2015",0.700569074691426
"GLA_USA","air","2015-2020",0.700569074691426
"GLA_USA","air","2020-2025",0.700569074691426
"GLA_USA","air","2025-2030",0.700569074691426
"GLA_USA","air","2030-2035",0.700569074691426
"GLA_USA","air","2035-2040",0.700569074691426
"GLA_USA","air","2040-2045",0.700569074691426
"GLA_USA","air","2045-2050",0.700569074691426
"GLA_USA","arf","2005-2010",-0.0540684073146114
"GLA_USA","arf","2010-2015",-0.0540684073146114
"GLA_USA","arf","2015-2020",-0.0540684073146114
"GLA_USA","arf","2020-2025",-0.0540684073146114
"GLA_USA","arf","2025-2030",-0.0540684073146114
"GLA_USA","arf","2030-2035",-0.0540684073146114
"GLA_USA","arf","2035-2040",-0.0540684073146114
"GLA_USA","arf","2040-2045",-0.0540684073146114
"GLA_USA","arf","2045-2050",-0.0540684073146114
"GOD_IND","air","2005-2010",0.694812893297558
"GOD_IND","air","2010-2015",0.694812893297558
"GOD_IND","air","2015-2020",0.694812893297558
"GOD_IND","air","2020-2025",0.694812893297558
"GOD_IND","air","2025-2030",0.694812893297558
"GOD_IND","air","2030-2035",0.694812893297558
"GOD_IND","air","2035-2040",0.694812893297558
"GOD_IND","air","2040-2045",0.694812893297558
"GOD_IND","air","2045-2050",0.694812893297558
"GOD_IND","arf","2005-2010",-0.834128499871711
"GOD_IND","arf","2010-2015",-0.834128499871711
"GOD_IND","arf","2015-2020",-0.834128499871711
"GOD_IND","arf","2020-2025",-0.834128499871711
"GOD_IND","arf","2025-2030",-0.834128499871711
"GOD_IND","arf","2030-2035",-0.834128499871711
"GOD_IND","arf","2035-2040",-0.834128499871711
"GOD_IND","arf","2040-2045",-0.834128499871711
"GOD_IND","arf","2045-2050",-0.834128499871711
"GRC_GRC","air","2005-2010",0.241565787808073
"GRC_GRC","air","2010-2015",0.241565787808073
"GRC_GRC","air","2015-2020",0.241565787808073
"GRC_GRC","air","2020-2025",0.241565787808073
"GRC_GRC","air","2025-2030",0.241565787808073
"GRC_GRC","air","2030-2035",0.241565787808073
"GRC_GRC","air","2035-2040",0.241565787808073
"GRC_GRC","air","2040-2045",0.241565787808073
"GRC_GRC","air","2045-2050",0.241565787808073
"GRC_GRC","arf","2005-2010",-0.00904258596333696
"GRC_GRC","arf","2010-2015",-0.00904258596333696
"GRC_GRC","arf","2015-2020",-0.00904258596333696
"GRC_GRC","arf","2020-2025",-0.00904258596333696
"GRC_GRC","arf","2025-2030",-0.00904258596333696
"GRC_GRC","arf","2030-2035",-0.00904258596333696
"GRC_GRC","arf","2035-2040",-0.00904258596333696
"GRC_GRC","arf","2040-2045",-0.00904258596333696
"GRC_GRC","arf","2045-2050",-0.00904258596333696
"GSA_GSA","air","2005-2010",0.804553565767652
"GSA_GSA","air","2010-2015",0.804553565767652
"GSA_GSA","air","2015-2020",0.804553565767652
"GSA_GSA","air","2020-2025",0.804553565767652
"GSA_GSA","air","2025-2030",0.804553565767652
"GSA_GSA","air","2030-2035",0.804553565767652
"GSA_GSA","air","2035-2040",0.804553565767652
"GSA_GSA","air","2040-2045",0.804553565767652
"GSA_GSA","air","2045-2050",0.804553565767652
"GSA_GSA","arf","2005-2010",0.510945088049852
"GSA_GSA","arf","2010-2015",0.510945088049852
"GSA_GSA","arf","2015-2020",0.510945088049852
"GSA_GSA","arf","2020-2025",0.510945088049852
"GSA_GSA","arf","2025-2030",0.510945088049852
"GSA_GSA","arf","2030-2035",0.510945088049852
"GSA_GSA","arf","2035-2040",0.510945088049852
"GSA_GSA","arf","2040-2045",0.510945088049852
"GSA_GSA","arf","2045-2050",0.510945088049852
"GTM_GTM","air","2005-2010",0.898624453099139
"GTM_GTM","air","2010-2015",0.898624453099139
"GTM_GTM","air","2015-2020",0.898624453099139
"GTM_GTM","air","2020-2025",0.898624453099139
"GTM_GTM","air","2025-2030",0.898624453099139
"GTM_GTM","air","2030-2035",0.898624453099139
"GTM_GTM","air","2035-2040",0.898624453099139
"GTM_GTM","air","2040-2045",0.898624453099139
"GTM_GTM","air","2045-2050",0.898624453099139
"GTM_GTM","arf","2005-2010",0.579952317952492
"GTM_GTM","arf","2010-2015",0.579952317952492
"GTM_GTM","arf","2015-2020",0.579952317952492
"GTM_GTM","arf","2020-2025",0.579952317952492
"GTM_GTM","arf","2025-2030",0.579952317952492
"GTM_GTM","arf","2030-2035",0.579952317952492
"GTM_GTM","arf","2035-2040",0.579952317952492
"GTM_GTM","arf","2040-2045",0.579952317952492
"GTM_GTM","arf","2045-2050",0.579952317952492
"HAI_CHM","air","2005-2010",0.188894593232791
"HAI_CHM","air","2010-2015",0.188894593232791
"HAI_CHM","air","2015-2020",0.188894593232791
"HAI_CHM","air","2020-2025",0.188894593232791
"HAI_CHM","air","2025-2030",0.188894593232791
"HAI_CHM","air","2030-2035",0.188894593232791
"HAI_CHM","air","2035-2040",0.188894593232791
"HAI_CHM","air","2040-2045",0.188894593232791
"HAI_CHM","air","2045-2050",0.188894593232791
"HAI_CHM","arf","2005-2010",-0.129271720186952
"HAI_CHM","arf","2010-2015",-0.129271720186952
"HAI_CHM","arf","2015-2020",-0.129271720186952
"HAI_CHM","arf","2020-2025",-0.129271720186952
"HAI_CHM","arf","2025-2030",-0.129271720186952
"HAI_CHM","arf","2030-2035",-0.129271720186952
"HAI_CHM","arf","2035-2040",-0.129271720186952
"HAI_CHM","arf","2040-2045",-0.129271720186952
"HAI_CHM","arf","2045-2050",-0.129271720186952
"HND_HND","air","2005-2010",0.898624453099139
"HND_HND","air","2010-2015",0.898624453099139
"HND_HND","air","2015-2020",0.898624453099139
"HND_HND","air","2020-2025",0.898624453099139
"HND_HND","air","2025-2030",0.898624453099139
"HND_HND","air","2030-2035",0.898624453099139
"HND_HND","air","2035-2040",0.898624453099139
"HND_HND","air","2040-2045",0.898624453099139
"HND_HND","air","2045-2050",0.898624453099139
"HND_HND","arf","2005-2010",0.579952317952492
"HND_HND","arf","2010-2015",0.579952317952492
"HND_HND","arf","2015-2020",0.579952317952492
"HND_HND","arf","2020-2025",0.579952317952492
"HND_HND","arf","2025-2030",0.579952317952492
"HND_HND","arf","2030-2035",0.579952317952492
"HND_HND","arf","2035-2040",0.579952317952492
"HND_HND","arf","2040-2045",0.579952317952492
"HND_HND","arf","2045-2050",0.579952317952492
"HOA_ETH","air","2005-2010",3.45357373097792
"HOA_ETH","air","2010-2015",3.45357373097792
"HOA_ETH","air","2015-2020",3.45357373097792
"HOA_ETH","air","2020-2025",3.45357373097792
"HOA_ETH","air","2025-2030",3.45357373097792
"HOA_ETH","air","2030-2035",3.45357373097792
"HOA_ETH","air","2035-2040",3.45357373097792
"HOA_ETH","air","2040-2045",3.45357373097792
"HOA_ETH","air","2045-2050",3.45357373097792
"HOA_ETH","arf","2005-2010",0.74797248688161
"HOA_ETH","arf","2010-2015",0.74797248688161
"HOA_ETH","arf","2015-2020",0.74797248688161
"HOA_ETH","arf","2020-2025",0.74797248688161
"HOA_ETH","arf","2025-2030",0.74797248688161
"HOA_ETH","arf","2030-2035",0.74797248688161
"HOA_ETH","arf","2035-2040",0.74797248688161
"HOA_ETH","arf","2040-2045",0.74797248688161
"HOA_ETH","arf","2045-2050",0.74797248688161
"HOA_KEN","air","2005-2010",4.8498716280855
"HOA_KEN","air","2010-2015",4.8498716280855
"HOA_KEN","air","2015-2020",4.8498716280855
"HOA_KEN","air","2020-2025",4.8498716280855
"HOA_KEN","air","2025-2030",4.8498716280855
"HOA_KEN","air","2030-2035",4.8498716280855
"HOA_KEN","air","2035-2040",4.8498716280855
"HOA_KEN","air","2040-2045",4.8498716280855
"HOA_KEN","air","2045-2050",4.8498716280855
"HOA_KEN","arf","2005-2010",0.53989002631516
"HOA_KEN","arf","2010-2015",0.53989002631516
"HOA_KEN","arf","2015-2020",0.53989002631516
"HOA_KEN","arf","2020-2025",0.53989002631516
"HOA_KEN","arf","2025-2030",0.53989002631516
"HOA_KEN","arf","2030-2035",0.53989002631516
"HOA_KEN","arf","2035-2040",0.53989002631516
"HOA_KEN","arf","2040-2045",0.53989002631516
"HOA_KEN","arf","2045-2050",0.53989002631516
"HOA_SOM","air","2005-2010",1.26722013504765
"HOA_SOM","air","2010-2015",1.26722013504765
"HOA_SOM","air","2015-2020",1.26722013504765
"HOA_SOM","air","2020-2025",1.26722013504765
"HOA_SOM","air","2025-2030",1.26722013504765
"HOA_SOM","air","2030-2035",1.26722013504765
"HOA_SOM","air","2035-2040",1.26722013504765
"HOA_SOM","air","2040-2045",1.26722013504765
"HOA_SOM","air","2045-2050",1.26722013504765
"HOA_SOM","arf","2005-2010",1.01364176432528
"HOA_SOM","arf","2010-2015",1.01364176432528
"HOA_SOM","arf","2015-2020",1.01364176432528
"HOA_SOM","arf","2020-2025",1.01364176432528
"HOA_SOM","arf","2025-2030",1.01364176432528
"HOA_SOM","arf","2030-2035",1.01364176432528
"HOA_SOM","arf","2035-2040",1.01364176432528
"HOA_SOM","arf","2040-2045",1.01364176432528
"HOA_SOM","arf","2045-2050",1.01364176432528
"HTI_HTI","air","2005-2010",0.898624453099139
"HTI_HTI","air","2010-2015",0.898624453099139
"HTI_HTI","air","2015-2020",0.898624453099139
"HTI_HTI","air","2020-2025",0.898624453099139
"HTI_HTI","air","2025-2030",0.898624453099139
"HTI_HTI","air","2030-2035",0.898624453099139
"HTI_HTI","air","2035-2040",0.898624453099139
"HTI_HTI","air","2040-2045",0.898624453099139
"HTI_HTI","air","2045-2050",0.898624453099139
"HTI_HTI","arf","2005-2010",0.579952317952492
"HTI_HTI","arf","2010-2015",0.579952317952492
"HTI_HTI","arf","2015-2020",0.579952317952492
"HTI_HTI","arf","2020-2025",0.579952317952492
"HTI_HTI","arf","2025-2030",0.579952317952492
"HTI_HTI","arf","2030-2035",0.579952317952492
"HTI_HTI","arf","2035-2040",0.579952317952492
"HTI_HTI","arf","2040-2045",0.579952317952492
"HTI_HTI","arf","2045-2050",0.579952317952492
"HUA_CHM","air","2005-2010",0.188894593232791
"HUA_CHM","air","2010-2015",0.188894593232791
"HUA_CHM","air","2015-2020",0.188894593232791
"HUA_CHM","air","2020-2025",0.188894593232791
"HUA_CHM","air","2025-2030",0.188894593232791
"HUA_CHM","air","2030-2035",0.188894593232791
"HUA_CHM","air","2035-2040",0.188894593232791
"HUA_CHM","air","2040-2045",0.188894593232791
"HUA_CHM","air","2045-2050",0.188894593232791
"HUA_CHM","arf","2005-2010",-0.129271720186952
"HUA_CHM","arf","2010-2015",-0.129271720186952
"HUA_CHM","arf","2015-2020",-0.129271720186952
"HUA_CHM","arf","2020-2025",-0.129271720186952
"HUA_CHM","arf","2025-2030",-0.129271720186952
"HUA_CHM","arf","2030-2035",-0.129271720186952
"HUA_CHM","arf","2035-2040",-0.129271720186952
"HUA_CHM","arf","2040-2045",-0.129271720186952
"HUA_CHM","arf","2045-2050",-0.129271720186952
"HUN_CHM","air","2005-2010",0.188894593232791
"HUN_CHM","air","2010-2015",0.188894593232791
"HUN_CHM","air","2015-2020",0.188894593232791
"HUN_CHM","air","2020-2025",0.188894593232791
"HUN_CHM","air","2025-2030",0.188894593232791
"HUN_CHM","air","2030-2035",0.188894593232791
"HUN_CHM","air","2035-2040",0.188894593232791
"HUN_CHM","air","2040-2045",0.188894593232791
"HUN_CHM","air","2045-2050",0.188894593232791
"HUN_CHM","arf","2005-2010",-0.129271720186952
"HUN_CHM","arf","2010-2015",-0.129271720186952
"HUN_CHM","arf","2015-2020",-0.129271720186952
"HUN_CHM","arf","2020-2025",-0.129271720186952
"HUN_CHM","arf","2025-2030",-0.129271720186952
"HUN_CHM","arf","2030-2035",-0.129271720186952
"HUN_CHM","arf","2035-2040",-0.129271720186952
"HUN_CHM","arf","2040-2045",-0.129271720186952
"HUN_CHM","arf","2045-2050",-0.129271720186952
"HWI_USA","air","2005-2010",0.700569074691426
"HWI_USA","air","2010-2015",0.700569074691426
"HWI_USA","air","2015-2020",0.700569074691426
"HWI_USA","air","2020-2025",0.700569074691426
"HWI_USA","air","2025-2030",0.700569074691426
"HWI_USA","air","2030-2035",0.700569074691426
"HWI_USA","air","2035-2040",0.700569074691426
"HWI_USA","air","2040-2045",0.700569074691426
"HWI_USA","air","2045-2050",0.700569074691426
"HWI_USA","arf","2005-2010",-0.0540684073146114
"HWI_USA","arf","2010-2015",-0.0540684073146114
"HWI_USA","arf","2015-2020",-0.0540684073146114
"HWI_USA","arf","2020-2025",-0.0540684073146114
"HWI_USA","arf","2025-2030",-0.0540684073146114
"HWI_USA","arf","2030-2035",-0.0540684073146114
"HWI_USA","arf","2035-2040",-0.0540684073146114
"HWI_USA","arf","2040-2045",-0.0540684073146114
"HWI_USA","arf","2045-2050",-0.0540684073146114
"IEC_IND","air","2005-2010",0.694812893297558
"IEC_IND","air","2010-2015",0.694812893297558
"IEC_IND","air","2015-2020",0.694812893297558
"IEC_IND","air","2020-2025",0.694812893297558
"IEC_IND","air","2025-2030",0.694812893297558
"IEC_IND","air","2030-2035",0.694812893297558
"IEC_IND","air","2035-2040",0.694812893297558
"IEC_IND","air","2040-2045",0.694812893297558
"IEC_IND","air","2045-2050",0.694812893297558
"IEC_IND","arf","2005-2010",-0.834128499871711
"IEC_IND","arf","2010-2015",-0.834128499871711
"IEC_IND","arf","2015-2020",-0.834128499871711
"IEC_IND","arf","2020-2025",-0.834128499871711
"IEC_IND","arf","2025-2030",-0.834128499871711
"IEC_IND","arf","2030-2035",-0.834128499871711
"IEC_IND","arf","2035-2040",-0.834128499871711
"IEC_IND","arf","2040-2045",-0.834128499871711
"IEC_IND","arf","2045-2050",-0.834128499871711
"IND_CHM","air","2005-2010",0.188894593232791
"IND_CHM","air","2010-2015",0.188894593232791
"IND_CHM","air","2015-2020",0.188894593232791
"IND_CHM","air","2020-2025",0.188894593232791
"IND_CHM","air","2025-2030",0.188894593232791
"IND_CHM","air","2030-2035",0.188894593232791
"IND_CHM","air","2035-2040",0.188894593232791
"IND_CHM","air","2040-2045",0.188894593232791
"IND_CHM","air","2045-2050",0.188894593232791
"IND_CHM","arf","2005-2010",-0.129271720186952
"IND_CHM","arf","2010-2015",-0.129271720186952
"IND_CHM","arf","2015-2020",-0.129271720186952
"IND_CHM","arf","2020-2025",-0.129271720186952
"IND_CHM","arf","2025-2030",-0.129271720186952
"IND_CHM","arf","2030-2035",-0.129271720186952
"IND_CHM","arf","2035-2040",-0.129271720186952
"IND_CHM","arf","2040-2045",-0.129271720186952
"IND_CHM","arf","2045-2050",-0.129271720186952
"IND_IND","air","2005-2010",0.694812893297558
"IND_IND","air","2010-2015",0.694812893297558
"IND_IND","air","2015-2020",0.694812893297558
"IND_IND","air","2020-2025",0.694812893297558
"IND_IND","air","2025-2030",0.694812893297558
"IND_IND","air","2030-2035",0.694812893297558
"IND_IND","air","2035-2040",0.694812893297558
"IND_IND","air","2040-2045",0.694812893297558
"IND_IND","air","2045-2050",0.694812893297558
"IND_IND","arf","2005-2010",-0.834128499871711
"IND_IND","arf","2010-2015",-0.834128499871711
"IND_IND","arf","2015-2020",-0.834128499871711
"IND_IND","arf","2020-2025",-0.834128499871711
"IND_IND","arf","2025-2030",-0.834128499871711
"IND_IND","arf","2030-2035",-0.834128499871711
"IND_IND","arf","2035-2040",-0.834128499871711
"IND_IND","arf","2040-2045",-0.834128499871711
"IND_IND","arf","2045-2050",-0.834128499871711
"IND_PAK","air","2005-2010",0.156009210224117
"IND_PAK","air","2010-2015",0.156009210224117
"IND_PAK","air","2015-2020",0.156009210224117
"IND_PAK","air","2020-2025",0.156009210224117
"IND_PAK","air","2025-2030",0.156009210224117
"IND_PAK","air","2030-2035",0.156009210224117
"IND_PAK","air","2035-2040",0.156009210224117
"IND_PAK","air","2040-2045",0.156009210224117
"IND_PAK","air","2045-2050",0.156009210224117
"IND_PAK","arf","2005-2010",-0.0479022767292392
"IND_PAK","arf","2010-2015",-0.0479022767292392
"IND_PAK","arf","2015-2020",-0.0479022767292392
"IND_PAK","arf","2020-2025",-0.0479022767292392
"IND_PAK","arf","2025-2030",-0.0479022767292392
"IND_PAK","arf","2030-2035",-0.0479022767292392
"IND_PAK","arf","2035-2040",-0.0479022767292392
"IND_PAK","arf","2040-2045",-0.0479022767292392
"IND_PAK","arf","2045-2050",-0.0479022767292392
"INE_IDN","air","2005-2010",0.0638351573960083
"INE_IDN","air","2010-2015",0.0638351573960083
"INE_IDN","air","2015-2020",0.0638351573960083
"INE_IDN","air","2020-2025",0.0638351573960083
"INE_IDN","air","2025-2030",0.0638351573960083
"INE_IDN","air","2030-2035",0.0638351573960083
"INE_IDN","air","2035-2040",0.0638351573960083
"INE_IDN","air","2040-2045",0.0638351573960083
"INE_IDN","air","2045-2050",0.0638351573960083
"INE_IDN","arf","2005-2010",0.820725480685192
"INE_IDN","arf","2010-2015",0.820725480685192
"INE_IDN","arf","2015-2020",0.820725480685192
"INE_IDN","arf","2020-2025",0.820725480685192
"INE_IDN","arf","2025-2030",0.820725480685192
"INE_IDN","arf","2030-2035",0.820725480685192
"INE_IDN","arf","2035-2040",0.820725480685192
"INE_IDN","arf","2040-2045",0.820725480685192
"INE_IDN","arf","2045-2050",0.820725480685192
"INW_IDN","air","2005-2010",0.0638351573960083
"INW_IDN","air","2010-2015",0.0638351573960083
"INW_IDN","air","2015-2020",0.0638351573960083
"INW_IDN","air","2020-2025",0.0638351573960083
"INW_IDN","air","2025-2030",0.0638351573960083
"INW_IDN","air","2030-2035",0.0638351573960083
"INW_IDN","air","2035-2040",0.0638351573960083
"INW_IDN","air","2040-2045",0.0638351573960083
"INW_IDN","air","2045-2050",0.0638351573960083
"INW_IDN","arf","2005-2010",0.820725480685192
"INW_IDN","arf","2010-2015",0.820725480685192
"INW_IDN","arf","2015-2020",0.820725480685192
"INW_IDN","arf","2020-2025",0.820725480685192
"INW_IDN","arf","2025-2030",0.820725480685192
"INW_IDN","arf","2030-2035",0.820725480685192
"INW_IDN","arf","2035-2040",0.820725480685192
"INW_IDN","arf","2040-2045",0.820725480685192
"INW_IDN","arf","2045-2050",0.820725480685192
"IRL_IRL","air","2005-2010",0.0638366958430892
"IRL_IRL","air","2010-2015",0.0638366958430892
"IRL_IRL","air","2015-2020",0.0638366958430892
"IRL_IRL","air","2020-2025",0.0638366958430892
"IRL_IRL","air","2025-2030",0.0638366958430892
"IRL_IRL","air","2030-2035",0.0638366958430892
"IRL_IRL","air","2035-2040",0.0638366958430892
"IRL_IRL","air","2040-2045",0.0638366958430892
"IRL_IRL","air","2045-2050",0.0638366958430892
"IRL_IRL","arf","2005-2010",-0.346512718934
"IRL_IRL","arf","2010-2015",-0.346512718934
"IRL_IRL","arf","2015-2020",-0.346512718934
"IRL_IRL","arf","2020-2025",-0.346512718934
"IRL_IRL","arf","2025-2030",-0.346512718934
"IRL_IRL","arf","2030-2035",-0.346512718934
"IRL_IRL","arf","2035-2040",-0.346512718934
"IRL_IRL","arf","2040-2045",-0.346512718934
"IRL_IRL","arf","2045-2050",-0.346512718934
"ISL_ISL","arf","2005-2010",0.00108119971085063
"ISL_ISL","arf","2010-2015",0.00108119971085063
"ISL_ISL","arf","2015-2020",0.00108119971085063
"ISL_ISL","arf","2020-2025",0.00108119971085063
"ISL_ISL","arf","2025-2030",0.00108119971085063
"ISL_ISL","arf","2030-2035",0.00108119971085063
"ISL_ISL","arf","2035-2040",0.00108119971085063
"ISL_ISL","arf","2040-2045",0.00108119971085063
"ISL_ISL","arf","2045-2050",0.00108119971085063
"ITA_ITP","air","2005-2010",0.0287847409671915
"ITA_ITP","air","2010-2015",0.0287847409671915
"ITA_ITP","air","2015-2020",0.0287847409671915
"ITA_ITP","air","2020-2025",0.0287847409671915
"ITA_ITP","air","2025-2030",0.0287847409671915
"ITA_ITP","air","2030-2035",0.0287847409671915
"ITA_ITP","air","2035-2040",0.0287847409671915
"ITA_ITP","air","2040-2045",0.0287847409671915
"ITA_ITP","air","2045-2050",0.0287847409671915
"ITA_ITP","arf","2005-2010",-0.323345518840346
"ITA_ITP","arf","2010-2015",-0.323345518840346
"ITA_ITP","arf","2015-2020",-0.323345518840346
"ITA_ITP","arf","2020-2025",-0.323345518840346
"ITA_ITP","arf","2025-2030",-0.323345518840346
"ITA_ITP","arf","2030-2035",-0.323345518840346
"ITA_ITP","arf","2035-2040",-0.323345518840346
"ITA_ITP","arf","2040-2045",-0.323345518840346
"ITA_ITP","arf","2045-2050",-0.323345518840346
"JAM_JAM","air","2005-2010",0.470328882709259
"JAM_JAM","air","2010-2015",0.470328882709259
"JAM_JAM","air","2015-2020",0.470328882709259
"JAM_JAM","air","2020-2025",0.470328882709259
"JAM_JAM","air","2025-2030",0.470328882709259
"JAM_JAM","air","2030-2035",0.470328882709259
"JAM_JAM","air","2035-2040",0.470328882709259
"JAM_JAM","air","2040-2045",0.470328882709259
"JAM_JAM","air","2045-2050",0.470328882709259
"JAM_JAM","arf","2005-2010",0.415473046121217
"JAM_JAM","arf","2010-2015",0.415473046121217
"JAM_JAM","arf","2015-2020",0.415473046121217
"JAM_JAM","arf","2020-2025",0.415473046121217
"JAM_JAM","arf","2025-2030",0.415473046121217
"JAM_JAM","arf","2030-2035",0.415473046121217
"JAM_JAM","arf","2035-2040",0.415473046121217
"JAM_JAM","arf","2040-2045",0.415473046121217
"JAM_JAM","arf","2045-2050",0.415473046121217
"JAP_JPN","air","2005-2010",-0.306318263238081
"JAP_JPN","air","2010-2015",-0.306318263238081
"JAP_JPN","air","2015-2020",-0.306318263238081
"JAP_JPN","air","2020-2025",-0.306318263238081
"JAP_JPN","air","2025-2030",-0.306318263238081
"JAP_JPN","air","2030-2035",-0.306318263238081
"JAP_JPN","air","2035-2040",-0.306318263238081
"JAP_JPN","air","2040-2045",-0.306318263238081
"JAP_JPN","air","2045-2050",-0.306318263238081
"JAP_JPN","arf","2005-2010",-0.483520499782664
"JAP_JPN","arf","2010-2015",-0.483520499782664
"JAP_JPN","arf","2015-2020",-0.483520499782664
"JAP_JPN","arf","2020-2025",-0.483520499782664
"JAP_JPN","arf","2025-2030",-0.483520499782664
"JAP_JPN","arf","2030-2035",-0.483520499782664
"JAP_JPN","arf","2035-2040",-0.483520499782664
"JAP_JPN","arf","2040-2045",-0.483520499782664
"JAP_JPN","arf","2045-2050",-0.483520499782664
"KAL_BWA","air","2005-2010",0.145923851195562
"KAL_BWA","air","2010-2015",0.145923851195562
"KAL_BWA","air","2015-2020",0.145923851195562
"KAL_BWA","air","2020-2025",0.145923851195562
"KAL_BWA","air","2025-2030",0.145923851195562
"KAL_BWA","air","2030-2035",0.145923851195562
"KAL_BWA","air","2035-2040",0.145923851195562
"KAL_BWA","air","2040-2045",0.145923851195562
"KAL_BWA","air","2045-2050",0.145923851195562
"KAL_BWA","arf","2005-2010",0.690276128803102
"KAL_BWA","arf","2010-2015",0.690276128803102
"KAL_BWA","arf","2015-2020",0.690276128803102
"KAL_BWA","arf","2020-2025",0.690276128803102
"KAL_BWA","arf","2025-2030",0.690276128803102
"KAL_BWA","arf","2030-2035",0.690276128803102
"KAL_BWA","arf","2035-2040",0.690276128803102
"KAL_BWA","arf","2040-2045",0.690276128803102
"KAL_BWA","arf","2045-2050",0.690276128803102
"KAL_NAM","air","2005-2010",1.6143806706497
"KAL_NAM","air","2010-2015",1.6143806706497
"KAL_NAM","air","2015-2020",1.6143806706497
"KAL_NAM","air","2020-2025",1.6143806706497
"KAL_NAM","air","2025-2030",1.6143806706497
"KAL_NAM","air","2030-2035",1.6143806706497
"KAL_NAM","air","2035-2040",1.6143806706497
"KAL_NAM","air","2040-2045",1.6143806706497
"KAL_NAM","air","2045-2050",1.6143806706497
"KAL_NAM","arf","2005-2010",0.831717633054563
"KAL_NAM","arf","2010-2015",0.831717633054563
"KAL_NAM","arf","2015-2020",0.831717633054563
"KAL_NAM","arf","2020-2025",0.831717633054563
"KAL_NAM","arf","2025-2030",0.831717633054563
"KAL_NAM","arf","2030-2035",0.831717633054563
"KAL_NAM","arf","2035-2040",0.831717633054563
"KAL_NAM","arf","2040-2045",0.831717633054563
"KAL_NAM","arf","2045-2050",0.831717633054563
"KAL_ZAF","air","2005-2010",0.964902362818187
"KAL_ZAF","air","2010-2015",0.964902362818187
"KAL_ZAF","air","2015-2020",0.964902362818187
"KAL_ZAF","air","2020-2025",0.964902362818187
"KAL_ZAF","air","2025-2030",0.964902362818187
"KAL_ZAF","air","2030-2035",0.964902362818187
"KAL_ZAF","air","2035-2040",0.964902362818187
"KAL_ZAF","air","2040-2045",0.964902362818187
"KAL_ZAF","air","2045-2050",0.964902362818187
"KAL_ZAF","arf","2005-2010",-0.46812999014989
"KAL_ZAF","arf","2010-2015",-0.46812999014989
"KAL_ZAF","arf","2015-2020",-0.46812999014989
"KAL_ZAF","arf","2020-2025",-0.46812999014989
"KAL_ZAF","arf","2025-2030",-0.46812999014989
"KAL_ZAF","arf","2030-2035",-0.46812999014989
"KAL_ZAF","arf","2035-2040",-0.46812999014989
"KAL_ZAF","arf","2040-2045",-0.46812999014989
"KAL_ZAF","arf","2045-2050",-0.46812999014989
"KRI_IND","air","2005-2010",0.694812893297558
"KRI_IND","air","2010-2015",0.694812893297558
"KRI_IND","air","2015-2020",0.694812893297558
"KRI_IND","air","2020-2025",0.694812893297558
"KRI_IND","air","2025-2030",0.694812893297558
"KRI_IND","air","2030-2035",0.694812893297558
"KRI_IND","air","2035-2040",0.694812893297558
"KRI_IND","air","2040-2045",0.694812893297558
"KRI_IND","air","2045-2050",0.694812893297558
"KRI_IND","arf","2005-2010",-0.834128499871711
"KRI_IND","arf","2010-2015",-0.834128499871711
"KRI_IND","arf","2015-2020",-0.834128499871711
"KRI_IND","arf","2020-2025",-0.834128499871711
"KRI_IND","arf","2025-2030",-0.834128499871711
"KRI_IND","arf","2030-2035",-0.834128499871711
"KRI_IND","arf","2035-2040",-0.834128499871711
"KRI_IND","arf","2040-2045",-0.834128499871711
"KRI_IND","arf","2045-2050",-0.834128499871711
"LAJ_CHM","air","2005-2010",0.188894593232791
"LAJ_CHM","air","2010-2015",0.188894593232791
"LAJ_CHM","air","2015-2020",0.188894593232791
"LAJ_CHM","air","2020-2025",0.188894593232791
"LAJ_CHM","air","2025-2030",0.188894593232791
"LAJ_CHM","air","2030-2035",0.188894593232791
"LAJ_CHM","air","2035-2040",0.188894593232791
"LAJ_CHM","air","2040-2045",0.188894593232791
"LAJ_CHM","air","2045-2050",0.188894593232791
"LAJ_CHM","arf","2005-2010",-0.129271720186952
"LAJ_CHM","arf","2010-2015",-0.129271720186952
"LAJ_CHM","arf","2015-2020",-0.129271720186952
"LAJ_CHM","arf","2020-2025",-0.129271720186952
"LAJ_CHM","arf","2025-2030",-0.129271720186952
"LAJ_CHM","arf","2030-2035",-0.129271720186952
"LAJ_CHM","arf","2035-2040",-0.129271720186952
"LAJ_CHM","arf","2040-2045",-0.129271720186952
"LAJ_CHM","arf","2045-2050",-0.129271720186952
"LBA_KAZ","air","2005-2010",-0.0147916689777983
"LBA_KAZ","air","2010-2015",-0.0147916689777983
"LBA_KAZ","air","2015-2020",-0.0147916689777983
"LBA_KAZ","air","2020-2025",-0.0147916689777983
"LBA_KAZ","air","2025-2030",-0.0147916689777983
"LBA_KAZ","air","2030-2035",-0.0147916689777983
"LBA_KAZ","air","2035-2040",-0.0147916689777983
"LBA_KAZ","air","2040-2045",-0.0147916689777983
"LBA_KAZ","air","2045-2050",-0.0147916689777983
"LBA_KAZ","arf","2005-2010",0.0645227901218348
"LBA_KAZ","arf","2010-2015",0.0645227901218348
"LBA_KAZ","arf","2015-2020",0.0645227901218348
"LBA_KAZ","arf","2020-2025",0.0645227901218348
"LBA_KAZ","arf","2025-2030",0.0645227901218348
"LBA_KAZ","arf","2030-2035",0.0645227901218348
"LBA_KAZ","arf","2035-2040",0.0645227901218348
"LBA_KAZ","arf","2040-2045",0.0645227901218348
"LBA_KAZ","arf","2045-2050",0.0645227901218348
"LBO_FRP","arf","2005-2010",-0.431439594418581
"LBO_FRP","arf","2010-2015",-0.431439594418581
"LBO_FRP","arf","2015-2020",-0.431439594418581
"LBO_FRP","arf","2020-2025",-0.431439594418581
"LBO_FRP","arf","2025-2030",-0.431439594418581
"LBO_FRP","arf","2030-2035",-0.431439594418581
"LBO_FRP","arf","2035-2040",-0.431439594418581
"LBO_FRP","arf","2040-2045",-0.431439594418581
"LBO_FRP","arf","2045-2050",-0.431439594418581
"LCB_CAF","air","2005-2010",0.519990695383998
"LCB_CAF","air","2010-2015",0.519990695383998
"LCB_CAF","air","2015-2020",0.519990695383998
"LCB_CAF","air","2020-2025",0.519990695383998
"LCB_CAF","air","2025-2030",0.519990695383998
"LCB_CAF","air","2030-2035",0.519990695383998
"LCB_CAF","air","2035-2040",0.519990695383998
"LCB_CAF","air","2040-2045",0.519990695383998
"LCB_CAF","air","2045-2050",0.519990695383998
"LCB_CAF","arf","2005-2010",1.00644630948425
"LCB_CAF","arf","2010-2015",1.00644630948425
"LCB_CAF","arf","2015-2020",1.00644630948425
"LCB_CAF","arf","2020-2025",1.00644630948425
"LCB_CAF","arf","2025-2030",1.00644630948425
"LCB_CAF","arf","2030-2035",1.00644630948425
"LCB_CAF","arf","2035-2040",1.00644630948425
"LCB_CAF","arf","2040-2045",1.00644630948425
"LCB_CAF","arf","2045-2050",1.00644630948425
"LCB_CMR","air","2005-2010",1.68335881162776
"LCB_CMR","air","2010-2015",1.68335881162776
"LCB_CMR","air","2015-2020",1.68335881162776
"LCB_CMR","air","2020-2025",1.68335881162776
"LCB_CMR","air","2025-2030",1.68335881162776
"LCB_CMR","air","2030-2035",1.68335881162776
"LCB_CMR","air","2035-2040",1.68335881162776
"LCB_CMR","air","2040-2045",1.68335881162776
"LCB_CMR","air","2045-2050",1.68335881162776
"LCB_CMR","arf","2005-2010",1.1089222496445
"LCB_CMR","arf","2010-2015",1.1089222496445
"LCB_CMR","arf","2015-2020",1.1089222496445
"LCB_CMR","arf","2020-2025",1.1089222496445
"LCB_CMR","arf","2025-2030",1.1089222496445
"LCB_CMR","arf","2030-2035",1.1089222496445
"LCB_CMR","arf","2035-2040",1.1089222496445
"LCB_CMR","arf","2040-2045",1.1089222496445
"LCB_CMR","arf","2045-2050",1.1089222496445
"LCB_NER","air","2005-2010",1.44768247009159
"LCB_NER","air","2010-2015",1.44768247009159
"LCB_NER","air","2015-2020",1.44768247009159
"LCB_NER","air","2020-2025",1.44768247009159
"LCB_NER","air","2025-2030",1.44768247009159
"LCB_NER","air","2030-2035",1.44768247009159
"LCB_NER","air","2035-2040",1.44768247009159
"LCB_NER","air","2040-2045",1.44768247009159
"LCB_NER","air","2045-2050",1.44768247009159
"LCB_NER","arf","2005-2010",0.976774093459221
"LCB_NER","arf","2010-2015",0.976774093459221
"LCB_NER","arf","2015-2020",0.976774093459221
"LCB_NER","arf","2020-2025",0.976774093459221
"LCB_NER","arf","2025-2030",0.976774093459221
"LCB_NER","arf","2030-2035",0.976774093459221
"LCB_NER","arf","2035-2040",0.976774093459221
"LCB_NER","arf","2040-2045",0.976774093459221
"LCB_NER","arf","2045-2050",0.976774093459221
"LCB_NGA","air","2005-2010",2.69580130726039
"LCB_NGA","air","2010-2015",2.69580130726039
"LCB_NGA","air","2015-2020",2.69580130726039
"LCB_NGA","air","2020-2025",2.69580130726039
"LCB_NGA","air","2025-2030",2.69580130726039
"LCB_NGA","air","2030-2035",2.69580130726039
"LCB_NGA","air","2035-2040",2.69580130726039
"LCB_NGA","air","2040-2045",2.69580130726039
"LCB_NGA","air","2045-2050",2.69580130726039
"LCB_NGA","arf","2005-2010",0.386666459790219
"LCB_NGA","arf","2010-2015",0.386666459790219
"LCB_NGA","arf","2015-2020",0.386666459790219
"LCB_NGA","arf","2020-2025",0.386666459790219
"LCB_NGA","arf","2025-2030",0.386666459790219
"LCB_NGA","arf","2030-2035",0.386666459790219
"LCB_NGA","arf","2035-2040",0.386666459790219
"LCB_NGA","arf","2040-2045",0.386666459790219
"LCB_NGA","arf","2045-2050",0.386666459790219
"LCB_TCD","air","2005-2010",1.43785610957685
"LCB_TCD","air","2010-2015",1.43785610957685
"LCB_TCD","air","2015-2020",1.43785610957685
"LCB_TCD","air","2020-2025",1.43785610957685
"LCB_TCD","air","2025-2030",1.43785610957685
"LCB_TCD","air","2030-2035",1.43785610957685
"LCB_TCD","air","2035-2040",1.43785610957685
"LCB_TCD","air","2040-2045",1.43785610957685
"LCB_TCD","air","2045-2050",1.43785610957685
"LCB_TCD","arf","2005-2010",0.909394657352092
"LCB_TCD","arf","2010-2015",0.909394657352092
"LCB_TCD","arf","2015-2020",0.909394657352092
"LCB_TCD","arf","2020-2025",0.909394657352092
"LCB_TCD","arf","2025-2030",0.909394657352092
"LCB_TCD","arf","2030-2035",0.909394657352092
"LCB_TCD","arf","2035-2040",0.909394657352092
"LCB_TCD","arf","2040-2045",0.909394657352092
"LCB_TCD","arf","2045-2050",0.909394657352092
"LIM_BWA","air","2005-2010",0.145923851195562
"LIM_BWA","air","2010-2015",0.145923851195562
"LIM_BWA","air","2015-2020",0.145923851195562
"LIM_BWA","air","2020-2025",0.145923851195562
"LIM_BWA","air","2025-2030",0.145923851195562
"LIM_BWA","air","2030-2035",0.145923851195562
"LIM_BWA","air","2035-2040",0.145923851195562
"LIM_BWA","air","2040-2045",0.145923851195562
"LIM_BWA","air","2045-2050",0.145923851195562
"LIM_BWA","arf","2005-2010",0.690276128803102
"LIM_BWA","arf","2010-2015",0.690276128803102
"LIM_BWA","arf","2015-2020",0.690276128803102
"LIM_BWA","arf","2020-2025",0.690276128803102
"LIM_BWA","arf","2025-2030",0.690276128803102
"LIM_BWA","arf","2030-2035",0.690276128803102
"LIM_BWA","arf","2035-2040",0.690276128803102
"LIM_BWA","arf","2040-2045",0.690276128803102
"LIM_BWA","arf","2045-2050",0.690276128803102
"LIM_MOZ","air","2005-2010",1.70021580059132
"LIM_MOZ","air","2010-2015",1.70021580059132
"LIM_MOZ","air","2015-2020",1.70021580059132
"LIM_MOZ","air","2020-2025",1.70021580059132
"LIM_MOZ","air","2025-2030",1.70021580059132
"LIM_MOZ","air","2030-2035",1.70021580059132
"LIM_MOZ","air","2035-2040",1.70021580059132
"LIM_MOZ","air","2040-2045",1.70021580059132
"LIM_MOZ","air","2045-2050",1.70021580059132
"LIM_MOZ","arf","2005-2010",0.661792379722304
"LIM_MOZ","arf","2010-2015",0.661792379722304
"LIM_MOZ","arf","2015-2020",0.661792379722304
"LIM_MOZ","arf","2020-2025",0.661792379722304
"LIM_MOZ","arf","2025-2030",0.661792379722304
"LIM_MOZ","arf","2030-2035",0.661792379722304
"LIM_MOZ","arf","2035-2040",0.661792379722304
"LIM_MOZ","arf","2040-2045",0.661792379722304
"LIM_MOZ","arf","2045-2050",0.661792379722304
"LIM_ZAF","air","2005-2010",0.964902362818187
"LIM_ZAF","air","2010-2015",0.964902362818187
"LIM_ZAF","air","2015-2020",0.964902362818187
"LIM_ZAF","air","2020-2025",0.964902362818187
"LIM_ZAF","air","2025-2030",0.964902362818187
"LIM_ZAF","air","2030-2035",0.964902362818187
"LIM_ZAF","air","2035-2040",0.964902362818187
"LIM_ZAF","air","2040-2045",0.964902362818187
"LIM_ZAF","air","2045-2050",0.964902362818187
"LIM_ZAF","arf","2005-2010",-0.46812999014989
"LIM_ZAF","arf","2010-2015",-0.46812999014989
"LIM_ZAF","arf","2015-2020",-0.46812999014989
"LIM_ZAF","arf","2020-2025",-0.46812999014989
"LIM_ZAF","arf","2025-2030",-0.46812999014989
"LIM_ZAF","arf","2030-2035",-0.46812999014989
"LIM_ZAF","arf","2035-2040",-0.46812999014989
"LIM_ZAF","arf","2040-2045",-0.46812999014989
"LIM_ZAF","arf","2045-2050",-0.46812999014989
"LIM_ZWE","air","2005-2010",1.91242133132841
"LIM_ZWE","air","2010-2015",1.91242133132841
"LIM_ZWE","air","2015-2020",1.91242133132841
"LIM_ZWE","air","2020-2025",1.91242133132841
"LIM_ZWE","air","2025-2030",1.91242133132841
"LIM_ZWE","air","2030-2035",1.91242133132841
"LIM_ZWE","air","2035-2040",1.91242133132841
"LIM_ZWE","air","2040-2045",1.91242133132841
"LIM_ZWE","air","2045-2050",1.91242133132841
"LIM_ZWE","arf","2005-2010",0.357986781311825
"LIM_ZWE","arf","2010-2015",0.357986781311825
"LIM_ZWE","arf","2015-2020",0.357986781311825
"LIM_ZWE","arf","2020-2025",0.357986781311825
"LIM_ZWE","arf","2025-2030",0.357986781311825
"LIM_ZWE","arf","2030-2035",0.357986781311825
"LIM_ZWE","arf","2035-2040",0.357986781311825
"LIM_ZWE","arf","2040-2045",0.357986781311825
"LIM_ZWE","arf","2045-2050",0.357986781311825
"LMO_CHM","air","2005-2010",0.188894593232791
"LMO_CHM","air","2010-2015",0.188894593232791
"LMO_CHM","air","2015-2020",0.188894593232791
"LMO_CHM","air","2020-2025",0.188894593232791
"LMO_CHM","air","2025-2030",0.188894593232791
"LMO_CHM","air","2030-2035",0.188894593232791
"LMO_CHM","air","2035-2040",0.188894593232791
"LMO_CHM","air","2040-2045",0.188894593232791
"LMO_CHM","air","2045-2050",0.188894593232791
"LMO_CHM","arf","2005-2010",-0.129271720186952
"LMO_CHM","arf","2010-2015",-0.129271720186952
"LMO_CHM","arf","2015-2020",-0.129271720186952
"LMO_CHM","arf","2020-2025",-0.129271720186952
"LMO_CHM","arf","2025-2030",-0.129271720186952
"LMO_CHM","arf","2030-2035",-0.129271720186952
"LMO_CHM","arf","2035-2040",-0.129271720186952
"LMO_CHM","arf","2040-2045",-0.129271720186952
"LMO_CHM","arf","2045-2050",-0.129271720186952
"LMO_MNG","air","2005-2010",0.0233421065106043
"LMO_MNG","air","2010-2015",0.0233421065106043
"LMO_MNG","air","2015-2020",0.0233421065106043
"LMO_MNG","air","2020-2025",0.0233421065106043
"LMO_MNG","air","2025-2030",0.0233421065106043
"LMO_MNG","air","2030-2035",0.0233421065106043
"LMO_MNG","air","2035-2040",0.0233421065106043
"LMO_MNG","air","2040-2045",0.0233421065106043
"LMO_MNG","air","2045-2050",0.0233421065106043
"LMO_MNG","arf","2005-2010",-0.72510118100596
"LMO_MNG","arf","2010-2015",-0.72510118100596
"LMO_MNG","arf","2015-2020",-0.72510118100596
"LMO_MNG","arf","2020-2025",-0.72510118100596
"LMO_MNG","arf","2025-2030",-0.72510118100596
"LMO_MNG","arf","2030-2035",-0.72510118100596
"LMO_MNG","arf","2035-2040",-0.72510118100596
"LMO_MNG","arf","2040-2045",-0.72510118100596
"LMO_MNG","arf","2045-2050",-0.72510118100596
"LTZ_KAZ","air","2005-2010",-0.0147916689777983
"LTZ_KAZ","air","2010-2015",-0.0147916689777983
"LTZ_KAZ","air","2015-2020",-0.0147916689777983
"LTZ_KAZ","air","2020-2025",-0.0147916689777983
"LTZ_KAZ","air","2025-2030",-0.0147916689777983
"LTZ_KAZ","air","2030-2035",-0.0147916689777983
"LTZ_KAZ","air","2035-2040",-0.0147916689777983
"LTZ_KAZ","air","2040-2045",-0.0147916689777983
"LTZ_KAZ","air","2045-2050",-0.0147916689777983
"LTZ_KAZ","arf","2005-2010",0.0645227901218348
"LTZ_KAZ","arf","2010-2015",0.0645227901218348
"LTZ_KAZ","arf","2015-2020",0.0645227901218348
"LTZ_KAZ","arf","2020-2025",0.0645227901218348
"LTZ_KAZ","arf","2025-2030",0.0645227901218348
"LTZ_KAZ","arf","2030-2035",0.0645227901218348
"LTZ_KAZ","arf","2035-2040",0.0645227901218348
"LTZ_KAZ","arf","2040-2045",0.0645227901218348
"LTZ_KAZ","arf","2045-2050",0.0645227901218348
"LUN_IND","air","2005-2010",0.694812893297558
"LUN_IND","air","2010-2015",0.694812893297558
"LUN_IND","air","2015-2020",0.694812893297558
"LUN_IND","air","2020-2025",0.694812893297558
"LUN_IND","air","2025-2030",0.694812893297558
"LUN_IND","air","2030-2035",0.694812893297558
"LUN_IND","air","2035-2040",0.694812893297558
"LUN_IND","air","2040-2045",0.694812893297558
"LUN_IND","air","2045-2050",0.694812893297558
"LUN_IND","arf","2005-2010",-0.834128499871711
"LUN_IND","arf","2010-2015",-0.834128499871711
"LUN_IND","arf","2015-2020",-0.834128499871711
"LUN_IND","arf","2020-2025",-0.834128499871711
"LUN_IND","arf","2025-2030",-0.834128499871711
"LUN_IND","arf","2030-2035",-0.834128499871711
"LUN_IND","arf","2035-2040",-0.834128499871711
"LUN_IND","arf","2040-2045",-0.834128499871711
"LUN_IND","arf","2045-2050",-0.834128499871711
"MAD_MDG","air","2005-2010",1.75660899683485
"MAD_MDG","air","2010-2015",1.75660899683485
"MAD_MDG","air","2015-2020",1.75660899683485
"MAD_MDG","air","2020-2025",1.75660899683485
"MAD_MDG","air","2025-2030",1.75660899683485
"MAD_MDG","air","2030-2035",1.75660899683485
"MAD_MDG","air","2035-2040",1.75660899683485
"MAD_MDG","air","2040-2045",1.75660899683485
"MAD_MDG","air","2045-2050",1.75660899683485
"MAD_MDG","arf","2005-2010",-0.519653504955631
"MAD_MDG","arf","2010-2015",-0.519653504955631
"MAD_MDG","arf","2015-2020",-0.519653504955631
"MAD_MDG","arf","2020-2025",-0.519653504955631
"MAD_MDG","arf","2025-2030",-0.519653504955631
"MAD_MDG","arf","2030-2035",-0.519653504955631
"MAD_MDG","arf","2035-2040",-0.519653504955631
"MAD_MDG","arf","2040-2045",-0.519653504955631
"MAD_MDG","arf","2045-2050",-0.519653504955631
"MAT_IND","air","2005-2010",0.694812893297558
"MAT_IND","air","2010-2015",0.694812893297558
"MAT_IND","air","2015-2020",0.694812893297558
"MAT_IND","air","2020-2025",0.694812893297558
"MAT_IND","air","2025-2030",0.694812893297558
"MAT_IND","air","2030-2035",0.694812893297558
"MAT_IND","air","2035-2040",0.694812893297558
"MAT_IND","air","2040-2045",0.694812893297558
"MAT_IND","air","2045-2050",0.694812893297558
"MAT_IND","arf","2005-2010",-0.834128499871711
"MAT_IND","arf","2010-2015",-0.834128499871711
"MAT_IND","arf","2015-2020",-0.834128499871711
"MAT_IND","arf","2020-2025",-0.834128499871711
"MAT_IND","arf","2025-2030",-0.834128499871711
"MAT_IND","arf","2030-2035",-0.834128499871711
"MAT_IND","arf","2035-2040",-0.834128499871711
"MAT_IND","arf","2040-2045",-0.834128499871711
"MAT_IND","arf","2045-2050",-0.834128499871711
"MAU_AUS","air","2005-2010",-0.0373390733343637
"MAU_AUS","air","2010-2015",-0.0373390733343637
"MAU_AUS","air","2015-2020",-0.0373390733343637
"MAU_AUS","air","2020-2025",-0.0373390733343637
"MAU_AUS","air","2025-2030",-0.0373390733343637
"MAU_AUS","air","2030-2035",-0.0373390733343637
"MAU_AUS","air","2035-2040",-0.0373390733343637
"MAU_AUS","air","2040-2045",-0.0373390733343637
"MAU_AUS","air","2045-2050",-0.0373390733343637
"MAU_AUS","arf","2005-2010",-0.0952620667459381
"MAU_AUS","arf","2010-2015",-0.0952620667459381
"MAU_AUS","arf","2015-2020",-0.0952620667459381
"MAU_AUS","arf","2020-2025",-0.0952620667459381
"MAU_AUS","arf","2025-2030",-0.0952620667459381
"MAU_AUS","arf","2030-2035",-0.0952620667459381
"MAU_AUS","arf","2035-2040",-0.0952620667459381
"MAU_AUS","arf","2040-2045",-0.0952620667459381
"MAU_AUS","arf","2045-2050",-0.0952620667459381
"MCK_CAN","air","2005-2010",1.82125378804427
"MCK_CAN","air","2010-2015",1.82125378804427
"MCK_CAN","air","2015-2020",1.82125378804427
"MCK_CAN","air","2020-2025",1.82125378804427
"MCK_CAN","air","2025-2030",1.82125378804427
"MCK_CAN","air","2030-2035",1.82125378804427
"MCK_CAN","air","2035-2040",1.82125378804427
"MCK_CAN","air","2040-2045",1.82125378804427
"MCK_CAN","air","2045-2050",1.82125378804427
"MCK_CAN","arf","2005-2010",-0.170271295637259
"MCK_CAN","arf","2010-2015",-0.170271295637259
"MCK_CAN","arf","2015-2020",-0.170271295637259
"MCK_CAN","arf","2020-2025",-0.170271295637259
"MCK_CAN","arf","2025-2030",-0.170271295637259
"MCK_CAN","arf","2030-2035",-0.170271295637259
"MCK_CAN","arf","2035-2040",-0.170271295637259
"MCK_CAN","arf","2040-2045",-0.170271295637259
"MCK_CAN","arf","2045-2050",-0.170271295637259
"MEK_KHM","air","2005-2010",1.15919298629494
"MEK_KHM","air","2010-2015",1.15919298629494
"MEK_KHM","air","2015-2020",1.15919298629494
"MEK_KHM","air","2020-2025",1.15919298629494
"MEK_KHM","air","2025-2030",1.15919298629494
"MEK_KHM","air","2030-2035",1.15919298629494
"MEK_KHM","air","2035-2040",1.15919298629494
"MEK_KHM","air","2040-2045",1.15919298629494
"MEK_KHM","air","2045-2050",1.15919298629494
"MEK_KHM","arf","2005-2010",0.133855343569955
"MEK_KHM","arf","2010-2015",0.133855343569955
"MEK_KHM","arf","2015-2020",0.133855343569955
"MEK_KHM","arf","2020-2025",0.133855343569955
"MEK_KHM","arf","2025-2030",0.133855343569955
"MEK_KHM","arf","2030-2035",0.133855343569955
"MEK_KHM","arf","2035-2040",0.133855343569955
"MEK_KHM","arf","2040-2045",0.133855343569955
"MEK_KHM","arf","2045-2050",0.133855343569955
"MEK_LAO","air","2005-2010",1.15919298629494
"MEK_LAO","air","2010-2015",1.15919298629494
"MEK_LAO","air","2015-2020",1.15919298629494
"MEK_LAO","air","2020-2025",1.15919298629494
"MEK_LAO","air","2025-2030",1.15919298629494
"MEK_LAO","air","2030-2035",1.15919298629494
"MEK_LAO","air","2035-2040",1.15919298629494
"MEK_LAO","air","2040-2045",1.15919298629494
"MEK_LAO","air","2045-2050",1.15919298629494
"MEK_LAO","arf","2005-2010",0.133855343569955
"MEK_LAO","arf","2010-2015",0.133855343569955
"MEK_LAO","arf","2015-2020",0.133855343569955
"MEK_LAO","arf","2020-2025",0.133855343569955
"MEK_LAO","arf","2025-2030",0.133855343569955
"MEK_LAO","arf","2030-2035",0.133855343569955
"MEK_LAO","arf","2035-2040",0.133855343569955
"MEK_LAO","arf","2040-2045",0.133855343569955
"MEK_LAO","arf","2045-2050",0.133855343569955
"MEK_MMR","air","2005-2010",0.222952854827718
"MEK_MMR","air","2010-2015",0.222952854827718
"MEK_MMR","air","2015-2020",0.222952854827718
"MEK_MMR","air","2020-2025",0.222952854827718
"MEK_MMR","air","2025-2030",0.222952854827718
"MEK_MMR","air","2030-2035",0.222952854827718
"MEK_MMR","air","2035-2040",0.222952854827718
"MEK_MMR","air","2040-2045",0.222952854827718
"MEK_MMR","air","2045-2050",0.222952854827718
"MEK_MMR","arf","2005-2010",0.167031726807432
"MEK_MMR","arf","2010-2015",0.167031726807432
"MEK_MMR","arf","2015-2020",0.167031726807432
"MEK_MMR","arf","2020-2025",0.167031726807432
"MEK_MMR","arf","2025-2030",0.167031726807432
"MEK_MMR","arf","2030-2035",0.167031726807432
"MEK_MMR","arf","2035-2040",0.167031726807432
"MEK_MMR","arf","2040-2045",0.167031726807432
"MEK_MMR","arf","2045-2050",0.167031726807432
"MEK_THA","air","2005-2010",-0.0709633079429284
"MEK_THA","air","2010-2015",-0.0709633079429284
"MEK_THA","air","2015-2020",-0.0709633079429284
"MEK_THA","air","2020-2025",-0.0709633079429284
"MEK_THA","air","2025-2030",-0.0709633079429284
"MEK_THA","air","2030-2035",-0.0709633079429284
"MEK_THA","air","2035-2040",-0.0709633079429284
"MEK_THA","air","2040-2045",-0.0709633079429284
"MEK_THA","air","2045-2050",-0.0709633079429284
"MEK_THA","arf","2005-2010",-0.274248869736238
"MEK_THA","arf","2010-2015",-0.274248869736238
"MEK_THA","arf","2015-2020",-0.274248869736238
"MEK_THA","arf","2020-2025",-0.274248869736238
"MEK_THA","arf","2025-2030",-0.274248869736238
"MEK_THA","arf","2030-2035",-0.274248869736238
"MEK_THA","arf","2035-2040",-0.274248869736238
"MEK_THA","arf","2040-2045",-0.274248869736238
"MEK_THA","arf","2045-2050",-0.274248869736238
"MEK_VNM","air","2005-2010",0.320225601711566
"MEK_VNM","air","2010-2015",0.320225601711566
"MEK_VNM","air","2015-2020",0.320225601711566
"MEK_VNM","air","2020-2025",0.320225601711566
"MEK_VNM","air","2025-2030",0.320225601711566
"MEK_VNM","air","2030-2035",0.320225601711566
"MEK_VNM","air","2035-2040",0.320225601711566
"MEK_VNM","air","2040-2045",0.320225601711566
"MEK_VNM","air","2045-2050",0.320225601711566
"MEK_VNM","arf","2005-2010",0.0978870352035921
"MEK_VNM","arf","2010-2015",0.0978870352035921
"MEK_VNM","arf","2015-2020",0.0978870352035921
"MEK_VNM","arf","2020-2025",0.0978870352035921
"MEK_VNM","arf","2025-2030",0.0978870352035921
"MEK_VNM","arf","2030-2035",0.0978870352035921
"MEK_VNM","arf","2035-2040",0.0978870352035921
"MEK_VNM","arf","2040-2045",0.0978870352035921
"MEK_VNM","arf","2045-2050",0.0978870352035921
"MHN_IND","air","2005-2010",0.694812893297558
"MHN_IND","air","2010-2015",0.694812893297558
"MHN_IND","air","2015-2020",0.694812893297558
"MHN_IND","air","2020-2025",0.694812893297558
"MHN_IND","air","2025-2030",0.694812893297558
"MHN_IND","air","2030-2035",0.694812893297558
"MHN_IND","air","2035-2040",0.694812893297558
"MHN_IND","air","2040-2045",0.694812893297558
"MHN_IND","air","2045-2050",0.694812893297558
"MHN_IND","arf","2005-2010",-0.834128499871711
"MHN_IND","arf","2010-2015",-0.834128499871711
"MHN_IND","arf","2015-2020",-0.834128499871711
"MHN_IND","arf","2020-2025",-0.834128499871711
"MHN_IND","arf","2025-2030",-0.834128499871711
"MHN_IND","arf","2030-2035",-0.834128499871711
"MHN_IND","arf","2035-2040",-0.834128499871711
"MHN_IND","arf","2040-2045",-0.834128499871711
"MHN_IND","arf","2045-2050",-0.834128499871711
"MIM_MEX","air","2005-2010",0.55042287521585
"MIM_MEX","air","2010-2015",0.55042287521585
"MIM_MEX","air","2015-2020",0.55042287521585
"MIM_MEX","air","2020-2025",0.55042287521585
"MIM_MEX","air","2025-2030",0.55042287521585
"MIM_MEX","air","2030-2035",0.55042287521585
"MIM_MEX","air","2035-2040",0.55042287521585
"MIM_MEX","air","2040-2045",0.55042287521585
"MIM_MEX","air","2045-2050",0.55042287521585
"MIM_MEX","arf","2005-2010",0.21322862257096
"MIM_MEX","arf","2010-2015",0.21322862257096
"MIM_MEX","arf","2015-2020",0.21322862257096
"MIM_MEX","arf","2020-2025",0.21322862257096
"MIM_MEX","arf","2025-2030",0.21322862257096
"MIM_MEX","arf","2030-2035",0.21322862257096
"MIM_MEX","arf","2035-2040",0.21322862257096
"MIM_MEX","arf","2040-2045",0.21322862257096
"MIM_MEX","arf","2045-2050",0.21322862257096
"MIS_USA","air","2005-2010",0.700569074691426
"MIS_USA","air","2010-2015",0.700569074691426
"MIS_USA","air","2015-2020",0.700569074691426
"MIS_USA","air","2020-2025",0.700569074691426
"MIS_USA","air","2025-2030",0.700569074691426
"MIS_USA","air","2030-2035",0.700569074691426
"MIS_USA","air","2035-2040",0.700569074691426
"MIS_USA","air","2040-2045",0.700569074691426
"MIS_USA","air","2045-2050",0.700569074691426
"MIS_USA","arf","2005-2010",-0.0540684073146114
"MIS_USA","arf","2010-2015",-0.0540684073146114
"MIS_USA","arf","2015-2020",-0.0540684073146114
"MIS_USA","arf","2020-2025",-0.0540684073146114
"MIS_USA","arf","2025-2030",-0.0540684073146114
"MIS_USA","arf","2030-2035",-0.0540684073146114
"MIS_USA","arf","2035-2040",-0.0540684073146114
"MIS_USA","arf","2040-2045",-0.0540684073146114
"MIS_USA","arf","2045-2050",-0.0540684073146114
"MOU_USA","air","2005-2010",0.700569074691426
"MOU_USA","air","2010-2015",0.700569074691426
"MOU_USA","air","2015-2020",0.700569074691426
"MOU_USA","air","2020-2025",0.700569074691426
"MOU_USA","air","2025-2030",0.700569074691426
"MOU_USA","air","2030-2035",0.700569074691426
"MOU_USA","air","2035-2040",0.700569074691426
"MOU_USA","air","2040-2045",0.700569074691426
"MOU_USA","air","2045-2050",0.700569074691426
"MOU_USA","arf","2005-2010",-0.0540684073146114
"MOU_USA","arf","2010-2015",-0.0540684073146114
"MOU_USA","arf","2015-2020",-0.0540684073146114
"MOU_USA","arf","2020-2025",-0.0540684073146114
"MOU_USA","arf","2025-2030",-0.0540684073146114
"MOU_USA","arf","2030-2035",-0.0540684073146114
"MOU_USA","arf","2035-2040",-0.0540684073146114
"MOU_USA","arf","2040-2045",-0.0540684073146114
"MOU_USA","arf","2045-2050",-0.0540684073146114
"NAC_DZA","air","2005-2010",0.557685280001263
"NAC_DZA","air","2010-2015",0.557685280001263
"NAC_DZA","air","2015-2020",0.557685280001263
"NAC_DZA","air","2020-2025",0.362495432000821
"NAC_DZA","air","2025-2030",0.362495432000821
"NAC_DZA","air","2030-2035",0.362495432000821
"NAC_DZA","air","2035-2040",0.362495432000821
"NAC_DZA","air","2040-2045",0.362495432000821
"NAC_DZA","air","2045-2050",0.362495432000821
"NAC_DZA","arf","2005-2010",0.228237839263823
"NAC_DZA","arf","2010-2015",0.228237839263823
"NAC_DZA","arf","2015-2020",0.228237839263823
"NAC_DZA","arf","2020-2025",0.148354595521485
"NAC_DZA","arf","2025-2030",0.148354595521485
"NAC_DZA","arf","2030-2035",0.148354595521485
"NAC_DZA","arf","2035-2040",0.148354595521485
"NAC_DZA","arf","2040-2045",0.148354595521485
"NAC_DZA","arf","2045-2050",0.148354595521485
"NAC_EGY","air","2005-2010",0.358492306977931
"NAC_EGY","air","2010-2015",0.358492306977931
"NAC_EGY","air","2015-2020",0.358492306977931
"NAC_EGY","air","2020-2025",0.233019999535655
"NAC_EGY","air","2025-2030",0.233019999535655
"NAC_EGY","air","2030-2035",0.233019999535655
"NAC_EGY","air","2035-2040",0.233019999535655
"NAC_EGY","air","2040-2045",0.233019999535655
"NAC_EGY","air","2045-2050",0.233019999535655
"NAC_LBY","air","2005-2010",0.443474210608641
"NAC_LBY","air","2010-2015",0.443474210608641
"NAC_LBY","air","2015-2020",0.443474210608641
"NAC_LBY","air","2020-2025",0.288258236895617
"NAC_LBY","air","2025-2030",0.288258236895617
"NAC_LBY","air","2030-2035",0.288258236895617
"NAC_LBY","air","2035-2040",0.288258236895617
"NAC_LBY","air","2040-2045",0.288258236895617
"NAC_LBY","air","2045-2050",0.288258236895617
"NAC_LBY","arf","2005-2010",0.19660912114674
"NAC_LBY","arf","2010-2015",0.19660912114674
"NAC_LBY","arf","2015-2020",0.19660912114674
"NAC_LBY","arf","2020-2025",0.127795928745381
"NAC_LBY","arf","2025-2030",0.127795928745381
"NAC_LBY","arf","2030-2035",0.127795928745381
"NAC_LBY","arf","2035-2040",0.127795928745381
"NAC_LBY","arf","2040-2045",0.127795928745381
"NAC_LBY","arf","2045-2050",0.127795928745381
"NAC_TUN","air","2005-2010",0.609687441796414
"NAC_TUN","air","2010-2015",0.609687441796414
"NAC_TUN","air","2015-2020",0.609687441796414
"NAC_TUN","air","2020-2025",0.396296837167669
"NAC_TUN","air","2025-2030",0.396296837167669
"NAC_TUN","air","2030-2035",0.396296837167669
"NAC_TUN","air","2035-2040",0.396296837167669
"NAC_TUN","air","2040-2045",0.396296837167669
"NAC_TUN","air","2045-2050",0.396296837167669
"NAC_TUN","arf","2005-2010",0.329557484869625
"NAC_TUN","arf","2010-2015",0.329557484869625
"NAC_TUN","arf","2015-2020",0.329557484869625
"NAC_TUN","arf","2020-2025",0.214212365165256
"NAC_TUN","arf","2025-2030",0.214212365165256
"NAC_TUN","arf","2030-2035",0.214212365165256
"NAC_TUN","arf","2035-2040",0.214212365165256
"NAC_TUN","arf","2040-2045",0.214212365165256
"NAC_TUN","arf","2045-2050",0.214212365165256
"NEB_BRA","air","2005-2010",0.787447758493975
"NEB_BRA","air","2010-2015",0.787447758493975
"NEB_BRA","air","2015-2020",0.787447758493975
"NEB_BRA","air","2020-2025",0.787447758493975
"NEB_BRA","air","2025-2030",0.787447758493975
"NEB_BRA","air","2030-2035",0.787447758493975
"NEB_BRA","air","2035-2040",0.787447758493975
"NEB_BRA","air","2040-2045",0.787447758493975
"NEB_BRA","air","2045-2050",0.787447758493975
"NEB_BRA","arf","2005-2010",0.79166600616658
"NEB_BRA","arf","2010-2015",0.79166600616658
"NEB_BRA","arf","2015-2020",0.79166600616658
"NEB_BRA","arf","2020-2025",0.79166600616658
"NEB_BRA","arf","2025-2030",0.79166600616658
"NEB_BRA","arf","2030-2035",0.79166600616658
"NEB_BRA","arf","2035-2040",0.79166600616658
"NEB_BRA","arf","2040-2045",0.79166600616658
"NEB_BRA","arf","2045-2050",0.79166600616658
"NER_RUS","air","2005-2010",0.906776984765623
"NER_RUS","air","2010-2015",0.906776984765623
"NER_RUS","air","2015-2020",0.906776984765623
"NER_RUS","air","2020-2025",0.906776984765623
"NER_RUS","air","2025-2030",0.906776984765623
"NER_RUS","air","2030-2035",0.906776984765623
"NER_RUS","air","2035-2040",0.906776984765623
"NER_RUS","air","2040-2045",0.906776984765623
"NER_RUS","air","2045-2050",0.906776984765623
"NER_RUS","arf","2005-2010",0.0117537050096539
"NER_RUS","arf","2010-2015",0.0117537050096539
"NER_RUS","arf","2015-2020",0.0117537050096539
"NER_RUS","arf","2020-2025",0.0117537050096539
"NER_RUS","arf","2025-2030",0.0117537050096539
"NER_RUS","arf","2030-2035",0.0117537050096539
"NER_RUS","arf","2035-2040",0.0117537050096539
"NER_RUS","arf","2040-2045",0.0117537050096539
"NER_RUS","arf","2045-2050",0.0117537050096539
"NIC_NIC","air","2005-2010",0.898624453099139
"NIC_NIC","air","2010-2015",0.898624453099139
"NIC_NIC","air","2015-2020",0.898624453099139
"NIC_NIC","air","2020-2025",0.898624453099139
"NIC_NIC","air","2025-2030",0.898624453099139
"NIC_NIC","air","2030-2035",0.898624453099139
"NIC_NIC","air","2035-2040",0.898624453099139
"NIC_NIC","air","2040-2045",0.898624453099139
"NIC_NIC","air","2045-2050",0.898624453099139
"NIC_NIC","arf","2005-2010",0.579952317952492
"NIC_NIC","arf","2010-2015",0.579952317952492
"NIC_NIC","arf","2015-2020",0.579952317952492
"NIC_NIC","arf","2020-2025",0.579952317952492
"NIC_NIC","arf","2025-2030",0.579952317952492
"NIC_NIC","arf","2030-2035",0.579952317952492
"NIC_NIC","arf","2035-2040",0.579952317952492
"NIC_NIC","arf","2040-2045",0.579952317952492
"NIC_NIC","arf","2045-2050",0.579952317952492
"NIG_BEN","air","2005-2010",1.72016788236857
"NIG_BEN","air","2010-2015",1.72016788236857
"NIG_BEN","air","2015-2020",1.72016788236857
"NIG_BEN","air","2020-2025",1.72016788236857
"NIG_BEN","air","2025-2030",1.72016788236857
"NIG_BEN","air","2030-2035",1.72016788236857
"NIG_BEN","air","2035-2040",1.72016788236857
"NIG_BEN","air","2040-2045",1.72016788236857
"NIG_BEN","air","2045-2050",1.72016788236857
"NIG_BEN","arf","2005-2010",0.954126118311205
"NIG_BEN","arf","2010-2015",0.954126118311205
"NIG_BEN","arf","2015-2020",0.954126118311205
"NIG_BEN","arf","2020-2025",0.954126118311205
"NIG_BEN","arf","2025-2030",0.954126118311205
"NIG_BEN","arf","2030-2035",0.954126118311205
"NIG_BEN","arf","2035-2040",0.954126118311205
"NIG_BEN","arf","2040-2045",0.954126118311205
"NIG_BEN","arf","2045-2050",0.954126118311205
"NIG_BFA","air","2005-2010",1.70703577023472
"NIG_BFA","air","2010-2015",1.70703577023472
"NIG_BFA","air","2015-2020",1.70703577023472
"NIG_BFA","air","2020-2025",1.70703577023472
"NIG_BFA","air","2025-2030",1.70703577023472
"NIG_BFA","air","2030-2035",1.70703577023472
"NIG_BFA","air","2035-2040",1.70703577023472
"NIG_BFA","air","2040-2045",1.70703577023472
"NIG_BFA","air","2045-2050",1.70703577023472
"NIG_BFA","arf","2005-2010",0.785859905680852
"NIG_BFA","arf","2010-2015",0.785859905680852
"NIG_BFA","arf","2015-2020",0.785859905680852
"NIG_BFA","arf","2020-2025",0.785859905680852
"NIG_BFA","arf","2025-2030",0.785859905680852
"NIG_BFA","arf","2030-2035",0.785859905680852
"NIG_BFA","arf","2035-2040",0.785859905680852
"NIG_BFA","arf","2040-2045",0.785859905680852
"NIG_BFA","arf","2045-2050",0.785859905680852
"NIG_CIV","air","2005-2010",1.87881676422113
"NIG_CIV","air","2010-2015",1.87881676422113
"NIG_CIV","air","2015-2020",1.87881676422113
"NIG_CIV","air","2020-2025",1.87881676422113
"NIG_CIV","air","2025-2030",1.87881676422113
"NIG_CIV","air","2030-2035",1.87881676422113
"NIG_CIV","air","2035-2040",1.87881676422113
"NIG_CIV","air","2040-2045",1.87881676422113
"NIG_CIV","air","2045-2050",1.87881676422113
"NIG_CIV","arf","2005-2010",0.917997067328602
"NIG_CIV","arf","2010-2015",0.917997067328602
"NIG_CIV","arf","2015-2020",0.917997067328602
"NIG_CIV","arf","2020-2025",0.917997067328602
"NIG_CIV","arf","2025-2030",0.917997067328602
"NIG_CIV","arf","2030-2035",0.917997067328602
"NIG_CIV","arf","2035-2040",0.917997067328602
"NIG_CIV","arf","2040-2045",0.917997067328602
"NIG_CIV","arf","2045-2050",0.917997067328602
"NIG_CMR","air","2005-2010",1.68335881162776
"NIG_CMR","air","2010-2015",1.68335881162776
"NIG_CMR","air","2015-2020",1.68335881162776
"NIG_CMR","air","2020-2025",1.68335881162776
"NIG_CMR","air","2025-2030",1.68335881162776
"NIG_CMR","air","2030-2035",1.68335881162776
"NIG_CMR","air","2035-2040",1.68335881162776
"NIG_CMR","air","2040-2045",1.68335881162776
"NIG_CMR","air","2045-2050",1.68335881162776
"NIG_CMR","arf","2005-2010",1.1089222496445
"NIG_CMR","arf","2010-2015",1.1089222496445
"NIG_CMR","arf","2015-2020",1.1089222496445
"NIG_CMR","arf","2020-2025",1.1089222496445
"NIG_CMR","arf","2025-2030",1.1089222496445
"NIG_CMR","arf","2030-2035",1.1089222496445
"NIG_CMR","arf","2035-2040",1.1089222496445
"NIG_CMR","arf","2040-2045",1.1089222496445
"NIG_CMR","arf","2045-2050",1.1089222496445
"NIG_GIN","air","2005-2010",2.04600141568423
"NIG_GIN","air","2010-2015",2.04600141568423
"NIG_GIN","air","2015-2020",2.04600141568423
"NIG_GIN","air","2020-2025",2.04600141568423
"NIG_GIN","air","2025-2030",2.04600141568423
"NIG_GIN","air","2030-2035",2.04600141568423
"NIG_GIN","air","2035-2040",2.04600141568423
"NIG_GIN","air","2040-2045",2.04600141568423
"NIG_GIN","air","2045-2050",2.04600141568423
"NIG_GIN","arf","2005-2010",0.984322584106501
"NIG_GIN","arf","2010-2015",0.984322584106501
"NIG_GIN","arf","2015-2020",0.984322584106501
"NIG_GIN","arf","2020-2025",0.984322584106501
"NIG_GIN","arf","2025-2030",0.984322584106501
"NIG_GIN","arf","2030-2035",0.984322584106501
"NIG_GIN","arf","2035-2040",0.984322584106501
"NIG_GIN","arf","2040-2045",0.984322584106501
"NIG_GIN","arf","2045-2050",0.984322584106501
"NIG_MLI","air","2005-2010",1.66346831339081
"NIG_MLI","air","2010-2015",1.66346831339081
"NIG_MLI","air","2015-2020",1.66346831339081
"NIG_MLI","air","2020-2025",1.66346831339081
"NIG_MLI","air","2025-2030",1.66346831339081
"NIG_MLI","air","2030-2035",1.66346831339081
"NIG_MLI","air","2035-2040",1.66346831339081
"NIG_MLI","air","2040-2045",1.66346831339081
"NIG_MLI","air","2045-2050",1.66346831339081
"NIG_MLI","arf","2005-2010",0.554050969645026
"NIG_MLI","arf","2010-2015",0.554050969645026
"NIG_MLI","arf","2015-2020",0.554050969645026
"NIG_MLI","arf","2020-2025",0.554050969645026
"NIG_MLI","arf","2025-2030",0.554050969645026
"NIG_MLI","arf","2030-2035",0.554050969645026
"NIG_MLI","arf","2035-2040",0.554050969645026
"NIG_MLI","arf","2040-2045",0.554050969645026
"NIG_MLI","arf","2045-2050",0.554050969645026
"NIG_NER","air","2005-2010",1.44768247009159
"NIG_NER","air","2010-2015",1.44768247009159
"NIG_NER","air","2015-2020",1.44768247009159
"NIG_NER","air","2020-2025",1.44768247009159
"NIG_NER","air","2025-2030",1.44768247009159
"NIG_NER","air","2030-2035",1.44768247009159
"NIG_NER","air","2035-2040",1.44768247009159
"NIG_NER","air","2040-2045",1.44768247009159
"NIG_NER","air","2045-2050",1.44768247009159
"NIG_NER","arf","2005-2010",0.976774093459221
"NIG_NER","arf","2010-2015",0.976774093459221
"NIG_NER","arf","2015-2020",0.976774093459221
"NIG_NER","arf","2020-2025",0.976774093459221
"NIG_NER","arf","2025-2030",0.976774093459221
"NIG_NER","arf","2030-2035",0.976774093459221
"NIG_NER","arf","2035-2040",0.976774093459221
"NIG_NER","arf","2040-2045",0.976774093459221
"NIG_NER","arf","2045-2050",0.976774093459221
"NIG_NGA","air","2005-2010",2.69580130726039
"NIG_NGA","air","2010-2015",2.69580130726039
"NIG_NGA","air","2015-2020",2.69580130726039
"NIG_NGA","air","2020-2025",2.69580130726039
"NIG_NGA","air","2025-2030",2.69580130726039
"NIG_NGA","air","2030-2035",2.69580130726039
"NIG_NGA","air","2035-2040",2.69580130726039
"NIG_NGA","air","2040-2045",2.69580130726039
"NIG_NGA","air","2045-2050",2.69580130726039
"NIG_NGA","arf","2005-2010",0.386666459790219
"NIG_NGA","arf","2010-2015",0.386666459790219
"NIG_NGA","arf","2015-2020",0.386666459790219
"NIG_NGA","arf","2020-2025",0.386666459790219
"NIG_NGA","arf","2025-2030",0.386666459790219
"NIG_NGA","arf","2030-2035",0.386666459790219
"NIG_NGA","arf","2035-2040",0.386666459790219
"NIG_NGA","arf","2040-2045",0.386666459790219
"NIG_NGA","arf","2045-2050",0.386666459790219
"NIG_TCD","air","2005-2010",1.43785610957685
"NIG_TCD","air","2010-2015",1.43785610957685
"NIG_TCD","air","2015-2020",1.43785610957685
"NIG_TCD","air","2020-2025",1.43785610957685
"NIG_TCD","air","2025-2030",1.43785610957685
"NIG_TCD","air","2030-2035",1.43785610957685
"NIG_TCD","air","2035-2040",1.43785610957685
"NIG_TCD","air","2040-2045",1.43785610957685
"NIG_TCD","air","2045-2050",1.43785610957685
"NIG_TCD","arf","2005-2010",0.909394657352092
"NIG_TCD","arf","2010-2015",0.909394657352092
"NIG_TCD","arf","2015-2020",0.909394657352092
"NIG_TCD","arf","2020-2025",0.909394657352092
"NIG_TCD","arf","2025-2030",0.909394657352092
"NIG_TCD","arf","2030-2035",0.909394657352092
"NIG_TCD","arf","2035-2040",0.909394657352092
"NIG_TCD","arf","2040-2045",0.909394657352092
"NIG_TCD","arf","2045-2050",0.909394657352092
"NKP_PRK","air","2005-2010",0.00662713609425047
"NKP_PRK","air","2010-2015",0.00662713609425047
"NKP_PRK","air","2015-2020",0.00662713609425047
"NKP_PRK","air","2020-2025",0.00662713609425047
"NKP_PRK","air","2025-2030",0.00662713609425047
"NKP_PRK","air","2030-2035",0.00662713609425047
"NKP_PRK","air","2035-2040",0.00662713609425047
"NKP_PRK","air","2040-2045",0.00662713609425047
"NKP_PRK","air","2045-2050",0.00662713609425047
"NKP_PRK","arf","2005-2010",0.057742034931918
"NKP_PRK","arf","2010-2015",0.057742034931918
"NKP_PRK","arf","2015-2020",0.057742034931918
"NKP_PRK","arf","2020-2025",0.057742034931918
"NKP_PRK","arf","2025-2030",0.057742034931918
"NKP_PRK","arf","2030-2035",0.057742034931918
"NKP_PRK","arf","2035-2040",0.057742034931918
"NKP_PRK","arf","2040-2045",0.057742034931918
"NKP_PRK","arf","2045-2050",0.057742034931918
"NLL_DJI","air","2005-2010",0.139823541639306
"NLL_DJI","air","2010-2015",0.139823541639306
"NLL_DJI","air","2015-2020",0.139823541639306
"NLL_DJI","air","2020-2025",0.0908853020655487
"NLL_DJI","air","2025-2030",0.0908853020655487
"NLL_DJI","air","2030-2035",0.0908853020655487
"NLL_DJI","air","2035-2040",0.0908853020655487
"NLL_DJI","air","2040-2045",0.0908853020655487
"NLL_DJI","air","2045-2050",0.0908853020655487
"NLL_DJI","arf","2005-2010",0.425314636249796
"NLL_DJI","arf","2010-2015",0.425314636249796
"NLL_DJI","arf","2015-2020",0.425314636249796
"NLL_DJI","arf","2020-2025",0.276454513562367
"NLL_DJI","arf","2025-2030",0.276454513562367
"NLL_DJI","arf","2030-2035",0.276454513562367
"NLL_DJI","arf","2035-2040",0.276454513562367
"NLL_DJI","arf","2040-2045",0.276454513562367
"NLL_DJI","arf","2045-2050",0.276454513562367
"NLL_EGY","air","2005-2010",0.358492306977931
"NLL_EGY","air","2010-2015",0.358492306977931
"NLL_EGY","air","2015-2020",0.358492306977931
"NLL_EGY","air","2020-2025",0.233019999535655
"NLL_EGY","air","2025-2030",0.233019999535655
"NLL_EGY","air","2030-2035",0.233019999535655
"NLL_EGY","air","2035-2040",0.233019999535655
"NLL_EGY","air","2040-2045",0.233019999535655
"NLL_EGY","air","2045-2050",0.233019999535655
"NLL_ERI","arf","2005-2010",1.00370866491752
"NLL_ERI","arf","2010-2015",1.00370866491752
"NLL_ERI","arf","2015-2020",1.00370866491752
"NLL_ERI","arf","2020-2025",1.00370866491752
"NLL_ERI","arf","2025-2030",1.00370866491752
"NLL_ERI","arf","2030-2035",1.00370866491752
"NLL_ERI","arf","2035-2040",1.00370866491752
"NLL_ERI","arf","2040-2045",1.00370866491752
"NLL_ERI","arf","2045-2050",1.00370866491752
"NLL_ETH","air","2005-2010",3.45357373097792
"NLL_ETH","air","2010-2015",3.45357373097792
"NLL_ETH","air","2015-2020",3.45357373097792
"NLL_ETH","air","2020-2025",3.45357373097792
"NLL_ETH","air","2025-2030",3.45357373097792
"NLL_ETH","air","2030-2035",3.45357373097792
"NLL_ETH","air","2035-2040",3.45357373097792
"NLL_ETH","air","2040-2045",3.45357373097792
"NLL_ETH","air","2045-2050",3.45357373097792
"NLL_ETH","arf","2005-2010",0.74797248688161
"NLL_ETH","arf","2010-2015",0.74797248688161
"NLL_ETH","arf","2015-2020",0.74797248688161
"NLL_ETH","arf","2020-2025",0.74797248688161
"NLL_ETH","arf","2025-2030",0.74797248688161
"NLL_ETH","arf","2030-2035",0.74797248688161
"NLL_ETH","arf","2035-2040",0.74797248688161
"NLL_ETH","arf","2040-2045",0.74797248688161
"NLL_ETH","arf","2045-2050",0.74797248688161
"NLL_SDN","air","2005-2010",0.866704644855498
"NLL_SDN","air","2010-2015",0.866704644855498
"NLL_SDN","air","2015-2020",0.866704644855498
"NLL_SDN","air","2020-2025",0.866704644855498
"NLL_SDN","air","2025-2030",0.866704644855498
"NLL_SDN","air","2030-2035",0.866704644855498
"NLL_SDN","air","2035-2040",0.866704644855498
"NLL_SDN","air","2040-2045",0.866704644855498
"NLL_SDN","air","2045-2050",0.866704644855498
"NLL_SDN","arf","2005-2010",0.966842055702744
"NLL_SDN","arf","2010-2015",0.966842055702744
"NLL_SDN","arf","2015-2020",0.966842055702744
"NLL_SDN","arf","2020-2025",0.966842055702744
"NLL_SDN","arf","2025-2030",0.966842055702744
"NLL_SDN","arf","2030-2035",0.966842055702744
"NLL_SDN","arf","2035-2040",0.966842055702744
"NLL_SDN","arf","2040-2045",0.966842055702744
"NLL_SDN","arf","2045-2050",0.966842055702744
"NLL_UGA","air","2005-2010",2.88654815545846
"NLL_UGA","air","2010-2015",2.88654815545846
"NLL_UGA","air","2015-2020",2.88654815545846
"NLL_UGA","air","2020-2025",2.88654815545846
"NLL_UGA","air","2025-2030",2.88654815545846
"NLL_UGA","air","2030-2035",2.88654815545846
"NLL_UGA","air","2035-2040",2.88654815545846
"NLL_UGA","air","2040-2045",2.88654815545846
"NLL_UGA","air","2045-2050",2.88654815545846
"NLL_UGA","arf","2005-2010",0.830131868733774
"NLL_UGA","arf","2010-2015",0.830131868733774
"NLL_UGA","arf","2015-2020",0.830131868733774
"NLL_UGA","arf","2020-2025",0.830131868733774
"NLL_UGA","arf","2025-2030",0.830131868733774
"NLL_UGA","arf","2030-2035",0.830131868733774
"NLL_UGA","arf","2035-2040",0.830131868733774
"NLL_UGA","arf","2040-2045",0.830131868733774
"NLL_UGA","arf","2045-2050",0.830131868733774
"NOR_NOR","air","2005-2010",0.312343357686151
"NOR_NOR","air","2010-2015",0.312343357686151
"NOR_NOR","air","2015-2020",0.312343357686151
"NOR_NOR","air","2020-2025",0.312343357686151
"NOR_NOR","air","2025-2030",0.312343357686151
"NOR_NOR","air","2030-2035",0.312343357686151
"NOR_NOR","air","2035-2040",0.312343357686151
"NOR_NOR","air","2040-2045",0.312343357686151
"NOR_NOR","air","2045-2050",0.312343357686151
"NOR_NOR","arf","2005-2010",-0.559515244495812
"NOR_NOR","arf","2010-2015",-0.559515244495812
"NOR_NOR","arf","2015-2020",-0.559515244495812
"NOR_NOR","arf","2020-2025",-0.559515244495812
"NOR_NOR","arf","2025-2030",-0.559515244495812
"NOR_NOR","arf","2030-2035",-0.559515244495812
"NOR_NOR","arf","2035-2040",-0.559515244495812
"NOR_NOR","arf","2040-2045",-0.559515244495812
"NOR_NOR","arf","2045-2050",-0.559515244495812
"NWA_MOR","air","2005-2010",0.29890501953449
"NWA_MOR","air","2010-2015",0.29890501953449
"NWA_MOR","air","2015-2020",0.29890501953449
"NWA_MOR","air","2020-2025",0.194288262697419
"NWA_MOR","air","2025-2030",0.194288262697419
"NWA_MOR","air","2030-2035",0.194288262697419
"NWA_MOR","air","2035-2040",0.194288262697419
"NWA_MOR","air","2040-2045",0.194288262697419
"NWA_MOR","air","2045-2050",0.194288262697419
"NWA_MOR","arf","2005-2010",-0.117105497691516
"NWA_MOR","arf","2010-2015",-0.117105497691516
"NWA_MOR","arf","2015-2020",-0.117105497691516
"NWA_MOR","arf","2020-2025",-0.0761185734994857
"NWA_MOR","arf","2025-2030",-0.0761185734994857
"NWA_MOR","arf","2030-2035",-0.0761185734994857
"NWA_MOR","arf","2035-2040",-0.0761185734994857
"NWA_MOR","arf","2040-2045",-0.0761185734994857
"NWA_MOR","arf","2045-2050",-0.0761185734994857
"NWA_MRT","air","2005-2010",0.785068213297979
"NWA_MRT","air","2010-2015",0.785068213297979
"NWA_MRT","air","2015-2020",0.785068213297979
"NWA_MRT","air","2020-2025",0.785068213297979
"NWA_MRT","air","2025-2030",0.785068213297979
"NWA_MRT","air","2030-2035",0.785068213297979
"NWA_MRT","air","2035-2040",0.785068213297979
"NWA_MRT","air","2040-2045",0.785068213297979
"NWA_MRT","air","2045-2050",0.785068213297979
"NWA_MRT","arf","2005-2010",0.957729925694251
"NWA_MRT","arf","2010-2015",0.957729925694251
"NWA_MRT","arf","2015-2020",0.957729925694251
"NWA_MRT","arf","2020-2025",0.957729925694251
"NWA_MRT","arf","2025-2030",0.957729925694251
"NWA_MRT","arf","2030-2035",0.957729925694251
"NWA_MRT","arf","2035-2040",0.957729925694251
"NWA_MRT","arf","2040-2045",0.957729925694251
"NWA_MRT","arf","2045-2050",0.957729925694251
"NWS_COL","air","2005-2010",0.443852056434957
"NWS_COL","air","2010-2015",0.443852056434957
"NWS_COL","air","2015-2020",0.443852056434957
"NWS_COL","air","2020-2025",0.443852056434957
"NWS_COL","air","2025-2030",0.443852056434957
"NWS_COL","air","2030-2035",0.443852056434957
"NWS_COL","air","2035-2040",0.443852056434957
"NWS_COL","air","2040-2045",0.443852056434957
"NWS_COL","air","2045-2050",0.443852056434957
"NWS_COL","arf","2005-2010",0.23585812891358
"NWS_COL","arf","2010-2015",0.23585812891358
"NWS_COL","arf","2015-2020",0.23585812891358
"NWS_COL","arf","2020-2025",0.23585812891358
"NWS_COL","arf","2025-2030",0.23585812891358
"NWS_COL","arf","2030-2035",0.23585812891358
"NWS_COL","arf","2035-2040",0.23585812891358
"NWS_COL","arf","2040-2045",0.23585812891358
"NWS_COL","arf","2045-2050",0.23585812891358
"NWS_ECU","air","2005-2010",0.581245056218349
"NWS_ECU","air","2010-2015",0.581245056218349
"NWS_ECU","air","2015-2020",0.581245056218349
"NWS_ECU","air","2020-2025",0.581245056218349
"NWS_ECU","air","2025-2030",0.581245056218349
"NWS_ECU","air","2030-2035",0.581245056218349
"NWS_ECU","air","2035-2040",0.581245056218349
"NWS_ECU","air","2040-2045",0.581245056218349
"NWS_ECU","air","2045-2050",0.581245056218349
"NWS_ECU","arf","2005-2010",0.448647064683838
"NWS_ECU","arf","2010-2015",0.448647064683838
"NWS_ECU","arf","2015-2020",0.448647064683838
"NWS_ECU","arf","2020-2025",0.448647064683838
"NWS_ECU","arf","2025-2030",0.448647064683838
"NWS_ECU","arf","2030-2035",0.448647064683838
"NWS_ECU","arf","2035-2040",0.448647064683838
"NWS_ECU","arf","2040-2045",0.448647064683838
"NWS_ECU","arf","2045-2050",0.448647064683838
"NZE_NZL","air","2005-2010",0.267033004547135
"NZE_NZL","air","2010-2015",0.267033004547135
"NZE_NZL","air","2015-2020",0.267033004547135
"NZE_NZL","air","2020-2025",0.267033004547135
"NZE_NZL","air","2025-2030",0.267033004547135
"NZE_NZL","air","2030-2035",0.267033004547135
"NZE_NZL","air","2035-2040",0.267033004547135
"NZE_NZL","air","2040-2045",0.267033004547135
"NZE_NZL","air","2045-2050",0.267033004547135
"OAO_OAO","air","2005-2010",0.0179934804973803
"OAO_OAO","air","2010-2015",0.0179934804973803
"OAO_OAO","air","2015-2020",0.0179934804973803
"OAO_OAO","air","2020-2025",0.0179934804973803
"OAO_OAO","air","2025-2030",0.0179934804973803
"OAO_OAO","air","2030-2035",0.0179934804973803
"OAO_OAO","air","2035-2040",0.0179934804973803
"OAO_OAO","air","2040-2045",0.0179934804973803
"OAO_OAO","air","2045-2050",0.0179934804973803
"OAO_OAO","arf","2005-2010",0.415473046121217
"OAO_OAO","arf","2010-2015",0.415473046121217
"OAO_OAO","arf","2015-2020",0.415473046121217
"OAO_OAO","arf","2020-2025",0.415473046121217
"OAO_OAO","arf","2025-2030",0.415473046121217
"OAO_OAO","arf","2030-2035",0.415473046121217
"OAO_OAO","arf","2035-2040",0.415473046121217
"OAO_OAO","arf","2040-2045",0.415473046121217
"OAO_OAO","arf","2045-2050",0.415473046121217
"OBB_CHM","air","2005-2010",0.188894593232791
"OBB_CHM","air","2010-2015",0.188894593232791
"OBB_CHM","air","2015-2020",0.188894593232791
"OBB_CHM","air","2020-2025",0.188894593232791
"OBB_CHM","air","2025-2030",0.188894593232791
"OBB_CHM","air","2030-2035",0.188894593232791
"OBB_CHM","air","2035-2040",0.188894593232791
"OBB_CHM","air","2040-2045",0.188894593232791
"OBB_CHM","air","2045-2050",0.188894593232791
"OBB_CHM","arf","2005-2010",-0.129271720186952
"OBB_CHM","arf","2010-2015",-0.129271720186952
"OBB_CHM","arf","2015-2020",-0.129271720186952
"OBB_CHM","arf","2020-2025",-0.129271720186952
"OBB_CHM","arf","2025-2030",-0.129271720186952
"OBB_CHM","arf","2030-2035",-0.129271720186952
"OBB_CHM","arf","2035-2040",-0.129271720186952
"OBB_CHM","arf","2040-2045",-0.129271720186952
"OBB_CHM","arf","2045-2050",-0.129271720186952
"OBB_KAZ","air","2005-2010",-0.0147916689777983
"OBB_KAZ","air","2010-2015",-0.0147916689777983
"OBB_KAZ","air","2015-2020",-0.0147916689777983
"OBB_KAZ","air","2020-2025",-0.0147916689777983
"OBB_KAZ","air","2025-2030",-0.0147916689777983
"OBB_KAZ","air","2030-2035",-0.0147916689777983
"OBB_KAZ","air","2035-2040",-0.0147916689777983
"OBB_KAZ","air","2040-2045",-0.0147916689777983
"OBB_KAZ","air","2045-2050",-0.0147916689777983
"OBB_KAZ","arf","2005-2010",0.0645227901218348
"OBB_KAZ","arf","2010-2015",0.0645227901218348
"OBB_KAZ","arf","2015-2020",0.0645227901218348
"OBB_KAZ","arf","2020-2025",0.0645227901218348
"OBB_KAZ","arf","2025-2030",0.0645227901218348
"OBB_KAZ","arf","2030-2035",0.0645227901218348
"OBB_KAZ","arf","2035-2040",0.0645227901218348
"OBB_KAZ","arf","2040-2045",0.0645227901218348
"OBB_KAZ","arf","2045-2050",0.0645227901218348
"OBB_RUS","air","2005-2010",0.906776984765623
"OBB_RUS","air","2010-2015",0.906776984765623
"OBB_RUS","air","2015-2020",0.906776984765623
"OBB_RUS","air","2020-2025",0.906776984765623
"OBB_RUS","air","2025-2030",0.906776984765623
"OBB_RUS","air","2030-2035",0.906776984765623
"OBB_RUS","air","2035-2040",0.906776984765623
"OBB_RUS","air","2040-2045",0.906776984765623
"OBB_RUS","air","2045-2050",0.906776984765623
"OBB_RUS","arf","2005-2010",0.0117537050096539
"OBB_RUS","arf","2010-2015",0.0117537050096539
"OBB_RUS","arf","2015-2020",0.0117537050096539
"OBB_RUS","arf","2020-2025",0.0117537050096539
"OBB_RUS","arf","2025-2030",0.0117537050096539
"OBB_RUS","arf","2030-2035",0.0117537050096539
"OBB_RUS","arf","2035-2040",0.0117537050096539
"OBB_RUS","arf","2040-2045",0.0117537050096539
"OBB_RUS","arf","2045-2050",0.0117537050096539
"ODE_DEU","air","2005-2010",0.113053167754984
"ODE_DEU","air","2010-2015",0.113053167754984
"ODE_DEU","air","2015-2020",0.113053167754984
"ODE_DEU","air","2020-2025",0.113053167754984
"ODE_DEU","air","2025-2030",0.113053167754984
"ODE_DEU","air","2030-2035",0.113053167754984
"ODE_DEU","air","2035-2040",0.113053167754984
"ODE_DEU","air","2040-2045",0.113053167754984
"ODE_DEU","air","2045-2050",0.113053167754984
"ODE_DEU","arf","2005-2010",-0.288187935030459
"ODE_DEU","arf","2010-2015",-0.288187935030459
"ODE_DEU","arf","2015-2020",-0.288187935030459
"ODE_DEU","arf","2020-2025",-0.288187935030459
"ODE_DEU","arf","2025-2030",-0.288187935030459
"ODE_DEU","arf","2030-2035",-0.288187935030459
"ODE_DEU","arf","2035-2040",-0.288187935030459
"ODE_DEU","arf","2040-2045",-0.288187935030459
"ODE_DEU","arf","2045-2050",-0.288187935030459
"ODE_POL","air","2005-2010",0.603567298203389
"ODE_POL","air","2010-2015",0.603567298203389
"ODE_POL","air","2015-2020",0.603567298203389
"ODE_POL","air","2020-2025",0.603567298203389
"ODE_POL","air","2025-2030",0.603567298203389
"ODE_POL","air","2030-2035",0.603567298203389
"ODE_POL","air","2035-2040",0.603567298203389
"ODE_POL","air","2040-2045",0.603567298203389
"ODE_POL","air","2045-2050",0.603567298203389
"ODE_POL","arf","2005-2010",-0.179487545720913
"ODE_POL","arf","2010-2015",-0.179487545720913
"ODE_POL","arf","2015-2020",-0.179487545720913
"ODE_POL","arf","2020-2025",-0.179487545720913
"ODE_POL","arf","2025-2030",-0.179487545720913
"ODE_POL","arf","2030-2035",-0.179487545720913
"ODE_POL","arf","2035-2040",-0.179487545720913
"ODE_POL","arf","2040-2045",-0.179487545720913
"ODE_POL","arf","2045-2050",-0.179487545720913
"ODE_RUS","air","2005-2010",0.906776984765623
"ODE_RUS","air","2010-2015",0.906776984765623
"ODE_RUS","air","2015-2020",0.906776984765623
"ODE_RUS","air","2020-2025",0.906776984765623
"ODE_RUS","air","2025-2030",0.906776984765623
"ODE_RUS","air","2030-2035",0.906776984765623
"ODE_RUS","air","2035-2040",0.906776984765623
"ODE_RUS","air","2040-2045",0.906776984765623
"ODE_RUS","air","2045-2050",0.906776984765623
"ODE_RUS","arf","2005-2010",0.0117537050096539
"ODE_RUS","arf","2010-2015",0.0117537050096539
"ODE_RUS","arf","2015-2020",0.0117537050096539
"ODE_RUS","arf","2020-2025",0.0117537050096539
"ODE_RUS","arf","2025-2030",0.0117537050096539
"ODE_RUS","arf","2030-2035",0.0117537050096539
"ODE_RUS","arf","2035-2040",0.0117537050096539
"ODE_RUS","arf","2040-2045",0.0117537050096539
"ODE_RUS","arf","2045-2050",0.0117537050096539
"OHI_USA","air","2005-2010",0.700569074691426
"OHI_USA","air","2010-2015",0.700569074691426
"OHI_USA","air","2015-2020",0.700569074691426
"OHI_USA","air","2020-2025",0.700569074691426
"OHI_USA","air","2025-2030",0.700569074691426
"OHI_USA","air","2030-2035",0.700569074691426
"OHI_USA","air","2035-2040",0.700569074691426
"OHI_USA","air","2040-2045",0.700569074691426
"OHI_USA","air","2045-2050",0.700569074691426
"OHI_USA","arf","2005-2010",-0.0540684073146114
"OHI_USA","arf","2010-2015",-0.0540684073146114
"OHI_USA","arf","2015-2020",-0.0540684073146114
"OHI_USA","arf","2020-2025",-0.0540684073146114
"OHI_USA","arf","2025-2030",-0.0540684073146114
"OHI_USA","arf","2030-2035",-0.0540684073146114
"OHI_USA","arf","2035-2040",-0.0540684073146114
"OHI_USA","arf","2040-2045",-0.0540684073146114
"OHI_USA","arf","2045-2050",-0.0540684073146114
"OIO_OIO","air","2005-2010",0.470328882709259
"OIO_OIO","air","2010-2015",0.470328882709259
"OIO_OIO","air","2015-2020",0.470328882709259
"OIO_OIO","air","2020-2025",0.470328882709259
"OIO_OIO","air","2025-2030",0.470328882709259
"OIO_OIO","air","2030-2035",0.470328882709259
"OIO_OIO","air","2035-2040",0.470328882709259
"OIO_OIO","air","2040-2045",0.470328882709259
"OIO_OIO","air","2045-2050",0.470328882709259
"OIO_OIO","arf","2005-2010",0.415473046121217
"OIO_OIO","arf","2010-2015",0.415473046121217
"OIO_OIO","arf","2015-2020",0.415473046121217
"OIO_OIO","arf","2020-2025",0.415473046121217
"OIO_OIO","arf","2025-2030",0.415473046121217
"OIO_OIO","arf","2030-2035",0.415473046121217
"OIO_OIO","arf","2035-2040",0.415473046121217
"OIO_OIO","arf","2040-2045",0.415473046121217
"OIO_OIO","arf","2045-2050",0.415473046121217
"OPO_OPO","arf","2005-2010",0.415473046121217
"OPO_OPO","arf","2010-2015",0.415473046121217
"OPO_OPO","arf","2015-2020",0.415473046121217
"OPO_OPO","arf","2020-2025",0.415473046121217
"OPO_OPO","arf","2025-2030",0.415473046121217
"OPO_OPO","arf","2030-2035",0.415473046121217
"OPO_OPO","arf","2035-2040",0.415473046121217
"OPO_OPO","arf","2040-2045",0.415473046121217
"OPO_OPO","arf","2045-2050",0.415473046121217
"ORA_LSO","air","2005-2010",1.16133687810225
"ORA_LSO","air","2010-2015",1.16133687810225
"ORA_LSO","air","2015-2020",1.16133687810225
"ORA_LSO","air","2020-2025",1.16133687810225
"ORA_LSO","air","2025-2030",1.16133687810225
"ORA_LSO","air","2030-2035",1.16133687810225
"ORA_LSO","air","2035-2040",1.16133687810225
"ORA_LSO","air","2040-2045",1.16133687810225
"ORA_LSO","air","2045-2050",1.16133687810225
"ORA_LSO","arf","2005-2010",0.464036129063317
"ORA_LSO","arf","2010-2015",0.464036129063317
"ORA_LSO","arf","2015-2020",0.464036129063317
"ORA_LSO","arf","2020-2025",0.464036129063317
"ORA_LSO","arf","2025-2030",0.464036129063317
"ORA_LSO","arf","2030-2035",0.464036129063317
"ORA_LSO","arf","2035-2040",0.464036129063317
"ORA_LSO","arf","2040-2045",0.464036129063317
"ORA_LSO","arf","2045-2050",0.464036129063317
"ORA_NAM","air","2005-2010",1.6143806706497
"ORA_NAM","air","2010-2015",1.6143806706497
"ORA_NAM","air","2015-2020",1.6143806706497
"ORA_NAM","air","2020-2025",1.6143806706497
"ORA_NAM","air","2025-2030",1.6143806706497
"ORA_NAM","air","2030-2035",1.6143806706497
"ORA_NAM","air","2035-2040",1.6143806706497
"ORA_NAM","air","2040-2045",1.6143806706497
"ORA_NAM","air","2045-2050",1.6143806706497
"ORA_NAM","arf","2005-2010",0.831717633054563
"ORA_NAM","arf","2010-2015",0.831717633054563
"ORA_NAM","arf","2015-2020",0.831717633054563
"ORA_NAM","arf","2020-2025",0.831717633054563
"ORA_NAM","arf","2025-2030",0.831717633054563
"ORA_NAM","arf","2030-2035",0.831717633054563
"ORA_NAM","arf","2035-2040",0.831717633054563
"ORA_NAM","arf","2040-2045",0.831717633054563
"ORA_NAM","arf","2045-2050",0.831717633054563
"ORA_ZAF","air","2005-2010",0.964902362818187
"ORA_ZAF","air","2010-2015",0.964902362818187
"ORA_ZAF","air","2015-2020",0.964902362818187
"ORA_ZAF","air","2020-2025",0.964902362818187
"ORA_ZAF","air","2025-2030",0.964902362818187
"ORA_ZAF","air","2030-2035",0.964902362818187
"ORA_ZAF","air","2035-2040",0.964902362818187
"ORA_ZAF","air","2040-2045",0.964902362818187
"ORA_ZAF","air","2045-2050",0.964902362818187
"ORA_ZAF","arf","2005-2010",-0.46812999014989
"ORA_ZAF","arf","2010-2015",-0.46812999014989
"ORA_ZAF","arf","2015-2020",-0.46812999014989
"ORA_ZAF","arf","2020-2025",-0.46812999014989
"ORA_ZAF","arf","2025-2030",-0.46812999014989
"ORA_ZAF","arf","2030-2035",-0.46812999014989
"ORA_ZAF","arf","2035-2040",-0.46812999014989
"ORA_ZAF","arf","2040-2045",-0.46812999014989
"ORA_ZAF","arf","2045-2050",-0.46812999014989
"ORI_COL","air","2005-2010",0.443852056434957
"ORI_COL","air","2010-2015",0.443852056434957
"ORI_COL","air","2015-2020",0.443852056434957
"ORI_COL","air","2020-2025",0.443852056434957
"ORI_COL","air","2025-2030",0.443852056434957
"ORI_COL","air","2030-2035",0.443852056434957
"ORI_COL","air","2035-2040",0.443852056434957
"ORI_COL","air","2040-2045",0.443852056434957
"ORI_COL","air","2045-2050",0.443852056434957
"ORI_COL","arf","2005-2010",0.23585812891358
"ORI_COL","arf","2010-2015",0.23585812891358
"ORI_COL","arf","2015-2020",0.23585812891358
"ORI_COL","arf","2020-2025",0.23585812891358
"ORI_COL","arf","2025-2030",0.23585812891358
"ORI_COL","arf","2030-2035",0.23585812891358
"ORI_COL","arf","2035-2040",0.23585812891358
"ORI_COL","arf","2040-2045",0.23585812891358
"ORI_COL","arf","2045-2050",0.23585812891358
"ORI_VEN","air","2005-2010",0.804553565767652
"ORI_VEN","air","2010-2015",0.804553565767652
"ORI_VEN","air","2015-2020",0.804553565767652
"ORI_VEN","air","2020-2025",0.804553565767652
"ORI_VEN","air","2025-2030",0.804553565767652
"ORI_VEN","air","2030-2035",0.804553565767652
"ORI_VEN","air","2035-2040",0.804553565767652
"ORI_VEN","air","2040-2045",0.804553565767652
"ORI_VEN","air","2045-2050",0.804553565767652
"ORI_VEN","arf","2005-2010",0.510945088049852
"ORI_VEN","arf","2010-2015",0.510945088049852
"ORI_VEN","arf","2015-2020",0.510945088049852
"ORI_VEN","arf","2020-2025",0.510945088049852
"ORI_VEN","arf","2025-2030",0.510945088049852
"ORI_VEN","arf","2030-2035",0.510945088049852
"ORI_VEN","arf","2035-2040",0.510945088049852
"ORI_VEN","arf","2040-2045",0.510945088049852
"ORI_VEN","arf","2045-2050",0.510945088049852
"PAN_PAN","air","2005-2010",0.898624453099139
"PAN_PAN","air","2010-2015",0.898624453099139
"PAN_PAN","air","2015-2020",0.898624453099139
"PAN_PAN","air","2020-2025",0.898624453099139
"PAN_PAN","air","2025-2030",0.898624453099139
"PAN_PAN","air","2030-2035",0.898624453099139
"PAN_PAN","air","2035-2040",0.898624453099139
"PAN_PAN","air","2040-2045",0.898624453099139
"PAN_PAN","air","2045-2050",0.898624453099139
"PAN_PAN","arf","2005-2010",0.579952317952492
"PAN_PAN","arf","2010-2015",0.579952317952492
"PAN_PAN","arf","2015-2020",0.579952317952492
"PAN_PAN","arf","2020-2025",0.579952317952492
"PAN_PAN","arf","2025-2030",0.579952317952492
"PAN_PAN","arf","2030-2035",0.579952317952492
"PAN_PAN","arf","2035-2040",0.579952317952492
"PAN_PAN","arf","2040-2045",0.579952317952492
"PAN_PAN","arf","2045-2050",0.579952317952492
"PAO_PNG","arf","2005-2010",0.257903147385763
"PAO_PNG","arf","2010-2015",0.257903147385763
"PAO_PNG","arf","2015-2020",0.257903147385763
"PAO_PNG","arf","2020-2025",0.257903147385763
"PAO_PNG","arf","2025-2030",0.257903147385763
"PAO_PNG","arf","2030-2035",0.257903147385763
"PAO_PNG","arf","2035-2040",0.257903147385763
"PAO_PNG","arf","2040-2045",0.257903147385763
"PAO_PNG","arf","2045-2050",0.257903147385763
"PAR_ARG","air","2005-2010",0.149993684556926
"PAR_ARG","air","2010-2015",0.149993684556926
"PAR_ARG","air","2015-2020",0.149993684556926
"PAR_ARG","air","2020-2025",0.149993684556926
"PAR_ARG","air","2025-2030",0.149993684556926
"PAR_ARG","air","2030-2035",0.149993684556926
"PAR_ARG","air","2035-2040",0.149993684556926
"PAR_ARG","air","2040-2045",0.149993684556926
"PAR_ARG","air","2045-2050",0.149993684556926
"PAR_ARG","arf","2005-2010",0.64841818254382
"PAR_ARG","arf","2010-2015",0.64841818254382
"PAR_ARG","arf","2015-2020",0.64841818254382
"PAR_ARG","arf","2020-2025",0.64841818254382
"PAR_ARG","arf","2025-2030",0.64841818254382
"PAR_ARG","arf","2030-2035",0.64841818254382
"PAR_ARG","arf","2035-2040",0.64841818254382
"PAR_ARG","arf","2040-2045",0.64841818254382
"PAR_ARG","arf","2045-2050",0.64841818254382
"PAR_BOL","air","2005-2010",0.683300436090595
"PAR_BOL","air","2010-2015",0.683300436090595
"PAR_BOL","air","2015-2020",0.683300436090595
"PAR_BOL","air","2020-2025",0.683300436090595
"PAR_BOL","air","2025-2030",0.683300436090595
"PAR_BOL","air","2030-2035",0.683300436090595
"PAR_BOL","air","2035-2040",0.683300436090595
"PAR_BOL","air","2040-2045",0.683300436090595
"PAR_BOL","air","2045-2050",0.683300436090595
"PAR_BOL","arf","2005-2010",0.407592477458585
"PAR_BOL","arf","2010-2015",0.407592477458585
"PAR_BOL","arf","2015-2020",0.407592477458585
"PAR_BOL","arf","2020-2025",0.407592477458585
"PAR_BOL","arf","2025-2030",0.407592477458585
"PAR_BOL","arf","2030-2035",0.407592477458585
"PAR_BOL","arf","2035-2040",0.407592477458585
"PAR_BOL","arf","2040-2045",0.407592477458585
"PAR_BOL","arf","2045-2050",0.407592477458585
"PAR_BRA","air","2005-2010",0.787447758493975
"PAR_BRA","air","2010-2015",0.787447758493975
"PAR_BRA","air","2015-2020",0.787447758493975
"PAR_BRA","air","2020-2025",0.787447758493975
"PAR_BRA","air","2025-2030",0.787447758493975
"PAR_BRA","air","2030-2035",0.787447758493975
"PAR_BRA","air","2035-2040",0.787447758493975
"PAR_BRA","air","2040-2045",0.787447758493975
"PAR_BRA","air","2045-2050",0.787447758493975
"PAR_BRA","arf","2005-2010",0.79166600616658
"PAR_BRA","arf","2010-2015",0.79166600616658
"PAR_BRA","arf","2015-2020",0.79166600616658
"PAR_BRA","arf","2020-2025",0.79166600616658
"PAR_BRA","arf","2025-2030",0.79166600616658
"PAR_BRA","arf","2030-2035",0.79166600616658
"PAR_BRA","arf","2035-2040",0.79166600616658
"PAR_BRA","arf","2040-2045",0.79166600616658
"PAR_BRA","arf","2045-2050",0.79166600616658
"PAR_PRY","air","2005-2010",0.683300436090595
"PAR_PRY","air","2010-2015",0.683300436090595
"PAR_PRY","air","2015-2020",0.683300436090595
"PAR_PRY","air","2020-2025",0.683300436090595
"PAR_PRY","air","2025-2030",0.683300436090595
"PAR_PRY","air","2030-2035",0.683300436090595
"PAR_PRY","air","2035-2040",0.683300436090595
"PAR_PRY","air","2040-2045",0.683300436090595
"PAR_PRY","air","2045-2050",0.683300436090595
"PAR_PRY","arf","2005-2010",0.407592477458585
"PAR_PRY","arf","2010-2015",0.407592477458585
"PAR_PRY","arf","2015-2020",0.407592477458585
"PAR_PRY","arf","2020-2025",0.407592477458585
"PAR_PRY","arf","2025-2030",0.407592477458585
"PAR_PRY","arf","2030-2035",0.407592477458585
"PAR_PRY","arf","2035-2040",0.407592477458585
"PAR_PRY","arf","2040-2045",0.407592477458585
"PAR_PRY","arf","2045-2050",0.407592477458585
"PEC_PER","air","2005-2010",0.736797846602588
"PEC_PER","air","2010-2015",0.736797846602588
"PEC_PER","air","2015-2020",0.736797846602588
"PEC_PER","air","2020-2025",0.736797846602588
"PEC_PER","air","2025-2030",0.736797846602588
"PEC_PER","air","2030-2035",0.736797846602588
"PEC_PER","air","2035-2040",0.736797846602588
"PEC_PER","air","2040-2045",0.736797846602588
"PEC_PER","air","2045-2050",0.736797846602588
"PEC_PER","arf","2005-2010",0.468563386022769
"PEC_PER","arf","2010-2015",0.468563386022769
"PEC_PER","arf","2015-2020",0.468563386022769
"PEC_PER","arf","2020-2025",0.468563386022769
"PEC_PER","arf","2025-2030",0.468563386022769
"PEC_PER","arf","2030-2035",0.468563386022769
"PEC_PER","arf","2035-2040",0.468563386022769
"PEC_PER","arf","2040-2045",0.468563386022769
"PEC_PER","arf","2045-2050",0.468563386022769
"PHI_PHL","air","2005-2010",0.146637542256678
"PHI_PHL","air","2010-2015",0.146637542256678
"PHI_PHL","air","2015-2020",0.146637542256678
"PHI_PHL","air","2020-2025",0.146637542256678
"PHI_PHL","air","2025-2030",0.146637542256678
"PHI_PHL","air","2030-2035",0.146637542256678
"PHI_PHL","air","2035-2040",0.146637542256678
"PHI_PHL","air","2040-2045",0.146637542256678
"PHI_PHL","air","2045-2050",0.146637542256678
"PHI_PHL","arf","2005-2010",0.388169670977656
"PHI_PHL","arf","2010-2015",0.388169670977656
"PHI_PHL","arf","2015-2020",0.388169670977656
"PHI_PHL","arf","2020-2025",0.388169670977656
"PHI_PHL","arf","2025-2030",0.388169670977656
"PHI_PHL","arf","2030-2035",0.388169670977656
"PHI_PHL","arf","2035-2040",0.388169670977656
"PHI_PHL","arf","2040-2045",0.388169670977656
"PHI_PHL","arf","2045-2050",0.388169670977656
"PRT_PRT","arf","2005-2010",-0.56161436506762
"PRT_PRT","arf","2010-2015",-0.56161436506762
"PRT_PRT","arf","2015-2020",-0.56161436506762
"PRT_PRT","arf","2020-2025",-0.56161436506762
"PRT_PRT","arf","2025-2030",-0.56161436506762
"PRT_PRT","arf","2030-2035",-0.56161436506762
"PRT_PRT","arf","2035-2040",-0.56161436506762
"PRT_PRT","arf","2040-2045",-0.56161436506762
"PRT_PRT","arf","2045-2050",-0.56161436506762
"RAP_RAP","air","2005-2010",0.462757349271437
"RAP_RAP","air","2010-2015",0.462757349271437
"RAP_RAP","air","2015-2020",0.462757349271437
"RAP_RAP","air","2020-2025",0.300792277026434
"RAP_RAP","air","2025-2030",0.300792277026434
"RAP_RAP","air","2030-2035",0.300792277026434
"RAP_RAP","air","2035-2040",0.300792277026434
"RAP_RAP","air","2040-2045",0.300792277026434
"RAP_RAP","air","2045-2050",0.300792277026434
"RHI_BLX","air","2005-2010",0.135408033790352
"RHI_BLX","air","2010-2015",0.135408033790352
"RHI_BLX","air","2015-2020",0.135408033790352
"RHI_BLX","air","2020-2025",0.135408033790352
"RHI_BLX","air","2025-2030",0.135408033790352
"RHI_BLX","air","2030-2035",0.135408033790352
"RHI_BLX","air","2035-2040",0.135408033790352
"RHI_BLX","air","2040-2045",0.135408033790352
"RHI_BLX","air","2045-2050",0.135408033790352
"RHI_BLX","arf","2005-2010",-0.0766819900626547
"RHI_BLX","arf","2010-2015",-0.0766819900626547
"RHI_BLX","arf","2015-2020",-0.0766819900626547
"RHI_BLX","arf","2020-2025",-0.0766819900626547
"RHI_BLX","arf","2025-2030",-0.0766819900626547
"RHI_BLX","arf","2030-2035",-0.0766819900626547
"RHI_BLX","arf","2035-2040",-0.0766819900626547
"RHI_BLX","arf","2040-2045",-0.0766819900626547
"RHI_BLX","arf","2045-2050",-0.0766819900626547
"RHI_CHP","air","2005-2010",0.249427206421693
"RHI_CHP","air","2010-2015",0.249427206421693
"RHI_CHP","air","2015-2020",0.249427206421693
"RHI_CHP","air","2020-2025",0.249427206421693
"RHI_CHP","air","2025-2030",0.249427206421693
"RHI_CHP","air","2030-2035",0.249427206421693
"RHI_CHP","air","2035-2040",0.249427206421693
"RHI_CHP","air","2040-2045",0.249427206421693
"RHI_CHP","air","2045-2050",0.249427206421693
"RHI_CHP","arf","2005-2010",-0.327818781423295
"RHI_CHP","arf","2010-2015",-0.327818781423295
"RHI_CHP","arf","2015-2020",-0.327818781423295
"RHI_CHP","arf","2020-2025",-0.327818781423295
"RHI_CHP","arf","2025-2030",-0.327818781423295
"RHI_CHP","arf","2030-2035",-0.327818781423295
"RHI_CHP","arf","2035-2040",-0.327818781423295
"RHI_CHP","arf","2040-2045",-0.327818781423295
"RHI_CHP","arf","2045-2050",-0.327818781423295
"RHI_DEU","air","2005-2010",0.113053167754984
"RHI_DEU","air","2010-2015",0.113053167754984
"RHI_DEU","air","2015-2020",0.113053167754984
"RHI_DEU","air","2020-2025",0.113053167754984
"RHI_DEU","air","2025-2030",0.113053167754984
"RHI_DEU","air","2030-2035",0.113053167754984
"RHI_DEU","air","2035-2040",0.113053167754984
"RHI_DEU","air","2040-2045",0.113053167754984
"RHI_DEU","air","2045-2050",0.113053167754984
"RHI_DEU","arf","2005-2010",-0.288187935030459
"RHI_DEU","arf","2010-2015",-0.288187935030459
"RHI_DEU","arf","2015-2020",-0.288187935030459
"RHI_DEU","arf","2020-2025",-0.288187935030459
"RHI_DEU","arf","2025-2030",-0.288187935030459
"RHI_DEU","arf","2030-2035",-0.288187935030459
"RHI_DEU","arf","2035-2040",-0.288187935030459
"RHI_DEU","arf","2040-2045",-0.288187935030459
"RHI_DEU","arf","2045-2050",-0.288187935030459
"RHI_FRP","arf","2005-2010",-0.431439594418581
"RHI_FRP","arf","2010-2015",-0.431439594418581
"RHI_FRP","arf","2015-2020",-0.431439594418581
"RHI_FRP","arf","2020-2025",-0.431439594418581
"RHI_FRP","arf","2025-2030",-0.431439594418581
"RHI_FRP","arf","2030-2035",-0.431439594418581
"RHI_FRP","arf","2035-2040",-0.431439594418581
"RHI_FRP","arf","2040-2045",-0.431439594418581
"RHI_FRP","arf","2045-2050",-0.431439594418581
"RHI_NLD","air","2005-2010",0.527377830048259
"RHI_NLD","air","2010-2015",0.527377830048259
"RHI_NLD","air","2015-2020",0.527377830048259
"RHI_NLD","air","2020-2025",0.527377830048259
"RHI_NLD","air","2025-2030",0.527377830048259
"RHI_NLD","air","2030-2035",0.527377830048259
"RHI_NLD","air","2035-2040",0.527377830048259
"RHI_NLD","air","2040-2045",0.527377830048259
"RHI_NLD","air","2045-2050",0.527377830048259
"RHI_NLD","arf","2005-2010",-0.271151145009507
"RHI_NLD","arf","2010-2015",-0.271151145009507
"RHI_NLD","arf","2015-2020",-0.271151145009507
"RHI_NLD","arf","2020-2025",-0.271151145009507
"RHI_NLD","arf","2025-2030",-0.271151145009507
"RHI_NLD","arf","2030-2035",-0.271151145009507
"RHI_NLD","arf","2035-2040",-0.271151145009507
"RHI_NLD","arf","2040-2045",-0.271151145009507
"RHI_NLD","arf","2045-2050",-0.271151145009507
"RHO_FRP","arf","2005-2010",-0.431439594418581
"RHO_FRP","arf","2010-2015",-0.431439594418581
"RHO_FRP","arf","2015-2020",-0.431439594418581
"RHO_FRP","arf","2020-2025",-0.431439594418581
"RHO_FRP","arf","2025-2030",-0.431439594418581
"RHO_FRP","arf","2030-2035",-0.431439594418581
"RHO_FRP","arf","2035-2040",-0.431439594418581
"RHO_FRP","arf","2040-2045",-0.431439594418581
"RHO_FRP","arf","2045-2050",-0.431439594418581
"RIC_ARG","air","2005-2010",0.149993684556926
"RIC_ARG","air","2010-2015",0.149993684556926
"RIC_ARG","air","2015-2020",0.149993684556926
"RIC_ARG","air","2020-2025",0.149993684556926
"RIC_ARG","air","2025-2030",0.149993684556926
"RIC_ARG","air","2030-2035",0.149993684556926
"RIC_ARG","air","2035-2040",0.149993684556926
"RIC_ARG","air","2040-2045",0.149993684556926
"RIC_ARG","air","2045-2050",0.149993684556926
"RIC_ARG","arf","2005-2010",0.64841818254382
"RIC_ARG","arf","2010-2015",0.64841818254382
"RIC_ARG","arf","2015-2020",0.64841818254382
"RIC_ARG","arf","2020-2025",0.64841818254382
"RIC_ARG","arf","2025-2030",0.64841818254382
"RIC_ARG","arf","2030-2035",0.64841818254382
"RIC_ARG","arf","2035-2040",0.64841818254382
"RIC_ARG","arf","2040-2045",0.64841818254382
"RIC_ARG","arf","2045-2050",0.64841818254382
"RIG_MEX","air","2005-2010",0.55042287521585
"RIG_MEX","air","2010-2015",0.55042287521585
"RIG_MEX","air","2015-2020",0.55042287521585
"RIG_MEX","air","2020-2025",0.55042287521585
"RIG_MEX","air","2025-2030",0.55042287521585
"RIG_MEX","air","2030-2035",0.55042287521585
"RIG_MEX","air","2035-2040",0.55042287521585
"RIG_MEX","air","2040-2045",0.55042287521585
"RIG_MEX","air","2045-2050",0.55042287521585
"RIG_MEX","arf","2005-2010",0.21322862257096
"RIG_MEX","arf","2010-2015",0.21322862257096
"RIG_MEX","arf","2015-2020",0.21322862257096
"RIG_MEX","arf","2020-2025",0.21322862257096
"RIG_MEX","arf","2025-2030",0.21322862257096
"RIG_MEX","arf","2030-2035",0.21322862257096
"RIG_MEX","arf","2035-2040",0.21322862257096
"RIG_MEX","arf","2040-2045",0.21322862257096
"RIG_MEX","arf","2045-2050",0.21322862257096
"RIG_USA","air","2005-2010",0.700569074691426
"RIG_USA","air","2010-2015",0.700569074691426
"RIG_USA","air","2015-2020",0.700569074691426
"RIG_USA","air","2020-2025",0.700569074691426
"RIG_USA","air","2025-2030",0.700569074691426
"RIG_USA","air","2030-2035",0.700569074691426
"RIG_USA","air","2035-2040",0.700569074691426
"RIG_USA","air","2040-2045",0.700569074691426
"RIG_USA","air","2045-2050",0.700569074691426
"RIG_USA","arf","2005-2010",-0.0540684073146114
"RIG_USA","arf","2010-2015",-0.0540684073146114
"RIG_USA","arf","2015-2020",-0.0540684073146114
"RIG_USA","arf","2020-2025",-0.0540684073146114
"RIG_USA","arf","2025-2030",-0.0540684073146114
"RIG_USA","arf","2030-2035",-0.0540684073146114
"RIG_USA","arf","2035-2040",-0.0540684073146114
"RIG_USA","arf","2040-2045",-0.0540684073146114
"RIG_USA","arf","2045-2050",-0.0540684073146114
"RRS_RUS","air","2005-2010",0.906776984765623
"RRS_RUS","air","2010-2015",0.906776984765623
"RRS_RUS","air","2015-2020",0.906776984765623
"RRS_RUS","air","2020-2025",0.906776984765623
"RRS_RUS","air","2025-2030",0.906776984765623
"RRS_RUS","air","2030-2035",0.906776984765623
"RRS_RUS","air","2035-2040",0.906776984765623
"RRS_RUS","air","2040-2045",0.906776984765623
"RRS_RUS","air","2045-2050",0.906776984765623
"RRS_RUS","arf","2005-2010",0.0117537050096539
"RRS_RUS","arf","2010-2015",0.0117537050096539
"RRS_RUS","arf","2015-2020",0.0117537050096539
"RRS_RUS","arf","2020-2025",0.0117537050096539
"RRS_RUS","arf","2025-2030",0.0117537050096539
"RRS_RUS","arf","2030-2035",0.0117537050096539
"RRS_RUS","arf","2035-2040",0.0117537050096539
"RRS_RUS","arf","2040-2045",0.0117537050096539
"RRS_RUS","arf","2045-2050",0.0117537050096539
"RVE_VEN","air","2005-2010",0.804553565767652
"RVE_VEN","air","2010-2015",0.804553565767652
"RVE_VEN","air","2015-2020",0.804553565767652
"RVE_VEN","air","2020-2025",0.804553565767652
"RVE_VEN","air","2025-2030",0.804553565767652
"RVE_VEN","air","2030-2035",0.804553565767652
"RVE_VEN","air","2035-2040",0.804553565767652
"RVE_VEN","air","2040-2045",0.804553565767652
"RVE_VEN","air","2045-2050",0.804553565767652
"RVE_VEN","arf","2005-2010",0.510945088049852
"RVE_VEN","arf","2010-2015",0.510945088049852
"RVE_VEN","arf","2015-2020",0.510945088049852
"RVE_VEN","arf","2020-2025",0.510945088049852
"RVE_VEN","arf","2025-2030",0.510945088049852
"RVE_VEN","arf","2030-2035",0.510945088049852
"RVE_VEN","arf","2035-2040",0.510945088049852
"RVE_VEN","arf","2040-2045",0.510945088049852
"RVE_VEN","arf","2045-2050",0.510945088049852
"RVN_VNM","air","2005-2010",0.320225601711566
"RVN_VNM","air","2010-2015",0.320225601711566
"RVN_VNM","air","2015-2020",0.320225601711566
"RVN_VNM","air","2020-2025",0.320225601711566
"RVN_VNM","air","2025-2030",0.320225601711566
"RVN_VNM","air","2030-2035",0.320225601711566
"RVN_VNM","air","2035-2040",0.320225601711566
"RVN_VNM","air","2040-2045",0.320225601711566
"RVN_VNM","air","2045-2050",0.320225601711566
"RVN_VNM","arf","2005-2010",0.0978870352035921
"RVN_VNM","arf","2010-2015",0.0978870352035921
"RVN_VNM","arf","2015-2020",0.0978870352035921
"RVN_VNM","arf","2020-2025",0.0978870352035921
"RVN_VNM","arf","2025-2030",0.0978870352035921
"RVN_VNM","arf","2030-2035",0.0978870352035921
"RVN_VNM","arf","2035-2040",0.0978870352035921
"RVN_VNM","arf","2040-2045",0.0978870352035921
"RVN_VNM","arf","2045-2050",0.0978870352035921
"RWI_CAN","air","2005-2010",1.82125378804427
"RWI_CAN","air","2010-2015",1.82125378804427
"RWI_CAN","air","2015-2020",1.82125378804427
"RWI_CAN","air","2020-2025",1.82125378804427
"RWI_CAN","air","2025-2030",1.82125378804427
"RWI_CAN","air","2030-2035",1.82125378804427
"RWI_CAN","air","2035-2040",1.82125378804427
"RWI_CAN","air","2040-2045",1.82125378804427
"RWI_CAN","air","2045-2050",1.82125378804427
"RWI_CAN","arf","2005-2010",-0.170271295637259
"RWI_CAN","arf","2010-2015",-0.170271295637259
"RWI_CAN","arf","2015-2020",-0.170271295637259
"RWI_CAN","arf","2020-2025",-0.170271295637259
"RWI_CAN","arf","2025-2030",-0.170271295637259
"RWI_CAN","arf","2030-2035",-0.170271295637259
"RWI_CAN","arf","2035-2040",-0.170271295637259
"RWI_CAN","arf","2040-2045",-0.170271295637259
"RWI_CAN","arf","2045-2050",-0.170271295637259
"RWI_USA","air","2005-2010",0.700569074691426
"RWI_USA","air","2010-2015",0.700569074691426
"RWI_USA","air","2015-2020",0.700569074691426
"RWI_USA","air","2020-2025",0.700569074691426
"RWI_USA","air","2025-2030",0.700569074691426
"RWI_USA","air","2030-2035",0.700569074691426
"RWI_USA","air","2035-2040",0.700569074691426
"RWI_USA","air","2040-2045",0.700569074691426
"RWI_USA","air","2045-2050",0.700569074691426
"RWI_USA","arf","2005-2010",-0.0540684073146114
"RWI_USA","arf","2010-2015",-0.0540684073146114
"RWI_USA","arf","2015-2020",-0.0540684073146114
"RWI_USA","arf","2020-2025",-0.0540684073146114
"RWI_USA","arf","2025-2030",-0.0540684073146114
"RWI_USA","arf","2030-2035",-0.0540684073146114
"RWI_USA","arf","2035-2040",-0.0540684073146114
"RWI_USA","arf","2040-2045",-0.0540684073146114
"RWI_USA","arf","2045-2050",-0.0540684073146114
"SAC_SWZ","air","2005-2010",1.62620210829241
"SAC_SWZ","air","2010-2015",1.62620210829241
"SAC_SWZ","air","2015-2020",1.62620210829241
"SAC_SWZ","air","2020-2025",1.62620210829241
"SAC_SWZ","air","2025-2030",1.62620210829241
"SAC_SWZ","air","2030-2035",1.62620210829241
"SAC_SWZ","air","2035-2040",1.62620210829241
"SAC_SWZ","air","2040-2045",1.62620210829241
"SAC_SWZ","air","2045-2050",1.62620210829241
"SAC_SWZ","arf","2005-2010",-0.681847755823639
"SAC_SWZ","arf","2010-2015",-0.681847755823639
"SAC_SWZ","arf","2015-2020",-0.681847755823639
"SAC_SWZ","arf","2020-2025",-0.681847755823639
"SAC_SWZ","arf","2025-2030",-0.681847755823639
"SAC_SWZ","arf","2030-2035",-0.681847755823639
"SAC_SWZ","arf","2035-2040",-0.681847755823639
"SAC_SWZ","arf","2040-2045",-0.681847755823639
"SAC_SWZ","arf","2045-2050",-0.681847755823639
"SAC_ZAF","air","2005-2010",0.964902362818187
"SAC_ZAF","air","2010-2015",0.964902362818187
"SAC_ZAF","air","2015-2020",0.964902362818187
"SAC_ZAF","air","2020-2025",0.964902362818187
"SAC_ZAF","air","2025-2030",0.964902362818187
"SAC_ZAF","air","2030-2035",0.964902362818187
"SAC_ZAF","air","2035-2040",0.964902362818187
"SAC_ZAF","air","2040-2045",0.964902362818187
"SAC_ZAF","air","2045-2050",0.964902362818187
"SAC_ZAF","arf","2005-2010",-0.46812999014989
"SAC_ZAF","arf","2010-2015",-0.46812999014989
"SAC_ZAF","arf","2015-2020",-0.46812999014989
"SAC_ZAF","arf","2020-2025",-0.46812999014989
"SAC_ZAF","arf","2025-2030",-0.46812999014989
"SAC_ZAF","arf","2030-2035",-0.46812999014989
"SAC_ZAF","arf","2035-2040",-0.46812999014989
"SAC_ZAF","arf","2040-2045",-0.46812999014989
"SAC_ZAF","arf","2045-2050",-0.46812999014989
"SAF_MOZ","air","2005-2010",1.70021580059132
"SAF_MOZ","air","2010-2015",1.70021580059132
"SAF_MOZ","air","2015-2020",1.70021580059132
"SAF_MOZ","air","2020-2025",1.70021580059132
"SAF_MOZ","air","2025-2030",1.70021580059132
"SAF_MOZ","air","2030-2035",1.70021580059132
"SAF_MOZ","air","2035-2040",1.70021580059132
"SAF_MOZ","air","2040-2045",1.70021580059132
"SAF_MOZ","air","2045-2050",1.70021580059132
"SAF_MOZ","arf","2005-2010",0.661792379722304
"SAF_MOZ","arf","2010-2015",0.661792379722304
"SAF_MOZ","arf","2015-2020",0.661792379722304
"SAF_MOZ","arf","2020-2025",0.661792379722304
"SAF_MOZ","arf","2025-2030",0.661792379722304
"SAF_MOZ","arf","2030-2035",0.661792379722304
"SAF_MOZ","arf","2035-2040",0.661792379722304
"SAF_MOZ","arf","2040-2045",0.661792379722304
"SAF_MOZ","arf","2045-2050",0.661792379722304
"SAF_TZA","air","2005-2010",3.77746724475188
"SAF_TZA","air","2010-2015",3.77746724475188
"SAF_TZA","air","2015-2020",3.77746724475188
"SAF_TZA","air","2020-2025",3.77746724475188
"SAF_TZA","air","2025-2030",3.77746724475188
"SAF_TZA","air","2030-2035",3.77746724475188
"SAF_TZA","air","2035-2040",3.77746724475188
"SAF_TZA","air","2040-2045",3.77746724475188
"SAF_TZA","air","2045-2050",3.77746724475188
"SAF_TZA","arf","2005-2010",0.556597667847303
"SAF_TZA","arf","2010-2015",0.556597667847303
"SAF_TZA","arf","2015-2020",0.556597667847303
"SAF_TZA","arf","2020-2025",0.556597667847303
"SAF_TZA","arf","2025-2030",0.556597667847303
"SAF_TZA","arf","2030-2035",0.556597667847303
"SAF_TZA","arf","2035-2040",0.556597667847303
"SAF_TZA","arf","2040-2045",0.556597667847303
"SAF_TZA","arf","2045-2050",0.556597667847303
"SAF_ZWE","air","2005-2010",1.91242133132841
"SAF_ZWE","air","2010-2015",1.91242133132841
"SAF_ZWE","air","2015-2020",1.91242133132841
"SAF_ZWE","air","2020-2025",1.91242133132841
"SAF_ZWE","air","2025-2030",1.91242133132841
"SAF_ZWE","air","2030-2035",1.91242133132841
"SAF_ZWE","air","2035-2040",1.91242133132841
"SAF_ZWE","air","2040-2045",1.91242133132841
"SAF_ZWE","air","2045-2050",1.91242133132841
"SAF_ZWE","arf","2005-2010",0.357986781311825
"SAF_ZWE","arf","2010-2015",0.357986781311825
"SAF_ZWE","arf","2015-2020",0.357986781311825
"SAF_ZWE","arf","2020-2025",0.357986781311825
"SAF_ZWE","arf","2025-2030",0.357986781311825
"SAF_ZWE","arf","2030-2035",0.357986781311825
"SAF_ZWE","arf","2035-2040",0.357986781311825
"SAF_ZWE","arf","2040-2045",0.357986781311825
"SAF_ZWE","arf","2045-2050",0.357986781311825
"SAH_DZA","air","2005-2010",0.557685280001263
"SAH_DZA","air","2010-2015",0.557685280001263
"SAH_DZA","air","2015-2020",0.557685280001263
"SAH_DZA","air","2020-2025",0.362495432000821
"SAH_DZA","air","2025-2030",0.362495432000821
"SAH_DZA","air","2030-2035",0.362495432000821
"SAH_DZA","air","2035-2040",0.362495432000821
"SAH_DZA","air","2040-2045",0.362495432000821
"SAH_DZA","air","2045-2050",0.362495432000821
"SAH_DZA","arf","2005-2010",0.228237839263823
"SAH_DZA","arf","2010-2015",0.228237839263823
"SAH_DZA","arf","2015-2020",0.228237839263823
"SAH_DZA","arf","2020-2025",0.148354595521485
"SAH_DZA","arf","2025-2030",0.148354595521485
"SAH_DZA","arf","2030-2035",0.148354595521485
"SAH_DZA","arf","2035-2040",0.148354595521485
"SAH_DZA","arf","2040-2045",0.148354595521485
"SAH_DZA","arf","2045-2050",0.148354595521485
"SAH_EGY","air","2005-2010",0.358492306977931
"SAH_EGY","air","2010-2015",0.358492306977931
"SAH_EGY","air","2015-2020",0.358492306977931
"SAH_EGY","air","2020-2025",0.233019999535655
"SAH_EGY","air","2025-2030",0.233019999535655
"SAH_EGY","air","2030-2035",0.233019999535655
"SAH_EGY","air","2035-2040",0.233019999535655
"SAH_EGY","air","2040-2045",0.233019999535655
"SAH_EGY","air","2045-2050",0.233019999535655
"SAH_LBY","air","2005-2010",0.443474210608641
"SAH_LBY","air","2010-2015",0.443474210608641
"SAH_LBY","air","2015-2020",0.443474210608641
"SAH_LBY","air","2020-2025",0.288258236895617
"SAH_LBY","air","2025-2030",0.288258236895617
"SAH_LBY","air","2030-2035",0.288258236895617
"SAH_LBY","air","2035-2040",0.288258236895617
"SAH_LBY","air","2040-2045",0.288258236895617
"SAH_LBY","air","2045-2050",0.288258236895617
"SAH_LBY","arf","2005-2010",0.19660912114674
"SAH_LBY","arf","2010-2015",0.19660912114674
"SAH_LBY","arf","2015-2020",0.19660912114674
"SAH_LBY","arf","2020-2025",0.127795928745381
"SAH_LBY","arf","2025-2030",0.127795928745381
"SAH_LBY","arf","2030-2035",0.127795928745381
"SAH_LBY","arf","2035-2040",0.127795928745381
"SAH_LBY","arf","2040-2045",0.127795928745381
"SAH_LBY","arf","2045-2050",0.127795928745381
"SAH_MLI","air","2005-2010",1.66346831339081
"SAH_MLI","air","2010-2015",1.66346831339081
"SAH_MLI","air","2015-2020",1.66346831339081
"SAH_MLI","air","2020-2025",1.66346831339081
"SAH_MLI","air","2025-2030",1.66346831339081
"SAH_MLI","air","2030-2035",1.66346831339081
"SAH_MLI","air","2035-2040",1.66346831339081
"SAH_MLI","air","2040-2045",1.66346831339081
"SAH_MLI","air","2045-2050",1.66346831339081
"SAH_MLI","arf","2005-2010",0.554050969645026
"SAH_MLI","arf","2010-2015",0.554050969645026
"SAH_MLI","arf","2015-2020",0.554050969645026
"SAH_MLI","arf","2020-2025",0.554050969645026
"SAH_MLI","arf","2025-2030",0.554050969645026
"SAH_MLI","arf","2030-2035",0.554050969645026
"SAH_MLI","arf","2035-2040",0.554050969645026
"SAH_MLI","arf","2040-2045",0.554050969645026
"SAH_MLI","arf","2045-2050",0.554050969645026
"SAH_MOR","air","2005-2010",0.29890501953449
"SAH_MOR","air","2010-2015",0.29890501953449
"SAH_MOR","air","2015-2020",0.29890501953449
"SAH_MOR","air","2020-2025",0.194288262697419
"SAH_MOR","air","2025-2030",0.194288262697419
"SAH_MOR","air","2030-2035",0.194288262697419
"SAH_MOR","air","2035-2040",0.194288262697419
"SAH_MOR","air","2040-2045",0.194288262697419
"SAH_MOR","air","2045-2050",0.194288262697419
"SAH_MOR","arf","2005-2010",-0.117105497691516
"SAH_MOR","arf","2010-2015",-0.117105497691516
"SAH_MOR","arf","2015-2020",-0.117105497691516
"SAH_MOR","arf","2020-2025",-0.0761185734994857
"SAH_MOR","arf","2025-2030",-0.0761185734994857
"SAH_MOR","arf","2030-2035",-0.0761185734994857
"SAH_MOR","arf","2035-2040",-0.0761185734994857
"SAH_MOR","arf","2040-2045",-0.0761185734994857
"SAH_MOR","arf","2045-2050",-0.0761185734994857
"SAH_MRT","air","2005-2010",0.785068213297979
"SAH_MRT","air","2010-2015",0.785068213297979
"SAH_MRT","air","2015-2020",0.785068213297979
"SAH_MRT","air","2020-2025",0.785068213297979
"SAH_MRT","air","2025-2030",0.785068213297979
"SAH_MRT","air","2030-2035",0.785068213297979
"SAH_MRT","air","2035-2040",0.785068213297979
"SAH_MRT","air","2040-2045",0.785068213297979
"SAH_MRT","air","2045-2050",0.785068213297979
"SAH_MRT","arf","2005-2010",0.957729925694251
"SAH_MRT","arf","2010-2015",0.957729925694251
"SAH_MRT","arf","2015-2020",0.957729925694251
"SAH_MRT","arf","2020-2025",0.957729925694251
"SAH_MRT","arf","2025-2030",0.957729925694251
"SAH_MRT","arf","2030-2035",0.957729925694251
"SAH_MRT","arf","2035-2040",0.957729925694251
"SAH_MRT","arf","2040-2045",0.957729925694251
"SAH_MRT","arf","2045-2050",0.957729925694251
"SAH_NER","air","2005-2010",1.44768247009159
"SAH_NER","air","2010-2015",1.44768247009159
"SAH_NER","air","2015-2020",1.44768247009159
"SAH_NER","air","2020-2025",1.44768247009159
"SAH_NER","air","2025-2030",1.44768247009159
"SAH_NER","air","2030-2035",1.44768247009159
"SAH_NER","air","2035-2040",1.44768247009159
"SAH_NER","air","2040-2045",1.44768247009159
"SAH_NER","air","2045-2050",1.44768247009159
"SAH_NER","arf","2005-2010",0.976774093459221
"SAH_NER","arf","2010-2015",0.976774093459221
"SAH_NER","arf","2015-2020",0.976774093459221
"SAH_NER","arf","2020-2025",0.976774093459221
"SAH_NER","arf","2025-2030",0.976774093459221
"SAH_NER","arf","2030-2035",0.976774093459221
"SAH_NER","arf","2035-2040",0.976774093459221
"SAH_NER","arf","2040-2045",0.976774093459221
"SAH_NER","arf","2045-2050",0.976774093459221
"SAH_SDN","air","2005-2010",0.866704644855498
"SAH_SDN","air","2010-2015",0.866704644855498
"SAH_SDN","air","2015-2020",0.866704644855498
"SAH_SDN","air","2020-2025",0.866704644855498
"SAH_SDN","air","2025-2030",0.866704644855498
"SAH_SDN","air","2030-2035",0.866704644855498
"SAH_SDN","air","2035-2040",0.866704644855498
"SAH_SDN","air","2040-2045",0.866704644855498
"SAH_SDN","air","2045-2050",0.866704644855498
"SAH_SDN","arf","2005-2010",0.966842055702744
"SAH_SDN","arf","2010-2015",0.966842055702744
"SAH_SDN","arf","2015-2020",0.966842055702744
"SAH_SDN","arf","2020-2025",0.966842055702744
"SAH_SDN","arf","2025-2030",0.966842055702744
"SAH_SDN","arf","2030-2035",0.966842055702744
"SAH_SDN","arf","2035-2040",0.966842055702744
"SAH_SDN","arf","2040-2045",0.966842055702744
"SAH_SDN","arf","2045-2050",0.966842055702744
"SAH_TCD","air","2005-2010",1.43785610957685
"SAH_TCD","air","2010-2015",1.43785610957685
"SAH_TCD","air","2015-2020",1.43785610957685
"SAH_TCD","air","2020-2025",1.43785610957685
"SAH_TCD","air","2025-2030",1.43785610957685
"SAH_TCD","air","2030-2035",1.43785610957685
"SAH_TCD","air","2035-2040",1.43785610957685
"SAH_TCD","air","2040-2045",1.43785610957685
"SAH_TCD","air","2045-2050",1.43785610957685
"SAH_TCD","arf","2005-2010",0.909394657352092
"SAH_TCD","arf","2010-2015",0.909394657352092
"SAH_TCD","arf","2015-2020",0.909394657352092
"SAH_TCD","arf","2020-2025",0.909394657352092
"SAH_TCD","arf","2025-2030",0.909394657352092
"SAH_TCD","arf","2030-2035",0.909394657352092
"SAH_TCD","arf","2035-2040",0.909394657352092
"SAH_TCD","arf","2040-2045",0.909394657352092
"SAH_TCD","arf","2045-2050",0.909394657352092
"SAL_ARG","air","2005-2010",0.149993684556926
"SAL_ARG","air","2010-2015",0.149993684556926
"SAL_ARG","air","2015-2020",0.149993684556926
"SAL_ARG","air","2020-2025",0.149993684556926
"SAL_ARG","air","2025-2030",0.149993684556926
"SAL_ARG","air","2030-2035",0.149993684556926
"SAL_ARG","air","2035-2040",0.149993684556926
"SAL_ARG","air","2040-2045",0.149993684556926
"SAL_ARG","air","2045-2050",0.149993684556926
"SAL_ARG","arf","2005-2010",0.64841818254382
"SAL_ARG","arf","2010-2015",0.64841818254382
"SAL_ARG","arf","2015-2020",0.64841818254382
"SAL_ARG","arf","2020-2025",0.64841818254382
"SAL_ARG","arf","2025-2030",0.64841818254382
"SAL_ARG","arf","2030-2035",0.64841818254382
"SAL_ARG","arf","2035-2040",0.64841818254382
"SAL_ARG","arf","2040-2045",0.64841818254382
"SAL_ARG","arf","2045-2050",0.64841818254382
"SAN_BRA","air","2005-2010",0.787447758493975
"SAN_BRA","air","2010-2015",0.787447758493975
"SAN_BRA","air","2015-2020",0.787447758493975
"SAN_BRA","air","2020-2025",0.787447758493975
"SAN_BRA","air","2025-2030",0.787447758493975
"SAN_BRA","air","2030-2035",0.787447758493975
"SAN_BRA","air","2035-2040",0.787447758493975
"SAN_BRA","air","2040-2045",0.787447758493975
"SAN_BRA","air","2045-2050",0.787447758493975
"SAN_BRA","arf","2005-2010",0.79166600616658
"SAN_BRA","arf","2010-2015",0.79166600616658
"SAN_BRA","arf","2015-2020",0.79166600616658
"SAN_BRA","arf","2020-2025",0.79166600616658
"SAN_BRA","arf","2025-2030",0.79166600616658
"SAN_BRA","arf","2030-2035",0.79166600616658
"SAN_BRA","arf","2035-2040",0.79166600616658
"SAN_BRA","arf","2040-2045",0.79166600616658
"SAN_BRA","arf","2045-2050",0.79166600616658
"SAU_SAU","air","2005-2010",0.462757349271437
"SAU_SAU","air","2010-2015",0.462757349271437
"SAU_SAU","air","2015-2020",0.462757349271437
"SAU_SAU","air","2020-2025",0.300792277026434
"SAU_SAU","air","2025-2030",0.300792277026434
"SAU_SAU","air","2030-2035",0.300792277026434
"SAU_SAU","air","2035-2040",0.300792277026434
"SAU_SAU","air","2040-2045",0.300792277026434
"SAU_SAU","air","2045-2050",0.300792277026434
"SAY_IND","air","2005-2010",0.694812893297558
"SAY_IND","air","2010-2015",0.694812893297558
"SAY_IND","air","2015-2020",0.694812893297558
"SAY_IND","air","2020-2025",0.694812893297558
"SAY_IND","air","2025-2030",0.694812893297558
"SAY_IND","air","2030-2035",0.694812893297558
"SAY_IND","air","2035-2040",0.694812893297558
"SAY_IND","air","2040-2045",0.694812893297558
"SAY_IND","air","2045-2050",0.694812893297558
"SAY_IND","arf","2005-2010",-0.834128499871711
"SAY_IND","arf","2010-2015",-0.834128499871711
"SAY_IND","arf","2015-2020",-0.834128499871711
"SAY_IND","arf","2020-2025",-0.834128499871711
"SAY_IND","arf","2025-2030",-0.834128499871711
"SAY_IND","arf","2030-2035",-0.834128499871711
"SAY_IND","arf","2035-2040",-0.834128499871711
"SAY_IND","arf","2040-2045",-0.834128499871711
"SAY_IND","arf","2045-2050",-0.834128499871711
"SEI_FRP","arf","2005-2010",-0.431439594418581
"SEI_FRP","arf","2010-2015",-0.431439594418581
"SEI_FRP","arf","2015-2020",-0.431439594418581
"SEI_FRP","arf","2020-2025",-0.431439594418581
"SEI_FRP","arf","2025-2030",-0.431439594418581
"SEI_FRP","arf","2030-2035",-0.431439594418581
"SEI_FRP","arf","2035-2040",-0.431439594418581
"SEI_FRP","arf","2040-2045",-0.431439594418581
"SEI_FRP","arf","2045-2050",-0.431439594418581
"SEN_GIN","air","2005-2010",2.04600141568423
"SEN_GIN","air","2010-2015",2.04600141568423
"SEN_GIN","air","2015-2020",2.04600141568423
"SEN_GIN","air","2020-2025",2.04600141568423
"SEN_GIN","air","2025-2030",2.04600141568423
"SEN_GIN","air","2030-2035",2.04600141568423
"SEN_GIN","air","2035-2040",2.04600141568423
"SEN_GIN","air","2040-2045",2.04600141568423
"SEN_GIN","air","2045-2050",2.04600141568423
"SEN_GIN","arf","2005-2010",0.984322584106501
"SEN_GIN","arf","2010-2015",0.984322584106501
"SEN_GIN","arf","2015-2020",0.984322584106501
"SEN_GIN","arf","2020-2025",0.984322584106501
"SEN_GIN","arf","2025-2030",0.984322584106501
"SEN_GIN","arf","2030-2035",0.984322584106501
"SEN_GIN","arf","2035-2040",0.984322584106501
"SEN_GIN","arf","2040-2045",0.984322584106501
"SEN_GIN","arf","2045-2050",0.984322584106501
"SEN_MLI","air","2005-2010",1.66346831339081
"SEN_MLI","air","2010-2015",1.66346831339081
"SEN_MLI","air","2015-2020",1.66346831339081
"SEN_MLI","air","2020-2025",1.66346831339081
"SEN_MLI","air","2025-2030",1.66346831339081
"SEN_MLI","air","2030-2035",1.66346831339081
"SEN_MLI","air","2035-2040",1.66346831339081
"SEN_MLI","air","2040-2045",1.66346831339081
"SEN_MLI","air","2045-2050",1.66346831339081
"SEN_MLI","arf","2005-2010",0.554050969645026
"SEN_MLI","arf","2010-2015",0.554050969645026
"SEN_MLI","arf","2015-2020",0.554050969645026
"SEN_MLI","arf","2020-2025",0.554050969645026
"SEN_MLI","arf","2025-2030",0.554050969645026
"SEN_MLI","arf","2030-2035",0.554050969645026
"SEN_MLI","arf","2035-2040",0.554050969645026
"SEN_MLI","arf","2040-2045",0.554050969645026
"SEN_MLI","arf","2045-2050",0.554050969645026
"SEN_MRT","air","2005-2010",0.785068213297979
"SEN_MRT","air","2010-2015",0.785068213297979
"SEN_MRT","air","2015-2020",0.785068213297979
"SEN_MRT","air","2020-2025",0.785068213297979
"SEN_MRT","air","2025-2030",0.785068213297979
"SEN_MRT","air","2030-2035",0.785068213297979
"SEN_MRT","air","2035-2040",0.785068213297979
"SEN_MRT","air","2040-2045",0.785068213297979
"SEN_MRT","air","2045-2050",0.785068213297979
"SEN_MRT","arf","2005-2010",0.957729925694251
"SEN_MRT","arf","2010-2015",0.957729925694251
"SEN_MRT","arf","2015-2020",0.957729925694251
"SEN_MRT","arf","2020-2025",0.957729925694251
"SEN_MRT","arf","2025-2030",0.957729925694251
"SEN_MRT","arf","2030-2035",0.957729925694251
"SEN_MRT","arf","2035-2040",0.957729925694251
"SEN_MRT","arf","2040-2045",0.957729925694251
"SEN_MRT","arf","2045-2050",0.957729925694251
"SEN_SEN","air","2005-2010",1.69267336424075
"SEN_SEN","air","2010-2015",1.69267336424075
"SEN_SEN","air","2015-2020",1.69267336424075
"SEN_SEN","air","2020-2025",1.69267336424075
"SEN_SEN","air","2025-2030",1.69267336424075
"SEN_SEN","air","2030-2035",1.69267336424075
"SEN_SEN","air","2035-2040",1.69267336424075
"SEN_SEN","air","2040-2045",1.69267336424075
"SEN_SEN","air","2045-2050",1.69267336424075
"SEN_SEN","arf","2005-2010",1.42292402309616
"SEN_SEN","arf","2010-2015",1.42292402309616
"SEN_SEN","arf","2015-2020",1.42292402309616
"SEN_SEN","arf","2020-2025",1.42292402309616
"SEN_SEN","arf","2025-2030",1.42292402309616
"SEN_SEN","arf","2030-2035",1.42292402309616
"SEN_SEN","arf","2035-2040",1.42292402309616
"SEN_SEN","arf","2040-2045",1.42292402309616
"SEN_SEN","arf","2045-2050",1.42292402309616
"SEU_USA","air","2005-2010",0.700569074691426
"SEU_USA","air","2010-2015",0.700569074691426
"SEU_USA","air","2015-2020",0.700569074691426
"SEU_USA","air","2020-2025",0.700569074691426
"SEU_USA","air","2025-2030",0.700569074691426
"SEU_USA","air","2030-2035",0.700569074691426
"SEU_USA","air","2035-2040",0.700569074691426
"SEU_USA","air","2040-2045",0.700569074691426
"SEU_USA","air","2045-2050",0.700569074691426
"SEU_USA","arf","2005-2010",-0.0540684073146114
"SEU_USA","arf","2010-2015",-0.0540684073146114
"SEU_USA","arf","2015-2020",-0.0540684073146114
"SEU_USA","arf","2020-2025",-0.0540684073146114
"SEU_USA","arf","2025-2030",-0.0540684073146114
"SEU_USA","arf","2030-2035",-0.0540684073146114
"SEU_USA","arf","2035-2040",-0.0540684073146114
"SEU_USA","arf","2040-2045",-0.0540684073146114
"SEU_USA","arf","2045-2050",-0.0540684073146114
"SKP_KOR","air","2005-2010",-0.055690657502605
"SKP_KOR","air","2010-2015",-0.055690657502605
"SKP_KOR","air","2015-2020",-0.055690657502605
"SKP_KOR","air","2020-2025",-0.055690657502605
"SKP_KOR","air","2025-2030",-0.055690657502605
"SKP_KOR","air","2030-2035",-0.055690657502605
"SKP_KOR","air","2035-2040",-0.055690657502605
"SKP_KOR","air","2040-2045",-0.055690657502605
"SKP_KOR","air","2045-2050",-0.055690657502605
"SKP_KOR","arf","2005-2010",-1.54141201339227
"SKP_KOR","arf","2010-2015",-1.54141201339227
"SKP_KOR","arf","2015-2020",-1.54141201339227
"SKP_KOR","arf","2020-2025",-1.54141201339227
"SKP_KOR","arf","2025-2030",-1.54141201339227
"SKP_KOR","arf","2030-2035",-1.54141201339227
"SKP_KOR","arf","2035-2040",-1.54141201339227
"SKP_KOR","arf","2040-2045",-1.54141201339227
"SKP_KOR","arf","2045-2050",-1.54141201339227
"SLB_SLB","arf","2005-2010",0.415473046121217
"SLB_SLB","arf","2010-2015",0.415473046121217
"SLB_SLB","arf","2015-2020",0.415473046121217
"SLB_SLB","arf","2020-2025",0.415473046121217
"SLB_SLB","arf","2025-2030",0.415473046121217
"SLB_SLB","arf","2030-2035",0.415473046121217
"SLB_SLB","arf","2035-2040",0.415473046121217
"SLB_SLB","arf","2040-2045",0.415473046121217
"SLB_SLB","arf","2045-2050",0.415473046121217
"SLV_SLV","air","2005-2010",0.898624453099139
"SLV_SLV","air","2010-2015",0.898624453099139
"SLV_SLV","air","2015-2020",0.898624453099139
"SLV_SLV","air","2020-2025",0.898624453099139
"SLV_SLV","air","2025-2030",0.898624453099139
"SLV_SLV","air","2030-2035",0.898624453099139
"SLV_SLV","air","2035-2040",0.898624453099139
"SLV_SLV","air","2040-2045",0.898624453099139
"SLV_SLV","air","2045-2050",0.898624453099139
"SLV_SLV","arf","2005-2010",0.579952317952492
"SLV_SLV","arf","2010-2015",0.579952317952492
"SLV_SLV","arf","2015-2020",0.579952317952492
"SLV_SLV","arf","2020-2025",0.579952317952492
"SLV_SLV","arf","2025-2030",0.579952317952492
"SLV_SLV","arf","2030-2035",0.579952317952492
"SLV_SLV","arf","2035-2040",0.579952317952492
"SLV_SLV","arf","2040-2045",0.579952317952492
"SLV_SLV","arf","2045-2050",0.579952317952492
"SON_CHM","air","2005-2010",0.188894593232791
"SON_CHM","air","2010-2015",0.188894593232791
"SON_CHM","air","2015-2020",0.188894593232791
"SON_CHM","air","2020-2025",0.188894593232791
"SON_CHM","air","2025-2030",0.188894593232791
"SON_CHM","air","2030-2035",0.188894593232791
"SON_CHM","air","2035-2040",0.188894593232791
"SON_CHM","air","2040-2045",0.188894593232791
"SON_CHM","air","2045-2050",0.188894593232791
"SON_CHM","arf","2005-2010",-0.129271720186952
"SON_CHM","arf","2010-2015",-0.129271720186952
"SON_CHM","arf","2015-2020",-0.129271720186952
"SON_CHM","arf","2020-2025",-0.129271720186952
"SON_CHM","arf","2025-2030",-0.129271720186952
"SON_CHM","arf","2030-2035",-0.129271720186952
"SON_CHM","arf","2035-2040",-0.129271720186952
"SON_CHM","arf","2040-2045",-0.129271720186952
"SON_CHM","arf","2045-2050",-0.129271720186952
"SPP_SPP","arf","2005-2010",-0.549367106917553
"SPP_SPP","arf","2010-2015",-0.549367106917553
"SPP_SPP","arf","2015-2020",-0.549367106917553
"SPP_SPP","arf","2020-2025",-0.549367106917553
"SPP_SPP","arf","2025-2030",-0.549367106917553
"SPP_SPP","arf","2030-2035",-0.549367106917553
"SPP_SPP","arf","2035-2040",-0.549367106917553
"SPP_SPP","arf","2040-2045",-0.549367106917553
"SPP_SPP","arf","2045-2050",-0.549367106917553
"SRL_LKA","air","2005-2010",0.0592308041084566
"SRL_LKA","air","2010-2015",0.0592308041084566
"SRL_LKA","air","2015-2020",0.0592308041084566
"SRL_LKA","air","2020-2025",0.0592308041084566
"SRL_LKA","air","2025-2030",0.0592308041084566
"SRL_LKA","air","2030-2035",0.0592308041084566
"SRL_LKA","air","2035-2040",0.0592308041084566
"SRL_LKA","air","2040-2045",0.0592308041084566
"SRL_LKA","air","2045-2050",0.0592308041084566
"SRL_LKA","arf","2005-2010",0.0115904371550846
"SRL_LKA","arf","2010-2015",0.0115904371550846
"SRL_LKA","arf","2015-2020",0.0115904371550846
"SRL_LKA","arf","2020-2025",0.0115904371550846
"SRL_LKA","arf","2025-2030",0.0115904371550846
"SRL_LKA","arf","2030-2035",0.0115904371550846
"SRL_LKA","arf","2035-2040",0.0115904371550846
"SRL_LKA","arf","2040-2045",0.0115904371550846
"SRL_LKA","arf","2045-2050",0.0115904371550846
"SWE_SWE","air","2005-2010",0.312343357686151
"SWE_SWE","air","2010-2015",0.312343357686151
"SWE_SWE","air","2015-2020",0.312343357686151
"SWE_SWE","air","2020-2025",0.312343357686151
"SWE_SWE","air","2025-2030",0.312343357686151
"SWE_SWE","air","2030-2035",0.312343357686151
"SWE_SWE","air","2035-2040",0.312343357686151
"SWE_SWE","air","2040-2045",0.312343357686151
"SWE_SWE","air","2045-2050",0.312343357686151
"SWE_SWE","arf","2005-2010",-0.559515244495812
"SWE_SWE","arf","2010-2015",-0.559515244495812
"SWE_SWE","arf","2015-2020",-0.559515244495812
"SWE_SWE","arf","2020-2025",-0.559515244495812
"SWE_SWE","arf","2025-2030",-0.559515244495812
"SWE_SWE","arf","2030-2035",-0.559515244495812
"SWE_SWE","arf","2035-2040",-0.559515244495812
"SWE_SWE","arf","2040-2045",-0.559515244495812
"SWE_SWE","arf","2045-2050",-0.559515244495812
"SYD_KAZ","air","2005-2010",-0.0147916689777983
"SYD_KAZ","air","2010-2015",-0.0147916689777983
"SYD_KAZ","air","2015-2020",-0.0147916689777983
"SYD_KAZ","air","2020-2025",-0.0147916689777983
"SYD_KAZ","air","2025-2030",-0.0147916689777983
"SYD_KAZ","air","2030-2035",-0.0147916689777983
"SYD_KAZ","air","2035-2040",-0.0147916689777983
"SYD_KAZ","air","2040-2045",-0.0147916689777983
"SYD_KAZ","air","2045-2050",-0.0147916689777983
"SYD_KAZ","arf","2005-2010",0.0645227901218348
"SYD_KAZ","arf","2010-2015",0.0645227901218348
"SYD_KAZ","arf","2015-2020",0.0645227901218348
"SYD_KAZ","arf","2020-2025",0.0645227901218348
"SYD_KAZ","arf","2025-2030",0.0645227901218348
"SYD_KAZ","arf","2030-2035",0.0645227901218348
"SYD_KAZ","arf","2035-2040",0.0645227901218348
"SYD_KAZ","arf","2040-2045",0.0645227901218348
"SYD_KAZ","arf","2045-2050",0.0645227901218348
"SYD_KGZ","air","2005-2010",0.186953700276127
"SYD_KGZ","air","2010-2015",0.186953700276127
"SYD_KGZ","air","2015-2020",0.186953700276127
"SYD_KGZ","air","2020-2025",0.186953700276127
"SYD_KGZ","air","2025-2030",0.186953700276127
"SYD_KGZ","air","2030-2035",0.186953700276127
"SYD_KGZ","air","2035-2040",0.186953700276127
"SYD_KGZ","air","2040-2045",0.186953700276127
"SYD_KGZ","air","2045-2050",0.186953700276127
"SYD_KGZ","arf","2005-2010",0.223899619174195
"SYD_KGZ","arf","2010-2015",0.223899619174195
"SYD_KGZ","arf","2015-2020",0.223899619174195
"SYD_KGZ","arf","2020-2025",0.223899619174195
"SYD_KGZ","arf","2025-2030",0.223899619174195
"SYD_KGZ","arf","2030-2035",0.223899619174195
"SYD_KGZ","arf","2035-2040",0.223899619174195
"SYD_KGZ","arf","2040-2045",0.223899619174195
"SYD_KGZ","arf","2045-2050",0.223899619174195
"SYD_TJK","air","2005-2010",0.214385817699325
"SYD_TJK","air","2010-2015",0.214385817699325
"SYD_TJK","air","2015-2020",0.214385817699325
"SYD_TJK","air","2020-2025",0.214385817699325
"SYD_TJK","air","2025-2030",0.214385817699325
"SYD_TJK","air","2030-2035",0.214385817699325
"SYD_TJK","air","2035-2040",0.214385817699325
"SYD_TJK","air","2040-2045",0.214385817699325
"SYD_TJK","air","2045-2050",0.214385817699325
"SYD_TJK","arf","2005-2010",0.330226987022852
"SYD_TJK","arf","2010-2015",0.330226987022852
"SYD_TJK","arf","2015-2020",0.330226987022852
"SYD_TJK","arf","2020-2025",0.330226987022852
"SYD_TJK","arf","2025-2030",0.330226987022852
"SYD_TJK","arf","2030-2035",0.330226987022852
"SYD_TJK","arf","2035-2040",0.330226987022852
"SYD_TJK","arf","2040-2045",0.330226987022852
"SYD_TJK","arf","2045-2050",0.330226987022852
"SYD_UZB","air","2005-2010",0.151241649869727
"SYD_UZB","air","2010-2015",0.151241649869727
"SYD_UZB","air","2015-2020",0.151241649869727
"SYD_UZB","air","2020-2025",0.151241649869727
"SYD_UZB","air","2025-2030",0.151241649869727
"SYD_UZB","air","2030-2035",0.151241649869727
"SYD_UZB","air","2035-2040",0.151241649869727
"SYD_UZB","air","2040-2045",0.151241649869727
"SYD_UZB","air","2045-2050",0.151241649869727
"SYD_UZB","arf","2005-2010",0.285114166826306
"SYD_UZB","arf","2010-2015",0.285114166826306
"SYD_UZB","arf","2015-2020",0.285114166826306
"SYD_UZB","arf","2020-2025",0.285114166826306
"SYD_UZB","arf","2025-2030",0.285114166826306
"SYD_UZB","arf","2030-2035",0.285114166826306
"SYD_UZB","arf","2035-2040",0.285114166826306
"SYD_UZB","arf","2040-2045",0.285114166826306
"SYD_UZB","arf","2045-2050",0.285114166826306
"TIE_ARG","air","2005-2010",0.149993684556926
"TIE_ARG","air","2010-2015",0.149993684556926
"TIE_ARG","air","2015-2020",0.149993684556926
"TIE_ARG","air","2020-2025",0.149993684556926
"TIE_ARG","air","2025-2030",0.149993684556926
"TIE_ARG","air","2030-2035",0.149993684556926
"TIE_ARG","air","2035-2040",0.149993684556926
"TIE_ARG","air","2040-2045",0.149993684556926
"TIE_ARG","air","2045-2050",0.149993684556926
"TIE_ARG","arf","2005-2010",0.64841818254382
"TIE_ARG","arf","2010-2015",0.64841818254382
"TIE_ARG","arf","2015-2020",0.64841818254382
"TIE_ARG","arf","2020-2025",0.64841818254382
"TIE_ARG","arf","2025-2030",0.64841818254382
"TIE_ARG","arf","2030-2035",0.64841818254382
"TIE_ARG","arf","2035-2040",0.64841818254382
"TIE_ARG","arf","2040-2045",0.64841818254382
"TIE_ARG","arf","2045-2050",0.64841818254382
"TIG_IRN","air","2005-2010",0.353387653226234
"TIG_IRN","air","2010-2015",0.353387653226234
"TIG_IRN","air","2015-2020",0.353387653226234
"TIG_IRN","air","2020-2025",0.229701974597052
"TIG_IRN","air","2025-2030",0.229701974597052
"TIG_IRN","air","2030-2035",0.229701974597052
"TIG_IRN","air","2035-2040",0.229701974597052
"TIG_IRN","air","2040-2045",0.229701974597052
"TIG_IRN","air","2045-2050",0.229701974597052
"TIG_IRN","arf","2005-2010",0.163503650391661
"TIG_IRN","arf","2010-2015",0.163503650391661
"TIG_IRN","arf","2015-2020",0.163503650391661
"TIG_IRN","arf","2020-2025",0.10627737275458
"TIG_IRN","arf","2025-2030",0.10627737275458
"TIG_IRN","arf","2030-2035",0.10627737275458
"TIG_IRN","arf","2035-2040",0.10627737275458
"TIG_IRN","arf","2040-2045",0.10627737275458
"TIG_IRN","arf","2045-2050",0.10627737275458
"TIG_IRQ","air","2005-2010",0.290549864693901
"TIG_IRQ","air","2010-2015",0.290549864693901
"TIG_IRQ","air","2015-2020",0.290549864693901
"TIG_IRQ","air","2020-2025",0.188857412051036
"TIG_IRQ","air","2025-2030",0.188857412051036
"TIG_IRQ","air","2030-2035",0.188857412051036
"TIG_IRQ","air","2035-2040",0.188857412051036
"TIG_IRQ","air","2040-2045",0.188857412051036
"TIG_IRQ","air","2045-2050",0.188857412051036
"TIG_IRQ","arf","2005-2010",0.133435003331273
"TIG_IRQ","arf","2010-2015",0.133435003331273
"TIG_IRQ","arf","2015-2020",0.133435003331273
"TIG_IRQ","arf","2020-2025",0.0867327521653272
"TIG_IRQ","arf","2025-2030",0.0867327521653272
"TIG_IRQ","arf","2030-2035",0.0867327521653272
"TIG_IRQ","arf","2035-2040",0.0867327521653272
"TIG_IRQ","arf","2040-2045",0.0867327521653272
"TIG_IRQ","arf","2045-2050",0.0867327521653272
"TIG_SYR","air","2005-2010",0.393456796136982
"TIG_SYR","air","2010-2015",0.393456796136982
"TIG_SYR","air","2015-2020",0.393456796136982
"TIG_SYR","air","2020-2025",0.255746917489038
"TIG_SYR","air","2025-2030",0.255746917489038
"TIG_SYR","air","2030-2035",0.255746917489038
"TIG_SYR","air","2035-2040",0.255746917489038
"TIG_SYR","air","2040-2045",0.255746917489038
"TIG_SYR","air","2045-2050",0.255746917489038
"TIG_SYR","arf","2005-2010",0.104511658308182
"TIG_SYR","arf","2010-2015",0.104511658308182
"TIG_SYR","arf","2015-2020",0.104511658308182
"TIG_SYR","arf","2020-2025",0.0679325779003181
"TIG_SYR","arf","2025-2030",0.0679325779003181
"TIG_SYR","arf","2030-2035",0.0679325779003181
"TIG_SYR","arf","2035-2040",0.0679325779003181
"TIG_SYR","arf","2040-2045",0.0679325779003181
"TIG_SYR","arf","2045-2050",0.0679325779003181
"TIG_TUR","air","2005-2010",0.290927385586248
"TIG_TUR","air","2010-2015",0.290927385586248
"TIG_TUR","air","2015-2020",0.290927385586248
"TIG_TUR","air","2020-2025",0.290927385586248
"TIG_TUR","air","2025-2030",0.290927385586248
"TIG_TUR","air","2030-2035",0.290927385586248
"TIG_TUR","air","2035-2040",0.290927385586248
"TIG_TUR","air","2040-2045",0.290927385586248
"TIG_TUR","air","2045-2050",0.290927385586248
"TIG_TUR","arf","2005-2010",0.230017430258478
"TIG_TUR","arf","2010-2015",0.230017430258478
"TIG_TUR","arf","2015-2020",0.230017430258478
"TIG_TUR","arf","2020-2025",0.230017430258478
"TIG_TUR","arf","2025-2030",0.230017430258478
"TIG_TUR","arf","2030-2035",0.230017430258478
"TIG_TUR","arf","2035-2040",0.230017430258478
"TIG_TUR","arf","2040-2045",0.230017430258478
"TIG_TUR","arf","2045-2050",0.230017430258478
"TLS_TLS","air","2005-2010",0.0867042860151157
"TLS_TLS","air","2010-2015",0.0867042860151157
"TLS_TLS","air","2015-2020",0.0867042860151157
"TLS_TLS","air","2020-2025",0.0867042860151157
"TLS_TLS","air","2025-2030",0.0867042860151157
"TLS_TLS","air","2030-2035",0.0867042860151157
"TLS_TLS","air","2035-2040",0.0867042860151157
"TLS_TLS","air","2040-2045",0.0867042860151157
"TLS_TLS","air","2045-2050",0.0867042860151157
"TLS_TLS","arf","2005-2010",0.257903147385763
"TLS_TLS","arf","2010-2015",0.257903147385763
"TLS_TLS","arf","2015-2020",0.257903147385763
"TLS_TLS","arf","2020-2025",0.257903147385763
"TLS_TLS","arf","2025-2030",0.257903147385763
"TLS_TLS","arf","2030-2035",0.257903147385763
"TLS_TLS","arf","2035-2040",0.257903147385763
"TLS_TLS","arf","2040-2045",0.257903147385763
"TLS_TLS","arf","2045-2050",0.257903147385763
"TMM_BGD","air","2005-2010",0.626491195069745
"TMM_BGD","air","2010-2015",0.626491195069745
"TMM_BGD","air","2015-2020",0.626491195069745
"TMM_BGD","air","2020-2025",0.626491195069745
"TMM_BGD","air","2025-2030",0.626491195069745
"TMM_BGD","air","2030-2035",0.626491195069745
"TMM_BGD","air","2035-2040",0.626491195069745
"TMM_BGD","air","2040-2045",0.626491195069745
"TMM_BGD","air","2045-2050",0.626491195069745
"TMM_BGD","arf","2005-2010",-0.216261355064529
"TMM_BGD","arf","2010-2015",-0.216261355064529
"TMM_BGD","arf","2015-2020",-0.216261355064529
"TMM_BGD","arf","2020-2025",-0.216261355064529
"TMM_BGD","arf","2025-2030",-0.216261355064529
"TMM_BGD","arf","2030-2035",-0.216261355064529
"TMM_BGD","arf","2035-2040",-0.216261355064529
"TMM_BGD","arf","2040-2045",-0.216261355064529
"TMM_BGD","arf","2045-2050",-0.216261355064529
"TMM_MMR","air","2005-2010",0.222952854827718
"TMM_MMR","air","2010-2015",0.222952854827718
"TMM_MMR","air","2015-2020",0.222952854827718
"TMM_MMR","air","2020-2025",0.222952854827718
"TMM_MMR","air","2025-2030",0.222952854827718
"TMM_MMR","air","2030-2035",0.222952854827718
"TMM_MMR","air","2035-2040",0.222952854827718
"TMM_MMR","air","2040-2045",0.222952854827718
"TMM_MMR","air","2045-2050",0.222952854827718
"TMM_MMR","arf","2005-2010",0.167031726807432
"TMM_MMR","arf","2010-2015",0.167031726807432
"TMM_MMR","arf","2015-2020",0.167031726807432
"TMM_MMR","arf","2020-2025",0.167031726807432
"TMM_MMR","arf","2025-2030",0.167031726807432
"TMM_MMR","arf","2030-2035",0.167031726807432
"TMM_MMR","arf","2035-2040",0.167031726807432
"TMM_MMR","arf","2040-2045",0.167031726807432
"TMM_MMR","arf","2045-2050",0.167031726807432
"TMM_MYS","air","2005-2010",-0.545558140750635
"TMM_MYS","air","2010-2015",-0.545558140750635
"TMM_MYS","air","2015-2020",-0.545558140750635
"TMM_MYS","air","2020-2025",-0.545558140750635
"TMM_MYS","air","2025-2030",-0.545558140750635
"TMM_MYS","air","2030-2035",-0.545558140750635
"TMM_MYS","air","2035-2040",-0.545558140750635
"TMM_MYS","air","2040-2045",-0.545558140750635
"TMM_MYS","air","2045-2050",-0.545558140750635
"TMM_MYS","arf","2005-2010",1.51790141521133
"TMM_MYS","arf","2010-2015",1.51790141521133
"TMM_MYS","arf","2015-2020",1.51790141521133
"TMM_MYS","arf","2020-2025",1.51790141521133
"TMM_MYS","arf","2025-2030",1.51790141521133
"TMM_MYS","arf","2030-2035",1.51790141521133
"TMM_MYS","arf","2035-2040",1.51790141521133
"TMM_MYS","arf","2040-2045",1.51790141521133
"TMM_MYS","arf","2045-2050",1.51790141521133
"TMM_OSA","air","2005-2010",0.088286873864063
"TMM_OSA","air","2010-2015",0.088286873864063
"TMM_OSA","air","2015-2020",0.088286873864063
"TMM_OSA","air","2020-2025",0.088286873864063
"TMM_OSA","air","2025-2030",0.088286873864063
"TMM_OSA","air","2030-2035",0.088286873864063
"TMM_OSA","air","2035-2040",0.088286873864063
"TMM_OSA","air","2040-2045",0.088286873864063
"TMM_OSA","air","2045-2050",0.088286873864063
"TMM_OSA","arf","2005-2010",0.511401170213555
"TMM_OSA","arf","2010-2015",0.511401170213555
"TMM_OSA","arf","2015-2020",0.511401170213555
"TMM_OSA","arf","2020-2025",0.511401170213555
"TMM_OSA","arf","2025-2030",0.511401170213555
"TMM_OSA","arf","2030-2035",0.511401170213555
"TMM_OSA","arf","2035-2040",0.511401170213555
"TMM_OSA","arf","2040-2045",0.511401170213555
"TMM_OSA","arf","2045-2050",0.511401170213555
"TMM_THA","air","2005-2010",-0.0709633079429284
"TMM_THA","air","2010-2015",-0.0709633079429284
"TMM_THA","air","2015-2020",-0.0709633079429284
"TMM_THA","air","2020-2025",-0.0709633079429284
"TMM_THA","air","2025-2030",-0.0709633079429284
"TMM_THA","air","2030-2035",-0.0709633079429284
"TMM_THA","air","2035-2040",-0.0709633079429284
"TMM_THA","air","2040-2045",-0.0709633079429284
"TMM_THA","air","2045-2050",-0.0709633079429284
"TMM_THA","arf","2005-2010",-0.274248869736238
"TMM_THA","arf","2010-2015",-0.274248869736238
"TMM_THA","arf","2015-2020",-0.274248869736238
"TMM_THA","arf","2020-2025",-0.274248869736238
"TMM_THA","arf","2025-2030",-0.274248869736238
"TMM_THA","arf","2030-2035",-0.274248869736238
"TMM_THA","arf","2035-2040",-0.274248869736238
"TMM_THA","arf","2040-2045",-0.274248869736238
"TMM_THA","arf","2045-2050",-0.274248869736238
"TOC_BRA","air","2005-2010",0.787447758493975
"TOC_BRA","air","2010-2015",0.787447758493975
"TOC_BRA","air","2015-2020",0.787447758493975
"TOC_BRA","air","2020-2025",0.787447758493975
"TOC_BRA","air","2025-2030",0.787447758493975
"TOC_BRA","air","2030-2035",0.787447758493975
"TOC_BRA","air","2035-2040",0.787447758493975
"TOC_BRA","air","2040-2045",0.787447758493975
"TOC_BRA","air","2045-2050",0.787447758493975
"TOC_BRA","arf","2005-2010",0.79166600616658
"TOC_BRA","arf","2010-2015",0.79166600616658
"TOC_BRA","arf","2015-2020",0.79166600616658
"TOC_BRA","arf","2020-2025",0.79166600616658
"TOC_BRA","arf","2025-2030",0.79166600616658
"TOC_BRA","arf","2030-2035",0.79166600616658
"TOC_BRA","arf","2035-2040",0.79166600616658
"TOC_BRA","arf","2040-2045",0.79166600616658
"TOC_BRA","arf","2045-2050",0.79166600616658
"TWN_CHM","air","2005-2010",0.188894593232791
"TWN_CHM","air","2010-2015",0.188894593232791
"TWN_CHM","air","2015-2020",0.188894593232791
"TWN_CHM","air","2020-2025",0.188894593232791
"TWN_CHM","air","2025-2030",0.188894593232791
"TWN_CHM","air","2030-2035",0.188894593232791
"TWN_CHM","air","2035-2040",0.188894593232791
"TWN_CHM","air","2040-2045",0.188894593232791
"TWN_CHM","air","2045-2050",0.188894593232791
"TWN_CHM","arf","2005-2010",-0.129271720186952
"TWN_CHM","arf","2010-2015",-0.129271720186952
"TWN_CHM","arf","2015-2020",-0.129271720186952
"TWN_CHM","arf","2020-2025",-0.129271720186952
"TWN_CHM","arf","2025-2030",-0.129271720186952
"TWN_CHM","arf","2030-2035",-0.129271720186952
"TWN_CHM","arf","2035-2040",-0.129271720186952
"TWN_CHM","arf","2040-2045",-0.129271720186952
"TWN_CHM","arf","2045-2050",-0.129271720186952
"UKP_UKP","arf","2005-2010",-0.347125428375472
"UKP_UKP","arf","2010-2015",-0.347125428375472
"UKP_UKP","arf","2015-2020",-0.347125428375472
"UKP_UKP","arf","2020-2025",-0.347125428375472
"UKP_UKP","arf","2025-2030",-0.347125428375472
"UKP_UKP","arf","2030-2035",-0.347125428375472
"UKP_UKP","arf","2035-2040",-0.347125428375472
"UKP_UKP","arf","2040-2045",-0.347125428375472
"UKP_UKP","arf","2045-2050",-0.347125428375472
"UME_MEX","air","2005-2010",0.55042287521585
"UME_MEX","air","2010-2015",0.55042287521585
"UME_MEX","air","2015-2020",0.55042287521585
"UME_MEX","air","2020-2025",0.55042287521585
"UME_MEX","air","2025-2030",0.55042287521585
"UME_MEX","air","2030-2035",0.55042287521585
"UME_MEX","air","2035-2040",0.55042287521585
"UME_MEX","air","2040-2045",0.55042287521585
"UME_MEX","air","2045-2050",0.55042287521585
"UME_MEX","arf","2005-2010",0.21322862257096
"UME_MEX","arf","2010-2015",0.21322862257096
"UME_MEX","arf","2015-2020",0.21322862257096
"UME_MEX","arf","2020-2025",0.21322862257096
"UME_MEX","arf","2025-2030",0.21322862257096
"UME_MEX","arf","2030-2035",0.21322862257096
"UME_MEX","arf","2035-2040",0.21322862257096
"UME_MEX","arf","2040-2045",0.21322862257096
"UME_MEX","arf","2045-2050",0.21322862257096
"UMO_MNG","air","2005-2010",0.0233421065106043
"UMO_MNG","air","2010-2015",0.0233421065106043
"UMO_MNG","air","2015-2020",0.0233421065106043
"UMO_MNG","air","2020-2025",0.0233421065106043
"UMO_MNG","air","2025-2030",0.0233421065106043
"UMO_MNG","air","2030-2035",0.0233421065106043
"UMO_MNG","air","2035-2040",0.0233421065106043
"UMO_MNG","air","2040-2045",0.0233421065106043
"UMO_MNG","air","2045-2050",0.0233421065106043
"UMO_MNG","arf","2005-2010",-0.72510118100596
"UMO_MNG","arf","2010-2015",-0.72510118100596
"UMO_MNG","arf","2015-2020",-0.72510118100596
"UMO_MNG","arf","2020-2025",-0.72510118100596
"UMO_MNG","arf","2025-2030",-0.72510118100596
"UMO_MNG","arf","2030-2035",-0.72510118100596
"UMO_MNG","arf","2035-2040",-0.72510118100596
"UMO_MNG","arf","2040-2045",-0.72510118100596
"UMO_MNG","arf","2045-2050",-0.72510118100596
"UMO_RUS","air","2005-2010",0.906776984765623
"UMO_RUS","air","2010-2015",0.906776984765623
"UMO_RUS","air","2015-2020",0.906776984765623
"UMO_RUS","air","2020-2025",0.906776984765623
"UMO_RUS","air","2025-2030",0.906776984765623
"UMO_RUS","air","2030-2035",0.906776984765623
"UMO_RUS","air","2035-2040",0.906776984765623
"UMO_RUS","air","2040-2045",0.906776984765623
"UMO_RUS","air","2045-2050",0.906776984765623
"UMO_RUS","arf","2005-2010",0.0117537050096539
"UMO_RUS","arf","2010-2015",0.0117537050096539
"UMO_RUS","arf","2015-2020",0.0117537050096539
"UMO_RUS","arf","2020-2025",0.0117537050096539
"UMO_RUS","arf","2025-2030",0.0117537050096539
"UMO_RUS","arf","2030-2035",0.0117537050096539
"UMO_RUS","arf","2035-2040",0.0117537050096539
"UMO_RUS","arf","2040-2045",0.0117537050096539
"UMO_RUS","arf","2045-2050",0.0117537050096539
"URA_KAZ","air","2005-2010",-0.0147916689777983
"URA_KAZ","air","2010-2015",-0.0147916689777983
"URA_KAZ","air","2015-2020",-0.0147916689777983
"URA_KAZ","air","2020-2025",-0.0147916689777983
"URA_KAZ","air","2025-2030",-0.0147916689777983
"URA_KAZ","air","2030-2035",-0.0147916689777983
"URA_KAZ","air","2035-2040",-0.0147916689777983
"URA_KAZ","air","2040-2045",-0.0147916689777983
"URA_KAZ","air","2045-2050",-0.0147916689777983
"URA_KAZ","arf","2005-2010",0.0645227901218348
"URA_KAZ","arf","2010-2015",0.0645227901218348
"URA_KAZ","arf","2015-2020",0.0645227901218348
"URA_KAZ","arf","2020-2025",0.0645227901218348
"URA_KAZ","arf","2025-2030",0.0645227901218348
"URA_KAZ","arf","2030-2035",0.0645227901218348
"URA_KAZ","arf","2035-2040",0.0645227901218348
"URA_KAZ","arf","2040-2045",0.0645227901218348
"URA_KAZ","arf","2045-2050",0.0645227901218348
"URA_RUS","air","2005-2010",0.906776984765623
"URA_RUS","air","2010-2015",0.906776984765623
"URA_RUS","air","2015-2020",0.906776984765623
"URA_RUS","air","2020-2025",0.906776984765623
"URA_RUS","air","2025-2030",0.906776984765623
"URA_RUS","air","2030-2035",0.906776984765623
"URA_RUS","air","2035-2040",0.906776984765623
"URA_RUS","air","2040-2045",0.906776984765623
"URA_RUS","air","2045-2050",0.906776984765623
"URA_RUS","arf","2005-2010",0.0117537050096539
"URA_RUS","arf","2010-2015",0.0117537050096539
"URA_RUS","arf","2015-2020",0.0117537050096539
"URA_RUS","arf","2020-2025",0.0117537050096539
"URA_RUS","arf","2025-2030",0.0117537050096539
"URA_RUS","arf","2030-2035",0.0117537050096539
"URA_RUS","arf","2035-2040",0.0117537050096539
"URA_RUS","arf","2040-2045",0.0117537050096539
"URA_RUS","arf","2045-2050",0.0117537050096539
"URA_TKM","air","2005-2010",0.101935144368825
"URA_TKM","air","2010-2015",0.101935144368825
"URA_TKM","air","2015-2020",0.101935144368825
"URA_TKM","air","2020-2025",0.101935144368825
"URA_TKM","air","2025-2030",0.101935144368825
"URA_TKM","air","2030-2035",0.101935144368825
"URA_TKM","air","2035-2040",0.101935144368825
"URA_TKM","air","2040-2045",0.101935144368825
"URA_TKM","air","2045-2050",0.101935144368825
"URU_BRA","air","2005-2010",0.787447758493975
"URU_BRA","air","2010-2015",0.787447758493975
"URU_BRA","air","2015-2020",0.787447758493975
"URU_BRA","air","2020-2025",0.787447758493975
"URU_BRA","air","2025-2030",0.787447758493975
"URU_BRA","air","2030-2035",0.787447758493975
"URU_BRA","air","2035-2040",0.787447758493975
"URU_BRA","air","2040-2045",0.787447758493975
"URU_BRA","air","2045-2050",0.787447758493975
"URU_BRA","arf","2005-2010",0.79166600616658
"URU_BRA","arf","2010-2015",0.79166600616658
"URU_BRA","arf","2015-2020",0.79166600616658
"URU_BRA","arf","2020-2025",0.79166600616658
"URU_BRA","arf","2025-2030",0.79166600616658
"URU_BRA","arf","2030-2035",0.79166600616658
"URU_BRA","arf","2035-2040",0.79166600616658
"URU_BRA","arf","2040-2045",0.79166600616658
"URU_BRA","arf","2045-2050",0.79166600616658
"URU_URY","air","2005-2010",0.0831764782789346
"URU_URY","air","2010-2015",0.0831764782789346
"URU_URY","air","2015-2020",0.0831764782789346
"URU_URY","air","2020-2025",0.0831764782789346
"URU_URY","air","2025-2030",0.0831764782789346
"URU_URY","air","2030-2035",0.0831764782789346
"URU_URY","air","2035-2040",0.0831764782789346
"URU_URY","air","2040-2045",0.0831764782789346
"URU_URY","air","2045-2050",0.0831764782789346
"URU_URY","arf","2005-2010",0.387117946711557
"URU_URY","arf","2010-2015",0.387117946711557
"URU_URY","arf","2015-2020",0.387117946711557
"URU_URY","arf","2020-2025",0.387117946711557
"URU_URY","arf","2025-2030",0.387117946711557
"URU_URY","arf","2030-2035",0.387117946711557
"URU_URY","arf","2035-2040",0.387117946711557
"URU_URY","arf","2040-2045",0.387117946711557
"URU_URY","arf","2045-2050",0.387117946711557
"USN_USA","air","2005-2010",0.700569074691426
"USN_USA","air","2010-2015",0.700569074691426
"USN_USA","air","2015-2020",0.700569074691426
"USN_USA","air","2020-2025",0.700569074691426
"USN_USA","air","2025-2030",0.700569074691426
"USN_USA","air","2030-2035",0.700569074691426
"USN_USA","air","2035-2040",0.700569074691426
"USN_USA","air","2040-2045",0.700569074691426
"USN_USA","air","2045-2050",0.700569074691426
"USN_USA","arf","2005-2010",-0.0540684073146114
"USN_USA","arf","2010-2015",-0.0540684073146114
"USN_USA","arf","2015-2020",-0.0540684073146114
"USN_USA","arf","2020-2025",-0.0540684073146114
"USN_USA","arf","2025-2030",-0.0540684073146114
"USN_USA","arf","2030-2035",-0.0540684073146114
"USN_USA","arf","2035-2040",-0.0540684073146114
"USN_USA","arf","2040-2045",-0.0540684073146114
"USN_USA","arf","2045-2050",-0.0540684073146114
"VOG_RUS","air","2005-2010",0.906776984765623
"VOG_RUS","air","2010-2015",0.906776984765623
"VOG_RUS","air","2015-2020",0.906776984765623
"VOG_RUS","air","2020-2025",0.906776984765623
"VOG_RUS","air","2025-2030",0.906776984765623
"VOG_RUS","air","2030-2035",0.906776984765623
"VOG_RUS","air","2035-2040",0.906776984765623
"VOG_RUS","air","2040-2045",0.906776984765623
"VOG_RUS","air","2045-2050",0.906776984765623
"VOG_RUS","arf","2005-2010",0.0117537050096539
"VOG_RUS","arf","2010-2015",0.0117537050096539
"VOG_RUS","arf","2015-2020",0.0117537050096539
"VOG_RUS","arf","2020-2025",0.0117537050096539
"VOG_RUS","arf","2025-2030",0.0117537050096539
"VOG_RUS","arf","2030-2035",0.0117537050096539
"VOG_RUS","arf","2035-2040",0.0117537050096539
"VOG_RUS","arf","2040-2045",0.0117537050096539
"VOG_RUS","arf","2045-2050",0.0117537050096539
"VOT_BEN","air","2005-2010",1.72016788236857
"VOT_BEN","air","2010-2015",1.72016788236857
"VOT_BEN","air","2015-2020",1.72016788236857
"VOT_BEN","air","2020-2025",1.72016788236857
"VOT_BEN","air","2025-2030",1.72016788236857
"VOT_BEN","air","2030-2035",1.72016788236857
"VOT_BEN","air","2035-2040",1.72016788236857
"VOT_BEN","air","2040-2045",1.72016788236857
"VOT_BEN","air","2045-2050",1.72016788236857
"VOT_BEN","arf","2005-2010",0.954126118311205
"VOT_BEN","arf","2010-2015",0.954126118311205
"VOT_BEN","arf","2015-2020",0.954126118311205
"VOT_BEN","arf","2020-2025",0.954126118311205
"VOT_BEN","arf","2025-2030",0.954126118311205
"VOT_BEN","arf","2030-2035",0.954126118311205
"VOT_BEN","arf","2035-2040",0.954126118311205
"VOT_BEN","arf","2040-2045",0.954126118311205
"VOT_BEN","arf","2045-2050",0.954126118311205
"VOT_BFA","air","2005-2010",1.70703577023472
"VOT_BFA","air","2010-2015",1.70703577023472
"VOT_BFA","air","2015-2020",1.70703577023472
"VOT_BFA","air","2020-2025",1.70703577023472
"VOT_BFA","air","2025-2030",1.70703577023472
"VOT_BFA","air","2030-2035",1.70703577023472
"VOT_BFA","air","2035-2040",1.70703577023472
"VOT_BFA","air","2040-2045",1.70703577023472
"VOT_BFA","air","2045-2050",1.70703577023472
"VOT_BFA","arf","2005-2010",0.785859905680852
"VOT_BFA","arf","2010-2015",0.785859905680852
"VOT_BFA","arf","2015-2020",0.785859905680852
"VOT_BFA","arf","2020-2025",0.785859905680852
"VOT_BFA","arf","2025-2030",0.785859905680852
"VOT_BFA","arf","2030-2035",0.785859905680852
"VOT_BFA","arf","2035-2040",0.785859905680852
"VOT_BFA","arf","2040-2045",0.785859905680852
"VOT_BFA","arf","2045-2050",0.785859905680852
"VOT_CIV","air","2005-2010",1.87881676422113
"VOT_CIV","air","2010-2015",1.87881676422113
"VOT_CIV","air","2015-2020",1.87881676422113
"VOT_CIV","air","2020-2025",1.87881676422113
"VOT_CIV","air","2025-2030",1.87881676422113
"VOT_CIV","air","2030-2035",1.87881676422113
"VOT_CIV","air","2035-2040",1.87881676422113
"VOT_CIV","air","2040-2045",1.87881676422113
"VOT_CIV","air","2045-2050",1.87881676422113
"VOT_CIV","arf","2005-2010",0.917997067328602
"VOT_CIV","arf","2010-2015",0.917997067328602
"VOT_CIV","arf","2015-2020",0.917997067328602
"VOT_CIV","arf","2020-2025",0.917997067328602
"VOT_CIV","arf","2025-2030",0.917997067328602
"VOT_CIV","arf","2030-2035",0.917997067328602
"VOT_CIV","arf","2035-2040",0.917997067328602
"VOT_CIV","arf","2040-2045",0.917997067328602
"VOT_CIV","arf","2045-2050",0.917997067328602
"VOT_GHA","air","2005-2010",4.96477660266164
"VOT_GHA","air","2010-2015",4.96477660266164
"VOT_GHA","air","2015-2020",4.96477660266164
"VOT_GHA","air","2020-2025",4.96477660266164
"VOT_GHA","air","2025-2030",4.96477660266164
"VOT_GHA","air","2030-2035",4.96477660266164
"VOT_GHA","air","2035-2040",4.96477660266164
"VOT_GHA","air","2040-2045",4.96477660266164
"VOT_GHA","air","2045-2050",4.96477660266164
"VOT_GHA","arf","2005-2010",0.876488186164015
"VOT_GHA","arf","2010-2015",0.876488186164015
"VOT_GHA","arf","2015-2020",0.876488186164015
"VOT_GHA","arf","2020-2025",0.876488186164015
"VOT_GHA","arf","2025-2030",0.876488186164015
"VOT_GHA","arf","2030-2035",0.876488186164015
"VOT_GHA","arf","2035-2040",0.876488186164015
"VOT_GHA","arf","2040-2045",0.876488186164015
"VOT_GHA","arf","2045-2050",0.876488186164015
"VOT_MLI","air","2005-2010",1.66346831339081
"VOT_MLI","air","2010-2015",1.66346831339081
"VOT_MLI","air","2015-2020",1.66346831339081
"VOT_MLI","air","2020-2025",1.66346831339081
"VOT_MLI","air","2025-2030",1.66346831339081
"VOT_MLI","air","2030-2035",1.66346831339081
"VOT_MLI","air","2035-2040",1.66346831339081
"VOT_MLI","air","2040-2045",1.66346831339081
"VOT_MLI","air","2045-2050",1.66346831339081
"VOT_MLI","arf","2005-2010",0.554050969645026
"VOT_MLI","arf","2010-2015",0.554050969645026
"VOT_MLI","arf","2015-2020",0.554050969645026
"VOT_MLI","arf","2020-2025",0.554050969645026
"VOT_MLI","arf","2025-2030",0.554050969645026
"VOT_MLI","arf","2030-2035",0.554050969645026
"VOT_MLI","arf","2035-2040",0.554050969645026
"VOT_MLI","arf","2040-2045",0.554050969645026
"VOT_MLI","arf","2045-2050",0.554050969645026
"VOT_TGO","air","2005-2010",2.07621889005971
"VOT_TGO","air","2010-2015",2.07621889005971
"VOT_TGO","air","2015-2020",2.07621889005971
"VOT_TGO","air","2020-2025",2.07621889005971
"VOT_TGO","air","2025-2030",2.07621889005971
"VOT_TGO","air","2030-2035",2.07621889005971
"VOT_TGO","air","2035-2040",2.07621889005971
"VOT_TGO","air","2040-2045",2.07621889005971
"VOT_TGO","air","2045-2050",2.07621889005971
"VOT_TGO","arf","2005-2010",1.02777016856346
"VOT_TGO","arf","2010-2015",1.02777016856346
"VOT_TGO","arf","2015-2020",1.02777016856346
"VOT_TGO","arf","2020-2025",1.02777016856346
"VOT_TGO","arf","2025-2030",1.02777016856346
"VOT_TGO","arf","2030-2035",1.02777016856346
"VOT_TGO","arf","2035-2040",1.02777016856346
"VOT_TGO","arf","2040-2045",1.02777016856346
"VOT_TGO","arf","2045-2050",1.02777016856346
"VUT_VUT","arf","2005-2010",0.415473046121217
"VUT_VUT","arf","2010-2015",0.415473046121217
"VUT_VUT","arf","2015-2020",0.415473046121217
"VUT_VUT","arf","2020-2025",0.415473046121217
"VUT_VUT","arf","2025-2030",0.415473046121217
"VUT_VUT","arf","2030-2035",0.415473046121217
"VUT_VUT","arf","2035-2040",0.415473046121217
"VUT_VUT","arf","2040-2045",0.415473046121217
"VUT_VUT","arf","2045-2050",0.415473046121217
"WAC_CIV","air","2005-2010",1.87881676422113
"WAC_CIV","air","2010-2015",1.87881676422113
"WAC_CIV","air","2015-2020",1.87881676422113
"WAC_CIV","air","2020-2025",1.87881676422113
"WAC_CIV","air","2025-2030",1.87881676422113
"WAC_CIV","air","2030-2035",1.87881676422113
"WAC_CIV","air","2035-2040",1.87881676422113
"WAC_CIV","air","2040-2045",1.87881676422113
"WAC_CIV","air","2045-2050",1.87881676422113
"WAC_CIV","arf","2005-2010",0.917997067328602
"WAC_CIV","arf","2010-2015",0.917997067328602
"WAC_CIV","arf","2015-2020",0.917997067328602
"WAC_CIV","arf","2020-2025",0.917997067328602
"WAC_CIV","arf","2025-2030",0.917997067328602
"WAC_CIV","arf","2030-2035",0.917997067328602
"WAC_CIV","arf","2035-2040",0.917997067328602
"WAC_CIV","arf","2040-2045",0.917997067328602
"WAC_CIV","arf","2045-2050",0.917997067328602
"WAC_GIN","air","2005-2010",2.04600141568423
"WAC_GIN","air","2010-2015",2.04600141568423
"WAC_GIN","air","2015-2020",2.04600141568423
"WAC_GIN","air","2020-2025",2.04600141568423
"WAC_GIN","air","2025-2030",2.04600141568423
"WAC_GIN","air","2030-2035",2.04600141568423
"WAC_GIN","air","2035-2040",2.04600141568423
"WAC_GIN","air","2040-2045",2.04600141568423
"WAC_GIN","air","2045-2050",2.04600141568423
"WAC_GIN","arf","2005-2010",0.984322584106501
"WAC_GIN","arf","2010-2015",0.984322584106501
"WAC_GIN","arf","2015-2020",0.984322584106501
"WAC_GIN","arf","2020-2025",0.984322584106501
"WAC_GIN","arf","2025-2030",0.984322584106501
"WAC_GIN","arf","2030-2035",0.984322584106501
"WAC_GIN","arf","2035-2040",0.984322584106501
"WAC_GIN","arf","2040-2045",0.984322584106501
"WAC_GIN","arf","2045-2050",0.984322584106501
"WAC_GMB","air","2005-2010",1.72256102490147
"WAC_GMB","air","2010-2015",1.72256102490147
"WAC_GMB","air","2015-2020",1.72256102490147
"WAC_GMB","air","2020-2025",1.72256102490147
"WAC_GMB","air","2025-2030",1.72256102490147
"WAC_GMB","air","2030-2035",1.72256102490147
"WAC_GMB","air","2035-2040",1.72256102490147
"WAC_GMB","air","2040-2045",1.72256102490147
"WAC_GMB","air","2045-2050",1.72256102490147
"WAC_GMB","arf","2005-2010",1.2604113283307
"WAC_GMB","arf","2010-2015",1.2604113283307
"WAC_GMB","arf","2015-2020",1.2604113283307
"WAC_GMB","arf","2020-2025",1.2604113283307
"WAC_GMB","arf","2025-2030",1.2604113283307
"WAC_GMB","arf","2030-2035",1.2604113283307
"WAC_GMB","arf","2035-2040",1.2604113283307
"WAC_GMB","arf","2040-2045",1.2604113283307
"WAC_GMB","arf","2045-2050",1.2604113283307
"WAC_GNB","air","2005-2010",1.97977799348137
"WAC_GNB","air","2010-2015",1.97977799348137
"WAC_GNB","air","2015-2020",1.97977799348137
"WAC_GNB","air","2020-2025",1.97977799348137
"WAC_GNB","air","2025-2030",1.97977799348137
"WAC_GNB","air","2030-2035",1.97977799348137
"WAC_GNB","air","2035-2040",1.97977799348137
"WAC_GNB","air","2040-2045",1.97977799348137
"WAC_GNB","air","2045-2050",1.97977799348137
"WAC_GNB","arf","2005-2010",1.31968998022145
"WAC_GNB","arf","2010-2015",1.31968998022145
"WAC_GNB","arf","2015-2020",1.31968998022145
"WAC_GNB","arf","2020-2025",1.31968998022145
"WAC_GNB","arf","2025-2030",1.31968998022145
"WAC_GNB","arf","2030-2035",1.31968998022145
"WAC_GNB","arf","2035-2040",1.31968998022145
"WAC_GNB","arf","2040-2045",1.31968998022145
"WAC_GNB","arf","2045-2050",1.31968998022145
"WAC_LBR","air","2005-2010",0.470348146894994
"WAC_LBR","air","2010-2015",0.470348146894994
"WAC_LBR","air","2015-2020",0.470348146894994
"WAC_LBR","air","2020-2025",0.470348146894994
"WAC_LBR","air","2025-2030",0.470348146894994
"WAC_LBR","air","2030-2035",0.470348146894994
"WAC_LBR","air","2035-2040",0.470348146894994
"WAC_LBR","air","2040-2045",0.470348146894994
"WAC_LBR","air","2045-2050",0.470348146894994
"WAC_LBR","arf","2005-2010",0.904400513668913
"WAC_LBR","arf","2010-2015",0.904400513668913
"WAC_LBR","arf","2015-2020",0.904400513668913
"WAC_LBR","arf","2020-2025",0.904400513668913
"WAC_LBR","arf","2025-2030",0.904400513668913
"WAC_LBR","arf","2030-2035",0.904400513668913
"WAC_LBR","arf","2035-2040",0.904400513668913
"WAC_LBR","arf","2040-2045",0.904400513668913
"WAC_LBR","arf","2045-2050",0.904400513668913
"WAC_SEN","air","2005-2010",1.69267336424075
"WAC_SEN","air","2010-2015",1.69267336424075
"WAC_SEN","air","2015-2020",1.69267336424075
"WAC_SEN","air","2020-2025",1.69267336424075
"WAC_SEN","air","2025-2030",1.69267336424075
"WAC_SEN","air","2030-2035",1.69267336424075
"WAC_SEN","air","2035-2040",1.69267336424075
"WAC_SEN","air","2040-2045",1.69267336424075
"WAC_SEN","air","2045-2050",1.69267336424075
"WAC_SEN","arf","2005-2010",1.42292402309616
"WAC_SEN","arf","2010-2015",1.42292402309616
"WAC_SEN","arf","2015-2020",1.42292402309616
"WAC_SEN","arf","2020-2025",1.42292402309616
"WAC_SEN","arf","2025-2030",1.42292402309616
"WAC_SEN","arf","2030-2035",1.42292402309616
"WAC_SEN","arf","2035-2040",1.42292402309616
"WAC_SEN","arf","2040-2045",1.42292402309616
"WAC_SEN","arf","2045-2050",1.42292402309616
"WAC_SLE","air","2005-2010",2.04485147014046
"WAC_SLE","air","2010-2015",2.04485147014046
"WAC_SLE","air","2015-2020",2.04485147014046
"WAC_SLE","air","2020-2025",2.04485147014046
"WAC_SLE","air","2025-2030",2.04485147014046
"WAC_SLE","air","2030-2035",2.04485147014046
"WAC_SLE","air","2035-2040",2.04485147014046
"WAC_SLE","air","2040-2045",2.04485147014046
"WAC_SLE","air","2045-2050",2.04485147014046
"WAC_SLE","arf","2005-2010",1.00449756540091
"WAC_SLE","arf","2010-2015",1.00449756540091
"WAC_SLE","arf","2015-2020",1.00449756540091
"WAC_SLE","arf","2020-2025",1.00449756540091
"WAC_SLE","arf","2025-2030",1.00449756540091
"WAC_SLE","arf","2030-2035",1.00449756540091
"WAC_SLE","arf","2035-2040",1.00449756540091
"WAC_SLE","arf","2040-2045",1.00449756540091
"WAC_SLE","arf","2045-2050",1.00449756540091
"WAI_AFG","air","2005-2010",0.137163595918777
"WAI_AFG","air","2010-2015",0.137163595918777
"WAI_AFG","air","2015-2020",0.137163595918777
"WAI_AFG","air","2020-2025",0.137163595918777
"WAI_AFG","air","2025-2030",0.137163595918777
"WAI_AFG","air","2030-2035",0.137163595918777
"WAI_AFG","air","2035-2040",0.137163595918777
"WAI_AFG","air","2040-2045",0.137163595918777
"WAI_AFG","air","2045-2050",0.137163595918777
"WAI_AFG","arf","2005-2010",-0.301261165733313
"WAI_AFG","arf","2010-2015",-0.301261165733313
"WAI_AFG","arf","2015-2020",-0.301261165733313
"WAI_AFG","arf","2020-2025",-0.301261165733313
"WAI_AFG","arf","2025-2030",-0.301261165733313
"WAI_AFG","arf","2030-2035",-0.301261165733313
"WAI_AFG","arf","2035-2040",-0.301261165733313
"WAI_AFG","arf","2040-2045",-0.301261165733313
"WAI_AFG","arf","2045-2050",-0.301261165733313
"WAI_IRN","air","2005-2010",0.353387653226234
"WAI_IRN","air","2010-2015",0.353387653226234
"WAI_IRN","air","2015-2020",0.353387653226234
"WAI_IRN","air","2020-2025",0.229701974597052
"WAI_IRN","air","2025-2030",0.229701974597052
"WAI_IRN","air","2030-2035",0.229701974597052
"WAI_IRN","air","2035-2040",0.229701974597052
"WAI_IRN","air","2040-2045",0.229701974597052
"WAI_IRN","air","2045-2050",0.229701974597052
"WAI_IRN","arf","2005-2010",0.163503650391661
"WAI_IRN","arf","2010-2015",0.163503650391661
"WAI_IRN","arf","2015-2020",0.163503650391661
"WAI_IRN","arf","2020-2025",0.10627737275458
"WAI_IRN","arf","2025-2030",0.10627737275458
"WAI_IRN","arf","2030-2035",0.10627737275458
"WAI_IRN","arf","2035-2040",0.10627737275458
"WAI_IRN","arf","2040-2045",0.10627737275458
"WAI_IRN","arf","2045-2050",0.10627737275458
"WAI_PAK","air","2005-2010",0.156009210224117
"WAI_PAK","air","2010-2015",0.156009210224117
"WAI_PAK","air","2015-2020",0.156009210224117
"WAI_PAK","air","2020-2025",0.156009210224117
"WAI_PAK","air","2025-2030",0.156009210224117
"WAI_PAK","air","2030-2035",0.156009210224117
"WAI_PAK","air","2035-2040",0.156009210224117
"WAI_PAK","air","2040-2045",0.156009210224117
"WAI_PAK","air","2045-2050",0.156009210224117
"WAI_PAK","arf","2005-2010",-0.0479022767292392
"WAI_PAK","arf","2010-2015",-0.0479022767292392
"WAI_PAK","arf","2015-2020",-0.0479022767292392
"WAI_PAK","arf","2020-2025",-0.0479022767292392
"WAI_PAK","arf","2025-2030",-0.0479022767292392
"WAI_PAK","arf","2030-2035",-0.0479022767292392
"WAI_PAK","arf","2035-2040",-0.0479022767292392
"WAI_PAK","arf","2040-2045",-0.0479022767292392
"WAI_PAK","arf","2045-2050",-0.0479022767292392
"WAI_TKM","air","2005-2010",0.101935144368825
"WAI_TKM","air","2010-2015",0.101935144368825
"WAI_TKM","air","2015-2020",0.101935144368825
"WAI_TKM","air","2020-2025",0.101935144368825
"WAI_TKM","air","2025-2030",0.101935144368825
"WAI_TKM","air","2030-2035",0.101935144368825
"WAI_TKM","air","2035-2040",0.101935144368825
"WAI_TKM","air","2040-2045",0.101935144368825
"WAI_TKM","air","2045-2050",0.101935144368825
"WAU_AUS","air","2005-2010",-0.0373390733343637
"WAU_AUS","air","2010-2015",-0.0373390733343637
"WAU_AUS","air","2015-2020",-0.0373390733343637
"WAU_AUS","air","2020-2025",-0.0373390733343637
"WAU_AUS","air","2025-2030",-0.0373390733343637
"WAU_AUS","air","2030-2035",-0.0373390733343637
"WAU_AUS","air","2035-2040",-0.0373390733343637
"WAU_AUS","air","2040-2045",-0.0373390733343637
"WAU_AUS","air","2045-2050",-0.0373390733343637
"WAU_AUS","arf","2005-2010",-0.0952620667459381
"WAU_AUS","arf","2010-2015",-0.0952620667459381
"WAU_AUS","arf","2015-2020",-0.0952620667459381
"WAU_AUS","arf","2020-2025",-0.0952620667459381
"WAU_AUS","arf","2025-2030",-0.0952620667459381
"WAU_AUS","arf","2030-2035",-0.0952620667459381
"WAU_AUS","arf","2035-2040",-0.0952620667459381
"WAU_AUS","arf","2040-2045",-0.0952620667459381
"WAU_AUS","arf","2045-2050",-0.0952620667459381
"WGM_USA","air","2005-2010",0.700569074691426
"WGM_USA","air","2010-2015",0.700569074691426
"WGM_USA","air","2015-2020",0.700569074691426
"WGM_USA","air","2020-2025",0.700569074691426
"WGM_USA","air","2025-2030",0.700569074691426
"WGM_USA","air","2030-2035",0.700569074691426
"WGM_USA","air","2035-2040",0.700569074691426
"WGM_USA","air","2040-2045",0.700569074691426
"WGM_USA","air","2045-2050",0.700569074691426
"WGM_USA","arf","2005-2010",-0.0540684073146114
"WGM_USA","arf","2010-2015",-0.0540684073146114
"WGM_USA","arf","2015-2020",-0.0540684073146114
"WGM_USA","arf","2020-2025",-0.0540684073146114
"WGM_USA","arf","2025-2030",-0.0540684073146114
"WGM_USA","arf","2030-2035",-0.0540684073146114
"WGM_USA","arf","2035-2040",-0.0540684073146114
"WGM_USA","arf","2040-2045",-0.0540684073146114
"WGM_USA","arf","2045-2050",-0.0540684073146114
"YEM_YEM","air","2005-2010",0.462757349271437
"YEM_YEM","air","2010-2015",0.462757349271437
"YEM_YEM","air","2015-2020",0.462757349271437
"YEM_YEM","air","2020-2025",0.300792277026434
"YEM_YEM","air","2025-2030",0.300792277026434
"YEM_YEM","air","2030-2035",0.300792277026434
"YEM_YEM","air","2035-2040",0.300792277026434
"YEM_YEM","air","2040-2045",0.300792277026434
"YEM_YEM","air","2045-2050",0.300792277026434
"YEM_YEM","arf","2005-2010",0.353136687236177
"YEM_YEM","arf","2010-2015",0.353136687236177
"YEM_YEM","arf","2015-2020",0.353136687236177
"YEM_YEM","arf","2020-2025",0.229538846703515
"YEM_YEM","arf","2025-2030",0.229538846703515
"YEM_YEM","arf","2030-2035",0.229538846703515
"YEM_YEM","arf","2035-2040",0.229538846703515
"YEM_YEM","arf","2040-2045",0.229538846703515
"YEM_YEM","arf","2045-2050",0.229538846703515
"YEN_RUS","air","2005-2010",0.906776984765623
"YEN_RUS","air","2010-2015",0.906776984765623
"YEN_RUS","air","2015-2020",0.906776984765623
"YEN_RUS","air","2020-2025",0.906776984765623
"YEN_RUS","air","2025-2030",0.906776984765623
"YEN_RUS","air","2030-2035",0.906776984765623
"YEN_RUS","air","2035-2040",0.906776984765623
"YEN_RUS","air","2040-2045",0.906776984765623
"YEN_RUS","air","2045-2050",0.906776984765623
"YEN_RUS","arf","2005-2010",0.0117537050096539
"YEN_RUS","arf","2010-2015",0.0117537050096539
"YEN_RUS","arf","2015-2020",0.0117537050096539
"YEN_RUS","arf","2020-2025",0.0117537050096539
"YEN_RUS","arf","2025-2030",0.0117537050096539
"YEN_RUS","arf","2030-2035",0.0117537050096539
"YEN_RUS","arf","2035-2040",0.0117537050096539
"YEN_RUS","arf","2040-2045",0.0117537050096539
"YEN_RUS","arf","2045-2050",0.0117537050096539
"YHE_CHM","air","2005-2010",0.188894593232791
"YHE_CHM","air","2010-2015",0.188894593232791
"YHE_CHM","air","2015-2020",0.188894593232791
"YHE_CHM","air","2020-2025",0.188894593232791
"YHE_CHM","air","2025-2030",0.188894593232791
"YHE_CHM","air","2030-2035",0.188894593232791
"YHE_CHM","air","2035-2040",0.188894593232791
"YHE_CHM","air","2040-2045",0.188894593232791
"YHE_CHM","air","2045-2050",0.188894593232791
"YHE_CHM","arf","2005-2010",-0.129271720186952
"YHE_CHM","arf","2010-2015",-0.129271720186952
"YHE_CHM","arf","2015-2020",-0.129271720186952
"YHE_CHM","arf","2020-2025",-0.129271720186952
"YHE_CHM","arf","2025-2030",-0.129271720186952
"YHE_CHM","arf","2030-2035",-0.129271720186952
"YHE_CHM","arf","2035-2040",-0.129271720186952
"YHE_CHM","arf","2040-2045",-0.129271720186952
"YHE_CHM","arf","2045-2050",-0.129271720186952
"YRD_CHM","air","2005-2010",0.188894593232791
"YRD_CHM","air","2010-2015",0.188894593232791
"YRD_CHM","air","2015-2020",0.188894593232791
"YRD_CHM","air","2020-2025",0.188894593232791
"YRD_CHM","air","2025-2030",0.188894593232791
"YRD_CHM","air","2030-2035",0.188894593232791
"YRD_CHM","air","2035-2040",0.188894593232791
"YRD_CHM","air","2040-2045",0.188894593232791
"YRD_CHM","air","2045-2050",0.188894593232791
"YRD_CHM","arf","2005-2010",-0.129271720186952
"YRD_CHM","arf","2010-2015",-0.129271720186952
"YRD_CHM","arf","2015-2020",-0.129271720186952
"YRD_CHM","arf","2020-2025",-0.129271720186952
"YRD_CHM","arf","2025-2030",-0.129271720186952
"YRD_CHM","arf","2030-2035",-0.129271720186952
"YRD_CHM","arf","2035-2040",-0.129271720186952
"YRD_CHM","arf","2040-2045",-0.129271720186952
"YRD_CHM","arf","2045-2050",-0.129271720186952
"YRD_VNM","air","2005-2010",0.320225601711566
"YRD_VNM","air","2010-2015",0.320225601711566
"YRD_VNM","air","2015-2020",0.320225601711566
"YRD_VNM","air","2020-2025",0.320225601711566
"YRD_VNM","air","2025-2030",0.320225601711566
"YRD_VNM","air","2030-2035",0.320225601711566
"YRD_VNM","air","2035-2040",0.320225601711566
"YRD_VNM","air","2040-2045",0.320225601711566
"YRD_VNM","air","2045-2050",0.320225601711566
"YRD_VNM","arf","2005-2010",0.0978870352035921
"YRD_VNM","arf","2010-2015",0.0978870352035921
"YRD_VNM","arf","2015-2020",0.0978870352035921
"YRD_VNM","arf","2020-2025",0.0978870352035921
"YRD_VNM","arf","2025-2030",0.0978870352035921
"YRD_VNM","arf","2030-2035",0.0978870352035921
"YRD_VNM","arf","2035-2040",0.0978870352035921
"YRD_VNM","arf","2040-2045",0.0978870352035921
"YRD_VNM","arf","2045-2050",0.0978870352035921
"YUC_MEX","air","2005-2010",0.55042287521585
"YUC_MEX","air","2010-2015",0.55042287521585
"YUC_MEX","air","2015-2020",0.55042287521585
"YUC_MEX","air","2020-2025",0.55042287521585
"YUC_MEX","air","2025-2030",0.55042287521585
"YUC_MEX","air","2030-2035",0.55042287521585
"YUC_MEX","air","2035-2040",0.55042287521585
"YUC_MEX","air","2040-2045",0.55042287521585
"YUC_MEX","air","2045-2050",0.55042287521585
"YUC_MEX","arf","2005-2010",0.21322862257096
"YUC_MEX","arf","2010-2015",0.21322862257096
"YUC_MEX","arf","2015-2020",0.21322862257096
"YUC_MEX","arf","2020-2025",0.21322862257096
"YUC_MEX","arf","2025-2030",0.21322862257096
"YUC_MEX","arf","2030-2035",0.21322862257096
"YUC_MEX","arf","2035-2040",0.21322862257096
"YUC_MEX","arf","2040-2045",0.21322862257096
"YUC_MEX","arf","2045-2050",0.21322862257096
"ZAM_AGO","air","2005-2010",2.09817881490983
"ZAM_AGO","air","2010-2015",2.09817881490983
"ZAM_AGO","air","2015-2020",2.09817881490983
"ZAM_AGO","air","2020-2025",2.09817881490983
"ZAM_AGO","air","2025-2030",2.09817881490983
"ZAM_AGO","air","2030-2035",2.09817881490983
"ZAM_AGO","air","2035-2040",2.09817881490983
"ZAM_AGO","air","2040-2045",2.09817881490983
"ZAM_AGO","air","2045-2050",2.09817881490983
"ZAM_AGO","arf","2005-2010",0.630308063691043
"ZAM_AGO","arf","2010-2015",0.630308063691043
"ZAM_AGO","arf","2015-2020",0.630308063691043
"ZAM_AGO","arf","2020-2025",0.630308063691043
"ZAM_AGO","arf","2025-2030",0.630308063691043
"ZAM_AGO","arf","2030-2035",0.630308063691043
"ZAM_AGO","arf","2035-2040",0.630308063691043
"ZAM_AGO","arf","2040-2045",0.630308063691043
"ZAM_AGO","arf","2045-2050",0.630308063691043
"ZAM_BWA","air","2005-2010",0.145923851195562
"ZAM_BWA","air","2010-2015",0.145923851195562
"ZAM_BWA","air","2015-2020",0.145923851195562
"ZAM_BWA","air","2020-2025",0.145923851195562
"ZAM_BWA","air","2025-2030",0.145923851195562
"ZAM_BWA","air","2030-2035",0.145923851195562
"ZAM_BWA","air","2035-2040",0.145923851195562
"ZAM_BWA","air","2040-2045",0.145923851195562
"ZAM_BWA","air","2045-2050",0.145923851195562
"ZAM_BWA","arf","2005-2010",0.690276128803102
"ZAM_BWA","arf","2010-2015",0.690276128803102
"ZAM_BWA","arf","2015-2020",0.690276128803102
"ZAM_BWA","arf","2020-2025",0.690276128803102
"ZAM_BWA","arf","2025-2030",0.690276128803102
"ZAM_BWA","arf","2030-2035",0.690276128803102
"ZAM_BWA","arf","2035-2040",0.690276128803102
"ZAM_BWA","arf","2040-2045",0.690276128803102
"ZAM_BWA","arf","2045-2050",0.690276128803102
"ZAM_COD","air","2005-2010",1.2246287617611
"ZAM_COD","air","2010-2015",1.2246287617611
"ZAM_COD","air","2015-2020",1.2246287617611
"ZAM_COD","air","2020-2025",1.2246287617611
"ZAM_COD","air","2025-2030",1.2246287617611
"ZAM_COD","air","2030-2035",1.2246287617611
"ZAM_COD","air","2035-2040",1.2246287617611
"ZAM_COD","air","2040-2045",1.2246287617611
"ZAM_COD","air","2045-2050",1.2246287617611
"ZAM_COD","arf","2005-2010",0.937599206122308
"ZAM_COD","arf","2010-2015",0.937599206122308
"ZAM_COD","arf","2015-2020",0.937599206122308
"ZAM_COD","arf","2020-2025",0.937599206122308
"ZAM_COD","arf","2025-2030",0.937599206122308
"ZAM_COD","arf","2030-2035",0.937599206122308
"ZAM_COD","arf","2035-2040",0.937599206122308
"ZAM_COD","arf","2040-2045",0.937599206122308
"ZAM_COD","arf","2045-2050",0.937599206122308
"ZAM_MOZ","air","2005-2010",1.70021580059132
"ZAM_MOZ","air","2010-2015",1.70021580059132
"ZAM_MOZ","air","2015-2020",1.70021580059132
"ZAM_MOZ","air","2020-2025",1.70021580059132
"ZAM_MOZ","air","2025-2030",1.70021580059132
"ZAM_MOZ","air","2030-2035",1.70021580059132
"ZAM_MOZ","air","2035-2040",1.70021580059132
"ZAM_MOZ","air","2040-2045",1.70021580059132
"ZAM_MOZ","air","2045-2050",1.70021580059132
"ZAM_MOZ","arf","2005-2010",0.661792379722304
"ZAM_MOZ","arf","2010-2015",0.661792379722304
"ZAM_MOZ","arf","2015-2020",0.661792379722304
"ZAM_MOZ","arf","2020-2025",0.661792379722304
"ZAM_MOZ","arf","2025-2030",0.661792379722304
"ZAM_MOZ","arf","2030-2035",0.661792379722304
"ZAM_MOZ","arf","2035-2040",0.661792379722304
"ZAM_MOZ","arf","2040-2045",0.661792379722304
"ZAM_MOZ","arf","2045-2050",0.661792379722304
"ZAM_MWI","air","2005-2010",3.55705267156738
"ZAM_MWI","air","2010-2015",3.55705267156738
"ZAM_MWI","air","2015-2020",3.55705267156738
"ZAM_MWI","air","2020-2025",3.55705267156738
"ZAM_MWI","air","2025-2030",3.55705267156738
"ZAM_MWI","air","2030-2035",3.55705267156738
"ZAM_MWI","air","2035-2040",3.55705267156738
"ZAM_MWI","air","2040-2045",3.55705267156738
"ZAM_MWI","air","2045-2050",3.55705267156738
"ZAM_MWI","arf","2005-2010",0.56058125293228
"ZAM_MWI","arf","2010-2015",0.56058125293228
"ZAM_MWI","arf","2015-2020",0.56058125293228
"ZAM_MWI","arf","2020-2025",0.56058125293228
"ZAM_MWI","arf","2025-2030",0.56058125293228
"ZAM_MWI","arf","2030-2035",0.56058125293228
"ZAM_MWI","arf","2035-2040",0.56058125293228
"ZAM_MWI","arf","2040-2045",0.56058125293228
"ZAM_MWI","arf","2045-2050",0.56058125293228
"ZAM_NAM","air","2005-2010",1.6143806706497
"ZAM_NAM","air","2010-2015",1.6143806706497
"ZAM_NAM","air","2015-2020",1.6143806706497
"ZAM_NAM","air","2020-2025",1.6143806706497
"ZAM_NAM","air","2025-2030",1.6143806706497
"ZAM_NAM","air","2030-2035",1.6143806706497
"ZAM_NAM","air","2035-2040",1.6143806706497
"ZAM_NAM","air","2040-2045",1.6143806706497
"ZAM_NAM","air","2045-2050",1.6143806706497
"ZAM_NAM","arf","2005-2010",0.831717633054563
"ZAM_NAM","arf","2010-2015",0.831717633054563
"ZAM_NAM","arf","2015-2020",0.831717633054563
"ZAM_NAM","arf","2020-2025",0.831717633054563
"ZAM_NAM","arf","2025-2030",0.831717633054563
"ZAM_NAM","arf","2030-2035",0.831717633054563
"ZAM_NAM","arf","2035-2040",0.831717633054563
"ZAM_NAM","arf","2040-2045",0.831717633054563
"ZAM_NAM","arf","2045-2050",0.831717633054563
"ZAM_TZA","air","2005-2010",3.77746724475188
"ZAM_TZA","air","2010-2015",3.77746724475188
"ZAM_TZA","air","2015-2020",3.77746724475188
"ZAM_TZA","air","2020-2025",3.77746724475188
"ZAM_TZA","air","2025-2030",3.77746724475188
"ZAM_TZA","air","2030-2035",3.77746724475188
"ZAM_TZA","air","2035-2040",3.77746724475188
"ZAM_TZA","air","2040-2045",3.77746724475188
"ZAM_TZA","air","2045-2050",3.77746724475188
"ZAM_TZA","arf","2005-2010",0.556597667847303
"ZAM_TZA","arf","2010-2015",0.556597667847303
"ZAM_TZA","arf","2015-2020",0.556597667847303
"ZAM_TZA","arf","2020-2025",0.556597667847303
"ZAM_TZA","arf","2025-2030",0.556597667847303
"ZAM_TZA","arf","2030-2035",0.556597667847303
"ZAM_TZA","arf","2035-2040",0.556597667847303
"ZAM_TZA","arf","2040-2045",0.556597667847303
"ZAM_TZA","arf","2045-2050",0.556597667847303
"ZAM_ZMB","air","2005-2010",2.4712061224468
"ZAM_ZMB","air","2010-2015",2.4712061224468
"ZAM_ZMB","air","2015-2020",2.4712061224468
"ZAM_ZMB","air","2020-2025",2.4712061224468
"ZAM_ZMB","air","2025-2030",2.4712061224468
"ZAM_ZMB","air","2030-2035",2.4712061224468
"ZAM_ZMB","air","2035-2040",2.4712061224468
"ZAM_ZMB","air","2040-2045",2.4712061224468
"ZAM_ZMB","air","2045-2050",2.4712061224468
"ZAM_ZMB","arf","2005-2010",0.485796868637189
"ZAM_ZMB","arf","2010-2015",0.485796868637189
"ZAM_ZMB","arf","2015-2020",0.485796868637189
"ZAM_ZMB","arf","2020-2025",0.485796868637189
"ZAM_ZMB","arf","2025-2030",0.485796868637189
"ZAM_ZMB","arf","2030-2035",0.485796868637189
"ZAM_ZMB","arf","2035-2040",0.485796868637189
"ZAM_ZMB","arf","2040-2045",0.485796868637189
"ZAM_ZMB","arf","2045-2050",0.485796868637189
"ZAM_ZWE","air","2005-2010",1.91242133132841
"ZAM_ZWE","air","2010-2015",1.91242133132841
"ZAM_ZWE","air","2015-2020",1.91242133132841
"ZAM_ZWE","air","2020-2025",1.91242133132841
"ZAM_ZWE","air","2025-2030",1.91242133132841
"ZAM_ZWE","air","2030-2035",1.91242133132841
"ZAM_ZWE","air","2035-2040",1.91242133132841
"ZAM_ZWE","air","2040-2045",1.91242133132841
"ZAM_ZWE","air","2045-2050",1.91242133132841
"ZAM_ZWE","arf","2005-2010",0.357986781311825
"ZAM_ZWE","arf","2010-2015",0.357986781311825
"ZAM_ZWE","arf","2015-2020",0.357986781311825
"ZAM_ZWE","arf","2020-2025",0.357986781311825
"ZAM_ZWE","arf","2025-2030",0.357986781311825
"ZAM_ZWE","arf","2030-2035",0.357986781311825
"ZAM_ZWE","arf","2035-2040",0.357986781311825
"ZAM_ZWE","arf","2040-2045",0.357986781311825
"ZAM_ZWE","arf","2045-2050",0.357986781311825
"ZHJ_CHM","air","2005-2010",0.188894593232791
"ZHJ_CHM","air","2010-2015",0.188894593232791
"ZHJ_CHM","air","2015-2020",0.188894593232791
"ZHJ_CHM","air","2020-2025",0.188894593232791
"ZHJ_CHM","air","2025-2030",0.188894593232791
"ZHJ_CHM","air","2030-2035",0.188894593232791
"ZHJ_CHM","air","2035-2040",0.188894593232791
"ZHJ_CHM","air","2040-2045",0.188894593232791
"ZHJ_CHM","air","2045-2050",0.188894593232791
"ZHJ_CHM","arf","2005-2010",-0.129271720186952
"ZHJ_CHM","arf","2010-2015",-0.129271720186952
"ZHJ_CHM","arf","2015-2020",-0.129271720186952
"ZHJ_CHM","arf","2020-2025",-0.129271720186952
"ZHJ_CHM","arf","2025-2030",-0.129271720186952
"ZHJ_CHM","arf","2030-2035",-0.129271720186952
"ZHJ_CHM","arf","2035-2040",-0.129271720186952
"ZHJ_CHM","arf","2040-2045",-0.129271720186952
"ZHJ_CHM","arf","2045-2050",-0.129271720186952
