"FPU","YRS","Val"
"ALB_ALB","2019",1
"ALB_ALB","2020",1
"ALB_ALB","2021",1
"ALB_ALB","2022",1
"ALB_ALB","2023",1
"ALB_ALB","2024",1
"ALB_ALB","2025",1
"ALB_ALB","2026",1
"ALB_ALB","2027",1
"ALB_ALB","2028",1
"ALB_ALB","2029",1
"ALB_ALB","2030",1
"ALB_ALB","2031",1
"ALB_ALB","2032",1
"ALB_ALB","2033",1
"ALB_ALB","2034",1
"ALB_ALB","2035",1
"ALB_ALB","2036",1
"ALB_ALB","2037",1
"ALB_ALB","2038",1
"ALB_ALB","2039",1
"ALB_ALB","2040",1
"ALB_ALB","2041",1
"ALB_ALB","2042",1
"ALB_ALB","2043",1
"ALB_ALB","2044",1
"ALB_ALB","2045",1
"ALB_ALB","2046",1
"ALB_ALB","2047",1
"ALB_ALB","2048",1
"ALB_ALB","2049",1
"ALB_ALB","2050",1
"ALK_USA","2019",1
"ALK_USA","2020",1
"ALK_USA","2021",1
"ALK_USA","2022",1
"ALK_USA","2023",1
"ALK_USA","2024",1
"ALK_USA","2025",1
"ALK_USA","2026",1
"ALK_USA","2027",1
"ALK_USA","2028",1
"ALK_USA","2029",1
"ALK_USA","2030",1
"ALK_USA","2031",1
"ALK_USA","2032",1
"ALK_USA","2033",1
"ALK_USA","2034",1
"ALK_USA","2035",1
"ALK_USA","2036",1
"ALK_USA","2037",1
"ALK_USA","2038",1
"ALK_USA","2039",1
"ALK_USA","2040",1
"ALK_USA","2041",1
"ALK_USA","2042",1
"ALK_USA","2043",1
"ALK_USA","2044",1
"ALK_USA","2045",1
"ALK_USA","2046",1
"ALK_USA","2047",1
"ALK_USA","2048",1
"ALK_USA","2049",1
"ALK_USA","2050",1
"AMA_BOL","2019",1
"AMA_BOL","2020",1
"AMA_BOL","2021",1
"AMA_BOL","2022",1
"AMA_BOL","2023",1
"AMA_BOL","2024",1
"AMA_BOL","2025",1
"AMA_BOL","2026",1
"AMA_BOL","2027",1
"AMA_BOL","2028",1
"AMA_BOL","2029",1
"AMA_BOL","2030",1
"AMA_BOL","2031",1
"AMA_BOL","2032",1
"AMA_BOL","2033",1
"AMA_BOL","2034",1
"AMA_BOL","2035",1
"AMA_BOL","2036",1
"AMA_BOL","2037",1
"AMA_BOL","2038",1
"AMA_BOL","2039",1
"AMA_BOL","2040",1
"AMA_BOL","2041",1
"AMA_BOL","2042",1
"AMA_BOL","2043",1
"AMA_BOL","2044",1
"AMA_BOL","2045",1
"AMA_BOL","2046",1
"AMA_BOL","2047",1
"AMA_BOL","2048",1
"AMA_BOL","2049",1
"AMA_BOL","2050",1
"AMA_BRA","2019",1
"AMA_BRA","2020",1
"AMA_BRA","2021",1
"AMA_BRA","2022",1
"AMA_BRA","2023",1
"AMA_BRA","2024",1
"AMA_BRA","2025",1
"AMA_BRA","2026",1
"AMA_BRA","2027",1
"AMA_BRA","2028",1
"AMA_BRA","2029",1
"AMA_BRA","2030",1
"AMA_BRA","2031",1
"AMA_BRA","2032",1
"AMA_BRA","2033",1
"AMA_BRA","2034",1
"AMA_BRA","2035",1
"AMA_BRA","2036",1
"AMA_BRA","2037",1
"AMA_BRA","2038",1
"AMA_BRA","2039",1
"AMA_BRA","2040",1
"AMA_BRA","2041",1
"AMA_BRA","2042",1
"AMA_BRA","2043",1
"AMA_BRA","2044",1
"AMA_BRA","2045",1
"AMA_BRA","2046",1
"AMA_BRA","2047",1
"AMA_BRA","2048",1
"AMA_BRA","2049",1
"AMA_BRA","2050",1
"AMA_COL","2019",1
"AMA_COL","2020",1
"AMA_COL","2021",1
"AMA_COL","2022",1
"AMA_COL","2023",1
"AMA_COL","2024",1
"AMA_COL","2025",1
"AMA_COL","2026",1
"AMA_COL","2027",1
"AMA_COL","2028",1
"AMA_COL","2029",1
"AMA_COL","2030",1
"AMA_COL","2031",1
"AMA_COL","2032",1
"AMA_COL","2033",1
"AMA_COL","2034",1
"AMA_COL","2035",1
"AMA_COL","2036",1
"AMA_COL","2037",1
"AMA_COL","2038",1
"AMA_COL","2039",1
"AMA_COL","2040",1
"AMA_COL","2041",1
"AMA_COL","2042",1
"AMA_COL","2043",1
"AMA_COL","2044",1
"AMA_COL","2045",1
"AMA_COL","2046",1
"AMA_COL","2047",1
"AMA_COL","2048",1
"AMA_COL","2049",1
"AMA_COL","2050",1
"AMA_ECU","2019",1
"AMA_ECU","2020",1
"AMA_ECU","2021",1
"AMA_ECU","2022",1
"AMA_ECU","2023",1
"AMA_ECU","2024",1
"AMA_ECU","2025",1
"AMA_ECU","2026",1
"AMA_ECU","2027",1
"AMA_ECU","2028",1
"AMA_ECU","2029",1
"AMA_ECU","2030",1
"AMA_ECU","2031",1
"AMA_ECU","2032",1
"AMA_ECU","2033",1
"AMA_ECU","2034",1
"AMA_ECU","2035",1
"AMA_ECU","2036",1
"AMA_ECU","2037",1
"AMA_ECU","2038",1
"AMA_ECU","2039",1
"AMA_ECU","2040",1
"AMA_ECU","2041",1
"AMA_ECU","2042",1
"AMA_ECU","2043",1
"AMA_ECU","2044",1
"AMA_ECU","2045",1
"AMA_ECU","2046",1
"AMA_ECU","2047",1
"AMA_ECU","2048",1
"AMA_ECU","2049",1
"AMA_ECU","2050",1
"AMA_PER","2019",1
"AMA_PER","2020",1
"AMA_PER","2021",1
"AMA_PER","2022",1
"AMA_PER","2023",1
"AMA_PER","2024",1
"AMA_PER","2025",1
"AMA_PER","2026",1
"AMA_PER","2027",1
"AMA_PER","2028",1
"AMA_PER","2029",1
"AMA_PER","2030",1
"AMA_PER","2031",1
"AMA_PER","2032",1
"AMA_PER","2033",1
"AMA_PER","2034",1
"AMA_PER","2035",1
"AMA_PER","2036",1
"AMA_PER","2037",1
"AMA_PER","2038",1
"AMA_PER","2039",1
"AMA_PER","2040",1
"AMA_PER","2041",1
"AMA_PER","2042",1
"AMA_PER","2043",1
"AMA_PER","2044",1
"AMA_PER","2045",1
"AMA_PER","2046",1
"AMA_PER","2047",1
"AMA_PER","2048",1
"AMA_PER","2049",1
"AMA_PER","2050",1
"AMD_AFG","2019",1
"AMD_AFG","2020",1
"AMD_AFG","2021",1
"AMD_AFG","2022",1
"AMD_AFG","2023",1
"AMD_AFG","2024",1
"AMD_AFG","2025",1
"AMD_AFG","2026",1
"AMD_AFG","2027",1
"AMD_AFG","2028",1
"AMD_AFG","2029",1
"AMD_AFG","2030",1
"AMD_AFG","2031",1
"AMD_AFG","2032",1
"AMD_AFG","2033",1
"AMD_AFG","2034",1
"AMD_AFG","2035",1
"AMD_AFG","2036",1
"AMD_AFG","2037",1
"AMD_AFG","2038",1
"AMD_AFG","2039",1
"AMD_AFG","2040",1
"AMD_AFG","2041",1
"AMD_AFG","2042",1
"AMD_AFG","2043",1
"AMD_AFG","2044",1
"AMD_AFG","2045",1
"AMD_AFG","2046",1
"AMD_AFG","2047",1
"AMD_AFG","2048",1
"AMD_AFG","2049",1
"AMD_AFG","2050",1
"AMD_TJK","2019",1
"AMD_TJK","2020",1
"AMD_TJK","2021",1
"AMD_TJK","2022",1
"AMD_TJK","2023",1
"AMD_TJK","2024",1
"AMD_TJK","2025",1
"AMD_TJK","2026",1
"AMD_TJK","2027",1
"AMD_TJK","2028",1
"AMD_TJK","2029",1
"AMD_TJK","2030",1
"AMD_TJK","2031",1
"AMD_TJK","2032",1
"AMD_TJK","2033",1
"AMD_TJK","2034",1
"AMD_TJK","2035",1
"AMD_TJK","2036",1
"AMD_TJK","2037",1
"AMD_TJK","2038",1
"AMD_TJK","2039",1
"AMD_TJK","2040",1
"AMD_TJK","2041",1
"AMD_TJK","2042",1
"AMD_TJK","2043",1
"AMD_TJK","2044",1
"AMD_TJK","2045",1
"AMD_TJK","2046",1
"AMD_TJK","2047",1
"AMD_TJK","2048",1
"AMD_TJK","2049",1
"AMD_TJK","2050",1
"AMD_TKM","2019",1
"AMD_TKM","2020",1
"AMD_TKM","2021",1
"AMD_TKM","2022",1
"AMD_TKM","2023",1
"AMD_TKM","2024",1
"AMD_TKM","2025",1
"AMD_TKM","2026",1
"AMD_TKM","2027",1
"AMD_TKM","2028",1
"AMD_TKM","2029",1
"AMD_TKM","2030",1
"AMD_TKM","2031",1
"AMD_TKM","2032",1
"AMD_TKM","2033",1
"AMD_TKM","2034",1
"AMD_TKM","2035",1
"AMD_TKM","2036",1
"AMD_TKM","2037",1
"AMD_TKM","2038",1
"AMD_TKM","2039",1
"AMD_TKM","2040",1
"AMD_TKM","2041",1
"AMD_TKM","2042",1
"AMD_TKM","2043",1
"AMD_TKM","2044",1
"AMD_TKM","2045",1
"AMD_TKM","2046",1
"AMD_TKM","2047",1
"AMD_TKM","2048",1
"AMD_TKM","2049",1
"AMD_TKM","2050",1
"AMD_UZB","2019",1
"AMD_UZB","2020",1
"AMD_UZB","2021",1
"AMD_UZB","2022",1
"AMD_UZB","2023",1
"AMD_UZB","2024",1
"AMD_UZB","2025",1
"AMD_UZB","2026",1
"AMD_UZB","2027",1
"AMD_UZB","2028",1
"AMD_UZB","2029",1
"AMD_UZB","2030",1
"AMD_UZB","2031",1
"AMD_UZB","2032",1
"AMD_UZB","2033",1
"AMD_UZB","2034",1
"AMD_UZB","2035",1
"AMD_UZB","2036",1
"AMD_UZB","2037",1
"AMD_UZB","2038",1
"AMD_UZB","2039",1
"AMD_UZB","2040",1
"AMD_UZB","2041",1
"AMD_UZB","2042",1
"AMD_UZB","2043",1
"AMD_UZB","2044",1
"AMD_UZB","2045",1
"AMD_UZB","2046",1
"AMD_UZB","2047",1
"AMD_UZB","2048",1
"AMD_UZB","2049",1
"AMD_UZB","2050",1
"AMR_CHM","2019",1
"AMR_CHM","2020",1
"AMR_CHM","2021",1
"AMR_CHM","2022",1
"AMR_CHM","2023",1
"AMR_CHM","2024",1
"AMR_CHM","2025",1
"AMR_CHM","2026",1
"AMR_CHM","2027",1
"AMR_CHM","2028",1
"AMR_CHM","2029",1
"AMR_CHM","2030",1
"AMR_CHM","2031",1
"AMR_CHM","2032",1
"AMR_CHM","2033",1
"AMR_CHM","2034",1
"AMR_CHM","2035",1
"AMR_CHM","2036",1
"AMR_CHM","2037",1
"AMR_CHM","2038",1
"AMR_CHM","2039",1
"AMR_CHM","2040",1
"AMR_CHM","2041",1
"AMR_CHM","2042",1
"AMR_CHM","2043",1
"AMR_CHM","2044",1
"AMR_CHM","2045",1
"AMR_CHM","2046",1
"AMR_CHM","2047",1
"AMR_CHM","2048",1
"AMR_CHM","2049",1
"AMR_CHM","2050",1
"AMR_RUS","2019",1
"AMR_RUS","2020",1
"AMR_RUS","2021",1
"AMR_RUS","2022",1
"AMR_RUS","2023",1
"AMR_RUS","2024",1
"AMR_RUS","2025",1
"AMR_RUS","2026",1
"AMR_RUS","2027",1
"AMR_RUS","2028",1
"AMR_RUS","2029",1
"AMR_RUS","2030",1
"AMR_RUS","2031",1
"AMR_RUS","2032",1
"AMR_RUS","2033",1
"AMR_RUS","2034",1
"AMR_RUS","2035",1
"AMR_RUS","2036",1
"AMR_RUS","2037",1
"AMR_RUS","2038",1
"AMR_RUS","2039",1
"AMR_RUS","2040",1
"AMR_RUS","2041",1
"AMR_RUS","2042",1
"AMR_RUS","2043",1
"AMR_RUS","2044",1
"AMR_RUS","2045",1
"AMR_RUS","2046",1
"AMR_RUS","2047",1
"AMR_RUS","2048",1
"AMR_RUS","2049",1
"AMR_RUS","2050",1
"ARA_IRQ","2019",1
"ARA_IRQ","2020",1
"ARA_IRQ","2021",1
"ARA_IRQ","2022",1
"ARA_IRQ","2023",1
"ARA_IRQ","2024",1
"ARA_IRQ","2025",1
"ARA_IRQ","2026",1
"ARA_IRQ","2027",1
"ARA_IRQ","2028",1
"ARA_IRQ","2029",1
"ARA_IRQ","2030",1
"ARA_IRQ","2031",1
"ARA_IRQ","2032",1
"ARA_IRQ","2033",1
"ARA_IRQ","2034",1
"ARA_IRQ","2035",1
"ARA_IRQ","2036",1
"ARA_IRQ","2037",1
"ARA_IRQ","2038",1
"ARA_IRQ","2039",1
"ARA_IRQ","2040",1
"ARA_IRQ","2041",1
"ARA_IRQ","2042",1
"ARA_IRQ","2043",1
"ARA_IRQ","2044",1
"ARA_IRQ","2045",1
"ARA_IRQ","2046",1
"ARA_IRQ","2047",1
"ARA_IRQ","2048",1
"ARA_IRQ","2049",1
"ARA_IRQ","2050",1
"ARK_USA","2019",1
"ARK_USA","2020",1
"ARK_USA","2021",1
"ARK_USA","2022",1
"ARK_USA","2023",1
"ARK_USA","2024",1
"ARK_USA","2025",1
"ARK_USA","2026",1
"ARK_USA","2027",1
"ARK_USA","2028",1
"ARK_USA","2029",1
"ARK_USA","2030",1
"ARK_USA","2031",1
"ARK_USA","2032",1
"ARK_USA","2033",1
"ARK_USA","2034",1
"ARK_USA","2035",1
"ARK_USA","2036",1
"ARK_USA","2037",1
"ARK_USA","2038",1
"ARK_USA","2039",1
"ARK_USA","2040",1
"ARK_USA","2041",1
"ARK_USA","2042",1
"ARK_USA","2043",1
"ARK_USA","2044",1
"ARK_USA","2045",1
"ARK_USA","2046",1
"ARK_USA","2047",1
"ARK_USA","2048",1
"ARK_USA","2049",1
"ARK_USA","2050",1
"ARM_ARM","2019",1
"ARM_ARM","2020",1
"ARM_ARM","2021",1
"ARM_ARM","2022",1
"ARM_ARM","2023",1
"ARM_ARM","2024",1
"ARM_ARM","2025",1
"ARM_ARM","2026",1
"ARM_ARM","2027",1
"ARM_ARM","2028",1
"ARM_ARM","2029",1
"ARM_ARM","2030",1
"ARM_ARM","2031",1
"ARM_ARM","2032",1
"ARM_ARM","2033",1
"ARM_ARM","2034",1
"ARM_ARM","2035",1
"ARM_ARM","2036",1
"ARM_ARM","2037",1
"ARM_ARM","2038",1
"ARM_ARM","2039",1
"ARM_ARM","2040",1
"ARM_ARM","2041",1
"ARM_ARM","2042",1
"ARM_ARM","2043",1
"ARM_ARM","2044",1
"ARM_ARM","2045",1
"ARM_ARM","2046",1
"ARM_ARM","2047",1
"ARM_ARM","2048",1
"ARM_ARM","2049",1
"ARM_ARM","2050",1
"AZE_AZE","2019",1
"AZE_AZE","2020",1
"AZE_AZE","2021",1
"AZE_AZE","2022",1
"AZE_AZE","2023",1
"AZE_AZE","2024",1
"AZE_AZE","2025",1
"AZE_AZE","2026",1
"AZE_AZE","2027",1
"AZE_AZE","2028",1
"AZE_AZE","2029",1
"AZE_AZE","2030",1
"AZE_AZE","2031",1
"AZE_AZE","2032",1
"AZE_AZE","2033",1
"AZE_AZE","2034",1
"AZE_AZE","2035",1
"AZE_AZE","2036",1
"AZE_AZE","2037",1
"AZE_AZE","2038",1
"AZE_AZE","2039",1
"AZE_AZE","2040",1
"AZE_AZE","2041",1
"AZE_AZE","2042",1
"AZE_AZE","2043",1
"AZE_AZE","2044",1
"AZE_AZE","2045",1
"AZE_AZE","2046",1
"AZE_AZE","2047",1
"AZE_AZE","2048",1
"AZE_AZE","2049",1
"AZE_AZE","2050",1
"BAL_BLT","2019",1
"BAL_BLT","2020",1
"BAL_BLT","2021",1
"BAL_BLT","2022",1
"BAL_BLT","2023",1
"BAL_BLT","2024",1
"BAL_BLT","2025",1
"BAL_BLT","2026",1
"BAL_BLT","2027",1
"BAL_BLT","2028",1
"BAL_BLT","2029",1
"BAL_BLT","2030",1
"BAL_BLT","2031",1
"BAL_BLT","2032",1
"BAL_BLT","2033",1
"BAL_BLT","2034",1
"BAL_BLT","2035",1
"BAL_BLT","2036",1
"BAL_BLT","2037",1
"BAL_BLT","2038",1
"BAL_BLT","2039",1
"BAL_BLT","2040",1
"BAL_BLT","2041",1
"BAL_BLT","2042",1
"BAL_BLT","2043",1
"BAL_BLT","2044",1
"BAL_BLT","2045",1
"BAL_BLT","2046",1
"BAL_BLT","2047",1
"BAL_BLT","2048",1
"BAL_BLT","2049",1
"BAL_BLT","2050",1
"BAL_RUS","2019",1
"BAL_RUS","2020",1
"BAL_RUS","2021",1
"BAL_RUS","2022",1
"BAL_RUS","2023",1
"BAL_RUS","2024",1
"BAL_RUS","2025",1
"BAL_RUS","2026",1
"BAL_RUS","2027",1
"BAL_RUS","2028",1
"BAL_RUS","2029",1
"BAL_RUS","2030",1
"BAL_RUS","2031",1
"BAL_RUS","2032",1
"BAL_RUS","2033",1
"BAL_RUS","2034",1
"BAL_RUS","2035",1
"BAL_RUS","2036",1
"BAL_RUS","2037",1
"BAL_RUS","2038",1
"BAL_RUS","2039",1
"BAL_RUS","2040",1
"BAL_RUS","2041",1
"BAL_RUS","2042",1
"BAL_RUS","2043",1
"BAL_RUS","2044",1
"BAL_RUS","2045",1
"BAL_RUS","2046",1
"BAL_RUS","2047",1
"BAL_RUS","2048",1
"BAL_RUS","2049",1
"BAL_RUS","2050",1
"BLA_RUS","2019",1
"BLA_RUS","2020",1
"BLA_RUS","2021",1
"BLA_RUS","2022",1
"BLA_RUS","2023",1
"BLA_RUS","2024",1
"BLA_RUS","2025",1
"BLA_RUS","2026",1
"BLA_RUS","2027",1
"BLA_RUS","2028",1
"BLA_RUS","2029",1
"BLA_RUS","2030",1
"BLA_RUS","2031",1
"BLA_RUS","2032",1
"BLA_RUS","2033",1
"BLA_RUS","2034",1
"BLA_RUS","2035",1
"BLA_RUS","2036",1
"BLA_RUS","2037",1
"BLA_RUS","2038",1
"BLA_RUS","2039",1
"BLA_RUS","2040",1
"BLA_RUS","2041",1
"BLA_RUS","2042",1
"BLA_RUS","2043",1
"BLA_RUS","2044",1
"BLA_RUS","2045",1
"BLA_RUS","2046",1
"BLA_RUS","2047",1
"BLA_RUS","2048",1
"BLA_RUS","2049",1
"BLA_RUS","2050",1
"BLA_TUR","2019",1
"BLA_TUR","2020",1
"BLA_TUR","2021",1
"BLA_TUR","2022",1
"BLA_TUR","2023",1
"BLA_TUR","2024",1
"BLA_TUR","2025",1
"BLA_TUR","2026",1
"BLA_TUR","2027",1
"BLA_TUR","2028",1
"BLA_TUR","2029",1
"BLA_TUR","2030",1
"BLA_TUR","2031",1
"BLA_TUR","2032",1
"BLA_TUR","2033",1
"BLA_TUR","2034",1
"BLA_TUR","2035",1
"BLA_TUR","2036",1
"BLA_TUR","2037",1
"BLA_TUR","2038",1
"BLA_TUR","2039",1
"BLA_TUR","2040",1
"BLA_TUR","2041",1
"BLA_TUR","2042",1
"BLA_TUR","2043",1
"BLA_TUR","2044",1
"BLA_TUR","2045",1
"BLA_TUR","2046",1
"BLA_TUR","2047",1
"BLA_TUR","2048",1
"BLA_TUR","2049",1
"BLA_TUR","2050",1
"BLA_UKR","2019",1
"BLA_UKR","2020",1
"BLA_UKR","2021",1
"BLA_UKR","2022",1
"BLA_UKR","2023",1
"BLA_UKR","2024",1
"BLA_UKR","2025",1
"BLA_UKR","2026",1
"BLA_UKR","2027",1
"BLA_UKR","2028",1
"BLA_UKR","2029",1
"BLA_UKR","2030",1
"BLA_UKR","2031",1
"BLA_UKR","2032",1
"BLA_UKR","2033",1
"BLA_UKR","2034",1
"BLA_UKR","2035",1
"BLA_UKR","2036",1
"BLA_UKR","2037",1
"BLA_UKR","2038",1
"BLA_UKR","2039",1
"BLA_UKR","2040",1
"BLA_UKR","2041",1
"BLA_UKR","2042",1
"BLA_UKR","2043",1
"BLA_UKR","2044",1
"BLA_UKR","2045",1
"BLA_UKR","2046",1
"BLA_UKR","2047",1
"BLA_UKR","2048",1
"BLA_UKR","2049",1
"BLA_UKR","2050",1
"BLZ_BLZ","2019",1
"BLZ_BLZ","2020",1
"BLZ_BLZ","2021",1
"BLZ_BLZ","2022",1
"BLZ_BLZ","2023",1
"BLZ_BLZ","2024",1
"BLZ_BLZ","2025",1
"BLZ_BLZ","2026",1
"BLZ_BLZ","2027",1
"BLZ_BLZ","2028",1
"BLZ_BLZ","2029",1
"BLZ_BLZ","2030",1
"BLZ_BLZ","2031",1
"BLZ_BLZ","2032",1
"BLZ_BLZ","2033",1
"BLZ_BLZ","2034",1
"BLZ_BLZ","2035",1
"BLZ_BLZ","2036",1
"BLZ_BLZ","2037",1
"BLZ_BLZ","2038",1
"BLZ_BLZ","2039",1
"BLZ_BLZ","2040",1
"BLZ_BLZ","2041",1
"BLZ_BLZ","2042",1
"BLZ_BLZ","2043",1
"BLZ_BLZ","2044",1
"BLZ_BLZ","2045",1
"BLZ_BLZ","2046",1
"BLZ_BLZ","2047",1
"BLZ_BLZ","2048",1
"BLZ_BLZ","2049",1
"BLZ_BLZ","2050",1
"BOR_IDN","2019",1
"BOR_IDN","2020",1
"BOR_IDN","2021",1
"BOR_IDN","2022",1
"BOR_IDN","2023",1
"BOR_IDN","2024",1
"BOR_IDN","2025",1
"BOR_IDN","2026",1
"BOR_IDN","2027",1
"BOR_IDN","2028",1
"BOR_IDN","2029",1
"BOR_IDN","2030",1
"BOR_IDN","2031",1
"BOR_IDN","2032",1
"BOR_IDN","2033",1
"BOR_IDN","2034",1
"BOR_IDN","2035",1
"BOR_IDN","2036",1
"BOR_IDN","2037",1
"BOR_IDN","2038",1
"BOR_IDN","2039",1
"BOR_IDN","2040",1
"BOR_IDN","2041",1
"BOR_IDN","2042",1
"BOR_IDN","2043",1
"BOR_IDN","2044",1
"BOR_IDN","2045",1
"BOR_IDN","2046",1
"BOR_IDN","2047",1
"BOR_IDN","2048",1
"BOR_IDN","2049",1
"BOR_IDN","2050",1
"BOR_MYS","2019",1
"BOR_MYS","2020",1
"BOR_MYS","2021",1
"BOR_MYS","2022",1
"BOR_MYS","2023",1
"BOR_MYS","2024",1
"BOR_MYS","2025",1
"BOR_MYS","2026",1
"BOR_MYS","2027",1
"BOR_MYS","2028",1
"BOR_MYS","2029",1
"BOR_MYS","2030",1
"BOR_MYS","2031",1
"BOR_MYS","2032",1
"BOR_MYS","2033",1
"BOR_MYS","2034",1
"BOR_MYS","2035",1
"BOR_MYS","2036",1
"BOR_MYS","2037",1
"BOR_MYS","2038",1
"BOR_MYS","2039",1
"BOR_MYS","2040",1
"BOR_MYS","2041",1
"BOR_MYS","2042",1
"BOR_MYS","2043",1
"BOR_MYS","2044",1
"BOR_MYS","2045",1
"BOR_MYS","2046",1
"BOR_MYS","2047",1
"BOR_MYS","2048",1
"BOR_MYS","2049",1
"BOR_MYS","2050",1
"BRT_BGD","2019",1
"BRT_BGD","2020",1
"BRT_BGD","2021",1
"BRT_BGD","2022",1
"BRT_BGD","2023",1
"BRT_BGD","2024",1
"BRT_BGD","2025",1
"BRT_BGD","2026",1
"BRT_BGD","2027",1
"BRT_BGD","2028",1
"BRT_BGD","2029",1
"BRT_BGD","2030",1
"BRT_BGD","2031",1
"BRT_BGD","2032",1
"BRT_BGD","2033",1
"BRT_BGD","2034",1
"BRT_BGD","2035",1
"BRT_BGD","2036",1
"BRT_BGD","2037",1
"BRT_BGD","2038",1
"BRT_BGD","2039",1
"BRT_BGD","2040",1
"BRT_BGD","2041",1
"BRT_BGD","2042",1
"BRT_BGD","2043",1
"BRT_BGD","2044",1
"BRT_BGD","2045",1
"BRT_BGD","2046",1
"BRT_BGD","2047",1
"BRT_BGD","2048",1
"BRT_BGD","2049",1
"BRT_BGD","2050",1
"BRT_BTN","2019",1
"BRT_BTN","2020",1
"BRT_BTN","2021",1
"BRT_BTN","2022",1
"BRT_BTN","2023",1
"BRT_BTN","2024",1
"BRT_BTN","2025",1
"BRT_BTN","2026",1
"BRT_BTN","2027",1
"BRT_BTN","2028",1
"BRT_BTN","2029",1
"BRT_BTN","2030",1
"BRT_BTN","2031",1
"BRT_BTN","2032",1
"BRT_BTN","2033",1
"BRT_BTN","2034",1
"BRT_BTN","2035",1
"BRT_BTN","2036",1
"BRT_BTN","2037",1
"BRT_BTN","2038",1
"BRT_BTN","2039",1
"BRT_BTN","2040",1
"BRT_BTN","2041",1
"BRT_BTN","2042",1
"BRT_BTN","2043",1
"BRT_BTN","2044",1
"BRT_BTN","2045",1
"BRT_BTN","2046",1
"BRT_BTN","2047",1
"BRT_BTN","2048",1
"BRT_BTN","2049",1
"BRT_BTN","2050",1
"BRT_CHM","2019",1
"BRT_CHM","2020",1
"BRT_CHM","2021",1
"BRT_CHM","2022",1
"BRT_CHM","2023",1
"BRT_CHM","2024",1
"BRT_CHM","2025",1
"BRT_CHM","2026",1
"BRT_CHM","2027",1
"BRT_CHM","2028",1
"BRT_CHM","2029",1
"BRT_CHM","2030",1
"BRT_CHM","2031",1
"BRT_CHM","2032",1
"BRT_CHM","2033",1
"BRT_CHM","2034",1
"BRT_CHM","2035",1
"BRT_CHM","2036",1
"BRT_CHM","2037",1
"BRT_CHM","2038",1
"BRT_CHM","2039",1
"BRT_CHM","2040",1
"BRT_CHM","2041",1
"BRT_CHM","2042",1
"BRT_CHM","2043",1
"BRT_CHM","2044",1
"BRT_CHM","2045",1
"BRT_CHM","2046",1
"BRT_CHM","2047",1
"BRT_CHM","2048",1
"BRT_CHM","2049",1
"BRT_CHM","2050",1
"BRT_IND","2019",1
"BRT_IND","2020",1
"BRT_IND","2021",1
"BRT_IND","2022",1
"BRT_IND","2023",1
"BRT_IND","2024",1
"BRT_IND","2025",1
"BRT_IND","2026",1
"BRT_IND","2027",1
"BRT_IND","2028",1
"BRT_IND","2029",1
"BRT_IND","2030",1
"BRT_IND","2031",1
"BRT_IND","2032",1
"BRT_IND","2033",1
"BRT_IND","2034",1
"BRT_IND","2035",1
"BRT_IND","2036",1
"BRT_IND","2037",1
"BRT_IND","2038",1
"BRT_IND","2039",1
"BRT_IND","2040",1
"BRT_IND","2041",1
"BRT_IND","2042",1
"BRT_IND","2043",1
"BRT_IND","2044",1
"BRT_IND","2045",1
"BRT_IND","2046",1
"BRT_IND","2047",1
"BRT_IND","2048",1
"BRT_IND","2049",1
"BRT_IND","2050",1
"CAF_AGO","2019",1
"CAF_AGO","2020",1
"CAF_AGO","2021",1
"CAF_AGO","2022",1
"CAF_AGO","2023",1
"CAF_AGO","2024",1
"CAF_AGO","2025",1
"CAF_AGO","2026",1
"CAF_AGO","2027",1
"CAF_AGO","2028",1
"CAF_AGO","2029",1
"CAF_AGO","2030",1
"CAF_AGO","2031",1
"CAF_AGO","2032",1
"CAF_AGO","2033",1
"CAF_AGO","2034",1
"CAF_AGO","2035",1
"CAF_AGO","2036",1
"CAF_AGO","2037",1
"CAF_AGO","2038",1
"CAF_AGO","2039",1
"CAF_AGO","2040",1
"CAF_AGO","2041",1
"CAF_AGO","2042",1
"CAF_AGO","2043",1
"CAF_AGO","2044",1
"CAF_AGO","2045",1
"CAF_AGO","2046",1
"CAF_AGO","2047",1
"CAF_AGO","2048",1
"CAF_AGO","2049",1
"CAF_AGO","2050",1
"CAF_CAF","2019",1
"CAF_CAF","2020",1
"CAF_CAF","2021",1
"CAF_CAF","2022",1
"CAF_CAF","2023",1
"CAF_CAF","2024",1
"CAF_CAF","2025",1
"CAF_CAF","2026",1
"CAF_CAF","2027",1
"CAF_CAF","2028",1
"CAF_CAF","2029",1
"CAF_CAF","2030",1
"CAF_CAF","2031",1
"CAF_CAF","2032",1
"CAF_CAF","2033",1
"CAF_CAF","2034",1
"CAF_CAF","2035",1
"CAF_CAF","2036",1
"CAF_CAF","2037",1
"CAF_CAF","2038",1
"CAF_CAF","2039",1
"CAF_CAF","2040",1
"CAF_CAF","2041",1
"CAF_CAF","2042",1
"CAF_CAF","2043",1
"CAF_CAF","2044",1
"CAF_CAF","2045",1
"CAF_CAF","2046",1
"CAF_CAF","2047",1
"CAF_CAF","2048",1
"CAF_CAF","2049",1
"CAF_CAF","2050",1
"CAF_CMR","2019",1
"CAF_CMR","2020",1
"CAF_CMR","2021",1
"CAF_CMR","2022",1
"CAF_CMR","2023",1
"CAF_CMR","2024",1
"CAF_CMR","2025",1
"CAF_CMR","2026",1
"CAF_CMR","2027",1
"CAF_CMR","2028",1
"CAF_CMR","2029",1
"CAF_CMR","2030",1
"CAF_CMR","2031",1
"CAF_CMR","2032",1
"CAF_CMR","2033",1
"CAF_CMR","2034",1
"CAF_CMR","2035",1
"CAF_CMR","2036",1
"CAF_CMR","2037",1
"CAF_CMR","2038",1
"CAF_CMR","2039",1
"CAF_CMR","2040",1
"CAF_CMR","2041",1
"CAF_CMR","2042",1
"CAF_CMR","2043",1
"CAF_CMR","2044",1
"CAF_CMR","2045",1
"CAF_CMR","2046",1
"CAF_CMR","2047",1
"CAF_CMR","2048",1
"CAF_CMR","2049",1
"CAF_CMR","2050",1
"CAF_COG","2019",1
"CAF_COG","2020",1
"CAF_COG","2021",1
"CAF_COG","2022",1
"CAF_COG","2023",1
"CAF_COG","2024",1
"CAF_COG","2025",1
"CAF_COG","2026",1
"CAF_COG","2027",1
"CAF_COG","2028",1
"CAF_COG","2029",1
"CAF_COG","2030",1
"CAF_COG","2031",1
"CAF_COG","2032",1
"CAF_COG","2033",1
"CAF_COG","2034",1
"CAF_COG","2035",1
"CAF_COG","2036",1
"CAF_COG","2037",1
"CAF_COG","2038",1
"CAF_COG","2039",1
"CAF_COG","2040",1
"CAF_COG","2041",1
"CAF_COG","2042",1
"CAF_COG","2043",1
"CAF_COG","2044",1
"CAF_COG","2045",1
"CAF_COG","2046",1
"CAF_COG","2047",1
"CAF_COG","2048",1
"CAF_COG","2049",1
"CAF_COG","2050",1
"CAF_GAB","2019",1
"CAF_GAB","2020",1
"CAF_GAB","2021",1
"CAF_GAB","2022",1
"CAF_GAB","2023",1
"CAF_GAB","2024",1
"CAF_GAB","2025",1
"CAF_GAB","2026",1
"CAF_GAB","2027",1
"CAF_GAB","2028",1
"CAF_GAB","2029",1
"CAF_GAB","2030",1
"CAF_GAB","2031",1
"CAF_GAB","2032",1
"CAF_GAB","2033",1
"CAF_GAB","2034",1
"CAF_GAB","2035",1
"CAF_GAB","2036",1
"CAF_GAB","2037",1
"CAF_GAB","2038",1
"CAF_GAB","2039",1
"CAF_GAB","2040",1
"CAF_GAB","2041",1
"CAF_GAB","2042",1
"CAF_GAB","2043",1
"CAF_GAB","2044",1
"CAF_GAB","2045",1
"CAF_GAB","2046",1
"CAF_GAB","2047",1
"CAF_GAB","2048",1
"CAF_GAB","2049",1
"CAF_GAB","2050",1
"CAF_GNQ","2019",1
"CAF_GNQ","2020",1
"CAF_GNQ","2021",1
"CAF_GNQ","2022",1
"CAF_GNQ","2023",1
"CAF_GNQ","2024",1
"CAF_GNQ","2025",1
"CAF_GNQ","2026",1
"CAF_GNQ","2027",1
"CAF_GNQ","2028",1
"CAF_GNQ","2029",1
"CAF_GNQ","2030",1
"CAF_GNQ","2031",1
"CAF_GNQ","2032",1
"CAF_GNQ","2033",1
"CAF_GNQ","2034",1
"CAF_GNQ","2035",1
"CAF_GNQ","2036",1
"CAF_GNQ","2037",1
"CAF_GNQ","2038",1
"CAF_GNQ","2039",1
"CAF_GNQ","2040",1
"CAF_GNQ","2041",1
"CAF_GNQ","2042",1
"CAF_GNQ","2043",1
"CAF_GNQ","2044",1
"CAF_GNQ","2045",1
"CAF_GNQ","2046",1
"CAF_GNQ","2047",1
"CAF_GNQ","2048",1
"CAF_GNQ","2049",1
"CAF_GNQ","2050",1
"CAF_NAM","2019",1
"CAF_NAM","2020",1
"CAF_NAM","2021",1
"CAF_NAM","2022",1
"CAF_NAM","2023",1
"CAF_NAM","2024",1
"CAF_NAM","2025",1
"CAF_NAM","2026",1
"CAF_NAM","2027",1
"CAF_NAM","2028",1
"CAF_NAM","2029",1
"CAF_NAM","2030",1
"CAF_NAM","2031",1
"CAF_NAM","2032",1
"CAF_NAM","2033",1
"CAF_NAM","2034",1
"CAF_NAM","2035",1
"CAF_NAM","2036",1
"CAF_NAM","2037",1
"CAF_NAM","2038",1
"CAF_NAM","2039",1
"CAF_NAM","2040",1
"CAF_NAM","2041",1
"CAF_NAM","2042",1
"CAF_NAM","2043",1
"CAF_NAM","2044",1
"CAF_NAM","2045",1
"CAF_NAM","2046",1
"CAF_NAM","2047",1
"CAF_NAM","2048",1
"CAF_NAM","2049",1
"CAF_NAM","2050",1
"CAL_USA","2019",1
"CAL_USA","2020",1
"CAL_USA","2021",1
"CAL_USA","2022",1
"CAL_USA","2023",1
"CAL_USA","2024",1
"CAL_USA","2025",1
"CAL_USA","2026",1
"CAL_USA","2027",1
"CAL_USA","2028",1
"CAL_USA","2029",1
"CAL_USA","2030",1
"CAL_USA","2031",1
"CAL_USA","2032",1
"CAL_USA","2033",1
"CAL_USA","2034",1
"CAL_USA","2035",1
"CAL_USA","2036",1
"CAL_USA","2037",1
"CAL_USA","2038",1
"CAL_USA","2039",1
"CAL_USA","2040",1
"CAL_USA","2041",1
"CAL_USA","2042",1
"CAL_USA","2043",1
"CAL_USA","2044",1
"CAL_USA","2045",1
"CAL_USA","2046",1
"CAL_USA","2047",1
"CAL_USA","2048",1
"CAL_USA","2049",1
"CAL_USA","2050",1
"CAN_CAN","2019",1
"CAN_CAN","2020",1
"CAN_CAN","2021",1
"CAN_CAN","2022",1
"CAN_CAN","2023",1
"CAN_CAN","2024",1
"CAN_CAN","2025",1
"CAN_CAN","2026",1
"CAN_CAN","2027",1
"CAN_CAN","2028",1
"CAN_CAN","2029",1
"CAN_CAN","2030",1
"CAN_CAN","2031",1
"CAN_CAN","2032",1
"CAN_CAN","2033",1
"CAN_CAN","2034",1
"CAN_CAN","2035",1
"CAN_CAN","2036",1
"CAN_CAN","2037",1
"CAN_CAN","2038",1
"CAN_CAN","2039",1
"CAN_CAN","2040",1
"CAN_CAN","2041",1
"CAN_CAN","2042",1
"CAN_CAN","2043",1
"CAN_CAN","2044",1
"CAN_CAN","2045",1
"CAN_CAN","2046",1
"CAN_CAN","2047",1
"CAN_CAN","2048",1
"CAN_CAN","2049",1
"CAN_CAN","2050",1
"CAU_AUS","2019",1
"CAU_AUS","2020",1
"CAU_AUS","2021",1
"CAU_AUS","2022",1
"CAU_AUS","2023",1
"CAU_AUS","2024",1
"CAU_AUS","2025",1
"CAU_AUS","2026",1
"CAU_AUS","2027",1
"CAU_AUS","2028",1
"CAU_AUS","2029",1
"CAU_AUS","2030",1
"CAU_AUS","2031",1
"CAU_AUS","2032",1
"CAU_AUS","2033",1
"CAU_AUS","2034",1
"CAU_AUS","2035",1
"CAU_AUS","2036",1
"CAU_AUS","2037",1
"CAU_AUS","2038",1
"CAU_AUS","2039",1
"CAU_AUS","2040",1
"CAU_AUS","2041",1
"CAU_AUS","2042",1
"CAU_AUS","2043",1
"CAU_AUS","2044",1
"CAU_AUS","2045",1
"CAU_AUS","2046",1
"CAU_AUS","2047",1
"CAU_AUS","2048",1
"CAU_AUS","2049",1
"CAU_AUS","2050",1
"CAV_IND","2019",1
"CAV_IND","2020",1
"CAV_IND","2021",1
"CAV_IND","2022",1
"CAV_IND","2023",1
"CAV_IND","2024",1
"CAV_IND","2025",1
"CAV_IND","2026",1
"CAV_IND","2027",1
"CAV_IND","2028",1
"CAV_IND","2029",1
"CAV_IND","2030",1
"CAV_IND","2031",1
"CAV_IND","2032",1
"CAV_IND","2033",1
"CAV_IND","2034",1
"CAV_IND","2035",1
"CAV_IND","2036",1
"CAV_IND","2037",1
"CAV_IND","2038",1
"CAV_IND","2039",1
"CAV_IND","2040",1
"CAV_IND","2041",1
"CAV_IND","2042",1
"CAV_IND","2043",1
"CAV_IND","2044",1
"CAV_IND","2045",1
"CAV_IND","2046",1
"CAV_IND","2047",1
"CAV_IND","2048",1
"CAV_IND","2049",1
"CAV_IND","2050",1
"CHC_CHL","2019",1
"CHC_CHL","2020",1
"CHC_CHL","2021",1
"CHC_CHL","2022",1
"CHC_CHL","2023",1
"CHC_CHL","2024",1
"CHC_CHL","2025",1
"CHC_CHL","2026",1
"CHC_CHL","2027",1
"CHC_CHL","2028",1
"CHC_CHL","2029",1
"CHC_CHL","2030",1
"CHC_CHL","2031",1
"CHC_CHL","2032",1
"CHC_CHL","2033",1
"CHC_CHL","2034",1
"CHC_CHL","2035",1
"CHC_CHL","2036",1
"CHC_CHL","2037",1
"CHC_CHL","2038",1
"CHC_CHL","2039",1
"CHC_CHL","2040",1
"CHC_CHL","2041",1
"CHC_CHL","2042",1
"CHC_CHL","2043",1
"CHC_CHL","2044",1
"CHC_CHL","2045",1
"CHC_CHL","2046",1
"CHC_CHL","2047",1
"CHC_CHL","2048",1
"CHC_CHL","2049",1
"CHC_CHL","2050",1
"CHJ_CHM","2019",1
"CHJ_CHM","2020",1
"CHJ_CHM","2021",1
"CHJ_CHM","2022",1
"CHJ_CHM","2023",1
"CHJ_CHM","2024",1
"CHJ_CHM","2025",1
"CHJ_CHM","2026",1
"CHJ_CHM","2027",1
"CHJ_CHM","2028",1
"CHJ_CHM","2029",1
"CHJ_CHM","2030",1
"CHJ_CHM","2031",1
"CHJ_CHM","2032",1
"CHJ_CHM","2033",1
"CHJ_CHM","2034",1
"CHJ_CHM","2035",1
"CHJ_CHM","2036",1
"CHJ_CHM","2037",1
"CHJ_CHM","2038",1
"CHJ_CHM","2039",1
"CHJ_CHM","2040",1
"CHJ_CHM","2041",1
"CHJ_CHM","2042",1
"CHJ_CHM","2043",1
"CHJ_CHM","2044",1
"CHJ_CHM","2045",1
"CHJ_CHM","2046",1
"CHJ_CHM","2047",1
"CHJ_CHM","2048",1
"CHJ_CHM","2049",1
"CHJ_CHM","2050",1
"CHO_IND","2019",1
"CHO_IND","2020",1
"CHO_IND","2021",1
"CHO_IND","2022",1
"CHO_IND","2023",1
"CHO_IND","2024",1
"CHO_IND","2025",1
"CHO_IND","2026",1
"CHO_IND","2027",1
"CHO_IND","2028",1
"CHO_IND","2029",1
"CHO_IND","2030",1
"CHO_IND","2031",1
"CHO_IND","2032",1
"CHO_IND","2033",1
"CHO_IND","2034",1
"CHO_IND","2035",1
"CHO_IND","2036",1
"CHO_IND","2037",1
"CHO_IND","2038",1
"CHO_IND","2039",1
"CHO_IND","2040",1
"CHO_IND","2041",1
"CHO_IND","2042",1
"CHO_IND","2043",1
"CHO_IND","2044",1
"CHO_IND","2045",1
"CHO_IND","2046",1
"CHO_IND","2047",1
"CHO_IND","2048",1
"CHO_IND","2049",1
"CHO_IND","2050",1
"CHU_KAZ","2019",1
"CHU_KAZ","2020",1
"CHU_KAZ","2021",1
"CHU_KAZ","2022",1
"CHU_KAZ","2023",1
"CHU_KAZ","2024",1
"CHU_KAZ","2025",1
"CHU_KAZ","2026",1
"CHU_KAZ","2027",1
"CHU_KAZ","2028",1
"CHU_KAZ","2029",1
"CHU_KAZ","2030",1
"CHU_KAZ","2031",1
"CHU_KAZ","2032",1
"CHU_KAZ","2033",1
"CHU_KAZ","2034",1
"CHU_KAZ","2035",1
"CHU_KAZ","2036",1
"CHU_KAZ","2037",1
"CHU_KAZ","2038",1
"CHU_KAZ","2039",1
"CHU_KAZ","2040",1
"CHU_KAZ","2041",1
"CHU_KAZ","2042",1
"CHU_KAZ","2043",1
"CHU_KAZ","2044",1
"CHU_KAZ","2045",1
"CHU_KAZ","2046",1
"CHU_KAZ","2047",1
"CHU_KAZ","2048",1
"CHU_KAZ","2049",1
"CHU_KAZ","2050",1
"CHU_KGZ","2019",1
"CHU_KGZ","2020",1
"CHU_KGZ","2021",1
"CHU_KGZ","2022",1
"CHU_KGZ","2023",1
"CHU_KGZ","2024",1
"CHU_KGZ","2025",1
"CHU_KGZ","2026",1
"CHU_KGZ","2027",1
"CHU_KGZ","2028",1
"CHU_KGZ","2029",1
"CHU_KGZ","2030",1
"CHU_KGZ","2031",1
"CHU_KGZ","2032",1
"CHU_KGZ","2033",1
"CHU_KGZ","2034",1
"CHU_KGZ","2035",1
"CHU_KGZ","2036",1
"CHU_KGZ","2037",1
"CHU_KGZ","2038",1
"CHU_KGZ","2039",1
"CHU_KGZ","2040",1
"CHU_KGZ","2041",1
"CHU_KGZ","2042",1
"CHU_KGZ","2043",1
"CHU_KGZ","2044",1
"CHU_KGZ","2045",1
"CHU_KGZ","2046",1
"CHU_KGZ","2047",1
"CHU_KGZ","2048",1
"CHU_KGZ","2049",1
"CHU_KGZ","2050",1
"COB_CAN","2019",1
"COB_CAN","2020",1
"COB_CAN","2021",1
"COB_CAN","2022",1
"COB_CAN","2023",1
"COB_CAN","2024",1
"COB_CAN","2025",1
"COB_CAN","2026",1
"COB_CAN","2027",1
"COB_CAN","2028",1
"COB_CAN","2029",1
"COB_CAN","2030",1
"COB_CAN","2031",1
"COB_CAN","2032",1
"COB_CAN","2033",1
"COB_CAN","2034",1
"COB_CAN","2035",1
"COB_CAN","2036",1
"COB_CAN","2037",1
"COB_CAN","2038",1
"COB_CAN","2039",1
"COB_CAN","2040",1
"COB_CAN","2041",1
"COB_CAN","2042",1
"COB_CAN","2043",1
"COB_CAN","2044",1
"COB_CAN","2045",1
"COB_CAN","2046",1
"COB_CAN","2047",1
"COB_CAN","2048",1
"COB_CAN","2049",1
"COB_CAN","2050",1
"COB_USA","2019",1
"COB_USA","2020",1
"COB_USA","2021",1
"COB_USA","2022",1
"COB_USA","2023",1
"COB_USA","2024",1
"COB_USA","2025",1
"COB_USA","2026",1
"COB_USA","2027",1
"COB_USA","2028",1
"COB_USA","2029",1
"COB_USA","2030",1
"COB_USA","2031",1
"COB_USA","2032",1
"COB_USA","2033",1
"COB_USA","2034",1
"COB_USA","2035",1
"COB_USA","2036",1
"COB_USA","2037",1
"COB_USA","2038",1
"COB_USA","2039",1
"COB_USA","2040",1
"COB_USA","2041",1
"COB_USA","2042",1
"COB_USA","2043",1
"COB_USA","2044",1
"COB_USA","2045",1
"COB_USA","2046",1
"COB_USA","2047",1
"COB_USA","2048",1
"COB_USA","2049",1
"COB_USA","2050",1
"COL_USA","2019",1
"COL_USA","2020",1
"COL_USA","2021",1
"COL_USA","2022",1
"COL_USA","2023",1
"COL_USA","2024",1
"COL_USA","2025",1
"COL_USA","2026",1
"COL_USA","2027",1
"COL_USA","2028",1
"COL_USA","2029",1
"COL_USA","2030",1
"COL_USA","2031",1
"COL_USA","2032",1
"COL_USA","2033",1
"COL_USA","2034",1
"COL_USA","2035",1
"COL_USA","2036",1
"COL_USA","2037",1
"COL_USA","2038",1
"COL_USA","2039",1
"COL_USA","2040",1
"COL_USA","2041",1
"COL_USA","2042",1
"COL_USA","2043",1
"COL_USA","2044",1
"COL_USA","2045",1
"COL_USA","2046",1
"COL_USA","2047",1
"COL_USA","2048",1
"COL_USA","2049",1
"COL_USA","2050",1
"CON_AGO","2019",1
"CON_AGO","2020",1
"CON_AGO","2021",1
"CON_AGO","2022",1
"CON_AGO","2023",1
"CON_AGO","2024",1
"CON_AGO","2025",1
"CON_AGO","2026",1
"CON_AGO","2027",1
"CON_AGO","2028",1
"CON_AGO","2029",1
"CON_AGO","2030",1
"CON_AGO","2031",1
"CON_AGO","2032",1
"CON_AGO","2033",1
"CON_AGO","2034",1
"CON_AGO","2035",1
"CON_AGO","2036",1
"CON_AGO","2037",1
"CON_AGO","2038",1
"CON_AGO","2039",1
"CON_AGO","2040",1
"CON_AGO","2041",1
"CON_AGO","2042",1
"CON_AGO","2043",1
"CON_AGO","2044",1
"CON_AGO","2045",1
"CON_AGO","2046",1
"CON_AGO","2047",1
"CON_AGO","2048",1
"CON_AGO","2049",1
"CON_AGO","2050",1
"CON_CAF","2019",1
"CON_CAF","2020",1
"CON_CAF","2021",1
"CON_CAF","2022",1
"CON_CAF","2023",1
"CON_CAF","2024",1
"CON_CAF","2025",1
"CON_CAF","2026",1
"CON_CAF","2027",1
"CON_CAF","2028",1
"CON_CAF","2029",1
"CON_CAF","2030",1
"CON_CAF","2031",1
"CON_CAF","2032",1
"CON_CAF","2033",1
"CON_CAF","2034",1
"CON_CAF","2035",1
"CON_CAF","2036",1
"CON_CAF","2037",1
"CON_CAF","2038",1
"CON_CAF","2039",1
"CON_CAF","2040",1
"CON_CAF","2041",1
"CON_CAF","2042",1
"CON_CAF","2043",1
"CON_CAF","2044",1
"CON_CAF","2045",1
"CON_CAF","2046",1
"CON_CAF","2047",1
"CON_CAF","2048",1
"CON_CAF","2049",1
"CON_CAF","2050",1
"CON_COD","2019",1
"CON_COD","2020",1
"CON_COD","2021",1
"CON_COD","2022",1
"CON_COD","2023",1
"CON_COD","2024",1
"CON_COD","2025",1
"CON_COD","2026",1
"CON_COD","2027",1
"CON_COD","2028",1
"CON_COD","2029",1
"CON_COD","2030",1
"CON_COD","2031",1
"CON_COD","2032",1
"CON_COD","2033",1
"CON_COD","2034",1
"CON_COD","2035",1
"CON_COD","2036",1
"CON_COD","2037",1
"CON_COD","2038",1
"CON_COD","2039",1
"CON_COD","2040",1
"CON_COD","2041",1
"CON_COD","2042",1
"CON_COD","2043",1
"CON_COD","2044",1
"CON_COD","2045",1
"CON_COD","2046",1
"CON_COD","2047",1
"CON_COD","2048",1
"CON_COD","2049",1
"CON_COD","2050",1
"CON_COG","2019",1
"CON_COG","2020",1
"CON_COG","2021",1
"CON_COG","2022",1
"CON_COG","2023",1
"CON_COG","2024",1
"CON_COG","2025",1
"CON_COG","2026",1
"CON_COG","2027",1
"CON_COG","2028",1
"CON_COG","2029",1
"CON_COG","2030",1
"CON_COG","2031",1
"CON_COG","2032",1
"CON_COG","2033",1
"CON_COG","2034",1
"CON_COG","2035",1
"CON_COG","2036",1
"CON_COG","2037",1
"CON_COG","2038",1
"CON_COG","2039",1
"CON_COG","2040",1
"CON_COG","2041",1
"CON_COG","2042",1
"CON_COG","2043",1
"CON_COG","2044",1
"CON_COG","2045",1
"CON_COG","2046",1
"CON_COG","2047",1
"CON_COG","2048",1
"CON_COG","2049",1
"CON_COG","2050",1
"CRB_CRB","2019",1
"CRB_CRB","2020",1
"CRB_CRB","2021",1
"CRB_CRB","2022",1
"CRB_CRB","2023",1
"CRB_CRB","2024",1
"CRB_CRB","2025",1
"CRB_CRB","2026",1
"CRB_CRB","2027",1
"CRB_CRB","2028",1
"CRB_CRB","2029",1
"CRB_CRB","2030",1
"CRB_CRB","2031",1
"CRB_CRB","2032",1
"CRB_CRB","2033",1
"CRB_CRB","2034",1
"CRB_CRB","2035",1
"CRB_CRB","2036",1
"CRB_CRB","2037",1
"CRB_CRB","2038",1
"CRB_CRB","2039",1
"CRB_CRB","2040",1
"CRB_CRB","2041",1
"CRB_CRB","2042",1
"CRB_CRB","2043",1
"CRB_CRB","2044",1
"CRB_CRB","2045",1
"CRB_CRB","2046",1
"CRB_CRB","2047",1
"CRB_CRB","2048",1
"CRB_CRB","2049",1
"CRB_CRB","2050",1
"CRI_CRI","2019",1
"CRI_CRI","2020",1
"CRI_CRI","2021",1
"CRI_CRI","2022",1
"CRI_CRI","2023",1
"CRI_CRI","2024",1
"CRI_CRI","2025",1
"CRI_CRI","2026",1
"CRI_CRI","2027",1
"CRI_CRI","2028",1
"CRI_CRI","2029",1
"CRI_CRI","2030",1
"CRI_CRI","2031",1
"CRI_CRI","2032",1
"CRI_CRI","2033",1
"CRI_CRI","2034",1
"CRI_CRI","2035",1
"CRI_CRI","2036",1
"CRI_CRI","2037",1
"CRI_CRI","2038",1
"CRI_CRI","2039",1
"CRI_CRI","2040",1
"CRI_CRI","2041",1
"CRI_CRI","2042",1
"CRI_CRI","2043",1
"CRI_CRI","2044",1
"CRI_CRI","2045",1
"CRI_CRI","2046",1
"CRI_CRI","2047",1
"CRI_CRI","2048",1
"CRI_CRI","2049",1
"CRI_CRI","2050",1
"CUB_CUB","2019",1
"CUB_CUB","2020",1
"CUB_CUB","2021",1
"CUB_CUB","2022",1
"CUB_CUB","2023",1
"CUB_CUB","2024",1
"CUB_CUB","2025",1
"CUB_CUB","2026",1
"CUB_CUB","2027",1
"CUB_CUB","2028",1
"CUB_CUB","2029",1
"CUB_CUB","2030",1
"CUB_CUB","2031",1
"CUB_CUB","2032",1
"CUB_CUB","2033",1
"CUB_CUB","2034",1
"CUB_CUB","2035",1
"CUB_CUB","2036",1
"CUB_CUB","2037",1
"CUB_CUB","2038",1
"CUB_CUB","2039",1
"CUB_CUB","2040",1
"CUB_CUB","2041",1
"CUB_CUB","2042",1
"CUB_CUB","2043",1
"CUB_CUB","2044",1
"CUB_CUB","2045",1
"CUB_CUB","2046",1
"CUB_CUB","2047",1
"CUB_CUB","2048",1
"CUB_CUB","2049",1
"CUB_CUB","2050",1
"DAN_AUT","2019",1
"DAN_AUT","2020",1
"DAN_AUT","2021",1
"DAN_AUT","2022",1
"DAN_AUT","2023",1
"DAN_AUT","2024",1
"DAN_AUT","2025",1
"DAN_AUT","2026",1
"DAN_AUT","2027",1
"DAN_AUT","2028",1
"DAN_AUT","2029",1
"DAN_AUT","2030",1
"DAN_AUT","2031",1
"DAN_AUT","2032",1
"DAN_AUT","2033",1
"DAN_AUT","2034",1
"DAN_AUT","2035",1
"DAN_AUT","2036",1
"DAN_AUT","2037",1
"DAN_AUT","2038",1
"DAN_AUT","2039",1
"DAN_AUT","2040",1
"DAN_AUT","2041",1
"DAN_AUT","2042",1
"DAN_AUT","2043",1
"DAN_AUT","2044",1
"DAN_AUT","2045",1
"DAN_AUT","2046",1
"DAN_AUT","2047",1
"DAN_AUT","2048",1
"DAN_AUT","2049",1
"DAN_AUT","2050",1
"DAN_BGR","2019",1
"DAN_BGR","2020",1
"DAN_BGR","2021",1
"DAN_BGR","2022",1
"DAN_BGR","2023",1
"DAN_BGR","2024",1
"DAN_BGR","2025",1
"DAN_BGR","2026",1
"DAN_BGR","2027",1
"DAN_BGR","2028",1
"DAN_BGR","2029",1
"DAN_BGR","2030",1
"DAN_BGR","2031",1
"DAN_BGR","2032",1
"DAN_BGR","2033",1
"DAN_BGR","2034",1
"DAN_BGR","2035",1
"DAN_BGR","2036",1
"DAN_BGR","2037",1
"DAN_BGR","2038",1
"DAN_BGR","2039",1
"DAN_BGR","2040",1
"DAN_BGR","2041",1
"DAN_BGR","2042",1
"DAN_BGR","2043",1
"DAN_BGR","2044",1
"DAN_BGR","2045",1
"DAN_BGR","2046",1
"DAN_BGR","2047",1
"DAN_BGR","2048",1
"DAN_BGR","2049",1
"DAN_BGR","2050",1
"DAN_CZE","2019",1
"DAN_CZE","2020",1
"DAN_CZE","2021",1
"DAN_CZE","2022",1
"DAN_CZE","2023",1
"DAN_CZE","2024",1
"DAN_CZE","2025",1
"DAN_CZE","2026",1
"DAN_CZE","2027",1
"DAN_CZE","2028",1
"DAN_CZE","2029",1
"DAN_CZE","2030",1
"DAN_CZE","2031",1
"DAN_CZE","2032",1
"DAN_CZE","2033",1
"DAN_CZE","2034",1
"DAN_CZE","2035",1
"DAN_CZE","2036",1
"DAN_CZE","2037",1
"DAN_CZE","2038",1
"DAN_CZE","2039",1
"DAN_CZE","2040",1
"DAN_CZE","2041",1
"DAN_CZE","2042",1
"DAN_CZE","2043",1
"DAN_CZE","2044",1
"DAN_CZE","2045",1
"DAN_CZE","2046",1
"DAN_CZE","2047",1
"DAN_CZE","2048",1
"DAN_CZE","2049",1
"DAN_CZE","2050",1
"DAN_DEU","2019",1
"DAN_DEU","2020",1
"DAN_DEU","2021",1
"DAN_DEU","2022",1
"DAN_DEU","2023",1
"DAN_DEU","2024",1
"DAN_DEU","2025",1
"DAN_DEU","2026",1
"DAN_DEU","2027",1
"DAN_DEU","2028",1
"DAN_DEU","2029",1
"DAN_DEU","2030",1
"DAN_DEU","2031",1
"DAN_DEU","2032",1
"DAN_DEU","2033",1
"DAN_DEU","2034",1
"DAN_DEU","2035",1
"DAN_DEU","2036",1
"DAN_DEU","2037",1
"DAN_DEU","2038",1
"DAN_DEU","2039",1
"DAN_DEU","2040",1
"DAN_DEU","2041",1
"DAN_DEU","2042",1
"DAN_DEU","2043",1
"DAN_DEU","2044",1
"DAN_DEU","2045",1
"DAN_DEU","2046",1
"DAN_DEU","2047",1
"DAN_DEU","2048",1
"DAN_DEU","2049",1
"DAN_DEU","2050",1
"DAN_HRV","2019",1
"DAN_HRV","2020",1
"DAN_HRV","2021",1
"DAN_HRV","2022",1
"DAN_HRV","2023",1
"DAN_HRV","2024",1
"DAN_HRV","2025",1
"DAN_HRV","2026",1
"DAN_HRV","2027",1
"DAN_HRV","2028",1
"DAN_HRV","2029",1
"DAN_HRV","2030",1
"DAN_HRV","2031",1
"DAN_HRV","2032",1
"DAN_HRV","2033",1
"DAN_HRV","2034",1
"DAN_HRV","2035",1
"DAN_HRV","2036",1
"DAN_HRV","2037",1
"DAN_HRV","2038",1
"DAN_HRV","2039",1
"DAN_HRV","2040",1
"DAN_HRV","2041",1
"DAN_HRV","2042",1
"DAN_HRV","2043",1
"DAN_HRV","2044",1
"DAN_HRV","2045",1
"DAN_HRV","2046",1
"DAN_HRV","2047",1
"DAN_HRV","2048",1
"DAN_HRV","2049",1
"DAN_HRV","2050",1
"DAN_HUN","2019",1
"DAN_HUN","2020",1
"DAN_HUN","2021",1
"DAN_HUN","2022",1
"DAN_HUN","2023",1
"DAN_HUN","2024",1
"DAN_HUN","2025",1
"DAN_HUN","2026",1
"DAN_HUN","2027",1
"DAN_HUN","2028",1
"DAN_HUN","2029",1
"DAN_HUN","2030",1
"DAN_HUN","2031",1
"DAN_HUN","2032",1
"DAN_HUN","2033",1
"DAN_HUN","2034",1
"DAN_HUN","2035",1
"DAN_HUN","2036",1
"DAN_HUN","2037",1
"DAN_HUN","2038",1
"DAN_HUN","2039",1
"DAN_HUN","2040",1
"DAN_HUN","2041",1
"DAN_HUN","2042",1
"DAN_HUN","2043",1
"DAN_HUN","2044",1
"DAN_HUN","2045",1
"DAN_HUN","2046",1
"DAN_HUN","2047",1
"DAN_HUN","2048",1
"DAN_HUN","2049",1
"DAN_HUN","2050",1
"DAN_MDA","2019",1
"DAN_MDA","2020",1
"DAN_MDA","2021",1
"DAN_MDA","2022",1
"DAN_MDA","2023",1
"DAN_MDA","2024",1
"DAN_MDA","2025",1
"DAN_MDA","2026",1
"DAN_MDA","2027",1
"DAN_MDA","2028",1
"DAN_MDA","2029",1
"DAN_MDA","2030",1
"DAN_MDA","2031",1
"DAN_MDA","2032",1
"DAN_MDA","2033",1
"DAN_MDA","2034",1
"DAN_MDA","2035",1
"DAN_MDA","2036",1
"DAN_MDA","2037",1
"DAN_MDA","2038",1
"DAN_MDA","2039",1
"DAN_MDA","2040",1
"DAN_MDA","2041",1
"DAN_MDA","2042",1
"DAN_MDA","2043",1
"DAN_MDA","2044",1
"DAN_MDA","2045",1
"DAN_MDA","2046",1
"DAN_MDA","2047",1
"DAN_MDA","2048",1
"DAN_MDA","2049",1
"DAN_MDA","2050",1
"DAN_OBN","2019",1
"DAN_OBN","2020",1
"DAN_OBN","2021",1
"DAN_OBN","2022",1
"DAN_OBN","2023",1
"DAN_OBN","2024",1
"DAN_OBN","2025",1
"DAN_OBN","2026",1
"DAN_OBN","2027",1
"DAN_OBN","2028",1
"DAN_OBN","2029",1
"DAN_OBN","2030",1
"DAN_OBN","2031",1
"DAN_OBN","2032",1
"DAN_OBN","2033",1
"DAN_OBN","2034",1
"DAN_OBN","2035",1
"DAN_OBN","2036",1
"DAN_OBN","2037",1
"DAN_OBN","2038",1
"DAN_OBN","2039",1
"DAN_OBN","2040",1
"DAN_OBN","2041",1
"DAN_OBN","2042",1
"DAN_OBN","2043",1
"DAN_OBN","2044",1
"DAN_OBN","2045",1
"DAN_OBN","2046",1
"DAN_OBN","2047",1
"DAN_OBN","2048",1
"DAN_OBN","2049",1
"DAN_OBN","2050",1
"DAN_ROU","2019",1
"DAN_ROU","2020",1
"DAN_ROU","2021",1
"DAN_ROU","2022",1
"DAN_ROU","2023",1
"DAN_ROU","2024",1
"DAN_ROU","2025",1
"DAN_ROU","2026",1
"DAN_ROU","2027",1
"DAN_ROU","2028",1
"DAN_ROU","2029",1
"DAN_ROU","2030",1
"DAN_ROU","2031",1
"DAN_ROU","2032",1
"DAN_ROU","2033",1
"DAN_ROU","2034",1
"DAN_ROU","2035",1
"DAN_ROU","2036",1
"DAN_ROU","2037",1
"DAN_ROU","2038",1
"DAN_ROU","2039",1
"DAN_ROU","2040",1
"DAN_ROU","2041",1
"DAN_ROU","2042",1
"DAN_ROU","2043",1
"DAN_ROU","2044",1
"DAN_ROU","2045",1
"DAN_ROU","2046",1
"DAN_ROU","2047",1
"DAN_ROU","2048",1
"DAN_ROU","2049",1
"DAN_ROU","2050",1
"DAN_SVK","2019",1
"DAN_SVK","2020",1
"DAN_SVK","2021",1
"DAN_SVK","2022",1
"DAN_SVK","2023",1
"DAN_SVK","2024",1
"DAN_SVK","2025",1
"DAN_SVK","2026",1
"DAN_SVK","2027",1
"DAN_SVK","2028",1
"DAN_SVK","2029",1
"DAN_SVK","2030",1
"DAN_SVK","2031",1
"DAN_SVK","2032",1
"DAN_SVK","2033",1
"DAN_SVK","2034",1
"DAN_SVK","2035",1
"DAN_SVK","2036",1
"DAN_SVK","2037",1
"DAN_SVK","2038",1
"DAN_SVK","2039",1
"DAN_SVK","2040",1
"DAN_SVK","2041",1
"DAN_SVK","2042",1
"DAN_SVK","2043",1
"DAN_SVK","2044",1
"DAN_SVK","2045",1
"DAN_SVK","2046",1
"DAN_SVK","2047",1
"DAN_SVK","2048",1
"DAN_SVK","2049",1
"DAN_SVK","2050",1
"DAN_SVN","2019",1
"DAN_SVN","2020",1
"DAN_SVN","2021",1
"DAN_SVN","2022",1
"DAN_SVN","2023",1
"DAN_SVN","2024",1
"DAN_SVN","2025",1
"DAN_SVN","2026",1
"DAN_SVN","2027",1
"DAN_SVN","2028",1
"DAN_SVN","2029",1
"DAN_SVN","2030",1
"DAN_SVN","2031",1
"DAN_SVN","2032",1
"DAN_SVN","2033",1
"DAN_SVN","2034",1
"DAN_SVN","2035",1
"DAN_SVN","2036",1
"DAN_SVN","2037",1
"DAN_SVN","2038",1
"DAN_SVN","2039",1
"DAN_SVN","2040",1
"DAN_SVN","2041",1
"DAN_SVN","2042",1
"DAN_SVN","2043",1
"DAN_SVN","2044",1
"DAN_SVN","2045",1
"DAN_SVN","2046",1
"DAN_SVN","2047",1
"DAN_SVN","2048",1
"DAN_SVN","2049",1
"DAN_SVN","2050",1
"DAN_TUR","2019",1
"DAN_TUR","2020",1
"DAN_TUR","2021",1
"DAN_TUR","2022",1
"DAN_TUR","2023",1
"DAN_TUR","2024",1
"DAN_TUR","2025",1
"DAN_TUR","2026",1
"DAN_TUR","2027",1
"DAN_TUR","2028",1
"DAN_TUR","2029",1
"DAN_TUR","2030",1
"DAN_TUR","2031",1
"DAN_TUR","2032",1
"DAN_TUR","2033",1
"DAN_TUR","2034",1
"DAN_TUR","2035",1
"DAN_TUR","2036",1
"DAN_TUR","2037",1
"DAN_TUR","2038",1
"DAN_TUR","2039",1
"DAN_TUR","2040",1
"DAN_TUR","2041",1
"DAN_TUR","2042",1
"DAN_TUR","2043",1
"DAN_TUR","2044",1
"DAN_TUR","2045",1
"DAN_TUR","2046",1
"DAN_TUR","2047",1
"DAN_TUR","2048",1
"DAN_TUR","2049",1
"DAN_TUR","2050",1
"DAN_UKR","2019",1
"DAN_UKR","2020",1
"DAN_UKR","2021",1
"DAN_UKR","2022",1
"DAN_UKR","2023",1
"DAN_UKR","2024",1
"DAN_UKR","2025",1
"DAN_UKR","2026",1
"DAN_UKR","2027",1
"DAN_UKR","2028",1
"DAN_UKR","2029",1
"DAN_UKR","2030",1
"DAN_UKR","2031",1
"DAN_UKR","2032",1
"DAN_UKR","2033",1
"DAN_UKR","2034",1
"DAN_UKR","2035",1
"DAN_UKR","2036",1
"DAN_UKR","2037",1
"DAN_UKR","2038",1
"DAN_UKR","2039",1
"DAN_UKR","2040",1
"DAN_UKR","2041",1
"DAN_UKR","2042",1
"DAN_UKR","2043",1
"DAN_UKR","2044",1
"DAN_UKR","2045",1
"DAN_UKR","2046",1
"DAN_UKR","2047",1
"DAN_UKR","2048",1
"DAN_UKR","2049",1
"DAN_UKR","2050",1
"DNI_BLR","2019",1
"DNI_BLR","2020",1
"DNI_BLR","2021",1
"DNI_BLR","2022",1
"DNI_BLR","2023",1
"DNI_BLR","2024",1
"DNI_BLR","2025",1
"DNI_BLR","2026",1
"DNI_BLR","2027",1
"DNI_BLR","2028",1
"DNI_BLR","2029",1
"DNI_BLR","2030",1
"DNI_BLR","2031",1
"DNI_BLR","2032",1
"DNI_BLR","2033",1
"DNI_BLR","2034",1
"DNI_BLR","2035",1
"DNI_BLR","2036",1
"DNI_BLR","2037",1
"DNI_BLR","2038",1
"DNI_BLR","2039",1
"DNI_BLR","2040",1
"DNI_BLR","2041",1
"DNI_BLR","2042",1
"DNI_BLR","2043",1
"DNI_BLR","2044",1
"DNI_BLR","2045",1
"DNI_BLR","2046",1
"DNI_BLR","2047",1
"DNI_BLR","2048",1
"DNI_BLR","2049",1
"DNI_BLR","2050",1
"DNI_RUS","2019",1
"DNI_RUS","2020",1
"DNI_RUS","2021",1
"DNI_RUS","2022",1
"DNI_RUS","2023",1
"DNI_RUS","2024",1
"DNI_RUS","2025",1
"DNI_RUS","2026",1
"DNI_RUS","2027",1
"DNI_RUS","2028",1
"DNI_RUS","2029",1
"DNI_RUS","2030",1
"DNI_RUS","2031",1
"DNI_RUS","2032",1
"DNI_RUS","2033",1
"DNI_RUS","2034",1
"DNI_RUS","2035",1
"DNI_RUS","2036",1
"DNI_RUS","2037",1
"DNI_RUS","2038",1
"DNI_RUS","2039",1
"DNI_RUS","2040",1
"DNI_RUS","2041",1
"DNI_RUS","2042",1
"DNI_RUS","2043",1
"DNI_RUS","2044",1
"DNI_RUS","2045",1
"DNI_RUS","2046",1
"DNI_RUS","2047",1
"DNI_RUS","2048",1
"DNI_RUS","2049",1
"DNI_RUS","2050",1
"DNI_UKR","2019",1
"DNI_UKR","2020",1
"DNI_UKR","2021",1
"DNI_UKR","2022",1
"DNI_UKR","2023",1
"DNI_UKR","2024",1
"DNI_UKR","2025",1
"DNI_UKR","2026",1
"DNI_UKR","2027",1
"DNI_UKR","2028",1
"DNI_UKR","2029",1
"DNI_UKR","2030",1
"DNI_UKR","2031",1
"DNI_UKR","2032",1
"DNI_UKR","2033",1
"DNI_UKR","2034",1
"DNI_UKR","2035",1
"DNI_UKR","2036",1
"DNI_UKR","2037",1
"DNI_UKR","2038",1
"DNI_UKR","2039",1
"DNI_UKR","2040",1
"DNI_UKR","2041",1
"DNI_UKR","2042",1
"DNI_UKR","2043",1
"DNI_UKR","2044",1
"DNI_UKR","2045",1
"DNI_UKR","2046",1
"DNI_UKR","2047",1
"DNI_UKR","2048",1
"DNI_UKR","2049",1
"DNI_UKR","2050",1
"DOM_DOM","2019",1
"DOM_DOM","2020",1
"DOM_DOM","2021",1
"DOM_DOM","2022",1
"DOM_DOM","2023",1
"DOM_DOM","2024",1
"DOM_DOM","2025",1
"DOM_DOM","2026",1
"DOM_DOM","2027",1
"DOM_DOM","2028",1
"DOM_DOM","2029",1
"DOM_DOM","2030",1
"DOM_DOM","2031",1
"DOM_DOM","2032",1
"DOM_DOM","2033",1
"DOM_DOM","2034",1
"DOM_DOM","2035",1
"DOM_DOM","2036",1
"DOM_DOM","2037",1
"DOM_DOM","2038",1
"DOM_DOM","2039",1
"DOM_DOM","2040",1
"DOM_DOM","2041",1
"DOM_DOM","2042",1
"DOM_DOM","2043",1
"DOM_DOM","2044",1
"DOM_DOM","2045",1
"DOM_DOM","2046",1
"DOM_DOM","2047",1
"DOM_DOM","2048",1
"DOM_DOM","2049",1
"DOM_DOM","2050",1
"EAC_BDI","2019",1
"EAC_BDI","2020",1
"EAC_BDI","2021",1
"EAC_BDI","2022",1
"EAC_BDI","2023",1
"EAC_BDI","2024",1
"EAC_BDI","2025",1
"EAC_BDI","2026",1
"EAC_BDI","2027",1
"EAC_BDI","2028",1
"EAC_BDI","2029",1
"EAC_BDI","2030",1
"EAC_BDI","2031",1
"EAC_BDI","2032",1
"EAC_BDI","2033",1
"EAC_BDI","2034",1
"EAC_BDI","2035",1
"EAC_BDI","2036",1
"EAC_BDI","2037",1
"EAC_BDI","2038",1
"EAC_BDI","2039",1
"EAC_BDI","2040",1
"EAC_BDI","2041",1
"EAC_BDI","2042",1
"EAC_BDI","2043",1
"EAC_BDI","2044",1
"EAC_BDI","2045",1
"EAC_BDI","2046",1
"EAC_BDI","2047",1
"EAC_BDI","2048",1
"EAC_BDI","2049",1
"EAC_BDI","2050",1
"EAC_COD","2019",1
"EAC_COD","2020",1
"EAC_COD","2021",1
"EAC_COD","2022",1
"EAC_COD","2023",1
"EAC_COD","2024",1
"EAC_COD","2025",1
"EAC_COD","2026",1
"EAC_COD","2027",1
"EAC_COD","2028",1
"EAC_COD","2029",1
"EAC_COD","2030",1
"EAC_COD","2031",1
"EAC_COD","2032",1
"EAC_COD","2033",1
"EAC_COD","2034",1
"EAC_COD","2035",1
"EAC_COD","2036",1
"EAC_COD","2037",1
"EAC_COD","2038",1
"EAC_COD","2039",1
"EAC_COD","2040",1
"EAC_COD","2041",1
"EAC_COD","2042",1
"EAC_COD","2043",1
"EAC_COD","2044",1
"EAC_COD","2045",1
"EAC_COD","2046",1
"EAC_COD","2047",1
"EAC_COD","2048",1
"EAC_COD","2049",1
"EAC_COD","2050",1
"EAC_RWA","2019",1
"EAC_RWA","2020",1
"EAC_RWA","2021",1
"EAC_RWA","2022",1
"EAC_RWA","2023",1
"EAC_RWA","2024",1
"EAC_RWA","2025",1
"EAC_RWA","2026",1
"EAC_RWA","2027",1
"EAC_RWA","2028",1
"EAC_RWA","2029",1
"EAC_RWA","2030",1
"EAC_RWA","2031",1
"EAC_RWA","2032",1
"EAC_RWA","2033",1
"EAC_RWA","2034",1
"EAC_RWA","2035",1
"EAC_RWA","2036",1
"EAC_RWA","2037",1
"EAC_RWA","2038",1
"EAC_RWA","2039",1
"EAC_RWA","2040",1
"EAC_RWA","2041",1
"EAC_RWA","2042",1
"EAC_RWA","2043",1
"EAC_RWA","2044",1
"EAC_RWA","2045",1
"EAC_RWA","2046",1
"EAC_RWA","2047",1
"EAC_RWA","2048",1
"EAC_RWA","2049",1
"EAC_RWA","2050",1
"EAC_TZA","2019",1
"EAC_TZA","2020",1
"EAC_TZA","2021",1
"EAC_TZA","2022",1
"EAC_TZA","2023",1
"EAC_TZA","2024",1
"EAC_TZA","2025",1
"EAC_TZA","2026",1
"EAC_TZA","2027",1
"EAC_TZA","2028",1
"EAC_TZA","2029",1
"EAC_TZA","2030",1
"EAC_TZA","2031",1
"EAC_TZA","2032",1
"EAC_TZA","2033",1
"EAC_TZA","2034",1
"EAC_TZA","2035",1
"EAC_TZA","2036",1
"EAC_TZA","2037",1
"EAC_TZA","2038",1
"EAC_TZA","2039",1
"EAC_TZA","2040",1
"EAC_TZA","2041",1
"EAC_TZA","2042",1
"EAC_TZA","2043",1
"EAC_TZA","2044",1
"EAC_TZA","2045",1
"EAC_TZA","2046",1
"EAC_TZA","2047",1
"EAC_TZA","2048",1
"EAC_TZA","2049",1
"EAC_TZA","2050",1
"EAU_AUS","2019",1
"EAU_AUS","2020",1
"EAU_AUS","2021",1
"EAU_AUS","2022",1
"EAU_AUS","2023",1
"EAU_AUS","2024",1
"EAU_AUS","2025",1
"EAU_AUS","2026",1
"EAU_AUS","2027",1
"EAU_AUS","2028",1
"EAU_AUS","2029",1
"EAU_AUS","2030",1
"EAU_AUS","2031",1
"EAU_AUS","2032",1
"EAU_AUS","2033",1
"EAU_AUS","2034",1
"EAU_AUS","2035",1
"EAU_AUS","2036",1
"EAU_AUS","2037",1
"EAU_AUS","2038",1
"EAU_AUS","2039",1
"EAU_AUS","2040",1
"EAU_AUS","2041",1
"EAU_AUS","2042",1
"EAU_AUS","2043",1
"EAU_AUS","2044",1
"EAU_AUS","2045",1
"EAU_AUS","2046",1
"EAU_AUS","2047",1
"EAU_AUS","2048",1
"EAU_AUS","2049",1
"EAU_AUS","2050",1
"EGH_IND","2019",1
"EGH_IND","2020",1
"EGH_IND","2021",1
"EGH_IND","2022",1
"EGH_IND","2023",1
"EGH_IND","2024",1
"EGH_IND","2025",1
"EGH_IND","2026",1
"EGH_IND","2027",1
"EGH_IND","2028",1
"EGH_IND","2029",1
"EGH_IND","2030",1
"EGH_IND","2031",1
"EGH_IND","2032",1
"EGH_IND","2033",1
"EGH_IND","2034",1
"EGH_IND","2035",1
"EGH_IND","2036",1
"EGH_IND","2037",1
"EGH_IND","2038",1
"EGH_IND","2039",1
"EGH_IND","2040",1
"EGH_IND","2041",1
"EGH_IND","2042",1
"EGH_IND","2043",1
"EGH_IND","2044",1
"EGH_IND","2045",1
"EGH_IND","2046",1
"EGH_IND","2047",1
"EGH_IND","2048",1
"EGH_IND","2049",1
"EGH_IND","2050",1
"ELB_DEU","2019",1
"ELB_DEU","2020",1
"ELB_DEU","2021",1
"ELB_DEU","2022",1
"ELB_DEU","2023",1
"ELB_DEU","2024",1
"ELB_DEU","2025",1
"ELB_DEU","2026",1
"ELB_DEU","2027",1
"ELB_DEU","2028",1
"ELB_DEU","2029",1
"ELB_DEU","2030",1
"ELB_DEU","2031",1
"ELB_DEU","2032",1
"ELB_DEU","2033",1
"ELB_DEU","2034",1
"ELB_DEU","2035",1
"ELB_DEU","2036",1
"ELB_DEU","2037",1
"ELB_DEU","2038",1
"ELB_DEU","2039",1
"ELB_DEU","2040",1
"ELB_DEU","2041",1
"ELB_DEU","2042",1
"ELB_DEU","2043",1
"ELB_DEU","2044",1
"ELB_DEU","2045",1
"ELB_DEU","2046",1
"ELB_DEU","2047",1
"ELB_DEU","2048",1
"ELB_DEU","2049",1
"ELB_DEU","2050",1
"ELB_DNK","2019",1
"ELB_DNK","2020",1
"ELB_DNK","2021",1
"ELB_DNK","2022",1
"ELB_DNK","2023",1
"ELB_DNK","2024",1
"ELB_DNK","2025",1
"ELB_DNK","2026",1
"ELB_DNK","2027",1
"ELB_DNK","2028",1
"ELB_DNK","2029",1
"ELB_DNK","2030",1
"ELB_DNK","2031",1
"ELB_DNK","2032",1
"ELB_DNK","2033",1
"ELB_DNK","2034",1
"ELB_DNK","2035",1
"ELB_DNK","2036",1
"ELB_DNK","2037",1
"ELB_DNK","2038",1
"ELB_DNK","2039",1
"ELB_DNK","2040",1
"ELB_DNK","2041",1
"ELB_DNK","2042",1
"ELB_DNK","2043",1
"ELB_DNK","2044",1
"ELB_DNK","2045",1
"ELB_DNK","2046",1
"ELB_DNK","2047",1
"ELB_DNK","2048",1
"ELB_DNK","2049",1
"ELB_DNK","2050",1
"EME_CYP","2019",1
"EME_CYP","2020",1
"EME_CYP","2021",1
"EME_CYP","2022",1
"EME_CYP","2023",1
"EME_CYP","2024",1
"EME_CYP","2025",1
"EME_CYP","2026",1
"EME_CYP","2027",1
"EME_CYP","2028",1
"EME_CYP","2029",1
"EME_CYP","2030",1
"EME_CYP","2031",1
"EME_CYP","2032",1
"EME_CYP","2033",1
"EME_CYP","2034",1
"EME_CYP","2035",1
"EME_CYP","2036",1
"EME_CYP","2037",1
"EME_CYP","2038",1
"EME_CYP","2039",1
"EME_CYP","2040",1
"EME_CYP","2041",1
"EME_CYP","2042",1
"EME_CYP","2043",1
"EME_CYP","2044",1
"EME_CYP","2045",1
"EME_CYP","2046",1
"EME_CYP","2047",1
"EME_CYP","2048",1
"EME_CYP","2049",1
"EME_CYP","2050",1
"EME_EGY","2019",1
"EME_EGY","2020",1
"EME_EGY","2021",1
"EME_EGY","2022",1
"EME_EGY","2023",1
"EME_EGY","2024",1
"EME_EGY","2025",1
"EME_EGY","2026",1
"EME_EGY","2027",1
"EME_EGY","2028",1
"EME_EGY","2029",1
"EME_EGY","2030",1
"EME_EGY","2031",1
"EME_EGY","2032",1
"EME_EGY","2033",1
"EME_EGY","2034",1
"EME_EGY","2035",1
"EME_EGY","2036",1
"EME_EGY","2037",1
"EME_EGY","2038",1
"EME_EGY","2039",1
"EME_EGY","2040",1
"EME_EGY","2041",1
"EME_EGY","2042",1
"EME_EGY","2043",1
"EME_EGY","2044",1
"EME_EGY","2045",1
"EME_EGY","2046",1
"EME_EGY","2047",1
"EME_EGY","2048",1
"EME_EGY","2049",1
"EME_EGY","2050",1
"EME_ISR","2019",1
"EME_ISR","2020",1
"EME_ISR","2021",1
"EME_ISR","2022",1
"EME_ISR","2023",1
"EME_ISR","2024",1
"EME_ISR","2025",1
"EME_ISR","2026",1
"EME_ISR","2027",1
"EME_ISR","2028",1
"EME_ISR","2029",1
"EME_ISR","2030",1
"EME_ISR","2031",1
"EME_ISR","2032",1
"EME_ISR","2033",1
"EME_ISR","2034",1
"EME_ISR","2035",1
"EME_ISR","2036",1
"EME_ISR","2037",1
"EME_ISR","2038",1
"EME_ISR","2039",1
"EME_ISR","2040",1
"EME_ISR","2041",1
"EME_ISR","2042",1
"EME_ISR","2043",1
"EME_ISR","2044",1
"EME_ISR","2045",1
"EME_ISR","2046",1
"EME_ISR","2047",1
"EME_ISR","2048",1
"EME_ISR","2049",1
"EME_ISR","2050",1
"EME_JOR","2019",1
"EME_JOR","2020",1
"EME_JOR","2021",1
"EME_JOR","2022",1
"EME_JOR","2023",1
"EME_JOR","2024",1
"EME_JOR","2025",1
"EME_JOR","2026",1
"EME_JOR","2027",1
"EME_JOR","2028",1
"EME_JOR","2029",1
"EME_JOR","2030",1
"EME_JOR","2031",1
"EME_JOR","2032",1
"EME_JOR","2033",1
"EME_JOR","2034",1
"EME_JOR","2035",1
"EME_JOR","2036",1
"EME_JOR","2037",1
"EME_JOR","2038",1
"EME_JOR","2039",1
"EME_JOR","2040",1
"EME_JOR","2041",1
"EME_JOR","2042",1
"EME_JOR","2043",1
"EME_JOR","2044",1
"EME_JOR","2045",1
"EME_JOR","2046",1
"EME_JOR","2047",1
"EME_JOR","2048",1
"EME_JOR","2049",1
"EME_JOR","2050",1
"EME_LBN","2019",1
"EME_LBN","2020",1
"EME_LBN","2021",1
"EME_LBN","2022",1
"EME_LBN","2023",1
"EME_LBN","2024",1
"EME_LBN","2025",1
"EME_LBN","2026",1
"EME_LBN","2027",1
"EME_LBN","2028",1
"EME_LBN","2029",1
"EME_LBN","2030",1
"EME_LBN","2031",1
"EME_LBN","2032",1
"EME_LBN","2033",1
"EME_LBN","2034",1
"EME_LBN","2035",1
"EME_LBN","2036",1
"EME_LBN","2037",1
"EME_LBN","2038",1
"EME_LBN","2039",1
"EME_LBN","2040",1
"EME_LBN","2041",1
"EME_LBN","2042",1
"EME_LBN","2043",1
"EME_LBN","2044",1
"EME_LBN","2045",1
"EME_LBN","2046",1
"EME_LBN","2047",1
"EME_LBN","2048",1
"EME_LBN","2049",1
"EME_LBN","2050",1
"EME_PSE","2019",1
"EME_PSE","2020",1
"EME_PSE","2021",1
"EME_PSE","2022",1
"EME_PSE","2023",1
"EME_PSE","2024",1
"EME_PSE","2025",1
"EME_PSE","2026",1
"EME_PSE","2027",1
"EME_PSE","2028",1
"EME_PSE","2029",1
"EME_PSE","2030",1
"EME_PSE","2031",1
"EME_PSE","2032",1
"EME_PSE","2033",1
"EME_PSE","2034",1
"EME_PSE","2035",1
"EME_PSE","2036",1
"EME_PSE","2037",1
"EME_PSE","2038",1
"EME_PSE","2039",1
"EME_PSE","2040",1
"EME_PSE","2041",1
"EME_PSE","2042",1
"EME_PSE","2043",1
"EME_PSE","2044",1
"EME_PSE","2045",1
"EME_PSE","2046",1
"EME_PSE","2047",1
"EME_PSE","2048",1
"EME_PSE","2049",1
"EME_PSE","2050",1
"EME_SYR","2019",1
"EME_SYR","2020",1
"EME_SYR","2021",1
"EME_SYR","2022",1
"EME_SYR","2023",1
"EME_SYR","2024",1
"EME_SYR","2025",1
"EME_SYR","2026",1
"EME_SYR","2027",1
"EME_SYR","2028",1
"EME_SYR","2029",1
"EME_SYR","2030",1
"EME_SYR","2031",1
"EME_SYR","2032",1
"EME_SYR","2033",1
"EME_SYR","2034",1
"EME_SYR","2035",1
"EME_SYR","2036",1
"EME_SYR","2037",1
"EME_SYR","2038",1
"EME_SYR","2039",1
"EME_SYR","2040",1
"EME_SYR","2041",1
"EME_SYR","2042",1
"EME_SYR","2043",1
"EME_SYR","2044",1
"EME_SYR","2045",1
"EME_SYR","2046",1
"EME_SYR","2047",1
"EME_SYR","2048",1
"EME_SYR","2049",1
"EME_SYR","2050",1
"EME_TUR","2019",1
"EME_TUR","2020",1
"EME_TUR","2021",1
"EME_TUR","2022",1
"EME_TUR","2023",1
"EME_TUR","2024",1
"EME_TUR","2025",1
"EME_TUR","2026",1
"EME_TUR","2027",1
"EME_TUR","2028",1
"EME_TUR","2029",1
"EME_TUR","2030",1
"EME_TUR","2031",1
"EME_TUR","2032",1
"EME_TUR","2033",1
"EME_TUR","2034",1
"EME_TUR","2035",1
"EME_TUR","2036",1
"EME_TUR","2037",1
"EME_TUR","2038",1
"EME_TUR","2039",1
"EME_TUR","2040",1
"EME_TUR","2041",1
"EME_TUR","2042",1
"EME_TUR","2043",1
"EME_TUR","2044",1
"EME_TUR","2045",1
"EME_TUR","2046",1
"EME_TUR","2047",1
"EME_TUR","2048",1
"EME_TUR","2049",1
"EME_TUR","2050",1
"FJI_FJI","2019",1
"FJI_FJI","2020",1
"FJI_FJI","2021",1
"FJI_FJI","2022",1
"FJI_FJI","2023",1
"FJI_FJI","2024",1
"FJI_FJI","2025",1
"FJI_FJI","2026",1
"FJI_FJI","2027",1
"FJI_FJI","2028",1
"FJI_FJI","2029",1
"FJI_FJI","2030",1
"FJI_FJI","2031",1
"FJI_FJI","2032",1
"FJI_FJI","2033",1
"FJI_FJI","2034",1
"FJI_FJI","2035",1
"FJI_FJI","2036",1
"FJI_FJI","2037",1
"FJI_FJI","2038",1
"FJI_FJI","2039",1
"FJI_FJI","2040",1
"FJI_FJI","2041",1
"FJI_FJI","2042",1
"FJI_FJI","2043",1
"FJI_FJI","2044",1
"FJI_FJI","2045",1
"FJI_FJI","2046",1
"FJI_FJI","2047",1
"FJI_FJI","2048",1
"FJI_FJI","2049",1
"FJI_FJI","2050",1
"FNP_FNP","2019",1
"FNP_FNP","2020",1
"FNP_FNP","2021",1
"FNP_FNP","2022",1
"FNP_FNP","2023",1
"FNP_FNP","2024",1
"FNP_FNP","2025",1
"FNP_FNP","2026",1
"FNP_FNP","2027",1
"FNP_FNP","2028",1
"FNP_FNP","2029",1
"FNP_FNP","2030",1
"FNP_FNP","2031",1
"FNP_FNP","2032",1
"FNP_FNP","2033",1
"FNP_FNP","2034",1
"FNP_FNP","2035",1
"FNP_FNP","2036",1
"FNP_FNP","2037",1
"FNP_FNP","2038",1
"FNP_FNP","2039",1
"FNP_FNP","2040",1
"FNP_FNP","2041",1
"FNP_FNP","2042",1
"FNP_FNP","2043",1
"FNP_FNP","2044",1
"FNP_FNP","2045",1
"FNP_FNP","2046",1
"FNP_FNP","2047",1
"FNP_FNP","2048",1
"FNP_FNP","2049",1
"FNP_FNP","2050",1
"GAN_BGD","2019",1
"GAN_BGD","2020",1
"GAN_BGD","2021",1
"GAN_BGD","2022",1
"GAN_BGD","2023",1
"GAN_BGD","2024",1
"GAN_BGD","2025",1
"GAN_BGD","2026",1
"GAN_BGD","2027",1
"GAN_BGD","2028",1
"GAN_BGD","2029",1
"GAN_BGD","2030",1
"GAN_BGD","2031",1
"GAN_BGD","2032",1
"GAN_BGD","2033",1
"GAN_BGD","2034",1
"GAN_BGD","2035",1
"GAN_BGD","2036",1
"GAN_BGD","2037",1
"GAN_BGD","2038",1
"GAN_BGD","2039",1
"GAN_BGD","2040",1
"GAN_BGD","2041",1
"GAN_BGD","2042",1
"GAN_BGD","2043",1
"GAN_BGD","2044",1
"GAN_BGD","2045",1
"GAN_BGD","2046",1
"GAN_BGD","2047",1
"GAN_BGD","2048",1
"GAN_BGD","2049",1
"GAN_BGD","2050",1
"GAN_CHM","2019",1
"GAN_CHM","2020",1
"GAN_CHM","2021",1
"GAN_CHM","2022",1
"GAN_CHM","2023",1
"GAN_CHM","2024",1
"GAN_CHM","2025",1
"GAN_CHM","2026",1
"GAN_CHM","2027",1
"GAN_CHM","2028",1
"GAN_CHM","2029",1
"GAN_CHM","2030",1
"GAN_CHM","2031",1
"GAN_CHM","2032",1
"GAN_CHM","2033",1
"GAN_CHM","2034",1
"GAN_CHM","2035",1
"GAN_CHM","2036",1
"GAN_CHM","2037",1
"GAN_CHM","2038",1
"GAN_CHM","2039",1
"GAN_CHM","2040",1
"GAN_CHM","2041",1
"GAN_CHM","2042",1
"GAN_CHM","2043",1
"GAN_CHM","2044",1
"GAN_CHM","2045",1
"GAN_CHM","2046",1
"GAN_CHM","2047",1
"GAN_CHM","2048",1
"GAN_CHM","2049",1
"GAN_CHM","2050",1
"GAN_IND","2019",1
"GAN_IND","2020",1
"GAN_IND","2021",1
"GAN_IND","2022",1
"GAN_IND","2023",1
"GAN_IND","2024",1
"GAN_IND","2025",1
"GAN_IND","2026",1
"GAN_IND","2027",1
"GAN_IND","2028",1
"GAN_IND","2029",1
"GAN_IND","2030",1
"GAN_IND","2031",1
"GAN_IND","2032",1
"GAN_IND","2033",1
"GAN_IND","2034",1
"GAN_IND","2035",1
"GAN_IND","2036",1
"GAN_IND","2037",1
"GAN_IND","2038",1
"GAN_IND","2039",1
"GAN_IND","2040",1
"GAN_IND","2041",1
"GAN_IND","2042",1
"GAN_IND","2043",1
"GAN_IND","2044",1
"GAN_IND","2045",1
"GAN_IND","2046",1
"GAN_IND","2047",1
"GAN_IND","2048",1
"GAN_IND","2049",1
"GAN_IND","2050",1
"GAN_NPL","2019",1
"GAN_NPL","2020",1
"GAN_NPL","2021",1
"GAN_NPL","2022",1
"GAN_NPL","2023",1
"GAN_NPL","2024",1
"GAN_NPL","2025",1
"GAN_NPL","2026",1
"GAN_NPL","2027",1
"GAN_NPL","2028",1
"GAN_NPL","2029",1
"GAN_NPL","2030",1
"GAN_NPL","2031",1
"GAN_NPL","2032",1
"GAN_NPL","2033",1
"GAN_NPL","2034",1
"GAN_NPL","2035",1
"GAN_NPL","2036",1
"GAN_NPL","2037",1
"GAN_NPL","2038",1
"GAN_NPL","2039",1
"GAN_NPL","2040",1
"GAN_NPL","2041",1
"GAN_NPL","2042",1
"GAN_NPL","2043",1
"GAN_NPL","2044",1
"GAN_NPL","2045",1
"GAN_NPL","2046",1
"GAN_NPL","2047",1
"GAN_NPL","2048",1
"GAN_NPL","2049",1
"GAN_NPL","2050",1
"GBA_USA","2019",1
"GBA_USA","2020",1
"GBA_USA","2021",1
"GBA_USA","2022",1
"GBA_USA","2023",1
"GBA_USA","2024",1
"GBA_USA","2025",1
"GBA_USA","2026",1
"GBA_USA","2027",1
"GBA_USA","2028",1
"GBA_USA","2029",1
"GBA_USA","2030",1
"GBA_USA","2031",1
"GBA_USA","2032",1
"GBA_USA","2033",1
"GBA_USA","2034",1
"GBA_USA","2035",1
"GBA_USA","2036",1
"GBA_USA","2037",1
"GBA_USA","2038",1
"GBA_USA","2039",1
"GBA_USA","2040",1
"GBA_USA","2041",1
"GBA_USA","2042",1
"GBA_USA","2043",1
"GBA_USA","2044",1
"GBA_USA","2045",1
"GBA_USA","2046",1
"GBA_USA","2047",1
"GBA_USA","2048",1
"GBA_USA","2049",1
"GBA_USA","2050",1
"GEO_GEO","2019",1
"GEO_GEO","2020",1
"GEO_GEO","2021",1
"GEO_GEO","2022",1
"GEO_GEO","2023",1
"GEO_GEO","2024",1
"GEO_GEO","2025",1
"GEO_GEO","2026",1
"GEO_GEO","2027",1
"GEO_GEO","2028",1
"GEO_GEO","2029",1
"GEO_GEO","2030",1
"GEO_GEO","2031",1
"GEO_GEO","2032",1
"GEO_GEO","2033",1
"GEO_GEO","2034",1
"GEO_GEO","2035",1
"GEO_GEO","2036",1
"GEO_GEO","2037",1
"GEO_GEO","2038",1
"GEO_GEO","2039",1
"GEO_GEO","2040",1
"GEO_GEO","2041",1
"GEO_GEO","2042",1
"GEO_GEO","2043",1
"GEO_GEO","2044",1
"GEO_GEO","2045",1
"GEO_GEO","2046",1
"GEO_GEO","2047",1
"GEO_GEO","2048",1
"GEO_GEO","2049",1
"GEO_GEO","2050",1
"GLA_CAN","2019",1
"GLA_CAN","2020",1
"GLA_CAN","2021",1
"GLA_CAN","2022",1
"GLA_CAN","2023",1
"GLA_CAN","2024",1
"GLA_CAN","2025",1
"GLA_CAN","2026",1
"GLA_CAN","2027",1
"GLA_CAN","2028",1
"GLA_CAN","2029",1
"GLA_CAN","2030",1
"GLA_CAN","2031",1
"GLA_CAN","2032",1
"GLA_CAN","2033",1
"GLA_CAN","2034",1
"GLA_CAN","2035",1
"GLA_CAN","2036",1
"GLA_CAN","2037",1
"GLA_CAN","2038",1
"GLA_CAN","2039",1
"GLA_CAN","2040",1
"GLA_CAN","2041",1
"GLA_CAN","2042",1
"GLA_CAN","2043",1
"GLA_CAN","2044",1
"GLA_CAN","2045",1
"GLA_CAN","2046",1
"GLA_CAN","2047",1
"GLA_CAN","2048",1
"GLA_CAN","2049",1
"GLA_CAN","2050",1
"GLA_USA","2019",1
"GLA_USA","2020",1
"GLA_USA","2021",1
"GLA_USA","2022",1
"GLA_USA","2023",1
"GLA_USA","2024",1
"GLA_USA","2025",1
"GLA_USA","2026",1
"GLA_USA","2027",1
"GLA_USA","2028",1
"GLA_USA","2029",1
"GLA_USA","2030",1
"GLA_USA","2031",1
"GLA_USA","2032",1
"GLA_USA","2033",1
"GLA_USA","2034",1
"GLA_USA","2035",1
"GLA_USA","2036",1
"GLA_USA","2037",1
"GLA_USA","2038",1
"GLA_USA","2039",1
"GLA_USA","2040",1
"GLA_USA","2041",1
"GLA_USA","2042",1
"GLA_USA","2043",1
"GLA_USA","2044",1
"GLA_USA","2045",1
"GLA_USA","2046",1
"GLA_USA","2047",1
"GLA_USA","2048",1
"GLA_USA","2049",1
"GLA_USA","2050",1
"GOD_IND","2019",1
"GOD_IND","2020",1
"GOD_IND","2021",1
"GOD_IND","2022",1
"GOD_IND","2023",1
"GOD_IND","2024",1
"GOD_IND","2025",1
"GOD_IND","2026",1
"GOD_IND","2027",1
"GOD_IND","2028",1
"GOD_IND","2029",1
"GOD_IND","2030",1
"GOD_IND","2031",1
"GOD_IND","2032",1
"GOD_IND","2033",1
"GOD_IND","2034",1
"GOD_IND","2035",1
"GOD_IND","2036",1
"GOD_IND","2037",1
"GOD_IND","2038",1
"GOD_IND","2039",1
"GOD_IND","2040",1
"GOD_IND","2041",1
"GOD_IND","2042",1
"GOD_IND","2043",1
"GOD_IND","2044",1
"GOD_IND","2045",1
"GOD_IND","2046",1
"GOD_IND","2047",1
"GOD_IND","2048",1
"GOD_IND","2049",1
"GOD_IND","2050",1
"GRC_GRC","2019",1
"GRC_GRC","2020",1
"GRC_GRC","2021",1
"GRC_GRC","2022",1
"GRC_GRC","2023",1
"GRC_GRC","2024",1
"GRC_GRC","2025",1
"GRC_GRC","2026",1
"GRC_GRC","2027",1
"GRC_GRC","2028",1
"GRC_GRC","2029",1
"GRC_GRC","2030",1
"GRC_GRC","2031",1
"GRC_GRC","2032",1
"GRC_GRC","2033",1
"GRC_GRC","2034",1
"GRC_GRC","2035",1
"GRC_GRC","2036",1
"GRC_GRC","2037",1
"GRC_GRC","2038",1
"GRC_GRC","2039",1
"GRC_GRC","2040",1
"GRC_GRC","2041",1
"GRC_GRC","2042",1
"GRC_GRC","2043",1
"GRC_GRC","2044",1
"GRC_GRC","2045",1
"GRC_GRC","2046",1
"GRC_GRC","2047",1
"GRC_GRC","2048",1
"GRC_GRC","2049",1
"GRC_GRC","2050",1
"GRL_GRL","2019",1
"GRL_GRL","2020",1
"GRL_GRL","2021",1
"GRL_GRL","2022",1
"GRL_GRL","2023",1
"GRL_GRL","2024",1
"GRL_GRL","2025",1
"GRL_GRL","2026",1
"GRL_GRL","2027",1
"GRL_GRL","2028",1
"GRL_GRL","2029",1
"GRL_GRL","2030",1
"GRL_GRL","2031",1
"GRL_GRL","2032",1
"GRL_GRL","2033",1
"GRL_GRL","2034",1
"GRL_GRL","2035",1
"GRL_GRL","2036",1
"GRL_GRL","2037",1
"GRL_GRL","2038",1
"GRL_GRL","2039",1
"GRL_GRL","2040",1
"GRL_GRL","2041",1
"GRL_GRL","2042",1
"GRL_GRL","2043",1
"GRL_GRL","2044",1
"GRL_GRL","2045",1
"GRL_GRL","2046",1
"GRL_GRL","2047",1
"GRL_GRL","2048",1
"GRL_GRL","2049",1
"GRL_GRL","2050",1
"GSA_GSA","2019",1
"GSA_GSA","2020",1
"GSA_GSA","2021",1
"GSA_GSA","2022",1
"GSA_GSA","2023",1
"GSA_GSA","2024",1
"GSA_GSA","2025",1
"GSA_GSA","2026",1
"GSA_GSA","2027",1
"GSA_GSA","2028",1
"GSA_GSA","2029",1
"GSA_GSA","2030",1
"GSA_GSA","2031",1
"GSA_GSA","2032",1
"GSA_GSA","2033",1
"GSA_GSA","2034",1
"GSA_GSA","2035",1
"GSA_GSA","2036",1
"GSA_GSA","2037",1
"GSA_GSA","2038",1
"GSA_GSA","2039",1
"GSA_GSA","2040",1
"GSA_GSA","2041",1
"GSA_GSA","2042",1
"GSA_GSA","2043",1
"GSA_GSA","2044",1
"GSA_GSA","2045",1
"GSA_GSA","2046",1
"GSA_GSA","2047",1
"GSA_GSA","2048",1
"GSA_GSA","2049",1
"GSA_GSA","2050",1
"GTM_GTM","2019",1
"GTM_GTM","2020",1
"GTM_GTM","2021",1
"GTM_GTM","2022",1
"GTM_GTM","2023",1
"GTM_GTM","2024",1
"GTM_GTM","2025",1
"GTM_GTM","2026",1
"GTM_GTM","2027",1
"GTM_GTM","2028",1
"GTM_GTM","2029",1
"GTM_GTM","2030",1
"GTM_GTM","2031",1
"GTM_GTM","2032",1
"GTM_GTM","2033",1
"GTM_GTM","2034",1
"GTM_GTM","2035",1
"GTM_GTM","2036",1
"GTM_GTM","2037",1
"GTM_GTM","2038",1
"GTM_GTM","2039",1
"GTM_GTM","2040",1
"GTM_GTM","2041",1
"GTM_GTM","2042",1
"GTM_GTM","2043",1
"GTM_GTM","2044",1
"GTM_GTM","2045",1
"GTM_GTM","2046",1
"GTM_GTM","2047",1
"GTM_GTM","2048",1
"GTM_GTM","2049",1
"GTM_GTM","2050",1
"HAI_CHM","2019",1
"HAI_CHM","2020",1
"HAI_CHM","2021",1
"HAI_CHM","2022",1
"HAI_CHM","2023",1
"HAI_CHM","2024",1
"HAI_CHM","2025",1
"HAI_CHM","2026",1
"HAI_CHM","2027",1
"HAI_CHM","2028",1
"HAI_CHM","2029",1
"HAI_CHM","2030",1
"HAI_CHM","2031",1
"HAI_CHM","2032",1
"HAI_CHM","2033",1
"HAI_CHM","2034",1
"HAI_CHM","2035",1
"HAI_CHM","2036",1
"HAI_CHM","2037",1
"HAI_CHM","2038",1
"HAI_CHM","2039",1
"HAI_CHM","2040",1
"HAI_CHM","2041",1
"HAI_CHM","2042",1
"HAI_CHM","2043",1
"HAI_CHM","2044",1
"HAI_CHM","2045",1
"HAI_CHM","2046",1
"HAI_CHM","2047",1
"HAI_CHM","2048",1
"HAI_CHM","2049",1
"HAI_CHM","2050",1
"HND_HND","2019",1
"HND_HND","2020",1
"HND_HND","2021",1
"HND_HND","2022",1
"HND_HND","2023",1
"HND_HND","2024",1
"HND_HND","2025",1
"HND_HND","2026",1
"HND_HND","2027",1
"HND_HND","2028",1
"HND_HND","2029",1
"HND_HND","2030",1
"HND_HND","2031",1
"HND_HND","2032",1
"HND_HND","2033",1
"HND_HND","2034",1
"HND_HND","2035",1
"HND_HND","2036",1
"HND_HND","2037",1
"HND_HND","2038",1
"HND_HND","2039",1
"HND_HND","2040",1
"HND_HND","2041",1
"HND_HND","2042",1
"HND_HND","2043",1
"HND_HND","2044",1
"HND_HND","2045",1
"HND_HND","2046",1
"HND_HND","2047",1
"HND_HND","2048",1
"HND_HND","2049",1
"HND_HND","2050",1
"HOA_ETH","2019",1
"HOA_ETH","2020",1
"HOA_ETH","2021",1
"HOA_ETH","2022",1
"HOA_ETH","2023",1
"HOA_ETH","2024",1
"HOA_ETH","2025",1
"HOA_ETH","2026",1
"HOA_ETH","2027",1
"HOA_ETH","2028",1
"HOA_ETH","2029",1
"HOA_ETH","2030",1
"HOA_ETH","2031",1
"HOA_ETH","2032",1
"HOA_ETH","2033",1
"HOA_ETH","2034",1
"HOA_ETH","2035",1
"HOA_ETH","2036",1
"HOA_ETH","2037",1
"HOA_ETH","2038",1
"HOA_ETH","2039",1
"HOA_ETH","2040",1
"HOA_ETH","2041",1
"HOA_ETH","2042",1
"HOA_ETH","2043",1
"HOA_ETH","2044",1
"HOA_ETH","2045",1
"HOA_ETH","2046",1
"HOA_ETH","2047",1
"HOA_ETH","2048",1
"HOA_ETH","2049",1
"HOA_ETH","2050",1
"HOA_KEN","2019",1
"HOA_KEN","2020",1
"HOA_KEN","2021",1
"HOA_KEN","2022",1
"HOA_KEN","2023",1
"HOA_KEN","2024",1
"HOA_KEN","2025",1
"HOA_KEN","2026",1
"HOA_KEN","2027",1
"HOA_KEN","2028",1
"HOA_KEN","2029",1
"HOA_KEN","2030",1
"HOA_KEN","2031",1
"HOA_KEN","2032",1
"HOA_KEN","2033",1
"HOA_KEN","2034",1
"HOA_KEN","2035",1
"HOA_KEN","2036",1
"HOA_KEN","2037",1
"HOA_KEN","2038",1
"HOA_KEN","2039",1
"HOA_KEN","2040",1
"HOA_KEN","2041",1
"HOA_KEN","2042",1
"HOA_KEN","2043",1
"HOA_KEN","2044",1
"HOA_KEN","2045",1
"HOA_KEN","2046",1
"HOA_KEN","2047",1
"HOA_KEN","2048",1
"HOA_KEN","2049",1
"HOA_KEN","2050",1
"HOA_SOM","2019",1
"HOA_SOM","2020",1
"HOA_SOM","2021",1
"HOA_SOM","2022",1
"HOA_SOM","2023",1
"HOA_SOM","2024",1
"HOA_SOM","2025",1
"HOA_SOM","2026",1
"HOA_SOM","2027",1
"HOA_SOM","2028",1
"HOA_SOM","2029",1
"HOA_SOM","2030",1
"HOA_SOM","2031",1
"HOA_SOM","2032",1
"HOA_SOM","2033",1
"HOA_SOM","2034",1
"HOA_SOM","2035",1
"HOA_SOM","2036",1
"HOA_SOM","2037",1
"HOA_SOM","2038",1
"HOA_SOM","2039",1
"HOA_SOM","2040",1
"HOA_SOM","2041",1
"HOA_SOM","2042",1
"HOA_SOM","2043",1
"HOA_SOM","2044",1
"HOA_SOM","2045",1
"HOA_SOM","2046",1
"HOA_SOM","2047",1
"HOA_SOM","2048",1
"HOA_SOM","2049",1
"HOA_SOM","2050",1
"HTI_HTI","2019",1
"HTI_HTI","2020",1
"HTI_HTI","2021",1
"HTI_HTI","2022",1
"HTI_HTI","2023",1
"HTI_HTI","2024",1
"HTI_HTI","2025",1
"HTI_HTI","2026",1
"HTI_HTI","2027",1
"HTI_HTI","2028",1
"HTI_HTI","2029",1
"HTI_HTI","2030",1
"HTI_HTI","2031",1
"HTI_HTI","2032",1
"HTI_HTI","2033",1
"HTI_HTI","2034",1
"HTI_HTI","2035",1
"HTI_HTI","2036",1
"HTI_HTI","2037",1
"HTI_HTI","2038",1
"HTI_HTI","2039",1
"HTI_HTI","2040",1
"HTI_HTI","2041",1
"HTI_HTI","2042",1
"HTI_HTI","2043",1
"HTI_HTI","2044",1
"HTI_HTI","2045",1
"HTI_HTI","2046",1
"HTI_HTI","2047",1
"HTI_HTI","2048",1
"HTI_HTI","2049",1
"HTI_HTI","2050",1
"HUA_CHM","2019",1
"HUA_CHM","2020",1
"HUA_CHM","2021",1
"HUA_CHM","2022",1
"HUA_CHM","2023",1
"HUA_CHM","2024",1
"HUA_CHM","2025",1
"HUA_CHM","2026",1
"HUA_CHM","2027",1
"HUA_CHM","2028",1
"HUA_CHM","2029",1
"HUA_CHM","2030",1
"HUA_CHM","2031",1
"HUA_CHM","2032",1
"HUA_CHM","2033",1
"HUA_CHM","2034",1
"HUA_CHM","2035",1
"HUA_CHM","2036",1
"HUA_CHM","2037",1
"HUA_CHM","2038",1
"HUA_CHM","2039",1
"HUA_CHM","2040",1
"HUA_CHM","2041",1
"HUA_CHM","2042",1
"HUA_CHM","2043",1
"HUA_CHM","2044",1
"HUA_CHM","2045",1
"HUA_CHM","2046",1
"HUA_CHM","2047",1
"HUA_CHM","2048",1
"HUA_CHM","2049",1
"HUA_CHM","2050",1
"HUN_CHM","2019",1
"HUN_CHM","2020",1
"HUN_CHM","2021",1
"HUN_CHM","2022",1
"HUN_CHM","2023",1
"HUN_CHM","2024",1
"HUN_CHM","2025",1
"HUN_CHM","2026",1
"HUN_CHM","2027",1
"HUN_CHM","2028",1
"HUN_CHM","2029",1
"HUN_CHM","2030",1
"HUN_CHM","2031",1
"HUN_CHM","2032",1
"HUN_CHM","2033",1
"HUN_CHM","2034",1
"HUN_CHM","2035",1
"HUN_CHM","2036",1
"HUN_CHM","2037",1
"HUN_CHM","2038",1
"HUN_CHM","2039",1
"HUN_CHM","2040",1
"HUN_CHM","2041",1
"HUN_CHM","2042",1
"HUN_CHM","2043",1
"HUN_CHM","2044",1
"HUN_CHM","2045",1
"HUN_CHM","2046",1
"HUN_CHM","2047",1
"HUN_CHM","2048",1
"HUN_CHM","2049",1
"HUN_CHM","2050",1
"HWI_USA","2019",1
"HWI_USA","2020",1
"HWI_USA","2021",1
"HWI_USA","2022",1
"HWI_USA","2023",1
"HWI_USA","2024",1
"HWI_USA","2025",1
"HWI_USA","2026",1
"HWI_USA","2027",1
"HWI_USA","2028",1
"HWI_USA","2029",1
"HWI_USA","2030",1
"HWI_USA","2031",1
"HWI_USA","2032",1
"HWI_USA","2033",1
"HWI_USA","2034",1
"HWI_USA","2035",1
"HWI_USA","2036",1
"HWI_USA","2037",1
"HWI_USA","2038",1
"HWI_USA","2039",1
"HWI_USA","2040",1
"HWI_USA","2041",1
"HWI_USA","2042",1
"HWI_USA","2043",1
"HWI_USA","2044",1
"HWI_USA","2045",1
"HWI_USA","2046",1
"HWI_USA","2047",1
"HWI_USA","2048",1
"HWI_USA","2049",1
"HWI_USA","2050",1
"IEC_IND","2019",1
"IEC_IND","2020",1
"IEC_IND","2021",1
"IEC_IND","2022",1
"IEC_IND","2023",1
"IEC_IND","2024",1
"IEC_IND","2025",1
"IEC_IND","2026",1
"IEC_IND","2027",1
"IEC_IND","2028",1
"IEC_IND","2029",1
"IEC_IND","2030",1
"IEC_IND","2031",1
"IEC_IND","2032",1
"IEC_IND","2033",1
"IEC_IND","2034",1
"IEC_IND","2035",1
"IEC_IND","2036",1
"IEC_IND","2037",1
"IEC_IND","2038",1
"IEC_IND","2039",1
"IEC_IND","2040",1
"IEC_IND","2041",1
"IEC_IND","2042",1
"IEC_IND","2043",1
"IEC_IND","2044",1
"IEC_IND","2045",1
"IEC_IND","2046",1
"IEC_IND","2047",1
"IEC_IND","2048",1
"IEC_IND","2049",1
"IEC_IND","2050",1
"IND_CHM","2019",1
"IND_CHM","2020",1
"IND_CHM","2021",1
"IND_CHM","2022",1
"IND_CHM","2023",1
"IND_CHM","2024",1
"IND_CHM","2025",1
"IND_CHM","2026",1
"IND_CHM","2027",1
"IND_CHM","2028",1
"IND_CHM","2029",1
"IND_CHM","2030",1
"IND_CHM","2031",1
"IND_CHM","2032",1
"IND_CHM","2033",1
"IND_CHM","2034",1
"IND_CHM","2035",1
"IND_CHM","2036",1
"IND_CHM","2037",1
"IND_CHM","2038",1
"IND_CHM","2039",1
"IND_CHM","2040",1
"IND_CHM","2041",1
"IND_CHM","2042",1
"IND_CHM","2043",1
"IND_CHM","2044",1
"IND_CHM","2045",1
"IND_CHM","2046",1
"IND_CHM","2047",1
"IND_CHM","2048",1
"IND_CHM","2049",1
"IND_CHM","2050",1
"IND_IND","2019",1
"IND_IND","2020",1
"IND_IND","2021",1
"IND_IND","2022",1
"IND_IND","2023",1
"IND_IND","2024",1
"IND_IND","2025",1
"IND_IND","2026",1
"IND_IND","2027",1
"IND_IND","2028",1
"IND_IND","2029",1
"IND_IND","2030",1
"IND_IND","2031",1
"IND_IND","2032",1
"IND_IND","2033",1
"IND_IND","2034",1
"IND_IND","2035",1
"IND_IND","2036",1
"IND_IND","2037",1
"IND_IND","2038",1
"IND_IND","2039",1
"IND_IND","2040",1
"IND_IND","2041",1
"IND_IND","2042",1
"IND_IND","2043",1
"IND_IND","2044",1
"IND_IND","2045",1
"IND_IND","2046",1
"IND_IND","2047",1
"IND_IND","2048",1
"IND_IND","2049",1
"IND_IND","2050",1
"IND_PAK","2019",1
"IND_PAK","2020",1
"IND_PAK","2021",1
"IND_PAK","2022",1
"IND_PAK","2023",1
"IND_PAK","2024",1
"IND_PAK","2025",1
"IND_PAK","2026",1
"IND_PAK","2027",1
"IND_PAK","2028",1
"IND_PAK","2029",1
"IND_PAK","2030",1
"IND_PAK","2031",1
"IND_PAK","2032",1
"IND_PAK","2033",1
"IND_PAK","2034",1
"IND_PAK","2035",1
"IND_PAK","2036",1
"IND_PAK","2037",1
"IND_PAK","2038",1
"IND_PAK","2039",1
"IND_PAK","2040",1
"IND_PAK","2041",1
"IND_PAK","2042",1
"IND_PAK","2043",1
"IND_PAK","2044",1
"IND_PAK","2045",1
"IND_PAK","2046",1
"IND_PAK","2047",1
"IND_PAK","2048",1
"IND_PAK","2049",1
"IND_PAK","2050",1
"INE_IDN","2019",1
"INE_IDN","2020",1
"INE_IDN","2021",1
"INE_IDN","2022",1
"INE_IDN","2023",1
"INE_IDN","2024",1
"INE_IDN","2025",1
"INE_IDN","2026",1
"INE_IDN","2027",1
"INE_IDN","2028",1
"INE_IDN","2029",1
"INE_IDN","2030",1
"INE_IDN","2031",1
"INE_IDN","2032",1
"INE_IDN","2033",1
"INE_IDN","2034",1
"INE_IDN","2035",1
"INE_IDN","2036",1
"INE_IDN","2037",1
"INE_IDN","2038",1
"INE_IDN","2039",1
"INE_IDN","2040",1
"INE_IDN","2041",1
"INE_IDN","2042",1
"INE_IDN","2043",1
"INE_IDN","2044",1
"INE_IDN","2045",1
"INE_IDN","2046",1
"INE_IDN","2047",1
"INE_IDN","2048",1
"INE_IDN","2049",1
"INE_IDN","2050",1
"INW_IDN","2019",1
"INW_IDN","2020",1
"INW_IDN","2021",1
"INW_IDN","2022",1
"INW_IDN","2023",1
"INW_IDN","2024",1
"INW_IDN","2025",1
"INW_IDN","2026",1
"INW_IDN","2027",1
"INW_IDN","2028",1
"INW_IDN","2029",1
"INW_IDN","2030",1
"INW_IDN","2031",1
"INW_IDN","2032",1
"INW_IDN","2033",1
"INW_IDN","2034",1
"INW_IDN","2035",1
"INW_IDN","2036",1
"INW_IDN","2037",1
"INW_IDN","2038",1
"INW_IDN","2039",1
"INW_IDN","2040",1
"INW_IDN","2041",1
"INW_IDN","2042",1
"INW_IDN","2043",1
"INW_IDN","2044",1
"INW_IDN","2045",1
"INW_IDN","2046",1
"INW_IDN","2047",1
"INW_IDN","2048",1
"INW_IDN","2049",1
"INW_IDN","2050",1
"IRL_IRL","2019",1
"IRL_IRL","2020",1
"IRL_IRL","2021",1
"IRL_IRL","2022",1
"IRL_IRL","2023",1
"IRL_IRL","2024",1
"IRL_IRL","2025",1
"IRL_IRL","2026",1
"IRL_IRL","2027",1
"IRL_IRL","2028",1
"IRL_IRL","2029",1
"IRL_IRL","2030",1
"IRL_IRL","2031",1
"IRL_IRL","2032",1
"IRL_IRL","2033",1
"IRL_IRL","2034",1
"IRL_IRL","2035",1
"IRL_IRL","2036",1
"IRL_IRL","2037",1
"IRL_IRL","2038",1
"IRL_IRL","2039",1
"IRL_IRL","2040",1
"IRL_IRL","2041",1
"IRL_IRL","2042",1
"IRL_IRL","2043",1
"IRL_IRL","2044",1
"IRL_IRL","2045",1
"IRL_IRL","2046",1
"IRL_IRL","2047",1
"IRL_IRL","2048",1
"IRL_IRL","2049",1
"IRL_IRL","2050",1
"ISL_ISL","2019",1
"ISL_ISL","2020",1
"ISL_ISL","2021",1
"ISL_ISL","2022",1
"ISL_ISL","2023",1
"ISL_ISL","2024",1
"ISL_ISL","2025",1
"ISL_ISL","2026",1
"ISL_ISL","2027",1
"ISL_ISL","2028",1
"ISL_ISL","2029",1
"ISL_ISL","2030",1
"ISL_ISL","2031",1
"ISL_ISL","2032",1
"ISL_ISL","2033",1
"ISL_ISL","2034",1
"ISL_ISL","2035",1
"ISL_ISL","2036",1
"ISL_ISL","2037",1
"ISL_ISL","2038",1
"ISL_ISL","2039",1
"ISL_ISL","2040",1
"ISL_ISL","2041",1
"ISL_ISL","2042",1
"ISL_ISL","2043",1
"ISL_ISL","2044",1
"ISL_ISL","2045",1
"ISL_ISL","2046",1
"ISL_ISL","2047",1
"ISL_ISL","2048",1
"ISL_ISL","2049",1
"ISL_ISL","2050",1
"ITA_ITP","2019",1
"ITA_ITP","2020",1
"ITA_ITP","2021",1
"ITA_ITP","2022",1
"ITA_ITP","2023",1
"ITA_ITP","2024",1
"ITA_ITP","2025",1
"ITA_ITP","2026",1
"ITA_ITP","2027",1
"ITA_ITP","2028",1
"ITA_ITP","2029",1
"ITA_ITP","2030",1
"ITA_ITP","2031",1
"ITA_ITP","2032",1
"ITA_ITP","2033",1
"ITA_ITP","2034",1
"ITA_ITP","2035",1
"ITA_ITP","2036",1
"ITA_ITP","2037",1
"ITA_ITP","2038",1
"ITA_ITP","2039",1
"ITA_ITP","2040",1
"ITA_ITP","2041",1
"ITA_ITP","2042",1
"ITA_ITP","2043",1
"ITA_ITP","2044",1
"ITA_ITP","2045",1
"ITA_ITP","2046",1
"ITA_ITP","2047",1
"ITA_ITP","2048",1
"ITA_ITP","2049",1
"ITA_ITP","2050",1
"JAM_JAM","2019",1
"JAM_JAM","2020",1
"JAM_JAM","2021",1
"JAM_JAM","2022",1
"JAM_JAM","2023",1
"JAM_JAM","2024",1
"JAM_JAM","2025",1
"JAM_JAM","2026",1
"JAM_JAM","2027",1
"JAM_JAM","2028",1
"JAM_JAM","2029",1
"JAM_JAM","2030",1
"JAM_JAM","2031",1
"JAM_JAM","2032",1
"JAM_JAM","2033",1
"JAM_JAM","2034",1
"JAM_JAM","2035",1
"JAM_JAM","2036",1
"JAM_JAM","2037",1
"JAM_JAM","2038",1
"JAM_JAM","2039",1
"JAM_JAM","2040",1
"JAM_JAM","2041",1
"JAM_JAM","2042",1
"JAM_JAM","2043",1
"JAM_JAM","2044",1
"JAM_JAM","2045",1
"JAM_JAM","2046",1
"JAM_JAM","2047",1
"JAM_JAM","2048",1
"JAM_JAM","2049",1
"JAM_JAM","2050",1
"JAP_JPN","2019",1
"JAP_JPN","2020",1
"JAP_JPN","2021",1
"JAP_JPN","2022",1
"JAP_JPN","2023",1
"JAP_JPN","2024",1
"JAP_JPN","2025",1
"JAP_JPN","2026",1
"JAP_JPN","2027",1
"JAP_JPN","2028",1
"JAP_JPN","2029",1
"JAP_JPN","2030",1
"JAP_JPN","2031",1
"JAP_JPN","2032",1
"JAP_JPN","2033",1
"JAP_JPN","2034",1
"JAP_JPN","2035",1
"JAP_JPN","2036",1
"JAP_JPN","2037",1
"JAP_JPN","2038",1
"JAP_JPN","2039",1
"JAP_JPN","2040",1
"JAP_JPN","2041",1
"JAP_JPN","2042",1
"JAP_JPN","2043",1
"JAP_JPN","2044",1
"JAP_JPN","2045",1
"JAP_JPN","2046",1
"JAP_JPN","2047",1
"JAP_JPN","2048",1
"JAP_JPN","2049",1
"JAP_JPN","2050",1
"KAL_BWA","2019",1
"KAL_BWA","2020",1
"KAL_BWA","2021",1
"KAL_BWA","2022",1
"KAL_BWA","2023",1
"KAL_BWA","2024",1
"KAL_BWA","2025",1
"KAL_BWA","2026",1
"KAL_BWA","2027",1
"KAL_BWA","2028",1
"KAL_BWA","2029",1
"KAL_BWA","2030",1
"KAL_BWA","2031",1
"KAL_BWA","2032",1
"KAL_BWA","2033",1
"KAL_BWA","2034",1
"KAL_BWA","2035",1
"KAL_BWA","2036",1
"KAL_BWA","2037",1
"KAL_BWA","2038",1
"KAL_BWA","2039",1
"KAL_BWA","2040",1
"KAL_BWA","2041",1
"KAL_BWA","2042",1
"KAL_BWA","2043",1
"KAL_BWA","2044",1
"KAL_BWA","2045",1
"KAL_BWA","2046",1
"KAL_BWA","2047",1
"KAL_BWA","2048",1
"KAL_BWA","2049",1
"KAL_BWA","2050",1
"KAL_NAM","2019",1
"KAL_NAM","2020",1
"KAL_NAM","2021",1
"KAL_NAM","2022",1
"KAL_NAM","2023",1
"KAL_NAM","2024",1
"KAL_NAM","2025",1
"KAL_NAM","2026",1
"KAL_NAM","2027",1
"KAL_NAM","2028",1
"KAL_NAM","2029",1
"KAL_NAM","2030",1
"KAL_NAM","2031",1
"KAL_NAM","2032",1
"KAL_NAM","2033",1
"KAL_NAM","2034",1
"KAL_NAM","2035",1
"KAL_NAM","2036",1
"KAL_NAM","2037",1
"KAL_NAM","2038",1
"KAL_NAM","2039",1
"KAL_NAM","2040",1
"KAL_NAM","2041",1
"KAL_NAM","2042",1
"KAL_NAM","2043",1
"KAL_NAM","2044",1
"KAL_NAM","2045",1
"KAL_NAM","2046",1
"KAL_NAM","2047",1
"KAL_NAM","2048",1
"KAL_NAM","2049",1
"KAL_NAM","2050",1
"KAL_ZAF","2019",1
"KAL_ZAF","2020",1
"KAL_ZAF","2021",1
"KAL_ZAF","2022",1
"KAL_ZAF","2023",1
"KAL_ZAF","2024",1
"KAL_ZAF","2025",1
"KAL_ZAF","2026",1
"KAL_ZAF","2027",1
"KAL_ZAF","2028",1
"KAL_ZAF","2029",1
"KAL_ZAF","2030",1
"KAL_ZAF","2031",1
"KAL_ZAF","2032",1
"KAL_ZAF","2033",1
"KAL_ZAF","2034",1
"KAL_ZAF","2035",1
"KAL_ZAF","2036",1
"KAL_ZAF","2037",1
"KAL_ZAF","2038",1
"KAL_ZAF","2039",1
"KAL_ZAF","2040",1
"KAL_ZAF","2041",1
"KAL_ZAF","2042",1
"KAL_ZAF","2043",1
"KAL_ZAF","2044",1
"KAL_ZAF","2045",1
"KAL_ZAF","2046",1
"KAL_ZAF","2047",1
"KAL_ZAF","2048",1
"KAL_ZAF","2049",1
"KAL_ZAF","2050",1
"KRI_IND","2019",1
"KRI_IND","2020",1
"KRI_IND","2021",1
"KRI_IND","2022",1
"KRI_IND","2023",1
"KRI_IND","2024",1
"KRI_IND","2025",1
"KRI_IND","2026",1
"KRI_IND","2027",1
"KRI_IND","2028",1
"KRI_IND","2029",1
"KRI_IND","2030",1
"KRI_IND","2031",1
"KRI_IND","2032",1
"KRI_IND","2033",1
"KRI_IND","2034",1
"KRI_IND","2035",1
"KRI_IND","2036",1
"KRI_IND","2037",1
"KRI_IND","2038",1
"KRI_IND","2039",1
"KRI_IND","2040",1
"KRI_IND","2041",1
"KRI_IND","2042",1
"KRI_IND","2043",1
"KRI_IND","2044",1
"KRI_IND","2045",1
"KRI_IND","2046",1
"KRI_IND","2047",1
"KRI_IND","2048",1
"KRI_IND","2049",1
"KRI_IND","2050",1
"LAJ_CHM","2019",1
"LAJ_CHM","2020",1
"LAJ_CHM","2021",1
"LAJ_CHM","2022",1
"LAJ_CHM","2023",1
"LAJ_CHM","2024",1
"LAJ_CHM","2025",1
"LAJ_CHM","2026",1
"LAJ_CHM","2027",1
"LAJ_CHM","2028",1
"LAJ_CHM","2029",1
"LAJ_CHM","2030",1
"LAJ_CHM","2031",1
"LAJ_CHM","2032",1
"LAJ_CHM","2033",1
"LAJ_CHM","2034",1
"LAJ_CHM","2035",1
"LAJ_CHM","2036",1
"LAJ_CHM","2037",1
"LAJ_CHM","2038",1
"LAJ_CHM","2039",1
"LAJ_CHM","2040",1
"LAJ_CHM","2041",1
"LAJ_CHM","2042",1
"LAJ_CHM","2043",1
"LAJ_CHM","2044",1
"LAJ_CHM","2045",1
"LAJ_CHM","2046",1
"LAJ_CHM","2047",1
"LAJ_CHM","2048",1
"LAJ_CHM","2049",1
"LAJ_CHM","2050",1
"LBA_KAZ","2019",1
"LBA_KAZ","2020",1
"LBA_KAZ","2021",1
"LBA_KAZ","2022",1
"LBA_KAZ","2023",1
"LBA_KAZ","2024",1
"LBA_KAZ","2025",1
"LBA_KAZ","2026",1
"LBA_KAZ","2027",1
"LBA_KAZ","2028",1
"LBA_KAZ","2029",1
"LBA_KAZ","2030",1
"LBA_KAZ","2031",1
"LBA_KAZ","2032",1
"LBA_KAZ","2033",1
"LBA_KAZ","2034",1
"LBA_KAZ","2035",1
"LBA_KAZ","2036",1
"LBA_KAZ","2037",1
"LBA_KAZ","2038",1
"LBA_KAZ","2039",1
"LBA_KAZ","2040",1
"LBA_KAZ","2041",1
"LBA_KAZ","2042",1
"LBA_KAZ","2043",1
"LBA_KAZ","2044",1
"LBA_KAZ","2045",1
"LBA_KAZ","2046",1
"LBA_KAZ","2047",1
"LBA_KAZ","2048",1
"LBA_KAZ","2049",1
"LBA_KAZ","2050",1
"LBO_FRP","2019",1
"LBO_FRP","2020",1
"LBO_FRP","2021",1
"LBO_FRP","2022",1
"LBO_FRP","2023",1
"LBO_FRP","2024",1
"LBO_FRP","2025",1
"LBO_FRP","2026",1
"LBO_FRP","2027",1
"LBO_FRP","2028",1
"LBO_FRP","2029",1
"LBO_FRP","2030",1
"LBO_FRP","2031",1
"LBO_FRP","2032",1
"LBO_FRP","2033",1
"LBO_FRP","2034",1
"LBO_FRP","2035",1
"LBO_FRP","2036",1
"LBO_FRP","2037",1
"LBO_FRP","2038",1
"LBO_FRP","2039",1
"LBO_FRP","2040",1
"LBO_FRP","2041",1
"LBO_FRP","2042",1
"LBO_FRP","2043",1
"LBO_FRP","2044",1
"LBO_FRP","2045",1
"LBO_FRP","2046",1
"LBO_FRP","2047",1
"LBO_FRP","2048",1
"LBO_FRP","2049",1
"LBO_FRP","2050",1
"LCB_CAF","2019",1
"LCB_CAF","2020",1
"LCB_CAF","2021",1
"LCB_CAF","2022",1
"LCB_CAF","2023",1
"LCB_CAF","2024",1
"LCB_CAF","2025",1
"LCB_CAF","2026",1
"LCB_CAF","2027",1
"LCB_CAF","2028",1
"LCB_CAF","2029",1
"LCB_CAF","2030",1
"LCB_CAF","2031",1
"LCB_CAF","2032",1
"LCB_CAF","2033",1
"LCB_CAF","2034",1
"LCB_CAF","2035",1
"LCB_CAF","2036",1
"LCB_CAF","2037",1
"LCB_CAF","2038",1
"LCB_CAF","2039",1
"LCB_CAF","2040",1
"LCB_CAF","2041",1
"LCB_CAF","2042",1
"LCB_CAF","2043",1
"LCB_CAF","2044",1
"LCB_CAF","2045",1
"LCB_CAF","2046",1
"LCB_CAF","2047",1
"LCB_CAF","2048",1
"LCB_CAF","2049",1
"LCB_CAF","2050",1
"LCB_CMR","2019",1
"LCB_CMR","2020",1
"LCB_CMR","2021",1
"LCB_CMR","2022",1
"LCB_CMR","2023",1
"LCB_CMR","2024",1
"LCB_CMR","2025",1
"LCB_CMR","2026",1
"LCB_CMR","2027",1
"LCB_CMR","2028",1
"LCB_CMR","2029",1
"LCB_CMR","2030",1
"LCB_CMR","2031",1
"LCB_CMR","2032",1
"LCB_CMR","2033",1
"LCB_CMR","2034",1
"LCB_CMR","2035",1
"LCB_CMR","2036",1
"LCB_CMR","2037",1
"LCB_CMR","2038",1
"LCB_CMR","2039",1
"LCB_CMR","2040",1
"LCB_CMR","2041",1
"LCB_CMR","2042",1
"LCB_CMR","2043",1
"LCB_CMR","2044",1
"LCB_CMR","2045",1
"LCB_CMR","2046",1
"LCB_CMR","2047",1
"LCB_CMR","2048",1
"LCB_CMR","2049",1
"LCB_CMR","2050",1
"LCB_NER","2019",1
"LCB_NER","2020",1
"LCB_NER","2021",1
"LCB_NER","2022",1
"LCB_NER","2023",1
"LCB_NER","2024",1
"LCB_NER","2025",1
"LCB_NER","2026",1
"LCB_NER","2027",1
"LCB_NER","2028",1
"LCB_NER","2029",1
"LCB_NER","2030",1
"LCB_NER","2031",1
"LCB_NER","2032",1
"LCB_NER","2033",1
"LCB_NER","2034",1
"LCB_NER","2035",1
"LCB_NER","2036",1
"LCB_NER","2037",1
"LCB_NER","2038",1
"LCB_NER","2039",1
"LCB_NER","2040",1
"LCB_NER","2041",1
"LCB_NER","2042",1
"LCB_NER","2043",1
"LCB_NER","2044",1
"LCB_NER","2045",1
"LCB_NER","2046",1
"LCB_NER","2047",1
"LCB_NER","2048",1
"LCB_NER","2049",1
"LCB_NER","2050",1
"LCB_NGA","2019",1
"LCB_NGA","2020",1
"LCB_NGA","2021",1
"LCB_NGA","2022",1
"LCB_NGA","2023",1
"LCB_NGA","2024",1
"LCB_NGA","2025",1
"LCB_NGA","2026",1
"LCB_NGA","2027",1
"LCB_NGA","2028",1
"LCB_NGA","2029",1
"LCB_NGA","2030",1
"LCB_NGA","2031",1
"LCB_NGA","2032",1
"LCB_NGA","2033",1
"LCB_NGA","2034",1
"LCB_NGA","2035",1
"LCB_NGA","2036",1
"LCB_NGA","2037",1
"LCB_NGA","2038",1
"LCB_NGA","2039",1
"LCB_NGA","2040",1
"LCB_NGA","2041",1
"LCB_NGA","2042",1
"LCB_NGA","2043",1
"LCB_NGA","2044",1
"LCB_NGA","2045",1
"LCB_NGA","2046",1
"LCB_NGA","2047",1
"LCB_NGA","2048",1
"LCB_NGA","2049",1
"LCB_NGA","2050",1
"LCB_TCD","2019",1
"LCB_TCD","2020",1
"LCB_TCD","2021",1
"LCB_TCD","2022",1
"LCB_TCD","2023",1
"LCB_TCD","2024",1
"LCB_TCD","2025",1
"LCB_TCD","2026",1
"LCB_TCD","2027",1
"LCB_TCD","2028",1
"LCB_TCD","2029",1
"LCB_TCD","2030",1
"LCB_TCD","2031",1
"LCB_TCD","2032",1
"LCB_TCD","2033",1
"LCB_TCD","2034",1
"LCB_TCD","2035",1
"LCB_TCD","2036",1
"LCB_TCD","2037",1
"LCB_TCD","2038",1
"LCB_TCD","2039",1
"LCB_TCD","2040",1
"LCB_TCD","2041",1
"LCB_TCD","2042",1
"LCB_TCD","2043",1
"LCB_TCD","2044",1
"LCB_TCD","2045",1
"LCB_TCD","2046",1
"LCB_TCD","2047",1
"LCB_TCD","2048",1
"LCB_TCD","2049",1
"LCB_TCD","2050",1
"LIM_BWA","2019",1
"LIM_BWA","2020",1
"LIM_BWA","2021",1
"LIM_BWA","2022",1
"LIM_BWA","2023",1
"LIM_BWA","2024",1
"LIM_BWA","2025",1
"LIM_BWA","2026",1
"LIM_BWA","2027",1
"LIM_BWA","2028",1
"LIM_BWA","2029",1
"LIM_BWA","2030",1
"LIM_BWA","2031",1
"LIM_BWA","2032",1
"LIM_BWA","2033",1
"LIM_BWA","2034",1
"LIM_BWA","2035",1
"LIM_BWA","2036",1
"LIM_BWA","2037",1
"LIM_BWA","2038",1
"LIM_BWA","2039",1
"LIM_BWA","2040",1
"LIM_BWA","2041",1
"LIM_BWA","2042",1
"LIM_BWA","2043",1
"LIM_BWA","2044",1
"LIM_BWA","2045",1
"LIM_BWA","2046",1
"LIM_BWA","2047",1
"LIM_BWA","2048",1
"LIM_BWA","2049",1
"LIM_BWA","2050",1
"LIM_MOZ","2019",1
"LIM_MOZ","2020",1
"LIM_MOZ","2021",1
"LIM_MOZ","2022",1
"LIM_MOZ","2023",1
"LIM_MOZ","2024",1
"LIM_MOZ","2025",1
"LIM_MOZ","2026",1
"LIM_MOZ","2027",1
"LIM_MOZ","2028",1
"LIM_MOZ","2029",1
"LIM_MOZ","2030",1
"LIM_MOZ","2031",1
"LIM_MOZ","2032",1
"LIM_MOZ","2033",1
"LIM_MOZ","2034",1
"LIM_MOZ","2035",1
"LIM_MOZ","2036",1
"LIM_MOZ","2037",1
"LIM_MOZ","2038",1
"LIM_MOZ","2039",1
"LIM_MOZ","2040",1
"LIM_MOZ","2041",1
"LIM_MOZ","2042",1
"LIM_MOZ","2043",1
"LIM_MOZ","2044",1
"LIM_MOZ","2045",1
"LIM_MOZ","2046",1
"LIM_MOZ","2047",1
"LIM_MOZ","2048",1
"LIM_MOZ","2049",1
"LIM_MOZ","2050",1
"LIM_ZAF","2019",1
"LIM_ZAF","2020",1
"LIM_ZAF","2021",1
"LIM_ZAF","2022",1
"LIM_ZAF","2023",1
"LIM_ZAF","2024",1
"LIM_ZAF","2025",1
"LIM_ZAF","2026",1
"LIM_ZAF","2027",1
"LIM_ZAF","2028",1
"LIM_ZAF","2029",1
"LIM_ZAF","2030",1
"LIM_ZAF","2031",1
"LIM_ZAF","2032",1
"LIM_ZAF","2033",1
"LIM_ZAF","2034",1
"LIM_ZAF","2035",1
"LIM_ZAF","2036",1
"LIM_ZAF","2037",1
"LIM_ZAF","2038",1
"LIM_ZAF","2039",1
"LIM_ZAF","2040",1
"LIM_ZAF","2041",1
"LIM_ZAF","2042",1
"LIM_ZAF","2043",1
"LIM_ZAF","2044",1
"LIM_ZAF","2045",1
"LIM_ZAF","2046",1
"LIM_ZAF","2047",1
"LIM_ZAF","2048",1
"LIM_ZAF","2049",1
"LIM_ZAF","2050",1
"LIM_ZWE","2019",1
"LIM_ZWE","2020",1
"LIM_ZWE","2021",1
"LIM_ZWE","2022",1
"LIM_ZWE","2023",1
"LIM_ZWE","2024",1
"LIM_ZWE","2025",1
"LIM_ZWE","2026",1
"LIM_ZWE","2027",1
"LIM_ZWE","2028",1
"LIM_ZWE","2029",1
"LIM_ZWE","2030",1
"LIM_ZWE","2031",1
"LIM_ZWE","2032",1
"LIM_ZWE","2033",1
"LIM_ZWE","2034",1
"LIM_ZWE","2035",1
"LIM_ZWE","2036",1
"LIM_ZWE","2037",1
"LIM_ZWE","2038",1
"LIM_ZWE","2039",1
"LIM_ZWE","2040",1
"LIM_ZWE","2041",1
"LIM_ZWE","2042",1
"LIM_ZWE","2043",1
"LIM_ZWE","2044",1
"LIM_ZWE","2045",1
"LIM_ZWE","2046",1
"LIM_ZWE","2047",1
"LIM_ZWE","2048",1
"LIM_ZWE","2049",1
"LIM_ZWE","2050",1
"LMO_CHM","2019",1
"LMO_CHM","2020",1
"LMO_CHM","2021",1
"LMO_CHM","2022",1
"LMO_CHM","2023",1
"LMO_CHM","2024",1
"LMO_CHM","2025",1
"LMO_CHM","2026",1
"LMO_CHM","2027",1
"LMO_CHM","2028",1
"LMO_CHM","2029",1
"LMO_CHM","2030",1
"LMO_CHM","2031",1
"LMO_CHM","2032",1
"LMO_CHM","2033",1
"LMO_CHM","2034",1
"LMO_CHM","2035",1
"LMO_CHM","2036",1
"LMO_CHM","2037",1
"LMO_CHM","2038",1
"LMO_CHM","2039",1
"LMO_CHM","2040",1
"LMO_CHM","2041",1
"LMO_CHM","2042",1
"LMO_CHM","2043",1
"LMO_CHM","2044",1
"LMO_CHM","2045",1
"LMO_CHM","2046",1
"LMO_CHM","2047",1
"LMO_CHM","2048",1
"LMO_CHM","2049",1
"LMO_CHM","2050",1
"LMO_MNG","2019",1
"LMO_MNG","2020",1
"LMO_MNG","2021",1
"LMO_MNG","2022",1
"LMO_MNG","2023",1
"LMO_MNG","2024",1
"LMO_MNG","2025",1
"LMO_MNG","2026",1
"LMO_MNG","2027",1
"LMO_MNG","2028",1
"LMO_MNG","2029",1
"LMO_MNG","2030",1
"LMO_MNG","2031",1
"LMO_MNG","2032",1
"LMO_MNG","2033",1
"LMO_MNG","2034",1
"LMO_MNG","2035",1
"LMO_MNG","2036",1
"LMO_MNG","2037",1
"LMO_MNG","2038",1
"LMO_MNG","2039",1
"LMO_MNG","2040",1
"LMO_MNG","2041",1
"LMO_MNG","2042",1
"LMO_MNG","2043",1
"LMO_MNG","2044",1
"LMO_MNG","2045",1
"LMO_MNG","2046",1
"LMO_MNG","2047",1
"LMO_MNG","2048",1
"LMO_MNG","2049",1
"LMO_MNG","2050",1
"LTZ_KAZ","2019",1
"LTZ_KAZ","2020",1
"LTZ_KAZ","2021",1
"LTZ_KAZ","2022",1
"LTZ_KAZ","2023",1
"LTZ_KAZ","2024",1
"LTZ_KAZ","2025",1
"LTZ_KAZ","2026",1
"LTZ_KAZ","2027",1
"LTZ_KAZ","2028",1
"LTZ_KAZ","2029",1
"LTZ_KAZ","2030",1
"LTZ_KAZ","2031",1
"LTZ_KAZ","2032",1
"LTZ_KAZ","2033",1
"LTZ_KAZ","2034",1
"LTZ_KAZ","2035",1
"LTZ_KAZ","2036",1
"LTZ_KAZ","2037",1
"LTZ_KAZ","2038",1
"LTZ_KAZ","2039",1
"LTZ_KAZ","2040",1
"LTZ_KAZ","2041",1
"LTZ_KAZ","2042",1
"LTZ_KAZ","2043",1
"LTZ_KAZ","2044",1
"LTZ_KAZ","2045",1
"LTZ_KAZ","2046",1
"LTZ_KAZ","2047",1
"LTZ_KAZ","2048",1
"LTZ_KAZ","2049",1
"LTZ_KAZ","2050",1
"LUN_IND","2019",1
"LUN_IND","2020",1
"LUN_IND","2021",1
"LUN_IND","2022",1
"LUN_IND","2023",1
"LUN_IND","2024",1
"LUN_IND","2025",1
"LUN_IND","2026",1
"LUN_IND","2027",1
"LUN_IND","2028",1
"LUN_IND","2029",1
"LUN_IND","2030",1
"LUN_IND","2031",1
"LUN_IND","2032",1
"LUN_IND","2033",1
"LUN_IND","2034",1
"LUN_IND","2035",1
"LUN_IND","2036",1
"LUN_IND","2037",1
"LUN_IND","2038",1
"LUN_IND","2039",1
"LUN_IND","2040",1
"LUN_IND","2041",1
"LUN_IND","2042",1
"LUN_IND","2043",1
"LUN_IND","2044",1
"LUN_IND","2045",1
"LUN_IND","2046",1
"LUN_IND","2047",1
"LUN_IND","2048",1
"LUN_IND","2049",1
"LUN_IND","2050",1
"MAD_MDG","2019",1
"MAD_MDG","2020",1
"MAD_MDG","2021",1
"MAD_MDG","2022",1
"MAD_MDG","2023",1
"MAD_MDG","2024",1
"MAD_MDG","2025",1
"MAD_MDG","2026",1
"MAD_MDG","2027",1
"MAD_MDG","2028",1
"MAD_MDG","2029",1
"MAD_MDG","2030",1
"MAD_MDG","2031",1
"MAD_MDG","2032",1
"MAD_MDG","2033",1
"MAD_MDG","2034",1
"MAD_MDG","2035",1
"MAD_MDG","2036",1
"MAD_MDG","2037",1
"MAD_MDG","2038",1
"MAD_MDG","2039",1
"MAD_MDG","2040",1
"MAD_MDG","2041",1
"MAD_MDG","2042",1
"MAD_MDG","2043",1
"MAD_MDG","2044",1
"MAD_MDG","2045",1
"MAD_MDG","2046",1
"MAD_MDG","2047",1
"MAD_MDG","2048",1
"MAD_MDG","2049",1
"MAD_MDG","2050",1
"MAT_IND","2019",1
"MAT_IND","2020",1
"MAT_IND","2021",1
"MAT_IND","2022",1
"MAT_IND","2023",1
"MAT_IND","2024",1
"MAT_IND","2025",1
"MAT_IND","2026",1
"MAT_IND","2027",1
"MAT_IND","2028",1
"MAT_IND","2029",1
"MAT_IND","2030",1
"MAT_IND","2031",1
"MAT_IND","2032",1
"MAT_IND","2033",1
"MAT_IND","2034",1
"MAT_IND","2035",1
"MAT_IND","2036",1
"MAT_IND","2037",1
"MAT_IND","2038",1
"MAT_IND","2039",1
"MAT_IND","2040",1
"MAT_IND","2041",1
"MAT_IND","2042",1
"MAT_IND","2043",1
"MAT_IND","2044",1
"MAT_IND","2045",1
"MAT_IND","2046",1
"MAT_IND","2047",1
"MAT_IND","2048",1
"MAT_IND","2049",1
"MAT_IND","2050",1
"MAU_AUS","2019",1
"MAU_AUS","2020",1
"MAU_AUS","2021",1
"MAU_AUS","2022",1
"MAU_AUS","2023",1
"MAU_AUS","2024",1
"MAU_AUS","2025",1
"MAU_AUS","2026",1
"MAU_AUS","2027",1
"MAU_AUS","2028",1
"MAU_AUS","2029",1
"MAU_AUS","2030",1
"MAU_AUS","2031",1
"MAU_AUS","2032",1
"MAU_AUS","2033",1
"MAU_AUS","2034",1
"MAU_AUS","2035",1
"MAU_AUS","2036",1
"MAU_AUS","2037",1
"MAU_AUS","2038",1
"MAU_AUS","2039",1
"MAU_AUS","2040",1
"MAU_AUS","2041",1
"MAU_AUS","2042",1
"MAU_AUS","2043",1
"MAU_AUS","2044",1
"MAU_AUS","2045",1
"MAU_AUS","2046",1
"MAU_AUS","2047",1
"MAU_AUS","2048",1
"MAU_AUS","2049",1
"MAU_AUS","2050",1
"MCK_CAN","2019",1
"MCK_CAN","2020",1
"MCK_CAN","2021",1
"MCK_CAN","2022",1
"MCK_CAN","2023",1
"MCK_CAN","2024",1
"MCK_CAN","2025",1
"MCK_CAN","2026",1
"MCK_CAN","2027",1
"MCK_CAN","2028",1
"MCK_CAN","2029",1
"MCK_CAN","2030",1
"MCK_CAN","2031",1
"MCK_CAN","2032",1
"MCK_CAN","2033",1
"MCK_CAN","2034",1
"MCK_CAN","2035",1
"MCK_CAN","2036",1
"MCK_CAN","2037",1
"MCK_CAN","2038",1
"MCK_CAN","2039",1
"MCK_CAN","2040",1
"MCK_CAN","2041",1
"MCK_CAN","2042",1
"MCK_CAN","2043",1
"MCK_CAN","2044",1
"MCK_CAN","2045",1
"MCK_CAN","2046",1
"MCK_CAN","2047",1
"MCK_CAN","2048",1
"MCK_CAN","2049",1
"MCK_CAN","2050",1
"MEK_KHM","2019",1
"MEK_KHM","2020",1
"MEK_KHM","2021",1
"MEK_KHM","2022",1
"MEK_KHM","2023",1
"MEK_KHM","2024",1
"MEK_KHM","2025",1
"MEK_KHM","2026",1
"MEK_KHM","2027",1
"MEK_KHM","2028",1
"MEK_KHM","2029",1
"MEK_KHM","2030",1
"MEK_KHM","2031",1
"MEK_KHM","2032",1
"MEK_KHM","2033",1
"MEK_KHM","2034",1
"MEK_KHM","2035",1
"MEK_KHM","2036",1
"MEK_KHM","2037",1
"MEK_KHM","2038",1
"MEK_KHM","2039",1
"MEK_KHM","2040",1
"MEK_KHM","2041",1
"MEK_KHM","2042",1
"MEK_KHM","2043",1
"MEK_KHM","2044",1
"MEK_KHM","2045",1
"MEK_KHM","2046",1
"MEK_KHM","2047",1
"MEK_KHM","2048",1
"MEK_KHM","2049",1
"MEK_KHM","2050",1
"MEK_LAO","2019",1
"MEK_LAO","2020",1
"MEK_LAO","2021",1
"MEK_LAO","2022",1
"MEK_LAO","2023",1
"MEK_LAO","2024",1
"MEK_LAO","2025",1
"MEK_LAO","2026",1
"MEK_LAO","2027",1
"MEK_LAO","2028",1
"MEK_LAO","2029",1
"MEK_LAO","2030",1
"MEK_LAO","2031",1
"MEK_LAO","2032",1
"MEK_LAO","2033",1
"MEK_LAO","2034",1
"MEK_LAO","2035",1
"MEK_LAO","2036",1
"MEK_LAO","2037",1
"MEK_LAO","2038",1
"MEK_LAO","2039",1
"MEK_LAO","2040",1
"MEK_LAO","2041",1
"MEK_LAO","2042",1
"MEK_LAO","2043",1
"MEK_LAO","2044",1
"MEK_LAO","2045",1
"MEK_LAO","2046",1
"MEK_LAO","2047",1
"MEK_LAO","2048",1
"MEK_LAO","2049",1
"MEK_LAO","2050",1
"MEK_MMR","2019",1
"MEK_MMR","2020",1
"MEK_MMR","2021",1
"MEK_MMR","2022",1
"MEK_MMR","2023",1
"MEK_MMR","2024",1
"MEK_MMR","2025",1
"MEK_MMR","2026",1
"MEK_MMR","2027",1
"MEK_MMR","2028",1
"MEK_MMR","2029",1
"MEK_MMR","2030",1
"MEK_MMR","2031",1
"MEK_MMR","2032",1
"MEK_MMR","2033",1
"MEK_MMR","2034",1
"MEK_MMR","2035",1
"MEK_MMR","2036",1
"MEK_MMR","2037",1
"MEK_MMR","2038",1
"MEK_MMR","2039",1
"MEK_MMR","2040",1
"MEK_MMR","2041",1
"MEK_MMR","2042",1
"MEK_MMR","2043",1
"MEK_MMR","2044",1
"MEK_MMR","2045",1
"MEK_MMR","2046",1
"MEK_MMR","2047",1
"MEK_MMR","2048",1
"MEK_MMR","2049",1
"MEK_MMR","2050",1
"MEK_THA","2019",1
"MEK_THA","2020",1
"MEK_THA","2021",1
"MEK_THA","2022",1
"MEK_THA","2023",1
"MEK_THA","2024",1
"MEK_THA","2025",1
"MEK_THA","2026",1
"MEK_THA","2027",1
"MEK_THA","2028",1
"MEK_THA","2029",1
"MEK_THA","2030",1
"MEK_THA","2031",1
"MEK_THA","2032",1
"MEK_THA","2033",1
"MEK_THA","2034",1
"MEK_THA","2035",1
"MEK_THA","2036",1
"MEK_THA","2037",1
"MEK_THA","2038",1
"MEK_THA","2039",1
"MEK_THA","2040",1
"MEK_THA","2041",1
"MEK_THA","2042",1
"MEK_THA","2043",1
"MEK_THA","2044",1
"MEK_THA","2045",1
"MEK_THA","2046",1
"MEK_THA","2047",1
"MEK_THA","2048",1
"MEK_THA","2049",1
"MEK_THA","2050",1
"MEK_VNM","2019",1
"MEK_VNM","2020",1
"MEK_VNM","2021",1
"MEK_VNM","2022",1
"MEK_VNM","2023",1
"MEK_VNM","2024",1
"MEK_VNM","2025",1
"MEK_VNM","2026",1
"MEK_VNM","2027",1
"MEK_VNM","2028",1
"MEK_VNM","2029",1
"MEK_VNM","2030",1
"MEK_VNM","2031",1
"MEK_VNM","2032",1
"MEK_VNM","2033",1
"MEK_VNM","2034",1
"MEK_VNM","2035",1
"MEK_VNM","2036",1
"MEK_VNM","2037",1
"MEK_VNM","2038",1
"MEK_VNM","2039",1
"MEK_VNM","2040",1
"MEK_VNM","2041",1
"MEK_VNM","2042",1
"MEK_VNM","2043",1
"MEK_VNM","2044",1
"MEK_VNM","2045",1
"MEK_VNM","2046",1
"MEK_VNM","2047",1
"MEK_VNM","2048",1
"MEK_VNM","2049",1
"MEK_VNM","2050",1
"MHN_IND","2019",1
"MHN_IND","2020",1
"MHN_IND","2021",1
"MHN_IND","2022",1
"MHN_IND","2023",1
"MHN_IND","2024",1
"MHN_IND","2025",1
"MHN_IND","2026",1
"MHN_IND","2027",1
"MHN_IND","2028",1
"MHN_IND","2029",1
"MHN_IND","2030",1
"MHN_IND","2031",1
"MHN_IND","2032",1
"MHN_IND","2033",1
"MHN_IND","2034",1
"MHN_IND","2035",1
"MHN_IND","2036",1
"MHN_IND","2037",1
"MHN_IND","2038",1
"MHN_IND","2039",1
"MHN_IND","2040",1
"MHN_IND","2041",1
"MHN_IND","2042",1
"MHN_IND","2043",1
"MHN_IND","2044",1
"MHN_IND","2045",1
"MHN_IND","2046",1
"MHN_IND","2047",1
"MHN_IND","2048",1
"MHN_IND","2049",1
"MHN_IND","2050",1
"MIM_MEX","2019",1
"MIM_MEX","2020",1
"MIM_MEX","2021",1
"MIM_MEX","2022",1
"MIM_MEX","2023",1
"MIM_MEX","2024",1
"MIM_MEX","2025",1
"MIM_MEX","2026",1
"MIM_MEX","2027",1
"MIM_MEX","2028",1
"MIM_MEX","2029",1
"MIM_MEX","2030",1
"MIM_MEX","2031",1
"MIM_MEX","2032",1
"MIM_MEX","2033",1
"MIM_MEX","2034",1
"MIM_MEX","2035",1
"MIM_MEX","2036",1
"MIM_MEX","2037",1
"MIM_MEX","2038",1
"MIM_MEX","2039",1
"MIM_MEX","2040",1
"MIM_MEX","2041",1
"MIM_MEX","2042",1
"MIM_MEX","2043",1
"MIM_MEX","2044",1
"MIM_MEX","2045",1
"MIM_MEX","2046",1
"MIM_MEX","2047",1
"MIM_MEX","2048",1
"MIM_MEX","2049",1
"MIM_MEX","2050",1
"MIS_USA","2019",1
"MIS_USA","2020",1
"MIS_USA","2021",1
"MIS_USA","2022",1
"MIS_USA","2023",1
"MIS_USA","2024",1
"MIS_USA","2025",1
"MIS_USA","2026",1
"MIS_USA","2027",1
"MIS_USA","2028",1
"MIS_USA","2029",1
"MIS_USA","2030",1
"MIS_USA","2031",1
"MIS_USA","2032",1
"MIS_USA","2033",1
"MIS_USA","2034",1
"MIS_USA","2035",1
"MIS_USA","2036",1
"MIS_USA","2037",1
"MIS_USA","2038",1
"MIS_USA","2039",1
"MIS_USA","2040",1
"MIS_USA","2041",1
"MIS_USA","2042",1
"MIS_USA","2043",1
"MIS_USA","2044",1
"MIS_USA","2045",1
"MIS_USA","2046",1
"MIS_USA","2047",1
"MIS_USA","2048",1
"MIS_USA","2049",1
"MIS_USA","2050",1
"MOU_USA","2019",1
"MOU_USA","2020",1
"MOU_USA","2021",1
"MOU_USA","2022",1
"MOU_USA","2023",1
"MOU_USA","2024",1
"MOU_USA","2025",1
"MOU_USA","2026",1
"MOU_USA","2027",1
"MOU_USA","2028",1
"MOU_USA","2029",1
"MOU_USA","2030",1
"MOU_USA","2031",1
"MOU_USA","2032",1
"MOU_USA","2033",1
"MOU_USA","2034",1
"MOU_USA","2035",1
"MOU_USA","2036",1
"MOU_USA","2037",1
"MOU_USA","2038",1
"MOU_USA","2039",1
"MOU_USA","2040",1
"MOU_USA","2041",1
"MOU_USA","2042",1
"MOU_USA","2043",1
"MOU_USA","2044",1
"MOU_USA","2045",1
"MOU_USA","2046",1
"MOU_USA","2047",1
"MOU_USA","2048",1
"MOU_USA","2049",1
"MOU_USA","2050",1
"NAC_DZA","2019",1
"NAC_DZA","2020",1
"NAC_DZA","2021",1
"NAC_DZA","2022",1
"NAC_DZA","2023",1
"NAC_DZA","2024",1
"NAC_DZA","2025",1
"NAC_DZA","2026",1
"NAC_DZA","2027",1
"NAC_DZA","2028",1
"NAC_DZA","2029",1
"NAC_DZA","2030",1
"NAC_DZA","2031",1
"NAC_DZA","2032",1
"NAC_DZA","2033",1
"NAC_DZA","2034",1
"NAC_DZA","2035",1
"NAC_DZA","2036",1
"NAC_DZA","2037",1
"NAC_DZA","2038",1
"NAC_DZA","2039",1
"NAC_DZA","2040",1
"NAC_DZA","2041",1
"NAC_DZA","2042",1
"NAC_DZA","2043",1
"NAC_DZA","2044",1
"NAC_DZA","2045",1
"NAC_DZA","2046",1
"NAC_DZA","2047",1
"NAC_DZA","2048",1
"NAC_DZA","2049",1
"NAC_DZA","2050",1
"NAC_EGY","2019",1
"NAC_EGY","2020",1
"NAC_EGY","2021",1
"NAC_EGY","2022",1
"NAC_EGY","2023",1
"NAC_EGY","2024",1
"NAC_EGY","2025",1
"NAC_EGY","2026",1
"NAC_EGY","2027",1
"NAC_EGY","2028",1
"NAC_EGY","2029",1
"NAC_EGY","2030",1
"NAC_EGY","2031",1
"NAC_EGY","2032",1
"NAC_EGY","2033",1
"NAC_EGY","2034",1
"NAC_EGY","2035",1
"NAC_EGY","2036",1
"NAC_EGY","2037",1
"NAC_EGY","2038",1
"NAC_EGY","2039",1
"NAC_EGY","2040",1
"NAC_EGY","2041",1
"NAC_EGY","2042",1
"NAC_EGY","2043",1
"NAC_EGY","2044",1
"NAC_EGY","2045",1
"NAC_EGY","2046",1
"NAC_EGY","2047",1
"NAC_EGY","2048",1
"NAC_EGY","2049",1
"NAC_EGY","2050",1
"NAC_LBY","2019",1
"NAC_LBY","2020",1
"NAC_LBY","2021",1
"NAC_LBY","2022",1
"NAC_LBY","2023",1
"NAC_LBY","2024",1
"NAC_LBY","2025",1
"NAC_LBY","2026",1
"NAC_LBY","2027",1
"NAC_LBY","2028",1
"NAC_LBY","2029",1
"NAC_LBY","2030",1
"NAC_LBY","2031",1
"NAC_LBY","2032",1
"NAC_LBY","2033",1
"NAC_LBY","2034",1
"NAC_LBY","2035",1
"NAC_LBY","2036",1
"NAC_LBY","2037",1
"NAC_LBY","2038",1
"NAC_LBY","2039",1
"NAC_LBY","2040",1
"NAC_LBY","2041",1
"NAC_LBY","2042",1
"NAC_LBY","2043",1
"NAC_LBY","2044",1
"NAC_LBY","2045",1
"NAC_LBY","2046",1
"NAC_LBY","2047",1
"NAC_LBY","2048",1
"NAC_LBY","2049",1
"NAC_LBY","2050",1
"NAC_TUN","2019",1
"NAC_TUN","2020",1
"NAC_TUN","2021",1
"NAC_TUN","2022",1
"NAC_TUN","2023",1
"NAC_TUN","2024",1
"NAC_TUN","2025",1
"NAC_TUN","2026",1
"NAC_TUN","2027",1
"NAC_TUN","2028",1
"NAC_TUN","2029",1
"NAC_TUN","2030",1
"NAC_TUN","2031",1
"NAC_TUN","2032",1
"NAC_TUN","2033",1
"NAC_TUN","2034",1
"NAC_TUN","2035",1
"NAC_TUN","2036",1
"NAC_TUN","2037",1
"NAC_TUN","2038",1
"NAC_TUN","2039",1
"NAC_TUN","2040",1
"NAC_TUN","2041",1
"NAC_TUN","2042",1
"NAC_TUN","2043",1
"NAC_TUN","2044",1
"NAC_TUN","2045",1
"NAC_TUN","2046",1
"NAC_TUN","2047",1
"NAC_TUN","2048",1
"NAC_TUN","2049",1
"NAC_TUN","2050",1
"NEB_BRA","2019",1
"NEB_BRA","2020",1
"NEB_BRA","2021",1
"NEB_BRA","2022",1
"NEB_BRA","2023",1
"NEB_BRA","2024",1
"NEB_BRA","2025",1
"NEB_BRA","2026",1
"NEB_BRA","2027",1
"NEB_BRA","2028",1
"NEB_BRA","2029",1
"NEB_BRA","2030",1
"NEB_BRA","2031",1
"NEB_BRA","2032",1
"NEB_BRA","2033",1
"NEB_BRA","2034",1
"NEB_BRA","2035",1
"NEB_BRA","2036",1
"NEB_BRA","2037",1
"NEB_BRA","2038",1
"NEB_BRA","2039",1
"NEB_BRA","2040",1
"NEB_BRA","2041",1
"NEB_BRA","2042",1
"NEB_BRA","2043",1
"NEB_BRA","2044",1
"NEB_BRA","2045",1
"NEB_BRA","2046",1
"NEB_BRA","2047",1
"NEB_BRA","2048",1
"NEB_BRA","2049",1
"NEB_BRA","2050",1
"NER_RUS","2019",1
"NER_RUS","2020",1
"NER_RUS","2021",1
"NER_RUS","2022",1
"NER_RUS","2023",1
"NER_RUS","2024",1
"NER_RUS","2025",1
"NER_RUS","2026",1
"NER_RUS","2027",1
"NER_RUS","2028",1
"NER_RUS","2029",1
"NER_RUS","2030",1
"NER_RUS","2031",1
"NER_RUS","2032",1
"NER_RUS","2033",1
"NER_RUS","2034",1
"NER_RUS","2035",1
"NER_RUS","2036",1
"NER_RUS","2037",1
"NER_RUS","2038",1
"NER_RUS","2039",1
"NER_RUS","2040",1
"NER_RUS","2041",1
"NER_RUS","2042",1
"NER_RUS","2043",1
"NER_RUS","2044",1
"NER_RUS","2045",1
"NER_RUS","2046",1
"NER_RUS","2047",1
"NER_RUS","2048",1
"NER_RUS","2049",1
"NER_RUS","2050",1
"NIC_NIC","2019",1
"NIC_NIC","2020",1
"NIC_NIC","2021",1
"NIC_NIC","2022",1
"NIC_NIC","2023",1
"NIC_NIC","2024",1
"NIC_NIC","2025",1
"NIC_NIC","2026",1
"NIC_NIC","2027",1
"NIC_NIC","2028",1
"NIC_NIC","2029",1
"NIC_NIC","2030",1
"NIC_NIC","2031",1
"NIC_NIC","2032",1
"NIC_NIC","2033",1
"NIC_NIC","2034",1
"NIC_NIC","2035",1
"NIC_NIC","2036",1
"NIC_NIC","2037",1
"NIC_NIC","2038",1
"NIC_NIC","2039",1
"NIC_NIC","2040",1
"NIC_NIC","2041",1
"NIC_NIC","2042",1
"NIC_NIC","2043",1
"NIC_NIC","2044",1
"NIC_NIC","2045",1
"NIC_NIC","2046",1
"NIC_NIC","2047",1
"NIC_NIC","2048",1
"NIC_NIC","2049",1
"NIC_NIC","2050",1
"NIG_BEN","2019",1
"NIG_BEN","2020",1
"NIG_BEN","2021",1
"NIG_BEN","2022",1
"NIG_BEN","2023",1
"NIG_BEN","2024",1
"NIG_BEN","2025",1
"NIG_BEN","2026",1
"NIG_BEN","2027",1
"NIG_BEN","2028",1
"NIG_BEN","2029",1
"NIG_BEN","2030",1
"NIG_BEN","2031",1
"NIG_BEN","2032",1
"NIG_BEN","2033",1
"NIG_BEN","2034",1
"NIG_BEN","2035",1
"NIG_BEN","2036",1
"NIG_BEN","2037",1
"NIG_BEN","2038",1
"NIG_BEN","2039",1
"NIG_BEN","2040",1
"NIG_BEN","2041",1
"NIG_BEN","2042",1
"NIG_BEN","2043",1
"NIG_BEN","2044",1
"NIG_BEN","2045",1
"NIG_BEN","2046",1
"NIG_BEN","2047",1
"NIG_BEN","2048",1
"NIG_BEN","2049",1
"NIG_BEN","2050",1
"NIG_BFA","2019",1
"NIG_BFA","2020",1
"NIG_BFA","2021",1
"NIG_BFA","2022",1
"NIG_BFA","2023",1
"NIG_BFA","2024",1
"NIG_BFA","2025",1
"NIG_BFA","2026",1
"NIG_BFA","2027",1
"NIG_BFA","2028",1
"NIG_BFA","2029",1
"NIG_BFA","2030",1
"NIG_BFA","2031",1
"NIG_BFA","2032",1
"NIG_BFA","2033",1
"NIG_BFA","2034",1
"NIG_BFA","2035",1
"NIG_BFA","2036",1
"NIG_BFA","2037",1
"NIG_BFA","2038",1
"NIG_BFA","2039",1
"NIG_BFA","2040",1
"NIG_BFA","2041",1
"NIG_BFA","2042",1
"NIG_BFA","2043",1
"NIG_BFA","2044",1
"NIG_BFA","2045",1
"NIG_BFA","2046",1
"NIG_BFA","2047",1
"NIG_BFA","2048",1
"NIG_BFA","2049",1
"NIG_BFA","2050",1
"NIG_CIV","2019",1
"NIG_CIV","2020",1
"NIG_CIV","2021",1
"NIG_CIV","2022",1
"NIG_CIV","2023",1
"NIG_CIV","2024",1
"NIG_CIV","2025",1
"NIG_CIV","2026",1
"NIG_CIV","2027",1
"NIG_CIV","2028",1
"NIG_CIV","2029",1
"NIG_CIV","2030",1
"NIG_CIV","2031",1
"NIG_CIV","2032",1
"NIG_CIV","2033",1
"NIG_CIV","2034",1
"NIG_CIV","2035",1
"NIG_CIV","2036",1
"NIG_CIV","2037",1
"NIG_CIV","2038",1
"NIG_CIV","2039",1
"NIG_CIV","2040",1
"NIG_CIV","2041",1
"NIG_CIV","2042",1
"NIG_CIV","2043",1
"NIG_CIV","2044",1
"NIG_CIV","2045",1
"NIG_CIV","2046",1
"NIG_CIV","2047",1
"NIG_CIV","2048",1
"NIG_CIV","2049",1
"NIG_CIV","2050",1
"NIG_CMR","2019",1
"NIG_CMR","2020",1
"NIG_CMR","2021",1
"NIG_CMR","2022",1
"NIG_CMR","2023",1
"NIG_CMR","2024",1
"NIG_CMR","2025",1
"NIG_CMR","2026",1
"NIG_CMR","2027",1
"NIG_CMR","2028",1
"NIG_CMR","2029",1
"NIG_CMR","2030",1
"NIG_CMR","2031",1
"NIG_CMR","2032",1
"NIG_CMR","2033",1
"NIG_CMR","2034",1
"NIG_CMR","2035",1
"NIG_CMR","2036",1
"NIG_CMR","2037",1
"NIG_CMR","2038",1
"NIG_CMR","2039",1
"NIG_CMR","2040",1
"NIG_CMR","2041",1
"NIG_CMR","2042",1
"NIG_CMR","2043",1
"NIG_CMR","2044",1
"NIG_CMR","2045",1
"NIG_CMR","2046",1
"NIG_CMR","2047",1
"NIG_CMR","2048",1
"NIG_CMR","2049",1
"NIG_CMR","2050",1
"NIG_GIN","2019",1
"NIG_GIN","2020",1
"NIG_GIN","2021",1
"NIG_GIN","2022",1
"NIG_GIN","2023",1
"NIG_GIN","2024",1
"NIG_GIN","2025",1
"NIG_GIN","2026",1
"NIG_GIN","2027",1
"NIG_GIN","2028",1
"NIG_GIN","2029",1
"NIG_GIN","2030",1
"NIG_GIN","2031",1
"NIG_GIN","2032",1
"NIG_GIN","2033",1
"NIG_GIN","2034",1
"NIG_GIN","2035",1
"NIG_GIN","2036",1
"NIG_GIN","2037",1
"NIG_GIN","2038",1
"NIG_GIN","2039",1
"NIG_GIN","2040",1
"NIG_GIN","2041",1
"NIG_GIN","2042",1
"NIG_GIN","2043",1
"NIG_GIN","2044",1
"NIG_GIN","2045",1
"NIG_GIN","2046",1
"NIG_GIN","2047",1
"NIG_GIN","2048",1
"NIG_GIN","2049",1
"NIG_GIN","2050",1
"NIG_MLI","2019",1
"NIG_MLI","2020",1
"NIG_MLI","2021",1
"NIG_MLI","2022",1
"NIG_MLI","2023",1
"NIG_MLI","2024",1
"NIG_MLI","2025",1
"NIG_MLI","2026",1
"NIG_MLI","2027",1
"NIG_MLI","2028",1
"NIG_MLI","2029",1
"NIG_MLI","2030",1
"NIG_MLI","2031",1
"NIG_MLI","2032",1
"NIG_MLI","2033",1
"NIG_MLI","2034",1
"NIG_MLI","2035",1
"NIG_MLI","2036",1
"NIG_MLI","2037",1
"NIG_MLI","2038",1
"NIG_MLI","2039",1
"NIG_MLI","2040",1
"NIG_MLI","2041",1
"NIG_MLI","2042",1
"NIG_MLI","2043",1
"NIG_MLI","2044",1
"NIG_MLI","2045",1
"NIG_MLI","2046",1
"NIG_MLI","2047",1
"NIG_MLI","2048",1
"NIG_MLI","2049",1
"NIG_MLI","2050",1
"NIG_NER","2019",1
"NIG_NER","2020",1
"NIG_NER","2021",1
"NIG_NER","2022",1
"NIG_NER","2023",1
"NIG_NER","2024",1
"NIG_NER","2025",1
"NIG_NER","2026",1
"NIG_NER","2027",1
"NIG_NER","2028",1
"NIG_NER","2029",1
"NIG_NER","2030",1
"NIG_NER","2031",1
"NIG_NER","2032",1
"NIG_NER","2033",1
"NIG_NER","2034",1
"NIG_NER","2035",1
"NIG_NER","2036",1
"NIG_NER","2037",1
"NIG_NER","2038",1
"NIG_NER","2039",1
"NIG_NER","2040",1
"NIG_NER","2041",1
"NIG_NER","2042",1
"NIG_NER","2043",1
"NIG_NER","2044",1
"NIG_NER","2045",1
"NIG_NER","2046",1
"NIG_NER","2047",1
"NIG_NER","2048",1
"NIG_NER","2049",1
"NIG_NER","2050",1
"NIG_NGA","2019",1
"NIG_NGA","2020",1
"NIG_NGA","2021",1
"NIG_NGA","2022",1
"NIG_NGA","2023",1
"NIG_NGA","2024",1
"NIG_NGA","2025",1
"NIG_NGA","2026",1
"NIG_NGA","2027",1
"NIG_NGA","2028",1
"NIG_NGA","2029",1
"NIG_NGA","2030",1
"NIG_NGA","2031",1
"NIG_NGA","2032",1
"NIG_NGA","2033",1
"NIG_NGA","2034",1
"NIG_NGA","2035",1
"NIG_NGA","2036",1
"NIG_NGA","2037",1
"NIG_NGA","2038",1
"NIG_NGA","2039",1
"NIG_NGA","2040",1
"NIG_NGA","2041",1
"NIG_NGA","2042",1
"NIG_NGA","2043",1
"NIG_NGA","2044",1
"NIG_NGA","2045",1
"NIG_NGA","2046",1
"NIG_NGA","2047",1
"NIG_NGA","2048",1
"NIG_NGA","2049",1
"NIG_NGA","2050",1
"NIG_TCD","2019",1
"NIG_TCD","2020",1
"NIG_TCD","2021",1
"NIG_TCD","2022",1
"NIG_TCD","2023",1
"NIG_TCD","2024",1
"NIG_TCD","2025",1
"NIG_TCD","2026",1
"NIG_TCD","2027",1
"NIG_TCD","2028",1
"NIG_TCD","2029",1
"NIG_TCD","2030",1
"NIG_TCD","2031",1
"NIG_TCD","2032",1
"NIG_TCD","2033",1
"NIG_TCD","2034",1
"NIG_TCD","2035",1
"NIG_TCD","2036",1
"NIG_TCD","2037",1
"NIG_TCD","2038",1
"NIG_TCD","2039",1
"NIG_TCD","2040",1
"NIG_TCD","2041",1
"NIG_TCD","2042",1
"NIG_TCD","2043",1
"NIG_TCD","2044",1
"NIG_TCD","2045",1
"NIG_TCD","2046",1
"NIG_TCD","2047",1
"NIG_TCD","2048",1
"NIG_TCD","2049",1
"NIG_TCD","2050",1
"NKP_PRK","2019",1
"NKP_PRK","2020",1
"NKP_PRK","2021",1
"NKP_PRK","2022",1
"NKP_PRK","2023",1
"NKP_PRK","2024",1
"NKP_PRK","2025",1
"NKP_PRK","2026",1
"NKP_PRK","2027",1
"NKP_PRK","2028",1
"NKP_PRK","2029",1
"NKP_PRK","2030",1
"NKP_PRK","2031",1
"NKP_PRK","2032",1
"NKP_PRK","2033",1
"NKP_PRK","2034",1
"NKP_PRK","2035",1
"NKP_PRK","2036",1
"NKP_PRK","2037",1
"NKP_PRK","2038",1
"NKP_PRK","2039",1
"NKP_PRK","2040",1
"NKP_PRK","2041",1
"NKP_PRK","2042",1
"NKP_PRK","2043",1
"NKP_PRK","2044",1
"NKP_PRK","2045",1
"NKP_PRK","2046",1
"NKP_PRK","2047",1
"NKP_PRK","2048",1
"NKP_PRK","2049",1
"NKP_PRK","2050",1
"NLL_DJI","2019",1
"NLL_DJI","2020",1
"NLL_DJI","2021",1
"NLL_DJI","2022",1
"NLL_DJI","2023",1
"NLL_DJI","2024",1
"NLL_DJI","2025",1
"NLL_DJI","2026",1
"NLL_DJI","2027",1
"NLL_DJI","2028",1
"NLL_DJI","2029",1
"NLL_DJI","2030",1
"NLL_DJI","2031",1
"NLL_DJI","2032",1
"NLL_DJI","2033",1
"NLL_DJI","2034",1
"NLL_DJI","2035",1
"NLL_DJI","2036",1
"NLL_DJI","2037",1
"NLL_DJI","2038",1
"NLL_DJI","2039",1
"NLL_DJI","2040",1
"NLL_DJI","2041",1
"NLL_DJI","2042",1
"NLL_DJI","2043",1
"NLL_DJI","2044",1
"NLL_DJI","2045",1
"NLL_DJI","2046",1
"NLL_DJI","2047",1
"NLL_DJI","2048",1
"NLL_DJI","2049",1
"NLL_DJI","2050",1
"NLL_EGY","2019",1
"NLL_EGY","2020",1
"NLL_EGY","2021",1
"NLL_EGY","2022",1
"NLL_EGY","2023",1
"NLL_EGY","2024",1
"NLL_EGY","2025",1
"NLL_EGY","2026",1
"NLL_EGY","2027",1
"NLL_EGY","2028",1
"NLL_EGY","2029",1
"NLL_EGY","2030",1
"NLL_EGY","2031",1
"NLL_EGY","2032",1
"NLL_EGY","2033",1
"NLL_EGY","2034",1
"NLL_EGY","2035",1
"NLL_EGY","2036",1
"NLL_EGY","2037",1
"NLL_EGY","2038",1
"NLL_EGY","2039",1
"NLL_EGY","2040",1
"NLL_EGY","2041",1
"NLL_EGY","2042",1
"NLL_EGY","2043",1
"NLL_EGY","2044",1
"NLL_EGY","2045",1
"NLL_EGY","2046",1
"NLL_EGY","2047",1
"NLL_EGY","2048",1
"NLL_EGY","2049",1
"NLL_EGY","2050",1
"NLL_ERI","2019",1
"NLL_ERI","2020",1
"NLL_ERI","2021",1
"NLL_ERI","2022",1
"NLL_ERI","2023",1
"NLL_ERI","2024",1
"NLL_ERI","2025",1
"NLL_ERI","2026",1
"NLL_ERI","2027",1
"NLL_ERI","2028",1
"NLL_ERI","2029",1
"NLL_ERI","2030",1
"NLL_ERI","2031",1
"NLL_ERI","2032",1
"NLL_ERI","2033",1
"NLL_ERI","2034",1
"NLL_ERI","2035",1
"NLL_ERI","2036",1
"NLL_ERI","2037",1
"NLL_ERI","2038",1
"NLL_ERI","2039",1
"NLL_ERI","2040",1
"NLL_ERI","2041",1
"NLL_ERI","2042",1
"NLL_ERI","2043",1
"NLL_ERI","2044",1
"NLL_ERI","2045",1
"NLL_ERI","2046",1
"NLL_ERI","2047",1
"NLL_ERI","2048",1
"NLL_ERI","2049",1
"NLL_ERI","2050",1
"NLL_ETH","2019",1
"NLL_ETH","2020",1
"NLL_ETH","2021",1
"NLL_ETH","2022",1
"NLL_ETH","2023",1
"NLL_ETH","2024",1
"NLL_ETH","2025",1
"NLL_ETH","2026",1
"NLL_ETH","2027",1
"NLL_ETH","2028",1
"NLL_ETH","2029",1
"NLL_ETH","2030",1
"NLL_ETH","2031",1
"NLL_ETH","2032",1
"NLL_ETH","2033",1
"NLL_ETH","2034",1
"NLL_ETH","2035",1
"NLL_ETH","2036",1
"NLL_ETH","2037",1
"NLL_ETH","2038",1
"NLL_ETH","2039",1
"NLL_ETH","2040",1
"NLL_ETH","2041",1
"NLL_ETH","2042",1
"NLL_ETH","2043",1
"NLL_ETH","2044",1
"NLL_ETH","2045",1
"NLL_ETH","2046",1
"NLL_ETH","2047",1
"NLL_ETH","2048",1
"NLL_ETH","2049",1
"NLL_ETH","2050",1
"NLL_SDN","2019",1
"NLL_SDN","2020",1
"NLL_SDN","2021",1
"NLL_SDN","2022",1
"NLL_SDN","2023",1
"NLL_SDN","2024",1
"NLL_SDN","2025",1
"NLL_SDN","2026",1
"NLL_SDN","2027",1
"NLL_SDN","2028",1
"NLL_SDN","2029",1
"NLL_SDN","2030",1
"NLL_SDN","2031",1
"NLL_SDN","2032",1
"NLL_SDN","2033",1
"NLL_SDN","2034",1
"NLL_SDN","2035",1
"NLL_SDN","2036",1
"NLL_SDN","2037",1
"NLL_SDN","2038",1
"NLL_SDN","2039",1
"NLL_SDN","2040",1
"NLL_SDN","2041",1
"NLL_SDN","2042",1
"NLL_SDN","2043",1
"NLL_SDN","2044",1
"NLL_SDN","2045",1
"NLL_SDN","2046",1
"NLL_SDN","2047",1
"NLL_SDN","2048",1
"NLL_SDN","2049",1
"NLL_SDN","2050",1
"NLL_SSD","2019",1
"NLL_SSD","2020",1
"NLL_SSD","2021",1
"NLL_SSD","2022",1
"NLL_SSD","2023",1
"NLL_SSD","2024",1
"NLL_SSD","2025",1
"NLL_SSD","2026",1
"NLL_SSD","2027",1
"NLL_SSD","2028",1
"NLL_SSD","2029",1
"NLL_SSD","2030",1
"NLL_SSD","2031",1
"NLL_SSD","2032",1
"NLL_SSD","2033",1
"NLL_SSD","2034",1
"NLL_SSD","2035",1
"NLL_SSD","2036",1
"NLL_SSD","2037",1
"NLL_SSD","2038",1
"NLL_SSD","2039",1
"NLL_SSD","2040",1
"NLL_SSD","2041",1
"NLL_SSD","2042",1
"NLL_SSD","2043",1
"NLL_SSD","2044",1
"NLL_SSD","2045",1
"NLL_SSD","2046",1
"NLL_SSD","2047",1
"NLL_SSD","2048",1
"NLL_SSD","2049",1
"NLL_SSD","2050",1
"NLL_UGA","2019",1
"NLL_UGA","2020",1
"NLL_UGA","2021",1
"NLL_UGA","2022",1
"NLL_UGA","2023",1
"NLL_UGA","2024",1
"NLL_UGA","2025",1
"NLL_UGA","2026",1
"NLL_UGA","2027",1
"NLL_UGA","2028",1
"NLL_UGA","2029",1
"NLL_UGA","2030",1
"NLL_UGA","2031",1
"NLL_UGA","2032",1
"NLL_UGA","2033",1
"NLL_UGA","2034",1
"NLL_UGA","2035",1
"NLL_UGA","2036",1
"NLL_UGA","2037",1
"NLL_UGA","2038",1
"NLL_UGA","2039",1
"NLL_UGA","2040",1
"NLL_UGA","2041",1
"NLL_UGA","2042",1
"NLL_UGA","2043",1
"NLL_UGA","2044",1
"NLL_UGA","2045",1
"NLL_UGA","2046",1
"NLL_UGA","2047",1
"NLL_UGA","2048",1
"NLL_UGA","2049",1
"NLL_UGA","2050",1
"NOR_NOR","2019",1
"NOR_NOR","2020",1
"NOR_NOR","2021",1
"NOR_NOR","2022",1
"NOR_NOR","2023",1
"NOR_NOR","2024",1
"NOR_NOR","2025",1
"NOR_NOR","2026",1
"NOR_NOR","2027",1
"NOR_NOR","2028",1
"NOR_NOR","2029",1
"NOR_NOR","2030",1
"NOR_NOR","2031",1
"NOR_NOR","2032",1
"NOR_NOR","2033",1
"NOR_NOR","2034",1
"NOR_NOR","2035",1
"NOR_NOR","2036",1
"NOR_NOR","2037",1
"NOR_NOR","2038",1
"NOR_NOR","2039",1
"NOR_NOR","2040",1
"NOR_NOR","2041",1
"NOR_NOR","2042",1
"NOR_NOR","2043",1
"NOR_NOR","2044",1
"NOR_NOR","2045",1
"NOR_NOR","2046",1
"NOR_NOR","2047",1
"NOR_NOR","2048",1
"NOR_NOR","2049",1
"NOR_NOR","2050",1
"NWA_MOR","2019",1
"NWA_MOR","2020",1
"NWA_MOR","2021",1
"NWA_MOR","2022",1
"NWA_MOR","2023",1
"NWA_MOR","2024",1
"NWA_MOR","2025",1
"NWA_MOR","2026",1
"NWA_MOR","2027",1
"NWA_MOR","2028",1
"NWA_MOR","2029",1
"NWA_MOR","2030",1
"NWA_MOR","2031",1
"NWA_MOR","2032",1
"NWA_MOR","2033",1
"NWA_MOR","2034",1
"NWA_MOR","2035",1
"NWA_MOR","2036",1
"NWA_MOR","2037",1
"NWA_MOR","2038",1
"NWA_MOR","2039",1
"NWA_MOR","2040",1
"NWA_MOR","2041",1
"NWA_MOR","2042",1
"NWA_MOR","2043",1
"NWA_MOR","2044",1
"NWA_MOR","2045",1
"NWA_MOR","2046",1
"NWA_MOR","2047",1
"NWA_MOR","2048",1
"NWA_MOR","2049",1
"NWA_MOR","2050",1
"NWA_MRT","2019",1
"NWA_MRT","2020",1
"NWA_MRT","2021",1
"NWA_MRT","2022",1
"NWA_MRT","2023",1
"NWA_MRT","2024",1
"NWA_MRT","2025",1
"NWA_MRT","2026",1
"NWA_MRT","2027",1
"NWA_MRT","2028",1
"NWA_MRT","2029",1
"NWA_MRT","2030",1
"NWA_MRT","2031",1
"NWA_MRT","2032",1
"NWA_MRT","2033",1
"NWA_MRT","2034",1
"NWA_MRT","2035",1
"NWA_MRT","2036",1
"NWA_MRT","2037",1
"NWA_MRT","2038",1
"NWA_MRT","2039",1
"NWA_MRT","2040",1
"NWA_MRT","2041",1
"NWA_MRT","2042",1
"NWA_MRT","2043",1
"NWA_MRT","2044",1
"NWA_MRT","2045",1
"NWA_MRT","2046",1
"NWA_MRT","2047",1
"NWA_MRT","2048",1
"NWA_MRT","2049",1
"NWA_MRT","2050",1
"NWS_COL","2019",1
"NWS_COL","2020",1
"NWS_COL","2021",1
"NWS_COL","2022",1
"NWS_COL","2023",1
"NWS_COL","2024",1
"NWS_COL","2025",1
"NWS_COL","2026",1
"NWS_COL","2027",1
"NWS_COL","2028",1
"NWS_COL","2029",1
"NWS_COL","2030",1
"NWS_COL","2031",1
"NWS_COL","2032",1
"NWS_COL","2033",1
"NWS_COL","2034",1
"NWS_COL","2035",1
"NWS_COL","2036",1
"NWS_COL","2037",1
"NWS_COL","2038",1
"NWS_COL","2039",1
"NWS_COL","2040",1
"NWS_COL","2041",1
"NWS_COL","2042",1
"NWS_COL","2043",1
"NWS_COL","2044",1
"NWS_COL","2045",1
"NWS_COL","2046",1
"NWS_COL","2047",1
"NWS_COL","2048",1
"NWS_COL","2049",1
"NWS_COL","2050",1
"NWS_ECU","2019",1
"NWS_ECU","2020",1
"NWS_ECU","2021",1
"NWS_ECU","2022",1
"NWS_ECU","2023",1
"NWS_ECU","2024",1
"NWS_ECU","2025",1
"NWS_ECU","2026",1
"NWS_ECU","2027",1
"NWS_ECU","2028",1
"NWS_ECU","2029",1
"NWS_ECU","2030",1
"NWS_ECU","2031",1
"NWS_ECU","2032",1
"NWS_ECU","2033",1
"NWS_ECU","2034",1
"NWS_ECU","2035",1
"NWS_ECU","2036",1
"NWS_ECU","2037",1
"NWS_ECU","2038",1
"NWS_ECU","2039",1
"NWS_ECU","2040",1
"NWS_ECU","2041",1
"NWS_ECU","2042",1
"NWS_ECU","2043",1
"NWS_ECU","2044",1
"NWS_ECU","2045",1
"NWS_ECU","2046",1
"NWS_ECU","2047",1
"NWS_ECU","2048",1
"NWS_ECU","2049",1
"NWS_ECU","2050",1
"NZE_NZL","2019",1
"NZE_NZL","2020",1
"NZE_NZL","2021",1
"NZE_NZL","2022",1
"NZE_NZL","2023",1
"NZE_NZL","2024",1
"NZE_NZL","2025",1
"NZE_NZL","2026",1
"NZE_NZL","2027",1
"NZE_NZL","2028",1
"NZE_NZL","2029",1
"NZE_NZL","2030",1
"NZE_NZL","2031",1
"NZE_NZL","2032",1
"NZE_NZL","2033",1
"NZE_NZL","2034",1
"NZE_NZL","2035",1
"NZE_NZL","2036",1
"NZE_NZL","2037",1
"NZE_NZL","2038",1
"NZE_NZL","2039",1
"NZE_NZL","2040",1
"NZE_NZL","2041",1
"NZE_NZL","2042",1
"NZE_NZL","2043",1
"NZE_NZL","2044",1
"NZE_NZL","2045",1
"NZE_NZL","2046",1
"NZE_NZL","2047",1
"NZE_NZL","2048",1
"NZE_NZL","2049",1
"NZE_NZL","2050",1
"OAO_OAO","2019",1
"OAO_OAO","2020",1
"OAO_OAO","2021",1
"OAO_OAO","2022",1
"OAO_OAO","2023",1
"OAO_OAO","2024",1
"OAO_OAO","2025",1
"OAO_OAO","2026",1
"OAO_OAO","2027",1
"OAO_OAO","2028",1
"OAO_OAO","2029",1
"OAO_OAO","2030",1
"OAO_OAO","2031",1
"OAO_OAO","2032",1
"OAO_OAO","2033",1
"OAO_OAO","2034",1
"OAO_OAO","2035",1
"OAO_OAO","2036",1
"OAO_OAO","2037",1
"OAO_OAO","2038",1
"OAO_OAO","2039",1
"OAO_OAO","2040",1
"OAO_OAO","2041",1
"OAO_OAO","2042",1
"OAO_OAO","2043",1
"OAO_OAO","2044",1
"OAO_OAO","2045",1
"OAO_OAO","2046",1
"OAO_OAO","2047",1
"OAO_OAO","2048",1
"OAO_OAO","2049",1
"OAO_OAO","2050",1
"OBB_CHM","2019",1
"OBB_CHM","2020",1
"OBB_CHM","2021",1
"OBB_CHM","2022",1
"OBB_CHM","2023",1
"OBB_CHM","2024",1
"OBB_CHM","2025",1
"OBB_CHM","2026",1
"OBB_CHM","2027",1
"OBB_CHM","2028",1
"OBB_CHM","2029",1
"OBB_CHM","2030",1
"OBB_CHM","2031",1
"OBB_CHM","2032",1
"OBB_CHM","2033",1
"OBB_CHM","2034",1
"OBB_CHM","2035",1
"OBB_CHM","2036",1
"OBB_CHM","2037",1
"OBB_CHM","2038",1
"OBB_CHM","2039",1
"OBB_CHM","2040",1
"OBB_CHM","2041",1
"OBB_CHM","2042",1
"OBB_CHM","2043",1
"OBB_CHM","2044",1
"OBB_CHM","2045",1
"OBB_CHM","2046",1
"OBB_CHM","2047",1
"OBB_CHM","2048",1
"OBB_CHM","2049",1
"OBB_CHM","2050",1
"OBB_KAZ","2019",1
"OBB_KAZ","2020",1
"OBB_KAZ","2021",1
"OBB_KAZ","2022",1
"OBB_KAZ","2023",1
"OBB_KAZ","2024",1
"OBB_KAZ","2025",1
"OBB_KAZ","2026",1
"OBB_KAZ","2027",1
"OBB_KAZ","2028",1
"OBB_KAZ","2029",1
"OBB_KAZ","2030",1
"OBB_KAZ","2031",1
"OBB_KAZ","2032",1
"OBB_KAZ","2033",1
"OBB_KAZ","2034",1
"OBB_KAZ","2035",1
"OBB_KAZ","2036",1
"OBB_KAZ","2037",1
"OBB_KAZ","2038",1
"OBB_KAZ","2039",1
"OBB_KAZ","2040",1
"OBB_KAZ","2041",1
"OBB_KAZ","2042",1
"OBB_KAZ","2043",1
"OBB_KAZ","2044",1
"OBB_KAZ","2045",1
"OBB_KAZ","2046",1
"OBB_KAZ","2047",1
"OBB_KAZ","2048",1
"OBB_KAZ","2049",1
"OBB_KAZ","2050",1
"OBB_RUS","2019",1
"OBB_RUS","2020",1
"OBB_RUS","2021",1
"OBB_RUS","2022",1
"OBB_RUS","2023",1
"OBB_RUS","2024",1
"OBB_RUS","2025",1
"OBB_RUS","2026",1
"OBB_RUS","2027",1
"OBB_RUS","2028",1
"OBB_RUS","2029",1
"OBB_RUS","2030",1
"OBB_RUS","2031",1
"OBB_RUS","2032",1
"OBB_RUS","2033",1
"OBB_RUS","2034",1
"OBB_RUS","2035",1
"OBB_RUS","2036",1
"OBB_RUS","2037",1
"OBB_RUS","2038",1
"OBB_RUS","2039",1
"OBB_RUS","2040",1
"OBB_RUS","2041",1
"OBB_RUS","2042",1
"OBB_RUS","2043",1
"OBB_RUS","2044",1
"OBB_RUS","2045",1
"OBB_RUS","2046",1
"OBB_RUS","2047",1
"OBB_RUS","2048",1
"OBB_RUS","2049",1
"OBB_RUS","2050",1
"ODE_DEU","2019",1
"ODE_DEU","2020",1
"ODE_DEU","2021",1
"ODE_DEU","2022",1
"ODE_DEU","2023",1
"ODE_DEU","2024",1
"ODE_DEU","2025",1
"ODE_DEU","2026",1
"ODE_DEU","2027",1
"ODE_DEU","2028",1
"ODE_DEU","2029",1
"ODE_DEU","2030",1
"ODE_DEU","2031",1
"ODE_DEU","2032",1
"ODE_DEU","2033",1
"ODE_DEU","2034",1
"ODE_DEU","2035",1
"ODE_DEU","2036",1
"ODE_DEU","2037",1
"ODE_DEU","2038",1
"ODE_DEU","2039",1
"ODE_DEU","2040",1
"ODE_DEU","2041",1
"ODE_DEU","2042",1
"ODE_DEU","2043",1
"ODE_DEU","2044",1
"ODE_DEU","2045",1
"ODE_DEU","2046",1
"ODE_DEU","2047",1
"ODE_DEU","2048",1
"ODE_DEU","2049",1
"ODE_DEU","2050",1
"ODE_POL","2019",1
"ODE_POL","2020",1
"ODE_POL","2021",1
"ODE_POL","2022",1
"ODE_POL","2023",1
"ODE_POL","2024",1
"ODE_POL","2025",1
"ODE_POL","2026",1
"ODE_POL","2027",1
"ODE_POL","2028",1
"ODE_POL","2029",1
"ODE_POL","2030",1
"ODE_POL","2031",1
"ODE_POL","2032",1
"ODE_POL","2033",1
"ODE_POL","2034",1
"ODE_POL","2035",1
"ODE_POL","2036",1
"ODE_POL","2037",1
"ODE_POL","2038",1
"ODE_POL","2039",1
"ODE_POL","2040",1
"ODE_POL","2041",1
"ODE_POL","2042",1
"ODE_POL","2043",1
"ODE_POL","2044",1
"ODE_POL","2045",1
"ODE_POL","2046",1
"ODE_POL","2047",1
"ODE_POL","2048",1
"ODE_POL","2049",1
"ODE_POL","2050",1
"ODE_RUS","2019",1
"ODE_RUS","2020",1
"ODE_RUS","2021",1
"ODE_RUS","2022",1
"ODE_RUS","2023",1
"ODE_RUS","2024",1
"ODE_RUS","2025",1
"ODE_RUS","2026",1
"ODE_RUS","2027",1
"ODE_RUS","2028",1
"ODE_RUS","2029",1
"ODE_RUS","2030",1
"ODE_RUS","2031",1
"ODE_RUS","2032",1
"ODE_RUS","2033",1
"ODE_RUS","2034",1
"ODE_RUS","2035",1
"ODE_RUS","2036",1
"ODE_RUS","2037",1
"ODE_RUS","2038",1
"ODE_RUS","2039",1
"ODE_RUS","2040",1
"ODE_RUS","2041",1
"ODE_RUS","2042",1
"ODE_RUS","2043",1
"ODE_RUS","2044",1
"ODE_RUS","2045",1
"ODE_RUS","2046",1
"ODE_RUS","2047",1
"ODE_RUS","2048",1
"ODE_RUS","2049",1
"ODE_RUS","2050",1
"OHI_USA","2019",1
"OHI_USA","2020",1
"OHI_USA","2021",1
"OHI_USA","2022",1
"OHI_USA","2023",1
"OHI_USA","2024",1
"OHI_USA","2025",1
"OHI_USA","2026",1
"OHI_USA","2027",1
"OHI_USA","2028",1
"OHI_USA","2029",1
"OHI_USA","2030",1
"OHI_USA","2031",1
"OHI_USA","2032",1
"OHI_USA","2033",1
"OHI_USA","2034",1
"OHI_USA","2035",1
"OHI_USA","2036",1
"OHI_USA","2037",1
"OHI_USA","2038",1
"OHI_USA","2039",1
"OHI_USA","2040",1
"OHI_USA","2041",1
"OHI_USA","2042",1
"OHI_USA","2043",1
"OHI_USA","2044",1
"OHI_USA","2045",1
"OHI_USA","2046",1
"OHI_USA","2047",1
"OHI_USA","2048",1
"OHI_USA","2049",1
"OHI_USA","2050",1
"OIO_OIO","2019",1
"OIO_OIO","2020",1
"OIO_OIO","2021",1
"OIO_OIO","2022",1
"OIO_OIO","2023",1
"OIO_OIO","2024",1
"OIO_OIO","2025",1
"OIO_OIO","2026",1
"OIO_OIO","2027",1
"OIO_OIO","2028",1
"OIO_OIO","2029",1
"OIO_OIO","2030",1
"OIO_OIO","2031",1
"OIO_OIO","2032",1
"OIO_OIO","2033",1
"OIO_OIO","2034",1
"OIO_OIO","2035",1
"OIO_OIO","2036",1
"OIO_OIO","2037",1
"OIO_OIO","2038",1
"OIO_OIO","2039",1
"OIO_OIO","2040",1
"OIO_OIO","2041",1
"OIO_OIO","2042",1
"OIO_OIO","2043",1
"OIO_OIO","2044",1
"OIO_OIO","2045",1
"OIO_OIO","2046",1
"OIO_OIO","2047",1
"OIO_OIO","2048",1
"OIO_OIO","2049",1
"OIO_OIO","2050",1
"OPO_OPO","2019",1
"OPO_OPO","2020",1
"OPO_OPO","2021",1
"OPO_OPO","2022",1
"OPO_OPO","2023",1
"OPO_OPO","2024",1
"OPO_OPO","2025",1
"OPO_OPO","2026",1
"OPO_OPO","2027",1
"OPO_OPO","2028",1
"OPO_OPO","2029",1
"OPO_OPO","2030",1
"OPO_OPO","2031",1
"OPO_OPO","2032",1
"OPO_OPO","2033",1
"OPO_OPO","2034",1
"OPO_OPO","2035",1
"OPO_OPO","2036",1
"OPO_OPO","2037",1
"OPO_OPO","2038",1
"OPO_OPO","2039",1
"OPO_OPO","2040",1
"OPO_OPO","2041",1
"OPO_OPO","2042",1
"OPO_OPO","2043",1
"OPO_OPO","2044",1
"OPO_OPO","2045",1
"OPO_OPO","2046",1
"OPO_OPO","2047",1
"OPO_OPO","2048",1
"OPO_OPO","2049",1
"OPO_OPO","2050",1
"ORA_LSO","2019",1
"ORA_LSO","2020",1
"ORA_LSO","2021",1
"ORA_LSO","2022",1
"ORA_LSO","2023",1
"ORA_LSO","2024",1
"ORA_LSO","2025",1
"ORA_LSO","2026",1
"ORA_LSO","2027",1
"ORA_LSO","2028",1
"ORA_LSO","2029",1
"ORA_LSO","2030",1
"ORA_LSO","2031",1
"ORA_LSO","2032",1
"ORA_LSO","2033",1
"ORA_LSO","2034",1
"ORA_LSO","2035",1
"ORA_LSO","2036",1
"ORA_LSO","2037",1
"ORA_LSO","2038",1
"ORA_LSO","2039",1
"ORA_LSO","2040",1
"ORA_LSO","2041",1
"ORA_LSO","2042",1
"ORA_LSO","2043",1
"ORA_LSO","2044",1
"ORA_LSO","2045",1
"ORA_LSO","2046",1
"ORA_LSO","2047",1
"ORA_LSO","2048",1
"ORA_LSO","2049",1
"ORA_LSO","2050",1
"ORA_NAM","2019",1
"ORA_NAM","2020",1
"ORA_NAM","2021",1
"ORA_NAM","2022",1
"ORA_NAM","2023",1
"ORA_NAM","2024",1
"ORA_NAM","2025",1
"ORA_NAM","2026",1
"ORA_NAM","2027",1
"ORA_NAM","2028",1
"ORA_NAM","2029",1
"ORA_NAM","2030",1
"ORA_NAM","2031",1
"ORA_NAM","2032",1
"ORA_NAM","2033",1
"ORA_NAM","2034",1
"ORA_NAM","2035",1
"ORA_NAM","2036",1
"ORA_NAM","2037",1
"ORA_NAM","2038",1
"ORA_NAM","2039",1
"ORA_NAM","2040",1
"ORA_NAM","2041",1
"ORA_NAM","2042",1
"ORA_NAM","2043",1
"ORA_NAM","2044",1
"ORA_NAM","2045",1
"ORA_NAM","2046",1
"ORA_NAM","2047",1
"ORA_NAM","2048",1
"ORA_NAM","2049",1
"ORA_NAM","2050",1
"ORA_ZAF","2019",1
"ORA_ZAF","2020",1
"ORA_ZAF","2021",1
"ORA_ZAF","2022",1
"ORA_ZAF","2023",1
"ORA_ZAF","2024",1
"ORA_ZAF","2025",1
"ORA_ZAF","2026",1
"ORA_ZAF","2027",1
"ORA_ZAF","2028",1
"ORA_ZAF","2029",1
"ORA_ZAF","2030",1
"ORA_ZAF","2031",1
"ORA_ZAF","2032",1
"ORA_ZAF","2033",1
"ORA_ZAF","2034",1
"ORA_ZAF","2035",1
"ORA_ZAF","2036",1
"ORA_ZAF","2037",1
"ORA_ZAF","2038",1
"ORA_ZAF","2039",1
"ORA_ZAF","2040",1
"ORA_ZAF","2041",1
"ORA_ZAF","2042",1
"ORA_ZAF","2043",1
"ORA_ZAF","2044",1
"ORA_ZAF","2045",1
"ORA_ZAF","2046",1
"ORA_ZAF","2047",1
"ORA_ZAF","2048",1
"ORA_ZAF","2049",1
"ORA_ZAF","2050",1
"ORI_COL","2019",1
"ORI_COL","2020",1
"ORI_COL","2021",1
"ORI_COL","2022",1
"ORI_COL","2023",1
"ORI_COL","2024",1
"ORI_COL","2025",1
"ORI_COL","2026",1
"ORI_COL","2027",1
"ORI_COL","2028",1
"ORI_COL","2029",1
"ORI_COL","2030",1
"ORI_COL","2031",1
"ORI_COL","2032",1
"ORI_COL","2033",1
"ORI_COL","2034",1
"ORI_COL","2035",1
"ORI_COL","2036",1
"ORI_COL","2037",1
"ORI_COL","2038",1
"ORI_COL","2039",1
"ORI_COL","2040",1
"ORI_COL","2041",1
"ORI_COL","2042",1
"ORI_COL","2043",1
"ORI_COL","2044",1
"ORI_COL","2045",1
"ORI_COL","2046",1
"ORI_COL","2047",1
"ORI_COL","2048",1
"ORI_COL","2049",1
"ORI_COL","2050",1
"ORI_VEN","2019",1
"ORI_VEN","2020",1
"ORI_VEN","2021",1
"ORI_VEN","2022",1
"ORI_VEN","2023",1
"ORI_VEN","2024",1
"ORI_VEN","2025",1
"ORI_VEN","2026",1
"ORI_VEN","2027",1
"ORI_VEN","2028",1
"ORI_VEN","2029",1
"ORI_VEN","2030",1
"ORI_VEN","2031",1
"ORI_VEN","2032",1
"ORI_VEN","2033",1
"ORI_VEN","2034",1
"ORI_VEN","2035",1
"ORI_VEN","2036",1
"ORI_VEN","2037",1
"ORI_VEN","2038",1
"ORI_VEN","2039",1
"ORI_VEN","2040",1
"ORI_VEN","2041",1
"ORI_VEN","2042",1
"ORI_VEN","2043",1
"ORI_VEN","2044",1
"ORI_VEN","2045",1
"ORI_VEN","2046",1
"ORI_VEN","2047",1
"ORI_VEN","2048",1
"ORI_VEN","2049",1
"ORI_VEN","2050",1
"PAN_PAN","2019",1
"PAN_PAN","2020",1
"PAN_PAN","2021",1
"PAN_PAN","2022",1
"PAN_PAN","2023",1
"PAN_PAN","2024",1
"PAN_PAN","2025",1
"PAN_PAN","2026",1
"PAN_PAN","2027",1
"PAN_PAN","2028",1
"PAN_PAN","2029",1
"PAN_PAN","2030",1
"PAN_PAN","2031",1
"PAN_PAN","2032",1
"PAN_PAN","2033",1
"PAN_PAN","2034",1
"PAN_PAN","2035",1
"PAN_PAN","2036",1
"PAN_PAN","2037",1
"PAN_PAN","2038",1
"PAN_PAN","2039",1
"PAN_PAN","2040",1
"PAN_PAN","2041",1
"PAN_PAN","2042",1
"PAN_PAN","2043",1
"PAN_PAN","2044",1
"PAN_PAN","2045",1
"PAN_PAN","2046",1
"PAN_PAN","2047",1
"PAN_PAN","2048",1
"PAN_PAN","2049",1
"PAN_PAN","2050",1
"PAO_PNG","2019",1
"PAO_PNG","2020",1
"PAO_PNG","2021",1
"PAO_PNG","2022",1
"PAO_PNG","2023",1
"PAO_PNG","2024",1
"PAO_PNG","2025",1
"PAO_PNG","2026",1
"PAO_PNG","2027",1
"PAO_PNG","2028",1
"PAO_PNG","2029",1
"PAO_PNG","2030",1
"PAO_PNG","2031",1
"PAO_PNG","2032",1
"PAO_PNG","2033",1
"PAO_PNG","2034",1
"PAO_PNG","2035",1
"PAO_PNG","2036",1
"PAO_PNG","2037",1
"PAO_PNG","2038",1
"PAO_PNG","2039",1
"PAO_PNG","2040",1
"PAO_PNG","2041",1
"PAO_PNG","2042",1
"PAO_PNG","2043",1
"PAO_PNG","2044",1
"PAO_PNG","2045",1
"PAO_PNG","2046",1
"PAO_PNG","2047",1
"PAO_PNG","2048",1
"PAO_PNG","2049",1
"PAO_PNG","2050",1
"PAR_ARG","2019",1
"PAR_ARG","2020",1
"PAR_ARG","2021",1
"PAR_ARG","2022",1
"PAR_ARG","2023",1
"PAR_ARG","2024",1
"PAR_ARG","2025",1
"PAR_ARG","2026",1
"PAR_ARG","2027",1
"PAR_ARG","2028",1
"PAR_ARG","2029",1
"PAR_ARG","2030",1
"PAR_ARG","2031",1
"PAR_ARG","2032",1
"PAR_ARG","2033",1
"PAR_ARG","2034",1
"PAR_ARG","2035",1
"PAR_ARG","2036",1
"PAR_ARG","2037",1
"PAR_ARG","2038",1
"PAR_ARG","2039",1
"PAR_ARG","2040",1
"PAR_ARG","2041",1
"PAR_ARG","2042",1
"PAR_ARG","2043",1
"PAR_ARG","2044",1
"PAR_ARG","2045",1
"PAR_ARG","2046",1
"PAR_ARG","2047",1
"PAR_ARG","2048",1
"PAR_ARG","2049",1
"PAR_ARG","2050",1
"PAR_BOL","2019",1
"PAR_BOL","2020",1
"PAR_BOL","2021",1
"PAR_BOL","2022",1
"PAR_BOL","2023",1
"PAR_BOL","2024",1
"PAR_BOL","2025",1
"PAR_BOL","2026",1
"PAR_BOL","2027",1
"PAR_BOL","2028",1
"PAR_BOL","2029",1
"PAR_BOL","2030",1
"PAR_BOL","2031",1
"PAR_BOL","2032",1
"PAR_BOL","2033",1
"PAR_BOL","2034",1
"PAR_BOL","2035",1
"PAR_BOL","2036",1
"PAR_BOL","2037",1
"PAR_BOL","2038",1
"PAR_BOL","2039",1
"PAR_BOL","2040",1
"PAR_BOL","2041",1
"PAR_BOL","2042",1
"PAR_BOL","2043",1
"PAR_BOL","2044",1
"PAR_BOL","2045",1
"PAR_BOL","2046",1
"PAR_BOL","2047",1
"PAR_BOL","2048",1
"PAR_BOL","2049",1
"PAR_BOL","2050",1
"PAR_BRA","2019",1
"PAR_BRA","2020",1
"PAR_BRA","2021",1
"PAR_BRA","2022",1
"PAR_BRA","2023",1
"PAR_BRA","2024",1
"PAR_BRA","2025",1
"PAR_BRA","2026",1
"PAR_BRA","2027",1
"PAR_BRA","2028",1
"PAR_BRA","2029",1
"PAR_BRA","2030",1
"PAR_BRA","2031",1
"PAR_BRA","2032",1
"PAR_BRA","2033",1
"PAR_BRA","2034",1
"PAR_BRA","2035",1
"PAR_BRA","2036",1
"PAR_BRA","2037",1
"PAR_BRA","2038",1
"PAR_BRA","2039",1
"PAR_BRA","2040",1
"PAR_BRA","2041",1
"PAR_BRA","2042",1
"PAR_BRA","2043",1
"PAR_BRA","2044",1
"PAR_BRA","2045",1
"PAR_BRA","2046",1
"PAR_BRA","2047",1
"PAR_BRA","2048",1
"PAR_BRA","2049",1
"PAR_BRA","2050",1
"PAR_PRY","2019",1
"PAR_PRY","2020",1
"PAR_PRY","2021",1
"PAR_PRY","2022",1
"PAR_PRY","2023",1
"PAR_PRY","2024",1
"PAR_PRY","2025",1
"PAR_PRY","2026",1
"PAR_PRY","2027",1
"PAR_PRY","2028",1
"PAR_PRY","2029",1
"PAR_PRY","2030",1
"PAR_PRY","2031",1
"PAR_PRY","2032",1
"PAR_PRY","2033",1
"PAR_PRY","2034",1
"PAR_PRY","2035",1
"PAR_PRY","2036",1
"PAR_PRY","2037",1
"PAR_PRY","2038",1
"PAR_PRY","2039",1
"PAR_PRY","2040",1
"PAR_PRY","2041",1
"PAR_PRY","2042",1
"PAR_PRY","2043",1
"PAR_PRY","2044",1
"PAR_PRY","2045",1
"PAR_PRY","2046",1
"PAR_PRY","2047",1
"PAR_PRY","2048",1
"PAR_PRY","2049",1
"PAR_PRY","2050",1
"PEC_PER","2019",1
"PEC_PER","2020",1
"PEC_PER","2021",1
"PEC_PER","2022",1
"PEC_PER","2023",1
"PEC_PER","2024",1
"PEC_PER","2025",1
"PEC_PER","2026",1
"PEC_PER","2027",1
"PEC_PER","2028",1
"PEC_PER","2029",1
"PEC_PER","2030",1
"PEC_PER","2031",1
"PEC_PER","2032",1
"PEC_PER","2033",1
"PEC_PER","2034",1
"PEC_PER","2035",1
"PEC_PER","2036",1
"PEC_PER","2037",1
"PEC_PER","2038",1
"PEC_PER","2039",1
"PEC_PER","2040",1
"PEC_PER","2041",1
"PEC_PER","2042",1
"PEC_PER","2043",1
"PEC_PER","2044",1
"PEC_PER","2045",1
"PEC_PER","2046",1
"PEC_PER","2047",1
"PEC_PER","2048",1
"PEC_PER","2049",1
"PEC_PER","2050",1
"PHI_PHL","2019",1
"PHI_PHL","2020",1
"PHI_PHL","2021",1
"PHI_PHL","2022",1
"PHI_PHL","2023",1
"PHI_PHL","2024",1
"PHI_PHL","2025",1
"PHI_PHL","2026",1
"PHI_PHL","2027",1
"PHI_PHL","2028",1
"PHI_PHL","2029",1
"PHI_PHL","2030",1
"PHI_PHL","2031",1
"PHI_PHL","2032",1
"PHI_PHL","2033",1
"PHI_PHL","2034",1
"PHI_PHL","2035",1
"PHI_PHL","2036",1
"PHI_PHL","2037",1
"PHI_PHL","2038",1
"PHI_PHL","2039",1
"PHI_PHL","2040",1
"PHI_PHL","2041",1
"PHI_PHL","2042",1
"PHI_PHL","2043",1
"PHI_PHL","2044",1
"PHI_PHL","2045",1
"PHI_PHL","2046",1
"PHI_PHL","2047",1
"PHI_PHL","2048",1
"PHI_PHL","2049",1
"PHI_PHL","2050",1
"PRT_PRT","2019",1
"PRT_PRT","2020",1
"PRT_PRT","2021",1
"PRT_PRT","2022",1
"PRT_PRT","2023",1
"PRT_PRT","2024",1
"PRT_PRT","2025",1
"PRT_PRT","2026",1
"PRT_PRT","2027",1
"PRT_PRT","2028",1
"PRT_PRT","2029",1
"PRT_PRT","2030",1
"PRT_PRT","2031",1
"PRT_PRT","2032",1
"PRT_PRT","2033",1
"PRT_PRT","2034",1
"PRT_PRT","2035",1
"PRT_PRT","2036",1
"PRT_PRT","2037",1
"PRT_PRT","2038",1
"PRT_PRT","2039",1
"PRT_PRT","2040",1
"PRT_PRT","2041",1
"PRT_PRT","2042",1
"PRT_PRT","2043",1
"PRT_PRT","2044",1
"PRT_PRT","2045",1
"PRT_PRT","2046",1
"PRT_PRT","2047",1
"PRT_PRT","2048",1
"PRT_PRT","2049",1
"PRT_PRT","2050",1
"RAP_RAP","2019",1
"RAP_RAP","2020",1
"RAP_RAP","2021",1
"RAP_RAP","2022",1
"RAP_RAP","2023",1
"RAP_RAP","2024",1
"RAP_RAP","2025",1
"RAP_RAP","2026",1
"RAP_RAP","2027",1
"RAP_RAP","2028",1
"RAP_RAP","2029",1
"RAP_RAP","2030",1
"RAP_RAP","2031",1
"RAP_RAP","2032",1
"RAP_RAP","2033",1
"RAP_RAP","2034",1
"RAP_RAP","2035",1
"RAP_RAP","2036",1
"RAP_RAP","2037",1
"RAP_RAP","2038",1
"RAP_RAP","2039",1
"RAP_RAP","2040",1
"RAP_RAP","2041",1
"RAP_RAP","2042",1
"RAP_RAP","2043",1
"RAP_RAP","2044",1
"RAP_RAP","2045",1
"RAP_RAP","2046",1
"RAP_RAP","2047",1
"RAP_RAP","2048",1
"RAP_RAP","2049",1
"RAP_RAP","2050",1
"RHI_BLX","2019",1
"RHI_BLX","2020",1
"RHI_BLX","2021",1
"RHI_BLX","2022",1
"RHI_BLX","2023",1
"RHI_BLX","2024",1
"RHI_BLX","2025",1
"RHI_BLX","2026",1
"RHI_BLX","2027",1
"RHI_BLX","2028",1
"RHI_BLX","2029",1
"RHI_BLX","2030",1
"RHI_BLX","2031",1
"RHI_BLX","2032",1
"RHI_BLX","2033",1
"RHI_BLX","2034",1
"RHI_BLX","2035",1
"RHI_BLX","2036",1
"RHI_BLX","2037",1
"RHI_BLX","2038",1
"RHI_BLX","2039",1
"RHI_BLX","2040",1
"RHI_BLX","2041",1
"RHI_BLX","2042",1
"RHI_BLX","2043",1
"RHI_BLX","2044",1
"RHI_BLX","2045",1
"RHI_BLX","2046",1
"RHI_BLX","2047",1
"RHI_BLX","2048",1
"RHI_BLX","2049",1
"RHI_BLX","2050",1
"RHI_CHP","2019",1
"RHI_CHP","2020",1
"RHI_CHP","2021",1
"RHI_CHP","2022",1
"RHI_CHP","2023",1
"RHI_CHP","2024",1
"RHI_CHP","2025",1
"RHI_CHP","2026",1
"RHI_CHP","2027",1
"RHI_CHP","2028",1
"RHI_CHP","2029",1
"RHI_CHP","2030",1
"RHI_CHP","2031",1
"RHI_CHP","2032",1
"RHI_CHP","2033",1
"RHI_CHP","2034",1
"RHI_CHP","2035",1
"RHI_CHP","2036",1
"RHI_CHP","2037",1
"RHI_CHP","2038",1
"RHI_CHP","2039",1
"RHI_CHP","2040",1
"RHI_CHP","2041",1
"RHI_CHP","2042",1
"RHI_CHP","2043",1
"RHI_CHP","2044",1
"RHI_CHP","2045",1
"RHI_CHP","2046",1
"RHI_CHP","2047",1
"RHI_CHP","2048",1
"RHI_CHP","2049",1
"RHI_CHP","2050",1
"RHI_DEU","2019",1
"RHI_DEU","2020",1
"RHI_DEU","2021",1
"RHI_DEU","2022",1
"RHI_DEU","2023",1
"RHI_DEU","2024",1
"RHI_DEU","2025",1
"RHI_DEU","2026",1
"RHI_DEU","2027",1
"RHI_DEU","2028",1
"RHI_DEU","2029",1
"RHI_DEU","2030",1
"RHI_DEU","2031",1
"RHI_DEU","2032",1
"RHI_DEU","2033",1
"RHI_DEU","2034",1
"RHI_DEU","2035",1
"RHI_DEU","2036",1
"RHI_DEU","2037",1
"RHI_DEU","2038",1
"RHI_DEU","2039",1
"RHI_DEU","2040",1
"RHI_DEU","2041",1
"RHI_DEU","2042",1
"RHI_DEU","2043",1
"RHI_DEU","2044",1
"RHI_DEU","2045",1
"RHI_DEU","2046",1
"RHI_DEU","2047",1
"RHI_DEU","2048",1
"RHI_DEU","2049",1
"RHI_DEU","2050",1
"RHI_FRP","2019",1
"RHI_FRP","2020",1
"RHI_FRP","2021",1
"RHI_FRP","2022",1
"RHI_FRP","2023",1
"RHI_FRP","2024",1
"RHI_FRP","2025",1
"RHI_FRP","2026",1
"RHI_FRP","2027",1
"RHI_FRP","2028",1
"RHI_FRP","2029",1
"RHI_FRP","2030",1
"RHI_FRP","2031",1
"RHI_FRP","2032",1
"RHI_FRP","2033",1
"RHI_FRP","2034",1
"RHI_FRP","2035",1
"RHI_FRP","2036",1
"RHI_FRP","2037",1
"RHI_FRP","2038",1
"RHI_FRP","2039",1
"RHI_FRP","2040",1
"RHI_FRP","2041",1
"RHI_FRP","2042",1
"RHI_FRP","2043",1
"RHI_FRP","2044",1
"RHI_FRP","2045",1
"RHI_FRP","2046",1
"RHI_FRP","2047",1
"RHI_FRP","2048",1
"RHI_FRP","2049",1
"RHI_FRP","2050",1
"RHI_NLD","2019",1
"RHI_NLD","2020",1
"RHI_NLD","2021",1
"RHI_NLD","2022",1
"RHI_NLD","2023",1
"RHI_NLD","2024",1
"RHI_NLD","2025",1
"RHI_NLD","2026",1
"RHI_NLD","2027",1
"RHI_NLD","2028",1
"RHI_NLD","2029",1
"RHI_NLD","2030",1
"RHI_NLD","2031",1
"RHI_NLD","2032",1
"RHI_NLD","2033",1
"RHI_NLD","2034",1
"RHI_NLD","2035",1
"RHI_NLD","2036",1
"RHI_NLD","2037",1
"RHI_NLD","2038",1
"RHI_NLD","2039",1
"RHI_NLD","2040",1
"RHI_NLD","2041",1
"RHI_NLD","2042",1
"RHI_NLD","2043",1
"RHI_NLD","2044",1
"RHI_NLD","2045",1
"RHI_NLD","2046",1
"RHI_NLD","2047",1
"RHI_NLD","2048",1
"RHI_NLD","2049",1
"RHI_NLD","2050",1
"RHO_FRP","2019",1
"RHO_FRP","2020",1
"RHO_FRP","2021",1
"RHO_FRP","2022",1
"RHO_FRP","2023",1
"RHO_FRP","2024",1
"RHO_FRP","2025",1
"RHO_FRP","2026",1
"RHO_FRP","2027",1
"RHO_FRP","2028",1
"RHO_FRP","2029",1
"RHO_FRP","2030",1
"RHO_FRP","2031",1
"RHO_FRP","2032",1
"RHO_FRP","2033",1
"RHO_FRP","2034",1
"RHO_FRP","2035",1
"RHO_FRP","2036",1
"RHO_FRP","2037",1
"RHO_FRP","2038",1
"RHO_FRP","2039",1
"RHO_FRP","2040",1
"RHO_FRP","2041",1
"RHO_FRP","2042",1
"RHO_FRP","2043",1
"RHO_FRP","2044",1
"RHO_FRP","2045",1
"RHO_FRP","2046",1
"RHO_FRP","2047",1
"RHO_FRP","2048",1
"RHO_FRP","2049",1
"RHO_FRP","2050",1
"RIC_ARG","2019",1
"RIC_ARG","2020",1
"RIC_ARG","2021",1
"RIC_ARG","2022",1
"RIC_ARG","2023",1
"RIC_ARG","2024",1
"RIC_ARG","2025",1
"RIC_ARG","2026",1
"RIC_ARG","2027",1
"RIC_ARG","2028",1
"RIC_ARG","2029",1
"RIC_ARG","2030",1
"RIC_ARG","2031",1
"RIC_ARG","2032",1
"RIC_ARG","2033",1
"RIC_ARG","2034",1
"RIC_ARG","2035",1
"RIC_ARG","2036",1
"RIC_ARG","2037",1
"RIC_ARG","2038",1
"RIC_ARG","2039",1
"RIC_ARG","2040",1
"RIC_ARG","2041",1
"RIC_ARG","2042",1
"RIC_ARG","2043",1
"RIC_ARG","2044",1
"RIC_ARG","2045",1
"RIC_ARG","2046",1
"RIC_ARG","2047",1
"RIC_ARG","2048",1
"RIC_ARG","2049",1
"RIC_ARG","2050",1
"RIG_MEX","2019",1
"RIG_MEX","2020",1
"RIG_MEX","2021",1
"RIG_MEX","2022",1
"RIG_MEX","2023",1
"RIG_MEX","2024",1
"RIG_MEX","2025",1
"RIG_MEX","2026",1
"RIG_MEX","2027",1
"RIG_MEX","2028",1
"RIG_MEX","2029",1
"RIG_MEX","2030",1
"RIG_MEX","2031",1
"RIG_MEX","2032",1
"RIG_MEX","2033",1
"RIG_MEX","2034",1
"RIG_MEX","2035",1
"RIG_MEX","2036",1
"RIG_MEX","2037",1
"RIG_MEX","2038",1
"RIG_MEX","2039",1
"RIG_MEX","2040",1
"RIG_MEX","2041",1
"RIG_MEX","2042",1
"RIG_MEX","2043",1
"RIG_MEX","2044",1
"RIG_MEX","2045",1
"RIG_MEX","2046",1
"RIG_MEX","2047",1
"RIG_MEX","2048",1
"RIG_MEX","2049",1
"RIG_MEX","2050",1
"RIG_USA","2019",1
"RIG_USA","2020",1
"RIG_USA","2021",1
"RIG_USA","2022",1
"RIG_USA","2023",1
"RIG_USA","2024",1
"RIG_USA","2025",1
"RIG_USA","2026",1
"RIG_USA","2027",1
"RIG_USA","2028",1
"RIG_USA","2029",1
"RIG_USA","2030",1
"RIG_USA","2031",1
"RIG_USA","2032",1
"RIG_USA","2033",1
"RIG_USA","2034",1
"RIG_USA","2035",1
"RIG_USA","2036",1
"RIG_USA","2037",1
"RIG_USA","2038",1
"RIG_USA","2039",1
"RIG_USA","2040",1
"RIG_USA","2041",1
"RIG_USA","2042",1
"RIG_USA","2043",1
"RIG_USA","2044",1
"RIG_USA","2045",1
"RIG_USA","2046",1
"RIG_USA","2047",1
"RIG_USA","2048",1
"RIG_USA","2049",1
"RIG_USA","2050",1
"RRS_RUS","2019",1
"RRS_RUS","2020",1
"RRS_RUS","2021",1
"RRS_RUS","2022",1
"RRS_RUS","2023",1
"RRS_RUS","2024",1
"RRS_RUS","2025",1
"RRS_RUS","2026",1
"RRS_RUS","2027",1
"RRS_RUS","2028",1
"RRS_RUS","2029",1
"RRS_RUS","2030",1
"RRS_RUS","2031",1
"RRS_RUS","2032",1
"RRS_RUS","2033",1
"RRS_RUS","2034",1
"RRS_RUS","2035",1
"RRS_RUS","2036",1
"RRS_RUS","2037",1
"RRS_RUS","2038",1
"RRS_RUS","2039",1
"RRS_RUS","2040",1
"RRS_RUS","2041",1
"RRS_RUS","2042",1
"RRS_RUS","2043",1
"RRS_RUS","2044",1
"RRS_RUS","2045",1
"RRS_RUS","2046",1
"RRS_RUS","2047",1
"RRS_RUS","2048",1
"RRS_RUS","2049",1
"RRS_RUS","2050",1
"RVE_VEN","2019",1
"RVE_VEN","2020",1
"RVE_VEN","2021",1
"RVE_VEN","2022",1
"RVE_VEN","2023",1
"RVE_VEN","2024",1
"RVE_VEN","2025",1
"RVE_VEN","2026",1
"RVE_VEN","2027",1
"RVE_VEN","2028",1
"RVE_VEN","2029",1
"RVE_VEN","2030",1
"RVE_VEN","2031",1
"RVE_VEN","2032",1
"RVE_VEN","2033",1
"RVE_VEN","2034",1
"RVE_VEN","2035",1
"RVE_VEN","2036",1
"RVE_VEN","2037",1
"RVE_VEN","2038",1
"RVE_VEN","2039",1
"RVE_VEN","2040",1
"RVE_VEN","2041",1
"RVE_VEN","2042",1
"RVE_VEN","2043",1
"RVE_VEN","2044",1
"RVE_VEN","2045",1
"RVE_VEN","2046",1
"RVE_VEN","2047",1
"RVE_VEN","2048",1
"RVE_VEN","2049",1
"RVE_VEN","2050",1
"RVN_VNM","2019",1
"RVN_VNM","2020",1
"RVN_VNM","2021",1
"RVN_VNM","2022",1
"RVN_VNM","2023",1
"RVN_VNM","2024",1
"RVN_VNM","2025",1
"RVN_VNM","2026",1
"RVN_VNM","2027",1
"RVN_VNM","2028",1
"RVN_VNM","2029",1
"RVN_VNM","2030",1
"RVN_VNM","2031",1
"RVN_VNM","2032",1
"RVN_VNM","2033",1
"RVN_VNM","2034",1
"RVN_VNM","2035",1
"RVN_VNM","2036",1
"RVN_VNM","2037",1
"RVN_VNM","2038",1
"RVN_VNM","2039",1
"RVN_VNM","2040",1
"RVN_VNM","2041",1
"RVN_VNM","2042",1
"RVN_VNM","2043",1
"RVN_VNM","2044",1
"RVN_VNM","2045",1
"RVN_VNM","2046",1
"RVN_VNM","2047",1
"RVN_VNM","2048",1
"RVN_VNM","2049",1
"RVN_VNM","2050",1
"RWI_CAN","2019",1
"RWI_CAN","2020",1
"RWI_CAN","2021",1
"RWI_CAN","2022",1
"RWI_CAN","2023",1
"RWI_CAN","2024",1
"RWI_CAN","2025",1
"RWI_CAN","2026",1
"RWI_CAN","2027",1
"RWI_CAN","2028",1
"RWI_CAN","2029",1
"RWI_CAN","2030",1
"RWI_CAN","2031",1
"RWI_CAN","2032",1
"RWI_CAN","2033",1
"RWI_CAN","2034",1
"RWI_CAN","2035",1
"RWI_CAN","2036",1
"RWI_CAN","2037",1
"RWI_CAN","2038",1
"RWI_CAN","2039",1
"RWI_CAN","2040",1
"RWI_CAN","2041",1
"RWI_CAN","2042",1
"RWI_CAN","2043",1
"RWI_CAN","2044",1
"RWI_CAN","2045",1
"RWI_CAN","2046",1
"RWI_CAN","2047",1
"RWI_CAN","2048",1
"RWI_CAN","2049",1
"RWI_CAN","2050",1
"RWI_USA","2019",1
"RWI_USA","2020",1
"RWI_USA","2021",1
"RWI_USA","2022",1
"RWI_USA","2023",1
"RWI_USA","2024",1
"RWI_USA","2025",1
"RWI_USA","2026",1
"RWI_USA","2027",1
"RWI_USA","2028",1
"RWI_USA","2029",1
"RWI_USA","2030",1
"RWI_USA","2031",1
"RWI_USA","2032",1
"RWI_USA","2033",1
"RWI_USA","2034",1
"RWI_USA","2035",1
"RWI_USA","2036",1
"RWI_USA","2037",1
"RWI_USA","2038",1
"RWI_USA","2039",1
"RWI_USA","2040",1
"RWI_USA","2041",1
"RWI_USA","2042",1
"RWI_USA","2043",1
"RWI_USA","2044",1
"RWI_USA","2045",1
"RWI_USA","2046",1
"RWI_USA","2047",1
"RWI_USA","2048",1
"RWI_USA","2049",1
"RWI_USA","2050",1
"SAC_SWZ","2019",1
"SAC_SWZ","2020",1
"SAC_SWZ","2021",1
"SAC_SWZ","2022",1
"SAC_SWZ","2023",1
"SAC_SWZ","2024",1
"SAC_SWZ","2025",1
"SAC_SWZ","2026",1
"SAC_SWZ","2027",1
"SAC_SWZ","2028",1
"SAC_SWZ","2029",1
"SAC_SWZ","2030",1
"SAC_SWZ","2031",1
"SAC_SWZ","2032",1
"SAC_SWZ","2033",1
"SAC_SWZ","2034",1
"SAC_SWZ","2035",1
"SAC_SWZ","2036",1
"SAC_SWZ","2037",1
"SAC_SWZ","2038",1
"SAC_SWZ","2039",1
"SAC_SWZ","2040",1
"SAC_SWZ","2041",1
"SAC_SWZ","2042",1
"SAC_SWZ","2043",1
"SAC_SWZ","2044",1
"SAC_SWZ","2045",1
"SAC_SWZ","2046",1
"SAC_SWZ","2047",1
"SAC_SWZ","2048",1
"SAC_SWZ","2049",1
"SAC_SWZ","2050",1
"SAC_ZAF","2019",1
"SAC_ZAF","2020",1
"SAC_ZAF","2021",1
"SAC_ZAF","2022",1
"SAC_ZAF","2023",1
"SAC_ZAF","2024",1
"SAC_ZAF","2025",1
"SAC_ZAF","2026",1
"SAC_ZAF","2027",1
"SAC_ZAF","2028",1
"SAC_ZAF","2029",1
"SAC_ZAF","2030",1
"SAC_ZAF","2031",1
"SAC_ZAF","2032",1
"SAC_ZAF","2033",1
"SAC_ZAF","2034",1
"SAC_ZAF","2035",1
"SAC_ZAF","2036",1
"SAC_ZAF","2037",1
"SAC_ZAF","2038",1
"SAC_ZAF","2039",1
"SAC_ZAF","2040",1
"SAC_ZAF","2041",1
"SAC_ZAF","2042",1
"SAC_ZAF","2043",1
"SAC_ZAF","2044",1
"SAC_ZAF","2045",1
"SAC_ZAF","2046",1
"SAC_ZAF","2047",1
"SAC_ZAF","2048",1
"SAC_ZAF","2049",1
"SAC_ZAF","2050",1
"SAF_MOZ","2019",1
"SAF_MOZ","2020",1
"SAF_MOZ","2021",1
"SAF_MOZ","2022",1
"SAF_MOZ","2023",1
"SAF_MOZ","2024",1
"SAF_MOZ","2025",1
"SAF_MOZ","2026",1
"SAF_MOZ","2027",1
"SAF_MOZ","2028",1
"SAF_MOZ","2029",1
"SAF_MOZ","2030",1
"SAF_MOZ","2031",1
"SAF_MOZ","2032",1
"SAF_MOZ","2033",1
"SAF_MOZ","2034",1
"SAF_MOZ","2035",1
"SAF_MOZ","2036",1
"SAF_MOZ","2037",1
"SAF_MOZ","2038",1
"SAF_MOZ","2039",1
"SAF_MOZ","2040",1
"SAF_MOZ","2041",1
"SAF_MOZ","2042",1
"SAF_MOZ","2043",1
"SAF_MOZ","2044",1
"SAF_MOZ","2045",1
"SAF_MOZ","2046",1
"SAF_MOZ","2047",1
"SAF_MOZ","2048",1
"SAF_MOZ","2049",1
"SAF_MOZ","2050",1
"SAF_TZA","2019",1
"SAF_TZA","2020",1
"SAF_TZA","2021",1
"SAF_TZA","2022",1
"SAF_TZA","2023",1
"SAF_TZA","2024",1
"SAF_TZA","2025",1
"SAF_TZA","2026",1
"SAF_TZA","2027",1
"SAF_TZA","2028",1
"SAF_TZA","2029",1
"SAF_TZA","2030",1
"SAF_TZA","2031",1
"SAF_TZA","2032",1
"SAF_TZA","2033",1
"SAF_TZA","2034",1
"SAF_TZA","2035",1
"SAF_TZA","2036",1
"SAF_TZA","2037",1
"SAF_TZA","2038",1
"SAF_TZA","2039",1
"SAF_TZA","2040",1
"SAF_TZA","2041",1
"SAF_TZA","2042",1
"SAF_TZA","2043",1
"SAF_TZA","2044",1
"SAF_TZA","2045",1
"SAF_TZA","2046",1
"SAF_TZA","2047",1
"SAF_TZA","2048",1
"SAF_TZA","2049",1
"SAF_TZA","2050",1
"SAF_ZWE","2019",1
"SAF_ZWE","2020",1
"SAF_ZWE","2021",1
"SAF_ZWE","2022",1
"SAF_ZWE","2023",1
"SAF_ZWE","2024",1
"SAF_ZWE","2025",1
"SAF_ZWE","2026",1
"SAF_ZWE","2027",1
"SAF_ZWE","2028",1
"SAF_ZWE","2029",1
"SAF_ZWE","2030",1
"SAF_ZWE","2031",1
"SAF_ZWE","2032",1
"SAF_ZWE","2033",1
"SAF_ZWE","2034",1
"SAF_ZWE","2035",1
"SAF_ZWE","2036",1
"SAF_ZWE","2037",1
"SAF_ZWE","2038",1
"SAF_ZWE","2039",1
"SAF_ZWE","2040",1
"SAF_ZWE","2041",1
"SAF_ZWE","2042",1
"SAF_ZWE","2043",1
"SAF_ZWE","2044",1
"SAF_ZWE","2045",1
"SAF_ZWE","2046",1
"SAF_ZWE","2047",1
"SAF_ZWE","2048",1
"SAF_ZWE","2049",1
"SAF_ZWE","2050",1
"SAH_DZA","2019",1
"SAH_DZA","2020",1
"SAH_DZA","2021",1
"SAH_DZA","2022",1
"SAH_DZA","2023",1
"SAH_DZA","2024",1
"SAH_DZA","2025",1
"SAH_DZA","2026",1
"SAH_DZA","2027",1
"SAH_DZA","2028",1
"SAH_DZA","2029",1
"SAH_DZA","2030",1
"SAH_DZA","2031",1
"SAH_DZA","2032",1
"SAH_DZA","2033",1
"SAH_DZA","2034",1
"SAH_DZA","2035",1
"SAH_DZA","2036",1
"SAH_DZA","2037",1
"SAH_DZA","2038",1
"SAH_DZA","2039",1
"SAH_DZA","2040",1
"SAH_DZA","2041",1
"SAH_DZA","2042",1
"SAH_DZA","2043",1
"SAH_DZA","2044",1
"SAH_DZA","2045",1
"SAH_DZA","2046",1
"SAH_DZA","2047",1
"SAH_DZA","2048",1
"SAH_DZA","2049",1
"SAH_DZA","2050",1
"SAH_EGY","2019",1
"SAH_EGY","2020",1
"SAH_EGY","2021",1
"SAH_EGY","2022",1
"SAH_EGY","2023",1
"SAH_EGY","2024",1
"SAH_EGY","2025",1
"SAH_EGY","2026",1
"SAH_EGY","2027",1
"SAH_EGY","2028",1
"SAH_EGY","2029",1
"SAH_EGY","2030",1
"SAH_EGY","2031",1
"SAH_EGY","2032",1
"SAH_EGY","2033",1
"SAH_EGY","2034",1
"SAH_EGY","2035",1
"SAH_EGY","2036",1
"SAH_EGY","2037",1
"SAH_EGY","2038",1
"SAH_EGY","2039",1
"SAH_EGY","2040",1
"SAH_EGY","2041",1
"SAH_EGY","2042",1
"SAH_EGY","2043",1
"SAH_EGY","2044",1
"SAH_EGY","2045",1
"SAH_EGY","2046",1
"SAH_EGY","2047",1
"SAH_EGY","2048",1
"SAH_EGY","2049",1
"SAH_EGY","2050",1
"SAH_LBY","2019",1
"SAH_LBY","2020",1
"SAH_LBY","2021",1
"SAH_LBY","2022",1
"SAH_LBY","2023",1
"SAH_LBY","2024",1
"SAH_LBY","2025",1
"SAH_LBY","2026",1
"SAH_LBY","2027",1
"SAH_LBY","2028",1
"SAH_LBY","2029",1
"SAH_LBY","2030",1
"SAH_LBY","2031",1
"SAH_LBY","2032",1
"SAH_LBY","2033",1
"SAH_LBY","2034",1
"SAH_LBY","2035",1
"SAH_LBY","2036",1
"SAH_LBY","2037",1
"SAH_LBY","2038",1
"SAH_LBY","2039",1
"SAH_LBY","2040",1
"SAH_LBY","2041",1
"SAH_LBY","2042",1
"SAH_LBY","2043",1
"SAH_LBY","2044",1
"SAH_LBY","2045",1
"SAH_LBY","2046",1
"SAH_LBY","2047",1
"SAH_LBY","2048",1
"SAH_LBY","2049",1
"SAH_LBY","2050",1
"SAH_MLI","2019",1
"SAH_MLI","2020",1
"SAH_MLI","2021",1
"SAH_MLI","2022",1
"SAH_MLI","2023",1
"SAH_MLI","2024",1
"SAH_MLI","2025",1
"SAH_MLI","2026",1
"SAH_MLI","2027",1
"SAH_MLI","2028",1
"SAH_MLI","2029",1
"SAH_MLI","2030",1
"SAH_MLI","2031",1
"SAH_MLI","2032",1
"SAH_MLI","2033",1
"SAH_MLI","2034",1
"SAH_MLI","2035",1
"SAH_MLI","2036",1
"SAH_MLI","2037",1
"SAH_MLI","2038",1
"SAH_MLI","2039",1
"SAH_MLI","2040",1
"SAH_MLI","2041",1
"SAH_MLI","2042",1
"SAH_MLI","2043",1
"SAH_MLI","2044",1
"SAH_MLI","2045",1
"SAH_MLI","2046",1
"SAH_MLI","2047",1
"SAH_MLI","2048",1
"SAH_MLI","2049",1
"SAH_MLI","2050",1
"SAH_MOR","2019",1
"SAH_MOR","2020",1
"SAH_MOR","2021",1
"SAH_MOR","2022",1
"SAH_MOR","2023",1
"SAH_MOR","2024",1
"SAH_MOR","2025",1
"SAH_MOR","2026",1
"SAH_MOR","2027",1
"SAH_MOR","2028",1
"SAH_MOR","2029",1
"SAH_MOR","2030",1
"SAH_MOR","2031",1
"SAH_MOR","2032",1
"SAH_MOR","2033",1
"SAH_MOR","2034",1
"SAH_MOR","2035",1
"SAH_MOR","2036",1
"SAH_MOR","2037",1
"SAH_MOR","2038",1
"SAH_MOR","2039",1
"SAH_MOR","2040",1
"SAH_MOR","2041",1
"SAH_MOR","2042",1
"SAH_MOR","2043",1
"SAH_MOR","2044",1
"SAH_MOR","2045",1
"SAH_MOR","2046",1
"SAH_MOR","2047",1
"SAH_MOR","2048",1
"SAH_MOR","2049",1
"SAH_MOR","2050",1
"SAH_MRT","2019",1
"SAH_MRT","2020",1
"SAH_MRT","2021",1
"SAH_MRT","2022",1
"SAH_MRT","2023",1
"SAH_MRT","2024",1
"SAH_MRT","2025",1
"SAH_MRT","2026",1
"SAH_MRT","2027",1
"SAH_MRT","2028",1
"SAH_MRT","2029",1
"SAH_MRT","2030",1
"SAH_MRT","2031",1
"SAH_MRT","2032",1
"SAH_MRT","2033",1
"SAH_MRT","2034",1
"SAH_MRT","2035",1
"SAH_MRT","2036",1
"SAH_MRT","2037",1
"SAH_MRT","2038",1
"SAH_MRT","2039",1
"SAH_MRT","2040",1
"SAH_MRT","2041",1
"SAH_MRT","2042",1
"SAH_MRT","2043",1
"SAH_MRT","2044",1
"SAH_MRT","2045",1
"SAH_MRT","2046",1
"SAH_MRT","2047",1
"SAH_MRT","2048",1
"SAH_MRT","2049",1
"SAH_MRT","2050",1
"SAH_NER","2019",1
"SAH_NER","2020",1
"SAH_NER","2021",1
"SAH_NER","2022",1
"SAH_NER","2023",1
"SAH_NER","2024",1
"SAH_NER","2025",1
"SAH_NER","2026",1
"SAH_NER","2027",1
"SAH_NER","2028",1
"SAH_NER","2029",1
"SAH_NER","2030",1
"SAH_NER","2031",1
"SAH_NER","2032",1
"SAH_NER","2033",1
"SAH_NER","2034",1
"SAH_NER","2035",1
"SAH_NER","2036",1
"SAH_NER","2037",1
"SAH_NER","2038",1
"SAH_NER","2039",1
"SAH_NER","2040",1
"SAH_NER","2041",1
"SAH_NER","2042",1
"SAH_NER","2043",1
"SAH_NER","2044",1
"SAH_NER","2045",1
"SAH_NER","2046",1
"SAH_NER","2047",1
"SAH_NER","2048",1
"SAH_NER","2049",1
"SAH_NER","2050",1
"SAH_SDN","2019",1
"SAH_SDN","2020",1
"SAH_SDN","2021",1
"SAH_SDN","2022",1
"SAH_SDN","2023",1
"SAH_SDN","2024",1
"SAH_SDN","2025",1
"SAH_SDN","2026",1
"SAH_SDN","2027",1
"SAH_SDN","2028",1
"SAH_SDN","2029",1
"SAH_SDN","2030",1
"SAH_SDN","2031",1
"SAH_SDN","2032",1
"SAH_SDN","2033",1
"SAH_SDN","2034",1
"SAH_SDN","2035",1
"SAH_SDN","2036",1
"SAH_SDN","2037",1
"SAH_SDN","2038",1
"SAH_SDN","2039",1
"SAH_SDN","2040",1
"SAH_SDN","2041",1
"SAH_SDN","2042",1
"SAH_SDN","2043",1
"SAH_SDN","2044",1
"SAH_SDN","2045",1
"SAH_SDN","2046",1
"SAH_SDN","2047",1
"SAH_SDN","2048",1
"SAH_SDN","2049",1
"SAH_SDN","2050",1
"SAH_TCD","2019",1
"SAH_TCD","2020",1
"SAH_TCD","2021",1
"SAH_TCD","2022",1
"SAH_TCD","2023",1
"SAH_TCD","2024",1
"SAH_TCD","2025",1
"SAH_TCD","2026",1
"SAH_TCD","2027",1
"SAH_TCD","2028",1
"SAH_TCD","2029",1
"SAH_TCD","2030",1
"SAH_TCD","2031",1
"SAH_TCD","2032",1
"SAH_TCD","2033",1
"SAH_TCD","2034",1
"SAH_TCD","2035",1
"SAH_TCD","2036",1
"SAH_TCD","2037",1
"SAH_TCD","2038",1
"SAH_TCD","2039",1
"SAH_TCD","2040",1
"SAH_TCD","2041",1
"SAH_TCD","2042",1
"SAH_TCD","2043",1
"SAH_TCD","2044",1
"SAH_TCD","2045",1
"SAH_TCD","2046",1
"SAH_TCD","2047",1
"SAH_TCD","2048",1
"SAH_TCD","2049",1
"SAH_TCD","2050",1
"SAL_ARG","2019",1
"SAL_ARG","2020",1
"SAL_ARG","2021",1
"SAL_ARG","2022",1
"SAL_ARG","2023",1
"SAL_ARG","2024",1
"SAL_ARG","2025",1
"SAL_ARG","2026",1
"SAL_ARG","2027",1
"SAL_ARG","2028",1
"SAL_ARG","2029",1
"SAL_ARG","2030",1
"SAL_ARG","2031",1
"SAL_ARG","2032",1
"SAL_ARG","2033",1
"SAL_ARG","2034",1
"SAL_ARG","2035",1
"SAL_ARG","2036",1
"SAL_ARG","2037",1
"SAL_ARG","2038",1
"SAL_ARG","2039",1
"SAL_ARG","2040",1
"SAL_ARG","2041",1
"SAL_ARG","2042",1
"SAL_ARG","2043",1
"SAL_ARG","2044",1
"SAL_ARG","2045",1
"SAL_ARG","2046",1
"SAL_ARG","2047",1
"SAL_ARG","2048",1
"SAL_ARG","2049",1
"SAL_ARG","2050",1
"SAN_BRA","2019",1
"SAN_BRA","2020",1
"SAN_BRA","2021",1
"SAN_BRA","2022",1
"SAN_BRA","2023",1
"SAN_BRA","2024",1
"SAN_BRA","2025",1
"SAN_BRA","2026",1
"SAN_BRA","2027",1
"SAN_BRA","2028",1
"SAN_BRA","2029",1
"SAN_BRA","2030",1
"SAN_BRA","2031",1
"SAN_BRA","2032",1
"SAN_BRA","2033",1
"SAN_BRA","2034",1
"SAN_BRA","2035",1
"SAN_BRA","2036",1
"SAN_BRA","2037",1
"SAN_BRA","2038",1
"SAN_BRA","2039",1
"SAN_BRA","2040",1
"SAN_BRA","2041",1
"SAN_BRA","2042",1
"SAN_BRA","2043",1
"SAN_BRA","2044",1
"SAN_BRA","2045",1
"SAN_BRA","2046",1
"SAN_BRA","2047",1
"SAN_BRA","2048",1
"SAN_BRA","2049",1
"SAN_BRA","2050",1
"SAU_SAU","2019",1
"SAU_SAU","2020",1
"SAU_SAU","2021",1
"SAU_SAU","2022",1
"SAU_SAU","2023",1
"SAU_SAU","2024",1
"SAU_SAU","2025",1
"SAU_SAU","2026",1
"SAU_SAU","2027",1
"SAU_SAU","2028",1
"SAU_SAU","2029",1
"SAU_SAU","2030",1
"SAU_SAU","2031",1
"SAU_SAU","2032",1
"SAU_SAU","2033",1
"SAU_SAU","2034",1
"SAU_SAU","2035",1
"SAU_SAU","2036",1
"SAU_SAU","2037",1
"SAU_SAU","2038",1
"SAU_SAU","2039",1
"SAU_SAU","2040",1
"SAU_SAU","2041",1
"SAU_SAU","2042",1
"SAU_SAU","2043",1
"SAU_SAU","2044",1
"SAU_SAU","2045",1
"SAU_SAU","2046",1
"SAU_SAU","2047",1
"SAU_SAU","2048",1
"SAU_SAU","2049",1
"SAU_SAU","2050",1
"SAY_IND","2019",1
"SAY_IND","2020",1
"SAY_IND","2021",1
"SAY_IND","2022",1
"SAY_IND","2023",1
"SAY_IND","2024",1
"SAY_IND","2025",1
"SAY_IND","2026",1
"SAY_IND","2027",1
"SAY_IND","2028",1
"SAY_IND","2029",1
"SAY_IND","2030",1
"SAY_IND","2031",1
"SAY_IND","2032",1
"SAY_IND","2033",1
"SAY_IND","2034",1
"SAY_IND","2035",1
"SAY_IND","2036",1
"SAY_IND","2037",1
"SAY_IND","2038",1
"SAY_IND","2039",1
"SAY_IND","2040",1
"SAY_IND","2041",1
"SAY_IND","2042",1
"SAY_IND","2043",1
"SAY_IND","2044",1
"SAY_IND","2045",1
"SAY_IND","2046",1
"SAY_IND","2047",1
"SAY_IND","2048",1
"SAY_IND","2049",1
"SAY_IND","2050",1
"SEI_FRP","2019",1
"SEI_FRP","2020",1
"SEI_FRP","2021",1
"SEI_FRP","2022",1
"SEI_FRP","2023",1
"SEI_FRP","2024",1
"SEI_FRP","2025",1
"SEI_FRP","2026",1
"SEI_FRP","2027",1
"SEI_FRP","2028",1
"SEI_FRP","2029",1
"SEI_FRP","2030",1
"SEI_FRP","2031",1
"SEI_FRP","2032",1
"SEI_FRP","2033",1
"SEI_FRP","2034",1
"SEI_FRP","2035",1
"SEI_FRP","2036",1
"SEI_FRP","2037",1
"SEI_FRP","2038",1
"SEI_FRP","2039",1
"SEI_FRP","2040",1
"SEI_FRP","2041",1
"SEI_FRP","2042",1
"SEI_FRP","2043",1
"SEI_FRP","2044",1
"SEI_FRP","2045",1
"SEI_FRP","2046",1
"SEI_FRP","2047",1
"SEI_FRP","2048",1
"SEI_FRP","2049",1
"SEI_FRP","2050",1
"SEN_GIN","2019",1
"SEN_GIN","2020",1
"SEN_GIN","2021",1
"SEN_GIN","2022",1
"SEN_GIN","2023",1
"SEN_GIN","2024",1
"SEN_GIN","2025",1
"SEN_GIN","2026",1
"SEN_GIN","2027",1
"SEN_GIN","2028",1
"SEN_GIN","2029",1
"SEN_GIN","2030",1
"SEN_GIN","2031",1
"SEN_GIN","2032",1
"SEN_GIN","2033",1
"SEN_GIN","2034",1
"SEN_GIN","2035",1
"SEN_GIN","2036",1
"SEN_GIN","2037",1
"SEN_GIN","2038",1
"SEN_GIN","2039",1
"SEN_GIN","2040",1
"SEN_GIN","2041",1
"SEN_GIN","2042",1
"SEN_GIN","2043",1
"SEN_GIN","2044",1
"SEN_GIN","2045",1
"SEN_GIN","2046",1
"SEN_GIN","2047",1
"SEN_GIN","2048",1
"SEN_GIN","2049",1
"SEN_GIN","2050",1
"SEN_MLI","2019",1
"SEN_MLI","2020",1
"SEN_MLI","2021",1
"SEN_MLI","2022",1
"SEN_MLI","2023",1
"SEN_MLI","2024",1
"SEN_MLI","2025",1
"SEN_MLI","2026",1
"SEN_MLI","2027",1
"SEN_MLI","2028",1
"SEN_MLI","2029",1
"SEN_MLI","2030",1
"SEN_MLI","2031",1
"SEN_MLI","2032",1
"SEN_MLI","2033",1
"SEN_MLI","2034",1
"SEN_MLI","2035",1
"SEN_MLI","2036",1
"SEN_MLI","2037",1
"SEN_MLI","2038",1
"SEN_MLI","2039",1
"SEN_MLI","2040",1
"SEN_MLI","2041",1
"SEN_MLI","2042",1
"SEN_MLI","2043",1
"SEN_MLI","2044",1
"SEN_MLI","2045",1
"SEN_MLI","2046",1
"SEN_MLI","2047",1
"SEN_MLI","2048",1
"SEN_MLI","2049",1
"SEN_MLI","2050",1
"SEN_MRT","2019",1
"SEN_MRT","2020",1
"SEN_MRT","2021",1
"SEN_MRT","2022",1
"SEN_MRT","2023",1
"SEN_MRT","2024",1
"SEN_MRT","2025",1
"SEN_MRT","2026",1
"SEN_MRT","2027",1
"SEN_MRT","2028",1
"SEN_MRT","2029",1
"SEN_MRT","2030",1
"SEN_MRT","2031",1
"SEN_MRT","2032",1
"SEN_MRT","2033",1
"SEN_MRT","2034",1
"SEN_MRT","2035",1
"SEN_MRT","2036",1
"SEN_MRT","2037",1
"SEN_MRT","2038",1
"SEN_MRT","2039",1
"SEN_MRT","2040",1
"SEN_MRT","2041",1
"SEN_MRT","2042",1
"SEN_MRT","2043",1
"SEN_MRT","2044",1
"SEN_MRT","2045",1
"SEN_MRT","2046",1
"SEN_MRT","2047",1
"SEN_MRT","2048",1
"SEN_MRT","2049",1
"SEN_MRT","2050",1
"SEN_SEN","2019",1
"SEN_SEN","2020",1
"SEN_SEN","2021",1
"SEN_SEN","2022",1
"SEN_SEN","2023",1
"SEN_SEN","2024",1
"SEN_SEN","2025",1
"SEN_SEN","2026",1
"SEN_SEN","2027",1
"SEN_SEN","2028",1
"SEN_SEN","2029",1
"SEN_SEN","2030",1
"SEN_SEN","2031",1
"SEN_SEN","2032",1
"SEN_SEN","2033",1
"SEN_SEN","2034",1
"SEN_SEN","2035",1
"SEN_SEN","2036",1
"SEN_SEN","2037",1
"SEN_SEN","2038",1
"SEN_SEN","2039",1
"SEN_SEN","2040",1
"SEN_SEN","2041",1
"SEN_SEN","2042",1
"SEN_SEN","2043",1
"SEN_SEN","2044",1
"SEN_SEN","2045",1
"SEN_SEN","2046",1
"SEN_SEN","2047",1
"SEN_SEN","2048",1
"SEN_SEN","2049",1
"SEN_SEN","2050",1
"SEU_USA","2019",1
"SEU_USA","2020",1
"SEU_USA","2021",1
"SEU_USA","2022",1
"SEU_USA","2023",1
"SEU_USA","2024",1
"SEU_USA","2025",1
"SEU_USA","2026",1
"SEU_USA","2027",1
"SEU_USA","2028",1
"SEU_USA","2029",1
"SEU_USA","2030",1
"SEU_USA","2031",1
"SEU_USA","2032",1
"SEU_USA","2033",1
"SEU_USA","2034",1
"SEU_USA","2035",1
"SEU_USA","2036",1
"SEU_USA","2037",1
"SEU_USA","2038",1
"SEU_USA","2039",1
"SEU_USA","2040",1
"SEU_USA","2041",1
"SEU_USA","2042",1
"SEU_USA","2043",1
"SEU_USA","2044",1
"SEU_USA","2045",1
"SEU_USA","2046",1
"SEU_USA","2047",1
"SEU_USA","2048",1
"SEU_USA","2049",1
"SEU_USA","2050",1
"SKP_KOR","2019",1
"SKP_KOR","2020",1
"SKP_KOR","2021",1
"SKP_KOR","2022",1
"SKP_KOR","2023",1
"SKP_KOR","2024",1
"SKP_KOR","2025",1
"SKP_KOR","2026",1
"SKP_KOR","2027",1
"SKP_KOR","2028",1
"SKP_KOR","2029",1
"SKP_KOR","2030",1
"SKP_KOR","2031",1
"SKP_KOR","2032",1
"SKP_KOR","2033",1
"SKP_KOR","2034",1
"SKP_KOR","2035",1
"SKP_KOR","2036",1
"SKP_KOR","2037",1
"SKP_KOR","2038",1
"SKP_KOR","2039",1
"SKP_KOR","2040",1
"SKP_KOR","2041",1
"SKP_KOR","2042",1
"SKP_KOR","2043",1
"SKP_KOR","2044",1
"SKP_KOR","2045",1
"SKP_KOR","2046",1
"SKP_KOR","2047",1
"SKP_KOR","2048",1
"SKP_KOR","2049",1
"SKP_KOR","2050",1
"SLB_SLB","2019",1
"SLB_SLB","2020",1
"SLB_SLB","2021",1
"SLB_SLB","2022",1
"SLB_SLB","2023",1
"SLB_SLB","2024",1
"SLB_SLB","2025",1
"SLB_SLB","2026",1
"SLB_SLB","2027",1
"SLB_SLB","2028",1
"SLB_SLB","2029",1
"SLB_SLB","2030",1
"SLB_SLB","2031",1
"SLB_SLB","2032",1
"SLB_SLB","2033",1
"SLB_SLB","2034",1
"SLB_SLB","2035",1
"SLB_SLB","2036",1
"SLB_SLB","2037",1
"SLB_SLB","2038",1
"SLB_SLB","2039",1
"SLB_SLB","2040",1
"SLB_SLB","2041",1
"SLB_SLB","2042",1
"SLB_SLB","2043",1
"SLB_SLB","2044",1
"SLB_SLB","2045",1
"SLB_SLB","2046",1
"SLB_SLB","2047",1
"SLB_SLB","2048",1
"SLB_SLB","2049",1
"SLB_SLB","2050",1
"SLV_SLV","2019",1
"SLV_SLV","2020",1
"SLV_SLV","2021",1
"SLV_SLV","2022",1
"SLV_SLV","2023",1
"SLV_SLV","2024",1
"SLV_SLV","2025",1
"SLV_SLV","2026",1
"SLV_SLV","2027",1
"SLV_SLV","2028",1
"SLV_SLV","2029",1
"SLV_SLV","2030",1
"SLV_SLV","2031",1
"SLV_SLV","2032",1
"SLV_SLV","2033",1
"SLV_SLV","2034",1
"SLV_SLV","2035",1
"SLV_SLV","2036",1
"SLV_SLV","2037",1
"SLV_SLV","2038",1
"SLV_SLV","2039",1
"SLV_SLV","2040",1
"SLV_SLV","2041",1
"SLV_SLV","2042",1
"SLV_SLV","2043",1
"SLV_SLV","2044",1
"SLV_SLV","2045",1
"SLV_SLV","2046",1
"SLV_SLV","2047",1
"SLV_SLV","2048",1
"SLV_SLV","2049",1
"SLV_SLV","2050",1
"SON_CHM","2019",1
"SON_CHM","2020",1
"SON_CHM","2021",1
"SON_CHM","2022",1
"SON_CHM","2023",1
"SON_CHM","2024",1
"SON_CHM","2025",1
"SON_CHM","2026",1
"SON_CHM","2027",1
"SON_CHM","2028",1
"SON_CHM","2029",1
"SON_CHM","2030",1
"SON_CHM","2031",1
"SON_CHM","2032",1
"SON_CHM","2033",1
"SON_CHM","2034",1
"SON_CHM","2035",1
"SON_CHM","2036",1
"SON_CHM","2037",1
"SON_CHM","2038",1
"SON_CHM","2039",1
"SON_CHM","2040",1
"SON_CHM","2041",1
"SON_CHM","2042",1
"SON_CHM","2043",1
"SON_CHM","2044",1
"SON_CHM","2045",1
"SON_CHM","2046",1
"SON_CHM","2047",1
"SON_CHM","2048",1
"SON_CHM","2049",1
"SON_CHM","2050",1
"SPP_SPP","2019",1
"SPP_SPP","2020",1
"SPP_SPP","2021",1
"SPP_SPP","2022",1
"SPP_SPP","2023",1
"SPP_SPP","2024",1
"SPP_SPP","2025",1
"SPP_SPP","2026",1
"SPP_SPP","2027",1
"SPP_SPP","2028",1
"SPP_SPP","2029",1
"SPP_SPP","2030",1
"SPP_SPP","2031",1
"SPP_SPP","2032",1
"SPP_SPP","2033",1
"SPP_SPP","2034",1
"SPP_SPP","2035",1
"SPP_SPP","2036",1
"SPP_SPP","2037",1
"SPP_SPP","2038",1
"SPP_SPP","2039",1
"SPP_SPP","2040",1
"SPP_SPP","2041",1
"SPP_SPP","2042",1
"SPP_SPP","2043",1
"SPP_SPP","2044",1
"SPP_SPP","2045",1
"SPP_SPP","2046",1
"SPP_SPP","2047",1
"SPP_SPP","2048",1
"SPP_SPP","2049",1
"SPP_SPP","2050",1
"SRL_LKA","2019",1
"SRL_LKA","2020",1
"SRL_LKA","2021",1
"SRL_LKA","2022",1
"SRL_LKA","2023",1
"SRL_LKA","2024",1
"SRL_LKA","2025",1
"SRL_LKA","2026",1
"SRL_LKA","2027",1
"SRL_LKA","2028",1
"SRL_LKA","2029",1
"SRL_LKA","2030",1
"SRL_LKA","2031",1
"SRL_LKA","2032",1
"SRL_LKA","2033",1
"SRL_LKA","2034",1
"SRL_LKA","2035",1
"SRL_LKA","2036",1
"SRL_LKA","2037",1
"SRL_LKA","2038",1
"SRL_LKA","2039",1
"SRL_LKA","2040",1
"SRL_LKA","2041",1
"SRL_LKA","2042",1
"SRL_LKA","2043",1
"SRL_LKA","2044",1
"SRL_LKA","2045",1
"SRL_LKA","2046",1
"SRL_LKA","2047",1
"SRL_LKA","2048",1
"SRL_LKA","2049",1
"SRL_LKA","2050",1
"SWE_SWE","2019",1
"SWE_SWE","2020",1
"SWE_SWE","2021",1
"SWE_SWE","2022",1
"SWE_SWE","2023",1
"SWE_SWE","2024",1
"SWE_SWE","2025",1
"SWE_SWE","2026",1
"SWE_SWE","2027",1
"SWE_SWE","2028",1
"SWE_SWE","2029",1
"SWE_SWE","2030",1
"SWE_SWE","2031",1
"SWE_SWE","2032",1
"SWE_SWE","2033",1
"SWE_SWE","2034",1
"SWE_SWE","2035",1
"SWE_SWE","2036",1
"SWE_SWE","2037",1
"SWE_SWE","2038",1
"SWE_SWE","2039",1
"SWE_SWE","2040",1
"SWE_SWE","2041",1
"SWE_SWE","2042",1
"SWE_SWE","2043",1
"SWE_SWE","2044",1
"SWE_SWE","2045",1
"SWE_SWE","2046",1
"SWE_SWE","2047",1
"SWE_SWE","2048",1
"SWE_SWE","2049",1
"SWE_SWE","2050",1
"SYD_KAZ","2019",1
"SYD_KAZ","2020",1
"SYD_KAZ","2021",1
"SYD_KAZ","2022",1
"SYD_KAZ","2023",1
"SYD_KAZ","2024",1
"SYD_KAZ","2025",1
"SYD_KAZ","2026",1
"SYD_KAZ","2027",1
"SYD_KAZ","2028",1
"SYD_KAZ","2029",1
"SYD_KAZ","2030",1
"SYD_KAZ","2031",1
"SYD_KAZ","2032",1
"SYD_KAZ","2033",1
"SYD_KAZ","2034",1
"SYD_KAZ","2035",1
"SYD_KAZ","2036",1
"SYD_KAZ","2037",1
"SYD_KAZ","2038",1
"SYD_KAZ","2039",1
"SYD_KAZ","2040",1
"SYD_KAZ","2041",1
"SYD_KAZ","2042",1
"SYD_KAZ","2043",1
"SYD_KAZ","2044",1
"SYD_KAZ","2045",1
"SYD_KAZ","2046",1
"SYD_KAZ","2047",1
"SYD_KAZ","2048",1
"SYD_KAZ","2049",1
"SYD_KAZ","2050",1
"SYD_KGZ","2019",1
"SYD_KGZ","2020",1
"SYD_KGZ","2021",1
"SYD_KGZ","2022",1
"SYD_KGZ","2023",1
"SYD_KGZ","2024",1
"SYD_KGZ","2025",1
"SYD_KGZ","2026",1
"SYD_KGZ","2027",1
"SYD_KGZ","2028",1
"SYD_KGZ","2029",1
"SYD_KGZ","2030",1
"SYD_KGZ","2031",1
"SYD_KGZ","2032",1
"SYD_KGZ","2033",1
"SYD_KGZ","2034",1
"SYD_KGZ","2035",1
"SYD_KGZ","2036",1
"SYD_KGZ","2037",1
"SYD_KGZ","2038",1
"SYD_KGZ","2039",1
"SYD_KGZ","2040",1
"SYD_KGZ","2041",1
"SYD_KGZ","2042",1
"SYD_KGZ","2043",1
"SYD_KGZ","2044",1
"SYD_KGZ","2045",1
"SYD_KGZ","2046",1
"SYD_KGZ","2047",1
"SYD_KGZ","2048",1
"SYD_KGZ","2049",1
"SYD_KGZ","2050",1
"SYD_TJK","2019",1
"SYD_TJK","2020",1
"SYD_TJK","2021",1
"SYD_TJK","2022",1
"SYD_TJK","2023",1
"SYD_TJK","2024",1
"SYD_TJK","2025",1
"SYD_TJK","2026",1
"SYD_TJK","2027",1
"SYD_TJK","2028",1
"SYD_TJK","2029",1
"SYD_TJK","2030",1
"SYD_TJK","2031",1
"SYD_TJK","2032",1
"SYD_TJK","2033",1
"SYD_TJK","2034",1
"SYD_TJK","2035",1
"SYD_TJK","2036",1
"SYD_TJK","2037",1
"SYD_TJK","2038",1
"SYD_TJK","2039",1
"SYD_TJK","2040",1
"SYD_TJK","2041",1
"SYD_TJK","2042",1
"SYD_TJK","2043",1
"SYD_TJK","2044",1
"SYD_TJK","2045",1
"SYD_TJK","2046",1
"SYD_TJK","2047",1
"SYD_TJK","2048",1
"SYD_TJK","2049",1
"SYD_TJK","2050",1
"SYD_UZB","2019",1
"SYD_UZB","2020",1
"SYD_UZB","2021",1
"SYD_UZB","2022",1
"SYD_UZB","2023",1
"SYD_UZB","2024",1
"SYD_UZB","2025",1
"SYD_UZB","2026",1
"SYD_UZB","2027",1
"SYD_UZB","2028",1
"SYD_UZB","2029",1
"SYD_UZB","2030",1
"SYD_UZB","2031",1
"SYD_UZB","2032",1
"SYD_UZB","2033",1
"SYD_UZB","2034",1
"SYD_UZB","2035",1
"SYD_UZB","2036",1
"SYD_UZB","2037",1
"SYD_UZB","2038",1
"SYD_UZB","2039",1
"SYD_UZB","2040",1
"SYD_UZB","2041",1
"SYD_UZB","2042",1
"SYD_UZB","2043",1
"SYD_UZB","2044",1
"SYD_UZB","2045",1
"SYD_UZB","2046",1
"SYD_UZB","2047",1
"SYD_UZB","2048",1
"SYD_UZB","2049",1
"SYD_UZB","2050",1
"TIE_ARG","2019",1
"TIE_ARG","2020",1
"TIE_ARG","2021",1
"TIE_ARG","2022",1
"TIE_ARG","2023",1
"TIE_ARG","2024",1
"TIE_ARG","2025",1
"TIE_ARG","2026",1
"TIE_ARG","2027",1
"TIE_ARG","2028",1
"TIE_ARG","2029",1
"TIE_ARG","2030",1
"TIE_ARG","2031",1
"TIE_ARG","2032",1
"TIE_ARG","2033",1
"TIE_ARG","2034",1
"TIE_ARG","2035",1
"TIE_ARG","2036",1
"TIE_ARG","2037",1
"TIE_ARG","2038",1
"TIE_ARG","2039",1
"TIE_ARG","2040",1
"TIE_ARG","2041",1
"TIE_ARG","2042",1
"TIE_ARG","2043",1
"TIE_ARG","2044",1
"TIE_ARG","2045",1
"TIE_ARG","2046",1
"TIE_ARG","2047",1
"TIE_ARG","2048",1
"TIE_ARG","2049",1
"TIE_ARG","2050",1
"TIG_IRN","2019",1
"TIG_IRN","2020",1
"TIG_IRN","2021",1
"TIG_IRN","2022",1
"TIG_IRN","2023",1
"TIG_IRN","2024",1
"TIG_IRN","2025",1
"TIG_IRN","2026",1
"TIG_IRN","2027",1
"TIG_IRN","2028",1
"TIG_IRN","2029",1
"TIG_IRN","2030",1
"TIG_IRN","2031",1
"TIG_IRN","2032",1
"TIG_IRN","2033",1
"TIG_IRN","2034",1
"TIG_IRN","2035",1
"TIG_IRN","2036",1
"TIG_IRN","2037",1
"TIG_IRN","2038",1
"TIG_IRN","2039",1
"TIG_IRN","2040",1
"TIG_IRN","2041",1
"TIG_IRN","2042",1
"TIG_IRN","2043",1
"TIG_IRN","2044",1
"TIG_IRN","2045",1
"TIG_IRN","2046",1
"TIG_IRN","2047",1
"TIG_IRN","2048",1
"TIG_IRN","2049",1
"TIG_IRN","2050",1
"TIG_IRQ","2019",1
"TIG_IRQ","2020",1
"TIG_IRQ","2021",1
"TIG_IRQ","2022",1
"TIG_IRQ","2023",1
"TIG_IRQ","2024",1
"TIG_IRQ","2025",1
"TIG_IRQ","2026",1
"TIG_IRQ","2027",1
"TIG_IRQ","2028",1
"TIG_IRQ","2029",1
"TIG_IRQ","2030",1
"TIG_IRQ","2031",1
"TIG_IRQ","2032",1
"TIG_IRQ","2033",1
"TIG_IRQ","2034",1
"TIG_IRQ","2035",1
"TIG_IRQ","2036",1
"TIG_IRQ","2037",1
"TIG_IRQ","2038",1
"TIG_IRQ","2039",1
"TIG_IRQ","2040",1
"TIG_IRQ","2041",1
"TIG_IRQ","2042",1
"TIG_IRQ","2043",1
"TIG_IRQ","2044",1
"TIG_IRQ","2045",1
"TIG_IRQ","2046",1
"TIG_IRQ","2047",1
"TIG_IRQ","2048",1
"TIG_IRQ","2049",1
"TIG_IRQ","2050",1
"TIG_SYR","2019",1
"TIG_SYR","2020",1
"TIG_SYR","2021",1
"TIG_SYR","2022",1
"TIG_SYR","2023",1
"TIG_SYR","2024",1
"TIG_SYR","2025",1
"TIG_SYR","2026",1
"TIG_SYR","2027",1
"TIG_SYR","2028",1
"TIG_SYR","2029",1
"TIG_SYR","2030",1
"TIG_SYR","2031",1
"TIG_SYR","2032",1
"TIG_SYR","2033",1
"TIG_SYR","2034",1
"TIG_SYR","2035",1
"TIG_SYR","2036",1
"TIG_SYR","2037",1
"TIG_SYR","2038",1
"TIG_SYR","2039",1
"TIG_SYR","2040",1
"TIG_SYR","2041",1
"TIG_SYR","2042",1
"TIG_SYR","2043",1
"TIG_SYR","2044",1
"TIG_SYR","2045",1
"TIG_SYR","2046",1
"TIG_SYR","2047",1
"TIG_SYR","2048",1
"TIG_SYR","2049",1
"TIG_SYR","2050",1
"TIG_TUR","2019",1
"TIG_TUR","2020",1
"TIG_TUR","2021",1
"TIG_TUR","2022",1
"TIG_TUR","2023",1
"TIG_TUR","2024",1
"TIG_TUR","2025",1
"TIG_TUR","2026",1
"TIG_TUR","2027",1
"TIG_TUR","2028",1
"TIG_TUR","2029",1
"TIG_TUR","2030",1
"TIG_TUR","2031",1
"TIG_TUR","2032",1
"TIG_TUR","2033",1
"TIG_TUR","2034",1
"TIG_TUR","2035",1
"TIG_TUR","2036",1
"TIG_TUR","2037",1
"TIG_TUR","2038",1
"TIG_TUR","2039",1
"TIG_TUR","2040",1
"TIG_TUR","2041",1
"TIG_TUR","2042",1
"TIG_TUR","2043",1
"TIG_TUR","2044",1
"TIG_TUR","2045",1
"TIG_TUR","2046",1
"TIG_TUR","2047",1
"TIG_TUR","2048",1
"TIG_TUR","2049",1
"TIG_TUR","2050",1
"TLS_TLS","2019",1
"TLS_TLS","2020",1
"TLS_TLS","2021",1
"TLS_TLS","2022",1
"TLS_TLS","2023",1
"TLS_TLS","2024",1
"TLS_TLS","2025",1
"TLS_TLS","2026",1
"TLS_TLS","2027",1
"TLS_TLS","2028",1
"TLS_TLS","2029",1
"TLS_TLS","2030",1
"TLS_TLS","2031",1
"TLS_TLS","2032",1
"TLS_TLS","2033",1
"TLS_TLS","2034",1
"TLS_TLS","2035",1
"TLS_TLS","2036",1
"TLS_TLS","2037",1
"TLS_TLS","2038",1
"TLS_TLS","2039",1
"TLS_TLS","2040",1
"TLS_TLS","2041",1
"TLS_TLS","2042",1
"TLS_TLS","2043",1
"TLS_TLS","2044",1
"TLS_TLS","2045",1
"TLS_TLS","2046",1
"TLS_TLS","2047",1
"TLS_TLS","2048",1
"TLS_TLS","2049",1
"TLS_TLS","2050",1
"TMM_BGD","2019",1
"TMM_BGD","2020",1
"TMM_BGD","2021",1
"TMM_BGD","2022",1
"TMM_BGD","2023",1
"TMM_BGD","2024",1
"TMM_BGD","2025",1
"TMM_BGD","2026",1
"TMM_BGD","2027",1
"TMM_BGD","2028",1
"TMM_BGD","2029",1
"TMM_BGD","2030",1
"TMM_BGD","2031",1
"TMM_BGD","2032",1
"TMM_BGD","2033",1
"TMM_BGD","2034",1
"TMM_BGD","2035",1
"TMM_BGD","2036",1
"TMM_BGD","2037",1
"TMM_BGD","2038",1
"TMM_BGD","2039",1
"TMM_BGD","2040",1
"TMM_BGD","2041",1
"TMM_BGD","2042",1
"TMM_BGD","2043",1
"TMM_BGD","2044",1
"TMM_BGD","2045",1
"TMM_BGD","2046",1
"TMM_BGD","2047",1
"TMM_BGD","2048",1
"TMM_BGD","2049",1
"TMM_BGD","2050",1
"TMM_MMR","2019",1
"TMM_MMR","2020",1
"TMM_MMR","2021",1
"TMM_MMR","2022",1
"TMM_MMR","2023",1
"TMM_MMR","2024",1
"TMM_MMR","2025",1
"TMM_MMR","2026",1
"TMM_MMR","2027",1
"TMM_MMR","2028",1
"TMM_MMR","2029",1
"TMM_MMR","2030",1
"TMM_MMR","2031",1
"TMM_MMR","2032",1
"TMM_MMR","2033",1
"TMM_MMR","2034",1
"TMM_MMR","2035",1
"TMM_MMR","2036",1
"TMM_MMR","2037",1
"TMM_MMR","2038",1
"TMM_MMR","2039",1
"TMM_MMR","2040",1
"TMM_MMR","2041",1
"TMM_MMR","2042",1
"TMM_MMR","2043",1
"TMM_MMR","2044",1
"TMM_MMR","2045",1
"TMM_MMR","2046",1
"TMM_MMR","2047",1
"TMM_MMR","2048",1
"TMM_MMR","2049",1
"TMM_MMR","2050",1
"TMM_MYS","2019",1
"TMM_MYS","2020",1
"TMM_MYS","2021",1
"TMM_MYS","2022",1
"TMM_MYS","2023",1
"TMM_MYS","2024",1
"TMM_MYS","2025",1
"TMM_MYS","2026",1
"TMM_MYS","2027",1
"TMM_MYS","2028",1
"TMM_MYS","2029",1
"TMM_MYS","2030",1
"TMM_MYS","2031",1
"TMM_MYS","2032",1
"TMM_MYS","2033",1
"TMM_MYS","2034",1
"TMM_MYS","2035",1
"TMM_MYS","2036",1
"TMM_MYS","2037",1
"TMM_MYS","2038",1
"TMM_MYS","2039",1
"TMM_MYS","2040",1
"TMM_MYS","2041",1
"TMM_MYS","2042",1
"TMM_MYS","2043",1
"TMM_MYS","2044",1
"TMM_MYS","2045",1
"TMM_MYS","2046",1
"TMM_MYS","2047",1
"TMM_MYS","2048",1
"TMM_MYS","2049",1
"TMM_MYS","2050",1
"TMM_OSA","2019",1
"TMM_OSA","2020",1
"TMM_OSA","2021",1
"TMM_OSA","2022",1
"TMM_OSA","2023",1
"TMM_OSA","2024",1
"TMM_OSA","2025",1
"TMM_OSA","2026",1
"TMM_OSA","2027",1
"TMM_OSA","2028",1
"TMM_OSA","2029",1
"TMM_OSA","2030",1
"TMM_OSA","2031",1
"TMM_OSA","2032",1
"TMM_OSA","2033",1
"TMM_OSA","2034",1
"TMM_OSA","2035",1
"TMM_OSA","2036",1
"TMM_OSA","2037",1
"TMM_OSA","2038",1
"TMM_OSA","2039",1
"TMM_OSA","2040",1
"TMM_OSA","2041",1
"TMM_OSA","2042",1
"TMM_OSA","2043",1
"TMM_OSA","2044",1
"TMM_OSA","2045",1
"TMM_OSA","2046",1
"TMM_OSA","2047",1
"TMM_OSA","2048",1
"TMM_OSA","2049",1
"TMM_OSA","2050",1
"TMM_THA","2019",1
"TMM_THA","2020",1
"TMM_THA","2021",1
"TMM_THA","2022",1
"TMM_THA","2023",1
"TMM_THA","2024",1
"TMM_THA","2025",1
"TMM_THA","2026",1
"TMM_THA","2027",1
"TMM_THA","2028",1
"TMM_THA","2029",1
"TMM_THA","2030",1
"TMM_THA","2031",1
"TMM_THA","2032",1
"TMM_THA","2033",1
"TMM_THA","2034",1
"TMM_THA","2035",1
"TMM_THA","2036",1
"TMM_THA","2037",1
"TMM_THA","2038",1
"TMM_THA","2039",1
"TMM_THA","2040",1
"TMM_THA","2041",1
"TMM_THA","2042",1
"TMM_THA","2043",1
"TMM_THA","2044",1
"TMM_THA","2045",1
"TMM_THA","2046",1
"TMM_THA","2047",1
"TMM_THA","2048",1
"TMM_THA","2049",1
"TMM_THA","2050",1
"TOC_BRA","2019",1
"TOC_BRA","2020",1
"TOC_BRA","2021",1
"TOC_BRA","2022",1
"TOC_BRA","2023",1
"TOC_BRA","2024",1
"TOC_BRA","2025",1
"TOC_BRA","2026",1
"TOC_BRA","2027",1
"TOC_BRA","2028",1
"TOC_BRA","2029",1
"TOC_BRA","2030",1
"TOC_BRA","2031",1
"TOC_BRA","2032",1
"TOC_BRA","2033",1
"TOC_BRA","2034",1
"TOC_BRA","2035",1
"TOC_BRA","2036",1
"TOC_BRA","2037",1
"TOC_BRA","2038",1
"TOC_BRA","2039",1
"TOC_BRA","2040",1
"TOC_BRA","2041",1
"TOC_BRA","2042",1
"TOC_BRA","2043",1
"TOC_BRA","2044",1
"TOC_BRA","2045",1
"TOC_BRA","2046",1
"TOC_BRA","2047",1
"TOC_BRA","2048",1
"TOC_BRA","2049",1
"TOC_BRA","2050",1
"TWN_CHM","2019",1
"TWN_CHM","2020",1
"TWN_CHM","2021",1
"TWN_CHM","2022",1
"TWN_CHM","2023",1
"TWN_CHM","2024",1
"TWN_CHM","2025",1
"TWN_CHM","2026",1
"TWN_CHM","2027",1
"TWN_CHM","2028",1
"TWN_CHM","2029",1
"TWN_CHM","2030",1
"TWN_CHM","2031",1
"TWN_CHM","2032",1
"TWN_CHM","2033",1
"TWN_CHM","2034",1
"TWN_CHM","2035",1
"TWN_CHM","2036",1
"TWN_CHM","2037",1
"TWN_CHM","2038",1
"TWN_CHM","2039",1
"TWN_CHM","2040",1
"TWN_CHM","2041",1
"TWN_CHM","2042",1
"TWN_CHM","2043",1
"TWN_CHM","2044",1
"TWN_CHM","2045",1
"TWN_CHM","2046",1
"TWN_CHM","2047",1
"TWN_CHM","2048",1
"TWN_CHM","2049",1
"TWN_CHM","2050",1
"UKP_UKP","2019",1
"UKP_UKP","2020",1
"UKP_UKP","2021",1
"UKP_UKP","2022",1
"UKP_UKP","2023",1
"UKP_UKP","2024",1
"UKP_UKP","2025",1
"UKP_UKP","2026",1
"UKP_UKP","2027",1
"UKP_UKP","2028",1
"UKP_UKP","2029",1
"UKP_UKP","2030",1
"UKP_UKP","2031",1
"UKP_UKP","2032",1
"UKP_UKP","2033",1
"UKP_UKP","2034",1
"UKP_UKP","2035",1
"UKP_UKP","2036",1
"UKP_UKP","2037",1
"UKP_UKP","2038",1
"UKP_UKP","2039",1
"UKP_UKP","2040",1
"UKP_UKP","2041",1
"UKP_UKP","2042",1
"UKP_UKP","2043",1
"UKP_UKP","2044",1
"UKP_UKP","2045",1
"UKP_UKP","2046",1
"UKP_UKP","2047",1
"UKP_UKP","2048",1
"UKP_UKP","2049",1
"UKP_UKP","2050",1
"UME_MEX","2019",1
"UME_MEX","2020",1
"UME_MEX","2021",1
"UME_MEX","2022",1
"UME_MEX","2023",1
"UME_MEX","2024",1
"UME_MEX","2025",1
"UME_MEX","2026",1
"UME_MEX","2027",1
"UME_MEX","2028",1
"UME_MEX","2029",1
"UME_MEX","2030",1
"UME_MEX","2031",1
"UME_MEX","2032",1
"UME_MEX","2033",1
"UME_MEX","2034",1
"UME_MEX","2035",1
"UME_MEX","2036",1
"UME_MEX","2037",1
"UME_MEX","2038",1
"UME_MEX","2039",1
"UME_MEX","2040",1
"UME_MEX","2041",1
"UME_MEX","2042",1
"UME_MEX","2043",1
"UME_MEX","2044",1
"UME_MEX","2045",1
"UME_MEX","2046",1
"UME_MEX","2047",1
"UME_MEX","2048",1
"UME_MEX","2049",1
"UME_MEX","2050",1
"UMO_MNG","2019",1
"UMO_MNG","2020",1
"UMO_MNG","2021",1
"UMO_MNG","2022",1
"UMO_MNG","2023",1
"UMO_MNG","2024",1
"UMO_MNG","2025",1
"UMO_MNG","2026",1
"UMO_MNG","2027",1
"UMO_MNG","2028",1
"UMO_MNG","2029",1
"UMO_MNG","2030",1
"UMO_MNG","2031",1
"UMO_MNG","2032",1
"UMO_MNG","2033",1
"UMO_MNG","2034",1
"UMO_MNG","2035",1
"UMO_MNG","2036",1
"UMO_MNG","2037",1
"UMO_MNG","2038",1
"UMO_MNG","2039",1
"UMO_MNG","2040",1
"UMO_MNG","2041",1
"UMO_MNG","2042",1
"UMO_MNG","2043",1
"UMO_MNG","2044",1
"UMO_MNG","2045",1
"UMO_MNG","2046",1
"UMO_MNG","2047",1
"UMO_MNG","2048",1
"UMO_MNG","2049",1
"UMO_MNG","2050",1
"UMO_RUS","2019",1
"UMO_RUS","2020",1
"UMO_RUS","2021",1
"UMO_RUS","2022",1
"UMO_RUS","2023",1
"UMO_RUS","2024",1
"UMO_RUS","2025",1
"UMO_RUS","2026",1
"UMO_RUS","2027",1
"UMO_RUS","2028",1
"UMO_RUS","2029",1
"UMO_RUS","2030",1
"UMO_RUS","2031",1
"UMO_RUS","2032",1
"UMO_RUS","2033",1
"UMO_RUS","2034",1
"UMO_RUS","2035",1
"UMO_RUS","2036",1
"UMO_RUS","2037",1
"UMO_RUS","2038",1
"UMO_RUS","2039",1
"UMO_RUS","2040",1
"UMO_RUS","2041",1
"UMO_RUS","2042",1
"UMO_RUS","2043",1
"UMO_RUS","2044",1
"UMO_RUS","2045",1
"UMO_RUS","2046",1
"UMO_RUS","2047",1
"UMO_RUS","2048",1
"UMO_RUS","2049",1
"UMO_RUS","2050",1
"URA_KAZ","2019",1
"URA_KAZ","2020",1
"URA_KAZ","2021",1
"URA_KAZ","2022",1
"URA_KAZ","2023",1
"URA_KAZ","2024",1
"URA_KAZ","2025",1
"URA_KAZ","2026",1
"URA_KAZ","2027",1
"URA_KAZ","2028",1
"URA_KAZ","2029",1
"URA_KAZ","2030",1
"URA_KAZ","2031",1
"URA_KAZ","2032",1
"URA_KAZ","2033",1
"URA_KAZ","2034",1
"URA_KAZ","2035",1
"URA_KAZ","2036",1
"URA_KAZ","2037",1
"URA_KAZ","2038",1
"URA_KAZ","2039",1
"URA_KAZ","2040",1
"URA_KAZ","2041",1
"URA_KAZ","2042",1
"URA_KAZ","2043",1
"URA_KAZ","2044",1
"URA_KAZ","2045",1
"URA_KAZ","2046",1
"URA_KAZ","2047",1
"URA_KAZ","2048",1
"URA_KAZ","2049",1
"URA_KAZ","2050",1
"URA_RUS","2019",1
"URA_RUS","2020",1
"URA_RUS","2021",1
"URA_RUS","2022",1
"URA_RUS","2023",1
"URA_RUS","2024",1
"URA_RUS","2025",1
"URA_RUS","2026",1
"URA_RUS","2027",1
"URA_RUS","2028",1
"URA_RUS","2029",1
"URA_RUS","2030",1
"URA_RUS","2031",1
"URA_RUS","2032",1
"URA_RUS","2033",1
"URA_RUS","2034",1
"URA_RUS","2035",1
"URA_RUS","2036",1
"URA_RUS","2037",1
"URA_RUS","2038",1
"URA_RUS","2039",1
"URA_RUS","2040",1
"URA_RUS","2041",1
"URA_RUS","2042",1
"URA_RUS","2043",1
"URA_RUS","2044",1
"URA_RUS","2045",1
"URA_RUS","2046",1
"URA_RUS","2047",1
"URA_RUS","2048",1
"URA_RUS","2049",1
"URA_RUS","2050",1
"URA_TKM","2019",1
"URA_TKM","2020",1
"URA_TKM","2021",1
"URA_TKM","2022",1
"URA_TKM","2023",1
"URA_TKM","2024",1
"URA_TKM","2025",1
"URA_TKM","2026",1
"URA_TKM","2027",1
"URA_TKM","2028",1
"URA_TKM","2029",1
"URA_TKM","2030",1
"URA_TKM","2031",1
"URA_TKM","2032",1
"URA_TKM","2033",1
"URA_TKM","2034",1
"URA_TKM","2035",1
"URA_TKM","2036",1
"URA_TKM","2037",1
"URA_TKM","2038",1
"URA_TKM","2039",1
"URA_TKM","2040",1
"URA_TKM","2041",1
"URA_TKM","2042",1
"URA_TKM","2043",1
"URA_TKM","2044",1
"URA_TKM","2045",1
"URA_TKM","2046",1
"URA_TKM","2047",1
"URA_TKM","2048",1
"URA_TKM","2049",1
"URA_TKM","2050",1
"URU_BRA","2019",1
"URU_BRA","2020",1
"URU_BRA","2021",1
"URU_BRA","2022",1
"URU_BRA","2023",1
"URU_BRA","2024",1
"URU_BRA","2025",1
"URU_BRA","2026",1
"URU_BRA","2027",1
"URU_BRA","2028",1
"URU_BRA","2029",1
"URU_BRA","2030",1
"URU_BRA","2031",1
"URU_BRA","2032",1
"URU_BRA","2033",1
"URU_BRA","2034",1
"URU_BRA","2035",1
"URU_BRA","2036",1
"URU_BRA","2037",1
"URU_BRA","2038",1
"URU_BRA","2039",1
"URU_BRA","2040",1
"URU_BRA","2041",1
"URU_BRA","2042",1
"URU_BRA","2043",1
"URU_BRA","2044",1
"URU_BRA","2045",1
"URU_BRA","2046",1
"URU_BRA","2047",1
"URU_BRA","2048",1
"URU_BRA","2049",1
"URU_BRA","2050",1
"URU_URY","2019",1
"URU_URY","2020",1
"URU_URY","2021",1
"URU_URY","2022",1
"URU_URY","2023",1
"URU_URY","2024",1
"URU_URY","2025",1
"URU_URY","2026",1
"URU_URY","2027",1
"URU_URY","2028",1
"URU_URY","2029",1
"URU_URY","2030",1
"URU_URY","2031",1
"URU_URY","2032",1
"URU_URY","2033",1
"URU_URY","2034",1
"URU_URY","2035",1
"URU_URY","2036",1
"URU_URY","2037",1
"URU_URY","2038",1
"URU_URY","2039",1
"URU_URY","2040",1
"URU_URY","2041",1
"URU_URY","2042",1
"URU_URY","2043",1
"URU_URY","2044",1
"URU_URY","2045",1
"URU_URY","2046",1
"URU_URY","2047",1
"URU_URY","2048",1
"URU_URY","2049",1
"URU_URY","2050",1
"USN_USA","2019",1
"USN_USA","2020",1
"USN_USA","2021",1
"USN_USA","2022",1
"USN_USA","2023",1
"USN_USA","2024",1
"USN_USA","2025",1
"USN_USA","2026",1
"USN_USA","2027",1
"USN_USA","2028",1
"USN_USA","2029",1
"USN_USA","2030",1
"USN_USA","2031",1
"USN_USA","2032",1
"USN_USA","2033",1
"USN_USA","2034",1
"USN_USA","2035",1
"USN_USA","2036",1
"USN_USA","2037",1
"USN_USA","2038",1
"USN_USA","2039",1
"USN_USA","2040",1
"USN_USA","2041",1
"USN_USA","2042",1
"USN_USA","2043",1
"USN_USA","2044",1
"USN_USA","2045",1
"USN_USA","2046",1
"USN_USA","2047",1
"USN_USA","2048",1
"USN_USA","2049",1
"USN_USA","2050",1
"VOG_RUS","2019",1
"VOG_RUS","2020",1
"VOG_RUS","2021",1
"VOG_RUS","2022",1
"VOG_RUS","2023",1
"VOG_RUS","2024",1
"VOG_RUS","2025",1
"VOG_RUS","2026",1
"VOG_RUS","2027",1
"VOG_RUS","2028",1
"VOG_RUS","2029",1
"VOG_RUS","2030",1
"VOG_RUS","2031",1
"VOG_RUS","2032",1
"VOG_RUS","2033",1
"VOG_RUS","2034",1
"VOG_RUS","2035",1
"VOG_RUS","2036",1
"VOG_RUS","2037",1
"VOG_RUS","2038",1
"VOG_RUS","2039",1
"VOG_RUS","2040",1
"VOG_RUS","2041",1
"VOG_RUS","2042",1
"VOG_RUS","2043",1
"VOG_RUS","2044",1
"VOG_RUS","2045",1
"VOG_RUS","2046",1
"VOG_RUS","2047",1
"VOG_RUS","2048",1
"VOG_RUS","2049",1
"VOG_RUS","2050",1
"VOT_BEN","2019",1
"VOT_BEN","2020",1
"VOT_BEN","2021",1
"VOT_BEN","2022",1
"VOT_BEN","2023",1
"VOT_BEN","2024",1
"VOT_BEN","2025",1
"VOT_BEN","2026",1
"VOT_BEN","2027",1
"VOT_BEN","2028",1
"VOT_BEN","2029",1
"VOT_BEN","2030",1
"VOT_BEN","2031",1
"VOT_BEN","2032",1
"VOT_BEN","2033",1
"VOT_BEN","2034",1
"VOT_BEN","2035",1
"VOT_BEN","2036",1
"VOT_BEN","2037",1
"VOT_BEN","2038",1
"VOT_BEN","2039",1
"VOT_BEN","2040",1
"VOT_BEN","2041",1
"VOT_BEN","2042",1
"VOT_BEN","2043",1
"VOT_BEN","2044",1
"VOT_BEN","2045",1
"VOT_BEN","2046",1
"VOT_BEN","2047",1
"VOT_BEN","2048",1
"VOT_BEN","2049",1
"VOT_BEN","2050",1
"VOT_BFA","2019",1
"VOT_BFA","2020",1
"VOT_BFA","2021",1
"VOT_BFA","2022",1
"VOT_BFA","2023",1
"VOT_BFA","2024",1
"VOT_BFA","2025",1
"VOT_BFA","2026",1
"VOT_BFA","2027",1
"VOT_BFA","2028",1
"VOT_BFA","2029",1
"VOT_BFA","2030",1
"VOT_BFA","2031",1
"VOT_BFA","2032",1
"VOT_BFA","2033",1
"VOT_BFA","2034",1
"VOT_BFA","2035",1
"VOT_BFA","2036",1
"VOT_BFA","2037",1
"VOT_BFA","2038",1
"VOT_BFA","2039",1
"VOT_BFA","2040",1
"VOT_BFA","2041",1
"VOT_BFA","2042",1
"VOT_BFA","2043",1
"VOT_BFA","2044",1
"VOT_BFA","2045",1
"VOT_BFA","2046",1
"VOT_BFA","2047",1
"VOT_BFA","2048",1
"VOT_BFA","2049",1
"VOT_BFA","2050",1
"VOT_CIV","2019",1
"VOT_CIV","2020",1
"VOT_CIV","2021",1
"VOT_CIV","2022",1
"VOT_CIV","2023",1
"VOT_CIV","2024",1
"VOT_CIV","2025",1
"VOT_CIV","2026",1
"VOT_CIV","2027",1
"VOT_CIV","2028",1
"VOT_CIV","2029",1
"VOT_CIV","2030",1
"VOT_CIV","2031",1
"VOT_CIV","2032",1
"VOT_CIV","2033",1
"VOT_CIV","2034",1
"VOT_CIV","2035",1
"VOT_CIV","2036",1
"VOT_CIV","2037",1
"VOT_CIV","2038",1
"VOT_CIV","2039",1
"VOT_CIV","2040",1
"VOT_CIV","2041",1
"VOT_CIV","2042",1
"VOT_CIV","2043",1
"VOT_CIV","2044",1
"VOT_CIV","2045",1
"VOT_CIV","2046",1
"VOT_CIV","2047",1
"VOT_CIV","2048",1
"VOT_CIV","2049",1
"VOT_CIV","2050",1
"VOT_GHA","2019",1
"VOT_GHA","2020",1
"VOT_GHA","2021",1
"VOT_GHA","2022",1
"VOT_GHA","2023",1
"VOT_GHA","2024",1
"VOT_GHA","2025",1
"VOT_GHA","2026",1
"VOT_GHA","2027",1
"VOT_GHA","2028",1
"VOT_GHA","2029",1
"VOT_GHA","2030",1
"VOT_GHA","2031",1
"VOT_GHA","2032",1
"VOT_GHA","2033",1
"VOT_GHA","2034",1
"VOT_GHA","2035",1
"VOT_GHA","2036",1
"VOT_GHA","2037",1
"VOT_GHA","2038",1
"VOT_GHA","2039",1
"VOT_GHA","2040",1
"VOT_GHA","2041",1
"VOT_GHA","2042",1
"VOT_GHA","2043",1
"VOT_GHA","2044",1
"VOT_GHA","2045",1
"VOT_GHA","2046",1
"VOT_GHA","2047",1
"VOT_GHA","2048",1
"VOT_GHA","2049",1
"VOT_GHA","2050",1
"VOT_MLI","2019",1
"VOT_MLI","2020",1
"VOT_MLI","2021",1
"VOT_MLI","2022",1
"VOT_MLI","2023",1
"VOT_MLI","2024",1
"VOT_MLI","2025",1
"VOT_MLI","2026",1
"VOT_MLI","2027",1
"VOT_MLI","2028",1
"VOT_MLI","2029",1
"VOT_MLI","2030",1
"VOT_MLI","2031",1
"VOT_MLI","2032",1
"VOT_MLI","2033",1
"VOT_MLI","2034",1
"VOT_MLI","2035",1
"VOT_MLI","2036",1
"VOT_MLI","2037",1
"VOT_MLI","2038",1
"VOT_MLI","2039",1
"VOT_MLI","2040",1
"VOT_MLI","2041",1
"VOT_MLI","2042",1
"VOT_MLI","2043",1
"VOT_MLI","2044",1
"VOT_MLI","2045",1
"VOT_MLI","2046",1
"VOT_MLI","2047",1
"VOT_MLI","2048",1
"VOT_MLI","2049",1
"VOT_MLI","2050",1
"VOT_TGO","2019",1
"VOT_TGO","2020",1
"VOT_TGO","2021",1
"VOT_TGO","2022",1
"VOT_TGO","2023",1
"VOT_TGO","2024",1
"VOT_TGO","2025",1
"VOT_TGO","2026",1
"VOT_TGO","2027",1
"VOT_TGO","2028",1
"VOT_TGO","2029",1
"VOT_TGO","2030",1
"VOT_TGO","2031",1
"VOT_TGO","2032",1
"VOT_TGO","2033",1
"VOT_TGO","2034",1
"VOT_TGO","2035",1
"VOT_TGO","2036",1
"VOT_TGO","2037",1
"VOT_TGO","2038",1
"VOT_TGO","2039",1
"VOT_TGO","2040",1
"VOT_TGO","2041",1
"VOT_TGO","2042",1
"VOT_TGO","2043",1
"VOT_TGO","2044",1
"VOT_TGO","2045",1
"VOT_TGO","2046",1
"VOT_TGO","2047",1
"VOT_TGO","2048",1
"VOT_TGO","2049",1
"VOT_TGO","2050",1
"VUT_VUT","2019",1
"VUT_VUT","2020",1
"VUT_VUT","2021",1
"VUT_VUT","2022",1
"VUT_VUT","2023",1
"VUT_VUT","2024",1
"VUT_VUT","2025",1
"VUT_VUT","2026",1
"VUT_VUT","2027",1
"VUT_VUT","2028",1
"VUT_VUT","2029",1
"VUT_VUT","2030",1
"VUT_VUT","2031",1
"VUT_VUT","2032",1
"VUT_VUT","2033",1
"VUT_VUT","2034",1
"VUT_VUT","2035",1
"VUT_VUT","2036",1
"VUT_VUT","2037",1
"VUT_VUT","2038",1
"VUT_VUT","2039",1
"VUT_VUT","2040",1
"VUT_VUT","2041",1
"VUT_VUT","2042",1
"VUT_VUT","2043",1
"VUT_VUT","2044",1
"VUT_VUT","2045",1
"VUT_VUT","2046",1
"VUT_VUT","2047",1
"VUT_VUT","2048",1
"VUT_VUT","2049",1
"VUT_VUT","2050",1
"WAC_CIV","2019",1
"WAC_CIV","2020",1
"WAC_CIV","2021",1
"WAC_CIV","2022",1
"WAC_CIV","2023",1
"WAC_CIV","2024",1
"WAC_CIV","2025",1
"WAC_CIV","2026",1
"WAC_CIV","2027",1
"WAC_CIV","2028",1
"WAC_CIV","2029",1
"WAC_CIV","2030",1
"WAC_CIV","2031",1
"WAC_CIV","2032",1
"WAC_CIV","2033",1
"WAC_CIV","2034",1
"WAC_CIV","2035",1
"WAC_CIV","2036",1
"WAC_CIV","2037",1
"WAC_CIV","2038",1
"WAC_CIV","2039",1
"WAC_CIV","2040",1
"WAC_CIV","2041",1
"WAC_CIV","2042",1
"WAC_CIV","2043",1
"WAC_CIV","2044",1
"WAC_CIV","2045",1
"WAC_CIV","2046",1
"WAC_CIV","2047",1
"WAC_CIV","2048",1
"WAC_CIV","2049",1
"WAC_CIV","2050",1
"WAC_GIN","2019",1
"WAC_GIN","2020",1
"WAC_GIN","2021",1
"WAC_GIN","2022",1
"WAC_GIN","2023",1
"WAC_GIN","2024",1
"WAC_GIN","2025",1
"WAC_GIN","2026",1
"WAC_GIN","2027",1
"WAC_GIN","2028",1
"WAC_GIN","2029",1
"WAC_GIN","2030",1
"WAC_GIN","2031",1
"WAC_GIN","2032",1
"WAC_GIN","2033",1
"WAC_GIN","2034",1
"WAC_GIN","2035",1
"WAC_GIN","2036",1
"WAC_GIN","2037",1
"WAC_GIN","2038",1
"WAC_GIN","2039",1
"WAC_GIN","2040",1
"WAC_GIN","2041",1
"WAC_GIN","2042",1
"WAC_GIN","2043",1
"WAC_GIN","2044",1
"WAC_GIN","2045",1
"WAC_GIN","2046",1
"WAC_GIN","2047",1
"WAC_GIN","2048",1
"WAC_GIN","2049",1
"WAC_GIN","2050",1
"WAC_GMB","2019",1
"WAC_GMB","2020",1
"WAC_GMB","2021",1
"WAC_GMB","2022",1
"WAC_GMB","2023",1
"WAC_GMB","2024",1
"WAC_GMB","2025",1
"WAC_GMB","2026",1
"WAC_GMB","2027",1
"WAC_GMB","2028",1
"WAC_GMB","2029",1
"WAC_GMB","2030",1
"WAC_GMB","2031",1
"WAC_GMB","2032",1
"WAC_GMB","2033",1
"WAC_GMB","2034",1
"WAC_GMB","2035",1
"WAC_GMB","2036",1
"WAC_GMB","2037",1
"WAC_GMB","2038",1
"WAC_GMB","2039",1
"WAC_GMB","2040",1
"WAC_GMB","2041",1
"WAC_GMB","2042",1
"WAC_GMB","2043",1
"WAC_GMB","2044",1
"WAC_GMB","2045",1
"WAC_GMB","2046",1
"WAC_GMB","2047",1
"WAC_GMB","2048",1
"WAC_GMB","2049",1
"WAC_GMB","2050",1
"WAC_GNB","2019",1
"WAC_GNB","2020",1
"WAC_GNB","2021",1
"WAC_GNB","2022",1
"WAC_GNB","2023",1
"WAC_GNB","2024",1
"WAC_GNB","2025",1
"WAC_GNB","2026",1
"WAC_GNB","2027",1
"WAC_GNB","2028",1
"WAC_GNB","2029",1
"WAC_GNB","2030",1
"WAC_GNB","2031",1
"WAC_GNB","2032",1
"WAC_GNB","2033",1
"WAC_GNB","2034",1
"WAC_GNB","2035",1
"WAC_GNB","2036",1
"WAC_GNB","2037",1
"WAC_GNB","2038",1
"WAC_GNB","2039",1
"WAC_GNB","2040",1
"WAC_GNB","2041",1
"WAC_GNB","2042",1
"WAC_GNB","2043",1
"WAC_GNB","2044",1
"WAC_GNB","2045",1
"WAC_GNB","2046",1
"WAC_GNB","2047",1
"WAC_GNB","2048",1
"WAC_GNB","2049",1
"WAC_GNB","2050",1
"WAC_LBR","2019",1
"WAC_LBR","2020",1
"WAC_LBR","2021",1
"WAC_LBR","2022",1
"WAC_LBR","2023",1
"WAC_LBR","2024",1
"WAC_LBR","2025",1
"WAC_LBR","2026",1
"WAC_LBR","2027",1
"WAC_LBR","2028",1
"WAC_LBR","2029",1
"WAC_LBR","2030",1
"WAC_LBR","2031",1
"WAC_LBR","2032",1
"WAC_LBR","2033",1
"WAC_LBR","2034",1
"WAC_LBR","2035",1
"WAC_LBR","2036",1
"WAC_LBR","2037",1
"WAC_LBR","2038",1
"WAC_LBR","2039",1
"WAC_LBR","2040",1
"WAC_LBR","2041",1
"WAC_LBR","2042",1
"WAC_LBR","2043",1
"WAC_LBR","2044",1
"WAC_LBR","2045",1
"WAC_LBR","2046",1
"WAC_LBR","2047",1
"WAC_LBR","2048",1
"WAC_LBR","2049",1
"WAC_LBR","2050",1
"WAC_SEN","2019",1
"WAC_SEN","2020",1
"WAC_SEN","2021",1
"WAC_SEN","2022",1
"WAC_SEN","2023",1
"WAC_SEN","2024",1
"WAC_SEN","2025",1
"WAC_SEN","2026",1
"WAC_SEN","2027",1
"WAC_SEN","2028",1
"WAC_SEN","2029",1
"WAC_SEN","2030",1
"WAC_SEN","2031",1
"WAC_SEN","2032",1
"WAC_SEN","2033",1
"WAC_SEN","2034",1
"WAC_SEN","2035",1
"WAC_SEN","2036",1
"WAC_SEN","2037",1
"WAC_SEN","2038",1
"WAC_SEN","2039",1
"WAC_SEN","2040",1
"WAC_SEN","2041",1
"WAC_SEN","2042",1
"WAC_SEN","2043",1
"WAC_SEN","2044",1
"WAC_SEN","2045",1
"WAC_SEN","2046",1
"WAC_SEN","2047",1
"WAC_SEN","2048",1
"WAC_SEN","2049",1
"WAC_SEN","2050",1
"WAC_SLE","2019",1
"WAC_SLE","2020",1
"WAC_SLE","2021",1
"WAC_SLE","2022",1
"WAC_SLE","2023",1
"WAC_SLE","2024",1
"WAC_SLE","2025",1
"WAC_SLE","2026",1
"WAC_SLE","2027",1
"WAC_SLE","2028",1
"WAC_SLE","2029",1
"WAC_SLE","2030",1
"WAC_SLE","2031",1
"WAC_SLE","2032",1
"WAC_SLE","2033",1
"WAC_SLE","2034",1
"WAC_SLE","2035",1
"WAC_SLE","2036",1
"WAC_SLE","2037",1
"WAC_SLE","2038",1
"WAC_SLE","2039",1
"WAC_SLE","2040",1
"WAC_SLE","2041",1
"WAC_SLE","2042",1
"WAC_SLE","2043",1
"WAC_SLE","2044",1
"WAC_SLE","2045",1
"WAC_SLE","2046",1
"WAC_SLE","2047",1
"WAC_SLE","2048",1
"WAC_SLE","2049",1
"WAC_SLE","2050",1
"WAI_AFG","2019",1
"WAI_AFG","2020",1
"WAI_AFG","2021",1
"WAI_AFG","2022",1
"WAI_AFG","2023",1
"WAI_AFG","2024",1
"WAI_AFG","2025",1
"WAI_AFG","2026",1
"WAI_AFG","2027",1
"WAI_AFG","2028",1
"WAI_AFG","2029",1
"WAI_AFG","2030",1
"WAI_AFG","2031",1
"WAI_AFG","2032",1
"WAI_AFG","2033",1
"WAI_AFG","2034",1
"WAI_AFG","2035",1
"WAI_AFG","2036",1
"WAI_AFG","2037",1
"WAI_AFG","2038",1
"WAI_AFG","2039",1
"WAI_AFG","2040",1
"WAI_AFG","2041",1
"WAI_AFG","2042",1
"WAI_AFG","2043",1
"WAI_AFG","2044",1
"WAI_AFG","2045",1
"WAI_AFG","2046",1
"WAI_AFG","2047",1
"WAI_AFG","2048",1
"WAI_AFG","2049",1
"WAI_AFG","2050",1
"WAI_IRN","2019",1
"WAI_IRN","2020",1
"WAI_IRN","2021",1
"WAI_IRN","2022",1
"WAI_IRN","2023",1
"WAI_IRN","2024",1
"WAI_IRN","2025",1
"WAI_IRN","2026",1
"WAI_IRN","2027",1
"WAI_IRN","2028",1
"WAI_IRN","2029",1
"WAI_IRN","2030",1
"WAI_IRN","2031",1
"WAI_IRN","2032",1
"WAI_IRN","2033",1
"WAI_IRN","2034",1
"WAI_IRN","2035",1
"WAI_IRN","2036",1
"WAI_IRN","2037",1
"WAI_IRN","2038",1
"WAI_IRN","2039",1
"WAI_IRN","2040",1
"WAI_IRN","2041",1
"WAI_IRN","2042",1
"WAI_IRN","2043",1
"WAI_IRN","2044",1
"WAI_IRN","2045",1
"WAI_IRN","2046",1
"WAI_IRN","2047",1
"WAI_IRN","2048",1
"WAI_IRN","2049",1
"WAI_IRN","2050",1
"WAI_PAK","2019",1
"WAI_PAK","2020",1
"WAI_PAK","2021",1
"WAI_PAK","2022",1
"WAI_PAK","2023",1
"WAI_PAK","2024",1
"WAI_PAK","2025",1
"WAI_PAK","2026",1
"WAI_PAK","2027",1
"WAI_PAK","2028",1
"WAI_PAK","2029",1
"WAI_PAK","2030",1
"WAI_PAK","2031",1
"WAI_PAK","2032",1
"WAI_PAK","2033",1
"WAI_PAK","2034",1
"WAI_PAK","2035",1
"WAI_PAK","2036",1
"WAI_PAK","2037",1
"WAI_PAK","2038",1
"WAI_PAK","2039",1
"WAI_PAK","2040",1
"WAI_PAK","2041",1
"WAI_PAK","2042",1
"WAI_PAK","2043",1
"WAI_PAK","2044",1
"WAI_PAK","2045",1
"WAI_PAK","2046",1
"WAI_PAK","2047",1
"WAI_PAK","2048",1
"WAI_PAK","2049",1
"WAI_PAK","2050",1
"WAI_TKM","2019",1
"WAI_TKM","2020",1
"WAI_TKM","2021",1
"WAI_TKM","2022",1
"WAI_TKM","2023",1
"WAI_TKM","2024",1
"WAI_TKM","2025",1
"WAI_TKM","2026",1
"WAI_TKM","2027",1
"WAI_TKM","2028",1
"WAI_TKM","2029",1
"WAI_TKM","2030",1
"WAI_TKM","2031",1
"WAI_TKM","2032",1
"WAI_TKM","2033",1
"WAI_TKM","2034",1
"WAI_TKM","2035",1
"WAI_TKM","2036",1
"WAI_TKM","2037",1
"WAI_TKM","2038",1
"WAI_TKM","2039",1
"WAI_TKM","2040",1
"WAI_TKM","2041",1
"WAI_TKM","2042",1
"WAI_TKM","2043",1
"WAI_TKM","2044",1
"WAI_TKM","2045",1
"WAI_TKM","2046",1
"WAI_TKM","2047",1
"WAI_TKM","2048",1
"WAI_TKM","2049",1
"WAI_TKM","2050",1
"WAU_AUS","2019",1
"WAU_AUS","2020",1
"WAU_AUS","2021",1
"WAU_AUS","2022",1
"WAU_AUS","2023",1
"WAU_AUS","2024",1
"WAU_AUS","2025",1
"WAU_AUS","2026",1
"WAU_AUS","2027",1
"WAU_AUS","2028",1
"WAU_AUS","2029",1
"WAU_AUS","2030",1
"WAU_AUS","2031",1
"WAU_AUS","2032",1
"WAU_AUS","2033",1
"WAU_AUS","2034",1
"WAU_AUS","2035",1
"WAU_AUS","2036",1
"WAU_AUS","2037",1
"WAU_AUS","2038",1
"WAU_AUS","2039",1
"WAU_AUS","2040",1
"WAU_AUS","2041",1
"WAU_AUS","2042",1
"WAU_AUS","2043",1
"WAU_AUS","2044",1
"WAU_AUS","2045",1
"WAU_AUS","2046",1
"WAU_AUS","2047",1
"WAU_AUS","2048",1
"WAU_AUS","2049",1
"WAU_AUS","2050",1
"WGM_USA","2019",1
"WGM_USA","2020",1
"WGM_USA","2021",1
"WGM_USA","2022",1
"WGM_USA","2023",1
"WGM_USA","2024",1
"WGM_USA","2025",1
"WGM_USA","2026",1
"WGM_USA","2027",1
"WGM_USA","2028",1
"WGM_USA","2029",1
"WGM_USA","2030",1
"WGM_USA","2031",1
"WGM_USA","2032",1
"WGM_USA","2033",1
"WGM_USA","2034",1
"WGM_USA","2035",1
"WGM_USA","2036",1
"WGM_USA","2037",1
"WGM_USA","2038",1
"WGM_USA","2039",1
"WGM_USA","2040",1
"WGM_USA","2041",1
"WGM_USA","2042",1
"WGM_USA","2043",1
"WGM_USA","2044",1
"WGM_USA","2045",1
"WGM_USA","2046",1
"WGM_USA","2047",1
"WGM_USA","2048",1
"WGM_USA","2049",1
"WGM_USA","2050",1
"YEM_YEM","2019",1
"YEM_YEM","2020",1
"YEM_YEM","2021",1
"YEM_YEM","2022",1
"YEM_YEM","2023",1
"YEM_YEM","2024",1
"YEM_YEM","2025",1
"YEM_YEM","2026",1
"YEM_YEM","2027",1
"YEM_YEM","2028",1
"YEM_YEM","2029",1
"YEM_YEM","2030",1
"YEM_YEM","2031",1
"YEM_YEM","2032",1
"YEM_YEM","2033",1
"YEM_YEM","2034",1
"YEM_YEM","2035",1
"YEM_YEM","2036",1
"YEM_YEM","2037",1
"YEM_YEM","2038",1
"YEM_YEM","2039",1
"YEM_YEM","2040",1
"YEM_YEM","2041",1
"YEM_YEM","2042",1
"YEM_YEM","2043",1
"YEM_YEM","2044",1
"YEM_YEM","2045",1
"YEM_YEM","2046",1
"YEM_YEM","2047",1
"YEM_YEM","2048",1
"YEM_YEM","2049",1
"YEM_YEM","2050",1
"YEN_RUS","2019",1
"YEN_RUS","2020",1
"YEN_RUS","2021",1
"YEN_RUS","2022",1
"YEN_RUS","2023",1
"YEN_RUS","2024",1
"YEN_RUS","2025",1
"YEN_RUS","2026",1
"YEN_RUS","2027",1
"YEN_RUS","2028",1
"YEN_RUS","2029",1
"YEN_RUS","2030",1
"YEN_RUS","2031",1
"YEN_RUS","2032",1
"YEN_RUS","2033",1
"YEN_RUS","2034",1
"YEN_RUS","2035",1
"YEN_RUS","2036",1
"YEN_RUS","2037",1
"YEN_RUS","2038",1
"YEN_RUS","2039",1
"YEN_RUS","2040",1
"YEN_RUS","2041",1
"YEN_RUS","2042",1
"YEN_RUS","2043",1
"YEN_RUS","2044",1
"YEN_RUS","2045",1
"YEN_RUS","2046",1
"YEN_RUS","2047",1
"YEN_RUS","2048",1
"YEN_RUS","2049",1
"YEN_RUS","2050",1
"YHE_CHM","2019",1
"YHE_CHM","2020",1
"YHE_CHM","2021",1
"YHE_CHM","2022",1
"YHE_CHM","2023",1
"YHE_CHM","2024",1
"YHE_CHM","2025",1
"YHE_CHM","2026",1
"YHE_CHM","2027",1
"YHE_CHM","2028",1
"YHE_CHM","2029",1
"YHE_CHM","2030",1
"YHE_CHM","2031",1
"YHE_CHM","2032",1
"YHE_CHM","2033",1
"YHE_CHM","2034",1
"YHE_CHM","2035",1
"YHE_CHM","2036",1
"YHE_CHM","2037",1
"YHE_CHM","2038",1
"YHE_CHM","2039",1
"YHE_CHM","2040",1
"YHE_CHM","2041",1
"YHE_CHM","2042",1
"YHE_CHM","2043",1
"YHE_CHM","2044",1
"YHE_CHM","2045",1
"YHE_CHM","2046",1
"YHE_CHM","2047",1
"YHE_CHM","2048",1
"YHE_CHM","2049",1
"YHE_CHM","2050",1
"YRD_CHM","2019",1
"YRD_CHM","2020",1
"YRD_CHM","2021",1
"YRD_CHM","2022",1
"YRD_CHM","2023",1
"YRD_CHM","2024",1
"YRD_CHM","2025",1
"YRD_CHM","2026",1
"YRD_CHM","2027",1
"YRD_CHM","2028",1
"YRD_CHM","2029",1
"YRD_CHM","2030",1
"YRD_CHM","2031",1
"YRD_CHM","2032",1
"YRD_CHM","2033",1
"YRD_CHM","2034",1
"YRD_CHM","2035",1
"YRD_CHM","2036",1
"YRD_CHM","2037",1
"YRD_CHM","2038",1
"YRD_CHM","2039",1
"YRD_CHM","2040",1
"YRD_CHM","2041",1
"YRD_CHM","2042",1
"YRD_CHM","2043",1
"YRD_CHM","2044",1
"YRD_CHM","2045",1
"YRD_CHM","2046",1
"YRD_CHM","2047",1
"YRD_CHM","2048",1
"YRD_CHM","2049",1
"YRD_CHM","2050",1
"YRD_VNM","2019",1
"YRD_VNM","2020",1
"YRD_VNM","2021",1
"YRD_VNM","2022",1
"YRD_VNM","2023",1
"YRD_VNM","2024",1
"YRD_VNM","2025",1
"YRD_VNM","2026",1
"YRD_VNM","2027",1
"YRD_VNM","2028",1
"YRD_VNM","2029",1
"YRD_VNM","2030",1
"YRD_VNM","2031",1
"YRD_VNM","2032",1
"YRD_VNM","2033",1
"YRD_VNM","2034",1
"YRD_VNM","2035",1
"YRD_VNM","2036",1
"YRD_VNM","2037",1
"YRD_VNM","2038",1
"YRD_VNM","2039",1
"YRD_VNM","2040",1
"YRD_VNM","2041",1
"YRD_VNM","2042",1
"YRD_VNM","2043",1
"YRD_VNM","2044",1
"YRD_VNM","2045",1
"YRD_VNM","2046",1
"YRD_VNM","2047",1
"YRD_VNM","2048",1
"YRD_VNM","2049",1
"YRD_VNM","2050",1
"YUC_MEX","2019",1
"YUC_MEX","2020",1
"YUC_MEX","2021",1
"YUC_MEX","2022",1
"YUC_MEX","2023",1
"YUC_MEX","2024",1
"YUC_MEX","2025",1
"YUC_MEX","2026",1
"YUC_MEX","2027",1
"YUC_MEX","2028",1
"YUC_MEX","2029",1
"YUC_MEX","2030",1
"YUC_MEX","2031",1
"YUC_MEX","2032",1
"YUC_MEX","2033",1
"YUC_MEX","2034",1
"YUC_MEX","2035",1
"YUC_MEX","2036",1
"YUC_MEX","2037",1
"YUC_MEX","2038",1
"YUC_MEX","2039",1
"YUC_MEX","2040",1
"YUC_MEX","2041",1
"YUC_MEX","2042",1
"YUC_MEX","2043",1
"YUC_MEX","2044",1
"YUC_MEX","2045",1
"YUC_MEX","2046",1
"YUC_MEX","2047",1
"YUC_MEX","2048",1
"YUC_MEX","2049",1
"YUC_MEX","2050",1
"ZAM_AGO","2019",1
"ZAM_AGO","2020",1
"ZAM_AGO","2021",1
"ZAM_AGO","2022",1
"ZAM_AGO","2023",1
"ZAM_AGO","2024",1
"ZAM_AGO","2025",1
"ZAM_AGO","2026",1
"ZAM_AGO","2027",1
"ZAM_AGO","2028",1
"ZAM_AGO","2029",1
"ZAM_AGO","2030",1
"ZAM_AGO","2031",1
"ZAM_AGO","2032",1
"ZAM_AGO","2033",1
"ZAM_AGO","2034",1
"ZAM_AGO","2035",1
"ZAM_AGO","2036",1
"ZAM_AGO","2037",1
"ZAM_AGO","2038",1
"ZAM_AGO","2039",1
"ZAM_AGO","2040",1
"ZAM_AGO","2041",1
"ZAM_AGO","2042",1
"ZAM_AGO","2043",1
"ZAM_AGO","2044",1
"ZAM_AGO","2045",1
"ZAM_AGO","2046",1
"ZAM_AGO","2047",1
"ZAM_AGO","2048",1
"ZAM_AGO","2049",1
"ZAM_AGO","2050",1
"ZAM_BWA","2019",1
"ZAM_BWA","2020",1
"ZAM_BWA","2021",1
"ZAM_BWA","2022",1
"ZAM_BWA","2023",1
"ZAM_BWA","2024",1
"ZAM_BWA","2025",1
"ZAM_BWA","2026",1
"ZAM_BWA","2027",1
"ZAM_BWA","2028",1
"ZAM_BWA","2029",1
"ZAM_BWA","2030",1
"ZAM_BWA","2031",1
"ZAM_BWA","2032",1
"ZAM_BWA","2033",1
"ZAM_BWA","2034",1
"ZAM_BWA","2035",1
"ZAM_BWA","2036",1
"ZAM_BWA","2037",1
"ZAM_BWA","2038",1
"ZAM_BWA","2039",1
"ZAM_BWA","2040",1
"ZAM_BWA","2041",1
"ZAM_BWA","2042",1
"ZAM_BWA","2043",1
"ZAM_BWA","2044",1
"ZAM_BWA","2045",1
"ZAM_BWA","2046",1
"ZAM_BWA","2047",1
"ZAM_BWA","2048",1
"ZAM_BWA","2049",1
"ZAM_BWA","2050",1
"ZAM_COD","2019",1
"ZAM_COD","2020",1
"ZAM_COD","2021",1
"ZAM_COD","2022",1
"ZAM_COD","2023",1
"ZAM_COD","2024",1
"ZAM_COD","2025",1
"ZAM_COD","2026",1
"ZAM_COD","2027",1
"ZAM_COD","2028",1
"ZAM_COD","2029",1
"ZAM_COD","2030",1
"ZAM_COD","2031",1
"ZAM_COD","2032",1
"ZAM_COD","2033",1
"ZAM_COD","2034",1
"ZAM_COD","2035",1
"ZAM_COD","2036",1
"ZAM_COD","2037",1
"ZAM_COD","2038",1
"ZAM_COD","2039",1
"ZAM_COD","2040",1
"ZAM_COD","2041",1
"ZAM_COD","2042",1
"ZAM_COD","2043",1
"ZAM_COD","2044",1
"ZAM_COD","2045",1
"ZAM_COD","2046",1
"ZAM_COD","2047",1
"ZAM_COD","2048",1
"ZAM_COD","2049",1
"ZAM_COD","2050",1
"ZAM_MOZ","2019",1
"ZAM_MOZ","2020",1
"ZAM_MOZ","2021",1
"ZAM_MOZ","2022",1
"ZAM_MOZ","2023",1
"ZAM_MOZ","2024",1
"ZAM_MOZ","2025",1
"ZAM_MOZ","2026",1
"ZAM_MOZ","2027",1
"ZAM_MOZ","2028",1
"ZAM_MOZ","2029",1
"ZAM_MOZ","2030",1
"ZAM_MOZ","2031",1
"ZAM_MOZ","2032",1
"ZAM_MOZ","2033",1
"ZAM_MOZ","2034",1
"ZAM_MOZ","2035",1
"ZAM_MOZ","2036",1
"ZAM_MOZ","2037",1
"ZAM_MOZ","2038",1
"ZAM_MOZ","2039",1
"ZAM_MOZ","2040",1
"ZAM_MOZ","2041",1
"ZAM_MOZ","2042",1
"ZAM_MOZ","2043",1
"ZAM_MOZ","2044",1
"ZAM_MOZ","2045",1
"ZAM_MOZ","2046",1
"ZAM_MOZ","2047",1
"ZAM_MOZ","2048",1
"ZAM_MOZ","2049",1
"ZAM_MOZ","2050",1
"ZAM_MWI","2019",1
"ZAM_MWI","2020",1
"ZAM_MWI","2021",1
"ZAM_MWI","2022",1
"ZAM_MWI","2023",1
"ZAM_MWI","2024",1
"ZAM_MWI","2025",1
"ZAM_MWI","2026",1
"ZAM_MWI","2027",1
"ZAM_MWI","2028",1
"ZAM_MWI","2029",1
"ZAM_MWI","2030",1
"ZAM_MWI","2031",1
"ZAM_MWI","2032",1
"ZAM_MWI","2033",1
"ZAM_MWI","2034",1
"ZAM_MWI","2035",1
"ZAM_MWI","2036",1
"ZAM_MWI","2037",1
"ZAM_MWI","2038",1
"ZAM_MWI","2039",1
"ZAM_MWI","2040",1
"ZAM_MWI","2041",1
"ZAM_MWI","2042",1
"ZAM_MWI","2043",1
"ZAM_MWI","2044",1
"ZAM_MWI","2045",1
"ZAM_MWI","2046",1
"ZAM_MWI","2047",1
"ZAM_MWI","2048",1
"ZAM_MWI","2049",1
"ZAM_MWI","2050",1
"ZAM_NAM","2019",1
"ZAM_NAM","2020",1
"ZAM_NAM","2021",1
"ZAM_NAM","2022",1
"ZAM_NAM","2023",1
"ZAM_NAM","2024",1
"ZAM_NAM","2025",1
"ZAM_NAM","2026",1
"ZAM_NAM","2027",1
"ZAM_NAM","2028",1
"ZAM_NAM","2029",1
"ZAM_NAM","2030",1
"ZAM_NAM","2031",1
"ZAM_NAM","2032",1
"ZAM_NAM","2033",1
"ZAM_NAM","2034",1
"ZAM_NAM","2035",1
"ZAM_NAM","2036",1
"ZAM_NAM","2037",1
"ZAM_NAM","2038",1
"ZAM_NAM","2039",1
"ZAM_NAM","2040",1
"ZAM_NAM","2041",1
"ZAM_NAM","2042",1
"ZAM_NAM","2043",1
"ZAM_NAM","2044",1
"ZAM_NAM","2045",1
"ZAM_NAM","2046",1
"ZAM_NAM","2047",1
"ZAM_NAM","2048",1
"ZAM_NAM","2049",1
"ZAM_NAM","2050",1
"ZAM_TZA","2019",1
"ZAM_TZA","2020",1
"ZAM_TZA","2021",1
"ZAM_TZA","2022",1
"ZAM_TZA","2023",1
"ZAM_TZA","2024",1
"ZAM_TZA","2025",1
"ZAM_TZA","2026",1
"ZAM_TZA","2027",1
"ZAM_TZA","2028",1
"ZAM_TZA","2029",1
"ZAM_TZA","2030",1
"ZAM_TZA","2031",1
"ZAM_TZA","2032",1
"ZAM_TZA","2033",1
"ZAM_TZA","2034",1
"ZAM_TZA","2035",1
"ZAM_TZA","2036",1
"ZAM_TZA","2037",1
"ZAM_TZA","2038",1
"ZAM_TZA","2039",1
"ZAM_TZA","2040",1
"ZAM_TZA","2041",1
"ZAM_TZA","2042",1
"ZAM_TZA","2043",1
"ZAM_TZA","2044",1
"ZAM_TZA","2045",1
"ZAM_TZA","2046",1
"ZAM_TZA","2047",1
"ZAM_TZA","2048",1
"ZAM_TZA","2049",1
"ZAM_TZA","2050",1
"ZAM_ZMB","2019",1
"ZAM_ZMB","2020",1
"ZAM_ZMB","2021",1
"ZAM_ZMB","2022",1
"ZAM_ZMB","2023",1
"ZAM_ZMB","2024",1
"ZAM_ZMB","2025",1
"ZAM_ZMB","2026",1
"ZAM_ZMB","2027",1
"ZAM_ZMB","2028",1
"ZAM_ZMB","2029",1
"ZAM_ZMB","2030",1
"ZAM_ZMB","2031",1
"ZAM_ZMB","2032",1
"ZAM_ZMB","2033",1
"ZAM_ZMB","2034",1
"ZAM_ZMB","2035",1
"ZAM_ZMB","2036",1
"ZAM_ZMB","2037",1
"ZAM_ZMB","2038",1
"ZAM_ZMB","2039",1
"ZAM_ZMB","2040",1
"ZAM_ZMB","2041",1
"ZAM_ZMB","2042",1
"ZAM_ZMB","2043",1
"ZAM_ZMB","2044",1
"ZAM_ZMB","2045",1
"ZAM_ZMB","2046",1
"ZAM_ZMB","2047",1
"ZAM_ZMB","2048",1
"ZAM_ZMB","2049",1
"ZAM_ZMB","2050",1
"ZAM_ZWE","2019",1
"ZAM_ZWE","2020",1
"ZAM_ZWE","2021",1
"ZAM_ZWE","2022",1
"ZAM_ZWE","2023",1
"ZAM_ZWE","2024",1
"ZAM_ZWE","2025",1
"ZAM_ZWE","2026",1
"ZAM_ZWE","2027",1
"ZAM_ZWE","2028",1
"ZAM_ZWE","2029",1
"ZAM_ZWE","2030",1
"ZAM_ZWE","2031",1
"ZAM_ZWE","2032",1
"ZAM_ZWE","2033",1
"ZAM_ZWE","2034",1
"ZAM_ZWE","2035",1
"ZAM_ZWE","2036",1
"ZAM_ZWE","2037",1
"ZAM_ZWE","2038",1
"ZAM_ZWE","2039",1
"ZAM_ZWE","2040",1
"ZAM_ZWE","2041",1
"ZAM_ZWE","2042",1
"ZAM_ZWE","2043",1
"ZAM_ZWE","2044",1
"ZAM_ZWE","2045",1
"ZAM_ZWE","2046",1
"ZAM_ZWE","2047",1
"ZAM_ZWE","2048",1
"ZAM_ZWE","2049",1
"ZAM_ZWE","2050",1
"ZHJ_CHM","2019",1
"ZHJ_CHM","2020",1
"ZHJ_CHM","2021",1
"ZHJ_CHM","2022",1
"ZHJ_CHM","2023",1
"ZHJ_CHM","2024",1
"ZHJ_CHM","2025",1
"ZHJ_CHM","2026",1
"ZHJ_CHM","2027",1
"ZHJ_CHM","2028",1
"ZHJ_CHM","2029",1
"ZHJ_CHM","2030",1
"ZHJ_CHM","2031",1
"ZHJ_CHM","2032",1
"ZHJ_CHM","2033",1
"ZHJ_CHM","2034",1
"ZHJ_CHM","2035",1
"ZHJ_CHM","2036",1
"ZHJ_CHM","2037",1
"ZHJ_CHM","2038",1
"ZHJ_CHM","2039",1
"ZHJ_CHM","2040",1
"ZHJ_CHM","2041",1
"ZHJ_CHM","2042",1
"ZHJ_CHM","2043",1
"ZHJ_CHM","2044",1
"ZHJ_CHM","2045",1
"ZHJ_CHM","2046",1
"ZHJ_CHM","2047",1
"ZHJ_CHM","2048",1
"ZHJ_CHM","2049",1
"ZHJ_CHM","2050",1
