"C","CTY","J","Val"
"cmilk","AFG","jbeef",0.00517922937613189
"cmilk","AFG","jpork",0.00517922937613189
"cmilk","AFG","jlamb",0.00517922937613189
"cmilk","AFG","jpoul",0.00517922937613189
"cmilk","AFG","jeggs",0.00517922937613189
"cmilk","AFG","jmilk",0.00517922937613189
"cmilk","ALB","jbeef",0.0277740338492647
"cmilk","ALB","jpork",0.0277740338492647
"cmilk","ALB","jlamb",0.0277740338492647
"cmilk","ALB","jpoul",0.0277740338492647
"cmilk","ALB","jeggs",0.0277740338492647
"cmilk","ALB","jmilk",0.0277740338492647
"cmilk","ARM","jbeef",0.112241007654263
"cmilk","ARM","jpork",0.112241007654263
"cmilk","ARM","jlamb",0.112241007654263
"cmilk","ARM","jpoul",0.112241007654263
"cmilk","ARM","jeggs",0.112241007654263
"cmilk","ARM","jmilk",0.112241007654263
"cmilk","AUS","jbeef",0.00407399073330068
"cmilk","AUS","jpork",0.00407399073330068
"cmilk","AUS","jlamb",0.00407399073330068
"cmilk","AUS","jpoul",0.00407399073330068
"cmilk","AUS","jeggs",0.00407399073330068
"cmilk","AUS","jmilk",0.00407399073330068
"cmilk","AUT","jbeef",0.10530279275355
"cmilk","AUT","jpork",0.10530279275355
"cmilk","AUT","jlamb",0.10530279275355
"cmilk","AUT","jpoul",0.10530279275355
"cmilk","AUT","jeggs",0.10530279275355
"cmilk","AUT","jmilk",0.10530279275355
"cmilk","AZE","jbeef",0.112241007654263
"cmilk","AZE","jpork",0.112241007654263
"cmilk","AZE","jlamb",0.112241007654263
"cmilk","AZE","jpoul",0.112241007654263
"cmilk","AZE","jeggs",0.112241007654263
"cmilk","AZE","jmilk",0.112241007654263
"cmilk","BGR","jbeef",0.0441474851592099
"cmilk","BGR","jpork",0.0441474851592099
"cmilk","BGR","jlamb",0.0441474851592099
"cmilk","BGR","jpoul",0.0441474851592099
"cmilk","BGR","jeggs",0.0441474851592099
"cmilk","BGR","jmilk",0.0441474851592099
"cmilk","BLR","jbeef",0.217802275703692
"cmilk","BLR","jpork",0.217802275703692
"cmilk","BLR","jlamb",0.217802275703692
"cmilk","BLR","jpoul",0.217802275703692
"cmilk","BLR","jeggs",0.217802275703692
"cmilk","BLR","jmilk",0.217802275703692
"cmilk","BLT","jbeef",0.217802275703692
"cmilk","BLT","jpork",0.217802275703692
"cmilk","BLT","jlamb",0.217802275703692
"cmilk","BLT","jpoul",0.217802275703692
"cmilk","BLT","jeggs",0.217802275703692
"cmilk","BLT","jmilk",0.217802275703692
"cmilk","BLX","jbeef",0.0303735403547383
"cmilk","BLX","jpork",0.0303735403547383
"cmilk","BLX","jlamb",0.0303735403547383
"cmilk","BLX","jpoul",0.0303735403547383
"cmilk","BLX","jeggs",0.0303735403547383
"cmilk","BLX","jmilk",0.0303735403547383
"cmilk","BRA","jbeef",0.00558694474716172
"cmilk","BRA","jpork",0.00558694474716172
"cmilk","BRA","jlamb",0.00558694474716172
"cmilk","BRA","jpoul",0.00558694474716172
"cmilk","BRA","jeggs",0.00558694474716172
"cmilk","BRA","jmilk",0.00558694474716172
"cmilk","CHL","jbeef",0.052865059179677
"cmilk","CHL","jpork",0.052865059179677
"cmilk","CHL","jlamb",0.052865059179677
"cmilk","CHL","jpoul",0.052865059179677
"cmilk","CHL","jeggs",0.052865059179677
"cmilk","CHL","jmilk",0.052865059179677
"cmilk","CHM","jbeef",0.00144966382349357
"cmilk","CHM","jpork",0.00144966382349357
"cmilk","CHM","jlamb",0.00144966382349357
"cmilk","CHM","jpoul",0.00144966382349357
"cmilk","CHM","jeggs",0.00144966382349357
"cmilk","CHM","jmilk",0.00144966382349357
"cmilk","CHP","jbeef",0.10530279275355
"cmilk","CHP","jpork",0.10530279275355
"cmilk","CHP","jlamb",0.10530279275355
"cmilk","CHP","jpoul",0.10530279275355
"cmilk","CHP","jeggs",0.10530279275355
"cmilk","CHP","jmilk",0.10530279275355
"cmilk","COL","jbeef",0.0308797590786562
"cmilk","COL","jpork",0.0308797590786562
"cmilk","COL","jlamb",0.0308797590786562
"cmilk","COL","jpoul",0.0308797590786562
"cmilk","COL","jeggs",0.0308797590786562
"cmilk","COL","jmilk",0.0308797590786562
"cmilk","CRB","jbeef",0.00425284920747378
"cmilk","CRB","jpork",0.00425284920747378
"cmilk","CRB","jlamb",0.00425284920747378
"cmilk","CRB","jpoul",0.00425284920747378
"cmilk","CRB","jeggs",0.00425284920747378
"cmilk","CRB","jmilk",0.00425284920747378
"cmilk","CYP","jbeef",0.0933199775036357
"cmilk","CYP","jpork",0.0933199775036357
"cmilk","CYP","jlamb",0.0933199775036357
"cmilk","CYP","jpoul",0.0933199775036357
"cmilk","CYP","jeggs",0.0933199775036357
"cmilk","CYP","jmilk",0.0933199775036357
"cmilk","CZE","jbeef",0.0441474851592099
"cmilk","CZE","jpork",0.0441474851592099
"cmilk","CZE","jlamb",0.0441474851592099
"cmilk","CZE","jpoul",0.0441474851592099
"cmilk","CZE","jeggs",0.0441474851592099
"cmilk","CZE","jmilk",0.0441474851592099
"cmilk","DEU","jbeef",0.0466861076672701
"cmilk","DEU","jpork",0.0466861076672701
"cmilk","DEU","jlamb",0.0466861076672701
"cmilk","DEU","jpoul",0.0466861076672701
"cmilk","DEU","jeggs",0.0466861076672701
"cmilk","DEU","jmilk",0.0466861076672701
"cmilk","DNK","jbeef",0.0294435210206856
"cmilk","DNK","jpork",0.0294435210206856
"cmilk","DNK","jlamb",0.0294435210206856
"cmilk","DNK","jpoul",0.0294435210206856
"cmilk","DNK","jeggs",0.0294435210206856
"cmilk","DNK","jmilk",0.0294435210206856
"cmilk","ECU","jbeef",0.262636589552507
"cmilk","ECU","jpork",0.262636589552507
"cmilk","ECU","jlamb",0.262636589552507
"cmilk","ECU","jpoul",0.262636589552507
"cmilk","ECU","jeggs",0.262636589552507
"cmilk","ECU","jmilk",0.262636589552507
"cmilk","FJI","jbeef",0.00425284920747378
"cmilk","FJI","jpork",0.00425284920747378
"cmilk","FJI","jlamb",0.00425284920747378
"cmilk","FJI","jpoul",0.00425284920747378
"cmilk","FJI","jeggs",0.00425284920747378
"cmilk","FJI","jmilk",0.00425284920747378
"cmilk","FNP","jbeef",0.0294435210206856
"cmilk","FNP","jpork",0.0294435210206856
"cmilk","FNP","jlamb",0.0294435210206856
"cmilk","FNP","jpoul",0.0294435210206856
"cmilk","FNP","jeggs",0.0294435210206856
"cmilk","FNP","jmilk",0.0294435210206856
"cmilk","FRP","jbeef",0.0824276260352691
"cmilk","FRP","jpork",0.0824276260352691
"cmilk","FRP","jlamb",0.0824276260352691
"cmilk","FRP","jpoul",0.0824276260352691
"cmilk","FRP","jeggs",0.0824276260352691
"cmilk","FRP","jmilk",0.0824276260352691
"cmilk","GEO","jbeef",0.112241007654263
"cmilk","GEO","jpork",0.112241007654263
"cmilk","GEO","jlamb",0.112241007654263
"cmilk","GEO","jpoul",0.112241007654263
"cmilk","GEO","jeggs",0.112241007654263
"cmilk","GEO","jmilk",0.112241007654263
"cmilk","GRC","jbeef",0.0277740338492647
"cmilk","GRC","jpork",0.0277740338492647
"cmilk","GRC","jlamb",0.0277740338492647
"cmilk","GRC","jpoul",0.0277740338492647
"cmilk","GRC","jeggs",0.0277740338492647
"cmilk","GRC","jmilk",0.0277740338492647
"cmilk","GSA","jbeef",0.00011833348080599
"cmilk","GSA","jpork",0.00011833348080599
"cmilk","GSA","jlamb",0.00011833348080599
"cmilk","GSA","jpoul",0.00011833348080599
"cmilk","GSA","jeggs",0.00011833348080599
"cmilk","GSA","jmilk",0.00011833348080599
"cmilk","HRV","jbeef",0.0277740338492647
"cmilk","HRV","jpork",0.0277740338492647
"cmilk","HRV","jlamb",0.0277740338492647
"cmilk","HRV","jpoul",0.0277740338492647
"cmilk","HRV","jeggs",0.0277740338492647
"cmilk","HRV","jmilk",0.0277740338492647
"cmilk","HUN","jbeef",0.0441474851592099
"cmilk","HUN","jpork",0.0441474851592099
"cmilk","HUN","jlamb",0.0441474851592099
"cmilk","HUN","jpoul",0.0441474851592099
"cmilk","HUN","jeggs",0.0441474851592099
"cmilk","HUN","jmilk",0.0441474851592099
"cmilk","IDN","jbeef",0.0151404279152991
"cmilk","IDN","jpork",0.0151404279152991
"cmilk","IDN","jlamb",0.0151404279152991
"cmilk","IDN","jpoul",0.0151404279152991
"cmilk","IDN","jeggs",0.0151404279152991
"cmilk","IDN","jmilk",0.0151404279152991
"cmilk","IRL","jbeef",0.0143967463628344
"cmilk","IRL","jpork",0.0143967463628344
"cmilk","IRL","jlamb",0.0143967463628344
"cmilk","IRL","jpoul",0.0143967463628344
"cmilk","IRL","jeggs",0.0143967463628344
"cmilk","IRL","jmilk",0.0143967463628344
"cmilk","ISL","jbeef",0.0294435210206856
"cmilk","ISL","jpork",0.0294435210206856
"cmilk","ISL","jlamb",0.0294435210206856
"cmilk","ISL","jpoul",0.0294435210206856
"cmilk","ISL","jeggs",0.0294435210206856
"cmilk","ISL","jmilk",0.0294435210206856
"cmilk","ISR","jbeef",0.00687350556531648
"cmilk","ISR","jpork",0.00687350556531648
"cmilk","ISR","jlamb",0.00687350556531648
"cmilk","ISR","jpoul",0.00687350556531648
"cmilk","ISR","jeggs",0.00687350556531648
"cmilk","ISR","jmilk",0.00687350556531648
"cmilk","ITP","jbeef",0.0583405367235618
"cmilk","ITP","jpork",0.0583405367235618
"cmilk","ITP","jlamb",0.0583405367235618
"cmilk","ITP","jpoul",0.0583405367235618
"cmilk","ITP","jeggs",0.0583405367235618
"cmilk","ITP","jmilk",0.0583405367235618
"cmilk","JAM","jbeef",0.00425284920747378
"cmilk","JAM","jpork",0.00425284920747378
"cmilk","JAM","jlamb",0.00425284920747378
"cmilk","JAM","jpoul",0.00425284920747378
"cmilk","JAM","jeggs",0.00425284920747378
"cmilk","JAM","jmilk",0.00425284920747378
"cmilk","JPN","jbeef",0.0183522047118323
"cmilk","JPN","jpork",0.0183522047118323
"cmilk","JPN","jlamb",0.0183522047118323
"cmilk","JPN","jpoul",0.0183522047118323
"cmilk","JPN","jeggs",0.0183522047118323
"cmilk","JPN","jmilk",0.0183522047118323
"cmilk","KAZ","jbeef",0.0813037254921803
"cmilk","KAZ","jpork",0.0813037254921803
"cmilk","KAZ","jlamb",0.0813037254921803
"cmilk","KAZ","jpoul",0.0813037254921803
"cmilk","KAZ","jeggs",0.0813037254921803
"cmilk","KAZ","jmilk",0.0813037254921803
"cmilk","KGZ","jbeef",0.107641574178371
"cmilk","KGZ","jpork",0.107641574178371
"cmilk","KGZ","jlamb",0.107641574178371
"cmilk","KGZ","jpoul",0.107641574178371
"cmilk","KGZ","jeggs",0.107641574178371
"cmilk","KGZ","jmilk",0.107641574178371
"cmilk","KHM","jbeef",0.00904432262927055
"cmilk","KHM","jpork",0.00904432262927055
"cmilk","KHM","jlamb",0.00904432262927055
"cmilk","KHM","jpoul",0.00904432262927055
"cmilk","KHM","jeggs",0.00904432262927055
"cmilk","KHM","jmilk",0.00904432262927055
"cmilk","LAO","jbeef",0.00904432262927055
"cmilk","LAO","jpork",0.00904432262927055
"cmilk","LAO","jlamb",0.00904432262927055
"cmilk","LAO","jpoul",0.00904432262927055
"cmilk","LAO","jeggs",0.00904432262927055
"cmilk","LAO","jmilk",0.00904432262927055
"cmilk","MDA","jbeef",0.0441474851592099
"cmilk","MDA","jpork",0.0441474851592099
"cmilk","MDA","jlamb",0.0441474851592099
"cmilk","MDA","jpoul",0.0441474851592099
"cmilk","MDA","jeggs",0.0441474851592099
"cmilk","MDA","jmilk",0.0441474851592099
"cmilk","MNG","jbeef",0.0954990593037009
"cmilk","MNG","jpork",0.0954990593037009
"cmilk","MNG","jlamb",0.0954990593037009
"cmilk","MNG","jpoul",0.0954990593037009
"cmilk","MNG","jeggs",0.0954990593037009
"cmilk","MNG","jmilk",0.0954990593037009
"cmilk","MOR","jbeef",0.147754320591454
"cmilk","MOR","jpork",0.147754320591454
"cmilk","MOR","jlamb",0.147754320591454
"cmilk","MOR","jpoul",0.147754320591454
"cmilk","MOR","jeggs",0.147754320591454
"cmilk","MOR","jmilk",0.147754320591454
"cmilk","NLD","jbeef",0.0259900621806587
"cmilk","NLD","jpork",0.0259900621806587
"cmilk","NLD","jlamb",0.0259900621806587
"cmilk","NLD","jpoul",0.0259900621806587
"cmilk","NLD","jeggs",0.0259900621806587
"cmilk","NLD","jmilk",0.0259900621806587
"cmilk","NOR","jbeef",0.0294435210206856
"cmilk","NOR","jpork",0.0294435210206856
"cmilk","NOR","jlamb",0.0294435210206856
"cmilk","NOR","jpoul",0.0294435210206856
"cmilk","NOR","jeggs",0.0294435210206856
"cmilk","NOR","jmilk",0.0294435210206856
"cmilk","NZL","jbeef",0.00745916517321748
"cmilk","NZL","jpork",0.00745916517321748
"cmilk","NZL","jlamb",0.00745916517321748
"cmilk","NZL","jpoul",0.00745916517321748
"cmilk","NZL","jeggs",0.00745916517321748
"cmilk","NZL","jmilk",0.00745916517321748
"cmilk","OAO","jbeef",0.00425284920747378
"cmilk","OAO","jpork",0.00425284920747378
"cmilk","OAO","jlamb",0.00425284920747378
"cmilk","OAO","jpoul",0.00425284920747378
"cmilk","OAO","jeggs",0.00425284920747378
"cmilk","OAO","jmilk",0.00425284920747378
"cmilk","OBN","jbeef",0.0277740338492647
"cmilk","OBN","jpork",0.0277740338492647
"cmilk","OBN","jlamb",0.0277740338492647
"cmilk","OBN","jpoul",0.0277740338492647
"cmilk","OBN","jeggs",0.0277740338492647
"cmilk","OBN","jmilk",0.0277740338492647
"cmilk","OIO","jbeef",0.00425284920747378
"cmilk","OIO","jpork",0.00425284920747378
"cmilk","OIO","jlamb",0.00425284920747378
"cmilk","OIO","jpoul",0.00425284920747378
"cmilk","OIO","jeggs",0.00425284920747378
"cmilk","OIO","jmilk",0.00425284920747378
"cmilk","OPO","jbeef",0.00425284920747378
"cmilk","OPO","jpork",0.00425284920747378
"cmilk","OPO","jlamb",0.00425284920747378
"cmilk","OPO","jpoul",0.00425284920747378
"cmilk","OPO","jeggs",0.00425284920747378
"cmilk","OPO","jmilk",0.00425284920747378
"cmilk","PAK","jbeef",0.0564495318190393
"cmilk","PAK","jpork",0.0564495318190393
"cmilk","PAK","jlamb",0.0564495318190393
"cmilk","PAK","jpoul",0.0564495318190393
"cmilk","PAK","jeggs",0.0564495318190393
"cmilk","PAK","jmilk",0.0564495318190393
"cmilk","PER","jbeef",0.00510011030810009
"cmilk","PER","jpork",0.00510011030810009
"cmilk","PER","jlamb",0.00510011030810009
"cmilk","PER","jpoul",0.00510011030810009
"cmilk","PER","jeggs",0.00510011030810009
"cmilk","PER","jmilk",0.00510011030810009
"cmilk","POL","jbeef",0.058364094272005
"cmilk","POL","jpork",0.058364094272005
"cmilk","POL","jlamb",0.058364094272005
"cmilk","POL","jpoul",0.058364094272005
"cmilk","POL","jeggs",0.058364094272005
"cmilk","POL","jmilk",0.058364094272005
"cmilk","PRT","jbeef",0.0272437605279647
"cmilk","PRT","jpork",0.0272437605279647
"cmilk","PRT","jlamb",0.0272437605279647
"cmilk","PRT","jpoul",0.0272437605279647
"cmilk","PRT","jeggs",0.0272437605279647
"cmilk","PRT","jmilk",0.0272437605279647
"cmilk","ROU","jbeef",0.0441474851592099
"cmilk","ROU","jpork",0.0441474851592099
"cmilk","ROU","jlamb",0.0441474851592099
"cmilk","ROU","jpoul",0.0441474851592099
"cmilk","ROU","jeggs",0.0441474851592099
"cmilk","ROU","jmilk",0.0441474851592099
"cmilk","RUS","jbeef",0.142069999961045
"cmilk","RUS","jpork",0.142069999961045
"cmilk","RUS","jlamb",0.142069999961045
"cmilk","RUS","jpoul",0.142069999961045
"cmilk","RUS","jeggs",0.142069999961045
"cmilk","RUS","jmilk",0.142069999961045
"cmilk","SDN","jbeef",0.0115902687859294
"cmilk","SDN","jpork",0.0115902687859294
"cmilk","SDN","jlamb",0.0115902687859294
"cmilk","SDN","jpoul",0.0115902687859294
"cmilk","SDN","jeggs",0.0115902687859294
"cmilk","SDN","jmilk",0.0115902687859294
"cmilk","SLB","jbeef",0.00425284920747378
"cmilk","SLB","jpork",0.00425284920747378
"cmilk","SLB","jlamb",0.00425284920747378
"cmilk","SLB","jpoul",0.00425284920747378
"cmilk","SLB","jeggs",0.00425284920747378
"cmilk","SLB","jmilk",0.00425284920747378
"cmilk","SPP","jbeef",0.0272437605279647
"cmilk","SPP","jpork",0.0272437605279647
"cmilk","SPP","jlamb",0.0272437605279647
"cmilk","SPP","jpoul",0.0272437605279647
"cmilk","SPP","jeggs",0.0272437605279647
"cmilk","SPP","jmilk",0.0272437605279647
"cmilk","SVK","jbeef",0.0441474851592099
"cmilk","SVK","jpork",0.0441474851592099
"cmilk","SVK","jlamb",0.0441474851592099
"cmilk","SVK","jpoul",0.0441474851592099
"cmilk","SVK","jeggs",0.0441474851592099
"cmilk","SVK","jmilk",0.0441474851592099
"cmilk","SVN","jbeef",0.0277740338492647
"cmilk","SVN","jpork",0.0277740338492647
"cmilk","SVN","jlamb",0.0277740338492647
"cmilk","SVN","jpoul",0.0277740338492647
"cmilk","SVN","jeggs",0.0277740338492647
"cmilk","SVN","jmilk",0.0277740338492647
"cmilk","SWE","jbeef",0.0294435210206856
"cmilk","SWE","jpork",0.0294435210206856
"cmilk","SWE","jlamb",0.0294435210206856
"cmilk","SWE","jpoul",0.0294435210206856
"cmilk","SWE","jeggs",0.0294435210206856
"cmilk","SWE","jmilk",0.0294435210206856
"cmilk","TKM","jbeef",0.233547202174828
"cmilk","TKM","jpork",0.233547202174828
"cmilk","TKM","jlamb",0.233547202174828
"cmilk","TKM","jpoul",0.233547202174828
"cmilk","TKM","jeggs",0.233547202174828
"cmilk","TKM","jmilk",0.233547202174828
"cmilk","UKP","jbeef",0.0143967463628344
"cmilk","UKP","jpork",0.0143967463628344
"cmilk","UKP","jlamb",0.0143967463628344
"cmilk","UKP","jpoul",0.0143967463628344
"cmilk","UKP","jeggs",0.0143967463628344
"cmilk","UKP","jmilk",0.0143967463628344
"cmilk","UKR","jbeef",0.167612371925022
"cmilk","UKR","jpork",0.167612371925022
"cmilk","UKR","jlamb",0.167612371925022
"cmilk","UKR","jpoul",0.167612371925022
"cmilk","UKR","jeggs",0.167612371925022
"cmilk","UKR","jmilk",0.167612371925022
"cmilk","URY","jbeef",0.0716952884191986
"cmilk","URY","jpork",0.0716952884191986
"cmilk","URY","jlamb",0.0716952884191986
"cmilk","URY","jpoul",0.0716952884191986
"cmilk","URY","jeggs",0.0716952884191986
"cmilk","URY","jmilk",0.0716952884191986
"cmilk","USA","jbeef",0.00430698210604042
"cmilk","USA","jpork",0.00430698210604042
"cmilk","USA","jlamb",0.00430698210604042
"cmilk","USA","jpoul",0.00430698210604042
"cmilk","USA","jeggs",0.00430698210604042
"cmilk","USA","jmilk",0.00430698210604042
"cmilk","UZB","jbeef",0.0658928046525409
"cmilk","UZB","jpork",0.0658928046525409
"cmilk","UZB","jlamb",0.0658928046525409
"cmilk","UZB","jpoul",0.0658928046525409
"cmilk","UZB","jeggs",0.0658928046525409
"cmilk","UZB","jmilk",0.0658928046525409
"cmilk","VEN","jbeef",0.00011833348080599
"cmilk","VEN","jpork",0.00011833348080599
"cmilk","VEN","jlamb",0.00011833348080599
"cmilk","VEN","jpoul",0.00011833348080599
"cmilk","VEN","jeggs",0.00011833348080599
"cmilk","VEN","jmilk",0.00011833348080599
"cmilk","VUT","jbeef",0.00425284920747378
"cmilk","VUT","jpork",0.00425284920747378
"cmilk","VUT","jlamb",0.00425284920747378
"cmilk","VUT","jpoul",0.00425284920747378
"cmilk","VUT","jeggs",0.00425284920747378
"cmilk","VUT","jmilk",0.00425284920747378
"cbarl","AFG","jbeef",0.00442595622740515
"cbarl","AFG","jpork",0.00442595622740515
"cbarl","AFG","jlamb",0.00442595622740515
"cbarl","AFG","jpoul",0.00442595622740515
"cbarl","AFG","jeggs",0.00442595622740515
"cbarl","AFG","jmilk",0.00442595622740515
"cbarl","ALB","jbeef",0.670256795471464
"cbarl","ALB","jpork",0.386601934596558
"cbarl","ALB","jlamb",0.692869973001185
"cbarl","ALB","jpoul",0.464801393475774
"cbarl","ALB","jeggs",0.447496640596012
"cbarl","ALB","jmilk",0.0282417677765869
"cbarl","ARG","jbeef",0.0317264070676945
"cbarl","ARG","jpork",0.177570125955962
"cbarl","ARG","jlamb",0.0925562772400638
"cbarl","ARG","jpoul",0.111966397339092
"cbarl","ARG","jeggs",0.0367781268382075
"cbarl","ARG","jmilk",0.0187439224619628
"cbarl","ARM","jbeef",0.376143686944244
"cbarl","ARM","jpork",0.565488314149283
"cbarl","ARM","jlamb",0.354764719585652
"cbarl","ARM","jpoul",0.305551681697642
"cbarl","ARM","jeggs",0.296539612997699
"cbarl","ARM","jmilk",0.0262269436069586
"cbarl","AUS","jbeef",0.245415972284657
"cbarl","AUS","jpork",2.26306906290215
"cbarl","AUS","jlamb",0.399344080291774
"cbarl","AUS","jpoul",0.695449620065865
"cbarl","AUS","jeggs",2.42345077776221
"cbarl","AUS","jmilk",0.0372711770031348
"cbarl","AUT","jbeef",0.461580316666717
"cbarl","AUT","jpork",0.560041556757823
"cbarl","AUT","jlamb",0.714229342159279
"cbarl","AUT","jpoul",0.71978154946793
"cbarl","AUT","jeggs",0.967601884751552
"cbarl","AUT","jmilk",0.0516921510478307
"cbarl","AZE","jbeef",0.376143686944244
"cbarl","AZE","jpork",0.565488314149283
"cbarl","AZE","jlamb",0.354764719585652
"cbarl","AZE","jpoul",0.305551681697642
"cbarl","AZE","jeggs",0.296539612997699
"cbarl","AZE","jmilk",0.0262269436069586
"cbarl","BGD","jpoul",0.00179460815008074
"cbarl","BGD","jeggs",0.00126094835808305
"cbarl","BGD","jmilk",0.000283359181591696
"cbarl","BGR","jbeef",1.16428921718705
"cbarl","BGR","jpork",0.671558224900669
"cbarl","BGR","jlamb",1.20357010018902
"cbarl","BGR","jpoul",0.807396887601418
"cbarl","BGR","jeggs",0.777337159270247
"cbarl","BGR","jmilk",0.0490581907095052
"cbarl","BLR","jbeef",1.94768989434838
"cbarl","BLR","jpork",2.92812537620477
"cbarl","BLR","jlamb",1.83698858492536
"cbarl","BLR","jpoul",1.58216113495975
"cbarl","BLR","jeggs",1.53549621476224
"cbarl","BLR","jmilk",0.13580436092894
"cbarl","BLT","jbeef",1.94768989434838
"cbarl","BLT","jpork",2.92812537620477
"cbarl","BLT","jlamb",1.83698858492536
"cbarl","BLT","jpoul",1.58216113495975
"cbarl","BLT","jeggs",1.53549621476224
"cbarl","BLT","jmilk",0.13580436092894
"cbarl","BLX","jbeef",0.175280972686372
"cbarl","BLX","jpork",0.21267074281285
"cbarl","BLX","jlamb",0.271222167181838
"cbarl","BLX","jpoul",0.27333056795734
"cbarl","BLX","jeggs",0.367438110786859
"cbarl","BLX","jmilk",0.0196296293164009
"cbarl","BLZ","jbeef",0.00160055032992351
"cbarl","BLZ","jpork",0.00173048148806192
"cbarl","BLZ","jlamb",4.3666640690463E-5
"cbarl","BLZ","jpoul",0.00169017381973226
"cbarl","BLZ","jeggs",0.00315636525522357
"cbarl","BLZ","jmilk",0.000517129063002092
"cbarl","BOL","jbeef",0.0300318182780714
"cbarl","BOL","jpork",0.0324697728096595
"cbarl","BOL","jlamb",0.000819336070545494
"cbarl","BOL","jpoul",0.0317134625906945
"cbarl","BOL","jeggs",0.0592242468055489
"cbarl","BOL","jmilk",0.0097031163319496
"cbarl","BRA","jbeef",0.00958585395292462
"cbarl","BRA","jpork",0.0124116388969728
"cbarl","BRA","jpoul",0.00932458299310688
"cbarl","BRA","jeggs",0.00469780405419857
"cbarl","BRA","jmilk",0.00165133393049853
"cbarl","BTN","jbeef",1.23005302446063E-5
"cbarl","BTN","jpork",1.23005302446063E-5
"cbarl","BTN","jlamb",1.23005302446063E-5
"cbarl","BTN","jpoul",1.23005302446063E-5
"cbarl","BTN","jeggs",1.23005302446063E-5
"cbarl","BTN","jmilk",1.23005302446063E-5
"cbarl","BWA","jpork",0.0197192722306852
"cbarl","BWA","jpoul",0.00731444848345007
"cbarl","BWA","jeggs",0.00822559085509091
"cbarl","BWA","jmilk",0.000639065135664755
"cbarl","CAN","jbeef",2.12776567904971
"cbarl","CAN","jpork",3.05597888566109
"cbarl","CAN","jlamb",0.60548943596726
"cbarl","CAN","jpoul",1.48257876392047
"cbarl","CAN","jeggs",1.75823893711994
"cbarl","CAN","jmilk",0.193905862278453
"cbarl","CHL","jbeef",0.0947895432470974
"cbarl","CHL","jpork",0.102484468488276
"cbarl","CHL","jlamb",0.00258607358281693
"cbarl","CHL","jpoul",0.100097323642599
"cbarl","CHL","jeggs",0.186929717404106
"cbarl","CHL","jmilk",0.0306259833041991
"cbarl","CHM","jpork",0.00686960130376172
"cbarl","CHM","jpoul",0.0209893548908632
"cbarl","CHM","jeggs",0.0226919924632855
"cbarl","CHM","jmilk",0.00043632138175755
"cbarl","CHP","jbeef",0.461580316666717
"cbarl","CHP","jpork",0.560041556757823
"cbarl","CHP","jlamb",0.714229342159279
"cbarl","CHP","jpoul",0.71978154946793
"cbarl","CHP","jeggs",0.967601884751552
"cbarl","CHP","jmilk",0.0516921510478307
"cbarl","COL","jbeef",0.00123965750342788
"cbarl","COL","jpork",0.00229387401311216
"cbarl","COL","jlamb",0.001366047454471
"cbarl","COL","jpoul",0.00385116396727629
"cbarl","COL","jeggs",0.00166233865117865
"cbarl","COL","jmilk",0.000750051840616569
"cbarl","CRB","jbeef",0.0528278917738196
"cbarl","CRB","jpork",0.113406037202618
"cbarl","CRB","jlamb",0.00371291221610606
"cbarl","CRB","jpoul",0.117984094012768
"cbarl","CRB","jeggs",0.0421577751139421
"cbarl","CRB","jmilk",0.0227280694393676
"cbarl","CRI","jbeef",0.00160055032992351
"cbarl","CRI","jpork",0.00173048148806192
"cbarl","CRI","jlamb",4.3666640690463E-5
"cbarl","CRI","jpoul",0.00169017381973226
"cbarl","CRI","jeggs",0.00315636525522357
"cbarl","CRI","jmilk",0.000517129063002092
"cbarl","CUB","jbeef",0.00160055032992351
"cbarl","CUB","jpork",0.00173048148806192
"cbarl","CUB","jlamb",4.3666640690463E-5
"cbarl","CUB","jpoul",0.00169017381973226
"cbarl","CUB","jeggs",0.00315636525522357
"cbarl","CUB","jmilk",0.000517129063002092
"cbarl","CYP","jbeef",0.441272961262627
"cbarl","CYP","jpork",2.87008026245592
"cbarl","CYP","jlamb",1.69889568116675
"cbarl","CYP","jpoul",1.36954340638855
"cbarl","CYP","jeggs",3.45933155884742
"cbarl","CYP","jmilk",0.312951995096547
"cbarl","CZE","jbeef",1.16428921718705
"cbarl","CZE","jpork",0.671558224900669
"cbarl","CZE","jlamb",1.20357010018902
"cbarl","CZE","jpoul",0.807396887601418
"cbarl","CZE","jeggs",0.777337159270247
"cbarl","CZE","jmilk",0.0490581907095052
"cbarl","DEU","jbeef",0.731175814639212
"cbarl","DEU","jpork",0.887145371473637
"cbarl","DEU","jlamb",1.131389711034
"cbarl","DEU","jpoul",1.14018479946252
"cbarl","DEU","jeggs",1.53274970960361
"cbarl","DEU","jmilk",0.0818840173380734
"cbarl","DNK","jbeef",1.29051761423337
"cbarl","DNK","jpork",1.565802239831
"cbarl","DNK","jlamb",1.99689092748813
"cbarl","DNK","jpoul",2.01241416596032
"cbarl","DNK","jeggs",2.70528709901404
"cbarl","DNK","jmilk",0.144524428438757
"cbarl","DOM","jbeef",0.00160055032992351
"cbarl","DOM","jpork",0.00173048148806192
"cbarl","DOM","jlamb",4.3666640690463E-5
"cbarl","DOM","jpoul",0.00169017381973226
"cbarl","DOM","jeggs",0.00315636525522357
"cbarl","DOM","jmilk",0.000517129063002092
"cbarl","DZA","jbeef",0.140745085536144
"cbarl","DZA","jpork",0.915419088627419
"cbarl","DZA","jlamb",0.541866914479928
"cbarl","DZA","jpoul",0.436819204435456
"cbarl","DZA","jeggs",1.10336222449417
"cbarl","DZA","jmilk",0.099816800903774
"cbarl","ECU","jbeef",0.00108364634256121
"cbarl","ECU","jpork",0.00117161572513486
"cbarl","ECU","jlamb",2.95643283385011E-5
"cbarl","ECU","jpoul",0.00114432557589932
"cbarl","ECU","jeggs",0.00213700475434207
"cbarl","ECU","jmilk",0.000350120210078682
"cbarl","EGY","jbeef",0.045271710383125
"cbarl","EGY","jlamb",0.00920235556040298
"cbarl","EGY","jpoul",0.0973214175406345
"cbarl","EGY","jeggs",0.0114914606457278
"cbarl","EGY","jmilk",0.00344514143276318
"cbarl","FJI","jbeef",0.0528278917738196
"cbarl","FJI","jpork",0.113406037202618
"cbarl","FJI","jlamb",0.00371291221610606
"cbarl","FJI","jpoul",0.117984094012768
"cbarl","FJI","jeggs",0.0421577751139421
"cbarl","FJI","jmilk",0.0227280694393676
"cbarl","FNP","jbeef",1.29051761423337
"cbarl","FNP","jpork",1.565802239831
"cbarl","FNP","jlamb",1.99689092748813
"cbarl","FNP","jpoul",2.01241416596032
"cbarl","FNP","jeggs",2.70528709901404
"cbarl","FNP","jmilk",0.144524428438757
"cbarl","FRP","jbeef",0.28520718607745
"cbarl","FRP","jpork",0.346045684189485
"cbarl","FRP","jlamb",0.441317217255344
"cbarl","FRP","jpoul",0.444747886557828
"cbarl","FRP","jeggs",0.597874304489653
"cbarl","FRP","jmilk",0.0319402115088184
"cbarl","GEO","jbeef",0.376143686944244
"cbarl","GEO","jpork",0.565488314149283
"cbarl","GEO","jlamb",0.354764719585652
"cbarl","GEO","jpoul",0.305551681697642
"cbarl","GEO","jeggs",0.296539612997699
"cbarl","GEO","jmilk",0.0262269436069586
"cbarl","GHA","jbeef",5.40589344622695E-6
"cbarl","GHA","jpork",0.000457158389102592
"cbarl","GHA","jpoul",0.000948644201588726
"cbarl","GHA","jeggs",0.000719794712365118
"cbarl","GHA","jmilk",1.17127691334917E-5
"cbarl","GRC","jbeef",0.670256795471464
"cbarl","GRC","jpork",0.386601934596558
"cbarl","GRC","jlamb",0.692869973001185
"cbarl","GRC","jpoul",0.464801393475774
"cbarl","GRC","jeggs",0.447496640596012
"cbarl","GRC","jmilk",0.0282417677765869
"cbarl","GSA","jbeef",7.44330524660097E-6
"cbarl","GSA","jpork",8.04754570876423E-6
"cbarl","GSA","jlamb",2.03070237577781E-7
"cbarl","GSA","jpoul",7.86009625869243E-6
"cbarl","GSA","jeggs",1.46785700050541E-5
"cbarl","GSA","jmilk",2.40489124012568E-6
"cbarl","GTM","jbeef",0.00160055032992351
"cbarl","GTM","jpork",0.00173048148806192
"cbarl","GTM","jlamb",4.3666640690463E-5
"cbarl","GTM","jpoul",0.00169017381973226
"cbarl","GTM","jeggs",0.00315636525522357
"cbarl","GTM","jmilk",0.000517129063002092
"cbarl","HND","jbeef",0.00160055032992351
"cbarl","HND","jpork",0.00173048148806192
"cbarl","HND","jlamb",4.3666640690463E-5
"cbarl","HND","jpoul",0.00169017381973226
"cbarl","HND","jeggs",0.00315636525522357
"cbarl","HND","jmilk",0.000517129063002092
"cbarl","HRV","jbeef",0.670256795471464
"cbarl","HRV","jpork",0.386601934596558
"cbarl","HRV","jlamb",0.692869973001185
"cbarl","HRV","jpoul",0.464801393475774
"cbarl","HRV","jeggs",0.447496640596012
"cbarl","HRV","jmilk",0.0282417677765869
"cbarl","HTI","jbeef",0.00160055032992351
"cbarl","HTI","jpork",0.00173048148806192
"cbarl","HTI","jlamb",4.3666640690463E-5
"cbarl","HTI","jpoul",0.00169017381973226
"cbarl","HTI","jeggs",0.00315636525522357
"cbarl","HTI","jmilk",0.000517129063002092
"cbarl","HUN","jbeef",1.16428921718705
"cbarl","HUN","jpork",0.671558224900669
"cbarl","HUN","jlamb",1.20357010018902
"cbarl","HUN","jpoul",0.807396887601418
"cbarl","HUN","jeggs",0.777337159270247
"cbarl","HUN","jmilk",0.0490581907095052
"cbarl","IDN","jpoul",0.00484365454102568
"cbarl","IDN","jmilk",0.00538183837891743
"cbarl","IND","jlamb",0.0340387929306498
"cbarl","IND","jeggs",0.0161788254586362
"cbarl","IND","jmilk",0.00100088609559319
"cbarl","IRL","jbeef",0.470192899453178
"cbarl","IRL","jpork",0.570491318364356
"cbarl","IRL","jlamb",0.727556078841398
"cbarl","IRL","jpoul",0.733211884252843
"cbarl","IRL","jeggs",0.985656275365387
"cbarl","IRL","jmilk",0.0526566699283686
"cbarl","IRN","jbeef",0.195768273203163
"cbarl","IRN","jpork",1.27329500390819
"cbarl","IRN","jlamb",0.753705536144064
"cbarl","IRN","jpoul",0.607590247492855
"cbarl","IRN","jeggs",1.53471303515855
"cbarl","IRN","jmilk",0.138839396595326
"cbarl","IRQ","jbeef",1.3401149107949
"cbarl","IRQ","jpork",1.3401149107949
"cbarl","IRQ","jlamb",1.3401149107949
"cbarl","IRQ","jpoul",1.3401149107949
"cbarl","IRQ","jeggs",1.3401149107949
"cbarl","IRQ","jmilk",1.3401149107949
"cbarl","ISL","jbeef",1.29051761423337
"cbarl","ISL","jpork",1.565802239831
"cbarl","ISL","jlamb",1.99689092748813
"cbarl","ISL","jpoul",2.01241416596032
"cbarl","ISL","jeggs",2.70528709901404
"cbarl","ISL","jmilk",0.144524428438757
"cbarl","ISR","jbeef",0.824827877246412
"cbarl","ISR","jpork",1.18464951380146
"cbarl","ISR","jlamb",0.234717840917075
"cbarl","ISR","jpoul",0.574721317641178
"cbarl","ISR","jeggs",0.681580920528959
"cbarl","ISR","jmilk",0.0751675630185942
"cbarl","ITP","jbeef",0.258668211215634
"cbarl","ITP","jpork",0.313845591898505
"cbarl","ITP","jlamb",0.400251959763391
"cbarl","ITP","jpoul",0.403363399920109
"cbarl","ITP","jeggs",0.542241165102108
"cbarl","ITP","jmilk",0.0289681248585072
"cbarl","JAM","jbeef",0.0528278917738196
"cbarl","JAM","jpork",0.113406037202618
"cbarl","JAM","jlamb",0.00371291221610606
"cbarl","JAM","jpoul",0.117984094012768
"cbarl","JAM","jeggs",0.0421577751139421
"cbarl","JAM","jmilk",0.0227280694393676
"cbarl","JOR","jbeef",0.540553207088849
"cbarl","JOR","jpork",3.51580818827828
"cbarl","JOR","jlamb",2.08112345323946
"cbarl","JOR","jpoul",1.67767152207206
"cbarl","JOR","jeggs",4.23763278667265
"cbarl","JOR","jmilk",0.383361817887616
"cbarl","JPN","jbeef",0.448943148197284
"cbarl","JPN","jpork",0.363967725009901
"cbarl","JPN","jpoul",0.264405531469184
"cbarl","JPN","jeggs",0.274654769523901
"cbarl","JPN","jmilk",0.015361024146282
"cbarl","KAZ","jbeef",0.316132532736323
"cbarl","KAZ","jpork",0.475269405415654
"cbarl","KAZ","jlamb",0.298164965948867
"cbarl","KAZ","jpoul",0.256803653803056
"cbarl","KAZ","jeggs",0.249227396304965
"cbarl","KAZ","jmilk",0.0220416338680568
"cbarl","KEN","jbeef",2.59152700237531E-5
"cbarl","KEN","jpork",0.0971126153008852
"cbarl","KEN","jpoul",0.0276127202103089
"cbarl","KEN","jeggs",0.0199498988051604
"cbarl","KEN","jmilk",0.00147393098260096
"cbarl","KGZ","jbeef",0.526193669719941
"cbarl","KGZ","jpork",0.791072498539291
"cbarl","KGZ","jlamb",0.496287162401646
"cbarl","KGZ","jpoul",0.427442426828073
"cbarl","KGZ","jeggs",0.41483196025838
"cbarl","KGZ","jmilk",0.0366876768780068
"cbarl","KOR","jbeef",0.0236471752858454
"cbarl","KOR","jpork",0.190113337581143
"cbarl","KOR","jpoul",0.194171031737156
"cbarl","KOR","jeggs",0.00907501817082041
"cbarl","LBN","jbeef",0.0994940332128405
"cbarl","LBN","jpork",0.647118418810972
"cbarl","LBN","jlamb",0.383050850982362
"cbarl","LBN","jpoul",0.308791630404366
"cbarl","LBN","jeggs",0.77997720056396
"cbarl","LBN","jmilk",0.0705614413923476
"cbarl","LBY","jbeef",0.178148238851549
"cbarl","LBY","jpork",1.15869266645324
"cbarl","LBY","jlamb",0.685868612312803
"cbarl","LBY","jpoul",0.552904363731599
"cbarl","LBY","jeggs",1.39658188675075
"cbarl","LBY","jmilk",0.126343219879151
"cbarl","MDA","jbeef",1.16428921718705
"cbarl","MDA","jpork",0.671558224900669
"cbarl","MDA","jlamb",1.20357010018902
"cbarl","MDA","jpoul",0.807396887601418
"cbarl","MDA","jeggs",0.777337159270247
"cbarl","MDA","jmilk",0.0490581907095052
"cbarl","MEX","jbeef",0.0138771096558598
"cbarl","MEX","jpork",0.0932564345315677
"cbarl","MEX","jlamb",0.0220013903154995
"cbarl","MEX","jpoul",0.0695622737056404
"cbarl","MEX","jeggs",0.0847440056187853
"cbarl","MEX","jmilk",0.0115958712336353
"cbarl","MNG","jbeef",0.00104134144529201
"cbarl","MNG","jpork",0.00490820918865075
"cbarl","MNG","jpoul",0.00897322520212222
"cbarl","MNG","jeggs",0.00668261419118385
"cbarl","MNG","jmilk",0.00195256836128253
"cbarl","MOR","jbeef",0.0494918321275166
"cbarl","MOR","jpork",0.321899465889611
"cbarl","MOR","jlamb",0.190542968265908
"cbarl","MOR","jpoul",0.153603819654812
"cbarl","MOR","jeggs",0.38798809764825
"cbarl","MOR","jmilk",0.035099743163442
"cbarl","MYS","jpork",0.00124012913337881
"cbarl","MYS","jpoul",0.000695682196773481
"cbarl","MYS","jeggs",0.000563351344126352
"cbarl","MYS","jmilk",0.000134221293399231
"cbarl","NAM","jpork",0.02130306755286
"cbarl","NAM","jpoul",0.00790192398238606
"cbarl","NAM","jeggs",0.00888624669299471
"cbarl","NAM","jmilk",0.000690393012301896
"cbarl","NGA","jbeef",1.5023541242124E-6
"cbarl","NGA","jpork",0.000582764815720587
"cbarl","NGA","jpoul",0.000620257631281975
"cbarl","NGA","jeggs",0.000401194588708631
"cbarl","NGA","jmilk",0.000226112550386956
"cbarl","NIC","jbeef",0.00160055032992351
"cbarl","NIC","jpork",0.00173048148806192
"cbarl","NIC","jlamb",4.3666640690463E-5
"cbarl","NIC","jpoul",0.00169017381973226
"cbarl","NIC","jeggs",0.00315636525522357
"cbarl","NIC","jmilk",0.000517129063002092
"cbarl","NLD","jbeef",0.0962265513211087
"cbarl","NLD","jpork",0.11675295860205
"cbarl","NLD","jlamb",0.148896787767396
"cbarl","NLD","jpoul",0.150054267283398
"cbarl","NLD","jeggs",0.201717857238431
"cbarl","NLD","jmilk",0.0107763638224941
"cbarl","NOR","jbeef",1.29051761423337
"cbarl","NOR","jpork",1.565802239831
"cbarl","NOR","jlamb",1.99689092748813
"cbarl","NOR","jpoul",2.01241416596032
"cbarl","NOR","jeggs",2.70528709901404
"cbarl","NOR","jmilk",0.144524428438757
"cbarl","NPL","jpoul",9.25889810832113E-5
"cbarl","NPL","jeggs",3.24403894716564E-5
"cbarl","NPL","jmilk",4.01613266971562E-6
"cbarl","NZL","jbeef",0.134637800070297
"cbarl","NZL","jpork",0.193371985589337
"cbarl","NZL","jlamb",0.0383133191906947
"cbarl","NZL","jpoul",0.0938125589535503
"cbarl","NZL","jeggs",0.111255400358507
"cbarl","NZL","jmilk",0.0122697057175791
"cbarl","OAO","jbeef",0.0528278917738196
"cbarl","OAO","jpork",0.113406037202618
"cbarl","OAO","jlamb",0.00371291221610606
"cbarl","OAO","jpoul",0.117984094012768
"cbarl","OAO","jeggs",0.0421577751139421
"cbarl","OAO","jmilk",0.0227280694393676
"cbarl","OBN","jbeef",0.670256795471464
"cbarl","OBN","jpork",0.386601934596558
"cbarl","OBN","jlamb",0.692869973001185
"cbarl","OBN","jpoul",0.464801393475774
"cbarl","OBN","jeggs",0.447496640596012
"cbarl","OBN","jmilk",0.0282417677765869
"cbarl","OIO","jbeef",0.0528278917738196
"cbarl","OIO","jpork",0.113406037202618
"cbarl","OIO","jlamb",0.00371291221610606
"cbarl","OIO","jpoul",0.117984094012768
"cbarl","OIO","jeggs",0.0421577751139421
"cbarl","OIO","jmilk",0.0227280694393676
"cbarl","OPO","jbeef",0.0528278917738196
"cbarl","OPO","jpork",0.113406037202618
"cbarl","OPO","jlamb",0.00371291221610606
"cbarl","OPO","jpoul",0.117984094012768
"cbarl","OPO","jeggs",0.0421577751139421
"cbarl","OPO","jmilk",0.0227280694393676
"cbarl","OSA","jbeef",0.00407501217030329
"cbarl","OSA","jpork",0.00407501217030329
"cbarl","OSA","jlamb",0.00407501217030329
"cbarl","OSA","jpoul",0.00407501217030329
"cbarl","OSA","jeggs",0.00407501217030329
"cbarl","OSA","jmilk",0.00407501217030329
"cbarl","PAK","jbeef",0.00766024323882915
"cbarl","PAK","jlamb",0.00762739229316556
"cbarl","PAK","jpoul",0.0330540242367879
"cbarl","PAK","jeggs",0.0407769829173385
"cbarl","PAK","jmilk",0.000716747905387523
"cbarl","PAN","jbeef",0.00160055032992351
"cbarl","PAN","jpork",0.00173048148806192
"cbarl","PAN","jlamb",4.3666640690463E-5
"cbarl","PAN","jpoul",0.00169017381973226
"cbarl","PAN","jeggs",0.00315636525522357
"cbarl","PAN","jmilk",0.000517129063002092
"cbarl","PER","jbeef",0.0137863732221143
"cbarl","PER","jpork",0.014905537928021
"cbarl","PER","jlamb",0.000376123508683077
"cbarl","PER","jpoul",0.0145583469969289
"cbarl","PER","jeggs",0.027187417115403
"cbarl","PER","jmilk",0.00445430183185169
"cbarl","PHL","jbeef",0.0193004143496724
"cbarl","POL","jbeef",2.33607110513882
"cbarl","POL","jpork",1.34743819787238
"cbarl","POL","jlamb",2.41488565947004
"cbarl","POL","jpoul",1.61998969986309
"cbarl","POL","jeggs",1.55967679672342
"cbarl","POL","jmilk",0.0984320906653665
"cbarl","PRK","jbeef",0.0163599642639014
"cbarl","PRK","jpork",0.0771102766427988
"cbarl","PRK","jpoul",0.140973591613357
"cbarl","PRK","jeggs",0.104987014443232
"cbarl","PRK","jmilk",0.0306757680276992
"cbarl","PRT","jbeef",0.929500580168144
"cbarl","PRT","jpork",1.12777545559972
"cbarl","PRT","jlamb",1.43826884279711
"cbarl","PRT","jpoul",1.44944951868007
"cbarl","PRT","jeggs",1.94849407735416
"cbarl","PRT","jmilk",0.104094309601575
"cbarl","PRY","jbeef",0.0300318182780714
"cbarl","PRY","jpork",0.0324697728096595
"cbarl","PRY","jlamb",0.000819336070545494
"cbarl","PRY","jpoul",0.0317134625906945
"cbarl","PRY","jeggs",0.0592242468055489
"cbarl","PRY","jmilk",0.0097031163319496
"cbarl","RAP","jbeef",0.903033192109261
"cbarl","RAP","jpork",5.87341162621753
"cbarl","RAP","jlamb",3.47666710789376
"cbarl","RAP","jpoul",2.80267150397005
"cbarl","RAP","jeggs",7.07927177593618
"cbarl","RAP","jmilk",0.640433618004529
"cbarl","ROU","jbeef",1.16428921718705
"cbarl","ROU","jpork",0.671558224900669
"cbarl","ROU","jlamb",1.20357010018902
"cbarl","ROU","jpoul",0.807396887601418
"cbarl","ROU","jeggs",0.777337159270247
"cbarl","ROU","jmilk",0.0490581907095052
"cbarl","RUS","jbeef",1.93465637883764
"cbarl","RUS","jpork",2.90853100051955
"cbarl","RUS","jlamb",1.82469585840655
"cbarl","RUS","jpoul",1.57157365809661
"cbarl","RUS","jeggs",1.52522100935615
"cbarl","RUS","jmilk",0.13489558779738
"cbarl","SAU","jbeef",0.903033192109261
"cbarl","SAU","jpork",5.87341162621753
"cbarl","SAU","jlamb",3.47666710789376
"cbarl","SAU","jpoul",2.80267150397005
"cbarl","SAU","jeggs",7.07927177593618
"cbarl","SAU","jmilk",0.640433618004529
"cbarl","SEN","jbeef",6.0356376032978E-8
"cbarl","SEN","jpork",5.10413753318884E-6
"cbarl","SEN","jpoul",1.05915380541871E-5
"cbarl","SEN","jeggs",8.03645146879102E-6
"cbarl","SEN","jmilk",1.30772148071452E-7
"cbarl","SLB","jbeef",0.0528278917738196
"cbarl","SLB","jpork",0.113406037202618
"cbarl","SLB","jlamb",0.00371291221610606
"cbarl","SLB","jpoul",0.117984094012768
"cbarl","SLB","jeggs",0.0421577751139421
"cbarl","SLB","jmilk",0.0227280694393676
"cbarl","SLV","jbeef",0.00160055032992351
"cbarl","SLV","jpork",0.00173048148806192
"cbarl","SLV","jlamb",4.3666640690463E-5
"cbarl","SLV","jpoul",0.00169017381973226
"cbarl","SLV","jeggs",0.00315636525522357
"cbarl","SLV","jmilk",0.000517129063002092
"cbarl","SPP","jbeef",0.929500580168144
"cbarl","SPP","jpork",1.12777545559972
"cbarl","SPP","jlamb",1.43826884279711
"cbarl","SPP","jpoul",1.44944951868007
"cbarl","SPP","jeggs",1.94849407735416
"cbarl","SPP","jmilk",0.104094309601575
"cbarl","SVK","jbeef",1.16428921718705
"cbarl","SVK","jpork",0.671558224900669
"cbarl","SVK","jlamb",1.20357010018902
"cbarl","SVK","jpoul",0.807396887601418
"cbarl","SVK","jeggs",0.777337159270247
"cbarl","SVK","jmilk",0.0490581907095052
"cbarl","SVN","jbeef",0.670256795471464
"cbarl","SVN","jpork",0.386601934596558
"cbarl","SVN","jlamb",0.692869973001185
"cbarl","SVN","jpoul",0.464801393475774
"cbarl","SVN","jeggs",0.447496640596012
"cbarl","SVN","jmilk",0.0282417677765869
"cbarl","SWE","jbeef",1.29051761423337
"cbarl","SWE","jpork",1.565802239831
"cbarl","SWE","jlamb",1.99689092748813
"cbarl","SWE","jpoul",2.01241416596032
"cbarl","SWE","jeggs",2.70528709901404
"cbarl","SWE","jmilk",0.144524428438757
"cbarl","SWZ","jpork",0.0253439216708957
"cbarl","SWZ","jpoul",0.00940079366326181
"cbarl","SWZ","jeggs",0.0105718267839449
"cbarl","SWZ","jmilk",0.00082134961936803
"cbarl","SYR","jbeef",0.181093490819053
"cbarl","SYR","jpork",1.17784885838421
"cbarl","SYR","jlamb",0.697207797549133
"cbarl","SYR","jpoul",0.562045305430602
"cbarl","SYR","jeggs",1.41967100386047
"cbarl","SYR","jmilk",0.128432000657052
"cbarl","THA","jpork",1.32217195595322E-5
"cbarl","THA","jlamb",2.21579462231571E-6
"cbarl","THA","jpoul",7.20741987038956E-6
"cbarl","THA","jeggs",1.38061049544287E-5
"cbarl","THA","jmilk",1.96882222328209E-6
"cbarl","TJK","jbeef",0.0283636320663005
"cbarl","TJK","jpork",0.042641503646898
"cbarl","TJK","jlamb",0.0267515694004465
"cbarl","TJK","jpoul",0.0230406035301238
"cbarl","TJK","jeggs",0.0223608564055384
"cbarl","TJK","jmilk",0.00197759081535312
"cbarl","TKM","jbeef",0.0459747836633957
"cbarl","TKM","jpork",0.0691178725159558
"cbarl","TKM","jlamb",0.0433617814871853
"cbarl","TKM","jpoul",0.0373466543457978
"cbarl","TKM","jeggs",0.0362448480987848
"cbarl","TKM","jmilk",0.0032054889760963
"cbarl","TUN","jbeef",0.308465683004528
"cbarl","TUN","jpork",2.00628940849465
"cbarl","TUN","jlamb",1.1875892308132
"cbarl","TUN","jpoul",0.957360136109865
"cbarl","TUN","jeggs",2.41819727405392
"cbarl","TUN","jmilk",0.218764708897794
"cbarl","TUR","jbeef",0.603524993561207
"cbarl","TUR","jpork",1.91056507310988
"cbarl","TUR","jlamb",1.44070814283349
"cbarl","TUR","jpoul",1.92311060962269
"cbarl","TUR","jeggs",1.91559707401886
"cbarl","TUR","jmilk",0.169601079560512
"cbarl","TZA","jbeef",3.57305128033661E-8
"cbarl","TZA","jpork",0.000133893397259464
"cbarl","TZA","jpoul",3.80708613919866E-5
"cbarl","TZA","jeggs",2.75057953874413E-5
"cbarl","TZA","jmilk",2.03217291569145E-6
"cbarl","UGA","jbeef",3.4029877474276E-9
"cbarl","UGA","jpork",1.27520585232823E-5
"cbarl","UGA","jpoul",3.62588344488411E-6
"cbarl","UGA","jeggs",2.61966250531661E-6
"cbarl","UGA","jmilk",1.93544928134945E-7
"cbarl","UKP","jbeef",0.470192899453178
"cbarl","UKP","jpork",0.570491318364356
"cbarl","UKP","jlamb",0.727556078841398
"cbarl","UKP","jpoul",0.733211884252843
"cbarl","UKP","jeggs",0.985656275365387
"cbarl","UKP","jmilk",0.0526566699283686
"cbarl","UKR","jbeef",1.90416898096801
"cbarl","UKR","jpork",2.86269674137205
"cbarl","UKR","jlamb",1.7959412799528
"cbarl","UKR","jpoul",1.54680792092492
"cbarl","UKR","jeggs",1.50118572316269
"cbarl","UKR","jmilk",0.132769827636029
"cbarl","URY","jbeef",0.0434945083539761
"cbarl","URY","jpork",0.0470253513005786
"cbarl","URY","jlamb",0.00118662876936346
"cbarl","URY","jpoul",0.04593000166732
"cbarl","URY","jeggs",0.0857733445771009
"cbarl","URY","jmilk",0.0140528379085107
"cbarl","USA","jbeef",0.140709469938797
"cbarl","USA","jpork",0.0929142071430637
"cbarl","USA","jlamb",0.197771222536243
"cbarl","USA","jpoul",0.0764718197282921
"cbarl","USA","jeggs",0.0157935829424313
"cbarl","USA","jmilk",0.0168238604147124
"cbarl","UZB","jbeef",0.0149647114210019
"cbarl","UZB","jpork",0.0224977462386275
"cbarl","UZB","jlamb",0.0141141837970824
"cbarl","UZB","jpoul",0.0121562704659281
"cbarl","UZB","jeggs",0.0117976344656126
"cbarl","UZB","jmilk",0.00104338103778129
"cbarl","VEN","jbeef",7.44330524660097E-6
"cbarl","VEN","jpork",8.04754570876423E-6
"cbarl","VEN","jlamb",2.03070237577781E-7
"cbarl","VEN","jpoul",7.86009625869243E-6
"cbarl","VEN","jeggs",1.46785700050541E-5
"cbarl","VEN","jmilk",2.40489124012568E-6
"cbarl","VUT","jbeef",0.0528278917738196
"cbarl","VUT","jpork",0.113406037202618
"cbarl","VUT","jlamb",0.00371291221610606
"cbarl","VUT","jpoul",0.117984094012768
"cbarl","VUT","jeggs",0.0421577751139421
"cbarl","VUT","jmilk",0.0227280694393676
"cbarl","YEM","jbeef",0.903033192109261
"cbarl","YEM","jpork",5.87341162621753
"cbarl","YEM","jlamb",3.47666710789376
"cbarl","YEM","jpoul",2.80267150397005
"cbarl","YEM","jeggs",7.07927177593618
"cbarl","YEM","jmilk",0.640433618004529
"cbarl","ZAF","jbeef",0.111390467468406
"cbarl","ZAF","jpork",0.159983272593905
"cbarl","ZAF","jlamb",0.0316979223716479
"cbarl","ZAF","jpoul",0.0776143459770383
"cbarl","ZAF","jeggs",0.092045406623164
"cbarl","ZAF","jmilk",0.0101511481535447
"cbarl","ZMB","jpork",0.000206901181966133
"cbarl","ZMB","jpoul",7.67456333556391E-5
"cbarl","ZMB","jeggs",8.63056430469989E-5
"cbarl","ZMB","jmilk",6.70528457518992E-6
"cbarl","ZWE","jpork",0.0411137731568313
"cbarl","ZWE","jpoul",0.0152502877488519
"cbarl","ZWE","jeggs",0.0171499775722383
"cbarl","ZWE","jmilk",0.00133242133445851
"cmaiz","AFG","jlamb",0.225503848396526
"cmaiz","AFG","jpoul",0.0260398627875436
"cmaiz","AFG","jeggs",0.101449805742308
"cmaiz","AFG","jmilk",0.00639578567026512
"cmaiz","AGO","jpork",0.299707140093404
"cmaiz","AGO","jpoul",0.307969580591507
"cmaiz","AGO","jeggs",0.402241300420406
"cmaiz","AGO","jmilk",0.0209111814893194
"cmaiz","ALB","jbeef",2.93693383419795
"cmaiz","ALB","jpork",2.98611925427358
"cmaiz","ALB","jlamb",2.38768531291804
"cmaiz","ALB","jpoul",6.80296903649346
"cmaiz","ALB","jeggs",3.65049632966278
"cmaiz","ALB","jmilk",0.133126950743743
"cmaiz","ARG","jbeef",0.216113826724871
"cmaiz","ARG","jpork",1.25646145610351
"cmaiz","ARG","jlamb",0.334091788605932
"cmaiz","ARG","jpoul",0.89092742765663
"cmaiz","ARG","jeggs",1.36475824007809
"cmaiz","ARG","jmilk",0.0769025182560755
"cmaiz","ARM","jbeef",0.257244137842968
"cmaiz","ARM","jpork",0.369611330870495
"cmaiz","ARM","jlamb",0.0802865140839612
"cmaiz","ARM","jpoul",0.641713363253734
"cmaiz","ARM","jeggs",0.416619753422017
"cmaiz","ARM","jmilk",0.0227408607503539
"cmaiz","AUS","jbeef",0.00942881463283162
"cmaiz","AUS","jpork",0.192078946395114
"cmaiz","AUS","jlamb",0.0153366849071374
"cmaiz","AUS","jpoul",0.121897837285172
"cmaiz","AUS","jeggs",0.0894136960865129
"cmaiz","AUS","jmilk",0.0028167554868207
"cmaiz","AUT","jbeef",0.424508912576461
"cmaiz","AUT","jpork",0.841672646267066
"cmaiz","AUT","jlamb",0.796103368594341
"cmaiz","AUT","jpoul",0.709737853680134
"cmaiz","AUT","jeggs",1.16899715228517
"cmaiz","AUT","jmilk",0.0615722215630297
"cmaiz","AZE","jbeef",0.257244137842968
"cmaiz","AZE","jpork",0.369611330870495
"cmaiz","AZE","jlamb",0.0802865140839612
"cmaiz","AZE","jpoul",0.641713363253734
"cmaiz","AZE","jeggs",0.416619753422017
"cmaiz","AZE","jmilk",0.0227408607503539
"cmaiz","BDI","jpork",0.112637232877378
"cmaiz","BDI","jpoul",0.0888565875168486
"cmaiz","BDI","jeggs",0.074563273286446
"cmaiz","BDI","jmilk",0.00375411789052641
"cmaiz","BEN","jpork",0.65600239193244
"cmaiz","BEN","jpoul",1.290304080726
"cmaiz","BEN","jeggs",1.06626898070697
"cmaiz","BEN","jmilk",0.0373350733548498
"cmaiz","BGD","jpoul",0.0386200701502599
"cmaiz","BGD","jeggs",0.0295813303278586
"cmaiz","BGD","jmilk",0.000821703620218295
"cmaiz","BGR","jbeef",2.12207994217137
"cmaiz","BGR","jpork",2.15761884065605
"cmaiz","BGR","jlamb",1.7252207222926
"cmaiz","BGR","jpoul",4.9154815717863
"cmaiz","BGR","jeggs",2.63766413459674
"cmaiz","BGR","jmilk",0.0961908057465257
"cmaiz","BLR","jbeef",0.071217129907629
"cmaiz","BLR","jpork",0.102325589949903
"cmaiz","BLR","jlamb",0.0222270375188822
"cmaiz","BLR","jpoul",0.177656075421242
"cmaiz","BLR","jeggs",0.115339705504396
"cmaiz","BLR","jmilk",0.00629572688361081
"cmaiz","BLT","jbeef",0.071217129907629
"cmaiz","BLT","jpork",0.102325589949903
"cmaiz","BLT","jlamb",0.0222270375188822
"cmaiz","BLT","jpoul",0.177656075421242
"cmaiz","BLT","jeggs",0.115339705504396
"cmaiz","BLT","jmilk",0.00629572688361081
"cmaiz","BLX","jbeef",0.15315965680548
"cmaiz","BLX","jpork",0.303669227725825
"cmaiz","BLX","jlamb",0.287228171431227
"cmaiz","BLX","jpoul",0.256068136312516
"cmaiz","BLX","jeggs",0.421765473812829
"cmaiz","BLX","jmilk",0.02221479936925
"cmaiz","BLZ","jbeef",1.0167727586375
"cmaiz","BLZ","jpork",1.69329584805007
"cmaiz","BLZ","jlamb",0.93175494668906
"cmaiz","BLZ","jpoul",0.612125697151212
"cmaiz","BLZ","jeggs",1.03940679161913
"cmaiz","BLZ","jmilk",0.154066905807937
"cmaiz","BOL","jbeef",0.339107741387148
"cmaiz","BOL","jpork",0.564737524343145
"cmaiz","BOL","jlamb",0.310753128281515
"cmaiz","BOL","jpoul",0.204152364274725
"cmaiz","BOL","jeggs",0.346656503623036
"cmaiz","BOL","jmilk",0.0513834384401147
"cmaiz","BRA","jbeef",1.17110485342557
"cmaiz","BRA","jpork",2.29385480616942
"cmaiz","BRA","jpoul",1.70981550700541
"cmaiz","BRA","jeggs",2.346083313376
"cmaiz","BRA","jmilk",0.151750397922195
"cmaiz","BTN","jlamb",12.9951753071395
"cmaiz","BTN","jpoul",1.50060668278688
"cmaiz","BTN","jeggs",5.84627721376328
"cmaiz","BTN","jmilk",0.368571785372982
"cmaiz","BWA","jpork",0.1663657464078
"cmaiz","BWA","jpoul",0.170952180618839
"cmaiz","BWA","jeggs",0.223281881638288
"cmaiz","BWA","jmilk",0.0116076791352231
"cmaiz","CAN","jbeef",1.3834277998197
"cmaiz","CAN","jpork",1.77631549906437
"cmaiz","CAN","jlamb",1.5902870613186
"cmaiz","CAN","jpoul",1.28549997410423
"cmaiz","CAN","jeggs",1.37183599156039
"cmaiz","CAN","jmilk",0.153161070515448
"cmaiz","CHL","jbeef",1.11563193932004
"cmaiz","CHL","jpork",1.85793228108717
"cmaiz","CHL","jlamb",1.02234798219683
"cmaiz","CHL","jpoul",0.671641694586258
"cmaiz","CHL","jeggs",1.14046664294031
"cmaiz","CHL","jmilk",0.169046583370183
"cmaiz","CHM","jbeef",0.699990274748099
"cmaiz","CHM","jpork",0.999986106782999
"cmaiz","CHM","jlamb",0.0213053803146715
"cmaiz","CHM","jpoul",1.26848237645423
"cmaiz","CHM","jeggs",0.846604698618907
"cmaiz","CHM","jmilk",0.0111700232634718
"cmaiz","CHP","jbeef",0.424508912576461
"cmaiz","CHP","jpork",0.841672646267066
"cmaiz","CHP","jlamb",0.796103368594341
"cmaiz","CHP","jpoul",0.709737853680134
"cmaiz","CHP","jeggs",1.16899715228517
"cmaiz","CHP","jmilk",0.0615722215630297
"cmaiz","CIV","jpork",0.388201788430697
"cmaiz","CIV","jpoul",0.76356177647725
"cmaiz","CIV","jeggs",0.630984780465939
"cmaiz","CIV","jmilk",0.0220937338427214
"cmaiz","CMR","jpork",0.05117150152782
"cmaiz","CMR","jpoul",0.100650238551299
"cmaiz","CMR","jeggs",0.0831743686400048
"cmaiz","CMR","jmilk",0.00291232438587773
"cmaiz","COD","jpork",0.302991687137669
"cmaiz","COD","jpoul",0.595960342748342
"cmaiz","COD","jeggs",0.492483932040661
"cmaiz","COD","jmilk",0.0172441701498546
"cmaiz","COL","jbeef",0.497175611628436
"cmaiz","COL","jpork",0.693157330128658
"cmaiz","COL","jlamb",0.00296857768420941
"cmaiz","COL","jpoul",0.930865910235015
"cmaiz","COL","jeggs",0.703630739036992
"cmaiz","COL","jmilk",0.0180004766694196
"cmaiz","CRB","jpork",0.688651593785686
"cmaiz","CRB","jpoul",0.734553647046264
"cmaiz","CRB","jeggs",0.734553647046264
"cmaiz","CRB","jmilk",0.0734432852169263
"cmaiz","CRI","jbeef",1.0167727586375
"cmaiz","CRI","jpork",1.69329584805007
"cmaiz","CRI","jlamb",0.93175494668906
"cmaiz","CRI","jpoul",0.612125697151212
"cmaiz","CRI","jeggs",1.03940679161913
"cmaiz","CRI","jmilk",0.154066905807937
"cmaiz","CUB","jbeef",1.0167727586375
"cmaiz","CUB","jpork",1.69329584805007
"cmaiz","CUB","jlamb",0.93175494668906
"cmaiz","CUB","jpoul",0.612125697151212
"cmaiz","CUB","jeggs",1.03940679161913
"cmaiz","CUB","jmilk",0.154066905807937
"cmaiz","CYP","jbeef",0.334476516503926
"cmaiz","CYP","jpork",0.59743507379844
"cmaiz","CYP","jlamb",0.831898053587668
"cmaiz","CYP","jpoul",2.5430547826306
"cmaiz","CYP","jeggs",1.77871446901598
"cmaiz","CYP","jmilk",0.122820799316845
"cmaiz","CZE","jbeef",2.12207994217137
"cmaiz","CZE","jpork",2.15761884065605
"cmaiz","CZE","jlamb",1.7252207222926
"cmaiz","CZE","jpoul",4.9154815717863
"cmaiz","CZE","jeggs",2.63766413459674
"cmaiz","CZE","jmilk",0.0961908057465257
"cmaiz","DEU","jbeef",0.154948693299794
"cmaiz","DEU","jpork",0.307216345432491
"cmaiz","DEU","jlamb",0.290583243462618
"cmaiz","DEU","jpoul",0.259059232339036
"cmaiz","DEU","jeggs",0.426692057225398
"cmaiz","DEU","jmilk",0.0224742873285103
"cmaiz","DNK","jbeef",0.0134730497601316
"cmaiz","DNK","jpork",0.0267129784768779
"cmaiz","DNK","jlamb",0.0252667022564528
"cmaiz","DNK","jpoul",0.0225256364141922
"cmaiz","DNK","jeggs",0.0371015927712789
"cmaiz","DNK","jmilk",0.00195417712180809
"cmaiz","DOM","jbeef",1.0167727586375
"cmaiz","DOM","jpork",1.69329584805007
"cmaiz","DOM","jlamb",0.93175494668906
"cmaiz","DOM","jpoul",0.612125697151212
"cmaiz","DOM","jeggs",1.03940679161913
"cmaiz","DOM","jmilk",0.154066905807937
"cmaiz","DZA","jbeef",0.249400760894318
"cmaiz","DZA","jpork",0.445474509085706
"cmaiz","DZA","jlamb",0.620300670791131
"cmaiz","DZA","jpoul",1.89621622592018
"cmaiz","DZA","jeggs",1.32628964993753
"cmaiz","DZA","jmilk",0.0915807217901044
"cmaiz","ECU","jbeef",0.544343462663228
"cmaiz","ECU","jpork",0.906529524331459
"cmaiz","ECU","jlamb",0.498827992514242
"cmaiz","ECU","jpoul",0.327710020495569
"cmaiz","ECU","jeggs",0.556460907571727
"cmaiz","ECU","jmilk",0.0824818645826848
"cmaiz","EGY","jbeef",1.71032835061806
"cmaiz","EGY","jlamb",3.43209174179319
"cmaiz","EGY","jpoul",2.66814462849585
"cmaiz","EGY","jeggs",2.75176758151893
"cmaiz","EGY","jmilk",0.540673558712965
"cmaiz","ETH","jpork",3.92478464447928
"cmaiz","ETH","jpoul",0.783657831953996
"cmaiz","ETH","jeggs",0.863507497432124
"cmaiz","ETH","jmilk",0.0416046994742279
"cmaiz","FJI","jpork",0.688651593785686
"cmaiz","FJI","jpoul",0.734553647046264
"cmaiz","FJI","jeggs",0.734553647046264
"cmaiz","FJI","jmilk",0.0734432852169263
"cmaiz","FNP","jbeef",0.0134730497601316
"cmaiz","FNP","jpork",0.0267129784768779
"cmaiz","FNP","jlamb",0.0252667022564528
"cmaiz","FNP","jpoul",0.0225256364141922
"cmaiz","FNP","jeggs",0.0371015927712789
"cmaiz","FNP","jmilk",0.00195417712180809
"cmaiz","FRP","jbeef",0.35614637429813
"cmaiz","FRP","jpork",0.706130430794987
"cmaiz","FRP","jlamb",0.667899589128966
"cmaiz","FRP","jpoul",0.595442300036017
"cmaiz","FRP","jeggs",0.980742889058222
"cmaiz","FRP","jmilk",0.0516566856843187
"cmaiz","GAB","jpork",1.31507627552499
"cmaiz","GAB","jpoul",2.5866495391538
"cmaiz","GAB","jeggs",2.13753037656661
"cmaiz","GAB","jmilk",0.0748449545577337
"cmaiz","GEO","jbeef",0.257244137842968
"cmaiz","GEO","jpork",0.369611330870495
"cmaiz","GEO","jlamb",0.0802865140839612
"cmaiz","GEO","jpoul",0.641713363253734
"cmaiz","GEO","jeggs",0.416619753422017
"cmaiz","GEO","jmilk",0.0227408607503539
"cmaiz","GHA","jpork",0.724472560642363
"cmaiz","GHA","jpoul",1.4249794099335
"cmaiz","GHA","jeggs",1.17756067399501
"cmaiz","GHA","jmilk",0.0412319170292662
"cmaiz","GMB","jpork",4.15130493812001
"cmaiz","GMB","jpoul",8.16528379754121
"cmaiz","GMB","jeggs",6.74754808733821
"cmaiz","GMB","jmilk",0.236263276306808
"cmaiz","GNB","jpork",0.0636168002040229
"cmaiz","GNB","jpoul",0.12512914269135
"cmaiz","GNB","jeggs",0.10340300819569
"cmaiz","GNB","jmilk",0.00362062384440609
"cmaiz","GNQ","jbeef",4.17123217049327
"cmaiz","GNQ","jpork",7.39754121329747
"cmaiz","GNQ","jpoul",14.5503701392593
"cmaiz","GNQ","jeggs",12.0239938546639
"cmaiz","GNQ","jmilk",0.421016367075121
"cmaiz","GRC","jbeef",2.93693383419795
"cmaiz","GRC","jpork",2.98611925427358
"cmaiz","GRC","jlamb",2.38768531291804
"cmaiz","GRC","jpoul",6.80296903649346
"cmaiz","GRC","jeggs",3.65049632966278
"cmaiz","GRC","jmilk",0.133126950743743
"cmaiz","GSA","jbeef",0.550947993713573
"cmaiz","GSA","jpork",0.917528466731188
"cmaiz","GSA","jlamb",0.504880283377116
"cmaiz","GSA","jpoul",0.33168613328892
"cmaiz","GSA","jeggs",0.563212459844221
"cmaiz","GSA","jmilk",0.0834826188363715
"cmaiz","GTM","jbeef",1.0167727586375
"cmaiz","GTM","jpork",1.69329584805007
"cmaiz","GTM","jlamb",0.93175494668906
"cmaiz","GTM","jpoul",0.612125697151212
"cmaiz","GTM","jeggs",1.03940679161913
"cmaiz","GTM","jmilk",0.154066905807937
"cmaiz","HND","jbeef",1.0167727586375
"cmaiz","HND","jpork",1.69329584805007
"cmaiz","HND","jlamb",0.93175494668906
"cmaiz","HND","jpoul",0.612125697151212
"cmaiz","HND","jeggs",1.03940679161913
"cmaiz","HND","jmilk",0.154066905807937
"cmaiz","HRV","jbeef",2.93693383419795
"cmaiz","HRV","jpork",2.98611925427358
"cmaiz","HRV","jlamb",2.38768531291804
"cmaiz","HRV","jpoul",6.80296903649346
"cmaiz","HRV","jeggs",3.65049632966278
"cmaiz","HRV","jmilk",0.133126950743743
"cmaiz","HTI","jbeef",1.0167727586375
"cmaiz","HTI","jpork",1.69329584805007
"cmaiz","HTI","jlamb",0.93175494668906
"cmaiz","HTI","jpoul",0.612125697151212
"cmaiz","HTI","jeggs",1.03940679161913
"cmaiz","HTI","jmilk",0.154066905807937
"cmaiz","HUN","jbeef",2.12207994217137
"cmaiz","HUN","jpork",2.15761884065605
"cmaiz","HUN","jlamb",1.7252207222926
"cmaiz","HUN","jpoul",4.9154815717863
"cmaiz","HUN","jeggs",2.63766413459674
"cmaiz","HUN","jmilk",0.0961908057465257
"cmaiz","IDN","jpork",0.367581037006438
"cmaiz","IDN","jpoul",0.297706450575126
"cmaiz","IDN","jeggs",0.250324890517969
"cmaiz","IDN","jmilk",0.00614059620014427
"cmaiz","IND","jlamb",0.830779630741331
"cmaiz","IND","jpoul",0.792566861878555
"cmaiz","IND","jeggs",0.39481370905994
"cmaiz","IND","jmilk",0.0205761063107257
"cmaiz","IRL","jbeef",0.0247410485540251
"cmaiz","IRL","jpork",0.049054008504798
"cmaiz","IRL","jlamb",0.0463981591737909
"cmaiz","IRL","jpoul",0.0413646408315797
"cmaiz","IRL","jeggs",0.0681309966583919
"cmaiz","IRL","jmilk",0.00358852612545732
"cmaiz","IRN","jbeef",0.172181927157204
"cmaiz","IRN","jpork",0.307547816609463
"cmaiz","IRN","jlamb",0.428244743643669
"cmaiz","IRN","jpoul",1.30911454686398
"cmaiz","IRN","jeggs",0.915647198011819
"cmaiz","IRN","jmilk",0.0632257299926592
"cmaiz","IRQ","jbeef",1.04743720505737
"cmaiz","IRQ","jpork",1.87091079051983
"cmaiz","IRQ","jlamb",2.60514843089829
"cmaiz","IRQ","jpoul",7.96375847748072
"cmaiz","IRQ","jeggs",5.5701719555529
"cmaiz","IRQ","jmilk",0.384622143593262
"cmaiz","ISL","jbeef",0.0134730497601316
"cmaiz","ISL","jpork",0.0267129784768779
"cmaiz","ISL","jlamb",0.0252667022564528
"cmaiz","ISL","jpoul",0.0225256364141922
"cmaiz","ISL","jeggs",0.0371015927712789
"cmaiz","ISL","jmilk",0.00195417712180809
"cmaiz","ISR","jbeef",1.37654774407721
"cmaiz","ISR","jpork",1.76748153631516
"cmaiz","ISR","jlamb",1.58237825420205
"cmaiz","ISR","jpoul",1.27910693250135
"cmaiz","ISR","jeggs",1.36501358413679
"cmaiz","ISR","jmilk",0.15239937069789
"cmaiz","ITP","jbeef",0.969712694618473
"cmaiz","ITP","jpork",1.92264667623743
"cmaiz","ITP","jlamb",1.81855202537217
"cmaiz","ITP","jpoul",1.6212658584428
"cmaiz","ITP","jeggs",2.67035943171062
"cmaiz","ITP","jmilk",0.140650438934605
"cmaiz","JAM","jpork",0.688651593785686
"cmaiz","JAM","jpoul",0.734553647046264
"cmaiz","JAM","jeggs",0.734553647046264
"cmaiz","JAM","jmilk",0.0734432852169263
"cmaiz","JOR","jbeef",0.342689722250592
"cmaiz","JOR","jpork",0.612105332962429
"cmaiz","JOR","jlamb",0.852325645771964
"cmaiz","JOR","jpoul",2.60550051835251
"cmaiz","JOR","jeggs",1.82239152010255
"cmaiz","JOR","jmilk",0.125836713573854
"cmaiz","JPN","jbeef",2.97273891054738
"cmaiz","JPN","jpork",2.35556944156912
"cmaiz","JPN","jpoul",1.63303814145076
"cmaiz","JPN","jeggs",1.7728282052234
"cmaiz","JPN","jmilk",0.101639046439815
"cmaiz","KAZ","jbeef",0.104018131639235
"cmaiz","KAZ","jpork",0.14945605671019
"cmaiz","KAZ","jlamb",0.032469575303345
"cmaiz","KAZ","jpoul",0.259485268928404
"cmaiz","KAZ","jeggs",0.168463316133533
"cmaiz","KAZ","jmilk",0.00919750986737136
"cmaiz","KEN","jpork",0.612427621447296
"cmaiz","KEN","jpoul",0.483128244122522
"cmaiz","KEN","jeggs",0.405413085350343
"cmaiz","KEN","jmilk",0.0204117717702704
"cmaiz","KGZ","jbeef",1.32102823421044
"cmaiz","KGZ","jpork",1.89808899252951
"cmaiz","KGZ","jlamb",0.412362970307011
"cmaiz","KGZ","jpoul",3.2954578323421
"cmaiz","KGZ","jeggs",2.13948081487336
"cmaiz","KGZ","jmilk",0.11680819514589
"cmaiz","KHM","jbeef",0.0962761713800948
"cmaiz","KHM","jpork",0.0535725859083507
"cmaiz","KHM","jpoul",0.159034993698065
"cmaiz","KHM","jeggs",0.0602760557207757
"cmaiz","KOR","jbeef",1.49703695637118
"cmaiz","KOR","jpork",2.91462334170004
"cmaiz","KOR","jpoul",3.07086643049217
"cmaiz","KOR","jeggs",2.81977740359493
"cmaiz","LAO","jbeef",0.0962761713800948
"cmaiz","LAO","jpork",0.0535725859083507
"cmaiz","LAO","jpoul",0.159034993698065
"cmaiz","LAO","jeggs",0.0602760557207757
"cmaiz","LBN","jbeef",0.260834502643154
"cmaiz","LBN","jpork",0.465897223412284
"cmaiz","LBN","jlamb",0.648738265171451
"cmaiz","LBN","jpoul",1.98314798406471
"cmaiz","LBN","jeggs",1.38709320677979
"cmaiz","LBN","jmilk",0.095779226711923
"cmaiz","LBR","jpork",2.01846813513661
"cmaiz","LBR","jpoul",3.97016490124381
"cmaiz","LBR","jeggs",3.28082639257092
"cmaiz","LBR","jmilk",0.114877105352862
"cmaiz","LBY","jbeef",0.156651255267689
"cmaiz","LBY","jpork",0.279807249936997
"cmaiz","LBY","jlamb",0.389617410846616
"cmaiz","LBY","jpoul",1.19103346350747
"cmaiz","LBY","jeggs",0.833056554303369
"cmaiz","LBY","jmilk",0.0575228197993349
"cmaiz","LKA","jlamb",2.28554979562304
"cmaiz","LKA","jpoul",0.263921895326018
"cmaiz","LKA","jeggs",1.02822450449986
"cmaiz","LKA","jmilk",0.064823224683151
"cmaiz","LSO","jpork",2.56947950692888
"cmaiz","LSO","jpoul",2.64031589584667
"cmaiz","LSO","jeggs",3.44853572039875
"cmaiz","LSO","jmilk",0.179277851991552
"cmaiz","MDA","jbeef",2.12207994217137
"cmaiz","MDA","jpork",2.15761884065605
"cmaiz","MDA","jlamb",1.7252207222926
"cmaiz","MDA","jpoul",4.9154815717863
"cmaiz","MDA","jeggs",2.63766413459674
"cmaiz","MDA","jmilk",0.0961908057465257
"cmaiz","MDG","jpork",0.0429825302234472
"cmaiz","MDG","jpoul",0.044167488974575
"cmaiz","MDG","jeggs",0.0576874773388801
"cmaiz","MDG","jmilk",0.00299897923717314
"cmaiz","MEX","jbeef",0.367286319398229
"cmaiz","MEX","jpork",0.323900616487609
"cmaiz","MEX","jpoul",1.4565494283608
"cmaiz","MEX","jeggs",0.707477155930314
"cmaiz","MEX","jmilk",0.114937124243053
"cmaiz","MMR","jbeef",0.0478141560353324
"cmaiz","MMR","jpork",0.309257902107179
"cmaiz","MMR","jpoul",0.296185117872799
"cmaiz","MMR","jeggs",0.271710955607523
"cmaiz","MOR","jbeef",0.00720462294398795
"cmaiz","MOR","jpork",0.0128687493077884
"cmaiz","MOR","jlamb",0.0179190810361907
"cmaiz","MOR","jpoul",0.0547773907306393
"cmaiz","MOR","jeggs",0.0383135031667476
"cmaiz","MOR","jmilk",0.00264555956874386
"cmaiz","MOZ","jpork",2.89793941719962
"cmaiz","MOZ","jpoul",2.97783091392625
"cmaiz","MOZ","jeggs",3.88936653077616
"cmaiz","MOZ","jmilk",0.202195173192163
"cmaiz","MWI","jpork",3.34750416813543
"cmaiz","MWI","jpoul",3.43978943700741
"cmaiz","MWI","jeggs",4.49273390461731
"cmaiz","MWI","jmilk",0.233562227360741
"cmaiz","MYS","jbeef",0.514569835124584
"cmaiz","MYS","jpork",1.42975872431113
"cmaiz","MYS","jpoul",1.4459043649604
"cmaiz","MYS","jeggs",1.54031692520201
"cmaiz","MYS","jmilk",0.0683932758992323
"cmaiz","NAM","jpork",5.31196678179438
"cmaiz","NAM","jpoul",5.45840910361828
"cmaiz","NAM","jeggs",7.1292676758821
"cmaiz","NAM","jmilk",0.370626810574884
"cmaiz","NGA","jpork",2.65514035574421
"cmaiz","NGA","jpoul",0.665872977981977
"cmaiz","NGA","jeggs",0.585054000116507
"cmaiz","NGA","jmilk",0.369693808370036
"cmaiz","NIC","jbeef",1.0167727586375
"cmaiz","NIC","jpork",1.69329584805007
"cmaiz","NIC","jlamb",0.93175494668906
"cmaiz","NIC","jpoul",0.612125697151212
"cmaiz","NIC","jeggs",1.03940679161913
"cmaiz","NIC","jmilk",0.154066905807937
"cmaiz","NLD","jbeef",0.112806718059371
"cmaiz","NLD","jpork",0.223661567738303
"cmaiz","NLD","jlamb",0.21155223267771
"cmaiz","NLD","jpoul",0.188601924680998
"cmaiz","NLD","jeggs",0.310643023652156
"cmaiz","NLD","jmilk",0.0163618714057005
"cmaiz","NOR","jbeef",0.0134730497601316
"cmaiz","NOR","jpork",0.0267129784768779
"cmaiz","NOR","jlamb",0.0252667022564528
"cmaiz","NOR","jpoul",0.0225256364141922
"cmaiz","NOR","jeggs",0.0371015927712789
"cmaiz","NOR","jmilk",0.00195417712180809
"cmaiz","NPL","jlamb",2.84567983844172
"cmaiz","NPL","jpoul",0.32860242987961
"cmaiz","NPL","jeggs",1.28021614206369
"cmaiz","NPL","jmilk",0.0807097460299853
"cmaiz","NZL","jbeef",0.0524633301503784
"cmaiz","NZL","jpork",0.067362696116699
"cmaiz","NZL","jlamb",0.0603079937693216
"cmaiz","NZL","jpoul",0.0487496416932797
"cmaiz","NZL","jeggs",0.0520237373766697
"cmaiz","NZL","jmilk",0.00580828273776524
"cmaiz","OAO","jpork",0.688651593785686
"cmaiz","OAO","jpoul",0.734553647046264
"cmaiz","OAO","jeggs",0.734553647046264
"cmaiz","OAO","jmilk",0.0734432852169263
"cmaiz","OBN","jbeef",2.93693383419795
"cmaiz","OBN","jpork",2.98611925427358
"cmaiz","OBN","jlamb",2.38768531291804
"cmaiz","OBN","jpoul",6.80296903649346
"cmaiz","OBN","jeggs",3.65049632966278
"cmaiz","OBN","jmilk",0.133126950743743
"cmaiz","OIO","jpork",0.688651593785686
"cmaiz","OIO","jpoul",0.734553647046264
"cmaiz","OIO","jeggs",0.734553647046264
"cmaiz","OIO","jmilk",0.0734432852169263
"cmaiz","OPO","jpork",0.688651593785686
"cmaiz","OPO","jpoul",0.734553647046264
"cmaiz","OPO","jeggs",0.734553647046264
"cmaiz","OPO","jmilk",0.0734432852169263
"cmaiz","OSA","jbeef",0.0478126922028505
"cmaiz","OSA","jpork",0.0266052287272022
"cmaiz","OSA","jpoul",0.0789799915614421
"cmaiz","OSA","jeggs",0.0299343072960539
"cmaiz","PAK","jbeef",0.0140807301788552
"cmaiz","PAK","jlamb",0.0419360877065905
"cmaiz","PAK","jpoul",0.309100086851952
"cmaiz","PAK","jeggs",0.225215157154189
"cmaiz","PAK","jmilk",0.0042216681967401
"cmaiz","PAN","jbeef",1.0167727586375
"cmaiz","PAN","jpork",1.69329584805007
"cmaiz","PAN","jlamb",0.93175494668906
"cmaiz","PAN","jpoul",0.612125697151212
"cmaiz","PAN","jeggs",1.03940679161913
"cmaiz","PAN","jmilk",0.154066905807937
"cmaiz","PER","jbeef",1.75512144467603
"cmaiz","PER","jpork",2.92291451540856
"cmaiz","PER","jlamb",1.60836634756849
"cmaiz","PER","jpoul",1.05663229938125
"cmaiz","PER","jeggs",1.79419160694001
"cmaiz","PER","jmilk",0.265945490770958
"cmaiz","PHL","jbeef",0.0315727605856516
"cmaiz","PHL","jpork",1.80562200483365
"cmaiz","PHL","jpoul",1.63641058651604
"cmaiz","PHL","jeggs",1.66851114316631
"cmaiz","POL","jbeef",0.233678036710568
"cmaiz","POL","jpork",0.237591489667603
"cmaiz","POL","jlamb",0.18997691051413
"cmaiz","POL","jpoul",0.541280307285068
"cmaiz","POL","jeggs",0.290452854402725
"cmaiz","POL","jmilk",0.010592286459037
"cmaiz","PRK","jbeef",0.0602949544790123
"cmaiz","PRK","jpork",0.120082073548886
"cmaiz","PRK","jpoul",0.126053912495449
"cmaiz","PRK","jeggs",0.132655772814252
"cmaiz","PRK","jmilk",0.00607493335292943
"cmaiz","PRT","jbeef",0.601735389178456
"cmaiz","PRT","jpork",1.1930590910059
"cmaiz","PRT","jlamb",1.12846528337874
"cmaiz","PRT","jpoul",1.00604338553663
"cmaiz","PRT","jeggs",1.6570369562079
"cmaiz","PRT","jmilk",0.0872777546175511
"cmaiz","PRY","jbeef",0.339107741387148
"cmaiz","PRY","jpork",0.564737524343145
"cmaiz","PRY","jlamb",0.310753128281515
"cmaiz","PRY","jpoul",0.204152364274725
"cmaiz","PRY","jeggs",0.346656503623036
"cmaiz","PRY","jmilk",0.0513834384401147
"cmaiz","PSE","jpork",2.01846813513661
"cmaiz","PSE","jpoul",3.97016490124381
"cmaiz","PSE","jeggs",3.28082639257092
"cmaiz","PSE","jmilk",0.114877105352862
"cmaiz","RAP","jbeef",0.222785683687422
"cmaiz","RAP","jpork",0.397935205634888
"cmaiz","RAP","jlamb",0.554104600717428
"cmaiz","RAP","jpoul",1.69385942046032
"cmaiz","RAP","jeggs",1.18475318747761
"cmaiz","RAP","jmilk",0.0818075840804737
"cmaiz","ROU","jbeef",2.12207994217137
"cmaiz","ROU","jpork",2.15761884065605
"cmaiz","ROU","jlamb",1.7252207222926
"cmaiz","ROU","jpoul",4.9154815717863
"cmaiz","ROU","jeggs",2.63766413459674
"cmaiz","ROU","jmilk",0.0961908057465257
"cmaiz","RUS","jbeef",0.114339198490442
"cmaiz","RUS","jpork",0.16428387320731
"cmaiz","RUS","jlamb",0.0356855388306475
"cmaiz","RUS","jpoul",0.285227069624527
"cmaiz","RUS","jeggs",0.185178053350385
"cmaiz","RUS","jmilk",0.0101077980356756
"cmaiz","SAU","jbeef",0.222785683687422
"cmaiz","SAU","jpork",0.397935205634888
"cmaiz","SAU","jlamb",0.554104600717428
"cmaiz","SAU","jpoul",1.69385942046032
"cmaiz","SAU","jeggs",1.18475318747761
"cmaiz","SAU","jmilk",0.0818075840804737
"cmaiz","SDN","jpork",0.0241176592571274
"cmaiz","SDN","jpoul",0.00481554894784634
"cmaiz","SDN","jeggs",0.00530622224542611
"cmaiz","SDN","jmilk",0.000255659368935322
"cmaiz","SEN","jpork",0.043695423863983
"cmaiz","SEN","jpoul",0.0859453935139858
"cmaiz","SEN","jeggs",0.0710227213162455
"cmaiz","SEN","jmilk",0.00248683827268891
"cmaiz","SLB","jpork",0.688651593785686
"cmaiz","SLB","jpoul",0.734553647046264
"cmaiz","SLB","jeggs",0.734553647046264
"cmaiz","SLB","jmilk",0.0734432852169263
"cmaiz","SLV","jbeef",1.0167727586375
"cmaiz","SLV","jpork",1.69329584805007
"cmaiz","SLV","jlamb",0.93175494668906
"cmaiz","SLV","jpoul",0.612125697151212
"cmaiz","SLV","jeggs",1.03940679161913
"cmaiz","SLV","jmilk",0.154066905807937
"cmaiz","SOM","jpork",0.648920724016985
"cmaiz","SOM","jpoul",0.129569353163997
"cmaiz","SOM","jeggs",0.142771632378849
"cmaiz","SOM","jmilk",0.00687888741699533
"cmaiz","SPP","jbeef",0.601735389178456
"cmaiz","SPP","jpork",1.1930590910059
"cmaiz","SPP","jlamb",1.12846528337874
"cmaiz","SPP","jpoul",1.00604338553663
"cmaiz","SPP","jeggs",1.6570369562079
"cmaiz","SPP","jmilk",0.0872777546175511
"cmaiz","SVK","jbeef",2.12207994217137
"cmaiz","SVK","jpork",2.15761884065605
"cmaiz","SVK","jlamb",1.7252207222926
"cmaiz","SVK","jpoul",4.9154815717863
"cmaiz","SVK","jeggs",2.63766413459674
"cmaiz","SVK","jmilk",0.0961908057465257
"cmaiz","SVN","jbeef",2.93693383419795
"cmaiz","SVN","jpork",2.98611925427358
"cmaiz","SVN","jlamb",2.38768531291804
"cmaiz","SVN","jpoul",6.80296903649346
"cmaiz","SVN","jeggs",3.65049632966278
"cmaiz","SVN","jmilk",0.133126950743743
"cmaiz","SWE","jbeef",0.0134730497601316
"cmaiz","SWE","jpork",0.0267129784768779
"cmaiz","SWE","jlamb",0.0252667022564528
"cmaiz","SWE","jpoul",0.0225256364141922
"cmaiz","SWE","jeggs",0.0371015927712789
"cmaiz","SWE","jmilk",0.00195417712180809
"cmaiz","SWZ","jpork",3.01113980372299
"cmaiz","SWZ","jpoul",3.09415205178615
"cmaiz","SWZ","jeggs",4.04129441167038
"cmaiz","SWZ","jmilk",0.210093396192502
"cmaiz","SYR","jbeef",0.324265938356105
"cmaiz","SYR","jpork",0.579197149136256
"cmaiz","SYR","jlamb",0.806502668058179
"cmaiz","SYR","jpoul",2.4654228464228
"cmaiz","SYR","jeggs",1.72441558047702
"cmaiz","SYR","jmilk",0.11907144380839
"cmaiz","TCD","jpork",1.56860829148433
"cmaiz","TCD","jpoul",0.313202451660315
"cmaiz","TCD","jeggs",0.345115756131027
"cmaiz","TCD","jmilk",0.0166280401274465
"cmaiz","THA","jbeef",1.28306465043432
"cmaiz","THA","jpork",1.78103161405786
"cmaiz","THA","jlamb",0.22216430679082
"cmaiz","THA","jpoul",1.06105044273004
"cmaiz","THA","jeggs",1.71036143237303
"cmaiz","TJK","jbeef",0.605968158697308
"cmaiz","TJK","jpork",0.870671392223635
"cmaiz","TJK","jlamb",0.189154798785388
"cmaiz","TJK","jpoul",1.51165770951331
"cmaiz","TJK","jeggs",0.981400106661535
"cmaiz","TJK","jmilk",0.0535810250684129
"cmaiz","TKM","jbeef",0.170024204399279
"cmaiz","TKM","jpork",0.244295362109913
"cmaiz","TKM","jlamb",0.0530735711277797
"cmaiz","TKM","jpoul",0.424145057285794
"cmaiz","TKM","jeggs",0.275363927852595
"cmaiz","TKM","jmilk",0.0150339106558656
"cmaiz","TUN","jbeef",0.389669373441564
"cmaiz","TUN","jpork",0.69601941957656
"cmaiz","TUN","jlamb",0.969171757398871
"cmaiz","TUN","jpoul",2.96269099586729
"cmaiz","TUN","jeggs",2.0722248602609
"cmaiz","TUN","jmilk",0.14308778510262
"cmaiz","TUR","jbeef",0.0862709999905133
"cmaiz","TUR","jpork",0.156939638102847
"cmaiz","TUR","jlamb",0.229710615640537
"cmaiz","TUR","jpoul",0.622667887659989
"cmaiz","TUR","jeggs",0.839734433328025
"cmaiz","TUR","jmilk",0.0705184710105223
"cmaiz","TZA","jpork",0.959021211892037
"cmaiz","TZA","jpoul",0.756546925631319
"cmaiz","TZA","jeggs",0.634850119122257
"cmaiz","TZA","jmilk",0.031963486646353
"cmaiz","UGA","jpork",0.790319204291384
"cmaiz","UGA","jpoul",0.623462293492365
"cmaiz","UGA","jeggs",0.523173246605389
"cmaiz","UGA","jmilk",0.0263407701722116
"cmaiz","UKP","jbeef",0.0247410485540251
"cmaiz","UKP","jpork",0.049054008504798
"cmaiz","UKP","jlamb",0.0463981591737909
"cmaiz","UKP","jpoul",0.0413646408315797
"cmaiz","UKP","jeggs",0.0681309966583919
"cmaiz","UKP","jmilk",0.00358852612545732
"cmaiz","UKR","jbeef",0.445159393989544
"cmaiz","UKR","jpork",0.639610128501424
"cmaiz","UKR","jlamb",0.138935317456938
"cmaiz","UKR","jpoul",1.11048101735716
"cmaiz","UKR","jeggs",0.720957913803392
"cmaiz","UKR","jmilk",0.0393529192747157
"cmaiz","URY","jbeef",0.126094253558617
"cmaiz","URY","jpork",0.209992718825289
"cmaiz","URY","jlamb",0.115550838183099
"cmaiz","URY","jpoul",0.0759122746067274
"cmaiz","URY","jeggs",0.128901194902781
"cmaiz","URY","jmilk",0.0191064830572074
"cmaiz","USA","jbeef",2.28188062375432
"cmaiz","USA","jpork",3.3564250978263
"cmaiz","USA","jpoul",3.04819678387608
"cmaiz","USA","jeggs",4.81955205173226
"cmaiz","USA","jmilk",0.216038196605194
"cmaiz","UZB","jbeef",0.0204235805556663
"cmaiz","UZB","jpork",0.029345151327458
"cmaiz","UZB","jlamb",0.00637528262011202
"cmaiz","UZB","jpoul",0.0509489856186668
"cmaiz","UZB","jeggs",0.0330771573523446
"cmaiz","UZB","jmilk",0.00180589749813329
"cmaiz","VEN","jbeef",0.550947993713573
"cmaiz","VEN","jpork",0.917528466731188
"cmaiz","VEN","jlamb",0.504880283377116
"cmaiz","VEN","jpoul",0.33168613328892
"cmaiz","VEN","jeggs",0.563212459844221
"cmaiz","VEN","jmilk",0.0834826188363715
"cmaiz","VNM","jbeef",0.0378215995581672
"cmaiz","VNM","jpork",0.671738522044993
"cmaiz","VNM","jpoul",0.98179792929734
"cmaiz","VNM","jeggs",0.723746775208417
"cmaiz","VUT","jpork",0.688651593785686
"cmaiz","VUT","jpoul",0.734553647046264
"cmaiz","VUT","jeggs",0.734553647046264
"cmaiz","VUT","jmilk",0.0734432852169263
"cmaiz","YEM","jbeef",0.222785683687422
"cmaiz","YEM","jpork",0.397935205634888
"cmaiz","YEM","jlamb",0.554104600717428
"cmaiz","YEM","jpoul",1.69385942046032
"cmaiz","YEM","jeggs",1.18475318747761
"cmaiz","YEM","jmilk",0.0818075840804737
"cmaiz","ZAF","jbeef",1.60031295336075
"cmaiz","ZAF","jpork",2.05479512756549
"cmaiz","ZAF","jlamb",1.83960231543839
"cmaiz","ZAF","jpoul",1.48703261592112
"cmaiz","ZAF","jeggs",1.58690385393924
"cmaiz","ZAF","jmilk",0.177172704732704
"cmaiz","ZMB","jpork",0.323866210960525
"cmaiz","ZMB","jpoul",0.332794677918547
"cmaiz","ZMB","jeggs",0.434665539894684
"cmaiz","ZMB","jmilk",0.0225968093837975
"cmaiz","ZWE","jpork",3.4292882158746
"cmaiz","ZWE","jpoul",3.52382813849934
"cmaiz","ZWE","jeggs",4.60249746148818
"cmaiz","ZWE","jmilk",0.239268468008435
"cmill","AFG","jpoul",0.00960370905645047
"cmill","AFG","jeggs",0.00336485031500383
"cmill","AFG","jmilk",0.000416569760686655
"cmill","ALB","jbeef",0.00073973342604163
"cmill","ALB","jpork",0.000426675828616212
"cmill","ALB","jlamb",0.000764690611706538
"cmill","ALB","jpoul",0.000512981188027949
"cmill","ALB","jeggs",0.000493882680976565
"cmill","ALB","jmilk",3.11692171955549E-5
"cmill","ARG","jbeef",0.00158442068170004
"cmill","ARG","jpork",0.00886787398952555
"cmill","ARG","jlamb",0.00462227190010572
"cmill","ARG","jpoul",0.00559161569165335
"cmill","ARG","jeggs",0.00183670419005557
"cmill","ARG","jmilk",0.000936073799392059
"cmill","ARM","jbeef",0.000231973375984408
"cmill","ARM","jpork",0.000348745008532831
"cmill","ARM","jlamb",0.00021878865055801
"cmill","ARM","jpoul",0.000188438242090242
"cmill","ARM","jeggs",0.000182880366008597
"cmill","ARM","jmilk",1.61745440942645E-5
"cmill","AUS","jbeef",0.00284013038300435
"cmill","AUS","jpork",0.0261898650872261
"cmill","AUS","jlamb",0.00462149730985747
"cmill","AUS","jpoul",0.00804824387512524
"cmill","AUS","jeggs",0.0280459178005517
"cmill","AUS","jmilk",0.000431328903459289
"cmill","AUT","jbeef",0.00116638654412143
"cmill","AUT","jpork",0.00141519235626939
"cmill","AUT","jlamb",0.00180481589883912
"cmill","AUT","jpoul",0.00181884600294267
"cmill","AUT","jeggs",0.00244507353907738
"cmill","AUT","jmilk",0.00013062305137768
"cmill","AZE","jbeef",0.000231973375984408
"cmill","AZE","jpork",0.000348745008532831
"cmill","AZE","jlamb",0.00021878865055801
"cmill","AZE","jpoul",0.000188438242090242
"cmill","AZE","jeggs",0.000182880366008597
"cmill","AZE","jmilk",1.61745440942645E-5
"cmill","BEN","jbeef",0.000879398927284787
"cmill","BEN","jpork",0.0743678359507168
"cmill","BEN","jpoul",0.154319855089692
"cmill","BEN","jeggs",0.117091967167969
"cmill","BEN","jmilk",0.00190536434245037
"cmill","BGR","jbeef",0.00156945375884672
"cmill","BGR","jpork",0.00090525581169705
"cmill","BGR","jlamb",0.00162240411565515
"cmill","BGR","jpoul",0.00108836538329257
"cmill","BGR","jeggs",0.00104784507878159
"cmill","BGR","jmilk",6.61300995273947E-5
"cmill","BLR","jbeef",0.0029127184443446
"cmill","BLR","jpork",0.0043789336358797
"cmill","BLR","jlamb",0.00274716757985371
"cmill","BLR","jpoul",0.00236607990476033
"cmill","BLR","jeggs",0.00229629375751092
"cmill","BLR","jmilk",0.000203091810481716
"cmill","BLT","jbeef",0.0029127184443446
"cmill","BLT","jpork",0.0043789336358797
"cmill","BLT","jlamb",0.00274716757985371
"cmill","BLT","jpoul",0.00236607990476033
"cmill","BLT","jeggs",0.00229629375751092
"cmill","BLT","jmilk",0.000203091810481716
"cmill","BLX","jbeef",0.00525950262908958
"cmill","BLX","jpork",0.00638142471377092
"cmill","BLX","jlamb",0.00813832602305704
"cmill","BLX","jpoul",0.00820159095850313
"cmill","BLX","jeggs",0.0110253935729183
"cmill","BLX","jmilk",0.000589009094457701
"cmill","BLZ","jbeef",0.000232027253887972
"cmill","BLZ","jpork",0.000250863006349926
"cmill","BLZ","jlamb",6.33022938204332E-6
"cmill","BLZ","jpoul",0.000245019717689579
"cmill","BLZ","jeggs",0.000457569342709725
"cmill","BLZ","jmilk",7.49667374719605E-5
"cmill","BOL","jbeef",1.02213971602988E-5
"cmill","BOL","jpork",1.10511604898242E-5
"cmill","BOL","jlamb",2.78862881603116E-7
"cmill","BOL","jpoul",1.07937485991136E-5
"cmill","BOL","jeggs",2.01571061237106E-5
"cmill","BOL","jmilk",3.30247755241173E-6
"cmill","BRA","jbeef",0.000209407360895381
"cmill","BRA","jpork",0.000271137924546467
"cmill","BRA","jpoul",0.000203699777362111
"cmill","BRA","jeggs",0.000102625676734121
"cmill","BRA","jmilk",3.60741444675556E-5
"cmill","CAN","jbeef",0.00126954145171387
"cmill","CAN","jpork",0.00182336424969587
"cmill","CAN","jlamb",0.000361268134505578
"cmill","CAN","jpoul",0.000884587628590922
"cmill","CAN","jeggs",0.00104906157415228
"cmill","CAN","jmilk",0.000115694849445433
"cmill","CHL","jbeef",0.000307095947128023
"cmill","CHL","jpork",0.000332025704926931
"cmill","CHL","jlamb",8.37827347883379E-6
"cmill","CHL","jpoul",0.000324291914023392
"cmill","CHL","jeggs",0.000605608558139619
"cmill","CHL","jmilk",9.92210219329022E-5
"cmill","CHM","jpork",0.0053338623085573
"cmill","CHM","jpoul",0.0162970635387534
"cmill","CHM","jeggs",0.0176190666610749
"cmill","CHM","jmilk",0.000338779220171022
"cmill","CHP","jbeef",0.00116638654412143
"cmill","CHP","jpork",0.00141519235626939
"cmill","CHP","jlamb",0.00180481589883912
"cmill","CHP","jpoul",0.00181884600294267
"cmill","CHP","jeggs",0.00244507353907738
"cmill","CHP","jmilk",0.00013062305137768
"cmill","COL","jbeef",5.46930702382149E-6
"cmill","COL","jpork",1.01204576401016E-5
"cmill","COL","jlamb",6.02693317868211E-6
"cmill","COL","jpoul",1.69911431809744E-5
"cmill","COL","jeggs",7.3341551482734E-6
"cmill","COL","jmilk",3.30919127966468E-6
"cmill","CRB","jbeef",0.000154369143908813
"cmill","CRB","jpork",0.000331385415719634
"cmill","CRB","jlamb",1.08495542972417E-5
"cmill","CRB","jpoul",0.000344763021503612
"cmill","CRB","jeggs",0.000123189842239069
"cmill","CRB","jmilk",6.6414019266125E-5
"cmill","CRI","jbeef",0.000232027253887972
"cmill","CRI","jpork",0.000250863006349926
"cmill","CRI","jlamb",6.33022938204332E-6
"cmill","CRI","jpoul",0.000245019717689579
"cmill","CRI","jeggs",0.000457569342709725
"cmill","CRI","jmilk",7.49667374719605E-5
"cmill","CUB","jbeef",0.000232027253887972
"cmill","CUB","jpork",0.000250863006349926
"cmill","CUB","jlamb",6.33022938204332E-6
"cmill","CUB","jpoul",0.000245019717689579
"cmill","CUB","jeggs",0.000457569342709725
"cmill","CUB","jmilk",7.49667374719605E-5
"cmill","CYP","jbeef",0.000535555793539341
"cmill","CYP","jpork",0.00348330454710631
"cmill","CYP","jlamb",0.00206188347018687
"cmill","CYP","jpoul",0.00166216145148867
"cmill","CYP","jeggs",0.00419845587822361
"cmill","CYP","jmilk",0.000379817638484087
"cmill","CZE","jbeef",0.00156945375884672
"cmill","CZE","jpork",0.00090525581169705
"cmill","CZE","jlamb",0.00162240411565515
"cmill","CZE","jpoul",0.00108836538329257
"cmill","CZE","jeggs",0.00104784507878159
"cmill","CZE","jmilk",6.61300995273947E-5
"cmill","DEU","jbeef",0.000414313481384673
"cmill","DEU","jpork",0.000502692074861511
"cmill","DEU","jlamb",0.000641090693368453
"cmill","DEU","jpoul",0.000646074342489431
"cmill","DEU","jeggs",0.000868517332716439
"cmill","DEU","jmilk",4.63987615753404E-5
"cmill","DNK","jbeef",0.000714532493848548
"cmill","DNK","jpork",0.000866951808298036
"cmill","DNK","jlamb",0.00110563655902461
"cmill","DNK","jpoul",0.00111423145007903
"cmill","DNK","jeggs",0.0014978606383324
"cmill","DNK","jmilk",8.00201400859814E-5
"cmill","DOM","jbeef",0.000232027253887972
"cmill","DOM","jpork",0.000250863006349926
"cmill","DOM","jlamb",6.33022938204332E-6
"cmill","DOM","jpoul",0.000245019717689579
"cmill","DOM","jeggs",0.000457569342709725
"cmill","DOM","jmilk",7.49667374719605E-5
"cmill","DZA","jbeef",0.000287295855181843
"cmill","DZA","jpork",0.00186859888510608
"cmill","DZA","jlamb",0.00110608564410783
"cmill","DZA","jpoul",0.000891657043797161
"cmill","DZA","jeggs",0.00225223774353378
"cmill","DZA","jmilk",0.000203751008910369
"cmill","ECU","jbeef",3.59354582138551E-6
"cmill","ECU","jpork",3.88526646375878E-6
"cmill","ECU","jlamb",9.80400748751555E-8
"cmill","ECU","jpoul",3.79476793310479E-6
"cmill","ECU","jeggs",7.08665198564367E-6
"cmill","ECU","jmilk",1.16105501259494E-6
"cmill","FJI","jbeef",0.000154369143908813
"cmill","FJI","jpork",0.000331385415719634
"cmill","FJI","jlamb",1.08495542972417E-5
"cmill","FJI","jpoul",0.000344763021503612
"cmill","FJI","jeggs",0.000123189842239069
"cmill","FJI","jmilk",6.6414019266125E-5
"cmill","FNP","jbeef",0.000714532493848548
"cmill","FNP","jpork",0.000866951808298036
"cmill","FNP","jlamb",0.00110563655902461
"cmill","FNP","jpoul",0.00111423145007903
"cmill","FNP","jeggs",0.0014978606383324
"cmill","FNP","jmilk",8.00201400859814E-5
"cmill","FRP","jbeef",0.000118980981970922
"cmill","FRP","jpork",0.000144361212906058
"cmill","FRP","jlamb",0.000184106005854483
"cmill","FRP","jpoul",0.000185537191400825
"cmill","FRP","jeggs",0.000249417529837567
"cmill","FRP","jmilk",1.33246212409464E-5
"cmill","GAB","jbeef",5.13146005008649E-5
"cmill","GAB","jpork",0.00433950471568981
"cmill","GAB","jpoul",0.0090048571445601
"cmill","GAB","jeggs",0.00683253905669016
"cmill","GAB","jmilk",0.000111181634418541
"cmill","GEO","jbeef",0.000231973375984408
"cmill","GEO","jpork",0.000348745008532831
"cmill","GEO","jlamb",0.00021878865055801
"cmill","GEO","jpoul",0.000188438242090242
"cmill","GEO","jeggs",0.000182880366008597
"cmill","GEO","jmilk",1.61745440942645E-5
"cmill","GMB","jbeef",0.0112706106304909
"cmill","GMB","jpork",0.953117972318516
"cmill","GMB","jpoul",1.97780432214065
"cmill","GMB","jeggs",1.50068180544987
"cmill","GMB","jmilk",0.0244196563660637
"cmill","GNB","jbeef",0.00386408065387355
"cmill","GNB","jpork",0.32677242062924
"cmill","GNB","jpoul",0.678081753410576
"cmill","GNB","jeggs",0.514502339063263
"cmill","GNB","jmilk",0.00837217475005935
"cmill","GNQ","jbeef",0.000298319687723213
"cmill","GNQ","jpork",0.025227901591793
"cmill","GNQ","jpoul",0.0523501332006284
"cmill","GNQ","jeggs",0.0397212664203458
"cmill","GNQ","jmilk",0.000646359323400294
"cmill","GRC","jbeef",0.00073973342604163
"cmill","GRC","jpork",0.000426675828616212
"cmill","GRC","jlamb",0.000764690611706538
"cmill","GRC","jpoul",0.000512981188027949
"cmill","GRC","jeggs",0.000493882680976565
"cmill","GRC","jmilk",3.11692171955549E-5
"cmill","GSA","jbeef",0.000149206648309315
"cmill","GSA","jpork",0.000161319102541045
"cmill","GSA","jlamb",4.07069554673892E-6
"cmill","GSA","jpoul",0.000157561537420978
"cmill","GSA","jeggs",0.000294242968663404
"cmill","GSA","jmilk",4.82078525063102E-5
"cmill","GTM","jbeef",0.000232027253887972
"cmill","GTM","jpork",0.000250863006349926
"cmill","GTM","jlamb",6.33022938204332E-6
"cmill","GTM","jpoul",0.000245019717689579
"cmill","GTM","jeggs",0.000457569342709725
"cmill","GTM","jmilk",7.49667374719605E-5
"cmill","HND","jbeef",0.000232027253887972
"cmill","HND","jpork",0.000250863006349926
"cmill","HND","jlamb",6.33022938204332E-6
"cmill","HND","jpoul",0.000245019717689579
"cmill","HND","jeggs",0.000457569342709725
"cmill","HND","jmilk",7.49667374719605E-5
"cmill","HRV","jbeef",0.00073973342604163
"cmill","HRV","jpork",0.000426675828616212
"cmill","HRV","jlamb",0.000764690611706538
"cmill","HRV","jpoul",0.000512981188027949
"cmill","HRV","jeggs",0.000493882680976565
"cmill","HRV","jmilk",3.11692171955549E-5
"cmill","HTI","jbeef",0.000232027253887972
"cmill","HTI","jpork",0.000250863006349926
"cmill","HTI","jlamb",6.33022938204332E-6
"cmill","HTI","jpoul",0.000245019717689579
"cmill","HTI","jeggs",0.000457569342709725
"cmill","HTI","jmilk",7.49667374719605E-5
"cmill","HUN","jbeef",0.00156945375884672
"cmill","HUN","jpork",0.00090525581169705
"cmill","HUN","jlamb",0.00162240411565515
"cmill","HUN","jpoul",0.00108836538329257
"cmill","HUN","jeggs",0.00104784507878159
"cmill","HUN","jmilk",6.61300995273947E-5
"cmill","IND","jlamb",0.0410145858484758
"cmill","IND","jeggs",0.0194944581922363
"cmill","IND","jmilk",0.00120600424274413
"cmill","IRL","jbeef",0.00153551816529762
"cmill","IRL","jpork",0.00186306467730973
"cmill","IRL","jlamb",0.00237599414332484
"cmill","IRL","jpoul",0.00239446441788399
"cmill","IRL","jeggs",0.00321887701265438
"cmill","IRL","jmilk",0.000171961918806353
"cmill","IRN","jbeef",0.000448409224141219
"cmill","IRN","jpork",0.00291649517801507
"cmill","IRN","jlamb",0.00172637020883648
"cmill","IRN","jpoul",0.00139169165164624
"cmill","IRN","jeggs",0.00351527584176362
"cmill","IRN","jmilk",0.000318013052313827
"cmill","IRQ","jbeef",0.00263956905398244
"cmill","IRQ","jpork",0.0171680019132549
"cmill","IRQ","jlamb",0.0101623096351088
"cmill","IRQ","jpoul",0.00819221822077021
"cmill","IRQ","jeggs",0.0206927351815785
"cmill","IRQ","jmilk",0.00187198961675623
"cmill","ISL","jbeef",0.000714532493848548
"cmill","ISL","jpork",0.000866951808298036
"cmill","ISL","jlamb",0.00110563655902461
"cmill","ISL","jpoul",0.00111423145007903
"cmill","ISL","jeggs",0.0014978606383324
"cmill","ISL","jmilk",8.00201400859814E-5
"cmill","ISR","jbeef",0.00349933867510811
"cmill","ISR","jpork",0.00502588476268856
"cmill","ISR","jlamb",0.000995792262988242
"cmill","ISR","jpoul",0.0024382596535714
"cmill","ISR","jeggs",0.00289161234873036
"cmill","ISR","jmilk",0.000318898969882916
"cmill","ITP","jbeef",0.00138322179427335
"cmill","ITP","jpork",0.0016782814583611
"cmill","ITP","jlamb",0.00214033735086145
"cmill","ITP","jpoul",0.00215697569933157
"cmill","ITP","jeggs",0.00289962107750515
"cmill","ITP","jmilk",0.000154906323646069
"cmill","JAM","jbeef",0.000154369143908813
"cmill","JAM","jpork",0.000331385415719634
"cmill","JAM","jlamb",1.08495542972417E-5
"cmill","JAM","jpoul",0.000344763021503612
"cmill","JAM","jeggs",0.000123189842239069
"cmill","JAM","jmilk",6.6414019266125E-5
"cmill","JOR","jbeef",0.000143298008767117
"cmill","JOR","jpork",0.000932023538072531
"cmill","JOR","jlamb",0.000551695638721358
"cmill","JOR","jpoul",0.000444742506982684
"cmill","JOR","jeggs",0.00112337570520903
"cmill","JOR","jmilk",0.000101627341065073
"cmill","JPN","jbeef",0.0017447051149613
"cmill","JPN","jpork",0.00141446941345578
"cmill","JPN","jpoul",0.00102754588199134
"cmill","JPN","jeggs",0.00106737697893608
"cmill","JPN","jmilk",5.9696773425942E-5
"cmill","KAZ","jbeef",0.0415693752461724
"cmill","KAZ","jpork",0.0624948406471883
"cmill","KAZ","jlamb",0.0392067568861334
"cmill","KAZ","jpoul",0.0337680129189083
"cmill","KAZ","jeggs",0.0327717842543866
"cmill","KAZ","jmilk",0.00289833172615682
"cmill","KEN","jbeef",1.32491337097571E-5
"cmill","KEN","jpork",0.049648644364744
"cmill","KEN","jpoul",0.0141169519677461
"cmill","KEN","jeggs",0.0101993487439424
"cmill","KEN","jmilk",0.000753544479742433
"cmill","KOR","jbeef",0.000377378156420294
"cmill","KOR","jpork",0.00303396156116055
"cmill","KOR","jpoul",0.00309871708148818
"cmill","KOR","jeggs",0.00014482548487873
"cmill","LBN","jbeef",0.000310325666337762
"cmill","LBN","jpork",0.00201838691258359
"cmill","LBN","jlamb",0.00119475014464493
"cmill","LBN","jpoul",0.000963132816816916
"cmill","LBN","jeggs",0.0024327784961283
"cmill","LBN","jmilk",0.000220083814182007
"cmill","LBY","jbeef",0.00657977678131384
"cmill","LBY","jpork",0.0427954783755158
"cmill","LBY","jlamb",0.0253320627777202
"cmill","LBY","jpoul",0.0204211241055255
"cmill","LBY","jeggs",0.0515817452414079
"cmill","LBY","jmilk",0.00466639574994621
"cmill","MDA","jbeef",0.00156945375884672
"cmill","MDA","jpork",0.00090525581169705
"cmill","MDA","jlamb",0.00162240411565515
"cmill","MDA","jpoul",0.00108836538329257
"cmill","MDA","jeggs",0.00104784507878159
"cmill","MDA","jmilk",6.61300995273947E-5
"cmill","MEX","jbeef",0.000102038842327456
"cmill","MEX","jpork",0.000685717620972259
"cmill","MEX","jlamb",0.000161776944411482
"cmill","MEX","jpoul",0.000511493679491962
"cmill","MEX","jeggs",0.000623125452055564
"cmill","MEX","jmilk",8.52648214074436E-5
"cmill","MMR","jpork",0.00580515782506303
"cmill","MMR","jlamb",0.0288236194498155
"cmill","MMR","jpoul",0.0135742496406947
"cmill","MMR","jeggs",0.0196778484153049
"cmill","MMR","jmilk",0.0186958814200206
"cmill","MNG","jbeef",0.00240987469813638
"cmill","MNG","jpork",0.0113585886650013
"cmill","MNG","jpoul",0.0207658578010503
"cmill","MNG","jeggs",0.0154649206843248
"cmill","MNG","jmilk",0.00451863806200174
"cmill","MOR","jbeef",0.000371699295826706
"cmill","MOR","jpork",0.00241756669039614
"cmill","MOR","jlamb",0.00143103789220588
"cmill","MOR","jpoul",0.00115361321550759
"cmill","MOR","jeggs",0.00291391319507886
"cmill","MOR","jmilk",0.000263610160640951
"cmill","MRT","jbeef",1.05494657047778E-5
"cmill","MRT","jpork",0.00181802458979004
"cmill","MRT","jpoul",0.00606258613206844
"cmill","MRT","jeggs",0.00503049673728434
"cmill","MRT","jmilk",0.000274286108324223
"cmill","MWI","jpork",0.0282503185860293
"cmill","MWI","jpoul",0.0104788603515
"cmill","MWI","jeggs",0.0117841855163928
"cmill","MWI","jmilk",0.000915540567042824
"cmill","MYS","jpork",0.0041316778832155
"cmill","MYS","jpoul",0.0023177705198526
"cmill","MYS","jeggs",0.00187689025792411
"cmill","MYS","jmilk",0.000447178551384604
"cmill","NER","jbeef",0.00408332972541369
"cmill","NER","jpork",0.703693822679626
"cmill","NER","jpoul",2.3466153508366
"cmill","NER","jeggs",1.9471295927003
"cmill","NER","jmilk",0.106166572860756
"cmill","NGA","jbeef",0.000934787163534764
"cmill","NGA","jpork",0.362604967973776
"cmill","NGA","jpoul",0.385933557516495
"cmill","NGA","jeggs",0.249629262209432
"cmill","NGA","jmilk",0.140690604305188
"cmill","NIC","jbeef",0.000232027253887972
"cmill","NIC","jpork",0.000250863006349926
"cmill","NIC","jlamb",6.33022938204332E-6
"cmill","NIC","jpoul",0.000245019717689579
"cmill","NIC","jeggs",0.000457569342709725
"cmill","NIC","jmilk",7.49667374719605E-5
"cmill","NLD","jbeef",0.00243763628996342
"cmill","NLD","jpork",0.00295761663430333
"cmill","NLD","jlamb",0.00377189256330718
"cmill","NLD","jpoul",0.00380121413863497
"cmill","NLD","jeggs",0.00510996977847835
"cmill","NLD","jmilk",0.00027298968077845
"cmill","NOR","jbeef",0.000714532493848548
"cmill","NOR","jpork",0.000866951808298036
"cmill","NOR","jlamb",0.00110563655902461
"cmill","NOR","jpoul",0.00111423145007903
"cmill","NOR","jeggs",0.0014978606383324
"cmill","NOR","jmilk",8.00201400859814E-5
"cmill","NZL","jbeef",0.000344370951390277
"cmill","NZL","jpork",0.00049459880222982
"cmill","NZL","jlamb",9.7996210378735E-5
"cmill","NZL","jpoul",0.000239949851841925
"cmill","NZL","jeggs",0.000284564424320371
"cmill","NZL","jmilk",3.13829417075689E-5
"cmill","OAO","jbeef",0.000154369143908813
"cmill","OAO","jpork",0.000331385415719634
"cmill","OAO","jlamb",1.08495542972417E-5
"cmill","OAO","jpoul",0.000344763021503612
"cmill","OAO","jeggs",0.000123189842239069
"cmill","OAO","jmilk",6.6414019266125E-5
"cmill","OBN","jbeef",0.00073973342604163
"cmill","OBN","jpork",0.000426675828616212
"cmill","OBN","jlamb",0.000764690611706538
"cmill","OBN","jpoul",0.000512981188027949
"cmill","OBN","jeggs",0.000493882680976565
"cmill","OBN","jmilk",3.11692171955549E-5
"cmill","OIO","jbeef",0.000154369143908813
"cmill","OIO","jpork",0.000331385415719634
"cmill","OIO","jlamb",1.08495542972417E-5
"cmill","OIO","jpoul",0.000344763021503612
"cmill","OIO","jeggs",0.000123189842239069
"cmill","OIO","jmilk",6.6414019266125E-5
"cmill","OPO","jbeef",0.000154369143908813
"cmill","OPO","jpork",0.000331385415719634
"cmill","OPO","jlamb",1.08495542972417E-5
"cmill","OPO","jpoul",0.000344763021503612
"cmill","OPO","jeggs",0.000123189842239069
"cmill","OPO","jmilk",6.6414019266125E-5
"cmill","PAK","jbeef",0.0131820587458151
"cmill","PAK","jlamb",0.0131255274997316
"cmill","PAK","jpoul",0.0568807119682968
"cmill","PAK","jeggs",0.0701706940020893
"cmill","PAK","jmilk",0.00123340900545638
"cmill","PAN","jbeef",0.000232027253887972
"cmill","PAN","jpork",0.000250863006349926
"cmill","PAN","jlamb",6.33022938204332E-6
"cmill","PAN","jpoul",0.000245019717689579
"cmill","PAN","jeggs",0.000457569342709725
"cmill","PAN","jmilk",7.49667374719605E-5
"cmill","PER","jbeef",4.24846581946874E-5
"cmill","PER","jpork",4.59335224629006E-5
"cmill","PER","jlamb",1.15907776816566E-6
"cmill","PER","jpoul",4.48636045230554E-5
"cmill","PER","jeggs",8.37818695849254E-5
"cmill","PER","jmilk",1.37265608418779E-5
"cmill","PHL","jbeef",0.000558602732766458
"cmill","PHL","jpork",0.000558602732766458
"cmill","PHL","jlamb",0.000558602732766458
"cmill","PHL","jpoul",0.000558602732766458
"cmill","PHL","jeggs",0.000558602732766458
"cmill","PHL","jmilk",0.000558602732766458
"cmill","POL","jbeef",0.00037089519377295
"cmill","POL","jpork",0.000213931138653099
"cmill","POL","jlamb",0.000383408485571518
"cmill","POL","jpoul",0.000257203812126771
"cmill","POL","jeggs",0.00024762800518845
"cmill","POL","jmilk",1.56279443979674E-5
"cmill","PRK","jbeef",0.00620088064113184
"cmill","PRK","jpork",0.029226935582109
"cmill","PRK","jpoul",0.0534329049284627
"cmill","PRK","jeggs",0.0397929931221021
"cmill","PRK","jmilk",0.0116269677027674
"cmill","PRT","jbeef",0.000857925829952405
"cmill","PRT","jpork",0.0010409328561907
"cmill","PRT","jlamb",0.00132751718178399
"cmill","PRT","jpoul",0.00133783690706547
"cmill","PRT","jeggs",0.00179845331368058
"cmill","PRT","jmilk",9.60786887751036E-5
"cmill","PRY","jbeef",1.02213971602988E-5
"cmill","PRY","jpork",1.10511604898242E-5
"cmill","PRY","jlamb",2.78862881603116E-7
"cmill","PRY","jpoul",1.07937485991136E-5
"cmill","PRY","jeggs",2.01571061237106E-5
"cmill","PRY","jmilk",3.30247755241173E-6
"cmill","RAP","jbeef",6.93996046268727E-5
"cmill","RAP","jpork",0.000451381464415823
"cmill","RAP","jlamb",0.000267187656904959
"cmill","RAP","jpoul",0.000215389972344439
"cmill","RAP","jeggs",0.000544053825030061
"cmill","RAP","jmilk",4.92183900521502E-5
"cmill","ROU","jbeef",0.00156945375884672
"cmill","ROU","jpork",0.00090525581169705
"cmill","ROU","jlamb",0.00162240411565515
"cmill","ROU","jpoul",0.00108836538329257
"cmill","ROU","jeggs",0.00104784507878159
"cmill","ROU","jmilk",6.61300995273947E-5
"cmill","RUS","jbeef",0.0589458714784148
"cmill","RUS","jpork",0.0886182664906193
"cmill","RUS","jlamb",0.0555955510928767
"cmill","RUS","jpoul",0.0478833243372565
"cmill","RUS","jeggs",0.0464710336042734
"cmill","RUS","jmilk",0.00411005182537218
"cmill","SAU","jbeef",6.93996046268727E-5
"cmill","SAU","jpork",0.000451381464415823
"cmill","SAU","jlamb",0.000267187656904959
"cmill","SAU","jpoul",0.000215389972344439
"cmill","SAU","jeggs",0.000544053825030061
"cmill","SAU","jmilk",4.92183900521502E-5
"cmill","SDN","jbeef",0.000120184066224946
"cmill","SDN","jpork",0.0207117207460989
"cmill","SDN","jpoul",0.0690675976946357
"cmill","SDN","jeggs",0.0573095898822952
"cmill","SDN","jmilk",0.00312478572184858
"cmill","SEN","jbeef",0.000814811076445203
"cmill","SEN","jpork",0.0689058566980493
"cmill","SEN","jpoul",0.142985763731526
"cmill","SEN","jeggs",0.108492094828679
"cmill","SEN","jmilk",0.00176542399896461
"cmill","SLB","jbeef",0.000154369143908813
"cmill","SLB","jpork",0.000331385415719634
"cmill","SLB","jlamb",1.08495542972417E-5
"cmill","SLB","jpoul",0.000344763021503612
"cmill","SLB","jeggs",0.000123189842239069
"cmill","SLB","jmilk",6.6414019266125E-5
"cmill","SLE","jbeef",0.000111088521120294
"cmill","SLE","jpork",0.00939438593607289
"cmill","SLE","jpoul",0.0194941839812596
"cmill","SLE","jeggs",0.0147914365871672
"cmill","SLE","jmilk",0.000240691795760638
"cmill","SLV","jbeef",0.000232027253887972
"cmill","SLV","jpork",0.000250863006349926
"cmill","SLV","jlamb",6.33022938204332E-6
"cmill","SLV","jpoul",0.000245019717689579
"cmill","SLV","jeggs",0.000457569342709725
"cmill","SLV","jmilk",7.49667374719605E-5
"cmill","SPP","jbeef",0.000857925829952405
"cmill","SPP","jpork",0.0010409328561907
"cmill","SPP","jlamb",0.00132751718178399
"cmill","SPP","jpoul",0.00133783690706547
"cmill","SPP","jeggs",0.00179845331368058
"cmill","SPP","jmilk",9.60786887751036E-5
"cmill","SVK","jbeef",0.00156945375884672
"cmill","SVK","jpork",0.00090525581169705
"cmill","SVK","jlamb",0.00162240411565515
"cmill","SVK","jpoul",0.00108836538329257
"cmill","SVK","jeggs",0.00104784507878159
"cmill","SVK","jmilk",6.61300995273947E-5
"cmill","SVN","jbeef",0.00073973342604163
"cmill","SVN","jpork",0.000426675828616212
"cmill","SVN","jlamb",0.000764690611706538
"cmill","SVN","jpoul",0.000512981188027949
"cmill","SVN","jeggs",0.000493882680976565
"cmill","SVN","jmilk",3.11692171955549E-5
"cmill","SWE","jbeef",0.000714532493848548
"cmill","SWE","jpork",0.000866951808298036
"cmill","SWE","jlamb",0.00110563655902461
"cmill","SWE","jpoul",0.00111423145007903
"cmill","SWE","jeggs",0.0014978606383324
"cmill","SWE","jmilk",8.00201400859814E-5
"cmill","TCD","jbeef",0.000667519461987231
"cmill","TCD","jpork",0.115035853949133
"cmill","TCD","jpoul",0.383611298086571
"cmill","TCD","jeggs",0.318305644055487
"cmill","TCD","jmilk",0.017355506011668
"cmill","THA","jpork",0.00165746052104059
"cmill","THA","jlamb",0.000277769626914721
"cmill","THA","jpoul",0.000903514390843487
"cmill","THA","jeggs",0.00173071844462249
"cmill","THA","jmilk",0.000246809433019987
"cmill","TUR","jbeef",0.00091911205546886
"cmill","TUR","jpork",0.00290961171482113
"cmill","TUR","jlamb",0.00219406360402226
"cmill","TUR","jpoul",0.00292871739225663
"cmill","TUR","jeggs",0.00291727498104526
"cmill","TUR","jmilk",0.000258286563949552
"cmill","TZA","jbeef",2.20393939501305E-5
"cmill","TZA","jpork",0.0825884964417484
"cmill","TZA","jpoul",0.0234829742538641
"cmill","TZA","jeggs",0.0169662009552348
"cmill","TZA","jmilk",0.00125349053091367
"cmill","UGA","jbeef",0.000150429570282872
"cmill","UGA","jpork",0.563706609090634
"cmill","UGA","jpoul",0.1602827071364
"cmill","UGA","jeggs",0.115802563573383
"cmill","UGA","jmilk",0.00855568180983834
"cmill","UKP","jbeef",0.00153551816529762
"cmill","UKP","jpork",0.00186306467730973
"cmill","UKP","jlamb",0.00237599414332484
"cmill","UKP","jpoul",0.00239446441788399
"cmill","UKP","jeggs",0.00321887701265438
"cmill","UKP","jmilk",0.000171961918806353
"cmill","UKR","jbeef",0.0556194104909738
"cmill","UKR","jpork",0.0836173190304798
"cmill","UKR","jlamb",0.0524581569523311
"cmill","UKR","jpoul",0.0451811501838862
"cmill","UKR","jeggs",0.0438485585020556
"cmill","UKR","jmilk",0.00387811145854824
"cmill","URY","jbeef",1.3414660146929E-5
"cmill","URY","jpork",1.45036495378512E-5
"cmill","URY","jlamb",3.65982333494392E-7
"cmill","URY","jpoul",1.41658196915487E-5
"cmill","URY","jeggs",2.64543803508026E-5
"cmill","URY","jmilk",4.33420336904022E-6
"cmill","USA","jbeef",0.0077424699452409
"cmill","USA","jpork",0.0051125589244559
"cmill","USA","jlamb",0.0108822650471673
"cmill","USA","jpoul",0.00420782457756192
"cmill","USA","jeggs",0.000869034197290568
"cmill","USA","jmilk",0.00092572471263303
"cmill","UZB","jbeef",0.00309459746533187
"cmill","UZB","jpork",0.00465237628224677
"cmill","UZB","jlamb",0.00291871431228409
"cmill","UZB","jpoul",0.00251383155434287
"cmill","UZB","jeggs",0.0024396681424113
"cmill","UZB","jmilk",0.000215763887726018
"cmill","VEN","jbeef",0.000149206648309315
"cmill","VEN","jpork",0.000161319102541045
"cmill","VEN","jlamb",4.07069554673892E-6
"cmill","VEN","jpoul",0.000157561537420978
"cmill","VEN","jeggs",0.000294242968663404
"cmill","VEN","jmilk",4.82078525063102E-5
"cmill","VUT","jbeef",0.000154369143908813
"cmill","VUT","jpork",0.000331385415719634
"cmill","VUT","jlamb",1.08495542972417E-5
"cmill","VUT","jpoul",0.000344763021503612
"cmill","VUT","jeggs",0.000123189842239069
"cmill","VUT","jmilk",6.6414019266125E-5
"cmill","YEM","jbeef",6.93996046268727E-5
"cmill","YEM","jpork",0.000451381464415823
"cmill","YEM","jlamb",0.000267187656904959
"cmill","YEM","jpoul",0.000215389972344439
"cmill","YEM","jeggs",0.000544053825030061
"cmill","YEM","jmilk",4.92183900521502E-5
"cmill","ZAF","jbeef",0.00282338130793068
"cmill","ZAF","jpork",0.00405504879985647
"cmill","ZAF","jlamb",0.000803437884392865
"cmill","ZAF","jpoul",0.00196726792372057
"cmill","ZAF","jeggs",0.00233304775935544
"cmill","ZAF","jmilk",0.000257298156674691
"cmill","ZMB","jpork",0.0846737525336667
"cmill","ZMB","jpoul",0.0314079441453293
"cmill","ZMB","jeggs",0.0353203524125675
"cmill","ZMB","jmilk",0.00274411968743794
"crice","AFG","jbeef",8.92132055616534E-7
"crice","AFG","jpork",8.92132055616534E-7
"crice","AFG","jlamb",8.92132055616534E-7
"crice","AFG","jpoul",8.92132055616534E-7
"crice","AFG","jeggs",8.92132055616534E-7
"crice","AFG","jmilk",8.92132055616534E-7
"crice","ALB","jbeef",0.000761487096607859
"crice","ALB","jpork",0.000761487096607859
"crice","ALB","jlamb",0.000761487096607859
"crice","ALB","jpoul",0.000761487096607859
"crice","ALB","jeggs",0.000761487096607859
"crice","ALB","jmilk",0.000761487096607859
"crice","ARM","jbeef",2.52563612576323E-6
"crice","ARM","jpork",2.52563612576323E-6
"crice","ARM","jlamb",2.52563612576323E-6
"crice","ARM","jpoul",2.52563612576323E-6
"crice","ARM","jeggs",2.52563612576323E-6
"crice","ARM","jmilk",2.52563612576323E-6
"crice","AUT","jbeef",0.00329321711921836
"crice","AUT","jpork",0.00329321711921836
"crice","AUT","jlamb",0.00329321711921836
"crice","AUT","jpoul",0.00329321711921836
"crice","AUT","jeggs",0.00329321711921836
"crice","AUT","jmilk",0.00329321711921836
"crice","AZE","jbeef",2.52563612576323E-6
"crice","AZE","jpork",2.52563612576323E-6
"crice","AZE","jlamb",2.52563612576323E-6
"crice","AZE","jpoul",2.52563612576323E-6
"crice","AZE","jeggs",2.52563612576323E-6
"crice","AZE","jmilk",2.52563612576323E-6
"crice","BGR","jbeef",0.000424312872710156
"crice","BGR","jpork",0.000424312872710156
"crice","BGR","jlamb",0.000424312872710156
"crice","BGR","jpoul",0.000424312872710156
"crice","BGR","jeggs",0.000424312872710156
"crice","BGR","jmilk",0.000424312872710156
"crice","BLR","jbeef",5.0573147681507E-5
"crice","BLR","jpork",5.0573147681507E-5
"crice","BLR","jlamb",5.0573147681507E-5
"crice","BLR","jpoul",5.0573147681507E-5
"crice","BLR","jeggs",5.0573147681507E-5
"crice","BLR","jmilk",5.0573147681507E-5
"crice","BLT","jbeef",5.0573147681507E-5
"crice","BLT","jpork",5.0573147681507E-5
"crice","BLT","jlamb",5.0573147681507E-5
"crice","BLT","jpoul",5.0573147681507E-5
"crice","BLT","jeggs",5.0573147681507E-5
"crice","BLT","jmilk",5.0573147681507E-5
"crice","BLX","jbeef",0.000500642655383169
"crice","BLX","jpork",0.000500642655383169
"crice","BLX","jlamb",0.000500642655383169
"crice","BLX","jpoul",0.000500642655383169
"crice","BLX","jeggs",0.000500642655383169
"crice","BLX","jmilk",0.000500642655383169
"crice","BLZ","jbeef",0.00272357220116751
"crice","BLZ","jpork",0.00272357220116751
"crice","BLZ","jlamb",0.00272357220116751
"crice","BLZ","jpoul",0.00272357220116751
"crice","BLZ","jeggs",0.00272357220116751
"crice","BLZ","jmilk",0.00272357220116751
"crice","BOL","jbeef",0.000427776251792318
"crice","BOL","jpork",0.000427776251792318
"crice","BOL","jlamb",0.000427776251792318
"crice","BOL","jpoul",0.000427776251792318
"crice","BOL","jeggs",0.000427776251792318
"crice","BOL","jmilk",0.000427776251792318
"crice","BTN","jbeef",0.0405150142110641
"crice","BTN","jpork",0.0405150142110641
"crice","BTN","jlamb",0.0405150142110641
"crice","BTN","jpoul",0.0405150142110641
"crice","BTN","jeggs",0.0405150142110641
"crice","BTN","jmilk",0.0405150142110641
"crice","CHM","jbeef",0.0207487255384985
"crice","CHM","jpork",0.0207487255384985
"crice","CHM","jlamb",0.0207487255384985
"crice","CHM","jpoul",0.0207487255384985
"crice","CHM","jeggs",0.0207487255384985
"crice","CHM","jmilk",0.0207487255384985
"crice","CHP","jbeef",0.00329321711921836
"crice","CHP","jpork",0.00329321711921836
"crice","CHP","jlamb",0.00329321711921836
"crice","CHP","jpoul",0.00329321711921836
"crice","CHP","jeggs",0.00329321711921836
"crice","CHP","jmilk",0.00329321711921836
"crice","COL","jbeef",0.0398428194577943
"crice","COL","jpork",0.0398428194577943
"crice","COL","jlamb",0.0398428194577943
"crice","COL","jpoul",0.0398428194577943
"crice","COL","jeggs",0.0398428194577943
"crice","COL","jmilk",0.0398428194577943
"crice","CRB","jbeef",0.00311037128420056
"crice","CRB","jpork",0.00311037128420056
"crice","CRB","jlamb",0.00311037128420056
"crice","CRB","jpoul",0.00311037128420056
"crice","CRB","jeggs",0.00311037128420056
"crice","CRB","jmilk",0.00311037128420056
"crice","CRI","jbeef",0.00272357220116751
"crice","CRI","jpork",0.00272357220116751
"crice","CRI","jlamb",0.00272357220116751
"crice","CRI","jpoul",0.00272357220116751
"crice","CRI","jeggs",0.00272357220116751
"crice","CRI","jmilk",0.00272357220116751
"crice","CUB","jbeef",0.00272357220116751
"crice","CUB","jpork",0.00272357220116751
"crice","CUB","jlamb",0.00272357220116751
"crice","CUB","jpoul",0.00272357220116751
"crice","CUB","jeggs",0.00272357220116751
"crice","CUB","jmilk",0.00272357220116751
"crice","CYP","jbeef",0.00117908979628921
"crice","CYP","jpork",0.00117908979628921
"crice","CYP","jlamb",0.00117908979628921
"crice","CYP","jpoul",0.00117908979628921
"crice","CYP","jeggs",0.00117908979628921
"crice","CYP","jmilk",0.00117908979628921
"crice","CZE","jbeef",0.000424312872710156
"crice","CZE","jpork",0.000424312872710156
"crice","CZE","jlamb",0.000424312872710156
"crice","CZE","jpoul",0.000424312872710156
"crice","CZE","jeggs",0.000424312872710156
"crice","CZE","jmilk",0.000424312872710156
"crice","DEU","jbeef",3.95561294423269E-5
"crice","DEU","jpork",3.95561294423269E-5
"crice","DEU","jlamb",3.95561294423269E-5
"crice","DEU","jpoul",3.95561294423269E-5
"crice","DEU","jeggs",3.95561294423269E-5
"crice","DEU","jmilk",3.95561294423269E-5
"crice","DNK","jbeef",0.00015677866486683
"crice","DNK","jpork",0.00015677866486683
"crice","DNK","jlamb",0.00015677866486683
"crice","DNK","jpoul",0.00015677866486683
"crice","DNK","jeggs",0.00015677866486683
"crice","DNK","jmilk",0.00015677866486683
"crice","DOM","jbeef",0.00272357220116751
"crice","DOM","jpork",0.00272357220116751
"crice","DOM","jlamb",0.00272357220116751
"crice","DOM","jpoul",0.00272357220116751
"crice","DOM","jeggs",0.00272357220116751
"crice","DOM","jmilk",0.00272357220116751
"crice","DZA","jbeef",0.00646308319528379
"crice","DZA","jpork",0.00646308319528379
"crice","DZA","jlamb",0.00646308319528379
"crice","DZA","jpoul",0.00646308319528379
"crice","DZA","jeggs",0.00646308319528379
"crice","DZA","jmilk",0.00646308319528379
"crice","EGY","jbeef",0.0229770581289062
"crice","EGY","jpork",0.0229770581289062
"crice","EGY","jlamb",0.0229770581289062
"crice","EGY","jpoul",0.0229770581289062
"crice","EGY","jeggs",0.0229770581289062
"crice","EGY","jmilk",0.0229770581289062
"crice","FJI","jbeef",0.00311037128420056
"crice","FJI","jpork",0.00311037128420056
"crice","FJI","jlamb",0.00311037128420056
"crice","FJI","jpoul",0.00311037128420056
"crice","FJI","jeggs",0.00311037128420056
"crice","FJI","jmilk",0.00311037128420056
"crice","FNP","jbeef",0.00015677866486683
"crice","FNP","jpork",0.00015677866486683
"crice","FNP","jlamb",0.00015677866486683
"crice","FNP","jpoul",0.00015677866486683
"crice","FNP","jeggs",0.00015677866486683
"crice","FNP","jmilk",0.00015677866486683
"crice","FRP","jbeef",0.0024385969593716
"crice","FRP","jpork",0.0024385969593716
"crice","FRP","jlamb",0.0024385969593716
"crice","FRP","jpoul",0.0024385969593716
"crice","FRP","jeggs",0.0024385969593716
"crice","FRP","jmilk",0.0024385969593716
"crice","GEO","jbeef",2.52563612576323E-6
"crice","GEO","jpork",2.52563612576323E-6
"crice","GEO","jlamb",2.52563612576323E-6
"crice","GEO","jpoul",2.52563612576323E-6
"crice","GEO","jeggs",2.52563612576323E-6
"crice","GEO","jmilk",2.52563612576323E-6
"crice","GNB","jbeef",0.0906872523568794
"crice","GNB","jpork",0.0906872523568794
"crice","GNB","jlamb",0.0906872523568794
"crice","GNB","jpoul",0.0906872523568794
"crice","GNB","jeggs",0.0906872523568794
"crice","GNB","jmilk",0.0906872523568794
"crice","GRC","jbeef",0.000761487096607859
"crice","GRC","jpork",0.000761487096607859
"crice","GRC","jlamb",0.000761487096607859
"crice","GRC","jpoul",0.000761487096607859
"crice","GRC","jeggs",0.000761487096607859
"crice","GRC","jmilk",0.000761487096607859
"crice","GSA","jbeef",0.011522163008101
"crice","GSA","jpork",0.011522163008101
"crice","GSA","jlamb",0.011522163008101
"crice","GSA","jpoul",0.011522163008101
"crice","GSA","jeggs",0.011522163008101
"crice","GSA","jmilk",0.011522163008101
"crice","GTM","jbeef",0.00272357220116751
"crice","GTM","jpork",0.00272357220116751
"crice","GTM","jlamb",0.00272357220116751
"crice","GTM","jpoul",0.00272357220116751
"crice","GTM","jeggs",0.00272357220116751
"crice","GTM","jmilk",0.00272357220116751
"crice","HND","jbeef",0.00272357220116751
"crice","HND","jpork",0.00272357220116751
"crice","HND","jlamb",0.00272357220116751
"crice","HND","jpoul",0.00272357220116751
"crice","HND","jeggs",0.00272357220116751
"crice","HND","jmilk",0.00272357220116751
"crice","HRV","jbeef",0.000761487096607859
"crice","HRV","jpork",0.000761487096607859
"crice","HRV","jlamb",0.000761487096607859
"crice","HRV","jpoul",0.000761487096607859
"crice","HRV","jeggs",0.000761487096607859
"crice","HRV","jmilk",0.000761487096607859
"crice","HTI","jbeef",0.00272357220116751
"crice","HTI","jpork",0.00272357220116751
"crice","HTI","jlamb",0.00272357220116751
"crice","HTI","jpoul",0.00272357220116751
"crice","HTI","jeggs",0.00272357220116751
"crice","HTI","jmilk",0.00272357220116751
"crice","HUN","jbeef",0.000424312872710156
"crice","HUN","jpork",0.000424312872710156
"crice","HUN","jlamb",0.000424312872710156
"crice","HUN","jpoul",0.000424312872710156
"crice","HUN","jeggs",0.000424312872710156
"crice","HUN","jmilk",0.000424312872710156
"crice","IDN","jbeef",0.417618692898004
"crice","IDN","jpork",0.417618692898004
"crice","IDN","jlamb",0.417618692898004
"crice","IDN","jpoul",0.417618692898004
"crice","IDN","jeggs",0.417618692898004
"crice","IDN","jmilk",0.417618692898004
"crice","IND","jbeef",0.00411956822821463
"crice","IND","jpork",0.00411956822821463
"crice","IND","jlamb",0.00411956822821463
"crice","IND","jpoul",0.00411956822821463
"crice","IND","jeggs",0.00411956822821463
"crice","IND","jmilk",0.00411956822821463
"crice","IRL","jbeef",0.00361616374752539
"crice","IRL","jpork",0.00361616374752539
"crice","IRL","jlamb",0.00361616374752539
"crice","IRL","jpoul",0.00361616374752539
"crice","IRL","jeggs",0.00361616374752539
"crice","IRL","jmilk",0.00361616374752539
"crice","IRN","jbeef",0.0252620607402958
"crice","IRN","jpork",0.0252620607402958
"crice","IRN","jlamb",0.0252620607402958
"crice","IRN","jpoul",0.0252620607402958
"crice","IRN","jeggs",0.0252620607402958
"crice","IRN","jmilk",0.0252620607402958
"crice","IRQ","jbeef",0.104387503077968
"crice","IRQ","jpork",0.104387503077968
"crice","IRQ","jlamb",0.104387503077968
"crice","IRQ","jpoul",0.104387503077968
"crice","IRQ","jeggs",0.104387503077968
"crice","IRQ","jmilk",0.104387503077968
"crice","ISL","jbeef",0.00015677866486683
"crice","ISL","jpork",0.00015677866486683
"crice","ISL","jlamb",0.00015677866486683
"crice","ISL","jpoul",0.00015677866486683
"crice","ISL","jeggs",0.00015677866486683
"crice","ISL","jmilk",0.00015677866486683
"crice","ITP","jbeef",0.00110106809606228
"crice","ITP","jpork",0.00110106809606228
"crice","ITP","jlamb",0.00110106809606228
"crice","ITP","jpoul",0.00110106809606228
"crice","ITP","jeggs",0.00110106809606228
"crice","ITP","jmilk",0.00110106809606228
"crice","JAM","jbeef",0.00311037128420056
"crice","JAM","jpork",0.00311037128420056
"crice","JAM","jlamb",0.00311037128420056
"crice","JAM","jpoul",0.00311037128420056
"crice","JAM","jeggs",0.00311037128420056
"crice","JAM","jmilk",0.00311037128420056
"crice","JPN","jbeef",0.00622084635312525
"crice","JPN","jpork",0.00622084635312525
"crice","JPN","jlamb",0.00622084635312525
"crice","JPN","jpoul",0.00622084635312525
"crice","JPN","jeggs",0.00622084635312525
"crice","JPN","jmilk",0.00622084635312525
"crice","KAZ","jbeef",0.000239048792219969
"crice","KAZ","jpork",0.000239048792219969
"crice","KAZ","jlamb",0.000239048792219969
"crice","KAZ","jpoul",0.000239048792219969
"crice","KAZ","jeggs",0.000239048792219969
"crice","KAZ","jmilk",0.000239048792219969
"crice","KHM","jbeef",0.49572242433685
"crice","KHM","jpork",0.49572242433685
"crice","KHM","jlamb",0.49572242433685
"crice","KHM","jpoul",0.49572242433685
"crice","KHM","jeggs",0.49572242433685
"crice","KHM","jmilk",0.49572242433685
"crice","LAO","jbeef",0.49572242433685
"crice","LAO","jpork",0.49572242433685
"crice","LAO","jlamb",0.49572242433685
"crice","LAO","jpoul",0.49572242433685
"crice","LAO","jeggs",0.49572242433685
"crice","LAO","jmilk",0.49572242433685
"crice","LBY","jbeef",0.0487969479137129
"crice","LBY","jpork",0.0487969479137129
"crice","LBY","jlamb",0.0487969479137129
"crice","LBY","jpoul",0.0487969479137129
"crice","LBY","jeggs",0.0487969479137129
"crice","LBY","jmilk",0.0487969479137129
"crice","MDA","jbeef",0.000424312872710156
"crice","MDA","jpork",0.000424312872710156
"crice","MDA","jlamb",0.000424312872710156
"crice","MDA","jpoul",0.000424312872710156
"crice","MDA","jeggs",0.000424312872710156
"crice","MDA","jmilk",0.000424312872710156
"crice","MDG","jbeef",0.0715947757162161
"crice","MDG","jpork",0.0715947757162161
"crice","MDG","jlamb",0.0715947757162161
"crice","MDG","jpoul",0.0715947757162161
"crice","MDG","jeggs",0.0715947757162161
"crice","MDG","jmilk",0.0715947757162161
"crice","MMR","jbeef",0.586992643245624
"crice","MMR","jpork",0.586992643245624
"crice","MMR","jlamb",0.586992643245624
"crice","MMR","jpoul",0.586992643245624
"crice","MMR","jeggs",0.586992643245624
"crice","MMR","jmilk",0.586992643245624
"crice","MRT","jbeef",0.0176940266034778
"crice","MRT","jpork",0.0176940266034778
"crice","MRT","jlamb",0.0176940266034778
"crice","MRT","jpoul",0.0176940266034778
"crice","MRT","jeggs",0.0176940266034778
"crice","MRT","jmilk",0.0176940266034778
"crice","MYS","jbeef",0.0298449330331024
"crice","MYS","jpork",0.0298449330331024
"crice","MYS","jlamb",0.0298449330331024
"crice","MYS","jpoul",0.0298449330331024
"crice","MYS","jeggs",0.0298449330331024
"crice","MYS","jmilk",0.0298449330331024
"crice","NER","jbeef",0.00771331554921005
"crice","NER","jpork",0.00771331554921005
"crice","NER","jlamb",0.00771331554921005
"crice","NER","jpoul",0.00771331554921005
"crice","NER","jeggs",0.00771331554921005
"crice","NER","jmilk",0.00771331554921005
"crice","NIC","jbeef",0.00272357220116751
"crice","NIC","jpork",0.00272357220116751
"crice","NIC","jlamb",0.00272357220116751
"crice","NIC","jpoul",0.00272357220116751
"crice","NIC","jeggs",0.00272357220116751
"crice","NIC","jmilk",0.00272357220116751
"crice","NLD","jbeef",0.00088979226785657
"crice","NLD","jpork",0.00088979226785657
"crice","NLD","jlamb",0.00088979226785657
"crice","NLD","jpoul",0.00088979226785657
"crice","NLD","jeggs",0.00088979226785657
"crice","NLD","jmilk",0.00088979226785657
"crice","NOR","jbeef",0.00015677866486683
"crice","NOR","jpork",0.00015677866486683
"crice","NOR","jlamb",0.00015677866486683
"crice","NOR","jpoul",0.00015677866486683
"crice","NOR","jeggs",0.00015677866486683
"crice","NOR","jmilk",0.00015677866486683
"crice","NPL","jbeef",0.0157098334714477
"crice","NPL","jpork",0.0157098334714477
"crice","NPL","jlamb",0.0157098334714477
"crice","NPL","jpoul",0.0157098334714477
"crice","NPL","jeggs",0.0157098334714477
"crice","NPL","jmilk",0.0157098334714477
"crice","OAO","jbeef",0.00311037128420056
"crice","OAO","jpork",0.00311037128420056
"crice","OAO","jlamb",0.00311037128420056
"crice","OAO","jpoul",0.00311037128420056
"crice","OAO","jeggs",0.00311037128420056
"crice","OAO","jmilk",0.00311037128420056
"crice","OBN","jbeef",0.000761487096607859
"crice","OBN","jpork",0.000761487096607859
"crice","OBN","jlamb",0.000761487096607859
"crice","OBN","jpoul",0.000761487096607859
"crice","OBN","jeggs",0.000761487096607859
"crice","OBN","jmilk",0.000761487096607859
"crice","OIO","jbeef",0.00311037128420056
"crice","OIO","jpork",0.00311037128420056
"crice","OIO","jlamb",0.00311037128420056
"crice","OIO","jpoul",0.00311037128420056
"crice","OIO","jeggs",0.00311037128420056
"crice","OIO","jmilk",0.00311037128420056
"crice","OPO","jbeef",0.00311037128420056
"crice","OPO","jpork",0.00311037128420056
"crice","OPO","jlamb",0.00311037128420056
"crice","OPO","jpoul",0.00311037128420056
"crice","OPO","jeggs",0.00311037128420056
"crice","OPO","jmilk",0.00311037128420056
"crice","OSA","jbeef",0.000115544826977141
"crice","OSA","jpork",0.000115544826977141
"crice","OSA","jlamb",0.000115544826977141
"crice","OSA","jpoul",0.000115544826977141
"crice","OSA","jeggs",0.000115544826977141
"crice","OSA","jmilk",0.000115544826977141
"crice","PAK","jbeef",0.00610079043125512
"crice","PAK","jpork",0.00610079043125512
"crice","PAK","jlamb",0.00610079043125512
"crice","PAK","jpoul",0.00610079043125512
"crice","PAK","jeggs",0.00610079043125512
"crice","PAK","jmilk",0.00610079043125512
"crice","PAN","jbeef",0.00272357220116751
"crice","PAN","jpork",0.00272357220116751
"crice","PAN","jlamb",0.00272357220116751
"crice","PAN","jpoul",0.00272357220116751
"crice","PAN","jeggs",0.00272357220116751
"crice","PAN","jmilk",0.00272357220116751
"crice","PHL","jbeef",0.276496111088828
"crice","PHL","jpork",0.276496111088828
"crice","PHL","jlamb",0.276496111088828
"crice","PHL","jpoul",0.276496111088828
"crice","PHL","jeggs",0.276496111088828
"crice","PHL","jmilk",0.276496111088828
"crice","POL","jbeef",0.000367208400885271
"crice","POL","jpork",0.000367208400885271
"crice","POL","jlamb",0.000367208400885271
"crice","POL","jpoul",0.000367208400885271
"crice","POL","jeggs",0.000367208400885271
"crice","POL","jmilk",0.000367208400885271
"crice","PRK","jbeef",0.342501477483802
"crice","PRK","jpork",0.342501477483802
"crice","PRK","jlamb",0.342501477483802
"crice","PRK","jpoul",0.342501477483802
"crice","PRK","jeggs",0.342501477483802
"crice","PRK","jmilk",0.342501477483802
"crice","PRT","jbeef",0.000160667930700562
"crice","PRT","jpork",0.000160667930700562
"crice","PRT","jlamb",0.000160667930700562
"crice","PRT","jpoul",0.000160667930700562
"crice","PRT","jeggs",0.000160667930700562
"crice","PRT","jmilk",0.000160667930700562
"crice","PRY","jbeef",0.000427776251792318
"crice","PRY","jpork",0.000427776251792318
"crice","PRY","jlamb",0.000427776251792318
"crice","PRY","jpoul",0.000427776251792318
"crice","PRY","jeggs",0.000427776251792318
"crice","PRY","jmilk",0.000427776251792318
"crice","RAP","jbeef",0.00010276082724513
"crice","RAP","jpork",0.00010276082724513
"crice","RAP","jlamb",0.00010276082724513
"crice","RAP","jpoul",0.00010276082724513
"crice","RAP","jeggs",0.00010276082724513
"crice","RAP","jmilk",0.00010276082724513
"crice","ROU","jbeef",0.000424312872710156
"crice","ROU","jpork",0.000424312872710156
"crice","ROU","jlamb",0.000424312872710156
"crice","ROU","jpoul",0.000424312872710156
"crice","ROU","jeggs",0.000424312872710156
"crice","ROU","jmilk",0.000424312872710156
"crice","SAU","jbeef",0.00010276082724513
"crice","SAU","jpork",0.00010276082724513
"crice","SAU","jlamb",0.00010276082724513
"crice","SAU","jpoul",0.00010276082724513
"crice","SAU","jeggs",0.00010276082724513
"crice","SAU","jmilk",0.00010276082724513
"crice","SLB","jbeef",0.00311037128420056
"crice","SLB","jpork",0.00311037128420056
"crice","SLB","jlamb",0.00311037128420056
"crice","SLB","jpoul",0.00311037128420056
"crice","SLB","jeggs",0.00311037128420056
"crice","SLB","jmilk",0.00311037128420056
"crice","SLV","jbeef",0.00272357220116751
"crice","SLV","jpork",0.00272357220116751
"crice","SLV","jlamb",0.00272357220116751
"crice","SLV","jpoul",0.00272357220116751
"crice","SLV","jeggs",0.00272357220116751
"crice","SLV","jmilk",0.00272357220116751
"crice","SPP","jbeef",0.000160667930700562
"crice","SPP","jpork",0.000160667930700562
"crice","SPP","jlamb",0.000160667930700562
"crice","SPP","jpoul",0.000160667930700562
"crice","SPP","jeggs",0.000160667930700562
"crice","SPP","jmilk",0.000160667930700562
"crice","SVK","jbeef",0.000424312872710156
"crice","SVK","jpork",0.000424312872710156
"crice","SVK","jlamb",0.000424312872710156
"crice","SVK","jpoul",0.000424312872710156
"crice","SVK","jeggs",0.000424312872710156
"crice","SVK","jmilk",0.000424312872710156
"crice","SVN","jbeef",0.000761487096607859
"crice","SVN","jpork",0.000761487096607859
"crice","SVN","jlamb",0.000761487096607859
"crice","SVN","jpoul",0.000761487096607859
"crice","SVN","jeggs",0.000761487096607859
"crice","SVN","jmilk",0.000761487096607859
"crice","SWE","jbeef",0.00015677866486683
"crice","SWE","jpork",0.00015677866486683
"crice","SWE","jlamb",0.00015677866486683
"crice","SWE","jpoul",0.00015677866486683
"crice","SWE","jeggs",0.00015677866486683
"crice","SWE","jmilk",0.00015677866486683
"crice","THA","jbeef",0.260313357189023
"crice","THA","jpork",0.260313357189023
"crice","THA","jlamb",0.260313357189023
"crice","THA","jpoul",0.260313357189023
"crice","THA","jeggs",0.260313357189023
"crice","THA","jmilk",0.260313357189023
"crice","UKP","jbeef",0.00361616374752539
"crice","UKP","jpork",0.00361616374752539
"crice","UKP","jlamb",0.00361616374752539
"crice","UKP","jpoul",0.00361616374752539
"crice","UKP","jeggs",0.00361616374752539
"crice","UKP","jmilk",0.00361616374752539
"crice","VEN","jbeef",0.011522163008101
"crice","VEN","jpork",0.011522163008101
"crice","VEN","jlamb",0.011522163008101
"crice","VEN","jpoul",0.011522163008101
"crice","VEN","jeggs",0.011522163008101
"crice","VEN","jmilk",0.011522163008101
"crice","VNM","jbeef",0.138538266041862
"crice","VNM","jpork",0.138538266041862
"crice","VNM","jlamb",0.138538266041862
"crice","VNM","jpoul",0.138538266041862
"crice","VNM","jeggs",0.138538266041862
"crice","VNM","jmilk",0.138538266041862
"crice","VUT","jbeef",0.00311037128420056
"crice","VUT","jpork",0.00311037128420056
"crice","VUT","jlamb",0.00311037128420056
"crice","VUT","jpoul",0.00311037128420056
"crice","VUT","jeggs",0.00311037128420056
"crice","VUT","jmilk",0.00311037128420056
"crice","YEM","jbeef",0.00010276082724513
"crice","YEM","jpork",0.00010276082724513
"crice","YEM","jlamb",0.00010276082724513
"crice","YEM","jpoul",0.00010276082724513
"crice","YEM","jeggs",0.00010276082724513
"crice","YEM","jmilk",0.00010276082724513
"csorg","ALB","jbeef",0.0128016156752292
"csorg","ALB","jpork",0.0073839301883153
"csorg","ALB","jlamb",0.0132335176117512
"csorg","ALB","jpoul",0.00887750612122089
"csorg","ALB","jeggs",0.00854699280570023
"csorg","ALB","jmilk",0.000539405582319573
"csorg","ARG","jbeef",0.179471790608347
"csorg","ARG","jpork",1.00448904900791
"csorg","ARG","jlamb",0.523577749376836
"csorg","ARG","jpoul",0.633378049255194
"csorg","ARG","jeggs",0.208048653753646
"csorg","ARG","jmilk",0.106031714215061
"csorg","AUS","jbeef",0.13610706506333
"csorg","AUS","jpork",1.25509226363622
"csorg","AUS","jlamb",0.221475196634243
"csorg","AUS","jpoul",0.385694565049672
"csorg","AUS","jeggs",1.34403954891766
"csorg","AUS","jmilk",0.0206704986074361
"csorg","AUT","jbeef",0.00194739292473461
"csorg","AUT","jpork",0.00236279781829393
"csorg","AUT","jlamb",0.00301331126423035
"csorg","AUT","jpoul",0.00303673585327611
"csorg","AUT","jeggs",0.00408228209974906
"csorg","AUT","jmilk",0.000218087569118644
"csorg","BEN","jbeef",0.00175879371410107
"csorg","BEN","jpork",0.148735321755814
"csorg","BEN","jpoul",0.30863898359617
"csorg","BEN","jeggs",0.234183383032558
"csorg","BEN","jmilk",0.00381071971388565
"csorg","BGD","jpoul",9.6588601220493E-5
"csorg","BGD","jeggs",6.78662013838727E-5
"csorg","BGD","jmilk",1.52508317716568E-5
"csorg","BGR","jbeef",0.00277359261796857
"csorg","BGR","jpork",0.00159979918015622
"csorg","BGR","jlamb",0.00286716830819508
"csorg","BGR","jpoul",0.00192339670776348
"csorg","BGR","jeggs",0.00185178783312414
"csorg","BGR","jmilk",0.000116867384490187
"csorg","BLR","jbeef",4.04735780920585E-5
"csorg","BLR","jpork",6.0847320418434E-5
"csorg","BLR","jlamb",3.81731717980037E-5
"csorg","BLR","jpoul",3.28777812298694E-5
"csorg","BLR","jeggs",3.19080702418655E-5
"csorg","BLR","jmilk",2.82205520665724E-6
"csorg","BLT","jbeef",4.04735780920585E-5
"csorg","BLT","jpork",6.0847320418434E-5
"csorg","BLT","jlamb",3.81731717980037E-5
"csorg","BLT","jpoul",3.28777812298694E-5
"csorg","BLT","jeggs",3.19080702418655E-5
"csorg","BLT","jmilk",2.82205520665724E-6
"csorg","BLX","jbeef",0.00901759282450345
"csorg","BLX","jpork",0.0109411656894581
"csorg","BLX","jlamb",0.0139534316311754
"csorg","BLX","jpoul",0.0140619014748382
"csorg","BLX","jeggs",0.0189034053183247
"csorg","BLX","jmilk",0.00100987575410119
"csorg","BLZ","jbeef",0.060631402638167
"csorg","BLZ","jpork",0.0655534024135252
"csorg","BLZ","jlamb",0.00165416208666563
"csorg","BLZ","jpoul",0.0640264835642954
"csorg","BLZ","jeggs",0.11956815670503
"csorg","BLZ","jmilk",0.0195896747815961
"csorg","BOL","jbeef",0.116487013517681
"csorg","BOL","jpork",0.125943318821844
"csorg","BOL","jlamb",0.00317802974969538
"csorg","BOL","jpoul",0.123009752899048
"csorg","BOL","jeggs",0.229718213340743
"csorg","BOL","jmilk",0.0376363173504135
"csorg","BRA","jbeef",0.0385834185552921
"csorg","BRA","jpork",0.0499573080156244
"csorg","BRA","jpoul",0.0375317932281699
"csorg","BRA","jeggs",0.0189088359789365
"csorg","BRA","jmilk",0.00664668046559809
"csorg","CAF","jbeef",0.000489602297959974
"csorg","CAF","jpork",0.0414040343308151
"csorg","CAF","jpoul",0.0859170432536761
"csorg","CAF","jeggs",0.0651905459733706
"csorg","CAF","jmilk",0.00106080497891328
"csorg","CAN","jbeef",0.000778225233711421
"csorg","CAN","jpork",0.00111771700517931
"csorg","CAN","jlamb",0.000221456320334044
"csorg","CAN","jpoul",0.000542249654841171
"csorg","CAN","jeggs",0.000643071707205932
"csorg","CAN","jmilk",7.092060769448E-5
"csorg","CHL","jbeef",0.035346688081954
"csorg","CHL","jpork",0.038216098704652
"csorg","CHL","jlamb",0.000964337765090036
"csorg","CHL","jpoul",0.0373259407676458
"csorg","CHL","jeggs",0.0697054357262459
"csorg","CHL","jmilk",0.0114203217145453
"csorg","CHM","jpork",0.0104125732542205
"csorg","CHM","jpoul",0.0318145385293711
"csorg","CHM","jeggs",0.0343953052528383
"csorg","CHM","jmilk",0.000661352551485832
"csorg","CHP","jbeef",0.00194739292473461
"csorg","CHP","jpork",0.00236279781829393
"csorg","CHP","jlamb",0.00301331126423035
"csorg","CHP","jpoul",0.00303673585327611
"csorg","CHP","jeggs",0.00408228209974906
"csorg","CHP","jmilk",0.000218087569118644
"csorg","CIV","jbeef",0.00048632788747111
"csorg","CIV","jpork",0.0411271283504736
"csorg","CIV","jpoul",0.0853424387863887
"csorg","CIV","jeggs",0.0647545582167783
"csorg","CIV","jmilk",0.00105371042285407
"csorg","COL","jbeef",0.0338110377200155
"csorg","COL","jpork",0.0625642651844044
"csorg","COL","jlamb",0.037258260352342
"csorg","COL","jpoul",0.105038568962381
"csorg","COL","jeggs",0.0453394543920582
"csorg","COL","jmilk",0.0204572884082327
"csorg","CRB","jbeef",0.00167253030150433
"csorg","CRB","jpork",0.00359043352339312
"csorg","CRB","jlamb",0.000117550747905115
"csorg","CRB","jpoul",0.00373537473682952
"csorg","CRB","jeggs",0.00133471455995176
"csorg","CRB","jmilk",0.000719570354894901
"csorg","CRI","jbeef",0.060631402638167
"csorg","CRI","jpork",0.0655534024135252
"csorg","CRI","jlamb",0.00165416208666563
"csorg","CRI","jpoul",0.0640264835642954
"csorg","CRI","jeggs",0.11956815670503
"csorg","CRI","jmilk",0.0195896747815961
"csorg","CUB","jbeef",0.060631402638167
"csorg","CUB","jpork",0.0655534024135252
"csorg","CUB","jlamb",0.00165416208666563
"csorg","CUB","jpoul",0.0640264835642954
"csorg","CUB","jeggs",0.11956815670503
"csorg","CUB","jmilk",0.0195896747815961
"csorg","CYP","jbeef",6.14595653114269E-6
"csorg","CYP","jpork",3.99738712371421E-5
"csorg","CYP","jlamb",2.36618599460996E-5
"csorg","CYP","jpoul",1.90747110792668E-5
"csorg","CYP","jeggs",4.81808387412904E-5
"csorg","CYP","jmilk",4.35872923800794E-6
"csorg","CZE","jbeef",0.00277359261796857
"csorg","CZE","jpork",0.00159979918015622
"csorg","CZE","jlamb",0.00286716830819508
"csorg","CZE","jpoul",0.00192339670776348
"csorg","CZE","jeggs",0.00185178783312414
"csorg","CZE","jmilk",0.000116867384490187
"csorg","DEU","jbeef",0.000556224784590173
"csorg","DEU","jpork",0.000674874952464859
"csorg","DEU","jlamb",0.000860678082764468
"csorg","DEU","jpoul",0.000867368739195741
"csorg","DEU","jeggs",0.00116600325118193
"csorg","DEU","jmilk",6.22913381342103E-5
"csorg","DNK","jbeef",0.00621691293915706
"csorg","DNK","jpork",0.00754306341703767
"csorg","DNK","jlamb",0.00961978117017881
"csorg","DNK","jpoul",0.00969456249904332
"csorg","DNK","jeggs",0.0130323942769166
"csorg","DNK","jmilk",0.000696229000887318
"csorg","DOM","jbeef",0.060631402638167
"csorg","DOM","jpork",0.0655534024135252
"csorg","DOM","jlamb",0.00165416208666563
"csorg","DOM","jpoul",0.0640264835642954
"csorg","DOM","jeggs",0.11956815670503
"csorg","DOM","jmilk",0.0195896747815961
"csorg","ECU","jbeef",0.00587307332992162
"csorg","ECU","jpork",0.00634984385398566
"csorg","ECU","jlamb",0.000160230751918114
"csorg","ECU","jpoul",0.00620193854452279
"csorg","ECU","jeggs",0.0115819941762348
"csorg","ECU","jmilk",0.00189755789072255
"csorg","EGY","jbeef",0.207201151811234
"csorg","EGY","jlamb",0.0421176636658009
"csorg","EGY","jpoul",0.445424076971432
"csorg","EGY","jeggs",0.052594520101803
"csorg","EGY","jmilk",0.0157678441344513
"csorg","FJI","jbeef",0.00167253030150433
"csorg","FJI","jpork",0.00359043352339312
"csorg","FJI","jlamb",0.000117550747905115
"csorg","FJI","jpoul",0.00373537473682952
"csorg","FJI","jeggs",0.00133471455995176
"csorg","FJI","jmilk",0.000719570354894901
"csorg","FNP","jbeef",0.00621691293915706
"csorg","FNP","jpork",0.00754306341703767
"csorg","FNP","jlamb",0.00961978117017881
"csorg","FNP","jpoul",0.00969456249904332
"csorg","FNP","jeggs",0.0130323942769166
"csorg","FNP","jmilk",0.000696229000887318
"csorg","FRP","jbeef",0.010625086441906
"csorg","FRP","jpork",0.0128915591431253
"csorg","FRP","jlamb",0.01644079746422
"csorg","FRP","jpoul",0.0165686033529629
"csorg","FRP","jeggs",0.0222731630782681
"csorg","FRP","jmilk",0.00118989816814012
"csorg","GMB","jbeef",0.00254004322173896
"csorg","GMB","jpork",0.214802988451725
"csorg","GMB","jpoul",0.445735251361491
"csorg","GMB","jeggs",0.338206754974542
"csorg","GMB","jmilk",0.00550342698043441
"csorg","GRC","jbeef",0.0128016156752292
"csorg","GRC","jpork",0.0073839301883153
"csorg","GRC","jlamb",0.0132335176117512
"csorg","GRC","jpoul",0.00887750612122089
"csorg","GRC","jeggs",0.00854699280570023
"csorg","GRC","jmilk",0.000539405582319573
"csorg","GSA","jbeef",0.195177425844347
"csorg","GSA","jpork",0.211021744206794
"csorg","GSA","jlamb",0.00532488255189193
"csorg","GSA","jpoul",0.206106468005048
"csorg","GSA","jeggs",0.384899639843573
"csorg","GSA","jmilk",0.0630607594519509
"csorg","GTM","jbeef",0.060631402638167
"csorg","GTM","jpork",0.0655534024135252
"csorg","GTM","jlamb",0.00165416208666563
"csorg","GTM","jpoul",0.0640264835642954
"csorg","GTM","jeggs",0.11956815670503
"csorg","GTM","jmilk",0.0195896747815961
"csorg","HND","jbeef",0.060631402638167
"csorg","HND","jpork",0.0655534024135252
"csorg","HND","jlamb",0.00165416208666563
"csorg","HND","jpoul",0.0640264835642954
"csorg","HND","jeggs",0.11956815670503
"csorg","HND","jmilk",0.0195896747815961
"csorg","HRV","jbeef",0.0128016156752292
"csorg","HRV","jpork",0.0073839301883153
"csorg","HRV","jlamb",0.0132335176117512
"csorg","HRV","jpoul",0.00887750612122089
"csorg","HRV","jeggs",0.00854699280570023
"csorg","HRV","jmilk",0.000539405582319573
"csorg","HTI","jbeef",0.060631402638167
"csorg","HTI","jpork",0.0655534024135252
"csorg","HTI","jlamb",0.00165416208666563
"csorg","HTI","jpoul",0.0640264835642954
"csorg","HTI","jeggs",0.11956815670503
"csorg","HTI","jmilk",0.0195896747815961
"csorg","HUN","jbeef",0.00277359261796857
"csorg","HUN","jpork",0.00159979918015622
"csorg","HUN","jlamb",0.00286716830819508
"csorg","HUN","jpoul",0.00192339670776348
"csorg","HUN","jeggs",0.00185178783312414
"csorg","HUN","jmilk",0.000116867384490187
"csorg","IND","jlamb",0.0244474189797821
"csorg","IND","jeggs",0.0116199926769993
"csorg","IND","jmilk",0.000718858679268034
"csorg","IRL","jbeef",0.000357517015595178
"csorg","IRL","jpork",0.000433780165123258
"csorg","IRL","jlamb",0.000553206308066353
"csorg","IRL","jpoul",0.000557506770012585
"csorg","IRL","jeggs",0.00074945600067783
"csorg","IRL","jmilk",4.00381535022422E-5
"csorg","ISL","jbeef",0.00621691293915706
"csorg","ISL","jpork",0.00754306341703767
"csorg","ISL","jlamb",0.00961978117017881
"csorg","ISL","jpoul",0.00969456249904332
"csorg","ISL","jeggs",0.0130323942769166
"csorg","ISL","jmilk",0.000696229000887318
"csorg","ISR","jbeef",0.231434918934122
"csorg","ISR","jpork",0.332395729770034
"csorg","ISR","jlamb",0.0658584730021279
"csorg","ISR","jpoul",0.161258591310029
"csorg","ISR","jeggs",0.1912418692931
"csorg","ISR","jmilk",0.0210909443455762
"csorg","ITP","jbeef",0.0351001046234142
"csorg","ITP","jpork",0.0425874252559453
"csorg","ITP","jlamb",0.0543123779972715
"csorg","ITP","jpoul",0.0547345863332592
"csorg","ITP","jeggs",0.0735796700211441
"csorg","ITP","jmilk",0.00393084333207881
"csorg","JAM","jbeef",0.00167253030150433
"csorg","JAM","jpork",0.00359043352339312
"csorg","JAM","jlamb",0.000117550747905115
"csorg","JAM","jpoul",0.00373537473682952
"csorg","JAM","jeggs",0.00133471455995176
"csorg","JAM","jmilk",0.000719570354894901
"csorg","JOR","jbeef",0.000269276406955946
"csorg","JOR","jpork",0.00175139872277228
"csorg","JOR","jlamb",0.00103671098158513
"csorg","JOR","jpoul",0.000835731531311817
"csorg","JOR","jeggs",0.00211097541524042
"csorg","JOR","jmilk",0.000190971566778456
"csorg","JPN","jbeef",0.524877761171306
"csorg","JPN","jpork",0.425529525083341
"csorg","JPN","jpoul",0.309127300318812
"csorg","JPN","jeggs",0.321110102919706
"csorg","JPN","jmilk",0.0179592003922417
"csorg","KAZ","jbeef",0.000209078561423341
"csorg","KAZ","jpork",0.00031432590221808
"csorg","KAZ","jlamb",0.000197195466116182
"csorg","KAZ","jpoul",0.000169840598310657
"csorg","KAZ","jeggs",0.000164829937101693
"csorg","KAZ","jmilk",1.45775351263739E-5
"csorg","KEN","jbeef",3.39923640247818E-5
"csorg","KEN","jpork",0.127380010614615
"csorg","KEN","jpoul",0.036218863868405
"csorg","KEN","jeggs",0.0261677467308273
"csorg","KEN","jmilk",0.00193331570390946
"csorg","KGZ","jbeef",4.99992868935454E-5
"csorg","KGZ","jpork",7.51682566403951E-5
"csorg","KGZ","jlamb",4.71575498574705E-5
"csorg","KGZ","jpoul",4.06158754072906E-5
"csorg","KGZ","jeggs",3.94176201409071E-5
"csorg","KGZ","jmilk",3.48608846369715E-6
"csorg","KOR","jbeef",0.000528512131138505
"csorg","KOR","jpork",0.00424901511441863
"csorg","KOR","jpoul",0.00433970419503734
"csorg","KOR","jeggs",0.000202825797821691
"csorg","LBN","jbeef",0.00653837467642248
"csorg","LBN","jpork",0.0425261952457885
"csorg","LBN","jlamb",0.0251726651636224
"csorg","LBN","jpoul",0.0202926277217853
"csorg","LBN","jeggs",0.0512571760503938
"csorg","LBN","jmilk",0.00463703326353899
"csorg","LBY","jbeef",0.265484143029659
"csorg","LBY","jpork",1.7267334865119
"csorg","LBY","jlamb",1.02211081032656
"csorg","LBY","jpoul",0.823961786705962
"csorg","LBY","jeggs",2.08124620128146
"csorg","LBY","jmilk",0.188282082794964
"csorg","LSO","jpork",0.419598044859423
"csorg","LSO","jpoul",0.155641052416972
"csorg","LSO","jeggs",0.175028865174795
"csorg","LSO","jmilk",0.0135983964481956
"csorg","MDA","jbeef",0.00277359261796857
"csorg","MDA","jpork",0.00159979918015622
"csorg","MDA","jlamb",0.00286716830819508
"csorg","MDA","jpoul",0.00192339670776348
"csorg","MDA","jeggs",0.00185178783312414
"csorg","MDA","jmilk",0.000116867384490187
"csorg","MEX","jbeef",0.293792092825344
"csorg","MEX","jpork",1.97433066033962
"csorg","MEX","jlamb",0.46579112409971
"csorg","MEX","jpoul",1.47270191563557
"csorg","MEX","jeggs",1.79411414787175
"csorg","MEX","jmilk",0.24549602635909
"csorg","MOR","jbeef",0.00185521845729189
"csorg","MOR","jpork",0.0120665128939282
"csorg","MOR","jlamb",0.00714256911571387
"csorg","MOR","jpoul",0.00575789234473914
"csorg","MOR","jeggs",0.0145438681298364
"csorg","MOR","jmilk",0.00131572602111891
"csorg","MOZ","jpork",0.260060292295125
"csorg","MOZ","jpoul",0.0964638850932664
"csorg","MOZ","jeggs",0.108480147596234
"csorg","MOZ","jmilk",0.00842807300555355
"csorg","MRT","jbeef",0.00152559156974372
"csorg","MRT","jpork",0.262910280519167
"csorg","MRT","jpoul",0.876729737103172
"csorg","MRT","jeggs",0.727476028529912
"csorg","MRT","jmilk",0.0396653808133366
"csorg","MWI","jpork",0.0547346401876678
"csorg","MWI","jpoul",0.0203026613370589
"csorg","MWI","jeggs",0.0228317125762773
"csorg","MWI","jmilk",0.00177384843861847
"csorg","MYS","jpork",0.00040696077617013
"csorg","MYS","jpoul",0.000228295069558853
"csorg","MYS","jeggs",0.000184869376979723
"csorg","MYS","jmilk",4.40460596159744E-5
"csorg","NER","jbeef",0.000353775139720401
"csorg","NER","jpork",0.0609672490784825
"csorg","NER","jpoul",0.203308140522047
"csorg","NER","jeggs",0.168697139352734
"csorg","NER","jmilk",0.00919815363273044
"csorg","NGA","jbeef",0.00120228675080228
"csorg","NGA","jpork",0.466368351830434
"csorg","NGA","jpoul",0.496372672831225
"csorg","NGA","jeggs",0.321063410233474
"csorg","NGA","jmilk",0.180950761966901
"csorg","NIC","jbeef",0.060631402638167
"csorg","NIC","jpork",0.0655534024135252
"csorg","NIC","jlamb",0.00165416208666563
"csorg","NIC","jpoul",0.0640264835642954
"csorg","NIC","jeggs",0.11956815670503
"csorg","NIC","jmilk",0.0195896747815961
"csorg","NLD","jbeef",0.000941554272753751
"csorg","NLD","jpork",0.00114240036163789
"csorg","NLD","jlamb",0.0014569202033841
"csorg","NLD","jpoul",0.00146824586941862
"csorg","NLD","jeggs",0.00197376199984331
"csorg","NLD","jmilk",0.000105444196664175
"csorg","NOR","jbeef",0.00621691293915706
"csorg","NOR","jpork",0.00754306341703767
"csorg","NOR","jlamb",0.00961978117017881
"csorg","NOR","jpoul",0.00969456249904332
"csorg","NOR","jeggs",0.0130323942769166
"csorg","NOR","jmilk",0.000696229000887318
"csorg","NZL","jbeef",0.0050706545820989
"csorg","NZL","jpork",0.00728266908896449
"csorg","NZL","jlamb",0.00144293510001114
"csorg","NZL","jpoul",0.00353311686367331
"csorg","NZL","jeggs",0.00419003953805368
"csorg","NZL","jmilk",0.000462094890776318
"csorg","OAO","jbeef",0.00167253030150433
"csorg","OAO","jpork",0.00359043352339312
"csorg","OAO","jlamb",0.000117550747905115
"csorg","OAO","jpoul",0.00373537473682952
"csorg","OAO","jeggs",0.00133471455995176
"csorg","OAO","jmilk",0.000719570354894901
"csorg","OBN","jbeef",0.0128016156752292
"csorg","OBN","jpork",0.0073839301883153
"csorg","OBN","jlamb",0.0132335176117512
"csorg","OBN","jpoul",0.00887750612122089
"csorg","OBN","jeggs",0.00854699280570023
"csorg","OBN","jmilk",0.000539405582319573
"csorg","OIO","jbeef",0.00167253030150433
"csorg","OIO","jpork",0.00359043352339312
"csorg","OIO","jlamb",0.000117550747905115
"csorg","OIO","jpoul",0.00373537473682952
"csorg","OIO","jeggs",0.00133471455995176
"csorg","OIO","jmilk",0.000719570354894901
"csorg","OPO","jbeef",0.00167253030150433
"csorg","OPO","jpork",0.00359043352339312
"csorg","OPO","jlamb",0.000117550747905115
"csorg","OPO","jpoul",0.00373537473682952
"csorg","OPO","jeggs",0.00133471455995176
"csorg","OPO","jmilk",0.000719570354894901
"csorg","PAK","jbeef",0.00151685095679445
"csorg","PAK","jlamb",0.00151034594294465
"csorg","PAK","jpoul",0.00654522666269042
"csorg","PAK","jeggs",0.00807449628228904
"csorg","PAK","jmilk",0.000141927574904744
"csorg","PAN","jbeef",0.060631402638167
"csorg","PAN","jpork",0.0655534024135252
"csorg","PAN","jlamb",0.00165416208666563
"csorg","PAN","jpoul",0.0640264835642954
"csorg","PAN","jeggs",0.11956815670503
"csorg","PAN","jmilk",0.0195896747815961
"csorg","PER","jbeef",0.0002416950171937
"csorg","PER","jpork",0.000261315589513822
"csorg","PER","jlamb",6.59398787726779E-6
"csorg","PER","jpoul",0.000255228831473267
"csorg","PER","jeggs",0.000476634655198451
"csorg","PER","jmilk",7.80903389521189E-5
"csorg","PHL","jbeef",0.00285831628696722
"csorg","PHL","jpork",0.00285831628696722
"csorg","PHL","jlamb",0.00285831628696722
"csorg","PHL","jpoul",0.00285831628696722
"csorg","PHL","jeggs",0.00285831628696722
"csorg","PHL","jmilk",0.00285831628696722
"csorg","POL","jbeef",0.000405527306830124
"csorg","POL","jpork",0.000233906828564087
"csorg","POL","jlamb",0.000419209019637002
"csorg","POL","jpoul",0.000281220061595249
"csorg","POL","jeggs",0.000270750119510209
"csorg","POL","jmilk",1.7087194197718E-5
"csorg","PRK","jbeef",0.000574594581785172
"csorg","PRK","jpork",0.00270826674460851
"csorg","PRK","jpoul",0.00495127376864536
"csorg","PRK","jeggs",0.00368735338805054
"csorg","PRK","jmilk",0.00107739416886791
"csorg","PRT","jbeef",0.0312608095281661
"csorg","PRT","jpork",0.0379291572918286
"csorg","PRT","jlamb",0.0483716194527204
"csorg","PRT","jpoul",0.0487476460917895
"csorg","PRT","jeggs",0.0655314300157936
"csorg","PRT","jmilk",0.00350088257592278
"csorg","PRY","jbeef",0.116487013517681
"csorg","PRY","jpork",0.125943318821844
"csorg","PRY","jlamb",0.00317802974969538
"csorg","PRY","jpoul",0.123009752899048
"csorg","PRY","jeggs",0.229718213340743
"csorg","PRY","jmilk",0.0376363173504135
"csorg","RAP","jbeef",0.00369207540351049
"csorg","RAP","jpork",0.0240136008170412
"csorg","RAP","jlamb",0.0142144466309887
"csorg","RAP","jpoul",0.0114587975440393
"csorg","RAP","jeggs",0.0289437923512534
"csorg","RAP","jmilk",0.00261843000819582
"csorg","ROU","jbeef",0.00277359261796857
"csorg","ROU","jpork",0.00159979918015622
"csorg","ROU","jlamb",0.00286716830819508
"csorg","ROU","jpoul",0.00192339670776348
"csorg","ROU","jeggs",0.00185178783312414
"csorg","ROU","jmilk",0.000116867384490187
"csorg","RUS","jbeef",0.00587164022415754
"csorg","RUS","jpork",0.0088273286164235
"csorg","RUS","jlamb",0.00553791242531171
"csorg","RUS","jpoul",0.00476969202750649
"csorg","RUS","jeggs",0.00462901274212133
"csorg","RUS","jmilk",0.00040940518845437
"csorg","SAU","jbeef",0.00369207540351049
"csorg","SAU","jpork",0.0240136008170412
"csorg","SAU","jlamb",0.0142144466309887
"csorg","SAU","jpoul",0.0114587975440393
"csorg","SAU","jeggs",0.0289437923512534
"csorg","SAU","jmilk",0.00261843000819582
"csorg","SDN","jbeef",0.000685690285171173
"csorg","SDN","jpork",0.118167292477832
"csorg","SDN","jpoul",0.394053739791779
"csorg","SDN","jeggs",0.326970373559199
"csorg","SDN","jmilk",0.0178279474144505
"csorg","SLB","jbeef",0.00167253030150433
"csorg","SLB","jpork",0.00359043352339312
"csorg","SLB","jlamb",0.000117550747905115
"csorg","SLB","jpoul",0.00373537473682952
"csorg","SLB","jeggs",0.00133471455995176
"csorg","SLB","jmilk",0.000719570354894901
"csorg","SLE","jbeef",0.000236812543023052
"csorg","SLE","jpork",0.0200264473883161
"csorg","SLE","jpoul",0.0415566544248286
"csorg","SLE","jeggs",0.0315315901035194
"csorg","SLE","jmilk",0.000513093843216613
"csorg","SLV","jbeef",0.060631402638167
"csorg","SLV","jpork",0.0655534024135252
"csorg","SLV","jlamb",0.00165416208666563
"csorg","SLV","jpoul",0.0640264835642954
"csorg","SLV","jeggs",0.11956815670503
"csorg","SLV","jmilk",0.0195896747815961
"csorg","SPP","jbeef",0.0312608095281661
"csorg","SPP","jpork",0.0379291572918286
"csorg","SPP","jlamb",0.0483716194527204
"csorg","SPP","jpoul",0.0487476460917895
"csorg","SPP","jeggs",0.0655314300157936
"csorg","SPP","jmilk",0.00350088257592278
"csorg","SVK","jbeef",0.00277359261796857
"csorg","SVK","jpork",0.00159979918015622
"csorg","SVK","jlamb",0.00286716830819508
"csorg","SVK","jpoul",0.00192339670776348
"csorg","SVK","jeggs",0.00185178783312414
"csorg","SVK","jmilk",0.000116867384490187
"csorg","SVN","jbeef",0.0128016156752292
"csorg","SVN","jpork",0.0073839301883153
"csorg","SVN","jlamb",0.0132335176117512
"csorg","SVN","jpoul",0.00887750612122089
"csorg","SVN","jeggs",0.00854699280570023
"csorg","SVN","jmilk",0.000539405582319573
"csorg","SWE","jbeef",0.00621691293915706
"csorg","SWE","jpork",0.00754306341703767
"csorg","SWE","jlamb",0.00961978117017881
"csorg","SWE","jpoul",0.00969456249904332
"csorg","SWE","jeggs",0.0130323942769166
"csorg","SWE","jmilk",0.000696229000887318
"csorg","SYR","jbeef",0.000634307372827881
"csorg","SYR","jpork",0.00412559397674056
"csorg","SYR","jlamb",0.00244207588234295
"csorg","SYR","jpoul",0.00196864878735012
"csorg","SYR","jeggs",0.00497261265805757
"csorg","SYR","jmilk",0.000449852529515832
"csorg","TCD","jbeef",0.00090078105649014
"csorg","TCD","jpork",0.155234602068467
"csorg","TCD","jpoul",0.517662495327492
"csorg","TCD","jeggs",0.42953608196754
"csorg","TCD","jmilk",0.0234203074687436
"csorg","TGO","jbeef",0.00601972004331044
"csorg","TGO","jpork",0.509067658329286
"csorg","TGO","jpoul",1.05636053893359
"csorg","TGO","jeggs",0.801525723766785
"csorg","TGO","jmilk",0.0130427267605059
"csorg","THA","jpork",0.0667144447400467
"csorg","THA","jlamb",0.0111805054720889
"csorg","THA","jpoul",0.0363673584586626
"csorg","THA","jeggs",0.0696631494799382
"csorg","THA","jmilk",0.00993432668320611
"csorg","TJK","jbeef",0.00271983865531865
"csorg","TJK","jpork",0.00408896891867176
"csorg","TJK","jlamb",0.00256525512584906
"csorg","TJK","jpoul",0.00220940406985316
"csorg","TJK","jeggs",0.00214422192036796
"csorg","TJK","jmilk",0.000189634667782591
"csorg","TUR","jbeef",2.28674109538727E-5
"csorg","TUR","jpork",7.23908324378097E-5
"csorg","TUR","jlamb",5.45880709469292E-5
"csorg","TUR","jpoul",7.28661796763431E-5
"csorg","TUR","jeggs",7.25814936928258E-5
"csorg","TUR","jmilk",6.42614245624837E-6
"csorg","TZA","jbeef",7.09668913355161E-5
"csorg","TZA","jpork",0.265935118987721
"csorg","TZA","jpoul",0.0756152227179924
"csorg","TZA","jeggs",0.054631200036222
"csorg","TZA","jmilk",0.00403624194470748
"csorg","UGA","jbeef",0.000106216933023881
"csorg","UGA","jpork",0.398028040832053
"csorg","UGA","jpoul",0.113174142136945
"csorg","UGA","jeggs",0.0817671227534465
"csorg","UGA","jmilk",0.00604108806573324
"csorg","UKP","jbeef",0.000357517015595178
"csorg","UKP","jpork",0.000433780165123258
"csorg","UKP","jlamb",0.000553206308066353
"csorg","UKP","jpoul",0.000557506770012585
"csorg","UKP","jeggs",0.00074945600067783
"csorg","UKP","jmilk",4.00381535022422E-5
"csorg","UKR","jbeef",0.00383304080975397
"csorg","UKR","jpork",0.00576253134322703
"csorg","UKR","jlamb",0.00361518136614187
"csorg","UKR","jpoul",0.00311368263269463
"csorg","UKR","jeggs",0.00302184637887414
"csorg","UKR","jmilk",0.000267262082682488
"csorg","URY","jbeef",0.0564185152749447
"csorg","URY","jpork",0.0609985168488242
"csorg","URY","jlamb",0.00153922497077499
"csorg","URY","jpoul",0.059577693798878
"csorg","URY","jeggs",0.111260132240669
"csorg","URY","jmilk",0.0182285139021499
"csorg","USA","jbeef",0.166720763154307
"csorg","USA","jpork",0.11009015618854
"csorg","USA","jlamb",0.234330846143791
"csorg","USA","jpoul",0.0906082593477531
"csorg","USA","jeggs",0.0187131555697587
"csorg","USA","jmilk",0.019933888236253
"csorg","UZB","jbeef",0.0224073580763733
"csorg","UZB","jpork",0.0336869212975814
"csorg","UZB","jlamb",0.0211338235265347
"csorg","UZB","jpoul",0.0182021488781275
"csorg","UZB","jeggs",0.0176651465229155
"csorg","UZB","jmilk",0.00156230293160562
"csorg","VEN","jbeef",0.195177425844347
"csorg","VEN","jpork",0.211021744206794
"csorg","VEN","jlamb",0.00532488255189193
"csorg","VEN","jpoul",0.206106468005048
"csorg","VEN","jeggs",0.384899639843573
"csorg","VEN","jmilk",0.0630607594519509
"csorg","VUT","jbeef",0.00167253030150433
"csorg","VUT","jpork",0.00359043352339312
"csorg","VUT","jlamb",0.000117550747905115
"csorg","VUT","jpoul",0.00373537473682952
"csorg","VUT","jeggs",0.00133471455995176
"csorg","VUT","jmilk",0.000719570354894901
"csorg","YEM","jbeef",0.00369207540351049
"csorg","YEM","jpork",0.0240136008170412
"csorg","YEM","jlamb",0.0142144466309887
"csorg","YEM","jpoul",0.0114587975440393
"csorg","YEM","jeggs",0.0289437923512534
"csorg","YEM","jmilk",0.00261843000819582
"csorg","ZAF","jbeef",0.121853918595597
"csorg","ZAF","jpork",0.175011283446173
"csorg","ZAF","jlamb",0.0346754631712079
"csorg","ZAF","jpoul",0.0849050409023467
"csorg","ZAF","jeggs",0.100691681619335
"csorg","ZAF","jmilk",0.0111046951221811
"csorg","ZWE","jpork",0.0405662347377962
"csorg","ZWE","jpoul",0.0150471899107628
"csorg","ZWE","jeggs",0.0169215803494738
"csorg","ZWE","jmilk",0.00131467662715142
"cwhea","ALB","jbeef",0.426201311290488
"cwhea","ALB","jpork",0.434811055676262
"cwhea","ALB","jlamb",0.515484739854856
"cwhea","ALB","jpoul",0.829813557543662
"cwhea","ALB","jeggs",0.666911125222523
"cwhea","ALB","jmilk",0.019278458479914
"cwhea","ARG","jbeef",0.0129132500520504
"cwhea","ARG","jpork",0.0458483470903418
"cwhea","ARG","jlamb",0.376228451625069
"cwhea","ARG","jpoul",0.0260059676401119
"cwhea","ARG","jeggs",0.00777599183373197
"cwhea","ARM","jbeef",0.399327470110962
"cwhea","ARM","jpork",0.744841267468679
"cwhea","ARM","jlamb",0.675006601573604
"cwhea","ARM","jpoul",1.31369895202572
"cwhea","ARM","jeggs",0.943040627536986
"cwhea","ARM","jmilk",0.0234918352069163
"cwhea","AUS","jbeef",0.15695648401208
"cwhea","AUS","jpork",1.82982857824609
"cwhea","AUS","jlamb",0.364452770238575
"cwhea","AUS","jpoul",2.04089838584128
"cwhea","AUS","jeggs",2.8264697651649
"cwhea","AUS","jmilk",0.0426966189506544
"cwhea","AUT","jbeef",0.133066214546972
"cwhea","AUT","jpork",0.334518917850768
"cwhea","AUT","jlamb",0.249273752706754
"cwhea","AUT","jpoul",0.13344346680035
"cwhea","AUT","jeggs",0.321076277923064
"cwhea","AUT","jmilk",0.01906335240005
"cwhea","AZE","jbeef",0.399327470110962
"cwhea","AZE","jpork",0.744841267468679
"cwhea","AZE","jlamb",0.675006601573604
"cwhea","AZE","jpoul",1.31369895202572
"cwhea","AZE","jeggs",0.943040627536986
"cwhea","AZE","jmilk",0.0234918352069163
"cwhea","BGR","jbeef",0.891833584073761
"cwhea","BGR","jpork",0.909849622481232
"cwhea","BGR","jlamb",1.07866069601731
"cwhea","BGR","jpoul",1.73639916051962
"cwhea","BGR","jeggs",1.395523015321
"cwhea","BGR","jmilk",0.0403405063900436
"cwhea","BLR","jbeef",0.515023641154681
"cwhea","BLR","jpork",0.960642305793269
"cwhea","BLR","jlamb",0.870574612984386
"cwhea","BLR","jpoul",1.69431373570512
"cwhea","BLR","jeggs",1.21626548160069
"cwhea","BLR","jmilk",0.0302980671535314
"cwhea","BLT","jbeef",0.515023641154681
"cwhea","BLT","jpork",0.960642305793269
"cwhea","BLT","jlamb",0.870574612984386
"cwhea","BLT","jpoul",1.69431373570512
"cwhea","BLT","jeggs",1.21626548160069
"cwhea","BLT","jmilk",0.0302980671535314
"cwhea","BLX","jbeef",0.307289104451535
"cwhea","BLX","jpork",0.772502765171645
"cwhea","BLX","jlamb",0.575646556816212
"cwhea","BLX","jpoul",0.308160291082097
"cwhea","BLX","jeggs",0.741459747987215
"cwhea","BLX","jmilk",0.0440228987260139
"cwhea","BLZ","jbeef",0.144428025234501
"cwhea","BLZ","jpork",0.195957735898706
"cwhea","BLZ","jpoul",0.330224654375092
"cwhea","BLZ","jmilk",0.0230378767923412
"cwhea","BOL","jbeef",0.121913057361857
"cwhea","BOL","jpork",0.165409771810768
"cwhea","BOL","jpoul",0.27874574318775
"cwhea","BOL","jmilk",0.019446488936755
"cwhea","BRA","jbeef",0.0106565224362269
"cwhea","BRA","jpork",0.0378295545258488
"cwhea","BRA","jlamb",0.186258116855071
"cwhea","BRA","jpoul",0.0214597279066758
"cwhea","BRA","jeggs",0.00641738274721165
"cwhea","BTN","jbeef",0.00788690601021577
"cwhea","BTN","jpork",0.00788690601021577
"cwhea","BTN","jlamb",0.00788690601021577
"cwhea","BTN","jpoul",0.00788690601021577
"cwhea","BTN","jeggs",0.00788690601021577
"cwhea","BTN","jmilk",0.00788690601021577
"cwhea","CAN","jbeef",0.0399966003949917
"cwhea","CAN","jpork",0.941991520167507
"cwhea","CAN","jlamb",0.0218289966679033
"cwhea","CAN","jpoul",1.23347133812366
"cwhea","CAN","jeggs",2.09576104863488
"cwhea","CAN","jmilk",0.00904579432436619
"cwhea","CHL","jbeef",0.0635617206075326
"cwhea","CHL","jpork",0.0862395704701699
"cwhea","CHL","jpoul",0.145329462097323
"cwhea","CHL","jmilk",0.0101388015635331
"cwhea","CHM","jbeef",0.0741239123358075
"cwhea","CHM","jpork",0.0147659599505047
"cwhea","CHM","jeggs",0.0271111471001351
"cwhea","CHM","jmilk",0.0292302659694363
"cwhea","CHP","jbeef",0.133066214546972
"cwhea","CHP","jpork",0.334518917850768
"cwhea","CHP","jlamb",0.249273752706754
"cwhea","CHP","jpoul",0.13344346680035
"cwhea","CHP","jeggs",0.321076277923064
"cwhea","CHP","jmilk",0.01906335240005
"cwhea","CRB","jbeef",0.00977623164445057
"cwhea","CRB","jpork",0.00977623164445057
"cwhea","CRB","jpoul",0.00977623164445057
"cwhea","CRI","jbeef",0.144428025234501
"cwhea","CRI","jpork",0.195957735898706
"cwhea","CRI","jpoul",0.330224654375092
"cwhea","CRI","jmilk",0.0230378767923412
"cwhea","CUB","jbeef",0.144428025234501
"cwhea","CUB","jpork",0.195957735898706
"cwhea","CUB","jpoul",0.330224654375092
"cwhea","CUB","jmilk",0.0230378767923412
"cwhea","CYP","jlamb",0.0408668966226143
"cwhea","CYP","jpoul",0.0588807226015669
"cwhea","CYP","jeggs",0.0411163033643889
"cwhea","CYP","jmilk",0.00173202616391059
"cwhea","CZE","jbeef",0.891833584073761
"cwhea","CZE","jpork",0.909849622481232
"cwhea","CZE","jlamb",1.07866069601731
"cwhea","CZE","jpoul",1.73639916051962
"cwhea","CZE","jeggs",1.395523015321
"cwhea","CZE","jmilk",0.0403405063900436
"cwhea","DEU","jbeef",0.418524035768357
"cwhea","DEU","jpork",1.05213940305145
"cwhea","DEU","jlamb",0.784023633265127
"cwhea","DEU","jpoul",0.419710581399973
"cwhea","DEU","jeggs",1.00985918990285
"cwhea","DEU","jmilk",0.0599586544857104
"cwhea","DNK","jbeef",0.499579148508333
"cwhea","DNK","jpork",1.25590614198184
"cwhea","DNK","jlamb",0.935864671184115
"cwhea","DNK","jpoul",0.50099549119274
"cwhea","DNK","jeggs",1.20543756412645
"cwhea","DNK","jmilk",0.0715707844561057
"cwhea","DOM","jbeef",0.144428025234501
"cwhea","DOM","jpork",0.195957735898706
"cwhea","DOM","jpoul",0.330224654375092
"cwhea","DOM","jmilk",0.0230378767923412
"cwhea","DZA","jlamb",0.00743307629976481
"cwhea","DZA","jpoul",0.0107095213939133
"cwhea","DZA","jeggs",0.00747843964992095
"cwhea","DZA","jmilk",0.000315029613049017
"cwhea","ECU","jbeef",0.000778253901141804
"cwhea","ECU","jpork",0.00105592299122327
"cwhea","ECU","jpoul",0.00177942352326249
"cwhea","ECU","jmilk",0.000124140155337254
"cwhea","EGY","jeggs",1.70928312245003
"cwhea","EGY","jmilk",0.280828363924884
"cwhea","FJI","jbeef",0.00977623164445057
"cwhea","FJI","jpork",0.00977623164445057
"cwhea","FJI","jpoul",0.00977623164445057
"cwhea","FNP","jbeef",0.499579148508333
"cwhea","FNP","jpork",1.25590614198184
"cwhea","FNP","jlamb",0.935864671184115
"cwhea","FNP","jpoul",0.50099549119274
"cwhea","FNP","jeggs",1.20543756412645
"cwhea","FNP","jmilk",0.0715707844561057
"cwhea","FRP","jbeef",0.667754994024315
"cwhea","FRP","jpork",1.67868815349526
"cwhea","FRP","jlamb",1.25090951009476
"cwhea","FRP","jpoul",0.669648127281751
"cwhea","FRP","jeggs",1.61123008402845
"cwhea","FRP","jmilk",0.0956640181831073
"cwhea","GEO","jbeef",0.399327470110962
"cwhea","GEO","jpork",0.744841267468679
"cwhea","GEO","jlamb",0.675006601573604
"cwhea","GEO","jpoul",1.31369895202572
"cwhea","GEO","jeggs",0.943040627536986
"cwhea","GEO","jmilk",0.0234918352069163
"cwhea","GRC","jbeef",0.426201311290488
"cwhea","GRC","jpork",0.434811055676262
"cwhea","GRC","jlamb",0.515484739854856
"cwhea","GRC","jpoul",0.829813557543662
"cwhea","GRC","jeggs",0.666911125222523
"cwhea","GRC","jmilk",0.019278458479914
"cwhea","GSA","jbeef",0.0181230970635286
"cwhea","GSA","jpork",0.0245891409390621
"cwhea","GSA","jpoul",0.0414372034395189
"cwhea","GSA","jmilk",0.00289083560179758
"cwhea","GTM","jbeef",0.144428025234501
"cwhea","GTM","jpork",0.195957735898706
"cwhea","GTM","jpoul",0.330224654375092
"cwhea","GTM","jmilk",0.0230378767923412
"cwhea","HND","jbeef",0.144428025234501
"cwhea","HND","jpork",0.195957735898706
"cwhea","HND","jpoul",0.330224654375092
"cwhea","HND","jmilk",0.0230378767923412
"cwhea","HRV","jbeef",0.426201311290488
"cwhea","HRV","jpork",0.434811055676262
"cwhea","HRV","jlamb",0.515484739854856
"cwhea","HRV","jpoul",0.829813557543662
"cwhea","HRV","jeggs",0.666911125222523
"cwhea","HRV","jmilk",0.019278458479914
"cwhea","HTI","jbeef",0.144428025234501
"cwhea","HTI","jpork",0.195957735898706
"cwhea","HTI","jpoul",0.330224654375092
"cwhea","HTI","jmilk",0.0230378767923412
"cwhea","HUN","jbeef",0.891833584073761
"cwhea","HUN","jpork",0.909849622481232
"cwhea","HUN","jlamb",1.07866069601731
"cwhea","HUN","jpoul",1.73639916051962
"cwhea","HUN","jeggs",1.395523015321
"cwhea","HUN","jmilk",0.0403405063900436
"cwhea","IND","jeggs",0.127353755439559
"cwhea","IND","jmilk",0.00792632229427023
"cwhea","IRL","jbeef",0.658908613922788
"cwhea","IRL","jpork",1.65644898851612
"cwhea","IRL","jlamb",1.23433753220176
"cwhea","IRL","jpoul",0.66077666705873
"cwhea","IRL","jeggs",1.58988459970877
"cwhea","IRL","jmilk",0.0943966667226757
"cwhea","IRN","jlamb",0.940208560466747
"cwhea","IRN","jpoul",1.35464554472254
"cwhea","IRN","jeggs",0.945946562934123
"cwhea","IRN","jmilk",0.0398480423238201
"cwhea","IRQ","jlamb",6.12396328178343
"cwhea","IRQ","jpoul",8.82336103342227
"cwhea","IRQ","jeggs",6.16133724102876
"cwhea","IRQ","jmilk",0.259546613701202
"cwhea","ISL","jbeef",0.499579148508333
"cwhea","ISL","jpork",1.25590614198184
"cwhea","ISL","jlamb",0.935864671184115
"cwhea","ISL","jpoul",0.50099549119274
"cwhea","ISL","jeggs",1.20543756412645
"cwhea","ISL","jmilk",0.0715707844561057
"cwhea","ISR","jbeef",0.0183045471513551
"cwhea","ISR","jpork",0.431104844581788
"cwhea","ISR","jlamb",0.00999009652891504
"cwhea","ISR","jpoul",0.564501333752274
"cwhea","ISR","jeggs",0.959130439933943
"cwhea","ISR","jmilk",0.00413983106305591
"cwhea","ITP","jbeef",0.138146022417406
"cwhea","ITP","jpork",0.347289190436432
"cwhea","ITP","jlamb",0.258789787826588
"cwhea","ITP","jpoul",0.138537676290101
"cwhea","ITP","jeggs",0.333333377211234
"cwhea","ITP","jmilk",0.0197910966128715
"cwhea","JAM","jbeef",0.00977623164445057
"cwhea","JAM","jpork",0.00977623164445057
"cwhea","JAM","jpoul",0.00977623164445057
"cwhea","JPN","jbeef",0.222228248375996
"cwhea","JPN","jpork",0.080070522300249
"cwhea","JPN","jpoul",0.0872516438378476
"cwhea","JPN","jeggs",0.0509493453000441
"cwhea","KAZ","jbeef",0.427731300345878
"cwhea","KAZ","jpork",0.797822103966004
"cwhea","KAZ","jlamb",0.723017078344976
"cwhea","KAZ","jpoul",1.40714400103194
"cwhea","KAZ","jeggs",1.01011704493955
"cwhea","KAZ","jmilk",0.0251615531364088
"cwhea","KGZ","jbeef",0.211001645121697
"cwhea","KGZ","jpork",0.393568991362459
"cwhea","KGZ","jlamb",0.356667358359113
"cwhea","KGZ","jpoul",0.694150039758078
"cwhea","KGZ","jeggs",0.498294976484917
"cwhea","KGZ","jmilk",0.0124122997342166
"cwhea","KOR","jbeef",0.708338046635583
"cwhea","KOR","jpork",0.450758461299766
"cwhea","KOR","jpoul",0.510283969540944
"cwhea","KOR","jeggs",0.330490582214042
"cwhea","KOR","jmilk",0.00923110420771397
"cwhea","LBN","jlamb",0.0613979977362538
"cwhea","LBN","jpoul",0.0884617813381867
"cwhea","LBN","jeggs",0.0617727038145814
"cwhea","LBN","jmilk",0.00260217797972132
"cwhea","LBY","jlamb",1.60876918738789
"cwhea","LBY","jpoul",2.31790275457609
"cwhea","LBY","jeggs",1.61858735109625
"cwhea","LBY","jmilk",0.0681830663576025
"cwhea","MDA","jbeef",0.891833584073761
"cwhea","MDA","jpork",0.909849622481232
"cwhea","MDA","jlamb",1.07866069601731
"cwhea","MDA","jpoul",1.73639916051962
"cwhea","MDA","jeggs",1.395523015321
"cwhea","MDA","jmilk",0.0403405063900436
"cwhea","MEX","jbeef",0.00213511356354403
"cwhea","MEX","jpork",0.015287924179392
"cwhea","MEX","jpoul",0.0114684274754591
"cwhea","MEX","jeggs",0.0055713119548727
"cwhea","MEX","jmilk",0.000907139339830209
"cwhea","MNG","jbeef",0.0106160264672382
"cwhea","MNG","jlamb",0.0106160264672382
"cwhea","MNG","jpoul",0.00849282117379054
"cwhea","MOR","jlamb",0.0454376905084229
"cwhea","MOR","jpoul",0.065466288648936
"cwhea","MOR","jeggs",0.0457149923659169
"cwhea","MOR","jmilk",0.00192574614889428
"cwhea","MYS","jbeef",0.0425582635322342
"cwhea","MYS","jpork",0.205351194187787
"cwhea","MYS","jpoul",0.262089235026802
"cwhea","MYS","jeggs",0.242854717344974
"cwhea","MYS","jmilk",0.117338130503909
"cwhea","NGA","jeggs",0.0137279956068929
"cwhea","NGA","jmilk",0.0260612192175392
"cwhea","NIC","jbeef",0.144428025234501
"cwhea","NIC","jpork",0.195957735898706
"cwhea","NIC","jpoul",0.330224654375092
"cwhea","NIC","jmilk",0.0230378767923412
"cwhea","NLD","jbeef",0.195393442800212
"cwhea","NLD","jpork",0.491205098628473
"cwhea","NLD","jlamb",0.366031730194805
"cwhea","NLD","jpoul",0.195947397211876
"cwhea","NLD","jeggs",0.471466025831219
"cwhea","NLD","jmilk",0.0279924853159822
"cwhea","NOR","jbeef",0.499579148508333
"cwhea","NOR","jpork",1.25590614198184
"cwhea","NOR","jlamb",0.935864671184115
"cwhea","NOR","jpoul",0.50099549119274
"cwhea","NOR","jeggs",1.20543756412645
"cwhea","NOR","jmilk",0.0715707844561057
"cwhea","NPL","jeggs",0.0212506752034509
"cwhea","NPL","jmilk",0.00329810479157557
"cwhea","NZL","jbeef",0.0149228304590151
"cwhea","NZL","jpork",0.351459364307618
"cwhea","NZL","jlamb",0.00814445260718498
"cwhea","NZL","jpoul",0.460211204779762
"cwhea","NZL","jeggs",0.781933626921506
"cwhea","NZL","jmilk",0.00337500821911206
"cwhea","OAO","jbeef",0.00977623164445057
"cwhea","OAO","jpork",0.00977623164445057
"cwhea","OAO","jpoul",0.00977623164445057
"cwhea","OBN","jbeef",0.426201311290488
"cwhea","OBN","jpork",0.434811055676262
"cwhea","OBN","jlamb",0.515484739854856
"cwhea","OBN","jpoul",0.829813557543662
"cwhea","OBN","jeggs",0.666911125222523
"cwhea","OBN","jmilk",0.019278458479914
"cwhea","OIO","jbeef",0.00977623164445057
"cwhea","OIO","jpork",0.00977623164445057
"cwhea","OIO","jpoul",0.00977623164445057
"cwhea","OPO","jbeef",0.00977623164445057
"cwhea","OPO","jpork",0.00977623164445057
"cwhea","OPO","jpoul",0.00977623164445057
"cwhea","PAK","jlamb",0.100981546984532
"cwhea","PAK","jpoul",0.264563003716435
"cwhea","PAK","jeggs",0.239241934868707
"cwhea","PAK","jmilk",0.00591401565316264
"cwhea","PAN","jbeef",0.144428025234501
"cwhea","PAN","jpork",0.195957735898706
"cwhea","PAN","jpoul",0.330224654375092
"cwhea","PAN","jmilk",0.0230378767923412
"cwhea","POL","jbeef",0.825687515135747
"cwhea","POL","jpork",0.842367328781366
"cwhea","POL","jlamb",0.998657917434363
"cwhea","POL","jpoul",1.6076128256846
"cwhea","POL","jeggs",1.29201899481265
"cwhea","POL","jmilk",0.037348506577162
"cwhea","PRK","jpoul",0.767261221922066
"cwhea","PRT","jbeef",0.29940282834836
"cwhea","PRT","jpork",0.752677232771192
"cwhea","PRT","jlamb",0.560873147609278
"cwhea","PRT","jpoul",0.300251656821062
"cwhea","PRT","jeggs",0.722430904441153
"cwhea","PRT","jmilk",0.0428930938315802
"cwhea","PRY","jbeef",0.121913057361857
"cwhea","PRY","jpork",0.165409771810768
"cwhea","PRY","jpoul",0.27874574318775
"cwhea","PRY","jmilk",0.019446488936755
"cwhea","RAP","jlamb",0.107356089193324
"cwhea","RAP","jpoul",0.154677859827586
"cwhea","RAP","jeggs",0.108011273086112
"cwhea","RAP","jmilk",0.00454997982976425
"cwhea","ROU","jbeef",0.891833584073761
"cwhea","ROU","jpork",0.909849622481232
"cwhea","ROU","jlamb",1.07866069601731
"cwhea","ROU","jpoul",1.73639916051962
"cwhea","ROU","jeggs",1.395523015321
"cwhea","ROU","jmilk",0.0403405063900436
"cwhea","RUS","jbeef",0.940897112814664
"cwhea","RUS","jpork",1.75499821705669
"cwhea","RUS","jlamb",1.59045347512647
"cwhea","RUS","jpoul",3.09534315464245
"cwhea","RUS","jeggs",2.22199640678344
"cwhea","RUS","jmilk",0.0553515637548388
"cwhea","SAU","jlamb",0.107356089193324
"cwhea","SAU","jpoul",0.154677859827586
"cwhea","SAU","jeggs",0.108011273086112
"cwhea","SAU","jmilk",0.00454997982976425
"cwhea","SLB","jbeef",0.00977623164445057
"cwhea","SLB","jpork",0.00977623164445057
"cwhea","SLB","jpoul",0.00977623164445057
"cwhea","SLV","jbeef",0.144428025234501
"cwhea","SLV","jpork",0.195957735898706
"cwhea","SLV","jpoul",0.330224654375092
"cwhea","SLV","jmilk",0.0230378767923412
"cwhea","SPP","jbeef",0.29940282834836
"cwhea","SPP","jpork",0.752677232771192
"cwhea","SPP","jlamb",0.560873147609278
"cwhea","SPP","jpoul",0.300251656821062
"cwhea","SPP","jeggs",0.722430904441153
"cwhea","SPP","jmilk",0.0428930938315802
"cwhea","SVK","jbeef",0.891833584073761
"cwhea","SVK","jpork",0.909849622481232
"cwhea","SVK","jlamb",1.07866069601731
"cwhea","SVK","jpoul",1.73639916051962
"cwhea","SVK","jeggs",1.395523015321
"cwhea","SVK","jmilk",0.0403405063900436
"cwhea","SVN","jbeef",0.426201311290488
"cwhea","SVN","jpork",0.434811055676262
"cwhea","SVN","jlamb",0.515484739854856
"cwhea","SVN","jpoul",0.829813557543662
"cwhea","SVN","jeggs",0.666911125222523
"cwhea","SVN","jmilk",0.019278458479914
"cwhea","SWE","jbeef",0.499579148508333
"cwhea","SWE","jpork",1.25590614198184
"cwhea","SWE","jlamb",0.935864671184115
"cwhea","SWE","jpoul",0.50099549119274
"cwhea","SWE","jeggs",1.20543756412645
"cwhea","SWE","jmilk",0.0715707844561057
"cwhea","SYR","jlamb",0.318377871504138
"cwhea","SYR","jpoul",0.458716484092871
"cwhea","SYR","jeggs",0.320320901049989
"cwhea","SYR","jmilk",0.0134935326395737
"cwhea","TKM","jbeef",1.67755283652673
"cwhea","TKM","jpork",3.12904090130797
"cwhea","TKM","jlamb",2.83565722137728
"cwhea","TKM","jpoul",5.51878809996807
"cwhea","TKM","jeggs",3.9616570323287
"cwhea","TKM","jmilk",0.0986830629445831
"cwhea","TUN","jlamb",0.0740513002067301
"cwhea","TUN","jpoul",0.106692566015523
"cwhea","TUN","jeggs",0.0745032281737417
"cwhea","TUN","jmilk",0.00313845190189167
"cwhea","TUR","jlamb",0.258991235164398
"cwhea","TUR","jpoul",0.669843904036072
"cwhea","TUR","jeggs",0.521148093534192
"cwhea","TUR","jmilk",0.0219529087504594
"cwhea","UKP","jbeef",0.658908613922788
"cwhea","UKP","jpork",1.65644898851612
"cwhea","UKP","jlamb",1.23433753220176
"cwhea","UKP","jpoul",0.66077666705873
"cwhea","UKP","jeggs",1.58988459970877
"cwhea","UKP","jmilk",0.0943966667226757
"cwhea","UKR","jbeef",0.96875120274859
"cwhea","UKR","jpork",1.80695275863833
"cwhea","UKR","jlamb",1.63753687407471
"cwhea","UKR","jpoul",3.18697694268528
"cwhea","UKR","jeggs",2.28777584951364
"cwhea","UKR","jmilk",0.0569901780239362
"cwhea","URY","jbeef",0.0311095748304187
"cwhea","URY","jpork",0.0422089953708235
"cwhea","URY","jpoul",0.0711298834104465
"cwhea","URY","jmilk",0.00496232328069042
"cwhea","USA","jbeef",0.0644504962640477
"cwhea","USA","jpork",0.179654431101761
"cwhea","USA","jpoul",0.168467742235031
"cwhea","USA","jeggs",0.241056080637384
"cwhea","USA","jmilk",0.0108833210330558
"cwhea","UZB","jbeef",0.24621793583881
"cwhea","UZB","jpork",0.459255872661737
"cwhea","UZB","jlamb",0.41619533679755
"cwhea","UZB","jpoul",0.810004063490057
"cwhea","UZB","jeggs",0.581460682347773
"cwhea","UZB","jmilk",0.0144839193922339
"cwhea","VEN","jbeef",0.0181230970635286
"cwhea","VEN","jpork",0.0245891409390621
"cwhea","VEN","jpoul",0.0414372034395189
"cwhea","VEN","jmilk",0.00289083560179758
"cwhea","VUT","jbeef",0.00977623164445057
"cwhea","VUT","jpork",0.00977623164445057
"cwhea","VUT","jpoul",0.00977623164445057
"cwhea","YEM","jlamb",0.107356089193324
"cwhea","YEM","jpoul",0.154677859827586
"cwhea","YEM","jeggs",0.108011273086112
"cwhea","YEM","jmilk",0.00454997982976425
"cwhea","ZAF","jbeef",0.00138226090531527
"cwhea","ZAF","jpork",0.0325547181162199
"cwhea","ZAF","jlamb",0.000754398333816348
"cwhea","ZAF","jpoul",0.0426281031807079
"cwhea","ZAF","jeggs",0.0724283698064817
"cwhea","ZAF","jmilk",0.000312617765725405
"cocer","AFG","jbeef",0.00442595622740515
"cocer","AFG","jpork",0.00442595622740515
"cocer","AFG","jlamb",0.00442595622740515
"cocer","AFG","jpoul",0.00442595622740515
"cocer","AFG","jeggs",0.00442595622740515
"cocer","AFG","jmilk",0.00442595622740515
"cocer","ALB","jbeef",0.670256795471464
"cocer","ALB","jpork",0.386601934596558
"cocer","ALB","jlamb",0.692869973001185
"cocer","ALB","jpoul",0.464801393475774
"cocer","ALB","jeggs",0.447496640596012
"cocer","ALB","jmilk",0.0282417677765869
"cocer","ARG","jbeef",0.0317264070676945
"cocer","ARG","jpork",0.177570125955962
"cocer","ARG","jlamb",0.0925562772400638
"cocer","ARG","jpoul",0.111966397339092
"cocer","ARG","jeggs",0.0367781268382075
"cocer","ARG","jmilk",0.0187439224619628
"cocer","ARM","jbeef",0.376143686944244
"cocer","ARM","jpork",0.565488314149283
"cocer","ARM","jlamb",0.354764719585652
"cocer","ARM","jpoul",0.305551681697642
"cocer","ARM","jeggs",0.296539612997699
"cocer","ARM","jmilk",0.0262269436069586
"cocer","AUS","jbeef",0.245415972284657
"cocer","AUS","jpork",2.26306906290215
"cocer","AUS","jlamb",0.399344080291774
"cocer","AUS","jpoul",0.695449620065865
"cocer","AUS","jeggs",2.42345077776221
"cocer","AUS","jmilk",0.0372711770031348
"cocer","AUT","jbeef",0.461580316666717
"cocer","AUT","jpork",0.560041556757823
"cocer","AUT","jlamb",0.714229342159279
"cocer","AUT","jpoul",0.71978154946793
"cocer","AUT","jeggs",0.967601884751552
"cocer","AUT","jmilk",0.0516921510478307
"cocer","AZE","jbeef",0.376143686944244
"cocer","AZE","jpork",0.565488314149283
"cocer","AZE","jlamb",0.354764719585652
"cocer","AZE","jpoul",0.305551681697642
"cocer","AZE","jeggs",0.296539612997699
"cocer","AZE","jmilk",0.0262269436069586
"cocer","BGD","jpoul",0.00179460815008074
"cocer","BGD","jeggs",0.00126094835808305
"cocer","BGD","jmilk",0.000283359181591696
"cocer","BGR","jbeef",1.16428921718705
"cocer","BGR","jpork",0.671558224900669
"cocer","BGR","jlamb",1.20357010018902
"cocer","BGR","jpoul",0.807396887601418
"cocer","BGR","jeggs",0.777337159270247
"cocer","BGR","jmilk",0.0490581907095052
"cocer","BLR","jbeef",1.94768989434838
"cocer","BLR","jpork",2.92812537620477
"cocer","BLR","jlamb",1.83698858492536
"cocer","BLR","jpoul",1.58216113495975
"cocer","BLR","jeggs",1.53549621476224
"cocer","BLR","jmilk",0.13580436092894
"cocer","BLT","jbeef",1.94768989434838
"cocer","BLT","jpork",2.92812537620477
"cocer","BLT","jlamb",1.83698858492536
"cocer","BLT","jpoul",1.58216113495975
"cocer","BLT","jeggs",1.53549621476224
"cocer","BLT","jmilk",0.13580436092894
"cocer","BLX","jbeef",0.175280972686372
"cocer","BLX","jpork",0.21267074281285
"cocer","BLX","jlamb",0.271222167181838
"cocer","BLX","jpoul",0.27333056795734
"cocer","BLX","jeggs",0.367438110786859
"cocer","BLX","jmilk",0.0196296293164009
"cocer","BLZ","jbeef",0.00160055032992351
"cocer","BLZ","jpork",0.00173048148806192
"cocer","BLZ","jlamb",4.3666640690463E-5
"cocer","BLZ","jpoul",0.00169017381973226
"cocer","BLZ","jeggs",0.00315636525522357
"cocer","BLZ","jmilk",0.000517129063002092
"cocer","BOL","jbeef",0.0300318182780714
"cocer","BOL","jpork",0.0324697728096595
"cocer","BOL","jlamb",0.000819336070545494
"cocer","BOL","jpoul",0.0317134625906945
"cocer","BOL","jeggs",0.0592242468055489
"cocer","BOL","jmilk",0.0097031163319496
"cocer","BRA","jbeef",0.00958585395292462
"cocer","BRA","jpork",0.0124116388969728
"cocer","BRA","jpoul",0.00932458299310688
"cocer","BRA","jeggs",0.00469780405419857
"cocer","BRA","jmilk",0.00165133393049853
"cocer","BTN","jbeef",1.23005302446063E-5
"cocer","BTN","jpork",1.23005302446063E-5
"cocer","BTN","jlamb",1.23005302446063E-5
"cocer","BTN","jpoul",1.23005302446063E-5
"cocer","BTN","jeggs",1.23005302446063E-5
"cocer","BTN","jmilk",1.23005302446063E-5
"cocer","BWA","jpork",0.0197192722306852
"cocer","BWA","jpoul",0.00731444848345007
"cocer","BWA","jeggs",0.00822559085509091
"cocer","BWA","jmilk",0.000639065135664755
"cocer","CAN","jbeef",2.12776567904971
"cocer","CAN","jpork",3.05597888566109
"cocer","CAN","jlamb",0.60548943596726
"cocer","CAN","jpoul",1.48257876392047
"cocer","CAN","jeggs",1.75823893711994
"cocer","CAN","jmilk",0.193905862278453
"cocer","CHL","jbeef",0.0947895432470974
"cocer","CHL","jpork",0.102484468488276
"cocer","CHL","jlamb",0.00258607358281693
"cocer","CHL","jpoul",0.100097323642599
"cocer","CHL","jeggs",0.186929717404106
"cocer","CHL","jmilk",0.0306259833041991
"cocer","CHM","jpork",0.00686960130376172
"cocer","CHM","jpoul",0.0209893548908632
"cocer","CHM","jeggs",0.0226919924632855
"cocer","CHM","jmilk",0.00043632138175755
"cocer","CHP","jbeef",0.461580316666717
"cocer","CHP","jpork",0.560041556757823
"cocer","CHP","jlamb",0.714229342159279
"cocer","CHP","jpoul",0.71978154946793
"cocer","CHP","jeggs",0.967601884751552
"cocer","CHP","jmilk",0.0516921510478307
"cocer","COL","jbeef",0.00123965750342788
"cocer","COL","jpork",0.00229387401311216
"cocer","COL","jlamb",0.001366047454471
"cocer","COL","jpoul",0.00385116396727629
"cocer","COL","jeggs",0.00166233865117865
"cocer","COL","jmilk",0.000750051840616569
"cocer","CRB","jbeef",0.0528278917738196
"cocer","CRB","jpork",0.113406037202618
"cocer","CRB","jlamb",0.00371291221610606
"cocer","CRB","jpoul",0.117984094012768
"cocer","CRB","jeggs",0.0421577751139421
"cocer","CRB","jmilk",0.0227280694393676
"cocer","CRI","jbeef",0.00160055032992351
"cocer","CRI","jpork",0.00173048148806192
"cocer","CRI","jlamb",4.3666640690463E-5
"cocer","CRI","jpoul",0.00169017381973226
"cocer","CRI","jeggs",0.00315636525522357
"cocer","CRI","jmilk",0.000517129063002092
"cocer","CUB","jbeef",0.00160055032992351
"cocer","CUB","jpork",0.00173048148806192
"cocer","CUB","jlamb",4.3666640690463E-5
"cocer","CUB","jpoul",0.00169017381973226
"cocer","CUB","jeggs",0.00315636525522357
"cocer","CUB","jmilk",0.000517129063002092
"cocer","CYP","jbeef",0.441272961262627
"cocer","CYP","jpork",2.87008026245592
"cocer","CYP","jlamb",1.69889568116675
"cocer","CYP","jpoul",1.36954340638855
"cocer","CYP","jeggs",3.45933155884742
"cocer","CYP","jmilk",0.312951995096547
"cocer","CZE","jbeef",1.16428921718705
"cocer","CZE","jpork",0.671558224900669
"cocer","CZE","jlamb",1.20357010018902
"cocer","CZE","jpoul",0.807396887601418
"cocer","CZE","jeggs",0.777337159270247
"cocer","CZE","jmilk",0.0490581907095052
"cocer","DEU","jbeef",0.731175814639212
"cocer","DEU","jpork",0.887145371473637
"cocer","DEU","jlamb",1.131389711034
"cocer","DEU","jpoul",1.14018479946252
"cocer","DEU","jeggs",1.53274970960361
"cocer","DEU","jmilk",0.0818840173380734
"cocer","DNK","jbeef",1.29051761423337
"cocer","DNK","jpork",1.565802239831
"cocer","DNK","jlamb",1.99689092748813
"cocer","DNK","jpoul",2.01241416596032
"cocer","DNK","jeggs",2.70528709901404
"cocer","DNK","jmilk",0.144524428438757
"cocer","DOM","jbeef",0.00160055032992351
"cocer","DOM","jpork",0.00173048148806192
"cocer","DOM","jlamb",4.3666640690463E-5
"cocer","DOM","jpoul",0.00169017381973226
"cocer","DOM","jeggs",0.00315636525522357
"cocer","DOM","jmilk",0.000517129063002092
"cocer","DZA","jbeef",0.140745085536144
"cocer","DZA","jpork",0.915419088627419
"cocer","DZA","jlamb",0.541866914479928
"cocer","DZA","jpoul",0.436819204435456
"cocer","DZA","jeggs",1.10336222449417
"cocer","DZA","jmilk",0.099816800903774
"cocer","ECU","jbeef",0.00108364634256121
"cocer","ECU","jpork",0.00117161572513486
"cocer","ECU","jlamb",2.95643283385011E-5
"cocer","ECU","jpoul",0.00114432557589932
"cocer","ECU","jeggs",0.00213700475434207
"cocer","ECU","jmilk",0.000350120210078682
"cocer","EGY","jbeef",0.045271710383125
"cocer","EGY","jlamb",0.00920235556040298
"cocer","EGY","jpoul",0.0973214175406345
"cocer","EGY","jeggs",0.0114914606457278
"cocer","EGY","jmilk",0.00344514143276318
"cocer","FJI","jbeef",0.0528278917738196
"cocer","FJI","jpork",0.113406037202618
"cocer","FJI","jlamb",0.00371291221610606
"cocer","FJI","jpoul",0.117984094012768
"cocer","FJI","jeggs",0.0421577751139421
"cocer","FJI","jmilk",0.0227280694393676
"cocer","FNP","jbeef",1.29051761423337
"cocer","FNP","jpork",1.565802239831
"cocer","FNP","jlamb",1.99689092748813
"cocer","FNP","jpoul",2.01241416596032
"cocer","FNP","jeggs",2.70528709901404
"cocer","FNP","jmilk",0.144524428438757
"cocer","FRP","jbeef",0.28520718607745
"cocer","FRP","jpork",0.346045684189485
"cocer","FRP","jlamb",0.441317217255344
"cocer","FRP","jpoul",0.444747886557828
"cocer","FRP","jeggs",0.597874304489653
"cocer","FRP","jmilk",0.0319402115088184
"cocer","GEO","jbeef",0.376143686944244
"cocer","GEO","jpork",0.565488314149283
"cocer","GEO","jlamb",0.354764719585652
"cocer","GEO","jpoul",0.305551681697642
"cocer","GEO","jeggs",0.296539612997699
"cocer","GEO","jmilk",0.0262269436069586
"cocer","GHA","jbeef",5.40589344622695E-6
"cocer","GHA","jpork",0.000457158389102592
"cocer","GHA","jpoul",0.000948644201588726
"cocer","GHA","jeggs",0.000719794712365118
"cocer","GHA","jmilk",1.17127691334917E-5
"cocer","GRC","jbeef",0.670256795471464
"cocer","GRC","jpork",0.386601934596558
"cocer","GRC","jlamb",0.692869973001185
"cocer","GRC","jpoul",0.464801393475774
"cocer","GRC","jeggs",0.447496640596012
"cocer","GRC","jmilk",0.0282417677765869
"cocer","GSA","jbeef",7.44330524660097E-6
"cocer","GSA","jpork",8.04754570876423E-6
"cocer","GSA","jlamb",2.03070237577781E-7
"cocer","GSA","jpoul",7.86009625869243E-6
"cocer","GSA","jeggs",1.46785700050541E-5
"cocer","GSA","jmilk",2.40489124012568E-6
"cocer","GTM","jbeef",0.00160055032992351
"cocer","GTM","jpork",0.00173048148806192
"cocer","GTM","jlamb",4.3666640690463E-5
"cocer","GTM","jpoul",0.00169017381973226
"cocer","GTM","jeggs",0.00315636525522357
"cocer","GTM","jmilk",0.000517129063002092
"cocer","HND","jbeef",0.00160055032992351
"cocer","HND","jpork",0.00173048148806192
"cocer","HND","jlamb",4.3666640690463E-5
"cocer","HND","jpoul",0.00169017381973226
"cocer","HND","jeggs",0.00315636525522357
"cocer","HND","jmilk",0.000517129063002092
"cocer","HRV","jbeef",0.670256795471464
"cocer","HRV","jpork",0.386601934596558
"cocer","HRV","jlamb",0.692869973001185
"cocer","HRV","jpoul",0.464801393475774
"cocer","HRV","jeggs",0.447496640596012
"cocer","HRV","jmilk",0.0282417677765869
"cocer","HTI","jbeef",0.00160055032992351
"cocer","HTI","jpork",0.00173048148806192
"cocer","HTI","jlamb",4.3666640690463E-5
"cocer","HTI","jpoul",0.00169017381973226
"cocer","HTI","jeggs",0.00315636525522357
"cocer","HTI","jmilk",0.000517129063002092
"cocer","HUN","jbeef",1.16428921718705
"cocer","HUN","jpork",0.671558224900669
"cocer","HUN","jlamb",1.20357010018902
"cocer","HUN","jpoul",0.807396887601418
"cocer","HUN","jeggs",0.777337159270247
"cocer","HUN","jmilk",0.0490581907095052
"cocer","IDN","jpoul",0.00484365454102568
"cocer","IDN","jmilk",0.00538183837891743
"cocer","IND","jlamb",0.0340387929306498
"cocer","IND","jeggs",0.0161788254586362
"cocer","IND","jmilk",0.00100088609559319
"cocer","IRL","jbeef",0.470192899453178
"cocer","IRL","jpork",0.570491318364356
"cocer","IRL","jlamb",0.727556078841398
"cocer","IRL","jpoul",0.733211884252843
"cocer","IRL","jeggs",0.985656275365387
"cocer","IRL","jmilk",0.0526566699283686
"cocer","IRN","jbeef",0.195768273203163
"cocer","IRN","jpork",1.27329500390819
"cocer","IRN","jlamb",0.753705536144064
"cocer","IRN","jpoul",0.607590247492855
"cocer","IRN","jeggs",1.53471303515855
"cocer","IRN","jmilk",0.138839396595326
"cocer","IRQ","jbeef",1.3401149107949
"cocer","IRQ","jpork",1.3401149107949
"cocer","IRQ","jlamb",1.3401149107949
"cocer","IRQ","jpoul",1.3401149107949
"cocer","IRQ","jeggs",1.3401149107949
"cocer","IRQ","jmilk",1.3401149107949
"cocer","ISL","jbeef",1.29051761423337
"cocer","ISL","jpork",1.565802239831
"cocer","ISL","jlamb",1.99689092748813
"cocer","ISL","jpoul",2.01241416596032
"cocer","ISL","jeggs",2.70528709901404
"cocer","ISL","jmilk",0.144524428438757
"cocer","ISR","jbeef",0.824827877246412
"cocer","ISR","jpork",1.18464951380146
"cocer","ISR","jlamb",0.234717840917075
"cocer","ISR","jpoul",0.574721317641178
"cocer","ISR","jeggs",0.681580920528959
"cocer","ISR","jmilk",0.0751675630185942
"cocer","ITP","jbeef",0.258668211215634
"cocer","ITP","jpork",0.313845591898505
"cocer","ITP","jlamb",0.400251959763391
"cocer","ITP","jpoul",0.403363399920109
"cocer","ITP","jeggs",0.542241165102108
"cocer","ITP","jmilk",0.0289681248585072
"cocer","JAM","jbeef",0.0528278917738196
"cocer","JAM","jpork",0.113406037202618
"cocer","JAM","jlamb",0.00371291221610606
"cocer","JAM","jpoul",0.117984094012768
"cocer","JAM","jeggs",0.0421577751139421
"cocer","JAM","jmilk",0.0227280694393676
"cocer","JOR","jbeef",0.540553207088849
"cocer","JOR","jpork",3.51580818827828
"cocer","JOR","jlamb",2.08112345323946
"cocer","JOR","jpoul",1.67767152207206
"cocer","JOR","jeggs",4.23763278667265
"cocer","JOR","jmilk",0.383361817887616
"cocer","JPN","jbeef",0.448943148197284
"cocer","JPN","jpork",0.363967725009901
"cocer","JPN","jpoul",0.264405531469184
"cocer","JPN","jeggs",0.274654769523901
"cocer","JPN","jmilk",0.015361024146282
"cocer","KAZ","jbeef",0.316132532736323
"cocer","KAZ","jpork",0.475269405415654
"cocer","KAZ","jlamb",0.298164965948867
"cocer","KAZ","jpoul",0.256803653803056
"cocer","KAZ","jeggs",0.249227396304965
"cocer","KAZ","jmilk",0.0220416338680568
"cocer","KEN","jbeef",2.59152700237531E-5
"cocer","KEN","jpork",0.0971126153008852
"cocer","KEN","jpoul",0.0276127202103089
"cocer","KEN","jeggs",0.0199498988051604
"cocer","KEN","jmilk",0.00147393098260096
"cocer","KGZ","jbeef",0.526193669719941
"cocer","KGZ","jpork",0.791072498539291
"cocer","KGZ","jlamb",0.496287162401646
"cocer","KGZ","jpoul",0.427442426828073
"cocer","KGZ","jeggs",0.41483196025838
"cocer","KGZ","jmilk",0.0366876768780068
"cocer","KOR","jbeef",0.0236471752858454
"cocer","KOR","jpork",0.190113337581143
"cocer","KOR","jpoul",0.194171031737156
"cocer","KOR","jeggs",0.00907501817082041
"cocer","LBN","jbeef",0.0994940332128405
"cocer","LBN","jpork",0.647118418810972
"cocer","LBN","jlamb",0.383050850982362
"cocer","LBN","jpoul",0.308791630404366
"cocer","LBN","jeggs",0.77997720056396
"cocer","LBN","jmilk",0.0705614413923476
"cocer","LBY","jbeef",0.178148238851549
"cocer","LBY","jpork",1.15869266645324
"cocer","LBY","jlamb",0.685868612312803
"cocer","LBY","jpoul",0.552904363731599
"cocer","LBY","jeggs",1.39658188675075
"cocer","LBY","jmilk",0.126343219879151
"cocer","MDA","jbeef",1.16428921718705
"cocer","MDA","jpork",0.671558224900669
"cocer","MDA","jlamb",1.20357010018902
"cocer","MDA","jpoul",0.807396887601418
"cocer","MDA","jeggs",0.777337159270247
"cocer","MDA","jmilk",0.0490581907095052
"cocer","MEX","jbeef",0.0138771096558598
"cocer","MEX","jpork",0.0932564345315677
"cocer","MEX","jlamb",0.0220013903154995
"cocer","MEX","jpoul",0.0695622737056404
"cocer","MEX","jeggs",0.0847440056187853
"cocer","MEX","jmilk",0.0115958712336353
"cocer","MNG","jbeef",0.00104134144529201
"cocer","MNG","jpork",0.00490820918865075
"cocer","MNG","jpoul",0.00897322520212222
"cocer","MNG","jeggs",0.00668261419118385
"cocer","MNG","jmilk",0.00195256836128253
"cocer","MOR","jbeef",0.0494918321275166
"cocer","MOR","jpork",0.321899465889611
"cocer","MOR","jlamb",0.190542968265908
"cocer","MOR","jpoul",0.153603819654812
"cocer","MOR","jeggs",0.38798809764825
"cocer","MOR","jmilk",0.035099743163442
"cocer","MYS","jpork",0.00124012913337881
"cocer","MYS","jpoul",0.000695682196773481
"cocer","MYS","jeggs",0.000563351344126352
"cocer","MYS","jmilk",0.000134221293399231
"cocer","NAM","jpork",0.02130306755286
"cocer","NAM","jpoul",0.00790192398238606
"cocer","NAM","jeggs",0.00888624669299471
"cocer","NAM","jmilk",0.000690393012301896
"cocer","NGA","jbeef",1.5023541242124E-6
"cocer","NGA","jpork",0.000582764815720587
"cocer","NGA","jpoul",0.000620257631281975
"cocer","NGA","jeggs",0.000401194588708631
"cocer","NGA","jmilk",0.000226112550386956
"cocer","NIC","jbeef",0.00160055032992351
"cocer","NIC","jpork",0.00173048148806192
"cocer","NIC","jlamb",4.3666640690463E-5
"cocer","NIC","jpoul",0.00169017381973226
"cocer","NIC","jeggs",0.00315636525522357
"cocer","NIC","jmilk",0.000517129063002092
"cocer","NLD","jbeef",0.0962265513211087
"cocer","NLD","jpork",0.11675295860205
"cocer","NLD","jlamb",0.148896787767396
"cocer","NLD","jpoul",0.150054267283398
"cocer","NLD","jeggs",0.201717857238431
"cocer","NLD","jmilk",0.0107763638224941
"cocer","NOR","jbeef",1.29051761423337
"cocer","NOR","jpork",1.565802239831
"cocer","NOR","jlamb",1.99689092748813
"cocer","NOR","jpoul",2.01241416596032
"cocer","NOR","jeggs",2.70528709901404
"cocer","NOR","jmilk",0.144524428438757
"cocer","NPL","jpoul",9.25889810832113E-5
"cocer","NPL","jeggs",3.24403894716564E-5
"cocer","NPL","jmilk",4.01613266971562E-6
"cocer","NZL","jbeef",0.134637800070297
"cocer","NZL","jpork",0.193371985589337
"cocer","NZL","jlamb",0.0383133191906947
"cocer","NZL","jpoul",0.0938125589535503
"cocer","NZL","jeggs",0.111255400358507
"cocer","NZL","jmilk",0.0122697057175791
"cocer","OAO","jbeef",0.0528278917738196
"cocer","OAO","jpork",0.113406037202618
"cocer","OAO","jlamb",0.00371291221610606
"cocer","OAO","jpoul",0.117984094012768
"cocer","OAO","jeggs",0.0421577751139421
"cocer","OAO","jmilk",0.0227280694393676
"cocer","OBN","jbeef",0.670256795471464
"cocer","OBN","jpork",0.386601934596558
"cocer","OBN","jlamb",0.692869973001185
"cocer","OBN","jpoul",0.464801393475774
"cocer","OBN","jeggs",0.447496640596012
"cocer","OBN","jmilk",0.0282417677765869
"cocer","OIO","jbeef",0.0528278917738196
"cocer","OIO","jpork",0.113406037202618
"cocer","OIO","jlamb",0.00371291221610606
"cocer","OIO","jpoul",0.117984094012768
"cocer","OIO","jeggs",0.0421577751139421
"cocer","OIO","jmilk",0.0227280694393676
"cocer","OPO","jbeef",0.0528278917738196
"cocer","OPO","jpork",0.113406037202618
"cocer","OPO","jlamb",0.00371291221610606
"cocer","OPO","jpoul",0.117984094012768
"cocer","OPO","jeggs",0.0421577751139421
"cocer","OPO","jmilk",0.0227280694393676
"cocer","OSA","jbeef",0.00407501217030329
"cocer","OSA","jpork",0.00407501217030329
"cocer","OSA","jlamb",0.00407501217030329
"cocer","OSA","jpoul",0.00407501217030329
"cocer","OSA","jeggs",0.00407501217030329
"cocer","OSA","jmilk",0.00407501217030329
"cocer","PAK","jbeef",0.00766024323882915
"cocer","PAK","jlamb",0.00762739229316556
"cocer","PAK","jpoul",0.0330540242367879
"cocer","PAK","jeggs",0.0407769829173385
"cocer","PAK","jmilk",0.000716747905387523
"cocer","PAN","jbeef",0.00160055032992351
"cocer","PAN","jpork",0.00173048148806192
"cocer","PAN","jlamb",4.3666640690463E-5
"cocer","PAN","jpoul",0.00169017381973226
"cocer","PAN","jeggs",0.00315636525522357
"cocer","PAN","jmilk",0.000517129063002092
"cocer","PER","jbeef",0.0137863732221143
"cocer","PER","jpork",0.014905537928021
"cocer","PER","jlamb",0.000376123508683077
"cocer","PER","jpoul",0.0145583469969289
"cocer","PER","jeggs",0.027187417115403
"cocer","PER","jmilk",0.00445430183185169
"cocer","PHL","jbeef",0.0193004143496724
"cocer","POL","jbeef",2.33607110513882
"cocer","POL","jpork",1.34743819787238
"cocer","POL","jlamb",2.41488565947004
"cocer","POL","jpoul",1.61998969986309
"cocer","POL","jeggs",1.55967679672342
"cocer","POL","jmilk",0.0984320906653665
"cocer","PRK","jbeef",0.0163599642639014
"cocer","PRK","jpork",0.0771102766427988
"cocer","PRK","jpoul",0.140973591613357
"cocer","PRK","jeggs",0.104987014443232
"cocer","PRK","jmilk",0.0306757680276992
"cocer","PRT","jbeef",0.929500580168144
"cocer","PRT","jpork",1.12777545559972
"cocer","PRT","jlamb",1.43826884279711
"cocer","PRT","jpoul",1.44944951868007
"cocer","PRT","jeggs",1.94849407735416
"cocer","PRT","jmilk",0.104094309601575
"cocer","PRY","jbeef",0.0300318182780714
"cocer","PRY","jpork",0.0324697728096595
"cocer","PRY","jlamb",0.000819336070545494
"cocer","PRY","jpoul",0.0317134625906945
"cocer","PRY","jeggs",0.0592242468055489
"cocer","PRY","jmilk",0.0097031163319496
"cocer","RAP","jbeef",0.903033192109261
"cocer","RAP","jpork",5.87341162621753
"cocer","RAP","jlamb",3.47666710789376
"cocer","RAP","jpoul",2.80267150397005
"cocer","RAP","jeggs",7.07927177593618
"cocer","RAP","jmilk",0.640433618004529
"cocer","ROU","jbeef",1.16428921718705
"cocer","ROU","jpork",0.671558224900669
"cocer","ROU","jlamb",1.20357010018902
"cocer","ROU","jpoul",0.807396887601418
"cocer","ROU","jeggs",0.777337159270247
"cocer","ROU","jmilk",0.0490581907095052
"cocer","RUS","jbeef",1.93465637883764
"cocer","RUS","jpork",2.90853100051955
"cocer","RUS","jlamb",1.82469585840655
"cocer","RUS","jpoul",1.57157365809661
"cocer","RUS","jeggs",1.52522100935615
"cocer","RUS","jmilk",0.13489558779738
"cocer","SAU","jbeef",0.903033192109261
"cocer","SAU","jpork",5.87341162621753
"cocer","SAU","jlamb",3.47666710789376
"cocer","SAU","jpoul",2.80267150397005
"cocer","SAU","jeggs",7.07927177593618
"cocer","SAU","jmilk",0.640433618004529
"cocer","SEN","jbeef",6.0356376032978E-8
"cocer","SEN","jpork",5.10413753318884E-6
"cocer","SEN","jpoul",1.05915380541871E-5
"cocer","SEN","jeggs",8.03645146879102E-6
"cocer","SEN","jmilk",1.30772148071452E-7
"cocer","SLB","jbeef",0.0528278917738196
"cocer","SLB","jpork",0.113406037202618
"cocer","SLB","jlamb",0.00371291221610606
"cocer","SLB","jpoul",0.117984094012768
"cocer","SLB","jeggs",0.0421577751139421
"cocer","SLB","jmilk",0.0227280694393676
"cocer","SLV","jbeef",0.00160055032992351
"cocer","SLV","jpork",0.00173048148806192
"cocer","SLV","jlamb",4.3666640690463E-5
"cocer","SLV","jpoul",0.00169017381973226
"cocer","SLV","jeggs",0.00315636525522357
"cocer","SLV","jmilk",0.000517129063002092
"cocer","SPP","jbeef",0.929500580168144
"cocer","SPP","jpork",1.12777545559972
"cocer","SPP","jlamb",1.43826884279711
"cocer","SPP","jpoul",1.44944951868007
"cocer","SPP","jeggs",1.94849407735416
"cocer","SPP","jmilk",0.104094309601575
"cocer","SVK","jbeef",1.16428921718705
"cocer","SVK","jpork",0.671558224900669
"cocer","SVK","jlamb",1.20357010018902
"cocer","SVK","jpoul",0.807396887601418
"cocer","SVK","jeggs",0.777337159270247
"cocer","SVK","jmilk",0.0490581907095052
"cocer","SVN","jbeef",0.670256795471464
"cocer","SVN","jpork",0.386601934596558
"cocer","SVN","jlamb",0.692869973001185
"cocer","SVN","jpoul",0.464801393475774
"cocer","SVN","jeggs",0.447496640596012
"cocer","SVN","jmilk",0.0282417677765869
"cocer","SWE","jbeef",1.29051761423337
"cocer","SWE","jpork",1.565802239831
"cocer","SWE","jlamb",1.99689092748813
"cocer","SWE","jpoul",2.01241416596032
"cocer","SWE","jeggs",2.70528709901404
"cocer","SWE","jmilk",0.144524428438757
"cocer","SWZ","jpork",0.0253439216708957
"cocer","SWZ","jpoul",0.00940079366326181
"cocer","SWZ","jeggs",0.0105718267839449
"cocer","SWZ","jmilk",0.00082134961936803
"cocer","SYR","jbeef",0.181093490819053
"cocer","SYR","jpork",1.17784885838421
"cocer","SYR","jlamb",0.697207797549133
"cocer","SYR","jpoul",0.562045305430602
"cocer","SYR","jeggs",1.41967100386047
"cocer","SYR","jmilk",0.128432000657052
"cocer","THA","jpork",1.32217195595322E-5
"cocer","THA","jlamb",2.21579462231571E-6
"cocer","THA","jpoul",7.20741987038956E-6
"cocer","THA","jeggs",1.38061049544287E-5
"cocer","THA","jmilk",1.96882222328209E-6
"cocer","TJK","jbeef",0.0283636320663005
"cocer","TJK","jpork",0.042641503646898
"cocer","TJK","jlamb",0.0267515694004465
"cocer","TJK","jpoul",0.0230406035301238
"cocer","TJK","jeggs",0.0223608564055384
"cocer","TJK","jmilk",0.00197759081535312
"cocer","TKM","jbeef",0.0459747836633957
"cocer","TKM","jpork",0.0691178725159558
"cocer","TKM","jlamb",0.0433617814871853
"cocer","TKM","jpoul",0.0373466543457978
"cocer","TKM","jeggs",0.0362448480987848
"cocer","TKM","jmilk",0.0032054889760963
"cocer","TUN","jbeef",0.308465683004528
"cocer","TUN","jpork",2.00628940849465
"cocer","TUN","jlamb",1.1875892308132
"cocer","TUN","jpoul",0.957360136109865
"cocer","TUN","jeggs",2.41819727405392
"cocer","TUN","jmilk",0.218764708897794
"cocer","TUR","jbeef",0.603524993561207
"cocer","TUR","jpork",1.91056507310988
"cocer","TUR","jlamb",1.44070814283349
"cocer","TUR","jpoul",1.92311060962269
"cocer","TUR","jeggs",1.91559707401886
"cocer","TUR","jmilk",0.169601079560512
"cocer","TZA","jbeef",3.57305128033661E-8
"cocer","TZA","jpork",0.000133893397259464
"cocer","TZA","jpoul",3.80708613919866E-5
"cocer","TZA","jeggs",2.75057953874413E-5
"cocer","TZA","jmilk",2.03217291569145E-6
"cocer","UGA","jbeef",3.4029877474276E-9
"cocer","UGA","jpork",1.27520585232823E-5
"cocer","UGA","jpoul",3.62588344488411E-6
"cocer","UGA","jeggs",2.61966250531661E-6
"cocer","UGA","jmilk",1.93544928134945E-7
"cocer","UKP","jbeef",0.470192899453178
"cocer","UKP","jpork",0.570491318364356
"cocer","UKP","jlamb",0.727556078841398
"cocer","UKP","jpoul",0.733211884252843
"cocer","UKP","jeggs",0.985656275365387
"cocer","UKP","jmilk",0.0526566699283686
"cocer","UKR","jbeef",1.90416898096801
"cocer","UKR","jpork",2.86269674137205
"cocer","UKR","jlamb",1.7959412799528
"cocer","UKR","jpoul",1.54680792092492
"cocer","UKR","jeggs",1.50118572316269
"cocer","UKR","jmilk",0.132769827636029
"cocer","URY","jbeef",0.0434945083539761
"cocer","URY","jpork",0.0470253513005786
"cocer","URY","jlamb",0.00118662876936346
"cocer","URY","jpoul",0.04593000166732
"cocer","URY","jeggs",0.0857733445771009
"cocer","URY","jmilk",0.0140528379085107
"cocer","USA","jbeef",0.140709469938797
"cocer","USA","jpork",0.0929142071430637
"cocer","USA","jlamb",0.197771222536243
"cocer","USA","jpoul",0.0764718197282921
"cocer","USA","jeggs",0.0157935829424313
"cocer","USA","jmilk",0.0168238604147124
"cocer","UZB","jbeef",0.0149647114210019
"cocer","UZB","jpork",0.0224977462386275
"cocer","UZB","jlamb",0.0141141837970824
"cocer","UZB","jpoul",0.0121562704659281
"cocer","UZB","jeggs",0.0117976344656126
"cocer","UZB","jmilk",0.00104338103778129
"cocer","VEN","jbeef",7.44330524660097E-6
"cocer","VEN","jpork",8.04754570876423E-6
"cocer","VEN","jlamb",2.03070237577781E-7
"cocer","VEN","jpoul",7.86009625869243E-6
"cocer","VEN","jeggs",1.46785700050541E-5
"cocer","VEN","jmilk",2.40489124012568E-6
"cocer","VUT","jbeef",0.0528278917738196
"cocer","VUT","jpork",0.113406037202618
"cocer","VUT","jlamb",0.00371291221610606
"cocer","VUT","jpoul",0.117984094012768
"cocer","VUT","jeggs",0.0421577751139421
"cocer","VUT","jmilk",0.0227280694393676
"cocer","YEM","jbeef",0.903033192109261
"cocer","YEM","jpork",5.87341162621753
"cocer","YEM","jlamb",3.47666710789376
"cocer","YEM","jpoul",2.80267150397005
"cocer","YEM","jeggs",7.07927177593618
"cocer","YEM","jmilk",0.640433618004529
"cocer","ZAF","jbeef",0.111390467468406
"cocer","ZAF","jpork",0.159983272593905
"cocer","ZAF","jlamb",0.0316979223716479
"cocer","ZAF","jpoul",0.0776143459770383
"cocer","ZAF","jeggs",0.092045406623164
"cocer","ZAF","jmilk",0.0101511481535447
"cocer","ZMB","jpork",0.000206901181966133
"cocer","ZMB","jpoul",7.67456333556391E-5
"cocer","ZMB","jeggs",8.63056430469989E-5
"cocer","ZMB","jmilk",6.70528457518992E-6
"cocer","ZWE","jpork",0.0411137731568313
"cocer","ZWE","jpoul",0.0152502877488519
"cocer","ZWE","jeggs",0.0171499775722383
"cocer","ZWE","jmilk",0.00133242133445851
"ccass","AGO","jbeef",6.82088893478043
"ccass","AGO","jpork",5.23682061595289
"ccass","AGO","jlamb",8.26861813209784
"ccass","AGO","jpoul",12.8503991866928
"ccass","AGO","jeggs",10.6619814927098
"ccass","AGO","jmilk",0.640182092988233
"ccass","ALB","jbeef",7.07952666012461E-6
"ccass","ALB","jpork",1.18582071557087E-5
"ccass","ALB","jlamb",1.90557259268354E-5
"ccass","ALB","jpoul",3.36277516355919E-6
"ccass","ALB","jeggs",6.13558977210799E-6
"ccass","ALB","jmilk",7.66948721513499E-7
"ccass","ARG","jbeef",0.0134830769168981
"ccass","ARG","jpork",0.0103517966411754
"ccass","ARG","jlamb",0.0163448511385448
"ccass","ARG","jpoul",0.0254018093981179
"ccass","ARG","jeggs",0.0210758917096161
"ccass","ARG","jmilk",0.00126546913211966
"ccass","AUT","jbeef",0.000335052363653032
"ccass","AUT","jpork",0.000257240535973986
"ccass","AUT","jlamb",0.000406167007818738
"ccass","AUT","jpoul",0.000631231011464202
"ccass","AUT","jeggs",0.000523732629942363
"ccass","AUT","jmilk",3.14467110482217E-5
"ccass","BEN","jbeef",5.49715774688212
"ccass","BEN","jpork",4.22050986217152
"ccass","BEN","jlamb",6.6639258688259
"ccass","BEN","jpoul",10.3565198194992
"ccass","BEN","jeggs",8.59280875560105
"ccass","BEN","jmilk",0.515941834786489
"ccass","BFA","jbeef",0.000337915167296243
"ccass","BFA","jpork",0.000509965795953942
"ccass","BFA","jlamb",0.000443851958874242
"ccass","BFA","jpoul",0.000362659527372856
"ccass","BFA","jeggs",0.000353380392344127
"ccass","BFA","jmilk",3.67299094887221E-5
"ccass","BGR","jbeef",6.41499538713477E-5
"ccass","BGR","jpork",6.41499538713477E-5
"ccass","BGR","jlamb",6.41499538713477E-5
"ccass","BGR","jpoul",6.41499538713477E-5
"ccass","BGR","jeggs",6.41499538713477E-5
"ccass","BGR","jmilk",6.41499538713477E-5
"ccass","BLR","jbeef",0.00452947299164646
"ccass","BLR","jpork",0.00347755809673209
"ccass","BLR","jlamb",0.00549085065974337
"ccass","BLR","jpoul",0.00853342381096467
"ccass","BLR","jeggs",0.00708018524717676
"ccass","BLR","jmilk",0.000425118709255049
"ccass","BLT","jbeef",0.00452947299164646
"ccass","BLT","jpork",0.00347755809673209
"ccass","BLT","jlamb",0.00549085065974337
"ccass","BLT","jpoul",0.00853342381096467
"ccass","BLT","jeggs",0.00708018524717676
"ccass","BLT","jmilk",0.000425118709255049
"ccass","BLX","jbeef",1.18543770997544
"ccass","BLX","jpork",0.959986366360477
"ccass","BLX","jpoul",0.69817190280762
"ccass","BLX","jeggs",0.724838190762078
"ccass","BLX","jmilk",0.0412115359296165
"ccass","BLZ","jlamb",9.70410239023563
"ccass","BOL","jbeef",1.56288214410463
"ccass","BOL","jpork",1.56288214410463
"ccass","BOL","jlamb",1.56288214410463
"ccass","BOL","jpoul",1.56288214410463
"ccass","BOL","jeggs",1.56288214410463
"ccass","BOL","jmilk",1.56288214410463
"ccass","BRA","jbeef",0.5626590994431
"ccass","BRA","jpork",0.849138846871223
"ccass","BRA","jlamb",0.739053370893225
"ccass","BRA","jpoul",0.603860681095684
"ccass","BRA","jeggs",0.588410087975965
"ccass","BRA","jmilk",0.0611585977655544
"ccass","CAN","jbeef",0.000491134678883379
"ccass","CAN","jpork",0.000552526513743801
"ccass","CAN","jlamb",0.000828789770615702
"ccass","CAN","jpoul",0.000613918348604223
"ccass","CAN","jeggs",0.000552526513743801
"ccass","CAN","jmilk",3.06959174302112E-5
"ccass","CHM","jlamb",1.6604679688387
"ccass","CHP","jbeef",0.000335052363653032
"ccass","CHP","jpork",0.000257240535973986
"ccass","CHP","jlamb",0.000406167007818738
"ccass","CHP","jpoul",0.000631231011464202
"ccass","CHP","jeggs",0.000523732629942363
"ccass","CHP","jmilk",3.14467110482217E-5
"ccass","CIV","jbeef",0.449044952640117
"ccass","CIV","jpork",0.449044952640117
"ccass","CIV","jlamb",0.449044952640117
"ccass","CIV","jpoul",0.449044952640117
"ccass","CIV","jeggs",0.449044952640117
"ccass","CIV","jmilk",0.449044952640117
"ccass","CMR","jbeef",1.66637551473764
"ccass","CMR","jpork",1.87467245407985
"ccass","CMR","jlamb",2.81200868111977
"ccass","CMR","jpoul",2.08296939342205
"ccass","CMR","jeggs",1.87467245407985
"ccass","CMR","jmilk",0.104148469671103
"ccass","COD","jbeef",10.2594579433655
"ccass","COD","jpork",11.1751392234305
"ccass","COD","jlamb",10.6422186070583
"ccass","COD","jpoul",10.7629354317614
"ccass","COD","jeggs",14.9217772584234
"ccass","COD","jmilk",1.12325533229845
"ccass","COG","jbeef",0.194314538202862
"ccass","COG","jpork",0.194314538202862
"ccass","COG","jlamb",0.194314538202862
"ccass","COG","jpoul",0.194314538202862
"ccass","COG","jeggs",0.194314538202862
"ccass","COG","jmilk",0.194314538202862
"ccass","COL","jlamb",14.0517923076923
"ccass","CRB","jbeef",0.0185376998058118
"ccass","CRB","jpork",0.0370753996116236
"ccass","CRB","jlamb",0.0741507992232473
"ccass","CRB","jpoul",0.0185376998058118
"ccass","CRB","jmilk",0.0185376998058118
"ccass","CRI","jlamb",9.70410239023563
"ccass","CUB","jlamb",9.70410239023563
"ccass","CYP","jbeef",0.00293148726461062
"ccass","CYP","jpork",0.00120628893556835
"ccass","CYP","jpoul",0.00315153241976209
"ccass","CYP","jeggs",0.00186441391946347
"ccass","CYP","jmilk",0.000516529639791497
"ccass","CZE","jbeef",6.41499538713477E-5
"ccass","CZE","jpork",6.41499538713477E-5
"ccass","CZE","jlamb",6.41499538713477E-5
"ccass","CZE","jpoul",6.41499538713477E-5
"ccass","CZE","jeggs",6.41499538713477E-5
"ccass","CZE","jmilk",6.41499538713477E-5
"ccass","DEU","jbeef",7.07674618106173E-5
"ccass","DEU","jpork",0.0511176965812025
"ccass","DEU","jpoul",0.0390872280733976
"ccass","DEU","jeggs",0.0417763916222011
"ccass","DEU","jmilk",0.0017927756992023
"ccass","DNK","jbeef",0.00118692336100144
"ccass","DNK","jpork",0.00118692336100144
"ccass","DNK","jlamb",0.00118692336100144
"ccass","DNK","jpoul",0.00118692336100144
"ccass","DNK","jeggs",0.00118692336100144
"ccass","DNK","jmilk",0.00118692336100144
"ccass","DOM","jlamb",9.70410239023563
"ccass","ECU","jbeef",0.241008303610507
"ccass","ECU","jpork",0.16716827157107
"ccass","ECU","jlamb",0.603596541180827
"ccass","ECU","jpoul",0.16539736863972
"ccass","ECU","jeggs",0.234942547308265
"ccass","ECU","jmilk",0.0429568089562609
"ccass","FJI","jbeef",0.0185376998058118
"ccass","FJI","jpork",0.0370753996116236
"ccass","FJI","jlamb",0.0741507992232473
"ccass","FJI","jpoul",0.0185376998058118
"ccass","FJI","jmilk",0.0185376998058118
"ccass","FNP","jbeef",0.00118692336100144
"ccass","FNP","jpork",0.00118692336100144
"ccass","FNP","jlamb",0.00118692336100144
"ccass","FNP","jpoul",0.00118692336100144
"ccass","FNP","jeggs",0.00118692336100144
"ccass","FNP","jmilk",0.00118692336100144
"ccass","FRP","jbeef",0.00426767706884559
"ccass","FRP","jpork",0.00426767706884559
"ccass","FRP","jlamb",0.00426767706884559
"ccass","FRP","jpoul",0.00426767706884559
"ccass","FRP","jeggs",0.00426767706884559
"ccass","FRP","jmilk",0.00426767706884559
"ccass","GAB","jbeef",2.88383514189314
"ccass","GAB","jpork",2.00028683221341
"ccass","GAB","jlamb",7.22246035055919
"ccass","GAB","jpoul",1.97909672369929
"ccass","GAB","jeggs",2.81125406927236
"ccass","GAB","jmilk",0.514008660265324
"ccass","GHA","jbeef",0.0430279646082648
"ccass","GHA","jpork",31.0805331020366
"ccass","GHA","jpoul",23.7657791186316
"ccass","GHA","jeggs",25.4008417737456
"ccass","GHA","jmilk",1.09004177007604
"ccass","GIN","jbeef",0.347609574864883
"ccass","GIN","jpork",0.347609574864883
"ccass","GIN","jlamb",0.347609574864883
"ccass","GIN","jpoul",0.347609574864883
"ccass","GIN","jeggs",0.347609574864883
"ccass","GIN","jmilk",0.347609574864883
"ccass","GNQ","jbeef",13.334406577826
"ccass","GNQ","jpork",9.24901618179724
"ccass","GNQ","jlamb",33.3955368694763
"ccass","GNQ","jpoul",9.15103640540475
"ccass","GNQ","jeggs",12.9988029512106
"ccass","GNQ","jmilk",2.37669635165138
"ccass","GRC","jbeef",7.07952666012461E-6
"ccass","GRC","jpork",1.18582071557087E-5
"ccass","GRC","jlamb",1.90557259268354E-5
"ccass","GRC","jpoul",3.36277516355919E-6
"ccass","GRC","jeggs",6.13558977210799E-6
"ccass","GRC","jmilk",7.66948721513499E-7
"ccass","GSA","jbeef",6.85054075549279E-5
"ccass","GSA","jpork",0.0883745129831739
"ccass","GSA","jpoul",0.064887307141101
"ccass","GSA","jeggs",0.0487339857633807
"ccass","GSA","jmilk",0.00376970034350867
"ccass","GTM","jlamb",9.70410239023563
"ccass","HND","jlamb",9.70410239023563
"ccass","HRV","jbeef",7.07952666012461E-6
"ccass","HRV","jpork",1.18582071557087E-5
"ccass","HRV","jlamb",1.90557259268354E-5
"ccass","HRV","jpoul",3.36277516355919E-6
"ccass","HRV","jeggs",6.13558977210799E-6
"ccass","HRV","jmilk",7.66948721513499E-7
"ccass","HTI","jlamb",9.70410239023563
"ccass","HUN","jbeef",6.41499538713477E-5
"ccass","HUN","jpork",6.41499538713477E-5
"ccass","HUN","jlamb",6.41499538713477E-5
"ccass","HUN","jpoul",6.41499538713477E-5
"ccass","HUN","jeggs",6.41499538713477E-5
"ccass","HUN","jmilk",6.41499538713477E-5
"ccass","IDN","jbeef",0.112770861512997
"ccass","IDN","jpork",0.112770861512997
"ccass","IDN","jlamb",0.112770861512997
"ccass","IDN","jpoul",0.112770861512997
"ccass","IDN","jeggs",0.112770861512997
"ccass","IDN","jmilk",0.112770861512997
"ccass","IRL","jbeef",0.00211437229795892
"ccass","IRL","jpork",0.0031909119691165
"ccass","IRL","jlamb",0.00277723043255932
"ccass","IRL","jpoul",0.00226920047538383
"ccass","IRL","jeggs",0.00221113990884949
"ccass","IRL","jmilk",0.0002298230758651
"ccass","ISL","jbeef",0.00118692336100144
"ccass","ISL","jpork",0.00118692336100144
"ccass","ISL","jlamb",0.00118692336100144
"ccass","ISL","jpoul",0.00118692336100144
"ccass","ISL","jeggs",0.00118692336100144
"ccass","ISL","jmilk",0.00118692336100144
"ccass","ITP","jbeef",0.00312346933910365
"ccass","ITP","jpork",0.037065477070149
"ccass","ITP","jpoul",0.0176659796382164
"ccass","ITP","jeggs",0.0187008307058101
"ccass","ITP","jmilk",0.000959032732577565
"ccass","JAM","jbeef",0.0185376998058118
"ccass","JAM","jpork",0.0370753996116236
"ccass","JAM","jlamb",0.0741507992232473
"ccass","JAM","jpoul",0.0185376998058118
"ccass","JAM","jmilk",0.0185376998058118
"ccass","JPN","jbeef",0.000496951937728413
"ccass","JPN","jpork",0.00589721193105247
"ccass","JPN","jpoul",0.00281070241451504
"ccass","JPN","jeggs",0.00297534985858075
"ccass","JPN","jmilk",0.000152584553602874
"ccass","KHM","jbeef",0.021490852300814
"ccass","KHM","jpork",0.021490852300814
"ccass","KHM","jlamb",0.021490852300814
"ccass","KHM","jpoul",0.021490852300814
"ccass","KHM","jeggs",0.021490852300814
"ccass","KHM","jmilk",0.021490852300814
"ccass","KOR","jbeef",8.96926948887721E-7
"ccass","KOR","jpork",8.96926948887721E-7
"ccass","KOR","jlamb",8.96926948887721E-7
"ccass","KOR","jpoul",8.96926948887721E-7
"ccass","KOR","jeggs",8.96926948887721E-7
"ccass","KOR","jmilk",8.96926948887721E-7
"ccass","LAO","jbeef",0.021490852300814
"ccass","LAO","jpork",0.021490852300814
"ccass","LAO","jlamb",0.021490852300814
"ccass","LAO","jpoul",0.021490852300814
"ccass","LAO","jeggs",0.021490852300814
"ccass","LAO","jmilk",0.021490852300814
"ccass","LKA","jbeef",0.134636706171291
"ccass","LKA","jpork",0.134636706171291
"ccass","LKA","jlamb",0.134636706171291
"ccass","LKA","jpoul",0.134636706171291
"ccass","LKA","jeggs",0.134636706171291
"ccass","LKA","jmilk",0.134636706171291
"ccass","MDA","jbeef",6.41499538713477E-5
"ccass","MDA","jpork",6.41499538713477E-5
"ccass","MDA","jlamb",6.41499538713477E-5
"ccass","MDA","jpoul",6.41499538713477E-5
"ccass","MDA","jeggs",6.41499538713477E-5
"ccass","MDA","jmilk",6.41499538713477E-5
"ccass","MDG","jbeef",0.321242645822326
"ccass","MDG","jpork",0.321242645822326
"ccass","MDG","jlamb",0.321242645822326
"ccass","MDG","jpoul",0.321242645822326
"ccass","MDG","jeggs",0.321242645822326
"ccass","MDG","jmilk",0.321242645822326
"ccass","MOZ","jbeef",0.0108247159259711
"ccass","MOZ","jpork",11.0408846891244
"ccass","MOZ","jpoul",7.65917832277775
"ccass","MOZ","jeggs",8.61761332085472
"ccass","MOZ","jmilk",0.548560792037936
"ccass","MWI","jbeef",2.29581033829468
"ccass","MWI","jpork",27.243842091273
"ccass","MWI","jpoul",12.9848365027202
"ccass","MWI","jeggs",13.7454720402084
"ccass","MWI","jmilk",0.704907595746215
"ccass","MYS","jbeef",0.0135560505007095
"ccass","MYS","jpork",0.0135560505007095
"ccass","MYS","jlamb",0.0135560505007095
"ccass","MYS","jpoul",0.0135560505007095
"ccass","MYS","jeggs",0.0135560505007095
"ccass","MYS","jmilk",0.0135560505007095
"ccass","NGA","jbeef",4.65971031217501
"ccass","NGA","jpork",4.65971031217501
"ccass","NGA","jlamb",4.65971031217501
"ccass","NGA","jpoul",4.65971031217501
"ccass","NGA","jeggs",4.65971031217501
"ccass","NGA","jmilk",4.65971031217501
"ccass","NIC","jlamb",9.70410239023563
"ccass","NLD","jbeef",0.298201198724177
"ccass","NLD","jpork",0.298201198724177
"ccass","NLD","jlamb",0.298201198724177
"ccass","NLD","jpoul",0.298201198724177
"ccass","NLD","jeggs",0.298201198724177
"ccass","NLD","jmilk",0.298201198724177
"ccass","NOR","jbeef",0.00118692336100144
"ccass","NOR","jpork",0.00118692336100144
"ccass","NOR","jlamb",0.00118692336100144
"ccass","NOR","jpoul",0.00118692336100144
"ccass","NOR","jeggs",0.00118692336100144
"ccass","NOR","jmilk",0.00118692336100144
"ccass","NZL","jbeef",0.00204390822660884
"ccass","NZL","jpork",0.00204390822660884
"ccass","NZL","jlamb",0.00204390822660884
"ccass","NZL","jpoul",0.00204390822660884
"ccass","NZL","jeggs",0.00204390822660884
"ccass","NZL","jmilk",0.00204390822660884
"ccass","OAO","jbeef",0.0185376998058118
"ccass","OAO","jpork",0.0370753996116236
"ccass","OAO","jlamb",0.0741507992232473
"ccass","OAO","jpoul",0.0185376998058118
"ccass","OAO","jmilk",0.0185376998058118
"ccass","OBN","jbeef",7.07952666012461E-6
"ccass","OBN","jpork",1.18582071557087E-5
"ccass","OBN","jlamb",1.90557259268354E-5
"ccass","OBN","jpoul",3.36277516355919E-6
"ccass","OBN","jeggs",6.13558977210799E-6
"ccass","OBN","jmilk",7.66948721513499E-7
"ccass","OIO","jbeef",0.0185376998058118
"ccass","OIO","jpork",0.0370753996116236
"ccass","OIO","jlamb",0.0741507992232473
"ccass","OIO","jpoul",0.0185376998058118
"ccass","OIO","jmilk",0.0185376998058118
"ccass","OPO","jbeef",0.0185376998058118
"ccass","OPO","jpork",0.0370753996116236
"ccass","OPO","jlamb",0.0741507992232473
"ccass","OPO","jpoul",0.0185376998058118
"ccass","OPO","jmilk",0.0185376998058118
"ccass","PAN","jlamb",9.70410239023563
"ccass","PHL","jbeef",0.0310009893577197
"ccass","PHL","jpork",0.0310009893577197
"ccass","PHL","jlamb",0.0310009893577197
"ccass","PHL","jpoul",0.0310009893577197
"ccass","PHL","jeggs",0.0310009893577197
"ccass","PHL","jmilk",0.0310009893577197
"ccass","POL","jbeef",2.36619535013036E-7
"ccass","POL","jpork",4.73239070026073E-7
"ccass","POL","jlamb",9.46478140052145E-7
"ccass","POL","jpoul",2.36619535013036E-7
"ccass","POL","jmilk",2.36619535013036E-7
"ccass","PRK","jbeef",0.0395032575966345
"ccass","PRK","jpork",0.0395032575966345
"ccass","PRK","jlamb",0.0395032575966345
"ccass","PRK","jpoul",0.0395032575966345
"ccass","PRK","jeggs",0.0395032575966345
"ccass","PRK","jmilk",0.0395032575966345
"ccass","PRT","jbeef",0.274139721858293
"ccass","PRT","jpork",0.274139721858293
"ccass","PRT","jlamb",0.274139721858293
"ccass","PRT","jpoul",0.274139721858293
"ccass","PRT","jeggs",0.274139721858293
"ccass","PRT","jmilk",0.274139721858293
"ccass","PRY","jbeef",1.56288214410463
"ccass","PRY","jpork",1.56288214410463
"ccass","PRY","jlamb",1.56288214410463
"ccass","PRY","jpoul",1.56288214410463
"ccass","PRY","jeggs",1.56288214410463
"ccass","PRY","jmilk",1.56288214410463
"ccass","RAP","jbeef",0.000321670047675292
"ccass","RAP","jpork",0.000321670047675292
"ccass","RAP","jlamb",0.000321670047675292
"ccass","RAP","jpoul",0.000321670047675292
"ccass","RAP","jeggs",0.000321670047675292
"ccass","RAP","jmilk",0.000321670047675292
"ccass","ROU","jbeef",6.41499538713477E-5
"ccass","ROU","jpork",6.41499538713477E-5
"ccass","ROU","jlamb",6.41499538713477E-5
"ccass","ROU","jpoul",6.41499538713477E-5
"ccass","ROU","jeggs",6.41499538713477E-5
"ccass","ROU","jmilk",6.41499538713477E-5
"ccass","RUS","jbeef",3.76637062247899E-6
"ccass","RUS","jpork",3.76637062247899E-6
"ccass","RUS","jlamb",3.76637062247899E-6
"ccass","RUS","jpoul",3.76637062247899E-6
"ccass","RUS","jeggs",3.76637062247899E-6
"ccass","RUS","jmilk",3.76637062247899E-6
"ccass","SAU","jbeef",0.000321670047675292
"ccass","SAU","jpork",0.000321670047675292
"ccass","SAU","jlamb",0.000321670047675292
"ccass","SAU","jpoul",0.000321670047675292
"ccass","SAU","jeggs",0.000321670047675292
"ccass","SAU","jmilk",0.000321670047675292
"ccass","SEN","jbeef",8.13905282153831E-5
"ccass","SEN","jpork",8.13905282153831E-5
"ccass","SEN","jlamb",8.13905282153831E-5
"ccass","SEN","jpoul",8.13905282153831E-5
"ccass","SEN","jeggs",8.13905282153831E-5
"ccass","SEN","jmilk",8.13905282153831E-5
"ccass","SLB","jbeef",0.0185376998058118
"ccass","SLB","jpork",0.0370753996116236
"ccass","SLB","jlamb",0.0741507992232473
"ccass","SLB","jpoul",0.0185376998058118
"ccass","SLB","jmilk",0.0185376998058118
"ccass","SLV","jlamb",9.70410239023563
"ccass","SPP","jbeef",0.274139721858293
"ccass","SPP","jpork",0.274139721858293
"ccass","SPP","jlamb",0.274139721858293
"ccass","SPP","jpoul",0.274139721858293
"ccass","SPP","jeggs",0.274139721858293
"ccass","SPP","jmilk",0.274139721858293
"ccass","SVK","jbeef",6.41499538713477E-5
"ccass","SVK","jpork",6.41499538713477E-5
"ccass","SVK","jlamb",6.41499538713477E-5
"ccass","SVK","jpoul",6.41499538713477E-5
"ccass","SVK","jeggs",6.41499538713477E-5
"ccass","SVK","jmilk",6.41499538713477E-5
"ccass","SVN","jbeef",7.07952666012461E-6
"ccass","SVN","jpork",1.18582071557087E-5
"ccass","SVN","jlamb",1.90557259268354E-5
"ccass","SVN","jpoul",3.36277516355919E-6
"ccass","SVN","jeggs",6.13558977210799E-6
"ccass","SVN","jmilk",7.66948721513499E-7
"ccass","SWE","jbeef",0.00118692336100144
"ccass","SWE","jpork",0.00118692336100144
"ccass","SWE","jlamb",0.00118692336100144
"ccass","SWE","jpoul",0.00118692336100144
"ccass","SWE","jeggs",0.00118692336100144
"ccass","SWE","jmilk",0.00118692336100144
"ccass","TCD","jlamb",0.483592359079984
"ccass","THA","jbeef",1.65188697172723E-5
"ccass","THA","jpork",0.000167248519155226
"ccass","THA","jlamb",0.000167248519155226
"ccass","THA","jpoul",0.000167248519155226
"ccass","THA","jeggs",0.000167248519155226
"ccass","THA","jmilk",0.000167248519155226
"ccass","TUR","jbeef",0.0124480208806814
"ccass","TUR","jpork",0.0103957116111989
"ccass","TUR","jpoul",0.0081285282864335
"ccass","TUR","jeggs",0.0232588062767194
"ccass","TUR","jmilk",0.0148692846255765
"ccass","TZA","jbeef",0.073232493799683
"ccass","TZA","jpork",0.109959472300284
"ccass","TZA","jpoul",0.0557488718635265
"ccass","TZA","jeggs",0.0685039551726499
"ccass","TZA","jmilk",0.0135272117684743
"ccass","UGA","jbeef",1.66398384001773
"ccass","UGA","jpork",0.398719760888622
"ccass","UGA","jpoul",0.274430558616608
"ccass","UGA","jeggs",2.71745911847532
"ccass","UGA","jmilk",3.78435763077829
"ccass","UKP","jbeef",0.00211437229795892
"ccass","UKP","jpork",0.0031909119691165
"ccass","UKP","jlamb",0.00277723043255932
"ccass","UKP","jpoul",0.00226920047538383
"ccass","UKP","jeggs",0.00221113990884949
"ccass","UKP","jmilk",0.0002298230758651
"ccass","USA","jbeef",0.000619589657949772
"ccass","USA","jpork",0.00546341558556558
"ccass","USA","jpoul",0.00168155583015606
"ccass","USA","jeggs",0.00547522979514513
"ccass","USA","jmilk",0.000254661850936983
"ccass","VEN","jbeef",6.85054075549279E-5
"ccass","VEN","jpork",0.0883745129831739
"ccass","VEN","jpoul",0.064887307141101
"ccass","VEN","jeggs",0.0487339857633807
"ccass","VEN","jmilk",0.00376970034350867
"ccass","VNM","jeggs",1.18138896056423
"ccass","VUT","jbeef",0.0185376998058118
"ccass","VUT","jpork",0.0370753996116236
"ccass","VUT","jlamb",0.0741507992232473
"ccass","VUT","jpoul",0.0185376998058118
"ccass","VUT","jmilk",0.0185376998058118
"ccass","YEM","jbeef",0.000321670047675292
"ccass","YEM","jpork",0.000321670047675292
"ccass","YEM","jlamb",0.000321670047675292
"ccass","YEM","jpoul",0.000321670047675292
"ccass","YEM","jeggs",0.000321670047675292
"ccass","YEM","jmilk",0.000321670047675292
"ccass","ZAF","jbeef",0.0156863413523676
"ccass","ZAF","jpork",0.0156863413523676
"ccass","ZAF","jlamb",0.0156863413523676
"ccass","ZAF","jpoul",0.0156863413523676
"ccass","ZAF","jeggs",0.0156863413523676
"ccass","ZAF","jmilk",0.0156863413523676
"cpota","AFG","jbeef",0.00529606586202312
"cpota","AFG","jpork",0.00406575987256615
"cpota","AFG","jlamb",0.00642004911165048
"cpota","AFG","jpoul",0.00997697872931775
"cpota","AFG","jeggs",0.00827798474387717
"cpota","AFG","jmilk",0.000496896069815956
"cpota","ALB","jbeef",0.119742839074097
"cpota","ALB","jpork",0.200668896740671
"cpota","ALB","jlamb",0.321971338639177
"cpota","ALB","jpoul",0.0566655692868735
"cpota","ALB","jeggs",0.10354029862051
"cpota","ALB","jmilk",0.0129100456020553
"cpota","ARM","jbeef",0.268970350151119
"cpota","ARM","jpork",0.299951848472677
"cpota","ARM","jlamb",0.502101682167356
"cpota","ARM","jpoul",0.286208621683764
"cpota","ARM","jeggs",0.366120746417573
"cpota","ARM","jmilk",0.0205556021368656
"cpota","AUS","jbeef",0.0102616601140618
"cpota","AUS","jpork",0.00787781855524872
"cpota","AUS","jlamb",0.0124394906739651
"cpota","AUS","jpoul",0.0193313994487171
"cpota","AUS","jeggs",0.0160394277722609
"cpota","AUS","jmilk",0.000962786096945674
"cpota","AUT","jbeef",0.0674685765149912
"cpota","AUT","jpork",0.051795245414305
"cpota","AUT","jlamb",0.0817874222119145
"cpota","AUT","jpoul",0.127100487479639
"cpota","AUT","jeggs",0.105456363578692
"cpota","AUT","jmilk",0.00633014607064755
"cpota","AZE","jbeef",0.268970350151119
"cpota","AZE","jpork",0.299951848472677
"cpota","AZE","jlamb",0.502101682167356
"cpota","AZE","jpoul",0.286208621683764
"cpota","AZE","jeggs",0.366120746417573
"cpota","AZE","jmilk",0.0205556021368656
"cpota","BGR","jbeef",0.0754041046964704
"cpota","BGR","jpork",0.0754041046964704
"cpota","BGR","jlamb",0.0754041046964704
"cpota","BGR","jpoul",0.0754041046964704
"cpota","BGR","jeggs",0.0754041046964704
"cpota","BGR","jmilk",0.0754041046964704
"cpota","BLR","jbeef",2.39874951641941
"cpota","BLR","jpork",1.84150646579571
"cpota","BLR","jlamb",2.90783576019909
"cpota","BLR","jpoul",4.51887750752697
"cpota","BLR","jeggs",3.749351389999
"cpota","BLR","jmilk",0.225059362597581
"cpota","BLT","jbeef",2.39874951641941
"cpota","BLT","jpork",1.84150646579571
"cpota","BLT","jlamb",2.90783576019909
"cpota","BLT","jpoul",4.51887750752697
"cpota","BLT","jeggs",3.749351389999
"cpota","BLT","jmilk",0.225059362597581
"cpota","BLX","jbeef",0.359394438945631
"cpota","BLX","jpork",0.291443939410858
"cpota","BLX","jpoul",0.211814447768547
"cpota","BLX","jeggs",0.219777396932778
"cpota","BLX","jmilk",0.0122098553851544
"cpota","BLZ","jbeef",0.00448962639352763
"cpota","BLZ","jpork",0.00500676648907107
"cpota","BLZ","jlamb",0.00838103145282243
"cpota","BLZ","jpoul",0.00477736591131566
"cpota","BLZ","jeggs",0.00611125116731583
"cpota","BLZ","jmilk",0.000343112071039332
"cpota","BOL","jbeef",0.0409404387504816
"cpota","BOL","jpork",0.0409404387504816
"cpota","BOL","jlamb",0.0409404387504816
"cpota","BOL","jpoul",0.0409404387504816
"cpota","BOL","jeggs",0.0409404387504816
"cpota","BOL","jmilk",0.0409404387504816
"cpota","CHL","jbeef",0.104761896253796
"cpota","CHL","jpork",0.116830276252527
"cpota","CHL","jlamb",0.19557403658768
"cpota","CHL","jpoul",0.111478159954218
"cpota","CHL","jeggs",0.142606068345183
"cpota","CHL","jmilk",0.00801104767530887
"cpota","CHM","jbeef",0.112633563490504
"cpota","CHM","jpork",0.12560874524477
"cpota","CHM","jlamb",0.210269205262637
"cpota","CHM","jpoul",0.119854478164364
"cpota","CHM","jeggs",0.153321295504006
"cpota","CHM","jmilk",0.00861298696595193
"cpota","CHP","jbeef",0.0674685765149912
"cpota","CHP","jpork",0.051795245414305
"cpota","CHP","jlamb",0.0817874222119145
"cpota","CHP","jpoul",0.127100487479639
"cpota","CHP","jeggs",0.105456363578692
"cpota","CHP","jmilk",0.00633014607064755
"cpota","COL","jbeef",0.124526032452781
"cpota","COL","jpork",0.138871205011835
"cpota","COL","jlamb",0.232470580410636
"cpota","COL","jpoul",0.13250937087474
"cpota","COL","jeggs",0.169509798216089
"cpota","COL","jmilk",0.0095223933364049
"cpota","CRB","jbeef",0.000368930409180762
"cpota","CRB","jpork",0.00106707996822074
"cpota","CRB","jlamb",0.00285792966278569
"cpota","CRB","jpoul",0.000766043002396165
"cpota","CRB","jeggs",4.09922676867513E-5
"cpota","CRB","jmilk",0.000566205697423252
"cpota","CRI","jbeef",0.00448962639352763
"cpota","CRI","jpork",0.00500676648907107
"cpota","CRI","jlamb",0.00838103145282243
"cpota","CRI","jpoul",0.00477736591131566
"cpota","CRI","jeggs",0.00611125116731583
"cpota","CRI","jmilk",0.000343112071039332
"cpota","CUB","jbeef",0.00448962639352763
"cpota","CUB","jpork",0.00500676648907107
"cpota","CUB","jlamb",0.00838103145282243
"cpota","CUB","jpoul",0.00477736591131566
"cpota","CUB","jeggs",0.00611125116731583
"cpota","CUB","jmilk",0.000343112071039332
"cpota","CYP","jbeef",0.0232950517982116
"cpota","CYP","jpork",0.0232950517982116
"cpota","CYP","jlamb",0.0232950517982116
"cpota","CYP","jpoul",0.0232950517982116
"cpota","CYP","jeggs",0.0232950517982116
"cpota","CYP","jmilk",0.0232950517982116
"cpota","CZE","jbeef",0.0754041046964704
"cpota","CZE","jpork",0.0754041046964704
"cpota","CZE","jlamb",0.0754041046964704
"cpota","CZE","jpoul",0.0754041046964704
"cpota","CZE","jeggs",0.0754041046964704
"cpota","CZE","jmilk",0.0754041046964704
"cpota","DEU","jbeef",0.0312987168860602
"cpota","DEU","jpork",0.0312987168860602
"cpota","DEU","jlamb",0.0312987168860602
"cpota","DEU","jpoul",0.0312987168860602
"cpota","DEU","jeggs",0.0312987168860602
"cpota","DEU","jmilk",0.0312987168860602
"cpota","DNK","jbeef",0.0204853283840249
"cpota","DNK","jpork",0.0204853283840249
"cpota","DNK","jlamb",0.0204853283840249
"cpota","DNK","jpoul",0.0204853283840249
"cpota","DNK","jeggs",0.0204853283840249
"cpota","DNK","jmilk",0.0204853283840249
"cpota","DOM","jbeef",0.00448962639352763
"cpota","DOM","jpork",0.00500676648907107
"cpota","DOM","jlamb",0.00838103145282243
"cpota","DOM","jpoul",0.00477736591131566
"cpota","DOM","jeggs",0.00611125116731583
"cpota","DOM","jmilk",0.000343112071039332
"cpota","ECU","jbeef",0.0303089039714011
"cpota","ECU","jpork",0.0210272506636634
"cpota","ECU","jlamb",0.0759038297563187
"cpota","ECU","jpoul",0.0207880327949073
"cpota","ECU","jeggs",0.0295434067913815
"cpota","ECU","jmilk",0.00540632383388844
"cpota","FJI","jbeef",0.000368930409180762
"cpota","FJI","jpork",0.00106707996822074
"cpota","FJI","jlamb",0.00285792966278569
"cpota","FJI","jpoul",0.000766043002396165
"cpota","FJI","jeggs",4.09922676867513E-5
"cpota","FJI","jmilk",0.000566205697423252
"cpota","FNP","jbeef",0.0204853283840249
"cpota","FNP","jpork",0.0204853283840249
"cpota","FNP","jlamb",0.0204853283840249
"cpota","FNP","jpoul",0.0204853283840249
"cpota","FNP","jeggs",0.0204853283840249
"cpota","FNP","jmilk",0.0204853283840249
"cpota","FRP","jbeef",0.0122183124439741
"cpota","FRP","jpork",0.0122183124439741
"cpota","FRP","jlamb",0.0122183124439741
"cpota","FRP","jpoul",0.0122183124439741
"cpota","FRP","jeggs",0.0122183124439741
"cpota","FRP","jmilk",0.0122183124439741
"cpota","GEO","jbeef",0.268970350151119
"cpota","GEO","jpork",0.299951848472677
"cpota","GEO","jlamb",0.502101682167356
"cpota","GEO","jpoul",0.286208621683764
"cpota","GEO","jeggs",0.366120746417573
"cpota","GEO","jmilk",0.0205556021368656
"cpota","GRC","jbeef",0.119742839074097
"cpota","GRC","jpork",0.200668896740671
"cpota","GRC","jlamb",0.321971338639177
"cpota","GRC","jpoul",0.0566655692868735
"cpota","GRC","jeggs",0.10354029862051
"cpota","GRC","jmilk",0.0129100456020553
"cpota","GTM","jbeef",0.00448962639352763
"cpota","GTM","jpork",0.00500676648907107
"cpota","GTM","jlamb",0.00838103145282243
"cpota","GTM","jpoul",0.00477736591131566
"cpota","GTM","jeggs",0.00611125116731583
"cpota","GTM","jmilk",0.000343112071039332
"cpota","HND","jbeef",0.00448962639352763
"cpota","HND","jpork",0.00500676648907107
"cpota","HND","jlamb",0.00838103145282243
"cpota","HND","jpoul",0.00477736591131566
"cpota","HND","jeggs",0.00611125116731583
"cpota","HND","jmilk",0.000343112071039332
"cpota","HRV","jbeef",0.119742839074097
"cpota","HRV","jpork",0.200668896740671
"cpota","HRV","jlamb",0.321971338639177
"cpota","HRV","jpoul",0.0566655692868735
"cpota","HRV","jeggs",0.10354029862051
"cpota","HRV","jmilk",0.0129100456020553
"cpota","HTI","jbeef",0.00448962639352763
"cpota","HTI","jpork",0.00500676648907107
"cpota","HTI","jlamb",0.00838103145282243
"cpota","HTI","jpoul",0.00477736591131566
"cpota","HTI","jeggs",0.00611125116731583
"cpota","HTI","jmilk",0.000343112071039332
"cpota","HUN","jbeef",0.0754041046964704
"cpota","HUN","jpork",0.0754041046964704
"cpota","HUN","jlamb",0.0754041046964704
"cpota","HUN","jpoul",0.0754041046964704
"cpota","HUN","jeggs",0.0754041046964704
"cpota","HUN","jmilk",0.0754041046964704
"cpota","IRL","jbeef",0.0653201534637542
"cpota","IRL","jpork",0.0985571318359094
"cpota","IRL","jlamb",0.085766043854688
"cpota","IRL","jpoul",0.070084244428632
"cpota","IRL","jeggs",0.068248084369252
"cpota","IRL","jmilk",0.00713372996042899
"cpota","ISL","jbeef",0.0204853283840249
"cpota","ISL","jpork",0.0204853283840249
"cpota","ISL","jlamb",0.0204853283840249
"cpota","ISL","jpoul",0.0204853283840249
"cpota","ISL","jeggs",0.0204853283840249
"cpota","ISL","jmilk",0.0204853283840249
"cpota","ISR","jbeef",0.00297992957830421
"cpota","ISR","jpork",0.00297992957830421
"cpota","ISR","jlamb",0.00297992957830421
"cpota","ISR","jpoul",0.00297992957830421
"cpota","ISR","jeggs",0.00297992957830421
"cpota","ISR","jmilk",0.00297992957830421
"cpota","ITP","jbeef",0.00661436982380285
"cpota","ITP","jpork",0.00661436982380285
"cpota","ITP","jlamb",0.00661436982380285
"cpota","ITP","jpoul",0.00661436982380285
"cpota","ITP","jeggs",0.00661436982380285
"cpota","ITP","jmilk",0.00661436982380285
"cpota","JAM","jbeef",0.000368930409180762
"cpota","JAM","jpork",0.00106707996822074
"cpota","JAM","jlamb",0.00285792966278569
"cpota","JAM","jpoul",0.000766043002396165
"cpota","JAM","jeggs",4.09922676867513E-5
"cpota","JAM","jmilk",0.000566205697423252
"cpota","JPN","jbeef",0.00129219139508214
"cpota","JPN","jpork",0.00129219139508214
"cpota","JPN","jlamb",0.00129219139508214
"cpota","JPN","jpoul",0.00129219139508214
"cpota","JPN","jeggs",0.00129219139508214
"cpota","JPN","jmilk",0.00129219139508214
"cpota","KAZ","jbeef",0.0204902632120437
"cpota","KAZ","jpork",0.0204902632120437
"cpota","KAZ","jlamb",0.0204902632120437
"cpota","KAZ","jpoul",0.0204902632120437
"cpota","KAZ","jeggs",0.0204902632120437
"cpota","KAZ","jmilk",0.0204902632120437
"cpota","KGZ","jbeef",0.0129136643096366
"cpota","KGZ","jpork",0.0129136643096366
"cpota","KGZ","jlamb",0.0129136643096366
"cpota","KGZ","jpoul",0.0129136643096366
"cpota","KGZ","jeggs",0.0129136643096366
"cpota","KGZ","jmilk",0.0129136643096366
"cpota","KOR","jbeef",0.0183123332837034
"cpota","KOR","jpork",0.0183123332837034
"cpota","KOR","jlamb",0.0183123332837034
"cpota","KOR","jpoul",0.0183123332837034
"cpota","KOR","jeggs",0.0183123332837034
"cpota","KOR","jmilk",0.0183123332837034
"cpota","MDA","jbeef",0.0754041046964704
"cpota","MDA","jpork",0.0754041046964704
"cpota","MDA","jlamb",0.0754041046964704
"cpota","MDA","jpoul",0.0754041046964704
"cpota","MDA","jeggs",0.0754041046964704
"cpota","MDA","jmilk",0.0754041046964704
"cpota","MDG","jbeef",0.0190800136916213
"cpota","MDG","jpork",0.0190800136916213
"cpota","MDG","jlamb",0.0190800136916213
"cpota","MDG","jpoul",0.0190800136916213
"cpota","MDG","jeggs",0.0190800136916213
"cpota","MDG","jmilk",0.0190800136916213
"cpota","MNG","jbeef",0.00282362097599539
"cpota","MNG","jpork",0.00282362097599539
"cpota","MNG","jlamb",0.00282362097599539
"cpota","MNG","jpoul",0.00282362097599539
"cpota","MNG","jeggs",0.00282362097599539
"cpota","MNG","jmilk",0.00282362097599539
"cpota","MOR","jbeef",5.67517089799895E-5
"cpota","MOR","jpork",0.0589082739212291
"cpota","MOR","jpoul",0.0408650139128578
"cpota","MOR","jeggs",0.0459802346155875
"cpota","MOR","jmilk",0.00292838818336746
"cpota","MWI","jbeef",0.806755230463078
"cpota","MWI","jpork",0.806755230463078
"cpota","MWI","jlamb",0.806755230463078
"cpota","MWI","jpoul",0.806755230463078
"cpota","MWI","jeggs",0.806755230463078
"cpota","MWI","jmilk",0.806755230463078
"cpota","MYS","jbeef",0.0035367026544177
"cpota","MYS","jpork",0.0035367026544177
"cpota","MYS","jlamb",0.0035367026544177
"cpota","MYS","jpoul",0.0035367026544177
"cpota","MYS","jeggs",0.0035367026544177
"cpota","MYS","jmilk",0.0035367026544177
"cpota","NIC","jbeef",0.00448962639352763
"cpota","NIC","jpork",0.00500676648907107
"cpota","NIC","jlamb",0.00838103145282243
"cpota","NIC","jpoul",0.00477736591131566
"cpota","NIC","jeggs",0.00611125116731583
"cpota","NIC","jmilk",0.000343112071039332
"cpota","NLD","jbeef",0.0707294523372071
"cpota","NLD","jpork",0.0707294523372071
"cpota","NLD","jlamb",0.0707294523372071
"cpota","NLD","jpoul",0.0707294523372071
"cpota","NLD","jeggs",0.0707294523372071
"cpota","NLD","jmilk",0.0707294523372071
"cpota","NOR","jbeef",0.0204853283840249
"cpota","NOR","jpork",0.0204853283840249
"cpota","NOR","jlamb",0.0204853283840249
"cpota","NOR","jpoul",0.0204853283840249
"cpota","NOR","jeggs",0.0204853283840249
"cpota","NOR","jmilk",0.0204853283840249
"cpota","NZL","jbeef",0.00111887477598262
"cpota","NZL","jpork",0.00111887477598262
"cpota","NZL","jlamb",0.00111887477598262
"cpota","NZL","jpoul",0.00111887477598262
"cpota","NZL","jeggs",0.00111887477598262
"cpota","NZL","jmilk",0.00111887477598262
"cpota","OAO","jbeef",0.000368930409180762
"cpota","OAO","jpork",0.00106707996822074
"cpota","OAO","jlamb",0.00285792966278569
"cpota","OAO","jpoul",0.000766043002396165
"cpota","OAO","jeggs",4.09922676867513E-5
"cpota","OAO","jmilk",0.000566205697423252
"cpota","OBN","jbeef",0.119742839074097
"cpota","OBN","jpork",0.200668896740671
"cpota","OBN","jlamb",0.321971338639177
"cpota","OBN","jpoul",0.0566655692868735
"cpota","OBN","jeggs",0.10354029862051
"cpota","OBN","jmilk",0.0129100456020553
"cpota","OIO","jbeef",0.000368930409180762
"cpota","OIO","jpork",0.00106707996822074
"cpota","OIO","jlamb",0.00285792966278569
"cpota","OIO","jpoul",0.000766043002396165
"cpota","OIO","jeggs",4.09922676867513E-5
"cpota","OIO","jmilk",0.000566205697423252
"cpota","OPO","jbeef",0.000368930409180762
"cpota","OPO","jpork",0.00106707996822074
"cpota","OPO","jlamb",0.00285792966278569
"cpota","OPO","jpoul",0.000766043002396165
"cpota","OPO","jeggs",4.09922676867513E-5
"cpota","OPO","jmilk",0.000566205697423252
"cpota","OSA","jbeef",0.0514009084014163
"cpota","OSA","jpork",0.148669988536041
"cpota","OSA","jlamb",0.398178564734582
"cpota","OSA","jpoul",0.106728275083496
"cpota","OSA","jeggs",0.00571121204460181
"cpota","OSA","jmilk",0.0788861163660625
"cpota","PAN","jbeef",0.00448962639352763
"cpota","PAN","jpork",0.00500676648907107
"cpota","PAN","jlamb",0.00838103145282243
"cpota","PAN","jpoul",0.00477736591131566
"cpota","PAN","jeggs",0.00611125116731583
"cpota","PAN","jmilk",0.000343112071039332
"cpota","POL","jbeef",0.382123361314153
"cpota","POL","jpork",1.10523874991212
"cpota","POL","jlamb",2.9601292329579
"cpota","POL","jpoul",0.793436701617581
"cpota","POL","jeggs",0.0424581512571281
"cpota","POL","jmilk",0.586453214239082
"cpota","PRK","jbeef",0.94734753006672
"cpota","PRK","jpork",0.94734753006672
"cpota","PRK","jlamb",0.94734753006672
"cpota","PRK","jpoul",0.94734753006672
"cpota","PRK","jeggs",0.94734753006672
"cpota","PRK","jmilk",0.94734753006672
"cpota","PRT","jbeef",0.0185970525767575
"cpota","PRT","jpork",0.0185970525767575
"cpota","PRT","jlamb",0.0185970525767575
"cpota","PRT","jpoul",0.0185970525767575
"cpota","PRT","jeggs",0.0185970525767575
"cpota","PRT","jmilk",0.0185970525767575
"cpota","PRY","jbeef",0.0409404387504816
"cpota","PRY","jpork",0.0409404387504816
"cpota","PRY","jlamb",0.0409404387504816
"cpota","PRY","jpoul",0.0409404387504816
"cpota","PRY","jeggs",0.0409404387504816
"cpota","PRY","jmilk",0.0409404387504816
"cpota","RAP","jbeef",0.00320237127773468
"cpota","RAP","jpork",0.00320237127773468
"cpota","RAP","jlamb",0.00320237127773468
"cpota","RAP","jpoul",0.00320237127773468
"cpota","RAP","jeggs",0.00320237127773468
"cpota","RAP","jmilk",0.00320237127773468
"cpota","ROU","jbeef",0.0754041046964704
"cpota","ROU","jpork",0.0754041046964704
"cpota","ROU","jlamb",0.0754041046964704
"cpota","ROU","jpoul",0.0754041046964704
"cpota","ROU","jeggs",0.0754041046964704
"cpota","ROU","jmilk",0.0754041046964704
"cpota","RUS","jbeef",0.127702098246636
"cpota","RUS","jpork",0.127702098246636
"cpota","RUS","jlamb",0.127702098246636
"cpota","RUS","jpoul",0.127702098246636
"cpota","RUS","jeggs",0.127702098246636
"cpota","RUS","jmilk",0.127702098246636
"cpota","SAU","jbeef",0.00320237127773468
"cpota","SAU","jpork",0.00320237127773468
"cpota","SAU","jlamb",0.00320237127773468
"cpota","SAU","jpoul",0.00320237127773468
"cpota","SAU","jeggs",0.00320237127773468
"cpota","SAU","jmilk",0.00320237127773468
"cpota","SLB","jbeef",0.000368930409180762
"cpota","SLB","jpork",0.00106707996822074
"cpota","SLB","jlamb",0.00285792966278569
"cpota","SLB","jpoul",0.000766043002396165
"cpota","SLB","jeggs",4.09922676867513E-5
"cpota","SLB","jmilk",0.000566205697423252
"cpota","SLV","jbeef",0.00448962639352763
"cpota","SLV","jpork",0.00500676648907107
"cpota","SLV","jlamb",0.00838103145282243
"cpota","SLV","jpoul",0.00477736591131566
"cpota","SLV","jeggs",0.00611125116731583
"cpota","SLV","jmilk",0.000343112071039332
"cpota","SPP","jbeef",0.0185970525767575
"cpota","SPP","jpork",0.0185970525767575
"cpota","SPP","jlamb",0.0185970525767575
"cpota","SPP","jpoul",0.0185970525767575
"cpota","SPP","jeggs",0.0185970525767575
"cpota","SPP","jmilk",0.0185970525767575
"cpota","SVK","jbeef",0.0754041046964704
"cpota","SVK","jpork",0.0754041046964704
"cpota","SVK","jlamb",0.0754041046964704
"cpota","SVK","jpoul",0.0754041046964704
"cpota","SVK","jeggs",0.0754041046964704
"cpota","SVK","jmilk",0.0754041046964704
"cpota","SVN","jbeef",0.119742839074097
"cpota","SVN","jpork",0.200668896740671
"cpota","SVN","jlamb",0.321971338639177
"cpota","SVN","jpoul",0.0566655692868735
"cpota","SVN","jeggs",0.10354029862051
"cpota","SVN","jmilk",0.0129100456020553
"cpota","SWE","jbeef",0.0204853283840249
"cpota","SWE","jpork",0.0204853283840249
"cpota","SWE","jlamb",0.0204853283840249
"cpota","SWE","jpoul",0.0204853283840249
"cpota","SWE","jeggs",0.0204853283840249
"cpota","SWE","jmilk",0.0204853283840249
"cpota","SYR","jbeef",0.00693857013334093
"cpota","SYR","jpork",0.00693857013334093
"cpota","SYR","jlamb",0.00693857013334093
"cpota","SYR","jpoul",0.00693857013334093
"cpota","SYR","jeggs",0.00693857013334093
"cpota","SYR","jmilk",0.00693857013334093
"cpota","UKP","jbeef",0.0653201534637542
"cpota","UKP","jpork",0.0985571318359094
"cpota","UKP","jlamb",0.085766043854688
"cpota","UKP","jpoul",0.070084244428632
"cpota","UKP","jeggs",0.068248084369252
"cpota","UKP","jmilk",0.00713372996042899
"cpota","UKR","jbeef",0.302412840740807
"cpota","UKR","jpork",0.302412840740807
"cpota","UKR","jlamb",0.302412840740807
"cpota","UKR","jpoul",0.302412840740807
"cpota","UKR","jeggs",0.302412840740807
"cpota","UKR","jmilk",0.302412840740807
"cpota","URY","jbeef",0.0294630851073791
"cpota","URY","jpork",0.0290251351243634
"cpota","URY","jpoul",0.0295068801056806
"cpota","URY","jeggs",0.043718357054539
"cpota","USA","jbeef",0.0015018051312848
"cpota","USA","jpork",0.0132405498381193
"cpota","USA","jpoul",0.00407624991290695
"cpota","USA","jeggs",0.0132690512493699
"cpota","USA","jmilk",0.000616068966264274
"cpota","VUT","jbeef",0.000368930409180762
"cpota","VUT","jpork",0.00106707996822074
"cpota","VUT","jlamb",0.00285792966278569
"cpota","VUT","jpoul",0.000766043002396165
"cpota","VUT","jeggs",4.09922676867513E-5
"cpota","VUT","jmilk",0.000566205697423252
"cpota","YEM","jbeef",0.00320237127773468
"cpota","YEM","jpork",0.00320237127773468
"cpota","YEM","jlamb",0.00320237127773468
"cpota","YEM","jpoul",0.00320237127773468
"cpota","YEM","jeggs",0.00320237127773468
"cpota","YEM","jmilk",0.00320237127773468
"cpota","ZAF","jbeef",0.037136996384724
"cpota","ZAF","jpork",0.037136996384724
"cpota","ZAF","jlamb",0.037136996384724
"cpota","ZAF","jpoul",0.037136996384724
"cpota","ZAF","jeggs",0.037136996384724
"cpota","ZAF","jmilk",0.037136996384724
"cswpt","AFG","jbeef",8.92132285375275E-7
"cswpt","AFG","jpork",8.92132285375275E-7
"cswpt","AFG","jlamb",8.92132285375275E-7
"cswpt","AFG","jpoul",8.92132285375275E-7
"cswpt","AFG","jeggs",8.92132285375275E-7
"cswpt","AFG","jmilk",8.92132285375275E-7
"cswpt","ALB","jbeef",4.49701471419737E-5
"cswpt","ALB","jpork",7.57830257392521E-5
"cswpt","ALB","jlamb",0.000121585953383855
"cswpt","ALB","jpoul",2.16522930683577E-5
"cswpt","ALB","jeggs",3.91406836235697E-5
"cswpt","ALB","jmilk",4.99668301577486E-6
"cswpt","AUS","jbeef",5.39605646303603E-5
"cswpt","AUS","jpork",4.14115961116719E-5
"cswpt","AUS","jlamb",6.58820847231143E-5
"cswpt","AUS","jpoul",0.000102274093427311
"cswpt","AUS","jeggs",8.4705537501147E-5
"cswpt","AUS","jmilk",5.01958740747538E-6
"cswpt","BEN","jbeef",2.59446860279616
"cswpt","BEN","jpork",1.99110381144821
"cswpt","BEN","jlamb",3.1676651545767
"cswpt","BEN","jpoul",4.91742304948574
"cswpt","BEN","jeggs",4.07271234159862
"cswpt","BEN","jmilk",0.241345916539177
"cswpt","BLX","jbeef",0.00174004514352859
"cswpt","BLX","jpork",0.00141069179405858
"cswpt","BLX","jpoul",0.00102491077282624
"cswpt","BLX","jeggs",0.00106406466751847
"cswpt","BLX","jmilk",5.98824271763643E-5
"cswpt","BLZ","jbeef",0.00416580658833761
"cswpt","BLZ","jpork",0.00416580658833761
"cswpt","BLZ","jlamb",0.00416580658833761
"cswpt","BLZ","jpoul",0.00416580658833761
"cswpt","BLZ","jeggs",0.00416580658833761
"cswpt","BLZ","jmilk",0.00416580658833761
"cswpt","BOL","jbeef",0.00360895203824127
"cswpt","BOL","jpork",0.00360895203824127
"cswpt","BOL","jlamb",0.00360895203824127
"cswpt","BOL","jpoul",0.00360895203824127
"cswpt","BOL","jeggs",0.00360895203824127
"cswpt","BOL","jmilk",0.00360895203824127
"cswpt","BRA","jbeef",0.0137212272879445
"cswpt","BRA","jpork",0.0206943100080475
"cswpt","BRA","jlamb",0.0179950521809108
"cswpt","BRA","jpoul",0.0146209798969901
"cswpt","BRA","jeggs",0.0143960417447287
"cswpt","BRA","jmilk",0.0015745670658297
"cswpt","CHM","jbeef",0.637882379052537
"cswpt","CHM","jpork",0.637882379052537
"cswpt","CHM","jlamb",0.637882379052537
"cswpt","CHM","jpoul",0.637882379052537
"cswpt","CHM","jeggs",0.637882379052537
"cswpt","CHM","jmilk",0.637882379052537
"cswpt","CIV","jbeef",0.616254121094772
"cswpt","CIV","jpork",0.616254121094772
"cswpt","CIV","jlamb",0.616254121094772
"cswpt","CIV","jpoul",0.616254121094772
"cswpt","CIV","jeggs",0.616254121094772
"cswpt","CIV","jmilk",0.616254121094772
"cswpt","CMR","jbeef",0.00971617077827171
"cswpt","CMR","jpork",0.00971617077827171
"cswpt","CMR","jlamb",0.00971617077827171
"cswpt","CMR","jpoul",0.00971617077827171
"cswpt","CMR","jeggs",0.00971617077827171
"cswpt","CMR","jmilk",0.00971617077827171
"cswpt","COD","jbeef",0.116330150309552
"cswpt","COD","jpork",0.126652010169152
"cswpt","COD","jlamb",0.120654172683168
"cswpt","COD","jpoul",0.122049018610141
"cswpt","COD","jeggs",0.16919481094183
"cswpt","COD","jmilk",0.0126930979354547
"cswpt","COL","jbeef",0.00324169297557817
"cswpt","COL","jpork",0.00324169297557817
"cswpt","COL","jlamb",0.00324169297557817
"cswpt","COL","jpoul",0.00324169297557817
"cswpt","COL","jeggs",0.00324169297557817
"cswpt","COL","jmilk",0.00324169297557817
"cswpt","CRB","jbeef",0.0060455067214907
"cswpt","CRB","jpork",0.0060455067214907
"cswpt","CRB","jlamb",0.0060455067214907
"cswpt","CRB","jpoul",0.0060455067214907
"cswpt","CRB","jeggs",0.0060455067214907
"cswpt","CRB","jmilk",0.0060455067214907
"cswpt","CRI","jbeef",0.00416580658833761
"cswpt","CRI","jpork",0.00416580658833761
"cswpt","CRI","jlamb",0.00416580658833761
"cswpt","CRI","jpoul",0.00416580658833761
"cswpt","CRI","jeggs",0.00416580658833761
"cswpt","CRI","jmilk",0.00416580658833761
"cswpt","CUB","jbeef",0.00416580658833761
"cswpt","CUB","jpork",0.00416580658833761
"cswpt","CUB","jlamb",0.00416580658833761
"cswpt","CUB","jpoul",0.00416580658833761
"cswpt","CUB","jeggs",0.00416580658833761
"cswpt","CUB","jmilk",0.00416580658833761
"cswpt","DEU","jbeef",1.65814103232921E-5
"cswpt","DEU","jpork",1.65814103232921E-5
"cswpt","DEU","jlamb",1.65814103232921E-5
"cswpt","DEU","jpoul",1.65814103232921E-5
"cswpt","DEU","jeggs",1.65814103232921E-5
"cswpt","DEU","jmilk",1.65814103232921E-5
"cswpt","DOM","jbeef",0.00416580658833761
"cswpt","DOM","jpork",0.00416580658833761
"cswpt","DOM","jlamb",0.00416580658833761
"cswpt","DOM","jpoul",0.00416580658833761
"cswpt","DOM","jeggs",0.00416580658833761
"cswpt","DOM","jmilk",0.00416580658833761
"cswpt","ECU","jbeef",0.000277091128669144
"cswpt","ECU","jpork",0.000191891363344283
"cswpt","ECU","jlamb",0.000693879169852926
"cswpt","ECU","jpoul",0.000190356232437528
"cswpt","ECU","jeggs",0.00027018303958875
"cswpt","ECU","jmilk",4.91241890161364E-5
"cswpt","FJI","jbeef",0.0060455067214907
"cswpt","FJI","jpork",0.0060455067214907
"cswpt","FJI","jlamb",0.0060455067214907
"cswpt","FJI","jpoul",0.0060455067214907
"cswpt","FJI","jeggs",0.0060455067214907
"cswpt","FJI","jmilk",0.0060455067214907
"cswpt","FRP","jbeef",8.53746020436798E-5
"cswpt","FRP","jpork",8.53746020436798E-5
"cswpt","FRP","jlamb",8.53746020436798E-5
"cswpt","FRP","jpoul",8.53746020436798E-5
"cswpt","FRP","jeggs",8.53746020436798E-5
"cswpt","FRP","jmilk",8.53746020436798E-5
"cswpt","GRC","jbeef",4.49701471419737E-5
"cswpt","GRC","jpork",7.57830257392521E-5
"cswpt","GRC","jlamb",0.000121585953383855
"cswpt","GRC","jpoul",2.16522930683577E-5
"cswpt","GRC","jeggs",3.91406836235697E-5
"cswpt","GRC","jmilk",4.99668301577486E-6
"cswpt","GTM","jbeef",0.00416580658833761
"cswpt","GTM","jpork",0.00416580658833761
"cswpt","GTM","jlamb",0.00416580658833761
"cswpt","GTM","jpoul",0.00416580658833761
"cswpt","GTM","jeggs",0.00416580658833761
"cswpt","GTM","jmilk",0.00416580658833761
"cswpt","HND","jbeef",0.00416580658833761
"cswpt","HND","jpork",0.00416580658833761
"cswpt","HND","jlamb",0.00416580658833761
"cswpt","HND","jpoul",0.00416580658833761
"cswpt","HND","jeggs",0.00416580658833761
"cswpt","HND","jmilk",0.00416580658833761
"cswpt","HRV","jbeef",4.49701471419737E-5
"cswpt","HRV","jpork",7.57830257392521E-5
"cswpt","HRV","jlamb",0.000121585953383855
"cswpt","HRV","jpoul",2.16522930683577E-5
"cswpt","HRV","jeggs",3.91406836235697E-5
"cswpt","HRV","jmilk",4.99668301577486E-6
"cswpt","HTI","jbeef",0.00416580658833761
"cswpt","HTI","jpork",0.00416580658833761
"cswpt","HTI","jlamb",0.00416580658833761
"cswpt","HTI","jpoul",0.00416580658833761
"cswpt","HTI","jeggs",0.00416580658833761
"cswpt","HTI","jmilk",0.00416580658833761
"cswpt","IDN","jbeef",0.0129477551393754
"cswpt","IDN","jpork",0.0129477551393754
"cswpt","IDN","jlamb",0.0129477551393754
"cswpt","IDN","jpoul",0.0129477551393754
"cswpt","IDN","jeggs",0.0129477551393754
"cswpt","IDN","jmilk",0.0129477551393754
"cswpt","IRL","jbeef",0.000286674940315096
"cswpt","IRL","jpork",0.000286674940315096
"cswpt","IRL","jlamb",0.000286674940315096
"cswpt","IRL","jpoul",0.000286674940315096
"cswpt","IRL","jeggs",0.000286674940315096
"cswpt","IRL","jmilk",0.000286674940315096
"cswpt","ISR","jbeef",0.000969140362842204
"cswpt","ISR","jpork",0.0115003925042771
"cswpt","ISR","jpoul",0.00548119084579659
"cswpt","ISR","jeggs",0.00580230478555462
"cswpt","ISR","jmilk",0.000297606330698148
"cswpt","ITP","jbeef",0.000219473252023304
"cswpt","ITP","jpork",0.00260439936177653
"cswpt","ITP","jpoul",0.0012412802376318
"cswpt","ITP","jeggs",0.00131400027213952
"cswpt","ITP","jmilk",6.73964595071561E-5
"cswpt","JAM","jbeef",0.0060455067214907
"cswpt","JAM","jpork",0.0060455067214907
"cswpt","JAM","jlamb",0.0060455067214907
"cswpt","JAM","jpoul",0.0060455067214907
"cswpt","JAM","jeggs",0.0060455067214907
"cswpt","JAM","jmilk",0.0060455067214907
"cswpt","JPN","jbeef",0.0037734357753956
"cswpt","JPN","jpork",0.0037734357753956
"cswpt","JPN","jlamb",0.0037734357753956
"cswpt","JPN","jpoul",0.0037734357753956
"cswpt","JPN","jeggs",0.0037734357753956
"cswpt","JPN","jmilk",0.0037734357753956
"cswpt","KHM","jbeef",0.036322580840444
"cswpt","KHM","jpork",0.036322580840444
"cswpt","KHM","jlamb",0.036322580840444
"cswpt","KHM","jpoul",0.036322580840444
"cswpt","KHM","jeggs",0.036322580840444
"cswpt","KHM","jmilk",0.036322580840444
"cswpt","KOR","jbeef",0.0166678177229177
"cswpt","KOR","jpork",0.0166678177229177
"cswpt","KOR","jlamb",0.0166678177229177
"cswpt","KOR","jpoul",0.0166678177229177
"cswpt","KOR","jeggs",0.0166678177229177
"cswpt","KOR","jmilk",0.0166678177229177
"cswpt","LAO","jbeef",0.036322580840444
"cswpt","LAO","jpork",0.036322580840444
"cswpt","LAO","jlamb",0.036322580840444
"cswpt","LAO","jpoul",0.036322580840444
"cswpt","LAO","jeggs",0.036322580840444
"cswpt","LAO","jmilk",0.036322580840444
"cswpt","LKA","jbeef",0.0279204968467536
"cswpt","LKA","jpork",0.0279204968467536
"cswpt","LKA","jlamb",0.0279204968467536
"cswpt","LKA","jpoul",0.0279204968467536
"cswpt","LKA","jeggs",0.0279204968467536
"cswpt","LKA","jmilk",0.0279204968467536
"cswpt","MDG","jbeef",0.165400629003577
"cswpt","MDG","jpork",0.165400629003577
"cswpt","MDG","jlamb",0.165400629003577
"cswpt","MDG","jpoul",0.165400629003577
"cswpt","MDG","jeggs",0.165400629003577
"cswpt","MDG","jmilk",0.165400629003577
"cswpt","MYS","jbeef",0.0130867986883449
"cswpt","MYS","jpork",0.0130867986883449
"cswpt","MYS","jlamb",0.0130867986883449
"cswpt","MYS","jpoul",0.0130867986883449
"cswpt","MYS","jeggs",0.0130867986883449
"cswpt","MYS","jmilk",0.0130867986883449
"cswpt","NIC","jbeef",0.00416580658833761
"cswpt","NIC","jpork",0.00416580658833761
"cswpt","NIC","jlamb",0.00416580658833761
"cswpt","NIC","jpoul",0.00416580658833761
"cswpt","NIC","jeggs",0.00416580658833761
"cswpt","NIC","jmilk",0.00416580658833761
"cswpt","OAO","jbeef",0.0060455067214907
"cswpt","OAO","jpork",0.0060455067214907
"cswpt","OAO","jlamb",0.0060455067214907
"cswpt","OAO","jpoul",0.0060455067214907
"cswpt","OAO","jeggs",0.0060455067214907
"cswpt","OAO","jmilk",0.0060455067214907
"cswpt","OBN","jbeef",4.49701471419737E-5
"cswpt","OBN","jpork",7.57830257392521E-5
"cswpt","OBN","jlamb",0.000121585953383855
"cswpt","OBN","jpoul",2.16522930683577E-5
"cswpt","OBN","jeggs",3.91406836235697E-5
"cswpt","OBN","jmilk",4.99668301577486E-6
"cswpt","OIO","jbeef",0.0060455067214907
"cswpt","OIO","jpork",0.0060455067214907
"cswpt","OIO","jlamb",0.0060455067214907
"cswpt","OIO","jpoul",0.0060455067214907
"cswpt","OIO","jeggs",0.0060455067214907
"cswpt","OIO","jmilk",0.0060455067214907
"cswpt","OPO","jbeef",0.0060455067214907
"cswpt","OPO","jpork",0.0060455067214907
"cswpt","OPO","jlamb",0.0060455067214907
"cswpt","OPO","jpoul",0.0060455067214907
"cswpt","OPO","jeggs",0.0060455067214907
"cswpt","OPO","jmilk",0.0060455067214907
"cswpt","OSA","jbeef",0.000328235623132516
"cswpt","OSA","jpork",0.000328235623132516
"cswpt","OSA","jlamb",0.000328235623132516
"cswpt","OSA","jpoul",0.000328235623132516
"cswpt","OSA","jeggs",0.000328235623132516
"cswpt","OSA","jmilk",0.000328235623132516
"cswpt","PAN","jbeef",0.00416580658833761
"cswpt","PAN","jpork",0.00416580658833761
"cswpt","PAN","jlamb",0.00416580658833761
"cswpt","PAN","jpoul",0.00416580658833761
"cswpt","PAN","jeggs",0.00416580658833761
"cswpt","PAN","jmilk",0.00416580658833761
"cswpt","PHL","jbeef",0.0120583403524253
"cswpt","PHL","jpork",0.0120583403524253
"cswpt","PHL","jlamb",0.0120583403524253
"cswpt","PHL","jpoul",0.0120583403524253
"cswpt","PHL","jeggs",0.0120583403524253
"cswpt","PHL","jmilk",0.0120583403524253
"cswpt","PRK","jbeef",0.092701062100385
"cswpt","PRK","jpork",0.092701062100385
"cswpt","PRK","jlamb",0.092701062100385
"cswpt","PRK","jpoul",0.092701062100385
"cswpt","PRK","jeggs",0.092701062100385
"cswpt","PRK","jmilk",0.092701062100385
"cswpt","PRT","jbeef",0.00108585376442798
"cswpt","PRT","jpork",0.00108585376442798
"cswpt","PRT","jlamb",0.00108585376442798
"cswpt","PRT","jpoul",0.00108585376442798
"cswpt","PRT","jeggs",0.00108585376442798
"cswpt","PRT","jmilk",0.00108585376442798
"cswpt","PRY","jbeef",0.00360895203824127
"cswpt","PRY","jpork",0.00360895203824127
"cswpt","PRY","jlamb",0.00360895203824127
"cswpt","PRY","jpoul",0.00360895203824127
"cswpt","PRY","jeggs",0.00360895203824127
"cswpt","PRY","jmilk",0.00360895203824127
"cswpt","SLB","jbeef",0.0060455067214907
"cswpt","SLB","jpork",0.0060455067214907
"cswpt","SLB","jlamb",0.0060455067214907
"cswpt","SLB","jpoul",0.0060455067214907
"cswpt","SLB","jeggs",0.0060455067214907
"cswpt","SLB","jmilk",0.0060455067214907
"cswpt","SLV","jbeef",0.00416580658833761
"cswpt","SLV","jpork",0.00416580658833761
"cswpt","SLV","jlamb",0.00416580658833761
"cswpt","SLV","jpoul",0.00416580658833761
"cswpt","SLV","jeggs",0.00416580658833761
"cswpt","SLV","jmilk",0.00416580658833761
"cswpt","SPP","jbeef",0.00108585376442798
"cswpt","SPP","jpork",0.00108585376442798
"cswpt","SPP","jlamb",0.00108585376442798
"cswpt","SPP","jpoul",0.00108585376442798
"cswpt","SPP","jeggs",0.00108585376442798
"cswpt","SPP","jmilk",0.00108585376442798
"cswpt","SVN","jbeef",4.49701471419737E-5
"cswpt","SVN","jpork",7.57830257392521E-5
"cswpt","SVN","jlamb",0.000121585953383855
"cswpt","SVN","jpoul",2.16522930683577E-5
"cswpt","SVN","jeggs",3.91406836235697E-5
"cswpt","SVN","jmilk",4.99668301577486E-6
"cswpt","TCD","jbeef",0.0435238970533561
"cswpt","TCD","jpork",0.0435238970533561
"cswpt","TCD","jlamb",0.0435238970533561
"cswpt","TCD","jpoul",0.0435238970533561
"cswpt","TCD","jeggs",0.0435238970533561
"cswpt","TCD","jmilk",0.0435238970533561
"cswpt","UKP","jbeef",0.000286674940315096
"cswpt","UKP","jpork",0.000286674940315096
"cswpt","UKP","jlamb",0.000286674940315096
"cswpt","UKP","jpoul",0.000286674940315096
"cswpt","UKP","jeggs",0.000286674940315096
"cswpt","UKP","jmilk",0.000286674940315096
"cswpt","URY","jbeef",0.0118111256870976
"cswpt","URY","jpork",0.0116315413199254
"cswpt","URY","jpoul",0.0118283934147103
"cswpt","URY","jeggs",0.017523289981384
"cswpt","USA","jbeef",0.000117686231322759
"cswpt","USA","jpork",0.00103772280558699
"cswpt","USA","jpoul",0.000319476318118332
"cswpt","USA","jeggs",0.00103997989185945
"cswpt","USA","jmilk",4.82863068093659E-5
"cswpt","VNM","jbeef",0.713842905893366
"cswpt","VNM","jpork",0.415463201890028
"cswpt","VNM","jpoul",0.747868661613044
"cswpt","VNM","jeggs",0.572505151365469
"cswpt","VNM","jmilk",0.167336921718831
"cswpt","VUT","jbeef",0.0060455067214907
"cswpt","VUT","jpork",0.0060455067214907
"cswpt","VUT","jlamb",0.0060455067214907
"cswpt","VUT","jpoul",0.0060455067214907
"cswpt","VUT","jeggs",0.0060455067214907
"cswpt","VUT","jmilk",0.0060455067214907
"cswpt","ZAF","jbeef",0.000872194948928741
"cswpt","ZAF","jpork",0.000872194948928741
"cswpt","ZAF","jlamb",0.000872194948928741
"cswpt","ZAF","jpoul",0.000872194948928741
"cswpt","ZAF","jeggs",0.000872194948928741
"cswpt","ZAF","jmilk",0.000872194948928741
"cyams","AFG","jbeef",0.00529606586202312
"cyams","AFG","jpork",0.00406575987256615
"cyams","AFG","jlamb",0.00642004911165048
"cyams","AFG","jpoul",0.00997697872931775
"cyams","AFG","jeggs",0.00827798474387717
"cyams","AFG","jmilk",0.000496896069815956
"cyams","ALB","jbeef",0.119742839074097
"cyams","ALB","jpork",0.200668896740671
"cyams","ALB","jlamb",0.321971338639177
"cyams","ALB","jpoul",0.0566655692868735
"cyams","ALB","jeggs",0.10354029862051
"cyams","ALB","jmilk",0.0129100456020553
"cyams","ARM","jbeef",0.268970350151119
"cyams","ARM","jpork",0.299951848472677
"cyams","ARM","jlamb",0.502101682167356
"cyams","ARM","jpoul",0.286208621683764
"cyams","ARM","jeggs",0.366120746417573
"cyams","ARM","jmilk",0.0205556021368656
"cyams","AUS","jbeef",0.0102616601140618
"cyams","AUS","jpork",0.00787781855524872
"cyams","AUS","jlamb",0.0124394906739651
"cyams","AUS","jpoul",0.0193313994487171
"cyams","AUS","jeggs",0.0160394277722609
"cyams","AUS","jmilk",0.000962786096945674
"cyams","AUT","jbeef",0.0674685765149912
"cyams","AUT","jpork",0.051795245414305
"cyams","AUT","jlamb",0.0817874222119145
"cyams","AUT","jpoul",0.127100487479639
"cyams","AUT","jeggs",0.105456363578692
"cyams","AUT","jmilk",0.00633014607064755
"cyams","AZE","jbeef",0.268970350151119
"cyams","AZE","jpork",0.299951848472677
"cyams","AZE","jlamb",0.502101682167356
"cyams","AZE","jpoul",0.286208621683764
"cyams","AZE","jeggs",0.366120746417573
"cyams","AZE","jmilk",0.0205556021368656
"cyams","BGR","jbeef",0.0754041046964704
"cyams","BGR","jpork",0.0754041046964704
"cyams","BGR","jlamb",0.0754041046964704
"cyams","BGR","jpoul",0.0754041046964704
"cyams","BGR","jeggs",0.0754041046964704
"cyams","BGR","jmilk",0.0754041046964704
"cyams","BLR","jbeef",2.39874951641941
"cyams","BLR","jpork",1.84150646579571
"cyams","BLR","jlamb",2.90783576019909
"cyams","BLR","jpoul",4.51887750752697
"cyams","BLR","jeggs",3.749351389999
"cyams","BLR","jmilk",0.225059362597581
"cyams","BLT","jbeef",2.39874951641941
"cyams","BLT","jpork",1.84150646579571
"cyams","BLT","jlamb",2.90783576019909
"cyams","BLT","jpoul",4.51887750752697
"cyams","BLT","jeggs",3.749351389999
"cyams","BLT","jmilk",0.225059362597581
"cyams","BLX","jbeef",0.359394438945631
"cyams","BLX","jpork",0.291443939410858
"cyams","BLX","jpoul",0.211814447768547
"cyams","BLX","jeggs",0.219777396932778
"cyams","BLX","jmilk",0.0122098553851544
"cyams","BLZ","jbeef",0.00448962639352763
"cyams","BLZ","jpork",0.00500676648907107
"cyams","BLZ","jlamb",0.00838103145282243
"cyams","BLZ","jpoul",0.00477736591131566
"cyams","BLZ","jeggs",0.00611125116731583
"cyams","BLZ","jmilk",0.000343112071039332
"cyams","BOL","jbeef",0.0409404387504816
"cyams","BOL","jpork",0.0409404387504816
"cyams","BOL","jlamb",0.0409404387504816
"cyams","BOL","jpoul",0.0409404387504816
"cyams","BOL","jeggs",0.0409404387504816
"cyams","BOL","jmilk",0.0409404387504816
"cyams","CHL","jbeef",0.104761896253796
"cyams","CHL","jpork",0.116830276252527
"cyams","CHL","jlamb",0.19557403658768
"cyams","CHL","jpoul",0.111478159954218
"cyams","CHL","jeggs",0.142606068345183
"cyams","CHL","jmilk",0.00801104767530887
"cyams","CHM","jbeef",0.112633563490504
"cyams","CHM","jpork",0.12560874524477
"cyams","CHM","jlamb",0.210269205262637
"cyams","CHM","jpoul",0.119854478164364
"cyams","CHM","jeggs",0.153321295504006
"cyams","CHM","jmilk",0.00861298696595193
"cyams","CHP","jbeef",0.0674685765149912
"cyams","CHP","jpork",0.051795245414305
"cyams","CHP","jlamb",0.0817874222119145
"cyams","CHP","jpoul",0.127100487479639
"cyams","CHP","jeggs",0.105456363578692
"cyams","CHP","jmilk",0.00633014607064755
"cyams","COL","jbeef",0.124526032452781
"cyams","COL","jpork",0.138871205011835
"cyams","COL","jlamb",0.232470580410636
"cyams","COL","jpoul",0.13250937087474
"cyams","COL","jeggs",0.169509798216089
"cyams","COL","jmilk",0.0095223933364049
"cyams","CRB","jbeef",0.000368930409180762
"cyams","CRB","jpork",0.00106707996822074
"cyams","CRB","jlamb",0.00285792966278569
"cyams","CRB","jpoul",0.000766043002396165
"cyams","CRB","jeggs",4.09922676867513E-5
"cyams","CRB","jmilk",0.000566205697423252
"cyams","CRI","jbeef",0.00448962639352763
"cyams","CRI","jpork",0.00500676648907107
"cyams","CRI","jlamb",0.00838103145282243
"cyams","CRI","jpoul",0.00477736591131566
"cyams","CRI","jeggs",0.00611125116731583
"cyams","CRI","jmilk",0.000343112071039332
"cyams","CUB","jbeef",0.00448962639352763
"cyams","CUB","jpork",0.00500676648907107
"cyams","CUB","jlamb",0.00838103145282243
"cyams","CUB","jpoul",0.00477736591131566
"cyams","CUB","jeggs",0.00611125116731583
"cyams","CUB","jmilk",0.000343112071039332
"cyams","CYP","jbeef",0.0232950517982116
"cyams","CYP","jpork",0.0232950517982116
"cyams","CYP","jlamb",0.0232950517982116
"cyams","CYP","jpoul",0.0232950517982116
"cyams","CYP","jeggs",0.0232950517982116
"cyams","CYP","jmilk",0.0232950517982116
"cyams","CZE","jbeef",0.0754041046964704
"cyams","CZE","jpork",0.0754041046964704
"cyams","CZE","jlamb",0.0754041046964704
"cyams","CZE","jpoul",0.0754041046964704
"cyams","CZE","jeggs",0.0754041046964704
"cyams","CZE","jmilk",0.0754041046964704
"cyams","DEU","jbeef",0.0312987168860602
"cyams","DEU","jpork",0.0312987168860602
"cyams","DEU","jlamb",0.0312987168860602
"cyams","DEU","jpoul",0.0312987168860602
"cyams","DEU","jeggs",0.0312987168860602
"cyams","DEU","jmilk",0.0312987168860602
"cyams","DNK","jbeef",0.0204853283840249
"cyams","DNK","jpork",0.0204853283840249
"cyams","DNK","jlamb",0.0204853283840249
"cyams","DNK","jpoul",0.0204853283840249
"cyams","DNK","jeggs",0.0204853283840249
"cyams","DNK","jmilk",0.0204853283840249
"cyams","DOM","jbeef",0.00448962639352763
"cyams","DOM","jpork",0.00500676648907107
"cyams","DOM","jlamb",0.00838103145282243
"cyams","DOM","jpoul",0.00477736591131566
"cyams","DOM","jeggs",0.00611125116731583
"cyams","DOM","jmilk",0.000343112071039332
"cyams","ECU","jbeef",0.0303089039714011
"cyams","ECU","jpork",0.0210272506636634
"cyams","ECU","jlamb",0.0759038297563187
"cyams","ECU","jpoul",0.0207880327949073
"cyams","ECU","jeggs",0.0295434067913815
"cyams","ECU","jmilk",0.00540632383388844
"cyams","FJI","jbeef",0.000368930409180762
"cyams","FJI","jpork",0.00106707996822074
"cyams","FJI","jlamb",0.00285792966278569
"cyams","FJI","jpoul",0.000766043002396165
"cyams","FJI","jeggs",4.09922676867513E-5
"cyams","FJI","jmilk",0.000566205697423252
"cyams","FNP","jbeef",0.0204853283840249
"cyams","FNP","jpork",0.0204853283840249
"cyams","FNP","jlamb",0.0204853283840249
"cyams","FNP","jpoul",0.0204853283840249
"cyams","FNP","jeggs",0.0204853283840249
"cyams","FNP","jmilk",0.0204853283840249
"cyams","FRP","jbeef",0.0122183124439741
"cyams","FRP","jpork",0.0122183124439741
"cyams","FRP","jlamb",0.0122183124439741
"cyams","FRP","jpoul",0.0122183124439741
"cyams","FRP","jeggs",0.0122183124439741
"cyams","FRP","jmilk",0.0122183124439741
"cyams","GEO","jbeef",0.268970350151119
"cyams","GEO","jpork",0.299951848472677
"cyams","GEO","jlamb",0.502101682167356
"cyams","GEO","jpoul",0.286208621683764
"cyams","GEO","jeggs",0.366120746417573
"cyams","GEO","jmilk",0.0205556021368656
"cyams","GRC","jbeef",0.119742839074097
"cyams","GRC","jpork",0.200668896740671
"cyams","GRC","jlamb",0.321971338639177
"cyams","GRC","jpoul",0.0566655692868735
"cyams","GRC","jeggs",0.10354029862051
"cyams","GRC","jmilk",0.0129100456020553
"cyams","GTM","jbeef",0.00448962639352763
"cyams","GTM","jpork",0.00500676648907107
"cyams","GTM","jlamb",0.00838103145282243
"cyams","GTM","jpoul",0.00477736591131566
"cyams","GTM","jeggs",0.00611125116731583
"cyams","GTM","jmilk",0.000343112071039332
"cyams","HND","jbeef",0.00448962639352763
"cyams","HND","jpork",0.00500676648907107
"cyams","HND","jlamb",0.00838103145282243
"cyams","HND","jpoul",0.00477736591131566
"cyams","HND","jeggs",0.00611125116731583
"cyams","HND","jmilk",0.000343112071039332
"cyams","HRV","jbeef",0.119742839074097
"cyams","HRV","jpork",0.200668896740671
"cyams","HRV","jlamb",0.321971338639177
"cyams","HRV","jpoul",0.0566655692868735
"cyams","HRV","jeggs",0.10354029862051
"cyams","HRV","jmilk",0.0129100456020553
"cyams","HTI","jbeef",0.00448962639352763
"cyams","HTI","jpork",0.00500676648907107
"cyams","HTI","jlamb",0.00838103145282243
"cyams","HTI","jpoul",0.00477736591131566
"cyams","HTI","jeggs",0.00611125116731583
"cyams","HTI","jmilk",0.000343112071039332
"cyams","HUN","jbeef",0.0754041046964704
"cyams","HUN","jpork",0.0754041046964704
"cyams","HUN","jlamb",0.0754041046964704
"cyams","HUN","jpoul",0.0754041046964704
"cyams","HUN","jeggs",0.0754041046964704
"cyams","HUN","jmilk",0.0754041046964704
"cyams","IRL","jbeef",0.0653201534637542
"cyams","IRL","jpork",0.0985571318359094
"cyams","IRL","jlamb",0.085766043854688
"cyams","IRL","jpoul",0.070084244428632
"cyams","IRL","jeggs",0.068248084369252
"cyams","IRL","jmilk",0.00713372996042899
"cyams","ISL","jbeef",0.0204853283840249
"cyams","ISL","jpork",0.0204853283840249
"cyams","ISL","jlamb",0.0204853283840249
"cyams","ISL","jpoul",0.0204853283840249
"cyams","ISL","jeggs",0.0204853283840249
"cyams","ISL","jmilk",0.0204853283840249
"cyams","ISR","jbeef",0.00297992957830421
"cyams","ISR","jpork",0.00297992957830421
"cyams","ISR","jlamb",0.00297992957830421
"cyams","ISR","jpoul",0.00297992957830421
"cyams","ISR","jeggs",0.00297992957830421
"cyams","ISR","jmilk",0.00297992957830421
"cyams","ITP","jbeef",0.00661436982380285
"cyams","ITP","jpork",0.00661436982380285
"cyams","ITP","jlamb",0.00661436982380285
"cyams","ITP","jpoul",0.00661436982380285
"cyams","ITP","jeggs",0.00661436982380285
"cyams","ITP","jmilk",0.00661436982380285
"cyams","JAM","jbeef",0.000368930409180762
"cyams","JAM","jpork",0.00106707996822074
"cyams","JAM","jlamb",0.00285792966278569
"cyams","JAM","jpoul",0.000766043002396165
"cyams","JAM","jeggs",4.09922676867513E-5
"cyams","JAM","jmilk",0.000566205697423252
"cyams","JPN","jbeef",0.00129219139508214
"cyams","JPN","jpork",0.00129219139508214
"cyams","JPN","jlamb",0.00129219139508214
"cyams","JPN","jpoul",0.00129219139508214
"cyams","JPN","jeggs",0.00129219139508214
"cyams","JPN","jmilk",0.00129219139508214
"cyams","KAZ","jbeef",0.0204902632120437
"cyams","KAZ","jpork",0.0204902632120437
"cyams","KAZ","jlamb",0.0204902632120437
"cyams","KAZ","jpoul",0.0204902632120437
"cyams","KAZ","jeggs",0.0204902632120437
"cyams","KAZ","jmilk",0.0204902632120437
"cyams","KGZ","jbeef",0.0129136643096366
"cyams","KGZ","jpork",0.0129136643096366
"cyams","KGZ","jlamb",0.0129136643096366
"cyams","KGZ","jpoul",0.0129136643096366
"cyams","KGZ","jeggs",0.0129136643096366
"cyams","KGZ","jmilk",0.0129136643096366
"cyams","KOR","jbeef",0.0183123332837034
"cyams","KOR","jpork",0.0183123332837034
"cyams","KOR","jlamb",0.0183123332837034
"cyams","KOR","jpoul",0.0183123332837034
"cyams","KOR","jeggs",0.0183123332837034
"cyams","KOR","jmilk",0.0183123332837034
"cyams","MDA","jbeef",0.0754041046964704
"cyams","MDA","jpork",0.0754041046964704
"cyams","MDA","jlamb",0.0754041046964704
"cyams","MDA","jpoul",0.0754041046964704
"cyams","MDA","jeggs",0.0754041046964704
"cyams","MDA","jmilk",0.0754041046964704
"cyams","MDG","jbeef",0.0190800136916213
"cyams","MDG","jpork",0.0190800136916213
"cyams","MDG","jlamb",0.0190800136916213
"cyams","MDG","jpoul",0.0190800136916213
"cyams","MDG","jeggs",0.0190800136916213
"cyams","MDG","jmilk",0.0190800136916213
"cyams","MNG","jbeef",0.00282362097599539
"cyams","MNG","jpork",0.00282362097599539
"cyams","MNG","jlamb",0.00282362097599539
"cyams","MNG","jpoul",0.00282362097599539
"cyams","MNG","jeggs",0.00282362097599539
"cyams","MNG","jmilk",0.00282362097599539
"cyams","MOR","jbeef",5.67517089799895E-5
"cyams","MOR","jpork",0.0589082739212291
"cyams","MOR","jpoul",0.0408650139128578
"cyams","MOR","jeggs",0.0459802346155875
"cyams","MOR","jmilk",0.00292838818336746
"cyams","MWI","jbeef",0.806755230463078
"cyams","MWI","jpork",0.806755230463078
"cyams","MWI","jlamb",0.806755230463078
"cyams","MWI","jpoul",0.806755230463078
"cyams","MWI","jeggs",0.806755230463078
"cyams","MWI","jmilk",0.806755230463078
"cyams","MYS","jbeef",0.0035367026544177
"cyams","MYS","jpork",0.0035367026544177
"cyams","MYS","jlamb",0.0035367026544177
"cyams","MYS","jpoul",0.0035367026544177
"cyams","MYS","jeggs",0.0035367026544177
"cyams","MYS","jmilk",0.0035367026544177
"cyams","NIC","jbeef",0.00448962639352763
"cyams","NIC","jpork",0.00500676648907107
"cyams","NIC","jlamb",0.00838103145282243
"cyams","NIC","jpoul",0.00477736591131566
"cyams","NIC","jeggs",0.00611125116731583
"cyams","NIC","jmilk",0.000343112071039332
"cyams","NLD","jbeef",0.0707294523372071
"cyams","NLD","jpork",0.0707294523372071
"cyams","NLD","jlamb",0.0707294523372071
"cyams","NLD","jpoul",0.0707294523372071
"cyams","NLD","jeggs",0.0707294523372071
"cyams","NLD","jmilk",0.0707294523372071
"cyams","NOR","jbeef",0.0204853283840249
"cyams","NOR","jpork",0.0204853283840249
"cyams","NOR","jlamb",0.0204853283840249
"cyams","NOR","jpoul",0.0204853283840249
"cyams","NOR","jeggs",0.0204853283840249
"cyams","NOR","jmilk",0.0204853283840249
"cyams","NZL","jbeef",0.00111887477598262
"cyams","NZL","jpork",0.00111887477598262
"cyams","NZL","jlamb",0.00111887477598262
"cyams","NZL","jpoul",0.00111887477598262
"cyams","NZL","jeggs",0.00111887477598262
"cyams","NZL","jmilk",0.00111887477598262
"cyams","OAO","jbeef",0.000368930409180762
"cyams","OAO","jpork",0.00106707996822074
"cyams","OAO","jlamb",0.00285792966278569
"cyams","OAO","jpoul",0.000766043002396165
"cyams","OAO","jeggs",4.09922676867513E-5
"cyams","OAO","jmilk",0.000566205697423252
"cyams","OBN","jbeef",0.119742839074097
"cyams","OBN","jpork",0.200668896740671
"cyams","OBN","jlamb",0.321971338639177
"cyams","OBN","jpoul",0.0566655692868735
"cyams","OBN","jeggs",0.10354029862051
"cyams","OBN","jmilk",0.0129100456020553
"cyams","OIO","jbeef",0.000368930409180762
"cyams","OIO","jpork",0.00106707996822074
"cyams","OIO","jlamb",0.00285792966278569
"cyams","OIO","jpoul",0.000766043002396165
"cyams","OIO","jeggs",4.09922676867513E-5
"cyams","OIO","jmilk",0.000566205697423252
"cyams","OPO","jbeef",0.000368930409180762
"cyams","OPO","jpork",0.00106707996822074
"cyams","OPO","jlamb",0.00285792966278569
"cyams","OPO","jpoul",0.000766043002396165
"cyams","OPO","jeggs",4.09922676867513E-5
"cyams","OPO","jmilk",0.000566205697423252
"cyams","OSA","jbeef",0.0514009084014163
"cyams","OSA","jpork",0.148669988536041
"cyams","OSA","jlamb",0.398178564734582
"cyams","OSA","jpoul",0.106728275083496
"cyams","OSA","jeggs",0.00571121204460181
"cyams","OSA","jmilk",0.0788861163660625
"cyams","PAN","jbeef",0.00448962639352763
"cyams","PAN","jpork",0.00500676648907107
"cyams","PAN","jlamb",0.00838103145282243
"cyams","PAN","jpoul",0.00477736591131566
"cyams","PAN","jeggs",0.00611125116731583
"cyams","PAN","jmilk",0.000343112071039332
"cyams","POL","jbeef",0.382123361314153
"cyams","POL","jpork",1.10523874991212
"cyams","POL","jlamb",2.9601292329579
"cyams","POL","jpoul",0.793436701617581
"cyams","POL","jeggs",0.0424581512571281
"cyams","POL","jmilk",0.586453214239082
"cyams","PRK","jbeef",0.94734753006672
"cyams","PRK","jpork",0.94734753006672
"cyams","PRK","jlamb",0.94734753006672
"cyams","PRK","jpoul",0.94734753006672
"cyams","PRK","jeggs",0.94734753006672
"cyams","PRK","jmilk",0.94734753006672
"cyams","PRT","jbeef",0.0185970525767575
"cyams","PRT","jpork",0.0185970525767575
"cyams","PRT","jlamb",0.0185970525767575
"cyams","PRT","jpoul",0.0185970525767575
"cyams","PRT","jeggs",0.0185970525767575
"cyams","PRT","jmilk",0.0185970525767575
"cyams","PRY","jbeef",0.0409404387504816
"cyams","PRY","jpork",0.0409404387504816
"cyams","PRY","jlamb",0.0409404387504816
"cyams","PRY","jpoul",0.0409404387504816
"cyams","PRY","jeggs",0.0409404387504816
"cyams","PRY","jmilk",0.0409404387504816
"cyams","RAP","jbeef",0.00320237127773468
"cyams","RAP","jpork",0.00320237127773468
"cyams","RAP","jlamb",0.00320237127773468
"cyams","RAP","jpoul",0.00320237127773468
"cyams","RAP","jeggs",0.00320237127773468
"cyams","RAP","jmilk",0.00320237127773468
"cyams","ROU","jbeef",0.0754041046964704
"cyams","ROU","jpork",0.0754041046964704
"cyams","ROU","jlamb",0.0754041046964704
"cyams","ROU","jpoul",0.0754041046964704
"cyams","ROU","jeggs",0.0754041046964704
"cyams","ROU","jmilk",0.0754041046964704
"cyams","RUS","jbeef",0.127702098246636
"cyams","RUS","jpork",0.127702098246636
"cyams","RUS","jlamb",0.127702098246636
"cyams","RUS","jpoul",0.127702098246636
"cyams","RUS","jeggs",0.127702098246636
"cyams","RUS","jmilk",0.127702098246636
"cyams","SAU","jbeef",0.00320237127773468
"cyams","SAU","jpork",0.00320237127773468
"cyams","SAU","jlamb",0.00320237127773468
"cyams","SAU","jpoul",0.00320237127773468
"cyams","SAU","jeggs",0.00320237127773468
"cyams","SAU","jmilk",0.00320237127773468
"cyams","SLB","jbeef",0.000368930409180762
"cyams","SLB","jpork",0.00106707996822074
"cyams","SLB","jlamb",0.00285792966278569
"cyams","SLB","jpoul",0.000766043002396165
"cyams","SLB","jeggs",4.09922676867513E-5
"cyams","SLB","jmilk",0.000566205697423252
"cyams","SLV","jbeef",0.00448962639352763
"cyams","SLV","jpork",0.00500676648907107
"cyams","SLV","jlamb",0.00838103145282243
"cyams","SLV","jpoul",0.00477736591131566
"cyams","SLV","jeggs",0.00611125116731583
"cyams","SLV","jmilk",0.000343112071039332
"cyams","SPP","jbeef",0.0185970525767575
"cyams","SPP","jpork",0.0185970525767575
"cyams","SPP","jlamb",0.0185970525767575
"cyams","SPP","jpoul",0.0185970525767575
"cyams","SPP","jeggs",0.0185970525767575
"cyams","SPP","jmilk",0.0185970525767575
"cyams","SVK","jbeef",0.0754041046964704
"cyams","SVK","jpork",0.0754041046964704
"cyams","SVK","jlamb",0.0754041046964704
"cyams","SVK","jpoul",0.0754041046964704
"cyams","SVK","jeggs",0.0754041046964704
"cyams","SVK","jmilk",0.0754041046964704
"cyams","SVN","jbeef",0.119742839074097
"cyams","SVN","jpork",0.200668896740671
"cyams","SVN","jlamb",0.321971338639177
"cyams","SVN","jpoul",0.0566655692868735
"cyams","SVN","jeggs",0.10354029862051
"cyams","SVN","jmilk",0.0129100456020553
"cyams","SWE","jbeef",0.0204853283840249
"cyams","SWE","jpork",0.0204853283840249
"cyams","SWE","jlamb",0.0204853283840249
"cyams","SWE","jpoul",0.0204853283840249
"cyams","SWE","jeggs",0.0204853283840249
"cyams","SWE","jmilk",0.0204853283840249
"cyams","SYR","jbeef",0.00693857013334093
"cyams","SYR","jpork",0.00693857013334093
"cyams","SYR","jlamb",0.00693857013334093
"cyams","SYR","jpoul",0.00693857013334093
"cyams","SYR","jeggs",0.00693857013334093
"cyams","SYR","jmilk",0.00693857013334093
"cyams","UKP","jbeef",0.0653201534637542
"cyams","UKP","jpork",0.0985571318359094
"cyams","UKP","jlamb",0.085766043854688
"cyams","UKP","jpoul",0.070084244428632
"cyams","UKP","jeggs",0.068248084369252
"cyams","UKP","jmilk",0.00713372996042899
"cyams","UKR","jbeef",0.302412840740807
"cyams","UKR","jpork",0.302412840740807
"cyams","UKR","jlamb",0.302412840740807
"cyams","UKR","jpoul",0.302412840740807
"cyams","UKR","jeggs",0.302412840740807
"cyams","UKR","jmilk",0.302412840740807
"cyams","URY","jbeef",0.0294630851073791
"cyams","URY","jpork",0.0290251351243634
"cyams","URY","jpoul",0.0295068801056806
"cyams","URY","jeggs",0.043718357054539
"cyams","USA","jbeef",0.0015018051312848
"cyams","USA","jpork",0.0132405498381193
"cyams","USA","jpoul",0.00407624991290695
"cyams","USA","jeggs",0.0132690512493699
"cyams","USA","jmilk",0.000616068966264274
"cyams","VUT","jbeef",0.000368930409180762
"cyams","VUT","jpork",0.00106707996822074
"cyams","VUT","jlamb",0.00285792966278569
"cyams","VUT","jpoul",0.000766043002396165
"cyams","VUT","jeggs",4.09922676867513E-5
"cyams","VUT","jmilk",0.000566205697423252
"cyams","YEM","jbeef",0.00320237127773468
"cyams","YEM","jpork",0.00320237127773468
"cyams","YEM","jlamb",0.00320237127773468
"cyams","YEM","jpoul",0.00320237127773468
"cyams","YEM","jeggs",0.00320237127773468
"cyams","YEM","jmilk",0.00320237127773468
"cyams","ZAF","jbeef",0.037136996384724
"cyams","ZAF","jpork",0.037136996384724
"cyams","ZAF","jlamb",0.037136996384724
"cyams","ZAF","jpoul",0.037136996384724
"cyams","ZAF","jeggs",0.037136996384724
"cyams","ZAF","jmilk",0.037136996384724
"corat","AGO","jbeef",6.82088893478043
"corat","AGO","jpork",5.23682061595289
"corat","AGO","jlamb",8.26861813209784
"corat","AGO","jpoul",12.8503991866928
"corat","AGO","jeggs",10.6619814927098
"corat","AGO","jmilk",0.640182092988233
"corat","ALB","jbeef",7.07952666012461E-6
"corat","ALB","jpork",1.18582071557087E-5
"corat","ALB","jlamb",1.90557259268354E-5
"corat","ALB","jpoul",3.36277516355919E-6
"corat","ALB","jeggs",6.13558977210799E-6
"corat","ALB","jmilk",7.66948721513499E-7
"corat","ARG","jbeef",0.0134830769168981
"corat","ARG","jpork",0.0103517966411754
"corat","ARG","jlamb",0.0163448511385448
"corat","ARG","jpoul",0.0254018093981179
"corat","ARG","jeggs",0.0210758917096161
"corat","ARG","jmilk",0.00126546913211966
"corat","AUT","jbeef",0.000335052363653032
"corat","AUT","jpork",0.000257240535973986
"corat","AUT","jlamb",0.000406167007818738
"corat","AUT","jpoul",0.000631231011464202
"corat","AUT","jeggs",0.000523732629942363
"corat","AUT","jmilk",3.14467110482217E-5
"corat","BEN","jbeef",5.49715774688212
"corat","BEN","jpork",4.22050986217152
"corat","BEN","jlamb",6.6639258688259
"corat","BEN","jpoul",10.3565198194992
"corat","BEN","jeggs",8.59280875560105
"corat","BEN","jmilk",0.515941834786489
"corat","BFA","jbeef",0.000337915167296243
"corat","BFA","jpork",0.000509965795953942
"corat","BFA","jlamb",0.000443851958874242
"corat","BFA","jpoul",0.000362659527372856
"corat","BFA","jeggs",0.000353380392344127
"corat","BFA","jmilk",3.67299094887221E-5
"corat","BGR","jbeef",6.41499538713477E-5
"corat","BGR","jpork",6.41499538713477E-5
"corat","BGR","jlamb",6.41499538713477E-5
"corat","BGR","jpoul",6.41499538713477E-5
"corat","BGR","jeggs",6.41499538713477E-5
"corat","BGR","jmilk",6.41499538713477E-5
"corat","BLR","jbeef",0.00452947299164646
"corat","BLR","jpork",0.00347755809673209
"corat","BLR","jlamb",0.00549085065974337
"corat","BLR","jpoul",0.00853342381096467
"corat","BLR","jeggs",0.00708018524717676
"corat","BLR","jmilk",0.000425118709255049
"corat","BLT","jbeef",0.00452947299164646
"corat","BLT","jpork",0.00347755809673209
"corat","BLT","jlamb",0.00549085065974337
"corat","BLT","jpoul",0.00853342381096467
"corat","BLT","jeggs",0.00708018524717676
"corat","BLT","jmilk",0.000425118709255049
"corat","BLX","jbeef",1.18543770997544
"corat","BLX","jpork",0.959986366360477
"corat","BLX","jpoul",0.69817190280762
"corat","BLX","jeggs",0.724838190762078
"corat","BLX","jmilk",0.0412115359296165
"corat","BLZ","jlamb",9.70410239023563
"corat","BOL","jbeef",1.56288214410463
"corat","BOL","jpork",1.56288214410463
"corat","BOL","jlamb",1.56288214410463
"corat","BOL","jpoul",1.56288214410463
"corat","BOL","jeggs",1.56288214410463
"corat","BOL","jmilk",1.56288214410463
"corat","BRA","jbeef",0.5626590994431
"corat","BRA","jpork",0.849138846871223
"corat","BRA","jlamb",0.739053370893225
"corat","BRA","jpoul",0.603860681095684
"corat","BRA","jeggs",0.588410087975965
"corat","BRA","jmilk",0.0611585977655544
"corat","CAN","jbeef",0.000491134678883379
"corat","CAN","jpork",0.000552526513743801
"corat","CAN","jlamb",0.000828789770615702
"corat","CAN","jpoul",0.000613918348604223
"corat","CAN","jeggs",0.000552526513743801
"corat","CAN","jmilk",3.06959174302112E-5
"corat","CHM","jlamb",1.6604679688387
"corat","CHP","jbeef",0.000335052363653032
"corat","CHP","jpork",0.000257240535973986
"corat","CHP","jlamb",0.000406167007818738
"corat","CHP","jpoul",0.000631231011464202
"corat","CHP","jeggs",0.000523732629942363
"corat","CHP","jmilk",3.14467110482217E-5
"corat","CIV","jbeef",0.449044952640117
"corat","CIV","jpork",0.449044952640117
"corat","CIV","jlamb",0.449044952640117
"corat","CIV","jpoul",0.449044952640117
"corat","CIV","jeggs",0.449044952640117
"corat","CIV","jmilk",0.449044952640117
"corat","CMR","jbeef",1.66637551473764
"corat","CMR","jpork",1.87467245407985
"corat","CMR","jlamb",2.81200868111977
"corat","CMR","jpoul",2.08296939342205
"corat","CMR","jeggs",1.87467245407985
"corat","CMR","jmilk",0.104148469671103
"corat","COD","jbeef",10.2594579433655
"corat","COD","jpork",11.1751392234305
"corat","COD","jlamb",10.6422186070583
"corat","COD","jpoul",10.7629354317614
"corat","COD","jeggs",14.9217772584234
"corat","COD","jmilk",1.12325533229845
"corat","COG","jbeef",0.194314538202862
"corat","COG","jpork",0.194314538202862
"corat","COG","jlamb",0.194314538202862
"corat","COG","jpoul",0.194314538202862
"corat","COG","jeggs",0.194314538202862
"corat","COG","jmilk",0.194314538202862
"corat","COL","jlamb",14.0517923076923
"corat","CRB","jbeef",0.0185376998058118
"corat","CRB","jpork",0.0370753996116236
"corat","CRB","jlamb",0.0741507992232473
"corat","CRB","jpoul",0.0185376998058118
"corat","CRB","jmilk",0.0185376998058118
"corat","CRI","jlamb",9.70410239023563
"corat","CUB","jlamb",9.70410239023563
"corat","CYP","jbeef",0.00293148726461062
"corat","CYP","jpork",0.00120628893556835
"corat","CYP","jpoul",0.00315153241976209
"corat","CYP","jeggs",0.00186441391946347
"corat","CYP","jmilk",0.000516529639791497
"corat","CZE","jbeef",6.41499538713477E-5
"corat","CZE","jpork",6.41499538713477E-5
"corat","CZE","jlamb",6.41499538713477E-5
"corat","CZE","jpoul",6.41499538713477E-5
"corat","CZE","jeggs",6.41499538713477E-5
"corat","CZE","jmilk",6.41499538713477E-5
"corat","DEU","jbeef",7.07674618106173E-5
"corat","DEU","jpork",0.0511176965812025
"corat","DEU","jpoul",0.0390872280733976
"corat","DEU","jeggs",0.0417763916222011
"corat","DEU","jmilk",0.0017927756992023
"corat","DNK","jbeef",0.00118692336100144
"corat","DNK","jpork",0.00118692336100144
"corat","DNK","jlamb",0.00118692336100144
"corat","DNK","jpoul",0.00118692336100144
"corat","DNK","jeggs",0.00118692336100144
"corat","DNK","jmilk",0.00118692336100144
"corat","DOM","jlamb",9.70410239023563
"corat","ECU","jbeef",0.241008303610507
"corat","ECU","jpork",0.16716827157107
"corat","ECU","jlamb",0.603596541180827
"corat","ECU","jpoul",0.16539736863972
"corat","ECU","jeggs",0.234942547308265
"corat","ECU","jmilk",0.0429568089562609
"corat","FJI","jbeef",0.0185376998058118
"corat","FJI","jpork",0.0370753996116236
"corat","FJI","jlamb",0.0741507992232473
"corat","FJI","jpoul",0.0185376998058118
"corat","FJI","jmilk",0.0185376998058118
"corat","FNP","jbeef",0.00118692336100144
"corat","FNP","jpork",0.00118692336100144
"corat","FNP","jlamb",0.00118692336100144
"corat","FNP","jpoul",0.00118692336100144
"corat","FNP","jeggs",0.00118692336100144
"corat","FNP","jmilk",0.00118692336100144
"corat","FRP","jbeef",0.00426767706884559
"corat","FRP","jpork",0.00426767706884559
"corat","FRP","jlamb",0.00426767706884559
"corat","FRP","jpoul",0.00426767706884559
"corat","FRP","jeggs",0.00426767706884559
"corat","FRP","jmilk",0.00426767706884559
"corat","GAB","jbeef",2.88383514189314
"corat","GAB","jpork",2.00028683221341
"corat","GAB","jlamb",7.22246035055919
"corat","GAB","jpoul",1.97909672369929
"corat","GAB","jeggs",2.81125406927236
"corat","GAB","jmilk",0.514008660265324
"corat","GHA","jbeef",0.0430279646082648
"corat","GHA","jpork",31.0805331020366
"corat","GHA","jpoul",23.7657791186316
"corat","GHA","jeggs",25.4008417737456
"corat","GHA","jmilk",1.09004177007604
"corat","GIN","jbeef",0.347609574864883
"corat","GIN","jpork",0.347609574864883
"corat","GIN","jlamb",0.347609574864883
"corat","GIN","jpoul",0.347609574864883
"corat","GIN","jeggs",0.347609574864883
"corat","GIN","jmilk",0.347609574864883
"corat","GNQ","jbeef",13.334406577826
"corat","GNQ","jpork",9.24901618179724
"corat","GNQ","jlamb",33.3955368694763
"corat","GNQ","jpoul",9.15103640540475
"corat","GNQ","jeggs",12.9988029512106
"corat","GNQ","jmilk",2.37669635165138
"corat","GRC","jbeef",7.07952666012461E-6
"corat","GRC","jpork",1.18582071557087E-5
"corat","GRC","jlamb",1.90557259268354E-5
"corat","GRC","jpoul",3.36277516355919E-6
"corat","GRC","jeggs",6.13558977210799E-6
"corat","GRC","jmilk",7.66948721513499E-7
"corat","GSA","jbeef",6.85054075549279E-5
"corat","GSA","jpork",0.0883745129831739
"corat","GSA","jpoul",0.064887307141101
"corat","GSA","jeggs",0.0487339857633807
"corat","GSA","jmilk",0.00376970034350867
"corat","GTM","jlamb",9.70410239023563
"corat","HND","jlamb",9.70410239023563
"corat","HRV","jbeef",7.07952666012461E-6
"corat","HRV","jpork",1.18582071557087E-5
"corat","HRV","jlamb",1.90557259268354E-5
"corat","HRV","jpoul",3.36277516355919E-6
"corat","HRV","jeggs",6.13558977210799E-6
"corat","HRV","jmilk",7.66948721513499E-7
"corat","HTI","jlamb",9.70410239023563
"corat","HUN","jbeef",6.41499538713477E-5
"corat","HUN","jpork",6.41499538713477E-5
"corat","HUN","jlamb",6.41499538713477E-5
"corat","HUN","jpoul",6.41499538713477E-5
"corat","HUN","jeggs",6.41499538713477E-5
"corat","HUN","jmilk",6.41499538713477E-5
"corat","IDN","jbeef",0.112770861512997
"corat","IDN","jpork",0.112770861512997
"corat","IDN","jlamb",0.112770861512997
"corat","IDN","jpoul",0.112770861512997
"corat","IDN","jeggs",0.112770861512997
"corat","IDN","jmilk",0.112770861512997
"corat","IRL","jbeef",0.00211437229795892
"corat","IRL","jpork",0.0031909119691165
"corat","IRL","jlamb",0.00277723043255932
"corat","IRL","jpoul",0.00226920047538383
"corat","IRL","jeggs",0.00221113990884949
"corat","IRL","jmilk",0.0002298230758651
"corat","ISL","jbeef",0.00118692336100144
"corat","ISL","jpork",0.00118692336100144
"corat","ISL","jlamb",0.00118692336100144
"corat","ISL","jpoul",0.00118692336100144
"corat","ISL","jeggs",0.00118692336100144
"corat","ISL","jmilk",0.00118692336100144
"corat","ITP","jbeef",0.00312346933910365
"corat","ITP","jpork",0.037065477070149
"corat","ITP","jpoul",0.0176659796382164
"corat","ITP","jeggs",0.0187008307058101
"corat","ITP","jmilk",0.000959032732577565
"corat","JAM","jbeef",0.0185376998058118
"corat","JAM","jpork",0.0370753996116236
"corat","JAM","jlamb",0.0741507992232473
"corat","JAM","jpoul",0.0185376998058118
"corat","JAM","jmilk",0.0185376998058118
"corat","JPN","jbeef",0.000496951937728413
"corat","JPN","jpork",0.00589721193105247
"corat","JPN","jpoul",0.00281070241451504
"corat","JPN","jeggs",0.00297534985858075
"corat","JPN","jmilk",0.000152584553602874
"corat","KHM","jbeef",0.021490852300814
"corat","KHM","jpork",0.021490852300814
"corat","KHM","jlamb",0.021490852300814
"corat","KHM","jpoul",0.021490852300814
"corat","KHM","jeggs",0.021490852300814
"corat","KHM","jmilk",0.021490852300814
"corat","KOR","jbeef",8.96926948887721E-7
"corat","KOR","jpork",8.96926948887721E-7
"corat","KOR","jlamb",8.96926948887721E-7
"corat","KOR","jpoul",8.96926948887721E-7
"corat","KOR","jeggs",8.96926948887721E-7
"corat","KOR","jmilk",8.96926948887721E-7
"corat","LAO","jbeef",0.021490852300814
"corat","LAO","jpork",0.021490852300814
"corat","LAO","jlamb",0.021490852300814
"corat","LAO","jpoul",0.021490852300814
"corat","LAO","jeggs",0.021490852300814
"corat","LAO","jmilk",0.021490852300814
"corat","LKA","jbeef",0.134636706171291
"corat","LKA","jpork",0.134636706171291
"corat","LKA","jlamb",0.134636706171291
"corat","LKA","jpoul",0.134636706171291
"corat","LKA","jeggs",0.134636706171291
"corat","LKA","jmilk",0.134636706171291
"corat","MDA","jbeef",6.41499538713477E-5
"corat","MDA","jpork",6.41499538713477E-5
"corat","MDA","jlamb",6.41499538713477E-5
"corat","MDA","jpoul",6.41499538713477E-5
"corat","MDA","jeggs",6.41499538713477E-5
"corat","MDA","jmilk",6.41499538713477E-5
"corat","MDG","jbeef",0.321242645822326
"corat","MDG","jpork",0.321242645822326
"corat","MDG","jlamb",0.321242645822326
"corat","MDG","jpoul",0.321242645822326
"corat","MDG","jeggs",0.321242645822326
"corat","MDG","jmilk",0.321242645822326
"corat","MOZ","jbeef",0.0108247159259711
"corat","MOZ","jpork",11.0408846891244
"corat","MOZ","jpoul",7.65917832277775
"corat","MOZ","jeggs",8.61761332085472
"corat","MOZ","jmilk",0.548560792037936
"corat","MWI","jbeef",2.29581033829468
"corat","MWI","jpork",27.243842091273
"corat","MWI","jpoul",12.9848365027202
"corat","MWI","jeggs",13.7454720402084
"corat","MWI","jmilk",0.704907595746215
"corat","MYS","jbeef",0.0135560505007095
"corat","MYS","jpork",0.0135560505007095
"corat","MYS","jlamb",0.0135560505007095
"corat","MYS","jpoul",0.0135560505007095
"corat","MYS","jeggs",0.0135560505007095
"corat","MYS","jmilk",0.0135560505007095
"corat","NGA","jbeef",4.65971031217501
"corat","NGA","jpork",4.65971031217501
"corat","NGA","jlamb",4.65971031217501
"corat","NGA","jpoul",4.65971031217501
"corat","NGA","jeggs",4.65971031217501
"corat","NGA","jmilk",4.65971031217501
"corat","NIC","jlamb",9.70410239023563
"corat","NLD","jbeef",0.298201198724177
"corat","NLD","jpork",0.298201198724177
"corat","NLD","jlamb",0.298201198724177
"corat","NLD","jpoul",0.298201198724177
"corat","NLD","jeggs",0.298201198724177
"corat","NLD","jmilk",0.298201198724177
"corat","NOR","jbeef",0.00118692336100144
"corat","NOR","jpork",0.00118692336100144
"corat","NOR","jlamb",0.00118692336100144
"corat","NOR","jpoul",0.00118692336100144
"corat","NOR","jeggs",0.00118692336100144
"corat","NOR","jmilk",0.00118692336100144
"corat","NZL","jbeef",0.00204390822660884
"corat","NZL","jpork",0.00204390822660884
"corat","NZL","jlamb",0.00204390822660884
"corat","NZL","jpoul",0.00204390822660884
"corat","NZL","jeggs",0.00204390822660884
"corat","NZL","jmilk",0.00204390822660884
"corat","OAO","jbeef",0.0185376998058118
"corat","OAO","jpork",0.0370753996116236
"corat","OAO","jlamb",0.0741507992232473
"corat","OAO","jpoul",0.0185376998058118
"corat","OAO","jmilk",0.0185376998058118
"corat","OBN","jbeef",7.07952666012461E-6
"corat","OBN","jpork",1.18582071557087E-5
"corat","OBN","jlamb",1.90557259268354E-5
"corat","OBN","jpoul",3.36277516355919E-6
"corat","OBN","jeggs",6.13558977210799E-6
"corat","OBN","jmilk",7.66948721513499E-7
"corat","OIO","jbeef",0.0185376998058118
"corat","OIO","jpork",0.0370753996116236
"corat","OIO","jlamb",0.0741507992232473
"corat","OIO","jpoul",0.0185376998058118
"corat","OIO","jmilk",0.0185376998058118
"corat","OPO","jbeef",0.0185376998058118
"corat","OPO","jpork",0.0370753996116236
"corat","OPO","jlamb",0.0741507992232473
"corat","OPO","jpoul",0.0185376998058118
"corat","OPO","jmilk",0.0185376998058118
"corat","PAN","jlamb",9.70410239023563
"corat","PHL","jbeef",0.0310009893577197
"corat","PHL","jpork",0.0310009893577197
"corat","PHL","jlamb",0.0310009893577197
"corat","PHL","jpoul",0.0310009893577197
"corat","PHL","jeggs",0.0310009893577197
"corat","PHL","jmilk",0.0310009893577197
"corat","POL","jbeef",2.36619535013036E-7
"corat","POL","jpork",4.73239070026073E-7
"corat","POL","jlamb",9.46478140052145E-7
"corat","POL","jpoul",2.36619535013036E-7
"corat","POL","jmilk",2.36619535013036E-7
"corat","PRK","jbeef",0.0395032575966345
"corat","PRK","jpork",0.0395032575966345
"corat","PRK","jlamb",0.0395032575966345
"corat","PRK","jpoul",0.0395032575966345
"corat","PRK","jeggs",0.0395032575966345
"corat","PRK","jmilk",0.0395032575966345
"corat","PRT","jbeef",0.274139721858293
"corat","PRT","jpork",0.274139721858293
"corat","PRT","jlamb",0.274139721858293
"corat","PRT","jpoul",0.274139721858293
"corat","PRT","jeggs",0.274139721858293
"corat","PRT","jmilk",0.274139721858293
"corat","PRY","jbeef",1.56288214410463
"corat","PRY","jpork",1.56288214410463
"corat","PRY","jlamb",1.56288214410463
"corat","PRY","jpoul",1.56288214410463
"corat","PRY","jeggs",1.56288214410463
"corat","PRY","jmilk",1.56288214410463
"corat","RAP","jbeef",0.000321670047675292
"corat","RAP","jpork",0.000321670047675292
"corat","RAP","jlamb",0.000321670047675292
"corat","RAP","jpoul",0.000321670047675292
"corat","RAP","jeggs",0.000321670047675292
"corat","RAP","jmilk",0.000321670047675292
"corat","ROU","jbeef",6.41499538713477E-5
"corat","ROU","jpork",6.41499538713477E-5
"corat","ROU","jlamb",6.41499538713477E-5
"corat","ROU","jpoul",6.41499538713477E-5
"corat","ROU","jeggs",6.41499538713477E-5
"corat","ROU","jmilk",6.41499538713477E-5
"corat","RUS","jbeef",3.76637062247899E-6
"corat","RUS","jpork",3.76637062247899E-6
"corat","RUS","jlamb",3.76637062247899E-6
"corat","RUS","jpoul",3.76637062247899E-6
"corat","RUS","jeggs",3.76637062247899E-6
"corat","RUS","jmilk",3.76637062247899E-6
"corat","SAU","jbeef",0.000321670047675292
"corat","SAU","jpork",0.000321670047675292
"corat","SAU","jlamb",0.000321670047675292
"corat","SAU","jpoul",0.000321670047675292
"corat","SAU","jeggs",0.000321670047675292
"corat","SAU","jmilk",0.000321670047675292
"corat","SEN","jbeef",8.13905282153831E-5
"corat","SEN","jpork",8.13905282153831E-5
"corat","SEN","jlamb",8.13905282153831E-5
"corat","SEN","jpoul",8.13905282153831E-5
"corat","SEN","jeggs",8.13905282153831E-5
"corat","SEN","jmilk",8.13905282153831E-5
"corat","SLB","jbeef",0.0185376998058118
"corat","SLB","jpork",0.0370753996116236
"corat","SLB","jlamb",0.0741507992232473
"corat","SLB","jpoul",0.0185376998058118
"corat","SLB","jmilk",0.0185376998058118
"corat","SLV","jlamb",9.70410239023563
"corat","SPP","jbeef",0.274139721858293
"corat","SPP","jpork",0.274139721858293
"corat","SPP","jlamb",0.274139721858293
"corat","SPP","jpoul",0.274139721858293
"corat","SPP","jeggs",0.274139721858293
"corat","SPP","jmilk",0.274139721858293
"corat","SVK","jbeef",6.41499538713477E-5
"corat","SVK","jpork",6.41499538713477E-5
"corat","SVK","jlamb",6.41499538713477E-5
"corat","SVK","jpoul",6.41499538713477E-5
"corat","SVK","jeggs",6.41499538713477E-5
"corat","SVK","jmilk",6.41499538713477E-5
"corat","SVN","jbeef",7.07952666012461E-6
"corat","SVN","jpork",1.18582071557087E-5
"corat","SVN","jlamb",1.90557259268354E-5
"corat","SVN","jpoul",3.36277516355919E-6
"corat","SVN","jeggs",6.13558977210799E-6
"corat","SVN","jmilk",7.66948721513499E-7
"corat","SWE","jbeef",0.00118692336100144
"corat","SWE","jpork",0.00118692336100144
"corat","SWE","jlamb",0.00118692336100144
"corat","SWE","jpoul",0.00118692336100144
"corat","SWE","jeggs",0.00118692336100144
"corat","SWE","jmilk",0.00118692336100144
"corat","TCD","jlamb",0.483592359079984
"corat","THA","jbeef",1.65188697172723E-5
"corat","THA","jpork",0.000167248519155226
"corat","THA","jlamb",0.000167248519155226
"corat","THA","jpoul",0.000167248519155226
"corat","THA","jeggs",0.000167248519155226
"corat","THA","jmilk",0.000167248519155226
"corat","TUR","jbeef",0.0124480208806814
"corat","TUR","jpork",0.0103957116111989
"corat","TUR","jpoul",0.0081285282864335
"corat","TUR","jeggs",0.0232588062767194
"corat","TUR","jmilk",0.0148692846255765
"corat","TZA","jbeef",0.073232493799683
"corat","TZA","jpork",0.109959472300284
"corat","TZA","jpoul",0.0557488718635265
"corat","TZA","jeggs",0.0685039551726499
"corat","TZA","jmilk",0.0135272117684743
"corat","UGA","jbeef",1.66398384001773
"corat","UGA","jpork",0.398719760888622
"corat","UGA","jpoul",0.274430558616608
"corat","UGA","jeggs",2.71745911847532
"corat","UGA","jmilk",3.78435763077829
"corat","UKP","jbeef",0.00211437229795892
"corat","UKP","jpork",0.0031909119691165
"corat","UKP","jlamb",0.00277723043255932
"corat","UKP","jpoul",0.00226920047538383
"corat","UKP","jeggs",0.00221113990884949
"corat","UKP","jmilk",0.0002298230758651
"corat","USA","jbeef",0.000619589657949772
"corat","USA","jpork",0.00546341558556558
"corat","USA","jpoul",0.00168155583015606
"corat","USA","jeggs",0.00547522979514513
"corat","USA","jmilk",0.000254661850936983
"corat","VEN","jbeef",6.85054075549279E-5
"corat","VEN","jpork",0.0883745129831739
"corat","VEN","jpoul",0.064887307141101
"corat","VEN","jeggs",0.0487339857633807
"corat","VEN","jmilk",0.00376970034350867
"corat","VNM","jeggs",1.18138896056423
"corat","VUT","jbeef",0.0185376998058118
"corat","VUT","jpork",0.0370753996116236
"corat","VUT","jlamb",0.0741507992232473
"corat","VUT","jpoul",0.0185376998058118
"corat","VUT","jmilk",0.0185376998058118
"corat","YEM","jbeef",0.000321670047675292
"corat","YEM","jpork",0.000321670047675292
"corat","YEM","jlamb",0.000321670047675292
"corat","YEM","jpoul",0.000321670047675292
"corat","YEM","jeggs",0.000321670047675292
"corat","YEM","jmilk",0.000321670047675292
"corat","ZAF","jbeef",0.0156863413523676
"corat","ZAF","jpork",0.0156863413523676
"corat","ZAF","jlamb",0.0156863413523676
"corat","ZAF","jpoul",0.0156863413523676
"corat","ZAF","jeggs",0.0156863413523676
"corat","ZAF","jmilk",0.0156863413523676
"cbean","AFG","jpoul",0.236106829022181
"cbean","AFG","jeggs",0.0827247195161776
"cbean","AFG","jmilk",0.0102413520322331
"cbean","ALB","jbeef",0.000177123783597783
"cbean","ALB","jpork",0.000102164420957192
"cbean","ALB","jlamb",0.000183099600016645
"cbean","ALB","jpoul",0.000122829610964319
"cbean","ALB","jeggs",0.000118256612488217
"cbean","ALB","jmilk",7.46324214521445E-6
"cbean","ARM","jbeef",0.000211828866163023
"cbean","ARM","jpork",0.000318460079412254
"cbean","ARM","jlamb",0.000199789098987619
"cbean","ARM","jpoul",0.000172074312383211
"cbean","ARM","jeggs",0.000166999080867295
"cbean","ARM","jmilk",1.47699507396148E-5
"cbean","AZE","jbeef",0.000211828866163023
"cbean","AZE","jpork",0.000318460079412254
"cbean","AZE","jlamb",0.000199789098987619
"cbean","AZE","jpoul",0.000172074312383211
"cbean","AZE","jeggs",0.000166999080867295
"cbean","AZE","jmilk",1.47699507396148E-5
"cbean","BGD","jpoul",0.00196521672181716
"cbean","BGD","jeggs",0.00138082332822416
"cbean","BGD","jmilk",0.000310297377129025
"cbean","BGR","jbeef",0.00018842903088439
"cbean","BGR","jpork",0.000108685250737098
"cbean","BGR","jlamb",0.000194786264643049
"cbean","BGR","jpoul",0.000130669434040946
"cbean","BGR","jeggs",0.000125804555628883
"cbean","BGR","jmilk",7.93959713435061E-6
"cbean","BLR","jbeef",7.94088419447072E-5
"cbean","BLR","jpork",0.000119381964176141
"cbean","BLR","jlamb",7.48954628854673E-5
"cbean","BLR","jpoul",6.45059482321291E-5
"cbean","BLR","jeggs",6.26033828991778E-5
"cbean","BLR","jmilk",5.53685012367744E-6
"cbean","BLT","jbeef",7.94088419447072E-5
"cbean","BLT","jpork",0.000119381964176141
"cbean","BLT","jlamb",7.48954628854673E-5
"cbean","BLT","jpoul",6.45059482321291E-5
"cbean","BLT","jeggs",6.26033828991778E-5
"cbean","BLT","jmilk",5.53685012367744E-6
"cbean","BLX","jbeef",0.000259819963144909
"cbean","BLX","jpork",0.000315243027881321
"cbean","BLX","jlamb",0.000402034130694588
"cbean","BLX","jpoul",0.00040515942492014
"cbean","BLX","jeggs",0.000544655560381309
"cbean","BLX","jmilk",2.90971089866166E-5
"cbean","BOL","jbeef",0.000926476302615499
"cbean","BOL","jpork",0.00100168677037528
"cbean","BOL","jlamb",2.5276373418681E-5
"cbean","BOL","jpoul",0.000978354733373421
"cbean","BOL","jeggs",0.00182705757931606
"cbean","BOL","jmilk",0.000299339429262491
"cbean","CAN","jbeef",0.0147786499624739
"cbean","CAN","jpork",0.0212256653486706
"cbean","CAN","jlamb",0.00420549899748938
"cbean","CAN","jpoul",0.0102974273950895
"cbean","CAN","jeggs",0.0122120579619898
"cbean","CAN","jmilk",0.00134679626262454
"cbean","CRB","jbeef",0.00306673435593546
"cbean","CRB","jpork",0.00658338197459771
"cbean","CRB","jlamb",0.000215539842143536
"cbean","CRB","jpoul",0.00684914469258052
"cbean","CRB","jeggs",0.00244731888725112
"cbean","CRB","jmilk",0.00131939680069417
"cbean","CZE","jbeef",0.00018842903088439
"cbean","CZE","jpork",0.000108685250737098
"cbean","CZE","jlamb",0.000194786264643049
"cbean","CZE","jpoul",0.000130669434040946
"cbean","CZE","jeggs",0.000125804555628883
"cbean","CZE","jmilk",7.93959713435061E-6
"cbean","DEU","jbeef",0.000166614616736805
"cbean","DEU","jpork",0.000202155737510063
"cbean","DEU","jlamb",0.000257812224241731
"cbean","DEU","jpoul",0.000259816380093642
"cbean","DEU","jeggs",0.000349270996531892
"cbean","DEU","jmilk",1.86590884059602E-5
"cbean","DZA","jbeef",0.000591752533845197
"cbean","DZA","jpork",0.00384881335758203
"cbean","DZA","jlamb",0.0022782402556289
"cbean","DZA","jpoul",0.00183657475550394
"cbean","DZA","jeggs",0.00463900668081108
"cbean","DZA","jmilk",0.000419672520927639
"cbean","FJI","jbeef",0.00306673435593546
"cbean","FJI","jpork",0.00658338197459771
"cbean","FJI","jlamb",0.000215539842143536
"cbean","FJI","jpoul",0.00684914469258052
"cbean","FJI","jeggs",0.00244731888725112
"cbean","FJI","jmilk",0.00131939680069417
"cbean","FRP","jbeef",0.000556560400359777
"cbean","FRP","jpork",0.000675282159556009
"cbean","FRP","jlamb",0.000861197400035347
"cbean","FRP","jpoul",0.00086789209348523
"cbean","FRP","jeggs",0.0011667067960245
"cbean","FRP","jmilk",6.23289235780215E-5
"cbean","GEO","jbeef",0.000211828866163023
"cbean","GEO","jpork",0.000318460079412254
"cbean","GEO","jlamb",0.000199789098987619
"cbean","GEO","jpoul",0.000172074312383211
"cbean","GEO","jeggs",0.000166999080867295
"cbean","GEO","jmilk",1.47699507396148E-5
"cbean","GRC","jbeef",0.000177123783597783
"cbean","GRC","jpork",0.000102164420957192
"cbean","GRC","jlamb",0.000183099600016645
"cbean","GRC","jpoul",0.000122829610964319
"cbean","GRC","jeggs",0.000118256612488217
"cbean","GRC","jmilk",7.46324214521445E-6
"cbean","HRV","jbeef",0.000177123783597783
"cbean","HRV","jpork",0.000102164420957192
"cbean","HRV","jlamb",0.000183099600016645
"cbean","HRV","jpoul",0.000122829610964319
"cbean","HRV","jeggs",0.000118256612488217
"cbean","HRV","jmilk",7.46324214521445E-6
"cbean","HUN","jbeef",0.00018842903088439
"cbean","HUN","jpork",0.000108685250737098
"cbean","HUN","jlamb",0.000194786264643049
"cbean","HUN","jpoul",0.000130669434040946
"cbean","HUN","jeggs",0.000125804555628883
"cbean","HUN","jmilk",7.93959713435061E-6
"cbean","IND","jlamb",0.177899699425802
"cbean","IND","jeggs",0.0845567054042701
"cbean","IND","jmilk",0.00523101203759679
"cbean","IRL","jbeef",0.00148949589815871
"cbean","IRL","jpork",0.00180722524654688
"cbean","IRL","jlamb",0.00230478128524485
"cbean","IRL","jpoul",0.00232269797214278
"cbean","IRL","jeggs",0.00312240142473129
"cbean","IRL","jmilk",0.000166807907903791
"cbean","JAM","jbeef",0.00306673435593546
"cbean","JAM","jpork",0.00658338197459771
"cbean","JAM","jlamb",0.000215539842143536
"cbean","JAM","jpoul",0.00684914469258052
"cbean","JAM","jeggs",0.00244731888725112
"cbean","JAM","jmilk",0.00131939680069417
"cbean","KAZ","jbeef",0.000496779694299936
"cbean","KAZ","jpork",0.000746851922796028
"cbean","KAZ","jlamb",0.000468544946491076
"cbean","KAZ","jpoul",0.000403548598833374
"cbean","KAZ","jeggs",0.000391643051336373
"cbean","KAZ","jmilk",3.46368532212321E-5
"cbean","MDA","jbeef",0.00018842903088439
"cbean","MDA","jpork",0.000108685250737098
"cbean","MDA","jlamb",0.000194786264643049
"cbean","MDA","jpoul",0.000130669434040946
"cbean","MDA","jeggs",0.000125804555628883
"cbean","MDA","jmilk",7.93959713435061E-6
"cbean","MEX","jbeef",0.000964283526725333
"cbean","MEX","jpork",0.00648014217729828
"cbean","MEX","jlamb",0.00152881823178013
"cbean","MEX","jpoul",0.00483369781455776
"cbean","MEX","jeggs",0.00588863608009378
"cbean","MEX","jmilk",0.000805766322088627
"cbean","OAO","jbeef",0.00306673435593546
"cbean","OAO","jpork",0.00658338197459771
"cbean","OAO","jlamb",0.000215539842143536
"cbean","OAO","jpoul",0.00684914469258052
"cbean","OAO","jeggs",0.00244731888725112
"cbean","OAO","jmilk",0.00131939680069417
"cbean","OBN","jbeef",0.000177123783597783
"cbean","OBN","jpork",0.000102164420957192
"cbean","OBN","jlamb",0.000183099600016645
"cbean","OBN","jpoul",0.000122829610964319
"cbean","OBN","jeggs",0.000118256612488217
"cbean","OBN","jmilk",7.46324214521445E-6
"cbean","OIO","jbeef",0.00306673435593546
"cbean","OIO","jpork",0.00658338197459771
"cbean","OIO","jlamb",0.000215539842143536
"cbean","OIO","jpoul",0.00684914469258052
"cbean","OIO","jeggs",0.00244731888725112
"cbean","OIO","jmilk",0.00131939680069417
"cbean","OPO","jbeef",0.00306673435593546
"cbean","OPO","jpork",0.00658338197459771
"cbean","OPO","jlamb",0.000215539842143536
"cbean","OPO","jpoul",0.00684914469258052
"cbean","OPO","jeggs",0.00244731888725112
"cbean","OPO","jmilk",0.00131939680069417
"cbean","PAK","jbeef",0.0223459655820044
"cbean","PAK","jlamb",0.0222501349303857
"cbean","PAK","jpoul",0.0964230592832847
"cbean","PAK","jeggs",0.118951974291107
"cbean","PAK","jmilk",0.00209085058077235
"cbean","POL","jbeef",9.21066836626973E-6
"cbean","POL","jpork",5.31268348696481E-6
"cbean","POL","jlamb",9.52141863443722E-6
"cbean","POL","jpoul",6.38730039055257E-6
"cbean","POL","jeggs",6.1494984898294E-6
"cbean","POL","jmilk",3.88098350997501E-7
"cbean","PRT","jbeef",0.000205255378614214
"cbean","PRT","jpork",0.000249039089452814
"cbean","PRT","jlamb",0.00031760326155358
"cbean","PRT","jpoul",0.000320072215215884
"cbean","PRT","jeggs",0.000430272877831377
"cbean","PRT","jmilk",2.2986448190265E-5
"cbean","PRY","jbeef",0.000926476302615499
"cbean","PRY","jpork",0.00100168677037528
"cbean","PRY","jlamb",2.5276373418681E-5
"cbean","PRY","jpoul",0.000978354733373421
"cbean","PRY","jeggs",0.00182705757931606
"cbean","PRY","jmilk",0.000299339429262491
"cbean","ROU","jbeef",0.00018842903088439
"cbean","ROU","jpork",0.000108685250737098
"cbean","ROU","jlamb",0.000194786264643049
"cbean","ROU","jpoul",0.000130669434040946
"cbean","ROU","jeggs",0.000125804555628883
"cbean","ROU","jmilk",7.93959713435061E-6
"cbean","RUS","jbeef",0.000200442748497284
"cbean","RUS","jpork",0.000301342374909989
"cbean","RUS","jlamb",0.000189050136774347
"cbean","RUS","jpoul",0.000162825061308343
"cbean","RUS","jeggs",0.00015802263106011
"cbean","RUS","jmilk",1.39760438463541E-5
"cbean","SLB","jbeef",0.00306673435593546
"cbean","SLB","jpork",0.00658338197459771
"cbean","SLB","jlamb",0.000215539842143536
"cbean","SLB","jpoul",0.00684914469258052
"cbean","SLB","jeggs",0.00244731888725112
"cbean","SLB","jmilk",0.00131939680069417
"cbean","SPP","jbeef",0.000205255378614214
"cbean","SPP","jpork",0.000249039089452814
"cbean","SPP","jlamb",0.00031760326155358
"cbean","SPP","jpoul",0.000320072215215884
"cbean","SPP","jeggs",0.000430272877831377
"cbean","SPP","jmilk",2.2986448190265E-5
"cbean","SVK","jbeef",0.00018842903088439
"cbean","SVK","jpork",0.000108685250737098
"cbean","SVK","jlamb",0.000194786264643049
"cbean","SVK","jpoul",0.000130669434040946
"cbean","SVK","jeggs",0.000125804555628883
"cbean","SVK","jmilk",7.93959713435061E-6
"cbean","SVN","jbeef",0.000177123783597783
"cbean","SVN","jpork",0.000102164420957192
"cbean","SVN","jlamb",0.000183099600016645
"cbean","SVN","jpoul",0.000122829610964319
"cbean","SVN","jeggs",0.000118256612488217
"cbean","SVN","jmilk",7.46324214521445E-6
"cbean","TUR","jbeef",0.0124754015023856
"cbean","TUR","jpork",0.0394930891641078
"cbean","TUR","jlamb",0.029780726103071
"cbean","TUR","jpoul",0.0397524166264829
"cbean","TUR","jeggs",0.0395971051242912
"cbean","TUR","jmilk",0.00350580603177762
"cbean","UKP","jbeef",0.00148949589815871
"cbean","UKP","jpork",0.00180722524654688
"cbean","UKP","jlamb",0.00230478128524485
"cbean","UKP","jpoul",0.00232269797214278
"cbean","UKP","jeggs",0.00312240142473129
"cbean","UKP","jmilk",0.000166807907903791
"cbean","USA","jbeef",1.11616432816527E-6
"cbean","USA","jpork",7.37033005937374E-7
"cbean","USA","jlamb",1.56880118892214E-6
"cbean","USA","jpoul",6.06605350213675E-7
"cbean","USA","jeggs",1.25281076688931E-7
"cbean","USA","jmilk",1.33453653582104E-7
"cbean","UZB","jbeef",0.000101827561525861
"cbean","UZB","jpork",0.000153086188891819
"cbean","UZB","jlamb",9.6040135927225E-5
"cbean","UZB","jpoul",8.2717490766783E-5
"cbean","UZB","jeggs",8.02771477250686E-5
"cbean","UZB","jmilk",7.09969900725806E-6
"cbean","VUT","jbeef",0.00306673435593546
"cbean","VUT","jpork",0.00658338197459771
"cbean","VUT","jlamb",0.000215539842143536
"cbean","VUT","jpoul",0.00684914469258052
"cbean","VUT","jeggs",0.00244731888725112
"cbean","VUT","jmilk",0.00131939680069417
"cchkp","AFG","jpoul",0.236106829022181
"cchkp","AFG","jeggs",0.0827247195161776
"cchkp","AFG","jmilk",0.0102413520322331
"cchkp","ALB","jbeef",0.000177123783597783
"cchkp","ALB","jpork",0.000102164420957192
"cchkp","ALB","jlamb",0.000183099600016645
"cchkp","ALB","jpoul",0.000122829610964319
"cchkp","ALB","jeggs",0.000118256612488217
"cchkp","ALB","jmilk",7.46324214521445E-6
"cchkp","ARM","jbeef",0.000211828866163023
"cchkp","ARM","jpork",0.000318460079412254
"cchkp","ARM","jlamb",0.000199789098987619
"cchkp","ARM","jpoul",0.000172074312383211
"cchkp","ARM","jeggs",0.000166999080867295
"cchkp","ARM","jmilk",1.47699507396148E-5
"cchkp","AZE","jbeef",0.000211828866163023
"cchkp","AZE","jpork",0.000318460079412254
"cchkp","AZE","jlamb",0.000199789098987619
"cchkp","AZE","jpoul",0.000172074312383211
"cchkp","AZE","jeggs",0.000166999080867295
"cchkp","AZE","jmilk",1.47699507396148E-5
"cchkp","BGD","jpoul",0.00196521672181716
"cchkp","BGD","jeggs",0.00138082332822416
"cchkp","BGD","jmilk",0.000310297377129025
"cchkp","BGR","jbeef",0.00018842903088439
"cchkp","BGR","jpork",0.000108685250737098
"cchkp","BGR","jlamb",0.000194786264643049
"cchkp","BGR","jpoul",0.000130669434040946
"cchkp","BGR","jeggs",0.000125804555628883
"cchkp","BGR","jmilk",7.93959713435061E-6
"cchkp","BLR","jbeef",7.94088419447072E-5
"cchkp","BLR","jpork",0.000119381964176141
"cchkp","BLR","jlamb",7.48954628854673E-5
"cchkp","BLR","jpoul",6.45059482321291E-5
"cchkp","BLR","jeggs",6.26033828991778E-5
"cchkp","BLR","jmilk",5.53685012367744E-6
"cchkp","BLT","jbeef",7.94088419447072E-5
"cchkp","BLT","jpork",0.000119381964176141
"cchkp","BLT","jlamb",7.48954628854673E-5
"cchkp","BLT","jpoul",6.45059482321291E-5
"cchkp","BLT","jeggs",6.26033828991778E-5
"cchkp","BLT","jmilk",5.53685012367744E-6
"cchkp","BLX","jbeef",0.000259819963144909
"cchkp","BLX","jpork",0.000315243027881321
"cchkp","BLX","jlamb",0.000402034130694588
"cchkp","BLX","jpoul",0.00040515942492014
"cchkp","BLX","jeggs",0.000544655560381309
"cchkp","BLX","jmilk",2.90971089866166E-5
"cchkp","BOL","jbeef",0.000926476302615499
"cchkp","BOL","jpork",0.00100168677037528
"cchkp","BOL","jlamb",2.5276373418681E-5
"cchkp","BOL","jpoul",0.000978354733373421
"cchkp","BOL","jeggs",0.00182705757931606
"cchkp","BOL","jmilk",0.000299339429262491
"cchkp","CAN","jbeef",0.0147786499624739
"cchkp","CAN","jpork",0.0212256653486706
"cchkp","CAN","jlamb",0.00420549899748938
"cchkp","CAN","jpoul",0.0102974273950895
"cchkp","CAN","jeggs",0.0122120579619898
"cchkp","CAN","jmilk",0.00134679626262454
"cchkp","CRB","jbeef",0.00306673435593546
"cchkp","CRB","jpork",0.00658338197459771
"cchkp","CRB","jlamb",0.000215539842143536
"cchkp","CRB","jpoul",0.00684914469258052
"cchkp","CRB","jeggs",0.00244731888725112
"cchkp","CRB","jmilk",0.00131939680069417
"cchkp","CZE","jbeef",0.00018842903088439
"cchkp","CZE","jpork",0.000108685250737098
"cchkp","CZE","jlamb",0.000194786264643049
"cchkp","CZE","jpoul",0.000130669434040946
"cchkp","CZE","jeggs",0.000125804555628883
"cchkp","CZE","jmilk",7.93959713435061E-6
"cchkp","DEU","jbeef",0.000166614616736805
"cchkp","DEU","jpork",0.000202155737510063
"cchkp","DEU","jlamb",0.000257812224241731
"cchkp","DEU","jpoul",0.000259816380093642
"cchkp","DEU","jeggs",0.000349270996531892
"cchkp","DEU","jmilk",1.86590884059602E-5
"cchkp","DZA","jbeef",0.000591752533845197
"cchkp","DZA","jpork",0.00384881335758203
"cchkp","DZA","jlamb",0.0022782402556289
"cchkp","DZA","jpoul",0.00183657475550394
"cchkp","DZA","jeggs",0.00463900668081108
"cchkp","DZA","jmilk",0.000419672520927639
"cchkp","FJI","jbeef",0.00306673435593546
"cchkp","FJI","jpork",0.00658338197459771
"cchkp","FJI","jlamb",0.000215539842143536
"cchkp","FJI","jpoul",0.00684914469258052
"cchkp","FJI","jeggs",0.00244731888725112
"cchkp","FJI","jmilk",0.00131939680069417
"cchkp","FRP","jbeef",0.000556560400359777
"cchkp","FRP","jpork",0.000675282159556009
"cchkp","FRP","jlamb",0.000861197400035347
"cchkp","FRP","jpoul",0.00086789209348523
"cchkp","FRP","jeggs",0.0011667067960245
"cchkp","FRP","jmilk",6.23289235780215E-5
"cchkp","GEO","jbeef",0.000211828866163023
"cchkp","GEO","jpork",0.000318460079412254
"cchkp","GEO","jlamb",0.000199789098987619
"cchkp","GEO","jpoul",0.000172074312383211
"cchkp","GEO","jeggs",0.000166999080867295
"cchkp","GEO","jmilk",1.47699507396148E-5
"cchkp","GRC","jbeef",0.000177123783597783
"cchkp","GRC","jpork",0.000102164420957192
"cchkp","GRC","jlamb",0.000183099600016645
"cchkp","GRC","jpoul",0.000122829610964319
"cchkp","GRC","jeggs",0.000118256612488217
"cchkp","GRC","jmilk",7.46324214521445E-6
"cchkp","HRV","jbeef",0.000177123783597783
"cchkp","HRV","jpork",0.000102164420957192
"cchkp","HRV","jlamb",0.000183099600016645
"cchkp","HRV","jpoul",0.000122829610964319
"cchkp","HRV","jeggs",0.000118256612488217
"cchkp","HRV","jmilk",7.46324214521445E-6
"cchkp","HUN","jbeef",0.00018842903088439
"cchkp","HUN","jpork",0.000108685250737098
"cchkp","HUN","jlamb",0.000194786264643049
"cchkp","HUN","jpoul",0.000130669434040946
"cchkp","HUN","jeggs",0.000125804555628883
"cchkp","HUN","jmilk",7.93959713435061E-6
"cchkp","IND","jlamb",0.177899699425802
"cchkp","IND","jeggs",0.0845567054042701
"cchkp","IND","jmilk",0.00523101203759679
"cchkp","IRL","jbeef",0.00148949589815871
"cchkp","IRL","jpork",0.00180722524654688
"cchkp","IRL","jlamb",0.00230478128524485
"cchkp","IRL","jpoul",0.00232269797214278
"cchkp","IRL","jeggs",0.00312240142473129
"cchkp","IRL","jmilk",0.000166807907903791
"cchkp","JAM","jbeef",0.00306673435593546
"cchkp","JAM","jpork",0.00658338197459771
"cchkp","JAM","jlamb",0.000215539842143536
"cchkp","JAM","jpoul",0.00684914469258052
"cchkp","JAM","jeggs",0.00244731888725112
"cchkp","JAM","jmilk",0.00131939680069417
"cchkp","KAZ","jbeef",0.000496779694299936
"cchkp","KAZ","jpork",0.000746851922796028
"cchkp","KAZ","jlamb",0.000468544946491076
"cchkp","KAZ","jpoul",0.000403548598833374
"cchkp","KAZ","jeggs",0.000391643051336373
"cchkp","KAZ","jmilk",3.46368532212321E-5
"cchkp","MDA","jbeef",0.00018842903088439
"cchkp","MDA","jpork",0.000108685250737098
"cchkp","MDA","jlamb",0.000194786264643049
"cchkp","MDA","jpoul",0.000130669434040946
"cchkp","MDA","jeggs",0.000125804555628883
"cchkp","MDA","jmilk",7.93959713435061E-6
"cchkp","MEX","jbeef",0.000964283526725333
"cchkp","MEX","jpork",0.00648014217729828
"cchkp","MEX","jlamb",0.00152881823178013
"cchkp","MEX","jpoul",0.00483369781455776
"cchkp","MEX","jeggs",0.00588863608009378
"cchkp","MEX","jmilk",0.000805766322088627
"cchkp","OAO","jbeef",0.00306673435593546
"cchkp","OAO","jpork",0.00658338197459771
"cchkp","OAO","jlamb",0.000215539842143536
"cchkp","OAO","jpoul",0.00684914469258052
"cchkp","OAO","jeggs",0.00244731888725112
"cchkp","OAO","jmilk",0.00131939680069417
"cchkp","OBN","jbeef",0.000177123783597783
"cchkp","OBN","jpork",0.000102164420957192
"cchkp","OBN","jlamb",0.000183099600016645
"cchkp","OBN","jpoul",0.000122829610964319
"cchkp","OBN","jeggs",0.000118256612488217
"cchkp","OBN","jmilk",7.46324214521445E-6
"cchkp","OIO","jbeef",0.00306673435593546
"cchkp","OIO","jpork",0.00658338197459771
"cchkp","OIO","jlamb",0.000215539842143536
"cchkp","OIO","jpoul",0.00684914469258052
"cchkp","OIO","jeggs",0.00244731888725112
"cchkp","OIO","jmilk",0.00131939680069417
"cchkp","OPO","jbeef",0.00306673435593546
"cchkp","OPO","jpork",0.00658338197459771
"cchkp","OPO","jlamb",0.000215539842143536
"cchkp","OPO","jpoul",0.00684914469258052
"cchkp","OPO","jeggs",0.00244731888725112
"cchkp","OPO","jmilk",0.00131939680069417
"cchkp","PAK","jbeef",0.0223459655820044
"cchkp","PAK","jlamb",0.0222501349303857
"cchkp","PAK","jpoul",0.0964230592832847
"cchkp","PAK","jeggs",0.118951974291107
"cchkp","PAK","jmilk",0.00209085058077235
"cchkp","POL","jbeef",9.21066836626973E-6
"cchkp","POL","jpork",5.31268348696481E-6
"cchkp","POL","jlamb",9.52141863443722E-6
"cchkp","POL","jpoul",6.38730039055257E-6
"cchkp","POL","jeggs",6.1494984898294E-6
"cchkp","POL","jmilk",3.88098350997501E-7
"cchkp","PRT","jbeef",0.000205255378614214
"cchkp","PRT","jpork",0.000249039089452814
"cchkp","PRT","jlamb",0.00031760326155358
"cchkp","PRT","jpoul",0.000320072215215884
"cchkp","PRT","jeggs",0.000430272877831377
"cchkp","PRT","jmilk",2.2986448190265E-5
"cchkp","PRY","jbeef",0.000926476302615499
"cchkp","PRY","jpork",0.00100168677037528
"cchkp","PRY","jlamb",2.5276373418681E-5
"cchkp","PRY","jpoul",0.000978354733373421
"cchkp","PRY","jeggs",0.00182705757931606
"cchkp","PRY","jmilk",0.000299339429262491
"cchkp","ROU","jbeef",0.00018842903088439
"cchkp","ROU","jpork",0.000108685250737098
"cchkp","ROU","jlamb",0.000194786264643049
"cchkp","ROU","jpoul",0.000130669434040946
"cchkp","ROU","jeggs",0.000125804555628883
"cchkp","ROU","jmilk",7.93959713435061E-6
"cchkp","RUS","jbeef",0.000200442748497284
"cchkp","RUS","jpork",0.000301342374909989
"cchkp","RUS","jlamb",0.000189050136774347
"cchkp","RUS","jpoul",0.000162825061308343
"cchkp","RUS","jeggs",0.00015802263106011
"cchkp","RUS","jmilk",1.39760438463541E-5
"cchkp","SLB","jbeef",0.00306673435593546
"cchkp","SLB","jpork",0.00658338197459771
"cchkp","SLB","jlamb",0.000215539842143536
"cchkp","SLB","jpoul",0.00684914469258052
"cchkp","SLB","jeggs",0.00244731888725112
"cchkp","SLB","jmilk",0.00131939680069417
"cchkp","SPP","jbeef",0.000205255378614214
"cchkp","SPP","jpork",0.000249039089452814
"cchkp","SPP","jlamb",0.00031760326155358
"cchkp","SPP","jpoul",0.000320072215215884
"cchkp","SPP","jeggs",0.000430272877831377
"cchkp","SPP","jmilk",2.2986448190265E-5
"cchkp","SVK","jbeef",0.00018842903088439
"cchkp","SVK","jpork",0.000108685250737098
"cchkp","SVK","jlamb",0.000194786264643049
"cchkp","SVK","jpoul",0.000130669434040946
"cchkp","SVK","jeggs",0.000125804555628883
"cchkp","SVK","jmilk",7.93959713435061E-6
"cchkp","SVN","jbeef",0.000177123783597783
"cchkp","SVN","jpork",0.000102164420957192
"cchkp","SVN","jlamb",0.000183099600016645
"cchkp","SVN","jpoul",0.000122829610964319
"cchkp","SVN","jeggs",0.000118256612488217
"cchkp","SVN","jmilk",7.46324214521445E-6
"cchkp","TUR","jbeef",0.0124754015023856
"cchkp","TUR","jpork",0.0394930891641078
"cchkp","TUR","jlamb",0.029780726103071
"cchkp","TUR","jpoul",0.0397524166264829
"cchkp","TUR","jeggs",0.0395971051242912
"cchkp","TUR","jmilk",0.00350580603177762
"cchkp","UKP","jbeef",0.00148949589815871
"cchkp","UKP","jpork",0.00180722524654688
"cchkp","UKP","jlamb",0.00230478128524485
"cchkp","UKP","jpoul",0.00232269797214278
"cchkp","UKP","jeggs",0.00312240142473129
"cchkp","UKP","jmilk",0.000166807907903791
"cchkp","USA","jbeef",1.11616432816527E-6
"cchkp","USA","jpork",7.37033005937374E-7
"cchkp","USA","jlamb",1.56880118892214E-6
"cchkp","USA","jpoul",6.06605350213675E-7
"cchkp","USA","jeggs",1.25281076688931E-7
"cchkp","USA","jmilk",1.33453653582104E-7
"cchkp","UZB","jbeef",0.000101827561525861
"cchkp","UZB","jpork",0.000153086188891819
"cchkp","UZB","jlamb",9.6040135927225E-5
"cchkp","UZB","jpoul",8.2717490766783E-5
"cchkp","UZB","jeggs",8.02771477250686E-5
"cchkp","UZB","jmilk",7.09969900725806E-6
"cchkp","VUT","jbeef",0.00306673435593546
"cchkp","VUT","jpork",0.00658338197459771
"cchkp","VUT","jlamb",0.000215539842143536
"cchkp","VUT","jpoul",0.00684914469258052
"cchkp","VUT","jeggs",0.00244731888725112
"cchkp","VUT","jmilk",0.00131939680069417
"ccowp","AFG","jpoul",0.236106829022181
"ccowp","AFG","jeggs",0.0827247195161776
"ccowp","AFG","jmilk",0.0102413520322331
"ccowp","ALB","jbeef",0.000177123783597783
"ccowp","ALB","jpork",0.000102164420957192
"ccowp","ALB","jlamb",0.000183099600016645
"ccowp","ALB","jpoul",0.000122829610964319
"ccowp","ALB","jeggs",0.000118256612488217
"ccowp","ALB","jmilk",7.46324214521445E-6
"ccowp","ARM","jbeef",0.000211828866163023
"ccowp","ARM","jpork",0.000318460079412254
"ccowp","ARM","jlamb",0.000199789098987619
"ccowp","ARM","jpoul",0.000172074312383211
"ccowp","ARM","jeggs",0.000166999080867295
"ccowp","ARM","jmilk",1.47699507396148E-5
"ccowp","AZE","jbeef",0.000211828866163023
"ccowp","AZE","jpork",0.000318460079412254
"ccowp","AZE","jlamb",0.000199789098987619
"ccowp","AZE","jpoul",0.000172074312383211
"ccowp","AZE","jeggs",0.000166999080867295
"ccowp","AZE","jmilk",1.47699507396148E-5
"ccowp","BGD","jpoul",0.00196521672181716
"ccowp","BGD","jeggs",0.00138082332822416
"ccowp","BGD","jmilk",0.000310297377129025
"ccowp","BGR","jbeef",0.00018842903088439
"ccowp","BGR","jpork",0.000108685250737098
"ccowp","BGR","jlamb",0.000194786264643049
"ccowp","BGR","jpoul",0.000130669434040946
"ccowp","BGR","jeggs",0.000125804555628883
"ccowp","BGR","jmilk",7.93959713435061E-6
"ccowp","BLR","jbeef",7.94088419447072E-5
"ccowp","BLR","jpork",0.000119381964176141
"ccowp","BLR","jlamb",7.48954628854673E-5
"ccowp","BLR","jpoul",6.45059482321291E-5
"ccowp","BLR","jeggs",6.26033828991778E-5
"ccowp","BLR","jmilk",5.53685012367744E-6
"ccowp","BLT","jbeef",7.94088419447072E-5
"ccowp","BLT","jpork",0.000119381964176141
"ccowp","BLT","jlamb",7.48954628854673E-5
"ccowp","BLT","jpoul",6.45059482321291E-5
"ccowp","BLT","jeggs",6.26033828991778E-5
"ccowp","BLT","jmilk",5.53685012367744E-6
"ccowp","BLX","jbeef",0.000259819963144909
"ccowp","BLX","jpork",0.000315243027881321
"ccowp","BLX","jlamb",0.000402034130694588
"ccowp","BLX","jpoul",0.00040515942492014
"ccowp","BLX","jeggs",0.000544655560381309
"ccowp","BLX","jmilk",2.90971089866166E-5
"ccowp","BOL","jbeef",0.000926476302615499
"ccowp","BOL","jpork",0.00100168677037528
"ccowp","BOL","jlamb",2.5276373418681E-5
"ccowp","BOL","jpoul",0.000978354733373421
"ccowp","BOL","jeggs",0.00182705757931606
"ccowp","BOL","jmilk",0.000299339429262491
"ccowp","CAN","jbeef",0.0147786499624739
"ccowp","CAN","jpork",0.0212256653486706
"ccowp","CAN","jlamb",0.00420549899748938
"ccowp","CAN","jpoul",0.0102974273950895
"ccowp","CAN","jeggs",0.0122120579619898
"ccowp","CAN","jmilk",0.00134679626262454
"ccowp","CRB","jbeef",0.00306673435593546
"ccowp","CRB","jpork",0.00658338197459771
"ccowp","CRB","jlamb",0.000215539842143536
"ccowp","CRB","jpoul",0.00684914469258052
"ccowp","CRB","jeggs",0.00244731888725112
"ccowp","CRB","jmilk",0.00131939680069417
"ccowp","CZE","jbeef",0.00018842903088439
"ccowp","CZE","jpork",0.000108685250737098
"ccowp","CZE","jlamb",0.000194786264643049
"ccowp","CZE","jpoul",0.000130669434040946
"ccowp","CZE","jeggs",0.000125804555628883
"ccowp","CZE","jmilk",7.93959713435061E-6
"ccowp","DEU","jbeef",0.000166614616736805
"ccowp","DEU","jpork",0.000202155737510063
"ccowp","DEU","jlamb",0.000257812224241731
"ccowp","DEU","jpoul",0.000259816380093642
"ccowp","DEU","jeggs",0.000349270996531892
"ccowp","DEU","jmilk",1.86590884059602E-5
"ccowp","DZA","jbeef",0.000591752533845197
"ccowp","DZA","jpork",0.00384881335758203
"ccowp","DZA","jlamb",0.0022782402556289
"ccowp","DZA","jpoul",0.00183657475550394
"ccowp","DZA","jeggs",0.00463900668081108
"ccowp","DZA","jmilk",0.000419672520927639
"ccowp","FJI","jbeef",0.00306673435593546
"ccowp","FJI","jpork",0.00658338197459771
"ccowp","FJI","jlamb",0.000215539842143536
"ccowp","FJI","jpoul",0.00684914469258052
"ccowp","FJI","jeggs",0.00244731888725112
"ccowp","FJI","jmilk",0.00131939680069417
"ccowp","FRP","jbeef",0.000556560400359777
"ccowp","FRP","jpork",0.000675282159556009
"ccowp","FRP","jlamb",0.000861197400035347
"ccowp","FRP","jpoul",0.00086789209348523
"ccowp","FRP","jeggs",0.0011667067960245
"ccowp","FRP","jmilk",6.23289235780215E-5
"ccowp","GEO","jbeef",0.000211828866163023
"ccowp","GEO","jpork",0.000318460079412254
"ccowp","GEO","jlamb",0.000199789098987619
"ccowp","GEO","jpoul",0.000172074312383211
"ccowp","GEO","jeggs",0.000166999080867295
"ccowp","GEO","jmilk",1.47699507396148E-5
"ccowp","GRC","jbeef",0.000177123783597783
"ccowp","GRC","jpork",0.000102164420957192
"ccowp","GRC","jlamb",0.000183099600016645
"ccowp","GRC","jpoul",0.000122829610964319
"ccowp","GRC","jeggs",0.000118256612488217
"ccowp","GRC","jmilk",7.46324214521445E-6
"ccowp","HRV","jbeef",0.000177123783597783
"ccowp","HRV","jpork",0.000102164420957192
"ccowp","HRV","jlamb",0.000183099600016645
"ccowp","HRV","jpoul",0.000122829610964319
"ccowp","HRV","jeggs",0.000118256612488217
"ccowp","HRV","jmilk",7.46324214521445E-6
"ccowp","HUN","jbeef",0.00018842903088439
"ccowp","HUN","jpork",0.000108685250737098
"ccowp","HUN","jlamb",0.000194786264643049
"ccowp","HUN","jpoul",0.000130669434040946
"ccowp","HUN","jeggs",0.000125804555628883
"ccowp","HUN","jmilk",7.93959713435061E-6
"ccowp","IND","jlamb",0.177899699425802
"ccowp","IND","jeggs",0.0845567054042701
"ccowp","IND","jmilk",0.00523101203759679
"ccowp","IRL","jbeef",0.00148949589815871
"ccowp","IRL","jpork",0.00180722524654688
"ccowp","IRL","jlamb",0.00230478128524485
"ccowp","IRL","jpoul",0.00232269797214278
"ccowp","IRL","jeggs",0.00312240142473129
"ccowp","IRL","jmilk",0.000166807907903791
"ccowp","JAM","jbeef",0.00306673435593546
"ccowp","JAM","jpork",0.00658338197459771
"ccowp","JAM","jlamb",0.000215539842143536
"ccowp","JAM","jpoul",0.00684914469258052
"ccowp","JAM","jeggs",0.00244731888725112
"ccowp","JAM","jmilk",0.00131939680069417
"ccowp","KAZ","jbeef",0.000496779694299936
"ccowp","KAZ","jpork",0.000746851922796028
"ccowp","KAZ","jlamb",0.000468544946491076
"ccowp","KAZ","jpoul",0.000403548598833374
"ccowp","KAZ","jeggs",0.000391643051336373
"ccowp","KAZ","jmilk",3.46368532212321E-5
"ccowp","MDA","jbeef",0.00018842903088439
"ccowp","MDA","jpork",0.000108685250737098
"ccowp","MDA","jlamb",0.000194786264643049
"ccowp","MDA","jpoul",0.000130669434040946
"ccowp","MDA","jeggs",0.000125804555628883
"ccowp","MDA","jmilk",7.93959713435061E-6
"ccowp","MEX","jbeef",0.000964283526725333
"ccowp","MEX","jpork",0.00648014217729828
"ccowp","MEX","jlamb",0.00152881823178013
"ccowp","MEX","jpoul",0.00483369781455776
"ccowp","MEX","jeggs",0.00588863608009378
"ccowp","MEX","jmilk",0.000805766322088627
"ccowp","OAO","jbeef",0.00306673435593546
"ccowp","OAO","jpork",0.00658338197459771
"ccowp","OAO","jlamb",0.000215539842143536
"ccowp","OAO","jpoul",0.00684914469258052
"ccowp","OAO","jeggs",0.00244731888725112
"ccowp","OAO","jmilk",0.00131939680069417
"ccowp","OBN","jbeef",0.000177123783597783
"ccowp","OBN","jpork",0.000102164420957192
"ccowp","OBN","jlamb",0.000183099600016645
"ccowp","OBN","jpoul",0.000122829610964319
"ccowp","OBN","jeggs",0.000118256612488217
"ccowp","OBN","jmilk",7.46324214521445E-6
"ccowp","OIO","jbeef",0.00306673435593546
"ccowp","OIO","jpork",0.00658338197459771
"ccowp","OIO","jlamb",0.000215539842143536
"ccowp","OIO","jpoul",0.00684914469258052
"ccowp","OIO","jeggs",0.00244731888725112
"ccowp","OIO","jmilk",0.00131939680069417
"ccowp","OPO","jbeef",0.00306673435593546
"ccowp","OPO","jpork",0.00658338197459771
"ccowp","OPO","jlamb",0.000215539842143536
"ccowp","OPO","jpoul",0.00684914469258052
"ccowp","OPO","jeggs",0.00244731888725112
"ccowp","OPO","jmilk",0.00131939680069417
"ccowp","PAK","jbeef",0.0223459655820044
"ccowp","PAK","jlamb",0.0222501349303857
"ccowp","PAK","jpoul",0.0964230592832847
"ccowp","PAK","jeggs",0.118951974291107
"ccowp","PAK","jmilk",0.00209085058077235
"ccowp","POL","jbeef",9.21066836626973E-6
"ccowp","POL","jpork",5.31268348696481E-6
"ccowp","POL","jlamb",9.52141863443722E-6
"ccowp","POL","jpoul",6.38730039055257E-6
"ccowp","POL","jeggs",6.1494984898294E-6
"ccowp","POL","jmilk",3.88098350997501E-7
"ccowp","PRT","jbeef",0.000205255378614214
"ccowp","PRT","jpork",0.000249039089452814
"ccowp","PRT","jlamb",0.00031760326155358
"ccowp","PRT","jpoul",0.000320072215215884
"ccowp","PRT","jeggs",0.000430272877831377
"ccowp","PRT","jmilk",2.2986448190265E-5
"ccowp","PRY","jbeef",0.000926476302615499
"ccowp","PRY","jpork",0.00100168677037528
"ccowp","PRY","jlamb",2.5276373418681E-5
"ccowp","PRY","jpoul",0.000978354733373421
"ccowp","PRY","jeggs",0.00182705757931606
"ccowp","PRY","jmilk",0.000299339429262491
"ccowp","ROU","jbeef",0.00018842903088439
"ccowp","ROU","jpork",0.000108685250737098
"ccowp","ROU","jlamb",0.000194786264643049
"ccowp","ROU","jpoul",0.000130669434040946
"ccowp","ROU","jeggs",0.000125804555628883
"ccowp","ROU","jmilk",7.93959713435061E-6
"ccowp","RUS","jbeef",0.000200442748497284
"ccowp","RUS","jpork",0.000301342374909989
"ccowp","RUS","jlamb",0.000189050136774347
"ccowp","RUS","jpoul",0.000162825061308343
"ccowp","RUS","jeggs",0.00015802263106011
"ccowp","RUS","jmilk",1.39760438463541E-5
"ccowp","SLB","jbeef",0.00306673435593546
"ccowp","SLB","jpork",0.00658338197459771
"ccowp","SLB","jlamb",0.000215539842143536
"ccowp","SLB","jpoul",0.00684914469258052
"ccowp","SLB","jeggs",0.00244731888725112
"ccowp","SLB","jmilk",0.00131939680069417
"ccowp","SPP","jbeef",0.000205255378614214
"ccowp","SPP","jpork",0.000249039089452814
"ccowp","SPP","jlamb",0.00031760326155358
"ccowp","SPP","jpoul",0.000320072215215884
"ccowp","SPP","jeggs",0.000430272877831377
"ccowp","SPP","jmilk",2.2986448190265E-5
"ccowp","SVK","jbeef",0.00018842903088439
"ccowp","SVK","jpork",0.000108685250737098
"ccowp","SVK","jlamb",0.000194786264643049
"ccowp","SVK","jpoul",0.000130669434040946
"ccowp","SVK","jeggs",0.000125804555628883
"ccowp","SVK","jmilk",7.93959713435061E-6
"ccowp","SVN","jbeef",0.000177123783597783
"ccowp","SVN","jpork",0.000102164420957192
"ccowp","SVN","jlamb",0.000183099600016645
"ccowp","SVN","jpoul",0.000122829610964319
"ccowp","SVN","jeggs",0.000118256612488217
"ccowp","SVN","jmilk",7.46324214521445E-6
"ccowp","TUR","jbeef",0.0124754015023856
"ccowp","TUR","jpork",0.0394930891641078
"ccowp","TUR","jlamb",0.029780726103071
"ccowp","TUR","jpoul",0.0397524166264829
"ccowp","TUR","jeggs",0.0395971051242912
"ccowp","TUR","jmilk",0.00350580603177762
"ccowp","UKP","jbeef",0.00148949589815871
"ccowp","UKP","jpork",0.00180722524654688
"ccowp","UKP","jlamb",0.00230478128524485
"ccowp","UKP","jpoul",0.00232269797214278
"ccowp","UKP","jeggs",0.00312240142473129
"ccowp","UKP","jmilk",0.000166807907903791
"ccowp","USA","jbeef",1.11616432816527E-6
"ccowp","USA","jpork",7.37033005937374E-7
"ccowp","USA","jlamb",1.56880118892214E-6
"ccowp","USA","jpoul",6.06605350213675E-7
"ccowp","USA","jeggs",1.25281076688931E-7
"ccowp","USA","jmilk",1.33453653582104E-7
"ccowp","UZB","jbeef",0.000101827561525861
"ccowp","UZB","jpork",0.000153086188891819
"ccowp","UZB","jlamb",9.6040135927225E-5
"ccowp","UZB","jpoul",8.2717490766783E-5
"ccowp","UZB","jeggs",8.02771477250686E-5
"ccowp","UZB","jmilk",7.09969900725806E-6
"ccowp","VUT","jbeef",0.00306673435593546
"ccowp","VUT","jpork",0.00658338197459771
"ccowp","VUT","jlamb",0.000215539842143536
"ccowp","VUT","jpoul",0.00684914469258052
"ccowp","VUT","jeggs",0.00244731888725112
"ccowp","VUT","jmilk",0.00131939680069417
"clent","AFG","jpoul",0.236106829022181
"clent","AFG","jeggs",0.0827247195161776
"clent","AFG","jmilk",0.0102413520322331
"clent","ALB","jbeef",0.000177123783597783
"clent","ALB","jpork",0.000102164420957192
"clent","ALB","jlamb",0.000183099600016645
"clent","ALB","jpoul",0.000122829610964319
"clent","ALB","jeggs",0.000118256612488217
"clent","ALB","jmilk",7.46324214521445E-6
"clent","ARM","jbeef",0.000211828866163023
"clent","ARM","jpork",0.000318460079412254
"clent","ARM","jlamb",0.000199789098987619
"clent","ARM","jpoul",0.000172074312383211
"clent","ARM","jeggs",0.000166999080867295
"clent","ARM","jmilk",1.47699507396148E-5
"clent","AZE","jbeef",0.000211828866163023
"clent","AZE","jpork",0.000318460079412254
"clent","AZE","jlamb",0.000199789098987619
"clent","AZE","jpoul",0.000172074312383211
"clent","AZE","jeggs",0.000166999080867295
"clent","AZE","jmilk",1.47699507396148E-5
"clent","BGD","jpoul",0.00196521672181716
"clent","BGD","jeggs",0.00138082332822416
"clent","BGD","jmilk",0.000310297377129025
"clent","BGR","jbeef",0.00018842903088439
"clent","BGR","jpork",0.000108685250737098
"clent","BGR","jlamb",0.000194786264643049
"clent","BGR","jpoul",0.000130669434040946
"clent","BGR","jeggs",0.000125804555628883
"clent","BGR","jmilk",7.93959713435061E-6
"clent","BLR","jbeef",7.94088419447072E-5
"clent","BLR","jpork",0.000119381964176141
"clent","BLR","jlamb",7.48954628854673E-5
"clent","BLR","jpoul",6.45059482321291E-5
"clent","BLR","jeggs",6.26033828991778E-5
"clent","BLR","jmilk",5.53685012367744E-6
"clent","BLT","jbeef",7.94088419447072E-5
"clent","BLT","jpork",0.000119381964176141
"clent","BLT","jlamb",7.48954628854673E-5
"clent","BLT","jpoul",6.45059482321291E-5
"clent","BLT","jeggs",6.26033828991778E-5
"clent","BLT","jmilk",5.53685012367744E-6
"clent","BLX","jbeef",0.000259819963144909
"clent","BLX","jpork",0.000315243027881321
"clent","BLX","jlamb",0.000402034130694588
"clent","BLX","jpoul",0.00040515942492014
"clent","BLX","jeggs",0.000544655560381309
"clent","BLX","jmilk",2.90971089866166E-5
"clent","BOL","jbeef",0.000926476302615499
"clent","BOL","jpork",0.00100168677037528
"clent","BOL","jlamb",2.5276373418681E-5
"clent","BOL","jpoul",0.000978354733373421
"clent","BOL","jeggs",0.00182705757931606
"clent","BOL","jmilk",0.000299339429262491
"clent","CAN","jbeef",0.0147786499624739
"clent","CAN","jpork",0.0212256653486706
"clent","CAN","jlamb",0.00420549899748938
"clent","CAN","jpoul",0.0102974273950895
"clent","CAN","jeggs",0.0122120579619898
"clent","CAN","jmilk",0.00134679626262454
"clent","CRB","jbeef",0.00306673435593546
"clent","CRB","jpork",0.00658338197459771
"clent","CRB","jlamb",0.000215539842143536
"clent","CRB","jpoul",0.00684914469258052
"clent","CRB","jeggs",0.00244731888725112
"clent","CRB","jmilk",0.00131939680069417
"clent","CZE","jbeef",0.00018842903088439
"clent","CZE","jpork",0.000108685250737098
"clent","CZE","jlamb",0.000194786264643049
"clent","CZE","jpoul",0.000130669434040946
"clent","CZE","jeggs",0.000125804555628883
"clent","CZE","jmilk",7.93959713435061E-6
"clent","DEU","jbeef",0.000166614616736805
"clent","DEU","jpork",0.000202155737510063
"clent","DEU","jlamb",0.000257812224241731
"clent","DEU","jpoul",0.000259816380093642
"clent","DEU","jeggs",0.000349270996531892
"clent","DEU","jmilk",1.86590884059602E-5
"clent","DZA","jbeef",0.000591752533845197
"clent","DZA","jpork",0.00384881335758203
"clent","DZA","jlamb",0.0022782402556289
"clent","DZA","jpoul",0.00183657475550394
"clent","DZA","jeggs",0.00463900668081108
"clent","DZA","jmilk",0.000419672520927639
"clent","FJI","jbeef",0.00306673435593546
"clent","FJI","jpork",0.00658338197459771
"clent","FJI","jlamb",0.000215539842143536
"clent","FJI","jpoul",0.00684914469258052
"clent","FJI","jeggs",0.00244731888725112
"clent","FJI","jmilk",0.00131939680069417
"clent","FRP","jbeef",0.000556560400359777
"clent","FRP","jpork",0.000675282159556009
"clent","FRP","jlamb",0.000861197400035347
"clent","FRP","jpoul",0.00086789209348523
"clent","FRP","jeggs",0.0011667067960245
"clent","FRP","jmilk",6.23289235780215E-5
"clent","GEO","jbeef",0.000211828866163023
"clent","GEO","jpork",0.000318460079412254
"clent","GEO","jlamb",0.000199789098987619
"clent","GEO","jpoul",0.000172074312383211
"clent","GEO","jeggs",0.000166999080867295
"clent","GEO","jmilk",1.47699507396148E-5
"clent","GRC","jbeef",0.000177123783597783
"clent","GRC","jpork",0.000102164420957192
"clent","GRC","jlamb",0.000183099600016645
"clent","GRC","jpoul",0.000122829610964319
"clent","GRC","jeggs",0.000118256612488217
"clent","GRC","jmilk",7.46324214521445E-6
"clent","HRV","jbeef",0.000177123783597783
"clent","HRV","jpork",0.000102164420957192
"clent","HRV","jlamb",0.000183099600016645
"clent","HRV","jpoul",0.000122829610964319
"clent","HRV","jeggs",0.000118256612488217
"clent","HRV","jmilk",7.46324214521445E-6
"clent","HUN","jbeef",0.00018842903088439
"clent","HUN","jpork",0.000108685250737098
"clent","HUN","jlamb",0.000194786264643049
"clent","HUN","jpoul",0.000130669434040946
"clent","HUN","jeggs",0.000125804555628883
"clent","HUN","jmilk",7.93959713435061E-6
"clent","IND","jlamb",0.177899699425802
"clent","IND","jeggs",0.0845567054042701
"clent","IND","jmilk",0.00523101203759679
"clent","IRL","jbeef",0.00148949589815871
"clent","IRL","jpork",0.00180722524654688
"clent","IRL","jlamb",0.00230478128524485
"clent","IRL","jpoul",0.00232269797214278
"clent","IRL","jeggs",0.00312240142473129
"clent","IRL","jmilk",0.000166807907903791
"clent","JAM","jbeef",0.00306673435593546
"clent","JAM","jpork",0.00658338197459771
"clent","JAM","jlamb",0.000215539842143536
"clent","JAM","jpoul",0.00684914469258052
"clent","JAM","jeggs",0.00244731888725112
"clent","JAM","jmilk",0.00131939680069417
"clent","KAZ","jbeef",0.000496779694299936
"clent","KAZ","jpork",0.000746851922796028
"clent","KAZ","jlamb",0.000468544946491076
"clent","KAZ","jpoul",0.000403548598833374
"clent","KAZ","jeggs",0.000391643051336373
"clent","KAZ","jmilk",3.46368532212321E-5
"clent","MDA","jbeef",0.00018842903088439
"clent","MDA","jpork",0.000108685250737098
"clent","MDA","jlamb",0.000194786264643049
"clent","MDA","jpoul",0.000130669434040946
"clent","MDA","jeggs",0.000125804555628883
"clent","MDA","jmilk",7.93959713435061E-6
"clent","MEX","jbeef",0.000964283526725333
"clent","MEX","jpork",0.00648014217729828
"clent","MEX","jlamb",0.00152881823178013
"clent","MEX","jpoul",0.00483369781455776
"clent","MEX","jeggs",0.00588863608009378
"clent","MEX","jmilk",0.000805766322088627
"clent","OAO","jbeef",0.00306673435593546
"clent","OAO","jpork",0.00658338197459771
"clent","OAO","jlamb",0.000215539842143536
"clent","OAO","jpoul",0.00684914469258052
"clent","OAO","jeggs",0.00244731888725112
"clent","OAO","jmilk",0.00131939680069417
"clent","OBN","jbeef",0.000177123783597783
"clent","OBN","jpork",0.000102164420957192
"clent","OBN","jlamb",0.000183099600016645
"clent","OBN","jpoul",0.000122829610964319
"clent","OBN","jeggs",0.000118256612488217
"clent","OBN","jmilk",7.46324214521445E-6
"clent","OIO","jbeef",0.00306673435593546
"clent","OIO","jpork",0.00658338197459771
"clent","OIO","jlamb",0.000215539842143536
"clent","OIO","jpoul",0.00684914469258052
"clent","OIO","jeggs",0.00244731888725112
"clent","OIO","jmilk",0.00131939680069417
"clent","OPO","jbeef",0.00306673435593546
"clent","OPO","jpork",0.00658338197459771
"clent","OPO","jlamb",0.000215539842143536
"clent","OPO","jpoul",0.00684914469258052
"clent","OPO","jeggs",0.00244731888725112
"clent","OPO","jmilk",0.00131939680069417
"clent","PAK","jbeef",0.0223459655820044
"clent","PAK","jlamb",0.0222501349303857
"clent","PAK","jpoul",0.0964230592832847
"clent","PAK","jeggs",0.118951974291107
"clent","PAK","jmilk",0.00209085058077235
"clent","POL","jbeef",9.21066836626973E-6
"clent","POL","jpork",5.31268348696481E-6
"clent","POL","jlamb",9.52141863443722E-6
"clent","POL","jpoul",6.38730039055257E-6
"clent","POL","jeggs",6.1494984898294E-6
"clent","POL","jmilk",3.88098350997501E-7
"clent","PRT","jbeef",0.000205255378614214
"clent","PRT","jpork",0.000249039089452814
"clent","PRT","jlamb",0.00031760326155358
"clent","PRT","jpoul",0.000320072215215884
"clent","PRT","jeggs",0.000430272877831377
"clent","PRT","jmilk",2.2986448190265E-5
"clent","PRY","jbeef",0.000926476302615499
"clent","PRY","jpork",0.00100168677037528
"clent","PRY","jlamb",2.5276373418681E-5
"clent","PRY","jpoul",0.000978354733373421
"clent","PRY","jeggs",0.00182705757931606
"clent","PRY","jmilk",0.000299339429262491
"clent","ROU","jbeef",0.00018842903088439
"clent","ROU","jpork",0.000108685250737098
"clent","ROU","jlamb",0.000194786264643049
"clent","ROU","jpoul",0.000130669434040946
"clent","ROU","jeggs",0.000125804555628883
"clent","ROU","jmilk",7.93959713435061E-6
"clent","RUS","jbeef",0.000200442748497284
"clent","RUS","jpork",0.000301342374909989
"clent","RUS","jlamb",0.000189050136774347
"clent","RUS","jpoul",0.000162825061308343
"clent","RUS","jeggs",0.00015802263106011
"clent","RUS","jmilk",1.39760438463541E-5
"clent","SLB","jbeef",0.00306673435593546
"clent","SLB","jpork",0.00658338197459771
"clent","SLB","jlamb",0.000215539842143536
"clent","SLB","jpoul",0.00684914469258052
"clent","SLB","jeggs",0.00244731888725112
"clent","SLB","jmilk",0.00131939680069417
"clent","SPP","jbeef",0.000205255378614214
"clent","SPP","jpork",0.000249039089452814
"clent","SPP","jlamb",0.00031760326155358
"clent","SPP","jpoul",0.000320072215215884
"clent","SPP","jeggs",0.000430272877831377
"clent","SPP","jmilk",2.2986448190265E-5
"clent","SVK","jbeef",0.00018842903088439
"clent","SVK","jpork",0.000108685250737098
"clent","SVK","jlamb",0.000194786264643049
"clent","SVK","jpoul",0.000130669434040946
"clent","SVK","jeggs",0.000125804555628883
"clent","SVK","jmilk",7.93959713435061E-6
"clent","SVN","jbeef",0.000177123783597783
"clent","SVN","jpork",0.000102164420957192
"clent","SVN","jlamb",0.000183099600016645
"clent","SVN","jpoul",0.000122829610964319
"clent","SVN","jeggs",0.000118256612488217
"clent","SVN","jmilk",7.46324214521445E-6
"clent","TUR","jbeef",0.0124754015023856
"clent","TUR","jpork",0.0394930891641078
"clent","TUR","jlamb",0.029780726103071
"clent","TUR","jpoul",0.0397524166264829
"clent","TUR","jeggs",0.0395971051242912
"clent","TUR","jmilk",0.00350580603177762
"clent","UKP","jbeef",0.00148949589815871
"clent","UKP","jpork",0.00180722524654688
"clent","UKP","jlamb",0.00230478128524485
"clent","UKP","jpoul",0.00232269797214278
"clent","UKP","jeggs",0.00312240142473129
"clent","UKP","jmilk",0.000166807907903791
"clent","USA","jbeef",1.11616432816527E-6
"clent","USA","jpork",7.37033005937374E-7
"clent","USA","jlamb",1.56880118892214E-6
"clent","USA","jpoul",6.06605350213675E-7
"clent","USA","jeggs",1.25281076688931E-7
"clent","USA","jmilk",1.33453653582104E-7
"clent","UZB","jbeef",0.000101827561525861
"clent","UZB","jpork",0.000153086188891819
"clent","UZB","jlamb",9.6040135927225E-5
"clent","UZB","jpoul",8.2717490766783E-5
"clent","UZB","jeggs",8.02771477250686E-5
"clent","UZB","jmilk",7.09969900725806E-6
"clent","VUT","jbeef",0.00306673435593546
"clent","VUT","jpork",0.00658338197459771
"clent","VUT","jlamb",0.000215539842143536
"clent","VUT","jpoul",0.00684914469258052
"clent","VUT","jeggs",0.00244731888725112
"clent","VUT","jmilk",0.00131939680069417
"cpigp","CRB","jbeef",0.0001098473966167
"cpigp","CRB","jpork",0.0001098473966167
"cpigp","CRB","jlamb",0.0001098473966167
"cpigp","CRB","jpoul",0.0001098473966167
"cpigp","CRB","jeggs",0.0001098473966167
"cpigp","CRB","jmilk",0.0001098473966167
"cpigp","FJI","jbeef",0.0001098473966167
"cpigp","FJI","jpork",0.0001098473966167
"cpigp","FJI","jlamb",0.0001098473966167
"cpigp","FJI","jpoul",0.0001098473966167
"cpigp","FJI","jeggs",0.0001098473966167
"cpigp","FJI","jmilk",0.0001098473966167
"cpigp","IND","jlamb",0.0325229603855194
"cpigp","IND","jeggs",0.0154583419144004
"cpigp","IND","jmilk",0.000956314135572173
"cpigp","JAM","jbeef",0.0001098473966167
"cpigp","JAM","jpork",0.0001098473966167
"cpigp","JAM","jlamb",0.0001098473966167
"cpigp","JAM","jpoul",0.0001098473966167
"cpigp","JAM","jeggs",0.0001098473966167
"cpigp","JAM","jmilk",0.0001098473966167
"cpigp","MWI","jpork",0.111725362647261
"cpigp","MWI","jpoul",0.041442168849746
"cpigp","MWI","jeggs",0.0466045151424479
"cpigp","MWI","jmilk",0.00362081233029788
"cpigp","OAO","jbeef",0.0001098473966167
"cpigp","OAO","jpork",0.0001098473966167
"cpigp","OAO","jlamb",0.0001098473966167
"cpigp","OAO","jpoul",0.0001098473966167
"cpigp","OAO","jeggs",0.0001098473966167
"cpigp","OAO","jmilk",0.0001098473966167
"cpigp","OIO","jbeef",0.0001098473966167
"cpigp","OIO","jpork",0.0001098473966167
"cpigp","OIO","jlamb",0.0001098473966167
"cpigp","OIO","jpoul",0.0001098473966167
"cpigp","OIO","jeggs",0.0001098473966167
"cpigp","OIO","jmilk",0.0001098473966167
"cpigp","OPO","jbeef",0.0001098473966167
"cpigp","OPO","jpork",0.0001098473966167
"cpigp","OPO","jlamb",0.0001098473966167
"cpigp","OPO","jpoul",0.0001098473966167
"cpigp","OPO","jeggs",0.0001098473966167
"cpigp","OPO","jmilk",0.0001098473966167
"cpigp","POL","jbeef",3.50792606149355E-6
"cpigp","POL","jpork",3.50792606149355E-6
"cpigp","POL","jlamb",3.50792606149355E-6
"cpigp","POL","jpoul",3.50792606149355E-6
"cpigp","POL","jeggs",3.50792606149355E-6
"cpigp","POL","jmilk",3.50792606149355E-6
"cpigp","SLB","jbeef",0.0001098473966167
"cpigp","SLB","jpork",0.0001098473966167
"cpigp","SLB","jlamb",0.0001098473966167
"cpigp","SLB","jpoul",0.0001098473966167
"cpigp","SLB","jeggs",0.0001098473966167
"cpigp","SLB","jmilk",0.0001098473966167
"cpigp","VUT","jbeef",0.0001098473966167
"cpigp","VUT","jpork",0.0001098473966167
"cpigp","VUT","jlamb",0.0001098473966167
"cpigp","VUT","jpoul",0.0001098473966167
"cpigp","VUT","jeggs",0.0001098473966167
"cpigp","VUT","jmilk",0.0001098473966167
"copul","AFG","jpoul",0.236106829022181
"copul","AFG","jeggs",0.0827247195161776
"copul","AFG","jmilk",0.0102413520322331
"copul","ALB","jbeef",0.000177123783597783
"copul","ALB","jpork",0.000102164420957192
"copul","ALB","jlamb",0.000183099600016645
"copul","ALB","jpoul",0.000122829610964319
"copul","ALB","jeggs",0.000118256612488217
"copul","ALB","jmilk",7.46324214521445E-6
"copul","ARM","jbeef",0.000211828866163023
"copul","ARM","jpork",0.000318460079412254
"copul","ARM","jlamb",0.000199789098987619
"copul","ARM","jpoul",0.000172074312383211
"copul","ARM","jeggs",0.000166999080867295
"copul","ARM","jmilk",1.47699507396148E-5
"copul","AZE","jbeef",0.000211828866163023
"copul","AZE","jpork",0.000318460079412254
"copul","AZE","jlamb",0.000199789098987619
"copul","AZE","jpoul",0.000172074312383211
"copul","AZE","jeggs",0.000166999080867295
"copul","AZE","jmilk",1.47699507396148E-5
"copul","BGD","jpoul",0.00196521672181716
"copul","BGD","jeggs",0.00138082332822416
"copul","BGD","jmilk",0.000310297377129025
"copul","BGR","jbeef",0.00018842903088439
"copul","BGR","jpork",0.000108685250737098
"copul","BGR","jlamb",0.000194786264643049
"copul","BGR","jpoul",0.000130669434040946
"copul","BGR","jeggs",0.000125804555628883
"copul","BGR","jmilk",7.93959713435061E-6
"copul","BLR","jbeef",7.94088419447072E-5
"copul","BLR","jpork",0.000119381964176141
"copul","BLR","jlamb",7.48954628854673E-5
"copul","BLR","jpoul",6.45059482321291E-5
"copul","BLR","jeggs",6.26033828991778E-5
"copul","BLR","jmilk",5.53685012367744E-6
"copul","BLT","jbeef",7.94088419447072E-5
"copul","BLT","jpork",0.000119381964176141
"copul","BLT","jlamb",7.48954628854673E-5
"copul","BLT","jpoul",6.45059482321291E-5
"copul","BLT","jeggs",6.26033828991778E-5
"copul","BLT","jmilk",5.53685012367744E-6
"copul","BLX","jbeef",0.000259819963144909
"copul","BLX","jpork",0.000315243027881321
"copul","BLX","jlamb",0.000402034130694588
"copul","BLX","jpoul",0.00040515942492014
"copul","BLX","jeggs",0.000544655560381309
"copul","BLX","jmilk",2.90971089866166E-5
"copul","BOL","jbeef",0.000926476302615499
"copul","BOL","jpork",0.00100168677037528
"copul","BOL","jlamb",2.5276373418681E-5
"copul","BOL","jpoul",0.000978354733373421
"copul","BOL","jeggs",0.00182705757931606
"copul","BOL","jmilk",0.000299339429262491
"copul","CAN","jbeef",0.0147786499624739
"copul","CAN","jpork",0.0212256653486706
"copul","CAN","jlamb",0.00420549899748938
"copul","CAN","jpoul",0.0102974273950895
"copul","CAN","jeggs",0.0122120579619898
"copul","CAN","jmilk",0.00134679626262454
"copul","CRB","jbeef",0.00306673435593546
"copul","CRB","jpork",0.00658338197459771
"copul","CRB","jlamb",0.000215539842143536
"copul","CRB","jpoul",0.00684914469258052
"copul","CRB","jeggs",0.00244731888725112
"copul","CRB","jmilk",0.00131939680069417
"copul","CZE","jbeef",0.00018842903088439
"copul","CZE","jpork",0.000108685250737098
"copul","CZE","jlamb",0.000194786264643049
"copul","CZE","jpoul",0.000130669434040946
"copul","CZE","jeggs",0.000125804555628883
"copul","CZE","jmilk",7.93959713435061E-6
"copul","DEU","jbeef",0.000166614616736805
"copul","DEU","jpork",0.000202155737510063
"copul","DEU","jlamb",0.000257812224241731
"copul","DEU","jpoul",0.000259816380093642
"copul","DEU","jeggs",0.000349270996531892
"copul","DEU","jmilk",1.86590884059602E-5
"copul","DZA","jbeef",0.000591752533845197
"copul","DZA","jpork",0.00384881335758203
"copul","DZA","jlamb",0.0022782402556289
"copul","DZA","jpoul",0.00183657475550394
"copul","DZA","jeggs",0.00463900668081108
"copul","DZA","jmilk",0.000419672520927639
"copul","FJI","jbeef",0.00306673435593546
"copul","FJI","jpork",0.00658338197459771
"copul","FJI","jlamb",0.000215539842143536
"copul","FJI","jpoul",0.00684914469258052
"copul","FJI","jeggs",0.00244731888725112
"copul","FJI","jmilk",0.00131939680069417
"copul","FRP","jbeef",0.000556560400359777
"copul","FRP","jpork",0.000675282159556009
"copul","FRP","jlamb",0.000861197400035347
"copul","FRP","jpoul",0.00086789209348523
"copul","FRP","jeggs",0.0011667067960245
"copul","FRP","jmilk",6.23289235780215E-5
"copul","GEO","jbeef",0.000211828866163023
"copul","GEO","jpork",0.000318460079412254
"copul","GEO","jlamb",0.000199789098987619
"copul","GEO","jpoul",0.000172074312383211
"copul","GEO","jeggs",0.000166999080867295
"copul","GEO","jmilk",1.47699507396148E-5
"copul","GRC","jbeef",0.000177123783597783
"copul","GRC","jpork",0.000102164420957192
"copul","GRC","jlamb",0.000183099600016645
"copul","GRC","jpoul",0.000122829610964319
"copul","GRC","jeggs",0.000118256612488217
"copul","GRC","jmilk",7.46324214521445E-6
"copul","HRV","jbeef",0.000177123783597783
"copul","HRV","jpork",0.000102164420957192
"copul","HRV","jlamb",0.000183099600016645
"copul","HRV","jpoul",0.000122829610964319
"copul","HRV","jeggs",0.000118256612488217
"copul","HRV","jmilk",7.46324214521445E-6
"copul","HUN","jbeef",0.00018842903088439
"copul","HUN","jpork",0.000108685250737098
"copul","HUN","jlamb",0.000194786264643049
"copul","HUN","jpoul",0.000130669434040946
"copul","HUN","jeggs",0.000125804555628883
"copul","HUN","jmilk",7.93959713435061E-6
"copul","IND","jlamb",0.177899699425802
"copul","IND","jeggs",0.0845567054042701
"copul","IND","jmilk",0.00523101203759679
"copul","IRL","jbeef",0.00148949589815871
"copul","IRL","jpork",0.00180722524654688
"copul","IRL","jlamb",0.00230478128524485
"copul","IRL","jpoul",0.00232269797214278
"copul","IRL","jeggs",0.00312240142473129
"copul","IRL","jmilk",0.000166807907903791
"copul","JAM","jbeef",0.00306673435593546
"copul","JAM","jpork",0.00658338197459771
"copul","JAM","jlamb",0.000215539842143536
"copul","JAM","jpoul",0.00684914469258052
"copul","JAM","jeggs",0.00244731888725112
"copul","JAM","jmilk",0.00131939680069417
"copul","KAZ","jbeef",0.000496779694299936
"copul","KAZ","jpork",0.000746851922796028
"copul","KAZ","jlamb",0.000468544946491076
"copul","KAZ","jpoul",0.000403548598833374
"copul","KAZ","jeggs",0.000391643051336373
"copul","KAZ","jmilk",3.46368532212321E-5
"copul","MDA","jbeef",0.00018842903088439
"copul","MDA","jpork",0.000108685250737098
"copul","MDA","jlamb",0.000194786264643049
"copul","MDA","jpoul",0.000130669434040946
"copul","MDA","jeggs",0.000125804555628883
"copul","MDA","jmilk",7.93959713435061E-6
"copul","MEX","jbeef",0.000964283526725333
"copul","MEX","jpork",0.00648014217729828
"copul","MEX","jlamb",0.00152881823178013
"copul","MEX","jpoul",0.00483369781455776
"copul","MEX","jeggs",0.00588863608009378
"copul","MEX","jmilk",0.000805766322088627
"copul","OAO","jbeef",0.00306673435593546
"copul","OAO","jpork",0.00658338197459771
"copul","OAO","jlamb",0.000215539842143536
"copul","OAO","jpoul",0.00684914469258052
"copul","OAO","jeggs",0.00244731888725112
"copul","OAO","jmilk",0.00131939680069417
"copul","OBN","jbeef",0.000177123783597783
"copul","OBN","jpork",0.000102164420957192
"copul","OBN","jlamb",0.000183099600016645
"copul","OBN","jpoul",0.000122829610964319
"copul","OBN","jeggs",0.000118256612488217
"copul","OBN","jmilk",7.46324214521445E-6
"copul","OIO","jbeef",0.00306673435593546
"copul","OIO","jpork",0.00658338197459771
"copul","OIO","jlamb",0.000215539842143536
"copul","OIO","jpoul",0.00684914469258052
"copul","OIO","jeggs",0.00244731888725112
"copul","OIO","jmilk",0.00131939680069417
"copul","OPO","jbeef",0.00306673435593546
"copul","OPO","jpork",0.00658338197459771
"copul","OPO","jlamb",0.000215539842143536
"copul","OPO","jpoul",0.00684914469258052
"copul","OPO","jeggs",0.00244731888725112
"copul","OPO","jmilk",0.00131939680069417
"copul","PAK","jbeef",0.0223459655820044
"copul","PAK","jlamb",0.0222501349303857
"copul","PAK","jpoul",0.0964230592832847
"copul","PAK","jeggs",0.118951974291107
"copul","PAK","jmilk",0.00209085058077235
"copul","POL","jbeef",9.21066836626973E-6
"copul","POL","jpork",5.31268348696481E-6
"copul","POL","jlamb",9.52141863443722E-6
"copul","POL","jpoul",6.38730039055257E-6
"copul","POL","jeggs",6.1494984898294E-6
"copul","POL","jmilk",3.88098350997501E-7
"copul","PRT","jbeef",0.000205255378614214
"copul","PRT","jpork",0.000249039089452814
"copul","PRT","jlamb",0.00031760326155358
"copul","PRT","jpoul",0.000320072215215884
"copul","PRT","jeggs",0.000430272877831377
"copul","PRT","jmilk",2.2986448190265E-5
"copul","PRY","jbeef",0.000926476302615499
"copul","PRY","jpork",0.00100168677037528
"copul","PRY","jlamb",2.5276373418681E-5
"copul","PRY","jpoul",0.000978354733373421
"copul","PRY","jeggs",0.00182705757931606
"copul","PRY","jmilk",0.000299339429262491
"copul","ROU","jbeef",0.00018842903088439
"copul","ROU","jpork",0.000108685250737098
"copul","ROU","jlamb",0.000194786264643049
"copul","ROU","jpoul",0.000130669434040946
"copul","ROU","jeggs",0.000125804555628883
"copul","ROU","jmilk",7.93959713435061E-6
"copul","RUS","jbeef",0.000200442748497284
"copul","RUS","jpork",0.000301342374909989
"copul","RUS","jlamb",0.000189050136774347
"copul","RUS","jpoul",0.000162825061308343
"copul","RUS","jeggs",0.00015802263106011
"copul","RUS","jmilk",1.39760438463541E-5
"copul","SLB","jbeef",0.00306673435593546
"copul","SLB","jpork",0.00658338197459771
"copul","SLB","jlamb",0.000215539842143536
"copul","SLB","jpoul",0.00684914469258052
"copul","SLB","jeggs",0.00244731888725112
"copul","SLB","jmilk",0.00131939680069417
"copul","SPP","jbeef",0.000205255378614214
"copul","SPP","jpork",0.000249039089452814
"copul","SPP","jlamb",0.00031760326155358
"copul","SPP","jpoul",0.000320072215215884
"copul","SPP","jeggs",0.000430272877831377
"copul","SPP","jmilk",2.2986448190265E-5
"copul","SVK","jbeef",0.00018842903088439
"copul","SVK","jpork",0.000108685250737098
"copul","SVK","jlamb",0.000194786264643049
"copul","SVK","jpoul",0.000130669434040946
"copul","SVK","jeggs",0.000125804555628883
"copul","SVK","jmilk",7.93959713435061E-6
"copul","SVN","jbeef",0.000177123783597783
"copul","SVN","jpork",0.000102164420957192
"copul","SVN","jlamb",0.000183099600016645
"copul","SVN","jpoul",0.000122829610964319
"copul","SVN","jeggs",0.000118256612488217
"copul","SVN","jmilk",7.46324214521445E-6
"copul","TUR","jbeef",0.0124754015023856
"copul","TUR","jpork",0.0394930891641078
"copul","TUR","jlamb",0.029780726103071
"copul","TUR","jpoul",0.0397524166264829
"copul","TUR","jeggs",0.0395971051242912
"copul","TUR","jmilk",0.00350580603177762
"copul","UKP","jbeef",0.00148949589815871
"copul","UKP","jpork",0.00180722524654688
"copul","UKP","jlamb",0.00230478128524485
"copul","UKP","jpoul",0.00232269797214278
"copul","UKP","jeggs",0.00312240142473129
"copul","UKP","jmilk",0.000166807907903791
"copul","USA","jbeef",1.11616432816527E-6
"copul","USA","jpork",7.37033005937374E-7
"copul","USA","jlamb",1.56880118892214E-6
"copul","USA","jpoul",6.06605350213675E-7
"copul","USA","jeggs",1.25281076688931E-7
"copul","USA","jmilk",1.33453653582104E-7
"copul","UZB","jbeef",0.000101827561525861
"copul","UZB","jpork",0.000153086188891819
"copul","UZB","jlamb",9.6040135927225E-5
"copul","UZB","jpoul",8.2717490766783E-5
"copul","UZB","jeggs",8.02771477250686E-5
"copul","UZB","jmilk",7.09969900725806E-6
"copul","VUT","jbeef",0.00306673435593546
"copul","VUT","jpork",0.00658338197459771
"copul","VUT","jlamb",0.000215539842143536
"copul","VUT","jpoul",0.00684914469258052
"copul","VUT","jeggs",0.00244731888725112
"copul","VUT","jmilk",0.00131939680069417
"csugr","AUS","jbeef",0.000608699504752107
"csugr","AUS","jpork",0.000608699504752107
"csugr","AUS","jlamb",0.000608699504752107
"csugr","AUS","jpoul",0.000608699504752107
"csugr","AUS","jeggs",0.000608699504752107
"csugr","AUS","jmilk",0.000608699504752107
"csugr","AUT","jbeef",0.000375611949308818
"csugr","AUT","jpork",0.000375611949308818
"csugr","AUT","jlamb",0.000375611949308818
"csugr","AUT","jpoul",0.000375611949308818
"csugr","AUT","jeggs",0.000375611949308818
"csugr","AUT","jmilk",0.000375611949308818
"csugr","BGR","jbeef",0.000104213463609225
"csugr","BGR","jpork",0.000104213463609225
"csugr","BGR","jlamb",0.000104213463609225
"csugr","BGR","jpoul",0.000104213463609225
"csugr","BGR","jeggs",0.000104213463609225
"csugr","BGR","jmilk",0.000104213463609225
"csugr","BLR","jbeef",6.18971350971488E-5
"csugr","BLR","jpork",6.18971350971488E-5
"csugr","BLR","jlamb",6.18971350971488E-5
"csugr","BLR","jpoul",6.18971350971488E-5
"csugr","BLR","jeggs",6.18971350971488E-5
"csugr","BLR","jmilk",6.18971350971488E-5
"csugr","BLT","jbeef",6.18971350971488E-5
"csugr","BLT","jpork",6.18971350971488E-5
"csugr","BLT","jlamb",6.18971350971488E-5
"csugr","BLT","jpoul",6.18971350971488E-5
"csugr","BLT","jeggs",6.18971350971488E-5
"csugr","BLT","jmilk",6.18971350971488E-5
"csugr","BLZ","jbeef",0.000286968001416492
"csugr","BLZ","jpork",0.000286968001416492
"csugr","BLZ","jlamb",0.000286968001416492
"csugr","BLZ","jpoul",0.000286968001416492
"csugr","BLZ","jeggs",0.000286968001416492
"csugr","BLZ","jmilk",0.000286968001416492
"csugr","CHP","jbeef",0.000375611949308818
"csugr","CHP","jpork",0.000375611949308818
"csugr","CHP","jlamb",0.000375611949308818
"csugr","CHP","jpoul",0.000375611949308818
"csugr","CHP","jeggs",0.000375611949308818
"csugr","CHP","jmilk",0.000375611949308818
"csugr","COL","jbeef",0.00294805993300248
"csugr","COL","jpork",0.00294805993300248
"csugr","COL","jlamb",0.00294805993300248
"csugr","COL","jpoul",0.00294805993300248
"csugr","COL","jeggs",0.00294805993300248
"csugr","COL","jmilk",0.00294805993300248
"csugr","CRI","jbeef",0.000286968001416492
"csugr","CRI","jpork",0.000286968001416492
"csugr","CRI","jlamb",0.000286968001416492
"csugr","CRI","jpoul",0.000286968001416492
"csugr","CRI","jeggs",0.000286968001416492
"csugr","CRI","jmilk",0.000286968001416492
"csugr","CUB","jbeef",0.000286968001416492
"csugr","CUB","jpork",0.000286968001416492
"csugr","CUB","jlamb",0.000286968001416492
"csugr","CUB","jpoul",0.000286968001416492
"csugr","CUB","jeggs",0.000286968001416492
"csugr","CUB","jmilk",0.000286968001416492
"csugr","CZE","jbeef",0.000104213463609225
"csugr","CZE","jpork",0.000104213463609225
"csugr","CZE","jlamb",0.000104213463609225
"csugr","CZE","jpoul",0.000104213463609225
"csugr","CZE","jeggs",0.000104213463609225
"csugr","CZE","jmilk",0.000104213463609225
"csugr","DEU","jbeef",5.19138931340096E-5
"csugr","DEU","jpork",5.19138931340096E-5
"csugr","DEU","jlamb",5.19138931340096E-5
"csugr","DEU","jpoul",5.19138931340096E-5
"csugr","DEU","jeggs",5.19138931340096E-5
"csugr","DEU","jmilk",5.19138931340096E-5
"csugr","DNK","jbeef",9.64317984498267E-5
"csugr","DNK","jpork",9.64317984498267E-5
"csugr","DNK","jlamb",9.64317984498267E-5
"csugr","DNK","jpoul",9.64317984498267E-5
"csugr","DNK","jeggs",9.64317984498267E-5
"csugr","DNK","jmilk",9.64317984498267E-5
"csugr","DOM","jbeef",0.000286968001416492
"csugr","DOM","jpork",0.000286968001416492
"csugr","DOM","jlamb",0.000286968001416492
"csugr","DOM","jpoul",0.000286968001416492
"csugr","DOM","jeggs",0.000286968001416492
"csugr","DOM","jmilk",0.000286968001416492
"csugr","FNP","jbeef",9.64317984498267E-5
"csugr","FNP","jpork",9.64317984498267E-5
"csugr","FNP","jlamb",9.64317984498267E-5
"csugr","FNP","jpoul",9.64317984498267E-5
"csugr","FNP","jeggs",9.64317984498267E-5
"csugr","FNP","jmilk",9.64317984498267E-5
"csugr","FRP","jbeef",0.000697975987987287
"csugr","FRP","jpork",0.000697975987987287
"csugr","FRP","jlamb",0.000697975987987287
"csugr","FRP","jpoul",0.000697975987987287
"csugr","FRP","jeggs",0.000697975987987287
"csugr","FRP","jmilk",0.000697975987987287
"csugr","GTM","jbeef",0.000286968001416492
"csugr","GTM","jpork",0.000286968001416492
"csugr","GTM","jlamb",0.000286968001416492
"csugr","GTM","jpoul",0.000286968001416492
"csugr","GTM","jeggs",0.000286968001416492
"csugr","GTM","jmilk",0.000286968001416492
"csugr","HND","jbeef",0.000286968001416492
"csugr","HND","jpork",0.000286968001416492
"csugr","HND","jlamb",0.000286968001416492
"csugr","HND","jpoul",0.000286968001416492
"csugr","HND","jeggs",0.000286968001416492
"csugr","HND","jmilk",0.000286968001416492
"csugr","HTI","jbeef",0.000286968001416492
"csugr","HTI","jpork",0.000286968001416492
"csugr","HTI","jlamb",0.000286968001416492
"csugr","HTI","jpoul",0.000286968001416492
"csugr","HTI","jeggs",0.000286968001416492
"csugr","HTI","jmilk",0.000286968001416492
"csugr","HUN","jbeef",0.000104213463609225
"csugr","HUN","jpork",0.000104213463609225
"csugr","HUN","jlamb",0.000104213463609225
"csugr","HUN","jpoul",0.000104213463609225
"csugr","HUN","jeggs",0.000104213463609225
"csugr","HUN","jmilk",0.000104213463609225
"csugr","ISL","jbeef",9.64317984498267E-5
"csugr","ISL","jpork",9.64317984498267E-5
"csugr","ISL","jlamb",9.64317984498267E-5
"csugr","ISL","jpoul",9.64317984498267E-5
"csugr","ISL","jeggs",9.64317984498267E-5
"csugr","ISL","jmilk",9.64317984498267E-5
"csugr","KAZ","jbeef",0.00133811722825091
"csugr","KAZ","jpork",0.00133811722825091
"csugr","KAZ","jlamb",0.00133811722825091
"csugr","KAZ","jpoul",0.00133811722825091
"csugr","KAZ","jeggs",0.00133811722825091
"csugr","KAZ","jmilk",0.00133811722825091
"csugr","MDA","jbeef",0.000104213463609225
"csugr","MDA","jpork",0.000104213463609225
"csugr","MDA","jlamb",0.000104213463609225
"csugr","MDA","jpoul",0.000104213463609225
"csugr","MDA","jeggs",0.000104213463609225
"csugr","MDA","jmilk",0.000104213463609225
"csugr","NIC","jbeef",0.000286968001416492
"csugr","NIC","jpork",0.000286968001416492
"csugr","NIC","jlamb",0.000286968001416492
"csugr","NIC","jpoul",0.000286968001416492
"csugr","NIC","jeggs",0.000286968001416492
"csugr","NIC","jmilk",0.000286968001416492
"csugr","NLD","jbeef",0.00181589818205689
"csugr","NLD","jpork",0.00181589818205689
"csugr","NLD","jlamb",0.00181589818205689
"csugr","NLD","jpoul",0.00181589818205689
"csugr","NLD","jeggs",0.00181589818205689
"csugr","NLD","jmilk",0.00181589818205689
"csugr","NOR","jbeef",9.64317984498267E-5
"csugr","NOR","jpork",9.64317984498267E-5
"csugr","NOR","jlamb",9.64317984498267E-5
"csugr","NOR","jpoul",9.64317984498267E-5
"csugr","NOR","jeggs",9.64317984498267E-5
"csugr","NOR","jmilk",9.64317984498267E-5
"csugr","PAN","jbeef",0.000286968001416492
"csugr","PAN","jpork",0.000286968001416492
"csugr","PAN","jlamb",0.000286968001416492
"csugr","PAN","jpoul",0.000286968001416492
"csugr","PAN","jeggs",0.000286968001416492
"csugr","PAN","jmilk",0.000286968001416492
"csugr","POL","jbeef",0.000956234659725651
"csugr","POL","jpork",0.000956234659725651
"csugr","POL","jlamb",0.000956234659725651
"csugr","POL","jpoul",0.000956234659725651
"csugr","POL","jeggs",0.000956234659725651
"csugr","POL","jmilk",0.000956234659725651
"csugr","ROU","jbeef",0.000104213463609225
"csugr","ROU","jpork",0.000104213463609225
"csugr","ROU","jlamb",0.000104213463609225
"csugr","ROU","jpoul",0.000104213463609225
"csugr","ROU","jeggs",0.000104213463609225
"csugr","ROU","jmilk",0.000104213463609225
"csugr","SLV","jbeef",0.000286968001416492
"csugr","SLV","jpork",0.000286968001416492
"csugr","SLV","jlamb",0.000286968001416492
"csugr","SLV","jpoul",0.000286968001416492
"csugr","SLV","jeggs",0.000286968001416492
"csugr","SLV","jmilk",0.000286968001416492
"csugr","SVK","jbeef",0.000104213463609225
"csugr","SVK","jpork",0.000104213463609225
"csugr","SVK","jlamb",0.000104213463609225
"csugr","SVK","jpoul",0.000104213463609225
"csugr","SVK","jeggs",0.000104213463609225
"csugr","SVK","jmilk",0.000104213463609225
"csugr","SWE","jbeef",9.64317984498267E-5
"csugr","SWE","jpork",9.64317984498267E-5
"csugr","SWE","jlamb",9.64317984498267E-5
"csugr","SWE","jpoul",9.64317984498267E-5
"csugr","SWE","jeggs",9.64317984498267E-5
"csugr","SWE","jmilk",9.64317984498267E-5
"cgrnd","BLR","jbeef",0.0003914744512705
"cgrnd","BLR","jpork",0.000588536336419453
"cgrnd","BLR","jlamb",0.000369224125647795
"cgrnd","BLR","jpoul",0.000318005275853783
"cgrnd","BLR","jeggs",0.000308625895655265
"cgrnd","BLR","jmilk",2.72958943972876E-5
"cgrnd","BLT","jbeef",0.0003914744512705
"cgrnd","BLT","jpork",0.000588536336419453
"cgrnd","BLT","jlamb",0.000369224125647795
"cgrnd","BLT","jpoul",0.000318005275853783
"cgrnd","BLT","jeggs",0.000308625895655265
"cgrnd","BLT","jmilk",2.72958943972876E-5
"cgrnd","IND","jlamb",0.00450285806167107
"cgrnd","IND","jeggs",0.0021402331978462
"cgrnd","IND","jmilk",0.000132403285672864
"cgrnd","JPN","jbeef",0.00085768612474747
"cgrnd","JPN","jpork",0.000695344318875125
"cgrnd","JPN","jpoul",0.000505135130268086
"cgrnd","JPN","jeggs",0.000524715848459384
"cgrnd","JPN","jmilk",2.93465605279432E-5
"cgdml","AGO","jbeef",0.0066151559517711
"cgdml","AGO","jpork",0.0066151559517711
"cgdml","AGO","jlamb",0.0066151559517711
"cgdml","AGO","jpoul",0.0066151559517711
"cgdml","AGO","jeggs",0.0066151559517711
"cgdml","AGO","jmilk",0.0066151559517711
"cgdml","ALB","jbeef",0.000543599778130757
"cgdml","ALB","jpork",0.000543599778130757
"cgdml","ALB","jlamb",0.000543599778130757
"cgdml","ALB","jpoul",0.000543599778130757
"cgdml","ALB","jeggs",0.000543599778130757
"cgdml","ALB","jmilk",0.000543599778130757
"cgdml","ARG","jbeef",0.00436855767810691
"cgdml","ARG","jpork",0.00436855767810691
"cgdml","ARG","jlamb",0.00436855767810691
"cgdml","ARG","jpoul",0.00436855767810691
"cgdml","ARG","jeggs",0.00436855767810691
"cgdml","ARG","jmilk",0.00436855767810691
"cgdml","AUS","jbeef",0.000125297848330847
"cgdml","AUS","jpork",0.000125297848330847
"cgdml","AUS","jlamb",0.000125297848330847
"cgdml","AUS","jpoul",0.000125297848330847
"cgdml","AUS","jeggs",0.000125297848330847
"cgdml","AUS","jmilk",0.000125297848330847
"cgdml","AUT","jbeef",0.000220265557303458
"cgdml","AUT","jpork",0.000220265557303458
"cgdml","AUT","jlamb",0.000220265557303458
"cgdml","AUT","jpoul",0.000220265557303458
"cgdml","AUT","jeggs",0.000220265557303458
"cgdml","AUT","jmilk",0.000220265557303458
"cgdml","BDI","jbeef",0.0248110437126902
"cgdml","BDI","jpork",0.0248110437126902
"cgdml","BDI","jlamb",0.0248110437126902
"cgdml","BDI","jpoul",0.0248110437126902
"cgdml","BDI","jeggs",0.0248110437126902
"cgdml","BDI","jmilk",0.0248110437126902
"cgdml","BEN","jbeef",0.155086045470937
"cgdml","BEN","jpork",0.155086045470937
"cgdml","BEN","jlamb",0.155086045470937
"cgdml","BEN","jpoul",0.155086045470937
"cgdml","BEN","jeggs",0.155086045470937
"cgdml","BEN","jmilk",0.155086045470937
"cgdml","BFA","jbeef",0.0227324560559889
"cgdml","BFA","jpork",0.0227324560559889
"cgdml","BFA","jlamb",0.0227324560559889
"cgdml","BFA","jpoul",0.0227324560559889
"cgdml","BFA","jeggs",0.0227324560559889
"cgdml","BFA","jmilk",0.0227324560559889
"cgdml","BGD","jbeef",0.00352426624385864
"cgdml","BGD","jpork",0.00352426624385864
"cgdml","BGD","jlamb",0.00352426624385864
"cgdml","BGD","jpoul",0.00352426624385864
"cgdml","BGD","jeggs",0.00352426624385864
"cgdml","BGD","jmilk",0.00352426624385864
"cgdml","BGR","jbeef",0.000325232851013789
"cgdml","BGR","jpork",0.000325232851013789
"cgdml","BGR","jlamb",0.000325232851013789
"cgdml","BGR","jpoul",0.000325232851013789
"cgdml","BGR","jeggs",0.000325232851013789
"cgdml","BGR","jmilk",0.000325232851013789
"cgdml","BLR","jbeef",1.68577158938357E-6
"cgdml","BLR","jpork",1.68577158938357E-6
"cgdml","BLR","jlamb",1.68577158938357E-6
"cgdml","BLR","jpoul",1.68577158938357E-6
"cgdml","BLR","jeggs",1.68577158938357E-6
"cgdml","BLR","jmilk",1.68577158938357E-6
"cgdml","BLT","jbeef",1.68577158938357E-6
"cgdml","BLT","jpork",1.68577158938357E-6
"cgdml","BLT","jlamb",1.68577158938357E-6
"cgdml","BLT","jpoul",1.68577158938357E-6
"cgdml","BLT","jeggs",1.68577158938357E-6
"cgdml","BLT","jmilk",1.68577158938357E-6
"cgdml","BLX","jbeef",0.00357952604603189
"cgdml","BLX","jpork",0.00357952604603189
"cgdml","BLX","jlamb",0.00357952604603189
"cgdml","BLX","jpoul",0.00357952604603189
"cgdml","BLX","jeggs",0.00357952604603189
"cgdml","BLX","jmilk",0.00357952604603189
"cgdml","BLZ","jbeef",0.0016397909390404
"cgdml","BLZ","jpork",0.0016397909390404
"cgdml","BLZ","jlamb",0.0016397909390404
"cgdml","BLZ","jpoul",0.0016397909390404
"cgdml","BLZ","jeggs",0.0016397909390404
"cgdml","BLZ","jmilk",0.0016397909390404
"cgdml","BOL","jbeef",0.00212794562545713
"cgdml","BOL","jpork",0.00212794562545713
"cgdml","BOL","jlamb",0.00212794562545713
"cgdml","BOL","jpoul",0.00212794562545713
"cgdml","BOL","jeggs",0.00212794562545713
"cgdml","BOL","jmilk",0.00212794562545713
"cgdml","BRA","jbeef",0.000926928313890594
"cgdml","BRA","jpork",0.000926928313890594
"cgdml","BRA","jlamb",0.000926928313890594
"cgdml","BRA","jpoul",0.000926928313890594
"cgdml","BRA","jeggs",0.000926928313890594
"cgdml","BRA","jmilk",0.000926928313890594
"cgdml","BWA","jbeef",0.00290764154333693
"cgdml","BWA","jpork",0.00290764154333693
"cgdml","BWA","jlamb",0.00290764154333693
"cgdml","BWA","jpoul",0.00290764154333693
"cgdml","BWA","jeggs",0.00290764154333693
"cgdml","BWA","jmilk",0.00290764154333693
"cgdml","CAF","jbeef",0.243216463924911
"cgdml","CAF","jpork",0.243216463924911
"cgdml","CAF","jlamb",0.243216463924911
"cgdml","CAF","jpoul",0.243216463924911
"cgdml","CAF","jeggs",0.243216463924911
"cgdml","CAF","jmilk",0.243216463924911
"cgdml","CAN","jbeef",5.67746740688653E-5
"cgdml","CAN","jpork",5.67746740688653E-5
"cgdml","CAN","jlamb",5.67746740688653E-5
"cgdml","CAN","jpoul",5.67746740688653E-5
"cgdml","CAN","jeggs",5.67746740688653E-5
"cgdml","CAN","jmilk",5.67746740688653E-5
"cgdml","CHL","jbeef",0.00268109093590182
"cgdml","CHL","jpork",0.00268109093590182
"cgdml","CHL","jlamb",0.00268109093590182
"cgdml","CHL","jpoul",0.00268109093590182
"cgdml","CHL","jeggs",0.00268109093590182
"cgdml","CHL","jmilk",0.00268109093590182
"cgdml","CHM","jbeef",0.0215812095680516
"cgdml","CHM","jpork",0.0215812095680516
"cgdml","CHM","jlamb",0.0215812095680516
"cgdml","CHM","jpoul",0.0215812095680516
"cgdml","CHM","jeggs",0.0215812095680516
"cgdml","CHM","jmilk",0.0215812095680516
"cgdml","CHP","jbeef",0.000220265557303458
"cgdml","CHP","jpork",0.000220265557303458
"cgdml","CHP","jlamb",0.000220265557303458
"cgdml","CHP","jpoul",0.000220265557303458
"cgdml","CHP","jeggs",0.000220265557303458
"cgdml","CHP","jmilk",0.000220265557303458
"cgdml","CIV","jbeef",0.0231897709630715
"cgdml","CIV","jpork",0.0231897709630715
"cgdml","CIV","jlamb",0.0231897709630715
"cgdml","CIV","jpoul",0.0231897709630715
"cgdml","CIV","jeggs",0.0231897709630715
"cgdml","CIV","jmilk",0.0231897709630715
"cgdml","CMR","jbeef",0.0271313438856395
"cgdml","CMR","jpork",0.0271313438856395
"cgdml","CMR","jlamb",0.0271313438856395
"cgdml","CMR","jpoul",0.0271313438856395
"cgdml","CMR","jeggs",0.0271313438856395
"cgdml","CMR","jmilk",0.0271313438856395
"cgdml","COD","jbeef",0.22913708879424
"cgdml","COD","jpork",0.22913708879424
"cgdml","COD","jlamb",0.22913708879424
"cgdml","COD","jpoul",0.22913708879424
"cgdml","COD","jeggs",0.22913708879424
"cgdml","COD","jmilk",0.22913708879424
"cgdml","COG","jbeef",0.232267146320482
"cgdml","COG","jpork",0.232267146320482
"cgdml","COG","jlamb",0.232267146320482
"cgdml","COG","jpoul",0.232267146320482
"cgdml","COG","jeggs",0.232267146320482
"cgdml","COG","jmilk",0.232267146320482
"cgdml","COL","jbeef",4.51325839609358E-8
"cgdml","COL","jpork",4.51325839609358E-8
"cgdml","COL","jlamb",4.51325839609358E-8
"cgdml","COL","jpoul",4.51325839609358E-8
"cgdml","COL","jeggs",4.51325839609358E-8
"cgdml","COL","jmilk",4.51325839609358E-8
"cgdml","CRB","jbeef",0.000884195711228311
"cgdml","CRB","jpork",0.000884195711228311
"cgdml","CRB","jlamb",0.000884195711228311
"cgdml","CRB","jpoul",0.000884195711228311
"cgdml","CRB","jeggs",0.000884195711228311
"cgdml","CRB","jmilk",0.000884195711228311
"cgdml","CRI","jbeef",0.0016397909390404
"cgdml","CRI","jpork",0.0016397909390404
"cgdml","CRI","jlamb",0.0016397909390404
"cgdml","CRI","jpoul",0.0016397909390404
"cgdml","CRI","jeggs",0.0016397909390404
"cgdml","CRI","jmilk",0.0016397909390404
"cgdml","CUB","jbeef",0.0016397909390404
"cgdml","CUB","jpork",0.0016397909390404
"cgdml","CUB","jlamb",0.0016397909390404
"cgdml","CUB","jpoul",0.0016397909390404
"cgdml","CUB","jeggs",0.0016397909390404
"cgdml","CUB","jmilk",0.0016397909390404
"cgdml","CZE","jbeef",0.000325232851013789
"cgdml","CZE","jpork",0.000325232851013789
"cgdml","CZE","jlamb",0.000325232851013789
"cgdml","CZE","jpoul",0.000325232851013789
"cgdml","CZE","jeggs",0.000325232851013789
"cgdml","CZE","jmilk",0.000325232851013789
"cgdml","DEU","jbeef",0.000130151515775645
"cgdml","DEU","jpork",0.000130151515775645
"cgdml","DEU","jlamb",0.000130151515775645
"cgdml","DEU","jpoul",0.000130151515775645
"cgdml","DEU","jeggs",0.000130151515775645
"cgdml","DEU","jmilk",0.000130151515775645
"cgdml","DNK","jbeef",0.00023195061920465
"cgdml","DNK","jpork",0.00023195061920465
"cgdml","DNK","jlamb",0.00023195061920465
"cgdml","DNK","jpoul",0.00023195061920465
"cgdml","DNK","jeggs",0.00023195061920465
"cgdml","DNK","jmilk",0.00023195061920465
"cgdml","DOM","jbeef",0.0016397909390404
"cgdml","DOM","jpork",0.0016397909390404
"cgdml","DOM","jlamb",0.0016397909390404
"cgdml","DOM","jpoul",0.0016397909390404
"cgdml","DOM","jeggs",0.0016397909390404
"cgdml","DOM","jmilk",0.0016397909390404
"cgdml","DZA","jbeef",0.001825107188397
"cgdml","DZA","jpork",0.001825107188397
"cgdml","DZA","jlamb",0.001825107188397
"cgdml","DZA","jpoul",0.001825107188397
"cgdml","DZA","jeggs",0.001825107188397
"cgdml","DZA","jmilk",0.001825107188397
"cgdml","ECU","jbeef",0.0006566565788267
"cgdml","ECU","jpork",0.0006566565788267
"cgdml","ECU","jlamb",0.0006566565788267
"cgdml","ECU","jpoul",0.0006566565788267
"cgdml","ECU","jeggs",0.0006566565788267
"cgdml","ECU","jmilk",0.0006566565788267
"cgdml","EGY","jbeef",0.00568449678560655
"cgdml","EGY","jpork",0.00568449678560655
"cgdml","EGY","jlamb",0.00568449678560655
"cgdml","EGY","jpoul",0.00568449678560655
"cgdml","EGY","jeggs",0.00568449678560655
"cgdml","EGY","jmilk",0.00568449678560655
"cgdml","ETH","jbeef",0.00147361962013787
"cgdml","ETH","jpork",0.00147361962013787
"cgdml","ETH","jlamb",0.00147361962013787
"cgdml","ETH","jpoul",0.00147361962013787
"cgdml","ETH","jeggs",0.00147361962013787
"cgdml","ETH","jmilk",0.00147361962013787
"cgdml","FJI","jbeef",0.000884195711228311
"cgdml","FJI","jpork",0.000884195711228311
"cgdml","FJI","jlamb",0.000884195711228311
"cgdml","FJI","jpoul",0.000884195711228311
"cgdml","FJI","jeggs",0.000884195711228311
"cgdml","FJI","jmilk",0.000884195711228311
"cgdml","FNP","jbeef",0.00023195061920465
"cgdml","FNP","jpork",0.00023195061920465
"cgdml","FNP","jlamb",0.00023195061920465
"cgdml","FNP","jpoul",0.00023195061920465
"cgdml","FNP","jeggs",0.00023195061920465
"cgdml","FNP","jmilk",0.00023195061920465
"cgdml","FRP","jbeef",0.00370650538606321
"cgdml","FRP","jpork",0.00370650538606321
"cgdml","FRP","jlamb",0.00370650538606321
"cgdml","FRP","jpoul",0.00370650538606321
"cgdml","FRP","jeggs",0.00370650538606321
"cgdml","FRP","jmilk",0.00370650538606321
"cgdml","GAB","jbeef",0.0733542151902123
"cgdml","GAB","jpork",0.0733542151902123
"cgdml","GAB","jlamb",0.0733542151902123
"cgdml","GAB","jpoul",0.0733542151902123
"cgdml","GAB","jeggs",0.0733542151902123
"cgdml","GAB","jmilk",0.0733542151902123
"cgdml","GHA","jbeef",0.321727576499066
"cgdml","GHA","jpork",0.321727576499066
"cgdml","GHA","jlamb",0.321727576499066
"cgdml","GHA","jpoul",0.321727576499066
"cgdml","GHA","jeggs",0.321727576499066
"cgdml","GHA","jmilk",0.321727576499066
"cgdml","GIN","jbeef",0.383972169605484
"cgdml","GIN","jpork",0.383972169605484
"cgdml","GIN","jlamb",0.383972169605484
"cgdml","GIN","jpoul",0.383972169605484
"cgdml","GIN","jeggs",0.383972169605484
"cgdml","GIN","jmilk",0.383972169605484
"cgdml","GMB","jbeef",1.85011692487577
"cgdml","GMB","jpork",1.85011692487577
"cgdml","GMB","jlamb",1.85011692487577
"cgdml","GMB","jpoul",1.85011692487577
"cgdml","GMB","jeggs",1.85011692487577
"cgdml","GMB","jmilk",1.85011692487577
"cgdml","GNB","jbeef",0.152753108348135
"cgdml","GNB","jpork",0.152753108348135
"cgdml","GNB","jlamb",0.152753108348135
"cgdml","GNB","jpoul",0.152753108348135
"cgdml","GNB","jeggs",0.152753108348135
"cgdml","GNB","jmilk",0.152753108348135
"cgdml","GRC","jbeef",0.000543599778130757
"cgdml","GRC","jpork",0.000543599778130757
"cgdml","GRC","jlamb",0.000543599778130757
"cgdml","GRC","jpoul",0.000543599778130757
"cgdml","GRC","jeggs",0.000543599778130757
"cgdml","GRC","jmilk",0.000543599778130757
"cgdml","GSA","jbeef",0.00106417216372474
"cgdml","GSA","jpork",0.00106417216372474
"cgdml","GSA","jlamb",0.00106417216372474
"cgdml","GSA","jpoul",0.00106417216372474
"cgdml","GSA","jeggs",0.00106417216372474
"cgdml","GSA","jmilk",0.00106417216372474
"cgdml","GTM","jbeef",0.0016397909390404
"cgdml","GTM","jpork",0.0016397909390404
"cgdml","GTM","jlamb",0.0016397909390404
"cgdml","GTM","jpoul",0.0016397909390404
"cgdml","GTM","jeggs",0.0016397909390404
"cgdml","GTM","jmilk",0.0016397909390404
"cgdml","HND","jbeef",0.0016397909390404
"cgdml","HND","jpork",0.0016397909390404
"cgdml","HND","jlamb",0.0016397909390404
"cgdml","HND","jpoul",0.0016397909390404
"cgdml","HND","jeggs",0.0016397909390404
"cgdml","HND","jmilk",0.0016397909390404
"cgdml","HRV","jbeef",0.000543599778130757
"cgdml","HRV","jpork",0.000543599778130757
"cgdml","HRV","jlamb",0.000543599778130757
"cgdml","HRV","jpoul",0.000543599778130757
"cgdml","HRV","jeggs",0.000543599778130757
"cgdml","HRV","jmilk",0.000543599778130757
"cgdml","HTI","jbeef",0.0016397909390404
"cgdml","HTI","jpork",0.0016397909390404
"cgdml","HTI","jlamb",0.0016397909390404
"cgdml","HTI","jpoul",0.0016397909390404
"cgdml","HTI","jeggs",0.0016397909390404
"cgdml","HTI","jmilk",0.0016397909390404
"cgdml","HUN","jbeef",0.000325232851013789
"cgdml","HUN","jpork",0.000325232851013789
"cgdml","HUN","jlamb",0.000325232851013789
"cgdml","HUN","jpoul",0.000325232851013789
"cgdml","HUN","jeggs",0.000325232851013789
"cgdml","HUN","jmilk",0.000325232851013789
"cgdml","IDN","jbeef",0.00785584793141694
"cgdml","IDN","jpork",0.00785584793141694
"cgdml","IDN","jlamb",0.00785584793141694
"cgdml","IDN","jpoul",0.00785584793141694
"cgdml","IDN","jeggs",0.00785584793141694
"cgdml","IDN","jmilk",0.00785584793141694
"cgdml","IND","jbeef",0.0207812872239553
"cgdml","IND","jpork",0.0207812872239553
"cgdml","IND","jlamb",0.0207812872239553
"cgdml","IND","jpoul",0.0207812872239553
"cgdml","IND","jeggs",0.0207812872239553
"cgdml","IND","jmilk",0.0207812872239553
"cgdml","IRL","jbeef",0.00102451026812934
"cgdml","IRL","jpork",0.00102451026812934
"cgdml","IRL","jlamb",0.00102451026812934
"cgdml","IRL","jpoul",0.00102451026812934
"cgdml","IRL","jeggs",0.00102451026812934
"cgdml","IRL","jmilk",0.00102451026812934
"cgdml","ISL","jbeef",0.00023195061920465
"cgdml","ISL","jpork",0.00023195061920465
"cgdml","ISL","jlamb",0.00023195061920465
"cgdml","ISL","jpoul",0.00023195061920465
"cgdml","ISL","jeggs",0.00023195061920465
"cgdml","ISL","jmilk",0.00023195061920465
"cgdml","ITP","jbeef",0.000296248727754094
"cgdml","ITP","jpork",0.000296248727754094
"cgdml","ITP","jlamb",0.000296248727754094
"cgdml","ITP","jpoul",0.000296248727754094
"cgdml","ITP","jeggs",0.000296248727754094
"cgdml","ITP","jmilk",0.000296248727754094
"cgdml","JAM","jbeef",0.000884195711228311
"cgdml","JAM","jpork",0.000884195711228311
"cgdml","JAM","jlamb",0.000884195711228311
"cgdml","JAM","jpoul",0.000884195711228311
"cgdml","JAM","jeggs",0.000884195711228311
"cgdml","JAM","jmilk",0.000884195711228311
"cgdml","JPN","jbeef",5.1974809446637E-5
"cgdml","JPN","jpork",5.1974809446637E-5
"cgdml","JPN","jlamb",5.1974809446637E-5
"cgdml","JPN","jpoul",5.1974809446637E-5
"cgdml","JPN","jeggs",5.1974809446637E-5
"cgdml","JPN","jmilk",5.1974809446637E-5
"cgdml","KAZ","jbeef",5.24722487394479E-7
"cgdml","KAZ","jpork",5.24722487394479E-7
"cgdml","KAZ","jlamb",5.24722487394479E-7
"cgdml","KAZ","jpoul",5.24722487394479E-7
"cgdml","KAZ","jeggs",5.24722487394479E-7
"cgdml","KAZ","jmilk",5.24722487394479E-7
"cgdml","KHM","jbeef",0.00780834592011656
"cgdml","KHM","jpork",0.00780834592011656
"cgdml","KHM","jlamb",0.00780834592011656
"cgdml","KHM","jpoul",0.00780834592011656
"cgdml","KHM","jeggs",0.00780834592011656
"cgdml","KHM","jmilk",0.00780834592011656
"cgdml","KOR","jbeef",0.000215112979908238
"cgdml","KOR","jpork",0.000215112979908238
"cgdml","KOR","jlamb",0.000215112979908238
"cgdml","KOR","jpoul",0.000215112979908238
"cgdml","KOR","jeggs",0.000215112979908238
"cgdml","KOR","jmilk",0.000215112979908238
"cgdml","LAO","jbeef",0.00780834592011656
"cgdml","LAO","jpork",0.00780834592011656
"cgdml","LAO","jlamb",0.00780834592011656
"cgdml","LAO","jpoul",0.00780834592011656
"cgdml","LAO","jeggs",0.00780834592011656
"cgdml","LAO","jmilk",0.00780834592011656
"cgdml","LBN","jbeef",0.0121496772391224
"cgdml","LBN","jpork",0.0121496772391224
"cgdml","LBN","jlamb",0.0121496772391224
"cgdml","LBN","jpoul",0.0121496772391224
"cgdml","LBN","jeggs",0.0121496772391224
"cgdml","LBN","jmilk",0.0121496772391224
"cgdml","LKA","jbeef",0.00238161496316779
"cgdml","LKA","jpork",0.00238161496316779
"cgdml","LKA","jlamb",0.00238161496316779
"cgdml","LKA","jpoul",0.00238161496316779
"cgdml","LKA","jeggs",0.00238161496316779
"cgdml","LKA","jmilk",0.00238161496316779
"cgdml","MDA","jbeef",0.000325232851013789
"cgdml","MDA","jpork",0.000325232851013789
"cgdml","MDA","jlamb",0.000325232851013789
"cgdml","MDA","jpoul",0.000325232851013789
"cgdml","MDA","jeggs",0.000325232851013789
"cgdml","MDA","jmilk",0.000325232851013789
"cgdml","MDG","jbeef",0.00980517268179662
"cgdml","MDG","jpork",0.00980517268179662
"cgdml","MDG","jlamb",0.00980517268179662
"cgdml","MDG","jpoul",0.00980517268179662
"cgdml","MDG","jeggs",0.00980517268179662
"cgdml","MDG","jmilk",0.00980517268179662
"cgdml","MEX","jbeef",0.000648561151612516
"cgdml","MEX","jpork",0.000648561151612516
"cgdml","MEX","jlamb",0.000648561151612516
"cgdml","MEX","jpoul",0.000648561151612516
"cgdml","MEX","jeggs",0.000648561151612516
"cgdml","MEX","jmilk",0.000648561151612516
"cgdml","MLI","jbeef",0.0856105249191841
"cgdml","MLI","jpork",0.0856105249191841
"cgdml","MLI","jlamb",0.0856105249191841
"cgdml","MLI","jpoul",0.0856105249191841
"cgdml","MLI","jeggs",0.0856105249191841
"cgdml","MLI","jmilk",0.0856105249191841
"cgdml","MMR","jbeef",0.162954411403186
"cgdml","MMR","jpork",0.162954411403186
"cgdml","MMR","jlamb",0.162954411403186
"cgdml","MMR","jpoul",0.162954411403186
"cgdml","MMR","jeggs",0.162954411403186
"cgdml","MMR","jmilk",0.162954411403186
"cgdml","MOR","jbeef",0.0069225290638914
"cgdml","MOR","jpork",0.0069225290638914
"cgdml","MOR","jlamb",0.0069225290638914
"cgdml","MOR","jpoul",0.0069225290638914
"cgdml","MOR","jeggs",0.0069225290638914
"cgdml","MOR","jmilk",0.0069225290638914
"cgdml","MOZ","jbeef",0.126736694840253
"cgdml","MOZ","jpork",0.126736694840253
"cgdml","MOZ","jlamb",0.126736694840253
"cgdml","MOZ","jpoul",0.126736694840253
"cgdml","MOZ","jeggs",0.126736694840253
"cgdml","MOZ","jmilk",0.126736694840253
"cgdml","MRT","jbeef",0.0652520764730128
"cgdml","MRT","jpork",0.0652520764730128
"cgdml","MRT","jlamb",0.0652520764730128
"cgdml","MRT","jpoul",0.0652520764730128
"cgdml","MRT","jeggs",0.0652520764730128
"cgdml","MRT","jmilk",0.0652520764730128
"cgdml","MWI","jbeef",0.198748632998082
"cgdml","MWI","jpork",0.198748632998082
"cgdml","MWI","jlamb",0.198748632998082
"cgdml","MWI","jpoul",0.198748632998082
"cgdml","MWI","jeggs",0.198748632998082
"cgdml","MWI","jmilk",0.198748632998082
"cgdml","MYS","jbeef",0.000222604645587719
"cgdml","MYS","jpork",0.000222604645587719
"cgdml","MYS","jlamb",0.000222604645587719
"cgdml","MYS","jpoul",0.000222604645587719
"cgdml","MYS","jeggs",0.000222604645587719
"cgdml","MYS","jmilk",0.000222604645587719
"cgdml","NAM","jbeef",0.00066567861538848
"cgdml","NAM","jpork",0.00066567861538848
"cgdml","NAM","jlamb",0.00066567861538848
"cgdml","NAM","jpoul",0.00066567861538848
"cgdml","NAM","jeggs",0.00066567861538848
"cgdml","NAM","jmilk",0.00066567861538848
"cgdml","NER","jbeef",0.0569592906389134
"cgdml","NER","jpork",0.0569592906389134
"cgdml","NER","jlamb",0.0569592906389134
"cgdml","NER","jpoul",0.0569592906389134
"cgdml","NER","jeggs",0.0569592906389134
"cgdml","NER","jmilk",0.0569592906389134
"cgdml","NGA","jbeef",0.436258567631837
"cgdml","NGA","jpork",0.436258567631837
"cgdml","NGA","jlamb",0.436258567631837
"cgdml","NGA","jpoul",0.436258567631837
"cgdml","NGA","jeggs",0.436258567631837
"cgdml","NGA","jmilk",0.436258567631837
"cgdml","NIC","jbeef",0.0016397909390404
"cgdml","NIC","jpork",0.0016397909390404
"cgdml","NIC","jlamb",0.0016397909390404
"cgdml","NIC","jpoul",0.0016397909390404
"cgdml","NIC","jeggs",0.0016397909390404
"cgdml","NIC","jmilk",0.0016397909390404
"cgdml","NLD","jbeef",0.00435638459166096
"cgdml","NLD","jpork",0.00435638459166096
"cgdml","NLD","jlamb",0.00435638459166096
"cgdml","NLD","jpoul",0.00435638459166096
"cgdml","NLD","jeggs",0.00435638459166096
"cgdml","NLD","jmilk",0.00435638459166096
"cgdml","NOR","jbeef",0.00023195061920465
"cgdml","NOR","jpork",0.00023195061920465
"cgdml","NOR","jlamb",0.00023195061920465
"cgdml","NOR","jpoul",0.00023195061920465
"cgdml","NOR","jeggs",0.00023195061920465
"cgdml","NOR","jmilk",0.00023195061920465
"cgdml","NPL","jbeef",9.44078245949125E-5
"cgdml","NPL","jpork",9.44078245949125E-5
"cgdml","NPL","jlamb",9.44078245949125E-5
"cgdml","NPL","jpoul",9.44078245949125E-5
"cgdml","NPL","jeggs",9.44078245949125E-5
"cgdml","NPL","jmilk",9.44078245949125E-5
"cgdml","NZL","jbeef",1.00947368677543E-5
"cgdml","NZL","jpork",1.00947368677543E-5
"cgdml","NZL","jlamb",1.00947368677543E-5
"cgdml","NZL","jpoul",1.00947368677543E-5
"cgdml","NZL","jeggs",1.00947368677543E-5
"cgdml","NZL","jmilk",1.00947368677543E-5
"cgdml","OAO","jbeef",0.000884195711228311
"cgdml","OAO","jpork",0.000884195711228311
"cgdml","OAO","jlamb",0.000884195711228311
"cgdml","OAO","jpoul",0.000884195711228311
"cgdml","OAO","jeggs",0.000884195711228311
"cgdml","OAO","jmilk",0.000884195711228311
"cgdml","OBN","jbeef",0.000543599778130757
"cgdml","OBN","jpork",0.000543599778130757
"cgdml","OBN","jlamb",0.000543599778130757
"cgdml","OBN","jpoul",0.000543599778130757
"cgdml","OBN","jeggs",0.000543599778130757
"cgdml","OBN","jmilk",0.000543599778130757
"cgdml","OIO","jbeef",0.000884195711228311
"cgdml","OIO","jpork",0.000884195711228311
"cgdml","OIO","jlamb",0.000884195711228311
"cgdml","OIO","jpoul",0.000884195711228311
"cgdml","OIO","jeggs",0.000884195711228311
"cgdml","OIO","jmilk",0.000884195711228311
"cgdml","OPO","jbeef",0.000884195711228311
"cgdml","OPO","jpork",0.000884195711228311
"cgdml","OPO","jlamb",0.000884195711228311
"cgdml","OPO","jpoul",0.000884195711228311
"cgdml","OPO","jeggs",0.000884195711228311
"cgdml","OPO","jmilk",0.000884195711228311
"cgdml","PAK","jbeef",0.000782457259165159
"cgdml","PAK","jpork",0.000782457259165159
"cgdml","PAK","jlamb",0.000782457259165159
"cgdml","PAK","jpoul",0.000782457259165159
"cgdml","PAK","jeggs",0.000782457259165159
"cgdml","PAK","jmilk",0.000782457259165159
"cgdml","PAN","jbeef",0.0016397909390404
"cgdml","PAN","jpork",0.0016397909390404
"cgdml","PAN","jlamb",0.0016397909390404
"cgdml","PAN","jpoul",0.0016397909390404
"cgdml","PAN","jeggs",0.0016397909390404
"cgdml","PAN","jmilk",0.0016397909390404
"cgdml","POL","jbeef",0.000138324886918647
"cgdml","POL","jpork",0.000138324886918647
"cgdml","POL","jlamb",0.000138324886918647
"cgdml","POL","jpoul",0.000138324886918647
"cgdml","POL","jeggs",0.000138324886918647
"cgdml","POL","jmilk",0.000138324886918647
"cgdml","PRT","jbeef",0.000218867740281722
"cgdml","PRT","jpork",0.000218867740281722
"cgdml","PRT","jlamb",0.000218867740281722
"cgdml","PRT","jpoul",0.000218867740281722
"cgdml","PRT","jeggs",0.000218867740281722
"cgdml","PRT","jmilk",0.000218867740281722
"cgdml","PRY","jbeef",0.00212794562545713
"cgdml","PRY","jpork",0.00212794562545713
"cgdml","PRY","jlamb",0.00212794562545713
"cgdml","PRY","jpoul",0.00212794562545713
"cgdml","PRY","jeggs",0.00212794562545713
"cgdml","PRY","jmilk",0.00212794562545713
"cgdml","RAP","jbeef",0.000931124999061778
"cgdml","RAP","jpork",0.000931124999061778
"cgdml","RAP","jlamb",0.000931124999061778
"cgdml","RAP","jpoul",0.000931124999061778
"cgdml","RAP","jeggs",0.000931124999061778
"cgdml","RAP","jmilk",0.000931124999061778
"cgdml","ROU","jbeef",0.000325232851013789
"cgdml","ROU","jpork",0.000325232851013789
"cgdml","ROU","jlamb",0.000325232851013789
"cgdml","ROU","jpoul",0.000325232851013789
"cgdml","ROU","jeggs",0.000325232851013789
"cgdml","ROU","jmilk",0.000325232851013789
"cgdml","RWA","jbeef",0.0089527249614374
"cgdml","RWA","jpork",0.0089527249614374
"cgdml","RWA","jlamb",0.0089527249614374
"cgdml","RWA","jpoul",0.0089527249614374
"cgdml","RWA","jeggs",0.0089527249614374
"cgdml","RWA","jmilk",0.0089527249614374
"cgdml","SAU","jbeef",0.000931124999061778
"cgdml","SAU","jpork",0.000931124999061778
"cgdml","SAU","jlamb",0.000931124999061778
"cgdml","SAU","jpoul",0.000931124999061778
"cgdml","SAU","jeggs",0.000931124999061778
"cgdml","SAU","jmilk",0.000931124999061778
"cgdml","SDN","jbeef",0.0246496602936508
"cgdml","SDN","jpork",0.0246496602936508
"cgdml","SDN","jlamb",0.0246496602936508
"cgdml","SDN","jpoul",0.0246496602936508
"cgdml","SDN","jeggs",0.0246496602936508
"cgdml","SDN","jmilk",0.0246496602936508
"cgdml","SEN","jbeef",0.235571217220244
"cgdml","SEN","jpork",0.235571217220244
"cgdml","SEN","jlamb",0.235571217220244
"cgdml","SEN","jpoul",0.235571217220244
"cgdml","SEN","jeggs",0.235571217220244
"cgdml","SEN","jmilk",0.235571217220244
"cgdml","SLB","jbeef",0.000884195711228311
"cgdml","SLB","jpork",0.000884195711228311
"cgdml","SLB","jlamb",0.000884195711228311
"cgdml","SLB","jpoul",0.000884195711228311
"cgdml","SLB","jeggs",0.000884195711228311
"cgdml","SLB","jmilk",0.000884195711228311
"cgdml","SLV","jbeef",0.0016397909390404
"cgdml","SLV","jpork",0.0016397909390404
"cgdml","SLV","jlamb",0.0016397909390404
"cgdml","SLV","jpoul",0.0016397909390404
"cgdml","SLV","jeggs",0.0016397909390404
"cgdml","SLV","jmilk",0.0016397909390404
"cgdml","SPP","jbeef",0.000218867740281722
"cgdml","SPP","jpork",0.000218867740281722
"cgdml","SPP","jlamb",0.000218867740281722
"cgdml","SPP","jpoul",0.000218867740281722
"cgdml","SPP","jeggs",0.000218867740281722
"cgdml","SPP","jmilk",0.000218867740281722
"cgdml","SVK","jbeef",0.000325232851013789
"cgdml","SVK","jpork",0.000325232851013789
"cgdml","SVK","jlamb",0.000325232851013789
"cgdml","SVK","jpoul",0.000325232851013789
"cgdml","SVK","jeggs",0.000325232851013789
"cgdml","SVK","jmilk",0.000325232851013789
"cgdml","SVN","jbeef",0.000543599778130757
"cgdml","SVN","jpork",0.000543599778130757
"cgdml","SVN","jlamb",0.000543599778130757
"cgdml","SVN","jpoul",0.000543599778130757
"cgdml","SVN","jeggs",0.000543599778130757
"cgdml","SVN","jmilk",0.000543599778130757
"cgdml","SWE","jbeef",0.00023195061920465
"cgdml","SWE","jpork",0.00023195061920465
"cgdml","SWE","jlamb",0.00023195061920465
"cgdml","SWE","jpoul",0.00023195061920465
"cgdml","SWE","jeggs",0.00023195061920465
"cgdml","SWE","jmilk",0.00023195061920465
"cgdml","TCD","jbeef",0.159398952449786
"cgdml","TCD","jpork",0.159398952449786
"cgdml","TCD","jlamb",0.159398952449786
"cgdml","TCD","jpoul",0.159398952449786
"cgdml","TCD","jeggs",0.159398952449786
"cgdml","TCD","jmilk",0.159398952449786
"cgdml","TGO","jbeef",0.0370528041877552
"cgdml","TGO","jpork",0.0370528041877552
"cgdml","TGO","jlamb",0.0370528041877552
"cgdml","TGO","jpoul",0.0370528041877552
"cgdml","TGO","jeggs",0.0370528041877552
"cgdml","TGO","jmilk",0.0370528041877552
"cgdml","THA","jbeef",0.01432507744536
"cgdml","THA","jpork",0.01432507744536
"cgdml","THA","jlamb",0.01432507744536
"cgdml","THA","jpoul",0.01432507744536
"cgdml","THA","jeggs",0.01432507744536
"cgdml","THA","jmilk",0.01432507744536
"cgdml","TUR","jbeef",4.8120103248758E-7
"cgdml","TUR","jpork",4.8120103248758E-7
"cgdml","TUR","jlamb",4.8120103248758E-7
"cgdml","TUR","jpoul",4.8120103248758E-7
"cgdml","TUR","jeggs",4.8120103248758E-7
"cgdml","TUR","jmilk",4.8120103248758E-7
"cgdml","TZA","jbeef",0.00953229538978009
"cgdml","TZA","jpork",0.00953229538978009
"cgdml","TZA","jlamb",0.00953229538978009
"cgdml","TZA","jpoul",0.00953229538978009
"cgdml","TZA","jeggs",0.00953229538978009
"cgdml","TZA","jmilk",0.00953229538978009
"cgdml","UGA","jbeef",0.0104238564548368
"cgdml","UGA","jpork",0.0104238564548368
"cgdml","UGA","jlamb",0.0104238564548368
"cgdml","UGA","jpoul",0.0104238564548368
"cgdml","UGA","jeggs",0.0104238564548368
"cgdml","UGA","jmilk",0.0104238564548368
"cgdml","UKP","jbeef",0.00102451026812934
"cgdml","UKP","jpork",0.00102451026812934
"cgdml","UKP","jlamb",0.00102451026812934
"cgdml","UKP","jpoul",0.00102451026812934
"cgdml","UKP","jeggs",0.00102451026812934
"cgdml","UKP","jmilk",0.00102451026812934
"cgdml","URY","jbeef",0.000359117373648417
"cgdml","URY","jpork",0.000359117373648417
"cgdml","URY","jlamb",0.000359117373648417
"cgdml","URY","jpoul",0.000359117373648417
"cgdml","URY","jeggs",0.000359117373648417
"cgdml","URY","jmilk",0.000359117373648417
"cgdml","USA","jbeef",0.000896133292632946
"cgdml","USA","jpork",0.000896133292632946
"cgdml","USA","jlamb",0.000896133292632946
"cgdml","USA","jpoul",0.000896133292632946
"cgdml","USA","jeggs",0.000896133292632946
"cgdml","USA","jmilk",0.000896133292632946
"cgdml","UZB","jbeef",4.2003406335722E-5
"cgdml","UZB","jpork",4.2003406335722E-5
"cgdml","UZB","jlamb",4.2003406335722E-5
"cgdml","UZB","jpoul",4.2003406335722E-5
"cgdml","UZB","jeggs",4.2003406335722E-5
"cgdml","UZB","jmilk",4.2003406335722E-5
"cgdml","VEN","jbeef",0.00106417216372474
"cgdml","VEN","jpork",0.00106417216372474
"cgdml","VEN","jlamb",0.00106417216372474
"cgdml","VEN","jpoul",0.00106417216372474
"cgdml","VEN","jeggs",0.00106417216372474
"cgdml","VEN","jmilk",0.00106417216372474
"cgdml","VNM","jbeef",0.0176964456516184
"cgdml","VNM","jpork",0.0176964456516184
"cgdml","VNM","jlamb",0.0176964456516184
"cgdml","VNM","jpoul",0.0176964456516184
"cgdml","VNM","jeggs",0.0176964456516184
"cgdml","VNM","jmilk",0.0176964456516184
"cgdml","VUT","jbeef",0.000884195711228311
"cgdml","VUT","jpork",0.000884195711228311
"cgdml","VUT","jlamb",0.000884195711228311
"cgdml","VUT","jpoul",0.000884195711228311
"cgdml","VUT","jeggs",0.000884195711228311
"cgdml","VUT","jmilk",0.000884195711228311
"cgdml","YEM","jbeef",0.000931124999061778
"cgdml","YEM","jpork",0.000931124999061778
"cgdml","YEM","jlamb",0.000931124999061778
"cgdml","YEM","jpoul",0.000931124999061778
"cgdml","YEM","jeggs",0.000931124999061778
"cgdml","YEM","jmilk",0.000931124999061778
"cgdml","ZAF","jbeef",0.00458752329389602
"cgdml","ZAF","jpork",0.00458752329389602
"cgdml","ZAF","jlamb",0.00458752329389602
"cgdml","ZAF","jpoul",0.00458752329389602
"cgdml","ZAF","jeggs",0.00458752329389602
"cgdml","ZAF","jmilk",0.00458752329389602
"cgdml","ZMB","jbeef",0.0169374857279915
"cgdml","ZMB","jpork",0.0169374857279915
"cgdml","ZMB","jlamb",0.0169374857279915
"cgdml","ZMB","jpoul",0.0169374857279915
"cgdml","ZMB","jeggs",0.0169374857279915
"cgdml","ZMB","jmilk",0.0169374857279915
"cgdml","ZWE","jbeef",0.0294944154943052
"cgdml","ZWE","jpork",0.0294944154943052
"cgdml","ZWE","jlamb",0.0294944154943052
"cgdml","ZWE","jpoul",0.0294944154943052
"cgdml","ZWE","jeggs",0.0294944154943052
"cgdml","ZWE","jmilk",0.0294944154943052
"crpsd","ALB","jbeef",6.33081223090553E-5
"crpsd","ALB","jpork",6.33081223090553E-5
"crpsd","ALB","jlamb",6.33081223090553E-5
"crpsd","ALB","jpoul",6.33081223090553E-5
"crpsd","ALB","jeggs",6.33081223090553E-5
"crpsd","ALB","jmilk",6.33081223090553E-5
"crpsd","AUT","jbeef",0.000123671967402689
"crpsd","AUT","jpork",0.000123671967402689
"crpsd","AUT","jlamb",0.000123671967402689
"crpsd","AUT","jpoul",0.000123671967402689
"crpsd","AUT","jeggs",0.000123671967402689
"crpsd","AUT","jmilk",0.000123671967402689
"crpsd","BGR","jbeef",0.00100316786274271
"crpsd","BGR","jpork",0.00100316786274271
"crpsd","BGR","jlamb",0.00100316786274271
"crpsd","BGR","jpoul",0.00100316786274271
"crpsd","BGR","jeggs",0.00100316786274271
"crpsd","BGR","jmilk",0.00100316786274271
"crpsd","BLR","jbeef",0.0061096027120107
"crpsd","BLR","jpork",0.0061096027120107
"crpsd","BLR","jlamb",0.0061096027120107
"crpsd","BLR","jpoul",0.0061096027120107
"crpsd","BLR","jeggs",0.0061096027120107
"crpsd","BLR","jmilk",0.0061096027120107
"crpsd","BLT","jbeef",0.0061096027120107
"crpsd","BLT","jpork",0.0061096027120107
"crpsd","BLT","jlamb",0.0061096027120107
"crpsd","BLT","jpoul",0.0061096027120107
"crpsd","BLT","jeggs",0.0061096027120107
"crpsd","BLT","jmilk",0.0061096027120107
"crpsd","CAN","jbeef",0.0103417314142531
"crpsd","CAN","jpork",0.0103417314142531
"crpsd","CAN","jlamb",0.0103417314142531
"crpsd","CAN","jpoul",0.0103417314142531
"crpsd","CAN","jeggs",0.0103417314142531
"crpsd","CAN","jmilk",0.0103417314142531
"crpsd","CHM","jbeef",0.0177199577499323
"crpsd","CHM","jpork",0.0177199577499323
"crpsd","CHM","jlamb",0.0177199577499323
"crpsd","CHM","jpoul",0.0177199577499323
"crpsd","CHM","jeggs",0.0177199577499323
"crpsd","CHM","jmilk",0.0177199577499323
"crpsd","CHP","jbeef",0.000123671967402689
"crpsd","CHP","jpork",0.000123671967402689
"crpsd","CHP","jlamb",0.000123671967402689
"crpsd","CHP","jpoul",0.000123671967402689
"crpsd","CHP","jeggs",0.000123671967402689
"crpsd","CHP","jmilk",0.000123671967402689
"crpsd","CRB","jbeef",2.66493684099687E-5
"crpsd","CRB","jpork",2.66493684099687E-5
"crpsd","CRB","jlamb",2.66493684099687E-5
"crpsd","CRB","jpoul",2.66493684099687E-5
"crpsd","CRB","jeggs",2.66493684099687E-5
"crpsd","CRB","jmilk",2.66493684099687E-5
"crpsd","CZE","jbeef",0.00100316786274271
"crpsd","CZE","jpork",0.00100316786274271
"crpsd","CZE","jlamb",0.00100316786274271
"crpsd","CZE","jpoul",0.00100316786274271
"crpsd","CZE","jeggs",0.00100316786274271
"crpsd","CZE","jmilk",0.00100316786274271
"crpsd","DEU","jbeef",0.00104392067715128
"crpsd","DEU","jpork",0.00104392067715128
"crpsd","DEU","jlamb",0.00104392067715128
"crpsd","DEU","jpoul",0.00104392067715128
"crpsd","DEU","jeggs",0.00104392067715128
"crpsd","DEU","jmilk",0.00104392067715128
"crpsd","DNK","jbeef",0.00713426017149217
"crpsd","DNK","jpork",0.00713426017149217
"crpsd","DNK","jlamb",0.00713426017149217
"crpsd","DNK","jpoul",0.00713426017149217
"crpsd","DNK","jeggs",0.00713426017149217
"crpsd","DNK","jmilk",0.00713426017149217
"crpsd","FJI","jbeef",2.66493684099687E-5
"crpsd","FJI","jpork",2.66493684099687E-5
"crpsd","FJI","jlamb",2.66493684099687E-5
"crpsd","FJI","jpoul",2.66493684099687E-5
"crpsd","FJI","jeggs",2.66493684099687E-5
"crpsd","FJI","jmilk",2.66493684099687E-5
"crpsd","FNP","jbeef",0.00713426017149217
"crpsd","FNP","jpork",0.00713426017149217
"crpsd","FNP","jlamb",0.00713426017149217
"crpsd","FNP","jpoul",0.00713426017149217
"crpsd","FNP","jeggs",0.00713426017149217
"crpsd","FNP","jmilk",0.00713426017149217
"crpsd","FRP","jbeef",0.0131213112917372
"crpsd","FRP","jpork",0.0131213112917372
"crpsd","FRP","jlamb",0.0131213112917372
"crpsd","FRP","jpoul",0.0131213112917372
"crpsd","FRP","jeggs",0.0131213112917372
"crpsd","FRP","jmilk",0.0131213112917372
"crpsd","GRC","jbeef",6.33081223090553E-5
"crpsd","GRC","jpork",6.33081223090553E-5
"crpsd","GRC","jlamb",6.33081223090553E-5
"crpsd","GRC","jpoul",6.33081223090553E-5
"crpsd","GRC","jeggs",6.33081223090553E-5
"crpsd","GRC","jmilk",6.33081223090553E-5
"crpsd","HRV","jbeef",6.33081223090553E-5
"crpsd","HRV","jpork",6.33081223090553E-5
"crpsd","HRV","jlamb",6.33081223090553E-5
"crpsd","HRV","jpoul",6.33081223090553E-5
"crpsd","HRV","jeggs",6.33081223090553E-5
"crpsd","HRV","jmilk",6.33081223090553E-5
"crpsd","HUN","jbeef",0.00100316786274271
"crpsd","HUN","jpork",0.00100316786274271
"crpsd","HUN","jlamb",0.00100316786274271
"crpsd","HUN","jpoul",0.00100316786274271
"crpsd","HUN","jeggs",0.00100316786274271
"crpsd","HUN","jmilk",0.00100316786274271
"crpsd","IRL","jbeef",0.00592132723940915
"crpsd","IRL","jpork",0.00592132723940915
"crpsd","IRL","jlamb",0.00592132723940915
"crpsd","IRL","jpoul",0.00592132723940915
"crpsd","IRL","jeggs",0.00592132723940915
"crpsd","IRL","jmilk",0.00592132723940915
"crpsd","ISL","jbeef",0.00713426017149217
"crpsd","ISL","jpork",0.00713426017149217
"crpsd","ISL","jlamb",0.00713426017149217
"crpsd","ISL","jpoul",0.00713426017149217
"crpsd","ISL","jeggs",0.00713426017149217
"crpsd","ISL","jmilk",0.00713426017149217
"crpsd","JAM","jbeef",2.66493684099687E-5
"crpsd","JAM","jpork",2.66493684099687E-5
"crpsd","JAM","jlamb",2.66493684099687E-5
"crpsd","JAM","jpoul",2.66493684099687E-5
"crpsd","JAM","jeggs",2.66493684099687E-5
"crpsd","JAM","jmilk",2.66493684099687E-5
"crpsd","KAZ","jbeef",0.00025583969278248
"crpsd","KAZ","jpork",0.00025583969278248
"crpsd","KAZ","jlamb",0.00025583969278248
"crpsd","KAZ","jpoul",0.00025583969278248
"crpsd","KAZ","jeggs",0.00025583969278248
"crpsd","KAZ","jmilk",0.00025583969278248
"crpsd","KGZ","jbeef",0.00121030971738595
"crpsd","KGZ","jpork",0.00121030971738595
"crpsd","KGZ","jlamb",0.00121030971738595
"crpsd","KGZ","jpoul",0.00121030971738595
"crpsd","KGZ","jeggs",0.00121030971738595
"crpsd","KGZ","jmilk",0.00121030971738595
"crpsd","MDA","jbeef",0.00100316786274271
"crpsd","MDA","jpork",0.00100316786274271
"crpsd","MDA","jlamb",0.00100316786274271
"crpsd","MDA","jpoul",0.00100316786274271
"crpsd","MDA","jeggs",0.00100316786274271
"crpsd","MDA","jmilk",0.00100316786274271
"crpsd","MNG","jbeef",0.00161991783972823
"crpsd","MNG","jpork",0.00161991783972823
"crpsd","MNG","jlamb",0.00161991783972823
"crpsd","MNG","jpoul",0.00161991783972823
"crpsd","MNG","jeggs",0.00161991783972823
"crpsd","MNG","jmilk",0.00161991783972823
"crpsd","NLD","jbeef",0.00189881639544301
"crpsd","NLD","jpork",0.00189881639544301
"crpsd","NLD","jlamb",0.00189881639544301
"crpsd","NLD","jpoul",0.00189881639544301
"crpsd","NLD","jeggs",0.00189881639544301
"crpsd","NLD","jmilk",0.00189881639544301
"crpsd","NOR","jbeef",0.00713426017149217
"crpsd","NOR","jpork",0.00713426017149217
"crpsd","NOR","jlamb",0.00713426017149217
"crpsd","NOR","jpoul",0.00713426017149217
"crpsd","NOR","jeggs",0.00713426017149217
"crpsd","NOR","jmilk",0.00713426017149217
"crpsd","NZL","jbeef",0.000251647369060447
"crpsd","NZL","jpork",0.000251647369060447
"crpsd","NZL","jlamb",0.000251647369060447
"crpsd","NZL","jpoul",0.000251647369060447
"crpsd","NZL","jeggs",0.000251647369060447
"crpsd","NZL","jmilk",0.000251647369060447
"crpsd","OAO","jbeef",2.66493684099687E-5
"crpsd","OAO","jpork",2.66493684099687E-5
"crpsd","OAO","jlamb",2.66493684099687E-5
"crpsd","OAO","jpoul",2.66493684099687E-5
"crpsd","OAO","jeggs",2.66493684099687E-5
"crpsd","OAO","jmilk",2.66493684099687E-5
"crpsd","OBN","jbeef",6.33081223090553E-5
"crpsd","OBN","jpork",6.33081223090553E-5
"crpsd","OBN","jlamb",6.33081223090553E-5
"crpsd","OBN","jpoul",6.33081223090553E-5
"crpsd","OBN","jeggs",6.33081223090553E-5
"crpsd","OBN","jmilk",6.33081223090553E-5
"crpsd","OIO","jbeef",2.66493684099687E-5
"crpsd","OIO","jpork",2.66493684099687E-5
"crpsd","OIO","jlamb",2.66493684099687E-5
"crpsd","OIO","jpoul",2.66493684099687E-5
"crpsd","OIO","jeggs",2.66493684099687E-5
"crpsd","OIO","jmilk",2.66493684099687E-5
"crpsd","OPO","jbeef",2.66493684099687E-5
"crpsd","OPO","jpork",2.66493684099687E-5
"crpsd","OPO","jlamb",2.66493684099687E-5
"crpsd","OPO","jpoul",2.66493684099687E-5
"crpsd","OPO","jeggs",2.66493684099687E-5
"crpsd","OPO","jmilk",2.66493684099687E-5
"crpsd","ROU","jbeef",0.00100316786274271
"crpsd","ROU","jpork",0.00100316786274271
"crpsd","ROU","jlamb",0.00100316786274271
"crpsd","ROU","jpoul",0.00100316786274271
"crpsd","ROU","jeggs",0.00100316786274271
"crpsd","ROU","jmilk",0.00100316786274271
"crpsd","RUS","jbeef",0.000147865162003849
"crpsd","RUS","jpork",0.000147865162003849
"crpsd","RUS","jlamb",0.000147865162003849
"crpsd","RUS","jpoul",0.000147865162003849
"crpsd","RUS","jeggs",0.000147865162003849
"crpsd","RUS","jmilk",0.000147865162003849
"crpsd","SLB","jbeef",2.66493684099687E-5
"crpsd","SLB","jpork",2.66493684099687E-5
"crpsd","SLB","jlamb",2.66493684099687E-5
"crpsd","SLB","jpoul",2.66493684099687E-5
"crpsd","SLB","jeggs",2.66493684099687E-5
"crpsd","SLB","jmilk",2.66493684099687E-5
"crpsd","SVK","jbeef",0.00100316786274271
"crpsd","SVK","jpork",0.00100316786274271
"crpsd","SVK","jlamb",0.00100316786274271
"crpsd","SVK","jpoul",0.00100316786274271
"crpsd","SVK","jeggs",0.00100316786274271
"crpsd","SVK","jmilk",0.00100316786274271
"crpsd","SVN","jbeef",6.33081223090553E-5
"crpsd","SVN","jpork",6.33081223090553E-5
"crpsd","SVN","jlamb",6.33081223090553E-5
"crpsd","SVN","jpoul",6.33081223090553E-5
"crpsd","SVN","jeggs",6.33081223090553E-5
"crpsd","SVN","jmilk",6.33081223090553E-5
"crpsd","SWE","jbeef",0.00713426017149217
"crpsd","SWE","jpork",0.00713426017149217
"crpsd","SWE","jlamb",0.00713426017149217
"crpsd","SWE","jpoul",0.00713426017149217
"crpsd","SWE","jeggs",0.00713426017149217
"crpsd","SWE","jmilk",0.00713426017149217
"crpsd","TJK","jbeef",4.66252890082253E-5
"crpsd","TJK","jpork",4.66252890082253E-5
"crpsd","TJK","jlamb",4.66252890082253E-5
"crpsd","TJK","jpoul",4.66252890082253E-5
"crpsd","TJK","jeggs",4.66252890082253E-5
"crpsd","TJK","jmilk",4.66252890082253E-5
"crpsd","UKP","jbeef",0.00592132723940915
"crpsd","UKP","jpork",0.00592132723940915
"crpsd","UKP","jlamb",0.00592132723940915
"crpsd","UKP","jpoul",0.00592132723940915
"crpsd","UKP","jeggs",0.00592132723940915
"crpsd","UKP","jmilk",0.00592132723940915
"crpsd","UKR","jbeef",0.000463960734781504
"crpsd","UKR","jpork",0.000463960734781504
"crpsd","UKR","jlamb",0.000463960734781504
"crpsd","UKR","jpoul",0.000463960734781504
"crpsd","UKR","jeggs",0.000463960734781504
"crpsd","UKR","jmilk",0.000463960734781504
"crpsd","UZB","jbeef",1.32724518161203E-6
"crpsd","UZB","jpork",1.32724518161203E-6
"crpsd","UZB","jlamb",1.32724518161203E-6
"crpsd","UZB","jpoul",1.32724518161203E-6
"crpsd","UZB","jeggs",1.32724518161203E-6
"crpsd","UZB","jmilk",1.32724518161203E-6
"crpsd","VUT","jbeef",2.66493684099687E-5
"crpsd","VUT","jpork",2.66493684099687E-5
"crpsd","VUT","jlamb",2.66493684099687E-5
"crpsd","VUT","jpoul",2.66493684099687E-5
"crpsd","VUT","jeggs",2.66493684099687E-5
"crpsd","VUT","jmilk",2.66493684099687E-5
"crpml","ALB","jbeef",0.00123372542238318
"crpml","ALB","jpork",0.00123372542238318
"crpml","ALB","jlamb",0.00123372542238318
"crpml","ALB","jpoul",0.00123372542238318
"crpml","ALB","jeggs",0.00123372542238318
"crpml","ALB","jmilk",0.00123372542238318
"crpml","ARG","jbeef",8.54172399784408E-5
"crpml","ARG","jpork",8.54172399784408E-5
"crpml","ARG","jlamb",8.54172399784408E-5
"crpml","ARG","jpoul",8.54172399784408E-5
"crpml","ARG","jeggs",8.54172399784408E-5
"crpml","ARG","jmilk",8.54172399784408E-5
"crpml","AUS","jbeef",0.0145433547530186
"crpml","AUS","jpork",0.0145433547530186
"crpml","AUS","jlamb",0.0145433547530186
"crpml","AUS","jpoul",0.0145433547530186
"crpml","AUS","jeggs",0.0145433547530186
"crpml","AUS","jmilk",0.0145433547530186
"crpml","AUT","jbeef",0.0117103833091792
"crpml","AUT","jpork",0.0117103833091792
"crpml","AUT","jlamb",0.0117103833091792
"crpml","AUT","jpoul",0.0117103833091792
"crpml","AUT","jeggs",0.0117103833091792
"crpml","AUT","jmilk",0.0117103833091792
"crpml","BGD","jbeef",0.119840764082992
"crpml","BGD","jpork",0.119840764082992
"crpml","BGD","jlamb",0.119840764082992
"crpml","BGD","jpoul",0.119840764082992
"crpml","BGD","jeggs",0.119840764082992
"crpml","BGD","jmilk",0.119840764082992
"crpml","BGR","jbeef",0.013717927834593
"crpml","BGR","jpork",0.013717927834593
"crpml","BGR","jlamb",0.013717927834593
"crpml","BGR","jpoul",0.013717927834593
"crpml","BGR","jeggs",0.013717927834593
"crpml","BGR","jmilk",0.013717927834593
"crpml","BLR","jbeef",0.00317045994592045
"crpml","BLR","jpork",0.00317045994592045
"crpml","BLR","jlamb",0.00317045994592045
"crpml","BLR","jpoul",0.00317045994592045
"crpml","BLR","jeggs",0.00317045994592045
"crpml","BLR","jmilk",0.00317045994592045
"crpml","BLT","jbeef",0.00317045994592045
"crpml","BLT","jpork",0.00317045994592045
"crpml","BLT","jlamb",0.00317045994592045
"crpml","BLT","jpoul",0.00317045994592045
"crpml","BLT","jeggs",0.00317045994592045
"crpml","BLT","jmilk",0.00317045994592045
"crpml","BLX","jbeef",0.0280502774086589
"crpml","BLX","jpork",0.0280502774086589
"crpml","BLX","jlamb",0.0280502774086589
"crpml","BLX","jpoul",0.0280502774086589
"crpml","BLX","jeggs",0.0280502774086589
"crpml","BLX","jmilk",0.0280502774086589
"crpml","BRA","jbeef",0.000710432522375423
"crpml","BRA","jpork",0.000710432522375423
"crpml","BRA","jlamb",0.000710432522375423
"crpml","BRA","jpoul",0.000710432522375423
"crpml","BRA","jeggs",0.000710432522375423
"crpml","BRA","jmilk",0.000710432522375423
"crpml","BWA","jbeef",8.71203458677731E-6
"crpml","BWA","jpork",8.71203458677731E-6
"crpml","BWA","jlamb",8.71203458677731E-6
"crpml","BWA","jpoul",8.71203458677731E-6
"crpml","BWA","jeggs",8.71203458677731E-6
"crpml","BWA","jmilk",8.71203458677731E-6
"crpml","CAN","jbeef",0.0556319367378304
"crpml","CAN","jpork",0.0556319367378304
"crpml","CAN","jlamb",0.0556319367378304
"crpml","CAN","jpoul",0.0556319367378304
"crpml","CAN","jeggs",0.0556319367378304
"crpml","CAN","jmilk",0.0556319367378304
"crpml","CHL","jbeef",0.0115784209368986
"crpml","CHL","jpork",0.0115784209368986
"crpml","CHL","jlamb",0.0115784209368986
"crpml","CHL","jpoul",0.0115784209368986
"crpml","CHL","jeggs",0.0115784209368986
"crpml","CHL","jmilk",0.0115784209368986
"crpml","CHM","jbeef",0.0575208501687173
"crpml","CHM","jpork",0.0575208501687173
"crpml","CHM","jlamb",0.0575208501687173
"crpml","CHM","jpoul",0.0575208501687173
"crpml","CHM","jeggs",0.0575208501687173
"crpml","CHM","jmilk",0.0575208501687173
"crpml","CHP","jbeef",0.0117103833091792
"crpml","CHP","jpork",0.0117103833091792
"crpml","CHP","jlamb",0.0117103833091792
"crpml","CHP","jpoul",0.0117103833091792
"crpml","CHP","jeggs",0.0117103833091792
"crpml","CHP","jmilk",0.0117103833091792
"crpml","COL","jbeef",4.37786064421077E-6
"crpml","COL","jpork",4.37786064421077E-6
"crpml","COL","jlamb",4.37786064421077E-6
"crpml","COL","jpoul",4.37786064421077E-6
"crpml","COL","jeggs",4.37786064421077E-6
"crpml","COL","jmilk",4.37786064421077E-6
"crpml","CZE","jbeef",0.013717927834593
"crpml","CZE","jpork",0.013717927834593
"crpml","CZE","jlamb",0.013717927834593
"crpml","CZE","jpoul",0.013717927834593
"crpml","CZE","jeggs",0.013717927834593
"crpml","CZE","jmilk",0.013717927834593
"crpml","DEU","jbeef",0.044183237308619
"crpml","DEU","jpork",0.044183237308619
"crpml","DEU","jlamb",0.044183237308619
"crpml","DEU","jpoul",0.044183237308619
"crpml","DEU","jeggs",0.044183237308619
"crpml","DEU","jmilk",0.044183237308619
"crpml","DNK","jbeef",0.0531386353893343
"crpml","DNK","jpork",0.0531386353893343
"crpml","DNK","jlamb",0.0531386353893343
"crpml","DNK","jpoul",0.0531386353893343
"crpml","DNK","jeggs",0.0531386353893343
"crpml","DNK","jmilk",0.0531386353893343
"crpml","DZA","jbeef",0.00701495033605586
"crpml","DZA","jpork",0.00701495033605586
"crpml","DZA","jlamb",0.00701495033605586
"crpml","DZA","jpoul",0.00701495033605586
"crpml","DZA","jeggs",0.00701495033605586
"crpml","DZA","jmilk",0.00701495033605586
"crpml","ETH","jbeef",0.00632937363975417
"crpml","ETH","jpork",0.00632937363975417
"crpml","ETH","jlamb",0.00632937363975417
"crpml","ETH","jpoul",0.00632937363975417
"crpml","ETH","jeggs",0.00632937363975417
"crpml","ETH","jmilk",0.00632937363975417
"crpml","FNP","jbeef",0.0531386353893343
"crpml","FNP","jpork",0.0531386353893343
"crpml","FNP","jlamb",0.0531386353893343
"crpml","FNP","jpoul",0.0531386353893343
"crpml","FNP","jeggs",0.0531386353893343
"crpml","FNP","jmilk",0.0531386353893343
"crpml","FRP","jbeef",0.0302607287280008
"crpml","FRP","jpork",0.0302607287280008
"crpml","FRP","jlamb",0.0302607287280008
"crpml","FRP","jpoul",0.0302607287280008
"crpml","FRP","jeggs",0.0302607287280008
"crpml","FRP","jmilk",0.0302607287280008
"crpml","GRC","jbeef",0.00123372542238318
"crpml","GRC","jpork",0.00123372542238318
"crpml","GRC","jlamb",0.00123372542238318
"crpml","GRC","jpoul",0.00123372542238318
"crpml","GRC","jeggs",0.00123372542238318
"crpml","GRC","jmilk",0.00123372542238318
"crpml","HRV","jbeef",0.00123372542238318
"crpml","HRV","jpork",0.00123372542238318
"crpml","HRV","jlamb",0.00123372542238318
"crpml","HRV","jpoul",0.00123372542238318
"crpml","HRV","jeggs",0.00123372542238318
"crpml","HRV","jmilk",0.00123372542238318
"crpml","HUN","jbeef",0.013717927834593
"crpml","HUN","jpork",0.013717927834593
"crpml","HUN","jlamb",0.013717927834593
"crpml","HUN","jpoul",0.013717927834593
"crpml","HUN","jeggs",0.013717927834593
"crpml","HUN","jmilk",0.013717927834593
"crpml","IDN","jbeef",0.0153131344013569
"crpml","IDN","jpork",0.0153131344013569
"crpml","IDN","jlamb",0.0153131344013569
"crpml","IDN","jpoul",0.0153131344013569
"crpml","IDN","jeggs",0.0153131344013569
"crpml","IDN","jmilk",0.0153131344013569
"crpml","IND","jbeef",0.0300075642302271
"crpml","IND","jpork",0.0300075642302271
"crpml","IND","jlamb",0.0300075642302271
"crpml","IND","jpoul",0.0300075642302271
"crpml","IND","jeggs",0.0300075642302271
"crpml","IND","jmilk",0.0300075642302271
"crpml","IRL","jbeef",0.0390276834947359
"crpml","IRL","jpork",0.0390276834947359
"crpml","IRL","jlamb",0.0390276834947359
"crpml","IRL","jpoul",0.0390276834947359
"crpml","IRL","jeggs",0.0390276834947359
"crpml","IRL","jmilk",0.0390276834947359
"crpml","ISL","jbeef",0.0531386353893343
"crpml","ISL","jpork",0.0531386353893343
"crpml","ISL","jlamb",0.0531386353893343
"crpml","ISL","jpoul",0.0531386353893343
"crpml","ISL","jeggs",0.0531386353893343
"crpml","ISL","jmilk",0.0531386353893343
"crpml","ISR","jbeef",0.0150295728211351
"crpml","ISR","jpork",0.0150295728211351
"crpml","ISR","jlamb",0.0150295728211351
"crpml","ISR","jpoul",0.0150295728211351
"crpml","ISR","jeggs",0.0150295728211351
"crpml","ISR","jmilk",0.0150295728211351
"crpml","ITP","jbeef",0.00625555416406912
"crpml","ITP","jpork",0.00625555416406912
"crpml","ITP","jlamb",0.00625555416406912
"crpml","ITP","jpoul",0.00625555416406912
"crpml","ITP","jeggs",0.00625555416406912
"crpml","ITP","jmilk",0.00625555416406912
"crpml","JPN","jbeef",0.0919176898010803
"crpml","JPN","jpork",0.0919176898010803
"crpml","JPN","jlamb",0.0919176898010803
"crpml","JPN","jpoul",0.0919176898010803
"crpml","JPN","jeggs",0.0919176898010803
"crpml","JPN","jmilk",0.0919176898010803
"crpml","KAZ","jbeef",0.000564751317147144
"crpml","KAZ","jpork",0.000564751317147144
"crpml","KAZ","jlamb",0.000564751317147144
"crpml","KAZ","jpoul",0.000564751317147144
"crpml","KAZ","jeggs",0.000564751317147144
"crpml","KAZ","jmilk",0.000564751317147144
"crpml","KOR","jbeef",0.0698760656239592
"crpml","KOR","jpork",0.0698760656239592
"crpml","KOR","jlamb",0.0698760656239592
"crpml","KOR","jpoul",0.0698760656239592
"crpml","KOR","jeggs",0.0698760656239592
"crpml","KOR","jmilk",0.0698760656239592
"crpml","MDA","jbeef",0.013717927834593
"crpml","MDA","jpork",0.013717927834593
"crpml","MDA","jlamb",0.013717927834593
"crpml","MDA","jpoul",0.013717927834593
"crpml","MDA","jeggs",0.013717927834593
"crpml","MDA","jmilk",0.013717927834593
"crpml","MEX","jbeef",0.0340859500830977
"crpml","MEX","jpork",0.0340859500830977
"crpml","MEX","jlamb",0.0340859500830977
"crpml","MEX","jpoul",0.0340859500830977
"crpml","MEX","jeggs",0.0340859500830977
"crpml","MEX","jmilk",0.0340859500830977
"crpml","MMR","jbeef",0.0127529237213415
"crpml","MMR","jpork",0.0127529237213415
"crpml","MMR","jlamb",0.0127529237213415
"crpml","MMR","jpoul",0.0127529237213415
"crpml","MMR","jeggs",0.0127529237213415
"crpml","MMR","jmilk",0.0127529237213415
"crpml","MOR","jbeef",0.00305250091959335
"crpml","MOR","jpork",0.00305250091959335
"crpml","MOR","jlamb",0.00305250091959335
"crpml","MOR","jpoul",0.00305250091959335
"crpml","MOR","jeggs",0.00305250091959335
"crpml","MOR","jmilk",0.00305250091959335
"crpml","MYS","jbeef",0.009292554825907
"crpml","MYS","jpork",0.009292554825907
"crpml","MYS","jlamb",0.009292554825907
"crpml","MYS","jpoul",0.009292554825907
"crpml","MYS","jeggs",0.009292554825907
"crpml","MYS","jmilk",0.009292554825907
"crpml","NLD","jbeef",0.0355994082805718
"crpml","NLD","jpork",0.0355994082805718
"crpml","NLD","jlamb",0.0355994082805718
"crpml","NLD","jpoul",0.0355994082805718
"crpml","NLD","jeggs",0.0355994082805718
"crpml","NLD","jmilk",0.0355994082805718
"crpml","NOR","jbeef",0.0531386353893343
"crpml","NOR","jpork",0.0531386353893343
"crpml","NOR","jlamb",0.0531386353893343
"crpml","NOR","jpoul",0.0531386353893343
"crpml","NOR","jeggs",0.0531386353893343
"crpml","NOR","jmilk",0.0531386353893343
"crpml","NPL","jbeef",0.0307562555066387
"crpml","NPL","jpork",0.0307562555066387
"crpml","NPL","jlamb",0.0307562555066387
"crpml","NPL","jpoul",0.0307562555066387
"crpml","NPL","jeggs",0.0307562555066387
"crpml","NPL","jmilk",0.0307562555066387
"crpml","NZL","jbeef",0.000127427405042465
"crpml","NZL","jpork",0.000127427405042465
"crpml","NZL","jlamb",0.000127427405042465
"crpml","NZL","jpoul",0.000127427405042465
"crpml","NZL","jeggs",0.000127427405042465
"crpml","NZL","jmilk",0.000127427405042465
"crpml","OBN","jbeef",0.00123372542238318
"crpml","OBN","jpork",0.00123372542238318
"crpml","OBN","jlamb",0.00123372542238318
"crpml","OBN","jpoul",0.00123372542238318
"crpml","OBN","jeggs",0.00123372542238318
"crpml","OBN","jmilk",0.00123372542238318
"crpml","PAK","jbeef",0.0121606935549685
"crpml","PAK","jpork",0.0121606935549685
"crpml","PAK","jlamb",0.0121606935549685
"crpml","PAK","jpoul",0.0121606935549685
"crpml","PAK","jeggs",0.0121606935549685
"crpml","PAK","jmilk",0.0121606935549685
"crpml","PHL","jbeef",7.70150364547124E-5
"crpml","PHL","jpork",7.70150364547124E-5
"crpml","PHL","jlamb",7.70150364547124E-5
"crpml","PHL","jpoul",7.70150364547124E-5
"crpml","PHL","jeggs",7.70150364547124E-5
"crpml","PHL","jmilk",7.70150364547124E-5
"crpml","POL","jbeef",0.0180443385830313
"crpml","POL","jpork",0.0180443385830313
"crpml","POL","jlamb",0.0180443385830313
"crpml","POL","jpoul",0.0180443385830313
"crpml","POL","jeggs",0.0180443385830313
"crpml","POL","jmilk",0.0180443385830313
"crpml","PRT","jbeef",0.00755393166079406
"crpml","PRT","jpork",0.00755393166079406
"crpml","PRT","jlamb",0.00755393166079406
"crpml","PRT","jpoul",0.00755393166079406
"crpml","PRT","jeggs",0.00755393166079406
"crpml","PRT","jmilk",0.00755393166079406
"crpml","RAP","jbeef",0.000129645133974599
"crpml","RAP","jpork",0.000129645133974599
"crpml","RAP","jlamb",0.000129645133974599
"crpml","RAP","jpoul",0.000129645133974599
"crpml","RAP","jeggs",0.000129645133974599
"crpml","RAP","jmilk",0.000129645133974599
"crpml","ROU","jbeef",0.013717927834593
"crpml","ROU","jpork",0.013717927834593
"crpml","ROU","jlamb",0.013717927834593
"crpml","ROU","jpoul",0.013717927834593
"crpml","ROU","jeggs",0.013717927834593
"crpml","ROU","jmilk",0.013717927834593
"crpml","RUS","jbeef",0.00149893739597144
"crpml","RUS","jpork",0.00149893739597144
"crpml","RUS","jlamb",0.00149893739597144
"crpml","RUS","jpoul",0.00149893739597144
"crpml","RUS","jeggs",0.00149893739597144
"crpml","RUS","jmilk",0.00149893739597144
"crpml","SAU","jbeef",0.000129645133974599
"crpml","SAU","jpork",0.000129645133974599
"crpml","SAU","jlamb",0.000129645133974599
"crpml","SAU","jpoul",0.000129645133974599
"crpml","SAU","jeggs",0.000129645133974599
"crpml","SAU","jmilk",0.000129645133974599
"crpml","SPP","jbeef",0.00755393166079406
"crpml","SPP","jpork",0.00755393166079406
"crpml","SPP","jlamb",0.00755393166079406
"crpml","SPP","jpoul",0.00755393166079406
"crpml","SPP","jeggs",0.00755393166079406
"crpml","SPP","jmilk",0.00755393166079406
"crpml","SVK","jbeef",0.013717927834593
"crpml","SVK","jpork",0.013717927834593
"crpml","SVK","jlamb",0.013717927834593
"crpml","SVK","jpoul",0.013717927834593
"crpml","SVK","jeggs",0.013717927834593
"crpml","SVK","jmilk",0.013717927834593
"crpml","SVN","jbeef",0.00123372542238318
"crpml","SVN","jpork",0.00123372542238318
"crpml","SVN","jlamb",0.00123372542238318
"crpml","SVN","jpoul",0.00123372542238318
"crpml","SVN","jeggs",0.00123372542238318
"crpml","SVN","jmilk",0.00123372542238318
"crpml","SWE","jbeef",0.0531386353893343
"crpml","SWE","jpork",0.0531386353893343
"crpml","SWE","jlamb",0.0531386353893343
"crpml","SWE","jpoul",0.0531386353893343
"crpml","SWE","jeggs",0.0531386353893343
"crpml","SWE","jmilk",0.0531386353893343
"crpml","THA","jbeef",0.040323464962472
"crpml","THA","jpork",0.040323464962472
"crpml","THA","jlamb",0.040323464962472
"crpml","THA","jpoul",0.040323464962472
"crpml","THA","jeggs",0.040323464962472
"crpml","THA","jmilk",0.040323464962472
"crpml","TUR","jbeef",0.000554768178572005
"crpml","TUR","jpork",0.000554768178572005
"crpml","TUR","jlamb",0.000554768178572005
"crpml","TUR","jpoul",0.000554768178572005
"crpml","TUR","jeggs",0.000554768178572005
"crpml","TUR","jmilk",0.000554768178572005
"crpml","UGA","jbeef",4.91792201971787E-5
"crpml","UGA","jpork",4.91792201971787E-5
"crpml","UGA","jlamb",4.91792201971787E-5
"crpml","UGA","jpoul",4.91792201971787E-5
"crpml","UGA","jeggs",4.91792201971787E-5
"crpml","UGA","jmilk",4.91792201971787E-5
"crpml","UKP","jbeef",0.0390276834947359
"crpml","UKP","jpork",0.0390276834947359
"crpml","UKP","jlamb",0.0390276834947359
"crpml","UKP","jpoul",0.0390276834947359
"crpml","UKP","jeggs",0.0390276834947359
"crpml","UKP","jmilk",0.0390276834947359
"crpml","UKR","jbeef",0.00200561256807772
"crpml","UKR","jpork",0.00200561256807772
"crpml","UKR","jlamb",0.00200561256807772
"crpml","UKR","jpoul",0.00200561256807772
"crpml","UKR","jeggs",0.00200561256807772
"crpml","UKR","jmilk",0.00200561256807772
"crpml","USA","jbeef",0.0126947237859091
"crpml","USA","jpork",0.0126947237859091
"crpml","USA","jlamb",0.0126947237859091
"crpml","USA","jpoul",0.0126947237859091
"crpml","USA","jeggs",0.0126947237859091
"crpml","USA","jmilk",0.0126947237859091
"crpml","UZB","jbeef",0.000235390836621193
"crpml","UZB","jpork",0.000235390836621193
"crpml","UZB","jlamb",0.000235390836621193
"crpml","UZB","jpoul",0.000235390836621193
"crpml","UZB","jeggs",0.000235390836621193
"crpml","UZB","jmilk",0.000235390836621193
"crpml","YEM","jbeef",0.000129645133974599
"crpml","YEM","jpork",0.000129645133974599
"crpml","YEM","jlamb",0.000129645133974599
"crpml","YEM","jpoul",0.000129645133974599
"crpml","YEM","jeggs",0.000129645133974599
"crpml","YEM","jmilk",0.000129645133974599
"crpml","ZAF","jbeef",4.14716931565222E-6
"crpml","ZAF","jpork",4.14716931565222E-6
"crpml","ZAF","jlamb",4.14716931565222E-6
"crpml","ZAF","jpoul",4.14716931565222E-6
"crpml","ZAF","jeggs",4.14716931565222E-6
"crpml","ZAF","jmilk",4.14716931565222E-6
"csoyb","ALB","jbeef",0.00255764068449875
"csoyb","ALB","jpork",0.00255764068449875
"csoyb","ALB","jlamb",0.00255764068449875
"csoyb","ALB","jpoul",0.00255764068449875
"csoyb","ALB","jeggs",0.00255764068449875
"csoyb","ALB","jmilk",0.00255764068449875
"csoyb","ARM","jbeef",0.000738713406592643
"csoyb","ARM","jpork",0.000738713406592643
"csoyb","ARM","jlamb",0.000738713406592643
"csoyb","ARM","jpoul",0.000738713406592643
"csoyb","ARM","jeggs",0.000738713406592643
"csoyb","ARM","jmilk",0.000738713406592643
"csoyb","AUS","jbeef",0.00730624971453773
"csoyb","AUS","jpork",0.00730624971453773
"csoyb","AUS","jlamb",0.00730624971453773
"csoyb","AUS","jpoul",0.00730624971453773
"csoyb","AUS","jeggs",0.00730624971453773
"csoyb","AUS","jmilk",0.00730624971453773
"csoyb","AUT","jbeef",0.00104663482601836
"csoyb","AUT","jpork",0.00104663482601836
"csoyb","AUT","jlamb",0.00104663482601836
"csoyb","AUT","jpoul",0.00104663482601836
"csoyb","AUT","jeggs",0.00104663482601836
"csoyb","AUT","jmilk",0.00104663482601836
"csoyb","AZE","jbeef",0.000738713406592643
"csoyb","AZE","jpork",0.000738713406592643
"csoyb","AZE","jlamb",0.000738713406592643
"csoyb","AZE","jpoul",0.000738713406592643
"csoyb","AZE","jeggs",0.000738713406592643
"csoyb","AZE","jmilk",0.000738713406592643
"csoyb","BGR","jbeef",0.00113732381788894
"csoyb","BGR","jpork",0.00113732381788894
"csoyb","BGR","jlamb",0.00113732381788894
"csoyb","BGR","jpoul",0.00113732381788894
"csoyb","BGR","jeggs",0.00113732381788894
"csoyb","BGR","jmilk",0.00113732381788894
"csoyb","BLR","jbeef",4.89240233005883E-5
"csoyb","BLR","jpork",4.89240233005883E-5
"csoyb","BLR","jlamb",4.89240233005883E-5
"csoyb","BLR","jpoul",4.89240233005883E-5
"csoyb","BLR","jeggs",4.89240233005883E-5
"csoyb","BLR","jmilk",4.89240233005883E-5
"csoyb","BLT","jbeef",4.89240233005883E-5
"csoyb","BLT","jpork",4.89240233005883E-5
"csoyb","BLT","jlamb",4.89240233005883E-5
"csoyb","BLT","jpoul",4.89240233005883E-5
"csoyb","BLT","jeggs",4.89240233005883E-5
"csoyb","BLT","jmilk",4.89240233005883E-5
"csoyb","BLX","jbeef",0.0350182223874162
"csoyb","BLX","jpork",0.0350182223874162
"csoyb","BLX","jlamb",0.0350182223874162
"csoyb","BLX","jpoul",0.0350182223874162
"csoyb","BLX","jeggs",0.0350182223874162
"csoyb","BLX","jmilk",0.0350182223874162
"csoyb","BLZ","jbeef",0.00107031969837779
"csoyb","BLZ","jpork",0.00107031969837779
"csoyb","BLZ","jlamb",0.00107031969837779
"csoyb","BLZ","jpoul",0.00107031969837779
"csoyb","BLZ","jeggs",0.00107031969837779
"csoyb","BLZ","jmilk",0.00107031969837779
"csoyb","BOL","jbeef",0.114299241388671
"csoyb","BOL","jpork",0.114299241388671
"csoyb","BOL","jlamb",0.114299241388671
"csoyb","BOL","jpoul",0.114299241388671
"csoyb","BOL","jeggs",0.114299241388671
"csoyb","BOL","jmilk",0.114299241388671
"csoyb","BRA","jbeef",0.01465077334354
"csoyb","BRA","jpork",0.01465077334354
"csoyb","BRA","jlamb",0.01465077334354
"csoyb","BRA","jpoul",0.01465077334354
"csoyb","BRA","jeggs",0.01465077334354
"csoyb","BRA","jmilk",0.01465077334354
"csoyb","CAN","jbeef",0.0318430810022505
"csoyb","CAN","jpork",0.0318430810022505
"csoyb","CAN","jlamb",0.0318430810022505
"csoyb","CAN","jpoul",0.0318430810022505
"csoyb","CAN","jeggs",0.0318430810022505
"csoyb","CAN","jmilk",0.0318430810022505
"csoyb","CHM","jbeef",0.0208128367693946
"csoyb","CHM","jpork",0.0208128367693946
"csoyb","CHM","jlamb",0.0208128367693946
"csoyb","CHM","jpoul",0.0208128367693946
"csoyb","CHM","jeggs",0.0208128367693946
"csoyb","CHM","jmilk",0.0208128367693946
"csoyb","CHP","jbeef",0.00104663482601836
"csoyb","CHP","jpork",0.00104663482601836
"csoyb","CHP","jlamb",0.00104663482601836
"csoyb","CHP","jpoul",0.00104663482601836
"csoyb","CHP","jeggs",0.00104663482601836
"csoyb","CHP","jmilk",0.00104663482601836
"csoyb","CRB","jbeef",0.000255877269042057
"csoyb","CRB","jpork",0.000255877269042057
"csoyb","CRB","jlamb",0.000255877269042057
"csoyb","CRB","jpoul",0.000255877269042057
"csoyb","CRB","jeggs",0.000255877269042057
"csoyb","CRB","jmilk",0.000255877269042057
"csoyb","CRI","jbeef",0.00107031969837779
"csoyb","CRI","jpork",0.00107031969837779
"csoyb","CRI","jlamb",0.00107031969837779
"csoyb","CRI","jpoul",0.00107031969837779
"csoyb","CRI","jeggs",0.00107031969837779
"csoyb","CRI","jmilk",0.00107031969837779
"csoyb","CUB","jbeef",0.00107031969837779
"csoyb","CUB","jpork",0.00107031969837779
"csoyb","CUB","jlamb",0.00107031969837779
"csoyb","CUB","jpoul",0.00107031969837779
"csoyb","CUB","jeggs",0.00107031969837779
"csoyb","CUB","jmilk",0.00107031969837779
"csoyb","CYP","jbeef",0.0183553915288099
"csoyb","CYP","jpork",0.0183553915288099
"csoyb","CYP","jlamb",0.0183553915288099
"csoyb","CYP","jpoul",0.0183553915288099
"csoyb","CYP","jeggs",0.0183553915288099
"csoyb","CYP","jmilk",0.0183553915288099
"csoyb","CZE","jbeef",0.00113732381788894
"csoyb","CZE","jpork",0.00113732381788894
"csoyb","CZE","jlamb",0.00113732381788894
"csoyb","CZE","jpoul",0.00113732381788894
"csoyb","CZE","jeggs",0.00113732381788894
"csoyb","CZE","jmilk",0.00113732381788894
"csoyb","DEU","jbeef",0.00036678294062072
"csoyb","DEU","jpork",0.00036678294062072
"csoyb","DEU","jlamb",0.00036678294062072
"csoyb","DEU","jpoul",0.00036678294062072
"csoyb","DEU","jeggs",0.00036678294062072
"csoyb","DEU","jmilk",0.00036678294062072
"csoyb","DNK","jbeef",0.0039644183807151
"csoyb","DNK","jpork",0.0039644183807151
"csoyb","DNK","jlamb",0.0039644183807151
"csoyb","DNK","jpoul",0.0039644183807151
"csoyb","DNK","jeggs",0.0039644183807151
"csoyb","DNK","jmilk",0.0039644183807151
"csoyb","DOM","jbeef",0.00107031969837779
"csoyb","DOM","jpork",0.00107031969837779
"csoyb","DOM","jlamb",0.00107031969837779
"csoyb","DOM","jpoul",0.00107031969837779
"csoyb","DOM","jeggs",0.00107031969837779
"csoyb","DOM","jmilk",0.00107031969837779
"csoyb","DZA","jbeef",1.41872211915469E-6
"csoyb","DZA","jpork",1.41872211915469E-6
"csoyb","DZA","jlamb",1.41872211915469E-6
"csoyb","DZA","jpoul",1.41872211915469E-6
"csoyb","DZA","jeggs",1.41872211915469E-6
"csoyb","DZA","jmilk",1.41872211915469E-6
"csoyb","FJI","jbeef",0.000255877269042057
"csoyb","FJI","jpork",0.000255877269042057
"csoyb","FJI","jlamb",0.000255877269042057
"csoyb","FJI","jpoul",0.000255877269042057
"csoyb","FJI","jeggs",0.000255877269042057
"csoyb","FJI","jmilk",0.000255877269042057
"csoyb","FNP","jbeef",0.0039644183807151
"csoyb","FNP","jpork",0.0039644183807151
"csoyb","FNP","jlamb",0.0039644183807151
"csoyb","FNP","jpoul",0.0039644183807151
"csoyb","FNP","jeggs",0.0039644183807151
"csoyb","FNP","jmilk",0.0039644183807151
"csoyb","FRP","jbeef",0.0111507531125506
"csoyb","FRP","jpork",0.0111507531125506
"csoyb","FRP","jlamb",0.0111507531125506
"csoyb","FRP","jpoul",0.0111507531125506
"csoyb","FRP","jeggs",0.0111507531125506
"csoyb","FRP","jmilk",0.0111507531125506
"csoyb","GEO","jbeef",0.000738713406592643
"csoyb","GEO","jpork",0.000738713406592643
"csoyb","GEO","jlamb",0.000738713406592643
"csoyb","GEO","jpoul",0.000738713406592643
"csoyb","GEO","jeggs",0.000738713406592643
"csoyb","GEO","jmilk",0.000738713406592643
"csoyb","GRC","jbeef",0.00255764068449875
"csoyb","GRC","jpork",0.00255764068449875
"csoyb","GRC","jlamb",0.00255764068449875
"csoyb","GRC","jpoul",0.00255764068449875
"csoyb","GRC","jeggs",0.00255764068449875
"csoyb","GRC","jmilk",0.00255764068449875
"csoyb","GTM","jbeef",0.00107031969837779
"csoyb","GTM","jpork",0.00107031969837779
"csoyb","GTM","jlamb",0.00107031969837779
"csoyb","GTM","jpoul",0.00107031969837779
"csoyb","GTM","jeggs",0.00107031969837779
"csoyb","GTM","jmilk",0.00107031969837779
"csoyb","HND","jbeef",0.00107031969837779
"csoyb","HND","jpork",0.00107031969837779
"csoyb","HND","jlamb",0.00107031969837779
"csoyb","HND","jpoul",0.00107031969837779
"csoyb","HND","jeggs",0.00107031969837779
"csoyb","HND","jmilk",0.00107031969837779
"csoyb","HRV","jbeef",0.00255764068449875
"csoyb","HRV","jpork",0.00255764068449875
"csoyb","HRV","jlamb",0.00255764068449875
"csoyb","HRV","jpoul",0.00255764068449875
"csoyb","HRV","jeggs",0.00255764068449875
"csoyb","HRV","jmilk",0.00255764068449875
"csoyb","HTI","jbeef",0.00107031969837779
"csoyb","HTI","jpork",0.00107031969837779
"csoyb","HTI","jlamb",0.00107031969837779
"csoyb","HTI","jpoul",0.00107031969837779
"csoyb","HTI","jeggs",0.00107031969837779
"csoyb","HTI","jmilk",0.00107031969837779
"csoyb","HUN","jbeef",0.00113732381788894
"csoyb","HUN","jpork",0.00113732381788894
"csoyb","HUN","jlamb",0.00113732381788894
"csoyb","HUN","jpoul",0.00113732381788894
"csoyb","HUN","jeggs",0.00113732381788894
"csoyb","HUN","jmilk",0.00113732381788894
"csoyb","IRL","jbeef",0.00215961495968673
"csoyb","IRL","jpork",0.00215961495968673
"csoyb","IRL","jlamb",0.00215961495968673
"csoyb","IRL","jpoul",0.00215961495968673
"csoyb","IRL","jeggs",0.00215961495968673
"csoyb","IRL","jmilk",0.00215961495968673
"csoyb","ISL","jbeef",0.0039644183807151
"csoyb","ISL","jpork",0.0039644183807151
"csoyb","ISL","jlamb",0.0039644183807151
"csoyb","ISL","jpoul",0.0039644183807151
"csoyb","ISL","jeggs",0.0039644183807151
"csoyb","ISL","jmilk",0.0039644183807151
"csoyb","ISR","jbeef",0.000921791549555434
"csoyb","ISR","jpork",0.000921791549555434
"csoyb","ISR","jlamb",0.000921791549555434
"csoyb","ISR","jpoul",0.000921791549555434
"csoyb","ISR","jeggs",0.000921791549555434
"csoyb","ISR","jmilk",0.000921791549555434
"csoyb","ITP","jbeef",0.011190508434556
"csoyb","ITP","jpork",0.011190508434556
"csoyb","ITP","jlamb",0.011190508434556
"csoyb","ITP","jpoul",0.011190508434556
"csoyb","ITP","jeggs",0.011190508434556
"csoyb","ITP","jmilk",0.011190508434556
"csoyb","JAM","jbeef",0.000255877269042057
"csoyb","JAM","jpork",0.000255877269042057
"csoyb","JAM","jlamb",0.000255877269042057
"csoyb","JAM","jpoul",0.000255877269042057
"csoyb","JAM","jeggs",0.000255877269042057
"csoyb","JAM","jmilk",0.000255877269042057
"csoyb","JPN","jbeef",0.00729848843518613
"csoyb","JPN","jpork",0.00729848843518613
"csoyb","JPN","jlamb",0.00729848843518613
"csoyb","JPN","jpoul",0.00729848843518613
"csoyb","JPN","jeggs",0.00729848843518613
"csoyb","JPN","jmilk",0.00729848843518613
"csoyb","KAZ","jbeef",0.00020764018429753
"csoyb","KAZ","jpork",0.00020764018429753
"csoyb","KAZ","jlamb",0.00020764018429753
"csoyb","KAZ","jpoul",0.00020764018429753
"csoyb","KAZ","jeggs",0.00020764018429753
"csoyb","KAZ","jmilk",0.00020764018429753
"csoyb","KGZ","jbeef",0.00155068458885486
"csoyb","KGZ","jpork",0.00155068458885486
"csoyb","KGZ","jlamb",0.00155068458885486
"csoyb","KGZ","jpoul",0.00155068458885486
"csoyb","KGZ","jeggs",0.00155068458885486
"csoyb","KGZ","jmilk",0.00155068458885486
"csoyb","KOR","jbeef",0.00568053734295557
"csoyb","KOR","jpork",0.00568053734295557
"csoyb","KOR","jlamb",0.00568053734295557
"csoyb","KOR","jpoul",0.00568053734295557
"csoyb","KOR","jeggs",0.00568053734295557
"csoyb","KOR","jmilk",0.00568053734295557
"csoyb","LBN","jbeef",0.000960300910914007
"csoyb","LBN","jpork",0.000960300910914007
"csoyb","LBN","jlamb",0.000960300910914007
"csoyb","LBN","jpoul",0.000960300910914007
"csoyb","LBN","jeggs",0.000960300910914007
"csoyb","LBN","jmilk",0.000960300910914007
"csoyb","LKA","jbeef",0.00073841106895125
"csoyb","LKA","jpork",0.00073841106895125
"csoyb","LKA","jlamb",0.00073841106895125
"csoyb","LKA","jpoul",0.00073841106895125
"csoyb","LKA","jeggs",0.00073841106895125
"csoyb","LKA","jmilk",0.00073841106895125
"csoyb","MDA","jbeef",0.00113732381788894
"csoyb","MDA","jpork",0.00113732381788894
"csoyb","MDA","jlamb",0.00113732381788894
"csoyb","MDA","jpoul",0.00113732381788894
"csoyb","MDA","jeggs",0.00113732381788894
"csoyb","MDA","jmilk",0.00113732381788894
"csoyb","MEX","jbeef",0.0525931303620594
"csoyb","MEX","jpork",0.0525931303620594
"csoyb","MEX","jlamb",0.0525931303620594
"csoyb","MEX","jpoul",0.0525931303620594
"csoyb","MEX","jeggs",0.0525931303620594
"csoyb","MEX","jmilk",0.0525931303620594
"csoyb","NIC","jbeef",0.00107031969837779
"csoyb","NIC","jpork",0.00107031969837779
"csoyb","NIC","jlamb",0.00107031969837779
"csoyb","NIC","jpoul",0.00107031969837779
"csoyb","NIC","jeggs",0.00107031969837779
"csoyb","NIC","jmilk",0.00107031969837779
"csoyb","NLD","jbeef",0.00755275087089898
"csoyb","NLD","jpork",0.00755275087089898
"csoyb","NLD","jlamb",0.00755275087089898
"csoyb","NLD","jpoul",0.00755275087089898
"csoyb","NLD","jeggs",0.00755275087089898
"csoyb","NLD","jmilk",0.00755275087089898
"csoyb","NOR","jbeef",0.0039644183807151
"csoyb","NOR","jpork",0.0039644183807151
"csoyb","NOR","jlamb",0.0039644183807151
"csoyb","NOR","jpoul",0.0039644183807151
"csoyb","NOR","jeggs",0.0039644183807151
"csoyb","NOR","jmilk",0.0039644183807151
"csoyb","OAO","jbeef",0.000255877269042057
"csoyb","OAO","jpork",0.000255877269042057
"csoyb","OAO","jlamb",0.000255877269042057
"csoyb","OAO","jpoul",0.000255877269042057
"csoyb","OAO","jeggs",0.000255877269042057
"csoyb","OAO","jmilk",0.000255877269042057
"csoyb","OBN","jbeef",0.00255764068449875
"csoyb","OBN","jpork",0.00255764068449875
"csoyb","OBN","jlamb",0.00255764068449875
"csoyb","OBN","jpoul",0.00255764068449875
"csoyb","OBN","jeggs",0.00255764068449875
"csoyb","OBN","jmilk",0.00255764068449875
"csoyb","OIO","jbeef",0.000255877269042057
"csoyb","OIO","jpork",0.000255877269042057
"csoyb","OIO","jlamb",0.000255877269042057
"csoyb","OIO","jpoul",0.000255877269042057
"csoyb","OIO","jeggs",0.000255877269042057
"csoyb","OIO","jmilk",0.000255877269042057
"csoyb","OPO","jbeef",0.000255877269042057
"csoyb","OPO","jpork",0.000255877269042057
"csoyb","OPO","jlamb",0.000255877269042057
"csoyb","OPO","jpoul",0.000255877269042057
"csoyb","OPO","jeggs",0.000255877269042057
"csoyb","OPO","jmilk",0.000255877269042057
"csoyb","PAN","jbeef",0.00107031969837779
"csoyb","PAN","jpork",0.00107031969837779
"csoyb","PAN","jlamb",0.00107031969837779
"csoyb","PAN","jpoul",0.00107031969837779
"csoyb","PAN","jeggs",0.00107031969837779
"csoyb","PAN","jmilk",0.00107031969837779
"csoyb","PRT","jbeef",0.0242955777801286
"csoyb","PRT","jpork",0.0242955777801286
"csoyb","PRT","jlamb",0.0242955777801286
"csoyb","PRT","jpoul",0.0242955777801286
"csoyb","PRT","jeggs",0.0242955777801286
"csoyb","PRT","jmilk",0.0242955777801286
"csoyb","PRY","jbeef",0.114299241388671
"csoyb","PRY","jpork",0.114299241388671
"csoyb","PRY","jlamb",0.114299241388671
"csoyb","PRY","jpoul",0.114299241388671
"csoyb","PRY","jeggs",0.114299241388671
"csoyb","PRY","jmilk",0.114299241388671
"csoyb","RAP","jbeef",0.00412448935169927
"csoyb","RAP","jpork",0.00412448935169927
"csoyb","RAP","jlamb",0.00412448935169927
"csoyb","RAP","jpoul",0.00412448935169927
"csoyb","RAP","jeggs",0.00412448935169927
"csoyb","RAP","jmilk",0.00412448935169927
"csoyb","ROU","jbeef",0.00113732381788894
"csoyb","ROU","jpork",0.00113732381788894
"csoyb","ROU","jlamb",0.00113732381788894
"csoyb","ROU","jpoul",0.00113732381788894
"csoyb","ROU","jeggs",0.00113732381788894
"csoyb","ROU","jmilk",0.00113732381788894
"csoyb","RUS","jbeef",0.00200677833853028
"csoyb","RUS","jpork",0.00200677833853028
"csoyb","RUS","jlamb",0.00200677833853028
"csoyb","RUS","jpoul",0.00200677833853028
"csoyb","RUS","jeggs",0.00200677833853028
"csoyb","RUS","jmilk",0.00200677833853028
"csoyb","SAU","jbeef",0.00412448935169927
"csoyb","SAU","jpork",0.00412448935169927
"csoyb","SAU","jlamb",0.00412448935169927
"csoyb","SAU","jpoul",0.00412448935169927
"csoyb","SAU","jeggs",0.00412448935169927
"csoyb","SAU","jmilk",0.00412448935169927
"csoyb","SDN","jbeef",1.82199935107864E-5
"csoyb","SDN","jpork",1.82199935107864E-5
"csoyb","SDN","jlamb",1.82199935107864E-5
"csoyb","SDN","jpoul",1.82199935107864E-5
"csoyb","SDN","jeggs",1.82199935107864E-5
"csoyb","SDN","jmilk",1.82199935107864E-5
"csoyb","SLB","jbeef",0.000255877269042057
"csoyb","SLB","jpork",0.000255877269042057
"csoyb","SLB","jlamb",0.000255877269042057
"csoyb","SLB","jpoul",0.000255877269042057
"csoyb","SLB","jeggs",0.000255877269042057
"csoyb","SLB","jmilk",0.000255877269042057
"csoyb","SLV","jbeef",0.00107031969837779
"csoyb","SLV","jpork",0.00107031969837779
"csoyb","SLV","jlamb",0.00107031969837779
"csoyb","SLV","jpoul",0.00107031969837779
"csoyb","SLV","jeggs",0.00107031969837779
"csoyb","SLV","jmilk",0.00107031969837779
"csoyb","SPP","jbeef",0.0242955777801286
"csoyb","SPP","jpork",0.0242955777801286
"csoyb","SPP","jlamb",0.0242955777801286
"csoyb","SPP","jpoul",0.0242955777801286
"csoyb","SPP","jeggs",0.0242955777801286
"csoyb","SPP","jmilk",0.0242955777801286
"csoyb","SVK","jbeef",0.00113732381788894
"csoyb","SVK","jpork",0.00113732381788894
"csoyb","SVK","jlamb",0.00113732381788894
"csoyb","SVK","jpoul",0.00113732381788894
"csoyb","SVK","jeggs",0.00113732381788894
"csoyb","SVK","jmilk",0.00113732381788894
"csoyb","SVN","jbeef",0.00255764068449875
"csoyb","SVN","jpork",0.00255764068449875
"csoyb","SVN","jlamb",0.00255764068449875
"csoyb","SVN","jpoul",0.00255764068449875
"csoyb","SVN","jeggs",0.00255764068449875
"csoyb","SVN","jmilk",0.00255764068449875
"csoyb","SWE","jbeef",0.0039644183807151
"csoyb","SWE","jpork",0.0039644183807151
"csoyb","SWE","jlamb",0.0039644183807151
"csoyb","SWE","jpoul",0.0039644183807151
"csoyb","SWE","jeggs",0.0039644183807151
"csoyb","SWE","jmilk",0.0039644183807151
"csoyb","TJK","jbeef",4.84537317144302E-5
"csoyb","TJK","jpork",4.84537317144302E-5
"csoyb","TJK","jlamb",4.84537317144302E-5
"csoyb","TJK","jpoul",4.84537317144302E-5
"csoyb","TJK","jeggs",4.84537317144302E-5
"csoyb","TJK","jmilk",4.84537317144302E-5
"csoyb","UKP","jbeef",0.00215961495968673
"csoyb","UKP","jpork",0.00215961495968673
"csoyb","UKP","jlamb",0.00215961495968673
"csoyb","UKP","jpoul",0.00215961495968673
"csoyb","UKP","jeggs",0.00215961495968673
"csoyb","UKP","jmilk",0.00215961495968673
"csoyb","UKR","jbeef",0.000677734663920529
"csoyb","UKR","jpork",0.000677734663920529
"csoyb","UKR","jlamb",0.000677734663920529
"csoyb","UKR","jpoul",0.000677734663920529
"csoyb","UKR","jeggs",0.000677734663920529
"csoyb","UKR","jmilk",0.000677734663920529
"csoyb","USA","jbeef",0.000653707344885195
"csoyb","USA","jpork",0.000653707344885195
"csoyb","USA","jlamb",0.000653707344885195
"csoyb","USA","jpoul",0.000653707344885195
"csoyb","USA","jeggs",0.000653707344885195
"csoyb","USA","jmilk",0.000653707344885195
"csoyb","UZB","jbeef",0.00120833962798879
"csoyb","UZB","jpork",0.00120833962798879
"csoyb","UZB","jlamb",0.00120833962798879
"csoyb","UZB","jpoul",0.00120833962798879
"csoyb","UZB","jeggs",0.00120833962798879
"csoyb","UZB","jmilk",0.00120833962798879
"csoyb","VUT","jbeef",0.000255877269042057
"csoyb","VUT","jpork",0.000255877269042057
"csoyb","VUT","jlamb",0.000255877269042057
"csoyb","VUT","jpoul",0.000255877269042057
"csoyb","VUT","jeggs",0.000255877269042057
"csoyb","VUT","jmilk",0.000255877269042057
"csoyb","YEM","jbeef",0.00412448935169927
"csoyb","YEM","jpork",0.00412448935169927
"csoyb","YEM","jlamb",0.00412448935169927
"csoyb","YEM","jpoul",0.00412448935169927
"csoyb","YEM","jeggs",0.00412448935169927
"csoyb","YEM","jmilk",0.00412448935169927
"csoyb","ZAF","jbeef",0.000919917557290128
"csoyb","ZAF","jpork",0.000919917557290128
"csoyb","ZAF","jlamb",0.000919917557290128
"csoyb","ZAF","jpoul",0.000919917557290128
"csoyb","ZAF","jeggs",0.000919917557290128
"csoyb","ZAF","jmilk",0.000919917557290128
"csbml","ALB","jbeef",0.0943398772978229
"csbml","ALB","jpork",0.0943398772978229
"csbml","ALB","jlamb",0.0943398772978229
"csbml","ALB","jpoul",0.0943398772978229
"csbml","ALB","jeggs",0.0943398772978229
"csbml","ALB","jmilk",0.0943398772978229
"csbml","ARG","jbeef",0.0406938460439574
"csbml","ARG","jpork",0.0406938460439574
"csbml","ARG","jlamb",0.0406938460439574
"csbml","ARG","jpoul",0.0406938460439574
"csbml","ARG","jeggs",0.0406938460439574
"csbml","ARG","jmilk",0.0406938460439574
"csbml","ARM","jbeef",0.000249088601644118
"csbml","ARM","jpork",0.000249088601644118
"csbml","ARM","jlamb",0.000249088601644118
"csbml","ARM","jpoul",0.000249088601644118
"csbml","ARM","jeggs",0.000249088601644118
"csbml","ARM","jmilk",0.000249088601644118
"csbml","AUS","jbeef",0.00872293472547934
"csbml","AUS","jpork",0.00872293472547934
"csbml","AUS","jlamb",0.00872293472547934
"csbml","AUS","jpoul",0.00872293472547934
"csbml","AUS","jeggs",0.00872293472547934
"csbml","AUS","jmilk",0.00872293472547934
"csbml","AUT","jbeef",0.078249463708329
"csbml","AUT","jpork",0.078249463708329
"csbml","AUT","jlamb",0.078249463708329
"csbml","AUT","jpoul",0.078249463708329
"csbml","AUT","jeggs",0.078249463708329
"csbml","AUT","jmilk",0.078249463708329
"csbml","AZE","jbeef",0.000249088601644118
"csbml","AZE","jpork",0.000249088601644118
"csbml","AZE","jlamb",0.000249088601644118
"csbml","AZE","jpoul",0.000249088601644118
"csbml","AZE","jeggs",0.000249088601644118
"csbml","AZE","jmilk",0.000249088601644118
"csbml","BEN","jbeef",0.0427685743953356
"csbml","BEN","jpork",0.0427685743953356
"csbml","BEN","jlamb",0.0427685743953356
"csbml","BEN","jpoul",0.0427685743953356
"csbml","BEN","jeggs",0.0427685743953356
"csbml","BEN","jmilk",0.0427685743953356
"csbml","BGD","jbeef",0.0207346165784641
"csbml","BGD","jpork",0.0207346165784641
"csbml","BGD","jlamb",0.0207346165784641
"csbml","BGD","jpoul",0.0207346165784641
"csbml","BGD","jeggs",0.0207346165784641
"csbml","BGD","jmilk",0.0207346165784641
"csbml","BGR","jbeef",0.0911493997417772
"csbml","BGR","jpork",0.0911493997417772
"csbml","BGR","jlamb",0.0911493997417772
"csbml","BGR","jpoul",0.0911493997417772
"csbml","BGR","jeggs",0.0911493997417772
"csbml","BGR","jmilk",0.0911493997417772
"csbml","BLR","jbeef",0.0166212681048204
"csbml","BLR","jpork",0.0166212681048204
"csbml","BLR","jlamb",0.0166212681048204
"csbml","BLR","jpoul",0.0166212681048204
"csbml","BLR","jeggs",0.0166212681048204
"csbml","BLR","jmilk",0.0166212681048204
"csbml","BLT","jbeef",0.0166212681048204
"csbml","BLT","jpork",0.0166212681048204
"csbml","BLT","jlamb",0.0166212681048204
"csbml","BLT","jpoul",0.0166212681048204
"csbml","BLT","jeggs",0.0166212681048204
"csbml","BLT","jmilk",0.0166212681048204
"csbml","BLX","jbeef",0.201098928354818
"csbml","BLX","jpork",0.201098928354818
"csbml","BLX","jlamb",0.201098928354818
"csbml","BLX","jpoul",0.201098928354818
"csbml","BLX","jeggs",0.201098928354818
"csbml","BLX","jmilk",0.201098928354818
"csbml","BLZ","jbeef",0.215864767858361
"csbml","BLZ","jpork",0.215864767858361
"csbml","BLZ","jlamb",0.215864767858361
"csbml","BLZ","jpoul",0.215864767858361
"csbml","BLZ","jeggs",0.215864767858361
"csbml","BLZ","jmilk",0.215864767858361
"csbml","BOL","jbeef",0.166725526105823
"csbml","BOL","jpork",0.166725526105823
"csbml","BOL","jlamb",0.166725526105823
"csbml","BOL","jpoul",0.166725526105823
"csbml","BOL","jeggs",0.166725526105823
"csbml","BOL","jmilk",0.166725526105823
"csbml","BRA","jbeef",0.18707070834951
"csbml","BRA","jpork",0.18707070834951
"csbml","BRA","jlamb",0.18707070834951
"csbml","BRA","jpoul",0.18707070834951
"csbml","BRA","jeggs",0.18707070834951
"csbml","BRA","jmilk",0.18707070834951
"csbml","BWA","jbeef",0.0117438226229758
"csbml","BWA","jpork",0.0117438226229758
"csbml","BWA","jlamb",0.0117438226229758
"csbml","BWA","jpoul",0.0117438226229758
"csbml","BWA","jeggs",0.0117438226229758
"csbml","BWA","jmilk",0.0117438226229758
"csbml","CAN","jbeef",0.170433374933345
"csbml","CAN","jpork",0.170433374933345
"csbml","CAN","jlamb",0.170433374933345
"csbml","CAN","jpoul",0.170433374933345
"csbml","CAN","jeggs",0.170433374933345
"csbml","CAN","jmilk",0.170433374933345
"csbml","CHL","jbeef",0.14356506823917
"csbml","CHL","jpork",0.14356506823917
"csbml","CHL","jlamb",0.14356506823917
"csbml","CHL","jpoul",0.14356506823917
"csbml","CHL","jeggs",0.14356506823917
"csbml","CHL","jmilk",0.14356506823917
"csbml","CHM","jbeef",0.146931321712011
"csbml","CHM","jpork",0.146931321712011
"csbml","CHM","jlamb",0.146931321712011
"csbml","CHM","jpoul",0.146931321712011
"csbml","CHM","jeggs",0.146931321712011
"csbml","CHM","jmilk",0.146931321712011
"csbml","CHP","jbeef",0.078249463708329
"csbml","CHP","jpork",0.078249463708329
"csbml","CHP","jlamb",0.078249463708329
"csbml","CHP","jpoul",0.078249463708329
"csbml","CHP","jeggs",0.078249463708329
"csbml","CHP","jmilk",0.078249463708329
"csbml","CIV","jbeef",0.00261656810926788
"csbml","CIV","jpork",0.00261656810926788
"csbml","CIV","jlamb",0.00261656810926788
"csbml","CIV","jpoul",0.00261656810926788
"csbml","CIV","jeggs",0.00261656810926788
"csbml","CIV","jmilk",0.00261656810926788
"csbml","CMR","jbeef",0.0228221939181952
"csbml","CMR","jpork",0.0228221939181952
"csbml","CMR","jlamb",0.0228221939181952
"csbml","CMR","jpoul",0.0228221939181952
"csbml","CMR","jeggs",0.0228221939181952
"csbml","CMR","jmilk",0.0228221939181952
"csbml","COD","jbeef",0.0156836057430939
"csbml","COD","jpork",0.0156836057430939
"csbml","COD","jlamb",0.0156836057430939
"csbml","COD","jpoul",0.0156836057430939
"csbml","COD","jeggs",0.0156836057430939
"csbml","COD","jmilk",0.0156836057430939
"csbml","COG","jbeef",0.0716873908396548
"csbml","COG","jpork",0.0716873908396548
"csbml","COG","jlamb",0.0716873908396548
"csbml","COG","jpoul",0.0716873908396548
"csbml","COG","jeggs",0.0716873908396548
"csbml","COG","jmilk",0.0716873908396548
"csbml","COL","jbeef",0.0787875907599339
"csbml","COL","jpork",0.0787875907599339
"csbml","COL","jlamb",0.0787875907599339
"csbml","COL","jpoul",0.0787875907599339
"csbml","COL","jeggs",0.0787875907599339
"csbml","COL","jmilk",0.0787875907599339
"csbml","CRB","jbeef",0.111381793584825
"csbml","CRB","jpork",0.111381793584825
"csbml","CRB","jlamb",0.111381793584825
"csbml","CRB","jpoul",0.111381793584825
"csbml","CRB","jeggs",0.111381793584825
"csbml","CRB","jmilk",0.111381793584825
"csbml","CRI","jbeef",0.215864767858361
"csbml","CRI","jpork",0.215864767858361
"csbml","CRI","jlamb",0.215864767858361
"csbml","CRI","jpoul",0.215864767858361
"csbml","CRI","jeggs",0.215864767858361
"csbml","CRI","jmilk",0.215864767858361
"csbml","CUB","jbeef",0.215864767858361
"csbml","CUB","jpork",0.215864767858361
"csbml","CUB","jlamb",0.215864767858361
"csbml","CUB","jpoul",0.215864767858361
"csbml","CUB","jeggs",0.215864767858361
"csbml","CUB","jmilk",0.215864767858361
"csbml","CYP","jbeef",0.323234373734718
"csbml","CYP","jpork",0.323234373734718
"csbml","CYP","jlamb",0.323234373734718
"csbml","CYP","jpoul",0.323234373734718
"csbml","CYP","jeggs",0.323234373734718
"csbml","CYP","jmilk",0.323234373734718
"csbml","CZE","jbeef",0.0911493997417772
"csbml","CZE","jpork",0.0911493997417772
"csbml","CZE","jlamb",0.0911493997417772
"csbml","CZE","jpoul",0.0911493997417772
"csbml","CZE","jeggs",0.0911493997417772
"csbml","CZE","jmilk",0.0911493997417772
"csbml","DEU","jbeef",0.107241689023027
"csbml","DEU","jpork",0.107241689023027
"csbml","DEU","jlamb",0.107241689023027
"csbml","DEU","jpoul",0.107241689023027
"csbml","DEU","jeggs",0.107241689023027
"csbml","DEU","jmilk",0.107241689023027
"csbml","DNK","jbeef",0.143346489845035
"csbml","DNK","jpork",0.143346489845035
"csbml","DNK","jlamb",0.143346489845035
"csbml","DNK","jpoul",0.143346489845035
"csbml","DNK","jeggs",0.143346489845035
"csbml","DNK","jmilk",0.143346489845035
"csbml","DOM","jbeef",0.215864767858361
"csbml","DOM","jpork",0.215864767858361
"csbml","DOM","jlamb",0.215864767858361
"csbml","DOM","jpoul",0.215864767858361
"csbml","DOM","jeggs",0.215864767858361
"csbml","DOM","jmilk",0.215864767858361
"csbml","DZA","jbeef",0.173538089615001
"csbml","DZA","jpork",0.173538089615001
"csbml","DZA","jlamb",0.173538089615001
"csbml","DZA","jpoul",0.173538089615001
"csbml","DZA","jeggs",0.173538089615001
"csbml","DZA","jmilk",0.173538089615001
"csbml","ECU","jbeef",0.0721269343333453
"csbml","ECU","jpork",0.0721269343333453
"csbml","ECU","jlamb",0.0721269343333453
"csbml","ECU","jpoul",0.0721269343333453
"csbml","ECU","jeggs",0.0721269343333453
"csbml","ECU","jmilk",0.0721269343333453
"csbml","EGY","jbeef",0.204217694499479
"csbml","EGY","jpork",0.204217694499479
"csbml","EGY","jlamb",0.204217694499479
"csbml","EGY","jpoul",0.204217694499479
"csbml","EGY","jeggs",0.204217694499479
"csbml","EGY","jmilk",0.204217694499479
"csbml","FJI","jbeef",0.111381793584825
"csbml","FJI","jpork",0.111381793584825
"csbml","FJI","jlamb",0.111381793584825
"csbml","FJI","jpoul",0.111381793584825
"csbml","FJI","jeggs",0.111381793584825
"csbml","FJI","jmilk",0.111381793584825
"csbml","FNP","jbeef",0.143346489845035
"csbml","FNP","jpork",0.143346489845035
"csbml","FNP","jlamb",0.143346489845035
"csbml","FNP","jpoul",0.143346489845035
"csbml","FNP","jeggs",0.143346489845035
"csbml","FNP","jmilk",0.143346489845035
"csbml","FRP","jbeef",0.137582113460974
"csbml","FRP","jpork",0.137582113460974
"csbml","FRP","jlamb",0.137582113460974
"csbml","FRP","jpoul",0.137582113460974
"csbml","FRP","jeggs",0.137582113460974
"csbml","FRP","jmilk",0.137582113460974
"csbml","GAB","jbeef",0.225631140738361
"csbml","GAB","jpork",0.225631140738361
"csbml","GAB","jlamb",0.225631140738361
"csbml","GAB","jpoul",0.225631140738361
"csbml","GAB","jeggs",0.225631140738361
"csbml","GAB","jmilk",0.225631140738361
"csbml","GEO","jbeef",0.000249088601644118
"csbml","GEO","jpork",0.000249088601644118
"csbml","GEO","jlamb",0.000249088601644118
"csbml","GEO","jpoul",0.000249088601644118
"csbml","GEO","jeggs",0.000249088601644118
"csbml","GEO","jmilk",0.000249088601644118
"csbml","GHA","jbeef",0.0090404399189623
"csbml","GHA","jpork",0.0090404399189623
"csbml","GHA","jlamb",0.0090404399189623
"csbml","GHA","jpoul",0.0090404399189623
"csbml","GHA","jeggs",0.0090404399189623
"csbml","GHA","jmilk",0.0090404399189623
"csbml","GIN","jbeef",0.000443687088461942
"csbml","GIN","jpork",0.000443687088461942
"csbml","GIN","jlamb",0.000443687088461942
"csbml","GIN","jpoul",0.000443687088461942
"csbml","GIN","jeggs",0.000443687088461942
"csbml","GIN","jmilk",0.000443687088461942
"csbml","GRC","jbeef",0.0943398772978229
"csbml","GRC","jpork",0.0943398772978229
"csbml","GRC","jlamb",0.0943398772978229
"csbml","GRC","jpoul",0.0943398772978229
"csbml","GRC","jeggs",0.0943398772978229
"csbml","GRC","jmilk",0.0943398772978229
"csbml","GSA","jbeef",0.23794245202371
"csbml","GSA","jpork",0.23794245202371
"csbml","GSA","jlamb",0.23794245202371
"csbml","GSA","jpoul",0.23794245202371
"csbml","GSA","jeggs",0.23794245202371
"csbml","GSA","jmilk",0.23794245202371
"csbml","GTM","jbeef",0.215864767858361
"csbml","GTM","jpork",0.215864767858361
"csbml","GTM","jlamb",0.215864767858361
"csbml","GTM","jpoul",0.215864767858361
"csbml","GTM","jeggs",0.215864767858361
"csbml","GTM","jmilk",0.215864767858361
"csbml","HND","jbeef",0.215864767858361
"csbml","HND","jpork",0.215864767858361
"csbml","HND","jlamb",0.215864767858361
"csbml","HND","jpoul",0.215864767858361
"csbml","HND","jeggs",0.215864767858361
"csbml","HND","jmilk",0.215864767858361
"csbml","HRV","jbeef",0.0943398772978229
"csbml","HRV","jpork",0.0943398772978229
"csbml","HRV","jlamb",0.0943398772978229
"csbml","HRV","jpoul",0.0943398772978229
"csbml","HRV","jeggs",0.0943398772978229
"csbml","HRV","jmilk",0.0943398772978229
"csbml","HTI","jbeef",0.215864767858361
"csbml","HTI","jpork",0.215864767858361
"csbml","HTI","jlamb",0.215864767858361
"csbml","HTI","jpoul",0.215864767858361
"csbml","HTI","jeggs",0.215864767858361
"csbml","HTI","jmilk",0.215864767858361
"csbml","HUN","jbeef",0.0911493997417772
"csbml","HUN","jpork",0.0911493997417772
"csbml","HUN","jlamb",0.0911493997417772
"csbml","HUN","jpoul",0.0911493997417772
"csbml","HUN","jeggs",0.0911493997417772
"csbml","HUN","jmilk",0.0911493997417772
"csbml","IDN","jbeef",0.389930418290097
"csbml","IDN","jpork",0.389930418290097
"csbml","IDN","jlamb",0.389930418290097
"csbml","IDN","jpoul",0.389930418290097
"csbml","IDN","jeggs",0.389930418290097
"csbml","IDN","jmilk",0.389930418290097
"csbml","IND","jbeef",0.0200890090623225
"csbml","IND","jpork",0.0200890090623225
"csbml","IND","jlamb",0.0200890090623225
"csbml","IND","jpoul",0.0200890090623225
"csbml","IND","jeggs",0.0200890090623225
"csbml","IND","jmilk",0.0200890090623225
"csbml","IRL","jbeef",0.0915728205664957
"csbml","IRL","jpork",0.0915728205664957
"csbml","IRL","jlamb",0.0915728205664957
"csbml","IRL","jpoul",0.0915728205664957
"csbml","IRL","jeggs",0.0915728205664957
"csbml","IRL","jmilk",0.0915728205664957
"csbml","IRN","jbeef",0.122127061306094
"csbml","IRN","jpork",0.122127061306094
"csbml","IRN","jlamb",0.122127061306094
"csbml","IRN","jpoul",0.122127061306094
"csbml","IRN","jeggs",0.122127061306094
"csbml","IRN","jmilk",0.122127061306094
"csbml","ISL","jbeef",0.143346489845035
"csbml","ISL","jpork",0.143346489845035
"csbml","ISL","jlamb",0.143346489845035
"csbml","ISL","jpoul",0.143346489845035
"csbml","ISL","jeggs",0.143346489845035
"csbml","ISL","jmilk",0.143346489845035
"csbml","ISR","jbeef",0.308037505790996
"csbml","ISR","jpork",0.308037505790996
"csbml","ISR","jlamb",0.308037505790996
"csbml","ISR","jpoul",0.308037505790996
"csbml","ISR","jeggs",0.308037505790996
"csbml","ISR","jmilk",0.308037505790996
"csbml","ITP","jbeef",0.207358322817752
"csbml","ITP","jpork",0.207358322817752
"csbml","ITP","jlamb",0.207358322817752
"csbml","ITP","jpoul",0.207358322817752
"csbml","ITP","jeggs",0.207358322817752
"csbml","ITP","jmilk",0.207358322817752
"csbml","JAM","jbeef",0.111381793584825
"csbml","JAM","jpork",0.111381793584825
"csbml","JAM","jlamb",0.111381793584825
"csbml","JAM","jpoul",0.111381793584825
"csbml","JAM","jeggs",0.111381793584825
"csbml","JAM","jmilk",0.111381793584825
"csbml","JOR","jbeef",0.475854441140509
"csbml","JOR","jpork",0.475854441140509
"csbml","JOR","jlamb",0.475854441140509
"csbml","JOR","jpoul",0.475854441140509
"csbml","JOR","jeggs",0.475854441140509
"csbml","JOR","jmilk",0.475854441140509
"csbml","JPN","jbeef",0.266276807736876
"csbml","JPN","jpork",0.266276807736876
"csbml","JPN","jlamb",0.266276807736876
"csbml","JPN","jpoul",0.266276807736876
"csbml","JPN","jeggs",0.266276807736876
"csbml","JPN","jmilk",0.266276807736876
"csbml","KAZ","jbeef",0.00105731581209988
"csbml","KAZ","jpork",0.00105731581209988
"csbml","KAZ","jlamb",0.00105731581209988
"csbml","KAZ","jpoul",0.00105731581209988
"csbml","KAZ","jeggs",0.00105731581209988
"csbml","KAZ","jmilk",0.00105731581209988
"csbml","KEN","jbeef",0.00171216895556014
"csbml","KEN","jpork",0.00171216895556014
"csbml","KEN","jlamb",0.00171216895556014
"csbml","KEN","jpoul",0.00171216895556014
"csbml","KEN","jeggs",0.00171216895556014
"csbml","KEN","jmilk",0.00171216895556014
"csbml","KHM","jbeef",0.0770311133173716
"csbml","KHM","jpork",0.0770311133173716
"csbml","KHM","jlamb",0.0770311133173716
"csbml","KHM","jpoul",0.0770311133173716
"csbml","KHM","jeggs",0.0770311133173716
"csbml","KHM","jmilk",0.0770311133173716
"csbml","KOR","jbeef",0.482322765740021
"csbml","KOR","jpork",0.482322765740021
"csbml","KOR","jlamb",0.482322765740021
"csbml","KOR","jpoul",0.482322765740021
"csbml","KOR","jeggs",0.482322765740021
"csbml","KOR","jmilk",0.482322765740021
"csbml","LAO","jbeef",0.0770311133173716
"csbml","LAO","jpork",0.0770311133173716
"csbml","LAO","jlamb",0.0770311133173716
"csbml","LAO","jpoul",0.0770311133173716
"csbml","LAO","jeggs",0.0770311133173716
"csbml","LAO","jmilk",0.0770311133173716
"csbml","LBN","jbeef",0.233251686970172
"csbml","LBN","jpork",0.233251686970172
"csbml","LBN","jlamb",0.233251686970172
"csbml","LBN","jpoul",0.233251686970172
"csbml","LBN","jeggs",0.233251686970172
"csbml","LBN","jmilk",0.233251686970172
"csbml","LBY","jbeef",0.217647240615947
"csbml","LBY","jpork",0.217647240615947
"csbml","LBY","jlamb",0.217647240615947
"csbml","LBY","jpoul",0.217647240615947
"csbml","LBY","jeggs",0.217647240615947
"csbml","LBY","jmilk",0.217647240615947
"csbml","LKA","jbeef",0.155988786164105
"csbml","LKA","jpork",0.155988786164105
"csbml","LKA","jlamb",0.155988786164105
"csbml","LKA","jpoul",0.155988786164105
"csbml","LKA","jeggs",0.155988786164105
"csbml","LKA","jmilk",0.155988786164105
"csbml","MDA","jbeef",0.0911493997417772
"csbml","MDA","jpork",0.0911493997417772
"csbml","MDA","jlamb",0.0911493997417772
"csbml","MDA","jpoul",0.0911493997417772
"csbml","MDA","jeggs",0.0911493997417772
"csbml","MDA","jmilk",0.0911493997417772
"csbml","MDG","jbeef",0.000675039864324143
"csbml","MDG","jpork",0.000675039864324143
"csbml","MDG","jlamb",0.000675039864324143
"csbml","MDG","jpoul",0.000675039864324143
"csbml","MDG","jeggs",0.000675039864324143
"csbml","MDG","jmilk",0.000675039864324143
"csbml","MEX","jbeef",0.139633475271092
"csbml","MEX","jpork",0.139633475271092
"csbml","MEX","jlamb",0.139633475271092
"csbml","MEX","jpoul",0.139633475271092
"csbml","MEX","jeggs",0.139633475271092
"csbml","MEX","jmilk",0.139633475271092
"csbml","MOR","jbeef",0.116037125784566
"csbml","MOR","jpork",0.116037125784566
"csbml","MOR","jlamb",0.116037125784566
"csbml","MOR","jpoul",0.116037125784566
"csbml","MOR","jeggs",0.116037125784566
"csbml","MOR","jmilk",0.116037125784566
"csbml","MOZ","jbeef",0.0104346616271116
"csbml","MOZ","jpork",0.0104346616271116
"csbml","MOZ","jlamb",0.0104346616271116
"csbml","MOZ","jpoul",0.0104346616271116
"csbml","MOZ","jeggs",0.0104346616271116
"csbml","MOZ","jmilk",0.0104346616271116
"csbml","MWI","jbeef",0.00436245420917072
"csbml","MWI","jpork",0.00436245420917072
"csbml","MWI","jlamb",0.00436245420917072
"csbml","MWI","jpoul",0.00436245420917072
"csbml","MWI","jeggs",0.00436245420917072
"csbml","MWI","jmilk",0.00436245420917072
"csbml","MYS","jbeef",0.71333753808775
"csbml","MYS","jpork",0.71333753808775
"csbml","MYS","jlamb",0.71333753808775
"csbml","MYS","jpoul",0.71333753808775
"csbml","MYS","jeggs",0.71333753808775
"csbml","MYS","jmilk",0.71333753808775
"csbml","NAM","jbeef",0.000730571813743961
"csbml","NAM","jpork",0.000730571813743961
"csbml","NAM","jlamb",0.000730571813743961
"csbml","NAM","jpoul",0.000730571813743961
"csbml","NAM","jeggs",0.000730571813743961
"csbml","NAM","jmilk",0.000730571813743961
"csbml","NGA","jbeef",0.0142787528812178
"csbml","NGA","jpork",0.0142787528812178
"csbml","NGA","jlamb",0.0142787528812178
"csbml","NGA","jpoul",0.0142787528812178
"csbml","NGA","jeggs",0.0142787528812178
"csbml","NGA","jmilk",0.0142787528812178
"csbml","NIC","jbeef",0.215864767858361
"csbml","NIC","jpork",0.215864767858361
"csbml","NIC","jlamb",0.215864767858361
"csbml","NIC","jpoul",0.215864767858361
"csbml","NIC","jeggs",0.215864767858361
"csbml","NIC","jmilk",0.215864767858361
"csbml","NLD","jbeef",0.17705005061929
"csbml","NLD","jpork",0.17705005061929
"csbml","NLD","jlamb",0.17705005061929
"csbml","NLD","jpoul",0.17705005061929
"csbml","NLD","jeggs",0.17705005061929
"csbml","NLD","jmilk",0.17705005061929
"csbml","NOR","jbeef",0.143346489845035
"csbml","NOR","jpork",0.143346489845035
"csbml","NOR","jlamb",0.143346489845035
"csbml","NOR","jpoul",0.143346489845035
"csbml","NOR","jeggs",0.143346489845035
"csbml","NOR","jmilk",0.143346489845035
"csbml","NPL","jbeef",0.0128099326332737
"csbml","NPL","jpork",0.0128099326332737
"csbml","NPL","jlamb",0.0128099326332737
"csbml","NPL","jpoul",0.0128099326332737
"csbml","NPL","jeggs",0.0128099326332737
"csbml","NPL","jmilk",0.0128099326332737
"csbml","NZL","jbeef",0.00386088875754128
"csbml","NZL","jpork",0.00386088875754128
"csbml","NZL","jlamb",0.00386088875754128
"csbml","NZL","jpoul",0.00386088875754128
"csbml","NZL","jeggs",0.00386088875754128
"csbml","NZL","jmilk",0.00386088875754128
"csbml","OAO","jbeef",0.111381793584825
"csbml","OAO","jpork",0.111381793584825
"csbml","OAO","jlamb",0.111381793584825
"csbml","OAO","jpoul",0.111381793584825
"csbml","OAO","jeggs",0.111381793584825
"csbml","OAO","jmilk",0.111381793584825
"csbml","OBN","jbeef",0.0943398772978229
"csbml","OBN","jpork",0.0943398772978229
"csbml","OBN","jlamb",0.0943398772978229
"csbml","OBN","jpoul",0.0943398772978229
"csbml","OBN","jeggs",0.0943398772978229
"csbml","OBN","jmilk",0.0943398772978229
"csbml","OIO","jbeef",0.111381793584825
"csbml","OIO","jpork",0.111381793584825
"csbml","OIO","jlamb",0.111381793584825
"csbml","OIO","jpoul",0.111381793584825
"csbml","OIO","jeggs",0.111381793584825
"csbml","OIO","jmilk",0.111381793584825
"csbml","OPO","jbeef",0.111381793584825
"csbml","OPO","jpork",0.111381793584825
"csbml","OPO","jlamb",0.111381793584825
"csbml","OPO","jpoul",0.111381793584825
"csbml","OPO","jeggs",0.111381793584825
"csbml","OPO","jmilk",0.111381793584825
"csbml","PAK","jbeef",0.00567726339890401
"csbml","PAK","jpork",0.00567726339890401
"csbml","PAK","jlamb",0.00567726339890401
"csbml","PAK","jpoul",0.00567726339890401
"csbml","PAK","jeggs",0.00567726339890401
"csbml","PAK","jmilk",0.00567726339890401
"csbml","PAN","jbeef",0.215864767858361
"csbml","PAN","jpork",0.215864767858361
"csbml","PAN","jlamb",0.215864767858361
"csbml","PAN","jpoul",0.215864767858361
"csbml","PAN","jeggs",0.215864767858361
"csbml","PAN","jmilk",0.215864767858361
"csbml","PER","jbeef",0.211923507412241
"csbml","PER","jpork",0.211923507412241
"csbml","PER","jlamb",0.211923507412241
"csbml","PER","jpoul",0.211923507412241
"csbml","PER","jeggs",0.211923507412241
"csbml","PER","jmilk",0.211923507412241
"csbml","PHL","jbeef",0.452854402864681
"csbml","PHL","jpork",0.452854402864681
"csbml","PHL","jlamb",0.452854402864681
"csbml","PHL","jpoul",0.452854402864681
"csbml","PHL","jeggs",0.452854402864681
"csbml","PHL","jmilk",0.452854402864681
"csbml","POL","jbeef",0.0675174210212642
"csbml","POL","jpork",0.0675174210212642
"csbml","POL","jlamb",0.0675174210212642
"csbml","POL","jpoul",0.0675174210212642
"csbml","POL","jeggs",0.0675174210212642
"csbml","POL","jmilk",0.0675174210212642
"csbml","PRK","jbeef",0.46279193434074
"csbml","PRK","jpork",0.46279193434074
"csbml","PRK","jlamb",0.46279193434074
"csbml","PRK","jpoul",0.46279193434074
"csbml","PRK","jeggs",0.46279193434074
"csbml","PRK","jmilk",0.46279193434074
"csbml","PRT","jbeef",0.336335310759749
"csbml","PRT","jpork",0.336335310759749
"csbml","PRT","jlamb",0.336335310759749
"csbml","PRT","jpoul",0.336335310759749
"csbml","PRT","jeggs",0.336335310759749
"csbml","PRT","jmilk",0.336335310759749
"csbml","PRY","jbeef",0.166725526105823
"csbml","PRY","jpork",0.166725526105823
"csbml","PRY","jlamb",0.166725526105823
"csbml","PRY","jpoul",0.166725526105823
"csbml","PRY","jeggs",0.166725526105823
"csbml","PRY","jmilk",0.166725526105823
"csbml","RAP","jbeef",0.253780895629526
"csbml","RAP","jpork",0.253780895629526
"csbml","RAP","jlamb",0.253780895629526
"csbml","RAP","jpoul",0.253780895629526
"csbml","RAP","jeggs",0.253780895629526
"csbml","RAP","jmilk",0.253780895629526
"csbml","ROU","jbeef",0.0911493997417772
"csbml","ROU","jpork",0.0911493997417772
"csbml","ROU","jlamb",0.0911493997417772
"csbml","ROU","jpoul",0.0911493997417772
"csbml","ROU","jeggs",0.0911493997417772
"csbml","ROU","jmilk",0.0911493997417772
"csbml","RUS","jbeef",0.0118709798164785
"csbml","RUS","jpork",0.0118709798164785
"csbml","RUS","jlamb",0.0118709798164785
"csbml","RUS","jpoul",0.0118709798164785
"csbml","RUS","jeggs",0.0118709798164785
"csbml","RUS","jmilk",0.0118709798164785
"csbml","SAU","jbeef",0.253780895629526
"csbml","SAU","jpork",0.253780895629526
"csbml","SAU","jlamb",0.253780895629526
"csbml","SAU","jpoul",0.253780895629526
"csbml","SAU","jeggs",0.253780895629526
"csbml","SAU","jmilk",0.253780895629526
"csbml","SLB","jbeef",0.111381793584825
"csbml","SLB","jpork",0.111381793584825
"csbml","SLB","jlamb",0.111381793584825
"csbml","SLB","jpoul",0.111381793584825
"csbml","SLB","jeggs",0.111381793584825
"csbml","SLB","jmilk",0.111381793584825
"csbml","SLV","jbeef",0.215864767858361
"csbml","SLV","jpork",0.215864767858361
"csbml","SLV","jlamb",0.215864767858361
"csbml","SLV","jpoul",0.215864767858361
"csbml","SLV","jeggs",0.215864767858361
"csbml","SLV","jmilk",0.215864767858361
"csbml","SPP","jbeef",0.336335310759749
"csbml","SPP","jpork",0.336335310759749
"csbml","SPP","jlamb",0.336335310759749
"csbml","SPP","jpoul",0.336335310759749
"csbml","SPP","jeggs",0.336335310759749
"csbml","SPP","jmilk",0.336335310759749
"csbml","SVK","jbeef",0.0911493997417772
"csbml","SVK","jpork",0.0911493997417772
"csbml","SVK","jlamb",0.0911493997417772
"csbml","SVK","jpoul",0.0911493997417772
"csbml","SVK","jeggs",0.0911493997417772
"csbml","SVK","jmilk",0.0911493997417772
"csbml","SVN","jbeef",0.0943398772978229
"csbml","SVN","jpork",0.0943398772978229
"csbml","SVN","jlamb",0.0943398772978229
"csbml","SVN","jpoul",0.0943398772978229
"csbml","SVN","jeggs",0.0943398772978229
"csbml","SVN","jmilk",0.0943398772978229
"csbml","SWE","jbeef",0.143346489845035
"csbml","SWE","jpork",0.143346489845035
"csbml","SWE","jlamb",0.143346489845035
"csbml","SWE","jpoul",0.143346489845035
"csbml","SWE","jeggs",0.143346489845035
"csbml","SWE","jmilk",0.143346489845035
"csbml","SWZ","jbeef",0.00931685513740036
"csbml","SWZ","jpork",0.00931685513740036
"csbml","SWZ","jlamb",0.00931685513740036
"csbml","SWZ","jpoul",0.00931685513740036
"csbml","SWZ","jeggs",0.00931685513740036
"csbml","SWZ","jmilk",0.00931685513740036
"csbml","SYR","jbeef",0.123550884588181
"csbml","SYR","jpork",0.123550884588181
"csbml","SYR","jlamb",0.123550884588181
"csbml","SYR","jpoul",0.123550884588181
"csbml","SYR","jeggs",0.123550884588181
"csbml","SYR","jmilk",0.123550884588181
"csbml","TGO","jbeef",0.00129290635889188
"csbml","TGO","jpork",0.00129290635889188
"csbml","TGO","jlamb",0.00129290635889188
"csbml","TGO","jpoul",0.00129290635889188
"csbml","TGO","jeggs",0.00129290635889188
"csbml","TGO","jmilk",0.00129290635889188
"csbml","THA","jbeef",0.661546331621774
"csbml","THA","jpork",0.661546331621774
"csbml","THA","jlamb",0.661546331621774
"csbml","THA","jpoul",0.661546331621774
"csbml","THA","jeggs",0.661546331621774
"csbml","THA","jmilk",0.661546331621774
"csbml","TUN","jbeef",0.21157975680253
"csbml","TUN","jpork",0.21157975680253
"csbml","TUN","jlamb",0.21157975680253
"csbml","TUN","jpoul",0.21157975680253
"csbml","TUN","jeggs",0.21157975680253
"csbml","TUN","jmilk",0.21157975680253
"csbml","TUR","jbeef",0.0660678261347074
"csbml","TUR","jpork",0.0660678261347074
"csbml","TUR","jlamb",0.0660678261347074
"csbml","TUR","jpoul",0.0660678261347074
"csbml","TUR","jeggs",0.0660678261347074
"csbml","TUR","jmilk",0.0660678261347074
"csbml","TZA","jbeef",9.00016087787569E-5
"csbml","TZA","jpork",9.00016087787569E-5
"csbml","TZA","jlamb",9.00016087787569E-5
"csbml","TZA","jpoul",9.00016087787569E-5
"csbml","TZA","jeggs",9.00016087787569E-5
"csbml","TZA","jmilk",9.00016087787569E-5
"csbml","UKP","jbeef",0.0915728205664957
"csbml","UKP","jpork",0.0915728205664957
"csbml","UKP","jlamb",0.0915728205664957
"csbml","UKP","jpoul",0.0915728205664957
"csbml","UKP","jeggs",0.0915728205664957
"csbml","UKP","jmilk",0.0915728205664957
"csbml","UKR","jbeef",0.00278040488734495
"csbml","UKR","jpork",0.00278040488734495
"csbml","UKR","jlamb",0.00278040488734495
"csbml","UKR","jpoul",0.00278040488734495
"csbml","UKR","jeggs",0.00278040488734495
"csbml","UKR","jmilk",0.00278040488734495
"csbml","URY","jbeef",0.0213604709949932
"csbml","URY","jpork",0.0213604709949932
"csbml","URY","jlamb",0.0213604709949932
"csbml","URY","jpoul",0.0213604709949932
"csbml","URY","jeggs",0.0213604709949932
"csbml","URY","jmilk",0.0213604709949932
"csbml","USA","jbeef",0.249236952996168
"csbml","USA","jpork",0.249236952996168
"csbml","USA","jlamb",0.249236952996168
"csbml","USA","jpoul",0.249236952996168
"csbml","USA","jeggs",0.249236952996168
"csbml","USA","jmilk",0.249236952996168
"csbml","UZB","jbeef",0.00459117530293395
"csbml","UZB","jpork",0.00459117530293395
"csbml","UZB","jlamb",0.00459117530293395
"csbml","UZB","jpoul",0.00459117530293395
"csbml","UZB","jeggs",0.00459117530293395
"csbml","UZB","jmilk",0.00459117530293395
"csbml","VEN","jbeef",0.23794245202371
"csbml","VEN","jpork",0.23794245202371
"csbml","VEN","jlamb",0.23794245202371
"csbml","VEN","jpoul",0.23794245202371
"csbml","VEN","jeggs",0.23794245202371
"csbml","VEN","jmilk",0.23794245202371
"csbml","VUT","jbeef",0.111381793584825
"csbml","VUT","jpork",0.111381793584825
"csbml","VUT","jlamb",0.111381793584825
"csbml","VUT","jpoul",0.111381793584825
"csbml","VUT","jeggs",0.111381793584825
"csbml","VUT","jmilk",0.111381793584825
"csbml","YEM","jbeef",0.253780895629526
"csbml","YEM","jpork",0.253780895629526
"csbml","YEM","jlamb",0.253780895629526
"csbml","YEM","jpoul",0.253780895629526
"csbml","YEM","jeggs",0.253780895629526
"csbml","YEM","jmilk",0.253780895629526
"csbml","ZAF","jbeef",0.126546573691655
"csbml","ZAF","jpork",0.126546573691655
"csbml","ZAF","jlamb",0.126546573691655
"csbml","ZAF","jpoul",0.126546573691655
"csbml","ZAF","jeggs",0.126546573691655
"csbml","ZAF","jmilk",0.126546573691655
"csbml","ZMB","jbeef",0.0708729458575444
"csbml","ZMB","jpork",0.0708729458575444
"csbml","ZMB","jlamb",0.0708729458575444
"csbml","ZMB","jpoul",0.0708729458575444
"csbml","ZMB","jeggs",0.0708729458575444
"csbml","ZMB","jmilk",0.0708729458575444
"csbml","ZWE","jbeef",0.143395453001021
"csbml","ZWE","jpork",0.143395453001021
"csbml","ZWE","jlamb",0.143395453001021
"csbml","ZWE","jpoul",0.143395453001021
"csbml","ZWE","jeggs",0.143395453001021
"csbml","ZWE","jmilk",0.143395453001021
"csnfl","ALB","jbeef",0.00740089846081848
"csnfl","ALB","jpork",0.00740089846081848
"csnfl","ALB","jlamb",0.00740089846081848
"csnfl","ALB","jpoul",0.00740089846081848
"csnfl","ALB","jeggs",0.00740089846081848
"csnfl","ALB","jmilk",0.00740089846081848
"csnfl","ARM","jbeef",0.005098432091485
"csnfl","ARM","jpork",0.005098432091485
"csnfl","ARM","jlamb",0.005098432091485
"csnfl","ARM","jpoul",0.005098432091485
"csnfl","ARM","jeggs",0.005098432091485
"csnfl","ARM","jmilk",0.005098432091485
"csnfl","AUT","jbeef",0.000331757999889159
"csnfl","AUT","jpork",0.000331757999889159
"csnfl","AUT","jlamb",0.000331757999889159
"csnfl","AUT","jpoul",0.000331757999889159
"csnfl","AUT","jeggs",0.000331757999889159
"csnfl","AUT","jmilk",0.000331757999889159
"csnfl","AZE","jbeef",0.005098432091485
"csnfl","AZE","jpork",0.005098432091485
"csnfl","AZE","jlamb",0.005098432091485
"csnfl","AZE","jpoul",0.005098432091485
"csnfl","AZE","jeggs",0.005098432091485
"csnfl","AZE","jmilk",0.005098432091485
"csnfl","BGR","jbeef",0.00871305736550932
"csnfl","BGR","jpork",0.00871305736550932
"csnfl","BGR","jlamb",0.00871305736550932
"csnfl","BGR","jpoul",0.00871305736550932
"csnfl","BGR","jeggs",0.00871305736550932
"csnfl","BGR","jmilk",0.00871305736550932
"csnfl","BLR","jbeef",0.0013889292008182
"csnfl","BLR","jpork",0.0013889292008182
"csnfl","BLR","jlamb",0.0013889292008182
"csnfl","BLR","jpoul",0.0013889292008182
"csnfl","BLR","jeggs",0.0013889292008182
"csnfl","BLR","jmilk",0.0013889292008182
"csnfl","BLT","jbeef",0.0013889292008182
"csnfl","BLT","jpork",0.0013889292008182
"csnfl","BLT","jlamb",0.0013889292008182
"csnfl","BLT","jpoul",0.0013889292008182
"csnfl","BLT","jeggs",0.0013889292008182
"csnfl","BLT","jmilk",0.0013889292008182
"csnfl","CAN","jbeef",0.00161452311131522
"csnfl","CAN","jpork",0.00161452311131522
"csnfl","CAN","jlamb",0.00161452311131522
"csnfl","CAN","jpoul",0.00161452311131522
"csnfl","CAN","jeggs",0.00161452311131522
"csnfl","CAN","jmilk",0.00161452311131522
"csnfl","CHP","jbeef",0.000331757999889159
"csnfl","CHP","jpork",0.000331757999889159
"csnfl","CHP","jlamb",0.000331757999889159
"csnfl","CHP","jpoul",0.000331757999889159
"csnfl","CHP","jeggs",0.000331757999889159
"csnfl","CHP","jmilk",0.000331757999889159
"csnfl","CZE","jbeef",0.00871305736550932
"csnfl","CZE","jpork",0.00871305736550932
"csnfl","CZE","jlamb",0.00871305736550932
"csnfl","CZE","jpoul",0.00871305736550932
"csnfl","CZE","jeggs",0.00871305736550932
"csnfl","CZE","jmilk",0.00871305736550932
"csnfl","DEU","jbeef",0.00118499103892848
"csnfl","DEU","jpork",0.00118499103892848
"csnfl","DEU","jlamb",0.00118499103892848
"csnfl","DEU","jpoul",0.00118499103892848
"csnfl","DEU","jeggs",0.00118499103892848
"csnfl","DEU","jmilk",0.00118499103892848
"csnfl","FRP","jbeef",0.00551484989940396
"csnfl","FRP","jpork",0.00551484989940396
"csnfl","FRP","jlamb",0.00551484989940396
"csnfl","FRP","jpoul",0.00551484989940396
"csnfl","FRP","jeggs",0.00551484989940396
"csnfl","FRP","jmilk",0.00551484989940396
"csnfl","GEO","jbeef",0.005098432091485
"csnfl","GEO","jpork",0.005098432091485
"csnfl","GEO","jlamb",0.005098432091485
"csnfl","GEO","jpoul",0.005098432091485
"csnfl","GEO","jeggs",0.005098432091485
"csnfl","GEO","jmilk",0.005098432091485
"csnfl","GRC","jbeef",0.00740089846081848
"csnfl","GRC","jpork",0.00740089846081848
"csnfl","GRC","jlamb",0.00740089846081848
"csnfl","GRC","jpoul",0.00740089846081848
"csnfl","GRC","jeggs",0.00740089846081848
"csnfl","GRC","jmilk",0.00740089846081848
"csnfl","HRV","jbeef",0.00740089846081848
"csnfl","HRV","jpork",0.00740089846081848
"csnfl","HRV","jlamb",0.00740089846081848
"csnfl","HRV","jpoul",0.00740089846081848
"csnfl","HRV","jeggs",0.00740089846081848
"csnfl","HRV","jmilk",0.00740089846081848
"csnfl","HUN","jbeef",0.00871305736550932
"csnfl","HUN","jpork",0.00871305736550932
"csnfl","HUN","jlamb",0.00871305736550932
"csnfl","HUN","jpoul",0.00871305736550932
"csnfl","HUN","jeggs",0.00871305736550932
"csnfl","HUN","jmilk",0.00871305736550932
"csnfl","IRL","jbeef",0.000906698830890281
"csnfl","IRL","jpork",0.000906698830890281
"csnfl","IRL","jlamb",0.000906698830890281
"csnfl","IRL","jpoul",0.000906698830890281
"csnfl","IRL","jeggs",0.000906698830890281
"csnfl","IRL","jmilk",0.000906698830890281
"csnfl","KAZ","jbeef",0.00042727402544979
"csnfl","KAZ","jpork",0.00042727402544979
"csnfl","KAZ","jlamb",0.00042727402544979
"csnfl","KAZ","jpoul",0.00042727402544979
"csnfl","KAZ","jeggs",0.00042727402544979
"csnfl","KAZ","jmilk",0.00042727402544979
"csnfl","KGZ","jbeef",0.00410587083327726
"csnfl","KGZ","jpork",0.00410587083327726
"csnfl","KGZ","jlamb",0.00410587083327726
"csnfl","KGZ","jpoul",0.00410587083327726
"csnfl","KGZ","jeggs",0.00410587083327726
"csnfl","KGZ","jmilk",0.00410587083327726
"csnfl","MDA","jbeef",0.00871305736550932
"csnfl","MDA","jpork",0.00871305736550932
"csnfl","MDA","jlamb",0.00871305736550932
"csnfl","MDA","jpoul",0.00871305736550932
"csnfl","MDA","jeggs",0.00871305736550932
"csnfl","MDA","jmilk",0.00871305736550932
"csnfl","OBN","jbeef",0.00740089846081848
"csnfl","OBN","jpork",0.00740089846081848
"csnfl","OBN","jlamb",0.00740089846081848
"csnfl","OBN","jpoul",0.00740089846081848
"csnfl","OBN","jeggs",0.00740089846081848
"csnfl","OBN","jmilk",0.00740089846081848
"csnfl","PRT","jbeef",0.00911406414022639
"csnfl","PRT","jpork",0.00911406414022639
"csnfl","PRT","jlamb",0.00911406414022639
"csnfl","PRT","jpoul",0.00911406414022639
"csnfl","PRT","jeggs",0.00911406414022639
"csnfl","PRT","jmilk",0.00911406414022639
"csnfl","ROU","jbeef",0.00871305736550932
"csnfl","ROU","jpork",0.00871305736550932
"csnfl","ROU","jlamb",0.00871305736550932
"csnfl","ROU","jpoul",0.00871305736550932
"csnfl","ROU","jeggs",0.00871305736550932
"csnfl","ROU","jmilk",0.00871305736550932
"csnfl","RUS","jbeef",0.00400608387532859
"csnfl","RUS","jpork",0.00400608387532859
"csnfl","RUS","jlamb",0.00400608387532859
"csnfl","RUS","jpoul",0.00400608387532859
"csnfl","RUS","jeggs",0.00400608387532859
"csnfl","RUS","jmilk",0.00400608387532859
"csnfl","SPP","jbeef",0.00911406414022639
"csnfl","SPP","jpork",0.00911406414022639
"csnfl","SPP","jlamb",0.00911406414022639
"csnfl","SPP","jpoul",0.00911406414022639
"csnfl","SPP","jeggs",0.00911406414022639
"csnfl","SPP","jmilk",0.00911406414022639
"csnfl","SVK","jbeef",0.00871305736550932
"csnfl","SVK","jpork",0.00871305736550932
"csnfl","SVK","jlamb",0.00871305736550932
"csnfl","SVK","jpoul",0.00871305736550932
"csnfl","SVK","jeggs",0.00871305736550932
"csnfl","SVK","jmilk",0.00871305736550932
"csnfl","SVN","jbeef",0.00740089846081848
"csnfl","SVN","jpork",0.00740089846081848
"csnfl","SVN","jlamb",0.00740089846081848
"csnfl","SVN","jpoul",0.00740089846081848
"csnfl","SVN","jeggs",0.00740089846081848
"csnfl","SVN","jmilk",0.00740089846081848
"csnfl","THA","jbeef",0.000392440006420636
"csnfl","THA","jpork",0.000392440006420636
"csnfl","THA","jlamb",0.000392440006420636
"csnfl","THA","jpoul",0.000392440006420636
"csnfl","THA","jeggs",0.000392440006420636
"csnfl","THA","jmilk",0.000392440006420636
"csnfl","TJK","jbeef",0.00146183994361083
"csnfl","TJK","jpork",0.00146183994361083
"csnfl","TJK","jlamb",0.00146183994361083
"csnfl","TJK","jpoul",0.00146183994361083
"csnfl","TJK","jeggs",0.00146183994361083
"csnfl","TJK","jmilk",0.00146183994361083
"csnfl","UKP","jbeef",0.000906698830890281
"csnfl","UKP","jpork",0.000906698830890281
"csnfl","UKP","jlamb",0.000906698830890281
"csnfl","UKP","jpoul",0.000906698830890281
"csnfl","UKP","jeggs",0.000906698830890281
"csnfl","UKP","jmilk",0.000906698830890281
"csnfl","UKR","jbeef",0.0191167601643131
"csnfl","UKR","jpork",0.0191167601643131
"csnfl","UKR","jlamb",0.0191167601643131
"csnfl","UKR","jpoul",0.0191167601643131
"csnfl","UKR","jeggs",0.0191167601643131
"csnfl","UKR","jmilk",0.0191167601643131
"csnfl","USA","jbeef",0.0031974815782428
"csnfl","USA","jpork",0.0031974815782428
"csnfl","USA","jlamb",0.0031974815782428
"csnfl","USA","jpoul",0.0031974815782428
"csnfl","USA","jeggs",0.0031974815782428
"csnfl","USA","jmilk",0.0031974815782428
"csnfl","UZB","jbeef",0.00106140577905974
"csnfl","UZB","jpork",0.00106140577905974
"csnfl","UZB","jlamb",0.00106140577905974
"csnfl","UZB","jpoul",0.00106140577905974
"csnfl","UZB","jeggs",0.00106140577905974
"csnfl","UZB","jmilk",0.00106140577905974
"csfml","AGO","jbeef",0.0169506424693618
"csfml","AGO","jpork",0.0169506424693618
"csfml","AGO","jlamb",0.0169506424693618
"csfml","AGO","jpoul",0.0169506424693618
"csfml","AGO","jeggs",0.0169506424693618
"csfml","AGO","jmilk",0.0169506424693618
"csfml","ALB","jbeef",0.0229742864255567
"csfml","ALB","jpork",0.0229742864255567
"csfml","ALB","jlamb",0.0229742864255567
"csfml","ALB","jpoul",0.0229742864255567
"csfml","ALB","jeggs",0.0229742864255567
"csfml","ALB","jmilk",0.0229742864255567
"csfml","ARG","jbeef",0.0160272941147961
"csfml","ARG","jpork",0.0160272941147961
"csfml","ARG","jlamb",0.0160272941147961
"csfml","ARG","jpoul",0.0160272941147961
"csfml","ARG","jeggs",0.0160272941147961
"csfml","ARG","jmilk",0.0160272941147961
"csfml","ARM","jbeef",0.00210789892829095
"csfml","ARM","jpork",0.00210789892829095
"csfml","ARM","jlamb",0.00210789892829095
"csfml","ARM","jpoul",0.00210789892829095
"csfml","ARM","jeggs",0.00210789892829095
"csfml","ARM","jmilk",0.00210789892829095
"csfml","AUS","jbeef",0.00271848348320413
"csfml","AUS","jpork",0.00271848348320413
"csfml","AUS","jlamb",0.00271848348320413
"csfml","AUS","jpoul",0.00271848348320413
"csfml","AUS","jeggs",0.00271848348320413
"csfml","AUS","jmilk",0.00271848348320413
"csfml","AUT","jbeef",0.00639179930379845
"csfml","AUT","jpork",0.00639179930379845
"csfml","AUT","jlamb",0.00639179930379845
"csfml","AUT","jpoul",0.00639179930379845
"csfml","AUT","jeggs",0.00639179930379845
"csfml","AUT","jmilk",0.00639179930379845
"csfml","AZE","jbeef",0.00210789892829095
"csfml","AZE","jpork",0.00210789892829095
"csfml","AZE","jlamb",0.00210789892829095
"csfml","AZE","jpoul",0.00210789892829095
"csfml","AZE","jeggs",0.00210789892829095
"csfml","AZE","jmilk",0.00210789892829095
"csfml","BGR","jbeef",0.046218463438934
"csfml","BGR","jpork",0.046218463438934
"csfml","BGR","jlamb",0.046218463438934
"csfml","BGR","jpoul",0.046218463438934
"csfml","BGR","jeggs",0.046218463438934
"csfml","BGR","jmilk",0.046218463438934
"csfml","BLR","jbeef",0.0185570835975597
"csfml","BLR","jpork",0.0185570835975597
"csfml","BLR","jlamb",0.0185570835975597
"csfml","BLR","jpoul",0.0185570835975597
"csfml","BLR","jeggs",0.0185570835975597
"csfml","BLR","jmilk",0.0185570835975597
"csfml","BLT","jbeef",0.0185570835975597
"csfml","BLT","jpork",0.0185570835975597
"csfml","BLT","jlamb",0.0185570835975597
"csfml","BLT","jpoul",0.0185570835975597
"csfml","BLT","jeggs",0.0185570835975597
"csfml","BLT","jmilk",0.0185570835975597
"csfml","BLX","jbeef",0.0200725517070243
"csfml","BLX","jpork",0.0200725517070243
"csfml","BLX","jlamb",0.0200725517070243
"csfml","BLX","jpoul",0.0200725517070243
"csfml","BLX","jeggs",0.0200725517070243
"csfml","BLX","jmilk",0.0200725517070243
"csfml","BLZ","jbeef",0.00253537330151732
"csfml","BLZ","jpork",0.00253537330151732
"csfml","BLZ","jlamb",0.00253537330151732
"csfml","BLZ","jpoul",0.00253537330151732
"csfml","BLZ","jeggs",0.00253537330151732
"csfml","BLZ","jmilk",0.00253537330151732
"csfml","BOL","jbeef",0.0246343370743921
"csfml","BOL","jpork",0.0246343370743921
"csfml","BOL","jlamb",0.0246343370743921
"csfml","BOL","jpoul",0.0246343370743921
"csfml","BOL","jeggs",0.0246343370743921
"csfml","BOL","jmilk",0.0246343370743921
"csfml","BRA","jbeef",0.0023336962120758
"csfml","BRA","jpork",0.0023336962120758
"csfml","BRA","jlamb",0.0023336962120758
"csfml","BRA","jpoul",0.0023336962120758
"csfml","BRA","jeggs",0.0023336962120758
"csfml","BRA","jmilk",0.0023336962120758
"csfml","BWA","jbeef",0.0117198645278622
"csfml","BWA","jpork",0.0117198645278622
"csfml","BWA","jlamb",0.0117198645278622
"csfml","BWA","jpoul",0.0117198645278622
"csfml","BWA","jeggs",0.0117198645278622
"csfml","BWA","jmilk",0.0117198645278622
"csfml","CAN","jbeef",0.0018161480484628
"csfml","CAN","jpork",0.0018161480484628
"csfml","CAN","jlamb",0.0018161480484628
"csfml","CAN","jpoul",0.0018161480484628
"csfml","CAN","jeggs",0.0018161480484628
"csfml","CAN","jmilk",0.0018161480484628
"csfml","CHL","jbeef",0.00378887879155448
"csfml","CHL","jpork",0.00378887879155448
"csfml","CHL","jlamb",0.00378887879155448
"csfml","CHL","jpoul",0.00378887879155448
"csfml","CHL","jeggs",0.00378887879155448
"csfml","CHL","jmilk",0.00378887879155448
"csfml","CHM","jbeef",0.00539591358178419
"csfml","CHM","jpork",0.00539591358178419
"csfml","CHM","jlamb",0.00539591358178419
"csfml","CHM","jpoul",0.00539591358178419
"csfml","CHM","jeggs",0.00539591358178419
"csfml","CHM","jmilk",0.00539591358178419
"csfml","CHP","jbeef",0.00639179930379845
"csfml","CHP","jpork",0.00639179930379845
"csfml","CHP","jlamb",0.00639179930379845
"csfml","CHP","jpoul",0.00639179930379845
"csfml","CHP","jeggs",0.00639179930379845
"csfml","CHP","jmilk",0.00639179930379845
"csfml","COL","jbeef",0.00409181032706636
"csfml","COL","jpork",0.00409181032706636
"csfml","COL","jlamb",0.00409181032706636
"csfml","COL","jpoul",0.00409181032706636
"csfml","COL","jeggs",0.00409181032706636
"csfml","COL","jmilk",0.00409181032706636
"csfml","CRB","jbeef",0.00141284984879192
"csfml","CRB","jpork",0.00141284984879192
"csfml","CRB","jlamb",0.00141284984879192
"csfml","CRB","jpoul",0.00141284984879192
"csfml","CRB","jeggs",0.00141284984879192
"csfml","CRB","jmilk",0.00141284984879192
"csfml","CRI","jbeef",0.00253537330151732
"csfml","CRI","jpork",0.00253537330151732
"csfml","CRI","jlamb",0.00253537330151732
"csfml","CRI","jpoul",0.00253537330151732
"csfml","CRI","jeggs",0.00253537330151732
"csfml","CRI","jmilk",0.00253537330151732
"csfml","CUB","jbeef",0.00253537330151732
"csfml","CUB","jpork",0.00253537330151732
"csfml","CUB","jlamb",0.00253537330151732
"csfml","CUB","jpoul",0.00253537330151732
"csfml","CUB","jeggs",0.00253537330151732
"csfml","CUB","jmilk",0.00253537330151732
"csfml","CYP","jbeef",0.0285120341128301
"csfml","CYP","jpork",0.0285120341128301
"csfml","CYP","jlamb",0.0285120341128301
"csfml","CYP","jpoul",0.0285120341128301
"csfml","CYP","jeggs",0.0285120341128301
"csfml","CYP","jmilk",0.0285120341128301
"csfml","CZE","jbeef",0.046218463438934
"csfml","CZE","jpork",0.046218463438934
"csfml","CZE","jlamb",0.046218463438934
"csfml","CZE","jpoul",0.046218463438934
"csfml","CZE","jeggs",0.046218463438934
"csfml","CZE","jmilk",0.046218463438934
"csfml","DEU","jbeef",0.00726042128613322
"csfml","DEU","jpork",0.00726042128613322
"csfml","DEU","jlamb",0.00726042128613322
"csfml","DEU","jpoul",0.00726042128613322
"csfml","DEU","jeggs",0.00726042128613322
"csfml","DEU","jmilk",0.00726042128613322
"csfml","DNK","jbeef",0.0217458634240724
"csfml","DNK","jpork",0.0217458634240724
"csfml","DNK","jlamb",0.0217458634240724
"csfml","DNK","jpoul",0.0217458634240724
"csfml","DNK","jeggs",0.0217458634240724
"csfml","DNK","jmilk",0.0217458634240724
"csfml","DOM","jbeef",0.00253537330151732
"csfml","DOM","jpork",0.00253537330151732
"csfml","DOM","jlamb",0.00253537330151732
"csfml","DOM","jpoul",0.00253537330151732
"csfml","DOM","jeggs",0.00253537330151732
"csfml","DOM","jmilk",0.00253537330151732
"csfml","DZA","jbeef",0.000164729401612961
"csfml","DZA","jpork",0.000164729401612961
"csfml","DZA","jlamb",0.000164729401612961
"csfml","DZA","jpoul",0.000164729401612961
"csfml","DZA","jeggs",0.000164729401612961
"csfml","DZA","jmilk",0.000164729401612961
"csfml","ECU","jbeef",0.000787489483526517
"csfml","ECU","jpork",0.000787489483526517
"csfml","ECU","jlamb",0.000787489483526517
"csfml","ECU","jpoul",0.000787489483526517
"csfml","ECU","jeggs",0.000787489483526517
"csfml","ECU","jmilk",0.000787489483526517
"csfml","EGY","jbeef",0.00754787483192838
"csfml","EGY","jpork",0.00754787483192838
"csfml","EGY","jlamb",0.00754787483192838
"csfml","EGY","jpoul",0.00754787483192838
"csfml","EGY","jeggs",0.00754787483192838
"csfml","EGY","jmilk",0.00754787483192838
"csfml","FJI","jbeef",0.00141284984879192
"csfml","FJI","jpork",0.00141284984879192
"csfml","FJI","jlamb",0.00141284984879192
"csfml","FJI","jpoul",0.00141284984879192
"csfml","FJI","jeggs",0.00141284984879192
"csfml","FJI","jmilk",0.00141284984879192
"csfml","FNP","jbeef",0.0217458634240724
"csfml","FNP","jpork",0.0217458634240724
"csfml","FNP","jlamb",0.0217458634240724
"csfml","FNP","jpoul",0.0217458634240724
"csfml","FNP","jeggs",0.0217458634240724
"csfml","FNP","jmilk",0.0217458634240724
"csfml","FRP","jbeef",0.0278555034733966
"csfml","FRP","jpork",0.0278555034733966
"csfml","FRP","jlamb",0.0278555034733966
"csfml","FRP","jpoul",0.0278555034733966
"csfml","FRP","jeggs",0.0278555034733966
"csfml","FRP","jmilk",0.0278555034733966
"csfml","GEO","jbeef",0.00210789892829095
"csfml","GEO","jpork",0.00210789892829095
"csfml","GEO","jlamb",0.00210789892829095
"csfml","GEO","jpoul",0.00210789892829095
"csfml","GEO","jeggs",0.00210789892829095
"csfml","GEO","jmilk",0.00210789892829095
"csfml","GIN","jbeef",3.90054583263245E-5
"csfml","GIN","jpork",3.90054583263245E-5
"csfml","GIN","jlamb",3.90054583263245E-5
"csfml","GIN","jpoul",3.90054583263245E-5
"csfml","GIN","jeggs",3.90054583263245E-5
"csfml","GIN","jmilk",3.90054583263245E-5
"csfml","GMB","jbeef",0.000560265029718406
"csfml","GMB","jpork",0.000560265029718406
"csfml","GMB","jlamb",0.000560265029718406
"csfml","GMB","jpoul",0.000560265029718406
"csfml","GMB","jeggs",0.000560265029718406
"csfml","GMB","jmilk",0.000560265029718406
"csfml","GRC","jbeef",0.0229742864255567
"csfml","GRC","jpork",0.0229742864255567
"csfml","GRC","jlamb",0.0229742864255567
"csfml","GRC","jpoul",0.0229742864255567
"csfml","GRC","jeggs",0.0229742864255567
"csfml","GRC","jmilk",0.0229742864255567
"csfml","GSA","jbeef",0.00105599898036576
"csfml","GSA","jpork",0.00105599898036576
"csfml","GSA","jlamb",0.00105599898036576
"csfml","GSA","jpoul",0.00105599898036576
"csfml","GSA","jeggs",0.00105599898036576
"csfml","GSA","jmilk",0.00105599898036576
"csfml","GTM","jbeef",0.00253537330151732
"csfml","GTM","jpork",0.00253537330151732
"csfml","GTM","jlamb",0.00253537330151732
"csfml","GTM","jpoul",0.00253537330151732
"csfml","GTM","jeggs",0.00253537330151732
"csfml","GTM","jmilk",0.00253537330151732
"csfml","HND","jbeef",0.00253537330151732
"csfml","HND","jpork",0.00253537330151732
"csfml","HND","jlamb",0.00253537330151732
"csfml","HND","jpoul",0.00253537330151732
"csfml","HND","jeggs",0.00253537330151732
"csfml","HND","jmilk",0.00253537330151732
"csfml","HRV","jbeef",0.0229742864255567
"csfml","HRV","jpork",0.0229742864255567
"csfml","HRV","jlamb",0.0229742864255567
"csfml","HRV","jpoul",0.0229742864255567
"csfml","HRV","jeggs",0.0229742864255567
"csfml","HRV","jmilk",0.0229742864255567
"csfml","HTI","jbeef",0.00253537330151732
"csfml","HTI","jpork",0.00253537330151732
"csfml","HTI","jlamb",0.00253537330151732
"csfml","HTI","jpoul",0.00253537330151732
"csfml","HTI","jeggs",0.00253537330151732
"csfml","HTI","jmilk",0.00253537330151732
"csfml","HUN","jbeef",0.046218463438934
"csfml","HUN","jpork",0.046218463438934
"csfml","HUN","jlamb",0.046218463438934
"csfml","HUN","jpoul",0.046218463438934
"csfml","HUN","jeggs",0.046218463438934
"csfml","HUN","jmilk",0.046218463438934
"csfml","IDN","jbeef",0.00012979090820431
"csfml","IDN","jpork",0.00012979090820431
"csfml","IDN","jlamb",0.00012979090820431
"csfml","IDN","jpoul",0.00012979090820431
"csfml","IDN","jeggs",0.00012979090820431
"csfml","IDN","jmilk",0.00012979090820431
"csfml","IND","jbeef",0.00342410489520541
"csfml","IND","jpork",0.00342410489520541
"csfml","IND","jlamb",0.00342410489520541
"csfml","IND","jpoul",0.00342410489520541
"csfml","IND","jeggs",0.00342410489520541
"csfml","IND","jmilk",0.00342410489520541
"csfml","IRL","jbeef",0.0252316903994112
"csfml","IRL","jpork",0.0252316903994112
"csfml","IRL","jlamb",0.0252316903994112
"csfml","IRL","jpoul",0.0252316903994112
"csfml","IRL","jeggs",0.0252316903994112
"csfml","IRL","jmilk",0.0252316903994112
"csfml","IRN","jbeef",0.00286829384973816
"csfml","IRN","jpork",0.00286829384973816
"csfml","IRN","jlamb",0.00286829384973816
"csfml","IRN","jpoul",0.00286829384973816
"csfml","IRN","jeggs",0.00286829384973816
"csfml","IRN","jmilk",0.00286829384973816
"csfml","ISL","jbeef",0.0217458634240724
"csfml","ISL","jpork",0.0217458634240724
"csfml","ISL","jlamb",0.0217458634240724
"csfml","ISL","jpoul",0.0217458634240724
"csfml","ISL","jeggs",0.0217458634240724
"csfml","ISL","jmilk",0.0217458634240724
"csfml","ISR","jbeef",0.0563065640299455
"csfml","ISR","jpork",0.0563065640299455
"csfml","ISR","jlamb",0.0563065640299455
"csfml","ISR","jpoul",0.0563065640299455
"csfml","ISR","jeggs",0.0563065640299455
"csfml","ISR","jmilk",0.0563065640299455
"csfml","ITP","jbeef",0.0348396497059124
"csfml","ITP","jpork",0.0348396497059124
"csfml","ITP","jlamb",0.0348396497059124
"csfml","ITP","jpoul",0.0348396497059124
"csfml","ITP","jeggs",0.0348396497059124
"csfml","ITP","jmilk",0.0348396497059124
"csfml","JAM","jbeef",0.00141284984879192
"csfml","JAM","jpork",0.00141284984879192
"csfml","JAM","jlamb",0.00141284984879192
"csfml","JAM","jpoul",0.00141284984879192
"csfml","JAM","jeggs",0.00141284984879192
"csfml","JAM","jmilk",0.00141284984879192
"csfml","JOR","jbeef",0.0016405125199864
"csfml","JOR","jpork",0.0016405125199864
"csfml","JOR","jlamb",0.0016405125199864
"csfml","JOR","jpoul",0.0016405125199864
"csfml","JOR","jeggs",0.0016405125199864
"csfml","JOR","jmilk",0.0016405125199864
"csfml","JPN","jbeef",0.000145562967708975
"csfml","JPN","jpork",0.000145562967708975
"csfml","JPN","jlamb",0.000145562967708975
"csfml","JPN","jpoul",0.000145562967708975
"csfml","JPN","jeggs",0.000145562967708975
"csfml","JPN","jmilk",0.000145562967708975
"csfml","KAZ","jbeef",0.00873670437547342
"csfml","KAZ","jpork",0.00873670437547342
"csfml","KAZ","jlamb",0.00873670437547342
"csfml","KAZ","jpoul",0.00873670437547342
"csfml","KAZ","jeggs",0.00873670437547342
"csfml","KAZ","jmilk",0.00873670437547342
"csfml","KEN","jbeef",0.00198260535445173
"csfml","KEN","jpork",0.00198260535445173
"csfml","KEN","jlamb",0.00198260535445173
"csfml","KEN","jpoul",0.00198260535445173
"csfml","KEN","jeggs",0.00198260535445173
"csfml","KEN","jmilk",0.00198260535445173
"csfml","KGZ","jbeef",0.0124012550070067
"csfml","KGZ","jpork",0.0124012550070067
"csfml","KGZ","jlamb",0.0124012550070067
"csfml","KGZ","jpoul",0.0124012550070067
"csfml","KGZ","jeggs",0.0124012550070067
"csfml","KGZ","jmilk",0.0124012550070067
"csfml","KOR","jbeef",0.00515904906608976
"csfml","KOR","jpork",0.00515904906608976
"csfml","KOR","jlamb",0.00515904906608976
"csfml","KOR","jpoul",0.00515904906608976
"csfml","KOR","jeggs",0.00515904906608976
"csfml","KOR","jmilk",0.00515904906608976
"csfml","LBN","jbeef",0.00980005786748346
"csfml","LBN","jpork",0.00980005786748346
"csfml","LBN","jlamb",0.00980005786748346
"csfml","LBN","jpoul",0.00980005786748346
"csfml","LBN","jeggs",0.00980005786748346
"csfml","LBN","jmilk",0.00980005786748346
"csfml","LBY","jbeef",0.00126302674233441
"csfml","LBY","jpork",0.00126302674233441
"csfml","LBY","jlamb",0.00126302674233441
"csfml","LBY","jpoul",0.00126302674233441
"csfml","LBY","jeggs",0.00126302674233441
"csfml","LBY","jmilk",0.00126302674233441
"csfml","LKA","jbeef",2.9448098462662E-6
"csfml","LKA","jpork",2.9448098462662E-6
"csfml","LKA","jlamb",2.9448098462662E-6
"csfml","LKA","jpoul",2.9448098462662E-6
"csfml","LKA","jeggs",2.9448098462662E-6
"csfml","LKA","jmilk",2.9448098462662E-6
"csfml","MDA","jbeef",0.046218463438934
"csfml","MDA","jpork",0.046218463438934
"csfml","MDA","jlamb",0.046218463438934
"csfml","MDA","jpoul",0.046218463438934
"csfml","MDA","jeggs",0.046218463438934
"csfml","MDA","jmilk",0.046218463438934
"csfml","MEX","jbeef",0.0010988147383781
"csfml","MEX","jpork",0.0010988147383781
"csfml","MEX","jlamb",0.0010988147383781
"csfml","MEX","jpoul",0.0010988147383781
"csfml","MEX","jeggs",0.0010988147383781
"csfml","MEX","jmilk",0.0010988147383781
"csfml","MMR","jbeef",0.0716807955614509
"csfml","MMR","jpork",0.0716807955614509
"csfml","MMR","jlamb",0.0716807955614509
"csfml","MMR","jpoul",0.0716807955614509
"csfml","MMR","jeggs",0.0716807955614509
"csfml","MMR","jmilk",0.0716807955614509
"csfml","MOR","jbeef",0.0414469998963534
"csfml","MOR","jpork",0.0414469998963534
"csfml","MOR","jlamb",0.0414469998963534
"csfml","MOR","jpoul",0.0414469998963534
"csfml","MOR","jeggs",0.0414469998963534
"csfml","MOR","jmilk",0.0414469998963534
"csfml","MOZ","jbeef",0.0395454352220071
"csfml","MOZ","jpork",0.0395454352220071
"csfml","MOZ","jlamb",0.0395454352220071
"csfml","MOZ","jpoul",0.0395454352220071
"csfml","MOZ","jeggs",0.0395454352220071
"csfml","MOZ","jmilk",0.0395454352220071
"csfml","MWI","jbeef",0.0206529338998548
"csfml","MWI","jpork",0.0206529338998548
"csfml","MWI","jlamb",0.0206529338998548
"csfml","MWI","jpoul",0.0206529338998548
"csfml","MWI","jeggs",0.0206529338998548
"csfml","MWI","jmilk",0.0206529338998548
"csfml","MYS","jbeef",0.00212948931259876
"csfml","MYS","jpork",0.00212948931259876
"csfml","MYS","jlamb",0.00212948931259876
"csfml","MYS","jpoul",0.00212948931259876
"csfml","MYS","jeggs",0.00212948931259876
"csfml","MYS","jmilk",0.00212948931259876
"csfml","NAM","jbeef",0.000678238589263734
"csfml","NAM","jpork",0.000678238589263734
"csfml","NAM","jlamb",0.000678238589263734
"csfml","NAM","jpoul",0.000678238589263734
"csfml","NAM","jeggs",0.000678238589263734
"csfml","NAM","jmilk",0.000678238589263734
"csfml","NIC","jbeef",0.00253537330151732
"csfml","NIC","jpork",0.00253537330151732
"csfml","NIC","jlamb",0.00253537330151732
"csfml","NIC","jpoul",0.00253537330151732
"csfml","NIC","jeggs",0.00253537330151732
"csfml","NIC","jmilk",0.00253537330151732
"csfml","NLD","jbeef",0.0417062731034711
"csfml","NLD","jpork",0.0417062731034711
"csfml","NLD","jlamb",0.0417062731034711
"csfml","NLD","jpoul",0.0417062731034711
"csfml","NLD","jeggs",0.0417062731034711
"csfml","NLD","jmilk",0.0417062731034711
"csfml","NOR","jbeef",0.0217458634240724
"csfml","NOR","jpork",0.0217458634240724
"csfml","NOR","jlamb",0.0217458634240724
"csfml","NOR","jpoul",0.0217458634240724
"csfml","NOR","jeggs",0.0217458634240724
"csfml","NOR","jmilk",0.0217458634240724
"csfml","OAO","jbeef",0.00141284984879192
"csfml","OAO","jpork",0.00141284984879192
"csfml","OAO","jlamb",0.00141284984879192
"csfml","OAO","jpoul",0.00141284984879192
"csfml","OAO","jeggs",0.00141284984879192
"csfml","OAO","jmilk",0.00141284984879192
"csfml","OBN","jbeef",0.0229742864255567
"csfml","OBN","jpork",0.0229742864255567
"csfml","OBN","jlamb",0.0229742864255567
"csfml","OBN","jpoul",0.0229742864255567
"csfml","OBN","jeggs",0.0229742864255567
"csfml","OBN","jmilk",0.0229742864255567
"csfml","OIO","jbeef",0.00141284984879192
"csfml","OIO","jpork",0.00141284984879192
"csfml","OIO","jlamb",0.00141284984879192
"csfml","OIO","jpoul",0.00141284984879192
"csfml","OIO","jeggs",0.00141284984879192
"csfml","OIO","jmilk",0.00141284984879192
"csfml","OPO","jbeef",0.00141284984879192
"csfml","OPO","jpork",0.00141284984879192
"csfml","OPO","jlamb",0.00141284984879192
"csfml","OPO","jpoul",0.00141284984879192
"csfml","OPO","jeggs",0.00141284984879192
"csfml","OPO","jmilk",0.00141284984879192
"csfml","PAK","jbeef",0.00206119243940046
"csfml","PAK","jpork",0.00206119243940046
"csfml","PAK","jlamb",0.00206119243940046
"csfml","PAK","jpoul",0.00206119243940046
"csfml","PAK","jeggs",0.00206119243940046
"csfml","PAK","jmilk",0.00206119243940046
"csfml","PAN","jbeef",0.00253537330151732
"csfml","PAN","jpork",0.00253537330151732
"csfml","PAN","jlamb",0.00253537330151732
"csfml","PAN","jpoul",0.00253537330151732
"csfml","PAN","jeggs",0.00253537330151732
"csfml","PAN","jmilk",0.00253537330151732
"csfml","PER","jbeef",0.00282044195451123
"csfml","PER","jpork",0.00282044195451123
"csfml","PER","jlamb",0.00282044195451123
"csfml","PER","jpoul",0.00282044195451123
"csfml","PER","jeggs",0.00282044195451123
"csfml","PER","jmilk",0.00282044195451123
"csfml","PHL","jbeef",2.78535394049593E-7
"csfml","PHL","jpork",2.78535394049593E-7
"csfml","PHL","jlamb",2.78535394049593E-7
"csfml","PHL","jpoul",2.78535394049593E-7
"csfml","PHL","jeggs",2.78535394049593E-7
"csfml","PHL","jmilk",2.78535394049593E-7
"csfml","POL","jbeef",0.00406365084200078
"csfml","POL","jpork",0.00406365084200078
"csfml","POL","jlamb",0.00406365084200078
"csfml","POL","jpoul",0.00406365084200078
"csfml","POL","jeggs",0.00406365084200078
"csfml","POL","jmilk",0.00406365084200078
"csfml","PRT","jbeef",0.0509413471997309
"csfml","PRT","jpork",0.0509413471997309
"csfml","PRT","jlamb",0.0509413471997309
"csfml","PRT","jpoul",0.0509413471997309
"csfml","PRT","jeggs",0.0509413471997309
"csfml","PRT","jmilk",0.0509413471997309
"csfml","PRY","jbeef",0.0246343370743921
"csfml","PRY","jpork",0.0246343370743921
"csfml","PRY","jlamb",0.0246343370743921
"csfml","PRY","jpoul",0.0246343370743921
"csfml","PRY","jeggs",0.0246343370743921
"csfml","PRY","jmilk",0.0246343370743921
"csfml","RAP","jbeef",2.06067528738573E-5
"csfml","RAP","jpork",2.06067528738573E-5
"csfml","RAP","jlamb",2.06067528738573E-5
"csfml","RAP","jpoul",2.06067528738573E-5
"csfml","RAP","jeggs",2.06067528738573E-5
"csfml","RAP","jmilk",2.06067528738573E-5
"csfml","ROU","jbeef",0.046218463438934
"csfml","ROU","jpork",0.046218463438934
"csfml","ROU","jlamb",0.046218463438934
"csfml","ROU","jpoul",0.046218463438934
"csfml","ROU","jeggs",0.046218463438934
"csfml","ROU","jmilk",0.046218463438934
"csfml","RUS","jbeef",0.0290798102878362
"csfml","RUS","jpork",0.0290798102878362
"csfml","RUS","jlamb",0.0290798102878362
"csfml","RUS","jpoul",0.0290798102878362
"csfml","RUS","jeggs",0.0290798102878362
"csfml","RUS","jmilk",0.0290798102878362
"csfml","SAU","jbeef",2.06067528738573E-5
"csfml","SAU","jpork",2.06067528738573E-5
"csfml","SAU","jlamb",2.06067528738573E-5
"csfml","SAU","jpoul",2.06067528738573E-5
"csfml","SAU","jeggs",2.06067528738573E-5
"csfml","SAU","jmilk",2.06067528738573E-5
"csfml","SDN","jbeef",0.000465333807777138
"csfml","SDN","jpork",0.000465333807777138
"csfml","SDN","jlamb",0.000465333807777138
"csfml","SDN","jpoul",0.000465333807777138
"csfml","SDN","jeggs",0.000465333807777138
"csfml","SDN","jmilk",0.000465333807777138
"csfml","SLB","jbeef",0.00141284984879192
"csfml","SLB","jpork",0.00141284984879192
"csfml","SLB","jlamb",0.00141284984879192
"csfml","SLB","jpoul",0.00141284984879192
"csfml","SLB","jeggs",0.00141284984879192
"csfml","SLB","jmilk",0.00141284984879192
"csfml","SLV","jbeef",0.00253537330151732
"csfml","SLV","jpork",0.00253537330151732
"csfml","SLV","jlamb",0.00253537330151732
"csfml","SLV","jpoul",0.00253537330151732
"csfml","SLV","jeggs",0.00253537330151732
"csfml","SLV","jmilk",0.00253537330151732
"csfml","SPP","jbeef",0.0509413471997309
"csfml","SPP","jpork",0.0509413471997309
"csfml","SPP","jlamb",0.0509413471997309
"csfml","SPP","jpoul",0.0509413471997309
"csfml","SPP","jeggs",0.0509413471997309
"csfml","SPP","jmilk",0.0509413471997309
"csfml","SVK","jbeef",0.046218463438934
"csfml","SVK","jpork",0.046218463438934
"csfml","SVK","jlamb",0.046218463438934
"csfml","SVK","jpoul",0.046218463438934
"csfml","SVK","jeggs",0.046218463438934
"csfml","SVK","jmilk",0.046218463438934
"csfml","SVN","jbeef",0.0229742864255567
"csfml","SVN","jpork",0.0229742864255567
"csfml","SVN","jlamb",0.0229742864255567
"csfml","SVN","jpoul",0.0229742864255567
"csfml","SVN","jeggs",0.0229742864255567
"csfml","SVN","jmilk",0.0229742864255567
"csfml","SWE","jbeef",0.0217458634240724
"csfml","SWE","jpork",0.0217458634240724
"csfml","SWE","jlamb",0.0217458634240724
"csfml","SWE","jpoul",0.0217458634240724
"csfml","SWE","jeggs",0.0217458634240724
"csfml","SWE","jmilk",0.0217458634240724
"csfml","SWZ","jbeef",0.000235246489082922
"csfml","SWZ","jpork",0.000235246489082922
"csfml","SWZ","jlamb",0.000235246489082922
"csfml","SWZ","jpoul",0.000235246489082922
"csfml","SWZ","jeggs",0.000235246489082922
"csfml","SWZ","jmilk",0.000235246489082922
"csfml","SYR","jbeef",0.00489723713545647
"csfml","SYR","jpork",0.00489723713545647
"csfml","SYR","jlamb",0.00489723713545647
"csfml","SYR","jpoul",0.00489723713545647
"csfml","SYR","jeggs",0.00489723713545647
"csfml","SYR","jmilk",0.00489723713545647
"csfml","THA","jbeef",0.0167819471900665
"csfml","THA","jpork",0.0167819471900665
"csfml","THA","jlamb",0.0167819471900665
"csfml","THA","jpoul",0.0167819471900665
"csfml","THA","jeggs",0.0167819471900665
"csfml","THA","jmilk",0.0167819471900665
"csfml","TUN","jbeef",0.00421935687583769
"csfml","TUN","jpork",0.00421935687583769
"csfml","TUN","jlamb",0.00421935687583769
"csfml","TUN","jpoul",0.00421935687583769
"csfml","TUN","jeggs",0.00421935687583769
"csfml","TUN","jmilk",0.00421935687583769
"csfml","TUR","jbeef",0.0568531660338873
"csfml","TUR","jpork",0.0568531660338873
"csfml","TUR","jlamb",0.0568531660338873
"csfml","TUR","jpoul",0.0568531660338873
"csfml","TUR","jeggs",0.0568531660338873
"csfml","TUR","jmilk",0.0568531660338873
"csfml","TZA","jbeef",0.00251470120028396
"csfml","TZA","jpork",0.00251470120028396
"csfml","TZA","jlamb",0.00251470120028396
"csfml","TZA","jpoul",0.00251470120028396
"csfml","TZA","jeggs",0.00251470120028396
"csfml","TZA","jmilk",0.00251470120028396
"csfml","UKP","jbeef",0.0252316903994112
"csfml","UKP","jpork",0.0252316903994112
"csfml","UKP","jlamb",0.0252316903994112
"csfml","UKP","jpoul",0.0252316903994112
"csfml","UKP","jeggs",0.0252316903994112
"csfml","UKP","jmilk",0.0252316903994112
"csfml","UKR","jbeef",0.0295845735114747
"csfml","UKR","jpork",0.0295845735114747
"csfml","UKR","jlamb",0.0295845735114747
"csfml","UKR","jpoul",0.0295845735114747
"csfml","UKR","jeggs",0.0295845735114747
"csfml","UKR","jmilk",0.0295845735114747
"csfml","URY","jbeef",0.0183851134269452
"csfml","URY","jpork",0.0183851134269452
"csfml","URY","jlamb",0.0183851134269452
"csfml","URY","jpoul",0.0183851134269452
"csfml","URY","jeggs",0.0183851134269452
"csfml","URY","jmilk",0.0183851134269452
"csfml","USA","jbeef",0.00387631402281837
"csfml","USA","jpork",0.00387631402281837
"csfml","USA","jlamb",0.00387631402281837
"csfml","USA","jpoul",0.00387631402281837
"csfml","USA","jeggs",0.00387631402281837
"csfml","USA","jmilk",0.00387631402281837
"csfml","VEN","jbeef",0.00105599898036576
"csfml","VEN","jpork",0.00105599898036576
"csfml","VEN","jlamb",0.00105599898036576
"csfml","VEN","jpoul",0.00105599898036576
"csfml","VEN","jeggs",0.00105599898036576
"csfml","VEN","jmilk",0.00105599898036576
"csfml","VUT","jbeef",0.00141284984879192
"csfml","VUT","jpork",0.00141284984879192
"csfml","VUT","jlamb",0.00141284984879192
"csfml","VUT","jpoul",0.00141284984879192
"csfml","VUT","jeggs",0.00141284984879192
"csfml","VUT","jmilk",0.00141284984879192
"csfml","YEM","jbeef",2.06067528738573E-5
"csfml","YEM","jpork",2.06067528738573E-5
"csfml","YEM","jlamb",2.06067528738573E-5
"csfml","YEM","jpoul",2.06067528738573E-5
"csfml","YEM","jeggs",2.06067528738573E-5
"csfml","YEM","jmilk",2.06067528738573E-5
"csfml","ZAF","jbeef",0.0804560649636731
"csfml","ZAF","jpork",0.0804560649636731
"csfml","ZAF","jlamb",0.0804560649636731
"csfml","ZAF","jpoul",0.0804560649636731
"csfml","ZAF","jeggs",0.0804560649636731
"csfml","ZAF","jmilk",0.0804560649636731
"csfml","ZMB","jbeef",0.016186716477003
"csfml","ZMB","jpork",0.016186716477003
"csfml","ZMB","jlamb",0.016186716477003
"csfml","ZMB","jpoul",0.016186716477003
"csfml","ZMB","jeggs",0.016186716477003
"csfml","ZMB","jmilk",0.016186716477003
"csfml","ZWE","jbeef",0.00735385740461945
"csfml","ZWE","jpork",0.00735385740461945
"csfml","ZWE","jlamb",0.00735385740461945
"csfml","ZWE","jpoul",0.00735385740461945
"csfml","ZWE","jeggs",0.00735385740461945
"csfml","ZWE","jmilk",0.00735385740461945
"cpkml","AGO","jbeef",0.0248560923191644
"cpkml","AGO","jpork",0.0248560923191644
"cpkml","AGO","jlamb",0.0248560923191644
"cpkml","AGO","jpoul",0.0248560923191644
"cpkml","AGO","jeggs",0.0248560923191644
"cpkml","AGO","jmilk",0.0248560923191644
"cpkml","ALB","jbeef",4.69777586038926E-6
"cpkml","ALB","jpork",4.69777586038926E-6
"cpkml","ALB","jlamb",4.69777586038926E-6
"cpkml","ALB","jpoul",4.69777586038926E-6
"cpkml","ALB","jeggs",4.69777586038926E-6
"cpkml","ALB","jmilk",4.69777586038926E-6
"cpkml","AUS","jbeef",0.00125252581767144
"cpkml","AUS","jpork",0.00125252581767144
"cpkml","AUS","jlamb",0.00125252581767144
"cpkml","AUS","jpoul",0.00125252581767144
"cpkml","AUS","jeggs",0.00125252581767144
"cpkml","AUS","jmilk",0.00125252581767144
"cpkml","AUT","jbeef",0.000343056615678503
"cpkml","AUT","jpork",0.000343056615678503
"cpkml","AUT","jlamb",0.000343056615678503
"cpkml","AUT","jpoul",0.000343056615678503
"cpkml","AUT","jeggs",0.000343056615678503
"cpkml","AUT","jmilk",0.000343056615678503
"cpkml","BDI","jbeef",0.0108800308107067
"cpkml","BDI","jpork",0.0108800308107067
"cpkml","BDI","jlamb",0.0108800308107067
"cpkml","BDI","jpoul",0.0108800308107067
"cpkml","BDI","jeggs",0.0108800308107067
"cpkml","BDI","jmilk",0.0108800308107067
"cpkml","BEN","jbeef",0.0551768483158027
"cpkml","BEN","jpork",0.0551768483158027
"cpkml","BEN","jlamb",0.0551768483158027
"cpkml","BEN","jpoul",0.0551768483158027
"cpkml","BEN","jeggs",0.0551768483158027
"cpkml","BEN","jmilk",0.0551768483158027
"cpkml","BGR","jbeef",5.64489594549968E-6
"cpkml","BGR","jpork",5.64489594549968E-6
"cpkml","BGR","jlamb",5.64489594549968E-6
"cpkml","BGR","jpoul",5.64489594549968E-6
"cpkml","BGR","jeggs",5.64489594549968E-6
"cpkml","BGR","jmilk",5.64489594549968E-6
"cpkml","BLX","jbeef",0.0105549654213894
"cpkml","BLX","jpork",0.0105549654213894
"cpkml","BLX","jlamb",0.0105549654213894
"cpkml","BLX","jpoul",0.0105549654213894
"cpkml","BLX","jeggs",0.0105549654213894
"cpkml","BLX","jmilk",0.0105549654213894
"cpkml","BLZ","jbeef",0.0101789238149497
"cpkml","BLZ","jpork",0.0101789238149497
"cpkml","BLZ","jlamb",0.0101789238149497
"cpkml","BLZ","jpoul",0.0101789238149497
"cpkml","BLZ","jeggs",0.0101789238149497
"cpkml","BLZ","jmilk",0.0101789238149497
"cpkml","BOL","jbeef",0.00396749072025727
"cpkml","BOL","jpork",0.00396749072025727
"cpkml","BOL","jlamb",0.00396749072025727
"cpkml","BOL","jpoul",0.00396749072025727
"cpkml","BOL","jeggs",0.00396749072025727
"cpkml","BOL","jmilk",0.00396749072025727
"cpkml","BRA","jbeef",0.00114928124243046
"cpkml","BRA","jpork",0.00114928124243046
"cpkml","BRA","jlamb",0.00114928124243046
"cpkml","BRA","jpoul",0.00114928124243046
"cpkml","BRA","jeggs",0.00114928124243046
"cpkml","BRA","jmilk",0.00114928124243046
"cpkml","BWA","jbeef",6.53402594008298E-5
"cpkml","BWA","jpork",6.53402594008298E-5
"cpkml","BWA","jlamb",6.53402594008298E-5
"cpkml","BWA","jpoul",6.53402594008298E-5
"cpkml","BWA","jeggs",6.53402594008298E-5
"cpkml","BWA","jmilk",6.53402594008298E-5
"cpkml","CAN","jbeef",3.47490942982697E-7
"cpkml","CAN","jpork",3.47490942982697E-7
"cpkml","CAN","jlamb",3.47490942982697E-7
"cpkml","CAN","jpoul",3.47490942982697E-7
"cpkml","CAN","jeggs",3.47490942982697E-7
"cpkml","CAN","jmilk",3.47490942982697E-7
"cpkml","CHM","jbeef",0.000810451256560203
"cpkml","CHM","jpork",0.000810451256560203
"cpkml","CHM","jlamb",0.000810451256560203
"cpkml","CHM","jpoul",0.000810451256560203
"cpkml","CHM","jeggs",0.000810451256560203
"cpkml","CHM","jmilk",0.000810451256560203
"cpkml","CHP","jbeef",0.000343056615678503
"cpkml","CHP","jpork",0.000343056615678503
"cpkml","CHP","jlamb",0.000343056615678503
"cpkml","CHP","jpoul",0.000343056615678503
"cpkml","CHP","jeggs",0.000343056615678503
"cpkml","CHP","jmilk",0.000343056615678503
"cpkml","CIV","jbeef",0.0687930643501317
"cpkml","CIV","jpork",0.0687930643501317
"cpkml","CIV","jlamb",0.0687930643501317
"cpkml","CIV","jpoul",0.0687930643501317
"cpkml","CIV","jeggs",0.0687930643501317
"cpkml","CIV","jmilk",0.0687930643501317
"cpkml","CMR","jbeef",0.0821952627899973
"cpkml","CMR","jpork",0.0821952627899973
"cpkml","CMR","jlamb",0.0821952627899973
"cpkml","CMR","jpoul",0.0821952627899973
"cpkml","CMR","jeggs",0.0821952627899973
"cpkml","CMR","jmilk",0.0821952627899973
"cpkml","COD","jbeef",0.401046616682507
"cpkml","COD","jpork",0.401046616682507
"cpkml","COD","jlamb",0.401046616682507
"cpkml","COD","jpoul",0.401046616682507
"cpkml","COD","jeggs",0.401046616682507
"cpkml","COD","jmilk",0.401046616682507
"cpkml","COL","jbeef",0.00795520464670642
"cpkml","COL","jpork",0.00795520464670642
"cpkml","COL","jlamb",0.00795520464670642
"cpkml","COL","jpoul",0.00795520464670642
"cpkml","COL","jeggs",0.00795520464670642
"cpkml","COL","jmilk",0.00795520464670642
"cpkml","CRB","jbeef",0.00110280719680277
"cpkml","CRB","jpork",0.00110280719680277
"cpkml","CRB","jlamb",0.00110280719680277
"cpkml","CRB","jpoul",0.00110280719680277
"cpkml","CRB","jeggs",0.00110280719680277
"cpkml","CRB","jmilk",0.00110280719680277
"cpkml","CRI","jbeef",0.0101789238149497
"cpkml","CRI","jpork",0.0101789238149497
"cpkml","CRI","jlamb",0.0101789238149497
"cpkml","CRI","jpoul",0.0101789238149497
"cpkml","CRI","jeggs",0.0101789238149497
"cpkml","CRI","jmilk",0.0101789238149497
"cpkml","CUB","jbeef",0.0101789238149497
"cpkml","CUB","jpork",0.0101789238149497
"cpkml","CUB","jlamb",0.0101789238149497
"cpkml","CUB","jpoul",0.0101789238149497
"cpkml","CUB","jeggs",0.0101789238149497
"cpkml","CUB","jmilk",0.0101789238149497
"cpkml","CZE","jbeef",5.64489594549968E-6
"cpkml","CZE","jpork",5.64489594549968E-6
"cpkml","CZE","jlamb",5.64489594549968E-6
"cpkml","CZE","jpoul",5.64489594549968E-6
"cpkml","CZE","jeggs",5.64489594549968E-6
"cpkml","CZE","jmilk",5.64489594549968E-6
"cpkml","DEU","jbeef",0.0150021182185055
"cpkml","DEU","jpork",0.0150021182185055
"cpkml","DEU","jlamb",0.0150021182185055
"cpkml","DEU","jpoul",0.0150021182185055
"cpkml","DEU","jeggs",0.0150021182185055
"cpkml","DEU","jmilk",0.0150021182185055
"cpkml","DNK","jbeef",0.00648229549681716
"cpkml","DNK","jpork",0.00648229549681716
"cpkml","DNK","jlamb",0.00648229549681716
"cpkml","DNK","jpoul",0.00648229549681716
"cpkml","DNK","jeggs",0.00648229549681716
"cpkml","DNK","jmilk",0.00648229549681716
"cpkml","DOM","jbeef",0.0101789238149497
"cpkml","DOM","jpork",0.0101789238149497
"cpkml","DOM","jlamb",0.0101789238149497
"cpkml","DOM","jpoul",0.0101789238149497
"cpkml","DOM","jeggs",0.0101789238149497
"cpkml","DOM","jmilk",0.0101789238149497
"cpkml","ECU","jbeef",0.00514260537406747
"cpkml","ECU","jpork",0.00514260537406747
"cpkml","ECU","jlamb",0.00514260537406747
"cpkml","ECU","jpoul",0.00514260537406747
"cpkml","ECU","jeggs",0.00514260537406747
"cpkml","ECU","jmilk",0.00514260537406747
"cpkml","EGY","jbeef",2.52644301582513E-5
"cpkml","EGY","jpork",2.52644301582513E-5
"cpkml","EGY","jlamb",2.52644301582513E-5
"cpkml","EGY","jpoul",2.52644301582513E-5
"cpkml","EGY","jeggs",2.52644301582513E-5
"cpkml","EGY","jmilk",2.52644301582513E-5
"cpkml","FJI","jbeef",0.00110280719680277
"cpkml","FJI","jpork",0.00110280719680277
"cpkml","FJI","jlamb",0.00110280719680277
"cpkml","FJI","jpoul",0.00110280719680277
"cpkml","FJI","jeggs",0.00110280719680277
"cpkml","FJI","jmilk",0.00110280719680277
"cpkml","FNP","jbeef",0.00648229549681716
"cpkml","FNP","jpork",0.00648229549681716
"cpkml","FNP","jlamb",0.00648229549681716
"cpkml","FNP","jpoul",0.00648229549681716
"cpkml","FNP","jeggs",0.00648229549681716
"cpkml","FNP","jmilk",0.00648229549681716
"cpkml","FRP","jbeef",0.00157382458137702
"cpkml","FRP","jpork",0.00157382458137702
"cpkml","FRP","jlamb",0.00157382458137702
"cpkml","FRP","jpoul",0.00157382458137702
"cpkml","FRP","jeggs",0.00157382458137702
"cpkml","FRP","jmilk",0.00157382458137702
"cpkml","GHA","jbeef",0.0873181256084406
"cpkml","GHA","jpork",0.0873181256084406
"cpkml","GHA","jlamb",0.0873181256084406
"cpkml","GHA","jpoul",0.0873181256084406
"cpkml","GHA","jeggs",0.0873181256084406
"cpkml","GHA","jmilk",0.0873181256084406
"cpkml","GIN","jbeef",0.0385178900972455
"cpkml","GIN","jpork",0.0385178900972455
"cpkml","GIN","jlamb",0.0385178900972455
"cpkml","GIN","jpoul",0.0385178900972455
"cpkml","GIN","jeggs",0.0385178900972455
"cpkml","GIN","jmilk",0.0385178900972455
"cpkml","GNB","jbeef",0.0774240561096689
"cpkml","GNB","jpork",0.0774240561096689
"cpkml","GNB","jlamb",0.0774240561096689
"cpkml","GNB","jpoul",0.0774240561096689
"cpkml","GNB","jeggs",0.0774240561096689
"cpkml","GNB","jmilk",0.0774240561096689
"cpkml","GRC","jbeef",4.69777586038926E-6
"cpkml","GRC","jpork",4.69777586038926E-6
"cpkml","GRC","jlamb",4.69777586038926E-6
"cpkml","GRC","jpoul",4.69777586038926E-6
"cpkml","GRC","jeggs",4.69777586038926E-6
"cpkml","GRC","jmilk",4.69777586038926E-6
"cpkml","GSA","jbeef",0.00245740379659766
"cpkml","GSA","jpork",0.00245740379659766
"cpkml","GSA","jlamb",0.00245740379659766
"cpkml","GSA","jpoul",0.00245740379659766
"cpkml","GSA","jeggs",0.00245740379659766
"cpkml","GSA","jmilk",0.00245740379659766
"cpkml","GTM","jbeef",0.0101789238149497
"cpkml","GTM","jpork",0.0101789238149497
"cpkml","GTM","jlamb",0.0101789238149497
"cpkml","GTM","jpoul",0.0101789238149497
"cpkml","GTM","jeggs",0.0101789238149497
"cpkml","GTM","jmilk",0.0101789238149497
"cpkml","HND","jbeef",0.0101789238149497
"cpkml","HND","jpork",0.0101789238149497
"cpkml","HND","jlamb",0.0101789238149497
"cpkml","HND","jpoul",0.0101789238149497
"cpkml","HND","jeggs",0.0101789238149497
"cpkml","HND","jmilk",0.0101789238149497
"cpkml","HRV","jbeef",4.69777586038926E-6
"cpkml","HRV","jpork",4.69777586038926E-6
"cpkml","HRV","jlamb",4.69777586038926E-6
"cpkml","HRV","jpoul",4.69777586038926E-6
"cpkml","HRV","jeggs",4.69777586038926E-6
"cpkml","HRV","jmilk",4.69777586038926E-6
"cpkml","HTI","jbeef",0.0101789238149497
"cpkml","HTI","jpork",0.0101789238149497
"cpkml","HTI","jlamb",0.0101789238149497
"cpkml","HTI","jpoul",0.0101789238149497
"cpkml","HTI","jeggs",0.0101789238149497
"cpkml","HTI","jmilk",0.0101789238149497
"cpkml","HUN","jbeef",5.64489594549968E-6
"cpkml","HUN","jpork",5.64489594549968E-6
"cpkml","HUN","jlamb",5.64489594549968E-6
"cpkml","HUN","jpoul",5.64489594549968E-6
"cpkml","HUN","jeggs",5.64489594549968E-6
"cpkml","HUN","jmilk",5.64489594549968E-6
"cpkml","IDN","jbeef",0.00554895289122561
"cpkml","IDN","jpork",0.00554895289122561
"cpkml","IDN","jlamb",0.00554895289122561
"cpkml","IDN","jpoul",0.00554895289122561
"cpkml","IDN","jeggs",0.00554895289122561
"cpkml","IDN","jmilk",0.00554895289122561
"cpkml","IRL","jbeef",0.0189026882711896
"cpkml","IRL","jpork",0.0189026882711896
"cpkml","IRL","jlamb",0.0189026882711896
"cpkml","IRL","jpoul",0.0189026882711896
"cpkml","IRL","jeggs",0.0189026882711896
"cpkml","IRL","jmilk",0.0189026882711896
"cpkml","ISL","jbeef",0.00648229549681716
"cpkml","ISL","jpork",0.00648229549681716
"cpkml","ISL","jlamb",0.00648229549681716
"cpkml","ISL","jpoul",0.00648229549681716
"cpkml","ISL","jeggs",0.00648229549681716
"cpkml","ISL","jmilk",0.00648229549681716
"cpkml","ITP","jbeef",0.00114516869081982
"cpkml","ITP","jpork",0.00114516869081982
"cpkml","ITP","jlamb",0.00114516869081982
"cpkml","ITP","jpoul",0.00114516869081982
"cpkml","ITP","jeggs",0.00114516869081982
"cpkml","ITP","jmilk",0.00114516869081982
"cpkml","JAM","jbeef",0.00110280719680277
"cpkml","JAM","jpork",0.00110280719680277
"cpkml","JAM","jlamb",0.00110280719680277
"cpkml","JAM","jpoul",0.00110280719680277
"cpkml","JAM","jeggs",0.00110280719680277
"cpkml","JAM","jmilk",0.00110280719680277
"cpkml","JPN","jbeef",0.000922840021321158
"cpkml","JPN","jpork",0.000922840021321158
"cpkml","JPN","jlamb",0.000922840021321158
"cpkml","JPN","jpoul",0.000922840021321158
"cpkml","JPN","jeggs",0.000922840021321158
"cpkml","JPN","jmilk",0.000922840021321158
"cpkml","KOR","jbeef",0.0509074807893196
"cpkml","KOR","jpork",0.0509074807893196
"cpkml","KOR","jlamb",0.0509074807893196
"cpkml","KOR","jpoul",0.0509074807893196
"cpkml","KOR","jeggs",0.0509074807893196
"cpkml","KOR","jmilk",0.0509074807893196
"cpkml","LBR","jbeef",0.233125508267823
"cpkml","LBR","jpork",0.233125508267823
"cpkml","LBR","jlamb",0.233125508267823
"cpkml","LBR","jpoul",0.233125508267823
"cpkml","LBR","jeggs",0.233125508267823
"cpkml","LBR","jmilk",0.233125508267823
"cpkml","MDA","jbeef",5.64489594549968E-6
"cpkml","MDA","jpork",5.64489594549968E-6
"cpkml","MDA","jlamb",5.64489594549968E-6
"cpkml","MDA","jpoul",5.64489594549968E-6
"cpkml","MDA","jeggs",5.64489594549968E-6
"cpkml","MDA","jmilk",5.64489594549968E-6
"cpkml","MDG","jbeef",0.00141209752537065
"cpkml","MDG","jpork",0.00141209752537065
"cpkml","MDG","jlamb",0.00141209752537065
"cpkml","MDG","jpoul",0.00141209752537065
"cpkml","MDG","jeggs",0.00141209752537065
"cpkml","MDG","jmilk",0.00141209752537065
"cpkml","MEX","jbeef",0.000245928887311254
"cpkml","MEX","jpork",0.000245928887311254
"cpkml","MEX","jlamb",0.000245928887311254
"cpkml","MEX","jpoul",0.000245928887311254
"cpkml","MEX","jeggs",0.000245928887311254
"cpkml","MEX","jmilk",0.000245928887311254
"cpkml","MYS","jbeef",0.0459426498134021
"cpkml","MYS","jpork",0.0459426498134021
"cpkml","MYS","jlamb",0.0459426498134021
"cpkml","MYS","jpoul",0.0459426498134021
"cpkml","MYS","jeggs",0.0459426498134021
"cpkml","MYS","jmilk",0.0459426498134021
"cpkml","NGA","jbeef",0.0600481140566939
"cpkml","NGA","jpork",0.0600481140566939
"cpkml","NGA","jlamb",0.0600481140566939
"cpkml","NGA","jpoul",0.0600481140566939
"cpkml","NGA","jeggs",0.0600481140566939
"cpkml","NGA","jmilk",0.0600481140566939
"cpkml","NIC","jbeef",0.0101789238149497
"cpkml","NIC","jpork",0.0101789238149497
"cpkml","NIC","jlamb",0.0101789238149497
"cpkml","NIC","jpoul",0.0101789238149497
"cpkml","NIC","jeggs",0.0101789238149497
"cpkml","NIC","jmilk",0.0101789238149497
"cpkml","NLD","jbeef",0.0510721299863338
"cpkml","NLD","jpork",0.0510721299863338
"cpkml","NLD","jlamb",0.0510721299863338
"cpkml","NLD","jpoul",0.0510721299863338
"cpkml","NLD","jeggs",0.0510721299863338
"cpkml","NLD","jmilk",0.0510721299863338
"cpkml","NOR","jbeef",0.00648229549681716
"cpkml","NOR","jpork",0.00648229549681716
"cpkml","NOR","jlamb",0.00648229549681716
"cpkml","NOR","jpoul",0.00648229549681716
"cpkml","NOR","jeggs",0.00648229549681716
"cpkml","NOR","jmilk",0.00648229549681716
"cpkml","NZL","jbeef",8.22994557444995E-5
"cpkml","NZL","jpork",8.22994557444995E-5
"cpkml","NZL","jlamb",8.22994557444995E-5
"cpkml","NZL","jpoul",8.22994557444995E-5
"cpkml","NZL","jeggs",8.22994557444995E-5
"cpkml","NZL","jmilk",8.22994557444995E-5
"cpkml","OAO","jbeef",0.00110280719680277
"cpkml","OAO","jpork",0.00110280719680277
"cpkml","OAO","jlamb",0.00110280719680277
"cpkml","OAO","jpoul",0.00110280719680277
"cpkml","OAO","jeggs",0.00110280719680277
"cpkml","OAO","jmilk",0.00110280719680277
"cpkml","OBN","jbeef",4.69777586038926E-6
"cpkml","OBN","jpork",4.69777586038926E-6
"cpkml","OBN","jlamb",4.69777586038926E-6
"cpkml","OBN","jpoul",4.69777586038926E-6
"cpkml","OBN","jeggs",4.69777586038926E-6
"cpkml","OBN","jmilk",4.69777586038926E-6
"cpkml","OIO","jbeef",0.00110280719680277
"cpkml","OIO","jpork",0.00110280719680277
"cpkml","OIO","jlamb",0.00110280719680277
"cpkml","OIO","jpoul",0.00110280719680277
"cpkml","OIO","jeggs",0.00110280719680277
"cpkml","OIO","jmilk",0.00110280719680277
"cpkml","OPO","jbeef",0.00110280719680277
"cpkml","OPO","jpork",0.00110280719680277
"cpkml","OPO","jlamb",0.00110280719680277
"cpkml","OPO","jpoul",0.00110280719680277
"cpkml","OPO","jeggs",0.00110280719680277
"cpkml","OPO","jmilk",0.00110280719680277
"cpkml","PAN","jbeef",0.0101789238149497
"cpkml","PAN","jpork",0.0101789238149497
"cpkml","PAN","jlamb",0.0101789238149497
"cpkml","PAN","jpoul",0.0101789238149497
"cpkml","PAN","jeggs",0.0101789238149497
"cpkml","PAN","jmilk",0.0101789238149497
"cpkml","PER","jbeef",0.00188024066691957
"cpkml","PER","jpork",0.00188024066691957
"cpkml","PER","jlamb",0.00188024066691957
"cpkml","PER","jpoul",0.00188024066691957
"cpkml","PER","jeggs",0.00188024066691957
"cpkml","PER","jmilk",0.00188024066691957
"cpkml","PHL","jbeef",0.00319257268659643
"cpkml","PHL","jpork",0.00319257268659643
"cpkml","PHL","jlamb",0.00319257268659643
"cpkml","PHL","jpoul",0.00319257268659643
"cpkml","PHL","jeggs",0.00319257268659643
"cpkml","PHL","jmilk",0.00319257268659643
"cpkml","POL","jbeef",5.67331251920562E-6
"cpkml","POL","jpork",5.67331251920562E-6
"cpkml","POL","jlamb",5.67331251920562E-6
"cpkml","POL","jpoul",5.67331251920562E-6
"cpkml","POL","jeggs",5.67331251920562E-6
"cpkml","POL","jmilk",5.67331251920562E-6
"cpkml","PRT","jbeef",0.0109049126433227
"cpkml","PRT","jpork",0.0109049126433227
"cpkml","PRT","jlamb",0.0109049126433227
"cpkml","PRT","jpoul",0.0109049126433227
"cpkml","PRT","jeggs",0.0109049126433227
"cpkml","PRT","jmilk",0.0109049126433227
"cpkml","PRY","jbeef",0.00396749072025727
"cpkml","PRY","jpork",0.00396749072025727
"cpkml","PRY","jlamb",0.00396749072025727
"cpkml","PRY","jpoul",0.00396749072025727
"cpkml","PRY","jeggs",0.00396749072025727
"cpkml","PRY","jmilk",0.00396749072025727
"cpkml","PSE","jbeef",0.233125508267823
"cpkml","PSE","jpork",0.233125508267823
"cpkml","PSE","jlamb",0.233125508267823
"cpkml","PSE","jpoul",0.233125508267823
"cpkml","PSE","jeggs",0.233125508267823
"cpkml","PSE","jmilk",0.233125508267823
"cpkml","RAP","jbeef",2.33361241154278E-5
"cpkml","RAP","jpork",2.33361241154278E-5
"cpkml","RAP","jlamb",2.33361241154278E-5
"cpkml","RAP","jpoul",2.33361241154278E-5
"cpkml","RAP","jeggs",2.33361241154278E-5
"cpkml","RAP","jmilk",2.33361241154278E-5
"cpkml","ROU","jbeef",5.64489594549968E-6
"cpkml","ROU","jpork",5.64489594549968E-6
"cpkml","ROU","jlamb",5.64489594549968E-6
"cpkml","ROU","jpoul",5.64489594549968E-6
"cpkml","ROU","jeggs",5.64489594549968E-6
"cpkml","ROU","jmilk",5.64489594549968E-6
"cpkml","SAU","jbeef",2.33361241154278E-5
"cpkml","SAU","jpork",2.33361241154278E-5
"cpkml","SAU","jlamb",2.33361241154278E-5
"cpkml","SAU","jpoul",2.33361241154278E-5
"cpkml","SAU","jeggs",2.33361241154278E-5
"cpkml","SAU","jmilk",2.33361241154278E-5
"cpkml","SEN","jbeef",0.00850688517127575
"cpkml","SEN","jpork",0.00850688517127575
"cpkml","SEN","jlamb",0.00850688517127575
"cpkml","SEN","jpoul",0.00850688517127575
"cpkml","SEN","jeggs",0.00850688517127575
"cpkml","SEN","jmilk",0.00850688517127575
"cpkml","SLB","jbeef",0.00110280719680277
"cpkml","SLB","jpork",0.00110280719680277
"cpkml","SLB","jlamb",0.00110280719680277
"cpkml","SLB","jpoul",0.00110280719680277
"cpkml","SLB","jeggs",0.00110280719680277
"cpkml","SLB","jmilk",0.00110280719680277
"cpkml","SLE","jbeef",0.223287443330699
"cpkml","SLE","jpork",0.223287443330699
"cpkml","SLE","jlamb",0.223287443330699
"cpkml","SLE","jpoul",0.223287443330699
"cpkml","SLE","jeggs",0.223287443330699
"cpkml","SLE","jmilk",0.223287443330699
"cpkml","SLV","jbeef",0.0101789238149497
"cpkml","SLV","jpork",0.0101789238149497
"cpkml","SLV","jlamb",0.0101789238149497
"cpkml","SLV","jpoul",0.0101789238149497
"cpkml","SLV","jeggs",0.0101789238149497
"cpkml","SLV","jmilk",0.0101789238149497
"cpkml","SPP","jbeef",0.0109049126433227
"cpkml","SPP","jpork",0.0109049126433227
"cpkml","SPP","jlamb",0.0109049126433227
"cpkml","SPP","jpoul",0.0109049126433227
"cpkml","SPP","jeggs",0.0109049126433227
"cpkml","SPP","jmilk",0.0109049126433227
"cpkml","SVK","jbeef",5.64489594549968E-6
"cpkml","SVK","jpork",5.64489594549968E-6
"cpkml","SVK","jlamb",5.64489594549968E-6
"cpkml","SVK","jpoul",5.64489594549968E-6
"cpkml","SVK","jeggs",5.64489594549968E-6
"cpkml","SVK","jmilk",5.64489594549968E-6
"cpkml","SVN","jbeef",4.69777586038926E-6
"cpkml","SVN","jpork",4.69777586038926E-6
"cpkml","SVN","jlamb",4.69777586038926E-6
"cpkml","SVN","jpoul",4.69777586038926E-6
"cpkml","SVN","jeggs",4.69777586038926E-6
"cpkml","SVN","jmilk",4.69777586038926E-6
"cpkml","SWE","jbeef",0.00648229549681716
"cpkml","SWE","jpork",0.00648229549681716
"cpkml","SWE","jlamb",0.00648229549681716
"cpkml","SWE","jpoul",0.00648229549681716
"cpkml","SWE","jeggs",0.00648229549681716
"cpkml","SWE","jmilk",0.00648229549681716
"cpkml","TGO","jbeef",0.250311401226684
"cpkml","TGO","jpork",0.250311401226684
"cpkml","TGO","jlamb",0.250311401226684
"cpkml","TGO","jpoul",0.250311401226684
"cpkml","TGO","jeggs",0.250311401226684
"cpkml","TGO","jmilk",0.250311401226684
"cpkml","THA","jbeef",0.0177086264172547
"cpkml","THA","jpork",0.0177086264172547
"cpkml","THA","jlamb",0.0177086264172547
"cpkml","THA","jpoul",0.0177086264172547
"cpkml","THA","jeggs",0.0177086264172547
"cpkml","THA","jmilk",0.0177086264172547
"cpkml","TZA","jbeef",0.00310758679811402
"cpkml","TZA","jpork",0.00310758679811402
"cpkml","TZA","jlamb",0.00310758679811402
"cpkml","TZA","jpoul",0.00310758679811402
"cpkml","TZA","jeggs",0.00310758679811402
"cpkml","TZA","jmilk",0.00310758679811402
"cpkml","UKP","jbeef",0.0189026882711896
"cpkml","UKP","jpork",0.0189026882711896
"cpkml","UKP","jlamb",0.0189026882711896
"cpkml","UKP","jpoul",0.0189026882711896
"cpkml","UKP","jeggs",0.0189026882711896
"cpkml","UKP","jmilk",0.0189026882711896
"cpkml","VEN","jbeef",0.00245740379659766
"cpkml","VEN","jpork",0.00245740379659766
"cpkml","VEN","jlamb",0.00245740379659766
"cpkml","VEN","jpoul",0.00245740379659766
"cpkml","VEN","jeggs",0.00245740379659766
"cpkml","VEN","jmilk",0.00245740379659766
"cpkml","VUT","jbeef",0.00110280719680277
"cpkml","VUT","jpork",0.00110280719680277
"cpkml","VUT","jlamb",0.00110280719680277
"cpkml","VUT","jpoul",0.00110280719680277
"cpkml","VUT","jeggs",0.00110280719680277
"cpkml","VUT","jmilk",0.00110280719680277
"cpkml","YEM","jbeef",2.33361241154278E-5
"cpkml","YEM","jpork",2.33361241154278E-5
"cpkml","YEM","jlamb",2.33361241154278E-5
"cpkml","YEM","jpoul",2.33361241154278E-5
"cpkml","YEM","jeggs",2.33361241154278E-5
"cpkml","YEM","jmilk",2.33361241154278E-5
"cpkml","ZAF","jbeef",0.000804023025687265
"cpkml","ZAF","jpork",0.000804023025687265
"cpkml","ZAF","jlamb",0.000804023025687265
"cpkml","ZAF","jpoul",0.000804023025687265
"cpkml","ZAF","jeggs",0.000804023025687265
"cpkml","ZAF","jmilk",0.000804023025687265
"ctols","ALB","jbeef",0.000825205342206313
"ctols","ALB","jpork",0.000825205342206313
"ctols","ALB","jlamb",0.000825205342206313
"ctols","ALB","jpoul",0.000825205342206313
"ctols","ALB","jeggs",0.000825205342206313
"ctols","ALB","jmilk",0.000825205342206313
"ctols","ARG","jbeef",6.38201359882232E-6
"ctols","ARG","jpork",6.38201359882232E-6
"ctols","ARG","jlamb",6.38201359882232E-6
"ctols","ARG","jpoul",6.38201359882232E-6
"ctols","ARG","jeggs",6.38201359882232E-6
"ctols","ARG","jmilk",6.38201359882232E-6
"ctols","ARM","jbeef",0.00586641073614635
"ctols","ARM","jpork",0.00586641073614635
"ctols","ARM","jlamb",0.00586641073614635
"ctols","ARM","jpoul",0.00586641073614635
"ctols","ARM","jeggs",0.00586641073614635
"ctols","ARM","jmilk",0.00586641073614635
"ctols","AUT","jbeef",0.00277045889193977
"ctols","AUT","jpork",0.00277045889193977
"ctols","AUT","jlamb",0.00277045889193977
"ctols","AUT","jpoul",0.00277045889193977
"ctols","AUT","jeggs",0.00277045889193977
"ctols","AUT","jmilk",0.00277045889193977
"ctols","AZE","jbeef",0.00586641073614635
"ctols","AZE","jpork",0.00586641073614635
"ctols","AZE","jlamb",0.00586641073614635
"ctols","AZE","jpoul",0.00586641073614635
"ctols","AZE","jeggs",0.00586641073614635
"ctols","AZE","jmilk",0.00586641073614635
"ctols","BGR","jbeef",0.000724019262574959
"ctols","BGR","jpork",0.000724019262574959
"ctols","BGR","jlamb",0.000724019262574959
"ctols","BGR","jpoul",0.000724019262574959
"ctols","BGR","jeggs",0.000724019262574959
"ctols","BGR","jmilk",0.000724019262574959
"ctols","BLR","jbeef",0.00547293075935068
"ctols","BLR","jpork",0.00547293075935068
"ctols","BLR","jlamb",0.00547293075935068
"ctols","BLR","jpoul",0.00547293075935068
"ctols","BLR","jeggs",0.00547293075935068
"ctols","BLR","jmilk",0.00547293075935068
"ctols","BLT","jbeef",0.00547293075935068
"ctols","BLT","jpork",0.00547293075935068
"ctols","BLT","jlamb",0.00547293075935068
"ctols","BLT","jpoul",0.00547293075935068
"ctols","BLT","jeggs",0.00547293075935068
"ctols","BLT","jmilk",0.00547293075935068
"ctols","BLZ","jbeef",0.00519313001540343
"ctols","BLZ","jpork",0.00519313001540343
"ctols","BLZ","jlamb",0.00519313001540343
"ctols","BLZ","jpoul",0.00519313001540343
"ctols","BLZ","jeggs",0.00519313001540343
"ctols","BLZ","jmilk",0.00519313001540343
"ctols","BOL","jbeef",4.07405954087922E-6
"ctols","BOL","jpork",4.07405954087922E-6
"ctols","BOL","jlamb",4.07405954087922E-6
"ctols","BOL","jpoul",4.07405954087922E-6
"ctols","BOL","jeggs",4.07405954087922E-6
"ctols","BOL","jmilk",4.07405954087922E-6
"ctols","BWA","jbeef",0.00319513868470058
"ctols","BWA","jpork",0.00319513868470058
"ctols","BWA","jlamb",0.00319513868470058
"ctols","BWA","jpoul",0.00319513868470058
"ctols","BWA","jeggs",0.00319513868470058
"ctols","BWA","jmilk",0.00319513868470058
"ctols","CAF","jbeef",0.00152642114494976
"ctols","CAF","jpork",0.00152642114494976
"ctols","CAF","jlamb",0.00152642114494976
"ctols","CAF","jpoul",0.00152642114494976
"ctols","CAF","jeggs",0.00152642114494976
"ctols","CAF","jmilk",0.00152642114494976
"ctols","CHL","jbeef",2.07568330521431E-5
"ctols","CHL","jpork",2.07568330521431E-5
"ctols","CHL","jlamb",2.07568330521431E-5
"ctols","CHL","jpoul",2.07568330521431E-5
"ctols","CHL","jeggs",2.07568330521431E-5
"ctols","CHL","jmilk",2.07568330521431E-5
"ctols","CHM","jbeef",0.0110953075709524
"ctols","CHM","jpork",0.0110953075709524
"ctols","CHM","jlamb",0.0110953075709524
"ctols","CHM","jpoul",0.0110953075709524
"ctols","CHM","jeggs",0.0110953075709524
"ctols","CHM","jmilk",0.0110953075709524
"ctols","CHP","jbeef",0.00277045889193977
"ctols","CHP","jpork",0.00277045889193977
"ctols","CHP","jlamb",0.00277045889193977
"ctols","CHP","jpoul",0.00277045889193977
"ctols","CHP","jeggs",0.00277045889193977
"ctols","CHP","jmilk",0.00277045889193977
"ctols","CMR","jbeef",0.00780970115920647
"ctols","CMR","jpork",0.00780970115920647
"ctols","CMR","jlamb",0.00780970115920647
"ctols","CMR","jpoul",0.00780970115920647
"ctols","CMR","jeggs",0.00780970115920647
"ctols","CMR","jmilk",0.00780970115920647
"ctols","COD","jbeef",0.00167396091223047
"ctols","COD","jpork",0.00167396091223047
"ctols","COD","jlamb",0.00167396091223047
"ctols","COD","jpoul",0.00167396091223047
"ctols","COD","jeggs",0.00167396091223047
"ctols","COD","jmilk",0.00167396091223047
"ctols","CRB","jbeef",0.00933031220493408
"ctols","CRB","jpork",0.00933031220493408
"ctols","CRB","jlamb",0.00933031220493408
"ctols","CRB","jpoul",0.00933031220493408
"ctols","CRB","jeggs",0.00933031220493408
"ctols","CRB","jmilk",0.00933031220493408
"ctols","CRI","jbeef",0.00519313001540343
"ctols","CRI","jpork",0.00519313001540343
"ctols","CRI","jlamb",0.00519313001540343
"ctols","CRI","jpoul",0.00519313001540343
"ctols","CRI","jeggs",0.00519313001540343
"ctols","CRI","jmilk",0.00519313001540343
"ctols","CUB","jbeef",0.00519313001540343
"ctols","CUB","jpork",0.00519313001540343
"ctols","CUB","jlamb",0.00519313001540343
"ctols","CUB","jpoul",0.00519313001540343
"ctols","CUB","jeggs",0.00519313001540343
"ctols","CUB","jmilk",0.00519313001540343
"ctols","CYP","jbeef",0.0256877864043422
"ctols","CYP","jpork",0.0256877864043422
"ctols","CYP","jlamb",0.0256877864043422
"ctols","CYP","jpoul",0.0256877864043422
"ctols","CYP","jeggs",0.0256877864043422
"ctols","CYP","jmilk",0.0256877864043422
"ctols","CZE","jbeef",0.000724019262574959
"ctols","CZE","jpork",0.000724019262574959
"ctols","CZE","jlamb",0.000724019262574959
"ctols","CZE","jpoul",0.000724019262574959
"ctols","CZE","jeggs",0.000724019262574959
"ctols","CZE","jmilk",0.000724019262574959
"ctols","DEU","jbeef",0.000299924993829112
"ctols","DEU","jpork",0.000299924993829112
"ctols","DEU","jlamb",0.000299924993829112
"ctols","DEU","jpoul",0.000299924993829112
"ctols","DEU","jeggs",0.000299924993829112
"ctols","DEU","jmilk",0.000299924993829112
"ctols","DNK","jbeef",0.00410030149937517
"ctols","DNK","jpork",0.00410030149937517
"ctols","DNK","jlamb",0.00410030149937517
"ctols","DNK","jpoul",0.00410030149937517
"ctols","DNK","jeggs",0.00410030149937517
"ctols","DNK","jmilk",0.00410030149937517
"ctols","DOM","jbeef",0.00519313001540343
"ctols","DOM","jpork",0.00519313001540343
"ctols","DOM","jlamb",0.00519313001540343
"ctols","DOM","jpoul",0.00519313001540343
"ctols","DOM","jeggs",0.00519313001540343
"ctols","DOM","jmilk",0.00519313001540343
"ctols","DZA","jbeef",6.03745079595828E-5
"ctols","DZA","jpork",6.03745079595828E-5
"ctols","DZA","jlamb",6.03745079595828E-5
"ctols","DZA","jpoul",6.03745079595828E-5
"ctols","DZA","jeggs",6.03745079595828E-5
"ctols","DZA","jmilk",6.03745079595828E-5
"ctols","ECU","jbeef",0.00273652595525465
"ctols","ECU","jpork",0.00273652595525465
"ctols","ECU","jlamb",0.00273652595525465
"ctols","ECU","jpoul",0.00273652595525465
"ctols","ECU","jeggs",0.00273652595525465
"ctols","ECU","jmilk",0.00273652595525465
"ctols","EGY","jbeef",3.66334237294644E-6
"ctols","EGY","jpork",3.66334237294644E-6
"ctols","EGY","jlamb",3.66334237294644E-6
"ctols","EGY","jpoul",3.66334237294644E-6
"ctols","EGY","jeggs",3.66334237294644E-6
"ctols","EGY","jmilk",3.66334237294644E-6
"ctols","ETH","jbeef",0.000153210419842571
"ctols","ETH","jpork",0.000153210419842571
"ctols","ETH","jlamb",0.000153210419842571
"ctols","ETH","jpoul",0.000153210419842571
"ctols","ETH","jeggs",0.000153210419842571
"ctols","ETH","jmilk",0.000153210419842571
"ctols","FJI","jbeef",0.00933031220493408
"ctols","FJI","jpork",0.00933031220493408
"ctols","FJI","jlamb",0.00933031220493408
"ctols","FJI","jpoul",0.00933031220493408
"ctols","FJI","jeggs",0.00933031220493408
"ctols","FJI","jmilk",0.00933031220493408
"ctols","FNP","jbeef",0.00410030149937517
"ctols","FNP","jpork",0.00410030149937517
"ctols","FNP","jlamb",0.00410030149937517
"ctols","FNP","jpoul",0.00410030149937517
"ctols","FNP","jeggs",0.00410030149937517
"ctols","FNP","jmilk",0.00410030149937517
"ctols","FRP","jbeef",0.00132421218312232
"ctols","FRP","jpork",0.00132421218312232
"ctols","FRP","jlamb",0.00132421218312232
"ctols","FRP","jpoul",0.00132421218312232
"ctols","FRP","jeggs",0.00132421218312232
"ctols","FRP","jmilk",0.00132421218312232
"ctols","GEO","jbeef",0.00586641073614635
"ctols","GEO","jpork",0.00586641073614635
"ctols","GEO","jlamb",0.00586641073614635
"ctols","GEO","jpoul",0.00586641073614635
"ctols","GEO","jeggs",0.00586641073614635
"ctols","GEO","jmilk",0.00586641073614635
"ctols","GHA","jbeef",0.000381508669455627
"ctols","GHA","jpork",0.000381508669455627
"ctols","GHA","jlamb",0.000381508669455627
"ctols","GHA","jpoul",0.000381508669455627
"ctols","GHA","jeggs",0.000381508669455627
"ctols","GHA","jmilk",0.000381508669455627
"ctols","GRC","jbeef",0.000825205342206313
"ctols","GRC","jpork",0.000825205342206313
"ctols","GRC","jlamb",0.000825205342206313
"ctols","GRC","jpoul",0.000825205342206313
"ctols","GRC","jeggs",0.000825205342206313
"ctols","GRC","jmilk",0.000825205342206313
"ctols","GSA","jbeef",0.00489313088950413
"ctols","GSA","jpork",0.00489313088950413
"ctols","GSA","jlamb",0.00489313088950413
"ctols","GSA","jpoul",0.00489313088950413
"ctols","GSA","jeggs",0.00489313088950413
"ctols","GSA","jmilk",0.00489313088950413
"ctols","GTM","jbeef",0.00519313001540343
"ctols","GTM","jpork",0.00519313001540343
"ctols","GTM","jlamb",0.00519313001540343
"ctols","GTM","jpoul",0.00519313001540343
"ctols","GTM","jeggs",0.00519313001540343
"ctols","GTM","jmilk",0.00519313001540343
"ctols","HND","jbeef",0.00519313001540343
"ctols","HND","jpork",0.00519313001540343
"ctols","HND","jlamb",0.00519313001540343
"ctols","HND","jpoul",0.00519313001540343
"ctols","HND","jeggs",0.00519313001540343
"ctols","HND","jmilk",0.00519313001540343
"ctols","HRV","jbeef",0.000825205342206313
"ctols","HRV","jpork",0.000825205342206313
"ctols","HRV","jlamb",0.000825205342206313
"ctols","HRV","jpoul",0.000825205342206313
"ctols","HRV","jeggs",0.000825205342206313
"ctols","HRV","jmilk",0.000825205342206313
"ctols","HTI","jbeef",0.00519313001540343
"ctols","HTI","jpork",0.00519313001540343
"ctols","HTI","jlamb",0.00519313001540343
"ctols","HTI","jpoul",0.00519313001540343
"ctols","HTI","jeggs",0.00519313001540343
"ctols","HTI","jmilk",0.00519313001540343
"ctols","HUN","jbeef",0.000724019262574959
"ctols","HUN","jpork",0.000724019262574959
"ctols","HUN","jlamb",0.000724019262574959
"ctols","HUN","jpoul",0.000724019262574959
"ctols","HUN","jeggs",0.000724019262574959
"ctols","HUN","jmilk",0.000724019262574959
"ctols","IND","jbeef",0.0066357508681333
"ctols","IND","jpork",0.0066357508681333
"ctols","IND","jlamb",0.0066357508681333
"ctols","IND","jpoul",0.0066357508681333
"ctols","IND","jeggs",0.0066357508681333
"ctols","IND","jmilk",0.0066357508681333
"ctols","IRL","jbeef",0.000741225862295256
"ctols","IRL","jpork",0.000741225862295256
"ctols","IRL","jlamb",0.000741225862295256
"ctols","IRL","jpoul",0.000741225862295256
"ctols","IRL","jeggs",0.000741225862295256
"ctols","IRL","jmilk",0.000741225862295256
"ctols","IRN","jbeef",8.37439628072441E-6
"ctols","IRN","jpork",8.37439628072441E-6
"ctols","IRN","jlamb",8.37439628072441E-6
"ctols","IRN","jpoul",8.37439628072441E-6
"ctols","IRN","jeggs",8.37439628072441E-6
"ctols","IRN","jmilk",8.37439628072441E-6
"ctols","ISL","jbeef",0.00410030149937517
"ctols","ISL","jpork",0.00410030149937517
"ctols","ISL","jlamb",0.00410030149937517
"ctols","ISL","jpoul",0.00410030149937517
"ctols","ISL","jeggs",0.00410030149937517
"ctols","ISL","jmilk",0.00410030149937517
"ctols","ISR","jbeef",0.0198661971886947
"ctols","ISR","jpork",0.0198661971886947
"ctols","ISR","jlamb",0.0198661971886947
"ctols","ISR","jpoul",0.0198661971886947
"ctols","ISR","jeggs",0.0198661971886947
"ctols","ISR","jmilk",0.0198661971886947
"ctols","ITP","jbeef",0.000573953184388066
"ctols","ITP","jpork",0.000573953184388066
"ctols","ITP","jlamb",0.000573953184388066
"ctols","ITP","jpoul",0.000573953184388066
"ctols","ITP","jeggs",0.000573953184388066
"ctols","ITP","jmilk",0.000573953184388066
"ctols","JAM","jbeef",0.00933031220493408
"ctols","JAM","jpork",0.00933031220493408
"ctols","JAM","jlamb",0.00933031220493408
"ctols","JAM","jpoul",0.00933031220493408
"ctols","JAM","jeggs",0.00933031220493408
"ctols","JAM","jmilk",0.00933031220493408
"ctols","JOR","jbeef",0.000222473031927593
"ctols","JOR","jpork",0.000222473031927593
"ctols","JOR","jlamb",0.000222473031927593
"ctols","JOR","jpoul",0.000222473031927593
"ctols","JOR","jeggs",0.000222473031927593
"ctols","JOR","jmilk",0.000222473031927593
"ctols","JPN","jbeef",0.00946408156599239
"ctols","JPN","jpork",0.00946408156599239
"ctols","JPN","jlamb",0.00946408156599239
"ctols","JPN","jpoul",0.00946408156599239
"ctols","JPN","jeggs",0.00946408156599239
"ctols","JPN","jmilk",0.00946408156599239
"ctols","KAZ","jbeef",0.00694979942482919
"ctols","KAZ","jpork",0.00694979942482919
"ctols","KAZ","jlamb",0.00694979942482919
"ctols","KAZ","jpoul",0.00694979942482919
"ctols","KAZ","jeggs",0.00694979942482919
"ctols","KAZ","jmilk",0.00694979942482919
"ctols","KEN","jbeef",0.000414158227339797
"ctols","KEN","jpork",0.000414158227339797
"ctols","KEN","jlamb",0.000414158227339797
"ctols","KEN","jpoul",0.000414158227339797
"ctols","KEN","jeggs",0.000414158227339797
"ctols","KEN","jmilk",0.000414158227339797
"ctols","KGZ","jbeef",0.0110563784799703
"ctols","KGZ","jpork",0.0110563784799703
"ctols","KGZ","jlamb",0.0110563784799703
"ctols","KGZ","jpoul",0.0110563784799703
"ctols","KGZ","jeggs",0.0110563784799703
"ctols","KGZ","jmilk",0.0110563784799703
"ctols","LBN","jbeef",7.06714956083901E-5
"ctols","LBN","jpork",7.06714956083901E-5
"ctols","LBN","jlamb",7.06714956083901E-5
"ctols","LBN","jpoul",7.06714956083901E-5
"ctols","LBN","jeggs",7.06714956083901E-5
"ctols","LBN","jmilk",7.06714956083901E-5
"ctols","MDA","jbeef",0.000724019262574959
"ctols","MDA","jpork",0.000724019262574959
"ctols","MDA","jlamb",0.000724019262574959
"ctols","MDA","jpoul",0.000724019262574959
"ctols","MDA","jeggs",0.000724019262574959
"ctols","MDA","jmilk",0.000724019262574959
"ctols","MDG","jbeef",1.19264993696845E-6
"ctols","MDG","jpork",1.19264993696845E-6
"ctols","MDG","jlamb",1.19264993696845E-6
"ctols","MDG","jpoul",1.19264993696845E-6
"ctols","MDG","jeggs",1.19264993696845E-6
"ctols","MDG","jmilk",1.19264993696845E-6
"ctols","MEX","jbeef",0.00323917398753168
"ctols","MEX","jpork",0.00323917398753168
"ctols","MEX","jlamb",0.00323917398753168
"ctols","MEX","jpoul",0.00323917398753168
"ctols","MEX","jeggs",0.00323917398753168
"ctols","MEX","jmilk",0.00323917398753168
"ctols","MOR","jbeef",5.98921043739703E-6
"ctols","MOR","jpork",5.98921043739703E-6
"ctols","MOR","jlamb",5.98921043739703E-6
"ctols","MOR","jpoul",5.98921043739703E-6
"ctols","MOR","jeggs",5.98921043739703E-6
"ctols","MOR","jmilk",5.98921043739703E-6
"ctols","MWI","jbeef",0.00107268565828239
"ctols","MWI","jpork",0.00107268565828239
"ctols","MWI","jlamb",0.00107268565828239
"ctols","MWI","jpoul",0.00107268565828239
"ctols","MWI","jeggs",0.00107268565828239
"ctols","MWI","jmilk",0.00107268565828239
"ctols","MYS","jbeef",0.0129377058974059
"ctols","MYS","jpork",0.0129377058974059
"ctols","MYS","jlamb",0.0129377058974059
"ctols","MYS","jpoul",0.0129377058974059
"ctols","MYS","jeggs",0.0129377058974059
"ctols","MYS","jmilk",0.0129377058974059
"ctols","NAM","jbeef",0.00146533028544634
"ctols","NAM","jpork",0.00146533028544634
"ctols","NAM","jlamb",0.00146533028544634
"ctols","NAM","jpoul",0.00146533028544634
"ctols","NAM","jeggs",0.00146533028544634
"ctols","NAM","jmilk",0.00146533028544634
"ctols","NGA","jbeef",0.00212309261860887
"ctols","NGA","jpork",0.00212309261860887
"ctols","NGA","jlamb",0.00212309261860887
"ctols","NGA","jpoul",0.00212309261860887
"ctols","NGA","jeggs",0.00212309261860887
"ctols","NGA","jmilk",0.00212309261860887
"ctols","NIC","jbeef",0.00519313001540343
"ctols","NIC","jpork",0.00519313001540343
"ctols","NIC","jlamb",0.00519313001540343
"ctols","NIC","jpoul",0.00519313001540343
"ctols","NIC","jeggs",0.00519313001540343
"ctols","NIC","jmilk",0.00519313001540343
"ctols","NOR","jbeef",0.00410030149937517
"ctols","NOR","jpork",0.00410030149937517
"ctols","NOR","jlamb",0.00410030149937517
"ctols","NOR","jpoul",0.00410030149937517
"ctols","NOR","jeggs",0.00410030149937517
"ctols","NOR","jmilk",0.00410030149937517
"ctols","NZL","jbeef",0.00270143612301635
"ctols","NZL","jpork",0.00270143612301635
"ctols","NZL","jlamb",0.00270143612301635
"ctols","NZL","jpoul",0.00270143612301635
"ctols","NZL","jeggs",0.00270143612301635
"ctols","NZL","jmilk",0.00270143612301635
"ctols","OAO","jbeef",0.00933031220493408
"ctols","OAO","jpork",0.00933031220493408
"ctols","OAO","jlamb",0.00933031220493408
"ctols","OAO","jpoul",0.00933031220493408
"ctols","OAO","jeggs",0.00933031220493408
"ctols","OAO","jmilk",0.00933031220493408
"ctols","OBN","jbeef",0.000825205342206313
"ctols","OBN","jpork",0.000825205342206313
"ctols","OBN","jlamb",0.000825205342206313
"ctols","OBN","jpoul",0.000825205342206313
"ctols","OBN","jeggs",0.000825205342206313
"ctols","OBN","jmilk",0.000825205342206313
"ctols","OIO","jbeef",0.00933031220493408
"ctols","OIO","jpork",0.00933031220493408
"ctols","OIO","jlamb",0.00933031220493408
"ctols","OIO","jpoul",0.00933031220493408
"ctols","OIO","jeggs",0.00933031220493408
"ctols","OIO","jmilk",0.00933031220493408
"ctols","OPO","jbeef",0.00933031220493408
"ctols","OPO","jpork",0.00933031220493408
"ctols","OPO","jlamb",0.00933031220493408
"ctols","OPO","jpoul",0.00933031220493408
"ctols","OPO","jeggs",0.00933031220493408
"ctols","OPO","jmilk",0.00933031220493408
"ctols","PAK","jbeef",0.0303694894084008
"ctols","PAK","jpork",0.0303694894084008
"ctols","PAK","jlamb",0.0303694894084008
"ctols","PAK","jpoul",0.0303694894084008
"ctols","PAK","jeggs",0.0303694894084008
"ctols","PAK","jmilk",0.0303694894084008
"ctols","PAN","jbeef",0.00519313001540343
"ctols","PAN","jpork",0.00519313001540343
"ctols","PAN","jlamb",0.00519313001540343
"ctols","PAN","jpoul",0.00519313001540343
"ctols","PAN","jeggs",0.00519313001540343
"ctols","PAN","jmilk",0.00519313001540343
"ctols","PER","jbeef",0.00693890245949986
"ctols","PER","jpork",0.00693890245949986
"ctols","PER","jlamb",0.00693890245949986
"ctols","PER","jpoul",0.00693890245949986
"ctols","PER","jeggs",0.00693890245949986
"ctols","PER","jmilk",0.00693890245949986
"ctols","PHL","jbeef",0.0173556796709271
"ctols","PHL","jpork",0.0173556796709271
"ctols","PHL","jlamb",0.0173556796709271
"ctols","PHL","jpoul",0.0173556796709271
"ctols","PHL","jeggs",0.0173556796709271
"ctols","PHL","jmilk",0.0173556796709271
"ctols","POL","jbeef",7.1934138125195E-5
"ctols","POL","jpork",7.1934138125195E-5
"ctols","POL","jlamb",7.1934138125195E-5
"ctols","POL","jpoul",7.1934138125195E-5
"ctols","POL","jeggs",7.1934138125195E-5
"ctols","POL","jmilk",7.1934138125195E-5
"ctols","PRT","jbeef",0.00716905775224393
"ctols","PRT","jpork",0.00716905775224393
"ctols","PRT","jlamb",0.00716905775224393
"ctols","PRT","jpoul",0.00716905775224393
"ctols","PRT","jeggs",0.00716905775224393
"ctols","PRT","jmilk",0.00716905775224393
"ctols","PRY","jbeef",4.07405954087922E-6
"ctols","PRY","jpork",4.07405954087922E-6
"ctols","PRY","jlamb",4.07405954087922E-6
"ctols","PRY","jpoul",4.07405954087922E-6
"ctols","PRY","jeggs",4.07405954087922E-6
"ctols","PRY","jmilk",4.07405954087922E-6
"ctols","RAP","jbeef",7.62859262018957E-5
"ctols","RAP","jpork",7.62859262018957E-5
"ctols","RAP","jlamb",7.62859262018957E-5
"ctols","RAP","jpoul",7.62859262018957E-5
"ctols","RAP","jeggs",7.62859262018957E-5
"ctols","RAP","jmilk",7.62859262018957E-5
"ctols","ROU","jbeef",0.000724019262574959
"ctols","ROU","jpork",0.000724019262574959
"ctols","ROU","jlamb",0.000724019262574959
"ctols","ROU","jpoul",0.000724019262574959
"ctols","ROU","jeggs",0.000724019262574959
"ctols","ROU","jmilk",0.000724019262574959
"ctols","RUS","jbeef",0.000202788964837149
"ctols","RUS","jpork",0.000202788964837149
"ctols","RUS","jlamb",0.000202788964837149
"ctols","RUS","jpoul",0.000202788964837149
"ctols","RUS","jeggs",0.000202788964837149
"ctols","RUS","jmilk",0.000202788964837149
"ctols","SAU","jbeef",7.62859262018957E-5
"ctols","SAU","jpork",7.62859262018957E-5
"ctols","SAU","jlamb",7.62859262018957E-5
"ctols","SAU","jpoul",7.62859262018957E-5
"ctols","SAU","jeggs",7.62859262018957E-5
"ctols","SAU","jmilk",7.62859262018957E-5
"ctols","SLB","jbeef",0.00933031220493408
"ctols","SLB","jpork",0.00933031220493408
"ctols","SLB","jlamb",0.00933031220493408
"ctols","SLB","jpoul",0.00933031220493408
"ctols","SLB","jeggs",0.00933031220493408
"ctols","SLB","jmilk",0.00933031220493408
"ctols","SLV","jbeef",0.00519313001540343
"ctols","SLV","jpork",0.00519313001540343
"ctols","SLV","jlamb",0.00519313001540343
"ctols","SLV","jpoul",0.00519313001540343
"ctols","SLV","jeggs",0.00519313001540343
"ctols","SLV","jmilk",0.00519313001540343
"ctols","SPP","jbeef",0.00716905775224393
"ctols","SPP","jpork",0.00716905775224393
"ctols","SPP","jlamb",0.00716905775224393
"ctols","SPP","jpoul",0.00716905775224393
"ctols","SPP","jeggs",0.00716905775224393
"ctols","SPP","jmilk",0.00716905775224393
"ctols","SVK","jbeef",0.000724019262574959
"ctols","SVK","jpork",0.000724019262574959
"ctols","SVK","jlamb",0.000724019262574959
"ctols","SVK","jpoul",0.000724019262574959
"ctols","SVK","jeggs",0.000724019262574959
"ctols","SVK","jmilk",0.000724019262574959
"ctols","SVN","jbeef",0.000825205342206313
"ctols","SVN","jpork",0.000825205342206313
"ctols","SVN","jlamb",0.000825205342206313
"ctols","SVN","jpoul",0.000825205342206313
"ctols","SVN","jeggs",0.000825205342206313
"ctols","SVN","jmilk",0.000825205342206313
"ctols","SWE","jbeef",0.00410030149937517
"ctols","SWE","jpork",0.00410030149937517
"ctols","SWE","jlamb",0.00410030149937517
"ctols","SWE","jpoul",0.00410030149937517
"ctols","SWE","jeggs",0.00410030149937517
"ctols","SWE","jmilk",0.00410030149937517
"ctols","SWZ","jbeef",0.00283937041474503
"ctols","SWZ","jpork",0.00283937041474503
"ctols","SWZ","jlamb",0.00283937041474503
"ctols","SWZ","jpoul",0.00283937041474503
"ctols","SWZ","jeggs",0.00283937041474503
"ctols","SWZ","jmilk",0.00283937041474503
"ctols","TCD","jbeef",0.00178458298757038
"ctols","TCD","jpork",0.00178458298757038
"ctols","TCD","jlamb",0.00178458298757038
"ctols","TCD","jpoul",0.00178458298757038
"ctols","TCD","jeggs",0.00178458298757038
"ctols","TCD","jmilk",0.00178458298757038
"ctols","TGO","jbeef",0.00398908913170301
"ctols","TGO","jpork",0.00398908913170301
"ctols","TGO","jlamb",0.00398908913170301
"ctols","TGO","jpoul",0.00398908913170301
"ctols","TGO","jeggs",0.00398908913170301
"ctols","TGO","jmilk",0.00398908913170301
"ctols","TJK","jbeef",0.188210749963203
"ctols","TJK","jpork",0.188210749963203
"ctols","TJK","jlamb",0.188210749963203
"ctols","TJK","jpoul",0.188210749963203
"ctols","TJK","jeggs",0.188210749963203
"ctols","TJK","jmilk",0.188210749963203
"ctols","TKM","jbeef",0.272527697767997
"ctols","TKM","jpork",0.272527697767997
"ctols","TKM","jlamb",0.272527697767997
"ctols","TKM","jpoul",0.272527697767997
"ctols","TKM","jeggs",0.272527697767997
"ctols","TKM","jmilk",0.272527697767997
"ctols","TUN","jbeef",4.49895447610089E-5
"ctols","TUN","jpork",4.49895447610089E-5
"ctols","TUN","jlamb",4.49895447610089E-5
"ctols","TUN","jpoul",4.49895447610089E-5
"ctols","TUN","jeggs",4.49895447610089E-5
"ctols","TUN","jmilk",4.49895447610089E-5
"ctols","TUR","jbeef",4.28551978344821E-5
"ctols","TUR","jpork",4.28551978344821E-5
"ctols","TUR","jlamb",4.28551978344821E-5
"ctols","TUR","jpoul",4.28551978344821E-5
"ctols","TUR","jeggs",4.28551978344821E-5
"ctols","TUR","jmilk",4.28551978344821E-5
"ctols","UKP","jbeef",0.000741225862295256
"ctols","UKP","jpork",0.000741225862295256
"ctols","UKP","jlamb",0.000741225862295256
"ctols","UKP","jpoul",0.000741225862295256
"ctols","UKP","jeggs",0.000741225862295256
"ctols","UKP","jmilk",0.000741225862295256
"ctols","UKR","jbeef",3.33567957969137E-5
"ctols","UKR","jpork",3.33567957969137E-5
"ctols","UKR","jlamb",3.33567957969137E-5
"ctols","UKR","jpoul",3.33567957969137E-5
"ctols","UKR","jeggs",3.33567957969137E-5
"ctols","UKR","jmilk",3.33567957969137E-5
"ctols","URY","jbeef",1.36993003571603E-5
"ctols","URY","jpork",1.36993003571603E-5
"ctols","URY","jlamb",1.36993003571603E-5
"ctols","URY","jpoul",1.36993003571603E-5
"ctols","URY","jeggs",1.36993003571603E-5
"ctols","URY","jmilk",1.36993003571603E-5
"ctols","USA","jbeef",0.029364533932243
"ctols","USA","jpork",0.029364533932243
"ctols","USA","jlamb",0.029364533932243
"ctols","USA","jpoul",0.029364533932243
"ctols","USA","jeggs",0.029364533932243
"ctols","USA","jmilk",0.029364533932243
"ctols","UZB","jbeef",0.0455118618634444
"ctols","UZB","jpork",0.0455118618634444
"ctols","UZB","jlamb",0.0455118618634444
"ctols","UZB","jpoul",0.0455118618634444
"ctols","UZB","jeggs",0.0455118618634444
"ctols","UZB","jmilk",0.0455118618634444
"ctols","VEN","jbeef",0.00489313088950413
"ctols","VEN","jpork",0.00489313088950413
"ctols","VEN","jlamb",0.00489313088950413
"ctols","VEN","jpoul",0.00489313088950413
"ctols","VEN","jeggs",0.00489313088950413
"ctols","VEN","jmilk",0.00489313088950413
"ctols","VUT","jbeef",0.00933031220493408
"ctols","VUT","jpork",0.00933031220493408
"ctols","VUT","jlamb",0.00933031220493408
"ctols","VUT","jpoul",0.00933031220493408
"ctols","VUT","jeggs",0.00933031220493408
"ctols","VUT","jmilk",0.00933031220493408
"ctols","YEM","jbeef",7.62859262018957E-5
"ctols","YEM","jpork",7.62859262018957E-5
"ctols","YEM","jlamb",7.62859262018957E-5
"ctols","YEM","jpoul",7.62859262018957E-5
"ctols","YEM","jeggs",7.62859262018957E-5
"ctols","YEM","jmilk",7.62859262018957E-5
"ctols","ZAF","jbeef",0.000503843370312511
"ctols","ZAF","jpork",0.000503843370312511
"ctols","ZAF","jlamb",0.000503843370312511
"ctols","ZAF","jpoul",0.000503843370312511
"ctols","ZAF","jeggs",0.000503843370312511
"ctols","ZAF","jmilk",0.000503843370312511
"ctols","ZWE","jbeef",0.0134364507560514
"ctols","ZWE","jpork",0.0134364507560514
"ctols","ZWE","jlamb",0.0134364507560514
"ctols","ZWE","jpoul",0.0134364507560514
"ctols","ZWE","jeggs",0.0134364507560514
"ctols","ZWE","jmilk",0.0134364507560514
"ctoml","AGO","jbeef",0.00658989569534918
"ctoml","AGO","jpork",0.00658989569534918
"ctoml","AGO","jlamb",0.00658989569534918
"ctoml","AGO","jpoul",0.00658989569534918
"ctoml","AGO","jeggs",0.00658989569534918
"ctoml","AGO","jmilk",0.00658989569534918
"ctoml","ALB","jbeef",0.0321731653871006
"ctoml","ALB","jpork",0.0321731653871006
"ctoml","ALB","jlamb",0.0321731653871006
"ctoml","ALB","jpoul",0.0321731653871006
"ctoml","ALB","jeggs",0.0321731653871006
"ctoml","ALB","jmilk",0.0321731653871006
"ctoml","ARG","jbeef",0.00333617448554669
"ctoml","ARG","jpork",0.00333617448554669
"ctoml","ARG","jlamb",0.00333617448554669
"ctoml","ARG","jpoul",0.00333617448554669
"ctoml","ARG","jeggs",0.00333617448554669
"ctoml","ARG","jmilk",0.00333617448554669
"ctoml","ARM","jbeef",0.00633478817646965
"ctoml","ARM","jpork",0.00633478817646965
"ctoml","ARM","jlamb",0.00633478817646965
"ctoml","ARM","jpoul",0.00633478817646965
"ctoml","ARM","jeggs",0.00633478817646965
"ctoml","ARM","jmilk",0.00633478817646965
"ctoml","AUS","jbeef",0.0158552024024233
"ctoml","AUS","jpork",0.0158552024024233
"ctoml","AUS","jlamb",0.0158552024024233
"ctoml","AUS","jpoul",0.0158552024024233
"ctoml","AUS","jeggs",0.0158552024024233
"ctoml","AUS","jmilk",0.0158552024024233
"ctoml","AUT","jbeef",0.00215876332322241
"ctoml","AUT","jpork",0.00215876332322241
"ctoml","AUT","jlamb",0.00215876332322241
"ctoml","AUT","jpoul",0.00215876332322241
"ctoml","AUT","jeggs",0.00215876332322241
"ctoml","AUT","jmilk",0.00215876332322241
"ctoml","AZE","jbeef",0.00633478817646965
"ctoml","AZE","jpork",0.00633478817646965
"ctoml","AZE","jlamb",0.00633478817646965
"ctoml","AZE","jpoul",0.00633478817646965
"ctoml","AZE","jeggs",0.00633478817646965
"ctoml","AZE","jmilk",0.00633478817646965
"ctoml","BDI","jbeef",0.0132269401116888
"ctoml","BDI","jpork",0.0132269401116888
"ctoml","BDI","jlamb",0.0132269401116888
"ctoml","BDI","jpoul",0.0132269401116888
"ctoml","BDI","jeggs",0.0132269401116888
"ctoml","BDI","jmilk",0.0132269401116888
"ctoml","BEN","jbeef",0.0391147374320608
"ctoml","BEN","jpork",0.0391147374320608
"ctoml","BEN","jlamb",0.0391147374320608
"ctoml","BEN","jpoul",0.0391147374320608
"ctoml","BEN","jeggs",0.0391147374320608
"ctoml","BEN","jmilk",0.0391147374320608
"ctoml","BFA","jbeef",0.139006967476257
"ctoml","BFA","jpork",0.139006967476257
"ctoml","BFA","jlamb",0.139006967476257
"ctoml","BFA","jpoul",0.139006967476257
"ctoml","BFA","jeggs",0.139006967476257
"ctoml","BFA","jmilk",0.139006967476257
"ctoml","BGD","jbeef",0.0293300801264267
"ctoml","BGD","jpork",0.0293300801264267
"ctoml","BGD","jlamb",0.0293300801264267
"ctoml","BGD","jpoul",0.0293300801264267
"ctoml","BGD","jeggs",0.0293300801264267
"ctoml","BGD","jmilk",0.0293300801264267
"ctoml","BGR","jbeef",0.00248579317509047
"ctoml","BGR","jpork",0.00248579317509047
"ctoml","BGR","jlamb",0.00248579317509047
"ctoml","BGR","jpoul",0.00248579317509047
"ctoml","BGR","jeggs",0.00248579317509047
"ctoml","BGR","jmilk",0.00248579317509047
"ctoml","BLR","jbeef",0.000446326351893532
"ctoml","BLR","jpork",0.000446326351893532
"ctoml","BLR","jlamb",0.000446326351893532
"ctoml","BLR","jpoul",0.000446326351893532
"ctoml","BLR","jeggs",0.000446326351893532
"ctoml","BLR","jmilk",0.000446326351893532
"ctoml","BLT","jbeef",0.000446326351893532
"ctoml","BLT","jpork",0.000446326351893532
"ctoml","BLT","jlamb",0.000446326351893532
"ctoml","BLT","jpoul",0.000446326351893532
"ctoml","BLT","jeggs",0.000446326351893532
"ctoml","BLT","jmilk",0.000446326351893532
"ctoml","BLX","jbeef",0.0391543560793623
"ctoml","BLX","jpork",0.0391543560793623
"ctoml","BLX","jlamb",0.0391543560793623
"ctoml","BLX","jpoul",0.0391543560793623
"ctoml","BLX","jeggs",0.0391543560793623
"ctoml","BLX","jmilk",0.0391543560793623
"ctoml","BLZ","jbeef",0.00341370822656894
"ctoml","BLZ","jpork",0.00341370822656894
"ctoml","BLZ","jlamb",0.00341370822656894
"ctoml","BLZ","jpoul",0.00341370822656894
"ctoml","BLZ","jeggs",0.00341370822656894
"ctoml","BLZ","jmilk",0.00341370822656894
"ctoml","BOL","jbeef",0.0365340217207412
"ctoml","BOL","jpork",0.0365340217207412
"ctoml","BOL","jlamb",0.0365340217207412
"ctoml","BOL","jpoul",0.0365340217207412
"ctoml","BOL","jeggs",0.0365340217207412
"ctoml","BOL","jmilk",0.0365340217207412
"ctoml","BRA","jbeef",0.0203474302707155
"ctoml","BRA","jpork",0.0203474302707155
"ctoml","BRA","jlamb",0.0203474302707155
"ctoml","BRA","jpoul",0.0203474302707155
"ctoml","BRA","jeggs",0.0203474302707155
"ctoml","BRA","jmilk",0.0203474302707155
"ctoml","BWA","jbeef",0.00853997190368846
"ctoml","BWA","jpork",0.00853997190368846
"ctoml","BWA","jlamb",0.00853997190368846
"ctoml","BWA","jpoul",0.00853997190368846
"ctoml","BWA","jeggs",0.00853997190368846
"ctoml","BWA","jmilk",0.00853997190368846
"ctoml","CAF","jbeef",0.0928974552952754
"ctoml","CAF","jpork",0.0928974552952754
"ctoml","CAF","jlamb",0.0928974552952754
"ctoml","CAF","jpoul",0.0928974552952754
"ctoml","CAF","jeggs",0.0928974552952754
"ctoml","CAF","jmilk",0.0928974552952754
"ctoml","CAN","jbeef",0.00713564632393207
"ctoml","CAN","jpork",0.00713564632393207
"ctoml","CAN","jlamb",0.00713564632393207
"ctoml","CAN","jpoul",0.00713564632393207
"ctoml","CAN","jeggs",0.00713564632393207
"ctoml","CAN","jmilk",0.00713564632393207
"ctoml","CHL","jbeef",0.000330163375735651
"ctoml","CHL","jpork",0.000330163375735651
"ctoml","CHL","jlamb",0.000330163375735651
"ctoml","CHL","jpoul",0.000330163375735651
"ctoml","CHL","jeggs",0.000330163375735651
"ctoml","CHL","jmilk",0.000330163375735651
"ctoml","CHM","jbeef",0.0276965360726076
"ctoml","CHM","jpork",0.0276965360726076
"ctoml","CHM","jlamb",0.0276965360726076
"ctoml","CHM","jpoul",0.0276965360726076
"ctoml","CHM","jeggs",0.0276965360726076
"ctoml","CHM","jmilk",0.0276965360726076
"ctoml","CHP","jbeef",0.00215876332322241
"ctoml","CHP","jpork",0.00215876332322241
"ctoml","CHP","jlamb",0.00215876332322241
"ctoml","CHP","jpoul",0.00215876332322241
"ctoml","CHP","jeggs",0.00215876332322241
"ctoml","CHP","jmilk",0.00215876332322241
"ctoml","CIV","jbeef",0.187580023374675
"ctoml","CIV","jpork",0.187580023374675
"ctoml","CIV","jlamb",0.187580023374675
"ctoml","CIV","jpoul",0.187580023374675
"ctoml","CIV","jeggs",0.187580023374675
"ctoml","CIV","jmilk",0.187580023374675
"ctoml","CMR","jbeef",0.0590102124736031
"ctoml","CMR","jpork",0.0590102124736031
"ctoml","CMR","jlamb",0.0590102124736031
"ctoml","CMR","jpoul",0.0590102124736031
"ctoml","CMR","jeggs",0.0590102124736031
"ctoml","CMR","jmilk",0.0590102124736031
"ctoml","COD","jbeef",0.0690352431350002
"ctoml","COD","jpork",0.0690352431350002
"ctoml","COD","jlamb",0.0690352431350002
"ctoml","COD","jpoul",0.0690352431350002
"ctoml","COD","jeggs",0.0690352431350002
"ctoml","COD","jmilk",0.0690352431350002
"ctoml","COL","jbeef",0.00971140375379435
"ctoml","COL","jpork",0.00971140375379435
"ctoml","COL","jlamb",0.00971140375379435
"ctoml","COL","jpoul",0.00971140375379435
"ctoml","COL","jeggs",0.00971140375379435
"ctoml","COL","jmilk",0.00971140375379435
"ctoml","CRB","jbeef",0.00666342541015111
"ctoml","CRB","jpork",0.00666342541015111
"ctoml","CRB","jlamb",0.00666342541015111
"ctoml","CRB","jpoul",0.00666342541015111
"ctoml","CRB","jeggs",0.00666342541015111
"ctoml","CRB","jmilk",0.00666342541015111
"ctoml","CRI","jbeef",0.00341370822656894
"ctoml","CRI","jpork",0.00341370822656894
"ctoml","CRI","jlamb",0.00341370822656894
"ctoml","CRI","jpoul",0.00341370822656894
"ctoml","CRI","jeggs",0.00341370822656894
"ctoml","CRI","jmilk",0.00341370822656894
"ctoml","CUB","jbeef",0.00341370822656894
"ctoml","CUB","jpork",0.00341370822656894
"ctoml","CUB","jlamb",0.00341370822656894
"ctoml","CUB","jpoul",0.00341370822656894
"ctoml","CUB","jeggs",0.00341370822656894
"ctoml","CUB","jmilk",0.00341370822656894
"ctoml","CYP","jbeef",0.00108044668816467
"ctoml","CYP","jpork",0.00108044668816467
"ctoml","CYP","jlamb",0.00108044668816467
"ctoml","CYP","jpoul",0.00108044668816467
"ctoml","CYP","jeggs",0.00108044668816467
"ctoml","CYP","jmilk",0.00108044668816467
"ctoml","CZE","jbeef",0.00248579317509047
"ctoml","CZE","jpork",0.00248579317509047
"ctoml","CZE","jlamb",0.00248579317509047
"ctoml","CZE","jpoul",0.00248579317509047
"ctoml","CZE","jeggs",0.00248579317509047
"ctoml","CZE","jmilk",0.00248579317509047
"ctoml","DEU","jbeef",0.00289787677631803
"ctoml","DEU","jpork",0.00289787677631803
"ctoml","DEU","jlamb",0.00289787677631803
"ctoml","DEU","jpoul",0.00289787677631803
"ctoml","DEU","jeggs",0.00289787677631803
"ctoml","DEU","jmilk",0.00289787677631803
"ctoml","DNK","jbeef",0.00124866321419399
"ctoml","DNK","jpork",0.00124866321419399
"ctoml","DNK","jlamb",0.00124866321419399
"ctoml","DNK","jpoul",0.00124866321419399
"ctoml","DNK","jeggs",0.00124866321419399
"ctoml","DNK","jmilk",0.00124866321419399
"ctoml","DOM","jbeef",0.00341370822656894
"ctoml","DOM","jpork",0.00341370822656894
"ctoml","DOM","jlamb",0.00341370822656894
"ctoml","DOM","jpoul",0.00341370822656894
"ctoml","DOM","jeggs",0.00341370822656894
"ctoml","DOM","jmilk",0.00341370822656894
"ctoml","DZA","jbeef",0.0878023158904602
"ctoml","DZA","jpork",0.0878023158904602
"ctoml","DZA","jlamb",0.0878023158904602
"ctoml","DZA","jpoul",0.0878023158904602
"ctoml","DZA","jeggs",0.0878023158904602
"ctoml","DZA","jmilk",0.0878023158904602
"ctoml","ECU","jbeef",0.000663385128211262
"ctoml","ECU","jpork",0.000663385128211262
"ctoml","ECU","jlamb",0.000663385128211262
"ctoml","ECU","jpoul",0.000663385128211262
"ctoml","ECU","jeggs",0.000663385128211262
"ctoml","ECU","jmilk",0.000663385128211262
"ctoml","EGY","jbeef",0.0344422397018393
"ctoml","EGY","jpork",0.0344422397018393
"ctoml","EGY","jlamb",0.0344422397018393
"ctoml","EGY","jpoul",0.0344422397018393
"ctoml","EGY","jeggs",0.0344422397018393
"ctoml","EGY","jmilk",0.0344422397018393
"ctoml","ERI","jbeef",0.09875661189319
"ctoml","ERI","jpork",0.09875661189319
"ctoml","ERI","jlamb",0.09875661189319
"ctoml","ERI","jpoul",0.09875661189319
"ctoml","ERI","jeggs",0.09875661189319
"ctoml","ERI","jmilk",0.09875661189319
"ctoml","ETH","jbeef",0.0474904363333046
"ctoml","ETH","jpork",0.0474904363333046
"ctoml","ETH","jlamb",0.0474904363333046
"ctoml","ETH","jpoul",0.0474904363333046
"ctoml","ETH","jeggs",0.0474904363333046
"ctoml","ETH","jmilk",0.0474904363333046
"ctoml","FJI","jbeef",0.00666342541015111
"ctoml","FJI","jpork",0.00666342541015111
"ctoml","FJI","jlamb",0.00666342541015111
"ctoml","FJI","jpoul",0.00666342541015111
"ctoml","FJI","jeggs",0.00666342541015111
"ctoml","FJI","jmilk",0.00666342541015111
"ctoml","FNP","jbeef",0.00124866321419399
"ctoml","FNP","jpork",0.00124866321419399
"ctoml","FNP","jlamb",0.00124866321419399
"ctoml","FNP","jpoul",0.00124866321419399
"ctoml","FNP","jeggs",0.00124866321419399
"ctoml","FNP","jmilk",0.00124866321419399
"ctoml","FRP","jbeef",0.00602352266073626
"ctoml","FRP","jpork",0.00602352266073626
"ctoml","FRP","jlamb",0.00602352266073626
"ctoml","FRP","jpoul",0.00602352266073626
"ctoml","FRP","jeggs",0.00602352266073626
"ctoml","FRP","jmilk",0.00602352266073626
"ctoml","GAB","jbeef",0.037587342382138
"ctoml","GAB","jpork",0.037587342382138
"ctoml","GAB","jlamb",0.037587342382138
"ctoml","GAB","jpoul",0.037587342382138
"ctoml","GAB","jeggs",0.037587342382138
"ctoml","GAB","jmilk",0.037587342382138
"ctoml","GEO","jbeef",0.00633478817646965
"ctoml","GEO","jpork",0.00633478817646965
"ctoml","GEO","jlamb",0.00633478817646965
"ctoml","GEO","jpoul",0.00633478817646965
"ctoml","GEO","jeggs",0.00633478817646965
"ctoml","GEO","jmilk",0.00633478817646965
"ctoml","GHA","jbeef",0.00011839924224485
"ctoml","GHA","jpork",0.00011839924224485
"ctoml","GHA","jlamb",0.00011839924224485
"ctoml","GHA","jpoul",0.00011839924224485
"ctoml","GHA","jeggs",0.00011839924224485
"ctoml","GHA","jmilk",0.00011839924224485
"ctoml","GIN","jbeef",0.0658158601069237
"ctoml","GIN","jpork",0.0658158601069237
"ctoml","GIN","jlamb",0.0658158601069237
"ctoml","GIN","jpoul",0.0658158601069237
"ctoml","GIN","jeggs",0.0658158601069237
"ctoml","GIN","jmilk",0.0658158601069237
"ctoml","GMB","jbeef",9.74373964727662E-5
"ctoml","GMB","jpork",9.74373964727662E-5
"ctoml","GMB","jlamb",9.74373964727662E-5
"ctoml","GMB","jpoul",9.74373964727662E-5
"ctoml","GMB","jeggs",9.74373964727662E-5
"ctoml","GMB","jmilk",9.74373964727662E-5
"ctoml","GNB","jbeef",0.915972127339801
"ctoml","GNB","jpork",0.915972127339801
"ctoml","GNB","jlamb",0.915972127339801
"ctoml","GNB","jpoul",0.915972127339801
"ctoml","GNB","jeggs",0.915972127339801
"ctoml","GNB","jmilk",0.915972127339801
"ctoml","GRC","jbeef",0.0321731653871006
"ctoml","GRC","jpork",0.0321731653871006
"ctoml","GRC","jlamb",0.0321731653871006
"ctoml","GRC","jpoul",0.0321731653871006
"ctoml","GRC","jeggs",0.0321731653871006
"ctoml","GRC","jmilk",0.0321731653871006
"ctoml","GSA","jbeef",0.0542463655689608
"ctoml","GSA","jpork",0.0542463655689608
"ctoml","GSA","jlamb",0.0542463655689608
"ctoml","GSA","jpoul",0.0542463655689608
"ctoml","GSA","jeggs",0.0542463655689608
"ctoml","GSA","jmilk",0.0542463655689608
"ctoml","GTM","jbeef",0.00341370822656894
"ctoml","GTM","jpork",0.00341370822656894
"ctoml","GTM","jlamb",0.00341370822656894
"ctoml","GTM","jpoul",0.00341370822656894
"ctoml","GTM","jeggs",0.00341370822656894
"ctoml","GTM","jmilk",0.00341370822656894
"ctoml","HND","jbeef",0.00341370822656894
"ctoml","HND","jpork",0.00341370822656894
"ctoml","HND","jlamb",0.00341370822656894
"ctoml","HND","jpoul",0.00341370822656894
"ctoml","HND","jeggs",0.00341370822656894
"ctoml","HND","jmilk",0.00341370822656894
"ctoml","HRV","jbeef",0.0321731653871006
"ctoml","HRV","jpork",0.0321731653871006
"ctoml","HRV","jlamb",0.0321731653871006
"ctoml","HRV","jpoul",0.0321731653871006
"ctoml","HRV","jeggs",0.0321731653871006
"ctoml","HRV","jmilk",0.0321731653871006
"ctoml","HTI","jbeef",0.00341370822656894
"ctoml","HTI","jpork",0.00341370822656894
"ctoml","HTI","jlamb",0.00341370822656894
"ctoml","HTI","jpoul",0.00341370822656894
"ctoml","HTI","jeggs",0.00341370822656894
"ctoml","HTI","jmilk",0.00341370822656894
"ctoml","HUN","jbeef",0.00248579317509047
"ctoml","HUN","jpork",0.00248579317509047
"ctoml","HUN","jlamb",0.00248579317509047
"ctoml","HUN","jpoul",0.00248579317509047
"ctoml","HUN","jeggs",0.00248579317509047
"ctoml","HUN","jmilk",0.00248579317509047
"ctoml","IDN","jbeef",0.0378421420950445
"ctoml","IDN","jpork",0.0378421420950445
"ctoml","IDN","jlamb",0.0378421420950445
"ctoml","IDN","jpoul",0.0378421420950445
"ctoml","IDN","jeggs",0.0378421420950445
"ctoml","IDN","jmilk",0.0378421420950445
"ctoml","IND","jbeef",0.063154710406673
"ctoml","IND","jpork",0.063154710406673
"ctoml","IND","jlamb",0.063154710406673
"ctoml","IND","jpoul",0.063154710406673
"ctoml","IND","jeggs",0.063154710406673
"ctoml","IND","jmilk",0.063154710406673
"ctoml","IRL","jbeef",0.00662103201303847
"ctoml","IRL","jpork",0.00662103201303847
"ctoml","IRL","jlamb",0.00662103201303847
"ctoml","IRL","jpoul",0.00662103201303847
"ctoml","IRL","jeggs",0.00662103201303847
"ctoml","IRL","jmilk",0.00662103201303847
"ctoml","IRN","jbeef",0.0143933568397166
"ctoml","IRN","jpork",0.0143933568397166
"ctoml","IRN","jlamb",0.0143933568397166
"ctoml","IRN","jpoul",0.0143933568397166
"ctoml","IRN","jeggs",0.0143933568397166
"ctoml","IRN","jmilk",0.0143933568397166
"ctoml","ISL","jbeef",0.00124866321419399
"ctoml","ISL","jpork",0.00124866321419399
"ctoml","ISL","jlamb",0.00124866321419399
"ctoml","ISL","jpoul",0.00124866321419399
"ctoml","ISL","jeggs",0.00124866321419399
"ctoml","ISL","jmilk",0.00124866321419399
"ctoml","ISR","jbeef",0.00317998218399436
"ctoml","ISR","jpork",0.00317998218399436
"ctoml","ISR","jlamb",0.00317998218399436
"ctoml","ISR","jpoul",0.00317998218399436
"ctoml","ISR","jeggs",0.00317998218399436
"ctoml","ISR","jmilk",0.00317998218399436
"ctoml","ITP","jbeef",0.015343545911229
"ctoml","ITP","jpork",0.015343545911229
"ctoml","ITP","jlamb",0.015343545911229
"ctoml","ITP","jpoul",0.015343545911229
"ctoml","ITP","jeggs",0.015343545911229
"ctoml","ITP","jmilk",0.015343545911229
"ctoml","JAM","jbeef",0.00666342541015111
"ctoml","JAM","jpork",0.00666342541015111
"ctoml","JAM","jlamb",0.00666342541015111
"ctoml","JAM","jpoul",0.00666342541015111
"ctoml","JAM","jeggs",0.00666342541015111
"ctoml","JAM","jmilk",0.00666342541015111
"ctoml","JOR","jbeef",0.0198263263371895
"ctoml","JOR","jpork",0.0198263263371895
"ctoml","JOR","jlamb",0.0198263263371895
"ctoml","JOR","jpoul",0.0198263263371895
"ctoml","JOR","jeggs",0.0198263263371895
"ctoml","JOR","jmilk",0.0198263263371895
"ctoml","JPN","jbeef",0.0328798100478649
"ctoml","JPN","jpork",0.0328798100478649
"ctoml","JPN","jlamb",0.0328798100478649
"ctoml","JPN","jpoul",0.0328798100478649
"ctoml","JPN","jeggs",0.0328798100478649
"ctoml","JPN","jmilk",0.0328798100478649
"ctoml","KAZ","jbeef",0.021273523965013
"ctoml","KAZ","jpork",0.021273523965013
"ctoml","KAZ","jlamb",0.021273523965013
"ctoml","KAZ","jpoul",0.021273523965013
"ctoml","KAZ","jeggs",0.021273523965013
"ctoml","KAZ","jmilk",0.021273523965013
"ctoml","KEN","jbeef",0.0138388688283731
"ctoml","KEN","jpork",0.0138388688283731
"ctoml","KEN","jlamb",0.0138388688283731
"ctoml","KEN","jpoul",0.0138388688283731
"ctoml","KEN","jeggs",0.0138388688283731
"ctoml","KEN","jmilk",0.0138388688283731
"ctoml","KGZ","jbeef",0.0145163286269251
"ctoml","KGZ","jpork",0.0145163286269251
"ctoml","KGZ","jlamb",0.0145163286269251
"ctoml","KGZ","jpoul",0.0145163286269251
"ctoml","KGZ","jeggs",0.0145163286269251
"ctoml","KGZ","jmilk",0.0145163286269251
"ctoml","KHM","jbeef",0.145689871751021
"ctoml","KHM","jpork",0.145689871751021
"ctoml","KHM","jlamb",0.145689871751021
"ctoml","KHM","jpoul",0.145689871751021
"ctoml","KHM","jeggs",0.145689871751021
"ctoml","KHM","jmilk",0.145689871751021
"ctoml","KOR","jbeef",0.0987602526224649
"ctoml","KOR","jpork",0.0987602526224649
"ctoml","KOR","jlamb",0.0987602526224649
"ctoml","KOR","jpoul",0.0987602526224649
"ctoml","KOR","jeggs",0.0987602526224649
"ctoml","KOR","jmilk",0.0987602526224649
"ctoml","LAO","jbeef",0.145689871751021
"ctoml","LAO","jpork",0.145689871751021
"ctoml","LAO","jlamb",0.145689871751021
"ctoml","LAO","jpoul",0.145689871751021
"ctoml","LAO","jeggs",0.145689871751021
"ctoml","LAO","jmilk",0.145689871751021
"ctoml","LBN","jbeef",0.0435062041258851
"ctoml","LBN","jpork",0.0435062041258851
"ctoml","LBN","jlamb",0.0435062041258851
"ctoml","LBN","jpoul",0.0435062041258851
"ctoml","LBN","jeggs",0.0435062041258851
"ctoml","LBN","jmilk",0.0435062041258851
"ctoml","LBY","jbeef",0.0608334837904791
"ctoml","LBY","jpork",0.0608334837904791
"ctoml","LBY","jlamb",0.0608334837904791
"ctoml","LBY","jpoul",0.0608334837904791
"ctoml","LBY","jeggs",0.0608334837904791
"ctoml","LBY","jmilk",0.0608334837904791
"ctoml","LKA","jbeef",0.0724813409486116
"ctoml","LKA","jpork",0.0724813409486116
"ctoml","LKA","jlamb",0.0724813409486116
"ctoml","LKA","jpoul",0.0724813409486116
"ctoml","LKA","jeggs",0.0724813409486116
"ctoml","LKA","jmilk",0.0724813409486116
"ctoml","LSO","jbeef",0.00195820950537932
"ctoml","LSO","jpork",0.00195820950537932
"ctoml","LSO","jlamb",0.00195820950537932
"ctoml","LSO","jpoul",0.00195820950537932
"ctoml","LSO","jeggs",0.00195820950537932
"ctoml","LSO","jmilk",0.00195820950537932
"ctoml","MDA","jbeef",0.00248579317509047
"ctoml","MDA","jpork",0.00248579317509047
"ctoml","MDA","jlamb",0.00248579317509047
"ctoml","MDA","jpoul",0.00248579317509047
"ctoml","MDA","jeggs",0.00248579317509047
"ctoml","MDA","jmilk",0.00248579317509047
"ctoml","MDG","jbeef",0.00740079040886823
"ctoml","MDG","jpork",0.00740079040886823
"ctoml","MDG","jlamb",0.00740079040886823
"ctoml","MDG","jpoul",0.00740079040886823
"ctoml","MDG","jeggs",0.00740079040886823
"ctoml","MDG","jmilk",0.00740079040886823
"ctoml","MEX","jbeef",0.0222682762243864
"ctoml","MEX","jpork",0.0222682762243864
"ctoml","MEX","jlamb",0.0222682762243864
"ctoml","MEX","jpoul",0.0222682762243864
"ctoml","MEX","jeggs",0.0222682762243864
"ctoml","MEX","jmilk",0.0222682762243864
"ctoml","MLI","jbeef",0.0965001396227264
"ctoml","MLI","jpork",0.0965001396227264
"ctoml","MLI","jlamb",0.0965001396227264
"ctoml","MLI","jpoul",0.0965001396227264
"ctoml","MLI","jeggs",0.0965001396227264
"ctoml","MLI","jmilk",0.0965001396227264
"ctoml","MMR","jbeef",0.369080494017624
"ctoml","MMR","jpork",0.369080494017624
"ctoml","MMR","jlamb",0.369080494017624
"ctoml","MMR","jpoul",0.369080494017624
"ctoml","MMR","jeggs",0.369080494017624
"ctoml","MMR","jmilk",0.369080494017624
"ctoml","MOR","jbeef",0.00162839977114561
"ctoml","MOR","jpork",0.00162839977114561
"ctoml","MOR","jlamb",0.00162839977114561
"ctoml","MOR","jpoul",0.00162839977114561
"ctoml","MOR","jeggs",0.00162839977114561
"ctoml","MOR","jmilk",0.00162839977114561
"ctoml","MOZ","jbeef",0.323416540098086
"ctoml","MOZ","jpork",0.323416540098086
"ctoml","MOZ","jlamb",0.323416540098086
"ctoml","MOZ","jpoul",0.323416540098086
"ctoml","MOZ","jeggs",0.323416540098086
"ctoml","MOZ","jmilk",0.323416540098086
"ctoml","MRT","jbeef",8.11738825738615E-5
"ctoml","MRT","jpork",8.11738825738615E-5
"ctoml","MRT","jlamb",8.11738825738615E-5
"ctoml","MRT","jpoul",8.11738825738615E-5
"ctoml","MRT","jeggs",8.11738825738615E-5
"ctoml","MRT","jmilk",8.11738825738615E-5
"ctoml","MWI","jbeef",0.0926872120332025
"ctoml","MWI","jpork",0.0926872120332025
"ctoml","MWI","jlamb",0.0926872120332025
"ctoml","MWI","jpoul",0.0926872120332025
"ctoml","MWI","jeggs",0.0926872120332025
"ctoml","MWI","jmilk",0.0926872120332025
"ctoml","MYS","jbeef",0.0543956807088341
"ctoml","MYS","jpork",0.0543956807088341
"ctoml","MYS","jlamb",0.0543956807088341
"ctoml","MYS","jpoul",0.0543956807088341
"ctoml","MYS","jeggs",0.0543956807088341
"ctoml","MYS","jmilk",0.0543956807088341
"ctoml","NAM","jbeef",0.0148249558307585
"ctoml","NAM","jpork",0.0148249558307585
"ctoml","NAM","jlamb",0.0148249558307585
"ctoml","NAM","jpoul",0.0148249558307585
"ctoml","NAM","jeggs",0.0148249558307585
"ctoml","NAM","jmilk",0.0148249558307585
"ctoml","NER","jbeef",0.00261047760390249
"ctoml","NER","jpork",0.00261047760390249
"ctoml","NER","jlamb",0.00261047760390249
"ctoml","NER","jpoul",0.00261047760390249
"ctoml","NER","jeggs",0.00261047760390249
"ctoml","NER","jmilk",0.00261047760390249
"ctoml","NGA","jbeef",0.0301545290615288
"ctoml","NGA","jpork",0.0301545290615288
"ctoml","NGA","jlamb",0.0301545290615288
"ctoml","NGA","jpoul",0.0301545290615288
"ctoml","NGA","jeggs",0.0301545290615288
"ctoml","NGA","jmilk",0.0301545290615288
"ctoml","NIC","jbeef",0.00341370822656894
"ctoml","NIC","jpork",0.00341370822656894
"ctoml","NIC","jlamb",0.00341370822656894
"ctoml","NIC","jpoul",0.00341370822656894
"ctoml","NIC","jeggs",0.00341370822656894
"ctoml","NIC","jmilk",0.00341370822656894
"ctoml","NLD","jbeef",0.00344008248353281
"ctoml","NLD","jpork",0.00344008248353281
"ctoml","NLD","jlamb",0.00344008248353281
"ctoml","NLD","jpoul",0.00344008248353281
"ctoml","NLD","jeggs",0.00344008248353281
"ctoml","NLD","jmilk",0.00344008248353281
"ctoml","NOR","jbeef",0.00124866321419399
"ctoml","NOR","jpork",0.00124866321419399
"ctoml","NOR","jlamb",0.00124866321419399
"ctoml","NOR","jpoul",0.00124866321419399
"ctoml","NOR","jeggs",0.00124866321419399
"ctoml","NOR","jmilk",0.00124866321419399
"ctoml","NPL","jbeef",0.0216445052437036
"ctoml","NPL","jpork",0.0216445052437036
"ctoml","NPL","jlamb",0.0216445052437036
"ctoml","NPL","jpoul",0.0216445052437036
"ctoml","NPL","jeggs",0.0216445052437036
"ctoml","NPL","jmilk",0.0216445052437036
"ctoml","NZL","jbeef",0.000104154809702027
"ctoml","NZL","jpork",0.000104154809702027
"ctoml","NZL","jlamb",0.000104154809702027
"ctoml","NZL","jpoul",0.000104154809702027
"ctoml","NZL","jeggs",0.000104154809702027
"ctoml","NZL","jmilk",0.000104154809702027
"ctoml","OAO","jbeef",0.00666342541015111
"ctoml","OAO","jpork",0.00666342541015111
"ctoml","OAO","jlamb",0.00666342541015111
"ctoml","OAO","jpoul",0.00666342541015111
"ctoml","OAO","jeggs",0.00666342541015111
"ctoml","OAO","jmilk",0.00666342541015111
"ctoml","OBN","jbeef",0.0321731653871006
"ctoml","OBN","jpork",0.0321731653871006
"ctoml","OBN","jlamb",0.0321731653871006
"ctoml","OBN","jpoul",0.0321731653871006
"ctoml","OBN","jeggs",0.0321731653871006
"ctoml","OBN","jmilk",0.0321731653871006
"ctoml","OIO","jbeef",0.00666342541015111
"ctoml","OIO","jpork",0.00666342541015111
"ctoml","OIO","jlamb",0.00666342541015111
"ctoml","OIO","jpoul",0.00666342541015111
"ctoml","OIO","jeggs",0.00666342541015111
"ctoml","OIO","jmilk",0.00666342541015111
"ctoml","OPO","jbeef",0.00666342541015111
"ctoml","OPO","jpork",0.00666342541015111
"ctoml","OPO","jlamb",0.00666342541015111
"ctoml","OPO","jpoul",0.00666342541015111
"ctoml","OPO","jeggs",0.00666342541015111
"ctoml","OPO","jmilk",0.00666342541015111
"ctoml","PAK","jbeef",0.0344091539961367
"ctoml","PAK","jpork",0.0344091539961367
"ctoml","PAK","jlamb",0.0344091539961367
"ctoml","PAK","jpoul",0.0344091539961367
"ctoml","PAK","jeggs",0.0344091539961367
"ctoml","PAK","jmilk",0.0344091539961367
"ctoml","PAN","jbeef",0.00341370822656894
"ctoml","PAN","jpork",0.00341370822656894
"ctoml","PAN","jlamb",0.00341370822656894
"ctoml","PAN","jpoul",0.00341370822656894
"ctoml","PAN","jeggs",0.00341370822656894
"ctoml","PAN","jmilk",0.00341370822656894
"ctoml","PER","jbeef",0.0151774425521146
"ctoml","PER","jpork",0.0151774425521146
"ctoml","PER","jlamb",0.0151774425521146
"ctoml","PER","jpoul",0.0151774425521146
"ctoml","PER","jeggs",0.0151774425521146
"ctoml","PER","jmilk",0.0151774425521146
"ctoml","PHL","jbeef",0.00521446111200242
"ctoml","PHL","jpork",0.00521446111200242
"ctoml","PHL","jlamb",0.00521446111200242
"ctoml","PHL","jpoul",0.00521446111200242
"ctoml","PHL","jeggs",0.00521446111200242
"ctoml","PHL","jmilk",0.00521446111200242
"ctoml","POL","jbeef",0.00113570188934083
"ctoml","POL","jpork",0.00113570188934083
"ctoml","POL","jlamb",0.00113570188934083
"ctoml","POL","jpoul",0.00113570188934083
"ctoml","POL","jeggs",0.00113570188934083
"ctoml","POL","jmilk",0.00113570188934083
"ctoml","PRK","jbeef",0.222146937791745
"ctoml","PRK","jpork",0.222146937791745
"ctoml","PRK","jlamb",0.222146937791745
"ctoml","PRK","jpoul",0.222146937791745
"ctoml","PRK","jeggs",0.222146937791745
"ctoml","PRK","jmilk",0.222146937791745
"ctoml","PRT","jbeef",0.0144394552176661
"ctoml","PRT","jpork",0.0144394552176661
"ctoml","PRT","jlamb",0.0144394552176661
"ctoml","PRT","jpoul",0.0144394552176661
"ctoml","PRT","jeggs",0.0144394552176661
"ctoml","PRT","jmilk",0.0144394552176661
"ctoml","PRY","jbeef",0.0365340217207412
"ctoml","PRY","jpork",0.0365340217207412
"ctoml","PRY","jlamb",0.0365340217207412
"ctoml","PRY","jpoul",0.0365340217207412
"ctoml","PRY","jeggs",0.0365340217207412
"ctoml","PRY","jmilk",0.0365340217207412
"ctoml","RAP","jbeef",0.0183415112119159
"ctoml","RAP","jpork",0.0183415112119159
"ctoml","RAP","jlamb",0.0183415112119159
"ctoml","RAP","jpoul",0.0183415112119159
"ctoml","RAP","jeggs",0.0183415112119159
"ctoml","RAP","jmilk",0.0183415112119159
"ctoml","ROU","jbeef",0.00248579317509047
"ctoml","ROU","jpork",0.00248579317509047
"ctoml","ROU","jlamb",0.00248579317509047
"ctoml","ROU","jpoul",0.00248579317509047
"ctoml","ROU","jeggs",0.00248579317509047
"ctoml","ROU","jmilk",0.00248579317509047
"ctoml","RUS","jbeef",0.000522941333630594
"ctoml","RUS","jpork",0.000522941333630594
"ctoml","RUS","jlamb",0.000522941333630594
"ctoml","RUS","jpoul",0.000522941333630594
"ctoml","RUS","jeggs",0.000522941333630594
"ctoml","RUS","jmilk",0.000522941333630594
"ctoml","RWA","jbeef",0.000547756909617526
"ctoml","RWA","jpork",0.000547756909617526
"ctoml","RWA","jlamb",0.000547756909617526
"ctoml","RWA","jpoul",0.000547756909617526
"ctoml","RWA","jeggs",0.000547756909617526
"ctoml","RWA","jmilk",0.000547756909617526
"ctoml","SAU","jbeef",0.0183415112119159
"ctoml","SAU","jpork",0.0183415112119159
"ctoml","SAU","jlamb",0.0183415112119159
"ctoml","SAU","jpoul",0.0183415112119159
"ctoml","SAU","jeggs",0.0183415112119159
"ctoml","SAU","jmilk",0.0183415112119159
"ctoml","SDN","jbeef",0.0177393356025068
"ctoml","SDN","jpork",0.0177393356025068
"ctoml","SDN","jlamb",0.0177393356025068
"ctoml","SDN","jpoul",0.0177393356025068
"ctoml","SDN","jeggs",0.0177393356025068
"ctoml","SDN","jmilk",0.0177393356025068
"ctoml","SEN","jbeef",0.0149490318489977
"ctoml","SEN","jpork",0.0149490318489977
"ctoml","SEN","jlamb",0.0149490318489977
"ctoml","SEN","jpoul",0.0149490318489977
"ctoml","SEN","jeggs",0.0149490318489977
"ctoml","SEN","jmilk",0.0149490318489977
"ctoml","SLB","jbeef",0.00666342541015111
"ctoml","SLB","jpork",0.00666342541015111
"ctoml","SLB","jlamb",0.00666342541015111
"ctoml","SLB","jpoul",0.00666342541015111
"ctoml","SLB","jeggs",0.00666342541015111
"ctoml","SLB","jmilk",0.00666342541015111
"ctoml","SLV","jbeef",0.00341370822656894
"ctoml","SLV","jpork",0.00341370822656894
"ctoml","SLV","jlamb",0.00341370822656894
"ctoml","SLV","jpoul",0.00341370822656894
"ctoml","SLV","jeggs",0.00341370822656894
"ctoml","SLV","jmilk",0.00341370822656894
"ctoml","SPP","jbeef",0.0144394552176661
"ctoml","SPP","jpork",0.0144394552176661
"ctoml","SPP","jlamb",0.0144394552176661
"ctoml","SPP","jpoul",0.0144394552176661
"ctoml","SPP","jeggs",0.0144394552176661
"ctoml","SPP","jmilk",0.0144394552176661
"ctoml","SVK","jbeef",0.00248579317509047
"ctoml","SVK","jpork",0.00248579317509047
"ctoml","SVK","jlamb",0.00248579317509047
"ctoml","SVK","jpoul",0.00248579317509047
"ctoml","SVK","jeggs",0.00248579317509047
"ctoml","SVK","jmilk",0.00248579317509047
"ctoml","SVN","jbeef",0.0321731653871006
"ctoml","SVN","jpork",0.0321731653871006
"ctoml","SVN","jlamb",0.0321731653871006
"ctoml","SVN","jpoul",0.0321731653871006
"ctoml","SVN","jeggs",0.0321731653871006
"ctoml","SVN","jmilk",0.0321731653871006
"ctoml","SWE","jbeef",0.00124866321419399
"ctoml","SWE","jpork",0.00124866321419399
"ctoml","SWE","jlamb",0.00124866321419399
"ctoml","SWE","jpoul",0.00124866321419399
"ctoml","SWE","jeggs",0.00124866321419399
"ctoml","SWE","jmilk",0.00124866321419399
"ctoml","SWZ","jbeef",0.0240826754637912
"ctoml","SWZ","jpork",0.0240826754637912
"ctoml","SWZ","jlamb",0.0240826754637912
"ctoml","SWZ","jpoul",0.0240826754637912
"ctoml","SWZ","jeggs",0.0240826754637912
"ctoml","SWZ","jmilk",0.0240826754637912
"ctoml","SYR","jbeef",0.0946733250104037
"ctoml","SYR","jpork",0.0946733250104037
"ctoml","SYR","jlamb",0.0946733250104037
"ctoml","SYR","jpoul",0.0946733250104037
"ctoml","SYR","jeggs",0.0946733250104037
"ctoml","SYR","jmilk",0.0946733250104037
"ctoml","TCD","jbeef",0.156151011412408
"ctoml","TCD","jpork",0.156151011412408
"ctoml","TCD","jlamb",0.156151011412408
"ctoml","TCD","jpoul",0.156151011412408
"ctoml","TCD","jeggs",0.156151011412408
"ctoml","TCD","jmilk",0.156151011412408
"ctoml","TGO","jbeef",0.208615171152421
"ctoml","TGO","jpork",0.208615171152421
"ctoml","TGO","jlamb",0.208615171152421
"ctoml","TGO","jpoul",0.208615171152421
"ctoml","TGO","jeggs",0.208615171152421
"ctoml","TGO","jmilk",0.208615171152421
"ctoml","THA","jbeef",0.0501531818055129
"ctoml","THA","jpork",0.0501531818055129
"ctoml","THA","jlamb",0.0501531818055129
"ctoml","THA","jpoul",0.0501531818055129
"ctoml","THA","jeggs",0.0501531818055129
"ctoml","THA","jmilk",0.0501531818055129
"ctoml","TJK","jbeef",0.160034447860585
"ctoml","TJK","jpork",0.160034447860585
"ctoml","TJK","jlamb",0.160034447860585
"ctoml","TJK","jpoul",0.160034447860585
"ctoml","TJK","jeggs",0.160034447860585
"ctoml","TJK","jmilk",0.160034447860585
"ctoml","TKM","jbeef",0.101793342826629
"ctoml","TKM","jpork",0.101793342826629
"ctoml","TKM","jlamb",0.101793342826629
"ctoml","TKM","jpoul",0.101793342826629
"ctoml","TKM","jeggs",0.101793342826629
"ctoml","TKM","jmilk",0.101793342826629
"ctoml","TUN","jbeef",0.00266873563370672
"ctoml","TUN","jpork",0.00266873563370672
"ctoml","TUN","jlamb",0.00266873563370672
"ctoml","TUN","jpoul",0.00266873563370672
"ctoml","TUN","jeggs",0.00266873563370672
"ctoml","TUN","jmilk",0.00266873563370672
"ctoml","TUR","jbeef",0.0520544595022626
"ctoml","TUR","jpork",0.0520544595022626
"ctoml","TUR","jlamb",0.0520544595022626
"ctoml","TUR","jpoul",0.0520544595022626
"ctoml","TUR","jeggs",0.0520544595022626
"ctoml","TUR","jmilk",0.0520544595022626
"ctoml","TZA","jbeef",0.0554030215790107
"ctoml","TZA","jpork",0.0554030215790107
"ctoml","TZA","jlamb",0.0554030215790107
"ctoml","TZA","jpoul",0.0554030215790107
"ctoml","TZA","jeggs",0.0554030215790107
"ctoml","TZA","jmilk",0.0554030215790107
"ctoml","UGA","jbeef",0.0442082701487265
"ctoml","UGA","jpork",0.0442082701487265
"ctoml","UGA","jlamb",0.0442082701487265
"ctoml","UGA","jpoul",0.0442082701487265
"ctoml","UGA","jeggs",0.0442082701487265
"ctoml","UGA","jmilk",0.0442082701487265
"ctoml","UKP","jbeef",0.00662103201303847
"ctoml","UKP","jpork",0.00662103201303847
"ctoml","UKP","jlamb",0.00662103201303847
"ctoml","UKP","jpoul",0.00662103201303847
"ctoml","UKP","jeggs",0.00662103201303847
"ctoml","UKP","jmilk",0.00662103201303847
"ctoml","UKR","jbeef",0.00150387347392388
"ctoml","UKR","jpork",0.00150387347392388
"ctoml","UKR","jlamb",0.00150387347392388
"ctoml","UKR","jpoul",0.00150387347392388
"ctoml","UKR","jeggs",0.00150387347392388
"ctoml","UKR","jmilk",0.00150387347392388
"ctoml","URY","jbeef",0.00267560382928062
"ctoml","URY","jpork",0.00267560382928062
"ctoml","URY","jlamb",0.00267560382928062
"ctoml","URY","jpoul",0.00267560382928062
"ctoml","URY","jeggs",0.00267560382928062
"ctoml","URY","jmilk",0.00267560382928062
"ctoml","USA","jbeef",0.0196768099308946
"ctoml","USA","jpork",0.0196768099308946
"ctoml","USA","jlamb",0.0196768099308946
"ctoml","USA","jpoul",0.0196768099308946
"ctoml","USA","jeggs",0.0196768099308946
"ctoml","USA","jmilk",0.0196768099308946
"ctoml","UZB","jbeef",0.158975554095586
"ctoml","UZB","jpork",0.158975554095586
"ctoml","UZB","jlamb",0.158975554095586
"ctoml","UZB","jpoul",0.158975554095586
"ctoml","UZB","jeggs",0.158975554095586
"ctoml","UZB","jmilk",0.158975554095586
"ctoml","VEN","jbeef",0.0542463655689608
"ctoml","VEN","jpork",0.0542463655689608
"ctoml","VEN","jlamb",0.0542463655689608
"ctoml","VEN","jpoul",0.0542463655689608
"ctoml","VEN","jeggs",0.0542463655689608
"ctoml","VEN","jmilk",0.0542463655689608
"ctoml","VNM","jbeef",0.0133432572278322
"ctoml","VNM","jpork",0.0133432572278322
"ctoml","VNM","jlamb",0.0133432572278322
"ctoml","VNM","jpoul",0.0133432572278322
"ctoml","VNM","jeggs",0.0133432572278322
"ctoml","VNM","jmilk",0.0133432572278322
"ctoml","VUT","jbeef",0.00666342541015111
"ctoml","VUT","jpork",0.00666342541015111
"ctoml","VUT","jlamb",0.00666342541015111
"ctoml","VUT","jpoul",0.00666342541015111
"ctoml","VUT","jeggs",0.00666342541015111
"ctoml","VUT","jmilk",0.00666342541015111
"ctoml","YEM","jbeef",0.0183415112119159
"ctoml","YEM","jpork",0.0183415112119159
"ctoml","YEM","jlamb",0.0183415112119159
"ctoml","YEM","jpoul",0.0183415112119159
"ctoml","YEM","jeggs",0.0183415112119159
"ctoml","YEM","jmilk",0.0183415112119159
"ctoml","ZAF","jbeef",0.0407248256643124
"ctoml","ZAF","jpork",0.0407248256643124
"ctoml","ZAF","jlamb",0.0407248256643124
"ctoml","ZAF","jpoul",0.0407248256643124
"ctoml","ZAF","jeggs",0.0407248256643124
"ctoml","ZAF","jmilk",0.0407248256643124
"ctoml","ZMB","jbeef",0.105012411513548
"ctoml","ZMB","jpork",0.105012411513548
"ctoml","ZMB","jlamb",0.105012411513548
"ctoml","ZMB","jpoul",0.105012411513548
"ctoml","ZMB","jeggs",0.105012411513548
"ctoml","ZMB","jmilk",0.105012411513548
"ctoml","ZWE","jbeef",0.154923986308207
"ctoml","ZWE","jpork",0.154923986308207
"ctoml","ZWE","jlamb",0.154923986308207
"ctoml","ZWE","jpoul",0.154923986308207
"ctoml","ZWE","jeggs",0.154923986308207
"ctoml","ZWE","jmilk",0.154923986308207
